ISO-10303-21;
HEADER;
FILE_DESCRIPTION(('Open CASCADE Model'),'2;1');
FILE_NAME('Open CASCADE Shape Model','2026-09-16T02:20:25',('Author'),(
    'Open CASCADE'),'Open CASCADE STEP processor 7.9','Open CASCADE 7.9'
  ,'Unknown');
FILE_SCHEMA(('AUTOMOTIVE_DESIGN { 1 0 10303 214 1 1 1 1 }'));
ENDSEC;
DATA;
#1 = APPLICATION_PROTOCOL_DEFINITION('international standard',
  'automotive_design',2000,#2);
#2 = APPLICATION_CONTEXT(
  'core data for automotive mechanical design processes');
#3 = SHAPE_DEFINITION_REPRESENTATION(#4,#10);
#4 = PRODUCT_DEFINITION_SHAPE('','',#5);
#5 = PRODUCT_DEFINITION('design','',#6,#9);
#6 = PRODUCT_DEFINITION_FORMATION('','',#7);
#7 = PRODUCT('2d2f357c-b175-11f1-9a3d-02fc00000001',
  '2d2f357c-b175-11f1-9a3d-02fc00000001','',(#8));
#8 = PRODUCT_CONTEXT('',#2,'mechanical');
#9 = PRODUCT_DEFINITION_CONTEXT('part definition',#2,'design');
#10 = SHAPE_REPRESENTATION('',(#11,#15,#19,#23,#27,#31,#35,#39),#43);
#11 = AXIS2_PLACEMENT_3D('',#12,#13,#14);
#12 = CARTESIAN_POINT('',(0.,0.,0.));
#13 = DIRECTION('',(0.,0.,1.));
#14 = DIRECTION('',(1.,0.,-0.));
#15 = AXIS2_PLACEMENT_3D('',#16,#17,#18);
#16 = CARTESIAN_POINT('',(0.,0.,0.));
#17 = DIRECTION('',(0.,0.,1.));
#18 = DIRECTION('',(1.,0.,-0.));
#19 = AXIS2_PLACEMENT_3D('',#20,#21,#22);
#20 = CARTESIAN_POINT('',(57.4,0.,25.));
#21 = DIRECTION('',(0.,0.,1.));
#22 = DIRECTION('',(1.,0.,-0.));
#23 = AXIS2_PLACEMENT_3D('',#24,#25,#26);
#24 = CARTESIAN_POINT('',(0.,0.,32.));
#25 = DIRECTION('',(0.,0.,1.));
#26 = DIRECTION('',(1.,0.,-0.));
#27 = AXIS2_PLACEMENT_3D('',#28,#29,#30);
#28 = CARTESIAN_POINT('',(0.,0.,150.));
#29 = DIRECTION('',(0.,0.,1.));
#30 = DIRECTION('',(1.,0.,-0.));
#31 = AXIS2_PLACEMENT_3D('',#32,#33,#34);
#32 = CARTESIAN_POINT('',(0.,0.,0.));
#33 = DIRECTION('',(0.,0.,1.));
#34 = DIRECTION('',(1.,0.,-0.));
#35 = AXIS2_PLACEMENT_3D('',#36,#37,#38);
#36 = CARTESIAN_POINT('',(0.,0.,0.));
#37 = DIRECTION('',(0.,0.,1.));
#38 = DIRECTION('',(1.,0.,-0.));
#39 = AXIS2_PLACEMENT_3D('',#40,#41,#42);
#40 = CARTESIAN_POINT('',(0.,0.,0.));
#41 = DIRECTION('',(0.,0.,1.));
#42 = DIRECTION('',(1.,0.,-0.));
#43 = ( GEOMETRIC_REPRESENTATION_CONTEXT(3) 
GLOBAL_UNCERTAINTY_ASSIGNED_CONTEXT((#47)) GLOBAL_UNIT_ASSIGNED_CONTEXT(
(#44,#45,#46)) REPRESENTATION_CONTEXT('Context #1',
  '3D Context with UNIT and UNCERTAINTY') );
#44 = ( LENGTH_UNIT() NAMED_UNIT(*) SI_UNIT(.MILLI.,.METRE.) );
#45 = ( NAMED_UNIT(*) PLANE_ANGLE_UNIT() SI_UNIT($,.RADIAN.) );
#46 = ( NAMED_UNIT(*) SI_UNIT($,.STERADIAN.) SOLID_ANGLE_UNIT() );
#47 = UNCERTAINTY_MEASURE_WITH_UNIT(LENGTH_MEASURE(1.E-07),#44,
  'distance_accuracy_value','confusion accuracy');
#48 = PRODUCT_RELATED_PRODUCT_CATEGORY('part',$,(#7));
#49 = SHAPE_DEFINITION_REPRESENTATION(#50,#56);
#50 = PRODUCT_DEFINITION_SHAPE('','',#51);
#51 = PRODUCT_DEFINITION('design','',#52,#55);
#52 = PRODUCT_DEFINITION_FORMATION('','',#53);
#53 = PRODUCT('base','base','',(#54));
#54 = PRODUCT_CONTEXT('',#2,'mechanical');
#55 = PRODUCT_DEFINITION_CONTEXT('part definition',#2,'design');
#56 = ADVANCED_BREP_SHAPE_REPRESENTATION('',(#11,#57),#6433);
#57 = MANIFOLD_SOLID_BREP('',#58);
#58 = CLOSED_SHELL('',(#59,#179,#546,#600,#650,#1325,#1352,#1379,#1406,
    #1433,#1440,#1467,#1494,#1521,#2893,#2920,#2966,#3084,#3111,#3160,
    #3166,#3277,#3303,#3330,#3357,#3363,#3439,#3488,#3537,#3564,#3625,
    #3682,#3967,#4016,#4042,#4049,#4098,#4124,#4131,#4180,#4206,#4213,
    #4262,#4288,#4295,#4349,#4462,#4710,#4789,#4868,#4917,#4969,#4996,
    #5071,#5119,#5167,#5193,#5248,#5303,#5358,#5429,#5456,#5483,#5538,
    #5729,#5850,#5951,#5955,#5959,#5963,#5967,#6043,#6092,#6141,#6190,
    #6239,#6288,#6315,#6362,#6389,#6416,#6423));
#59 = ADVANCED_FACE('',(#60),#74,.F.);
#60 = FACE_BOUND('',#61,.F.);
#61 = EDGE_LOOP('',(#62,#97,#125,#153));
#62 = ORIENTED_EDGE('',*,*,#63,.F.);
#63 = EDGE_CURVE('',#64,#66,#68,.T.);
#64 = VERTEX_POINT('',#65);
#65 = CARTESIAN_POINT('',(-86.9,-60.,0.));
#66 = VERTEX_POINT('',#67);
#67 = CARTESIAN_POINT('',(86.9,-60.,0.));
#68 = SURFACE_CURVE('',#69,(#73,#85),.PCURVE_S1.);
#69 = LINE('',#70,#71);
#70 = CARTESIAN_POINT('',(-94.9,-60.,0.));
#71 = VECTOR('',#72,1.);
#72 = DIRECTION('',(1.,0.,0.));
#73 = PCURVE('',#74,#79);
#74 = PLANE('',#75);
#75 = AXIS2_PLACEMENT_3D('',#76,#77,#78);
#76 = CARTESIAN_POINT('',(-94.9,-60.,0.));
#77 = DIRECTION('',(0.,1.,0.));
#78 = DIRECTION('',(1.,0.,0.));
#79 = DEFINITIONAL_REPRESENTATION('',(#80),#84);
#80 = LINE('',#81,#82);
#81 = CARTESIAN_POINT('',(0.,0.));
#82 = VECTOR('',#83,1.);
#83 = DIRECTION('',(1.,0.));
#84 = ( GEOMETRIC_REPRESENTATION_CONTEXT(2) 
PARAMETRIC_REPRESENTATION_CONTEXT() REPRESENTATION_CONTEXT('2D SPACE',''
  ) );
#85 = PCURVE('',#86,#91);
#86 = PLANE('',#87);
#87 = AXIS2_PLACEMENT_3D('',#88,#89,#90);
#88 = CARTESIAN_POINT('',(2.935747907595E-15,0.,0.));
#89 = DIRECTION('',(0.,0.,1.));
#90 = DIRECTION('',(1.,0.,-0.));
#91 = DEFINITIONAL_REPRESENTATION('',(#92),#96);
#92 = LINE('',#93,#94);
#93 = CARTESIAN_POINT('',(-94.9,-60.));
#94 = VECTOR('',#95,1.);
#95 = DIRECTION('',(1.,0.));
#96 = ( GEOMETRIC_REPRESENTATION_CONTEXT(2) 
PARAMETRIC_REPRESENTATION_CONTEXT() REPRESENTATION_CONTEXT('2D SPACE',''
  ) );
#97 = ORIENTED_EDGE('',*,*,#98,.T.);
#98 = EDGE_CURVE('',#64,#99,#101,.T.);
#99 = VERTEX_POINT('',#100);
#100 = CARTESIAN_POINT('',(-86.9,-60.,28.));
#101 = SURFACE_CURVE('',#102,(#106,#113),.PCURVE_S1.);
#102 = LINE('',#103,#104);
#103 = CARTESIAN_POINT('',(-86.9,-60.,0.));
#104 = VECTOR('',#105,1.);
#105 = DIRECTION('',(0.,0.,1.));
#106 = PCURVE('',#74,#107);
#107 = DEFINITIONAL_REPRESENTATION('',(#108),#112);
#108 = LINE('',#109,#110);
#109 = CARTESIAN_POINT('',(8.,0.));
#110 = VECTOR('',#111,1.);
#111 = DIRECTION('',(0.,-1.));
#112 = ( GEOMETRIC_REPRESENTATION_CONTEXT(2) 
PARAMETRIC_REPRESENTATION_CONTEXT() REPRESENTATION_CONTEXT('2D SPACE',''
  ) );
#113 = PCURVE('',#114,#119);
#114 = CYLINDRICAL_SURFACE('',#115,8.);
#115 = AXIS2_PLACEMENT_3D('',#116,#117,#118);
#116 = CARTESIAN_POINT('',(-86.9,-52.,0.));
#117 = DIRECTION('',(0.,0.,1.));
#118 = DIRECTION('',(0.,-1.,0.));
#119 = DEFINITIONAL_REPRESENTATION('',(#120),#124);
#120 = LINE('',#121,#122);
#121 = CARTESIAN_POINT('',(-0.,0.));
#122 = VECTOR('',#123,1.);
#123 = DIRECTION('',(-0.,1.));
#124 = ( GEOMETRIC_REPRESENTATION_CONTEXT(2) 
PARAMETRIC_REPRESENTATION_CONTEXT() REPRESENTATION_CONTEXT('2D SPACE',''
  ) );
#125 = ORIENTED_EDGE('',*,*,#126,.T.);
#126 = EDGE_CURVE('',#99,#127,#129,.T.);
#127 = VERTEX_POINT('',#128);
#128 = CARTESIAN_POINT('',(86.9,-60.,28.));
#129 = SURFACE_CURVE('',#130,(#134,#141),.PCURVE_S1.);
#130 = LINE('',#131,#132);
#131 = CARTESIAN_POINT('',(-94.9,-60.,28.));
#132 = VECTOR('',#133,1.);
#133 = DIRECTION('',(1.,0.,0.));
#134 = PCURVE('',#74,#135);
#135 = DEFINITIONAL_REPRESENTATION('',(#136),#140);
#136 = LINE('',#137,#138);
#137 = CARTESIAN_POINT('',(0.,-28.));
#138 = VECTOR('',#139,1.);
#139 = DIRECTION('',(1.,0.));
#140 = ( GEOMETRIC_REPRESENTATION_CONTEXT(2) 
PARAMETRIC_REPRESENTATION_CONTEXT() REPRESENTATION_CONTEXT('2D SPACE',''
  ) );
#141 = PCURVE('',#142,#147);
#142 = PLANE('',#143);
#143 = AXIS2_PLACEMENT_3D('',#144,#145,#146);
#144 = CARTESIAN_POINT('',(2.935747907595E-15,0.,28.));
#145 = DIRECTION('',(0.,0.,1.));
#146 = DIRECTION('',(1.,0.,-0.));
#147 = DEFINITIONAL_REPRESENTATION('',(#148),#152);
#148 = LINE('',#149,#150);
#149 = CARTESIAN_POINT('',(-94.9,-60.));
#150 = VECTOR('',#151,1.);
#151 = DIRECTION('',(1.,0.));
#152 = ( GEOMETRIC_REPRESENTATION_CONTEXT(2) 
PARAMETRIC_REPRESENTATION_CONTEXT() REPRESENTATION_CONTEXT('2D SPACE',''
  ) );
#153 = ORIENTED_EDGE('',*,*,#154,.F.);
#154 = EDGE_CURVE('',#66,#127,#155,.T.);
#155 = SURFACE_CURVE('',#156,(#160,#167),.PCURVE_S1.);
#156 = LINE('',#157,#158);
#157 = CARTESIAN_POINT('',(86.9,-60.,0.));
#158 = VECTOR('',#159,1.);
#159 = DIRECTION('',(0.,0.,1.));
#160 = PCURVE('',#74,#161);
#161 = DEFINITIONAL_REPRESENTATION('',(#162),#166);
#162 = LINE('',#163,#164);
#163 = CARTESIAN_POINT('',(181.8,0.));
#164 = VECTOR('',#165,1.);
#165 = DIRECTION('',(0.,-1.));
#166 = ( GEOMETRIC_REPRESENTATION_CONTEXT(2) 
PARAMETRIC_REPRESENTATION_CONTEXT() REPRESENTATION_CONTEXT('2D SPACE',''
  ) );
#167 = PCURVE('',#168,#173);
#168 = CYLINDRICAL_SURFACE('',#169,8.);
#169 = AXIS2_PLACEMENT_3D('',#170,#171,#172);
#170 = CARTESIAN_POINT('',(86.9,-52.,0.));
#171 = DIRECTION('',(0.,0.,1.));
#172 = DIRECTION('',(0.,-1.,0.));
#173 = DEFINITIONAL_REPRESENTATION('',(#174),#178);
#174 = LINE('',#175,#176);
#175 = CARTESIAN_POINT('',(0.,0.));
#176 = VECTOR('',#177,1.);
#177 = DIRECTION('',(0.,1.));
#178 = ( GEOMETRIC_REPRESENTATION_CONTEXT(2) 
PARAMETRIC_REPRESENTATION_CONTEXT() REPRESENTATION_CONTEXT('2D SPACE',''
  ) );
#179 = ADVANCED_FACE('',(#180,#375,#410,#445,#480,#511),#86,.F.);
#180 = FACE_BOUND('',#181,.F.);
#181 = EDGE_LOOP('',(#182,#183,#207,#235,#264,#292,#321,#349));
#182 = ORIENTED_EDGE('',*,*,#63,.T.);
#183 = ORIENTED_EDGE('',*,*,#184,.T.);
#184 = EDGE_CURVE('',#66,#185,#187,.T.);
#185 = VERTEX_POINT('',#186);
#186 = CARTESIAN_POINT('',(94.9,-52.,0.));
#187 = SURFACE_CURVE('',#188,(#193,#200),.PCURVE_S1.);
#188 = CIRCLE('',#189,8.);
#189 = AXIS2_PLACEMENT_3D('',#190,#191,#192);
#190 = CARTESIAN_POINT('',(86.9,-52.,0.));
#191 = DIRECTION('',(0.,0.,1.));
#192 = DIRECTION('',(0.,-1.,0.));
#193 = PCURVE('',#86,#194);
#194 = DEFINITIONAL_REPRESENTATION('',(#195),#199);
#195 = CIRCLE('',#196,8.);
#196 = AXIS2_PLACEMENT_2D('',#197,#198);
#197 = CARTESIAN_POINT('',(86.9,-52.));
#198 = DIRECTION('',(0.,-1.));
#199 = ( GEOMETRIC_REPRESENTATION_CONTEXT(2) 
PARAMETRIC_REPRESENTATION_CONTEXT() REPRESENTATION_CONTEXT('2D SPACE',''
  ) );
#200 = PCURVE('',#168,#201);
#201 = DEFINITIONAL_REPRESENTATION('',(#202),#206);
#202 = LINE('',#203,#204);
#203 = CARTESIAN_POINT('',(0.,0.));
#204 = VECTOR('',#205,1.);
#205 = DIRECTION('',(1.,0.));
#206 = ( GEOMETRIC_REPRESENTATION_CONTEXT(2) 
PARAMETRIC_REPRESENTATION_CONTEXT() REPRESENTATION_CONTEXT('2D SPACE',''
  ) );
#207 = ORIENTED_EDGE('',*,*,#208,.T.);
#208 = EDGE_CURVE('',#185,#209,#211,.T.);
#209 = VERTEX_POINT('',#210);
#210 = CARTESIAN_POINT('',(94.9,52.,0.));
#211 = SURFACE_CURVE('',#212,(#216,#223),.PCURVE_S1.);
#212 = LINE('',#213,#214);
#213 = CARTESIAN_POINT('',(94.9,-60.,0.));
#214 = VECTOR('',#215,1.);
#215 = DIRECTION('',(0.,1.,0.));
#216 = PCURVE('',#86,#217);
#217 = DEFINITIONAL_REPRESENTATION('',(#218),#222);
#218 = LINE('',#219,#220);
#219 = CARTESIAN_POINT('',(94.9,-60.));
#220 = VECTOR('',#221,1.);
#221 = DIRECTION('',(0.,1.));
#222 = ( GEOMETRIC_REPRESENTATION_CONTEXT(2) 
PARAMETRIC_REPRESENTATION_CONTEXT() REPRESENTATION_CONTEXT('2D SPACE',''
  ) );
#223 = PCURVE('',#224,#229);
#224 = PLANE('',#225);
#225 = AXIS2_PLACEMENT_3D('',#226,#227,#228);
#226 = CARTESIAN_POINT('',(94.9,-60.,0.));
#227 = DIRECTION('',(-1.,0.,0.));
#228 = DIRECTION('',(0.,1.,0.));
#229 = DEFINITIONAL_REPRESENTATION('',(#230),#234);
#230 = LINE('',#231,#232);
#231 = CARTESIAN_POINT('',(0.,0.));
#232 = VECTOR('',#233,1.);
#233 = DIRECTION('',(1.,0.));
#234 = ( GEOMETRIC_REPRESENTATION_CONTEXT(2) 
PARAMETRIC_REPRESENTATION_CONTEXT() REPRESENTATION_CONTEXT('2D SPACE',''
  ) );
#235 = ORIENTED_EDGE('',*,*,#236,.T.);
#236 = EDGE_CURVE('',#209,#237,#239,.T.);
#237 = VERTEX_POINT('',#238);
#238 = CARTESIAN_POINT('',(86.9,60.,0.));
#239 = SURFACE_CURVE('',#240,(#245,#252),.PCURVE_S1.);
#240 = CIRCLE('',#241,8.);
#241 = AXIS2_PLACEMENT_3D('',#242,#243,#244);
#242 = CARTESIAN_POINT('',(86.9,52.,0.));
#243 = DIRECTION('',(0.,0.,1.));
#244 = DIRECTION('',(0.,-1.,0.));
#245 = PCURVE('',#86,#246);
#246 = DEFINITIONAL_REPRESENTATION('',(#247),#251);
#247 = CIRCLE('',#248,8.);
#248 = AXIS2_PLACEMENT_2D('',#249,#250);
#249 = CARTESIAN_POINT('',(86.9,52.));
#250 = DIRECTION('',(0.,-1.));
#251 = ( GEOMETRIC_REPRESENTATION_CONTEXT(2) 
PARAMETRIC_REPRESENTATION_CONTEXT() REPRESENTATION_CONTEXT('2D SPACE',''
  ) );
#252 = PCURVE('',#253,#258);
#253 = CYLINDRICAL_SURFACE('',#254,8.);
#254 = AXIS2_PLACEMENT_3D('',#255,#256,#257);
#255 = CARTESIAN_POINT('',(86.9,52.,0.));
#256 = DIRECTION('',(0.,0.,1.));
#257 = DIRECTION('',(1.,0.,-0.));
#258 = DEFINITIONAL_REPRESENTATION('',(#259),#263);
#259 = LINE('',#260,#261);
#260 = CARTESIAN_POINT('',(-1.570796326795,0.));
#261 = VECTOR('',#262,1.);
#262 = DIRECTION('',(1.,0.));
#263 = ( GEOMETRIC_REPRESENTATION_CONTEXT(2) 
PARAMETRIC_REPRESENTATION_CONTEXT() REPRESENTATION_CONTEXT('2D SPACE',''
  ) );
#264 = ORIENTED_EDGE('',*,*,#265,.T.);
#265 = EDGE_CURVE('',#237,#266,#268,.T.);
#266 = VERTEX_POINT('',#267);
#267 = CARTESIAN_POINT('',(-86.9,60.,0.));
#268 = SURFACE_CURVE('',#269,(#273,#280),.PCURVE_S1.);
#269 = LINE('',#270,#271);
#270 = CARTESIAN_POINT('',(94.9,60.,0.));
#271 = VECTOR('',#272,1.);
#272 = DIRECTION('',(-1.,0.,0.));
#273 = PCURVE('',#86,#274);
#274 = DEFINITIONAL_REPRESENTATION('',(#275),#279);
#275 = LINE('',#276,#277);
#276 = CARTESIAN_POINT('',(94.9,60.));
#277 = VECTOR('',#278,1.);
#278 = DIRECTION('',(-1.,0.));
#279 = ( GEOMETRIC_REPRESENTATION_CONTEXT(2) 
PARAMETRIC_REPRESENTATION_CONTEXT() REPRESENTATION_CONTEXT('2D SPACE',''
  ) );
#280 = PCURVE('',#281,#286);
#281 = PLANE('',#282);
#282 = AXIS2_PLACEMENT_3D('',#283,#284,#285);
#283 = CARTESIAN_POINT('',(94.9,60.,0.));
#284 = DIRECTION('',(0.,-1.,0.));
#285 = DIRECTION('',(-1.,0.,0.));
#286 = DEFINITIONAL_REPRESENTATION('',(#287),#291);
#287 = LINE('',#288,#289);
#288 = CARTESIAN_POINT('',(0.,-0.));
#289 = VECTOR('',#290,1.);
#290 = DIRECTION('',(1.,0.));
#291 = ( GEOMETRIC_REPRESENTATION_CONTEXT(2) 
PARAMETRIC_REPRESENTATION_CONTEXT() REPRESENTATION_CONTEXT('2D SPACE',''
  ) );
#292 = ORIENTED_EDGE('',*,*,#293,.T.);
#293 = EDGE_CURVE('',#266,#294,#296,.T.);
#294 = VERTEX_POINT('',#295);
#295 = CARTESIAN_POINT('',(-94.9,52.,0.));
#296 = SURFACE_CURVE('',#297,(#302,#309),.PCURVE_S1.);
#297 = CIRCLE('',#298,8.);
#298 = AXIS2_PLACEMENT_3D('',#299,#300,#301);
#299 = CARTESIAN_POINT('',(-86.9,52.,0.));
#300 = DIRECTION('',(0.,0.,1.));
#301 = DIRECTION('',(0.,-1.,0.));
#302 = PCURVE('',#86,#303);
#303 = DEFINITIONAL_REPRESENTATION('',(#304),#308);
#304 = CIRCLE('',#305,8.);
#305 = AXIS2_PLACEMENT_2D('',#306,#307);
#306 = CARTESIAN_POINT('',(-86.9,52.));
#307 = DIRECTION('',(0.,-1.));
#308 = ( GEOMETRIC_REPRESENTATION_CONTEXT(2) 
PARAMETRIC_REPRESENTATION_CONTEXT() REPRESENTATION_CONTEXT('2D SPACE',''
  ) );
#309 = PCURVE('',#310,#315);
#310 = CYLINDRICAL_SURFACE('',#311,8.);
#311 = AXIS2_PLACEMENT_3D('',#312,#313,#314);
#312 = CARTESIAN_POINT('',(-86.9,52.,0.));
#313 = DIRECTION('',(0.,0.,1.));
#314 = DIRECTION('',(-0.,1.,0.));
#315 = DEFINITIONAL_REPRESENTATION('',(#316),#320);
#316 = LINE('',#317,#318);
#317 = CARTESIAN_POINT('',(-3.14159265359,0.));
#318 = VECTOR('',#319,1.);
#319 = DIRECTION('',(1.,0.));
#320 = ( GEOMETRIC_REPRESENTATION_CONTEXT(2) 
PARAMETRIC_REPRESENTATION_CONTEXT() REPRESENTATION_CONTEXT('2D SPACE',''
  ) );
#321 = ORIENTED_EDGE('',*,*,#322,.T.);
#322 = EDGE_CURVE('',#294,#323,#325,.T.);
#323 = VERTEX_POINT('',#324);
#324 = CARTESIAN_POINT('',(-94.9,-52.,0.));
#325 = SURFACE_CURVE('',#326,(#330,#337),.PCURVE_S1.);
#326 = LINE('',#327,#328);
#327 = CARTESIAN_POINT('',(-94.9,60.,0.));
#328 = VECTOR('',#329,1.);
#329 = DIRECTION('',(0.,-1.,0.));
#330 = PCURVE('',#86,#331);
#331 = DEFINITIONAL_REPRESENTATION('',(#332),#336);
#332 = LINE('',#333,#334);
#333 = CARTESIAN_POINT('',(-94.9,60.));
#334 = VECTOR('',#335,1.);
#335 = DIRECTION('',(0.,-1.));
#336 = ( GEOMETRIC_REPRESENTATION_CONTEXT(2) 
PARAMETRIC_REPRESENTATION_CONTEXT() REPRESENTATION_CONTEXT('2D SPACE',''
  ) );
#337 = PCURVE('',#338,#343);
#338 = PLANE('',#339);
#339 = AXIS2_PLACEMENT_3D('',#340,#341,#342);
#340 = CARTESIAN_POINT('',(-94.9,60.,0.));
#341 = DIRECTION('',(1.,0.,-0.));
#342 = DIRECTION('',(0.,-1.,0.));
#343 = DEFINITIONAL_REPRESENTATION('',(#344),#348);
#344 = LINE('',#345,#346);
#345 = CARTESIAN_POINT('',(0.,0.));
#346 = VECTOR('',#347,1.);
#347 = DIRECTION('',(1.,0.));
#348 = ( GEOMETRIC_REPRESENTATION_CONTEXT(2) 
PARAMETRIC_REPRESENTATION_CONTEXT() REPRESENTATION_CONTEXT('2D SPACE',''
  ) );
#349 = ORIENTED_EDGE('',*,*,#350,.F.);
#350 = EDGE_CURVE('',#64,#323,#351,.T.);
#351 = SURFACE_CURVE('',#352,(#357,#368),.PCURVE_S1.);
#352 = CIRCLE('',#353,8.);
#353 = AXIS2_PLACEMENT_3D('',#354,#355,#356);
#354 = CARTESIAN_POINT('',(-86.9,-52.,0.));
#355 = DIRECTION('',(-0.,-0.,-1.));
#356 = DIRECTION('',(0.,-1.,0.));
#357 = PCURVE('',#86,#358);
#358 = DEFINITIONAL_REPRESENTATION('',(#359),#367);
#359 = ( BOUNDED_CURVE() B_SPLINE_CURVE(2,(#360,#361,#362,#363,#364,#365
,#366),.UNSPECIFIED.,.T.,.F.) B_SPLINE_CURVE_WITH_KNOTS((1,2,2,2,2,1),(
    -2.094395102393,0.,2.094395102393,4.188790204786,6.28318530718,
8.377580409573),.UNSPECIFIED.) CURVE() GEOMETRIC_REPRESENTATION_ITEM() 
RATIONAL_B_SPLINE_CURVE((1.,0.5,1.,0.5,1.,0.5,1.)) REPRESENTATION_ITEM(
  '') );
#360 = CARTESIAN_POINT('',(-86.9,-60.));
#361 = CARTESIAN_POINT('',(-100.7564064605,-60.));
#362 = CARTESIAN_POINT('',(-93.82820323027,-48.));
#363 = CARTESIAN_POINT('',(-86.9,-36.));
#364 = CARTESIAN_POINT('',(-79.97179676972,-48.));
#365 = CARTESIAN_POINT('',(-73.04359353944,-60.));
#366 = CARTESIAN_POINT('',(-86.9,-60.));
#367 = ( GEOMETRIC_REPRESENTATION_CONTEXT(2) 
PARAMETRIC_REPRESENTATION_CONTEXT() REPRESENTATION_CONTEXT('2D SPACE',''
  ) );
#368 = PCURVE('',#114,#369);
#369 = DEFINITIONAL_REPRESENTATION('',(#370),#374);
#370 = LINE('',#371,#372);
#371 = CARTESIAN_POINT('',(-0.,0.));
#372 = VECTOR('',#373,1.);
#373 = DIRECTION('',(-1.,0.));
#374 = ( GEOMETRIC_REPRESENTATION_CONTEXT(2) 
PARAMETRIC_REPRESENTATION_CONTEXT() REPRESENTATION_CONTEXT('2D SPACE',''
  ) );
#375 = FACE_BOUND('',#376,.F.);
#376 = EDGE_LOOP('',(#377));
#377 = ORIENTED_EDGE('',*,*,#378,.T.);
#378 = EDGE_CURVE('',#379,#379,#381,.T.);
#379 = VERTEX_POINT('',#380);
#380 = CARTESIAN_POINT('',(-67.75,-45.,0.));
#381 = SURFACE_CURVE('',#382,(#387,#398),.PCURVE_S1.);
#382 = CIRCLE('',#383,2.75);
#383 = AXIS2_PLACEMENT_3D('',#384,#385,#386);
#384 = CARTESIAN_POINT('',(-65.,-45.,0.));
#385 = DIRECTION('',(0.,0.,-1.));
#386 = DIRECTION('',(-1.,0.,0.));
#387 = PCURVE('',#86,#388);
#388 = DEFINITIONAL_REPRESENTATION('',(#389),#397);
#389 = ( BOUNDED_CURVE() B_SPLINE_CURVE(2,(#390,#391,#392,#393,#394,#395
,#396),.UNSPECIFIED.,.T.,.F.) B_SPLINE_CURVE_WITH_KNOTS((1,2,2,2,2,1),(
    -2.094395102393,0.,2.094395102393,4.188790204786,6.28318530718,
8.377580409573),.UNSPECIFIED.) CURVE() GEOMETRIC_REPRESENTATION_ITEM() 
RATIONAL_B_SPLINE_CURVE((1.,0.5,1.,0.5,1.,0.5,1.)) REPRESENTATION_ITEM(
  '') );
#390 = CARTESIAN_POINT('',(-67.75,-45.));
#391 = CARTESIAN_POINT('',(-67.75,-40.23686027918));
#392 = CARTESIAN_POINT('',(-63.625,-42.61843013959));
#393 = CARTESIAN_POINT('',(-59.5,-45.));
#394 = CARTESIAN_POINT('',(-63.625,-47.3815698604));
#395 = CARTESIAN_POINT('',(-67.75,-49.76313972081));
#396 = CARTESIAN_POINT('',(-67.75,-45.));
#397 = ( GEOMETRIC_REPRESENTATION_CONTEXT(2) 
PARAMETRIC_REPRESENTATION_CONTEXT() REPRESENTATION_CONTEXT('2D SPACE',''
  ) );
#398 = PCURVE('',#399,#404);
#399 = CYLINDRICAL_SURFACE('',#400,2.75);
#400 = AXIS2_PLACEMENT_3D('',#401,#402,#403);
#401 = CARTESIAN_POINT('',(-65.,-45.,28.));
#402 = DIRECTION('',(0.,0.,-1.));
#403 = DIRECTION('',(-1.,0.,0.));
#404 = DEFINITIONAL_REPRESENTATION('',(#405),#409);
#405 = LINE('',#406,#407);
#406 = CARTESIAN_POINT('',(0.,28.));
#407 = VECTOR('',#408,1.);
#408 = DIRECTION('',(1.,0.));
#409 = ( GEOMETRIC_REPRESENTATION_CONTEXT(2) 
PARAMETRIC_REPRESENTATION_CONTEXT() REPRESENTATION_CONTEXT('2D SPACE',''
  ) );
#410 = FACE_BOUND('',#411,.F.);
#411 = EDGE_LOOP('',(#412));
#412 = ORIENTED_EDGE('',*,*,#413,.T.);
#413 = EDGE_CURVE('',#414,#414,#416,.T.);
#414 = VERTEX_POINT('',#415);
#415 = CARTESIAN_POINT('',(62.25,-45.,0.));
#416 = SURFACE_CURVE('',#417,(#422,#433),.PCURVE_S1.);
#417 = CIRCLE('',#418,2.75);
#418 = AXIS2_PLACEMENT_3D('',#419,#420,#421);
#419 = CARTESIAN_POINT('',(65.,-45.,0.));
#420 = DIRECTION('',(0.,0.,-1.));
#421 = DIRECTION('',(-1.,0.,0.));
#422 = PCURVE('',#86,#423);
#423 = DEFINITIONAL_REPRESENTATION('',(#424),#432);
#424 = ( BOUNDED_CURVE() B_SPLINE_CURVE(2,(#425,#426,#427,#428,#429,#430
,#431),.UNSPECIFIED.,.T.,.F.) B_SPLINE_CURVE_WITH_KNOTS((1,2,2,2,2,1),(
    -2.094395102393,0.,2.094395102393,4.188790204786,6.28318530718,
8.377580409573),.UNSPECIFIED.) CURVE() GEOMETRIC_REPRESENTATION_ITEM() 
RATIONAL_B_SPLINE_CURVE((1.,0.5,1.,0.5,1.,0.5,1.)) REPRESENTATION_ITEM(
  '') );
#425 = CARTESIAN_POINT('',(62.25,-45.));
#426 = CARTESIAN_POINT('',(62.25,-40.23686027918));
#427 = CARTESIAN_POINT('',(66.375,-42.61843013959));
#428 = CARTESIAN_POINT('',(70.5,-45.));
#429 = CARTESIAN_POINT('',(66.375,-47.3815698604));
#430 = CARTESIAN_POINT('',(62.25,-49.76313972081));
#431 = CARTESIAN_POINT('',(62.25,-45.));
#432 = ( GEOMETRIC_REPRESENTATION_CONTEXT(2) 
PARAMETRIC_REPRESENTATION_CONTEXT() REPRESENTATION_CONTEXT('2D SPACE',''
  ) );
#433 = PCURVE('',#434,#439);
#434 = CYLINDRICAL_SURFACE('',#435,2.75);
#435 = AXIS2_PLACEMENT_3D('',#436,#437,#438);
#436 = CARTESIAN_POINT('',(65.,-45.,28.));
#437 = DIRECTION('',(0.,0.,-1.));
#438 = DIRECTION('',(-1.,0.,0.));
#439 = DEFINITIONAL_REPRESENTATION('',(#440),#444);
#440 = LINE('',#441,#442);
#441 = CARTESIAN_POINT('',(0.,28.));
#442 = VECTOR('',#443,1.);
#443 = DIRECTION('',(1.,0.));
#444 = ( GEOMETRIC_REPRESENTATION_CONTEXT(2) 
PARAMETRIC_REPRESENTATION_CONTEXT() REPRESENTATION_CONTEXT('2D SPACE',''
  ) );
#445 = FACE_BOUND('',#446,.F.);
#446 = EDGE_LOOP('',(#447));
#447 = ORIENTED_EDGE('',*,*,#448,.T.);
#448 = EDGE_CURVE('',#449,#449,#451,.T.);
#449 = VERTEX_POINT('',#450);
#450 = CARTESIAN_POINT('',(-67.75,45.,0.));
#451 = SURFACE_CURVE('',#452,(#457,#468),.PCURVE_S1.);
#452 = CIRCLE('',#453,2.75);
#453 = AXIS2_PLACEMENT_3D('',#454,#455,#456);
#454 = CARTESIAN_POINT('',(-65.,45.,0.));
#455 = DIRECTION('',(0.,0.,-1.));
#456 = DIRECTION('',(-1.,0.,0.));
#457 = PCURVE('',#86,#458);
#458 = DEFINITIONAL_REPRESENTATION('',(#459),#467);
#459 = ( BOUNDED_CURVE() B_SPLINE_CURVE(2,(#460,#461,#462,#463,#464,#465
,#466),.UNSPECIFIED.,.T.,.F.) B_SPLINE_CURVE_WITH_KNOTS((1,2,2,2,2,1),(
    -2.094395102393,0.,2.094395102393,4.188790204786,6.28318530718,
8.377580409573),.UNSPECIFIED.) CURVE() GEOMETRIC_REPRESENTATION_ITEM() 
RATIONAL_B_SPLINE_CURVE((1.,0.5,1.,0.5,1.,0.5,1.)) REPRESENTATION_ITEM(
  '') );
#460 = CARTESIAN_POINT('',(-67.75,45.));
#461 = CARTESIAN_POINT('',(-67.75,49.763139720814));
#462 = CARTESIAN_POINT('',(-63.625,47.381569860407));
#463 = CARTESIAN_POINT('',(-59.5,45.));
#464 = CARTESIAN_POINT('',(-63.625,42.618430139593));
#465 = CARTESIAN_POINT('',(-67.75,40.236860279186));
#466 = CARTESIAN_POINT('',(-67.75,45.));
#467 = ( GEOMETRIC_REPRESENTATION_CONTEXT(2) 
PARAMETRIC_REPRESENTATION_CONTEXT() REPRESENTATION_CONTEXT('2D SPACE',''
  ) );
#468 = PCURVE('',#469,#474);
#469 = CYLINDRICAL_SURFACE('',#470,2.75);
#470 = AXIS2_PLACEMENT_3D('',#471,#472,#473);
#471 = CARTESIAN_POINT('',(-65.,45.,28.));
#472 = DIRECTION('',(0.,0.,-1.));
#473 = DIRECTION('',(-1.,0.,0.));
#474 = DEFINITIONAL_REPRESENTATION('',(#475),#479);
#475 = LINE('',#476,#477);
#476 = CARTESIAN_POINT('',(0.,28.));
#477 = VECTOR('',#478,1.);
#478 = DIRECTION('',(1.,0.));
#479 = ( GEOMETRIC_REPRESENTATION_CONTEXT(2) 
PARAMETRIC_REPRESENTATION_CONTEXT() REPRESENTATION_CONTEXT('2D SPACE',''
  ) );
#480 = FACE_BOUND('',#481,.F.);
#481 = EDGE_LOOP('',(#482));
#482 = ORIENTED_EDGE('',*,*,#483,.F.);
#483 = EDGE_CURVE('',#484,#484,#486,.T.);
#484 = VERTEX_POINT('',#485);
#485 = CARTESIAN_POINT('',(11.,0.,0.));
#486 = SURFACE_CURVE('',#487,(#492,#499),.PCURVE_S1.);
#487 = CIRCLE('',#488,11.);
#488 = AXIS2_PLACEMENT_3D('',#489,#490,#491);
#489 = CARTESIAN_POINT('',(0.,0.,0.));
#490 = DIRECTION('',(0.,0.,1.));
#491 = DIRECTION('',(1.,0.,0.));
#492 = PCURVE('',#86,#493);
#493 = DEFINITIONAL_REPRESENTATION('',(#494),#498);
#494 = CIRCLE('',#495,11.);
#495 = AXIS2_PLACEMENT_2D('',#496,#497);
#496 = CARTESIAN_POINT('',(-2.935747907595E-15,0.));
#497 = DIRECTION('',(1.,0.));
#498 = ( GEOMETRIC_REPRESENTATION_CONTEXT(2) 
PARAMETRIC_REPRESENTATION_CONTEXT() REPRESENTATION_CONTEXT('2D SPACE',''
  ) );
#499 = PCURVE('',#500,#505);
#500 = CYLINDRICAL_SURFACE('',#501,11.);
#501 = AXIS2_PLACEMENT_3D('',#502,#503,#504);
#502 = CARTESIAN_POINT('',(0.,0.,0.));
#503 = DIRECTION('',(-0.,-0.,-1.));
#504 = DIRECTION('',(1.,0.,0.));
#505 = DEFINITIONAL_REPRESENTATION('',(#506),#510);
#506 = LINE('',#507,#508);
#507 = CARTESIAN_POINT('',(-0.,0.));
#508 = VECTOR('',#509,1.);
#509 = DIRECTION('',(-1.,0.));
#510 = ( GEOMETRIC_REPRESENTATION_CONTEXT(2) 
PARAMETRIC_REPRESENTATION_CONTEXT() REPRESENTATION_CONTEXT('2D SPACE',''
  ) );
#511 = FACE_BOUND('',#512,.F.);
#512 = EDGE_LOOP('',(#513));
#513 = ORIENTED_EDGE('',*,*,#514,.T.);
#514 = EDGE_CURVE('',#515,#515,#517,.T.);
#515 = VERTEX_POINT('',#516);
#516 = CARTESIAN_POINT('',(62.25,45.,0.));
#517 = SURFACE_CURVE('',#518,(#523,#534),.PCURVE_S1.);
#518 = CIRCLE('',#519,2.75);
#519 = AXIS2_PLACEMENT_3D('',#520,#521,#522);
#520 = CARTESIAN_POINT('',(65.,45.,0.));
#521 = DIRECTION('',(0.,0.,-1.));
#522 = DIRECTION('',(-1.,0.,0.));
#523 = PCURVE('',#86,#524);
#524 = DEFINITIONAL_REPRESENTATION('',(#525),#533);
#525 = ( BOUNDED_CURVE() B_SPLINE_CURVE(2,(#526,#527,#528,#529,#530,#531
,#532),.UNSPECIFIED.,.T.,.F.) B_SPLINE_CURVE_WITH_KNOTS((1,2,2,2,2,1),(
    -2.094395102393,0.,2.094395102393,4.188790204786,6.28318530718,
8.377580409573),.UNSPECIFIED.) CURVE() GEOMETRIC_REPRESENTATION_ITEM() 
RATIONAL_B_SPLINE_CURVE((1.,0.5,1.,0.5,1.,0.5,1.)) REPRESENTATION_ITEM(
  '') );
#526 = CARTESIAN_POINT('',(62.25,45.));
#527 = CARTESIAN_POINT('',(62.25,49.763139720814));
#528 = CARTESIAN_POINT('',(66.375,47.381569860407));
#529 = CARTESIAN_POINT('',(70.5,45.));
#530 = CARTESIAN_POINT('',(66.375,42.618430139593));
#531 = CARTESIAN_POINT('',(62.25,40.236860279186));
#532 = CARTESIAN_POINT('',(62.25,45.));
#533 = ( GEOMETRIC_REPRESENTATION_CONTEXT(2) 
PARAMETRIC_REPRESENTATION_CONTEXT() REPRESENTATION_CONTEXT('2D SPACE',''
  ) );
#534 = PCURVE('',#535,#540);
#535 = CYLINDRICAL_SURFACE('',#536,2.75);
#536 = AXIS2_PLACEMENT_3D('',#537,#538,#539);
#537 = CARTESIAN_POINT('',(65.,45.,28.));
#538 = DIRECTION('',(0.,0.,-1.));
#539 = DIRECTION('',(-1.,0.,0.));
#540 = DEFINITIONAL_REPRESENTATION('',(#541),#545);
#541 = LINE('',#542,#543);
#542 = CARTESIAN_POINT('',(0.,28.));
#543 = VECTOR('',#544,1.);
#544 = DIRECTION('',(1.,0.));
#545 = ( GEOMETRIC_REPRESENTATION_CONTEXT(2) 
PARAMETRIC_REPRESENTATION_CONTEXT() REPRESENTATION_CONTEXT('2D SPACE',''
  ) );
#546 = ADVANCED_FACE('',(#547),#114,.T.);
#547 = FACE_BOUND('',#548,.F.);
#548 = EDGE_LOOP('',(#549,#550,#573,#599));
#549 = ORIENTED_EDGE('',*,*,#350,.T.);
#550 = ORIENTED_EDGE('',*,*,#551,.T.);
#551 = EDGE_CURVE('',#323,#552,#554,.T.);
#552 = VERTEX_POINT('',#553);
#553 = CARTESIAN_POINT('',(-94.9,-52.,28.));
#554 = SURFACE_CURVE('',#555,(#559,#566),.PCURVE_S1.);
#555 = LINE('',#556,#557);
#556 = CARTESIAN_POINT('',(-94.9,-52.,0.));
#557 = VECTOR('',#558,1.);
#558 = DIRECTION('',(0.,0.,1.));
#559 = PCURVE('',#114,#560);
#560 = DEFINITIONAL_REPRESENTATION('',(#561),#565);
#561 = LINE('',#562,#563);
#562 = CARTESIAN_POINT('',(-1.570796326795,0.));
#563 = VECTOR('',#564,1.);
#564 = DIRECTION('',(-0.,1.));
#565 = ( GEOMETRIC_REPRESENTATION_CONTEXT(2) 
PARAMETRIC_REPRESENTATION_CONTEXT() REPRESENTATION_CONTEXT('2D SPACE',''
  ) );
#566 = PCURVE('',#338,#567);
#567 = DEFINITIONAL_REPRESENTATION('',(#568),#572);
#568 = LINE('',#569,#570);
#569 = CARTESIAN_POINT('',(112.,0.));
#570 = VECTOR('',#571,1.);
#571 = DIRECTION('',(0.,-1.));
#572 = ( GEOMETRIC_REPRESENTATION_CONTEXT(2) 
PARAMETRIC_REPRESENTATION_CONTEXT() REPRESENTATION_CONTEXT('2D SPACE',''
  ) );
#573 = ORIENTED_EDGE('',*,*,#574,.F.);
#574 = EDGE_CURVE('',#99,#552,#575,.T.);
#575 = SURFACE_CURVE('',#576,(#581,#588),.PCURVE_S1.);
#576 = CIRCLE('',#577,8.);
#577 = AXIS2_PLACEMENT_3D('',#578,#579,#580);
#578 = CARTESIAN_POINT('',(-86.9,-52.,28.));
#579 = DIRECTION('',(-0.,-0.,-1.));
#580 = DIRECTION('',(0.,-1.,0.));
#581 = PCURVE('',#114,#582);
#582 = DEFINITIONAL_REPRESENTATION('',(#583),#587);
#583 = LINE('',#584,#585);
#584 = CARTESIAN_POINT('',(-0.,28.));
#585 = VECTOR('',#586,1.);
#586 = DIRECTION('',(-1.,0.));
#587 = ( GEOMETRIC_REPRESENTATION_CONTEXT(2) 
PARAMETRIC_REPRESENTATION_CONTEXT() REPRESENTATION_CONTEXT('2D SPACE',''
  ) );
#588 = PCURVE('',#142,#589);
#589 = DEFINITIONAL_REPRESENTATION('',(#590),#598);
#590 = ( BOUNDED_CURVE() B_SPLINE_CURVE(2,(#591,#592,#593,#594,#595,#596
,#597),.UNSPECIFIED.,.T.,.F.) B_SPLINE_CURVE_WITH_KNOTS((1,2,2,2,2,1),(
    -2.094395102393,0.,2.094395102393,4.188790204786,6.28318530718,
8.377580409573),.UNSPECIFIED.) CURVE() GEOMETRIC_REPRESENTATION_ITEM() 
RATIONAL_B_SPLINE_CURVE((1.,0.5,1.,0.5,1.,0.5,1.)) REPRESENTATION_ITEM(
  '') );
#591 = CARTESIAN_POINT('',(-86.9,-60.));
#592 = CARTESIAN_POINT('',(-100.7564064605,-60.));
#593 = CARTESIAN_POINT('',(-93.82820323027,-48.));
#594 = CARTESIAN_POINT('',(-86.9,-36.));
#595 = CARTESIAN_POINT('',(-79.97179676972,-48.));
#596 = CARTESIAN_POINT('',(-73.04359353944,-60.));
#597 = CARTESIAN_POINT('',(-86.9,-60.));
#598 = ( GEOMETRIC_REPRESENTATION_CONTEXT(2) 
PARAMETRIC_REPRESENTATION_CONTEXT() REPRESENTATION_CONTEXT('2D SPACE',''
  ) );
#599 = ORIENTED_EDGE('',*,*,#98,.F.);
#600 = ADVANCED_FACE('',(#601),#168,.T.);
#601 = FACE_BOUND('',#602,.T.);
#602 = EDGE_LOOP('',(#603,#604,#627,#649));
#603 = ORIENTED_EDGE('',*,*,#184,.T.);
#604 = ORIENTED_EDGE('',*,*,#605,.T.);
#605 = EDGE_CURVE('',#185,#606,#608,.T.);
#606 = VERTEX_POINT('',#607);
#607 = CARTESIAN_POINT('',(94.9,-52.,28.));
#608 = SURFACE_CURVE('',#609,(#613,#620),.PCURVE_S1.);
#609 = LINE('',#610,#611);
#610 = CARTESIAN_POINT('',(94.9,-52.,0.));
#611 = VECTOR('',#612,1.);
#612 = DIRECTION('',(0.,0.,1.));
#613 = PCURVE('',#168,#614);
#614 = DEFINITIONAL_REPRESENTATION('',(#615),#619);
#615 = LINE('',#616,#617);
#616 = CARTESIAN_POINT('',(1.570796326795,0.));
#617 = VECTOR('',#618,1.);
#618 = DIRECTION('',(0.,1.));
#619 = ( GEOMETRIC_REPRESENTATION_CONTEXT(2) 
PARAMETRIC_REPRESENTATION_CONTEXT() REPRESENTATION_CONTEXT('2D SPACE',''
  ) );
#620 = PCURVE('',#224,#621);
#621 = DEFINITIONAL_REPRESENTATION('',(#622),#626);
#622 = LINE('',#623,#624);
#623 = CARTESIAN_POINT('',(8.,0.));
#624 = VECTOR('',#625,1.);
#625 = DIRECTION('',(0.,-1.));
#626 = ( GEOMETRIC_REPRESENTATION_CONTEXT(2) 
PARAMETRIC_REPRESENTATION_CONTEXT() REPRESENTATION_CONTEXT('2D SPACE',''
  ) );
#627 = ORIENTED_EDGE('',*,*,#628,.F.);
#628 = EDGE_CURVE('',#127,#606,#629,.T.);
#629 = SURFACE_CURVE('',#630,(#635,#642),.PCURVE_S1.);
#630 = CIRCLE('',#631,8.);
#631 = AXIS2_PLACEMENT_3D('',#632,#633,#634);
#632 = CARTESIAN_POINT('',(86.9,-52.,28.));
#633 = DIRECTION('',(0.,0.,1.));
#634 = DIRECTION('',(0.,-1.,0.));
#635 = PCURVE('',#168,#636);
#636 = DEFINITIONAL_REPRESENTATION('',(#637),#641);
#637 = LINE('',#638,#639);
#638 = CARTESIAN_POINT('',(0.,28.));
#639 = VECTOR('',#640,1.);
#640 = DIRECTION('',(1.,0.));
#641 = ( GEOMETRIC_REPRESENTATION_CONTEXT(2) 
PARAMETRIC_REPRESENTATION_CONTEXT() REPRESENTATION_CONTEXT('2D SPACE',''
  ) );
#642 = PCURVE('',#142,#643);
#643 = DEFINITIONAL_REPRESENTATION('',(#644),#648);
#644 = CIRCLE('',#645,8.);
#645 = AXIS2_PLACEMENT_2D('',#646,#647);
#646 = CARTESIAN_POINT('',(86.9,-52.));
#647 = DIRECTION('',(0.,-1.));
#648 = ( GEOMETRIC_REPRESENTATION_CONTEXT(2) 
PARAMETRIC_REPRESENTATION_CONTEXT() REPRESENTATION_CONTEXT('2D SPACE',''
  ) );
#649 = ORIENTED_EDGE('',*,*,#154,.F.);
#650 = ADVANCED_FACE('',(#651,#771,#801,#831,#1159,#1189,#1295),#142,.T.
  );
#651 = FACE_BOUND('',#652,.T.);
#652 = EDGE_LOOP('',(#653,#654,#655,#678,#702,#725,#749,#770));
#653 = ORIENTED_EDGE('',*,*,#126,.T.);
#654 = ORIENTED_EDGE('',*,*,#628,.T.);
#655 = ORIENTED_EDGE('',*,*,#656,.T.);
#656 = EDGE_CURVE('',#606,#657,#659,.T.);
#657 = VERTEX_POINT('',#658);
#658 = CARTESIAN_POINT('',(94.9,52.,28.));
#659 = SURFACE_CURVE('',#660,(#664,#671),.PCURVE_S1.);
#660 = LINE('',#661,#662);
#661 = CARTESIAN_POINT('',(94.9,-60.,28.));
#662 = VECTOR('',#663,1.);
#663 = DIRECTION('',(0.,1.,0.));
#664 = PCURVE('',#142,#665);
#665 = DEFINITIONAL_REPRESENTATION('',(#666),#670);
#666 = LINE('',#667,#668);
#667 = CARTESIAN_POINT('',(94.9,-60.));
#668 = VECTOR('',#669,1.);
#669 = DIRECTION('',(0.,1.));
#670 = ( GEOMETRIC_REPRESENTATION_CONTEXT(2) 
PARAMETRIC_REPRESENTATION_CONTEXT() REPRESENTATION_CONTEXT('2D SPACE',''
  ) );
#671 = PCURVE('',#224,#672);
#672 = DEFINITIONAL_REPRESENTATION('',(#673),#677);
#673 = LINE('',#674,#675);
#674 = CARTESIAN_POINT('',(0.,-28.));
#675 = VECTOR('',#676,1.);
#676 = DIRECTION('',(1.,0.));
#677 = ( GEOMETRIC_REPRESENTATION_CONTEXT(2) 
PARAMETRIC_REPRESENTATION_CONTEXT() REPRESENTATION_CONTEXT('2D SPACE',''
  ) );
#678 = ORIENTED_EDGE('',*,*,#679,.T.);
#679 = EDGE_CURVE('',#657,#680,#682,.T.);
#680 = VERTEX_POINT('',#681);
#681 = CARTESIAN_POINT('',(86.9,60.,28.));
#682 = SURFACE_CURVE('',#683,(#688,#695),.PCURVE_S1.);
#683 = CIRCLE('',#684,8.);
#684 = AXIS2_PLACEMENT_3D('',#685,#686,#687);
#685 = CARTESIAN_POINT('',(86.9,52.,28.));
#686 = DIRECTION('',(0.,0.,1.));
#687 = DIRECTION('',(0.,-1.,0.));
#688 = PCURVE('',#142,#689);
#689 = DEFINITIONAL_REPRESENTATION('',(#690),#694);
#690 = CIRCLE('',#691,8.);
#691 = AXIS2_PLACEMENT_2D('',#692,#693);
#692 = CARTESIAN_POINT('',(86.9,52.));
#693 = DIRECTION('',(0.,-1.));
#694 = ( GEOMETRIC_REPRESENTATION_CONTEXT(2) 
PARAMETRIC_REPRESENTATION_CONTEXT() REPRESENTATION_CONTEXT('2D SPACE',''
  ) );
#695 = PCURVE('',#253,#696);
#696 = DEFINITIONAL_REPRESENTATION('',(#697),#701);
#697 = LINE('',#698,#699);
#698 = CARTESIAN_POINT('',(-1.570796326795,28.));
#699 = VECTOR('',#700,1.);
#700 = DIRECTION('',(1.,0.));
#701 = ( GEOMETRIC_REPRESENTATION_CONTEXT(2) 
PARAMETRIC_REPRESENTATION_CONTEXT() REPRESENTATION_CONTEXT('2D SPACE',''
  ) );
#702 = ORIENTED_EDGE('',*,*,#703,.T.);
#703 = EDGE_CURVE('',#680,#704,#706,.T.);
#704 = VERTEX_POINT('',#705);
#705 = CARTESIAN_POINT('',(-86.9,60.,28.));
#706 = SURFACE_CURVE('',#707,(#711,#718),.PCURVE_S1.);
#707 = LINE('',#708,#709);
#708 = CARTESIAN_POINT('',(94.9,60.,28.));
#709 = VECTOR('',#710,1.);
#710 = DIRECTION('',(-1.,0.,0.));
#711 = PCURVE('',#142,#712);
#712 = DEFINITIONAL_REPRESENTATION('',(#713),#717);
#713 = LINE('',#714,#715);
#714 = CARTESIAN_POINT('',(94.9,60.));
#715 = VECTOR('',#716,1.);
#716 = DIRECTION('',(-1.,0.));
#717 = ( GEOMETRIC_REPRESENTATION_CONTEXT(2) 
PARAMETRIC_REPRESENTATION_CONTEXT() REPRESENTATION_CONTEXT('2D SPACE',''
  ) );
#718 = PCURVE('',#281,#719);
#719 = DEFINITIONAL_REPRESENTATION('',(#720),#724);
#720 = LINE('',#721,#722);
#721 = CARTESIAN_POINT('',(0.,-28.));
#722 = VECTOR('',#723,1.);
#723 = DIRECTION('',(1.,0.));
#724 = ( GEOMETRIC_REPRESENTATION_CONTEXT(2) 
PARAMETRIC_REPRESENTATION_CONTEXT() REPRESENTATION_CONTEXT('2D SPACE',''
  ) );
#725 = ORIENTED_EDGE('',*,*,#726,.T.);
#726 = EDGE_CURVE('',#704,#727,#729,.T.);
#727 = VERTEX_POINT('',#728);
#728 = CARTESIAN_POINT('',(-94.9,52.,28.));
#729 = SURFACE_CURVE('',#730,(#735,#742),.PCURVE_S1.);
#730 = CIRCLE('',#731,8.);
#731 = AXIS2_PLACEMENT_3D('',#732,#733,#734);
#732 = CARTESIAN_POINT('',(-86.9,52.,28.));
#733 = DIRECTION('',(0.,0.,1.));
#734 = DIRECTION('',(0.,-1.,0.));
#735 = PCURVE('',#142,#736);
#736 = DEFINITIONAL_REPRESENTATION('',(#737),#741);
#737 = CIRCLE('',#738,8.);
#738 = AXIS2_PLACEMENT_2D('',#739,#740);
#739 = CARTESIAN_POINT('',(-86.9,52.));
#740 = DIRECTION('',(0.,-1.));
#741 = ( GEOMETRIC_REPRESENTATION_CONTEXT(2) 
PARAMETRIC_REPRESENTATION_CONTEXT() REPRESENTATION_CONTEXT('2D SPACE',''
  ) );
#742 = PCURVE('',#310,#743);
#743 = DEFINITIONAL_REPRESENTATION('',(#744),#748);
#744 = LINE('',#745,#746);
#745 = CARTESIAN_POINT('',(-3.14159265359,28.));
#746 = VECTOR('',#747,1.);
#747 = DIRECTION('',(1.,0.));
#748 = ( GEOMETRIC_REPRESENTATION_CONTEXT(2) 
PARAMETRIC_REPRESENTATION_CONTEXT() REPRESENTATION_CONTEXT('2D SPACE',''
  ) );
#749 = ORIENTED_EDGE('',*,*,#750,.T.);
#750 = EDGE_CURVE('',#727,#552,#751,.T.);
#751 = SURFACE_CURVE('',#752,(#756,#763),.PCURVE_S1.);
#752 = LINE('',#753,#754);
#753 = CARTESIAN_POINT('',(-94.9,60.,28.));
#754 = VECTOR('',#755,1.);
#755 = DIRECTION('',(0.,-1.,0.));
#756 = PCURVE('',#142,#757);
#757 = DEFINITIONAL_REPRESENTATION('',(#758),#762);
#758 = LINE('',#759,#760);
#759 = CARTESIAN_POINT('',(-94.9,60.));
#760 = VECTOR('',#761,1.);
#761 = DIRECTION('',(0.,-1.));
#762 = ( GEOMETRIC_REPRESENTATION_CONTEXT(2) 
PARAMETRIC_REPRESENTATION_CONTEXT() REPRESENTATION_CONTEXT('2D SPACE',''
  ) );
#763 = PCURVE('',#338,#764);
#764 = DEFINITIONAL_REPRESENTATION('',(#765),#769);
#765 = LINE('',#766,#767);
#766 = CARTESIAN_POINT('',(0.,-28.));
#767 = VECTOR('',#768,1.);
#768 = DIRECTION('',(1.,0.));
#769 = ( GEOMETRIC_REPRESENTATION_CONTEXT(2) 
PARAMETRIC_REPRESENTATION_CONTEXT() REPRESENTATION_CONTEXT('2D SPACE',''
  ) );
#770 = ORIENTED_EDGE('',*,*,#574,.F.);
#771 = FACE_BOUND('',#772,.T.);
#772 = EDGE_LOOP('',(#773));
#773 = ORIENTED_EDGE('',*,*,#774,.T.);
#774 = EDGE_CURVE('',#775,#775,#777,.T.);
#775 = VERTEX_POINT('',#776);
#776 = CARTESIAN_POINT('',(-67.75,-45.,28.));
#777 = SURFACE_CURVE('',#778,(#783,#794),.PCURVE_S1.);
#778 = CIRCLE('',#779,2.75);
#779 = AXIS2_PLACEMENT_3D('',#780,#781,#782);
#780 = CARTESIAN_POINT('',(-65.,-45.,28.));
#781 = DIRECTION('',(0.,0.,-1.));
#782 = DIRECTION('',(-1.,0.,0.));
#783 = PCURVE('',#142,#784);
#784 = DEFINITIONAL_REPRESENTATION('',(#785),#793);
#785 = ( BOUNDED_CURVE() B_SPLINE_CURVE(2,(#786,#787,#788,#789,#790,#791
,#792),.UNSPECIFIED.,.T.,.F.) B_SPLINE_CURVE_WITH_KNOTS((1,2,2,2,2,1),(
    -2.094395102393,0.,2.094395102393,4.188790204786,6.28318530718,
8.377580409573),.UNSPECIFIED.) CURVE() GEOMETRIC_REPRESENTATION_ITEM() 
RATIONAL_B_SPLINE_CURVE((1.,0.5,1.,0.5,1.,0.5,1.)) REPRESENTATION_ITEM(
  '') );
#786 = CARTESIAN_POINT('',(-67.75,-45.));
#787 = CARTESIAN_POINT('',(-67.75,-40.23686027918));
#788 = CARTESIAN_POINT('',(-63.625,-42.61843013959));
#789 = CARTESIAN_POINT('',(-59.5,-45.));
#790 = CARTESIAN_POINT('',(-63.625,-47.3815698604));
#791 = CARTESIAN_POINT('',(-67.75,-49.76313972081));
#792 = CARTESIAN_POINT('',(-67.75,-45.));
#793 = ( GEOMETRIC_REPRESENTATION_CONTEXT(2) 
PARAMETRIC_REPRESENTATION_CONTEXT() REPRESENTATION_CONTEXT('2D SPACE',''
  ) );
#794 = PCURVE('',#399,#795);
#795 = DEFINITIONAL_REPRESENTATION('',(#796),#800);
#796 = LINE('',#797,#798);
#797 = CARTESIAN_POINT('',(0.,0.));
#798 = VECTOR('',#799,1.);
#799 = DIRECTION('',(1.,0.));
#800 = ( GEOMETRIC_REPRESENTATION_CONTEXT(2) 
PARAMETRIC_REPRESENTATION_CONTEXT() REPRESENTATION_CONTEXT('2D SPACE',''
  ) );
#801 = FACE_BOUND('',#802,.T.);
#802 = EDGE_LOOP('',(#803));
#803 = ORIENTED_EDGE('',*,*,#804,.T.);
#804 = EDGE_CURVE('',#805,#805,#807,.T.);
#805 = VERTEX_POINT('',#806);
#806 = CARTESIAN_POINT('',(62.25,-45.,28.));
#807 = SURFACE_CURVE('',#808,(#813,#824),.PCURVE_S1.);
#808 = CIRCLE('',#809,2.75);
#809 = AXIS2_PLACEMENT_3D('',#810,#811,#812);
#810 = CARTESIAN_POINT('',(65.,-45.,28.));
#811 = DIRECTION('',(0.,0.,-1.));
#812 = DIRECTION('',(-1.,0.,0.));
#813 = PCURVE('',#142,#814);
#814 = DEFINITIONAL_REPRESENTATION('',(#815),#823);
#815 = ( BOUNDED_CURVE() B_SPLINE_CURVE(2,(#816,#817,#818,#819,#820,#821
,#822),.UNSPECIFIED.,.T.,.F.) B_SPLINE_CURVE_WITH_KNOTS((1,2,2,2,2,1),(
    -2.094395102393,0.,2.094395102393,4.188790204786,6.28318530718,
8.377580409573),.UNSPECIFIED.) CURVE() GEOMETRIC_REPRESENTATION_ITEM() 
RATIONAL_B_SPLINE_CURVE((1.,0.5,1.,0.5,1.,0.5,1.)) REPRESENTATION_ITEM(
  '') );
#816 = CARTESIAN_POINT('',(62.25,-45.));
#817 = CARTESIAN_POINT('',(62.25,-40.23686027918));
#818 = CARTESIAN_POINT('',(66.375,-42.61843013959));
#819 = CARTESIAN_POINT('',(70.5,-45.));
#820 = CARTESIAN_POINT('',(66.375,-47.3815698604));
#821 = CARTESIAN_POINT('',(62.25,-49.76313972081));
#822 = CARTESIAN_POINT('',(62.25,-45.));
#823 = ( GEOMETRIC_REPRESENTATION_CONTEXT(2) 
PARAMETRIC_REPRESENTATION_CONTEXT() REPRESENTATION_CONTEXT('2D SPACE',''
  ) );
#824 = PCURVE('',#434,#825);
#825 = DEFINITIONAL_REPRESENTATION('',(#826),#830);
#826 = LINE('',#827,#828);
#827 = CARTESIAN_POINT('',(0.,0.));
#828 = VECTOR('',#829,1.);
#829 = DIRECTION('',(1.,0.));
#830 = ( GEOMETRIC_REPRESENTATION_CONTEXT(2) 
PARAMETRIC_REPRESENTATION_CONTEXT() REPRESENTATION_CONTEXT('2D SPACE',''
  ) );
#831 = FACE_BOUND('',#832,.T.);
#832 = EDGE_LOOP('',(#833,#863,#891,#919,#947,#975,#1003,#1031,#1054,
    #1082,#1105,#1133));
#833 = ORIENTED_EDGE('',*,*,#834,.F.);
#834 = EDGE_CURVE('',#835,#837,#839,.T.);
#835 = VERTEX_POINT('',#836);
#836 = CARTESIAN_POINT('',(-4.,-22.4,28.));
#837 = VERTEX_POINT('',#838);
#838 = CARTESIAN_POINT('',(-4.,-52.4,28.));
#839 = SURFACE_CURVE('',#840,(#844,#851),.PCURVE_S1.);
#840 = LINE('',#841,#842);
#841 = CARTESIAN_POINT('',(-4.,-22.3,28.));
#842 = VECTOR('',#843,1.);
#843 = DIRECTION('',(-2.22044604925E-16,-1.,0.));
#844 = PCURVE('',#142,#845);
#845 = DEFINITIONAL_REPRESENTATION('',(#846),#850);
#846 = LINE('',#847,#848);
#847 = CARTESIAN_POINT('',(-4.,-22.3));
#848 = VECTOR('',#849,1.);
#849 = DIRECTION('',(-2.22044604925E-16,-1.));
#850 = ( GEOMETRIC_REPRESENTATION_CONTEXT(2) 
PARAMETRIC_REPRESENTATION_CONTEXT() REPRESENTATION_CONTEXT('2D SPACE',''
  ) );
#851 = PCURVE('',#852,#857);
#852 = PLANE('',#853);
#853 = AXIS2_PLACEMENT_3D('',#854,#855,#856);
#854 = CARTESIAN_POINT('',(-4.,-33.85969008876,34.509690088763));
#855 = DIRECTION('',(-1.,2.22044604925E-16,-0.));
#856 = DIRECTION('',(0.,-0.,-1.));
#857 = DEFINITIONAL_REPRESENTATION('',(#858),#862);
#858 = LINE('',#859,#860);
#859 = CARTESIAN_POINT('',(6.509690088763,-11.55969008876));
#860 = VECTOR('',#861,1.);
#861 = DIRECTION('',(0.,1.));
#862 = ( GEOMETRIC_REPRESENTATION_CONTEXT(2) 
PARAMETRIC_REPRESENTATION_CONTEXT() REPRESENTATION_CONTEXT('2D SPACE',''
  ) );
#863 = ORIENTED_EDGE('',*,*,#864,.F.);
#864 = EDGE_CURVE('',#865,#835,#867,.T.);
#865 = VERTEX_POINT('',#866);
#866 = CARTESIAN_POINT('',(-22.4,-22.4,28.));
#867 = SURFACE_CURVE('',#868,(#872,#879),.PCURVE_S1.);
#868 = LINE('',#869,#870);
#869 = CARTESIAN_POINT('',(-22.4,-22.4,28.));
#870 = VECTOR('',#871,1.);
#871 = DIRECTION('',(1.,0.,0.));
#872 = PCURVE('',#142,#873);
#873 = DEFINITIONAL_REPRESENTATION('',(#874),#878);
#874 = LINE('',#875,#876);
#875 = CARTESIAN_POINT('',(-22.4,-22.4));
#876 = VECTOR('',#877,1.);
#877 = DIRECTION('',(1.,0.));
#878 = ( GEOMETRIC_REPRESENTATION_CONTEXT(2) 
PARAMETRIC_REPRESENTATION_CONTEXT() REPRESENTATION_CONTEXT('2D SPACE',''
  ) );
#879 = PCURVE('',#880,#885);
#880 = PLANE('',#881);
#881 = AXIS2_PLACEMENT_3D('',#882,#883,#884);
#882 = CARTESIAN_POINT('',(-22.4,-22.4,28.));
#883 = DIRECTION('',(0.,1.,0.));
#884 = DIRECTION('',(1.,0.,0.));
#885 = DEFINITIONAL_REPRESENTATION('',(#886),#890);
#886 = LINE('',#887,#888);
#887 = CARTESIAN_POINT('',(0.,0.));
#888 = VECTOR('',#889,1.);
#889 = DIRECTION('',(1.,0.));
#890 = ( GEOMETRIC_REPRESENTATION_CONTEXT(2) 
PARAMETRIC_REPRESENTATION_CONTEXT() REPRESENTATION_CONTEXT('2D SPACE',''
  ) );
#891 = ORIENTED_EDGE('',*,*,#892,.F.);
#892 = EDGE_CURVE('',#893,#865,#895,.T.);
#893 = VERTEX_POINT('',#894);
#894 = CARTESIAN_POINT('',(-22.4,22.4,28.));
#895 = SURFACE_CURVE('',#896,(#900,#907),.PCURVE_S1.);
#896 = LINE('',#897,#898);
#897 = CARTESIAN_POINT('',(-22.4,22.4,28.));
#898 = VECTOR('',#899,1.);
#899 = DIRECTION('',(0.,-1.,0.));
#900 = PCURVE('',#142,#901);
#901 = DEFINITIONAL_REPRESENTATION('',(#902),#906);
#902 = LINE('',#903,#904);
#903 = CARTESIAN_POINT('',(-22.4,22.4));
#904 = VECTOR('',#905,1.);
#905 = DIRECTION('',(0.,-1.));
#906 = ( GEOMETRIC_REPRESENTATION_CONTEXT(2) 
PARAMETRIC_REPRESENTATION_CONTEXT() REPRESENTATION_CONTEXT('2D SPACE',''
  ) );
#907 = PCURVE('',#908,#913);
#908 = PLANE('',#909);
#909 = AXIS2_PLACEMENT_3D('',#910,#911,#912);
#910 = CARTESIAN_POINT('',(-22.4,22.4,28.));
#911 = DIRECTION('',(1.,0.,-0.));
#912 = DIRECTION('',(0.,-1.,0.));
#913 = DEFINITIONAL_REPRESENTATION('',(#914),#918);
#914 = LINE('',#915,#916);
#915 = CARTESIAN_POINT('',(0.,0.));
#916 = VECTOR('',#917,1.);
#917 = DIRECTION('',(1.,0.));
#918 = ( GEOMETRIC_REPRESENTATION_CONTEXT(2) 
PARAMETRIC_REPRESENTATION_CONTEXT() REPRESENTATION_CONTEXT('2D SPACE',''
  ) );
#919 = ORIENTED_EDGE('',*,*,#920,.F.);
#920 = EDGE_CURVE('',#921,#893,#923,.T.);
#921 = VERTEX_POINT('',#922);
#922 = CARTESIAN_POINT('',(-4.,22.4,28.));
#923 = SURFACE_CURVE('',#924,(#928,#935),.PCURVE_S1.);
#924 = LINE('',#925,#926);
#925 = CARTESIAN_POINT('',(22.4,22.4,28.));
#926 = VECTOR('',#927,1.);
#927 = DIRECTION('',(-1.,0.,0.));
#928 = PCURVE('',#142,#929);
#929 = DEFINITIONAL_REPRESENTATION('',(#930),#934);
#930 = LINE('',#931,#932);
#931 = CARTESIAN_POINT('',(22.4,22.4));
#932 = VECTOR('',#933,1.);
#933 = DIRECTION('',(-1.,0.));
#934 = ( GEOMETRIC_REPRESENTATION_CONTEXT(2) 
PARAMETRIC_REPRESENTATION_CONTEXT() REPRESENTATION_CONTEXT('2D SPACE',''
  ) );
#935 = PCURVE('',#936,#941);
#936 = PLANE('',#937);
#937 = AXIS2_PLACEMENT_3D('',#938,#939,#940);
#938 = CARTESIAN_POINT('',(22.4,22.4,28.));
#939 = DIRECTION('',(0.,-1.,0.));
#940 = DIRECTION('',(-1.,0.,0.));
#941 = DEFINITIONAL_REPRESENTATION('',(#942),#946);
#942 = LINE('',#943,#944);
#943 = CARTESIAN_POINT('',(0.,-0.));
#944 = VECTOR('',#945,1.);
#945 = DIRECTION('',(1.,0.));
#946 = ( GEOMETRIC_REPRESENTATION_CONTEXT(2) 
PARAMETRIC_REPRESENTATION_CONTEXT() REPRESENTATION_CONTEXT('2D SPACE',''
  ) );
#947 = ORIENTED_EDGE('',*,*,#948,.T.);
#948 = EDGE_CURVE('',#921,#949,#951,.T.);
#949 = VERTEX_POINT('',#950);
#950 = CARTESIAN_POINT('',(-4.,52.4,28.));
#951 = SURFACE_CURVE('',#952,(#956,#963),.PCURVE_S1.);
#952 = LINE('',#953,#954);
#953 = CARTESIAN_POINT('',(-4.,22.3,28.));
#954 = VECTOR('',#955,1.);
#955 = DIRECTION('',(1.110223024625E-16,1.,0.));
#956 = PCURVE('',#142,#957);
#957 = DEFINITIONAL_REPRESENTATION('',(#958),#962);
#958 = LINE('',#959,#960);
#959 = CARTESIAN_POINT('',(-4.,22.3));
#960 = VECTOR('',#961,1.);
#961 = DIRECTION('',(1.110223024625E-16,1.));
#962 = ( GEOMETRIC_REPRESENTATION_CONTEXT(2) 
PARAMETRIC_REPRESENTATION_CONTEXT() REPRESENTATION_CONTEXT('2D SPACE',''
  ) );
#963 = PCURVE('',#964,#969);
#964 = PLANE('',#965);
#965 = AXIS2_PLACEMENT_3D('',#966,#967,#968);
#966 = CARTESIAN_POINT('',(-4.,33.859690088763,34.509690088763));
#967 = DIRECTION('',(1.,-1.110223024625E-16,-0.));
#968 = DIRECTION('',(0.,0.,-1.));
#969 = DEFINITIONAL_REPRESENTATION('',(#970),#974);
#970 = LINE('',#971,#972);
#971 = CARTESIAN_POINT('',(6.509690088763,-11.55969008876));
#972 = VECTOR('',#973,1.);
#973 = DIRECTION('',(0.,1.));
#974 = ( GEOMETRIC_REPRESENTATION_CONTEXT(2) 
PARAMETRIC_REPRESENTATION_CONTEXT() REPRESENTATION_CONTEXT('2D SPACE',''
  ) );
#975 = ORIENTED_EDGE('',*,*,#976,.T.);
#976 = EDGE_CURVE('',#949,#977,#979,.T.);
#977 = VERTEX_POINT('',#978);
#978 = CARTESIAN_POINT('',(4.,52.4,28.));
#979 = SURFACE_CURVE('',#980,(#984,#991),.PCURVE_S1.);
#980 = LINE('',#981,#982);
#981 = CARTESIAN_POINT('',(-4.,52.4,28.));
#982 = VECTOR('',#983,1.);
#983 = DIRECTION('',(1.,-1.110223024625E-16,0.));
#984 = PCURVE('',#142,#985);
#985 = DEFINITIONAL_REPRESENTATION('',(#986),#990);
#986 = LINE('',#987,#988);
#987 = CARTESIAN_POINT('',(-4.,52.4));
#988 = VECTOR('',#989,1.);
#989 = DIRECTION('',(1.,-1.110223024625E-16));
#990 = ( GEOMETRIC_REPRESENTATION_CONTEXT(2) 
PARAMETRIC_REPRESENTATION_CONTEXT() REPRESENTATION_CONTEXT('2D SPACE',''
  ) );
#991 = PCURVE('',#992,#997);
#992 = PLANE('',#993);
#993 = AXIS2_PLACEMENT_3D('',#994,#995,#996);
#994 = CARTESIAN_POINT('',(5.817568649036E-15,52.4,28.));
#995 = DIRECTION('',(-6.144223065304E-17,-0.553422414148,-0.832900733292
    ));
#996 = DIRECTION('',(-9.247055713283E-17,-0.832900733292,0.553422414148)
  );
#997 = DEFINITIONAL_REPRESENTATION('',(#998),#1002);
#998 = LINE('',#999,#1000);
#999 = CARTESIAN_POINT('',(3.698822285313E-16,4.));
#1000 = VECTOR('',#1001,1.);
#1001 = DIRECTION('',(0.,-1.));
#1002 = ( GEOMETRIC_REPRESENTATION_CONTEXT(2) 
PARAMETRIC_REPRESENTATION_CONTEXT() REPRESENTATION_CONTEXT('2D SPACE',''
  ) );
#1003 = ORIENTED_EDGE('',*,*,#1004,.F.);
#1004 = EDGE_CURVE('',#1005,#977,#1007,.T.);
#1005 = VERTEX_POINT('',#1006);
#1006 = CARTESIAN_POINT('',(4.,22.4,28.));
#1007 = SURFACE_CURVE('',#1008,(#1012,#1019),.PCURVE_S1.);
#1008 = LINE('',#1009,#1010);
#1009 = CARTESIAN_POINT('',(4.,22.3,28.));
#1010 = VECTOR('',#1011,1.);
#1011 = DIRECTION('',(1.110223024625E-16,1.,0.));
#1012 = PCURVE('',#142,#1013);
#1013 = DEFINITIONAL_REPRESENTATION('',(#1014),#1018);
#1014 = LINE('',#1015,#1016);
#1015 = CARTESIAN_POINT('',(4.,22.3));
#1016 = VECTOR('',#1017,1.);
#1017 = DIRECTION('',(1.110223024625E-16,1.));
#1018 = ( GEOMETRIC_REPRESENTATION_CONTEXT(2) 
PARAMETRIC_REPRESENTATION_CONTEXT() REPRESENTATION_CONTEXT('2D SPACE',''
  ) );
#1019 = PCURVE('',#1020,#1025);
#1020 = PLANE('',#1021);
#1021 = AXIS2_PLACEMENT_3D('',#1022,#1023,#1024);
#1022 = CARTESIAN_POINT('',(4.,33.859690088763,34.509690088763));
#1023 = DIRECTION('',(1.,-1.110223024625E-16,-0.));
#1024 = DIRECTION('',(0.,0.,-1.));
#1025 = DEFINITIONAL_REPRESENTATION('',(#1026),#1030);
#1026 = LINE('',#1027,#1028);
#1027 = CARTESIAN_POINT('',(6.509690088763,-11.55969008876));
#1028 = VECTOR('',#1029,1.);
#1029 = DIRECTION('',(0.,1.));
#1030 = ( GEOMETRIC_REPRESENTATION_CONTEXT(2) 
PARAMETRIC_REPRESENTATION_CONTEXT() REPRESENTATION_CONTEXT('2D SPACE',''
  ) );
#1031 = ORIENTED_EDGE('',*,*,#1032,.F.);
#1032 = EDGE_CURVE('',#1033,#1005,#1035,.T.);
#1033 = VERTEX_POINT('',#1034);
#1034 = CARTESIAN_POINT('',(22.4,22.4,28.));
#1035 = SURFACE_CURVE('',#1036,(#1040,#1047),.PCURVE_S1.);
#1036 = LINE('',#1037,#1038);
#1037 = CARTESIAN_POINT('',(22.4,22.4,28.));
#1038 = VECTOR('',#1039,1.);
#1039 = DIRECTION('',(-1.,0.,0.));
#1040 = PCURVE('',#142,#1041);
#1041 = DEFINITIONAL_REPRESENTATION('',(#1042),#1046);
#1042 = LINE('',#1043,#1044);
#1043 = CARTESIAN_POINT('',(22.4,22.4));
#1044 = VECTOR('',#1045,1.);
#1045 = DIRECTION('',(-1.,0.));
#1046 = ( GEOMETRIC_REPRESENTATION_CONTEXT(2) 
PARAMETRIC_REPRESENTATION_CONTEXT() REPRESENTATION_CONTEXT('2D SPACE',''
  ) );
#1047 = PCURVE('',#936,#1048);
#1048 = DEFINITIONAL_REPRESENTATION('',(#1049),#1053);
#1049 = LINE('',#1050,#1051);
#1050 = CARTESIAN_POINT('',(0.,-0.));
#1051 = VECTOR('',#1052,1.);
#1052 = DIRECTION('',(1.,0.));
#1053 = ( GEOMETRIC_REPRESENTATION_CONTEXT(2) 
PARAMETRIC_REPRESENTATION_CONTEXT() REPRESENTATION_CONTEXT('2D SPACE',''
  ) );
#1054 = ORIENTED_EDGE('',*,*,#1055,.F.);
#1055 = EDGE_CURVE('',#1056,#1033,#1058,.T.);
#1056 = VERTEX_POINT('',#1057);
#1057 = CARTESIAN_POINT('',(22.4,-22.4,28.));
#1058 = SURFACE_CURVE('',#1059,(#1063,#1070),.PCURVE_S1.);
#1059 = LINE('',#1060,#1061);
#1060 = CARTESIAN_POINT('',(22.4,-22.4,28.));
#1061 = VECTOR('',#1062,1.);
#1062 = DIRECTION('',(0.,1.,0.));
#1063 = PCURVE('',#142,#1064);
#1064 = DEFINITIONAL_REPRESENTATION('',(#1065),#1069);
#1065 = LINE('',#1066,#1067);
#1066 = CARTESIAN_POINT('',(22.4,-22.4));
#1067 = VECTOR('',#1068,1.);
#1068 = DIRECTION('',(0.,1.));
#1069 = ( GEOMETRIC_REPRESENTATION_CONTEXT(2) 
PARAMETRIC_REPRESENTATION_CONTEXT() REPRESENTATION_CONTEXT('2D SPACE',''
  ) );
#1070 = PCURVE('',#1071,#1076);
#1071 = PLANE('',#1072);
#1072 = AXIS2_PLACEMENT_3D('',#1073,#1074,#1075);
#1073 = CARTESIAN_POINT('',(22.4,-22.4,28.));
#1074 = DIRECTION('',(-1.,0.,0.));
#1075 = DIRECTION('',(0.,1.,0.));
#1076 = DEFINITIONAL_REPRESENTATION('',(#1077),#1081);
#1077 = LINE('',#1078,#1079);
#1078 = CARTESIAN_POINT('',(0.,0.));
#1079 = VECTOR('',#1080,1.);
#1080 = DIRECTION('',(1.,0.));
#1081 = ( GEOMETRIC_REPRESENTATION_CONTEXT(2) 
PARAMETRIC_REPRESENTATION_CONTEXT() REPRESENTATION_CONTEXT('2D SPACE',''
  ) );
#1082 = ORIENTED_EDGE('',*,*,#1083,.F.);
#1083 = EDGE_CURVE('',#1084,#1056,#1086,.T.);
#1084 = VERTEX_POINT('',#1085);
#1085 = CARTESIAN_POINT('',(4.,-22.4,28.));
#1086 = SURFACE_CURVE('',#1087,(#1091,#1098),.PCURVE_S1.);
#1087 = LINE('',#1088,#1089);
#1088 = CARTESIAN_POINT('',(-22.4,-22.4,28.));
#1089 = VECTOR('',#1090,1.);
#1090 = DIRECTION('',(1.,0.,0.));
#1091 = PCURVE('',#142,#1092);
#1092 = DEFINITIONAL_REPRESENTATION('',(#1093),#1097);
#1093 = LINE('',#1094,#1095);
#1094 = CARTESIAN_POINT('',(-22.4,-22.4));
#1095 = VECTOR('',#1096,1.);
#1096 = DIRECTION('',(1.,0.));
#1097 = ( GEOMETRIC_REPRESENTATION_CONTEXT(2) 
PARAMETRIC_REPRESENTATION_CONTEXT() REPRESENTATION_CONTEXT('2D SPACE',''
  ) );
#1098 = PCURVE('',#880,#1099);
#1099 = DEFINITIONAL_REPRESENTATION('',(#1100),#1104);
#1100 = LINE('',#1101,#1102);
#1101 = CARTESIAN_POINT('',(0.,0.));
#1102 = VECTOR('',#1103,1.);
#1103 = DIRECTION('',(1.,0.));
#1104 = ( GEOMETRIC_REPRESENTATION_CONTEXT(2) 
PARAMETRIC_REPRESENTATION_CONTEXT() REPRESENTATION_CONTEXT('2D SPACE',''
  ) );
#1105 = ORIENTED_EDGE('',*,*,#1106,.T.);
#1106 = EDGE_CURVE('',#1084,#1107,#1109,.T.);
#1107 = VERTEX_POINT('',#1108);
#1108 = CARTESIAN_POINT('',(4.,-52.4,28.));
#1109 = SURFACE_CURVE('',#1110,(#1114,#1121),.PCURVE_S1.);
#1110 = LINE('',#1111,#1112);
#1111 = CARTESIAN_POINT('',(4.,-22.3,28.));
#1112 = VECTOR('',#1113,1.);
#1113 = DIRECTION('',(-2.22044604925E-16,-1.,0.));
#1114 = PCURVE('',#142,#1115);
#1115 = DEFINITIONAL_REPRESENTATION('',(#1116),#1120);
#1116 = LINE('',#1117,#1118);
#1117 = CARTESIAN_POINT('',(4.,-22.3));
#1118 = VECTOR('',#1119,1.);
#1119 = DIRECTION('',(-2.22044604925E-16,-1.));
#1120 = ( GEOMETRIC_REPRESENTATION_CONTEXT(2) 
PARAMETRIC_REPRESENTATION_CONTEXT() REPRESENTATION_CONTEXT('2D SPACE',''
  ) );
#1121 = PCURVE('',#1122,#1127);
#1122 = PLANE('',#1123);
#1123 = AXIS2_PLACEMENT_3D('',#1124,#1125,#1126);
#1124 = CARTESIAN_POINT('',(4.,-33.85969008876,34.509690088763));
#1125 = DIRECTION('',(-1.,2.22044604925E-16,-0.));
#1126 = DIRECTION('',(0.,-0.,-1.));
#1127 = DEFINITIONAL_REPRESENTATION('',(#1128),#1132);
#1128 = LINE('',#1129,#1130);
#1129 = CARTESIAN_POINT('',(6.509690088763,-11.55969008876));
#1130 = VECTOR('',#1131,1.);
#1131 = DIRECTION('',(0.,1.));
#1132 = ( GEOMETRIC_REPRESENTATION_CONTEXT(2) 
PARAMETRIC_REPRESENTATION_CONTEXT() REPRESENTATION_CONTEXT('2D SPACE',''
  ) );
#1133 = ORIENTED_EDGE('',*,*,#1134,.T.);
#1134 = EDGE_CURVE('',#1107,#837,#1135,.T.);
#1135 = SURFACE_CURVE('',#1136,(#1140,#1147),.PCURVE_S1.);
#1136 = LINE('',#1137,#1138);
#1137 = CARTESIAN_POINT('',(4.,-52.4,28.));
#1138 = VECTOR('',#1139,1.);
#1139 = DIRECTION('',(-1.,2.22044604925E-16,0.));
#1140 = PCURVE('',#142,#1141);
#1141 = DEFINITIONAL_REPRESENTATION('',(#1142),#1146);
#1142 = LINE('',#1143,#1144);
#1143 = CARTESIAN_POINT('',(4.,-52.4));
#1144 = VECTOR('',#1145,1.);
#1145 = DIRECTION('',(-1.,2.22044604925E-16));
#1146 = ( GEOMETRIC_REPRESENTATION_CONTEXT(2) 
PARAMETRIC_REPRESENTATION_CONTEXT() REPRESENTATION_CONTEXT('2D SPACE',''
  ) );
#1147 = PCURVE('',#1148,#1153);
#1148 = PLANE('',#1149);
#1149 = AXIS2_PLACEMENT_3D('',#1150,#1151,#1152);
#1150 = CARTESIAN_POINT('',(-1.163513729807E-14,-52.4,28.));
#1151 = DIRECTION('',(1.228844613061E-16,0.553422414148,-0.832900733292)
  );
#1152 = DIRECTION('',(1.849411142657E-16,0.832900733292,0.553422414148)
  );
#1153 = DEFINITIONAL_REPRESENTATION('',(#1154),#1158);
#1154 = LINE('',#1155,#1156);
#1155 = CARTESIAN_POINT('',(7.397644570627E-16,4.));
#1156 = VECTOR('',#1157,1.);
#1157 = DIRECTION('',(0.,-1.));
#1158 = ( GEOMETRIC_REPRESENTATION_CONTEXT(2) 
PARAMETRIC_REPRESENTATION_CONTEXT() REPRESENTATION_CONTEXT('2D SPACE',''
  ) );
#1159 = FACE_BOUND('',#1160,.T.);
#1160 = EDGE_LOOP('',(#1161));
#1161 = ORIENTED_EDGE('',*,*,#1162,.T.);
#1162 = EDGE_CURVE('',#1163,#1163,#1165,.T.);
#1163 = VERTEX_POINT('',#1164);
#1164 = CARTESIAN_POINT('',(-67.75,45.,28.));
#1165 = SURFACE_CURVE('',#1166,(#1171,#1182),.PCURVE_S1.);
#1166 = CIRCLE('',#1167,2.75);
#1167 = AXIS2_PLACEMENT_3D('',#1168,#1169,#1170);
#1168 = CARTESIAN_POINT('',(-65.,45.,28.));
#1169 = DIRECTION('',(0.,0.,-1.));
#1170 = DIRECTION('',(-1.,0.,0.));
#1171 = PCURVE('',#142,#1172);
#1172 = DEFINITIONAL_REPRESENTATION('',(#1173),#1181);
#1173 = ( BOUNDED_CURVE() B_SPLINE_CURVE(2,(#1174,#1175,#1176,#1177,
#1178,#1179,#1180),.UNSPECIFIED.,.T.,.F.) B_SPLINE_CURVE_WITH_KNOTS((1,2
    ,2,2,2,1),(-2.094395102393,0.,2.094395102393,4.188790204786,
6.28318530718,8.377580409573),.UNSPECIFIED.) CURVE() 
GEOMETRIC_REPRESENTATION_ITEM() RATIONAL_B_SPLINE_CURVE((1.,0.5,1.,0.5,
1.,0.5,1.)) REPRESENTATION_ITEM('') );
#1174 = CARTESIAN_POINT('',(-67.75,45.));
#1175 = CARTESIAN_POINT('',(-67.75,49.763139720814));
#1176 = CARTESIAN_POINT('',(-63.625,47.381569860407));
#1177 = CARTESIAN_POINT('',(-59.5,45.));
#1178 = CARTESIAN_POINT('',(-63.625,42.618430139593));
#1179 = CARTESIAN_POINT('',(-67.75,40.236860279186));
#1180 = CARTESIAN_POINT('',(-67.75,45.));
#1181 = ( GEOMETRIC_REPRESENTATION_CONTEXT(2) 
PARAMETRIC_REPRESENTATION_CONTEXT() REPRESENTATION_CONTEXT('2D SPACE',''
  ) );
#1182 = PCURVE('',#469,#1183);
#1183 = DEFINITIONAL_REPRESENTATION('',(#1184),#1188);
#1184 = LINE('',#1185,#1186);
#1185 = CARTESIAN_POINT('',(0.,0.));
#1186 = VECTOR('',#1187,1.);
#1187 = DIRECTION('',(1.,0.));
#1188 = ( GEOMETRIC_REPRESENTATION_CONTEXT(2) 
PARAMETRIC_REPRESENTATION_CONTEXT() REPRESENTATION_CONTEXT('2D SPACE',''
  ) );
#1189 = FACE_BOUND('',#1190,.T.);
#1190 = EDGE_LOOP('',(#1191,#1219,#1245,#1271));
#1191 = ORIENTED_EDGE('',*,*,#1192,.T.);
#1192 = EDGE_CURVE('',#1193,#1195,#1197,.T.);
#1193 = VERTEX_POINT('',#1194);
#1194 = CARTESIAN_POINT('',(90.9,33.5,28.));
#1195 = VERTEX_POINT('',#1196);
#1196 = CARTESIAN_POINT('',(90.9,-33.5,28.));
#1197 = SURFACE_CURVE('',#1198,(#1202,#1208),.PCURVE_S1.);
#1198 = LINE('',#1199,#1200);
#1199 = CARTESIAN_POINT('',(90.9,-16.75,28.));
#1200 = VECTOR('',#1201,1.);
#1201 = DIRECTION('',(0.,-1.,0.));
#1202 = PCURVE('',#142,#1203);
#1203 = DEFINITIONAL_REPRESENTATION('',(#1204),#1207);
#1204 = B_SPLINE_CURVE_WITH_KNOTS('',1,(#1205,#1206),.UNSPECIFIED.,.F.,
  .F.,(2,2),(-50.25,16.75),.PIECEWISE_BEZIER_KNOTS.);
#1205 = CARTESIAN_POINT('',(90.9,33.5));
#1206 = CARTESIAN_POINT('',(90.9,-33.5));
#1207 = ( GEOMETRIC_REPRESENTATION_CONTEXT(2) 
PARAMETRIC_REPRESENTATION_CONTEXT() REPRESENTATION_CONTEXT('2D SPACE',''
  ) );
#1208 = PCURVE('',#1209,#1214);
#1209 = PLANE('',#1210);
#1210 = AXIS2_PLACEMENT_3D('',#1211,#1212,#1213);
#1211 = CARTESIAN_POINT('',(90.9,-33.5,25.));
#1212 = DIRECTION('',(-1.,0.,0.));
#1213 = DIRECTION('',(0.,1.,0.));
#1214 = DEFINITIONAL_REPRESENTATION('',(#1215),#1218);
#1215 = B_SPLINE_CURVE_WITH_KNOTS('',1,(#1216,#1217),.UNSPECIFIED.,.F.,
  .F.,(2,2),(-50.25,16.75),.PIECEWISE_BEZIER_KNOTS.);
#1216 = CARTESIAN_POINT('',(67.,-3.));
#1217 = CARTESIAN_POINT('',(0.,-3.));
#1218 = ( GEOMETRIC_REPRESENTATION_CONTEXT(2) 
PARAMETRIC_REPRESENTATION_CONTEXT() REPRESENTATION_CONTEXT('2D SPACE',''
  ) );
#1219 = ORIENTED_EDGE('',*,*,#1220,.T.);
#1220 = EDGE_CURVE('',#1195,#1221,#1223,.T.);
#1221 = VERTEX_POINT('',#1222);
#1222 = CARTESIAN_POINT('',(23.9,-33.5,28.));
#1223 = SURFACE_CURVE('',#1224,(#1228,#1234),.PCURVE_S1.);
#1224 = LINE('',#1225,#1226);
#1225 = CARTESIAN_POINT('',(11.95,-33.5,28.));
#1226 = VECTOR('',#1227,1.);
#1227 = DIRECTION('',(-1.,0.,0.));
#1228 = PCURVE('',#142,#1229);
#1229 = DEFINITIONAL_REPRESENTATION('',(#1230),#1233);
#1230 = B_SPLINE_CURVE_WITH_KNOTS('',1,(#1231,#1232),.UNSPECIFIED.,.F.,
  .F.,(2,2),(-78.95,-11.95),.PIECEWISE_BEZIER_KNOTS.);
#1231 = CARTESIAN_POINT('',(90.9,-33.5));
#1232 = CARTESIAN_POINT('',(23.9,-33.5));
#1233 = ( GEOMETRIC_REPRESENTATION_CONTEXT(2) 
PARAMETRIC_REPRESENTATION_CONTEXT() REPRESENTATION_CONTEXT('2D SPACE',''
  ) );
#1234 = PCURVE('',#1235,#1240);
#1235 = PLANE('',#1236);
#1236 = AXIS2_PLACEMENT_3D('',#1237,#1238,#1239);
#1237 = CARTESIAN_POINT('',(23.9,-33.5,25.));
#1238 = DIRECTION('',(0.,1.,0.));
#1239 = DIRECTION('',(1.,0.,0.));
#1240 = DEFINITIONAL_REPRESENTATION('',(#1241),#1244);
#1241 = B_SPLINE_CURVE_WITH_KNOTS('',1,(#1242,#1243),.UNSPECIFIED.,.F.,
  .F.,(2,2),(-78.95,-11.95),.PIECEWISE_BEZIER_KNOTS.);
#1242 = CARTESIAN_POINT('',(67.,-3.));
#1243 = CARTESIAN_POINT('',(0.,-3.));
#1244 = ( GEOMETRIC_REPRESENTATION_CONTEXT(2) 
PARAMETRIC_REPRESENTATION_CONTEXT() REPRESENTATION_CONTEXT('2D SPACE',''
  ) );
#1245 = ORIENTED_EDGE('',*,*,#1246,.T.);
#1246 = EDGE_CURVE('',#1221,#1247,#1249,.T.);
#1247 = VERTEX_POINT('',#1248);
#1248 = CARTESIAN_POINT('',(23.9,33.5,28.));
#1249 = SURFACE_CURVE('',#1250,(#1254,#1260),.PCURVE_S1.);
#1250 = LINE('',#1251,#1252);
#1251 = CARTESIAN_POINT('',(23.9,16.75,28.));
#1252 = VECTOR('',#1253,1.);
#1253 = DIRECTION('',(-0.,1.,0.));
#1254 = PCURVE('',#142,#1255);
#1255 = DEFINITIONAL_REPRESENTATION('',(#1256),#1259);
#1256 = B_SPLINE_CURVE_WITH_KNOTS('',1,(#1257,#1258),.UNSPECIFIED.,.F.,
  .F.,(2,2),(-50.25,16.75),.PIECEWISE_BEZIER_KNOTS.);
#1257 = CARTESIAN_POINT('',(23.9,-33.5));
#1258 = CARTESIAN_POINT('',(23.9,33.5));
#1259 = ( GEOMETRIC_REPRESENTATION_CONTEXT(2) 
PARAMETRIC_REPRESENTATION_CONTEXT() REPRESENTATION_CONTEXT('2D SPACE',''
  ) );
#1260 = PCURVE('',#1261,#1266);
#1261 = PLANE('',#1262);
#1262 = AXIS2_PLACEMENT_3D('',#1263,#1264,#1265);
#1263 = CARTESIAN_POINT('',(23.9,33.5,25.));
#1264 = DIRECTION('',(1.,0.,-0.));
#1265 = DIRECTION('',(0.,-1.,0.));
#1266 = DEFINITIONAL_REPRESENTATION('',(#1267),#1270);
#1267 = B_SPLINE_CURVE_WITH_KNOTS('',1,(#1268,#1269),.UNSPECIFIED.,.F.,
  .F.,(2,2),(-50.25,16.75),.PIECEWISE_BEZIER_KNOTS.);
#1268 = CARTESIAN_POINT('',(67.,-3.));
#1269 = CARTESIAN_POINT('',(0.,-3.));
#1270 = ( GEOMETRIC_REPRESENTATION_CONTEXT(2) 
PARAMETRIC_REPRESENTATION_CONTEXT() REPRESENTATION_CONTEXT('2D SPACE',''
  ) );
#1271 = ORIENTED_EDGE('',*,*,#1272,.T.);
#1272 = EDGE_CURVE('',#1247,#1193,#1273,.T.);
#1273 = SURFACE_CURVE('',#1274,(#1278,#1284),.PCURVE_S1.);
#1274 = LINE('',#1275,#1276);
#1275 = CARTESIAN_POINT('',(45.45,33.5,28.));
#1276 = VECTOR('',#1277,1.);
#1277 = DIRECTION('',(1.,0.,-0.));
#1278 = PCURVE('',#142,#1279);
#1279 = DEFINITIONAL_REPRESENTATION('',(#1280),#1283);
#1280 = B_SPLINE_CURVE_WITH_KNOTS('',1,(#1281,#1282),.UNSPECIFIED.,.F.,
  .F.,(2,2),(-21.55,45.45),.PIECEWISE_BEZIER_KNOTS.);
#1281 = CARTESIAN_POINT('',(23.9,33.5));
#1282 = CARTESIAN_POINT('',(90.9,33.5));
#1283 = ( GEOMETRIC_REPRESENTATION_CONTEXT(2) 
PARAMETRIC_REPRESENTATION_CONTEXT() REPRESENTATION_CONTEXT('2D SPACE',''
  ) );
#1284 = PCURVE('',#1285,#1290);
#1285 = PLANE('',#1286);
#1286 = AXIS2_PLACEMENT_3D('',#1287,#1288,#1289);
#1287 = CARTESIAN_POINT('',(90.9,33.5,25.));
#1288 = DIRECTION('',(0.,-1.,0.));
#1289 = DIRECTION('',(-1.,0.,0.));
#1290 = DEFINITIONAL_REPRESENTATION('',(#1291),#1294);
#1291 = B_SPLINE_CURVE_WITH_KNOTS('',1,(#1292,#1293),.UNSPECIFIED.,.F.,
  .F.,(2,2),(-21.55,45.45),.PIECEWISE_BEZIER_KNOTS.);
#1292 = CARTESIAN_POINT('',(67.,-3.));
#1293 = CARTESIAN_POINT('',(0.,-3.));
#1294 = ( GEOMETRIC_REPRESENTATION_CONTEXT(2) 
PARAMETRIC_REPRESENTATION_CONTEXT() REPRESENTATION_CONTEXT('2D SPACE',''
  ) );
#1295 = FACE_BOUND('',#1296,.T.);
#1296 = EDGE_LOOP('',(#1297));
#1297 = ORIENTED_EDGE('',*,*,#1298,.T.);
#1298 = EDGE_CURVE('',#1299,#1299,#1301,.T.);
#1299 = VERTEX_POINT('',#1300);
#1300 = CARTESIAN_POINT('',(62.25,45.,28.));
#1301 = SURFACE_CURVE('',#1302,(#1307,#1318),.PCURVE_S1.);
#1302 = CIRCLE('',#1303,2.75);
#1303 = AXIS2_PLACEMENT_3D('',#1304,#1305,#1306);
#1304 = CARTESIAN_POINT('',(65.,45.,28.));
#1305 = DIRECTION('',(0.,0.,-1.));
#1306 = DIRECTION('',(-1.,0.,0.));
#1307 = PCURVE('',#142,#1308);
#1308 = DEFINITIONAL_REPRESENTATION('',(#1309),#1317);
#1309 = ( BOUNDED_CURVE() B_SPLINE_CURVE(2,(#1310,#1311,#1312,#1313,
#1314,#1315,#1316),.UNSPECIFIED.,.T.,.F.) B_SPLINE_CURVE_WITH_KNOTS((1,2
    ,2,2,2,1),(-2.094395102393,0.,2.094395102393,4.188790204786,
6.28318530718,8.377580409573),.UNSPECIFIED.) CURVE() 
GEOMETRIC_REPRESENTATION_ITEM() RATIONAL_B_SPLINE_CURVE((1.,0.5,1.,0.5,
1.,0.5,1.)) REPRESENTATION_ITEM('') );
#1310 = CARTESIAN_POINT('',(62.25,45.));
#1311 = CARTESIAN_POINT('',(62.25,49.763139720814));
#1312 = CARTESIAN_POINT('',(66.375,47.381569860407));
#1313 = CARTESIAN_POINT('',(70.5,45.));
#1314 = CARTESIAN_POINT('',(66.375,42.618430139593));
#1315 = CARTESIAN_POINT('',(62.25,40.236860279186));
#1316 = CARTESIAN_POINT('',(62.25,45.));
#1317 = ( GEOMETRIC_REPRESENTATION_CONTEXT(2) 
PARAMETRIC_REPRESENTATION_CONTEXT() REPRESENTATION_CONTEXT('2D SPACE',''
  ) );
#1318 = PCURVE('',#535,#1319);
#1319 = DEFINITIONAL_REPRESENTATION('',(#1320),#1324);
#1320 = LINE('',#1321,#1322);
#1321 = CARTESIAN_POINT('',(0.,0.));
#1322 = VECTOR('',#1323,1.);
#1323 = DIRECTION('',(1.,0.));
#1324 = ( GEOMETRIC_REPRESENTATION_CONTEXT(2) 
PARAMETRIC_REPRESENTATION_CONTEXT() REPRESENTATION_CONTEXT('2D SPACE',''
  ) );
#1325 = ADVANCED_FACE('',(#1326),#338,.F.);
#1326 = FACE_BOUND('',#1327,.F.);
#1327 = EDGE_LOOP('',(#1328,#1329,#1350,#1351));
#1328 = ORIENTED_EDGE('',*,*,#322,.F.);
#1329 = ORIENTED_EDGE('',*,*,#1330,.T.);
#1330 = EDGE_CURVE('',#294,#727,#1331,.T.);
#1331 = SURFACE_CURVE('',#1332,(#1336,#1343),.PCURVE_S1.);
#1332 = LINE('',#1333,#1334);
#1333 = CARTESIAN_POINT('',(-94.9,52.,0.));
#1334 = VECTOR('',#1335,1.);
#1335 = DIRECTION('',(0.,0.,1.));
#1336 = PCURVE('',#338,#1337);
#1337 = DEFINITIONAL_REPRESENTATION('',(#1338),#1342);
#1338 = LINE('',#1339,#1340);
#1339 = CARTESIAN_POINT('',(8.,0.));
#1340 = VECTOR('',#1341,1.);
#1341 = DIRECTION('',(0.,-1.));
#1342 = ( GEOMETRIC_REPRESENTATION_CONTEXT(2) 
PARAMETRIC_REPRESENTATION_CONTEXT() REPRESENTATION_CONTEXT('2D SPACE',''
  ) );
#1343 = PCURVE('',#310,#1344);
#1344 = DEFINITIONAL_REPRESENTATION('',(#1345),#1349);
#1345 = LINE('',#1346,#1347);
#1346 = CARTESIAN_POINT('',(1.570796326795,0.));
#1347 = VECTOR('',#1348,1.);
#1348 = DIRECTION('',(0.,1.));
#1349 = ( GEOMETRIC_REPRESENTATION_CONTEXT(2) 
PARAMETRIC_REPRESENTATION_CONTEXT() REPRESENTATION_CONTEXT('2D SPACE',''
  ) );
#1350 = ORIENTED_EDGE('',*,*,#750,.T.);
#1351 = ORIENTED_EDGE('',*,*,#551,.F.);
#1352 = ADVANCED_FACE('',(#1353),#224,.F.);
#1353 = FACE_BOUND('',#1354,.F.);
#1354 = EDGE_LOOP('',(#1355,#1356,#1357,#1358));
#1355 = ORIENTED_EDGE('',*,*,#208,.F.);
#1356 = ORIENTED_EDGE('',*,*,#605,.T.);
#1357 = ORIENTED_EDGE('',*,*,#656,.T.);
#1358 = ORIENTED_EDGE('',*,*,#1359,.F.);
#1359 = EDGE_CURVE('',#209,#657,#1360,.T.);
#1360 = SURFACE_CURVE('',#1361,(#1365,#1372),.PCURVE_S1.);
#1361 = LINE('',#1362,#1363);
#1362 = CARTESIAN_POINT('',(94.9,52.,0.));
#1363 = VECTOR('',#1364,1.);
#1364 = DIRECTION('',(0.,0.,1.));
#1365 = PCURVE('',#224,#1366);
#1366 = DEFINITIONAL_REPRESENTATION('',(#1367),#1371);
#1367 = LINE('',#1368,#1369);
#1368 = CARTESIAN_POINT('',(112.,0.));
#1369 = VECTOR('',#1370,1.);
#1370 = DIRECTION('',(0.,-1.));
#1371 = ( GEOMETRIC_REPRESENTATION_CONTEXT(2) 
PARAMETRIC_REPRESENTATION_CONTEXT() REPRESENTATION_CONTEXT('2D SPACE',''
  ) );
#1372 = PCURVE('',#253,#1373);
#1373 = DEFINITIONAL_REPRESENTATION('',(#1374),#1378);
#1374 = LINE('',#1375,#1376);
#1375 = CARTESIAN_POINT('',(0.,0.));
#1376 = VECTOR('',#1377,1.);
#1377 = DIRECTION('',(0.,1.));
#1378 = ( GEOMETRIC_REPRESENTATION_CONTEXT(2) 
PARAMETRIC_REPRESENTATION_CONTEXT() REPRESENTATION_CONTEXT('2D SPACE',''
  ) );
#1379 = ADVANCED_FACE('',(#1380),#310,.T.);
#1380 = FACE_BOUND('',#1381,.T.);
#1381 = EDGE_LOOP('',(#1382,#1383,#1384,#1385));
#1382 = ORIENTED_EDGE('',*,*,#293,.T.);
#1383 = ORIENTED_EDGE('',*,*,#1330,.T.);
#1384 = ORIENTED_EDGE('',*,*,#726,.F.);
#1385 = ORIENTED_EDGE('',*,*,#1386,.F.);
#1386 = EDGE_CURVE('',#266,#704,#1387,.T.);
#1387 = SURFACE_CURVE('',#1388,(#1392,#1399),.PCURVE_S1.);
#1388 = LINE('',#1389,#1390);
#1389 = CARTESIAN_POINT('',(-86.9,60.,0.));
#1390 = VECTOR('',#1391,1.);
#1391 = DIRECTION('',(0.,0.,1.));
#1392 = PCURVE('',#310,#1393);
#1393 = DEFINITIONAL_REPRESENTATION('',(#1394),#1398);
#1394 = LINE('',#1395,#1396);
#1395 = CARTESIAN_POINT('',(0.,0.));
#1396 = VECTOR('',#1397,1.);
#1397 = DIRECTION('',(0.,1.));
#1398 = ( GEOMETRIC_REPRESENTATION_CONTEXT(2) 
PARAMETRIC_REPRESENTATION_CONTEXT() REPRESENTATION_CONTEXT('2D SPACE',''
  ) );
#1399 = PCURVE('',#281,#1400);
#1400 = DEFINITIONAL_REPRESENTATION('',(#1401),#1405);
#1401 = LINE('',#1402,#1403);
#1402 = CARTESIAN_POINT('',(181.8,0.));
#1403 = VECTOR('',#1404,1.);
#1404 = DIRECTION('',(0.,-1.));
#1405 = ( GEOMETRIC_REPRESENTATION_CONTEXT(2) 
PARAMETRIC_REPRESENTATION_CONTEXT() REPRESENTATION_CONTEXT('2D SPACE',''
  ) );
#1406 = ADVANCED_FACE('',(#1407),#253,.T.);
#1407 = FACE_BOUND('',#1408,.T.);
#1408 = EDGE_LOOP('',(#1409,#1410,#1431,#1432));
#1409 = ORIENTED_EDGE('',*,*,#236,.T.);
#1410 = ORIENTED_EDGE('',*,*,#1411,.T.);
#1411 = EDGE_CURVE('',#237,#680,#1412,.T.);
#1412 = SURFACE_CURVE('',#1413,(#1417,#1424),.PCURVE_S1.);
#1413 = LINE('',#1414,#1415);
#1414 = CARTESIAN_POINT('',(86.9,60.,0.));
#1415 = VECTOR('',#1416,1.);
#1416 = DIRECTION('',(0.,0.,1.));
#1417 = PCURVE('',#253,#1418);
#1418 = DEFINITIONAL_REPRESENTATION('',(#1419),#1423);
#1419 = LINE('',#1420,#1421);
#1420 = CARTESIAN_POINT('',(1.570796326795,0.));
#1421 = VECTOR('',#1422,1.);
#1422 = DIRECTION('',(0.,1.));
#1423 = ( GEOMETRIC_REPRESENTATION_CONTEXT(2) 
PARAMETRIC_REPRESENTATION_CONTEXT() REPRESENTATION_CONTEXT('2D SPACE',''
  ) );
#1424 = PCURVE('',#281,#1425);
#1425 = DEFINITIONAL_REPRESENTATION('',(#1426),#1430);
#1426 = LINE('',#1427,#1428);
#1427 = CARTESIAN_POINT('',(8.,0.));
#1428 = VECTOR('',#1429,1.);
#1429 = DIRECTION('',(0.,-1.));
#1430 = ( GEOMETRIC_REPRESENTATION_CONTEXT(2) 
PARAMETRIC_REPRESENTATION_CONTEXT() REPRESENTATION_CONTEXT('2D SPACE',''
  ) );
#1431 = ORIENTED_EDGE('',*,*,#679,.F.);
#1432 = ORIENTED_EDGE('',*,*,#1359,.F.);
#1433 = ADVANCED_FACE('',(#1434),#281,.F.);
#1434 = FACE_BOUND('',#1435,.F.);
#1435 = EDGE_LOOP('',(#1436,#1437,#1438,#1439));
#1436 = ORIENTED_EDGE('',*,*,#265,.F.);
#1437 = ORIENTED_EDGE('',*,*,#1411,.T.);
#1438 = ORIENTED_EDGE('',*,*,#703,.T.);
#1439 = ORIENTED_EDGE('',*,*,#1386,.F.);
#1440 = ADVANCED_FACE('',(#1441),#399,.F.);
#1441 = FACE_BOUND('',#1442,.F.);
#1442 = EDGE_LOOP('',(#1443,#1444,#1465,#1466));
#1443 = ORIENTED_EDGE('',*,*,#378,.F.);
#1444 = ORIENTED_EDGE('',*,*,#1445,.F.);
#1445 = EDGE_CURVE('',#775,#379,#1446,.T.);
#1446 = SEAM_CURVE('',#1447,(#1451,#1458),.PCURVE_S1.);
#1447 = LINE('',#1448,#1449);
#1448 = CARTESIAN_POINT('',(-67.75,-45.,28.));
#1449 = VECTOR('',#1450,1.);
#1450 = DIRECTION('',(0.,0.,-1.));
#1451 = PCURVE('',#399,#1452);
#1452 = DEFINITIONAL_REPRESENTATION('',(#1453),#1457);
#1453 = LINE('',#1454,#1455);
#1454 = CARTESIAN_POINT('',(6.28318530718,-0.));
#1455 = VECTOR('',#1456,1.);
#1456 = DIRECTION('',(0.,1.));
#1457 = ( GEOMETRIC_REPRESENTATION_CONTEXT(2) 
PARAMETRIC_REPRESENTATION_CONTEXT() REPRESENTATION_CONTEXT('2D SPACE',''
  ) );
#1458 = PCURVE('',#399,#1459);
#1459 = DEFINITIONAL_REPRESENTATION('',(#1460),#1464);
#1460 = LINE('',#1461,#1462);
#1461 = CARTESIAN_POINT('',(0.,-0.));
#1462 = VECTOR('',#1463,1.);
#1463 = DIRECTION('',(0.,1.));
#1464 = ( GEOMETRIC_REPRESENTATION_CONTEXT(2) 
PARAMETRIC_REPRESENTATION_CONTEXT() REPRESENTATION_CONTEXT('2D SPACE',''
  ) );
#1465 = ORIENTED_EDGE('',*,*,#774,.T.);
#1466 = ORIENTED_EDGE('',*,*,#1445,.T.);
#1467 = ADVANCED_FACE('',(#1468),#434,.F.);
#1468 = FACE_BOUND('',#1469,.F.);
#1469 = EDGE_LOOP('',(#1470,#1471,#1492,#1493));
#1470 = ORIENTED_EDGE('',*,*,#413,.F.);
#1471 = ORIENTED_EDGE('',*,*,#1472,.F.);
#1472 = EDGE_CURVE('',#805,#414,#1473,.T.);
#1473 = SEAM_CURVE('',#1474,(#1478,#1485),.PCURVE_S1.);
#1474 = LINE('',#1475,#1476);
#1475 = CARTESIAN_POINT('',(62.25,-45.,28.));
#1476 = VECTOR('',#1477,1.);
#1477 = DIRECTION('',(0.,0.,-1.));
#1478 = PCURVE('',#434,#1479);
#1479 = DEFINITIONAL_REPRESENTATION('',(#1480),#1484);
#1480 = LINE('',#1481,#1482);
#1481 = CARTESIAN_POINT('',(6.28318530718,-0.));
#1482 = VECTOR('',#1483,1.);
#1483 = DIRECTION('',(0.,1.));
#1484 = ( GEOMETRIC_REPRESENTATION_CONTEXT(2) 
PARAMETRIC_REPRESENTATION_CONTEXT() REPRESENTATION_CONTEXT('2D SPACE',''
  ) );
#1485 = PCURVE('',#434,#1486);
#1486 = DEFINITIONAL_REPRESENTATION('',(#1487),#1491);
#1487 = LINE('',#1488,#1489);
#1488 = CARTESIAN_POINT('',(0.,-0.));
#1489 = VECTOR('',#1490,1.);
#1490 = DIRECTION('',(0.,1.));
#1491 = ( GEOMETRIC_REPRESENTATION_CONTEXT(2) 
PARAMETRIC_REPRESENTATION_CONTEXT() REPRESENTATION_CONTEXT('2D SPACE',''
  ) );
#1492 = ORIENTED_EDGE('',*,*,#804,.T.);
#1493 = ORIENTED_EDGE('',*,*,#1472,.T.);
#1494 = ADVANCED_FACE('',(#1495),#469,.F.);
#1495 = FACE_BOUND('',#1496,.F.);
#1496 = EDGE_LOOP('',(#1497,#1498,#1519,#1520));
#1497 = ORIENTED_EDGE('',*,*,#448,.F.);
#1498 = ORIENTED_EDGE('',*,*,#1499,.F.);
#1499 = EDGE_CURVE('',#1163,#449,#1500,.T.);
#1500 = SEAM_CURVE('',#1501,(#1505,#1512),.PCURVE_S1.);
#1501 = LINE('',#1502,#1503);
#1502 = CARTESIAN_POINT('',(-67.75,45.,28.));
#1503 = VECTOR('',#1504,1.);
#1504 = DIRECTION('',(0.,0.,-1.));
#1505 = PCURVE('',#469,#1506);
#1506 = DEFINITIONAL_REPRESENTATION('',(#1507),#1511);
#1507 = LINE('',#1508,#1509);
#1508 = CARTESIAN_POINT('',(6.28318530718,-0.));
#1509 = VECTOR('',#1510,1.);
#1510 = DIRECTION('',(0.,1.));
#1511 = ( GEOMETRIC_REPRESENTATION_CONTEXT(2) 
PARAMETRIC_REPRESENTATION_CONTEXT() REPRESENTATION_CONTEXT('2D SPACE',''
  ) );
#1512 = PCURVE('',#469,#1513);
#1513 = DEFINITIONAL_REPRESENTATION('',(#1514),#1518);
#1514 = LINE('',#1515,#1516);
#1515 = CARTESIAN_POINT('',(0.,-0.));
#1516 = VECTOR('',#1517,1.);
#1517 = DIRECTION('',(0.,1.));
#1518 = ( GEOMETRIC_REPRESENTATION_CONTEXT(2) 
PARAMETRIC_REPRESENTATION_CONTEXT() REPRESENTATION_CONTEXT('2D SPACE',''
  ) );
#1519 = ORIENTED_EDGE('',*,*,#1162,.T.);
#1520 = ORIENTED_EDGE('',*,*,#1499,.T.);
#1521 = ADVANCED_FACE('',(#1522,#2704),#500,.F.);
#1522 = FACE_BOUND('',#1523,.T.);
#1523 = EDGE_LOOP('',(#1524,#1547,#1548,#1549,#1646,#1738,#1761,#1822,
    #1878,#1901,#1934,#1960,#1993,#2019,#2047,#2073,#2106,#2132,#2160,
    #2186,#2219,#2245,#2273,#2299,#2332,#2358,#2384,#2385,#2475,#2476));
#1524 = ORIENTED_EDGE('',*,*,#1525,.F.);
#1525 = EDGE_CURVE('',#484,#1526,#1528,.T.);
#1526 = VERTEX_POINT('',#1527);
#1527 = CARTESIAN_POINT('',(11.,0.,4.5));
#1528 = SEAM_CURVE('',#1529,(#1533,#1540),.PCURVE_S1.);
#1529 = LINE('',#1530,#1531);
#1530 = CARTESIAN_POINT('',(11.,0.,0.));
#1531 = VECTOR('',#1532,1.);
#1532 = DIRECTION('',(0.,0.,1.));
#1533 = PCURVE('',#500,#1534);
#1534 = DEFINITIONAL_REPRESENTATION('',(#1535),#1539);
#1535 = LINE('',#1536,#1537);
#1536 = CARTESIAN_POINT('',(-6.28318530718,0.));
#1537 = VECTOR('',#1538,1.);
#1538 = DIRECTION('',(-0.,-1.));
#1539 = ( GEOMETRIC_REPRESENTATION_CONTEXT(2) 
PARAMETRIC_REPRESENTATION_CONTEXT() REPRESENTATION_CONTEXT('2D SPACE',''
  ) );
#1540 = PCURVE('',#500,#1541);
#1541 = DEFINITIONAL_REPRESENTATION('',(#1542),#1546);
#1542 = LINE('',#1543,#1544);
#1543 = CARTESIAN_POINT('',(-0.,0.));
#1544 = VECTOR('',#1545,1.);
#1545 = DIRECTION('',(-0.,-1.));
#1546 = ( GEOMETRIC_REPRESENTATION_CONTEXT(2) 
PARAMETRIC_REPRESENTATION_CONTEXT() REPRESENTATION_CONTEXT('2D SPACE',''
  ) );
#1547 = ORIENTED_EDGE('',*,*,#483,.F.);
#1548 = ORIENTED_EDGE('',*,*,#1525,.T.);
#1549 = ORIENTED_EDGE('',*,*,#1550,.T.);
#1550 = EDGE_CURVE('',#1526,#1551,#1553,.T.);
#1551 = VERTEX_POINT('',#1552);
#1552 = CARTESIAN_POINT('',(10.24695076596,4.,8.5));
#1553 = SURFACE_CURVE('',#1554,(#1581,#1611),.PCURVE_S1.);
#1554 = B_SPLINE_CURVE_WITH_KNOTS('',7,(#1555,#1556,#1557,#1558,#1559,
    #1560,#1561,#1562,#1563,#1564,#1565,#1566,#1567,#1568,#1569,#1570,
    #1571,#1572,#1573,#1574,#1575,#1576,#1577,#1578,#1579,#1580),
  .UNSPECIFIED.,.F.,.F.,(8,6,6,6,8),(0.,0.167131216846,0.39904950975,
    0.505161171648,1.),.UNSPECIFIED.);
#1555 = CARTESIAN_POINT('',(11.,-3.673940397442E-16,4.5));
#1556 = CARTESIAN_POINT('',(11.,0.183010257923,4.5));
#1557 = CARTESIAN_POINT('',(10.996447746416,0.365711310269,
    4.509768745058));
#1558 = CARTESIAN_POINT('',(10.989364801176,0.54698076767,4.529246684857
    ));
#1559 = CARTESIAN_POINT('',(10.978896302589,0.725706041567,
    4.558165678157));
#1560 = CARTESIAN_POINT('',(10.965307849517,0.900804926277,
    4.596051161468));
#1561 = CARTESIAN_POINT('',(10.948970089162,1.071245876107,
    4.642219987702));
#1562 = CARTESIAN_POINT('',(10.904466637637,1.464782044862,
    4.770087640111));
#1563 = CARTESIAN_POINT('',(10.874169260199,1.68269168701,4.858626509949
    ));
#1564 = CARTESIAN_POINT('',(10.840402511232,1.88928393618,4.959663784743
    ));
#1565 = CARTESIAN_POINT('',(10.804122509003,2.084218181739,
    5.071601505912));
#1566 = CARTESIAN_POINT('',(10.766235867103,2.267300195209,
    5.192947840982));
#1567 = CARTESIAN_POINT('',(10.727571017447,2.43845976122,5.322298844616
    ));
#1568 = CARTESIAN_POINT('',(10.671152345561,2.670605134766,
    5.520561767956));
#1569 = CARTESIAN_POINT('',(10.653415158288,2.741062488987,
    5.584258230536));
#1570 = CARTESIAN_POINT('',(10.635713741881,2.809130395217,
    5.649318967977));
#1571 = CARTESIAN_POINT('',(10.618106636979,2.874835628084,
    5.715656313751));
#1572 = CARTESIAN_POINT('',(10.600648465305,2.938205318675,
    5.783190010132));
#1573 = CARTESIAN_POINT('',(10.583389929669,2.999266954543,
    5.851847208193));
#1574 = CARTESIAN_POINT('',(10.487043881641,3.332168406038,
    6.246671101204));
#1575 = CARTESIAN_POINT('',(10.41289581165,3.557301864212,6.595503270986
    ));
#1576 = CARTESIAN_POINT('',(10.348908256745,3.735265765988,
    6.960916010224));
#1577 = CARTESIAN_POINT('',(10.298592936981,3.867705239207,
    7.337790255381));
#1578 = CARTESIAN_POINT('',(10.264211410109,3.95578300024,7.7221590089)
  );
#1579 = CARTESIAN_POINT('',(10.24695076596,4.,8.110636459283));
#1580 = CARTESIAN_POINT('',(10.24695076596,4.,8.5));
#1581 = PCURVE('',#500,#1582);
#1582 = DEFINITIONAL_REPRESENTATION('',(#1583),#1610);
#1583 = B_SPLINE_CURVE_WITH_KNOTS('',7,(#1584,#1585,#1586,#1587,#1588,
    #1589,#1590,#1591,#1592,#1593,#1594,#1595,#1596,#1597,#1598,#1599,
    #1600,#1601,#1602,#1603,#1604,#1605,#1606,#1607,#1608,#1609),
  .UNSPECIFIED.,.F.,.F.,(8,6,6,6,8),(0.,0.167131216846,0.39904950975,
    0.505161171648,1.),.UNSPECIFIED.);
#1584 = CARTESIAN_POINT('',(0.,-4.5));
#1585 = CARTESIAN_POINT('',(-1.663729617483E-02,-4.5));
#1586 = CARTESIAN_POINT('',(-3.324648571283E-02,-4.509768745058));
#1587 = CARTESIAN_POINT('',(-4.973303850071E-02,-4.529246684857));
#1588 = CARTESIAN_POINT('',(-6.600325765287E-02,-4.558165678157));
#1589 = CARTESIAN_POINT('',(-8.196492271758E-02,-4.596051161468));
#1590 = CARTESIAN_POINT('',(-9.752831883781E-02,-4.642219987702));
#1591 = CARTESIAN_POINT('',(-0.13353236743,-4.770087640111));
#1592 = CARTESIAN_POINT('',(-0.15352636338,-4.858626509949));
#1593 = CARTESIAN_POINT('',(-0.172548450366,-4.959663784743));
#1594 = CARTESIAN_POINT('',(-0.190566998395,-5.071601505912));
#1595 = CARTESIAN_POINT('',(-0.207558847408,-5.192947840983));
#1596 = CARTESIAN_POINT('',(-0.223508776864,-5.322298844616));
#1597 = CARTESIAN_POINT('',(-0.245227211924,-5.520561767956));
#1598 = CARTESIAN_POINT('',(-0.251832061683,-5.584258230536));
#1599 = CARTESIAN_POINT('',(-0.258225566581,-5.649318967977));
#1600 = CARTESIAN_POINT('',(-0.264409214968,-5.715656313751));
#1601 = CARTESIAN_POINT('',(-0.270384500595,-5.783190010132));
#1602 = CARTESIAN_POINT('',(-0.276152922614,-5.851847208193));
#1603 = CARTESIAN_POINT('',(-0.307658653088,-6.246671101204));
#1604 = CARTESIAN_POINT('',(-0.329192487897,-6.595503270986));
#1605 = CARTESIAN_POINT('',(-0.346378926672,-6.960916010225));
#1606 = CARTESIAN_POINT('',(-0.359257881856,-7.33779025538));
#1607 = CARTESIAN_POINT('',(-0.367853397708,-7.7221590089));
#1608 = CARTESIAN_POINT('',(-0.37216853396,-8.110636459283));
#1609 = CARTESIAN_POINT('',(-0.37216853396,-8.5));
#1610 = ( GEOMETRIC_REPRESENTATION_CONTEXT(2) 
PARAMETRIC_REPRESENTATION_CONTEXT() REPRESENTATION_CONTEXT('2D SPACE',''
  ) );
#1611 = PCURVE('',#1612,#1617);
#1612 = CYLINDRICAL_SURFACE('',#1613,4.);
#1613 = AXIS2_PLACEMENT_3D('',#1614,#1615,#1616);
#1614 = CARTESIAN_POINT('',(-1.,0.,8.5));
#1615 = DIRECTION('',(-1.,-0.,-0.));
#1616 = DIRECTION('',(0.,1.,0.));
#1617 = DEFINITIONAL_REPRESENTATION('',(#1618),#1645);
#1618 = B_SPLINE_CURVE_WITH_KNOTS('',7,(#1619,#1620,#1621,#1622,#1623,
    #1624,#1625,#1626,#1627,#1628,#1629,#1630,#1631,#1632,#1633,#1634,
    #1635,#1636,#1637,#1638,#1639,#1640,#1641,#1642,#1643,#1644),
  .UNSPECIFIED.,.F.,.F.,(8,6,6,6,8),(0.,0.167131216846,0.39904950975,
    0.505161171648,1.),.UNSPECIFIED.);
#1619 = CARTESIAN_POINT('',(-4.712388980385,-12.));
#1620 = CARTESIAN_POINT('',(-4.758141544865,-12.));
#1621 = CARTESIAN_POINT('',(-4.8038168031,-11.99644774641));
#1622 = CARTESIAN_POINT('',(-4.849290616793,-11.98936480117));
#1623 = CARTESIAN_POINT('',(-4.894438813705,-11.97889630258));
#1624 = CARTESIAN_POINT('',(-4.93913071545,-11.96530784951));
#1625 = CARTESIAN_POINT('',(-4.98322219241,-11.94897008916));
#1626 = CARTESIAN_POINT('',(-5.086669296239,-11.90446663763));
#1627 = CARTESIAN_POINT('',(-5.145320434282,-11.87416926019));
#1628 = CARTESIAN_POINT('',(-5.202601016595,-11.84040251123));
#1629 = CARTESIAN_POINT('',(-5.258584019589,-11.804122509));
#1630 = CARTESIAN_POINT('',(-5.313324731753,-11.7662358671));
#1631 = CARTESIAN_POINT('',(-5.366864211374,-11.72757101744));
#1632 = CARTESIAN_POINT('',(-5.443185760276,-11.67115234556));
#1633 = CARTESIAN_POINT('',(-5.466921820157,-11.65341515828));
#1634 = CARTESIAN_POINT('',(-5.490447399579,-11.63571374188));
#1635 = CARTESIAN_POINT('',(-5.513774036046,-11.61810663697));
#1636 = CARTESIAN_POINT('',(-5.536913094236,-11.6006484653));
#1637 = CARTESIAN_POINT('',(-5.559875765995,-11.58338992966));
#1638 = CARTESIAN_POINT('',(-5.688985526204,-11.48704388164));
#1639 = CARTESIAN_POINT('',(-5.791937996493,-11.41289581165));
#1640 = CARTESIAN_POINT('',(-5.89241991904,-11.34890825674));
#1641 = CARTESIAN_POINT('',(-5.991125947506,-11.29859293698));
#1642 = CARTESIAN_POINT('',(-6.088725185393,-11.2642114101));
#1643 = CARTESIAN_POINT('',(-6.185844422,-11.24695076596));
#1644 = CARTESIAN_POINT('',(-6.28318530718,-11.24695076596));
#1645 = ( GEOMETRIC_REPRESENTATION_CONTEXT(2) 
PARAMETRIC_REPRESENTATION_CONTEXT() REPRESENTATION_CONTEXT('2D SPACE',''
  ) );
#1646 = ORIENTED_EDGE('',*,*,#1647,.T.);
#1647 = EDGE_CURVE('',#1551,#1648,#1650,.T.);
#1648 = VERTEX_POINT('',#1649);
#1649 = CARTESIAN_POINT('',(11.,0.,12.5));
#1650 = SURFACE_CURVE('',#1651,(#1678,#1708),.PCURVE_S1.);
#1651 = B_SPLINE_CURVE_WITH_KNOTS('',7,(#1652,#1653,#1654,#1655,#1656,
    #1657,#1658,#1659,#1660,#1661,#1662,#1663,#1664,#1665,#1666,#1667,
    #1668,#1669,#1670,#1671,#1672,#1673,#1674,#1675,#1676,#1677),
  .UNSPECIFIED.,.F.,.F.,(8,6,6,6,8),(0.,0.49425597047,0.603599855011,
    0.735089612187,1.),.UNSPECIFIED.);
#1652 = CARTESIAN_POINT('',(10.24695076596,4.,8.5));
#1653 = CARTESIAN_POINT('',(10.24695076596,4.,8.888730600016));
#1654 = CARTESIAN_POINT('',(10.264155341148,3.955926632545,
    9.276581560638));
#1655 = CARTESIAN_POINT('',(10.298425964045,3.868132987844,
    9.660343426616));
#1656 = CARTESIAN_POINT('',(10.348582954863,3.736122099236,
    10.036645143762));
#1657 = CARTESIAN_POINT('',(10.412378557609,3.558740159162,
    10.401539588155));
#1658 = CARTESIAN_POINT('',(10.486323715987,3.334354004594,
    10.749937762179));
#1659 = CARTESIAN_POINT('',(10.582988662623,3.000718328892,
    11.146602694778));
#1660 = CARTESIAN_POINT('',(10.600763102535,2.937861256028,
    11.217339777517));
#1661 = CARTESIAN_POINT('',(10.618749864503,2.872555700455,
    11.28688570818));
#1662 = CARTESIAN_POINT('',(10.636893547216,2.804771609271,
    11.355160896829));
#1663 = CARTESIAN_POINT('',(10.655134327234,2.734479367967,
    11.422077382153));
#1664 = CARTESIAN_POINT('',(10.673407958989,2.661649800435,
    11.487538831469));
#1665 = CARTESIAN_POINT('',(10.713577371427,2.495588346027,
    11.628284529455));
#1666 = CARTESIAN_POINT('',(10.735461479324,2.401193617954,
    11.702888511774));
#1667 = CARTESIAN_POINT('',(10.757173495041,2.303037949382,
    11.77505077065));
#1668 = CARTESIAN_POINT('',(10.778578277379,2.201098071693,
    11.844552952986));
#1669 = CARTESIAN_POINT('',(10.799530961066,2.09535979041,
    11.911159806425));
#1670 = CARTESIAN_POINT('',(10.819877770445,1.98581829261,11.97461891615
    ));
#1671 = CARTESIAN_POINT('',(10.87890246916,1.644134428464,
    12.155625178098));
#1672 = CARTESIAN_POINT('',(10.915599690269,1.398242511337,
    12.263846704513));
#1673 = CARTESIAN_POINT('',(10.947649584466,1.137059855754,
    12.355197313604));
#1674 = CARTESIAN_POINT('',(10.973255601854,0.863362979246,
    12.426454808319));
#1675 = CARTESIAN_POINT('',(10.990997316822,0.580318386783,
    12.475241776419));
#1676 = CARTESIAN_POINT('',(11.,0.291349515292,12.5));
#1677 = CARTESIAN_POINT('',(11.,6.123233995737E-16,12.5));
#1678 = PCURVE('',#500,#1679);
#1679 = DEFINITIONAL_REPRESENTATION('',(#1680),#1707);
#1680 = B_SPLINE_CURVE_WITH_KNOTS('',7,(#1681,#1682,#1683,#1684,#1685,
    #1686,#1687,#1688,#1689,#1690,#1691,#1692,#1693,#1694,#1695,#1696,
    #1697,#1698,#1699,#1700,#1701,#1702,#1703,#1704,#1705,#1706),
  .UNSPECIFIED.,.F.,.F.,(8,6,6,6,8),(0.,0.49425597047,0.603599855011,
    0.735089612187,1.),.UNSPECIFIED.);
#1681 = CARTESIAN_POINT('',(-0.37216853396,-8.5));
#1682 = CARTESIAN_POINT('',(-0.37216853396,-8.888730600016));
#1683 = CARTESIAN_POINT('',(-0.367867414764,-9.276581560638));
#1684 = CARTESIAN_POINT('',(-0.359299625965,-9.660343426616));
#1685 = CARTESIAN_POINT('',(-0.346462198861,-10.03664514376));
#1686 = CARTESIAN_POINT('',(-0.329331391798,-10.40153958815));
#1687 = CARTESIAN_POINT('',(-0.307867713398,-10.74993776217));
#1688 = CARTESIAN_POINT('',(-0.276289805542,-11.14660269477));
#1689 = CARTESIAN_POINT('',(-0.270351566918,-11.21733977751));
#1690 = CARTESIAN_POINT('',(-0.264193871744,-11.28688570818));
#1691 = CARTESIAN_POINT('',(-0.257815080476,-11.35516089682));
#1692 = CARTESIAN_POINT('',(-0.251213562596,-11.42207738215));
#1693 = CARTESIAN_POINT('',(-0.244387696614,-11.48753883146));
#1694 = CARTESIAN_POINT('',(-0.228855807707,-11.62828452945));
#1695 = CARTESIAN_POINT('',(-0.22004727173,-11.70288851177));
#1696 = CARTESIAN_POINT('',(-0.21090909842,-11.77505077065));
#1697 = CARTESIAN_POINT('',(-0.201440777563,-11.84455295298));
#1698 = CARTESIAN_POINT('',(-0.191642389863,-11.91115980642));
#1699 = CARTESIAN_POINT('',(-0.181514544346,-11.97461891615));
#1700 = CARTESIAN_POINT('',(-0.149992313168,-12.15562517809));
#1701 = CARTESIAN_POINT('',(-0.127396835183,-12.26384670451));
#1702 = CARTESIAN_POINT('',(-0.103488342879,-12.3551973136));
#1703 = CARTESIAN_POINT('',(-7.851780876385E-02,-12.42645480831));
#1704 = CARTESIAN_POINT('',(-5.275624787648E-02,-12.47524177641));
#1705 = CARTESIAN_POINT('',(-2.648631957201E-02,-12.5));
#1706 = CARTESIAN_POINT('',(0.,-12.5));
#1707 = ( GEOMETRIC_REPRESENTATION_CONTEXT(2) 
PARAMETRIC_REPRESENTATION_CONTEXT() REPRESENTATION_CONTEXT('2D SPACE',''
  ) );
#1708 = PCURVE('',#1612,#1709);
#1709 = DEFINITIONAL_REPRESENTATION('',(#1710),#1737);
#1710 = B_SPLINE_CURVE_WITH_KNOTS('',7,(#1711,#1712,#1713,#1714,#1715,
    #1716,#1717,#1718,#1719,#1720,#1721,#1722,#1723,#1724,#1725,#1726,
    #1727,#1728,#1729,#1730,#1731,#1732,#1733,#1734,#1735,#1736),
  .UNSPECIFIED.,.F.,.F.,(8,6,6,6,8),(0.,0.49425597047,0.603599855011,
    0.735089612187,1.),.UNSPECIFIED.);
#1711 = CARTESIAN_POINT('',(0.,-11.24695076596));
#1712 = CARTESIAN_POINT('',(-9.718265000388E-02,-11.24695076596));
#1713 = CARTESIAN_POINT('',(-0.194145265829,-11.26415534114));
#1714 = CARTESIAN_POINT('',(-0.291585439353,-11.29842596404));
#1715 = CARTESIAN_POINT('',(-0.390126670357,-11.34858295486));
#1716 = CARTESIAN_POINT('',(-0.490434333636,-11.4123785576));
#1717 = CARTESIAN_POINT('',(-0.593199347864,-11.48632371598));
#1718 = CARTESIAN_POINT('',(-0.722779398618,-11.58298866262));
#1719 = CARTESIAN_POINT('',(-0.746428196111,-11.60076310253));
#1720 = CARTESIAN_POINT('',(-0.77026402946,-11.6187498645));
#1721 = CARTESIAN_POINT('',(-0.794299132645,-11.63689354721));
#1722 = CARTESIAN_POINT('',(-0.818545928917,-11.65513432723));
#1723 = CARTESIAN_POINT('',(-0.843017030797,-11.67340795898));
#1724 = CARTESIAN_POINT('',(-0.897437705947,-11.71357737142));
#1725 = CARTESIAN_POINT('',(-0.927499237758,-11.73546147932));
#1726 = CARTESIAN_POINT('',(-0.957926241814,-11.75717349504));
#1727 = CARTESIAN_POINT('',(-0.988735173907,-11.77857827737));
#1728 = CARTESIAN_POINT('',(-1.019943294197,-11.79953096106));
#1729 = CARTESIAN_POINT('',(-1.05156942211,-11.81987777044));
#1730 = CARTESIAN_POINT('',(-1.148236094845,-11.87890246916));
#1731 = CARTESIAN_POINT('',(-1.21522272787,-11.91559969026));
#1732 = CARTESIAN_POINT('',(-1.284053461204,-11.94764958446));
#1733 = CARTESIAN_POINT('',(-1.354324232316,-11.97325560185));
#1734 = CARTESIAN_POINT('',(-1.425716790977,-11.99099731682));
#1735 = CARTESIAN_POINT('',(-1.497958947972,-12.));
#1736 = CARTESIAN_POINT('',(-1.570796326795,-12.));
#1737 = ( GEOMETRIC_REPRESENTATION_CONTEXT(2) 
PARAMETRIC_REPRESENTATION_CONTEXT() REPRESENTATION_CONTEXT('2D SPACE',''
  ) );
#1738 = ORIENTED_EDGE('',*,*,#1739,.T.);
#1739 = EDGE_CURVE('',#1648,#1740,#1742,.T.);
#1740 = VERTEX_POINT('',#1741);
#1741 = CARTESIAN_POINT('',(11.,0.,44.8));
#1742 = SEAM_CURVE('',#1743,(#1747,#1754),.PCURVE_S1.);
#1743 = LINE('',#1744,#1745);
#1744 = CARTESIAN_POINT('',(11.,0.,0.));
#1745 = VECTOR('',#1746,1.);
#1746 = DIRECTION('',(0.,0.,1.));
#1747 = PCURVE('',#500,#1748);
#1748 = DEFINITIONAL_REPRESENTATION('',(#1749),#1753);
#1749 = LINE('',#1750,#1751);
#1750 = CARTESIAN_POINT('',(-6.28318530718,0.));
#1751 = VECTOR('',#1752,1.);
#1752 = DIRECTION('',(-0.,-1.));
#1753 = ( GEOMETRIC_REPRESENTATION_CONTEXT(2) 
PARAMETRIC_REPRESENTATION_CONTEXT() REPRESENTATION_CONTEXT('2D SPACE',''
  ) );
#1754 = PCURVE('',#500,#1755);
#1755 = DEFINITIONAL_REPRESENTATION('',(#1756),#1760);
#1756 = LINE('',#1757,#1758);
#1757 = CARTESIAN_POINT('',(-0.,0.));
#1758 = VECTOR('',#1759,1.);
#1759 = DIRECTION('',(-0.,-1.));
#1760 = ( GEOMETRIC_REPRESENTATION_CONTEXT(2) 
PARAMETRIC_REPRESENTATION_CONTEXT() REPRESENTATION_CONTEXT('2D SPACE',''
  ) );
#1761 = ORIENTED_EDGE('',*,*,#1762,.T.);
#1762 = EDGE_CURVE('',#1740,#1763,#1765,.T.);
#1763 = VERTEX_POINT('',#1764);
#1764 = CARTESIAN_POINT('',(10.777754868246,2.2,47.));
#1765 = SURFACE_CURVE('',#1766,(#1781,#1799),.PCURVE_S1.);
#1766 = B_SPLINE_CURVE_WITH_KNOTS('',7,(#1767,#1768,#1769,#1770,#1771,
    #1772,#1773,#1774,#1775,#1776,#1777,#1778,#1779,#1780),
  .UNSPECIFIED.,.F.,.F.,(8,6,8),(0.,0.450450921888,1.),.UNSPECIFIED.);
#1767 = CARTESIAN_POINT('',(11.,-2.020667218593E-16,44.8));
#1768 = CARTESIAN_POINT('',(11.,0.268493004911,44.8));
#1769 = CARTESIAN_POINT('',(10.992354041067,0.530688560274,
    44.838228423545));
#1770 = CARTESIAN_POINT('',(10.977709261803,0.780021729943,
    44.911459604671));
#1771 = CARTESIAN_POINT('',(10.957771075389,1.0108459941,45.015148347047
    ));
#1772 = CARTESIAN_POINT('',(10.934953073061,1.218674259196,
    45.143465207666));
#1773 = CARTESIAN_POINT('',(10.911595249436,1.400579184466,
    45.289309347246));
#1774 = CARTESIAN_POINT('',(10.862420482359,1.744802554005,
    45.633532716784));
#1775 = CARTESIAN_POINT('',(10.836425674701,1.899380824829,
    45.841783205942));
#1776 = CARTESIAN_POINT('',(10.813788552245,2.020816480592,
    46.062656504156));
#1777 = CARTESIAN_POINT('',(10.79598811806,2.110677243198,
    46.291801928793));
#1778 = CARTESIAN_POINT('',(10.783841003554,2.170183772064,
    46.526049866104));
#1779 = CARTESIAN_POINT('',(10.777754868246,2.2,46.762878351317));
#1780 = CARTESIAN_POINT('',(10.777754868246,2.2,47.));
#1781 = PCURVE('',#500,#1782);
#1782 = DEFINITIONAL_REPRESENTATION('',(#1783),#1798);
#1783 = B_SPLINE_CURVE_WITH_KNOTS('',7,(#1784,#1785,#1786,#1787,#1788,
    #1789,#1790,#1791,#1792,#1793,#1794,#1795,#1796,#1797),
  .UNSPECIFIED.,.F.,.F.,(8,6,8),(0.,0.450450921888,1.),.UNSPECIFIED.);
#1784 = CARTESIAN_POINT('',(0.,-44.8));
#1785 = CARTESIAN_POINT('',(-2.440845499192E-02,-44.8));
#1786 = CARTESIAN_POINT('',(-4.824443529841E-02,-44.83822842354));
#1787 = CARTESIAN_POINT('',(-7.093472495443E-02,-44.91145960467));
#1788 = CARTESIAN_POINT('',(-9.198531990314E-02,-45.01514834704));
#1789 = CARTESIAN_POINT('',(-0.11098707905,-45.14346520766));
#1790 = CARTESIAN_POINT('',(-0.12765796875,-45.28930934724));
#1791 = CARTESIAN_POINT('',(-0.159268706262,-45.63353271678));
#1792 = CARTESIAN_POINT('',(-0.173514243372,-45.84178320594));
#1793 = CARTESIAN_POINT('',(-0.18474248963,-46.06265650415));
#1794 = CARTESIAN_POINT('',(-0.193070211393,-46.29180192879));
#1795 = CARTESIAN_POINT('',(-0.198591463603,-46.5260498661));
#1796 = CARTESIAN_POINT('',(-0.20135792079,-46.76287835131));
#1797 = CARTESIAN_POINT('',(-0.20135792079,-47.));
#1798 = ( GEOMETRIC_REPRESENTATION_CONTEXT(2) 
PARAMETRIC_REPRESENTATION_CONTEXT() REPRESENTATION_CONTEXT('2D SPACE',''
  ) );
#1799 = PCURVE('',#1800,#1805);
#1800 = CYLINDRICAL_SURFACE('',#1801,2.2);
#1801 = AXIS2_PLACEMENT_3D('',#1802,#1803,#1804);
#1802 = CARTESIAN_POINT('',(-40.,0.,47.));
#1803 = DIRECTION('',(-1.,-0.,-0.));
#1804 = DIRECTION('',(0.,1.,0.));
#1805 = DEFINITIONAL_REPRESENTATION('',(#1806),#1821);
#1806 = B_SPLINE_CURVE_WITH_KNOTS('',7,(#1807,#1808,#1809,#1810,#1811,
    #1812,#1813,#1814,#1815,#1816,#1817,#1818,#1819,#1820),
  .UNSPECIFIED.,.F.,.F.,(8,6,8),(0.,0.450450921888,1.),.UNSPECIFIED.);
#1807 = CARTESIAN_POINT('',(-4.712388980385,-51.));
#1808 = CARTESIAN_POINT('',(-4.834431255344,-51.));
#1809 = CARTESIAN_POINT('',(-4.953610930293,-50.99235404106));
#1810 = CARTESIAN_POINT('',(-5.069913709285,-50.9777092618));
#1811 = CARTESIAN_POINT('',(-5.183113043585,-50.95777107538));
#1812 = CARTESIAN_POINT('',(-5.292770905745,-50.93495307306));
#1813 = CARTESIAN_POINT('',(-5.398113542805,-50.91159524943));
#1814 = CARTESIAN_POINT('',(-5.61938870539,-50.86242048235));
#1815 = CARTESIAN_POINT('',(-5.736006530388,-50.8364256747));
#1816 = CARTESIAN_POINT('',(-5.848964044144,-50.81378855224));
#1817 = CARTESIAN_POINT('',(-5.959230761693,-50.79598811806));
#1818 = CARTESIAN_POINT('',(-6.067753769272,-50.78384100355));
#1819 = CARTESIAN_POINT('',(-6.175402739596,-50.77775486824));
#1820 = CARTESIAN_POINT('',(-6.28318530718,-50.77775486824));
#1821 = ( GEOMETRIC_REPRESENTATION_CONTEXT(2) 
PARAMETRIC_REPRESENTATION_CONTEXT() REPRESENTATION_CONTEXT('2D SPACE',''
  ) );
#1822 = ORIENTED_EDGE('',*,*,#1823,.T.);
#1823 = EDGE_CURVE('',#1763,#1824,#1826,.T.);
#1824 = VERTEX_POINT('',#1825);
#1825 = CARTESIAN_POINT('',(11.,0.,49.2));
#1826 = SURFACE_CURVE('',#1827,(#1842,#1860),.PCURVE_S1.);
#1827 = B_SPLINE_CURVE_WITH_KNOTS('',7,(#1828,#1829,#1830,#1831,#1832,
    #1833,#1834,#1835,#1836,#1837,#1838,#1839,#1840,#1841),
  .UNSPECIFIED.,.F.,.F.,(8,6,8),(0.,0.529887793618,1.),.UNSPECIFIED.);
#1828 = CARTESIAN_POINT('',(10.777754868246,2.2,47.));
#1829 = CARTESIAN_POINT('',(10.777754868246,2.2,47.228324653747));
#1830 = CARTESIAN_POINT('',(10.783397864544,2.172354854582,
    47.456393986548));
#1831 = CARTESIAN_POINT('',(10.794662484088,2.117170870826,
    47.682148571658));
#1832 = CARTESIAN_POINT('',(10.811197339803,2.033884279094,
    47.903337551091));
#1833 = CARTESIAN_POINT('',(10.832297689258,1.921448703251,
    48.117172792855));
#1834 = CARTESIAN_POINT('',(10.856709006364,1.778504641804,
    48.319888587033));
#1835 = CARTESIAN_POINT('',(10.905315725128,1.448673187708,
    48.671123411182));
#1836 = CARTESIAN_POINT('',(10.929844395242,1.264356346033,
    48.827655357378));
#1837 = CARTESIAN_POINT('',(10.954188500518,1.051451040831,
    48.966178455411));
#1838 = CARTESIAN_POINT('',(10.975723704275,0.813003596019,
    49.078611022392));
#1839 = CARTESIAN_POINT('',(10.991657988703,0.553911583975,
    49.158291556568));
#1840 = CARTESIAN_POINT('',(11.,0.280447730698,49.2));
#1841 = CARTESIAN_POINT('',(11.,3.367778697655E-16,49.2));
#1842 = PCURVE('',#500,#1843);
#1843 = DEFINITIONAL_REPRESENTATION('',(#1844),#1859);
#1844 = B_SPLINE_CURVE_WITH_KNOTS('',7,(#1845,#1846,#1847,#1848,#1849,
    #1850,#1851,#1852,#1853,#1854,#1855,#1856,#1857,#1858),
  .UNSPECIFIED.,.F.,.F.,(8,6,8),(0.,0.529887793618,1.),.UNSPECIFIED.);
#1845 = CARTESIAN_POINT('',(-0.20135792079,-47.));
#1846 = CARTESIAN_POINT('',(-0.20135792079,-47.22832465374));
#1847 = CARTESIAN_POINT('',(-0.198792904021,-47.45639398654));
#1848 = CARTESIAN_POINT('',(-0.193672717268,-47.68214857165));
#1849 = CARTESIAN_POINT('',(-0.185953578308,-47.90333755109));
#1850 = CARTESIAN_POINT('',(-0.175554951978,-48.11717279285));
#1851 = CARTESIAN_POINT('',(-0.16237534006,-48.31988858703));
#1852 = CARTESIAN_POINT('',(-0.132066816149,-48.67112341118));
#1853 = CARTESIAN_POINT('',(-0.115164700316,-48.82765535737));
#1854 = CARTESIAN_POINT('',(-9.568897252674E-02,-48.96617845541));
#1855 = CARTESIAN_POINT('',(-7.393636826553E-02,-49.07861102239));
#1856 = CARTESIAN_POINT('',(-5.035562281011E-02,-49.15829155656));
#1857 = CARTESIAN_POINT('',(-2.549524824525E-02,-49.2));
#1858 = CARTESIAN_POINT('',(0.,-49.2));
#1859 = ( GEOMETRIC_REPRESENTATION_CONTEXT(2) 
PARAMETRIC_REPRESENTATION_CONTEXT() REPRESENTATION_CONTEXT('2D SPACE',''
  ) );
#1860 = PCURVE('',#1800,#1861);
#1861 = DEFINITIONAL_REPRESENTATION('',(#1862),#1877);
#1862 = B_SPLINE_CURVE_WITH_KNOTS('',7,(#1863,#1864,#1865,#1866,#1867,
    #1868,#1869,#1870,#1871,#1872,#1873,#1874,#1875,#1876),
  .UNSPECIFIED.,.F.,.F.,(8,6,8),(0.,0.529887793618,1.),.UNSPECIFIED.);
#1863 = CARTESIAN_POINT('',(0.,-50.77775486824));
#1864 = CARTESIAN_POINT('',(-0.103783933521,-50.77775486824));
#1865 = CARTESIAN_POINT('',(-0.207451576489,-50.78339786454));
#1866 = CARTESIAN_POINT('',(-0.311894223774,-50.79466248408));
#1867 = CARTESIAN_POINT('',(-0.417891801877,-50.8111973398));
#1868 = CARTESIAN_POINT('',(-0.526282871635,-50.83229768925));
#1869 = CARTESIAN_POINT('',(-0.637930948776,-50.85670900636));
#1870 = CARTESIAN_POINT('',(-0.856942010143,-50.90531572512));
#1871 = CARTESIAN_POINT('',(-0.966160518698,-50.92984439524));
#1872 = CARTESIAN_POINT('',(-1.080089019462,-50.95418850051));
#1873 = CARTESIAN_POINT('',(-1.197865270498,-50.97572370427));
#1874 = CARTESIAN_POINT('',(-1.319018468795,-50.9916579887));
#1875 = CARTESIAN_POINT('',(-1.443320085569,-51.));
#1876 = CARTESIAN_POINT('',(-1.570796326795,-51.));
#1877 = ( GEOMETRIC_REPRESENTATION_CONTEXT(2) 
PARAMETRIC_REPRESENTATION_CONTEXT() REPRESENTATION_CONTEXT('2D SPACE',''
  ) );
#1878 = ORIENTED_EDGE('',*,*,#1879,.T.);
#1879 = EDGE_CURVE('',#1824,#1880,#1882,.T.);
#1880 = VERTEX_POINT('',#1881);
#1881 = CARTESIAN_POINT('',(11.,0.,62.));
#1882 = SEAM_CURVE('',#1883,(#1887,#1894),.PCURVE_S1.);
#1883 = LINE('',#1884,#1885);
#1884 = CARTESIAN_POINT('',(11.,0.,0.));
#1885 = VECTOR('',#1886,1.);
#1886 = DIRECTION('',(0.,0.,1.));
#1887 = PCURVE('',#500,#1888);
#1888 = DEFINITIONAL_REPRESENTATION('',(#1889),#1893);
#1889 = LINE('',#1890,#1891);
#1890 = CARTESIAN_POINT('',(-6.28318530718,0.));
#1891 = VECTOR('',#1892,1.);
#1892 = DIRECTION('',(-0.,-1.));
#1893 = ( GEOMETRIC_REPRESENTATION_CONTEXT(2) 
PARAMETRIC_REPRESENTATION_CONTEXT() REPRESENTATION_CONTEXT('2D SPACE',''
  ) );
#1894 = PCURVE('',#500,#1895);
#1895 = DEFINITIONAL_REPRESENTATION('',(#1896),#1900);
#1896 = LINE('',#1897,#1898);
#1897 = CARTESIAN_POINT('',(-0.,0.));
#1898 = VECTOR('',#1899,1.);
#1899 = DIRECTION('',(-0.,-1.));
#1900 = ( GEOMETRIC_REPRESENTATION_CONTEXT(2) 
PARAMETRIC_REPRESENTATION_CONTEXT() REPRESENTATION_CONTEXT('2D SPACE',''
  ) );
#1901 = ORIENTED_EDGE('',*,*,#1902,.F.);
#1902 = EDGE_CURVE('',#1903,#1880,#1905,.T.);
#1903 = VERTEX_POINT('',#1904);
#1904 = CARTESIAN_POINT('',(9.6,5.370288632839,62.));
#1905 = SURFACE_CURVE('',#1906,(#1911,#1918),.PCURVE_S1.);
#1906 = CIRCLE('',#1907,11.);
#1907 = AXIS2_PLACEMENT_3D('',#1908,#1909,#1910);
#1908 = CARTESIAN_POINT('',(0.,0.,62.));
#1909 = DIRECTION('',(0.,0.,-1.));
#1910 = DIRECTION('',(1.,0.,0.));
#1911 = PCURVE('',#500,#1912);
#1912 = DEFINITIONAL_REPRESENTATION('',(#1913),#1917);
#1913 = LINE('',#1914,#1915);
#1914 = CARTESIAN_POINT('',(-6.28318530718,-62.));
#1915 = VECTOR('',#1916,1.);
#1916 = DIRECTION('',(1.,-0.));
#1917 = ( GEOMETRIC_REPRESENTATION_CONTEXT(2) 
PARAMETRIC_REPRESENTATION_CONTEXT() REPRESENTATION_CONTEXT('2D SPACE',''
  ) );
#1918 = PCURVE('',#1919,#1924);
#1919 = PLANE('',#1920);
#1920 = AXIS2_PLACEMENT_3D('',#1921,#1922,#1923);
#1921 = CARTESIAN_POINT('',(4.86673106685E-16,-4.86673106685E-16,62.));
#1922 = DIRECTION('',(0.,0.,1.));
#1923 = DIRECTION('',(1.,0.,-0.));
#1924 = DEFINITIONAL_REPRESENTATION('',(#1925),#1933);
#1925 = ( BOUNDED_CURVE() B_SPLINE_CURVE(2,(#1926,#1927,#1928,#1929,
#1930,#1931,#1932),.UNSPECIFIED.,.T.,.F.) B_SPLINE_CURVE_WITH_KNOTS((1,2
    ,2,2,2,1),(-2.094395102393,0.,2.094395102393,4.188790204786,
6.28318530718,8.377580409573),.UNSPECIFIED.) CURVE() 
GEOMETRIC_REPRESENTATION_ITEM() RATIONAL_B_SPLINE_CURVE((1.,0.5,1.,0.5,
1.,0.5,1.)) REPRESENTATION_ITEM('') );
#1926 = CARTESIAN_POINT('',(11.,4.86673106685E-16));
#1927 = CARTESIAN_POINT('',(11.,-19.05255888325));
#1928 = CARTESIAN_POINT('',(-5.5,-9.526279441629));
#1929 = CARTESIAN_POINT('',(-22.,-2.207549851439E-15));
#1930 = CARTESIAN_POINT('',(-5.5,9.526279441629));
#1931 = CARTESIAN_POINT('',(11.,19.052558883258));
#1932 = CARTESIAN_POINT('',(11.,4.86673106685E-16));
#1933 = ( GEOMETRIC_REPRESENTATION_CONTEXT(2) 
PARAMETRIC_REPRESENTATION_CONTEXT() REPRESENTATION_CONTEXT('2D SPACE',''
  ) );
#1934 = ORIENTED_EDGE('',*,*,#1935,.T.);
#1935 = EDGE_CURVE('',#1903,#1936,#1938,.T.);
#1936 = VERTEX_POINT('',#1937);
#1937 = CARTESIAN_POINT('',(9.6,5.370288632839,28.));
#1938 = SURFACE_CURVE('',#1939,(#1943,#1949),.PCURVE_S1.);
#1939 = LINE('',#1940,#1941);
#1940 = CARTESIAN_POINT('',(9.6,5.370288632839,0.));
#1941 = VECTOR('',#1942,1.);
#1942 = DIRECTION('',(-0.,-0.,-1.));
#1943 = PCURVE('',#500,#1944);
#1944 = DEFINITIONAL_REPRESENTATION('',(#1945),#1948);
#1945 = B_SPLINE_CURVE_WITH_KNOTS('',1,(#1946,#1947),.UNSPECIFIED.,.F.,
  .F.,(2,2),(-63.0000006,-24.6),.PIECEWISE_BEZIER_KNOTS.);
#1946 = CARTESIAN_POINT('',(-0.510035303519,-63.0000006));
#1947 = CARTESIAN_POINT('',(-0.510035303519,-24.6));
#1948 = ( GEOMETRIC_REPRESENTATION_CONTEXT(2) 
PARAMETRIC_REPRESENTATION_CONTEXT() REPRESENTATION_CONTEXT('2D SPACE',''
  ) );
#1949 = PCURVE('',#1950,#1955);
#1950 = PLANE('',#1951);
#1951 = AXIS2_PLACEMENT_3D('',#1952,#1953,#1954);
#1952 = CARTESIAN_POINT('',(9.6,-9.6,31.9999998));
#1953 = DIRECTION('',(-1.,0.,0.));
#1954 = DIRECTION('',(0.,1.,0.));
#1955 = DEFINITIONAL_REPRESENTATION('',(#1956),#1959);
#1956 = B_SPLINE_CURVE_WITH_KNOTS('',1,(#1957,#1958),.UNSPECIFIED.,.F.,
  .F.,(2,2),(-63.0000006,-24.6),.PIECEWISE_BEZIER_KNOTS.);
#1957 = CARTESIAN_POINT('',(14.970288632839,-31.0000008));
#1958 = CARTESIAN_POINT('',(14.970288632839,7.3999998));
#1959 = ( GEOMETRIC_REPRESENTATION_CONTEXT(2) 
PARAMETRIC_REPRESENTATION_CONTEXT() REPRESENTATION_CONTEXT('2D SPACE',''
  ) );
#1960 = ORIENTED_EDGE('',*,*,#1961,.F.);
#1961 = EDGE_CURVE('',#1962,#1936,#1964,.T.);
#1962 = VERTEX_POINT('',#1963);
#1963 = CARTESIAN_POINT('',(5.370288632839,9.6,28.));
#1964 = SURFACE_CURVE('',#1965,(#1970,#1977),.PCURVE_S1.);
#1965 = CIRCLE('',#1966,11.);
#1966 = AXIS2_PLACEMENT_3D('',#1967,#1968,#1969);
#1967 = CARTESIAN_POINT('',(0.,0.,28.));
#1968 = DIRECTION('',(0.,0.,-1.));
#1969 = DIRECTION('',(1.,0.,0.));
#1970 = PCURVE('',#500,#1971);
#1971 = DEFINITIONAL_REPRESENTATION('',(#1972),#1976);
#1972 = LINE('',#1973,#1974);
#1973 = CARTESIAN_POINT('',(-6.28318530718,-28.));
#1974 = VECTOR('',#1975,1.);
#1975 = DIRECTION('',(1.,-0.));
#1976 = ( GEOMETRIC_REPRESENTATION_CONTEXT(2) 
PARAMETRIC_REPRESENTATION_CONTEXT() REPRESENTATION_CONTEXT('2D SPACE',''
  ) );
#1977 = PCURVE('',#1978,#1983);
#1978 = PLANE('',#1979);
#1979 = AXIS2_PLACEMENT_3D('',#1980,#1981,#1982);
#1980 = CARTESIAN_POINT('',(2.935747907595E-15,0.,28.));
#1981 = DIRECTION('',(0.,0.,1.));
#1982 = DIRECTION('',(1.,0.,-0.));
#1983 = DEFINITIONAL_REPRESENTATION('',(#1984),#1992);
#1984 = ( BOUNDED_CURVE() B_SPLINE_CURVE(2,(#1985,#1986,#1987,#1988,
#1989,#1990,#1991),.UNSPECIFIED.,.T.,.F.) B_SPLINE_CURVE_WITH_KNOTS((1,2
    ,2,2,2,1),(-2.094395102393,0.,2.094395102393,4.188790204786,
6.28318530718,8.377580409573),.UNSPECIFIED.) CURVE() 
GEOMETRIC_REPRESENTATION_ITEM() RATIONAL_B_SPLINE_CURVE((1.,0.5,1.,0.5,
1.,0.5,1.)) REPRESENTATION_ITEM('') );
#1985 = CARTESIAN_POINT('',(11.,0.));
#1986 = CARTESIAN_POINT('',(11.,-19.05255888325));
#1987 = CARTESIAN_POINT('',(-5.5,-9.526279441629));
#1988 = CARTESIAN_POINT('',(-22.,-2.694222958124E-15));
#1989 = CARTESIAN_POINT('',(-5.5,9.526279441629));
#1990 = CARTESIAN_POINT('',(11.,19.052558883258));
#1991 = CARTESIAN_POINT('',(11.,0.));
#1992 = ( GEOMETRIC_REPRESENTATION_CONTEXT(2) 
PARAMETRIC_REPRESENTATION_CONTEXT() REPRESENTATION_CONTEXT('2D SPACE',''
  ) );
#1993 = ORIENTED_EDGE('',*,*,#1994,.F.);
#1994 = EDGE_CURVE('',#1995,#1962,#1997,.T.);
#1995 = VERTEX_POINT('',#1996);
#1996 = CARTESIAN_POINT('',(5.370288632839,9.6,62.));
#1997 = SURFACE_CURVE('',#1998,(#2002,#2008),.PCURVE_S1.);
#1998 = LINE('',#1999,#2000);
#1999 = CARTESIAN_POINT('',(5.370288632839,9.6,0.));
#2000 = VECTOR('',#2001,1.);
#2001 = DIRECTION('',(-0.,-0.,-1.));
#2002 = PCURVE('',#500,#2003);
#2003 = DEFINITIONAL_REPRESENTATION('',(#2004),#2007);
#2004 = B_SPLINE_CURVE_WITH_KNOTS('',1,(#2005,#2006),.UNSPECIFIED.,.F.,
  .F.,(2,2),(-63.0000006,-24.6),.PIECEWISE_BEZIER_KNOTS.);
#2005 = CARTESIAN_POINT('',(-1.060761023276,-63.0000006));
#2006 = CARTESIAN_POINT('',(-1.060761023276,-24.6));
#2007 = ( GEOMETRIC_REPRESENTATION_CONTEXT(2) 
PARAMETRIC_REPRESENTATION_CONTEXT() REPRESENTATION_CONTEXT('2D SPACE',''
  ) );
#2008 = PCURVE('',#2009,#2014);
#2009 = PLANE('',#2010);
#2010 = AXIS2_PLACEMENT_3D('',#2011,#2012,#2013);
#2011 = CARTESIAN_POINT('',(9.6,9.6,31.9999998));
#2012 = DIRECTION('',(0.,-1.,0.));
#2013 = DIRECTION('',(-1.,0.,0.));
#2014 = DEFINITIONAL_REPRESENTATION('',(#2015),#2018);
#2015 = B_SPLINE_CURVE_WITH_KNOTS('',1,(#2016,#2017),.UNSPECIFIED.,.F.,
  .F.,(2,2),(-63.0000006,-24.6),.PIECEWISE_BEZIER_KNOTS.);
#2016 = CARTESIAN_POINT('',(4.229711367161,-31.0000008));
#2017 = CARTESIAN_POINT('',(4.229711367161,7.3999998));
#2018 = ( GEOMETRIC_REPRESENTATION_CONTEXT(2) 
PARAMETRIC_REPRESENTATION_CONTEXT() REPRESENTATION_CONTEXT('2D SPACE',''
  ) );
#2019 = ORIENTED_EDGE('',*,*,#2020,.F.);
#2020 = EDGE_CURVE('',#2021,#1995,#2023,.T.);
#2021 = VERTEX_POINT('',#2022);
#2022 = CARTESIAN_POINT('',(-5.370288632839,9.6,62.));
#2023 = SURFACE_CURVE('',#2024,(#2029,#2036),.PCURVE_S1.);
#2024 = CIRCLE('',#2025,11.);
#2025 = AXIS2_PLACEMENT_3D('',#2026,#2027,#2028);
#2026 = CARTESIAN_POINT('',(0.,0.,62.));
#2027 = DIRECTION('',(0.,0.,-1.));
#2028 = DIRECTION('',(1.,0.,0.));
#2029 = PCURVE('',#500,#2030);
#2030 = DEFINITIONAL_REPRESENTATION('',(#2031),#2035);
#2031 = LINE('',#2032,#2033);
#2032 = CARTESIAN_POINT('',(-6.28318530718,-62.));
#2033 = VECTOR('',#2034,1.);
#2034 = DIRECTION('',(1.,-0.));
#2035 = ( GEOMETRIC_REPRESENTATION_CONTEXT(2) 
PARAMETRIC_REPRESENTATION_CONTEXT() REPRESENTATION_CONTEXT('2D SPACE',''
  ) );
#2036 = PCURVE('',#1919,#2037);
#2037 = DEFINITIONAL_REPRESENTATION('',(#2038),#2046);
#2038 = ( BOUNDED_CURVE() B_SPLINE_CURVE(2,(#2039,#2040,#2041,#2042,
#2043,#2044,#2045),.UNSPECIFIED.,.T.,.F.) B_SPLINE_CURVE_WITH_KNOTS((1,2
    ,2,2,2,1),(-2.094395102393,0.,2.094395102393,4.188790204786,
6.28318530718,8.377580409573),.UNSPECIFIED.) CURVE() 
GEOMETRIC_REPRESENTATION_ITEM() RATIONAL_B_SPLINE_CURVE((1.,0.5,1.,0.5,
1.,0.5,1.)) REPRESENTATION_ITEM('') );
#2039 = CARTESIAN_POINT('',(11.,4.86673106685E-16));
#2040 = CARTESIAN_POINT('',(11.,-19.05255888325));
#2041 = CARTESIAN_POINT('',(-5.5,-9.526279441629));
#2042 = CARTESIAN_POINT('',(-22.,-2.207549851439E-15));
#2043 = CARTESIAN_POINT('',(-5.5,9.526279441629));
#2044 = CARTESIAN_POINT('',(11.,19.052558883258));
#2045 = CARTESIAN_POINT('',(11.,4.86673106685E-16));
#2046 = ( GEOMETRIC_REPRESENTATION_CONTEXT(2) 
PARAMETRIC_REPRESENTATION_CONTEXT() REPRESENTATION_CONTEXT('2D SPACE',''
  ) );
#2047 = ORIENTED_EDGE('',*,*,#2048,.T.);
#2048 = EDGE_CURVE('',#2021,#2049,#2051,.T.);
#2049 = VERTEX_POINT('',#2050);
#2050 = CARTESIAN_POINT('',(-5.370288632839,9.6,28.));
#2051 = SURFACE_CURVE('',#2052,(#2056,#2062),.PCURVE_S1.);
#2052 = LINE('',#2053,#2054);
#2053 = CARTESIAN_POINT('',(-5.370288632839,9.6,0.));
#2054 = VECTOR('',#2055,1.);
#2055 = DIRECTION('',(-0.,-0.,-1.));
#2056 = PCURVE('',#500,#2057);
#2057 = DEFINITIONAL_REPRESENTATION('',(#2058),#2061);
#2058 = B_SPLINE_CURVE_WITH_KNOTS('',1,(#2059,#2060),.UNSPECIFIED.,.F.,
  .F.,(2,2),(-63.0000006,-24.6),.PIECEWISE_BEZIER_KNOTS.);
#2059 = CARTESIAN_POINT('',(-2.080831630314,-63.0000006));
#2060 = CARTESIAN_POINT('',(-2.080831630314,-24.6));
#2061 = ( GEOMETRIC_REPRESENTATION_CONTEXT(2) 
PARAMETRIC_REPRESENTATION_CONTEXT() REPRESENTATION_CONTEXT('2D SPACE',''
  ) );
#2062 = PCURVE('',#2063,#2068);
#2063 = PLANE('',#2064);
#2064 = AXIS2_PLACEMENT_3D('',#2065,#2066,#2067);
#2065 = CARTESIAN_POINT('',(9.6,9.6,31.9999998));
#2066 = DIRECTION('',(0.,-1.,0.));
#2067 = DIRECTION('',(-1.,0.,0.));
#2068 = DEFINITIONAL_REPRESENTATION('',(#2069),#2072);
#2069 = B_SPLINE_CURVE_WITH_KNOTS('',1,(#2070,#2071),.UNSPECIFIED.,.F.,
  .F.,(2,2),(-63.0000006,-24.6),.PIECEWISE_BEZIER_KNOTS.);
#2070 = CARTESIAN_POINT('',(14.970288632839,-31.0000008));
#2071 = CARTESIAN_POINT('',(14.970288632839,7.3999998));
#2072 = ( GEOMETRIC_REPRESENTATION_CONTEXT(2) 
PARAMETRIC_REPRESENTATION_CONTEXT() REPRESENTATION_CONTEXT('2D SPACE',''
  ) );
#2073 = ORIENTED_EDGE('',*,*,#2074,.F.);
#2074 = EDGE_CURVE('',#2075,#2049,#2077,.T.);
#2075 = VERTEX_POINT('',#2076);
#2076 = CARTESIAN_POINT('',(-9.6,5.370288632839,28.));
#2077 = SURFACE_CURVE('',#2078,(#2083,#2090),.PCURVE_S1.);
#2078 = CIRCLE('',#2079,11.);
#2079 = AXIS2_PLACEMENT_3D('',#2080,#2081,#2082);
#2080 = CARTESIAN_POINT('',(0.,0.,28.));
#2081 = DIRECTION('',(0.,0.,-1.));
#2082 = DIRECTION('',(1.,0.,0.));
#2083 = PCURVE('',#500,#2084);
#2084 = DEFINITIONAL_REPRESENTATION('',(#2085),#2089);
#2085 = LINE('',#2086,#2087);
#2086 = CARTESIAN_POINT('',(-6.28318530718,-28.));
#2087 = VECTOR('',#2088,1.);
#2088 = DIRECTION('',(1.,-0.));
#2089 = ( GEOMETRIC_REPRESENTATION_CONTEXT(2) 
PARAMETRIC_REPRESENTATION_CONTEXT() REPRESENTATION_CONTEXT('2D SPACE',''
  ) );
#2090 = PCURVE('',#2091,#2096);
#2091 = PLANE('',#2092);
#2092 = AXIS2_PLACEMENT_3D('',#2093,#2094,#2095);
#2093 = CARTESIAN_POINT('',(2.935747907595E-15,0.,28.));
#2094 = DIRECTION('',(0.,0.,1.));
#2095 = DIRECTION('',(1.,0.,-0.));
#2096 = DEFINITIONAL_REPRESENTATION('',(#2097),#2105);
#2097 = ( BOUNDED_CURVE() B_SPLINE_CURVE(2,(#2098,#2099,#2100,#2101,
#2102,#2103,#2104),.UNSPECIFIED.,.T.,.F.) B_SPLINE_CURVE_WITH_KNOTS((1,2
    ,2,2,2,1),(-2.094395102393,0.,2.094395102393,4.188790204786,
6.28318530718,8.377580409573),.UNSPECIFIED.) CURVE() 
GEOMETRIC_REPRESENTATION_ITEM() RATIONAL_B_SPLINE_CURVE((1.,0.5,1.,0.5,
1.,0.5,1.)) REPRESENTATION_ITEM('') );
#2098 = CARTESIAN_POINT('',(11.,0.));
#2099 = CARTESIAN_POINT('',(11.,-19.05255888325));
#2100 = CARTESIAN_POINT('',(-5.5,-9.526279441629));
#2101 = CARTESIAN_POINT('',(-22.,-2.694222958124E-15));
#2102 = CARTESIAN_POINT('',(-5.5,9.526279441629));
#2103 = CARTESIAN_POINT('',(11.,19.052558883258));
#2104 = CARTESIAN_POINT('',(11.,0.));
#2105 = ( GEOMETRIC_REPRESENTATION_CONTEXT(2) 
PARAMETRIC_REPRESENTATION_CONTEXT() REPRESENTATION_CONTEXT('2D SPACE',''
  ) );
#2106 = ORIENTED_EDGE('',*,*,#2107,.F.);
#2107 = EDGE_CURVE('',#2108,#2075,#2110,.T.);
#2108 = VERTEX_POINT('',#2109);
#2109 = CARTESIAN_POINT('',(-9.6,5.370288632839,62.));
#2110 = SURFACE_CURVE('',#2111,(#2115,#2121),.PCURVE_S1.);
#2111 = LINE('',#2112,#2113);
#2112 = CARTESIAN_POINT('',(-9.6,5.370288632839,0.));
#2113 = VECTOR('',#2114,1.);
#2114 = DIRECTION('',(-0.,-0.,-1.));
#2115 = PCURVE('',#500,#2116);
#2116 = DEFINITIONAL_REPRESENTATION('',(#2117),#2120);
#2117 = B_SPLINE_CURVE_WITH_KNOTS('',1,(#2118,#2119),.UNSPECIFIED.,.F.,
  .F.,(2,2),(-63.0000006,-24.6),.PIECEWISE_BEZIER_KNOTS.);
#2118 = CARTESIAN_POINT('',(-2.631557350071,-63.0000006));
#2119 = CARTESIAN_POINT('',(-2.631557350071,-24.6));
#2120 = ( GEOMETRIC_REPRESENTATION_CONTEXT(2) 
PARAMETRIC_REPRESENTATION_CONTEXT() REPRESENTATION_CONTEXT('2D SPACE',''
  ) );
#2121 = PCURVE('',#2122,#2127);
#2122 = PLANE('',#2123);
#2123 = AXIS2_PLACEMENT_3D('',#2124,#2125,#2126);
#2124 = CARTESIAN_POINT('',(-9.6,9.6,31.9999998));
#2125 = DIRECTION('',(1.,0.,0.));
#2126 = DIRECTION('',(0.,-1.,0.));
#2127 = DEFINITIONAL_REPRESENTATION('',(#2128),#2131);
#2128 = B_SPLINE_CURVE_WITH_KNOTS('',1,(#2129,#2130),.UNSPECIFIED.,.F.,
  .F.,(2,2),(-63.0000006,-24.6),.PIECEWISE_BEZIER_KNOTS.);
#2129 = CARTESIAN_POINT('',(4.229711367161,-31.0000008));
#2130 = CARTESIAN_POINT('',(4.229711367161,7.3999998));
#2131 = ( GEOMETRIC_REPRESENTATION_CONTEXT(2) 
PARAMETRIC_REPRESENTATION_CONTEXT() REPRESENTATION_CONTEXT('2D SPACE',''
  ) );
#2132 = ORIENTED_EDGE('',*,*,#2133,.F.);
#2133 = EDGE_CURVE('',#2134,#2108,#2136,.T.);
#2134 = VERTEX_POINT('',#2135);
#2135 = CARTESIAN_POINT('',(-9.6,-5.370288632839,62.));
#2136 = SURFACE_CURVE('',#2137,(#2142,#2149),.PCURVE_S1.);
#2137 = CIRCLE('',#2138,11.);
#2138 = AXIS2_PLACEMENT_3D('',#2139,#2140,#2141);
#2139 = CARTESIAN_POINT('',(0.,0.,62.));
#2140 = DIRECTION('',(0.,0.,-1.));
#2141 = DIRECTION('',(1.,0.,0.));
#2142 = PCURVE('',#500,#2143);
#2143 = DEFINITIONAL_REPRESENTATION('',(#2144),#2148);
#2144 = LINE('',#2145,#2146);
#2145 = CARTESIAN_POINT('',(-6.28318530718,-62.));
#2146 = VECTOR('',#2147,1.);
#2147 = DIRECTION('',(1.,-0.));
#2148 = ( GEOMETRIC_REPRESENTATION_CONTEXT(2) 
PARAMETRIC_REPRESENTATION_CONTEXT() REPRESENTATION_CONTEXT('2D SPACE',''
  ) );
#2149 = PCURVE('',#1919,#2150);
#2150 = DEFINITIONAL_REPRESENTATION('',(#2151),#2159);
#2151 = ( BOUNDED_CURVE() B_SPLINE_CURVE(2,(#2152,#2153,#2154,#2155,
#2156,#2157,#2158),.UNSPECIFIED.,.T.,.F.) B_SPLINE_CURVE_WITH_KNOTS((1,2
    ,2,2,2,1),(-2.094395102393,0.,2.094395102393,4.188790204786,
6.28318530718,8.377580409573),.UNSPECIFIED.) CURVE() 
GEOMETRIC_REPRESENTATION_ITEM() RATIONAL_B_SPLINE_CURVE((1.,0.5,1.,0.5,
1.,0.5,1.)) REPRESENTATION_ITEM('') );
#2152 = CARTESIAN_POINT('',(11.,4.86673106685E-16));
#2153 = CARTESIAN_POINT('',(11.,-19.05255888325));
#2154 = CARTESIAN_POINT('',(-5.5,-9.526279441629));
#2155 = CARTESIAN_POINT('',(-22.,-2.207549851439E-15));
#2156 = CARTESIAN_POINT('',(-5.5,9.526279441629));
#2157 = CARTESIAN_POINT('',(11.,19.052558883258));
#2158 = CARTESIAN_POINT('',(11.,4.86673106685E-16));
#2159 = ( GEOMETRIC_REPRESENTATION_CONTEXT(2) 
PARAMETRIC_REPRESENTATION_CONTEXT() REPRESENTATION_CONTEXT('2D SPACE',''
  ) );
#2160 = ORIENTED_EDGE('',*,*,#2161,.T.);
#2161 = EDGE_CURVE('',#2134,#2162,#2164,.T.);
#2162 = VERTEX_POINT('',#2163);
#2163 = CARTESIAN_POINT('',(-9.6,-5.370288632839,28.));
#2164 = SURFACE_CURVE('',#2165,(#2169,#2175),.PCURVE_S1.);
#2165 = LINE('',#2166,#2167);
#2166 = CARTESIAN_POINT('',(-9.6,-5.370288632839,0.));
#2167 = VECTOR('',#2168,1.);
#2168 = DIRECTION('',(-0.,-0.,-1.));
#2169 = PCURVE('',#500,#2170);
#2170 = DEFINITIONAL_REPRESENTATION('',(#2171),#2174);
#2171 = B_SPLINE_CURVE_WITH_KNOTS('',1,(#2172,#2173),.UNSPECIFIED.,.F.,
  .F.,(2,2),(-63.0000006,-24.6),.PIECEWISE_BEZIER_KNOTS.);
#2172 = CARTESIAN_POINT('',(-3.651627957109,-63.0000006));
#2173 = CARTESIAN_POINT('',(-3.651627957109,-24.6));
#2174 = ( GEOMETRIC_REPRESENTATION_CONTEXT(2) 
PARAMETRIC_REPRESENTATION_CONTEXT() REPRESENTATION_CONTEXT('2D SPACE',''
  ) );
#2175 = PCURVE('',#2176,#2181);
#2176 = PLANE('',#2177);
#2177 = AXIS2_PLACEMENT_3D('',#2178,#2179,#2180);
#2178 = CARTESIAN_POINT('',(-9.6,9.6,31.9999998));
#2179 = DIRECTION('',(1.,0.,0.));
#2180 = DIRECTION('',(0.,-1.,0.));
#2181 = DEFINITIONAL_REPRESENTATION('',(#2182),#2185);
#2182 = B_SPLINE_CURVE_WITH_KNOTS('',1,(#2183,#2184),.UNSPECIFIED.,.F.,
  .F.,(2,2),(-63.0000006,-24.6),.PIECEWISE_BEZIER_KNOTS.);
#2183 = CARTESIAN_POINT('',(14.970288632839,-31.0000008));
#2184 = CARTESIAN_POINT('',(14.970288632839,7.3999998));
#2185 = ( GEOMETRIC_REPRESENTATION_CONTEXT(2) 
PARAMETRIC_REPRESENTATION_CONTEXT() REPRESENTATION_CONTEXT('2D SPACE',''
  ) );
#2186 = ORIENTED_EDGE('',*,*,#2187,.F.);
#2187 = EDGE_CURVE('',#2188,#2162,#2190,.T.);
#2188 = VERTEX_POINT('',#2189);
#2189 = CARTESIAN_POINT('',(-5.370288632839,-9.6,28.));
#2190 = SURFACE_CURVE('',#2191,(#2196,#2203),.PCURVE_S1.);
#2191 = CIRCLE('',#2192,11.);
#2192 = AXIS2_PLACEMENT_3D('',#2193,#2194,#2195);
#2193 = CARTESIAN_POINT('',(0.,0.,28.));
#2194 = DIRECTION('',(0.,0.,-1.));
#2195 = DIRECTION('',(1.,0.,0.));
#2196 = PCURVE('',#500,#2197);
#2197 = DEFINITIONAL_REPRESENTATION('',(#2198),#2202);
#2198 = LINE('',#2199,#2200);
#2199 = CARTESIAN_POINT('',(-6.28318530718,-28.));
#2200 = VECTOR('',#2201,1.);
#2201 = DIRECTION('',(1.,-0.));
#2202 = ( GEOMETRIC_REPRESENTATION_CONTEXT(2) 
PARAMETRIC_REPRESENTATION_CONTEXT() REPRESENTATION_CONTEXT('2D SPACE',''
  ) );
#2203 = PCURVE('',#2204,#2209);
#2204 = PLANE('',#2205);
#2205 = AXIS2_PLACEMENT_3D('',#2206,#2207,#2208);
#2206 = CARTESIAN_POINT('',(2.935747907595E-15,0.,28.));
#2207 = DIRECTION('',(0.,0.,1.));
#2208 = DIRECTION('',(1.,0.,-0.));
#2209 = DEFINITIONAL_REPRESENTATION('',(#2210),#2218);
#2210 = ( BOUNDED_CURVE() B_SPLINE_CURVE(2,(#2211,#2212,#2213,#2214,
#2215,#2216,#2217),.UNSPECIFIED.,.T.,.F.) B_SPLINE_CURVE_WITH_KNOTS((1,2
    ,2,2,2,1),(-2.094395102393,0.,2.094395102393,4.188790204786,
6.28318530718,8.377580409573),.UNSPECIFIED.) CURVE() 
GEOMETRIC_REPRESENTATION_ITEM() RATIONAL_B_SPLINE_CURVE((1.,0.5,1.,0.5,
1.,0.5,1.)) REPRESENTATION_ITEM('') );
#2211 = CARTESIAN_POINT('',(11.,0.));
#2212 = CARTESIAN_POINT('',(11.,-19.05255888325));
#2213 = CARTESIAN_POINT('',(-5.5,-9.526279441629));
#2214 = CARTESIAN_POINT('',(-22.,-2.694222958124E-15));
#2215 = CARTESIAN_POINT('',(-5.5,9.526279441629));
#2216 = CARTESIAN_POINT('',(11.,19.052558883258));
#2217 = CARTESIAN_POINT('',(11.,0.));
#2218 = ( GEOMETRIC_REPRESENTATION_CONTEXT(2) 
PARAMETRIC_REPRESENTATION_CONTEXT() REPRESENTATION_CONTEXT('2D SPACE',''
  ) );
#2219 = ORIENTED_EDGE('',*,*,#2220,.F.);
#2220 = EDGE_CURVE('',#2221,#2188,#2223,.T.);
#2221 = VERTEX_POINT('',#2222);
#2222 = CARTESIAN_POINT('',(-5.370288632839,-9.6,62.));
#2223 = SURFACE_CURVE('',#2224,(#2228,#2234),.PCURVE_S1.);
#2224 = LINE('',#2225,#2226);
#2225 = CARTESIAN_POINT('',(-5.370288632839,-9.6,0.));
#2226 = VECTOR('',#2227,1.);
#2227 = DIRECTION('',(-0.,-0.,-1.));
#2228 = PCURVE('',#500,#2229);
#2229 = DEFINITIONAL_REPRESENTATION('',(#2230),#2233);
#2230 = B_SPLINE_CURVE_WITH_KNOTS('',1,(#2231,#2232),.UNSPECIFIED.,.F.,
  .F.,(2,2),(-63.0000006,-24.6),.PIECEWISE_BEZIER_KNOTS.);
#2231 = CARTESIAN_POINT('',(-4.202353676866,-63.0000006));
#2232 = CARTESIAN_POINT('',(-4.202353676866,-24.6));
#2233 = ( GEOMETRIC_REPRESENTATION_CONTEXT(2) 
PARAMETRIC_REPRESENTATION_CONTEXT() REPRESENTATION_CONTEXT('2D SPACE',''
  ) );
#2234 = PCURVE('',#2235,#2240);
#2235 = PLANE('',#2236);
#2236 = AXIS2_PLACEMENT_3D('',#2237,#2238,#2239);
#2237 = CARTESIAN_POINT('',(-9.6,-9.6,31.9999998));
#2238 = DIRECTION('',(0.,1.,0.));
#2239 = DIRECTION('',(1.,0.,0.));
#2240 = DEFINITIONAL_REPRESENTATION('',(#2241),#2244);
#2241 = B_SPLINE_CURVE_WITH_KNOTS('',1,(#2242,#2243),.UNSPECIFIED.,.F.,
  .F.,(2,2),(-63.0000006,-24.6),.PIECEWISE_BEZIER_KNOTS.);
#2242 = CARTESIAN_POINT('',(4.229711367161,-31.0000008));
#2243 = CARTESIAN_POINT('',(4.229711367161,7.3999998));
#2244 = ( GEOMETRIC_REPRESENTATION_CONTEXT(2) 
PARAMETRIC_REPRESENTATION_CONTEXT() REPRESENTATION_CONTEXT('2D SPACE',''
  ) );
#2245 = ORIENTED_EDGE('',*,*,#2246,.F.);
#2246 = EDGE_CURVE('',#2247,#2221,#2249,.T.);
#2247 = VERTEX_POINT('',#2248);
#2248 = CARTESIAN_POINT('',(5.370288632839,-9.6,62.));
#2249 = SURFACE_CURVE('',#2250,(#2255,#2262),.PCURVE_S1.);
#2250 = CIRCLE('',#2251,11.);
#2251 = AXIS2_PLACEMENT_3D('',#2252,#2253,#2254);
#2252 = CARTESIAN_POINT('',(0.,0.,62.));
#2253 = DIRECTION('',(0.,0.,-1.));
#2254 = DIRECTION('',(1.,0.,0.));
#2255 = PCURVE('',#500,#2256);
#2256 = DEFINITIONAL_REPRESENTATION('',(#2257),#2261);
#2257 = LINE('',#2258,#2259);
#2258 = CARTESIAN_POINT('',(-6.28318530718,-62.));
#2259 = VECTOR('',#2260,1.);
#2260 = DIRECTION('',(1.,-0.));
#2261 = ( GEOMETRIC_REPRESENTATION_CONTEXT(2) 
PARAMETRIC_REPRESENTATION_CONTEXT() REPRESENTATION_CONTEXT('2D SPACE',''
  ) );
#2262 = PCURVE('',#1919,#2263);
#2263 = DEFINITIONAL_REPRESENTATION('',(#2264),#2272);
#2264 = ( BOUNDED_CURVE() B_SPLINE_CURVE(2,(#2265,#2266,#2267,#2268,
#2269,#2270,#2271),.UNSPECIFIED.,.T.,.F.) B_SPLINE_CURVE_WITH_KNOTS((1,2
    ,2,2,2,1),(-2.094395102393,0.,2.094395102393,4.188790204786,
6.28318530718,8.377580409573),.UNSPECIFIED.) CURVE() 
GEOMETRIC_REPRESENTATION_ITEM() RATIONAL_B_SPLINE_CURVE((1.,0.5,1.,0.5,
1.,0.5,1.)) REPRESENTATION_ITEM('') );
#2265 = CARTESIAN_POINT('',(11.,4.86673106685E-16));
#2266 = CARTESIAN_POINT('',(11.,-19.05255888325));
#2267 = CARTESIAN_POINT('',(-5.5,-9.526279441629));
#2268 = CARTESIAN_POINT('',(-22.,-2.207549851439E-15));
#2269 = CARTESIAN_POINT('',(-5.5,9.526279441629));
#2270 = CARTESIAN_POINT('',(11.,19.052558883258));
#2271 = CARTESIAN_POINT('',(11.,4.86673106685E-16));
#2272 = ( GEOMETRIC_REPRESENTATION_CONTEXT(2) 
PARAMETRIC_REPRESENTATION_CONTEXT() REPRESENTATION_CONTEXT('2D SPACE',''
  ) );
#2273 = ORIENTED_EDGE('',*,*,#2274,.T.);
#2274 = EDGE_CURVE('',#2247,#2275,#2277,.T.);
#2275 = VERTEX_POINT('',#2276);
#2276 = CARTESIAN_POINT('',(5.370288632839,-9.6,28.));
#2277 = SURFACE_CURVE('',#2278,(#2282,#2288),.PCURVE_S1.);
#2278 = LINE('',#2279,#2280);
#2279 = CARTESIAN_POINT('',(5.370288632839,-9.6,0.));
#2280 = VECTOR('',#2281,1.);
#2281 = DIRECTION('',(-0.,-0.,-1.));
#2282 = PCURVE('',#500,#2283);
#2283 = DEFINITIONAL_REPRESENTATION('',(#2284),#2287);
#2284 = B_SPLINE_CURVE_WITH_KNOTS('',1,(#2285,#2286),.UNSPECIFIED.,.F.,
  .F.,(2,2),(-63.0000006,-24.6),.PIECEWISE_BEZIER_KNOTS.);
#2285 = CARTESIAN_POINT('',(-5.222424283903,-63.0000006));
#2286 = CARTESIAN_POINT('',(-5.222424283903,-24.6));
#2287 = ( GEOMETRIC_REPRESENTATION_CONTEXT(2) 
PARAMETRIC_REPRESENTATION_CONTEXT() REPRESENTATION_CONTEXT('2D SPACE',''
  ) );
#2288 = PCURVE('',#2289,#2294);
#2289 = PLANE('',#2290);
#2290 = AXIS2_PLACEMENT_3D('',#2291,#2292,#2293);
#2291 = CARTESIAN_POINT('',(-9.6,-9.6,31.9999998));
#2292 = DIRECTION('',(0.,1.,0.));
#2293 = DIRECTION('',(1.,0.,0.));
#2294 = DEFINITIONAL_REPRESENTATION('',(#2295),#2298);
#2295 = B_SPLINE_CURVE_WITH_KNOTS('',1,(#2296,#2297),.UNSPECIFIED.,.F.,
  .F.,(2,2),(-63.0000006,-24.6),.PIECEWISE_BEZIER_KNOTS.);
#2296 = CARTESIAN_POINT('',(14.970288632839,-31.0000008));
#2297 = CARTESIAN_POINT('',(14.970288632839,7.3999998));
#2298 = ( GEOMETRIC_REPRESENTATION_CONTEXT(2) 
PARAMETRIC_REPRESENTATION_CONTEXT() REPRESENTATION_CONTEXT('2D SPACE',''
  ) );
#2299 = ORIENTED_EDGE('',*,*,#2300,.F.);
#2300 = EDGE_CURVE('',#2301,#2275,#2303,.T.);
#2301 = VERTEX_POINT('',#2302);
#2302 = CARTESIAN_POINT('',(9.6,-5.370288632839,28.));
#2303 = SURFACE_CURVE('',#2304,(#2309,#2316),.PCURVE_S1.);
#2304 = CIRCLE('',#2305,11.);
#2305 = AXIS2_PLACEMENT_3D('',#2306,#2307,#2308);
#2306 = CARTESIAN_POINT('',(0.,0.,28.));
#2307 = DIRECTION('',(0.,0.,-1.));
#2308 = DIRECTION('',(1.,0.,0.));
#2309 = PCURVE('',#500,#2310);
#2310 = DEFINITIONAL_REPRESENTATION('',(#2311),#2315);
#2311 = LINE('',#2312,#2313);
#2312 = CARTESIAN_POINT('',(-6.28318530718,-28.));
#2313 = VECTOR('',#2314,1.);
#2314 = DIRECTION('',(1.,-0.));
#2315 = ( GEOMETRIC_REPRESENTATION_CONTEXT(2) 
PARAMETRIC_REPRESENTATION_CONTEXT() REPRESENTATION_CONTEXT('2D SPACE',''
  ) );
#2316 = PCURVE('',#2317,#2322);
#2317 = PLANE('',#2318);
#2318 = AXIS2_PLACEMENT_3D('',#2319,#2320,#2321);
#2319 = CARTESIAN_POINT('',(2.935747907595E-15,0.,28.));
#2320 = DIRECTION('',(0.,0.,1.));
#2321 = DIRECTION('',(1.,0.,-0.));
#2322 = DEFINITIONAL_REPRESENTATION('',(#2323),#2331);
#2323 = ( BOUNDED_CURVE() B_SPLINE_CURVE(2,(#2324,#2325,#2326,#2327,
#2328,#2329,#2330),.UNSPECIFIED.,.T.,.F.) B_SPLINE_CURVE_WITH_KNOTS((1,2
    ,2,2,2,1),(-2.094395102393,0.,2.094395102393,4.188790204786,
6.28318530718,8.377580409573),.UNSPECIFIED.) CURVE() 
GEOMETRIC_REPRESENTATION_ITEM() RATIONAL_B_SPLINE_CURVE((1.,0.5,1.,0.5,
1.,0.5,1.)) REPRESENTATION_ITEM('') );
#2324 = CARTESIAN_POINT('',(11.,0.));
#2325 = CARTESIAN_POINT('',(11.,-19.05255888325));
#2326 = CARTESIAN_POINT('',(-5.5,-9.526279441629));
#2327 = CARTESIAN_POINT('',(-22.,-2.694222958124E-15));
#2328 = CARTESIAN_POINT('',(-5.5,9.526279441629));
#2329 = CARTESIAN_POINT('',(11.,19.052558883258));
#2330 = CARTESIAN_POINT('',(11.,0.));
#2331 = ( GEOMETRIC_REPRESENTATION_CONTEXT(2) 
PARAMETRIC_REPRESENTATION_CONTEXT() REPRESENTATION_CONTEXT('2D SPACE',''
  ) );
#2332 = ORIENTED_EDGE('',*,*,#2333,.F.);
#2333 = EDGE_CURVE('',#2334,#2301,#2336,.T.);
#2334 = VERTEX_POINT('',#2335);
#2335 = CARTESIAN_POINT('',(9.6,-5.370288632839,62.));
#2336 = SURFACE_CURVE('',#2337,(#2341,#2347),.PCURVE_S1.);
#2337 = LINE('',#2338,#2339);
#2338 = CARTESIAN_POINT('',(9.6,-5.370288632839,0.));
#2339 = VECTOR('',#2340,1.);
#2340 = DIRECTION('',(-0.,-0.,-1.));
#2341 = PCURVE('',#500,#2342);
#2342 = DEFINITIONAL_REPRESENTATION('',(#2343),#2346);
#2343 = B_SPLINE_CURVE_WITH_KNOTS('',1,(#2344,#2345),.UNSPECIFIED.,.F.,
  .F.,(2,2),(-63.0000006,-24.6),.PIECEWISE_BEZIER_KNOTS.);
#2344 = CARTESIAN_POINT('',(-5.773150003661,-63.0000006));
#2345 = CARTESIAN_POINT('',(-5.773150003661,-24.6));
#2346 = ( GEOMETRIC_REPRESENTATION_CONTEXT(2) 
PARAMETRIC_REPRESENTATION_CONTEXT() REPRESENTATION_CONTEXT('2D SPACE',''
  ) );
#2347 = PCURVE('',#2348,#2353);
#2348 = PLANE('',#2349);
#2349 = AXIS2_PLACEMENT_3D('',#2350,#2351,#2352);
#2350 = CARTESIAN_POINT('',(9.6,-9.6,31.9999998));
#2351 = DIRECTION('',(-1.,0.,0.));
#2352 = DIRECTION('',(0.,1.,0.));
#2353 = DEFINITIONAL_REPRESENTATION('',(#2354),#2357);
#2354 = B_SPLINE_CURVE_WITH_KNOTS('',1,(#2355,#2356),.UNSPECIFIED.,.F.,
  .F.,(2,2),(-63.0000006,-24.6),.PIECEWISE_BEZIER_KNOTS.);
#2355 = CARTESIAN_POINT('',(4.229711367161,-31.0000008));
#2356 = CARTESIAN_POINT('',(4.229711367161,7.3999998));
#2357 = ( GEOMETRIC_REPRESENTATION_CONTEXT(2) 
PARAMETRIC_REPRESENTATION_CONTEXT() REPRESENTATION_CONTEXT('2D SPACE',''
  ) );
#2358 = ORIENTED_EDGE('',*,*,#2359,.F.);
#2359 = EDGE_CURVE('',#1880,#2334,#2360,.T.);
#2360 = SURFACE_CURVE('',#2361,(#2366,#2373),.PCURVE_S1.);
#2361 = CIRCLE('',#2362,11.);
#2362 = AXIS2_PLACEMENT_3D('',#2363,#2364,#2365);
#2363 = CARTESIAN_POINT('',(0.,0.,62.));
#2364 = DIRECTION('',(0.,0.,-1.));
#2365 = DIRECTION('',(1.,0.,0.));
#2366 = PCURVE('',#500,#2367);
#2367 = DEFINITIONAL_REPRESENTATION('',(#2368),#2372);
#2368 = LINE('',#2369,#2370);
#2369 = CARTESIAN_POINT('',(-6.28318530718,-62.));
#2370 = VECTOR('',#2371,1.);
#2371 = DIRECTION('',(1.,-0.));
#2372 = ( GEOMETRIC_REPRESENTATION_CONTEXT(2) 
PARAMETRIC_REPRESENTATION_CONTEXT() REPRESENTATION_CONTEXT('2D SPACE',''
  ) );
#2373 = PCURVE('',#1919,#2374);
#2374 = DEFINITIONAL_REPRESENTATION('',(#2375),#2383);
#2375 = ( BOUNDED_CURVE() B_SPLINE_CURVE(2,(#2376,#2377,#2378,#2379,
#2380,#2381,#2382),.UNSPECIFIED.,.T.,.F.) B_SPLINE_CURVE_WITH_KNOTS((1,2
    ,2,2,2,1),(-2.094395102393,0.,2.094395102393,4.188790204786,
6.28318530718,8.377580409573),.UNSPECIFIED.) CURVE() 
GEOMETRIC_REPRESENTATION_ITEM() RATIONAL_B_SPLINE_CURVE((1.,0.5,1.,0.5,
1.,0.5,1.)) REPRESENTATION_ITEM('') );
#2376 = CARTESIAN_POINT('',(11.,4.86673106685E-16));
#2377 = CARTESIAN_POINT('',(11.,-19.05255888325));
#2378 = CARTESIAN_POINT('',(-5.5,-9.526279441629));
#2379 = CARTESIAN_POINT('',(-22.,-2.207549851439E-15));
#2380 = CARTESIAN_POINT('',(-5.5,9.526279441629));
#2381 = CARTESIAN_POINT('',(11.,19.052558883258));
#2382 = CARTESIAN_POINT('',(11.,4.86673106685E-16));
#2383 = ( GEOMETRIC_REPRESENTATION_CONTEXT(2) 
PARAMETRIC_REPRESENTATION_CONTEXT() REPRESENTATION_CONTEXT('2D SPACE',''
  ) );
#2384 = ORIENTED_EDGE('',*,*,#1879,.F.);
#2385 = ORIENTED_EDGE('',*,*,#2386,.T.);
#2386 = EDGE_CURVE('',#1824,#1740,#2387,.T.);
#2387 = SURFACE_CURVE('',#2388,(#2415,#2445),.PCURVE_S1.);
#2388 = B_SPLINE_CURVE_WITH_KNOTS('',7,(#2389,#2390,#2391,#2392,#2393,
    #2394,#2395,#2396,#2397,#2398,#2399,#2400,#2401,#2402,#2403,#2404,
    #2405,#2406,#2407,#2408,#2409,#2410,#2411,#2412,#2413,#2414),
  .UNSPECIFIED.,.F.,.F.,(8,6,6,6,8),(0.,0.235252021338,0.50005004999,
    0.764847640946,1.),.UNSPECIFIED.);
#2389 = CARTESIAN_POINT('',(11.,-8.881784197001E-16,49.2));
#2390 = CARTESIAN_POINT('',(11.,-0.280888964703,49.2));
#2391 = CARTESIAN_POINT('',(10.991631703047,-0.554406462901,
    49.15816026876));
#2392 = CARTESIAN_POINT('',(10.975687629345,-0.813291878661,
    49.078430540866));
#2393 = CARTESIAN_POINT('',(10.954177898922,-1.051452851373,
    48.966095012879));
#2394 = CARTESIAN_POINT('',(10.929866724048,-1.264156906703,
    48.827760628503));
#2395 = CARTESIAN_POINT('',(10.905346453071,-1.448464676576,
    48.671345452985));
#2396 = CARTESIAN_POINT('',(10.856710037458,-1.778497645096,
    48.31989603777));
#2397 = CARTESIAN_POINT('',(10.832297933232,-1.921448846714,
    48.117176691914));
#2398 = CARTESIAN_POINT('',(10.811196500984,-2.033888316906,
    47.903332507192));
#2399 = CARTESIAN_POINT('',(10.794661972325,-2.117173388347,
    47.682139550416));
#2400 = CARTESIAN_POINT('',(10.783397889631,-2.172354734052,
    47.456388472174));
#2401 = CARTESIAN_POINT('',(10.777754868246,-2.2,47.228325031156));
#2402 = CARTESIAN_POINT('',(10.777754868246,-2.2,46.771675346253));
#2403 = CARTESIAN_POINT('',(10.783397864544,-2.172354854582,
    46.543606013452));
#2404 = CARTESIAN_POINT('',(10.794662484088,-2.117170870826,
    46.317851428343));
#2405 = CARTESIAN_POINT('',(10.811197339803,-2.033884279094,
    46.096662448908));
#2406 = CARTESIAN_POINT('',(10.832297689258,-1.921448703251,
    45.882827207145));
#2407 = CARTESIAN_POINT('',(10.856709006364,-1.778504641804,
    45.680111412967));
#2408 = CARTESIAN_POINT('',(10.905337713072,-1.448523983736,
    45.328717702726));
#2409 = CARTESIAN_POINT('',(10.929860927965,-1.26420990051,
    45.172265318484));
#2410 = CARTESIAN_POINT('',(10.954181838818,-1.051444442389,
    45.033876368893));
#2411 = CARTESIAN_POINT('',(10.975698447935,-0.813201351577,
    44.921515491662));
#2412 = CARTESIAN_POINT('',(10.99163921666,-0.554260391054,
    44.841802137221));
#2413 = CARTESIAN_POINT('',(11.,-0.280762774082,44.8));
#2414 = CARTESIAN_POINT('',(11.,-1.33226762955E-15,44.8));
#2415 = PCURVE('',#500,#2416);
#2416 = DEFINITIONAL_REPRESENTATION('',(#2417),#2444);
#2417 = B_SPLINE_CURVE_WITH_KNOTS('',7,(#2418,#2419,#2420,#2421,#2422,
    #2423,#2424,#2425,#2426,#2427,#2428,#2429,#2430,#2431,#2432,#2433,
    #2434,#2435,#2436,#2437,#2438,#2439,#2440,#2441,#2442,#2443),
  .UNSPECIFIED.,.F.,.F.,(8,6,6,6,8),(0.,0.235252021338,0.50005004999,
    0.764847640946,1.),.UNSPECIFIED.);
#2418 = CARTESIAN_POINT('',(-6.28318530718,-49.2));
#2419 = CARTESIAN_POINT('',(-6.257649946752,-49.2));
#2420 = CARTESIAN_POINT('',(-6.232784694679,-49.15816026876));
#2421 = CARTESIAN_POINT('',(-6.209222598813,-49.07843054086));
#2422 = CARTESIAN_POINT('',(-6.187496036576,-48.96609501287));
#2423 = CARTESIAN_POINT('',(-6.168038843568,-48.8277606285));
#2424 = CARTESIAN_POINT('',(-6.151137651315,-48.67134545298));
#2425 = CARTESIAN_POINT('',(-6.120810610053,-48.31989603777));
#2426 = CARTESIAN_POINT('',(-6.107630345632,-48.11717669191));
#2427 = CARTESIAN_POINT('',(-6.097231354877,-47.90333250719));
#2428 = CARTESIAN_POINT('',(-6.089512355872,-47.68213955041));
#2429 = CARTESIAN_POINT('',(-6.084392414494,-47.45638847217));
#2430 = CARTESIAN_POINT('',(-6.081827386389,-47.22832503115));
#2431 = CARTESIAN_POINT('',(-6.081827386389,-46.77167534625));
#2432 = CARTESIAN_POINT('',(-6.084392403158,-46.54360601345));
#2433 = CARTESIAN_POINT('',(-6.089512589911,-46.31785142834));
#2434 = CARTESIAN_POINT('',(-6.097231728871,-46.0966624489));
#2435 = CARTESIAN_POINT('',(-6.107630355201,-45.88282720714));
#2436 = CARTESIAN_POINT('',(-6.120809967119,-45.68011141296));
#2437 = CARTESIAN_POINT('',(-6.151132201524,-45.32871770272));
#2438 = CARTESIAN_POINT('',(-6.168033999979,-45.17226531848));
#2439 = CARTESIAN_POINT('',(-6.18749684234,-45.03387636889));
#2440 = CARTESIAN_POINT('',(-6.209230867934,-44.92151549166));
#2441 = CARTESIAN_POINT('',(-6.232797973355,-44.84180213722));
#2442 = CARTESIAN_POINT('',(-6.257661418627,-44.8));
#2443 = CARTESIAN_POINT('',(-6.28318530718,-44.8));
#2444 = ( GEOMETRIC_REPRESENTATION_CONTEXT(2) 
PARAMETRIC_REPRESENTATION_CONTEXT() REPRESENTATION_CONTEXT('2D SPACE',''
  ) );
#2445 = PCURVE('',#1800,#2446);
#2446 = DEFINITIONAL_REPRESENTATION('',(#2447),#2474);
#2447 = B_SPLINE_CURVE_WITH_KNOTS('',7,(#2448,#2449,#2450,#2451,#2452,
    #2453,#2454,#2455,#2456,#2457,#2458,#2459,#2460,#2461,#2462,#2463,
    #2464,#2465,#2466,#2467,#2468,#2469,#2470,#2471,#2472,#2473),
  .UNSPECIFIED.,.F.,.F.,(8,6,6,6,8),(0.,0.235252021338,0.50005004999,
    0.764847640946,1.),.UNSPECIFIED.);
#2448 = CARTESIAN_POINT('',(-1.570796326795,-51.));
#2449 = CARTESIAN_POINT('',(-1.698473128933,-51.));
#2450 = CARTESIAN_POINT('',(-1.822799158183,-50.99163170304));
#2451 = CARTESIAN_POINT('',(-1.943874224952,-50.97568762934));
#2452 = CARTESIAN_POINT('',(-2.061524405848,-50.95417789892));
#2453 = CARTESIAN_POINT('',(-2.175335249181,-50.92986672404));
#2454 = CARTESIAN_POINT('',(-2.284512190174,-50.90534645307));
#2455 = CARTESIAN_POINT('',(-2.503657058937,-50.85671003745));
#2456 = CARTESIAN_POINT('',(-2.615308529774,-50.83229793323));
#2457 = CARTESIAN_POINT('',(-2.723703497265,-50.81119650098));
#2458 = CARTESIAN_POINT('',(-2.829702561325,-50.79466197232));
#2459 = CARTESIAN_POINT('',(-2.934143569019,-50.78339788963));
#2460 = CARTESIAN_POINT('',(-3.037808548519,-50.77775486824));
#2461 = CARTESIAN_POINT('',(-3.245376587111,-50.77775486824));
#2462 = CARTESIAN_POINT('',(-3.349044230079,-50.78339786454));
#2463 = CARTESIAN_POINT('',(-3.453486877363,-50.79466248408));
#2464 = CARTESIAN_POINT('',(-3.559484455467,-50.8111973398));
#2465 = CARTESIAN_POINT('',(-3.667875525225,-50.83229768925));
#2466 = CARTESIAN_POINT('',(-3.779523602366,-50.85670900636));
#2467 = CARTESIAN_POINT('',(-3.998633736516,-50.90533771307));
#2468 = CARTESIAN_POINT('',(-4.107824982766,-50.92986092796));
#2469 = CARTESIAN_POINT('',(-4.221670894111,-50.95418183881));
#2470 = CARTESIAN_POINT('',(-4.33935675309,-50.97569844793));
#2471 = CARTESIAN_POINT('',(-4.46045255729,-50.99163921666));
#2472 = CARTESIAN_POINT('',(-4.58476953762,-51.));
#2473 = CARTESIAN_POINT('',(-4.712388980385,-51.));
#2474 = ( GEOMETRIC_REPRESENTATION_CONTEXT(2) 
PARAMETRIC_REPRESENTATION_CONTEXT() REPRESENTATION_CONTEXT('2D SPACE',''
  ) );
#2475 = ORIENTED_EDGE('',*,*,#1739,.F.);
#2476 = ORIENTED_EDGE('',*,*,#2477,.T.);
#2477 = EDGE_CURVE('',#1648,#1526,#2478,.T.);
#2478 = SURFACE_CURVE('',#2479,(#2552,#2628),.PCURVE_S1.);
#2479 = B_SPLINE_CURVE_WITH_KNOTS('',6,(#2480,#2481,#2482,#2483,#2484,
    #2485,#2486,#2487,#2488,#2489,#2490,#2491,#2492,#2493,#2494,#2495,
    #2496,#2497,#2498,#2499,#2500,#2501,#2502,#2503,#2504,#2505,#2506,
    #2507,#2508,#2509,#2510,#2511,#2512,#2513,#2514,#2515,#2516,#2517,
    #2518,#2519,#2520,#2521,#2522,#2523,#2524,#2525,#2526,#2527,#2528,
    #2529,#2530,#2531,#2532,#2533,#2534,#2535,#2536,#2537,#2538,#2539,
    #2540,#2541,#2542,#2543,#2544,#2545,#2546,#2547,#2548,#2549,#2550,
    #2551),.UNSPECIFIED.,.F.,.F.,(7,5,5,5,5,5,5,5,5,5,5,5,5,5,7),(0.,
    8.353221367629E-02,0.19944502021,0.252479648856,0.298835448232,
    0.338724934233,0.37149043507,0.500109098855,0.629148831469,
    0.661771664987,0.701414824337,0.747337933395,0.801964484029,
    0.867654777626,1.),.UNSPECIFIED.);
#2480 = CARTESIAN_POINT('',(11.,-8.881784197001E-16,12.5));
#2481 = CARTESIAN_POINT('',(11.,-0.213511967577,12.5));
#2482 = CARTESIAN_POINT('',(10.995026844983,-0.426591047346,
    12.486323756919));
#2483 = CARTESIAN_POINT('',(10.985118268321,-0.637273057914,
    12.459075483811));
#2484 = CARTESIAN_POINT('',(10.97060034828,-0.843616686438,
    12.418846105885));
#2485 = CARTESIAN_POINT('',(10.952076602608,-1.043775525875,
    12.366705670151));
#2486 = CARTESIAN_POINT('',(10.900155909154,-1.502901056167,
    12.217526742315));
#2487 = CARTESIAN_POINT('',(10.863774600611,-1.754607939362,
    12.110912189126));
#2488 = CARTESIAN_POINT('',(10.822873444208,-1.990290933716,
    11.987404234884));
#2489 = CARTESIAN_POINT('',(10.779121262086,-2.209454512333,
    11.849724173102));
#2490 = CARTESIAN_POINT('',(10.73402237965,-2.411914402415,
    11.700372123828));
#2491 = CARTESIAN_POINT('',(10.668200595797,-2.682750671495,
    11.469065379979));
#2492 = CARTESIAN_POINT('',(10.647500983284,-2.764387215983,
    11.394412325258));
#2493 = CARTESIAN_POINT('',(10.626873310828,-2.842687779642,
    11.317882562096));
#2494 = CARTESIAN_POINT('',(10.606417738512,-2.917699426005,
    11.239625185118));
#2495 = CARTESIAN_POINT('',(10.586225282286,-2.98947005035,
    11.159772001743));
#2496 = CARTESIAN_POINT('',(10.549029804121,-3.117990409241,
    11.007345786114));
#2497 = CARTESIAN_POINT('',(10.531945811763,-3.175492382378,
    10.935123824014));
#2498 = CARTESIAN_POINT('',(10.51518081033,-3.23058561969,10.86184891435
    ));
#2499 = CARTESIAN_POINT('',(10.498785843492,-3.283299048448,
    10.787592520437));
#2500 = CARTESIAN_POINT('',(10.482808025146,-3.33365920262,
    10.712420300448));
#2501 = CARTESIAN_POINT('',(10.453937635617,-3.423021248008,
    10.570969321417));
#2502 = CARTESIAN_POINT('',(10.440925715691,-3.462627451459,
    10.504913220331));
#2503 = CARTESIAN_POINT('',(10.42828240992,-3.500524023991,
    10.438262277776));
#2504 = CARTESIAN_POINT('',(10.41603353559,-3.536724662894,
    10.371053214233));
#2505 = CARTESIAN_POINT('',(10.404203096995,-3.571241571971,
    10.30332099704));
#2506 = CARTESIAN_POINT('',(10.383457615117,-3.631063660536,
    10.179060687104));
#2507 = CARTESIAN_POINT('',(10.374399259425,-3.656913053871,
    10.122692107043));
#2508 = CARTESIAN_POINT('',(10.36565054156,-3.681639563578,
    10.06601161092));
#2509 = CARTESIAN_POINT('',(10.357222998443,-3.705248512908,
    10.00903727664));
#2510 = CARTESIAN_POINT('',(10.349127380712,-3.727744626327,
    9.951786749295));
#2511 = CARTESIAN_POINT('',(10.31093694009,-3.833086773077,
    9.668527721049));
#2512 = CARTESIAN_POINT('',(10.285759285369,-3.899982687734,
    9.438720453015));
#2513 = CARTESIAN_POINT('',(10.266461439112,-3.950018852576,
    9.205985504985));
#2514 = CARTESIAN_POINT('',(10.253456087954,-3.983335022964,
    8.971328863752));
#2515 = CARTESIAN_POINT('',(10.24695076596,-4.,8.735690094447));
#2516 = CARTESIAN_POINT('',(10.24695076596,-4.,8.263538308733));
#2517 = CARTESIAN_POINT('',(10.253498753514,-3.98322572589,
    8.027128755862));
#2518 = CARTESIAN_POINT('',(10.266589324654,-3.94969124135,
    7.791711048532));
#2519 = CARTESIAN_POINT('',(10.286012251566,-3.899326760714,
    7.558233673313));
#2520 = CARTESIAN_POINT('',(10.311349489375,-3.831990523577,
    7.327712663896));
#2521 = CARTESIAN_POINT('',(10.349713976972,-3.726115537541,
    7.044048024225));
#2522 = CARTESIAN_POINT('',(10.357794179491,-3.703651123844,
    6.987063289629));
#2523 = CARTESIAN_POINT('',(10.366202925976,-3.680083335221,
    6.930353165507));
#2524 = CARTESIAN_POINT('',(10.374929579194,-3.655407489085,
    6.873935080398));
#2525 = CARTESIAN_POINT('',(10.383962729189,-3.629618313351,
    6.817826890884));
#2526 = CARTESIAN_POINT('',(10.404624896787,-3.570010988014,
    6.694263198862));
#2527 = CARTESIAN_POINT('',(10.416394186664,-3.535659322212,
    6.626964342703));
#2528 = CARTESIAN_POINT('',(10.428576244222,-3.499644406138,
    6.560182944942));
#2529 = CARTESIAN_POINT('',(10.441147481518,-3.461954239589,
    6.49395335149));
#2530 = CARTESIAN_POINT('',(10.454082541362,-3.422575365056,
    6.428311622334));
#2531 = CARTESIAN_POINT('',(10.482728457853,-3.333902412366,
    6.287980115796));
#2532 = CARTESIAN_POINT('',(10.4985542817,-3.28402604406,6.213504913049)
  );
#2533 = CARTESIAN_POINT('',(10.514789770408,-3.231840293544,
    6.13992814439));
#2534 = CARTESIAN_POINT('',(10.531389144379,-3.177319381838,
    6.067313608751));
#2535 = CARTESIAN_POINT('',(10.54830284286,-3.120435220243,
    5.995730682907));
#2536 = CARTESIAN_POINT('',(10.585907185735,-2.990645148649,
    5.841421135847));
#2537 = CARTESIAN_POINT('',(10.606705469255,-2.916747698979,
    5.759155857137));
#2538 = CARTESIAN_POINT('',(10.62778316094,-2.839411701562,
    5.678583117832));
#2539 = CARTESIAN_POINT('',(10.649040728918,-2.758584819549,
    5.599847083623));
#2540 = CARTESIAN_POINT('',(10.670368323023,-2.674215739014,
    5.523111453406));
#2541 = CARTESIAN_POINT('',(10.717232637535,-2.480477375533,
    5.358908139085));
#2542 = CARTESIAN_POINT('',(10.742753016039,-2.369480114921,
    5.272392827883));
#2543 = CARTESIAN_POINT('',(10.76798885429,-2.253206325235,
    5.189366530457));
#2544 = CARTESIAN_POINT('',(10.792697508162,-2.131620400313,
    5.110221069096));
#2545 = CARTESIAN_POINT('',(10.816614593326,-2.00470826565,5.03538800477
    ));
#2546 = CARTESIAN_POINT('',(10.885476741825,-1.60607709082,
    4.824214032502));
#2547 = CARTESIAN_POINT('',(10.927648869647,-1.315108679545,
    4.700929000681));
#2548 = CARTESIAN_POINT('',(10.962650120581,-1.003523237911,
    4.602707950682));
#2549 = CARTESIAN_POINT('',(10.987396243551,-0.67648263436,
    4.534661513013));
#2550 = CARTESIAN_POINT('',(11.,-0.339907767841,4.5));
#2551 = CARTESIAN_POINT('',(11.,-1.7763568394E-15,4.5));
#2552 = PCURVE('',#500,#2553);
#2553 = DEFINITIONAL_REPRESENTATION('',(#2554),#2627);
#2554 = B_SPLINE_CURVE_WITH_KNOTS('',6,(#2555,#2556,#2557,#2558,#2559,
    #2560,#2561,#2562,#2563,#2564,#2565,#2566,#2567,#2568,#2569,#2570,
    #2571,#2572,#2573,#2574,#2575,#2576,#2577,#2578,#2579,#2580,#2581,
    #2582,#2583,#2584,#2585,#2586,#2587,#2588,#2589,#2590,#2591,#2592,
    #2593,#2594,#2595,#2596,#2597,#2598,#2599,#2600,#2601,#2602,#2603,
    #2604,#2605,#2606,#2607,#2608,#2609,#2610,#2611,#2612,#2613,#2614,
    #2615,#2616,#2617,#2618,#2619,#2620,#2621,#2622,#2623,#2624,#2625,
    #2626),.UNSPECIFIED.,.F.,.F.,(7,5,5,5,5,5,5,5,5,5,5,5,5,5,7),(0.,
    8.353221367629E-02,0.19944502021,0.252479648856,0.298835448232,
    0.338724934233,0.37149043507,0.500109098855,0.629148831469,
    0.661771664987,0.701414824337,0.747337933395,0.801964484029,
    0.867654777626,1.),.UNSPECIFIED.);
#2555 = CARTESIAN_POINT('',(-6.28318530718,-12.5));
#2556 = CARTESIAN_POINT('',(-6.263775128309,-12.5));
#2557 = CARTESIAN_POINT('',(-6.24440429873,-12.48632375691));
#2558 = CARTESIAN_POINT('',(-6.225238246141,-12.45907548381));
#2559 = CARTESIAN_POINT('',(-6.206440454042,-12.41884610588));
#2560 = CARTESIAN_POINT('',(-6.188170210513,-12.36670567015));
#2561 = CARTESIAN_POINT('',(-6.146165487149,-12.21752674231));
#2562 = CARTESIAN_POINT('',(-6.123056326458,-12.11091218912));
#2563 = CARTESIAN_POINT('',(-6.101322254588,-11.98740423488));
#2564 = CARTESIAN_POINT('',(-6.081013047723,-11.8497241731));
#2565 = CARTESIAN_POINT('',(-6.062159989893,-11.70037212382));
#2566 = CARTESIAN_POINT('',(-6.036821815662,-11.46906537997));
#2567 = CARTESIAN_POINT('',(-6.029165817431,-11.39441232525));
#2568 = CARTESIAN_POINT('',(-6.021805182973,-11.31788256209));
#2569 = CARTESIAN_POINT('',(-6.014737304528,-11.23962518511));
#2570 = CARTESIAN_POINT('',(-6.007959561727,-11.15977200174));
#2571 = CARTESIAN_POINT('',(-5.995796419243,-11.00734578611));
#2572 = CARTESIAN_POINT('',(-5.990343262509,-10.93512382401));
#2573 = CARTESIAN_POINT('',(-5.985108195054,-10.86184891435));
#2574 = CARTESIAN_POINT('',(-5.980089766559,-10.78759252043));
#2575 = CARTESIAN_POINT('',(-5.975286732721,-10.71242030044));
#2576 = CARTESIAN_POINT('',(-5.966749466554,-10.57096932141));
#2577 = CARTESIAN_POINT('',(-5.962959613877,-10.50491322033));
#2578 = CARTESIAN_POINT('',(-5.959327850861,-10.43826227777));
#2579 = CARTESIAN_POINT('',(-5.95585364335,-10.37105321423));
#2580 = CARTESIAN_POINT('',(-5.952536569397,-10.30332099704));
#2581 = CARTESIAN_POINT('',(-5.946780467856,-10.1790606871));
#2582 = CARTESIAN_POINT('',(-5.944290425879,-10.12269210704));
#2583 = CARTESIAN_POINT('',(-5.941906022077,-10.06601161092));
#2584 = CARTESIAN_POINT('',(-5.939627122928,-10.00903727664));
#2585 = CARTESIAN_POINT('',(-5.937453632641,-9.951786749295));
#2586 = CARTESIAN_POINT('',(-5.927267157393,-9.668527721049));
#2587 = CARTESIAN_POINT('',(-5.920769683054,-9.438720453015));
#2588 = CARTESIAN_POINT('',(-5.915894500181,-9.205985504985));
#2589 = CARTESIAN_POINT('',(-5.912643071674,-8.971328863752));
#2590 = CARTESIAN_POINT('',(-5.911016773219,-8.735690094447));
#2591 = CARTESIAN_POINT('',(-5.911016773219,-8.263538308733));
#2592 = CARTESIAN_POINT('',(-5.912653737262,-8.027128755862));
#2593 = CARTESIAN_POINT('',(-5.915926473032,-7.791711048532));
#2594 = CARTESIAN_POINT('',(-5.920833592391,-7.558233673313));
#2595 = CARTESIAN_POINT('',(-5.927373631896,-7.327712663896));
#2596 = CARTESIAN_POINT('',(-5.937611039632,-7.044048024225));
#2597 = CARTESIAN_POINT('',(-5.939781343875,-6.987063289629));
#2598 = CARTESIAN_POINT('',(-5.942056144559,-6.930353165507));
#2599 = CARTESIAN_POINT('',(-5.944435537419,-6.873935080398));
#2600 = CARTESIAN_POINT('',(-5.946919655418,-6.817826890884));
#2601 = CARTESIAN_POINT('',(-5.952654829192,-6.694263198862));
#2602 = CARTESIAN_POINT('',(-5.955955890408,-6.626964342703));
#2603 = CARTESIAN_POINT('',(-5.959412158568,-6.560182944942));
#2604 = CARTESIAN_POINT('',(-5.96302404939,-6.49395335149));
#2605 = CARTESIAN_POINT('',(-5.966792088146,-6.428311622334));
#2606 = CARTESIAN_POINT('',(-5.975263469755,-6.287980115796));
#2607 = CARTESIAN_POINT('',(-5.980020405234,-6.213504913049));
#2608 = CARTESIAN_POINT('',(-5.984988725572,-6.13992814439));
#2609 = CARTESIAN_POINT('',(-5.990169638944,-6.067313608751));
#2610 = CARTESIAN_POINT('',(-5.995564552224,-5.995730682907));
#2611 = CARTESIAN_POINT('',(-6.007848906745,-5.841421135847));
#2612 = CARTESIAN_POINT('',(-6.014827673669,-5.759155857137));
#2613 = CARTESIAN_POINT('',(-6.022114256761,-5.678583117832));
#2614 = CARTESIAN_POINT('',(-6.029711519961,-5.599847083623));
#2615 = CARTESIAN_POINT('',(-6.037622306142,-5.523111453406));
#2616 = CARTESIAN_POINT('',(-6.0557428432,-5.358908139085));
#2617 = CARTESIAN_POINT('',(-6.066096112349,-5.272392827883));
#2618 = CARTESIAN_POINT('',(-6.076911281067,-5.189366530457));
#2619 = CARTESIAN_POINT('',(-6.088188861015,-5.110221069096));
#2620 = CARTESIAN_POINT('',(-6.099928058071,-5.03538800477));
#2621 = CARTESIAN_POINT('',(-6.136703994446,-4.824214032502));
#2622 = CARTESIAN_POINT('',(-6.163422263017,-4.700929000681));
#2623 = CARTESIAN_POINT('',(-6.191902990263,-4.602707950682));
#2624 = CARTESIAN_POINT('',(-6.221686842619,-4.534661513013));
#2625 = CARTESIAN_POINT('',(-6.252284601012,-4.5));
#2626 = CARTESIAN_POINT('',(-6.28318530718,-4.5));
#2627 = ( GEOMETRIC_REPRESENTATION_CONTEXT(2) 
PARAMETRIC_REPRESENTATION_CONTEXT() REPRESENTATION_CONTEXT('2D SPACE',''
  ) );
#2628 = PCURVE('',#1612,#2629);
#2629 = DEFINITIONAL_REPRESENTATION('',(#2630),#2703);
#2630 = B_SPLINE_CURVE_WITH_KNOTS('',6,(#2631,#2632,#2633,#2634,#2635,
    #2636,#2637,#2638,#2639,#2640,#2641,#2642,#2643,#2644,#2645,#2646,
    #2647,#2648,#2649,#2650,#2651,#2652,#2653,#2654,#2655,#2656,#2657,
    #2658,#2659,#2660,#2661,#2662,#2663,#2664,#2665,#2666,#2667,#2668,
    #2669,#2670,#2671,#2672,#2673,#2674,#2675,#2676,#2677,#2678,#2679,
    #2680,#2681,#2682,#2683,#2684,#2685,#2686,#2687,#2688,#2689,#2690,
    #2691,#2692,#2693,#2694,#2695,#2696,#2697,#2698,#2699,#2700,#2701,
    #2702),.UNSPECIFIED.,.F.,.F.,(7,5,5,5,5,5,5,5,5,5,5,5,5,5,7),(0.,
    8.353221367629E-02,0.19944502021,0.252479648856,0.298835448232,
    0.338724934233,0.37149043507,0.500109098855,0.629148831469,
    0.661771664987,0.701414824337,0.747337933395,0.801964484029,
    0.867654777626,1.),.UNSPECIFIED.);
#2631 = CARTESIAN_POINT('',(-1.570796326795,-12.));
#2632 = CARTESIAN_POINT('',(-1.624174318689,-12.));
#2633 = CARTESIAN_POINT('',(-1.677444081839,-11.99502684498));
#2634 = CARTESIAN_POINT('',(-1.730388374227,-11.98511826832));
#2635 = CARTESIAN_POINT('',(-1.782789874632,-11.97060034828));
#2636 = CARTESIAN_POINT('',(-1.834408529931,-11.9520766026));
#2637 = CARTESIAN_POINT('',(-1.955096817753,-11.90015590915));
#2638 = CARTESIAN_POINT('',(-2.023180165873,-11.86377460061));
#2639 = CARTESIAN_POINT('',(-2.089379510833,-11.8228734442));
#2640 = CARTESIAN_POINT('',(-2.153807172856,-11.77912126208));
#2641 = CARTESIAN_POINT('',(-2.216544341431,-11.73402237965));
#2642 = CARTESIAN_POINT('',(-2.305586148466,-11.66820059579));
#2643 = CARTESIAN_POINT('',(-2.333226373808,-11.64750098328));
#2644 = CARTESIAN_POINT('',(-2.360576025124,-11.62687331082));
#2645 = CARTESIAN_POINT('',(-2.387655192232,-11.60641773851));
#2646 = CARTESIAN_POINT('',(-2.414483561681,-11.58622528228));
#2647 = CARTESIAN_POINT('',(-2.464327840352,-11.54902980412));
#2648 = CARTESIAN_POINT('',(-2.48739813144,-11.53194581176));
#2649 = CARTESIAN_POINT('',(-2.510303963867,-11.51518081033));
#2650 = CARTESIAN_POINT('',(-2.533057392093,-11.49878584349));
#2651 = CARTESIAN_POINT('',(-2.555669851176,-11.48280802514));
#2652 = CARTESIAN_POINT('',(-2.597498336255,-11.45393763561));
#2653 = CARTESIAN_POINT('',(-2.616748089597,-11.44092571569));
#2654 = CARTESIAN_POINT('',(-2.635908270442,-11.42828240992));
#2655 = CARTESIAN_POINT('',(-2.654985385646,-11.41603353559));
#2656 = CARTESIAN_POINT('',(-2.673985595281,-11.40420309699));
#2657 = CARTESIAN_POINT('',(-2.708463221093,-11.38345761511));
#2658 = CARTESIAN_POINT('',(-2.723963755367,-11.37439925942));
#2659 = CARTESIAN_POINT('',(-2.739419532082,-11.36565054156));
#2660 = CARTESIAN_POINT('',(-2.754833629413,-11.35722299844));
#2661 = CARTESIAN_POINT('',(-2.770208987081,-11.34912738071));
#2662 = CARTESIAN_POINT('',(-2.845762215406,-11.31093694009));
#2663 = CARTESIAN_POINT('',(-2.905440370157,-11.28575928536));
#2664 = CARTESIAN_POINT('',(-2.964727991201,-11.26646143911));
#2665 = CARTESIAN_POINT('',(-3.023760485601,-11.25345608795));
#2666 = CARTESIAN_POINT('',(-3.082670129978,-11.24695076596));
#2667 = CARTESIAN_POINT('',(-3.200708076407,-11.24695076596));
#2668 = CARTESIAN_POINT('',(-3.259810415532,-11.25349875351));
#2669 = CARTESIAN_POINT('',(-3.319036807407,-11.26658932465));
#2670 = CARTESIAN_POINT('',(-3.378520901784,-11.28601225156));
#2671 = CARTESIAN_POINT('',(-3.438399535365,-11.31134948937));
#2672 = CARTESIAN_POINT('',(-3.514094292642,-11.34971397697));
#2673 = CARTESIAN_POINT('',(-3.52940494882,-11.35779417949));
#2674 = CARTESIAN_POINT('',(-3.544754143674,-11.36620292597));
#2675 = CARTESIAN_POINT('',(-3.560144783216,-11.37492957919));
#2676 = CARTESIAN_POINT('',(-3.575579909759,-11.38396272918));
#2677 = CARTESIAN_POINT('',(-3.60987733971,-11.40462489678));
#2678 = CARTESIAN_POINT('',(-3.628762354535,-11.41639418666));
#2679 = CARTESIAN_POINT('',(-3.647723459426,-11.42857624422));
#2680 = CARTESIAN_POINT('',(-3.666766705856,-11.44114748151));
#2681 = CARTESIAN_POINT('',(-3.685898483737,-11.45408254136));
#2682 = CARTESIAN_POINT('',(-3.727398351407,-11.48272845785));
#2683 = CARTESIAN_POINT('',(-3.749798946426,-11.4985542817));
#2684 = CARTESIAN_POINT('',(-3.772337822062,-11.5147897704));
#2685 = CARTESIAN_POINT('',(-3.795026091054,-11.53138914437));
#2686 = CARTESIAN_POINT('',(-3.817875463302,-11.54830284286));
#2687 = CARTESIAN_POINT('',(-3.868284353266,-11.58590718573));
#2688 = CARTESIAN_POINT('',(-3.895915448275,-11.60670546925));
#2689 = CARTESIAN_POINT('',(-3.923812609131,-11.62778316094));
#2690 = CARTESIAN_POINT('',(-3.951997355707,-11.64904072891));
#2691 = CARTESIAN_POINT('',(-3.980491649507,-11.67036832302));
#2692 = CARTESIAN_POINT('',(-4.043982437185,-11.71723263753));
#2693 = CARTESIAN_POINT('',(-4.079135673013,-11.74275301603));
#2694 = CARTESIAN_POINT('',(-4.114806312195,-11.76798885429));
#2695 = CARTESIAN_POINT('',(-4.151023181229,-11.79269750816));
#2696 = CARTESIAN_POINT('',(-4.187817864183,-11.81661459332));
#2697 = CARTESIAN_POINT('',(-4.300595649038,-11.88547674182));
#2698 = CARTESIAN_POINT('',(-4.379303274429,-11.92764886964));
#2699 = CARTESIAN_POINT('',(-4.460403245067,-11.96265012058));
#2700 = CARTESIAN_POINT('',(-4.543268407024,-11.98739624355));
#2701 = CARTESIAN_POINT('',(-4.627412038425,-12.));
#2702 = CARTESIAN_POINT('',(-4.712388980385,-12.));
#2703 = ( GEOMETRIC_REPRESENTATION_CONTEXT(2) 
PARAMETRIC_REPRESENTATION_CONTEXT() REPRESENTATION_CONTEXT('2D SPACE',''
  ) );
#2704 = FACE_BOUND('',#2705,.T.);
#2705 = EDGE_LOOP('',(#2706));
#2706 = ORIENTED_EDGE('',*,*,#2707,.F.);
#2707 = EDGE_CURVE('',#2708,#2708,#2710,.T.);
#2708 = VERTEX_POINT('',#2709);
#2709 = CARTESIAN_POINT('',(-10.77775486824,2.2,47.));
#2710 = SURFACE_CURVE('',#2711,(#2768,#2828),.PCURVE_S1.);
#2711 = B_SPLINE_CURVE_WITH_KNOTS('',7,(#2712,#2713,#2714,#2715,#2716,
    #2717,#2718,#2719,#2720,#2721,#2722,#2723,#2724,#2725,#2726,#2727,
    #2728,#2729,#2730,#2731,#2732,#2733,#2734,#2735,#2736,#2737,#2738,
    #2739,#2740,#2741,#2742,#2743,#2744,#2745,#2746,#2747,#2748,#2749,
    #2750,#2751,#2752,#2753,#2754,#2755,#2756,#2757,#2758,#2759,#2760,
    #2761,#2762,#2763,#2764,#2765,#2766,#2767),.UNSPECIFIED.,.T.,.F.,(8,
    6,6,6,6,6,6,6,6,8),(0.,0.130851308877,0.21870254465,0.326779421004,
    0.425004032145,0.572220785721,0.702387545902,0.796491699311,
    0.893903868131,1.),.UNSPECIFIED.);
#2712 = CARTESIAN_POINT('',(-10.77775486824,2.2,47.));
#2713 = CARTESIAN_POINT('',(-10.77775486824,2.2,47.228324653747));
#2714 = CARTESIAN_POINT('',(-10.78339786454,2.172354854582,
    47.456393986548));
#2715 = CARTESIAN_POINT('',(-10.79466248408,2.117170870827,
    47.682148571658));
#2716 = CARTESIAN_POINT('',(-10.8111973398,2.033884279094,
    47.903337551091));
#2717 = CARTESIAN_POINT('',(-10.83229768925,1.921448703251,
    48.117172792855));
#2718 = CARTESIAN_POINT('',(-10.85670900636,1.778504641804,
    48.319888587033));
#2719 = CARTESIAN_POINT('',(-10.89975730432,1.48639106013,
    48.630957956606));
#2720 = CARTESIAN_POINT('',(-10.91778180709,1.353847468661,
    48.749340168081));
#2721 = CARTESIAN_POINT('',(-10.93583739908,1.206156466826,
    48.85840843277));
#2722 = CARTESIAN_POINT('',(-10.95303683615,1.043797486733,
    48.955436833032));
#2723 = CARTESIAN_POINT('',(-10.96837278377,0.867667801479,
    49.037708200258));
#2724 = CARTESIAN_POINT('',(-10.98082745982,0.679101837726,
    49.102493372287));
#2725 = CARTESIAN_POINT('',(-11.00022714635,0.234870461218,
    49.20179084947));
#2726 = CARTESIAN_POINT('',(-11.00502967163,-2.137172586676E-02,
    49.22480852503));
#2727 = CARTESIAN_POINT('',(-11.00255578197,-0.280579826063,
    49.212266235105));
#2728 = CARTESIAN_POINT('',(-10.99256611607,-0.533752503675,
    49.164108413343));
#2729 = CARTESIAN_POINT('',(-10.9765834477,-0.772214556306,
    49.083759977655));
#2730 = CARTESIAN_POINT('',(-10.95713140815,-0.988830716046,
    48.978091635014));
#2731 = CARTESIAN_POINT('',(-10.91804201384,-1.351487894692,
    48.747942391052));
#2732 = CARTESIAN_POINT('',(-10.89815846189,-1.506105258067,
    48.623551851763));
#2733 = CARTESIAN_POINT('',(-10.8781847041,-1.642753567819,
    48.487673965262));
#2734 = CARTESIAN_POINT('',(-10.85907320486,-1.761843842383,
    48.342901744685));
#2735 = CARTESIAN_POINT('',(-10.8415415122,-1.863916357681,
    48.191284635474));
#2736 = CARTESIAN_POINT('',(-10.82609993295,-1.949504281794,
    48.034459548396));
#2737 = CARTESIAN_POINT('',(-10.79364655311,-2.123308927326,
    47.632820710161));
#2738 = CARTESIAN_POINT('',(-10.77967519357,-2.191634708656,
    47.382928141792));
#2739 = CARTESIAN_POINT('',(-10.77241913629,-2.225506766581,
    47.128219769051));
#2740 = CARTESIAN_POINT('',(-10.77240942699,-2.225540559911,
    46.871904282915));
#2741 = CARTESIAN_POINT('',(-10.77967025495,-2.191669899401,
    46.61702896359));
#2742 = CARTESIAN_POINT('',(-10.7936597313,-2.12323835128,
    46.367016198218));
#2743 = CARTESIAN_POINT('',(-10.83031181804,-1.926947457248,
    45.913414705613));
#2744 = CARTESIAN_POINT('',(-10.85187645692,-1.806382237559,
    45.706633165068));
#2745 = CARTESIAN_POINT('',(-10.87698754724,-1.656153476845,
    45.509522911048));
#2746 = CARTESIAN_POINT('',(-10.90425486946,-1.475128725566,
    45.326677302928));
#2747 = CARTESIAN_POINT('',(-10.93161791259,-1.262567857966,
    45.163888337017));
#2748 = CARTESIAN_POINT('',(-10.95616613717,-1.018571074524,
    45.028473517792));
#2749 = CARTESIAN_POINT('',(-10.98814632102,-0.547606543301,
    44.858915853229));
#2750 = CARTESIAN_POINT('',(-10.99840923858,-0.335041782352,
    44.807251207173));
#2751 = CARTESIAN_POINT('',(-11.00404574132,-0.112816466292,
    44.780156827603));
#2752 = CARTESIAN_POINT('',(-11.00404809318,0.112765322095,
    44.780147296767));
#2753 = CARTESIAN_POINT('',(-10.99841119927,0.335036925768,
    44.80723975442));
#2754 = CARTESIAN_POINT('',(-10.98814370349,0.54764509099,
    44.858929731251));
#2755 = CARTESIAN_POINT('',(-10.96083952752,0.949747170687,
    45.003695387748));
#2756 = CARTESIAN_POINT('',(-10.94357087091,1.138262447303,
    45.098197080359));
#2757 = CARTESIAN_POINT('',(-10.92423633903,1.309639750879,
    45.209637152871));
#2758 = CARTESIAN_POINT('',(-10.90410164393,1.463391299602,
    45.334652278575));
#2759 = CARTESIAN_POINT('',(-10.88424437664,1.599447643718,
    45.47030218434));
#2760 = CARTESIAN_POINT('',(-10.86549567365,1.718024136159,
    45.613985679803));
#2761 = CARTESIAN_POINT('',(-10.8299108739,1.930183506035,
    45.926168712408));
#2762 = CARTESIAN_POINT('',(-10.81330496549,2.021123935272,
    46.096514650469));
#2763 = CARTESIAN_POINT('',(-10.79938661598,2.093083328027,
    46.272280791251));
#2764 = CARTESIAN_POINT('',(-10.78864740946,2.146636118376,
    46.451787694969));
#2765 = CARTESIAN_POINT('',(-10.78138798275,2.182202048767,
    46.633686171943));
#2766 = CARTESIAN_POINT('',(-10.77775486824,2.2,46.816803534134));
#2767 = CARTESIAN_POINT('',(-10.77775486824,2.2,47.));
#2768 = PCURVE('',#500,#2769);
#2769 = DEFINITIONAL_REPRESENTATION('',(#2770),#2827);
#2770 = B_SPLINE_CURVE_WITH_KNOTS('',7,(#2771,#2772,#2773,#2774,#2775,
    #2776,#2777,#2778,#2779,#2780,#2781,#2782,#2783,#2784,#2785,#2786,
    #2787,#2788,#2789,#2790,#2791,#2792,#2793,#2794,#2795,#2796,#2797,
    #2798,#2799,#2800,#2801,#2802,#2803,#2804,#2805,#2806,#2807,#2808,
    #2809,#2810,#2811,#2812,#2813,#2814,#2815,#2816,#2817,#2818,#2819,
    #2820,#2821,#2822,#2823,#2824,#2825,#2826),.UNSPECIFIED.,.F.,.F.,(8,
    6,6,6,6,6,6,6,6,8),(0.,0.130851308877,0.21870254465,0.326779421004,
    0.425004032145,0.572220785721,0.702387545902,0.796491699311,
    0.893903868131,1.),.UNSPECIFIED.);
#2771 = CARTESIAN_POINT('',(-2.940234732799,-47.));
#2772 = CARTESIAN_POINT('',(-2.940234732799,-47.22832465374));
#2773 = CARTESIAN_POINT('',(-2.942799749569,-47.45639398654));
#2774 = CARTESIAN_POINT('',(-2.947919936322,-47.68214857165));
#2775 = CARTESIAN_POINT('',(-2.955639075281,-47.90333755109));
#2776 = CARTESIAN_POINT('',(-2.966037701611,-48.11717279285));
#2777 = CARTESIAN_POINT('',(-2.97921731353,-48.31988858703));
#2778 = CARTESIAN_POINT('',(-3.006059906511,-48.6309579566));
#2779 = CARTESIAN_POINT('',(-3.018219454463,-48.74934016808));
#2780 = CARTESIAN_POINT('',(-3.031743865499,-48.85840843277));
#2781 = CARTESIAN_POINT('',(-3.046582434479,-48.95543683303));
#2782 = CARTESIAN_POINT('',(-3.062649593908,-49.03770820025));
#2783 = CARTESIAN_POINT('',(-3.079825011681,-49.10249337228));
#2784 = CARTESIAN_POINT('',(-3.120248172511,-49.20179084947));
#2785 = CARTESIAN_POINT('',(-3.143539814391,-49.22480852503));
#2786 = CARTESIAN_POINT('',(-3.167089879206,-49.2122662351));
#2787 = CARTESIAN_POINT('',(-3.190106057311,-49.16410841334));
#2788 = CARTESIAN_POINT('',(-3.211824059237,-49.08375997765));
#2789 = CARTESIAN_POINT('',(-3.231592504375,-48.97809163501));
#2790 = CARTESIAN_POINT('',(-3.264752299055,-48.74794239105));
#2791 = CARTESIAN_POINT('',(-3.278921185575,-48.62355185176));
#2792 = CARTESIAN_POINT('',(-3.291473251718,-48.48767396526));
#2793 = CARTESIAN_POINT('',(-3.302436800328,-48.34290174468));
#2794 = CARTESIAN_POINT('',(-3.311851452676,-48.19128463547));
#2795 = CARTESIAN_POINT('',(-3.319757641698,-48.03445954839));
#2796 = CARTESIAN_POINT('',(-3.335831149667,-47.63282071016));
#2797 = CARTESIAN_POINT('',(-3.342170193116,-47.38292814179));
#2798 = CARTESIAN_POINT('',(-3.345319655216,-47.12821976905));
#2799 = CARTESIAN_POINT('',(-3.345322839026,-46.87190428291));
#2800 = CARTESIAN_POINT('',(-3.342173419501,-46.61702896359));
#2801 = CARTESIAN_POINT('',(-3.335824622772,-46.36701619821));
#2802 = CARTESIAN_POINT('',(-3.31767157951,-45.91341470561));
#2803 = CARTESIAN_POINT('',(-3.30653746233,-45.70663316506));
#2804 = CARTESIAN_POINT('',(-3.292692422434,-45.50952291104));
#2805 = CARTESIAN_POINT('',(-3.27605411531,-45.32667730292));
#2806 = CARTESIAN_POINT('',(-3.256580910726,-45.16388833701));
#2807 = CARTESIAN_POINT('',(-3.234299179269,-45.02847351779));
#2808 = CARTESIAN_POINT('',(-3.191385627706,-44.85891585322));
#2809 = CARTESIAN_POINT('',(-3.172042748499,-44.80725120717));
#2810 = CARTESIAN_POINT('',(-3.151842601538,-44.7801568276));
#2811 = CARTESIAN_POINT('',(-3.13134734962,-44.78014729676));
#2812 = CARTESIAN_POINT('',(-3.111143012117,-44.80723975442));
#2813 = CARTESIAN_POINT('',(-3.091796167068,-44.85892973125));
#2814 = CARTESIAN_POINT('',(-3.055157254398,-45.00369538774));
#2815 = CARTESIAN_POINT('',(-3.037952543131,-45.09819708035));
#2816 = CARTESIAN_POINT('',(-3.022278847768,-45.20963715287));
#2817 = CARTESIAN_POINT('',(-3.008185277844,-45.33465227857));
#2818 = CARTESIAN_POINT('',(-2.995686887,-45.47030218434));
#2819 = CARTESIAN_POINT('',(-2.984773791553,-45.6139856798));
#2820 = CARTESIAN_POINT('',(-2.965217161302,-45.9261687124));
#2821 = CARTESIAN_POINT('',(-2.956814018262,-46.09651465046));
#2822 = CARTESIAN_POINT('',(-2.950151365011,-46.27228079125));
#2823 = CARTESIAN_POINT('',(-2.945186014063,-46.45178769496));
#2824 = CARTESIAN_POINT('',(-2.941886099897,-46.63368617194));
#2825 = CARTESIAN_POINT('',(-2.940234732799,-46.81680353413));
#2826 = CARTESIAN_POINT('',(-2.940234732799,-47.));
#2827 = ( GEOMETRIC_REPRESENTATION_CONTEXT(2) 
PARAMETRIC_REPRESENTATION_CONTEXT() REPRESENTATION_CONTEXT('2D SPACE',''
  ) );
#2828 = PCURVE('',#2829,#2834);
#2829 = CYLINDRICAL_SURFACE('',#2830,2.2);
#2830 = AXIS2_PLACEMENT_3D('',#2831,#2832,#2833);
#2831 = CARTESIAN_POINT('',(-40.,0.,47.));
#2832 = DIRECTION('',(-1.,-0.,-0.));
#2833 = DIRECTION('',(0.,1.,0.));
#2834 = DEFINITIONAL_REPRESENTATION('',(#2835),#2892);
#2835 = B_SPLINE_CURVE_WITH_KNOTS('',7,(#2836,#2837,#2838,#2839,#2840,
    #2841,#2842,#2843,#2844,#2845,#2846,#2847,#2848,#2849,#2850,#2851,
    #2852,#2853,#2854,#2855,#2856,#2857,#2858,#2859,#2860,#2861,#2862,
    #2863,#2864,#2865,#2866,#2867,#2868,#2869,#2870,#2871,#2872,#2873,
    #2874,#2875,#2876,#2877,#2878,#2879,#2880,#2881,#2882,#2883,#2884,
    #2885,#2886,#2887,#2888,#2889,#2890,#2891),.UNSPECIFIED.,.F.,.F.,(8,
    6,6,6,6,6,6,6,6,8),(0.,0.130851308877,0.21870254465,0.326779421004,
    0.425004032145,0.572220785721,0.702387545902,0.796491699311,
    0.893903868131,1.),.UNSPECIFIED.);
#2836 = CARTESIAN_POINT('',(0.,-29.22224513175));
#2837 = CARTESIAN_POINT('',(-0.103783933521,-29.22224513175));
#2838 = CARTESIAN_POINT('',(-0.207451576489,-29.21660213545));
#2839 = CARTESIAN_POINT('',(-0.311894223774,-29.20533751591));
#2840 = CARTESIAN_POINT('',(-0.417891801877,-29.18880266019));
#2841 = CARTESIAN_POINT('',(-0.526282871635,-29.16770231074));
#2842 = CARTESIAN_POINT('',(-0.637930948776,-29.14329099363));
#2843 = CARTESIAN_POINT('',(-0.831897002552,-29.10024269567));
#2844 = CARTESIAN_POINT('',(-0.912365151588,-29.0822181929));
#2845 = CARTESIAN_POINT('',(-0.995231648049,-29.06416260091));
#2846 = CARTESIAN_POINT('',(-1.080447754422,-29.04696316384));
#2847 = CARTESIAN_POINT('',(-1.168039440409,-29.03162721622));
#2848 = CARTESIAN_POINT('',(-1.258111137746,-29.01917254017));
#2849 = CARTESIAN_POINT('',(-1.465017465041,-28.99977285364));
#2850 = CARTESIAN_POINT('',(-1.580968125161,-28.99497032836));
#2851 = CARTESIAN_POINT('',(-1.697138922485,-28.99744421802));
#2852 = CARTESIAN_POINT('',(-1.81229940049,-29.00743388392));
#2853 = CARTESIAN_POINT('',(-1.925131468665,-29.02341655229));
#2854 = CARTESIAN_POINT('',(-2.034002498163,-29.04286859184));
#2855 = CARTESIAN_POINT('',(-2.229239641378,-29.08195798615));
#2856 = CARTESIAN_POINT('',(-2.318876463437,-29.10184153811));
#2857 = CARTESIAN_POINT('',(-2.405723632254,-29.12181529589));
#2858 = CARTESIAN_POINT('',(-2.49020749848,-29.14092679513));
#2859 = CARTESIAN_POINT('',(-2.57270482295,-29.15845848779));
#2860 = CARTESIAN_POINT('',(-2.653577189384,-29.17390006704));
#2861 = CARTESIAN_POINT('',(-2.852500848475,-29.20635344688));
#2862 = CARTESIAN_POINT('',(-2.969080638229,-29.22032480642));
#2863 = CARTESIAN_POINT('',(-3.084223628263,-29.2275808637));
#2864 = CARTESIAN_POINT('',(-3.19890863389,-29.227590573));
#2865 = CARTESIAN_POINT('',(-3.314116394741,-29.22032974504));
#2866 = CARTESIAN_POINT('',(-3.430765234712,-29.20634026869));
#2867 = CARTESIAN_POINT('',(-3.655424954062,-29.16968818195));
#2868 = CARTESIAN_POINT('',(-3.763450159499,-29.14812354307));
#2869 = CARTESIAN_POINT('',(-3.874713622707,-29.12301245275));
#2870 = CARTESIAN_POINT('',(-3.989827344807,-29.09574513053));
#2871 = CARTESIAN_POINT('',(-4.109556255718,-29.06838208741));
#2872 = CARTESIAN_POINT('',(-4.234757808698,-29.04383386282));
#2873 = CARTESIAN_POINT('',(-4.462283754582,-29.01185367897));
#2874 = CARTESIAN_POINT('',(-4.561146876663,-29.00159076141));
#2875 = CARTESIAN_POINT('',(-4.661779553754,-28.99595425867));
#2876 = CARTESIAN_POINT('',(-4.762975921849,-28.99595190681));
#2877 = CARTESIAN_POINT('',(-4.863627238705,-29.00158880073));
#2878 = CARTESIAN_POINT('',(-4.96251282882,-29.0118562965));
#2879 = CARTESIAN_POINT('',(-5.156770888524,-29.03916047247));
#2880 = CARTESIAN_POINT('',(-5.251945154869,-29.05642912908));
#2881 = CARTESIAN_POINT('',(-5.343969892123,-29.07576366096));
#2882 = CARTESIAN_POINT('',(-5.433184511419,-29.09589835606));
#2883 = CARTESIAN_POINT('',(-5.519845542089,-29.11575562335));
#2884 = CARTESIAN_POINT('',(-5.604158743808,-29.13450432634));
#2885 = CARTESIAN_POINT('',(-5.775727733421,-29.17008912609));
#2886 = CARTESIAN_POINT('',(-5.863003658475,-29.1866950345));
#2887 = CARTESIAN_POINT('',(-5.948634139092,-29.20061338401));
#2888 = CARTESIAN_POINT('',(-6.03305608515,-29.21135259053));
#2889 = CARTESIAN_POINT('',(-6.116678452676,-29.21861201724));
#2890 = CARTESIAN_POINT('',(-6.199914186331,-29.22224513175));
#2891 = CARTESIAN_POINT('',(-6.28318530718,-29.22224513175));
#2892 = ( GEOMETRIC_REPRESENTATION_CONTEXT(2) 
PARAMETRIC_REPRESENTATION_CONTEXT() REPRESENTATION_CONTEXT('2D SPACE',''
  ) );
#2893 = ADVANCED_FACE('',(#2894),#535,.F.);
#2894 = FACE_BOUND('',#2895,.F.);
#2895 = EDGE_LOOP('',(#2896,#2897,#2918,#2919));
#2896 = ORIENTED_EDGE('',*,*,#514,.F.);
#2897 = ORIENTED_EDGE('',*,*,#2898,.F.);
#2898 = EDGE_CURVE('',#1299,#515,#2899,.T.);
#2899 = SEAM_CURVE('',#2900,(#2904,#2911),.PCURVE_S1.);
#2900 = LINE('',#2901,#2902);
#2901 = CARTESIAN_POINT('',(62.25,45.,28.));
#2902 = VECTOR('',#2903,1.);
#2903 = DIRECTION('',(0.,0.,-1.));
#2904 = PCURVE('',#535,#2905);
#2905 = DEFINITIONAL_REPRESENTATION('',(#2906),#2910);
#2906 = LINE('',#2907,#2908);
#2907 = CARTESIAN_POINT('',(6.28318530718,-0.));
#2908 = VECTOR('',#2909,1.);
#2909 = DIRECTION('',(0.,1.));
#2910 = ( GEOMETRIC_REPRESENTATION_CONTEXT(2) 
PARAMETRIC_REPRESENTATION_CONTEXT() REPRESENTATION_CONTEXT('2D SPACE',''
  ) );
#2911 = PCURVE('',#535,#2912);
#2912 = DEFINITIONAL_REPRESENTATION('',(#2913),#2917);
#2913 = LINE('',#2914,#2915);
#2914 = CARTESIAN_POINT('',(0.,-0.));
#2915 = VECTOR('',#2916,1.);
#2916 = DIRECTION('',(0.,1.));
#2917 = ( GEOMETRIC_REPRESENTATION_CONTEXT(2) 
PARAMETRIC_REPRESENTATION_CONTEXT() REPRESENTATION_CONTEXT('2D SPACE',''
  ) );
#2918 = ORIENTED_EDGE('',*,*,#1298,.T.);
#2919 = ORIENTED_EDGE('',*,*,#2898,.T.);
#2920 = ADVANCED_FACE('',(#2921),#852,.T.);
#2921 = FACE_BOUND('',#2922,.T.);
#2922 = EDGE_LOOP('',(#2923,#2944,#2945));
#2923 = ORIENTED_EDGE('',*,*,#2924,.T.);
#2924 = EDGE_CURVE('',#2925,#835,#2927,.T.);
#2925 = VERTEX_POINT('',#2926);
#2926 = CARTESIAN_POINT('',(-4.,-22.4,47.933554817276));
#2927 = SURFACE_CURVE('',#2928,(#2932,#2938),.PCURVE_S1.);
#2928 = LINE('',#2929,#2930);
#2929 = CARTESIAN_POINT('',(-4.,-22.4,31.254845044382));
#2930 = VECTOR('',#2931,1.);
#2931 = DIRECTION('',(0.,0.,-1.));
#2932 = PCURVE('',#852,#2933);
#2933 = DEFINITIONAL_REPRESENTATION('',(#2934),#2937);
#2934 = B_SPLINE_CURVE_WITH_KNOTS('',1,(#2935,#2936),.UNSPECIFIED.,.F.,
  .F.,(2,2),(-16.74515495561,3.254845044382),.PIECEWISE_BEZIER_KNOTS.);
#2935 = CARTESIAN_POINT('',(-13.49030991123,-11.45969008876));
#2936 = CARTESIAN_POINT('',(6.509690088763,-11.45969008876));
#2937 = ( GEOMETRIC_REPRESENTATION_CONTEXT(2) 
PARAMETRIC_REPRESENTATION_CONTEXT() REPRESENTATION_CONTEXT('2D SPACE',''
  ) );
#2938 = PCURVE('',#880,#2939);
#2939 = DEFINITIONAL_REPRESENTATION('',(#2940),#2943);
#2940 = B_SPLINE_CURVE_WITH_KNOTS('',1,(#2941,#2942),.UNSPECIFIED.,.F.,
  .F.,(2,2),(-16.74515495561,3.254845044382),.PIECEWISE_BEZIER_KNOTS.);
#2941 = CARTESIAN_POINT('',(18.4,-20.));
#2942 = CARTESIAN_POINT('',(18.4,0.));
#2943 = ( GEOMETRIC_REPRESENTATION_CONTEXT(2) 
PARAMETRIC_REPRESENTATION_CONTEXT() REPRESENTATION_CONTEXT('2D SPACE',''
  ) );
#2944 = ORIENTED_EDGE('',*,*,#834,.T.);
#2945 = ORIENTED_EDGE('',*,*,#2946,.T.);
#2946 = EDGE_CURVE('',#837,#2925,#2947,.T.);
#2947 = SURFACE_CURVE('',#2948,(#2952,#2959),.PCURVE_S1.);
#2948 = LINE('',#2949,#2950);
#2949 = CARTESIAN_POINT('',(-4.,-52.4,28.));
#2950 = VECTOR('',#2951,1.);
#2951 = DIRECTION('',(1.849411142657E-16,0.832900733292,0.553422414148)
  );
#2952 = PCURVE('',#852,#2953);
#2953 = DEFINITIONAL_REPRESENTATION('',(#2954),#2958);
#2954 = LINE('',#2955,#2956);
#2955 = CARTESIAN_POINT('',(6.509690088763,18.540309911237));
#2956 = VECTOR('',#2957,1.);
#2957 = DIRECTION('',(-0.553422414148,-0.832900733292));
#2958 = ( GEOMETRIC_REPRESENTATION_CONTEXT(2) 
PARAMETRIC_REPRESENTATION_CONTEXT() REPRESENTATION_CONTEXT('2D SPACE',''
  ) );
#2959 = PCURVE('',#1148,#2960);
#2960 = DEFINITIONAL_REPRESENTATION('',(#2961),#2965);
#2961 = LINE('',#2962,#2963);
#2962 = CARTESIAN_POINT('',(-7.397644570627E-16,-4.));
#2963 = VECTOR('',#2964,1.);
#2964 = DIRECTION('',(1.,0.));
#2965 = ( GEOMETRIC_REPRESENTATION_CONTEXT(2) 
PARAMETRIC_REPRESENTATION_CONTEXT() REPRESENTATION_CONTEXT('2D SPACE',''
  ) );
#2966 = ADVANCED_FACE('',(#2967),#880,.F.);
#2967 = FACE_BOUND('',#2968,.F.);
#2968 = EDGE_LOOP('',(#2969,#2970,#2993,#3021,#3042,#3043,#3064,#3083));
#2969 = ORIENTED_EDGE('',*,*,#864,.F.);
#2970 = ORIENTED_EDGE('',*,*,#2971,.T.);
#2971 = EDGE_CURVE('',#865,#2972,#2974,.T.);
#2972 = VERTEX_POINT('',#2973);
#2973 = CARTESIAN_POINT('',(-22.4,-22.4,48.));
#2974 = SURFACE_CURVE('',#2975,(#2979,#2986),.PCURVE_S1.);
#2975 = LINE('',#2976,#2977);
#2976 = CARTESIAN_POINT('',(-22.4,-22.4,28.));
#2977 = VECTOR('',#2978,1.);
#2978 = DIRECTION('',(0.,0.,1.));
#2979 = PCURVE('',#880,#2980);
#2980 = DEFINITIONAL_REPRESENTATION('',(#2981),#2985);
#2981 = LINE('',#2982,#2983);
#2982 = CARTESIAN_POINT('',(0.,0.));
#2983 = VECTOR('',#2984,1.);
#2984 = DIRECTION('',(0.,-1.));
#2985 = ( GEOMETRIC_REPRESENTATION_CONTEXT(2) 
PARAMETRIC_REPRESENTATION_CONTEXT() REPRESENTATION_CONTEXT('2D SPACE',''
  ) );
#2986 = PCURVE('',#908,#2987);
#2987 = DEFINITIONAL_REPRESENTATION('',(#2988),#2992);
#2988 = LINE('',#2989,#2990);
#2989 = CARTESIAN_POINT('',(44.8,0.));
#2990 = VECTOR('',#2991,1.);
#2991 = DIRECTION('',(0.,-1.));
#2992 = ( GEOMETRIC_REPRESENTATION_CONTEXT(2) 
PARAMETRIC_REPRESENTATION_CONTEXT() REPRESENTATION_CONTEXT('2D SPACE',''
  ) );
#2993 = ORIENTED_EDGE('',*,*,#2994,.T.);
#2994 = EDGE_CURVE('',#2972,#2995,#2997,.T.);
#2995 = VERTEX_POINT('',#2996);
#2996 = CARTESIAN_POINT('',(22.4,-22.4,48.));
#2997 = SURFACE_CURVE('',#2998,(#3002,#3009),.PCURVE_S1.);
#2998 = LINE('',#2999,#3000);
#2999 = CARTESIAN_POINT('',(-22.4,-22.4,48.));
#3000 = VECTOR('',#3001,1.);
#3001 = DIRECTION('',(1.,0.,0.));
#3002 = PCURVE('',#880,#3003);
#3003 = DEFINITIONAL_REPRESENTATION('',(#3004),#3008);
#3004 = LINE('',#3005,#3006);
#3005 = CARTESIAN_POINT('',(0.,-20.));
#3006 = VECTOR('',#3007,1.);
#3007 = DIRECTION('',(1.,0.));
#3008 = ( GEOMETRIC_REPRESENTATION_CONTEXT(2) 
PARAMETRIC_REPRESENTATION_CONTEXT() REPRESENTATION_CONTEXT('2D SPACE',''
  ) );
#3009 = PCURVE('',#3010,#3015);
#3010 = PLANE('',#3011);
#3011 = AXIS2_PLACEMENT_3D('',#3012,#3013,#3014);
#3012 = CARTESIAN_POINT('',(-6.344131569287E-16,6.344131569287E-16,48.)
  );
#3013 = DIRECTION('',(0.,0.,1.));
#3014 = DIRECTION('',(1.,0.,-0.));
#3015 = DEFINITIONAL_REPRESENTATION('',(#3016),#3020);
#3016 = LINE('',#3017,#3018);
#3017 = CARTESIAN_POINT('',(-22.4,-22.4));
#3018 = VECTOR('',#3019,1.);
#3019 = DIRECTION('',(1.,0.));
#3020 = ( GEOMETRIC_REPRESENTATION_CONTEXT(2) 
PARAMETRIC_REPRESENTATION_CONTEXT() REPRESENTATION_CONTEXT('2D SPACE',''
  ) );
#3021 = ORIENTED_EDGE('',*,*,#3022,.F.);
#3022 = EDGE_CURVE('',#1056,#2995,#3023,.T.);
#3023 = SURFACE_CURVE('',#3024,(#3028,#3035),.PCURVE_S1.);
#3024 = LINE('',#3025,#3026);
#3025 = CARTESIAN_POINT('',(22.4,-22.4,28.));
#3026 = VECTOR('',#3027,1.);
#3027 = DIRECTION('',(0.,0.,1.));
#3028 = PCURVE('',#880,#3029);
#3029 = DEFINITIONAL_REPRESENTATION('',(#3030),#3034);
#3030 = LINE('',#3031,#3032);
#3031 = CARTESIAN_POINT('',(44.8,0.));
#3032 = VECTOR('',#3033,1.);
#3033 = DIRECTION('',(0.,-1.));
#3034 = ( GEOMETRIC_REPRESENTATION_CONTEXT(2) 
PARAMETRIC_REPRESENTATION_CONTEXT() REPRESENTATION_CONTEXT('2D SPACE',''
  ) );
#3035 = PCURVE('',#1071,#3036);
#3036 = DEFINITIONAL_REPRESENTATION('',(#3037),#3041);
#3037 = LINE('',#3038,#3039);
#3038 = CARTESIAN_POINT('',(0.,0.));
#3039 = VECTOR('',#3040,1.);
#3040 = DIRECTION('',(0.,-1.));
#3041 = ( GEOMETRIC_REPRESENTATION_CONTEXT(2) 
PARAMETRIC_REPRESENTATION_CONTEXT() REPRESENTATION_CONTEXT('2D SPACE',''
  ) );
#3042 = ORIENTED_EDGE('',*,*,#1083,.F.);
#3043 = ORIENTED_EDGE('',*,*,#3044,.F.);
#3044 = EDGE_CURVE('',#3045,#1084,#3047,.T.);
#3045 = VERTEX_POINT('',#3046);
#3046 = CARTESIAN_POINT('',(4.,-22.4,47.933554817276));
#3047 = SURFACE_CURVE('',#3048,(#3052,#3058),.PCURVE_S1.);
#3048 = LINE('',#3049,#3050);
#3049 = CARTESIAN_POINT('',(4.,-22.4,31.254845044382));
#3050 = VECTOR('',#3051,1.);
#3051 = DIRECTION('',(0.,0.,-1.));
#3052 = PCURVE('',#880,#3053);
#3053 = DEFINITIONAL_REPRESENTATION('',(#3054),#3057);
#3054 = B_SPLINE_CURVE_WITH_KNOTS('',1,(#3055,#3056),.UNSPECIFIED.,.F.,
  .F.,(2,2),(-16.74515495561,3.254845044382),.PIECEWISE_BEZIER_KNOTS.);
#3055 = CARTESIAN_POINT('',(26.4,-20.));
#3056 = CARTESIAN_POINT('',(26.4,0.));
#3057 = ( GEOMETRIC_REPRESENTATION_CONTEXT(2) 
PARAMETRIC_REPRESENTATION_CONTEXT() REPRESENTATION_CONTEXT('2D SPACE',''
  ) );
#3058 = PCURVE('',#1122,#3059);
#3059 = DEFINITIONAL_REPRESENTATION('',(#3060),#3063);
#3060 = B_SPLINE_CURVE_WITH_KNOTS('',1,(#3061,#3062),.UNSPECIFIED.,.F.,
  .F.,(2,2),(-16.74515495561,3.254845044382),.PIECEWISE_BEZIER_KNOTS.);
#3061 = CARTESIAN_POINT('',(-13.49030991123,-11.45969008876));
#3062 = CARTESIAN_POINT('',(6.509690088763,-11.45969008876));
#3063 = ( GEOMETRIC_REPRESENTATION_CONTEXT(2) 
PARAMETRIC_REPRESENTATION_CONTEXT() REPRESENTATION_CONTEXT('2D SPACE',''
  ) );
#3064 = ORIENTED_EDGE('',*,*,#3065,.F.);
#3065 = EDGE_CURVE('',#2925,#3045,#3066,.T.);
#3066 = SURFACE_CURVE('',#3067,(#3071,#3077),.PCURVE_S1.);
#3067 = LINE('',#3068,#3069);
#3068 = CARTESIAN_POINT('',(-11.2,-22.4,47.933554817276));
#3069 = VECTOR('',#3070,1.);
#3070 = DIRECTION('',(1.,-0.,1.475379434718E-16));
#3071 = PCURVE('',#880,#3072);
#3072 = DEFINITIONAL_REPRESENTATION('',(#3073),#3076);
#3073 = B_SPLINE_CURVE_WITH_KNOTS('',1,(#3074,#3075),.UNSPECIFIED.,.F.,
  .F.,(2,2),(7.2,15.2),.PIECEWISE_BEZIER_KNOTS.);
#3074 = CARTESIAN_POINT('',(18.4,-19.93355481727));
#3075 = CARTESIAN_POINT('',(26.4,-19.93355481727));
#3076 = ( GEOMETRIC_REPRESENTATION_CONTEXT(2) 
PARAMETRIC_REPRESENTATION_CONTEXT() REPRESENTATION_CONTEXT('2D SPACE',''
  ) );
#3077 = PCURVE('',#1148,#3078);
#3078 = DEFINITIONAL_REPRESENTATION('',(#3079),#3082);
#3079 = B_SPLINE_CURVE_WITH_KNOTS('',1,(#3080,#3081),.UNSPECIFIED.,.F.,
  .F.,(2,2),(7.2,15.2),.PIECEWISE_BEZIER_KNOTS.);
#3080 = CARTESIAN_POINT('',(36.018698028293,-4.));
#3081 = CARTESIAN_POINT('',(36.018698028293,4.));
#3082 = ( GEOMETRIC_REPRESENTATION_CONTEXT(2) 
PARAMETRIC_REPRESENTATION_CONTEXT() REPRESENTATION_CONTEXT('2D SPACE',''
  ) );
#3083 = ORIENTED_EDGE('',*,*,#2924,.T.);
#3084 = ADVANCED_FACE('',(#3085),#1148,.F.);
#3085 = FACE_BOUND('',#3086,.F.);
#3086 = EDGE_LOOP('',(#3087,#3088,#3089,#3090));
#3087 = ORIENTED_EDGE('',*,*,#1134,.T.);
#3088 = ORIENTED_EDGE('',*,*,#2946,.T.);
#3089 = ORIENTED_EDGE('',*,*,#3065,.T.);
#3090 = ORIENTED_EDGE('',*,*,#3091,.F.);
#3091 = EDGE_CURVE('',#1107,#3045,#3092,.T.);
#3092 = SURFACE_CURVE('',#3093,(#3097,#3104),.PCURVE_S1.);
#3093 = LINE('',#3094,#3095);
#3094 = CARTESIAN_POINT('',(4.,-52.4,28.));
#3095 = VECTOR('',#3096,1.);
#3096 = DIRECTION('',(1.849411142657E-16,0.832900733292,0.553422414148)
  );
#3097 = PCURVE('',#1148,#3098);
#3098 = DEFINITIONAL_REPRESENTATION('',(#3099),#3103);
#3099 = LINE('',#3100,#3101);
#3100 = CARTESIAN_POINT('',(7.397644570627E-16,4.));
#3101 = VECTOR('',#3102,1.);
#3102 = DIRECTION('',(1.,0.));
#3103 = ( GEOMETRIC_REPRESENTATION_CONTEXT(2) 
PARAMETRIC_REPRESENTATION_CONTEXT() REPRESENTATION_CONTEXT('2D SPACE',''
  ) );
#3104 = PCURVE('',#1122,#3105);
#3105 = DEFINITIONAL_REPRESENTATION('',(#3106),#3110);
#3106 = LINE('',#3107,#3108);
#3107 = CARTESIAN_POINT('',(6.509690088763,18.540309911237));
#3108 = VECTOR('',#3109,1.);
#3109 = DIRECTION('',(-0.553422414148,-0.832900733292));
#3110 = ( GEOMETRIC_REPRESENTATION_CONTEXT(2) 
PARAMETRIC_REPRESENTATION_CONTEXT() REPRESENTATION_CONTEXT('2D SPACE',''
  ) );
#3111 = ADVANCED_FACE('',(#3112),#908,.F.);
#3112 = FACE_BOUND('',#3113,.F.);
#3113 = EDGE_LOOP('',(#3114,#3137,#3158,#3159));
#3114 = ORIENTED_EDGE('',*,*,#3115,.T.);
#3115 = EDGE_CURVE('',#893,#3116,#3118,.T.);
#3116 = VERTEX_POINT('',#3117);
#3117 = CARTESIAN_POINT('',(-22.4,22.4,48.));
#3118 = SURFACE_CURVE('',#3119,(#3123,#3130),.PCURVE_S1.);
#3119 = LINE('',#3120,#3121);
#3120 = CARTESIAN_POINT('',(-22.4,22.4,28.));
#3121 = VECTOR('',#3122,1.);
#3122 = DIRECTION('',(0.,0.,1.));
#3123 = PCURVE('',#908,#3124);
#3124 = DEFINITIONAL_REPRESENTATION('',(#3125),#3129);
#3125 = LINE('',#3126,#3127);
#3126 = CARTESIAN_POINT('',(0.,0.));
#3127 = VECTOR('',#3128,1.);
#3128 = DIRECTION('',(0.,-1.));
#3129 = ( GEOMETRIC_REPRESENTATION_CONTEXT(2) 
PARAMETRIC_REPRESENTATION_CONTEXT() REPRESENTATION_CONTEXT('2D SPACE',''
  ) );
#3130 = PCURVE('',#936,#3131);
#3131 = DEFINITIONAL_REPRESENTATION('',(#3132),#3136);
#3132 = LINE('',#3133,#3134);
#3133 = CARTESIAN_POINT('',(44.8,0.));
#3134 = VECTOR('',#3135,1.);
#3135 = DIRECTION('',(0.,-1.));
#3136 = ( GEOMETRIC_REPRESENTATION_CONTEXT(2) 
PARAMETRIC_REPRESENTATION_CONTEXT() REPRESENTATION_CONTEXT('2D SPACE',''
  ) );
#3137 = ORIENTED_EDGE('',*,*,#3138,.T.);
#3138 = EDGE_CURVE('',#3116,#2972,#3139,.T.);
#3139 = SURFACE_CURVE('',#3140,(#3144,#3151),.PCURVE_S1.);
#3140 = LINE('',#3141,#3142);
#3141 = CARTESIAN_POINT('',(-22.4,22.4,48.));
#3142 = VECTOR('',#3143,1.);
#3143 = DIRECTION('',(0.,-1.,0.));
#3144 = PCURVE('',#908,#3145);
#3145 = DEFINITIONAL_REPRESENTATION('',(#3146),#3150);
#3146 = LINE('',#3147,#3148);
#3147 = CARTESIAN_POINT('',(0.,-20.));
#3148 = VECTOR('',#3149,1.);
#3149 = DIRECTION('',(1.,0.));
#3150 = ( GEOMETRIC_REPRESENTATION_CONTEXT(2) 
PARAMETRIC_REPRESENTATION_CONTEXT() REPRESENTATION_CONTEXT('2D SPACE',''
  ) );
#3151 = PCURVE('',#3010,#3152);
#3152 = DEFINITIONAL_REPRESENTATION('',(#3153),#3157);
#3153 = LINE('',#3154,#3155);
#3154 = CARTESIAN_POINT('',(-22.4,22.4));
#3155 = VECTOR('',#3156,1.);
#3156 = DIRECTION('',(0.,-1.));
#3157 = ( GEOMETRIC_REPRESENTATION_CONTEXT(2) 
PARAMETRIC_REPRESENTATION_CONTEXT() REPRESENTATION_CONTEXT('2D SPACE',''
  ) );
#3158 = ORIENTED_EDGE('',*,*,#2971,.F.);
#3159 = ORIENTED_EDGE('',*,*,#892,.F.);
#3160 = ADVANCED_FACE('',(#3161),#1122,.F.);
#3161 = FACE_BOUND('',#3162,.F.);
#3162 = EDGE_LOOP('',(#3163,#3164,#3165));
#3163 = ORIENTED_EDGE('',*,*,#3044,.T.);
#3164 = ORIENTED_EDGE('',*,*,#1106,.T.);
#3165 = ORIENTED_EDGE('',*,*,#3091,.T.);
#3166 = ADVANCED_FACE('',(#3167),#936,.F.);
#3167 = FACE_BOUND('',#3168,.F.);
#3168 = EDGE_LOOP('',(#3169,#3170,#3193,#3214,#3215,#3216,#3237,#3258));
#3169 = ORIENTED_EDGE('',*,*,#1032,.F.);
#3170 = ORIENTED_EDGE('',*,*,#3171,.T.);
#3171 = EDGE_CURVE('',#1033,#3172,#3174,.T.);
#3172 = VERTEX_POINT('',#3173);
#3173 = CARTESIAN_POINT('',(22.4,22.4,48.));
#3174 = SURFACE_CURVE('',#3175,(#3179,#3186),.PCURVE_S1.);
#3175 = LINE('',#3176,#3177);
#3176 = CARTESIAN_POINT('',(22.4,22.4,28.));
#3177 = VECTOR('',#3178,1.);
#3178 = DIRECTION('',(0.,0.,1.));
#3179 = PCURVE('',#936,#3180);
#3180 = DEFINITIONAL_REPRESENTATION('',(#3181),#3185);
#3181 = LINE('',#3182,#3183);
#3182 = CARTESIAN_POINT('',(0.,-0.));
#3183 = VECTOR('',#3184,1.);
#3184 = DIRECTION('',(0.,-1.));
#3185 = ( GEOMETRIC_REPRESENTATION_CONTEXT(2) 
PARAMETRIC_REPRESENTATION_CONTEXT() REPRESENTATION_CONTEXT('2D SPACE',''
  ) );
#3186 = PCURVE('',#1071,#3187);
#3187 = DEFINITIONAL_REPRESENTATION('',(#3188),#3192);
#3188 = LINE('',#3189,#3190);
#3189 = CARTESIAN_POINT('',(44.8,0.));
#3190 = VECTOR('',#3191,1.);
#3191 = DIRECTION('',(0.,-1.));
#3192 = ( GEOMETRIC_REPRESENTATION_CONTEXT(2) 
PARAMETRIC_REPRESENTATION_CONTEXT() REPRESENTATION_CONTEXT('2D SPACE',''
  ) );
#3193 = ORIENTED_EDGE('',*,*,#3194,.T.);
#3194 = EDGE_CURVE('',#3172,#3116,#3195,.T.);
#3195 = SURFACE_CURVE('',#3196,(#3200,#3207),.PCURVE_S1.);
#3196 = LINE('',#3197,#3198);
#3197 = CARTESIAN_POINT('',(22.4,22.4,48.));
#3198 = VECTOR('',#3199,1.);
#3199 = DIRECTION('',(-1.,0.,0.));
#3200 = PCURVE('',#936,#3201);
#3201 = DEFINITIONAL_REPRESENTATION('',(#3202),#3206);
#3202 = LINE('',#3203,#3204);
#3203 = CARTESIAN_POINT('',(0.,-20.));
#3204 = VECTOR('',#3205,1.);
#3205 = DIRECTION('',(1.,0.));
#3206 = ( GEOMETRIC_REPRESENTATION_CONTEXT(2) 
PARAMETRIC_REPRESENTATION_CONTEXT() REPRESENTATION_CONTEXT('2D SPACE',''
  ) );
#3207 = PCURVE('',#3010,#3208);
#3208 = DEFINITIONAL_REPRESENTATION('',(#3209),#3213);
#3209 = LINE('',#3210,#3211);
#3210 = CARTESIAN_POINT('',(22.4,22.4));
#3211 = VECTOR('',#3212,1.);
#3212 = DIRECTION('',(-1.,0.));
#3213 = ( GEOMETRIC_REPRESENTATION_CONTEXT(2) 
PARAMETRIC_REPRESENTATION_CONTEXT() REPRESENTATION_CONTEXT('2D SPACE',''
  ) );
#3214 = ORIENTED_EDGE('',*,*,#3115,.F.);
#3215 = ORIENTED_EDGE('',*,*,#920,.F.);
#3216 = ORIENTED_EDGE('',*,*,#3217,.F.);
#3217 = EDGE_CURVE('',#3218,#921,#3220,.T.);
#3218 = VERTEX_POINT('',#3219);
#3219 = CARTESIAN_POINT('',(-4.,22.4,47.933554817276));
#3220 = SURFACE_CURVE('',#3221,(#3225,#3231),.PCURVE_S1.);
#3221 = LINE('',#3222,#3223);
#3222 = CARTESIAN_POINT('',(-4.,22.4,31.254845044382));
#3223 = VECTOR('',#3224,1.);
#3224 = DIRECTION('',(-0.,-0.,-1.));
#3225 = PCURVE('',#936,#3226);
#3226 = DEFINITIONAL_REPRESENTATION('',(#3227),#3230);
#3227 = B_SPLINE_CURVE_WITH_KNOTS('',1,(#3228,#3229),.UNSPECIFIED.,.F.,
  .F.,(2,2),(-16.74515495561,3.254845044382),.PIECEWISE_BEZIER_KNOTS.);
#3228 = CARTESIAN_POINT('',(26.4,-20.));
#3229 = CARTESIAN_POINT('',(26.4,0.));
#3230 = ( GEOMETRIC_REPRESENTATION_CONTEXT(2) 
PARAMETRIC_REPRESENTATION_CONTEXT() REPRESENTATION_CONTEXT('2D SPACE',''
  ) );
#3231 = PCURVE('',#964,#3232);
#3232 = DEFINITIONAL_REPRESENTATION('',(#3233),#3236);
#3233 = B_SPLINE_CURVE_WITH_KNOTS('',1,(#3234,#3235),.UNSPECIFIED.,.F.,
  .F.,(2,2),(-16.74515495561,3.254845044382),.PIECEWISE_BEZIER_KNOTS.);
#3234 = CARTESIAN_POINT('',(-13.49030991123,-11.45969008876));
#3235 = CARTESIAN_POINT('',(6.509690088763,-11.45969008876));
#3236 = ( GEOMETRIC_REPRESENTATION_CONTEXT(2) 
PARAMETRIC_REPRESENTATION_CONTEXT() REPRESENTATION_CONTEXT('2D SPACE',''
  ) );
#3237 = ORIENTED_EDGE('',*,*,#3238,.F.);
#3238 = EDGE_CURVE('',#3239,#3218,#3241,.T.);
#3239 = VERTEX_POINT('',#3240);
#3240 = CARTESIAN_POINT('',(4.,22.4,47.933554817276));
#3241 = SURFACE_CURVE('',#3242,(#3246,#3252),.PCURVE_S1.);
#3242 = LINE('',#3243,#3244);
#3243 = CARTESIAN_POINT('',(11.2,22.4,47.933554817276));
#3244 = VECTOR('',#3245,1.);
#3245 = DIRECTION('',(-1.,0.,7.376897173589E-17));
#3246 = PCURVE('',#936,#3247);
#3247 = DEFINITIONAL_REPRESENTATION('',(#3248),#3251);
#3248 = B_SPLINE_CURVE_WITH_KNOTS('',1,(#3249,#3250),.UNSPECIFIED.,.F.,
  .F.,(2,2),(7.2,15.2),.PIECEWISE_BEZIER_KNOTS.);
#3249 = CARTESIAN_POINT('',(18.4,-19.93355481727));
#3250 = CARTESIAN_POINT('',(26.4,-19.93355481727));
#3251 = ( GEOMETRIC_REPRESENTATION_CONTEXT(2) 
PARAMETRIC_REPRESENTATION_CONTEXT() REPRESENTATION_CONTEXT('2D SPACE',''
  ) );
#3252 = PCURVE('',#992,#3253);
#3253 = DEFINITIONAL_REPRESENTATION('',(#3254),#3257);
#3254 = B_SPLINE_CURVE_WITH_KNOTS('',1,(#3255,#3256),.UNSPECIFIED.,.F.,
  .F.,(2,2),(7.2,15.2),.PIECEWISE_BEZIER_KNOTS.);
#3255 = CARTESIAN_POINT('',(36.018698028293,-4.));
#3256 = CARTESIAN_POINT('',(36.018698028293,4.));
#3257 = ( GEOMETRIC_REPRESENTATION_CONTEXT(2) 
PARAMETRIC_REPRESENTATION_CONTEXT() REPRESENTATION_CONTEXT('2D SPACE',''
  ) );
#3258 = ORIENTED_EDGE('',*,*,#3259,.T.);
#3259 = EDGE_CURVE('',#3239,#1005,#3260,.T.);
#3260 = SURFACE_CURVE('',#3261,(#3265,#3271),.PCURVE_S1.);
#3261 = LINE('',#3262,#3263);
#3262 = CARTESIAN_POINT('',(4.,22.4,31.254845044382));
#3263 = VECTOR('',#3264,1.);
#3264 = DIRECTION('',(-0.,-0.,-1.));
#3265 = PCURVE('',#936,#3266);
#3266 = DEFINITIONAL_REPRESENTATION('',(#3267),#3270);
#3267 = B_SPLINE_CURVE_WITH_KNOTS('',1,(#3268,#3269),.UNSPECIFIED.,.F.,
  .F.,(2,2),(-16.74515495561,3.254845044382),.PIECEWISE_BEZIER_KNOTS.);
#3268 = CARTESIAN_POINT('',(18.4,-20.));
#3269 = CARTESIAN_POINT('',(18.4,0.));
#3270 = ( GEOMETRIC_REPRESENTATION_CONTEXT(2) 
PARAMETRIC_REPRESENTATION_CONTEXT() REPRESENTATION_CONTEXT('2D SPACE',''
  ) );
#3271 = PCURVE('',#1020,#3272);
#3272 = DEFINITIONAL_REPRESENTATION('',(#3273),#3276);
#3273 = B_SPLINE_CURVE_WITH_KNOTS('',1,(#3274,#3275),.UNSPECIFIED.,.F.,
  .F.,(2,2),(-16.74515495561,3.254845044382),.PIECEWISE_BEZIER_KNOTS.);
#3274 = CARTESIAN_POINT('',(-13.49030991123,-11.45969008876));
#3275 = CARTESIAN_POINT('',(6.509690088763,-11.45969008876));
#3276 = ( GEOMETRIC_REPRESENTATION_CONTEXT(2) 
PARAMETRIC_REPRESENTATION_CONTEXT() REPRESENTATION_CONTEXT('2D SPACE',''
  ) );
#3277 = ADVANCED_FACE('',(#3278),#964,.F.);
#3278 = FACE_BOUND('',#3279,.F.);
#3279 = EDGE_LOOP('',(#3280,#3281,#3282));
#3280 = ORIENTED_EDGE('',*,*,#3217,.T.);
#3281 = ORIENTED_EDGE('',*,*,#948,.T.);
#3282 = ORIENTED_EDGE('',*,*,#3283,.T.);
#3283 = EDGE_CURVE('',#949,#3218,#3284,.T.);
#3284 = SURFACE_CURVE('',#3285,(#3289,#3296),.PCURVE_S1.);
#3285 = LINE('',#3286,#3287);
#3286 = CARTESIAN_POINT('',(-4.,52.4,28.));
#3287 = VECTOR('',#3288,1.);
#3288 = DIRECTION('',(-9.247055713283E-17,-0.832900733292,0.553422414148
    ));
#3289 = PCURVE('',#964,#3290);
#3290 = DEFINITIONAL_REPRESENTATION('',(#3291),#3295);
#3291 = LINE('',#3292,#3293);
#3292 = CARTESIAN_POINT('',(6.509690088763,18.540309911237));
#3293 = VECTOR('',#3294,1.);
#3294 = DIRECTION('',(-0.553422414148,-0.832900733292));
#3295 = ( GEOMETRIC_REPRESENTATION_CONTEXT(2) 
PARAMETRIC_REPRESENTATION_CONTEXT() REPRESENTATION_CONTEXT('2D SPACE',''
  ) );
#3296 = PCURVE('',#992,#3297);
#3297 = DEFINITIONAL_REPRESENTATION('',(#3298),#3302);
#3298 = LINE('',#3299,#3300);
#3299 = CARTESIAN_POINT('',(3.698822285313E-16,4.));
#3300 = VECTOR('',#3301,1.);
#3301 = DIRECTION('',(1.,0.));
#3302 = ( GEOMETRIC_REPRESENTATION_CONTEXT(2) 
PARAMETRIC_REPRESENTATION_CONTEXT() REPRESENTATION_CONTEXT('2D SPACE',''
  ) );
#3303 = ADVANCED_FACE('',(#3304),#1071,.F.);
#3304 = FACE_BOUND('',#3305,.F.);
#3305 = EDGE_LOOP('',(#3306,#3307,#3328,#3329));
#3306 = ORIENTED_EDGE('',*,*,#3022,.T.);
#3307 = ORIENTED_EDGE('',*,*,#3308,.T.);
#3308 = EDGE_CURVE('',#2995,#3172,#3309,.T.);
#3309 = SURFACE_CURVE('',#3310,(#3314,#3321),.PCURVE_S1.);
#3310 = LINE('',#3311,#3312);
#3311 = CARTESIAN_POINT('',(22.4,-22.4,48.));
#3312 = VECTOR('',#3313,1.);
#3313 = DIRECTION('',(0.,1.,0.));
#3314 = PCURVE('',#1071,#3315);
#3315 = DEFINITIONAL_REPRESENTATION('',(#3316),#3320);
#3316 = LINE('',#3317,#3318);
#3317 = CARTESIAN_POINT('',(0.,-20.));
#3318 = VECTOR('',#3319,1.);
#3319 = DIRECTION('',(1.,0.));
#3320 = ( GEOMETRIC_REPRESENTATION_CONTEXT(2) 
PARAMETRIC_REPRESENTATION_CONTEXT() REPRESENTATION_CONTEXT('2D SPACE',''
  ) );
#3321 = PCURVE('',#3010,#3322);
#3322 = DEFINITIONAL_REPRESENTATION('',(#3323),#3327);
#3323 = LINE('',#3324,#3325);
#3324 = CARTESIAN_POINT('',(22.4,-22.4));
#3325 = VECTOR('',#3326,1.);
#3326 = DIRECTION('',(0.,1.));
#3327 = ( GEOMETRIC_REPRESENTATION_CONTEXT(2) 
PARAMETRIC_REPRESENTATION_CONTEXT() REPRESENTATION_CONTEXT('2D SPACE',''
  ) );
#3328 = ORIENTED_EDGE('',*,*,#3171,.F.);
#3329 = ORIENTED_EDGE('',*,*,#1055,.F.);
#3330 = ADVANCED_FACE('',(#3331),#992,.F.);
#3331 = FACE_BOUND('',#3332,.F.);
#3332 = EDGE_LOOP('',(#3333,#3334,#3355,#3356));
#3333 = ORIENTED_EDGE('',*,*,#976,.T.);
#3334 = ORIENTED_EDGE('',*,*,#3335,.T.);
#3335 = EDGE_CURVE('',#977,#3239,#3336,.T.);
#3336 = SURFACE_CURVE('',#3337,(#3341,#3348),.PCURVE_S1.);
#3337 = LINE('',#3338,#3339);
#3338 = CARTESIAN_POINT('',(4.,52.4,28.));
#3339 = VECTOR('',#3340,1.);
#3340 = DIRECTION('',(-9.247055713283E-17,-0.832900733292,0.553422414148
    ));
#3341 = PCURVE('',#992,#3342);
#3342 = DEFINITIONAL_REPRESENTATION('',(#3343),#3347);
#3343 = LINE('',#3344,#3345);
#3344 = CARTESIAN_POINT('',(-3.698822285313E-16,-4.));
#3345 = VECTOR('',#3346,1.);
#3346 = DIRECTION('',(1.,0.));
#3347 = ( GEOMETRIC_REPRESENTATION_CONTEXT(2) 
PARAMETRIC_REPRESENTATION_CONTEXT() REPRESENTATION_CONTEXT('2D SPACE',''
  ) );
#3348 = PCURVE('',#1020,#3349);
#3349 = DEFINITIONAL_REPRESENTATION('',(#3350),#3354);
#3350 = LINE('',#3351,#3352);
#3351 = CARTESIAN_POINT('',(6.509690088763,18.540309911237));
#3352 = VECTOR('',#3353,1.);
#3353 = DIRECTION('',(-0.553422414148,-0.832900733292));
#3354 = ( GEOMETRIC_REPRESENTATION_CONTEXT(2) 
PARAMETRIC_REPRESENTATION_CONTEXT() REPRESENTATION_CONTEXT('2D SPACE',''
  ) );
#3355 = ORIENTED_EDGE('',*,*,#3238,.T.);
#3356 = ORIENTED_EDGE('',*,*,#3283,.F.);
#3357 = ADVANCED_FACE('',(#3358),#1020,.T.);
#3358 = FACE_BOUND('',#3359,.T.);
#3359 = EDGE_LOOP('',(#3360,#3361,#3362));
#3360 = ORIENTED_EDGE('',*,*,#3259,.T.);
#3361 = ORIENTED_EDGE('',*,*,#1004,.T.);
#3362 = ORIENTED_EDGE('',*,*,#3335,.T.);
#3363 = ADVANCED_FACE('',(#3364),#1209,.T.);
#3364 = FACE_BOUND('',#3365,.T.);
#3365 = EDGE_LOOP('',(#3366,#3396,#3417,#3418));
#3366 = ORIENTED_EDGE('',*,*,#3367,.F.);
#3367 = EDGE_CURVE('',#3368,#3370,#3372,.T.);
#3368 = VERTEX_POINT('',#3369);
#3369 = CARTESIAN_POINT('',(90.9,-33.5,25.));
#3370 = VERTEX_POINT('',#3371);
#3371 = CARTESIAN_POINT('',(90.9,33.5,25.));
#3372 = SURFACE_CURVE('',#3373,(#3377,#3384),.PCURVE_S1.);
#3373 = LINE('',#3374,#3375);
#3374 = CARTESIAN_POINT('',(90.9,-33.5,25.));
#3375 = VECTOR('',#3376,1.);
#3376 = DIRECTION('',(0.,1.,0.));
#3377 = PCURVE('',#1209,#3378);
#3378 = DEFINITIONAL_REPRESENTATION('',(#3379),#3383);
#3379 = LINE('',#3380,#3381);
#3380 = CARTESIAN_POINT('',(0.,0.));
#3381 = VECTOR('',#3382,1.);
#3382 = DIRECTION('',(1.,0.));
#3383 = ( GEOMETRIC_REPRESENTATION_CONTEXT(2) 
PARAMETRIC_REPRESENTATION_CONTEXT() REPRESENTATION_CONTEXT('2D SPACE',''
  ) );
#3384 = PCURVE('',#3385,#3390);
#3385 = PLANE('',#3386);
#3386 = AXIS2_PLACEMENT_3D('',#3387,#3388,#3389);
#3387 = CARTESIAN_POINT('',(57.4,0.,25.));
#3388 = DIRECTION('',(0.,0.,1.));
#3389 = DIRECTION('',(1.,0.,-0.));
#3390 = DEFINITIONAL_REPRESENTATION('',(#3391),#3395);
#3391 = LINE('',#3392,#3393);
#3392 = CARTESIAN_POINT('',(33.5,-33.5));
#3393 = VECTOR('',#3394,1.);
#3394 = DIRECTION('',(0.,1.));
#3395 = ( GEOMETRIC_REPRESENTATION_CONTEXT(2) 
PARAMETRIC_REPRESENTATION_CONTEXT() REPRESENTATION_CONTEXT('2D SPACE',''
  ) );
#3396 = ORIENTED_EDGE('',*,*,#3397,.T.);
#3397 = EDGE_CURVE('',#3368,#1195,#3398,.T.);
#3398 = SURFACE_CURVE('',#3399,(#3403,#3410),.PCURVE_S1.);
#3399 = LINE('',#3400,#3401);
#3400 = CARTESIAN_POINT('',(90.9,-33.5,25.));
#3401 = VECTOR('',#3402,1.);
#3402 = DIRECTION('',(0.,0.,1.));
#3403 = PCURVE('',#1209,#3404);
#3404 = DEFINITIONAL_REPRESENTATION('',(#3405),#3409);
#3405 = LINE('',#3406,#3407);
#3406 = CARTESIAN_POINT('',(0.,0.));
#3407 = VECTOR('',#3408,1.);
#3408 = DIRECTION('',(0.,-1.));
#3409 = ( GEOMETRIC_REPRESENTATION_CONTEXT(2) 
PARAMETRIC_REPRESENTATION_CONTEXT() REPRESENTATION_CONTEXT('2D SPACE',''
  ) );
#3410 = PCURVE('',#1235,#3411);
#3411 = DEFINITIONAL_REPRESENTATION('',(#3412),#3416);
#3412 = LINE('',#3413,#3414);
#3413 = CARTESIAN_POINT('',(67.,0.));
#3414 = VECTOR('',#3415,1.);
#3415 = DIRECTION('',(0.,-1.));
#3416 = ( GEOMETRIC_REPRESENTATION_CONTEXT(2) 
PARAMETRIC_REPRESENTATION_CONTEXT() REPRESENTATION_CONTEXT('2D SPACE',''
  ) );
#3417 = ORIENTED_EDGE('',*,*,#1192,.F.);
#3418 = ORIENTED_EDGE('',*,*,#3419,.F.);
#3419 = EDGE_CURVE('',#3370,#1193,#3420,.T.);
#3420 = SURFACE_CURVE('',#3421,(#3425,#3432),.PCURVE_S1.);
#3421 = LINE('',#3422,#3423);
#3422 = CARTESIAN_POINT('',(90.9,33.5,25.));
#3423 = VECTOR('',#3424,1.);
#3424 = DIRECTION('',(0.,0.,1.));
#3425 = PCURVE('',#1209,#3426);
#3426 = DEFINITIONAL_REPRESENTATION('',(#3427),#3431);
#3427 = LINE('',#3428,#3429);
#3428 = CARTESIAN_POINT('',(67.,0.));
#3429 = VECTOR('',#3430,1.);
#3430 = DIRECTION('',(0.,-1.));
#3431 = ( GEOMETRIC_REPRESENTATION_CONTEXT(2) 
PARAMETRIC_REPRESENTATION_CONTEXT() REPRESENTATION_CONTEXT('2D SPACE',''
  ) );
#3432 = PCURVE('',#1285,#3433);
#3433 = DEFINITIONAL_REPRESENTATION('',(#3434),#3438);
#3434 = LINE('',#3435,#3436);
#3435 = CARTESIAN_POINT('',(0.,-0.));
#3436 = VECTOR('',#3437,1.);
#3437 = DIRECTION('',(0.,-1.));
#3438 = ( GEOMETRIC_REPRESENTATION_CONTEXT(2) 
PARAMETRIC_REPRESENTATION_CONTEXT() REPRESENTATION_CONTEXT('2D SPACE',''
  ) );
#3439 = ADVANCED_FACE('',(#3440),#1285,.T.);
#3440 = FACE_BOUND('',#3441,.T.);
#3441 = EDGE_LOOP('',(#3442,#3465,#3466,#3467));
#3442 = ORIENTED_EDGE('',*,*,#3443,.F.);
#3443 = EDGE_CURVE('',#3370,#3444,#3446,.T.);
#3444 = VERTEX_POINT('',#3445);
#3445 = CARTESIAN_POINT('',(23.9,33.5,25.));
#3446 = SURFACE_CURVE('',#3447,(#3451,#3458),.PCURVE_S1.);
#3447 = LINE('',#3448,#3449);
#3448 = CARTESIAN_POINT('',(90.9,33.5,25.));
#3449 = VECTOR('',#3450,1.);
#3450 = DIRECTION('',(-1.,0.,0.));
#3451 = PCURVE('',#1285,#3452);
#3452 = DEFINITIONAL_REPRESENTATION('',(#3453),#3457);
#3453 = LINE('',#3454,#3455);
#3454 = CARTESIAN_POINT('',(0.,-0.));
#3455 = VECTOR('',#3456,1.);
#3456 = DIRECTION('',(1.,0.));
#3457 = ( GEOMETRIC_REPRESENTATION_CONTEXT(2) 
PARAMETRIC_REPRESENTATION_CONTEXT() REPRESENTATION_CONTEXT('2D SPACE',''
  ) );
#3458 = PCURVE('',#3385,#3459);
#3459 = DEFINITIONAL_REPRESENTATION('',(#3460),#3464);
#3460 = LINE('',#3461,#3462);
#3461 = CARTESIAN_POINT('',(33.5,33.5));
#3462 = VECTOR('',#3463,1.);
#3463 = DIRECTION('',(-1.,0.));
#3464 = ( GEOMETRIC_REPRESENTATION_CONTEXT(2) 
PARAMETRIC_REPRESENTATION_CONTEXT() REPRESENTATION_CONTEXT('2D SPACE',''
  ) );
#3465 = ORIENTED_EDGE('',*,*,#3419,.T.);
#3466 = ORIENTED_EDGE('',*,*,#1272,.F.);
#3467 = ORIENTED_EDGE('',*,*,#3468,.F.);
#3468 = EDGE_CURVE('',#3444,#1247,#3469,.T.);
#3469 = SURFACE_CURVE('',#3470,(#3474,#3481),.PCURVE_S1.);
#3470 = LINE('',#3471,#3472);
#3471 = CARTESIAN_POINT('',(23.9,33.5,25.));
#3472 = VECTOR('',#3473,1.);
#3473 = DIRECTION('',(0.,0.,1.));
#3474 = PCURVE('',#1285,#3475);
#3475 = DEFINITIONAL_REPRESENTATION('',(#3476),#3480);
#3476 = LINE('',#3477,#3478);
#3477 = CARTESIAN_POINT('',(67.,0.));
#3478 = VECTOR('',#3479,1.);
#3479 = DIRECTION('',(0.,-1.));
#3480 = ( GEOMETRIC_REPRESENTATION_CONTEXT(2) 
PARAMETRIC_REPRESENTATION_CONTEXT() REPRESENTATION_CONTEXT('2D SPACE',''
  ) );
#3481 = PCURVE('',#1261,#3482);
#3482 = DEFINITIONAL_REPRESENTATION('',(#3483),#3487);
#3483 = LINE('',#3484,#3485);
#3484 = CARTESIAN_POINT('',(0.,0.));
#3485 = VECTOR('',#3486,1.);
#3486 = DIRECTION('',(0.,-1.));
#3487 = ( GEOMETRIC_REPRESENTATION_CONTEXT(2) 
PARAMETRIC_REPRESENTATION_CONTEXT() REPRESENTATION_CONTEXT('2D SPACE',''
  ) );
#3488 = ADVANCED_FACE('',(#3489),#1261,.T.);
#3489 = FACE_BOUND('',#3490,.T.);
#3490 = EDGE_LOOP('',(#3491,#3514,#3515,#3516));
#3491 = ORIENTED_EDGE('',*,*,#3492,.F.);
#3492 = EDGE_CURVE('',#3444,#3493,#3495,.T.);
#3493 = VERTEX_POINT('',#3494);
#3494 = CARTESIAN_POINT('',(23.9,-33.5,25.));
#3495 = SURFACE_CURVE('',#3496,(#3500,#3507),.PCURVE_S1.);
#3496 = LINE('',#3497,#3498);
#3497 = CARTESIAN_POINT('',(23.9,33.5,25.));
#3498 = VECTOR('',#3499,1.);
#3499 = DIRECTION('',(0.,-1.,0.));
#3500 = PCURVE('',#1261,#3501);
#3501 = DEFINITIONAL_REPRESENTATION('',(#3502),#3506);
#3502 = LINE('',#3503,#3504);
#3503 = CARTESIAN_POINT('',(0.,0.));
#3504 = VECTOR('',#3505,1.);
#3505 = DIRECTION('',(1.,0.));
#3506 = ( GEOMETRIC_REPRESENTATION_CONTEXT(2) 
PARAMETRIC_REPRESENTATION_CONTEXT() REPRESENTATION_CONTEXT('2D SPACE',''
  ) );
#3507 = PCURVE('',#3385,#3508);
#3508 = DEFINITIONAL_REPRESENTATION('',(#3509),#3513);
#3509 = LINE('',#3510,#3511);
#3510 = CARTESIAN_POINT('',(-33.5,33.5));
#3511 = VECTOR('',#3512,1.);
#3512 = DIRECTION('',(0.,-1.));
#3513 = ( GEOMETRIC_REPRESENTATION_CONTEXT(2) 
PARAMETRIC_REPRESENTATION_CONTEXT() REPRESENTATION_CONTEXT('2D SPACE',''
  ) );
#3514 = ORIENTED_EDGE('',*,*,#3468,.T.);
#3515 = ORIENTED_EDGE('',*,*,#1246,.F.);
#3516 = ORIENTED_EDGE('',*,*,#3517,.F.);
#3517 = EDGE_CURVE('',#3493,#1221,#3518,.T.);
#3518 = SURFACE_CURVE('',#3519,(#3523,#3530),.PCURVE_S1.);
#3519 = LINE('',#3520,#3521);
#3520 = CARTESIAN_POINT('',(23.9,-33.5,25.));
#3521 = VECTOR('',#3522,1.);
#3522 = DIRECTION('',(0.,0.,1.));
#3523 = PCURVE('',#1261,#3524);
#3524 = DEFINITIONAL_REPRESENTATION('',(#3525),#3529);
#3525 = LINE('',#3526,#3527);
#3526 = CARTESIAN_POINT('',(67.,0.));
#3527 = VECTOR('',#3528,1.);
#3528 = DIRECTION('',(0.,-1.));
#3529 = ( GEOMETRIC_REPRESENTATION_CONTEXT(2) 
PARAMETRIC_REPRESENTATION_CONTEXT() REPRESENTATION_CONTEXT('2D SPACE',''
  ) );
#3530 = PCURVE('',#1235,#3531);
#3531 = DEFINITIONAL_REPRESENTATION('',(#3532),#3536);
#3532 = LINE('',#3533,#3534);
#3533 = CARTESIAN_POINT('',(0.,0.));
#3534 = VECTOR('',#3535,1.);
#3535 = DIRECTION('',(0.,-1.));
#3536 = ( GEOMETRIC_REPRESENTATION_CONTEXT(2) 
PARAMETRIC_REPRESENTATION_CONTEXT() REPRESENTATION_CONTEXT('2D SPACE',''
  ) );
#3537 = ADVANCED_FACE('',(#3538),#1235,.T.);
#3538 = FACE_BOUND('',#3539,.T.);
#3539 = EDGE_LOOP('',(#3540,#3561,#3562,#3563));
#3540 = ORIENTED_EDGE('',*,*,#3541,.F.);
#3541 = EDGE_CURVE('',#3493,#3368,#3542,.T.);
#3542 = SURFACE_CURVE('',#3543,(#3547,#3554),.PCURVE_S1.);
#3543 = LINE('',#3544,#3545);
#3544 = CARTESIAN_POINT('',(23.9,-33.5,25.));
#3545 = VECTOR('',#3546,1.);
#3546 = DIRECTION('',(1.,0.,0.));
#3547 = PCURVE('',#1235,#3548);
#3548 = DEFINITIONAL_REPRESENTATION('',(#3549),#3553);
#3549 = LINE('',#3550,#3551);
#3550 = CARTESIAN_POINT('',(0.,0.));
#3551 = VECTOR('',#3552,1.);
#3552 = DIRECTION('',(1.,0.));
#3553 = ( GEOMETRIC_REPRESENTATION_CONTEXT(2) 
PARAMETRIC_REPRESENTATION_CONTEXT() REPRESENTATION_CONTEXT('2D SPACE',''
  ) );
#3554 = PCURVE('',#3385,#3555);
#3555 = DEFINITIONAL_REPRESENTATION('',(#3556),#3560);
#3556 = LINE('',#3557,#3558);
#3557 = CARTESIAN_POINT('',(-33.5,-33.5));
#3558 = VECTOR('',#3559,1.);
#3559 = DIRECTION('',(1.,0.));
#3560 = ( GEOMETRIC_REPRESENTATION_CONTEXT(2) 
PARAMETRIC_REPRESENTATION_CONTEXT() REPRESENTATION_CONTEXT('2D SPACE',''
  ) );
#3561 = ORIENTED_EDGE('',*,*,#3517,.T.);
#3562 = ORIENTED_EDGE('',*,*,#1220,.F.);
#3563 = ORIENTED_EDGE('',*,*,#3397,.F.);
#3564 = ADVANCED_FACE('',(#3565),#1612,.F.);
#3565 = FACE_BOUND('',#3566,.T.);
#3566 = EDGE_LOOP('',(#3567,#3568,#3591,#3622,#3623,#3624));
#3567 = ORIENTED_EDGE('',*,*,#1647,.F.);
#3568 = ORIENTED_EDGE('',*,*,#3569,.T.);
#3569 = EDGE_CURVE('',#1551,#3570,#3572,.T.);
#3570 = VERTEX_POINT('',#3571);
#3571 = CARTESIAN_POINT('',(31.9,4.,8.5));
#3572 = SEAM_CURVE('',#3573,(#3577,#3584),.PCURVE_S1.);
#3573 = LINE('',#3574,#3575);
#3574 = CARTESIAN_POINT('',(-1.,4.,8.5));
#3575 = VECTOR('',#3576,1.);
#3576 = DIRECTION('',(1.,0.,0.));
#3577 = PCURVE('',#1612,#3578);
#3578 = DEFINITIONAL_REPRESENTATION('',(#3579),#3583);
#3579 = LINE('',#3580,#3581);
#3580 = CARTESIAN_POINT('',(-6.28318530718,0.));
#3581 = VECTOR('',#3582,1.);
#3582 = DIRECTION('',(-0.,-1.));
#3583 = ( GEOMETRIC_REPRESENTATION_CONTEXT(2) 
PARAMETRIC_REPRESENTATION_CONTEXT() REPRESENTATION_CONTEXT('2D SPACE',''
  ) );
#3584 = PCURVE('',#1612,#3585);
#3585 = DEFINITIONAL_REPRESENTATION('',(#3586),#3590);
#3586 = LINE('',#3587,#3588);
#3587 = CARTESIAN_POINT('',(-0.,0.));
#3588 = VECTOR('',#3589,1.);
#3589 = DIRECTION('',(-0.,-1.));
#3590 = ( GEOMETRIC_REPRESENTATION_CONTEXT(2) 
PARAMETRIC_REPRESENTATION_CONTEXT() REPRESENTATION_CONTEXT('2D SPACE',''
  ) );
#3591 = ORIENTED_EDGE('',*,*,#3592,.F.);
#3592 = EDGE_CURVE('',#3570,#3570,#3593,.T.);
#3593 = SURFACE_CURVE('',#3594,(#3599,#3606),.PCURVE_S1.);
#3594 = CIRCLE('',#3595,4.);
#3595 = AXIS2_PLACEMENT_3D('',#3596,#3597,#3598);
#3596 = CARTESIAN_POINT('',(31.9,0.,8.5));
#3597 = DIRECTION('',(-1.,0.,0.));
#3598 = DIRECTION('',(0.,1.,0.));
#3599 = PCURVE('',#1612,#3600);
#3600 = DEFINITIONAL_REPRESENTATION('',(#3601),#3605);
#3601 = LINE('',#3602,#3603);
#3602 = CARTESIAN_POINT('',(-6.28318530718,-32.9));
#3603 = VECTOR('',#3604,1.);
#3604 = DIRECTION('',(1.,-0.));
#3605 = ( GEOMETRIC_REPRESENTATION_CONTEXT(2) 
PARAMETRIC_REPRESENTATION_CONTEXT() REPRESENTATION_CONTEXT('2D SPACE',''
  ) );
#3606 = PCURVE('',#3607,#3612);
#3607 = PLANE('',#3608);
#3608 = AXIS2_PLACEMENT_3D('',#3609,#3610,#3611);
#3609 = CARTESIAN_POINT('',(31.9,25.5,4.));
#3610 = DIRECTION('',(1.,0.,-0.));
#3611 = DIRECTION('',(0.,-1.,0.));
#3612 = DEFINITIONAL_REPRESENTATION('',(#3613),#3621);
#3613 = ( BOUNDED_CURVE() B_SPLINE_CURVE(2,(#3614,#3615,#3616,#3617,
#3618,#3619,#3620),.UNSPECIFIED.,.T.,.F.) B_SPLINE_CURVE_WITH_KNOTS((1,2
    ,2,2,2,1),(-2.094395102393,0.,2.094395102393,4.188790204786,
6.28318530718,8.377580409573),.UNSPECIFIED.) CURVE() 
GEOMETRIC_REPRESENTATION_ITEM() RATIONAL_B_SPLINE_CURVE((1.,0.5,1.,0.5,
1.,0.5,1.)) REPRESENTATION_ITEM('') );
#3614 = CARTESIAN_POINT('',(21.5,-4.5));
#3615 = CARTESIAN_POINT('',(21.5,2.428203230276));
#3616 = CARTESIAN_POINT('',(27.5,-1.035898384862));
#3617 = CARTESIAN_POINT('',(33.5,-4.5));
#3618 = CARTESIAN_POINT('',(27.5,-7.964101615138));
#3619 = CARTESIAN_POINT('',(21.5,-11.42820323027));
#3620 = CARTESIAN_POINT('',(21.5,-4.5));
#3621 = ( GEOMETRIC_REPRESENTATION_CONTEXT(2) 
PARAMETRIC_REPRESENTATION_CONTEXT() REPRESENTATION_CONTEXT('2D SPACE',''
  ) );
#3622 = ORIENTED_EDGE('',*,*,#3569,.F.);
#3623 = ORIENTED_EDGE('',*,*,#1550,.F.);
#3624 = ORIENTED_EDGE('',*,*,#2477,.F.);
#3625 = ADVANCED_FACE('',(#3626),#1800,.F.);
#3626 = FACE_BOUND('',#3627,.T.);
#3627 = EDGE_LOOP('',(#3628,#3629,#3652,#3679,#3680,#3681));
#3628 = ORIENTED_EDGE('',*,*,#1823,.F.);
#3629 = ORIENTED_EDGE('',*,*,#3630,.T.);
#3630 = EDGE_CURVE('',#1763,#3631,#3633,.T.);
#3631 = VERTEX_POINT('',#3632);
#3632 = CARTESIAN_POINT('',(14.6,2.2,47.));
#3633 = SEAM_CURVE('',#3634,(#3638,#3645),.PCURVE_S1.);
#3634 = LINE('',#3635,#3636);
#3635 = CARTESIAN_POINT('',(-40.,2.2,47.));
#3636 = VECTOR('',#3637,1.);
#3637 = DIRECTION('',(1.,0.,0.));
#3638 = PCURVE('',#1800,#3639);
#3639 = DEFINITIONAL_REPRESENTATION('',(#3640),#3644);
#3640 = LINE('',#3641,#3642);
#3641 = CARTESIAN_POINT('',(-6.28318530718,0.));
#3642 = VECTOR('',#3643,1.);
#3643 = DIRECTION('',(-0.,-1.));
#3644 = ( GEOMETRIC_REPRESENTATION_CONTEXT(2) 
PARAMETRIC_REPRESENTATION_CONTEXT() REPRESENTATION_CONTEXT('2D SPACE',''
  ) );
#3645 = PCURVE('',#1800,#3646);
#3646 = DEFINITIONAL_REPRESENTATION('',(#3647),#3651);
#3647 = LINE('',#3648,#3649);
#3648 = CARTESIAN_POINT('',(-0.,0.));
#3649 = VECTOR('',#3650,1.);
#3650 = DIRECTION('',(-0.,-1.));
#3651 = ( GEOMETRIC_REPRESENTATION_CONTEXT(2) 
PARAMETRIC_REPRESENTATION_CONTEXT() REPRESENTATION_CONTEXT('2D SPACE',''
  ) );
#3652 = ORIENTED_EDGE('',*,*,#3653,.F.);
#3653 = EDGE_CURVE('',#3631,#3631,#3654,.T.);
#3654 = SURFACE_CURVE('',#3655,(#3660,#3667),.PCURVE_S1.);
#3655 = CIRCLE('',#3656,2.2);
#3656 = AXIS2_PLACEMENT_3D('',#3657,#3658,#3659);
#3657 = CARTESIAN_POINT('',(14.6,0.,47.));
#3658 = DIRECTION('',(-1.,0.,0.));
#3659 = DIRECTION('',(0.,1.,0.));
#3660 = PCURVE('',#1800,#3661);
#3661 = DEFINITIONAL_REPRESENTATION('',(#3662),#3666);
#3662 = LINE('',#3663,#3664);
#3663 = CARTESIAN_POINT('',(-6.28318530718,-54.6));
#3664 = VECTOR('',#3665,1.);
#3665 = DIRECTION('',(1.,-0.));
#3666 = ( GEOMETRIC_REPRESENTATION_CONTEXT(2) 
PARAMETRIC_REPRESENTATION_CONTEXT() REPRESENTATION_CONTEXT('2D SPACE',''
  ) );
#3667 = PCURVE('',#3668,#3673);
#3668 = PLANE('',#3669);
#3669 = AXIS2_PLACEMENT_3D('',#3670,#3671,#3672);
#3670 = CARTESIAN_POINT('',(14.6,-14.6,32.));
#3671 = DIRECTION('',(-1.,0.,0.));
#3672 = DIRECTION('',(0.,1.,0.));
#3673 = DEFINITIONAL_REPRESENTATION('',(#3674),#3678);
#3674 = CIRCLE('',#3675,2.2);
#3675 = AXIS2_PLACEMENT_2D('',#3676,#3677);
#3676 = CARTESIAN_POINT('',(14.6,-15.));
#3677 = DIRECTION('',(1.,0.));
#3678 = ( GEOMETRIC_REPRESENTATION_CONTEXT(2) 
PARAMETRIC_REPRESENTATION_CONTEXT() REPRESENTATION_CONTEXT('2D SPACE',''
  ) );
#3679 = ORIENTED_EDGE('',*,*,#3630,.F.);
#3680 = ORIENTED_EDGE('',*,*,#1762,.F.);
#3681 = ORIENTED_EDGE('',*,*,#2386,.F.);
#3682 = ADVANCED_FACE('',(#3683,#3792),#1919,.T.);
#3683 = FACE_BOUND('',#3684,.T.);
#3684 = EDGE_LOOP('',(#3685,#3715,#3738,#3766));
#3685 = ORIENTED_EDGE('',*,*,#3686,.T.);
#3686 = EDGE_CURVE('',#3687,#3689,#3691,.T.);
#3687 = VERTEX_POINT('',#3688);
#3688 = CARTESIAN_POINT('',(-14.6,-14.6,62.));
#3689 = VERTEX_POINT('',#3690);
#3690 = CARTESIAN_POINT('',(14.6,-14.6,62.));
#3691 = SURFACE_CURVE('',#3692,(#3696,#3703),.PCURVE_S1.);
#3692 = LINE('',#3693,#3694);
#3693 = CARTESIAN_POINT('',(-14.6,-14.6,62.));
#3694 = VECTOR('',#3695,1.);
#3695 = DIRECTION('',(1.,0.,0.));
#3696 = PCURVE('',#1919,#3697);
#3697 = DEFINITIONAL_REPRESENTATION('',(#3698),#3702);
#3698 = LINE('',#3699,#3700);
#3699 = CARTESIAN_POINT('',(-14.6,-14.6));
#3700 = VECTOR('',#3701,1.);
#3701 = DIRECTION('',(1.,0.));
#3702 = ( GEOMETRIC_REPRESENTATION_CONTEXT(2) 
PARAMETRIC_REPRESENTATION_CONTEXT() REPRESENTATION_CONTEXT('2D SPACE',''
  ) );
#3703 = PCURVE('',#3704,#3709);
#3704 = PLANE('',#3705);
#3705 = AXIS2_PLACEMENT_3D('',#3706,#3707,#3708);
#3706 = CARTESIAN_POINT('',(-14.6,-14.6,32.));
#3707 = DIRECTION('',(0.,1.,0.));
#3708 = DIRECTION('',(1.,0.,0.));
#3709 = DEFINITIONAL_REPRESENTATION('',(#3710),#3714);
#3710 = LINE('',#3711,#3712);
#3711 = CARTESIAN_POINT('',(0.,-30.));
#3712 = VECTOR('',#3713,1.);
#3713 = DIRECTION('',(1.,0.));
#3714 = ( GEOMETRIC_REPRESENTATION_CONTEXT(2) 
PARAMETRIC_REPRESENTATION_CONTEXT() REPRESENTATION_CONTEXT('2D SPACE',''
  ) );
#3715 = ORIENTED_EDGE('',*,*,#3716,.T.);
#3716 = EDGE_CURVE('',#3689,#3717,#3719,.T.);
#3717 = VERTEX_POINT('',#3718);
#3718 = CARTESIAN_POINT('',(14.6,14.6,62.));
#3719 = SURFACE_CURVE('',#3720,(#3724,#3731),.PCURVE_S1.);
#3720 = LINE('',#3721,#3722);
#3721 = CARTESIAN_POINT('',(14.6,-14.6,62.));
#3722 = VECTOR('',#3723,1.);
#3723 = DIRECTION('',(0.,1.,0.));
#3724 = PCURVE('',#1919,#3725);
#3725 = DEFINITIONAL_REPRESENTATION('',(#3726),#3730);
#3726 = LINE('',#3727,#3728);
#3727 = CARTESIAN_POINT('',(14.6,-14.6));
#3728 = VECTOR('',#3729,1.);
#3729 = DIRECTION('',(0.,1.));
#3730 = ( GEOMETRIC_REPRESENTATION_CONTEXT(2) 
PARAMETRIC_REPRESENTATION_CONTEXT() REPRESENTATION_CONTEXT('2D SPACE',''
  ) );
#3731 = PCURVE('',#3668,#3732);
#3732 = DEFINITIONAL_REPRESENTATION('',(#3733),#3737);
#3733 = LINE('',#3734,#3735);
#3734 = CARTESIAN_POINT('',(0.,-30.));
#3735 = VECTOR('',#3736,1.);
#3736 = DIRECTION('',(1.,0.));
#3737 = ( GEOMETRIC_REPRESENTATION_CONTEXT(2) 
PARAMETRIC_REPRESENTATION_CONTEXT() REPRESENTATION_CONTEXT('2D SPACE',''
  ) );
#3738 = ORIENTED_EDGE('',*,*,#3739,.T.);
#3739 = EDGE_CURVE('',#3717,#3740,#3742,.T.);
#3740 = VERTEX_POINT('',#3741);
#3741 = CARTESIAN_POINT('',(-14.6,14.6,62.));
#3742 = SURFACE_CURVE('',#3743,(#3747,#3754),.PCURVE_S1.);
#3743 = LINE('',#3744,#3745);
#3744 = CARTESIAN_POINT('',(14.6,14.6,62.));
#3745 = VECTOR('',#3746,1.);
#3746 = DIRECTION('',(-1.,0.,0.));
#3747 = PCURVE('',#1919,#3748);
#3748 = DEFINITIONAL_REPRESENTATION('',(#3749),#3753);
#3749 = LINE('',#3750,#3751);
#3750 = CARTESIAN_POINT('',(14.6,14.6));
#3751 = VECTOR('',#3752,1.);
#3752 = DIRECTION('',(-1.,0.));
#3753 = ( GEOMETRIC_REPRESENTATION_CONTEXT(2) 
PARAMETRIC_REPRESENTATION_CONTEXT() REPRESENTATION_CONTEXT('2D SPACE',''
  ) );
#3754 = PCURVE('',#3755,#3760);
#3755 = PLANE('',#3756);
#3756 = AXIS2_PLACEMENT_3D('',#3757,#3758,#3759);
#3757 = CARTESIAN_POINT('',(14.6,14.6,32.));
#3758 = DIRECTION('',(0.,-1.,0.));
#3759 = DIRECTION('',(-1.,0.,0.));
#3760 = DEFINITIONAL_REPRESENTATION('',(#3761),#3765);
#3761 = LINE('',#3762,#3763);
#3762 = CARTESIAN_POINT('',(0.,-30.));
#3763 = VECTOR('',#3764,1.);
#3764 = DIRECTION('',(1.,0.));
#3765 = ( GEOMETRIC_REPRESENTATION_CONTEXT(2) 
PARAMETRIC_REPRESENTATION_CONTEXT() REPRESENTATION_CONTEXT('2D SPACE',''
  ) );
#3766 = ORIENTED_EDGE('',*,*,#3767,.T.);
#3767 = EDGE_CURVE('',#3740,#3687,#3768,.T.);
#3768 = SURFACE_CURVE('',#3769,(#3773,#3780),.PCURVE_S1.);
#3769 = LINE('',#3770,#3771);
#3770 = CARTESIAN_POINT('',(-14.6,14.6,62.));
#3771 = VECTOR('',#3772,1.);
#3772 = DIRECTION('',(0.,-1.,0.));
#3773 = PCURVE('',#1919,#3774);
#3774 = DEFINITIONAL_REPRESENTATION('',(#3775),#3779);
#3775 = LINE('',#3776,#3777);
#3776 = CARTESIAN_POINT('',(-14.6,14.6));
#3777 = VECTOR('',#3778,1.);
#3778 = DIRECTION('',(0.,-1.));
#3779 = ( GEOMETRIC_REPRESENTATION_CONTEXT(2) 
PARAMETRIC_REPRESENTATION_CONTEXT() REPRESENTATION_CONTEXT('2D SPACE',''
  ) );
#3780 = PCURVE('',#3781,#3786);
#3781 = PLANE('',#3782);
#3782 = AXIS2_PLACEMENT_3D('',#3783,#3784,#3785);
#3783 = CARTESIAN_POINT('',(-14.6,14.6,32.));
#3784 = DIRECTION('',(1.,0.,-0.));
#3785 = DIRECTION('',(0.,-1.,0.));
#3786 = DEFINITIONAL_REPRESENTATION('',(#3787),#3791);
#3787 = LINE('',#3788,#3789);
#3788 = CARTESIAN_POINT('',(0.,-30.));
#3789 = VECTOR('',#3790,1.);
#3790 = DIRECTION('',(1.,0.));
#3791 = ( GEOMETRIC_REPRESENTATION_CONTEXT(2) 
PARAMETRIC_REPRESENTATION_CONTEXT() REPRESENTATION_CONTEXT('2D SPACE',''
  ) );
#3792 = FACE_BOUND('',#3793,.T.);
#3793 = EDGE_LOOP('',(#3794,#3816,#3836,#3837,#3838,#3860,#3880,#3881,
    #3903,#3923,#3924,#3946,#3966));
#3794 = ORIENTED_EDGE('',*,*,#3795,.T.);
#3795 = EDGE_CURVE('',#1995,#3796,#3798,.T.);
#3796 = VERTEX_POINT('',#3797);
#3797 = CARTESIAN_POINT('',(9.6,9.6,62.));
#3798 = SURFACE_CURVE('',#3799,(#3803,#3809),.PCURVE_S1.);
#3799 = LINE('',#3800,#3801);
#3800 = CARTESIAN_POINT('',(4.8,9.6,62.));
#3801 = VECTOR('',#3802,1.);
#3802 = DIRECTION('',(1.,0.,-0.));
#3803 = PCURVE('',#1919,#3804);
#3804 = DEFINITIONAL_REPRESENTATION('',(#3805),#3808);
#3805 = B_SPLINE_CURVE_WITH_KNOTS('',1,(#3806,#3807),.UNSPECIFIED.,.F.,
  .F.,(2,2),(-14.4,4.8),.PIECEWISE_BEZIER_KNOTS.);
#3806 = CARTESIAN_POINT('',(-9.6,9.6));
#3807 = CARTESIAN_POINT('',(9.6,9.6));
#3808 = ( GEOMETRIC_REPRESENTATION_CONTEXT(2) 
PARAMETRIC_REPRESENTATION_CONTEXT() REPRESENTATION_CONTEXT('2D SPACE',''
  ) );
#3809 = PCURVE('',#2009,#3810);
#3810 = DEFINITIONAL_REPRESENTATION('',(#3811),#3815);
#3811 = LINE('',#3812,#3813);
#3812 = CARTESIAN_POINT('',(4.8,-30.0000002));
#3813 = VECTOR('',#3814,1.);
#3814 = DIRECTION('',(-1.,0.));
#3815 = ( GEOMETRIC_REPRESENTATION_CONTEXT(2) 
PARAMETRIC_REPRESENTATION_CONTEXT() REPRESENTATION_CONTEXT('2D SPACE',''
  ) );
#3816 = ORIENTED_EDGE('',*,*,#3817,.T.);
#3817 = EDGE_CURVE('',#3796,#1903,#3818,.T.);
#3818 = SURFACE_CURVE('',#3819,(#3823,#3829),.PCURVE_S1.);
#3819 = LINE('',#3820,#3821);
#3820 = CARTESIAN_POINT('',(9.6,-4.8,62.));
#3821 = VECTOR('',#3822,1.);
#3822 = DIRECTION('',(0.,-1.,0.));
#3823 = PCURVE('',#1919,#3824);
#3824 = DEFINITIONAL_REPRESENTATION('',(#3825),#3828);
#3825 = B_SPLINE_CURVE_WITH_KNOTS('',1,(#3826,#3827),.UNSPECIFIED.,.F.,
  .F.,(2,2),(-14.4,4.8),.PIECEWISE_BEZIER_KNOTS.);
#3826 = CARTESIAN_POINT('',(9.6,9.6));
#3827 = CARTESIAN_POINT('',(9.6,-9.6));
#3828 = ( GEOMETRIC_REPRESENTATION_CONTEXT(2) 
PARAMETRIC_REPRESENTATION_CONTEXT() REPRESENTATION_CONTEXT('2D SPACE',''
  ) );
#3829 = PCURVE('',#1950,#3830);
#3830 = DEFINITIONAL_REPRESENTATION('',(#3831),#3835);
#3831 = LINE('',#3832,#3833);
#3832 = CARTESIAN_POINT('',(4.8,-30.0000002));
#3833 = VECTOR('',#3834,1.);
#3834 = DIRECTION('',(-1.,0.));
#3835 = ( GEOMETRIC_REPRESENTATION_CONTEXT(2) 
PARAMETRIC_REPRESENTATION_CONTEXT() REPRESENTATION_CONTEXT('2D SPACE',''
  ) );
#3836 = ORIENTED_EDGE('',*,*,#1902,.T.);
#3837 = ORIENTED_EDGE('',*,*,#2359,.T.);
#3838 = ORIENTED_EDGE('',*,*,#3839,.T.);
#3839 = EDGE_CURVE('',#2334,#3840,#3842,.T.);
#3840 = VERTEX_POINT('',#3841);
#3841 = CARTESIAN_POINT('',(9.6,-9.6,62.));
#3842 = SURFACE_CURVE('',#3843,(#3847,#3853),.PCURVE_S1.);
#3843 = LINE('',#3844,#3845);
#3844 = CARTESIAN_POINT('',(9.6,-4.8,62.));
#3845 = VECTOR('',#3846,1.);
#3846 = DIRECTION('',(0.,-1.,0.));
#3847 = PCURVE('',#1919,#3848);
#3848 = DEFINITIONAL_REPRESENTATION('',(#3849),#3852);
#3849 = B_SPLINE_CURVE_WITH_KNOTS('',1,(#3850,#3851),.UNSPECIFIED.,.F.,
  .F.,(2,2),(-14.4,4.8),.PIECEWISE_BEZIER_KNOTS.);
#3850 = CARTESIAN_POINT('',(9.6,9.6));
#3851 = CARTESIAN_POINT('',(9.6,-9.6));
#3852 = ( GEOMETRIC_REPRESENTATION_CONTEXT(2) 
PARAMETRIC_REPRESENTATION_CONTEXT() REPRESENTATION_CONTEXT('2D SPACE',''
  ) );
#3853 = PCURVE('',#2348,#3854);
#3854 = DEFINITIONAL_REPRESENTATION('',(#3855),#3859);
#3855 = LINE('',#3856,#3857);
#3856 = CARTESIAN_POINT('',(4.8,-30.0000002));
#3857 = VECTOR('',#3858,1.);
#3858 = DIRECTION('',(-1.,0.));
#3859 = ( GEOMETRIC_REPRESENTATION_CONTEXT(2) 
PARAMETRIC_REPRESENTATION_CONTEXT() REPRESENTATION_CONTEXT('2D SPACE',''
  ) );
#3860 = ORIENTED_EDGE('',*,*,#3861,.T.);
#3861 = EDGE_CURVE('',#3840,#2247,#3862,.T.);
#3862 = SURFACE_CURVE('',#3863,(#3867,#3873),.PCURVE_S1.);
#3863 = LINE('',#3864,#3865);
#3864 = CARTESIAN_POINT('',(-4.8,-9.6,62.));
#3865 = VECTOR('',#3866,1.);
#3866 = DIRECTION('',(-1.,0.,0.));
#3867 = PCURVE('',#1919,#3868);
#3868 = DEFINITIONAL_REPRESENTATION('',(#3869),#3872);
#3869 = B_SPLINE_CURVE_WITH_KNOTS('',1,(#3870,#3871),.UNSPECIFIED.,.F.,
  .F.,(2,2),(-14.4,4.8),.PIECEWISE_BEZIER_KNOTS.);
#3870 = CARTESIAN_POINT('',(9.6,-9.6));
#3871 = CARTESIAN_POINT('',(-9.6,-9.6));
#3872 = ( GEOMETRIC_REPRESENTATION_CONTEXT(2) 
PARAMETRIC_REPRESENTATION_CONTEXT() REPRESENTATION_CONTEXT('2D SPACE',''
  ) );
#3873 = PCURVE('',#2289,#3874);
#3874 = DEFINITIONAL_REPRESENTATION('',(#3875),#3879);
#3875 = LINE('',#3876,#3877);
#3876 = CARTESIAN_POINT('',(4.8,-30.0000002));
#3877 = VECTOR('',#3878,1.);
#3878 = DIRECTION('',(-1.,0.));
#3879 = ( GEOMETRIC_REPRESENTATION_CONTEXT(2) 
PARAMETRIC_REPRESENTATION_CONTEXT() REPRESENTATION_CONTEXT('2D SPACE',''
  ) );
#3880 = ORIENTED_EDGE('',*,*,#2246,.T.);
#3881 = ORIENTED_EDGE('',*,*,#3882,.T.);
#3882 = EDGE_CURVE('',#2221,#3883,#3885,.T.);
#3883 = VERTEX_POINT('',#3884);
#3884 = CARTESIAN_POINT('',(-9.6,-9.6,62.));
#3885 = SURFACE_CURVE('',#3886,(#3890,#3896),.PCURVE_S1.);
#3886 = LINE('',#3887,#3888);
#3887 = CARTESIAN_POINT('',(-4.8,-9.6,62.));
#3888 = VECTOR('',#3889,1.);
#3889 = DIRECTION('',(-1.,0.,0.));
#3890 = PCURVE('',#1919,#3891);
#3891 = DEFINITIONAL_REPRESENTATION('',(#3892),#3895);
#3892 = B_SPLINE_CURVE_WITH_KNOTS('',1,(#3893,#3894),.UNSPECIFIED.,.F.,
  .F.,(2,2),(-14.4,4.8),.PIECEWISE_BEZIER_KNOTS.);
#3893 = CARTESIAN_POINT('',(9.6,-9.6));
#3894 = CARTESIAN_POINT('',(-9.6,-9.6));
#3895 = ( GEOMETRIC_REPRESENTATION_CONTEXT(2) 
PARAMETRIC_REPRESENTATION_CONTEXT() REPRESENTATION_CONTEXT('2D SPACE',''
  ) );
#3896 = PCURVE('',#2235,#3897);
#3897 = DEFINITIONAL_REPRESENTATION('',(#3898),#3902);
#3898 = LINE('',#3899,#3900);
#3899 = CARTESIAN_POINT('',(4.8,-30.0000002));
#3900 = VECTOR('',#3901,1.);
#3901 = DIRECTION('',(-1.,0.));
#3902 = ( GEOMETRIC_REPRESENTATION_CONTEXT(2) 
PARAMETRIC_REPRESENTATION_CONTEXT() REPRESENTATION_CONTEXT('2D SPACE',''
  ) );
#3903 = ORIENTED_EDGE('',*,*,#3904,.T.);
#3904 = EDGE_CURVE('',#3883,#2134,#3905,.T.);
#3905 = SURFACE_CURVE('',#3906,(#3910,#3916),.PCURVE_S1.);
#3906 = LINE('',#3907,#3908);
#3907 = CARTESIAN_POINT('',(-9.6,4.8,62.));
#3908 = VECTOR('',#3909,1.);
#3909 = DIRECTION('',(0.,1.,0.));
#3910 = PCURVE('',#1919,#3911);
#3911 = DEFINITIONAL_REPRESENTATION('',(#3912),#3915);
#3912 = B_SPLINE_CURVE_WITH_KNOTS('',1,(#3913,#3914),.UNSPECIFIED.,.F.,
  .F.,(2,2),(-14.4,4.8),.PIECEWISE_BEZIER_KNOTS.);
#3913 = CARTESIAN_POINT('',(-9.6,-9.6));
#3914 = CARTESIAN_POINT('',(-9.6,9.6));
#3915 = ( GEOMETRIC_REPRESENTATION_CONTEXT(2) 
PARAMETRIC_REPRESENTATION_CONTEXT() REPRESENTATION_CONTEXT('2D SPACE',''
  ) );
#3916 = PCURVE('',#2176,#3917);
#3917 = DEFINITIONAL_REPRESENTATION('',(#3918),#3922);
#3918 = LINE('',#3919,#3920);
#3919 = CARTESIAN_POINT('',(4.8,-30.0000002));
#3920 = VECTOR('',#3921,1.);
#3921 = DIRECTION('',(-1.,0.));
#3922 = ( GEOMETRIC_REPRESENTATION_CONTEXT(2) 
PARAMETRIC_REPRESENTATION_CONTEXT() REPRESENTATION_CONTEXT('2D SPACE',''
  ) );
#3923 = ORIENTED_EDGE('',*,*,#2133,.T.);
#3924 = ORIENTED_EDGE('',*,*,#3925,.T.);
#3925 = EDGE_CURVE('',#2108,#3926,#3928,.T.);
#3926 = VERTEX_POINT('',#3927);
#3927 = CARTESIAN_POINT('',(-9.6,9.6,62.));
#3928 = SURFACE_CURVE('',#3929,(#3933,#3939),.PCURVE_S1.);
#3929 = LINE('',#3930,#3931);
#3930 = CARTESIAN_POINT('',(-9.6,4.8,62.));
#3931 = VECTOR('',#3932,1.);
#3932 = DIRECTION('',(0.,1.,0.));
#3933 = PCURVE('',#1919,#3934);
#3934 = DEFINITIONAL_REPRESENTATION('',(#3935),#3938);
#3935 = B_SPLINE_CURVE_WITH_KNOTS('',1,(#3936,#3937),.UNSPECIFIED.,.F.,
  .F.,(2,2),(-14.4,4.8),.PIECEWISE_BEZIER_KNOTS.);
#3936 = CARTESIAN_POINT('',(-9.6,-9.6));
#3937 = CARTESIAN_POINT('',(-9.6,9.6));
#3938 = ( GEOMETRIC_REPRESENTATION_CONTEXT(2) 
PARAMETRIC_REPRESENTATION_CONTEXT() REPRESENTATION_CONTEXT('2D SPACE',''
  ) );
#3939 = PCURVE('',#2122,#3940);
#3940 = DEFINITIONAL_REPRESENTATION('',(#3941),#3945);
#3941 = LINE('',#3942,#3943);
#3942 = CARTESIAN_POINT('',(4.8,-30.0000002));
#3943 = VECTOR('',#3944,1.);
#3944 = DIRECTION('',(-1.,0.));
#3945 = ( GEOMETRIC_REPRESENTATION_CONTEXT(2) 
PARAMETRIC_REPRESENTATION_CONTEXT() REPRESENTATION_CONTEXT('2D SPACE',''
  ) );
#3946 = ORIENTED_EDGE('',*,*,#3947,.T.);
#3947 = EDGE_CURVE('',#3926,#2021,#3948,.T.);
#3948 = SURFACE_CURVE('',#3949,(#3953,#3959),.PCURVE_S1.);
#3949 = LINE('',#3950,#3951);
#3950 = CARTESIAN_POINT('',(4.8,9.6,62.));
#3951 = VECTOR('',#3952,1.);
#3952 = DIRECTION('',(1.,0.,-0.));
#3953 = PCURVE('',#1919,#3954);
#3954 = DEFINITIONAL_REPRESENTATION('',(#3955),#3958);
#3955 = B_SPLINE_CURVE_WITH_KNOTS('',1,(#3956,#3957),.UNSPECIFIED.,.F.,
  .F.,(2,2),(-14.4,4.8),.PIECEWISE_BEZIER_KNOTS.);
#3956 = CARTESIAN_POINT('',(-9.6,9.6));
#3957 = CARTESIAN_POINT('',(9.6,9.6));
#3958 = ( GEOMETRIC_REPRESENTATION_CONTEXT(2) 
PARAMETRIC_REPRESENTATION_CONTEXT() REPRESENTATION_CONTEXT('2D SPACE',''
  ) );
#3959 = PCURVE('',#2063,#3960);
#3960 = DEFINITIONAL_REPRESENTATION('',(#3961),#3965);
#3961 = LINE('',#3962,#3963);
#3962 = CARTESIAN_POINT('',(4.8,-30.0000002));
#3963 = VECTOR('',#3964,1.);
#3964 = DIRECTION('',(-1.,0.));
#3965 = ( GEOMETRIC_REPRESENTATION_CONTEXT(2) 
PARAMETRIC_REPRESENTATION_CONTEXT() REPRESENTATION_CONTEXT('2D SPACE',''
  ) );
#3966 = ORIENTED_EDGE('',*,*,#2020,.T.);
#3967 = ADVANCED_FACE('',(#3968),#2348,.T.);
#3968 = FACE_BOUND('',#3969,.T.);
#3969 = EDGE_LOOP('',(#3970,#3971,#3972,#3995));
#3970 = ORIENTED_EDGE('',*,*,#3839,.F.);
#3971 = ORIENTED_EDGE('',*,*,#2333,.T.);
#3972 = ORIENTED_EDGE('',*,*,#3973,.T.);
#3973 = EDGE_CURVE('',#2301,#3974,#3976,.T.);
#3974 = VERTEX_POINT('',#3975);
#3975 = CARTESIAN_POINT('',(9.6,-9.6,28.));
#3976 = SURFACE_CURVE('',#3977,(#3981,#3988),.PCURVE_S1.);
#3977 = LINE('',#3978,#3979);
#3978 = CARTESIAN_POINT('',(9.6,-4.8,28.));
#3979 = VECTOR('',#3980,1.);
#3980 = DIRECTION('',(0.,-1.,0.));
#3981 = PCURVE('',#2348,#3982);
#3982 = DEFINITIONAL_REPRESENTATION('',(#3983),#3987);
#3983 = LINE('',#3984,#3985);
#3984 = CARTESIAN_POINT('',(4.8,3.9999998));
#3985 = VECTOR('',#3986,1.);
#3986 = DIRECTION('',(-1.,0.));
#3987 = ( GEOMETRIC_REPRESENTATION_CONTEXT(2) 
PARAMETRIC_REPRESENTATION_CONTEXT() REPRESENTATION_CONTEXT('2D SPACE',''
  ) );
#3988 = PCURVE('',#2317,#3989);
#3989 = DEFINITIONAL_REPRESENTATION('',(#3990),#3994);
#3990 = LINE('',#3991,#3992);
#3991 = CARTESIAN_POINT('',(9.6,-4.8));
#3992 = VECTOR('',#3993,1.);
#3993 = DIRECTION('',(0.,-1.));
#3994 = ( GEOMETRIC_REPRESENTATION_CONTEXT(2) 
PARAMETRIC_REPRESENTATION_CONTEXT() REPRESENTATION_CONTEXT('2D SPACE',''
  ) );
#3995 = ORIENTED_EDGE('',*,*,#3996,.T.);
#3996 = EDGE_CURVE('',#3974,#3840,#3997,.T.);
#3997 = SURFACE_CURVE('',#3998,(#4002,#4009),.PCURVE_S1.);
#3998 = LINE('',#3999,#4000);
#3999 = CARTESIAN_POINT('',(9.6,-9.6,28.));
#4000 = VECTOR('',#4001,1.);
#4001 = DIRECTION('',(0.,0.,1.));
#4002 = PCURVE('',#2348,#4003);
#4003 = DEFINITIONAL_REPRESENTATION('',(#4004),#4008);
#4004 = LINE('',#4005,#4006);
#4005 = CARTESIAN_POINT('',(0.,3.9999998));
#4006 = VECTOR('',#4007,1.);
#4007 = DIRECTION('',(0.,-1.));
#4008 = ( GEOMETRIC_REPRESENTATION_CONTEXT(2) 
PARAMETRIC_REPRESENTATION_CONTEXT() REPRESENTATION_CONTEXT('2D SPACE',''
  ) );
#4009 = PCURVE('',#2289,#4010);
#4010 = DEFINITIONAL_REPRESENTATION('',(#4011),#4015);
#4011 = LINE('',#4012,#4013);
#4012 = CARTESIAN_POINT('',(19.2,3.9999998));
#4013 = VECTOR('',#4014,1.);
#4014 = DIRECTION('',(0.,-1.));
#4015 = ( GEOMETRIC_REPRESENTATION_CONTEXT(2) 
PARAMETRIC_REPRESENTATION_CONTEXT() REPRESENTATION_CONTEXT('2D SPACE',''
  ) );
#4016 = ADVANCED_FACE('',(#4017),#2317,.T.);
#4017 = FACE_BOUND('',#4018,.T.);
#4018 = EDGE_LOOP('',(#4019,#4020,#4021));
#4019 = ORIENTED_EDGE('',*,*,#3973,.F.);
#4020 = ORIENTED_EDGE('',*,*,#2300,.T.);
#4021 = ORIENTED_EDGE('',*,*,#4022,.F.);
#4022 = EDGE_CURVE('',#3974,#2275,#4023,.T.);
#4023 = SURFACE_CURVE('',#4024,(#4028,#4035),.PCURVE_S1.);
#4024 = LINE('',#4025,#4026);
#4025 = CARTESIAN_POINT('',(-4.8,-9.6,28.));
#4026 = VECTOR('',#4027,1.);
#4027 = DIRECTION('',(-1.,0.,0.));
#4028 = PCURVE('',#2317,#4029);
#4029 = DEFINITIONAL_REPRESENTATION('',(#4030),#4034);
#4030 = LINE('',#4031,#4032);
#4031 = CARTESIAN_POINT('',(-4.8,-9.6));
#4032 = VECTOR('',#4033,1.);
#4033 = DIRECTION('',(-1.,0.));
#4034 = ( GEOMETRIC_REPRESENTATION_CONTEXT(2) 
PARAMETRIC_REPRESENTATION_CONTEXT() REPRESENTATION_CONTEXT('2D SPACE',''
  ) );
#4035 = PCURVE('',#2289,#4036);
#4036 = DEFINITIONAL_REPRESENTATION('',(#4037),#4041);
#4037 = LINE('',#4038,#4039);
#4038 = CARTESIAN_POINT('',(4.8,3.9999998));
#4039 = VECTOR('',#4040,1.);
#4040 = DIRECTION('',(-1.,0.));
#4041 = ( GEOMETRIC_REPRESENTATION_CONTEXT(2) 
PARAMETRIC_REPRESENTATION_CONTEXT() REPRESENTATION_CONTEXT('2D SPACE',''
  ) );
#4042 = ADVANCED_FACE('',(#4043),#2289,.T.);
#4043 = FACE_BOUND('',#4044,.T.);
#4044 = EDGE_LOOP('',(#4045,#4046,#4047,#4048));
#4045 = ORIENTED_EDGE('',*,*,#3996,.F.);
#4046 = ORIENTED_EDGE('',*,*,#4022,.T.);
#4047 = ORIENTED_EDGE('',*,*,#2274,.F.);
#4048 = ORIENTED_EDGE('',*,*,#3861,.F.);
#4049 = ADVANCED_FACE('',(#4050),#2235,.T.);
#4050 = FACE_BOUND('',#4051,.T.);
#4051 = EDGE_LOOP('',(#4052,#4053,#4076,#4097));
#4052 = ORIENTED_EDGE('',*,*,#2220,.T.);
#4053 = ORIENTED_EDGE('',*,*,#4054,.T.);
#4054 = EDGE_CURVE('',#2188,#4055,#4057,.T.);
#4055 = VERTEX_POINT('',#4056);
#4056 = CARTESIAN_POINT('',(-9.6,-9.6,28.));
#4057 = SURFACE_CURVE('',#4058,(#4062,#4069),.PCURVE_S1.);
#4058 = LINE('',#4059,#4060);
#4059 = CARTESIAN_POINT('',(-4.8,-9.6,28.));
#4060 = VECTOR('',#4061,1.);
#4061 = DIRECTION('',(-1.,0.,0.));
#4062 = PCURVE('',#2235,#4063);
#4063 = DEFINITIONAL_REPRESENTATION('',(#4064),#4068);
#4064 = LINE('',#4065,#4066);
#4065 = CARTESIAN_POINT('',(4.8,3.9999998));
#4066 = VECTOR('',#4067,1.);
#4067 = DIRECTION('',(-1.,0.));
#4068 = ( GEOMETRIC_REPRESENTATION_CONTEXT(2) 
PARAMETRIC_REPRESENTATION_CONTEXT() REPRESENTATION_CONTEXT('2D SPACE',''
  ) );
#4069 = PCURVE('',#2204,#4070);
#4070 = DEFINITIONAL_REPRESENTATION('',(#4071),#4075);
#4071 = LINE('',#4072,#4073);
#4072 = CARTESIAN_POINT('',(-4.8,-9.6));
#4073 = VECTOR('',#4074,1.);
#4074 = DIRECTION('',(-1.,0.));
#4075 = ( GEOMETRIC_REPRESENTATION_CONTEXT(2) 
PARAMETRIC_REPRESENTATION_CONTEXT() REPRESENTATION_CONTEXT('2D SPACE',''
  ) );
#4076 = ORIENTED_EDGE('',*,*,#4077,.F.);
#4077 = EDGE_CURVE('',#3883,#4055,#4078,.T.);
#4078 = SURFACE_CURVE('',#4079,(#4083,#4090),.PCURVE_S1.);
#4079 = LINE('',#4080,#4081);
#4080 = CARTESIAN_POINT('',(-9.6,-9.6,62.));
#4081 = VECTOR('',#4082,1.);
#4082 = DIRECTION('',(0.,0.,-1.));
#4083 = PCURVE('',#2235,#4084);
#4084 = DEFINITIONAL_REPRESENTATION('',(#4085),#4089);
#4085 = LINE('',#4086,#4087);
#4086 = CARTESIAN_POINT('',(0.,-30.0000002));
#4087 = VECTOR('',#4088,1.);
#4088 = DIRECTION('',(0.,1.));
#4089 = ( GEOMETRIC_REPRESENTATION_CONTEXT(2) 
PARAMETRIC_REPRESENTATION_CONTEXT() REPRESENTATION_CONTEXT('2D SPACE',''
  ) );
#4090 = PCURVE('',#2176,#4091);
#4091 = DEFINITIONAL_REPRESENTATION('',(#4092),#4096);
#4092 = LINE('',#4093,#4094);
#4093 = CARTESIAN_POINT('',(19.2,-30.0000002));
#4094 = VECTOR('',#4095,1.);
#4095 = DIRECTION('',(0.,1.));
#4096 = ( GEOMETRIC_REPRESENTATION_CONTEXT(2) 
PARAMETRIC_REPRESENTATION_CONTEXT() REPRESENTATION_CONTEXT('2D SPACE',''
  ) );
#4097 = ORIENTED_EDGE('',*,*,#3882,.F.);
#4098 = ADVANCED_FACE('',(#4099),#2204,.T.);
#4099 = FACE_BOUND('',#4100,.T.);
#4100 = EDGE_LOOP('',(#4101,#4102,#4103));
#4101 = ORIENTED_EDGE('',*,*,#4054,.F.);
#4102 = ORIENTED_EDGE('',*,*,#2187,.T.);
#4103 = ORIENTED_EDGE('',*,*,#4104,.F.);
#4104 = EDGE_CURVE('',#4055,#2162,#4105,.T.);
#4105 = SURFACE_CURVE('',#4106,(#4110,#4117),.PCURVE_S1.);
#4106 = LINE('',#4107,#4108);
#4107 = CARTESIAN_POINT('',(-9.6,4.8,28.));
#4108 = VECTOR('',#4109,1.);
#4109 = DIRECTION('',(0.,1.,0.));
#4110 = PCURVE('',#2204,#4111);
#4111 = DEFINITIONAL_REPRESENTATION('',(#4112),#4116);
#4112 = LINE('',#4113,#4114);
#4113 = CARTESIAN_POINT('',(-9.6,4.8));
#4114 = VECTOR('',#4115,1.);
#4115 = DIRECTION('',(0.,1.));
#4116 = ( GEOMETRIC_REPRESENTATION_CONTEXT(2) 
PARAMETRIC_REPRESENTATION_CONTEXT() REPRESENTATION_CONTEXT('2D SPACE',''
  ) );
#4117 = PCURVE('',#2176,#4118);
#4118 = DEFINITIONAL_REPRESENTATION('',(#4119),#4123);
#4119 = LINE('',#4120,#4121);
#4120 = CARTESIAN_POINT('',(4.8,3.9999998));
#4121 = VECTOR('',#4122,1.);
#4122 = DIRECTION('',(-1.,0.));
#4123 = ( GEOMETRIC_REPRESENTATION_CONTEXT(2) 
PARAMETRIC_REPRESENTATION_CONTEXT() REPRESENTATION_CONTEXT('2D SPACE',''
  ) );
#4124 = ADVANCED_FACE('',(#4125),#2176,.T.);
#4125 = FACE_BOUND('',#4126,.T.);
#4126 = EDGE_LOOP('',(#4127,#4128,#4129,#4130));
#4127 = ORIENTED_EDGE('',*,*,#3904,.F.);
#4128 = ORIENTED_EDGE('',*,*,#4077,.T.);
#4129 = ORIENTED_EDGE('',*,*,#4104,.T.);
#4130 = ORIENTED_EDGE('',*,*,#2161,.F.);
#4131 = ADVANCED_FACE('',(#4132),#2122,.T.);
#4132 = FACE_BOUND('',#4133,.T.);
#4133 = EDGE_LOOP('',(#4134,#4135,#4136,#4159));
#4134 = ORIENTED_EDGE('',*,*,#3925,.F.);
#4135 = ORIENTED_EDGE('',*,*,#2107,.T.);
#4136 = ORIENTED_EDGE('',*,*,#4137,.T.);
#4137 = EDGE_CURVE('',#2075,#4138,#4140,.T.);
#4138 = VERTEX_POINT('',#4139);
#4139 = CARTESIAN_POINT('',(-9.6,9.6,28.));
#4140 = SURFACE_CURVE('',#4141,(#4145,#4152),.PCURVE_S1.);
#4141 = LINE('',#4142,#4143);
#4142 = CARTESIAN_POINT('',(-9.6,4.8,28.));
#4143 = VECTOR('',#4144,1.);
#4144 = DIRECTION('',(0.,1.,0.));
#4145 = PCURVE('',#2122,#4146);
#4146 = DEFINITIONAL_REPRESENTATION('',(#4147),#4151);
#4147 = LINE('',#4148,#4149);
#4148 = CARTESIAN_POINT('',(4.8,3.9999998));
#4149 = VECTOR('',#4150,1.);
#4150 = DIRECTION('',(-1.,0.));
#4151 = ( GEOMETRIC_REPRESENTATION_CONTEXT(2) 
PARAMETRIC_REPRESENTATION_CONTEXT() REPRESENTATION_CONTEXT('2D SPACE',''
  ) );
#4152 = PCURVE('',#2091,#4153);
#4153 = DEFINITIONAL_REPRESENTATION('',(#4154),#4158);
#4154 = LINE('',#4155,#4156);
#4155 = CARTESIAN_POINT('',(-9.6,4.8));
#4156 = VECTOR('',#4157,1.);
#4157 = DIRECTION('',(0.,1.));
#4158 = ( GEOMETRIC_REPRESENTATION_CONTEXT(2) 
PARAMETRIC_REPRESENTATION_CONTEXT() REPRESENTATION_CONTEXT('2D SPACE',''
  ) );
#4159 = ORIENTED_EDGE('',*,*,#4160,.F.);
#4160 = EDGE_CURVE('',#3926,#4138,#4161,.T.);
#4161 = SURFACE_CURVE('',#4162,(#4166,#4173),.PCURVE_S1.);
#4162 = LINE('',#4163,#4164);
#4163 = CARTESIAN_POINT('',(-9.6,9.6,62.));
#4164 = VECTOR('',#4165,1.);
#4165 = DIRECTION('',(0.,0.,-1.));
#4166 = PCURVE('',#2122,#4167);
#4167 = DEFINITIONAL_REPRESENTATION('',(#4168),#4172);
#4168 = LINE('',#4169,#4170);
#4169 = CARTESIAN_POINT('',(0.,-30.0000002));
#4170 = VECTOR('',#4171,1.);
#4171 = DIRECTION('',(0.,1.));
#4172 = ( GEOMETRIC_REPRESENTATION_CONTEXT(2) 
PARAMETRIC_REPRESENTATION_CONTEXT() REPRESENTATION_CONTEXT('2D SPACE',''
  ) );
#4173 = PCURVE('',#2063,#4174);
#4174 = DEFINITIONAL_REPRESENTATION('',(#4175),#4179);
#4175 = LINE('',#4176,#4177);
#4176 = CARTESIAN_POINT('',(19.2,-30.0000002));
#4177 = VECTOR('',#4178,1.);
#4178 = DIRECTION('',(0.,1.));
#4179 = ( GEOMETRIC_REPRESENTATION_CONTEXT(2) 
PARAMETRIC_REPRESENTATION_CONTEXT() REPRESENTATION_CONTEXT('2D SPACE',''
  ) );
#4180 = ADVANCED_FACE('',(#4181),#2091,.T.);
#4181 = FACE_BOUND('',#4182,.T.);
#4182 = EDGE_LOOP('',(#4183,#4184,#4205));
#4183 = ORIENTED_EDGE('',*,*,#2074,.T.);
#4184 = ORIENTED_EDGE('',*,*,#4185,.F.);
#4185 = EDGE_CURVE('',#4138,#2049,#4186,.T.);
#4186 = SURFACE_CURVE('',#4187,(#4191,#4198),.PCURVE_S1.);
#4187 = LINE('',#4188,#4189);
#4188 = CARTESIAN_POINT('',(4.8,9.6,28.));
#4189 = VECTOR('',#4190,1.);
#4190 = DIRECTION('',(1.,0.,-0.));
#4191 = PCURVE('',#2091,#4192);
#4192 = DEFINITIONAL_REPRESENTATION('',(#4193),#4197);
#4193 = LINE('',#4194,#4195);
#4194 = CARTESIAN_POINT('',(4.8,9.6));
#4195 = VECTOR('',#4196,1.);
#4196 = DIRECTION('',(1.,0.));
#4197 = ( GEOMETRIC_REPRESENTATION_CONTEXT(2) 
PARAMETRIC_REPRESENTATION_CONTEXT() REPRESENTATION_CONTEXT('2D SPACE',''
  ) );
#4198 = PCURVE('',#2063,#4199);
#4199 = DEFINITIONAL_REPRESENTATION('',(#4200),#4204);
#4200 = LINE('',#4201,#4202);
#4201 = CARTESIAN_POINT('',(4.8,3.9999998));
#4202 = VECTOR('',#4203,1.);
#4203 = DIRECTION('',(-1.,0.));
#4204 = ( GEOMETRIC_REPRESENTATION_CONTEXT(2) 
PARAMETRIC_REPRESENTATION_CONTEXT() REPRESENTATION_CONTEXT('2D SPACE',''
  ) );
#4205 = ORIENTED_EDGE('',*,*,#4137,.F.);
#4206 = ADVANCED_FACE('',(#4207),#2063,.T.);
#4207 = FACE_BOUND('',#4208,.T.);
#4208 = EDGE_LOOP('',(#4209,#4210,#4211,#4212));
#4209 = ORIENTED_EDGE('',*,*,#3947,.F.);
#4210 = ORIENTED_EDGE('',*,*,#4160,.T.);
#4211 = ORIENTED_EDGE('',*,*,#4185,.T.);
#4212 = ORIENTED_EDGE('',*,*,#2048,.F.);
#4213 = ADVANCED_FACE('',(#4214),#2009,.T.);
#4214 = FACE_BOUND('',#4215,.T.);
#4215 = EDGE_LOOP('',(#4216,#4217,#4218,#4241));
#4216 = ORIENTED_EDGE('',*,*,#3795,.F.);
#4217 = ORIENTED_EDGE('',*,*,#1994,.T.);
#4218 = ORIENTED_EDGE('',*,*,#4219,.T.);
#4219 = EDGE_CURVE('',#1962,#4220,#4222,.T.);
#4220 = VERTEX_POINT('',#4221);
#4221 = CARTESIAN_POINT('',(9.6,9.6,28.));
#4222 = SURFACE_CURVE('',#4223,(#4227,#4234),.PCURVE_S1.);
#4223 = LINE('',#4224,#4225);
#4224 = CARTESIAN_POINT('',(4.8,9.6,28.));
#4225 = VECTOR('',#4226,1.);
#4226 = DIRECTION('',(1.,0.,-0.));
#4227 = PCURVE('',#2009,#4228);
#4228 = DEFINITIONAL_REPRESENTATION('',(#4229),#4233);
#4229 = LINE('',#4230,#4231);
#4230 = CARTESIAN_POINT('',(4.8,3.9999998));
#4231 = VECTOR('',#4232,1.);
#4232 = DIRECTION('',(-1.,0.));
#4233 = ( GEOMETRIC_REPRESENTATION_CONTEXT(2) 
PARAMETRIC_REPRESENTATION_CONTEXT() REPRESENTATION_CONTEXT('2D SPACE',''
  ) );
#4234 = PCURVE('',#1978,#4235);
#4235 = DEFINITIONAL_REPRESENTATION('',(#4236),#4240);
#4236 = LINE('',#4237,#4238);
#4237 = CARTESIAN_POINT('',(4.8,9.6));
#4238 = VECTOR('',#4239,1.);
#4239 = DIRECTION('',(1.,0.));
#4240 = ( GEOMETRIC_REPRESENTATION_CONTEXT(2) 
PARAMETRIC_REPRESENTATION_CONTEXT() REPRESENTATION_CONTEXT('2D SPACE',''
  ) );
#4241 = ORIENTED_EDGE('',*,*,#4242,.F.);
#4242 = EDGE_CURVE('',#3796,#4220,#4243,.T.);
#4243 = SURFACE_CURVE('',#4244,(#4248,#4255),.PCURVE_S1.);
#4244 = LINE('',#4245,#4246);
#4245 = CARTESIAN_POINT('',(9.6,9.6,62.));
#4246 = VECTOR('',#4247,1.);
#4247 = DIRECTION('',(0.,0.,-1.));
#4248 = PCURVE('',#2009,#4249);
#4249 = DEFINITIONAL_REPRESENTATION('',(#4250),#4254);
#4250 = LINE('',#4251,#4252);
#4251 = CARTESIAN_POINT('',(0.,-30.0000002));
#4252 = VECTOR('',#4253,1.);
#4253 = DIRECTION('',(0.,1.));
#4254 = ( GEOMETRIC_REPRESENTATION_CONTEXT(2) 
PARAMETRIC_REPRESENTATION_CONTEXT() REPRESENTATION_CONTEXT('2D SPACE',''
  ) );
#4255 = PCURVE('',#1950,#4256);
#4256 = DEFINITIONAL_REPRESENTATION('',(#4257),#4261);
#4257 = LINE('',#4258,#4259);
#4258 = CARTESIAN_POINT('',(19.2,-30.0000002));
#4259 = VECTOR('',#4260,1.);
#4260 = DIRECTION('',(0.,1.));
#4261 = ( GEOMETRIC_REPRESENTATION_CONTEXT(2) 
PARAMETRIC_REPRESENTATION_CONTEXT() REPRESENTATION_CONTEXT('2D SPACE',''
  ) );
#4262 = ADVANCED_FACE('',(#4263),#1978,.T.);
#4263 = FACE_BOUND('',#4264,.T.);
#4264 = EDGE_LOOP('',(#4265,#4286,#4287));
#4265 = ORIENTED_EDGE('',*,*,#4266,.F.);
#4266 = EDGE_CURVE('',#4220,#1936,#4267,.T.);
#4267 = SURFACE_CURVE('',#4268,(#4272,#4279),.PCURVE_S1.);
#4268 = LINE('',#4269,#4270);
#4269 = CARTESIAN_POINT('',(9.6,-4.8,28.));
#4270 = VECTOR('',#4271,1.);
#4271 = DIRECTION('',(0.,-1.,0.));
#4272 = PCURVE('',#1978,#4273);
#4273 = DEFINITIONAL_REPRESENTATION('',(#4274),#4278);
#4274 = LINE('',#4275,#4276);
#4275 = CARTESIAN_POINT('',(9.6,-4.8));
#4276 = VECTOR('',#4277,1.);
#4277 = DIRECTION('',(0.,-1.));
#4278 = ( GEOMETRIC_REPRESENTATION_CONTEXT(2) 
PARAMETRIC_REPRESENTATION_CONTEXT() REPRESENTATION_CONTEXT('2D SPACE',''
  ) );
#4279 = PCURVE('',#1950,#4280);
#4280 = DEFINITIONAL_REPRESENTATION('',(#4281),#4285);
#4281 = LINE('',#4282,#4283);
#4282 = CARTESIAN_POINT('',(4.8,3.9999998));
#4283 = VECTOR('',#4284,1.);
#4284 = DIRECTION('',(-1.,0.));
#4285 = ( GEOMETRIC_REPRESENTATION_CONTEXT(2) 
PARAMETRIC_REPRESENTATION_CONTEXT() REPRESENTATION_CONTEXT('2D SPACE',''
  ) );
#4286 = ORIENTED_EDGE('',*,*,#4219,.F.);
#4287 = ORIENTED_EDGE('',*,*,#1961,.T.);
#4288 = ADVANCED_FACE('',(#4289),#1950,.T.);
#4289 = FACE_BOUND('',#4290,.T.);
#4290 = EDGE_LOOP('',(#4291,#4292,#4293,#4294));
#4291 = ORIENTED_EDGE('',*,*,#3817,.F.);
#4292 = ORIENTED_EDGE('',*,*,#4242,.T.);
#4293 = ORIENTED_EDGE('',*,*,#4266,.T.);
#4294 = ORIENTED_EDGE('',*,*,#1935,.F.);
#4295 = ADVANCED_FACE('',(#4296),#2829,.F.);
#4296 = FACE_BOUND('',#4297,.T.);
#4297 = EDGE_LOOP('',(#4298,#4321,#4347,#4348));
#4298 = ORIENTED_EDGE('',*,*,#4299,.F.);
#4299 = EDGE_CURVE('',#4300,#2708,#4302,.T.);
#4300 = VERTEX_POINT('',#4301);
#4301 = CARTESIAN_POINT('',(-14.6,2.2,47.));
#4302 = SEAM_CURVE('',#4303,(#4307,#4314),.PCURVE_S1.);
#4303 = LINE('',#4304,#4305);
#4304 = CARTESIAN_POINT('',(-40.,2.2,47.));
#4305 = VECTOR('',#4306,1.);
#4306 = DIRECTION('',(1.,0.,0.));
#4307 = PCURVE('',#2829,#4308);
#4308 = DEFINITIONAL_REPRESENTATION('',(#4309),#4313);
#4309 = LINE('',#4310,#4311);
#4310 = CARTESIAN_POINT('',(-6.28318530718,0.));
#4311 = VECTOR('',#4312,1.);
#4312 = DIRECTION('',(-0.,-1.));
#4313 = ( GEOMETRIC_REPRESENTATION_CONTEXT(2) 
PARAMETRIC_REPRESENTATION_CONTEXT() REPRESENTATION_CONTEXT('2D SPACE',''
  ) );
#4314 = PCURVE('',#2829,#4315);
#4315 = DEFINITIONAL_REPRESENTATION('',(#4316),#4320);
#4316 = LINE('',#4317,#4318);
#4317 = CARTESIAN_POINT('',(-0.,0.));
#4318 = VECTOR('',#4319,1.);
#4319 = DIRECTION('',(-0.,-1.));
#4320 = ( GEOMETRIC_REPRESENTATION_CONTEXT(2) 
PARAMETRIC_REPRESENTATION_CONTEXT() REPRESENTATION_CONTEXT('2D SPACE',''
  ) );
#4321 = ORIENTED_EDGE('',*,*,#4322,.T.);
#4322 = EDGE_CURVE('',#4300,#4300,#4323,.T.);
#4323 = SURFACE_CURVE('',#4324,(#4329,#4336),.PCURVE_S1.);
#4324 = CIRCLE('',#4325,2.2);
#4325 = AXIS2_PLACEMENT_3D('',#4326,#4327,#4328);
#4326 = CARTESIAN_POINT('',(-14.6,0.,47.));
#4327 = DIRECTION('',(-1.,0.,0.));
#4328 = DIRECTION('',(0.,1.,0.));
#4329 = PCURVE('',#2829,#4330);
#4330 = DEFINITIONAL_REPRESENTATION('',(#4331),#4335);
#4331 = LINE('',#4332,#4333);
#4332 = CARTESIAN_POINT('',(-6.28318530718,-25.4));
#4333 = VECTOR('',#4334,1.);
#4334 = DIRECTION('',(1.,-0.));
#4335 = ( GEOMETRIC_REPRESENTATION_CONTEXT(2) 
PARAMETRIC_REPRESENTATION_CONTEXT() REPRESENTATION_CONTEXT('2D SPACE',''
  ) );
#4336 = PCURVE('',#3781,#4337);
#4337 = DEFINITIONAL_REPRESENTATION('',(#4338),#4346);
#4338 = ( BOUNDED_CURVE() B_SPLINE_CURVE(2,(#4339,#4340,#4341,#4342,
#4343,#4344,#4345),.UNSPECIFIED.,.T.,.F.) B_SPLINE_CURVE_WITH_KNOTS((1,2
    ,2,2,2,1),(-2.094395102393,0.,2.094395102393,4.188790204786,
6.28318530718,8.377580409573),.UNSPECIFIED.) CURVE() 
GEOMETRIC_REPRESENTATION_ITEM() RATIONAL_B_SPLINE_CURVE((1.,0.5,1.,0.5,
1.,0.5,1.)) REPRESENTATION_ITEM('') );
#4339 = CARTESIAN_POINT('',(12.4,-15.));
#4340 = CARTESIAN_POINT('',(12.4,-11.18948822334));
#4341 = CARTESIAN_POINT('',(15.7,-13.09474411167));
#4342 = CARTESIAN_POINT('',(19.,-15.));
#4343 = CARTESIAN_POINT('',(15.7,-16.90525588832));
#4344 = CARTESIAN_POINT('',(12.4,-18.81051177665));
#4345 = CARTESIAN_POINT('',(12.4,-15.));
#4346 = ( GEOMETRIC_REPRESENTATION_CONTEXT(2) 
PARAMETRIC_REPRESENTATION_CONTEXT() REPRESENTATION_CONTEXT('2D SPACE',''
  ) );
#4347 = ORIENTED_EDGE('',*,*,#4299,.T.);
#4348 = ORIENTED_EDGE('',*,*,#2707,.T.);
#4349 = ADVANCED_FACE('',(#4350,#4356),#3010,.T.);
#4350 = FACE_BOUND('',#4351,.T.);
#4351 = EDGE_LOOP('',(#4352,#4353,#4354,#4355));
#4352 = ORIENTED_EDGE('',*,*,#2994,.T.);
#4353 = ORIENTED_EDGE('',*,*,#3308,.T.);
#4354 = ORIENTED_EDGE('',*,*,#3194,.T.);
#4355 = ORIENTED_EDGE('',*,*,#3138,.T.);
#4356 = FACE_BOUND('',#4357,.T.);
#4357 = EDGE_LOOP('',(#4358,#4386,#4412,#4438));
#4358 = ORIENTED_EDGE('',*,*,#4359,.T.);
#4359 = EDGE_CURVE('',#4360,#4362,#4364,.T.);
#4360 = VERTEX_POINT('',#4361);
#4361 = CARTESIAN_POINT('',(20.4,20.4,48.));
#4362 = VERTEX_POINT('',#4363);
#4363 = CARTESIAN_POINT('',(20.4,-20.4,48.));
#4364 = SURFACE_CURVE('',#4365,(#4369,#4375),.PCURVE_S1.);
#4365 = LINE('',#4366,#4367);
#4366 = CARTESIAN_POINT('',(20.4,-10.2,48.));
#4367 = VECTOR('',#4368,1.);
#4368 = DIRECTION('',(0.,-1.,0.));
#4369 = PCURVE('',#3010,#4370);
#4370 = DEFINITIONAL_REPRESENTATION('',(#4371),#4374);
#4371 = B_SPLINE_CURVE_WITH_KNOTS('',1,(#4372,#4373),.UNSPECIFIED.,.F.,
  .F.,(2,2),(-30.6,10.2),.PIECEWISE_BEZIER_KNOTS.);
#4372 = CARTESIAN_POINT('',(20.4,20.4));
#4373 = CARTESIAN_POINT('',(20.4,-20.4));
#4374 = ( GEOMETRIC_REPRESENTATION_CONTEXT(2) 
PARAMETRIC_REPRESENTATION_CONTEXT() REPRESENTATION_CONTEXT('2D SPACE',''
  ) );
#4375 = PCURVE('',#4376,#4381);
#4376 = PLANE('',#4377);
#4377 = AXIS2_PLACEMENT_3D('',#4378,#4379,#4380);
#4378 = CARTESIAN_POINT('',(20.4,-20.4,3.1999998));
#4379 = DIRECTION('',(-1.,0.,0.));
#4380 = DIRECTION('',(0.,1.,0.));
#4381 = DEFINITIONAL_REPRESENTATION('',(#4382),#4385);
#4382 = B_SPLINE_CURVE_WITH_KNOTS('',1,(#4383,#4384),.UNSPECIFIED.,.F.,
  .F.,(2,2),(-30.6,10.2),.PIECEWISE_BEZIER_KNOTS.);
#4383 = CARTESIAN_POINT('',(40.8,-44.8000002));
#4384 = CARTESIAN_POINT('',(0.,-44.8000002));
#4385 = ( GEOMETRIC_REPRESENTATION_CONTEXT(2) 
PARAMETRIC_REPRESENTATION_CONTEXT() REPRESENTATION_CONTEXT('2D SPACE',''
  ) );
#4386 = ORIENTED_EDGE('',*,*,#4387,.T.);
#4387 = EDGE_CURVE('',#4362,#4388,#4390,.T.);
#4388 = VERTEX_POINT('',#4389);
#4389 = CARTESIAN_POINT('',(-20.4,-20.4,48.));
#4390 = SURFACE_CURVE('',#4391,(#4395,#4401),.PCURVE_S1.);
#4391 = LINE('',#4392,#4393);
#4392 = CARTESIAN_POINT('',(-10.2,-20.4,48.));
#4393 = VECTOR('',#4394,1.);
#4394 = DIRECTION('',(-1.,0.,0.));
#4395 = PCURVE('',#3010,#4396);
#4396 = DEFINITIONAL_REPRESENTATION('',(#4397),#4400);
#4397 = B_SPLINE_CURVE_WITH_KNOTS('',1,(#4398,#4399),.UNSPECIFIED.,.F.,
  .F.,(2,2),(-30.6,10.2),.PIECEWISE_BEZIER_KNOTS.);
#4398 = CARTESIAN_POINT('',(20.4,-20.4));
#4399 = CARTESIAN_POINT('',(-20.4,-20.4));
#4400 = ( GEOMETRIC_REPRESENTATION_CONTEXT(2) 
PARAMETRIC_REPRESENTATION_CONTEXT() REPRESENTATION_CONTEXT('2D SPACE',''
  ) );
#4401 = PCURVE('',#4402,#4407);
#4402 = PLANE('',#4403);
#4403 = AXIS2_PLACEMENT_3D('',#4404,#4405,#4406);
#4404 = CARTESIAN_POINT('',(-20.4,-20.4,3.1999998));
#4405 = DIRECTION('',(0.,1.,0.));
#4406 = DIRECTION('',(1.,0.,0.));
#4407 = DEFINITIONAL_REPRESENTATION('',(#4408),#4411);
#4408 = B_SPLINE_CURVE_WITH_KNOTS('',1,(#4409,#4410),.UNSPECIFIED.,.F.,
  .F.,(2,2),(-30.6,10.2),.PIECEWISE_BEZIER_KNOTS.);
#4409 = CARTESIAN_POINT('',(40.8,-44.8000002));
#4410 = CARTESIAN_POINT('',(0.,-44.8000002));
#4411 = ( GEOMETRIC_REPRESENTATION_CONTEXT(2) 
PARAMETRIC_REPRESENTATION_CONTEXT() REPRESENTATION_CONTEXT('2D SPACE',''
  ) );
#4412 = ORIENTED_EDGE('',*,*,#4413,.T.);
#4413 = EDGE_CURVE('',#4388,#4414,#4416,.T.);
#4414 = VERTEX_POINT('',#4415);
#4415 = CARTESIAN_POINT('',(-20.4,20.4,48.));
#4416 = SURFACE_CURVE('',#4417,(#4421,#4427),.PCURVE_S1.);
#4417 = LINE('',#4418,#4419);
#4418 = CARTESIAN_POINT('',(-20.4,10.2,48.));
#4419 = VECTOR('',#4420,1.);
#4420 = DIRECTION('',(0.,1.,0.));
#4421 = PCURVE('',#3010,#4422);
#4422 = DEFINITIONAL_REPRESENTATION('',(#4423),#4426);
#4423 = B_SPLINE_CURVE_WITH_KNOTS('',1,(#4424,#4425),.UNSPECIFIED.,.F.,
  .F.,(2,2),(-30.6,10.2),.PIECEWISE_BEZIER_KNOTS.);
#4424 = CARTESIAN_POINT('',(-20.4,-20.4));
#4425 = CARTESIAN_POINT('',(-20.4,20.4));
#4426 = ( GEOMETRIC_REPRESENTATION_CONTEXT(2) 
PARAMETRIC_REPRESENTATION_CONTEXT() REPRESENTATION_CONTEXT('2D SPACE',''
  ) );
#4427 = PCURVE('',#4428,#4433);
#4428 = PLANE('',#4429);
#4429 = AXIS2_PLACEMENT_3D('',#4430,#4431,#4432);
#4430 = CARTESIAN_POINT('',(-20.4,20.4,3.1999998));
#4431 = DIRECTION('',(1.,0.,0.));
#4432 = DIRECTION('',(0.,-1.,0.));
#4433 = DEFINITIONAL_REPRESENTATION('',(#4434),#4437);
#4434 = B_SPLINE_CURVE_WITH_KNOTS('',1,(#4435,#4436),.UNSPECIFIED.,.F.,
  .F.,(2,2),(-30.6,10.2),.PIECEWISE_BEZIER_KNOTS.);
#4435 = CARTESIAN_POINT('',(40.8,-44.8000002));
#4436 = CARTESIAN_POINT('',(0.,-44.8000002));
#4437 = ( GEOMETRIC_REPRESENTATION_CONTEXT(2) 
PARAMETRIC_REPRESENTATION_CONTEXT() REPRESENTATION_CONTEXT('2D SPACE',''
  ) );
#4438 = ORIENTED_EDGE('',*,*,#4439,.T.);
#4439 = EDGE_CURVE('',#4414,#4360,#4440,.T.);
#4440 = SURFACE_CURVE('',#4441,(#4445,#4451),.PCURVE_S1.);
#4441 = LINE('',#4442,#4443);
#4442 = CARTESIAN_POINT('',(10.2,20.4,48.));
#4443 = VECTOR('',#4444,1.);
#4444 = DIRECTION('',(1.,0.,-0.));
#4445 = PCURVE('',#3010,#4446);
#4446 = DEFINITIONAL_REPRESENTATION('',(#4447),#4450);
#4447 = B_SPLINE_CURVE_WITH_KNOTS('',1,(#4448,#4449),.UNSPECIFIED.,.F.,
  .F.,(2,2),(-30.6,10.2),.PIECEWISE_BEZIER_KNOTS.);
#4448 = CARTESIAN_POINT('',(-20.4,20.4));
#4449 = CARTESIAN_POINT('',(20.4,20.4));
#4450 = ( GEOMETRIC_REPRESENTATION_CONTEXT(2) 
PARAMETRIC_REPRESENTATION_CONTEXT() REPRESENTATION_CONTEXT('2D SPACE',''
  ) );
#4451 = PCURVE('',#4452,#4457);
#4452 = PLANE('',#4453);
#4453 = AXIS2_PLACEMENT_3D('',#4454,#4455,#4456);
#4454 = CARTESIAN_POINT('',(20.4,20.4,3.1999998));
#4455 = DIRECTION('',(0.,-1.,0.));
#4456 = DIRECTION('',(-1.,0.,0.));
#4457 = DEFINITIONAL_REPRESENTATION('',(#4458),#4461);
#4458 = B_SPLINE_CURVE_WITH_KNOTS('',1,(#4459,#4460),.UNSPECIFIED.,.F.,
  .F.,(2,2),(-30.6,10.2),.PIECEWISE_BEZIER_KNOTS.);
#4459 = CARTESIAN_POINT('',(40.8,-44.8000002));
#4460 = CARTESIAN_POINT('',(0.,-44.8000002));
#4461 = ( GEOMETRIC_REPRESENTATION_CONTEXT(2) 
PARAMETRIC_REPRESENTATION_CONTEXT() REPRESENTATION_CONTEXT('2D SPACE',''
  ) );
#4462 = ADVANCED_FACE('',(#4463,#4469,#4504,#4539,#4574,#4675),#3385,.T.
  );
#4463 = FACE_BOUND('',#4464,.T.);
#4464 = EDGE_LOOP('',(#4465,#4466,#4467,#4468));
#4465 = ORIENTED_EDGE('',*,*,#3541,.T.);
#4466 = ORIENTED_EDGE('',*,*,#3367,.T.);
#4467 = ORIENTED_EDGE('',*,*,#3443,.T.);
#4468 = ORIENTED_EDGE('',*,*,#3492,.T.);
#4469 = FACE_BOUND('',#4470,.T.);
#4470 = EDGE_LOOP('',(#4471));
#4471 = ORIENTED_EDGE('',*,*,#4472,.T.);
#4472 = EDGE_CURVE('',#4473,#4473,#4475,.T.);
#4473 = VERTEX_POINT('',#4474);
#4474 = CARTESIAN_POINT('',(29.15,-29.5,25.));
#4475 = SURFACE_CURVE('',#4476,(#4481,#4492),.PCURVE_S1.);
#4476 = CIRCLE('',#4477,1.25);
#4477 = AXIS2_PLACEMENT_3D('',#4478,#4479,#4480);
#4478 = CARTESIAN_POINT('',(27.9,-29.5,25.));
#4479 = DIRECTION('',(0.,0.,-1.));
#4480 = DIRECTION('',(1.,0.,0.));
#4481 = PCURVE('',#3385,#4482);
#4482 = DEFINITIONAL_REPRESENTATION('',(#4483),#4491);
#4483 = ( BOUNDED_CURVE() B_SPLINE_CURVE(2,(#4484,#4485,#4486,#4487,
#4488,#4489,#4490),.UNSPECIFIED.,.T.,.F.) B_SPLINE_CURVE_WITH_KNOTS((1,2
    ,2,2,2,1),(-2.094395102393,0.,2.094395102393,4.188790204786,
6.28318530718,8.377580409573),.UNSPECIFIED.) CURVE() 
GEOMETRIC_REPRESENTATION_ITEM() RATIONAL_B_SPLINE_CURVE((1.,0.5,1.,0.5,
1.,0.5,1.)) REPRESENTATION_ITEM('') );
#4484 = CARTESIAN_POINT('',(-28.25,-29.5));
#4485 = CARTESIAN_POINT('',(-28.25,-31.66506350946));
#4486 = CARTESIAN_POINT('',(-30.125,-30.58253175473));
#4487 = CARTESIAN_POINT('',(-32.,-29.5));
#4488 = CARTESIAN_POINT('',(-30.125,-28.41746824526));
#4489 = CARTESIAN_POINT('',(-28.25,-27.33493649053));
#4490 = CARTESIAN_POINT('',(-28.25,-29.5));
#4491 = ( GEOMETRIC_REPRESENTATION_CONTEXT(2) 
PARAMETRIC_REPRESENTATION_CONTEXT() REPRESENTATION_CONTEXT('2D SPACE',''
  ) );
#4492 = PCURVE('',#4493,#4498);
#4493 = CYLINDRICAL_SURFACE('',#4494,1.25);
#4494 = AXIS2_PLACEMENT_3D('',#4495,#4496,#4497);
#4495 = CARTESIAN_POINT('',(27.9,-29.5,16.));
#4496 = DIRECTION('',(-0.,-0.,-1.));
#4497 = DIRECTION('',(1.,0.,0.));
#4498 = DEFINITIONAL_REPRESENTATION('',(#4499),#4503);
#4499 = LINE('',#4500,#4501);
#4500 = CARTESIAN_POINT('',(-6.28318530718,-9.));
#4501 = VECTOR('',#4502,1.);
#4502 = DIRECTION('',(1.,-0.));
#4503 = ( GEOMETRIC_REPRESENTATION_CONTEXT(2) 
PARAMETRIC_REPRESENTATION_CONTEXT() REPRESENTATION_CONTEXT('2D SPACE',''
  ) );
#4504 = FACE_BOUND('',#4505,.T.);
#4505 = EDGE_LOOP('',(#4506));
#4506 = ORIENTED_EDGE('',*,*,#4507,.T.);
#4507 = EDGE_CURVE('',#4508,#4508,#4510,.T.);
#4508 = VERTEX_POINT('',#4509);
#4509 = CARTESIAN_POINT('',(88.15,-29.5,25.));
#4510 = SURFACE_CURVE('',#4511,(#4516,#4527),.PCURVE_S1.);
#4511 = CIRCLE('',#4512,1.25);
#4512 = AXIS2_PLACEMENT_3D('',#4513,#4514,#4515);
#4513 = CARTESIAN_POINT('',(86.9,-29.5,25.));
#4514 = DIRECTION('',(0.,0.,-1.));
#4515 = DIRECTION('',(1.,0.,0.));
#4516 = PCURVE('',#3385,#4517);
#4517 = DEFINITIONAL_REPRESENTATION('',(#4518),#4526);
#4518 = ( BOUNDED_CURVE() B_SPLINE_CURVE(2,(#4519,#4520,#4521,#4522,
#4523,#4524,#4525),.UNSPECIFIED.,.T.,.F.) B_SPLINE_CURVE_WITH_KNOTS((1,2
    ,2,2,2,1),(-2.094395102393,0.,2.094395102393,4.188790204786,
6.28318530718,8.377580409573),.UNSPECIFIED.) CURVE() 
GEOMETRIC_REPRESENTATION_ITEM() RATIONAL_B_SPLINE_CURVE((1.,0.5,1.,0.5,
1.,0.5,1.)) REPRESENTATION_ITEM('') );
#4519 = CARTESIAN_POINT('',(30.75,-29.5));
#4520 = CARTESIAN_POINT('',(30.75,-31.66506350946));
#4521 = CARTESIAN_POINT('',(28.875,-30.58253175473));
#4522 = CARTESIAN_POINT('',(27.,-29.5));
#4523 = CARTESIAN_POINT('',(28.875,-28.41746824526));
#4524 = CARTESIAN_POINT('',(30.75,-27.33493649053));
#4525 = CARTESIAN_POINT('',(30.75,-29.5));
#4526 = ( GEOMETRIC_REPRESENTATION_CONTEXT(2) 
PARAMETRIC_REPRESENTATION_CONTEXT() REPRESENTATION_CONTEXT('2D SPACE',''
  ) );
#4527 = PCURVE('',#4528,#4533);
#4528 = CYLINDRICAL_SURFACE('',#4529,1.25);
#4529 = AXIS2_PLACEMENT_3D('',#4530,#4531,#4532);
#4530 = CARTESIAN_POINT('',(86.9,-29.5,16.));
#4531 = DIRECTION('',(-0.,-0.,-1.));
#4532 = DIRECTION('',(1.,0.,0.));
#4533 = DEFINITIONAL_REPRESENTATION('',(#4534),#4538);
#4534 = LINE('',#4535,#4536);
#4535 = CARTESIAN_POINT('',(-6.28318530718,-9.));
#4536 = VECTOR('',#4537,1.);
#4537 = DIRECTION('',(1.,-0.));
#4538 = ( GEOMETRIC_REPRESENTATION_CONTEXT(2) 
PARAMETRIC_REPRESENTATION_CONTEXT() REPRESENTATION_CONTEXT('2D SPACE',''
  ) );
#4539 = FACE_BOUND('',#4540,.T.);
#4540 = EDGE_LOOP('',(#4541));
#4541 = ORIENTED_EDGE('',*,*,#4542,.T.);
#4542 = EDGE_CURVE('',#4543,#4543,#4545,.T.);
#4543 = VERTEX_POINT('',#4544);
#4544 = CARTESIAN_POINT('',(29.15,29.5,25.));
#4545 = SURFACE_CURVE('',#4546,(#4551,#4562),.PCURVE_S1.);
#4546 = CIRCLE('',#4547,1.25);
#4547 = AXIS2_PLACEMENT_3D('',#4548,#4549,#4550);
#4548 = CARTESIAN_POINT('',(27.9,29.5,25.));
#4549 = DIRECTION('',(0.,0.,-1.));
#4550 = DIRECTION('',(1.,0.,0.));
#4551 = PCURVE('',#3385,#4552);
#4552 = DEFINITIONAL_REPRESENTATION('',(#4553),#4561);
#4553 = ( BOUNDED_CURVE() B_SPLINE_CURVE(2,(#4554,#4555,#4556,#4557,
#4558,#4559,#4560),.UNSPECIFIED.,.T.,.F.) B_SPLINE_CURVE_WITH_KNOTS((1,2
    ,2,2,2,1),(-2.094395102393,0.,2.094395102393,4.188790204786,
6.28318530718,8.377580409573),.UNSPECIFIED.) CURVE() 
GEOMETRIC_REPRESENTATION_ITEM() RATIONAL_B_SPLINE_CURVE((1.,0.5,1.,0.5,
1.,0.5,1.)) REPRESENTATION_ITEM('') );
#4554 = CARTESIAN_POINT('',(-28.25,29.5));
#4555 = CARTESIAN_POINT('',(-28.25,27.334936490539));
#4556 = CARTESIAN_POINT('',(-30.125,28.417468245269));
#4557 = CARTESIAN_POINT('',(-32.,29.5));
#4558 = CARTESIAN_POINT('',(-30.125,30.582531754731));
#4559 = CARTESIAN_POINT('',(-28.25,31.665063509461));
#4560 = CARTESIAN_POINT('',(-28.25,29.5));
#4561 = ( GEOMETRIC_REPRESENTATION_CONTEXT(2) 
PARAMETRIC_REPRESENTATION_CONTEXT() REPRESENTATION_CONTEXT('2D SPACE',''
  ) );
#4562 = PCURVE('',#4563,#4568);
#4563 = CYLINDRICAL_SURFACE('',#4564,1.25);
#4564 = AXIS2_PLACEMENT_3D('',#4565,#4566,#4567);
#4565 = CARTESIAN_POINT('',(27.9,29.5,16.));
#4566 = DIRECTION('',(-0.,-0.,-1.));
#4567 = DIRECTION('',(1.,0.,0.));
#4568 = DEFINITIONAL_REPRESENTATION('',(#4569),#4573);
#4569 = LINE('',#4570,#4571);
#4570 = CARTESIAN_POINT('',(-6.28318530718,-9.));
#4571 = VECTOR('',#4572,1.);
#4572 = DIRECTION('',(1.,-0.));
#4573 = ( GEOMETRIC_REPRESENTATION_CONTEXT(2) 
PARAMETRIC_REPRESENTATION_CONTEXT() REPRESENTATION_CONTEXT('2D SPACE',''
  ) );
#4574 = FACE_BOUND('',#4575,.T.);
#4575 = EDGE_LOOP('',(#4576,#4604,#4630,#4651));
#4576 = ORIENTED_EDGE('',*,*,#4577,.F.);
#4577 = EDGE_CURVE('',#4578,#4580,#4582,.T.);
#4578 = VERTEX_POINT('',#4579);
#4579 = CARTESIAN_POINT('',(82.9,-25.5,25.));
#4580 = VERTEX_POINT('',#4581);
#4581 = CARTESIAN_POINT('',(82.9,25.5,25.));
#4582 = SURFACE_CURVE('',#4583,(#4587,#4593),.PCURVE_S1.);
#4583 = LINE('',#4584,#4585);
#4584 = CARTESIAN_POINT('',(82.9,-12.75,25.));
#4585 = VECTOR('',#4586,1.);
#4586 = DIRECTION('',(0.,1.,-0.));
#4587 = PCURVE('',#3385,#4588);
#4588 = DEFINITIONAL_REPRESENTATION('',(#4589),#4592);
#4589 = B_SPLINE_CURVE_WITH_KNOTS('',1,(#4590,#4591),.UNSPECIFIED.,.F.,
  .F.,(2,2),(-12.75,38.25),.PIECEWISE_BEZIER_KNOTS.);
#4590 = CARTESIAN_POINT('',(25.5,-25.5));
#4591 = CARTESIAN_POINT('',(25.5,25.5));
#4592 = ( GEOMETRIC_REPRESENTATION_CONTEXT(2) 
PARAMETRIC_REPRESENTATION_CONTEXT() REPRESENTATION_CONTEXT('2D SPACE',''
  ) );
#4593 = PCURVE('',#4594,#4599);
#4594 = PLANE('',#4595);
#4595 = AXIS2_PLACEMENT_3D('',#4596,#4597,#4598);
#4596 = CARTESIAN_POINT('',(82.9,-25.5,4.));
#4597 = DIRECTION('',(-1.,0.,0.));
#4598 = DIRECTION('',(0.,1.,0.));
#4599 = DEFINITIONAL_REPRESENTATION('',(#4600),#4603);
#4600 = B_SPLINE_CURVE_WITH_KNOTS('',1,(#4601,#4602),.UNSPECIFIED.,.F.,
  .F.,(2,2),(-12.75,38.25),.PIECEWISE_BEZIER_KNOTS.);
#4601 = CARTESIAN_POINT('',(0.,-21.));
#4602 = CARTESIAN_POINT('',(51.,-21.));
#4603 = ( GEOMETRIC_REPRESENTATION_CONTEXT(2) 
PARAMETRIC_REPRESENTATION_CONTEXT() REPRESENTATION_CONTEXT('2D SPACE',''
  ) );
#4604 = ORIENTED_EDGE('',*,*,#4605,.F.);
#4605 = EDGE_CURVE('',#4606,#4578,#4608,.T.);
#4606 = VERTEX_POINT('',#4607);
#4607 = CARTESIAN_POINT('',(31.9,-25.5,25.));
#4608 = SURFACE_CURVE('',#4609,(#4613,#4619),.PCURVE_S1.);
#4609 = LINE('',#4610,#4611);
#4610 = CARTESIAN_POINT('',(44.65,-25.5,25.));
#4611 = VECTOR('',#4612,1.);
#4612 = DIRECTION('',(1.,0.,0.));
#4613 = PCURVE('',#3385,#4614);
#4614 = DEFINITIONAL_REPRESENTATION('',(#4615),#4618);
#4615 = B_SPLINE_CURVE_WITH_KNOTS('',1,(#4616,#4617),.UNSPECIFIED.,.F.,
  .F.,(2,2),(-12.75,38.25),.PIECEWISE_BEZIER_KNOTS.);
#4616 = CARTESIAN_POINT('',(-25.5,-25.5));
#4617 = CARTESIAN_POINT('',(25.5,-25.5));
#4618 = ( GEOMETRIC_REPRESENTATION_CONTEXT(2) 
PARAMETRIC_REPRESENTATION_CONTEXT() REPRESENTATION_CONTEXT('2D SPACE',''
  ) );
#4619 = PCURVE('',#4620,#4625);
#4620 = PLANE('',#4621);
#4621 = AXIS2_PLACEMENT_3D('',#4622,#4623,#4624);
#4622 = CARTESIAN_POINT('',(31.9,-25.5,4.));
#4623 = DIRECTION('',(0.,1.,0.));
#4624 = DIRECTION('',(1.,0.,0.));
#4625 = DEFINITIONAL_REPRESENTATION('',(#4626),#4629);
#4626 = B_SPLINE_CURVE_WITH_KNOTS('',1,(#4627,#4628),.UNSPECIFIED.,.F.,
  .F.,(2,2),(-12.75,38.25),.PIECEWISE_BEZIER_KNOTS.);
#4627 = CARTESIAN_POINT('',(0.,-21.));
#4628 = CARTESIAN_POINT('',(51.,-21.));
#4629 = ( GEOMETRIC_REPRESENTATION_CONTEXT(2) 
PARAMETRIC_REPRESENTATION_CONTEXT() REPRESENTATION_CONTEXT('2D SPACE',''
  ) );
#4630 = ORIENTED_EDGE('',*,*,#4631,.F.);
#4631 = EDGE_CURVE('',#4632,#4606,#4634,.T.);
#4632 = VERTEX_POINT('',#4633);
#4633 = CARTESIAN_POINT('',(31.9,25.5,25.));
#4634 = SURFACE_CURVE('',#4635,(#4639,#4645),.PCURVE_S1.);
#4635 = LINE('',#4636,#4637);
#4636 = CARTESIAN_POINT('',(31.9,12.75,25.));
#4637 = VECTOR('',#4638,1.);
#4638 = DIRECTION('',(0.,-1.,0.));
#4639 = PCURVE('',#3385,#4640);
#4640 = DEFINITIONAL_REPRESENTATION('',(#4641),#4644);
#4641 = B_SPLINE_CURVE_WITH_KNOTS('',1,(#4642,#4643),.UNSPECIFIED.,.F.,
  .F.,(2,2),(-12.75,38.25),.PIECEWISE_BEZIER_KNOTS.);
#4642 = CARTESIAN_POINT('',(-25.5,25.5));
#4643 = CARTESIAN_POINT('',(-25.5,-25.5));
#4644 = ( GEOMETRIC_REPRESENTATION_CONTEXT(2) 
PARAMETRIC_REPRESENTATION_CONTEXT() REPRESENTATION_CONTEXT('2D SPACE',''
  ) );
#4645 = PCURVE('',#3607,#4646);
#4646 = DEFINITIONAL_REPRESENTATION('',(#4647),#4650);
#4647 = B_SPLINE_CURVE_WITH_KNOTS('',1,(#4648,#4649),.UNSPECIFIED.,.F.,
  .F.,(2,2),(-12.75,38.25),.PIECEWISE_BEZIER_KNOTS.);
#4648 = CARTESIAN_POINT('',(0.,-21.));
#4649 = CARTESIAN_POINT('',(51.,-21.));
#4650 = ( GEOMETRIC_REPRESENTATION_CONTEXT(2) 
PARAMETRIC_REPRESENTATION_CONTEXT() REPRESENTATION_CONTEXT('2D SPACE',''
  ) );
#4651 = ORIENTED_EDGE('',*,*,#4652,.F.);
#4652 = EDGE_CURVE('',#4580,#4632,#4653,.T.);
#4653 = SURFACE_CURVE('',#4654,(#4658,#4664),.PCURVE_S1.);
#4654 = LINE('',#4655,#4656);
#4655 = CARTESIAN_POINT('',(70.15,25.5,25.));
#4656 = VECTOR('',#4657,1.);
#4657 = DIRECTION('',(-1.,0.,0.));
#4658 = PCURVE('',#3385,#4659);
#4659 = DEFINITIONAL_REPRESENTATION('',(#4660),#4663);
#4660 = B_SPLINE_CURVE_WITH_KNOTS('',1,(#4661,#4662),.UNSPECIFIED.,.F.,
  .F.,(2,2),(-12.75,38.25),.PIECEWISE_BEZIER_KNOTS.);
#4661 = CARTESIAN_POINT('',(25.5,25.5));
#4662 = CARTESIAN_POINT('',(-25.5,25.5));
#4663 = ( GEOMETRIC_REPRESENTATION_CONTEXT(2) 
PARAMETRIC_REPRESENTATION_CONTEXT() REPRESENTATION_CONTEXT('2D SPACE',''
  ) );
#4664 = PCURVE('',#4665,#4670);
#4665 = PLANE('',#4666);
#4666 = AXIS2_PLACEMENT_3D('',#4667,#4668,#4669);
#4667 = CARTESIAN_POINT('',(82.9,25.5,4.));
#4668 = DIRECTION('',(0.,-1.,0.));
#4669 = DIRECTION('',(-1.,0.,0.));
#4670 = DEFINITIONAL_REPRESENTATION('',(#4671),#4674);
#4671 = B_SPLINE_CURVE_WITH_KNOTS('',1,(#4672,#4673),.UNSPECIFIED.,.F.,
  .F.,(2,2),(-12.75,38.25),.PIECEWISE_BEZIER_KNOTS.);
#4672 = CARTESIAN_POINT('',(0.,-21.));
#4673 = CARTESIAN_POINT('',(51.,-21.));
#4674 = ( GEOMETRIC_REPRESENTATION_CONTEXT(2) 
PARAMETRIC_REPRESENTATION_CONTEXT() REPRESENTATION_CONTEXT('2D SPACE',''
  ) );
#4675 = FACE_BOUND('',#4676,.T.);
#4676 = EDGE_LOOP('',(#4677));
#4677 = ORIENTED_EDGE('',*,*,#4678,.T.);
#4678 = EDGE_CURVE('',#4679,#4679,#4681,.T.);
#4679 = VERTEX_POINT('',#4680);
#4680 = CARTESIAN_POINT('',(88.15,29.5,25.));
#4681 = SURFACE_CURVE('',#4682,(#4687,#4698),.PCURVE_S1.);
#4682 = CIRCLE('',#4683,1.25);
#4683 = AXIS2_PLACEMENT_3D('',#4684,#4685,#4686);
#4684 = CARTESIAN_POINT('',(86.9,29.5,25.));
#4685 = DIRECTION('',(0.,0.,-1.));
#4686 = DIRECTION('',(1.,0.,0.));
#4687 = PCURVE('',#3385,#4688);
#4688 = DEFINITIONAL_REPRESENTATION('',(#4689),#4697);
#4689 = ( BOUNDED_CURVE() B_SPLINE_CURVE(2,(#4690,#4691,#4692,#4693,
#4694,#4695,#4696),.UNSPECIFIED.,.T.,.F.) B_SPLINE_CURVE_WITH_KNOTS((1,2
    ,2,2,2,1),(-2.094395102393,0.,2.094395102393,4.188790204786,
6.28318530718,8.377580409573),.UNSPECIFIED.) CURVE() 
GEOMETRIC_REPRESENTATION_ITEM() RATIONAL_B_SPLINE_CURVE((1.,0.5,1.,0.5,
1.,0.5,1.)) REPRESENTATION_ITEM('') );
#4690 = CARTESIAN_POINT('',(30.75,29.5));
#4691 = CARTESIAN_POINT('',(30.75,27.334936490539));
#4692 = CARTESIAN_POINT('',(28.875,28.417468245269));
#4693 = CARTESIAN_POINT('',(27.,29.5));
#4694 = CARTESIAN_POINT('',(28.875,30.582531754731));
#4695 = CARTESIAN_POINT('',(30.75,31.665063509461));
#4696 = CARTESIAN_POINT('',(30.75,29.5));
#4697 = ( GEOMETRIC_REPRESENTATION_CONTEXT(2) 
PARAMETRIC_REPRESENTATION_CONTEXT() REPRESENTATION_CONTEXT('2D SPACE',''
  ) );
#4698 = PCURVE('',#4699,#4704);
#4699 = CYLINDRICAL_SURFACE('',#4700,1.25);
#4700 = AXIS2_PLACEMENT_3D('',#4701,#4702,#4703);
#4701 = CARTESIAN_POINT('',(86.9,29.5,16.));
#4702 = DIRECTION('',(-0.,-0.,-1.));
#4703 = DIRECTION('',(1.,0.,0.));
#4704 = DEFINITIONAL_REPRESENTATION('',(#4705),#4709);
#4705 = LINE('',#4706,#4707);
#4706 = CARTESIAN_POINT('',(-6.28318530718,-9.));
#4707 = VECTOR('',#4708,1.);
#4708 = DIRECTION('',(1.,-0.));
#4709 = ( GEOMETRIC_REPRESENTATION_CONTEXT(2) 
PARAMETRIC_REPRESENTATION_CONTEXT() REPRESENTATION_CONTEXT('2D SPACE',''
  ) );
#4710 = ADVANCED_FACE('',(#4711,#4786),#3607,.T.);
#4711 = FACE_BOUND('',#4712,.T.);
#4712 = EDGE_LOOP('',(#4713,#4743,#4764,#4765));
#4713 = ORIENTED_EDGE('',*,*,#4714,.F.);
#4714 = EDGE_CURVE('',#4715,#4717,#4719,.T.);
#4715 = VERTEX_POINT('',#4716);
#4716 = CARTESIAN_POINT('',(31.9,25.5,4.));
#4717 = VERTEX_POINT('',#4718);
#4718 = CARTESIAN_POINT('',(31.9,-25.5,4.));
#4719 = SURFACE_CURVE('',#4720,(#4724,#4731),.PCURVE_S1.);
#4720 = LINE('',#4721,#4722);
#4721 = CARTESIAN_POINT('',(31.9,25.5,4.));
#4722 = VECTOR('',#4723,1.);
#4723 = DIRECTION('',(0.,-1.,0.));
#4724 = PCURVE('',#3607,#4725);
#4725 = DEFINITIONAL_REPRESENTATION('',(#4726),#4730);
#4726 = LINE('',#4727,#4728);
#4727 = CARTESIAN_POINT('',(0.,0.));
#4728 = VECTOR('',#4729,1.);
#4729 = DIRECTION('',(1.,0.));
#4730 = ( GEOMETRIC_REPRESENTATION_CONTEXT(2) 
PARAMETRIC_REPRESENTATION_CONTEXT() REPRESENTATION_CONTEXT('2D SPACE',''
  ) );
#4731 = PCURVE('',#4732,#4737);
#4732 = PLANE('',#4733);
#4733 = AXIS2_PLACEMENT_3D('',#4734,#4735,#4736);
#4734 = CARTESIAN_POINT('',(57.4,0.,4.));
#4735 = DIRECTION('',(0.,0.,1.));
#4736 = DIRECTION('',(1.,0.,-0.));
#4737 = DEFINITIONAL_REPRESENTATION('',(#4738),#4742);
#4738 = LINE('',#4739,#4740);
#4739 = CARTESIAN_POINT('',(-25.5,25.5));
#4740 = VECTOR('',#4741,1.);
#4741 = DIRECTION('',(0.,-1.));
#4742 = ( GEOMETRIC_REPRESENTATION_CONTEXT(2) 
PARAMETRIC_REPRESENTATION_CONTEXT() REPRESENTATION_CONTEXT('2D SPACE',''
  ) );
#4743 = ORIENTED_EDGE('',*,*,#4744,.T.);
#4744 = EDGE_CURVE('',#4715,#4632,#4745,.T.);
#4745 = SURFACE_CURVE('',#4746,(#4750,#4757),.PCURVE_S1.);
#4746 = LINE('',#4747,#4748);
#4747 = CARTESIAN_POINT('',(31.9,25.5,4.));
#4748 = VECTOR('',#4749,1.);
#4749 = DIRECTION('',(0.,0.,1.));
#4750 = PCURVE('',#3607,#4751);
#4751 = DEFINITIONAL_REPRESENTATION('',(#4752),#4756);
#4752 = LINE('',#4753,#4754);
#4753 = CARTESIAN_POINT('',(0.,0.));
#4754 = VECTOR('',#4755,1.);
#4755 = DIRECTION('',(0.,-1.));
#4756 = ( GEOMETRIC_REPRESENTATION_CONTEXT(2) 
PARAMETRIC_REPRESENTATION_CONTEXT() REPRESENTATION_CONTEXT('2D SPACE',''
  ) );
#4757 = PCURVE('',#4665,#4758);
#4758 = DEFINITIONAL_REPRESENTATION('',(#4759),#4763);
#4759 = LINE('',#4760,#4761);
#4760 = CARTESIAN_POINT('',(51.,0.));
#4761 = VECTOR('',#4762,1.);
#4762 = DIRECTION('',(0.,-1.));
#4763 = ( GEOMETRIC_REPRESENTATION_CONTEXT(2) 
PARAMETRIC_REPRESENTATION_CONTEXT() REPRESENTATION_CONTEXT('2D SPACE',''
  ) );
#4764 = ORIENTED_EDGE('',*,*,#4631,.T.);
#4765 = ORIENTED_EDGE('',*,*,#4766,.F.);
#4766 = EDGE_CURVE('',#4717,#4606,#4767,.T.);
#4767 = SURFACE_CURVE('',#4768,(#4772,#4779),.PCURVE_S1.);
#4768 = LINE('',#4769,#4770);
#4769 = CARTESIAN_POINT('',(31.9,-25.5,4.));
#4770 = VECTOR('',#4771,1.);
#4771 = DIRECTION('',(0.,0.,1.));
#4772 = PCURVE('',#3607,#4773);
#4773 = DEFINITIONAL_REPRESENTATION('',(#4774),#4778);
#4774 = LINE('',#4775,#4776);
#4775 = CARTESIAN_POINT('',(51.,0.));
#4776 = VECTOR('',#4777,1.);
#4777 = DIRECTION('',(0.,-1.));
#4778 = ( GEOMETRIC_REPRESENTATION_CONTEXT(2) 
PARAMETRIC_REPRESENTATION_CONTEXT() REPRESENTATION_CONTEXT('2D SPACE',''
  ) );
#4779 = PCURVE('',#4620,#4780);
#4780 = DEFINITIONAL_REPRESENTATION('',(#4781),#4785);
#4781 = LINE('',#4782,#4783);
#4782 = CARTESIAN_POINT('',(0.,0.));
#4783 = VECTOR('',#4784,1.);
#4784 = DIRECTION('',(0.,-1.));
#4785 = ( GEOMETRIC_REPRESENTATION_CONTEXT(2) 
PARAMETRIC_REPRESENTATION_CONTEXT() REPRESENTATION_CONTEXT('2D SPACE',''
  ) );
#4786 = FACE_BOUND('',#4787,.T.);
#4787 = EDGE_LOOP('',(#4788));
#4788 = ORIENTED_EDGE('',*,*,#3592,.T.);
#4789 = ADVANCED_FACE('',(#4790,#4865),#3668,.F.);
#4790 = FACE_BOUND('',#4791,.F.);
#4791 = EDGE_LOOP('',(#4792,#4815,#4816,#4839));
#4792 = ORIENTED_EDGE('',*,*,#4793,.T.);
#4793 = EDGE_CURVE('',#4794,#3689,#4796,.T.);
#4794 = VERTEX_POINT('',#4795);
#4795 = CARTESIAN_POINT('',(14.6,-14.6,32.));
#4796 = SURFACE_CURVE('',#4797,(#4801,#4808),.PCURVE_S1.);
#4797 = LINE('',#4798,#4799);
#4798 = CARTESIAN_POINT('',(14.6,-14.6,32.));
#4799 = VECTOR('',#4800,1.);
#4800 = DIRECTION('',(0.,0.,1.));
#4801 = PCURVE('',#3668,#4802);
#4802 = DEFINITIONAL_REPRESENTATION('',(#4803),#4807);
#4803 = LINE('',#4804,#4805);
#4804 = CARTESIAN_POINT('',(0.,0.));
#4805 = VECTOR('',#4806,1.);
#4806 = DIRECTION('',(0.,-1.));
#4807 = ( GEOMETRIC_REPRESENTATION_CONTEXT(2) 
PARAMETRIC_REPRESENTATION_CONTEXT() REPRESENTATION_CONTEXT('2D SPACE',''
  ) );
#4808 = PCURVE('',#3704,#4809);
#4809 = DEFINITIONAL_REPRESENTATION('',(#4810),#4814);
#4810 = LINE('',#4811,#4812);
#4811 = CARTESIAN_POINT('',(29.2,0.));
#4812 = VECTOR('',#4813,1.);
#4813 = DIRECTION('',(0.,-1.));
#4814 = ( GEOMETRIC_REPRESENTATION_CONTEXT(2) 
PARAMETRIC_REPRESENTATION_CONTEXT() REPRESENTATION_CONTEXT('2D SPACE',''
  ) );
#4815 = ORIENTED_EDGE('',*,*,#3716,.T.);
#4816 = ORIENTED_EDGE('',*,*,#4817,.F.);
#4817 = EDGE_CURVE('',#4818,#3717,#4820,.T.);
#4818 = VERTEX_POINT('',#4819);
#4819 = CARTESIAN_POINT('',(14.6,14.6,32.));
#4820 = SURFACE_CURVE('',#4821,(#4825,#4832),.PCURVE_S1.);
#4821 = LINE('',#4822,#4823);
#4822 = CARTESIAN_POINT('',(14.6,14.6,32.));
#4823 = VECTOR('',#4824,1.);
#4824 = DIRECTION('',(0.,0.,1.));
#4825 = PCURVE('',#3668,#4826);
#4826 = DEFINITIONAL_REPRESENTATION('',(#4827),#4831);
#4827 = LINE('',#4828,#4829);
#4828 = CARTESIAN_POINT('',(29.2,0.));
#4829 = VECTOR('',#4830,1.);
#4830 = DIRECTION('',(0.,-1.));
#4831 = ( GEOMETRIC_REPRESENTATION_CONTEXT(2) 
PARAMETRIC_REPRESENTATION_CONTEXT() REPRESENTATION_CONTEXT('2D SPACE',''
  ) );
#4832 = PCURVE('',#3755,#4833);
#4833 = DEFINITIONAL_REPRESENTATION('',(#4834),#4838);
#4834 = LINE('',#4835,#4836);
#4835 = CARTESIAN_POINT('',(0.,-0.));
#4836 = VECTOR('',#4837,1.);
#4837 = DIRECTION('',(0.,-1.));
#4838 = ( GEOMETRIC_REPRESENTATION_CONTEXT(2) 
PARAMETRIC_REPRESENTATION_CONTEXT() REPRESENTATION_CONTEXT('2D SPACE',''
  ) );
#4839 = ORIENTED_EDGE('',*,*,#4840,.F.);
#4840 = EDGE_CURVE('',#4794,#4818,#4841,.T.);
#4841 = SURFACE_CURVE('',#4842,(#4846,#4853),.PCURVE_S1.);
#4842 = LINE('',#4843,#4844);
#4843 = CARTESIAN_POINT('',(14.6,-14.6,32.));
#4844 = VECTOR('',#4845,1.);
#4845 = DIRECTION('',(0.,1.,0.));
#4846 = PCURVE('',#3668,#4847);
#4847 = DEFINITIONAL_REPRESENTATION('',(#4848),#4852);
#4848 = LINE('',#4849,#4850);
#4849 = CARTESIAN_POINT('',(0.,0.));
#4850 = VECTOR('',#4851,1.);
#4851 = DIRECTION('',(1.,0.));
#4852 = ( GEOMETRIC_REPRESENTATION_CONTEXT(2) 
PARAMETRIC_REPRESENTATION_CONTEXT() REPRESENTATION_CONTEXT('2D SPACE',''
  ) );
#4853 = PCURVE('',#4854,#4859);
#4854 = PLANE('',#4855);
#4855 = AXIS2_PLACEMENT_3D('',#4856,#4857,#4858);
#4856 = CARTESIAN_POINT('',(0.,0.,32.));
#4857 = DIRECTION('',(0.,0.,1.));
#4858 = DIRECTION('',(1.,0.,-0.));
#4859 = DEFINITIONAL_REPRESENTATION('',(#4860),#4864);
#4860 = LINE('',#4861,#4862);
#4861 = CARTESIAN_POINT('',(14.6,-14.6));
#4862 = VECTOR('',#4863,1.);
#4863 = DIRECTION('',(0.,1.));
#4864 = ( GEOMETRIC_REPRESENTATION_CONTEXT(2) 
PARAMETRIC_REPRESENTATION_CONTEXT() REPRESENTATION_CONTEXT('2D SPACE',''
  ) );
#4865 = FACE_BOUND('',#4866,.F.);
#4866 = EDGE_LOOP('',(#4867));
#4867 = ORIENTED_EDGE('',*,*,#3653,.F.);
#4868 = ADVANCED_FACE('',(#4869),#3704,.F.);
#4869 = FACE_BOUND('',#4870,.F.);
#4870 = EDGE_LOOP('',(#4871,#4894,#4895,#4896));
#4871 = ORIENTED_EDGE('',*,*,#4872,.T.);
#4872 = EDGE_CURVE('',#4873,#3687,#4875,.T.);
#4873 = VERTEX_POINT('',#4874);
#4874 = CARTESIAN_POINT('',(-14.6,-14.6,32.));
#4875 = SURFACE_CURVE('',#4876,(#4880,#4887),.PCURVE_S1.);
#4876 = LINE('',#4877,#4878);
#4877 = CARTESIAN_POINT('',(-14.6,-14.6,32.));
#4878 = VECTOR('',#4879,1.);
#4879 = DIRECTION('',(0.,0.,1.));
#4880 = PCURVE('',#3704,#4881);
#4881 = DEFINITIONAL_REPRESENTATION('',(#4882),#4886);
#4882 = LINE('',#4883,#4884);
#4883 = CARTESIAN_POINT('',(0.,0.));
#4884 = VECTOR('',#4885,1.);
#4885 = DIRECTION('',(0.,-1.));
#4886 = ( GEOMETRIC_REPRESENTATION_CONTEXT(2) 
PARAMETRIC_REPRESENTATION_CONTEXT() REPRESENTATION_CONTEXT('2D SPACE',''
  ) );
#4887 = PCURVE('',#3781,#4888);
#4888 = DEFINITIONAL_REPRESENTATION('',(#4889),#4893);
#4889 = LINE('',#4890,#4891);
#4890 = CARTESIAN_POINT('',(29.2,0.));
#4891 = VECTOR('',#4892,1.);
#4892 = DIRECTION('',(0.,-1.));
#4893 = ( GEOMETRIC_REPRESENTATION_CONTEXT(2) 
PARAMETRIC_REPRESENTATION_CONTEXT() REPRESENTATION_CONTEXT('2D SPACE',''
  ) );
#4894 = ORIENTED_EDGE('',*,*,#3686,.T.);
#4895 = ORIENTED_EDGE('',*,*,#4793,.F.);
#4896 = ORIENTED_EDGE('',*,*,#4897,.F.);
#4897 = EDGE_CURVE('',#4873,#4794,#4898,.T.);
#4898 = SURFACE_CURVE('',#4899,(#4903,#4910),.PCURVE_S1.);
#4899 = LINE('',#4900,#4901);
#4900 = CARTESIAN_POINT('',(-14.6,-14.6,32.));
#4901 = VECTOR('',#4902,1.);
#4902 = DIRECTION('',(1.,0.,0.));
#4903 = PCURVE('',#3704,#4904);
#4904 = DEFINITIONAL_REPRESENTATION('',(#4905),#4909);
#4905 = LINE('',#4906,#4907);
#4906 = CARTESIAN_POINT('',(0.,0.));
#4907 = VECTOR('',#4908,1.);
#4908 = DIRECTION('',(1.,0.));
#4909 = ( GEOMETRIC_REPRESENTATION_CONTEXT(2) 
PARAMETRIC_REPRESENTATION_CONTEXT() REPRESENTATION_CONTEXT('2D SPACE',''
  ) );
#4910 = PCURVE('',#4854,#4911);
#4911 = DEFINITIONAL_REPRESENTATION('',(#4912),#4916);
#4912 = LINE('',#4913,#4914);
#4913 = CARTESIAN_POINT('',(-14.6,-14.6));
#4914 = VECTOR('',#4915,1.);
#4915 = DIRECTION('',(1.,0.));
#4916 = ( GEOMETRIC_REPRESENTATION_CONTEXT(2) 
PARAMETRIC_REPRESENTATION_CONTEXT() REPRESENTATION_CONTEXT('2D SPACE',''
  ) );
#4917 = ADVANCED_FACE('',(#4918,#4966),#3781,.F.);
#4918 = FACE_BOUND('',#4919,.F.);
#4919 = EDGE_LOOP('',(#4920,#4943,#4944,#4945));
#4920 = ORIENTED_EDGE('',*,*,#4921,.T.);
#4921 = EDGE_CURVE('',#4922,#3740,#4924,.T.);
#4922 = VERTEX_POINT('',#4923);
#4923 = CARTESIAN_POINT('',(-14.6,14.6,32.));
#4924 = SURFACE_CURVE('',#4925,(#4929,#4936),.PCURVE_S1.);
#4925 = LINE('',#4926,#4927);
#4926 = CARTESIAN_POINT('',(-14.6,14.6,32.));
#4927 = VECTOR('',#4928,1.);
#4928 = DIRECTION('',(0.,0.,1.));
#4929 = PCURVE('',#3781,#4930);
#4930 = DEFINITIONAL_REPRESENTATION('',(#4931),#4935);
#4931 = LINE('',#4932,#4933);
#4932 = CARTESIAN_POINT('',(0.,0.));
#4933 = VECTOR('',#4934,1.);
#4934 = DIRECTION('',(0.,-1.));
#4935 = ( GEOMETRIC_REPRESENTATION_CONTEXT(2) 
PARAMETRIC_REPRESENTATION_CONTEXT() REPRESENTATION_CONTEXT('2D SPACE',''
  ) );
#4936 = PCURVE('',#3755,#4937);
#4937 = DEFINITIONAL_REPRESENTATION('',(#4938),#4942);
#4938 = LINE('',#4939,#4940);
#4939 = CARTESIAN_POINT('',(29.2,0.));
#4940 = VECTOR('',#4941,1.);
#4941 = DIRECTION('',(0.,-1.));
#4942 = ( GEOMETRIC_REPRESENTATION_CONTEXT(2) 
PARAMETRIC_REPRESENTATION_CONTEXT() REPRESENTATION_CONTEXT('2D SPACE',''
  ) );
#4943 = ORIENTED_EDGE('',*,*,#3767,.T.);
#4944 = ORIENTED_EDGE('',*,*,#4872,.F.);
#4945 = ORIENTED_EDGE('',*,*,#4946,.F.);
#4946 = EDGE_CURVE('',#4922,#4873,#4947,.T.);
#4947 = SURFACE_CURVE('',#4948,(#4952,#4959),.PCURVE_S1.);
#4948 = LINE('',#4949,#4950);
#4949 = CARTESIAN_POINT('',(-14.6,14.6,32.));
#4950 = VECTOR('',#4951,1.);
#4951 = DIRECTION('',(0.,-1.,0.));
#4952 = PCURVE('',#3781,#4953);
#4953 = DEFINITIONAL_REPRESENTATION('',(#4954),#4958);
#4954 = LINE('',#4955,#4956);
#4955 = CARTESIAN_POINT('',(0.,0.));
#4956 = VECTOR('',#4957,1.);
#4957 = DIRECTION('',(1.,0.));
#4958 = ( GEOMETRIC_REPRESENTATION_CONTEXT(2) 
PARAMETRIC_REPRESENTATION_CONTEXT() REPRESENTATION_CONTEXT('2D SPACE',''
  ) );
#4959 = PCURVE('',#4854,#4960);
#4960 = DEFINITIONAL_REPRESENTATION('',(#4961),#4965);
#4961 = LINE('',#4962,#4963);
#4962 = CARTESIAN_POINT('',(-14.6,14.6));
#4963 = VECTOR('',#4964,1.);
#4964 = DIRECTION('',(0.,-1.));
#4965 = ( GEOMETRIC_REPRESENTATION_CONTEXT(2) 
PARAMETRIC_REPRESENTATION_CONTEXT() REPRESENTATION_CONTEXT('2D SPACE',''
  ) );
#4966 = FACE_BOUND('',#4967,.F.);
#4967 = EDGE_LOOP('',(#4968));
#4968 = ORIENTED_EDGE('',*,*,#4322,.T.);
#4969 = ADVANCED_FACE('',(#4970),#3755,.F.);
#4970 = FACE_BOUND('',#4971,.F.);
#4971 = EDGE_LOOP('',(#4972,#4973,#4974,#4975));
#4972 = ORIENTED_EDGE('',*,*,#4817,.T.);
#4973 = ORIENTED_EDGE('',*,*,#3739,.T.);
#4974 = ORIENTED_EDGE('',*,*,#4921,.F.);
#4975 = ORIENTED_EDGE('',*,*,#4976,.F.);
#4976 = EDGE_CURVE('',#4818,#4922,#4977,.T.);
#4977 = SURFACE_CURVE('',#4978,(#4982,#4989),.PCURVE_S1.);
#4978 = LINE('',#4979,#4980);
#4979 = CARTESIAN_POINT('',(14.6,14.6,32.));
#4980 = VECTOR('',#4981,1.);
#4981 = DIRECTION('',(-1.,0.,0.));
#4982 = PCURVE('',#3755,#4983);
#4983 = DEFINITIONAL_REPRESENTATION('',(#4984),#4988);
#4984 = LINE('',#4985,#4986);
#4985 = CARTESIAN_POINT('',(0.,-0.));
#4986 = VECTOR('',#4987,1.);
#4987 = DIRECTION('',(1.,0.));
#4988 = ( GEOMETRIC_REPRESENTATION_CONTEXT(2) 
PARAMETRIC_REPRESENTATION_CONTEXT() REPRESENTATION_CONTEXT('2D SPACE',''
  ) );
#4989 = PCURVE('',#4854,#4990);
#4990 = DEFINITIONAL_REPRESENTATION('',(#4991),#4995);
#4991 = LINE('',#4992,#4993);
#4992 = CARTESIAN_POINT('',(14.6,14.6));
#4993 = VECTOR('',#4994,1.);
#4994 = DIRECTION('',(-1.,0.));
#4995 = ( GEOMETRIC_REPRESENTATION_CONTEXT(2) 
PARAMETRIC_REPRESENTATION_CONTEXT() REPRESENTATION_CONTEXT('2D SPACE',''
  ) );
#4996 = ADVANCED_FACE('',(#4997),#4376,.T.);
#4997 = FACE_BOUND('',#4998,.T.);
#4998 = EDGE_LOOP('',(#4999,#5028,#5049,#5050));
#4999 = ORIENTED_EDGE('',*,*,#5000,.T.);
#5000 = EDGE_CURVE('',#5001,#5003,#5005,.T.);
#5001 = VERTEX_POINT('',#5002);
#5002 = CARTESIAN_POINT('',(20.4,20.4,28.));
#5003 = VERTEX_POINT('',#5004);
#5004 = CARTESIAN_POINT('',(20.4,-20.4,28.));
#5005 = SURFACE_CURVE('',#5006,(#5010,#5016),.PCURVE_S1.);
#5006 = LINE('',#5007,#5008);
#5007 = CARTESIAN_POINT('',(20.4,-10.2,28.));
#5008 = VECTOR('',#5009,1.);
#5009 = DIRECTION('',(0.,-1.,0.));
#5010 = PCURVE('',#4376,#5011);
#5011 = DEFINITIONAL_REPRESENTATION('',(#5012),#5015);
#5012 = B_SPLINE_CURVE_WITH_KNOTS('',1,(#5013,#5014),.UNSPECIFIED.,.F.,
  .F.,(2,2),(-30.6,10.2),.PIECEWISE_BEZIER_KNOTS.);
#5013 = CARTESIAN_POINT('',(40.8,-24.8000002));
#5014 = CARTESIAN_POINT('',(0.,-24.8000002));
#5015 = ( GEOMETRIC_REPRESENTATION_CONTEXT(2) 
PARAMETRIC_REPRESENTATION_CONTEXT() REPRESENTATION_CONTEXT('2D SPACE',''
  ) );
#5016 = PCURVE('',#5017,#5022);
#5017 = PLANE('',#5018);
#5018 = AXIS2_PLACEMENT_3D('',#5019,#5020,#5021);
#5019 = CARTESIAN_POINT('',(2.935747907595E-15,0.,28.));
#5020 = DIRECTION('',(0.,0.,1.));
#5021 = DIRECTION('',(1.,0.,-0.));
#5022 = DEFINITIONAL_REPRESENTATION('',(#5023),#5027);
#5023 = LINE('',#5024,#5025);
#5024 = CARTESIAN_POINT('',(20.4,-10.2));
#5025 = VECTOR('',#5026,1.);
#5026 = DIRECTION('',(0.,-1.));
#5027 = ( GEOMETRIC_REPRESENTATION_CONTEXT(2) 
PARAMETRIC_REPRESENTATION_CONTEXT() REPRESENTATION_CONTEXT('2D SPACE',''
  ) );
#5028 = ORIENTED_EDGE('',*,*,#5029,.T.);
#5029 = EDGE_CURVE('',#5003,#4362,#5030,.T.);
#5030 = SURFACE_CURVE('',#5031,(#5035,#5042),.PCURVE_S1.);
#5031 = LINE('',#5032,#5033);
#5032 = CARTESIAN_POINT('',(20.4,-20.4,3.1999998));
#5033 = VECTOR('',#5034,1.);
#5034 = DIRECTION('',(0.,0.,1.));
#5035 = PCURVE('',#4376,#5036);
#5036 = DEFINITIONAL_REPRESENTATION('',(#5037),#5041);
#5037 = LINE('',#5038,#5039);
#5038 = CARTESIAN_POINT('',(0.,0.));
#5039 = VECTOR('',#5040,1.);
#5040 = DIRECTION('',(0.,-1.));
#5041 = ( GEOMETRIC_REPRESENTATION_CONTEXT(2) 
PARAMETRIC_REPRESENTATION_CONTEXT() REPRESENTATION_CONTEXT('2D SPACE',''
  ) );
#5042 = PCURVE('',#4402,#5043);
#5043 = DEFINITIONAL_REPRESENTATION('',(#5044),#5048);
#5044 = LINE('',#5045,#5046);
#5045 = CARTESIAN_POINT('',(40.8,0.));
#5046 = VECTOR('',#5047,1.);
#5047 = DIRECTION('',(0.,-1.));
#5048 = ( GEOMETRIC_REPRESENTATION_CONTEXT(2) 
PARAMETRIC_REPRESENTATION_CONTEXT() REPRESENTATION_CONTEXT('2D SPACE',''
  ) );
#5049 = ORIENTED_EDGE('',*,*,#4359,.F.);
#5050 = ORIENTED_EDGE('',*,*,#5051,.F.);
#5051 = EDGE_CURVE('',#5001,#4360,#5052,.T.);
#5052 = SURFACE_CURVE('',#5053,(#5057,#5064),.PCURVE_S1.);
#5053 = LINE('',#5054,#5055);
#5054 = CARTESIAN_POINT('',(20.4,20.4,3.1999998));
#5055 = VECTOR('',#5056,1.);
#5056 = DIRECTION('',(0.,0.,1.));
#5057 = PCURVE('',#4376,#5058);
#5058 = DEFINITIONAL_REPRESENTATION('',(#5059),#5063);
#5059 = LINE('',#5060,#5061);
#5060 = CARTESIAN_POINT('',(40.8,0.));
#5061 = VECTOR('',#5062,1.);
#5062 = DIRECTION('',(0.,-1.));
#5063 = ( GEOMETRIC_REPRESENTATION_CONTEXT(2) 
PARAMETRIC_REPRESENTATION_CONTEXT() REPRESENTATION_CONTEXT('2D SPACE',''
  ) );
#5064 = PCURVE('',#4452,#5065);
#5065 = DEFINITIONAL_REPRESENTATION('',(#5066),#5070);
#5066 = LINE('',#5067,#5068);
#5067 = CARTESIAN_POINT('',(0.,-0.));
#5068 = VECTOR('',#5069,1.);
#5069 = DIRECTION('',(0.,-1.));
#5070 = ( GEOMETRIC_REPRESENTATION_CONTEXT(2) 
PARAMETRIC_REPRESENTATION_CONTEXT() REPRESENTATION_CONTEXT('2D SPACE',''
  ) );
#5071 = ADVANCED_FACE('',(#5072),#4452,.T.);
#5072 = FACE_BOUND('',#5073,.T.);
#5073 = EDGE_LOOP('',(#5074,#5096,#5097,#5098));
#5074 = ORIENTED_EDGE('',*,*,#5075,.T.);
#5075 = EDGE_CURVE('',#5076,#5001,#5078,.T.);
#5076 = VERTEX_POINT('',#5077);
#5077 = CARTESIAN_POINT('',(-20.4,20.4,28.));
#5078 = SURFACE_CURVE('',#5079,(#5083,#5089),.PCURVE_S1.);
#5079 = LINE('',#5080,#5081);
#5080 = CARTESIAN_POINT('',(10.2,20.4,28.));
#5081 = VECTOR('',#5082,1.);
#5082 = DIRECTION('',(1.,0.,-0.));
#5083 = PCURVE('',#4452,#5084);
#5084 = DEFINITIONAL_REPRESENTATION('',(#5085),#5088);
#5085 = B_SPLINE_CURVE_WITH_KNOTS('',1,(#5086,#5087),.UNSPECIFIED.,.F.,
  .F.,(2,2),(-30.6,10.2),.PIECEWISE_BEZIER_KNOTS.);
#5086 = CARTESIAN_POINT('',(40.8,-24.8000002));
#5087 = CARTESIAN_POINT('',(0.,-24.8000002));
#5088 = ( GEOMETRIC_REPRESENTATION_CONTEXT(2) 
PARAMETRIC_REPRESENTATION_CONTEXT() REPRESENTATION_CONTEXT('2D SPACE',''
  ) );
#5089 = PCURVE('',#5017,#5090);
#5090 = DEFINITIONAL_REPRESENTATION('',(#5091),#5095);
#5091 = LINE('',#5092,#5093);
#5092 = CARTESIAN_POINT('',(10.2,20.4));
#5093 = VECTOR('',#5094,1.);
#5094 = DIRECTION('',(1.,0.));
#5095 = ( GEOMETRIC_REPRESENTATION_CONTEXT(2) 
PARAMETRIC_REPRESENTATION_CONTEXT() REPRESENTATION_CONTEXT('2D SPACE',''
  ) );
#5096 = ORIENTED_EDGE('',*,*,#5051,.T.);
#5097 = ORIENTED_EDGE('',*,*,#4439,.F.);
#5098 = ORIENTED_EDGE('',*,*,#5099,.F.);
#5099 = EDGE_CURVE('',#5076,#4414,#5100,.T.);
#5100 = SURFACE_CURVE('',#5101,(#5105,#5112),.PCURVE_S1.);
#5101 = LINE('',#5102,#5103);
#5102 = CARTESIAN_POINT('',(-20.4,20.4,3.1999998));
#5103 = VECTOR('',#5104,1.);
#5104 = DIRECTION('',(0.,0.,1.));
#5105 = PCURVE('',#4452,#5106);
#5106 = DEFINITIONAL_REPRESENTATION('',(#5107),#5111);
#5107 = LINE('',#5108,#5109);
#5108 = CARTESIAN_POINT('',(40.8,0.));
#5109 = VECTOR('',#5110,1.);
#5110 = DIRECTION('',(0.,-1.));
#5111 = ( GEOMETRIC_REPRESENTATION_CONTEXT(2) 
PARAMETRIC_REPRESENTATION_CONTEXT() REPRESENTATION_CONTEXT('2D SPACE',''
  ) );
#5112 = PCURVE('',#4428,#5113);
#5113 = DEFINITIONAL_REPRESENTATION('',(#5114),#5118);
#5114 = LINE('',#5115,#5116);
#5115 = CARTESIAN_POINT('',(0.,0.));
#5116 = VECTOR('',#5117,1.);
#5117 = DIRECTION('',(0.,-1.));
#5118 = ( GEOMETRIC_REPRESENTATION_CONTEXT(2) 
PARAMETRIC_REPRESENTATION_CONTEXT() REPRESENTATION_CONTEXT('2D SPACE',''
  ) );
#5119 = ADVANCED_FACE('',(#5120),#4402,.T.);
#5120 = FACE_BOUND('',#5121,.T.);
#5121 = EDGE_LOOP('',(#5122,#5144,#5165,#5166));
#5122 = ORIENTED_EDGE('',*,*,#5123,.T.);
#5123 = EDGE_CURVE('',#5003,#5124,#5126,.T.);
#5124 = VERTEX_POINT('',#5125);
#5125 = CARTESIAN_POINT('',(-20.4,-20.4,28.));
#5126 = SURFACE_CURVE('',#5127,(#5131,#5137),.PCURVE_S1.);
#5127 = LINE('',#5128,#5129);
#5128 = CARTESIAN_POINT('',(-10.2,-20.4,28.));
#5129 = VECTOR('',#5130,1.);
#5130 = DIRECTION('',(-1.,0.,0.));
#5131 = PCURVE('',#4402,#5132);
#5132 = DEFINITIONAL_REPRESENTATION('',(#5133),#5136);
#5133 = B_SPLINE_CURVE_WITH_KNOTS('',1,(#5134,#5135),.UNSPECIFIED.,.F.,
  .F.,(2,2),(-30.6,10.2),.PIECEWISE_BEZIER_KNOTS.);
#5134 = CARTESIAN_POINT('',(40.8,-24.8000002));
#5135 = CARTESIAN_POINT('',(0.,-24.8000002));
#5136 = ( GEOMETRIC_REPRESENTATION_CONTEXT(2) 
PARAMETRIC_REPRESENTATION_CONTEXT() REPRESENTATION_CONTEXT('2D SPACE',''
  ) );
#5137 = PCURVE('',#5017,#5138);
#5138 = DEFINITIONAL_REPRESENTATION('',(#5139),#5143);
#5139 = LINE('',#5140,#5141);
#5140 = CARTESIAN_POINT('',(-10.2,-20.4));
#5141 = VECTOR('',#5142,1.);
#5142 = DIRECTION('',(-1.,0.));
#5143 = ( GEOMETRIC_REPRESENTATION_CONTEXT(2) 
PARAMETRIC_REPRESENTATION_CONTEXT() REPRESENTATION_CONTEXT('2D SPACE',''
  ) );
#5144 = ORIENTED_EDGE('',*,*,#5145,.T.);
#5145 = EDGE_CURVE('',#5124,#4388,#5146,.T.);
#5146 = SURFACE_CURVE('',#5147,(#5151,#5158),.PCURVE_S1.);
#5147 = LINE('',#5148,#5149);
#5148 = CARTESIAN_POINT('',(-20.4,-20.4,3.1999998));
#5149 = VECTOR('',#5150,1.);
#5150 = DIRECTION('',(0.,0.,1.));
#5151 = PCURVE('',#4402,#5152);
#5152 = DEFINITIONAL_REPRESENTATION('',(#5153),#5157);
#5153 = LINE('',#5154,#5155);
#5154 = CARTESIAN_POINT('',(0.,0.));
#5155 = VECTOR('',#5156,1.);
#5156 = DIRECTION('',(0.,-1.));
#5157 = ( GEOMETRIC_REPRESENTATION_CONTEXT(2) 
PARAMETRIC_REPRESENTATION_CONTEXT() REPRESENTATION_CONTEXT('2D SPACE',''
  ) );
#5158 = PCURVE('',#4428,#5159);
#5159 = DEFINITIONAL_REPRESENTATION('',(#5160),#5164);
#5160 = LINE('',#5161,#5162);
#5161 = CARTESIAN_POINT('',(40.8,0.));
#5162 = VECTOR('',#5163,1.);
#5163 = DIRECTION('',(0.,-1.));
#5164 = ( GEOMETRIC_REPRESENTATION_CONTEXT(2) 
PARAMETRIC_REPRESENTATION_CONTEXT() REPRESENTATION_CONTEXT('2D SPACE',''
  ) );
#5165 = ORIENTED_EDGE('',*,*,#4387,.F.);
#5166 = ORIENTED_EDGE('',*,*,#5029,.F.);
#5167 = ADVANCED_FACE('',(#5168),#4428,.T.);
#5168 = FACE_BOUND('',#5169,.T.);
#5169 = EDGE_LOOP('',(#5170,#5190,#5191,#5192));
#5170 = ORIENTED_EDGE('',*,*,#5171,.T.);
#5171 = EDGE_CURVE('',#5124,#5076,#5172,.T.);
#5172 = SURFACE_CURVE('',#5173,(#5177,#5183),.PCURVE_S1.);
#5173 = LINE('',#5174,#5175);
#5174 = CARTESIAN_POINT('',(-20.4,10.2,28.));
#5175 = VECTOR('',#5176,1.);
#5176 = DIRECTION('',(0.,1.,0.));
#5177 = PCURVE('',#4428,#5178);
#5178 = DEFINITIONAL_REPRESENTATION('',(#5179),#5182);
#5179 = B_SPLINE_CURVE_WITH_KNOTS('',1,(#5180,#5181),.UNSPECIFIED.,.F.,
  .F.,(2,2),(-30.6,10.2),.PIECEWISE_BEZIER_KNOTS.);
#5180 = CARTESIAN_POINT('',(40.8,-24.8000002));
#5181 = CARTESIAN_POINT('',(0.,-24.8000002));
#5182 = ( GEOMETRIC_REPRESENTATION_CONTEXT(2) 
PARAMETRIC_REPRESENTATION_CONTEXT() REPRESENTATION_CONTEXT('2D SPACE',''
  ) );
#5183 = PCURVE('',#5017,#5184);
#5184 = DEFINITIONAL_REPRESENTATION('',(#5185),#5189);
#5185 = LINE('',#5186,#5187);
#5186 = CARTESIAN_POINT('',(-20.4,10.2));
#5187 = VECTOR('',#5188,1.);
#5188 = DIRECTION('',(0.,1.));
#5189 = ( GEOMETRIC_REPRESENTATION_CONTEXT(2) 
PARAMETRIC_REPRESENTATION_CONTEXT() REPRESENTATION_CONTEXT('2D SPACE',''
  ) );
#5190 = ORIENTED_EDGE('',*,*,#5099,.T.);
#5191 = ORIENTED_EDGE('',*,*,#4413,.F.);
#5192 = ORIENTED_EDGE('',*,*,#5145,.F.);
#5193 = ADVANCED_FACE('',(#5194),#4493,.F.);
#5194 = FACE_BOUND('',#5195,.T.);
#5195 = EDGE_LOOP('',(#5196,#5225,#5246,#5247));
#5196 = ORIENTED_EDGE('',*,*,#5197,.F.);
#5197 = EDGE_CURVE('',#5198,#5198,#5200,.T.);
#5198 = VERTEX_POINT('',#5199);
#5199 = CARTESIAN_POINT('',(29.15,-29.5,16.));
#5200 = SURFACE_CURVE('',#5201,(#5206,#5213),.PCURVE_S1.);
#5201 = CIRCLE('',#5202,1.25);
#5202 = AXIS2_PLACEMENT_3D('',#5203,#5204,#5205);
#5203 = CARTESIAN_POINT('',(27.9,-29.5,16.));
#5204 = DIRECTION('',(0.,0.,1.));
#5205 = DIRECTION('',(1.,0.,0.));
#5206 = PCURVE('',#4493,#5207);
#5207 = DEFINITIONAL_REPRESENTATION('',(#5208),#5212);
#5208 = LINE('',#5209,#5210);
#5209 = CARTESIAN_POINT('',(-0.,0.));
#5210 = VECTOR('',#5211,1.);
#5211 = DIRECTION('',(-1.,0.));
#5212 = ( GEOMETRIC_REPRESENTATION_CONTEXT(2) 
PARAMETRIC_REPRESENTATION_CONTEXT() REPRESENTATION_CONTEXT('2D SPACE',''
  ) );
#5213 = PCURVE('',#5214,#5219);
#5214 = PLANE('',#5215);
#5215 = AXIS2_PLACEMENT_3D('',#5216,#5217,#5218);
#5216 = CARTESIAN_POINT('',(27.9,-29.5,16.));
#5217 = DIRECTION('',(0.,0.,1.));
#5218 = DIRECTION('',(1.,0.,-0.));
#5219 = DEFINITIONAL_REPRESENTATION('',(#5220),#5224);
#5220 = CIRCLE('',#5221,1.25);
#5221 = AXIS2_PLACEMENT_2D('',#5222,#5223);
#5222 = CARTESIAN_POINT('',(0.,0.));
#5223 = DIRECTION('',(1.,0.));
#5224 = ( GEOMETRIC_REPRESENTATION_CONTEXT(2) 
PARAMETRIC_REPRESENTATION_CONTEXT() REPRESENTATION_CONTEXT('2D SPACE',''
  ) );
#5225 = ORIENTED_EDGE('',*,*,#5226,.T.);
#5226 = EDGE_CURVE('',#5198,#4473,#5227,.T.);
#5227 = SEAM_CURVE('',#5228,(#5232,#5239),.PCURVE_S1.);
#5228 = LINE('',#5229,#5230);
#5229 = CARTESIAN_POINT('',(29.15,-29.5,16.));
#5230 = VECTOR('',#5231,1.);
#5231 = DIRECTION('',(0.,0.,1.));
#5232 = PCURVE('',#4493,#5233);
#5233 = DEFINITIONAL_REPRESENTATION('',(#5234),#5238);
#5234 = LINE('',#5235,#5236);
#5235 = CARTESIAN_POINT('',(-6.28318530718,0.));
#5236 = VECTOR('',#5237,1.);
#5237 = DIRECTION('',(-0.,-1.));
#5238 = ( GEOMETRIC_REPRESENTATION_CONTEXT(2) 
PARAMETRIC_REPRESENTATION_CONTEXT() REPRESENTATION_CONTEXT('2D SPACE',''
  ) );
#5239 = PCURVE('',#4493,#5240);
#5240 = DEFINITIONAL_REPRESENTATION('',(#5241),#5245);
#5241 = LINE('',#5242,#5243);
#5242 = CARTESIAN_POINT('',(-0.,0.));
#5243 = VECTOR('',#5244,1.);
#5244 = DIRECTION('',(-0.,-1.));
#5245 = ( GEOMETRIC_REPRESENTATION_CONTEXT(2) 
PARAMETRIC_REPRESENTATION_CONTEXT() REPRESENTATION_CONTEXT('2D SPACE',''
  ) );
#5246 = ORIENTED_EDGE('',*,*,#4472,.F.);
#5247 = ORIENTED_EDGE('',*,*,#5226,.F.);
#5248 = ADVANCED_FACE('',(#5249),#4528,.F.);
#5249 = FACE_BOUND('',#5250,.T.);
#5250 = EDGE_LOOP('',(#5251,#5280,#5301,#5302));
#5251 = ORIENTED_EDGE('',*,*,#5252,.F.);
#5252 = EDGE_CURVE('',#5253,#5253,#5255,.T.);
#5253 = VERTEX_POINT('',#5254);
#5254 = CARTESIAN_POINT('',(88.15,-29.5,16.));
#5255 = SURFACE_CURVE('',#5256,(#5261,#5268),.PCURVE_S1.);
#5256 = CIRCLE('',#5257,1.25);
#5257 = AXIS2_PLACEMENT_3D('',#5258,#5259,#5260);
#5258 = CARTESIAN_POINT('',(86.9,-29.5,16.));
#5259 = DIRECTION('',(0.,0.,1.));
#5260 = DIRECTION('',(1.,0.,0.));
#5261 = PCURVE('',#4528,#5262);
#5262 = DEFINITIONAL_REPRESENTATION('',(#5263),#5267);
#5263 = LINE('',#5264,#5265);
#5264 = CARTESIAN_POINT('',(-0.,0.));
#5265 = VECTOR('',#5266,1.);
#5266 = DIRECTION('',(-1.,0.));
#5267 = ( GEOMETRIC_REPRESENTATION_CONTEXT(2) 
PARAMETRIC_REPRESENTATION_CONTEXT() REPRESENTATION_CONTEXT('2D SPACE',''
  ) );
#5268 = PCURVE('',#5269,#5274);
#5269 = PLANE('',#5270);
#5270 = AXIS2_PLACEMENT_3D('',#5271,#5272,#5273);
#5271 = CARTESIAN_POINT('',(86.9,-29.5,16.));
#5272 = DIRECTION('',(0.,0.,1.));
#5273 = DIRECTION('',(1.,0.,-0.));
#5274 = DEFINITIONAL_REPRESENTATION('',(#5275),#5279);
#5275 = CIRCLE('',#5276,1.25);
#5276 = AXIS2_PLACEMENT_2D('',#5277,#5278);
#5277 = CARTESIAN_POINT('',(0.,0.));
#5278 = DIRECTION('',(1.,0.));
#5279 = ( GEOMETRIC_REPRESENTATION_CONTEXT(2) 
PARAMETRIC_REPRESENTATION_CONTEXT() REPRESENTATION_CONTEXT('2D SPACE',''
  ) );
#5280 = ORIENTED_EDGE('',*,*,#5281,.T.);
#5281 = EDGE_CURVE('',#5253,#4508,#5282,.T.);
#5282 = SEAM_CURVE('',#5283,(#5287,#5294),.PCURVE_S1.);
#5283 = LINE('',#5284,#5285);
#5284 = CARTESIAN_POINT('',(88.15,-29.5,16.));
#5285 = VECTOR('',#5286,1.);
#5286 = DIRECTION('',(0.,0.,1.));
#5287 = PCURVE('',#4528,#5288);
#5288 = DEFINITIONAL_REPRESENTATION('',(#5289),#5293);
#5289 = LINE('',#5290,#5291);
#5290 = CARTESIAN_POINT('',(-6.28318530718,0.));
#5291 = VECTOR('',#5292,1.);
#5292 = DIRECTION('',(-0.,-1.));
#5293 = ( GEOMETRIC_REPRESENTATION_CONTEXT(2) 
PARAMETRIC_REPRESENTATION_CONTEXT() REPRESENTATION_CONTEXT('2D SPACE',''
  ) );
#5294 = PCURVE('',#4528,#5295);
#5295 = DEFINITIONAL_REPRESENTATION('',(#5296),#5300);
#5296 = LINE('',#5297,#5298);
#5297 = CARTESIAN_POINT('',(-0.,0.));
#5298 = VECTOR('',#5299,1.);
#5299 = DIRECTION('',(-0.,-1.));
#5300 = ( GEOMETRIC_REPRESENTATION_CONTEXT(2) 
PARAMETRIC_REPRESENTATION_CONTEXT() REPRESENTATION_CONTEXT('2D SPACE',''
  ) );
#5301 = ORIENTED_EDGE('',*,*,#4507,.F.);
#5302 = ORIENTED_EDGE('',*,*,#5281,.F.);
#5303 = ADVANCED_FACE('',(#5304),#4563,.F.);
#5304 = FACE_BOUND('',#5305,.T.);
#5305 = EDGE_LOOP('',(#5306,#5335,#5356,#5357));
#5306 = ORIENTED_EDGE('',*,*,#5307,.F.);
#5307 = EDGE_CURVE('',#5308,#5308,#5310,.T.);
#5308 = VERTEX_POINT('',#5309);
#5309 = CARTESIAN_POINT('',(29.15,29.5,16.));
#5310 = SURFACE_CURVE('',#5311,(#5316,#5323),.PCURVE_S1.);
#5311 = CIRCLE('',#5312,1.25);
#5312 = AXIS2_PLACEMENT_3D('',#5313,#5314,#5315);
#5313 = CARTESIAN_POINT('',(27.9,29.5,16.));
#5314 = DIRECTION('',(0.,0.,1.));
#5315 = DIRECTION('',(1.,0.,0.));
#5316 = PCURVE('',#4563,#5317);
#5317 = DEFINITIONAL_REPRESENTATION('',(#5318),#5322);
#5318 = LINE('',#5319,#5320);
#5319 = CARTESIAN_POINT('',(-0.,0.));
#5320 = VECTOR('',#5321,1.);
#5321 = DIRECTION('',(-1.,0.));
#5322 = ( GEOMETRIC_REPRESENTATION_CONTEXT(2) 
PARAMETRIC_REPRESENTATION_CONTEXT() REPRESENTATION_CONTEXT('2D SPACE',''
  ) );
#5323 = PCURVE('',#5324,#5329);
#5324 = PLANE('',#5325);
#5325 = AXIS2_PLACEMENT_3D('',#5326,#5327,#5328);
#5326 = CARTESIAN_POINT('',(27.9,29.5,16.));
#5327 = DIRECTION('',(0.,0.,1.));
#5328 = DIRECTION('',(1.,0.,-0.));
#5329 = DEFINITIONAL_REPRESENTATION('',(#5330),#5334);
#5330 = CIRCLE('',#5331,1.25);
#5331 = AXIS2_PLACEMENT_2D('',#5332,#5333);
#5332 = CARTESIAN_POINT('',(0.,0.));
#5333 = DIRECTION('',(1.,0.));
#5334 = ( GEOMETRIC_REPRESENTATION_CONTEXT(2) 
PARAMETRIC_REPRESENTATION_CONTEXT() REPRESENTATION_CONTEXT('2D SPACE',''
  ) );
#5335 = ORIENTED_EDGE('',*,*,#5336,.T.);
#5336 = EDGE_CURVE('',#5308,#4543,#5337,.T.);
#5337 = SEAM_CURVE('',#5338,(#5342,#5349),.PCURVE_S1.);
#5338 = LINE('',#5339,#5340);
#5339 = CARTESIAN_POINT('',(29.15,29.5,16.));
#5340 = VECTOR('',#5341,1.);
#5341 = DIRECTION('',(0.,0.,1.));
#5342 = PCURVE('',#4563,#5343);
#5343 = DEFINITIONAL_REPRESENTATION('',(#5344),#5348);
#5344 = LINE('',#5345,#5346);
#5345 = CARTESIAN_POINT('',(-6.28318530718,0.));
#5346 = VECTOR('',#5347,1.);
#5347 = DIRECTION('',(-0.,-1.));
#5348 = ( GEOMETRIC_REPRESENTATION_CONTEXT(2) 
PARAMETRIC_REPRESENTATION_CONTEXT() REPRESENTATION_CONTEXT('2D SPACE',''
  ) );
#5349 = PCURVE('',#4563,#5350);
#5350 = DEFINITIONAL_REPRESENTATION('',(#5351),#5355);
#5351 = LINE('',#5352,#5353);
#5352 = CARTESIAN_POINT('',(-0.,0.));
#5353 = VECTOR('',#5354,1.);
#5354 = DIRECTION('',(-0.,-1.));
#5355 = ( GEOMETRIC_REPRESENTATION_CONTEXT(2) 
PARAMETRIC_REPRESENTATION_CONTEXT() REPRESENTATION_CONTEXT('2D SPACE',''
  ) );
#5356 = ORIENTED_EDGE('',*,*,#4542,.F.);
#5357 = ORIENTED_EDGE('',*,*,#5336,.F.);
#5358 = ADVANCED_FACE('',(#5359),#4594,.T.);
#5359 = FACE_BOUND('',#5360,.T.);
#5360 = EDGE_LOOP('',(#5361,#5386,#5407,#5408));
#5361 = ORIENTED_EDGE('',*,*,#5362,.F.);
#5362 = EDGE_CURVE('',#5363,#5365,#5367,.T.);
#5363 = VERTEX_POINT('',#5364);
#5364 = CARTESIAN_POINT('',(82.9,-25.5,4.));
#5365 = VERTEX_POINT('',#5366);
#5366 = CARTESIAN_POINT('',(82.9,25.5,4.));
#5367 = SURFACE_CURVE('',#5368,(#5372,#5379),.PCURVE_S1.);
#5368 = LINE('',#5369,#5370);
#5369 = CARTESIAN_POINT('',(82.9,-25.5,4.));
#5370 = VECTOR('',#5371,1.);
#5371 = DIRECTION('',(0.,1.,0.));
#5372 = PCURVE('',#4594,#5373);
#5373 = DEFINITIONAL_REPRESENTATION('',(#5374),#5378);
#5374 = LINE('',#5375,#5376);
#5375 = CARTESIAN_POINT('',(0.,0.));
#5376 = VECTOR('',#5377,1.);
#5377 = DIRECTION('',(1.,0.));
#5378 = ( GEOMETRIC_REPRESENTATION_CONTEXT(2) 
PARAMETRIC_REPRESENTATION_CONTEXT() REPRESENTATION_CONTEXT('2D SPACE',''
  ) );
#5379 = PCURVE('',#4732,#5380);
#5380 = DEFINITIONAL_REPRESENTATION('',(#5381),#5385);
#5381 = LINE('',#5382,#5383);
#5382 = CARTESIAN_POINT('',(25.5,-25.5));
#5383 = VECTOR('',#5384,1.);
#5384 = DIRECTION('',(0.,1.));
#5385 = ( GEOMETRIC_REPRESENTATION_CONTEXT(2) 
PARAMETRIC_REPRESENTATION_CONTEXT() REPRESENTATION_CONTEXT('2D SPACE',''
  ) );
#5386 = ORIENTED_EDGE('',*,*,#5387,.T.);
#5387 = EDGE_CURVE('',#5363,#4578,#5388,.T.);
#5388 = SURFACE_CURVE('',#5389,(#5393,#5400),.PCURVE_S1.);
#5389 = LINE('',#5390,#5391);
#5390 = CARTESIAN_POINT('',(82.9,-25.5,4.));
#5391 = VECTOR('',#5392,1.);
#5392 = DIRECTION('',(0.,0.,1.));
#5393 = PCURVE('',#4594,#5394);
#5394 = DEFINITIONAL_REPRESENTATION('',(#5395),#5399);
#5395 = LINE('',#5396,#5397);
#5396 = CARTESIAN_POINT('',(0.,0.));
#5397 = VECTOR('',#5398,1.);
#5398 = DIRECTION('',(0.,-1.));
#5399 = ( GEOMETRIC_REPRESENTATION_CONTEXT(2) 
PARAMETRIC_REPRESENTATION_CONTEXT() REPRESENTATION_CONTEXT('2D SPACE',''
  ) );
#5400 = PCURVE('',#4620,#5401);
#5401 = DEFINITIONAL_REPRESENTATION('',(#5402),#5406);
#5402 = LINE('',#5403,#5404);
#5403 = CARTESIAN_POINT('',(51.,0.));
#5404 = VECTOR('',#5405,1.);
#5405 = DIRECTION('',(0.,-1.));
#5406 = ( GEOMETRIC_REPRESENTATION_CONTEXT(2) 
PARAMETRIC_REPRESENTATION_CONTEXT() REPRESENTATION_CONTEXT('2D SPACE',''
  ) );
#5407 = ORIENTED_EDGE('',*,*,#4577,.T.);
#5408 = ORIENTED_EDGE('',*,*,#5409,.F.);
#5409 = EDGE_CURVE('',#5365,#4580,#5410,.T.);
#5410 = SURFACE_CURVE('',#5411,(#5415,#5422),.PCURVE_S1.);
#5411 = LINE('',#5412,#5413);
#5412 = CARTESIAN_POINT('',(82.9,25.5,4.));
#5413 = VECTOR('',#5414,1.);
#5414 = DIRECTION('',(0.,0.,1.));
#5415 = PCURVE('',#4594,#5416);
#5416 = DEFINITIONAL_REPRESENTATION('',(#5417),#5421);
#5417 = LINE('',#5418,#5419);
#5418 = CARTESIAN_POINT('',(51.,0.));
#5419 = VECTOR('',#5420,1.);
#5420 = DIRECTION('',(0.,-1.));
#5421 = ( GEOMETRIC_REPRESENTATION_CONTEXT(2) 
PARAMETRIC_REPRESENTATION_CONTEXT() REPRESENTATION_CONTEXT('2D SPACE',''
  ) );
#5422 = PCURVE('',#4665,#5423);
#5423 = DEFINITIONAL_REPRESENTATION('',(#5424),#5428);
#5424 = LINE('',#5425,#5426);
#5425 = CARTESIAN_POINT('',(0.,-0.));
#5426 = VECTOR('',#5427,1.);
#5427 = DIRECTION('',(0.,-1.));
#5428 = ( GEOMETRIC_REPRESENTATION_CONTEXT(2) 
PARAMETRIC_REPRESENTATION_CONTEXT() REPRESENTATION_CONTEXT('2D SPACE',''
  ) );
#5429 = ADVANCED_FACE('',(#5430),#4620,.T.);
#5430 = FACE_BOUND('',#5431,.T.);
#5431 = EDGE_LOOP('',(#5432,#5453,#5454,#5455));
#5432 = ORIENTED_EDGE('',*,*,#5433,.F.);
#5433 = EDGE_CURVE('',#4717,#5363,#5434,.T.);
#5434 = SURFACE_CURVE('',#5435,(#5439,#5446),.PCURVE_S1.);
#5435 = LINE('',#5436,#5437);
#5436 = CARTESIAN_POINT('',(31.9,-25.5,4.));
#5437 = VECTOR('',#5438,1.);
#5438 = DIRECTION('',(1.,0.,0.));
#5439 = PCURVE('',#4620,#5440);
#5440 = DEFINITIONAL_REPRESENTATION('',(#5441),#5445);
#5441 = LINE('',#5442,#5443);
#5442 = CARTESIAN_POINT('',(0.,0.));
#5443 = VECTOR('',#5444,1.);
#5444 = DIRECTION('',(1.,0.));
#5445 = ( GEOMETRIC_REPRESENTATION_CONTEXT(2) 
PARAMETRIC_REPRESENTATION_CONTEXT() REPRESENTATION_CONTEXT('2D SPACE',''
  ) );
#5446 = PCURVE('',#4732,#5447);
#5447 = DEFINITIONAL_REPRESENTATION('',(#5448),#5452);
#5448 = LINE('',#5449,#5450);
#5449 = CARTESIAN_POINT('',(-25.5,-25.5));
#5450 = VECTOR('',#5451,1.);
#5451 = DIRECTION('',(1.,0.));
#5452 = ( GEOMETRIC_REPRESENTATION_CONTEXT(2) 
PARAMETRIC_REPRESENTATION_CONTEXT() REPRESENTATION_CONTEXT('2D SPACE',''
  ) );
#5453 = ORIENTED_EDGE('',*,*,#4766,.T.);
#5454 = ORIENTED_EDGE('',*,*,#4605,.T.);
#5455 = ORIENTED_EDGE('',*,*,#5387,.F.);
#5456 = ADVANCED_FACE('',(#5457),#4665,.T.);
#5457 = FACE_BOUND('',#5458,.T.);
#5458 = EDGE_LOOP('',(#5459,#5480,#5481,#5482));
#5459 = ORIENTED_EDGE('',*,*,#5460,.F.);
#5460 = EDGE_CURVE('',#5365,#4715,#5461,.T.);
#5461 = SURFACE_CURVE('',#5462,(#5466,#5473),.PCURVE_S1.);
#5462 = LINE('',#5463,#5464);
#5463 = CARTESIAN_POINT('',(82.9,25.5,4.));
#5464 = VECTOR('',#5465,1.);
#5465 = DIRECTION('',(-1.,0.,0.));
#5466 = PCURVE('',#4665,#5467);
#5467 = DEFINITIONAL_REPRESENTATION('',(#5468),#5472);
#5468 = LINE('',#5469,#5470);
#5469 = CARTESIAN_POINT('',(0.,-0.));
#5470 = VECTOR('',#5471,1.);
#5471 = DIRECTION('',(1.,0.));
#5472 = ( GEOMETRIC_REPRESENTATION_CONTEXT(2) 
PARAMETRIC_REPRESENTATION_CONTEXT() REPRESENTATION_CONTEXT('2D SPACE',''
  ) );
#5473 = PCURVE('',#4732,#5474);
#5474 = DEFINITIONAL_REPRESENTATION('',(#5475),#5479);
#5475 = LINE('',#5476,#5477);
#5476 = CARTESIAN_POINT('',(25.5,25.5));
#5477 = VECTOR('',#5478,1.);
#5478 = DIRECTION('',(-1.,0.));
#5479 = ( GEOMETRIC_REPRESENTATION_CONTEXT(2) 
PARAMETRIC_REPRESENTATION_CONTEXT() REPRESENTATION_CONTEXT('2D SPACE',''
  ) );
#5480 = ORIENTED_EDGE('',*,*,#5409,.T.);
#5481 = ORIENTED_EDGE('',*,*,#4652,.T.);
#5482 = ORIENTED_EDGE('',*,*,#4744,.F.);
#5483 = ADVANCED_FACE('',(#5484),#4699,.F.);
#5484 = FACE_BOUND('',#5485,.T.);
#5485 = EDGE_LOOP('',(#5486,#5515,#5536,#5537));
#5486 = ORIENTED_EDGE('',*,*,#5487,.F.);
#5487 = EDGE_CURVE('',#5488,#5488,#5490,.T.);
#5488 = VERTEX_POINT('',#5489);
#5489 = CARTESIAN_POINT('',(88.15,29.5,16.));
#5490 = SURFACE_CURVE('',#5491,(#5496,#5503),.PCURVE_S1.);
#5491 = CIRCLE('',#5492,1.25);
#5492 = AXIS2_PLACEMENT_3D('',#5493,#5494,#5495);
#5493 = CARTESIAN_POINT('',(86.9,29.5,16.));
#5494 = DIRECTION('',(0.,0.,1.));
#5495 = DIRECTION('',(1.,0.,0.));
#5496 = PCURVE('',#4699,#5497);
#5497 = DEFINITIONAL_REPRESENTATION('',(#5498),#5502);
#5498 = LINE('',#5499,#5500);
#5499 = CARTESIAN_POINT('',(-0.,0.));
#5500 = VECTOR('',#5501,1.);
#5501 = DIRECTION('',(-1.,0.));
#5502 = ( GEOMETRIC_REPRESENTATION_CONTEXT(2) 
PARAMETRIC_REPRESENTATION_CONTEXT() REPRESENTATION_CONTEXT('2D SPACE',''
  ) );
#5503 = PCURVE('',#5504,#5509);
#5504 = PLANE('',#5505);
#5505 = AXIS2_PLACEMENT_3D('',#5506,#5507,#5508);
#5506 = CARTESIAN_POINT('',(86.9,29.5,16.));
#5507 = DIRECTION('',(0.,0.,1.));
#5508 = DIRECTION('',(1.,0.,-0.));
#5509 = DEFINITIONAL_REPRESENTATION('',(#5510),#5514);
#5510 = CIRCLE('',#5511,1.25);
#5511 = AXIS2_PLACEMENT_2D('',#5512,#5513);
#5512 = CARTESIAN_POINT('',(0.,0.));
#5513 = DIRECTION('',(1.,0.));
#5514 = ( GEOMETRIC_REPRESENTATION_CONTEXT(2) 
PARAMETRIC_REPRESENTATION_CONTEXT() REPRESENTATION_CONTEXT('2D SPACE',''
  ) );
#5515 = ORIENTED_EDGE('',*,*,#5516,.T.);
#5516 = EDGE_CURVE('',#5488,#4679,#5517,.T.);
#5517 = SEAM_CURVE('',#5518,(#5522,#5529),.PCURVE_S1.);
#5518 = LINE('',#5519,#5520);
#5519 = CARTESIAN_POINT('',(88.15,29.5,16.));
#5520 = VECTOR('',#5521,1.);
#5521 = DIRECTION('',(0.,0.,1.));
#5522 = PCURVE('',#4699,#5523);
#5523 = DEFINITIONAL_REPRESENTATION('',(#5524),#5528);
#5524 = LINE('',#5525,#5526);
#5525 = CARTESIAN_POINT('',(-6.28318530718,0.));
#5526 = VECTOR('',#5527,1.);
#5527 = DIRECTION('',(-0.,-1.));
#5528 = ( GEOMETRIC_REPRESENTATION_CONTEXT(2) 
PARAMETRIC_REPRESENTATION_CONTEXT() REPRESENTATION_CONTEXT('2D SPACE',''
  ) );
#5529 = PCURVE('',#4699,#5530);
#5530 = DEFINITIONAL_REPRESENTATION('',(#5531),#5535);
#5531 = LINE('',#5532,#5533);
#5532 = CARTESIAN_POINT('',(-0.,0.));
#5533 = VECTOR('',#5534,1.);
#5534 = DIRECTION('',(-0.,-1.));
#5535 = ( GEOMETRIC_REPRESENTATION_CONTEXT(2) 
PARAMETRIC_REPRESENTATION_CONTEXT() REPRESENTATION_CONTEXT('2D SPACE',''
  ) );
#5536 = ORIENTED_EDGE('',*,*,#4678,.F.);
#5537 = ORIENTED_EDGE('',*,*,#5516,.F.);
#5538 = ADVANCED_FACE('',(#5539,#5545),#4732,.T.);
#5539 = FACE_BOUND('',#5540,.T.);
#5540 = EDGE_LOOP('',(#5541,#5542,#5543,#5544));
#5541 = ORIENTED_EDGE('',*,*,#5433,.T.);
#5542 = ORIENTED_EDGE('',*,*,#5362,.T.);
#5543 = ORIENTED_EDGE('',*,*,#5460,.T.);
#5544 = ORIENTED_EDGE('',*,*,#4714,.T.);
#5545 = FACE_BOUND('',#5546,.T.);
#5546 = EDGE_LOOP('',(#5547,#5575,#5601,#5627,#5653,#5679,#5705));
#5547 = ORIENTED_EDGE('',*,*,#5548,.F.);
#5548 = EDGE_CURVE('',#5549,#5551,#5553,.T.);
#5549 = VERTEX_POINT('',#5550);
#5550 = CARTESIAN_POINT('',(64.4,4.,4.));
#5551 = VERTEX_POINT('',#5552);
#5552 = CARTESIAN_POINT('',(57.4,12.,4.));
#5553 = SURFACE_CURVE('',#5554,(#5558,#5564),.PCURVE_S1.);
#5554 = LINE('',#5555,#5556);
#5555 = CARTESIAN_POINT('',(60.373451327434,8.601769911504,4.));
#5556 = VECTOR('',#5557,1.);
#5557 = DIRECTION('',(-0.658504607869,0.752576694707,0.));
#5558 = PCURVE('',#4732,#5559);
#5559 = DEFINITIONAL_REPRESENTATION('',(#5560),#5563);
#5560 = B_SPLINE_CURVE_WITH_KNOTS('',1,(#5561,#5562),.UNSPECIFIED.,.F.,
  .F.,(2,2),(-6.114685644493,4.515460168241),.PIECEWISE_BEZIER_KNOTS.);
#5561 = CARTESIAN_POINT('',(7.,4.));
#5562 = CARTESIAN_POINT('',(-2.30926389122E-14,12.));
#5563 = ( GEOMETRIC_REPRESENTATION_CONTEXT(2) 
PARAMETRIC_REPRESENTATION_CONTEXT() REPRESENTATION_CONTEXT('2D SPACE',''
  ) );
#5564 = PCURVE('',#5565,#5570);
#5565 = PLANE('',#5566);
#5566 = AXIS2_PLACEMENT_3D('',#5567,#5568,#5569);
#5567 = CARTESIAN_POINT('',(57.4,12.,3.4));
#5568 = DIRECTION('',(0.752576694707,0.658504607869,-0.));
#5569 = DIRECTION('',(0.658504607869,-0.752576694707,0.));
#5570 = DEFINITIONAL_REPRESENTATION('',(#5571),#5574);
#5571 = B_SPLINE_CURVE_WITH_KNOTS('',1,(#5572,#5573),.UNSPECIFIED.,.F.,
  .F.,(2,2),(-6.114685644493,4.515460168241),.PIECEWISE_BEZIER_KNOTS.);
#5572 = CARTESIAN_POINT('',(10.630145812735,-0.6));
#5573 = CARTESIAN_POINT('',(0.,-0.6));
#5574 = ( GEOMETRIC_REPRESENTATION_CONTEXT(2) 
PARAMETRIC_REPRESENTATION_CONTEXT() REPRESENTATION_CONTEXT('2D SPACE',''
  ) );
#5575 = ORIENTED_EDGE('',*,*,#5576,.F.);
#5576 = EDGE_CURVE('',#5577,#5549,#5579,.T.);
#5577 = VERTEX_POINT('',#5578);
#5578 = CARTESIAN_POINT('',(59.9,4.,4.));
#5579 = SURFACE_CURVE('',#5580,(#5584,#5590),.PCURVE_S1.);
#5580 = LINE('',#5581,#5582);
#5581 = CARTESIAN_POINT('',(60.9,4.,4.));
#5582 = VECTOR('',#5583,1.);
#5583 = DIRECTION('',(1.,0.,-0.));
#5584 = PCURVE('',#4732,#5585);
#5585 = DEFINITIONAL_REPRESENTATION('',(#5586),#5589);
#5586 = B_SPLINE_CURVE_WITH_KNOTS('',1,(#5587,#5588),.UNSPECIFIED.,.F.,
  .F.,(2,2),(-1.,3.5),.PIECEWISE_BEZIER_KNOTS.);
#5587 = CARTESIAN_POINT('',(2.5,4.));
#5588 = CARTESIAN_POINT('',(7.,4.));
#5589 = ( GEOMETRIC_REPRESENTATION_CONTEXT(2) 
PARAMETRIC_REPRESENTATION_CONTEXT() REPRESENTATION_CONTEXT('2D SPACE',''
  ) );
#5590 = PCURVE('',#5591,#5596);
#5591 = PLANE('',#5592);
#5592 = AXIS2_PLACEMENT_3D('',#5593,#5594,#5595);
#5593 = CARTESIAN_POINT('',(64.4,4.,3.4));
#5594 = DIRECTION('',(0.,-1.,0.));
#5595 = DIRECTION('',(-1.,0.,0.));
#5596 = DEFINITIONAL_REPRESENTATION('',(#5597),#5600);
#5597 = B_SPLINE_CURVE_WITH_KNOTS('',1,(#5598,#5599),.UNSPECIFIED.,.F.,
  .F.,(2,2),(-1.,3.5),.PIECEWISE_BEZIER_KNOTS.);
#5598 = CARTESIAN_POINT('',(4.5,-0.6));
#5599 = CARTESIAN_POINT('',(0.,-0.6));
#5600 = ( GEOMETRIC_REPRESENTATION_CONTEXT(2) 
PARAMETRIC_REPRESENTATION_CONTEXT() REPRESENTATION_CONTEXT('2D SPACE',''
  ) );
#5601 = ORIENTED_EDGE('',*,*,#5602,.F.);
#5602 = EDGE_CURVE('',#5603,#5577,#5605,.T.);
#5603 = VERTEX_POINT('',#5604);
#5604 = CARTESIAN_POINT('',(59.9,-12.,4.));
#5605 = SURFACE_CURVE('',#5606,(#5610,#5616),.PCURVE_S1.);
#5606 = LINE('',#5607,#5608);
#5607 = CARTESIAN_POINT('',(59.9,2.,4.));
#5608 = VECTOR('',#5609,1.);
#5609 = DIRECTION('',(-0.,1.,0.));
#5610 = PCURVE('',#4732,#5611);
#5611 = DEFINITIONAL_REPRESENTATION('',(#5612),#5615);
#5612 = B_SPLINE_CURVE_WITH_KNOTS('',1,(#5613,#5614),.UNSPECIFIED.,.F.,
  .F.,(2,2),(-14.,2.),.PIECEWISE_BEZIER_KNOTS.);
#5613 = CARTESIAN_POINT('',(2.5,-12.));
#5614 = CARTESIAN_POINT('',(2.5,4.));
#5615 = ( GEOMETRIC_REPRESENTATION_CONTEXT(2) 
PARAMETRIC_REPRESENTATION_CONTEXT() REPRESENTATION_CONTEXT('2D SPACE',''
  ) );
#5616 = PCURVE('',#5617,#5622);
#5617 = PLANE('',#5618);
#5618 = AXIS2_PLACEMENT_3D('',#5619,#5620,#5621);
#5619 = CARTESIAN_POINT('',(59.9,4.,3.4));
#5620 = DIRECTION('',(1.,0.,-0.));
#5621 = DIRECTION('',(0.,-1.,0.));
#5622 = DEFINITIONAL_REPRESENTATION('',(#5623),#5626);
#5623 = B_SPLINE_CURVE_WITH_KNOTS('',1,(#5624,#5625),.UNSPECIFIED.,.F.,
  .F.,(2,2),(-14.,2.),.PIECEWISE_BEZIER_KNOTS.);
#5624 = CARTESIAN_POINT('',(16.,-0.6));
#5625 = CARTESIAN_POINT('',(0.,-0.6));
#5626 = ( GEOMETRIC_REPRESENTATION_CONTEXT(2) 
PARAMETRIC_REPRESENTATION_CONTEXT() REPRESENTATION_CONTEXT('2D SPACE',''
  ) );
#5627 = ORIENTED_EDGE('',*,*,#5628,.F.);
#5628 = EDGE_CURVE('',#5629,#5603,#5631,.T.);
#5629 = VERTEX_POINT('',#5630);
#5630 = CARTESIAN_POINT('',(54.9,-12.,4.));
#5631 = SURFACE_CURVE('',#5632,(#5636,#5642),.PCURVE_S1.);
#5632 = LINE('',#5633,#5634);
#5633 = CARTESIAN_POINT('',(58.65,-12.,4.));
#5634 = VECTOR('',#5635,1.);
#5635 = DIRECTION('',(1.,0.,-0.));
#5636 = PCURVE('',#4732,#5637);
#5637 = DEFINITIONAL_REPRESENTATION('',(#5638),#5641);
#5638 = B_SPLINE_CURVE_WITH_KNOTS('',1,(#5639,#5640),.UNSPECIFIED.,.F.,
  .F.,(2,2),(-3.75,1.25),.PIECEWISE_BEZIER_KNOTS.);
#5639 = CARTESIAN_POINT('',(-2.5,-12.));
#5640 = CARTESIAN_POINT('',(2.5,-12.));
#5641 = ( GEOMETRIC_REPRESENTATION_CONTEXT(2) 
PARAMETRIC_REPRESENTATION_CONTEXT() REPRESENTATION_CONTEXT('2D SPACE',''
  ) );
#5642 = PCURVE('',#5643,#5648);
#5643 = PLANE('',#5644);
#5644 = AXIS2_PLACEMENT_3D('',#5645,#5646,#5647);
#5645 = CARTESIAN_POINT('',(59.9,-12.,3.4));
#5646 = DIRECTION('',(0.,-1.,0.));
#5647 = DIRECTION('',(-1.,0.,0.));
#5648 = DEFINITIONAL_REPRESENTATION('',(#5649),#5652);
#5649 = B_SPLINE_CURVE_WITH_KNOTS('',1,(#5650,#5651),.UNSPECIFIED.,.F.,
  .F.,(2,2),(-3.75,1.25),.PIECEWISE_BEZIER_KNOTS.);
#5650 = CARTESIAN_POINT('',(5.,-0.6));
#5651 = CARTESIAN_POINT('',(0.,-0.6));
#5652 = ( GEOMETRIC_REPRESENTATION_CONTEXT(2) 
PARAMETRIC_REPRESENTATION_CONTEXT() REPRESENTATION_CONTEXT('2D SPACE',''
  ) );
#5653 = ORIENTED_EDGE('',*,*,#5654,.F.);
#5654 = EDGE_CURVE('',#5655,#5629,#5657,.T.);
#5655 = VERTEX_POINT('',#5656);
#5656 = CARTESIAN_POINT('',(54.9,4.,4.));
#5657 = SURFACE_CURVE('',#5658,(#5662,#5668),.PCURVE_S1.);
#5658 = LINE('',#5659,#5660);
#5659 = CARTESIAN_POINT('',(54.9,-6.,4.));
#5660 = VECTOR('',#5661,1.);
#5661 = DIRECTION('',(0.,-1.,0.));
#5662 = PCURVE('',#4732,#5663);
#5663 = DEFINITIONAL_REPRESENTATION('',(#5664),#5667);
#5664 = B_SPLINE_CURVE_WITH_KNOTS('',1,(#5665,#5666),.UNSPECIFIED.,.F.,
  .F.,(2,2),(-10.,6.),.PIECEWISE_BEZIER_KNOTS.);
#5665 = CARTESIAN_POINT('',(-2.5,4.));
#5666 = CARTESIAN_POINT('',(-2.5,-12.));
#5667 = ( GEOMETRIC_REPRESENTATION_CONTEXT(2) 
PARAMETRIC_REPRESENTATION_CONTEXT() REPRESENTATION_CONTEXT('2D SPACE',''
  ) );
#5668 = PCURVE('',#5669,#5674);
#5669 = PLANE('',#5670);
#5670 = AXIS2_PLACEMENT_3D('',#5671,#5672,#5673);
#5671 = CARTESIAN_POINT('',(54.9,-12.,3.4));
#5672 = DIRECTION('',(-1.,0.,0.));
#5673 = DIRECTION('',(0.,1.,0.));
#5674 = DEFINITIONAL_REPRESENTATION('',(#5675),#5678);
#5675 = B_SPLINE_CURVE_WITH_KNOTS('',1,(#5676,#5677),.UNSPECIFIED.,.F.,
  .F.,(2,2),(-10.,6.),.PIECEWISE_BEZIER_KNOTS.);
#5676 = CARTESIAN_POINT('',(16.,-0.6));
#5677 = CARTESIAN_POINT('',(0.,-0.6));
#5678 = ( GEOMETRIC_REPRESENTATION_CONTEXT(2) 
PARAMETRIC_REPRESENTATION_CONTEXT() REPRESENTATION_CONTEXT('2D SPACE',''
  ) );
#5679 = ORIENTED_EDGE('',*,*,#5680,.F.);
#5680 = EDGE_CURVE('',#5681,#5655,#5683,.T.);
#5681 = VERTEX_POINT('',#5682);
#5682 = CARTESIAN_POINT('',(50.4,4.,4.));
#5683 = SURFACE_CURVE('',#5684,(#5688,#5694),.PCURVE_S1.);
#5684 = LINE('',#5685,#5686);
#5685 = CARTESIAN_POINT('',(56.15,4.,4.));
#5686 = VECTOR('',#5687,1.);
#5687 = DIRECTION('',(1.,0.,-0.));
#5688 = PCURVE('',#4732,#5689);
#5689 = DEFINITIONAL_REPRESENTATION('',(#5690),#5693);
#5690 = B_SPLINE_CURVE_WITH_KNOTS('',1,(#5691,#5692),.UNSPECIFIED.,.F.,
  .F.,(2,2),(-5.75,-1.25),.PIECEWISE_BEZIER_KNOTS.);
#5691 = CARTESIAN_POINT('',(-7.,4.));
#5692 = CARTESIAN_POINT('',(-2.5,4.));
#5693 = ( GEOMETRIC_REPRESENTATION_CONTEXT(2) 
PARAMETRIC_REPRESENTATION_CONTEXT() REPRESENTATION_CONTEXT('2D SPACE',''
  ) );
#5694 = PCURVE('',#5695,#5700);
#5695 = PLANE('',#5696);
#5696 = AXIS2_PLACEMENT_3D('',#5697,#5698,#5699);
#5697 = CARTESIAN_POINT('',(54.9,4.,3.4));
#5698 = DIRECTION('',(0.,-1.,0.));
#5699 = DIRECTION('',(-1.,0.,0.));
#5700 = DEFINITIONAL_REPRESENTATION('',(#5701),#5704);
#5701 = B_SPLINE_CURVE_WITH_KNOTS('',1,(#5702,#5703),.UNSPECIFIED.,.F.,
  .F.,(2,2),(-5.75,-1.25),.PIECEWISE_BEZIER_KNOTS.);
#5702 = CARTESIAN_POINT('',(4.5,-0.6));
#5703 = CARTESIAN_POINT('',(0.,-0.6));
#5704 = ( GEOMETRIC_REPRESENTATION_CONTEXT(2) 
PARAMETRIC_REPRESENTATION_CONTEXT() REPRESENTATION_CONTEXT('2D SPACE',''
  ) );
#5705 = ORIENTED_EDGE('',*,*,#5706,.F.);
#5706 = EDGE_CURVE('',#5551,#5681,#5707,.T.);
#5707 = SURFACE_CURVE('',#5708,(#5712,#5718),.PCURVE_S1.);
#5708 = LINE('',#5709,#5710);
#5709 = CARTESIAN_POINT('',(50.926548672566,4.601769911504,4.));
#5710 = VECTOR('',#5711,1.);
#5711 = DIRECTION('',(-0.658504607869,-0.752576694707,0.));
#5712 = PCURVE('',#4732,#5713);
#5713 = DEFINITIONAL_REPRESENTATION('',(#5714),#5717);
#5714 = B_SPLINE_CURVE_WITH_KNOTS('',1,(#5715,#5716),.UNSPECIFIED.,.F.,
  .F.,(2,2),(-9.830533074609,0.799612738126),.PIECEWISE_BEZIER_KNOTS.);
#5715 = CARTESIAN_POINT('',(-2.04281036531E-14,12.));
#5716 = CARTESIAN_POINT('',(-7.,4.));
#5717 = ( GEOMETRIC_REPRESENTATION_CONTEXT(2) 
PARAMETRIC_REPRESENTATION_CONTEXT() REPRESENTATION_CONTEXT('2D SPACE',''
  ) );
#5718 = PCURVE('',#5719,#5724);
#5719 = PLANE('',#5720);
#5720 = AXIS2_PLACEMENT_3D('',#5721,#5722,#5723);
#5721 = CARTESIAN_POINT('',(50.4,4.,3.4));
#5722 = DIRECTION('',(-0.752576694707,0.658504607869,0.));
#5723 = DIRECTION('',(0.658504607869,0.752576694707,0.));
#5724 = DEFINITIONAL_REPRESENTATION('',(#5725),#5728);
#5725 = B_SPLINE_CURVE_WITH_KNOTS('',1,(#5726,#5727),.UNSPECIFIED.,.F.,
  .F.,(2,2),(-9.830533074609,0.799612738126),.PIECEWISE_BEZIER_KNOTS.);
#5726 = CARTESIAN_POINT('',(10.630145812735,-0.6));
#5727 = CARTESIAN_POINT('',(0.,-0.6));
#5728 = ( GEOMETRIC_REPRESENTATION_CONTEXT(2) 
PARAMETRIC_REPRESENTATION_CONTEXT() REPRESENTATION_CONTEXT('2D SPACE',''
  ) );
#5729 = ADVANCED_FACE('',(#5730,#5844),#4854,.T.);
#5730 = FACE_BOUND('',#5731,.T.);
#5731 = EDGE_LOOP('',(#5732,#5762,#5790,#5818));
#5732 = ORIENTED_EDGE('',*,*,#5733,.T.);
#5733 = EDGE_CURVE('',#5734,#5736,#5738,.T.);
#5734 = VERTEX_POINT('',#5735);
#5735 = CARTESIAN_POINT('',(-20.,-20.,32.));
#5736 = VERTEX_POINT('',#5737);
#5737 = CARTESIAN_POINT('',(20.,-20.,32.));
#5738 = SURFACE_CURVE('',#5739,(#5743,#5750),.PCURVE_S1.);
#5739 = LINE('',#5740,#5741);
#5740 = CARTESIAN_POINT('',(-20.,-20.,32.));
#5741 = VECTOR('',#5742,1.);
#5742 = DIRECTION('',(1.,0.,0.));
#5743 = PCURVE('',#4854,#5744);
#5744 = DEFINITIONAL_REPRESENTATION('',(#5745),#5749);
#5745 = LINE('',#5746,#5747);
#5746 = CARTESIAN_POINT('',(-20.,-20.));
#5747 = VECTOR('',#5748,1.);
#5748 = DIRECTION('',(1.,0.));
#5749 = ( GEOMETRIC_REPRESENTATION_CONTEXT(2) 
PARAMETRIC_REPRESENTATION_CONTEXT() REPRESENTATION_CONTEXT('2D SPACE',''
  ) );
#5750 = PCURVE('',#5751,#5756);
#5751 = PLANE('',#5752);
#5752 = AXIS2_PLACEMENT_3D('',#5753,#5754,#5755);
#5753 = CARTESIAN_POINT('',(-20.,-20.,28.));
#5754 = DIRECTION('',(0.,1.,0.));
#5755 = DIRECTION('',(1.,0.,0.));
#5756 = DEFINITIONAL_REPRESENTATION('',(#5757),#5761);
#5757 = LINE('',#5758,#5759);
#5758 = CARTESIAN_POINT('',(0.,-4.));
#5759 = VECTOR('',#5760,1.);
#5760 = DIRECTION('',(1.,0.));
#5761 = ( GEOMETRIC_REPRESENTATION_CONTEXT(2) 
PARAMETRIC_REPRESENTATION_CONTEXT() REPRESENTATION_CONTEXT('2D SPACE',''
  ) );
#5762 = ORIENTED_EDGE('',*,*,#5763,.T.);
#5763 = EDGE_CURVE('',#5736,#5764,#5766,.T.);
#5764 = VERTEX_POINT('',#5765);
#5765 = CARTESIAN_POINT('',(20.,20.,32.));
#5766 = SURFACE_CURVE('',#5767,(#5771,#5778),.PCURVE_S1.);
#5767 = LINE('',#5768,#5769);
#5768 = CARTESIAN_POINT('',(20.,-20.,32.));
#5769 = VECTOR('',#5770,1.);
#5770 = DIRECTION('',(0.,1.,0.));
#5771 = PCURVE('',#4854,#5772);
#5772 = DEFINITIONAL_REPRESENTATION('',(#5773),#5777);
#5773 = LINE('',#5774,#5775);
#5774 = CARTESIAN_POINT('',(20.,-20.));
#5775 = VECTOR('',#5776,1.);
#5776 = DIRECTION('',(0.,1.));
#5777 = ( GEOMETRIC_REPRESENTATION_CONTEXT(2) 
PARAMETRIC_REPRESENTATION_CONTEXT() REPRESENTATION_CONTEXT('2D SPACE',''
  ) );
#5778 = PCURVE('',#5779,#5784);
#5779 = PLANE('',#5780);
#5780 = AXIS2_PLACEMENT_3D('',#5781,#5782,#5783);
#5781 = CARTESIAN_POINT('',(20.,-20.,28.));
#5782 = DIRECTION('',(-1.,0.,0.));
#5783 = DIRECTION('',(0.,1.,0.));
#5784 = DEFINITIONAL_REPRESENTATION('',(#5785),#5789);
#5785 = LINE('',#5786,#5787);
#5786 = CARTESIAN_POINT('',(0.,-4.));
#5787 = VECTOR('',#5788,1.);
#5788 = DIRECTION('',(1.,0.));
#5789 = ( GEOMETRIC_REPRESENTATION_CONTEXT(2) 
PARAMETRIC_REPRESENTATION_CONTEXT() REPRESENTATION_CONTEXT('2D SPACE',''
  ) );
#5790 = ORIENTED_EDGE('',*,*,#5791,.T.);
#5791 = EDGE_CURVE('',#5764,#5792,#5794,.T.);
#5792 = VERTEX_POINT('',#5793);
#5793 = CARTESIAN_POINT('',(-20.,20.,32.));
#5794 = SURFACE_CURVE('',#5795,(#5799,#5806),.PCURVE_S1.);
#5795 = LINE('',#5796,#5797);
#5796 = CARTESIAN_POINT('',(20.,20.,32.));
#5797 = VECTOR('',#5798,1.);
#5798 = DIRECTION('',(-1.,0.,0.));
#5799 = PCURVE('',#4854,#5800);
#5800 = DEFINITIONAL_REPRESENTATION('',(#5801),#5805);
#5801 = LINE('',#5802,#5803);
#5802 = CARTESIAN_POINT('',(20.,20.));
#5803 = VECTOR('',#5804,1.);
#5804 = DIRECTION('',(-1.,0.));
#5805 = ( GEOMETRIC_REPRESENTATION_CONTEXT(2) 
PARAMETRIC_REPRESENTATION_CONTEXT() REPRESENTATION_CONTEXT('2D SPACE',''
  ) );
#5806 = PCURVE('',#5807,#5812);
#5807 = PLANE('',#5808);
#5808 = AXIS2_PLACEMENT_3D('',#5809,#5810,#5811);
#5809 = CARTESIAN_POINT('',(20.,20.,28.));
#5810 = DIRECTION('',(0.,-1.,0.));
#5811 = DIRECTION('',(-1.,0.,0.));
#5812 = DEFINITIONAL_REPRESENTATION('',(#5813),#5817);
#5813 = LINE('',#5814,#5815);
#5814 = CARTESIAN_POINT('',(0.,-4.));
#5815 = VECTOR('',#5816,1.);
#5816 = DIRECTION('',(1.,0.));
#5817 = ( GEOMETRIC_REPRESENTATION_CONTEXT(2) 
PARAMETRIC_REPRESENTATION_CONTEXT() REPRESENTATION_CONTEXT('2D SPACE',''
  ) );
#5818 = ORIENTED_EDGE('',*,*,#5819,.T.);
#5819 = EDGE_CURVE('',#5792,#5734,#5820,.T.);
#5820 = SURFACE_CURVE('',#5821,(#5825,#5832),.PCURVE_S1.);
#5821 = LINE('',#5822,#5823);
#5822 = CARTESIAN_POINT('',(-20.,20.,32.));
#5823 = VECTOR('',#5824,1.);
#5824 = DIRECTION('',(0.,-1.,0.));
#5825 = PCURVE('',#4854,#5826);
#5826 = DEFINITIONAL_REPRESENTATION('',(#5827),#5831);
#5827 = LINE('',#5828,#5829);
#5828 = CARTESIAN_POINT('',(-20.,20.));
#5829 = VECTOR('',#5830,1.);
#5830 = DIRECTION('',(0.,-1.));
#5831 = ( GEOMETRIC_REPRESENTATION_CONTEXT(2) 
PARAMETRIC_REPRESENTATION_CONTEXT() REPRESENTATION_CONTEXT('2D SPACE',''
  ) );
#5832 = PCURVE('',#5833,#5838);
#5833 = PLANE('',#5834);
#5834 = AXIS2_PLACEMENT_3D('',#5835,#5836,#5837);
#5835 = CARTESIAN_POINT('',(-20.,20.,28.));
#5836 = DIRECTION('',(1.,0.,-0.));
#5837 = DIRECTION('',(0.,-1.,0.));
#5838 = DEFINITIONAL_REPRESENTATION('',(#5839),#5843);
#5839 = LINE('',#5840,#5841);
#5840 = CARTESIAN_POINT('',(0.,-4.));
#5841 = VECTOR('',#5842,1.);
#5842 = DIRECTION('',(1.,0.));
#5843 = ( GEOMETRIC_REPRESENTATION_CONTEXT(2) 
PARAMETRIC_REPRESENTATION_CONTEXT() REPRESENTATION_CONTEXT('2D SPACE',''
  ) );
#5844 = FACE_BOUND('',#5845,.T.);
#5845 = EDGE_LOOP('',(#5846,#5847,#5848,#5849));
#5846 = ORIENTED_EDGE('',*,*,#4897,.F.);
#5847 = ORIENTED_EDGE('',*,*,#4946,.F.);
#5848 = ORIENTED_EDGE('',*,*,#4976,.F.);
#5849 = ORIENTED_EDGE('',*,*,#4840,.F.);
#5850 = ADVANCED_FACE('',(#5851,#5857),#5017,.T.);
#5851 = FACE_BOUND('',#5852,.T.);
#5852 = EDGE_LOOP('',(#5853,#5854,#5855,#5856));
#5853 = ORIENTED_EDGE('',*,*,#5000,.F.);
#5854 = ORIENTED_EDGE('',*,*,#5075,.F.);
#5855 = ORIENTED_EDGE('',*,*,#5171,.F.);
#5856 = ORIENTED_EDGE('',*,*,#5123,.F.);
#5857 = FACE_BOUND('',#5858,.T.);
#5858 = EDGE_LOOP('',(#5859,#5884,#5907,#5930));
#5859 = ORIENTED_EDGE('',*,*,#5860,.F.);
#5860 = EDGE_CURVE('',#5861,#5863,#5865,.T.);
#5861 = VERTEX_POINT('',#5862);
#5862 = CARTESIAN_POINT('',(-20.,-20.,28.));
#5863 = VERTEX_POINT('',#5864);
#5864 = CARTESIAN_POINT('',(20.,-20.,28.));
#5865 = SURFACE_CURVE('',#5866,(#5870,#5877),.PCURVE_S1.);
#5866 = LINE('',#5867,#5868);
#5867 = CARTESIAN_POINT('',(-20.,-20.,28.));
#5868 = VECTOR('',#5869,1.);
#5869 = DIRECTION('',(1.,0.,0.));
#5870 = PCURVE('',#5017,#5871);
#5871 = DEFINITIONAL_REPRESENTATION('',(#5872),#5876);
#5872 = LINE('',#5873,#5874);
#5873 = CARTESIAN_POINT('',(-20.,-20.));
#5874 = VECTOR('',#5875,1.);
#5875 = DIRECTION('',(1.,0.));
#5876 = ( GEOMETRIC_REPRESENTATION_CONTEXT(2) 
PARAMETRIC_REPRESENTATION_CONTEXT() REPRESENTATION_CONTEXT('2D SPACE',''
  ) );
#5877 = PCURVE('',#5751,#5878);
#5878 = DEFINITIONAL_REPRESENTATION('',(#5879),#5883);
#5879 = LINE('',#5880,#5881);
#5880 = CARTESIAN_POINT('',(0.,0.));
#5881 = VECTOR('',#5882,1.);
#5882 = DIRECTION('',(1.,0.));
#5883 = ( GEOMETRIC_REPRESENTATION_CONTEXT(2) 
PARAMETRIC_REPRESENTATION_CONTEXT() REPRESENTATION_CONTEXT('2D SPACE',''
  ) );
#5884 = ORIENTED_EDGE('',*,*,#5885,.F.);
#5885 = EDGE_CURVE('',#5886,#5861,#5888,.T.);
#5886 = VERTEX_POINT('',#5887);
#5887 = CARTESIAN_POINT('',(-20.,20.,28.));
#5888 = SURFACE_CURVE('',#5889,(#5893,#5900),.PCURVE_S1.);
#5889 = LINE('',#5890,#5891);
#5890 = CARTESIAN_POINT('',(-20.,20.,28.));
#5891 = VECTOR('',#5892,1.);
#5892 = DIRECTION('',(0.,-1.,0.));
#5893 = PCURVE('',#5017,#5894);
#5894 = DEFINITIONAL_REPRESENTATION('',(#5895),#5899);
#5895 = LINE('',#5896,#5897);
#5896 = CARTESIAN_POINT('',(-20.,20.));
#5897 = VECTOR('',#5898,1.);
#5898 = DIRECTION('',(0.,-1.));
#5899 = ( GEOMETRIC_REPRESENTATION_CONTEXT(2) 
PARAMETRIC_REPRESENTATION_CONTEXT() REPRESENTATION_CONTEXT('2D SPACE',''
  ) );
#5900 = PCURVE('',#5833,#5901);
#5901 = DEFINITIONAL_REPRESENTATION('',(#5902),#5906);
#5902 = LINE('',#5903,#5904);
#5903 = CARTESIAN_POINT('',(0.,0.));
#5904 = VECTOR('',#5905,1.);
#5905 = DIRECTION('',(1.,0.));
#5906 = ( GEOMETRIC_REPRESENTATION_CONTEXT(2) 
PARAMETRIC_REPRESENTATION_CONTEXT() REPRESENTATION_CONTEXT('2D SPACE',''
  ) );
#5907 = ORIENTED_EDGE('',*,*,#5908,.F.);
#5908 = EDGE_CURVE('',#5909,#5886,#5911,.T.);
#5909 = VERTEX_POINT('',#5910);
#5910 = CARTESIAN_POINT('',(20.,20.,28.));
#5911 = SURFACE_CURVE('',#5912,(#5916,#5923),.PCURVE_S1.);
#5912 = LINE('',#5913,#5914);
#5913 = CARTESIAN_POINT('',(20.,20.,28.));
#5914 = VECTOR('',#5915,1.);
#5915 = DIRECTION('',(-1.,0.,0.));
#5916 = PCURVE('',#5017,#5917);
#5917 = DEFINITIONAL_REPRESENTATION('',(#5918),#5922);
#5918 = LINE('',#5919,#5920);
#5919 = CARTESIAN_POINT('',(20.,20.));
#5920 = VECTOR('',#5921,1.);
#5921 = DIRECTION('',(-1.,0.));
#5922 = ( GEOMETRIC_REPRESENTATION_CONTEXT(2) 
PARAMETRIC_REPRESENTATION_CONTEXT() REPRESENTATION_CONTEXT('2D SPACE',''
  ) );
#5923 = PCURVE('',#5807,#5924);
#5924 = DEFINITIONAL_REPRESENTATION('',(#5925),#5929);
#5925 = LINE('',#5926,#5927);
#5926 = CARTESIAN_POINT('',(0.,-0.));
#5927 = VECTOR('',#5928,1.);
#5928 = DIRECTION('',(1.,0.));
#5929 = ( GEOMETRIC_REPRESENTATION_CONTEXT(2) 
PARAMETRIC_REPRESENTATION_CONTEXT() REPRESENTATION_CONTEXT('2D SPACE',''
  ) );
#5930 = ORIENTED_EDGE('',*,*,#5931,.F.);
#5931 = EDGE_CURVE('',#5863,#5909,#5932,.T.);
#5932 = SURFACE_CURVE('',#5933,(#5937,#5944),.PCURVE_S1.);
#5933 = LINE('',#5934,#5935);
#5934 = CARTESIAN_POINT('',(20.,-20.,28.));
#5935 = VECTOR('',#5936,1.);
#5936 = DIRECTION('',(0.,1.,0.));
#5937 = PCURVE('',#5017,#5938);
#5938 = DEFINITIONAL_REPRESENTATION('',(#5939),#5943);
#5939 = LINE('',#5940,#5941);
#5940 = CARTESIAN_POINT('',(20.,-20.));
#5941 = VECTOR('',#5942,1.);
#5942 = DIRECTION('',(0.,1.));
#5943 = ( GEOMETRIC_REPRESENTATION_CONTEXT(2) 
PARAMETRIC_REPRESENTATION_CONTEXT() REPRESENTATION_CONTEXT('2D SPACE',''
  ) );
#5944 = PCURVE('',#5779,#5945);
#5945 = DEFINITIONAL_REPRESENTATION('',(#5946),#5950);
#5946 = LINE('',#5947,#5948);
#5947 = CARTESIAN_POINT('',(0.,0.));
#5948 = VECTOR('',#5949,1.);
#5949 = DIRECTION('',(1.,0.));
#5950 = ( GEOMETRIC_REPRESENTATION_CONTEXT(2) 
PARAMETRIC_REPRESENTATION_CONTEXT() REPRESENTATION_CONTEXT('2D SPACE',''
  ) );
#5951 = ADVANCED_FACE('',(#5952),#5214,.T.);
#5952 = FACE_BOUND('',#5953,.T.);
#5953 = EDGE_LOOP('',(#5954));
#5954 = ORIENTED_EDGE('',*,*,#5197,.T.);
#5955 = ADVANCED_FACE('',(#5956),#5269,.T.);
#5956 = FACE_BOUND('',#5957,.T.);
#5957 = EDGE_LOOP('',(#5958));
#5958 = ORIENTED_EDGE('',*,*,#5252,.T.);
#5959 = ADVANCED_FACE('',(#5960),#5324,.T.);
#5960 = FACE_BOUND('',#5961,.T.);
#5961 = EDGE_LOOP('',(#5962));
#5962 = ORIENTED_EDGE('',*,*,#5307,.T.);
#5963 = ADVANCED_FACE('',(#5964),#5504,.T.);
#5964 = FACE_BOUND('',#5965,.T.);
#5965 = EDGE_LOOP('',(#5966));
#5966 = ORIENTED_EDGE('',*,*,#5487,.T.);
#5967 = ADVANCED_FACE('',(#5968),#5565,.F.);
#5968 = FACE_BOUND('',#5969,.F.);
#5969 = EDGE_LOOP('',(#5970,#6000,#6021,#6022));
#5970 = ORIENTED_EDGE('',*,*,#5971,.F.);
#5971 = EDGE_CURVE('',#5972,#5974,#5976,.T.);
#5972 = VERTEX_POINT('',#5973);
#5973 = CARTESIAN_POINT('',(57.4,12.,3.4));
#5974 = VERTEX_POINT('',#5975);
#5975 = CARTESIAN_POINT('',(64.4,4.,3.4));
#5976 = SURFACE_CURVE('',#5977,(#5981,#5988),.PCURVE_S1.);
#5977 = LINE('',#5978,#5979);
#5978 = CARTESIAN_POINT('',(57.4,12.,3.4));
#5979 = VECTOR('',#5980,1.);
#5980 = DIRECTION('',(0.658504607869,-0.752576694707,0.));
#5981 = PCURVE('',#5565,#5982);
#5982 = DEFINITIONAL_REPRESENTATION('',(#5983),#5987);
#5983 = LINE('',#5984,#5985);
#5984 = CARTESIAN_POINT('',(0.,0.));
#5985 = VECTOR('',#5986,1.);
#5986 = DIRECTION('',(1.,0.));
#5987 = ( GEOMETRIC_REPRESENTATION_CONTEXT(2) 
PARAMETRIC_REPRESENTATION_CONTEXT() REPRESENTATION_CONTEXT('2D SPACE',''
  ) );
#5988 = PCURVE('',#5989,#5994);
#5989 = PLANE('',#5990);
#5990 = AXIS2_PLACEMENT_3D('',#5991,#5992,#5993);
#5991 = CARTESIAN_POINT('',(57.4,0.268841132959,3.4));
#5992 = DIRECTION('',(-0.,-0.,-1.));
#5993 = DIRECTION('',(-1.,0.,0.));
#5994 = DEFINITIONAL_REPRESENTATION('',(#5995),#5999);
#5995 = LINE('',#5996,#5997);
#5996 = CARTESIAN_POINT('',(7.105427357601E-15,11.731158867041));
#5997 = VECTOR('',#5998,1.);
#5998 = DIRECTION('',(-0.658504607869,-0.752576694707));
#5999 = ( GEOMETRIC_REPRESENTATION_CONTEXT(2) 
PARAMETRIC_REPRESENTATION_CONTEXT() REPRESENTATION_CONTEXT('2D SPACE',''
  ) );
#6000 = ORIENTED_EDGE('',*,*,#6001,.T.);
#6001 = EDGE_CURVE('',#5972,#5551,#6002,.T.);
#6002 = SURFACE_CURVE('',#6003,(#6007,#6014),.PCURVE_S1.);
#6003 = LINE('',#6004,#6005);
#6004 = CARTESIAN_POINT('',(57.4,12.,3.4));
#6005 = VECTOR('',#6006,1.);
#6006 = DIRECTION('',(0.,0.,1.));
#6007 = PCURVE('',#5565,#6008);
#6008 = DEFINITIONAL_REPRESENTATION('',(#6009),#6013);
#6009 = LINE('',#6010,#6011);
#6010 = CARTESIAN_POINT('',(0.,0.));
#6011 = VECTOR('',#6012,1.);
#6012 = DIRECTION('',(0.,-1.));
#6013 = ( GEOMETRIC_REPRESENTATION_CONTEXT(2) 
PARAMETRIC_REPRESENTATION_CONTEXT() REPRESENTATION_CONTEXT('2D SPACE',''
  ) );
#6014 = PCURVE('',#5719,#6015);
#6015 = DEFINITIONAL_REPRESENTATION('',(#6016),#6020);
#6016 = LINE('',#6017,#6018);
#6017 = CARTESIAN_POINT('',(10.630145812735,0.));
#6018 = VECTOR('',#6019,1.);
#6019 = DIRECTION('',(0.,-1.));
#6020 = ( GEOMETRIC_REPRESENTATION_CONTEXT(2) 
PARAMETRIC_REPRESENTATION_CONTEXT() REPRESENTATION_CONTEXT('2D SPACE',''
  ) );
#6021 = ORIENTED_EDGE('',*,*,#5548,.F.);
#6022 = ORIENTED_EDGE('',*,*,#6023,.F.);
#6023 = EDGE_CURVE('',#5974,#5549,#6024,.T.);
#6024 = SURFACE_CURVE('',#6025,(#6029,#6036),.PCURVE_S1.);
#6025 = LINE('',#6026,#6027);
#6026 = CARTESIAN_POINT('',(64.4,4.,3.4));
#6027 = VECTOR('',#6028,1.);
#6028 = DIRECTION('',(0.,0.,1.));
#6029 = PCURVE('',#5565,#6030);
#6030 = DEFINITIONAL_REPRESENTATION('',(#6031),#6035);
#6031 = LINE('',#6032,#6033);
#6032 = CARTESIAN_POINT('',(10.630145812735,0.));
#6033 = VECTOR('',#6034,1.);
#6034 = DIRECTION('',(0.,-1.));
#6035 = ( GEOMETRIC_REPRESENTATION_CONTEXT(2) 
PARAMETRIC_REPRESENTATION_CONTEXT() REPRESENTATION_CONTEXT('2D SPACE',''
  ) );
#6036 = PCURVE('',#5591,#6037);
#6037 = DEFINITIONAL_REPRESENTATION('',(#6038),#6042);
#6038 = LINE('',#6039,#6040);
#6039 = CARTESIAN_POINT('',(0.,-0.));
#6040 = VECTOR('',#6041,1.);
#6041 = DIRECTION('',(0.,-1.));
#6042 = ( GEOMETRIC_REPRESENTATION_CONTEXT(2) 
PARAMETRIC_REPRESENTATION_CONTEXT() REPRESENTATION_CONTEXT('2D SPACE',''
  ) );
#6043 = ADVANCED_FACE('',(#6044),#5719,.F.);
#6044 = FACE_BOUND('',#6045,.F.);
#6045 = EDGE_LOOP('',(#6046,#6069,#6090,#6091));
#6046 = ORIENTED_EDGE('',*,*,#6047,.F.);
#6047 = EDGE_CURVE('',#6048,#5972,#6050,.T.);
#6048 = VERTEX_POINT('',#6049);
#6049 = CARTESIAN_POINT('',(50.4,4.,3.4));
#6050 = SURFACE_CURVE('',#6051,(#6055,#6062),.PCURVE_S1.);
#6051 = LINE('',#6052,#6053);
#6052 = CARTESIAN_POINT('',(50.4,4.,3.4));
#6053 = VECTOR('',#6054,1.);
#6054 = DIRECTION('',(0.658504607869,0.752576694707,0.));
#6055 = PCURVE('',#5719,#6056);
#6056 = DEFINITIONAL_REPRESENTATION('',(#6057),#6061);
#6057 = LINE('',#6058,#6059);
#6058 = CARTESIAN_POINT('',(0.,0.));
#6059 = VECTOR('',#6060,1.);
#6060 = DIRECTION('',(1.,0.));
#6061 = ( GEOMETRIC_REPRESENTATION_CONTEXT(2) 
PARAMETRIC_REPRESENTATION_CONTEXT() REPRESENTATION_CONTEXT('2D SPACE',''
  ) );
#6062 = PCURVE('',#5989,#6063);
#6063 = DEFINITIONAL_REPRESENTATION('',(#6064),#6068);
#6064 = LINE('',#6065,#6066);
#6065 = CARTESIAN_POINT('',(7.,3.731158867041));
#6066 = VECTOR('',#6067,1.);
#6067 = DIRECTION('',(-0.658504607869,0.752576694707));
#6068 = ( GEOMETRIC_REPRESENTATION_CONTEXT(2) 
PARAMETRIC_REPRESENTATION_CONTEXT() REPRESENTATION_CONTEXT('2D SPACE',''
  ) );
#6069 = ORIENTED_EDGE('',*,*,#6070,.T.);
#6070 = EDGE_CURVE('',#6048,#5681,#6071,.T.);
#6071 = SURFACE_CURVE('',#6072,(#6076,#6083),.PCURVE_S1.);
#6072 = LINE('',#6073,#6074);
#6073 = CARTESIAN_POINT('',(50.4,4.,3.4));
#6074 = VECTOR('',#6075,1.);
#6075 = DIRECTION('',(0.,0.,1.));
#6076 = PCURVE('',#5719,#6077);
#6077 = DEFINITIONAL_REPRESENTATION('',(#6078),#6082);
#6078 = LINE('',#6079,#6080);
#6079 = CARTESIAN_POINT('',(0.,0.));
#6080 = VECTOR('',#6081,1.);
#6081 = DIRECTION('',(0.,-1.));
#6082 = ( GEOMETRIC_REPRESENTATION_CONTEXT(2) 
PARAMETRIC_REPRESENTATION_CONTEXT() REPRESENTATION_CONTEXT('2D SPACE',''
  ) );
#6083 = PCURVE('',#5695,#6084);
#6084 = DEFINITIONAL_REPRESENTATION('',(#6085),#6089);
#6085 = LINE('',#6086,#6087);
#6086 = CARTESIAN_POINT('',(4.5,0.));
#6087 = VECTOR('',#6088,1.);
#6088 = DIRECTION('',(0.,-1.));
#6089 = ( GEOMETRIC_REPRESENTATION_CONTEXT(2) 
PARAMETRIC_REPRESENTATION_CONTEXT() REPRESENTATION_CONTEXT('2D SPACE',''
  ) );
#6090 = ORIENTED_EDGE('',*,*,#5706,.F.);
#6091 = ORIENTED_EDGE('',*,*,#6001,.F.);
#6092 = ADVANCED_FACE('',(#6093),#5695,.F.);
#6093 = FACE_BOUND('',#6094,.F.);
#6094 = EDGE_LOOP('',(#6095,#6118,#6139,#6140));
#6095 = ORIENTED_EDGE('',*,*,#6096,.F.);
#6096 = EDGE_CURVE('',#6097,#6048,#6099,.T.);
#6097 = VERTEX_POINT('',#6098);
#6098 = CARTESIAN_POINT('',(54.9,4.,3.4));
#6099 = SURFACE_CURVE('',#6100,(#6104,#6111),.PCURVE_S1.);
#6100 = LINE('',#6101,#6102);
#6101 = CARTESIAN_POINT('',(54.9,4.,3.4));
#6102 = VECTOR('',#6103,1.);
#6103 = DIRECTION('',(-1.,0.,0.));
#6104 = PCURVE('',#5695,#6105);
#6105 = DEFINITIONAL_REPRESENTATION('',(#6106),#6110);
#6106 = LINE('',#6107,#6108);
#6107 = CARTESIAN_POINT('',(0.,-0.));
#6108 = VECTOR('',#6109,1.);
#6109 = DIRECTION('',(1.,0.));
#6110 = ( GEOMETRIC_REPRESENTATION_CONTEXT(2) 
PARAMETRIC_REPRESENTATION_CONTEXT() REPRESENTATION_CONTEXT('2D SPACE',''
  ) );
#6111 = PCURVE('',#5989,#6112);
#6112 = DEFINITIONAL_REPRESENTATION('',(#6113),#6117);
#6113 = LINE('',#6114,#6115);
#6114 = CARTESIAN_POINT('',(2.5,3.731158867041));
#6115 = VECTOR('',#6116,1.);
#6116 = DIRECTION('',(1.,0.));
#6117 = ( GEOMETRIC_REPRESENTATION_CONTEXT(2) 
PARAMETRIC_REPRESENTATION_CONTEXT() REPRESENTATION_CONTEXT('2D SPACE',''
  ) );
#6118 = ORIENTED_EDGE('',*,*,#6119,.T.);
#6119 = EDGE_CURVE('',#6097,#5655,#6120,.T.);
#6120 = SURFACE_CURVE('',#6121,(#6125,#6132),.PCURVE_S1.);
#6121 = LINE('',#6122,#6123);
#6122 = CARTESIAN_POINT('',(54.9,4.,3.4));
#6123 = VECTOR('',#6124,1.);
#6124 = DIRECTION('',(0.,0.,1.));
#6125 = PCURVE('',#5695,#6126);
#6126 = DEFINITIONAL_REPRESENTATION('',(#6127),#6131);
#6127 = LINE('',#6128,#6129);
#6128 = CARTESIAN_POINT('',(0.,-0.));
#6129 = VECTOR('',#6130,1.);
#6130 = DIRECTION('',(0.,-1.));
#6131 = ( GEOMETRIC_REPRESENTATION_CONTEXT(2) 
PARAMETRIC_REPRESENTATION_CONTEXT() REPRESENTATION_CONTEXT('2D SPACE',''
  ) );
#6132 = PCURVE('',#5669,#6133);
#6133 = DEFINITIONAL_REPRESENTATION('',(#6134),#6138);
#6134 = LINE('',#6135,#6136);
#6135 = CARTESIAN_POINT('',(16.,0.));
#6136 = VECTOR('',#6137,1.);
#6137 = DIRECTION('',(0.,-1.));
#6138 = ( GEOMETRIC_REPRESENTATION_CONTEXT(2) 
PARAMETRIC_REPRESENTATION_CONTEXT() REPRESENTATION_CONTEXT('2D SPACE',''
  ) );
#6139 = ORIENTED_EDGE('',*,*,#5680,.F.);
#6140 = ORIENTED_EDGE('',*,*,#6070,.F.);
#6141 = ADVANCED_FACE('',(#6142),#5669,.F.);
#6142 = FACE_BOUND('',#6143,.F.);
#6143 = EDGE_LOOP('',(#6144,#6167,#6188,#6189));
#6144 = ORIENTED_EDGE('',*,*,#6145,.F.);
#6145 = EDGE_CURVE('',#6146,#6097,#6148,.T.);
#6146 = VERTEX_POINT('',#6147);
#6147 = CARTESIAN_POINT('',(54.9,-12.,3.4));
#6148 = SURFACE_CURVE('',#6149,(#6153,#6160),.PCURVE_S1.);
#6149 = LINE('',#6150,#6151);
#6150 = CARTESIAN_POINT('',(54.9,-12.,3.4));
#6151 = VECTOR('',#6152,1.);
#6152 = DIRECTION('',(0.,1.,0.));
#6153 = PCURVE('',#5669,#6154);
#6154 = DEFINITIONAL_REPRESENTATION('',(#6155),#6159);
#6155 = LINE('',#6156,#6157);
#6156 = CARTESIAN_POINT('',(0.,0.));
#6157 = VECTOR('',#6158,1.);
#6158 = DIRECTION('',(1.,0.));
#6159 = ( GEOMETRIC_REPRESENTATION_CONTEXT(2) 
PARAMETRIC_REPRESENTATION_CONTEXT() REPRESENTATION_CONTEXT('2D SPACE',''
  ) );
#6160 = PCURVE('',#5989,#6161);
#6161 = DEFINITIONAL_REPRESENTATION('',(#6162),#6166);
#6162 = LINE('',#6163,#6164);
#6163 = CARTESIAN_POINT('',(2.5,-12.26884113295));
#6164 = VECTOR('',#6165,1.);
#6165 = DIRECTION('',(0.,1.));
#6166 = ( GEOMETRIC_REPRESENTATION_CONTEXT(2) 
PARAMETRIC_REPRESENTATION_CONTEXT() REPRESENTATION_CONTEXT('2D SPACE',''
  ) );
#6167 = ORIENTED_EDGE('',*,*,#6168,.T.);
#6168 = EDGE_CURVE('',#6146,#5629,#6169,.T.);
#6169 = SURFACE_CURVE('',#6170,(#6174,#6181),.PCURVE_S1.);
#6170 = LINE('',#6171,#6172);
#6171 = CARTESIAN_POINT('',(54.9,-12.,3.4));
#6172 = VECTOR('',#6173,1.);
#6173 = DIRECTION('',(0.,0.,1.));
#6174 = PCURVE('',#5669,#6175);
#6175 = DEFINITIONAL_REPRESENTATION('',(#6176),#6180);
#6176 = LINE('',#6177,#6178);
#6177 = CARTESIAN_POINT('',(0.,0.));
#6178 = VECTOR('',#6179,1.);
#6179 = DIRECTION('',(0.,-1.));
#6180 = ( GEOMETRIC_REPRESENTATION_CONTEXT(2) 
PARAMETRIC_REPRESENTATION_CONTEXT() REPRESENTATION_CONTEXT('2D SPACE',''
  ) );
#6181 = PCURVE('',#5643,#6182);
#6182 = DEFINITIONAL_REPRESENTATION('',(#6183),#6187);
#6183 = LINE('',#6184,#6185);
#6184 = CARTESIAN_POINT('',(5.,0.));
#6185 = VECTOR('',#6186,1.);
#6186 = DIRECTION('',(0.,-1.));
#6187 = ( GEOMETRIC_REPRESENTATION_CONTEXT(2) 
PARAMETRIC_REPRESENTATION_CONTEXT() REPRESENTATION_CONTEXT('2D SPACE',''
  ) );
#6188 = ORIENTED_EDGE('',*,*,#5654,.F.);
#6189 = ORIENTED_EDGE('',*,*,#6119,.F.);
#6190 = ADVANCED_FACE('',(#6191),#5643,.F.);
#6191 = FACE_BOUND('',#6192,.F.);
#6192 = EDGE_LOOP('',(#6193,#6216,#6237,#6238));
#6193 = ORIENTED_EDGE('',*,*,#6194,.F.);
#6194 = EDGE_CURVE('',#6195,#6146,#6197,.T.);
#6195 = VERTEX_POINT('',#6196);
#6196 = CARTESIAN_POINT('',(59.9,-12.,3.4));
#6197 = SURFACE_CURVE('',#6198,(#6202,#6209),.PCURVE_S1.);
#6198 = LINE('',#6199,#6200);
#6199 = CARTESIAN_POINT('',(59.9,-12.,3.4));
#6200 = VECTOR('',#6201,1.);
#6201 = DIRECTION('',(-1.,0.,0.));
#6202 = PCURVE('',#5643,#6203);
#6203 = DEFINITIONAL_REPRESENTATION('',(#6204),#6208);
#6204 = LINE('',#6205,#6206);
#6205 = CARTESIAN_POINT('',(0.,-0.));
#6206 = VECTOR('',#6207,1.);
#6207 = DIRECTION('',(1.,0.));
#6208 = ( GEOMETRIC_REPRESENTATION_CONTEXT(2) 
PARAMETRIC_REPRESENTATION_CONTEXT() REPRESENTATION_CONTEXT('2D SPACE',''
  ) );
#6209 = PCURVE('',#5989,#6210);
#6210 = DEFINITIONAL_REPRESENTATION('',(#6211),#6215);
#6211 = LINE('',#6212,#6213);
#6212 = CARTESIAN_POINT('',(-2.5,-12.26884113295));
#6213 = VECTOR('',#6214,1.);
#6214 = DIRECTION('',(1.,0.));
#6215 = ( GEOMETRIC_REPRESENTATION_CONTEXT(2) 
PARAMETRIC_REPRESENTATION_CONTEXT() REPRESENTATION_CONTEXT('2D SPACE',''
  ) );
#6216 = ORIENTED_EDGE('',*,*,#6217,.T.);
#6217 = EDGE_CURVE('',#6195,#5603,#6218,.T.);
#6218 = SURFACE_CURVE('',#6219,(#6223,#6230),.PCURVE_S1.);
#6219 = LINE('',#6220,#6221);
#6220 = CARTESIAN_POINT('',(59.9,-12.,3.4));
#6221 = VECTOR('',#6222,1.);
#6222 = DIRECTION('',(0.,0.,1.));
#6223 = PCURVE('',#5643,#6224);
#6224 = DEFINITIONAL_REPRESENTATION('',(#6225),#6229);
#6225 = LINE('',#6226,#6227);
#6226 = CARTESIAN_POINT('',(0.,-0.));
#6227 = VECTOR('',#6228,1.);
#6228 = DIRECTION('',(0.,-1.));
#6229 = ( GEOMETRIC_REPRESENTATION_CONTEXT(2) 
PARAMETRIC_REPRESENTATION_CONTEXT() REPRESENTATION_CONTEXT('2D SPACE',''
  ) );
#6230 = PCURVE('',#5617,#6231);
#6231 = DEFINITIONAL_REPRESENTATION('',(#6232),#6236);
#6232 = LINE('',#6233,#6234);
#6233 = CARTESIAN_POINT('',(16.,0.));
#6234 = VECTOR('',#6235,1.);
#6235 = DIRECTION('',(0.,-1.));
#6236 = ( GEOMETRIC_REPRESENTATION_CONTEXT(2) 
PARAMETRIC_REPRESENTATION_CONTEXT() REPRESENTATION_CONTEXT('2D SPACE',''
  ) );
#6237 = ORIENTED_EDGE('',*,*,#5628,.F.);
#6238 = ORIENTED_EDGE('',*,*,#6168,.F.);
#6239 = ADVANCED_FACE('',(#6240),#5617,.F.);
#6240 = FACE_BOUND('',#6241,.F.);
#6241 = EDGE_LOOP('',(#6242,#6265,#6286,#6287));
#6242 = ORIENTED_EDGE('',*,*,#6243,.F.);
#6243 = EDGE_CURVE('',#6244,#6195,#6246,.T.);
#6244 = VERTEX_POINT('',#6245);
#6245 = CARTESIAN_POINT('',(59.9,4.,3.4));
#6246 = SURFACE_CURVE('',#6247,(#6251,#6258),.PCURVE_S1.);
#6247 = LINE('',#6248,#6249);
#6248 = CARTESIAN_POINT('',(59.9,4.,3.4));
#6249 = VECTOR('',#6250,1.);
#6250 = DIRECTION('',(0.,-1.,0.));
#6251 = PCURVE('',#5617,#6252);
#6252 = DEFINITIONAL_REPRESENTATION('',(#6253),#6257);
#6253 = LINE('',#6254,#6255);
#6254 = CARTESIAN_POINT('',(0.,0.));
#6255 = VECTOR('',#6256,1.);
#6256 = DIRECTION('',(1.,0.));
#6257 = ( GEOMETRIC_REPRESENTATION_CONTEXT(2) 
PARAMETRIC_REPRESENTATION_CONTEXT() REPRESENTATION_CONTEXT('2D SPACE',''
  ) );
#6258 = PCURVE('',#5989,#6259);
#6259 = DEFINITIONAL_REPRESENTATION('',(#6260),#6264);
#6260 = LINE('',#6261,#6262);
#6261 = CARTESIAN_POINT('',(-2.5,3.731158867041));
#6262 = VECTOR('',#6263,1.);
#6263 = DIRECTION('',(0.,-1.));
#6264 = ( GEOMETRIC_REPRESENTATION_CONTEXT(2) 
PARAMETRIC_REPRESENTATION_CONTEXT() REPRESENTATION_CONTEXT('2D SPACE',''
  ) );
#6265 = ORIENTED_EDGE('',*,*,#6266,.T.);
#6266 = EDGE_CURVE('',#6244,#5577,#6267,.T.);
#6267 = SURFACE_CURVE('',#6268,(#6272,#6279),.PCURVE_S1.);
#6268 = LINE('',#6269,#6270);
#6269 = CARTESIAN_POINT('',(59.9,4.,3.4));
#6270 = VECTOR('',#6271,1.);
#6271 = DIRECTION('',(0.,0.,1.));
#6272 = PCURVE('',#5617,#6273);
#6273 = DEFINITIONAL_REPRESENTATION('',(#6274),#6278);
#6274 = LINE('',#6275,#6276);
#6275 = CARTESIAN_POINT('',(0.,0.));
#6276 = VECTOR('',#6277,1.);
#6277 = DIRECTION('',(0.,-1.));
#6278 = ( GEOMETRIC_REPRESENTATION_CONTEXT(2) 
PARAMETRIC_REPRESENTATION_CONTEXT() REPRESENTATION_CONTEXT('2D SPACE',''
  ) );
#6279 = PCURVE('',#5591,#6280);
#6280 = DEFINITIONAL_REPRESENTATION('',(#6281),#6285);
#6281 = LINE('',#6282,#6283);
#6282 = CARTESIAN_POINT('',(4.5,0.));
#6283 = VECTOR('',#6284,1.);
#6284 = DIRECTION('',(0.,-1.));
#6285 = ( GEOMETRIC_REPRESENTATION_CONTEXT(2) 
PARAMETRIC_REPRESENTATION_CONTEXT() REPRESENTATION_CONTEXT('2D SPACE',''
  ) );
#6286 = ORIENTED_EDGE('',*,*,#5602,.F.);
#6287 = ORIENTED_EDGE('',*,*,#6217,.F.);
#6288 = ADVANCED_FACE('',(#6289),#5591,.F.);
#6289 = FACE_BOUND('',#6290,.F.);
#6290 = EDGE_LOOP('',(#6291,#6312,#6313,#6314));
#6291 = ORIENTED_EDGE('',*,*,#6292,.F.);
#6292 = EDGE_CURVE('',#5974,#6244,#6293,.T.);
#6293 = SURFACE_CURVE('',#6294,(#6298,#6305),.PCURVE_S1.);
#6294 = LINE('',#6295,#6296);
#6295 = CARTESIAN_POINT('',(64.4,4.,3.4));
#6296 = VECTOR('',#6297,1.);
#6297 = DIRECTION('',(-1.,0.,0.));
#6298 = PCURVE('',#5591,#6299);
#6299 = DEFINITIONAL_REPRESENTATION('',(#6300),#6304);
#6300 = LINE('',#6301,#6302);
#6301 = CARTESIAN_POINT('',(0.,-0.));
#6302 = VECTOR('',#6303,1.);
#6303 = DIRECTION('',(1.,0.));
#6304 = ( GEOMETRIC_REPRESENTATION_CONTEXT(2) 
PARAMETRIC_REPRESENTATION_CONTEXT() REPRESENTATION_CONTEXT('2D SPACE',''
  ) );
#6305 = PCURVE('',#5989,#6306);
#6306 = DEFINITIONAL_REPRESENTATION('',(#6307),#6311);
#6307 = LINE('',#6308,#6309);
#6308 = CARTESIAN_POINT('',(-7.,3.731158867041));
#6309 = VECTOR('',#6310,1.);
#6310 = DIRECTION('',(1.,0.));
#6311 = ( GEOMETRIC_REPRESENTATION_CONTEXT(2) 
PARAMETRIC_REPRESENTATION_CONTEXT() REPRESENTATION_CONTEXT('2D SPACE',''
  ) );
#6312 = ORIENTED_EDGE('',*,*,#6023,.T.);
#6313 = ORIENTED_EDGE('',*,*,#5576,.F.);
#6314 = ORIENTED_EDGE('',*,*,#6266,.F.);
#6315 = ADVANCED_FACE('',(#6316),#5751,.F.);
#6316 = FACE_BOUND('',#6317,.F.);
#6317 = EDGE_LOOP('',(#6318,#6339,#6340,#6361));
#6318 = ORIENTED_EDGE('',*,*,#6319,.T.);
#6319 = EDGE_CURVE('',#5861,#5734,#6320,.T.);
#6320 = SURFACE_CURVE('',#6321,(#6325,#6332),.PCURVE_S1.);
#6321 = LINE('',#6322,#6323);
#6322 = CARTESIAN_POINT('',(-20.,-20.,28.));
#6323 = VECTOR('',#6324,1.);
#6324 = DIRECTION('',(0.,0.,1.));
#6325 = PCURVE('',#5751,#6326);
#6326 = DEFINITIONAL_REPRESENTATION('',(#6327),#6331);
#6327 = LINE('',#6328,#6329);
#6328 = CARTESIAN_POINT('',(0.,0.));
#6329 = VECTOR('',#6330,1.);
#6330 = DIRECTION('',(0.,-1.));
#6331 = ( GEOMETRIC_REPRESENTATION_CONTEXT(2) 
PARAMETRIC_REPRESENTATION_CONTEXT() REPRESENTATION_CONTEXT('2D SPACE',''
  ) );
#6332 = PCURVE('',#5833,#6333);
#6333 = DEFINITIONAL_REPRESENTATION('',(#6334),#6338);
#6334 = LINE('',#6335,#6336);
#6335 = CARTESIAN_POINT('',(40.,0.));
#6336 = VECTOR('',#6337,1.);
#6337 = DIRECTION('',(0.,-1.));
#6338 = ( GEOMETRIC_REPRESENTATION_CONTEXT(2) 
PARAMETRIC_REPRESENTATION_CONTEXT() REPRESENTATION_CONTEXT('2D SPACE',''
  ) );
#6339 = ORIENTED_EDGE('',*,*,#5733,.T.);
#6340 = ORIENTED_EDGE('',*,*,#6341,.F.);
#6341 = EDGE_CURVE('',#5863,#5736,#6342,.T.);
#6342 = SURFACE_CURVE('',#6343,(#6347,#6354),.PCURVE_S1.);
#6343 = LINE('',#6344,#6345);
#6344 = CARTESIAN_POINT('',(20.,-20.,28.));
#6345 = VECTOR('',#6346,1.);
#6346 = DIRECTION('',(0.,0.,1.));
#6347 = PCURVE('',#5751,#6348);
#6348 = DEFINITIONAL_REPRESENTATION('',(#6349),#6353);
#6349 = LINE('',#6350,#6351);
#6350 = CARTESIAN_POINT('',(40.,0.));
#6351 = VECTOR('',#6352,1.);
#6352 = DIRECTION('',(0.,-1.));
#6353 = ( GEOMETRIC_REPRESENTATION_CONTEXT(2) 
PARAMETRIC_REPRESENTATION_CONTEXT() REPRESENTATION_CONTEXT('2D SPACE',''
  ) );
#6354 = PCURVE('',#5779,#6355);
#6355 = DEFINITIONAL_REPRESENTATION('',(#6356),#6360);
#6356 = LINE('',#6357,#6358);
#6357 = CARTESIAN_POINT('',(0.,0.));
#6358 = VECTOR('',#6359,1.);
#6359 = DIRECTION('',(0.,-1.));
#6360 = ( GEOMETRIC_REPRESENTATION_CONTEXT(2) 
PARAMETRIC_REPRESENTATION_CONTEXT() REPRESENTATION_CONTEXT('2D SPACE',''
  ) );
#6361 = ORIENTED_EDGE('',*,*,#5860,.F.);
#6362 = ADVANCED_FACE('',(#6363),#5833,.F.);
#6363 = FACE_BOUND('',#6364,.F.);
#6364 = EDGE_LOOP('',(#6365,#6386,#6387,#6388));
#6365 = ORIENTED_EDGE('',*,*,#6366,.T.);
#6366 = EDGE_CURVE('',#5886,#5792,#6367,.T.);
#6367 = SURFACE_CURVE('',#6368,(#6372,#6379),.PCURVE_S1.);
#6368 = LINE('',#6369,#6370);
#6369 = CARTESIAN_POINT('',(-20.,20.,28.));
#6370 = VECTOR('',#6371,1.);
#6371 = DIRECTION('',(0.,0.,1.));
#6372 = PCURVE('',#5833,#6373);
#6373 = DEFINITIONAL_REPRESENTATION('',(#6374),#6378);
#6374 = LINE('',#6375,#6376);
#6375 = CARTESIAN_POINT('',(0.,0.));
#6376 = VECTOR('',#6377,1.);
#6377 = DIRECTION('',(0.,-1.));
#6378 = ( GEOMETRIC_REPRESENTATION_CONTEXT(2) 
PARAMETRIC_REPRESENTATION_CONTEXT() REPRESENTATION_CONTEXT('2D SPACE',''
  ) );
#6379 = PCURVE('',#5807,#6380);
#6380 = DEFINITIONAL_REPRESENTATION('',(#6381),#6385);
#6381 = LINE('',#6382,#6383);
#6382 = CARTESIAN_POINT('',(40.,0.));
#6383 = VECTOR('',#6384,1.);
#6384 = DIRECTION('',(0.,-1.));
#6385 = ( GEOMETRIC_REPRESENTATION_CONTEXT(2) 
PARAMETRIC_REPRESENTATION_CONTEXT() REPRESENTATION_CONTEXT('2D SPACE',''
  ) );
#6386 = ORIENTED_EDGE('',*,*,#5819,.T.);
#6387 = ORIENTED_EDGE('',*,*,#6319,.F.);
#6388 = ORIENTED_EDGE('',*,*,#5885,.F.);
#6389 = ADVANCED_FACE('',(#6390),#5779,.F.);
#6390 = FACE_BOUND('',#6391,.F.);
#6391 = EDGE_LOOP('',(#6392,#6393,#6394,#6415));
#6392 = ORIENTED_EDGE('',*,*,#6341,.T.);
#6393 = ORIENTED_EDGE('',*,*,#5763,.T.);
#6394 = ORIENTED_EDGE('',*,*,#6395,.F.);
#6395 = EDGE_CURVE('',#5909,#5764,#6396,.T.);
#6396 = SURFACE_CURVE('',#6397,(#6401,#6408),.PCURVE_S1.);
#6397 = LINE('',#6398,#6399);
#6398 = CARTESIAN_POINT('',(20.,20.,28.));
#6399 = VECTOR('',#6400,1.);
#6400 = DIRECTION('',(0.,0.,1.));
#6401 = PCURVE('',#5779,#6402);
#6402 = DEFINITIONAL_REPRESENTATION('',(#6403),#6407);
#6403 = LINE('',#6404,#6405);
#6404 = CARTESIAN_POINT('',(40.,0.));
#6405 = VECTOR('',#6406,1.);
#6406 = DIRECTION('',(0.,-1.));
#6407 = ( GEOMETRIC_REPRESENTATION_CONTEXT(2) 
PARAMETRIC_REPRESENTATION_CONTEXT() REPRESENTATION_CONTEXT('2D SPACE',''
  ) );
#6408 = PCURVE('',#5807,#6409);
#6409 = DEFINITIONAL_REPRESENTATION('',(#6410),#6414);
#6410 = LINE('',#6411,#6412);
#6411 = CARTESIAN_POINT('',(0.,-0.));
#6412 = VECTOR('',#6413,1.);
#6413 = DIRECTION('',(0.,-1.));
#6414 = ( GEOMETRIC_REPRESENTATION_CONTEXT(2) 
PARAMETRIC_REPRESENTATION_CONTEXT() REPRESENTATION_CONTEXT('2D SPACE',''
  ) );
#6415 = ORIENTED_EDGE('',*,*,#5931,.F.);
#6416 = ADVANCED_FACE('',(#6417),#5807,.F.);
#6417 = FACE_BOUND('',#6418,.F.);
#6418 = EDGE_LOOP('',(#6419,#6420,#6421,#6422));
#6419 = ORIENTED_EDGE('',*,*,#6395,.T.);
#6420 = ORIENTED_EDGE('',*,*,#5791,.T.);
#6421 = ORIENTED_EDGE('',*,*,#6366,.F.);
#6422 = ORIENTED_EDGE('',*,*,#5908,.F.);
#6423 = ADVANCED_FACE('',(#6424),#5989,.F.);
#6424 = FACE_BOUND('',#6425,.F.);
#6425 = EDGE_LOOP('',(#6426,#6427,#6428,#6429,#6430,#6431,#6432));
#6426 = ORIENTED_EDGE('',*,*,#5971,.T.);
#6427 = ORIENTED_EDGE('',*,*,#6292,.T.);
#6428 = ORIENTED_EDGE('',*,*,#6243,.T.);
#6429 = ORIENTED_EDGE('',*,*,#6194,.T.);
#6430 = ORIENTED_EDGE('',*,*,#6145,.T.);
#6431 = ORIENTED_EDGE('',*,*,#6096,.T.);
#6432 = ORIENTED_EDGE('',*,*,#6047,.T.);
#6433 = ( GEOMETRIC_REPRESENTATION_CONTEXT(3) 
GLOBAL_UNCERTAINTY_ASSIGNED_CONTEXT((#6437)) 
GLOBAL_UNIT_ASSIGNED_CONTEXT((#6434,#6435,#6436)) REPRESENTATION_CONTEXT
('Context #1','3D Context with UNIT and UNCERTAINTY') );
#6434 = ( LENGTH_UNIT() NAMED_UNIT(*) SI_UNIT(.MILLI.,.METRE.) );
#6435 = ( NAMED_UNIT(*) PLANE_ANGLE_UNIT() SI_UNIT($,.RADIAN.) );
#6436 = ( NAMED_UNIT(*) SI_UNIT($,.STERADIAN.) SOLID_ANGLE_UNIT() );
#6437 = UNCERTAINTY_MEASURE_WITH_UNIT(LENGTH_MEASURE(1.E-07),#6434,
  'distance_accuracy_value','confusion accuracy');
#6438 = CONTEXT_DEPENDENT_SHAPE_REPRESENTATION(#6439,#6441);
#6439 = ( REPRESENTATION_RELATIONSHIP('','',#56,#10) 
REPRESENTATION_RELATIONSHIP_WITH_TRANSFORMATION(#6440) 
SHAPE_REPRESENTATION_RELATIONSHIP() );
#6440 = ITEM_DEFINED_TRANSFORMATION('','',#11,#15);
#6441 = PRODUCT_DEFINITION_SHAPE('Placement','Placement of an item',
  #6442);
#6442 = NEXT_ASSEMBLY_USAGE_OCCURRENCE('1','base','',#5,#51,$);
#6443 = PRODUCT_RELATED_PRODUCT_CATEGORY('part',$,(#53));
#6444 = SHAPE_DEFINITION_REPRESENTATION(#6445,#6451);
#6445 = PRODUCT_DEFINITION_SHAPE('','',#6446);
#6446 = PRODUCT_DEFINITION('design','',#6447,#6450);
#6447 = PRODUCT_DEFINITION_FORMATION('','',#6448);
#6448 = PRODUCT('imu_lid','imu_lid','',(#6449));
#6449 = PRODUCT_CONTEXT('',#2,'mechanical');
#6450 = PRODUCT_DEFINITION_CONTEXT('part definition',#2,'design');
#6451 = ADVANCED_BREP_SHAPE_REPRESENTATION('',(#11,#6452),#7760);
#6452 = MANIFOLD_SOLID_BREP('',#6453);
#6453 = CLOSED_SHELL('',(#6454,#6574,#6894,#6948,#6998,#7329,#7356,#7383
    ,#7410,#7437,#7444,#7471,#7498,#7525,#7552,#7628,#7677,#7726,#7753)
  );
#6454 = ADVANCED_FACE('',(#6455),#6469,.F.);
#6455 = FACE_BOUND('',#6456,.F.);
#6456 = EDGE_LOOP('',(#6457,#6492,#6520,#6548));
#6457 = ORIENTED_EDGE('',*,*,#6458,.F.);
#6458 = EDGE_CURVE('',#6459,#6461,#6463,.T.);
#6459 = VERTEX_POINT('',#6460);
#6460 = CARTESIAN_POINT('',(-31.3,-33.3,0.));
#6461 = VERTEX_POINT('',#6462);
#6462 = CARTESIAN_POINT('',(31.3,-33.3,0.));
#6463 = SURFACE_CURVE('',#6464,(#6468,#6480),.PCURVE_S1.);
#6464 = LINE('',#6465,#6466);
#6465 = CARTESIAN_POINT('',(-33.3,-33.3,0.));
#6466 = VECTOR('',#6467,1.);
#6467 = DIRECTION('',(1.,0.,0.));
#6468 = PCURVE('',#6469,#6474);
#6469 = PLANE('',#6470);
#6470 = AXIS2_PLACEMENT_3D('',#6471,#6472,#6473);
#6471 = CARTESIAN_POINT('',(-33.3,-33.3,0.));
#6472 = DIRECTION('',(0.,1.,0.));
#6473 = DIRECTION('',(1.,0.,0.));
#6474 = DEFINITIONAL_REPRESENTATION('',(#6475),#6479);
#6475 = LINE('',#6476,#6477);
#6476 = CARTESIAN_POINT('',(0.,0.));
#6477 = VECTOR('',#6478,1.);
#6478 = DIRECTION('',(1.,0.));
#6479 = ( GEOMETRIC_REPRESENTATION_CONTEXT(2) 
PARAMETRIC_REPRESENTATION_CONTEXT() REPRESENTATION_CONTEXT('2D SPACE',''
  ) );
#6480 = PCURVE('',#6481,#6486);
#6481 = PLANE('',#6482);
#6482 = AXIS2_PLACEMENT_3D('',#6483,#6484,#6485);
#6483 = CARTESIAN_POINT('',(0.,0.,0.));
#6484 = DIRECTION('',(0.,0.,1.));
#6485 = DIRECTION('',(1.,0.,-0.));
#6486 = DEFINITIONAL_REPRESENTATION('',(#6487),#6491);
#6487 = LINE('',#6488,#6489);
#6488 = CARTESIAN_POINT('',(-33.3,-33.3));
#6489 = VECTOR('',#6490,1.);
#6490 = DIRECTION('',(1.,0.));
#6491 = ( GEOMETRIC_REPRESENTATION_CONTEXT(2) 
PARAMETRIC_REPRESENTATION_CONTEXT() REPRESENTATION_CONTEXT('2D SPACE',''
  ) );
#6492 = ORIENTED_EDGE('',*,*,#6493,.T.);
#6493 = EDGE_CURVE('',#6459,#6494,#6496,.T.);
#6494 = VERTEX_POINT('',#6495);
#6495 = CARTESIAN_POINT('',(-31.3,-33.3,3.));
#6496 = SURFACE_CURVE('',#6497,(#6501,#6508),.PCURVE_S1.);
#6497 = LINE('',#6498,#6499);
#6498 = CARTESIAN_POINT('',(-31.3,-33.3,0.));
#6499 = VECTOR('',#6500,1.);
#6500 = DIRECTION('',(0.,0.,1.));
#6501 = PCURVE('',#6469,#6502);
#6502 = DEFINITIONAL_REPRESENTATION('',(#6503),#6507);
#6503 = LINE('',#6504,#6505);
#6504 = CARTESIAN_POINT('',(2.,0.));
#6505 = VECTOR('',#6506,1.);
#6506 = DIRECTION('',(0.,-1.));
#6507 = ( GEOMETRIC_REPRESENTATION_CONTEXT(2) 
PARAMETRIC_REPRESENTATION_CONTEXT() REPRESENTATION_CONTEXT('2D SPACE',''
  ) );
#6508 = PCURVE('',#6509,#6514);
#6509 = CYLINDRICAL_SURFACE('',#6510,2.);
#6510 = AXIS2_PLACEMENT_3D('',#6511,#6512,#6513);
#6511 = CARTESIAN_POINT('',(-31.3,-31.3,0.));
#6512 = DIRECTION('',(0.,0.,1.));
#6513 = DIRECTION('',(0.,-1.,0.));
#6514 = DEFINITIONAL_REPRESENTATION('',(#6515),#6519);
#6515 = LINE('',#6516,#6517);
#6516 = CARTESIAN_POINT('',(-0.,0.));
#6517 = VECTOR('',#6518,1.);
#6518 = DIRECTION('',(-0.,1.));
#6519 = ( GEOMETRIC_REPRESENTATION_CONTEXT(2) 
PARAMETRIC_REPRESENTATION_CONTEXT() REPRESENTATION_CONTEXT('2D SPACE',''
  ) );
#6520 = ORIENTED_EDGE('',*,*,#6521,.T.);
#6521 = EDGE_CURVE('',#6494,#6522,#6524,.T.);
#6522 = VERTEX_POINT('',#6523);
#6523 = CARTESIAN_POINT('',(31.3,-33.3,3.));
#6524 = SURFACE_CURVE('',#6525,(#6529,#6536),.PCURVE_S1.);
#6525 = LINE('',#6526,#6527);
#6526 = CARTESIAN_POINT('',(-33.3,-33.3,3.));
#6527 = VECTOR('',#6528,1.);
#6528 = DIRECTION('',(1.,0.,0.));
#6529 = PCURVE('',#6469,#6530);
#6530 = DEFINITIONAL_REPRESENTATION('',(#6531),#6535);
#6531 = LINE('',#6532,#6533);
#6532 = CARTESIAN_POINT('',(0.,-3.));
#6533 = VECTOR('',#6534,1.);
#6534 = DIRECTION('',(1.,0.));
#6535 = ( GEOMETRIC_REPRESENTATION_CONTEXT(2) 
PARAMETRIC_REPRESENTATION_CONTEXT() REPRESENTATION_CONTEXT('2D SPACE',''
  ) );
#6536 = PCURVE('',#6537,#6542);
#6537 = PLANE('',#6538);
#6538 = AXIS2_PLACEMENT_3D('',#6539,#6540,#6541);
#6539 = CARTESIAN_POINT('',(0.,0.,3.));
#6540 = DIRECTION('',(0.,0.,1.));
#6541 = DIRECTION('',(1.,0.,-0.));
#6542 = DEFINITIONAL_REPRESENTATION('',(#6543),#6547);
#6543 = LINE('',#6544,#6545);
#6544 = CARTESIAN_POINT('',(-33.3,-33.3));
#6545 = VECTOR('',#6546,1.);
#6546 = DIRECTION('',(1.,0.));
#6547 = ( GEOMETRIC_REPRESENTATION_CONTEXT(2) 
PARAMETRIC_REPRESENTATION_CONTEXT() REPRESENTATION_CONTEXT('2D SPACE',''
  ) );
#6548 = ORIENTED_EDGE('',*,*,#6549,.F.);
#6549 = EDGE_CURVE('',#6461,#6522,#6550,.T.);
#6550 = SURFACE_CURVE('',#6551,(#6555,#6562),.PCURVE_S1.);
#6551 = LINE('',#6552,#6553);
#6552 = CARTESIAN_POINT('',(31.3,-33.3,0.));
#6553 = VECTOR('',#6554,1.);
#6554 = DIRECTION('',(0.,0.,1.));
#6555 = PCURVE('',#6469,#6556);
#6556 = DEFINITIONAL_REPRESENTATION('',(#6557),#6561);
#6557 = LINE('',#6558,#6559);
#6558 = CARTESIAN_POINT('',(64.6,0.));
#6559 = VECTOR('',#6560,1.);
#6560 = DIRECTION('',(0.,-1.));
#6561 = ( GEOMETRIC_REPRESENTATION_CONTEXT(2) 
PARAMETRIC_REPRESENTATION_CONTEXT() REPRESENTATION_CONTEXT('2D SPACE',''
  ) );
#6562 = PCURVE('',#6563,#6568);
#6563 = CYLINDRICAL_SURFACE('',#6564,2.);
#6564 = AXIS2_PLACEMENT_3D('',#6565,#6566,#6567);
#6565 = CARTESIAN_POINT('',(31.3,-31.3,0.));
#6566 = DIRECTION('',(0.,0.,1.));
#6567 = DIRECTION('',(0.,-1.,0.));
#6568 = DEFINITIONAL_REPRESENTATION('',(#6569),#6573);
#6569 = LINE('',#6570,#6571);
#6570 = CARTESIAN_POINT('',(0.,0.));
#6571 = VECTOR('',#6572,1.);
#6572 = DIRECTION('',(0.,1.));
#6573 = ( GEOMETRIC_REPRESENTATION_CONTEXT(2) 
PARAMETRIC_REPRESENTATION_CONTEXT() REPRESENTATION_CONTEXT('2D SPACE',''
  ) );
#6574 = ADVANCED_FACE('',(#6575,#6770,#6801,#6832,#6863),#6481,.F.);
#6575 = FACE_BOUND('',#6576,.F.);
#6576 = EDGE_LOOP('',(#6577,#6578,#6602,#6630,#6659,#6687,#6716,#6744));
#6577 = ORIENTED_EDGE('',*,*,#6458,.T.);
#6578 = ORIENTED_EDGE('',*,*,#6579,.T.);
#6579 = EDGE_CURVE('',#6461,#6580,#6582,.T.);
#6580 = VERTEX_POINT('',#6581);
#6581 = CARTESIAN_POINT('',(33.3,-31.3,0.));
#6582 = SURFACE_CURVE('',#6583,(#6588,#6595),.PCURVE_S1.);
#6583 = CIRCLE('',#6584,2.);
#6584 = AXIS2_PLACEMENT_3D('',#6585,#6586,#6587);
#6585 = CARTESIAN_POINT('',(31.3,-31.3,0.));
#6586 = DIRECTION('',(0.,0.,1.));
#6587 = DIRECTION('',(0.,-1.,0.));
#6588 = PCURVE('',#6481,#6589);
#6589 = DEFINITIONAL_REPRESENTATION('',(#6590),#6594);
#6590 = CIRCLE('',#6591,2.);
#6591 = AXIS2_PLACEMENT_2D('',#6592,#6593);
#6592 = CARTESIAN_POINT('',(31.3,-31.3));
#6593 = DIRECTION('',(0.,-1.));
#6594 = ( GEOMETRIC_REPRESENTATION_CONTEXT(2) 
PARAMETRIC_REPRESENTATION_CONTEXT() REPRESENTATION_CONTEXT('2D SPACE',''
  ) );
#6595 = PCURVE('',#6563,#6596);
#6596 = DEFINITIONAL_REPRESENTATION('',(#6597),#6601);
#6597 = LINE('',#6598,#6599);
#6598 = CARTESIAN_POINT('',(0.,0.));
#6599 = VECTOR('',#6600,1.);
#6600 = DIRECTION('',(1.,0.));
#6601 = ( GEOMETRIC_REPRESENTATION_CONTEXT(2) 
PARAMETRIC_REPRESENTATION_CONTEXT() REPRESENTATION_CONTEXT('2D SPACE',''
  ) );
#6602 = ORIENTED_EDGE('',*,*,#6603,.T.);
#6603 = EDGE_CURVE('',#6580,#6604,#6606,.T.);
#6604 = VERTEX_POINT('',#6605);
#6605 = CARTESIAN_POINT('',(33.3,31.3,0.));
#6606 = SURFACE_CURVE('',#6607,(#6611,#6618),.PCURVE_S1.);
#6607 = LINE('',#6608,#6609);
#6608 = CARTESIAN_POINT('',(33.3,-33.3,0.));
#6609 = VECTOR('',#6610,1.);
#6610 = DIRECTION('',(0.,1.,0.));
#6611 = PCURVE('',#6481,#6612);
#6612 = DEFINITIONAL_REPRESENTATION('',(#6613),#6617);
#6613 = LINE('',#6614,#6615);
#6614 = CARTESIAN_POINT('',(33.3,-33.3));
#6615 = VECTOR('',#6616,1.);
#6616 = DIRECTION('',(0.,1.));
#6617 = ( GEOMETRIC_REPRESENTATION_CONTEXT(2) 
PARAMETRIC_REPRESENTATION_CONTEXT() REPRESENTATION_CONTEXT('2D SPACE',''
  ) );
#6618 = PCURVE('',#6619,#6624);
#6619 = PLANE('',#6620);
#6620 = AXIS2_PLACEMENT_3D('',#6621,#6622,#6623);
#6621 = CARTESIAN_POINT('',(33.3,-33.3,0.));
#6622 = DIRECTION('',(-1.,0.,0.));
#6623 = DIRECTION('',(0.,1.,0.));
#6624 = DEFINITIONAL_REPRESENTATION('',(#6625),#6629);
#6625 = LINE('',#6626,#6627);
#6626 = CARTESIAN_POINT('',(0.,0.));
#6627 = VECTOR('',#6628,1.);
#6628 = DIRECTION('',(1.,0.));
#6629 = ( GEOMETRIC_REPRESENTATION_CONTEXT(2) 
PARAMETRIC_REPRESENTATION_CONTEXT() REPRESENTATION_CONTEXT('2D SPACE',''
  ) );
#6630 = ORIENTED_EDGE('',*,*,#6631,.T.);
#6631 = EDGE_CURVE('',#6604,#6632,#6634,.T.);
#6632 = VERTEX_POINT('',#6633);
#6633 = CARTESIAN_POINT('',(31.3,33.3,0.));
#6634 = SURFACE_CURVE('',#6635,(#6640,#6647),.PCURVE_S1.);
#6635 = CIRCLE('',#6636,2.);
#6636 = AXIS2_PLACEMENT_3D('',#6637,#6638,#6639);
#6637 = CARTESIAN_POINT('',(31.3,31.3,0.));
#6638 = DIRECTION('',(0.,0.,1.));
#6639 = DIRECTION('',(0.,-1.,0.));
#6640 = PCURVE('',#6481,#6641);
#6641 = DEFINITIONAL_REPRESENTATION('',(#6642),#6646);
#6642 = CIRCLE('',#6643,2.);
#6643 = AXIS2_PLACEMENT_2D('',#6644,#6645);
#6644 = CARTESIAN_POINT('',(31.3,31.3));
#6645 = DIRECTION('',(0.,-1.));
#6646 = ( GEOMETRIC_REPRESENTATION_CONTEXT(2) 
PARAMETRIC_REPRESENTATION_CONTEXT() REPRESENTATION_CONTEXT('2D SPACE',''
  ) );
#6647 = PCURVE('',#6648,#6653);
#6648 = CYLINDRICAL_SURFACE('',#6649,2.);
#6649 = AXIS2_PLACEMENT_3D('',#6650,#6651,#6652);
#6650 = CARTESIAN_POINT('',(31.3,31.3,0.));
#6651 = DIRECTION('',(0.,0.,1.));
#6652 = DIRECTION('',(1.,0.,-0.));
#6653 = DEFINITIONAL_REPRESENTATION('',(#6654),#6658);
#6654 = LINE('',#6655,#6656);
#6655 = CARTESIAN_POINT('',(-1.570796326795,0.));
#6656 = VECTOR('',#6657,1.);
#6657 = DIRECTION('',(1.,0.));
#6658 = ( GEOMETRIC_REPRESENTATION_CONTEXT(2) 
PARAMETRIC_REPRESENTATION_CONTEXT() REPRESENTATION_CONTEXT('2D SPACE',''
  ) );
#6659 = ORIENTED_EDGE('',*,*,#6660,.T.);
#6660 = EDGE_CURVE('',#6632,#6661,#6663,.T.);
#6661 = VERTEX_POINT('',#6662);
#6662 = CARTESIAN_POINT('',(-31.3,33.3,0.));
#6663 = SURFACE_CURVE('',#6664,(#6668,#6675),.PCURVE_S1.);
#6664 = LINE('',#6665,#6666);
#6665 = CARTESIAN_POINT('',(33.3,33.3,0.));
#6666 = VECTOR('',#6667,1.);
#6667 = DIRECTION('',(-1.,0.,0.));
#6668 = PCURVE('',#6481,#6669);
#6669 = DEFINITIONAL_REPRESENTATION('',(#6670),#6674);
#6670 = LINE('',#6671,#6672);
#6671 = CARTESIAN_POINT('',(33.3,33.3));
#6672 = VECTOR('',#6673,1.);
#6673 = DIRECTION('',(-1.,0.));
#6674 = ( GEOMETRIC_REPRESENTATION_CONTEXT(2) 
PARAMETRIC_REPRESENTATION_CONTEXT() REPRESENTATION_CONTEXT('2D SPACE',''
  ) );
#6675 = PCURVE('',#6676,#6681);
#6676 = PLANE('',#6677);
#6677 = AXIS2_PLACEMENT_3D('',#6678,#6679,#6680);
#6678 = CARTESIAN_POINT('',(33.3,33.3,0.));
#6679 = DIRECTION('',(0.,-1.,0.));
#6680 = DIRECTION('',(-1.,0.,0.));
#6681 = DEFINITIONAL_REPRESENTATION('',(#6682),#6686);
#6682 = LINE('',#6683,#6684);
#6683 = CARTESIAN_POINT('',(0.,-0.));
#6684 = VECTOR('',#6685,1.);
#6685 = DIRECTION('',(1.,0.));
#6686 = ( GEOMETRIC_REPRESENTATION_CONTEXT(2) 
PARAMETRIC_REPRESENTATION_CONTEXT() REPRESENTATION_CONTEXT('2D SPACE',''
  ) );
#6687 = ORIENTED_EDGE('',*,*,#6688,.T.);
#6688 = EDGE_CURVE('',#6661,#6689,#6691,.T.);
#6689 = VERTEX_POINT('',#6690);
#6690 = CARTESIAN_POINT('',(-33.3,31.3,0.));
#6691 = SURFACE_CURVE('',#6692,(#6697,#6704),.PCURVE_S1.);
#6692 = CIRCLE('',#6693,2.);
#6693 = AXIS2_PLACEMENT_3D('',#6694,#6695,#6696);
#6694 = CARTESIAN_POINT('',(-31.3,31.3,0.));
#6695 = DIRECTION('',(0.,0.,1.));
#6696 = DIRECTION('',(0.,-1.,0.));
#6697 = PCURVE('',#6481,#6698);
#6698 = DEFINITIONAL_REPRESENTATION('',(#6699),#6703);
#6699 = CIRCLE('',#6700,2.);
#6700 = AXIS2_PLACEMENT_2D('',#6701,#6702);
#6701 = CARTESIAN_POINT('',(-31.3,31.3));
#6702 = DIRECTION('',(0.,-1.));
#6703 = ( GEOMETRIC_REPRESENTATION_CONTEXT(2) 
PARAMETRIC_REPRESENTATION_CONTEXT() REPRESENTATION_CONTEXT('2D SPACE',''
  ) );
#6704 = PCURVE('',#6705,#6710);
#6705 = CYLINDRICAL_SURFACE('',#6706,2.);
#6706 = AXIS2_PLACEMENT_3D('',#6707,#6708,#6709);
#6707 = CARTESIAN_POINT('',(-31.3,31.3,0.));
#6708 = DIRECTION('',(0.,0.,1.));
#6709 = DIRECTION('',(-0.,1.,0.));
#6710 = DEFINITIONAL_REPRESENTATION('',(#6711),#6715);
#6711 = LINE('',#6712,#6713);
#6712 = CARTESIAN_POINT('',(-3.14159265359,0.));
#6713 = VECTOR('',#6714,1.);
#6714 = DIRECTION('',(1.,0.));
#6715 = ( GEOMETRIC_REPRESENTATION_CONTEXT(2) 
PARAMETRIC_REPRESENTATION_CONTEXT() REPRESENTATION_CONTEXT('2D SPACE',''
  ) );
#6716 = ORIENTED_EDGE('',*,*,#6717,.T.);
#6717 = EDGE_CURVE('',#6689,#6718,#6720,.T.);
#6718 = VERTEX_POINT('',#6719);
#6719 = CARTESIAN_POINT('',(-33.3,-31.3,0.));
#6720 = SURFACE_CURVE('',#6721,(#6725,#6732),.PCURVE_S1.);
#6721 = LINE('',#6722,#6723);
#6722 = CARTESIAN_POINT('',(-33.3,33.3,0.));
#6723 = VECTOR('',#6724,1.);
#6724 = DIRECTION('',(0.,-1.,0.));
#6725 = PCURVE('',#6481,#6726);
#6726 = DEFINITIONAL_REPRESENTATION('',(#6727),#6731);
#6727 = LINE('',#6728,#6729);
#6728 = CARTESIAN_POINT('',(-33.3,33.3));
#6729 = VECTOR('',#6730,1.);
#6730 = DIRECTION('',(0.,-1.));
#6731 = ( GEOMETRIC_REPRESENTATION_CONTEXT(2) 
PARAMETRIC_REPRESENTATION_CONTEXT() REPRESENTATION_CONTEXT('2D SPACE',''
  ) );
#6732 = PCURVE('',#6733,#6738);
#6733 = PLANE('',#6734);
#6734 = AXIS2_PLACEMENT_3D('',#6735,#6736,#6737);
#6735 = CARTESIAN_POINT('',(-33.3,33.3,0.));
#6736 = DIRECTION('',(1.,0.,-0.));
#6737 = DIRECTION('',(0.,-1.,0.));
#6738 = DEFINITIONAL_REPRESENTATION('',(#6739),#6743);
#6739 = LINE('',#6740,#6741);
#6740 = CARTESIAN_POINT('',(0.,0.));
#6741 = VECTOR('',#6742,1.);
#6742 = DIRECTION('',(1.,0.));
#6743 = ( GEOMETRIC_REPRESENTATION_CONTEXT(2) 
PARAMETRIC_REPRESENTATION_CONTEXT() REPRESENTATION_CONTEXT('2D SPACE',''
  ) );
#6744 = ORIENTED_EDGE('',*,*,#6745,.F.);
#6745 = EDGE_CURVE('',#6459,#6718,#6746,.T.);
#6746 = SURFACE_CURVE('',#6747,(#6752,#6763),.PCURVE_S1.);
#6747 = CIRCLE('',#6748,2.);
#6748 = AXIS2_PLACEMENT_3D('',#6749,#6750,#6751);
#6749 = CARTESIAN_POINT('',(-31.3,-31.3,0.));
#6750 = DIRECTION('',(-0.,-0.,-1.));
#6751 = DIRECTION('',(0.,-1.,0.));
#6752 = PCURVE('',#6481,#6753);
#6753 = DEFINITIONAL_REPRESENTATION('',(#6754),#6762);
#6754 = ( BOUNDED_CURVE() B_SPLINE_CURVE(2,(#6755,#6756,#6757,#6758,
#6759,#6760,#6761),.UNSPECIFIED.,.T.,.F.) B_SPLINE_CURVE_WITH_KNOTS((1,2
    ,2,2,2,1),(-2.094395102393,0.,2.094395102393,4.188790204786,
6.28318530718,8.377580409573),.UNSPECIFIED.) CURVE() 
GEOMETRIC_REPRESENTATION_ITEM() RATIONAL_B_SPLINE_CURVE((1.,0.5,1.,0.5,
1.,0.5,1.)) REPRESENTATION_ITEM('') );
#6755 = CARTESIAN_POINT('',(-31.3,-33.3));
#6756 = CARTESIAN_POINT('',(-34.76410161513,-33.3));
#6757 = CARTESIAN_POINT('',(-33.03205080756,-30.3));
#6758 = CARTESIAN_POINT('',(-31.3,-27.3));
#6759 = CARTESIAN_POINT('',(-29.56794919243,-30.3));
#6760 = CARTESIAN_POINT('',(-27.83589838486,-33.3));
#6761 = CARTESIAN_POINT('',(-31.3,-33.3));
#6762 = ( GEOMETRIC_REPRESENTATION_CONTEXT(2) 
PARAMETRIC_REPRESENTATION_CONTEXT() REPRESENTATION_CONTEXT('2D SPACE',''
  ) );
#6763 = PCURVE('',#6509,#6764);
#6764 = DEFINITIONAL_REPRESENTATION('',(#6765),#6769);
#6765 = LINE('',#6766,#6767);
#6766 = CARTESIAN_POINT('',(-0.,0.));
#6767 = VECTOR('',#6768,1.);
#6768 = DIRECTION('',(-1.,0.));
#6769 = ( GEOMETRIC_REPRESENTATION_CONTEXT(2) 
PARAMETRIC_REPRESENTATION_CONTEXT() REPRESENTATION_CONTEXT('2D SPACE',''
  ) );
#6770 = FACE_BOUND('',#6771,.F.);
#6771 = EDGE_LOOP('',(#6772));
#6772 = ORIENTED_EDGE('',*,*,#6773,.F.);
#6773 = EDGE_CURVE('',#6774,#6774,#6776,.T.);
#6774 = VERTEX_POINT('',#6775);
#6775 = CARTESIAN_POINT('',(-27.8,-29.5,0.));
#6776 = SURFACE_CURVE('',#6777,(#6782,#6789),.PCURVE_S1.);
#6777 = CIRCLE('',#6778,1.7);
#6778 = AXIS2_PLACEMENT_3D('',#6779,#6780,#6781);
#6779 = CARTESIAN_POINT('',(-29.5,-29.5,0.));
#6780 = DIRECTION('',(0.,0.,1.));
#6781 = DIRECTION('',(1.,0.,0.));
#6782 = PCURVE('',#6481,#6783);
#6783 = DEFINITIONAL_REPRESENTATION('',(#6784),#6788);
#6784 = CIRCLE('',#6785,1.7);
#6785 = AXIS2_PLACEMENT_2D('',#6786,#6787);
#6786 = CARTESIAN_POINT('',(-29.5,-29.5));
#6787 = DIRECTION('',(1.,0.));
#6788 = ( GEOMETRIC_REPRESENTATION_CONTEXT(2) 
PARAMETRIC_REPRESENTATION_CONTEXT() REPRESENTATION_CONTEXT('2D SPACE',''
  ) );
#6789 = PCURVE('',#6790,#6795);
#6790 = CYLINDRICAL_SURFACE('',#6791,1.7);
#6791 = AXIS2_PLACEMENT_3D('',#6792,#6793,#6794);
#6792 = CARTESIAN_POINT('',(-29.5,-29.5,0.));
#6793 = DIRECTION('',(-0.,-0.,-1.));
#6794 = DIRECTION('',(1.,0.,0.));
#6795 = DEFINITIONAL_REPRESENTATION('',(#6796),#6800);
#6796 = LINE('',#6797,#6798);
#6797 = CARTESIAN_POINT('',(-0.,0.));
#6798 = VECTOR('',#6799,1.);
#6799 = DIRECTION('',(-1.,0.));
#6800 = ( GEOMETRIC_REPRESENTATION_CONTEXT(2) 
PARAMETRIC_REPRESENTATION_CONTEXT() REPRESENTATION_CONTEXT('2D SPACE',''
  ) );
#6801 = FACE_BOUND('',#6802,.F.);
#6802 = EDGE_LOOP('',(#6803));
#6803 = ORIENTED_EDGE('',*,*,#6804,.F.);
#6804 = EDGE_CURVE('',#6805,#6805,#6807,.T.);
#6805 = VERTEX_POINT('',#6806);
#6806 = CARTESIAN_POINT('',(31.2,-29.5,0.));
#6807 = SURFACE_CURVE('',#6808,(#6813,#6820),.PCURVE_S1.);
#6808 = CIRCLE('',#6809,1.7);
#6809 = AXIS2_PLACEMENT_3D('',#6810,#6811,#6812);
#6810 = CARTESIAN_POINT('',(29.5,-29.5,0.));
#6811 = DIRECTION('',(0.,0.,1.));
#6812 = DIRECTION('',(1.,0.,0.));
#6813 = PCURVE('',#6481,#6814);
#6814 = DEFINITIONAL_REPRESENTATION('',(#6815),#6819);
#6815 = CIRCLE('',#6816,1.7);
#6816 = AXIS2_PLACEMENT_2D('',#6817,#6818);
#6817 = CARTESIAN_POINT('',(29.5,-29.5));
#6818 = DIRECTION('',(1.,0.));
#6819 = ( GEOMETRIC_REPRESENTATION_CONTEXT(2) 
PARAMETRIC_REPRESENTATION_CONTEXT() REPRESENTATION_CONTEXT('2D SPACE',''
  ) );
#6820 = PCURVE('',#6821,#6826);
#6821 = CYLINDRICAL_SURFACE('',#6822,1.7);
#6822 = AXIS2_PLACEMENT_3D('',#6823,#6824,#6825);
#6823 = CARTESIAN_POINT('',(29.5,-29.5,0.));
#6824 = DIRECTION('',(-0.,-0.,-1.));
#6825 = DIRECTION('',(1.,0.,0.));
#6826 = DEFINITIONAL_REPRESENTATION('',(#6827),#6831);
#6827 = LINE('',#6828,#6829);
#6828 = CARTESIAN_POINT('',(-0.,0.));
#6829 = VECTOR('',#6830,1.);
#6830 = DIRECTION('',(-1.,0.));
#6831 = ( GEOMETRIC_REPRESENTATION_CONTEXT(2) 
PARAMETRIC_REPRESENTATION_CONTEXT() REPRESENTATION_CONTEXT('2D SPACE',''
  ) );
#6832 = FACE_BOUND('',#6833,.F.);
#6833 = EDGE_LOOP('',(#6834));
#6834 = ORIENTED_EDGE('',*,*,#6835,.F.);
#6835 = EDGE_CURVE('',#6836,#6836,#6838,.T.);
#6836 = VERTEX_POINT('',#6837);
#6837 = CARTESIAN_POINT('',(-27.8,29.5,0.));
#6838 = SURFACE_CURVE('',#6839,(#6844,#6851),.PCURVE_S1.);
#6839 = CIRCLE('',#6840,1.7);
#6840 = AXIS2_PLACEMENT_3D('',#6841,#6842,#6843);
#6841 = CARTESIAN_POINT('',(-29.5,29.5,0.));
#6842 = DIRECTION('',(0.,0.,1.));
#6843 = DIRECTION('',(1.,0.,0.));
#6844 = PCURVE('',#6481,#6845);
#6845 = DEFINITIONAL_REPRESENTATION('',(#6846),#6850);
#6846 = CIRCLE('',#6847,1.7);
#6847 = AXIS2_PLACEMENT_2D('',#6848,#6849);
#6848 = CARTESIAN_POINT('',(-29.5,29.5));
#6849 = DIRECTION('',(1.,0.));
#6850 = ( GEOMETRIC_REPRESENTATION_CONTEXT(2) 
PARAMETRIC_REPRESENTATION_CONTEXT() REPRESENTATION_CONTEXT('2D SPACE',''
  ) );
#6851 = PCURVE('',#6852,#6857);
#6852 = CYLINDRICAL_SURFACE('',#6853,1.7);
#6853 = AXIS2_PLACEMENT_3D('',#6854,#6855,#6856);
#6854 = CARTESIAN_POINT('',(-29.5,29.5,0.));
#6855 = DIRECTION('',(-0.,-0.,-1.));
#6856 = DIRECTION('',(1.,0.,0.));
#6857 = DEFINITIONAL_REPRESENTATION('',(#6858),#6862);
#6858 = LINE('',#6859,#6860);
#6859 = CARTESIAN_POINT('',(-0.,0.));
#6860 = VECTOR('',#6861,1.);
#6861 = DIRECTION('',(-1.,0.));
#6862 = ( GEOMETRIC_REPRESENTATION_CONTEXT(2) 
PARAMETRIC_REPRESENTATION_CONTEXT() REPRESENTATION_CONTEXT('2D SPACE',''
  ) );
#6863 = FACE_BOUND('',#6864,.F.);
#6864 = EDGE_LOOP('',(#6865));
#6865 = ORIENTED_EDGE('',*,*,#6866,.F.);
#6866 = EDGE_CURVE('',#6867,#6867,#6869,.T.);
#6867 = VERTEX_POINT('',#6868);
#6868 = CARTESIAN_POINT('',(31.2,29.5,0.));
#6869 = SURFACE_CURVE('',#6870,(#6875,#6882),.PCURVE_S1.);
#6870 = CIRCLE('',#6871,1.7);
#6871 = AXIS2_PLACEMENT_3D('',#6872,#6873,#6874);
#6872 = CARTESIAN_POINT('',(29.5,29.5,0.));
#6873 = DIRECTION('',(0.,0.,1.));
#6874 = DIRECTION('',(1.,0.,0.));
#6875 = PCURVE('',#6481,#6876);
#6876 = DEFINITIONAL_REPRESENTATION('',(#6877),#6881);
#6877 = CIRCLE('',#6878,1.7);
#6878 = AXIS2_PLACEMENT_2D('',#6879,#6880);
#6879 = CARTESIAN_POINT('',(29.5,29.5));
#6880 = DIRECTION('',(1.,0.));
#6881 = ( GEOMETRIC_REPRESENTATION_CONTEXT(2) 
PARAMETRIC_REPRESENTATION_CONTEXT() REPRESENTATION_CONTEXT('2D SPACE',''
  ) );
#6882 = PCURVE('',#6883,#6888);
#6883 = CYLINDRICAL_SURFACE('',#6884,1.7);
#6884 = AXIS2_PLACEMENT_3D('',#6885,#6886,#6887);
#6885 = CARTESIAN_POINT('',(29.5,29.5,0.));
#6886 = DIRECTION('',(-0.,-0.,-1.));
#6887 = DIRECTION('',(1.,0.,0.));
#6888 = DEFINITIONAL_REPRESENTATION('',(#6889),#6893);
#6889 = LINE('',#6890,#6891);
#6890 = CARTESIAN_POINT('',(-0.,0.));
#6891 = VECTOR('',#6892,1.);
#6892 = DIRECTION('',(-1.,0.));
#6893 = ( GEOMETRIC_REPRESENTATION_CONTEXT(2) 
PARAMETRIC_REPRESENTATION_CONTEXT() REPRESENTATION_CONTEXT('2D SPACE',''
  ) );
#6894 = ADVANCED_FACE('',(#6895),#6509,.T.);
#6895 = FACE_BOUND('',#6896,.F.);
#6896 = EDGE_LOOP('',(#6897,#6898,#6921,#6947));
#6897 = ORIENTED_EDGE('',*,*,#6745,.T.);
#6898 = ORIENTED_EDGE('',*,*,#6899,.T.);
#6899 = EDGE_CURVE('',#6718,#6900,#6902,.T.);
#6900 = VERTEX_POINT('',#6901);
#6901 = CARTESIAN_POINT('',(-33.3,-31.3,3.));
#6902 = SURFACE_CURVE('',#6903,(#6907,#6914),.PCURVE_S1.);
#6903 = LINE('',#6904,#6905);
#6904 = CARTESIAN_POINT('',(-33.3,-31.3,0.));
#6905 = VECTOR('',#6906,1.);
#6906 = DIRECTION('',(0.,0.,1.));
#6907 = PCURVE('',#6509,#6908);
#6908 = DEFINITIONAL_REPRESENTATION('',(#6909),#6913);
#6909 = LINE('',#6910,#6911);
#6910 = CARTESIAN_POINT('',(-1.570796326795,0.));
#6911 = VECTOR('',#6912,1.);
#6912 = DIRECTION('',(-0.,1.));
#6913 = ( GEOMETRIC_REPRESENTATION_CONTEXT(2) 
PARAMETRIC_REPRESENTATION_CONTEXT() REPRESENTATION_CONTEXT('2D SPACE',''
  ) );
#6914 = PCURVE('',#6733,#6915);
#6915 = DEFINITIONAL_REPRESENTATION('',(#6916),#6920);
#6916 = LINE('',#6917,#6918);
#6917 = CARTESIAN_POINT('',(64.6,0.));
#6918 = VECTOR('',#6919,1.);
#6919 = DIRECTION('',(0.,-1.));
#6920 = ( GEOMETRIC_REPRESENTATION_CONTEXT(2) 
PARAMETRIC_REPRESENTATION_CONTEXT() REPRESENTATION_CONTEXT('2D SPACE',''
  ) );
#6921 = ORIENTED_EDGE('',*,*,#6922,.F.);
#6922 = EDGE_CURVE('',#6494,#6900,#6923,.T.);
#6923 = SURFACE_CURVE('',#6924,(#6929,#6936),.PCURVE_S1.);
#6924 = CIRCLE('',#6925,2.);
#6925 = AXIS2_PLACEMENT_3D('',#6926,#6927,#6928);
#6926 = CARTESIAN_POINT('',(-31.3,-31.3,3.));
#6927 = DIRECTION('',(-0.,-0.,-1.));
#6928 = DIRECTION('',(0.,-1.,0.));
#6929 = PCURVE('',#6509,#6930);
#6930 = DEFINITIONAL_REPRESENTATION('',(#6931),#6935);
#6931 = LINE('',#6932,#6933);
#6932 = CARTESIAN_POINT('',(-0.,3.));
#6933 = VECTOR('',#6934,1.);
#6934 = DIRECTION('',(-1.,0.));
#6935 = ( GEOMETRIC_REPRESENTATION_CONTEXT(2) 
PARAMETRIC_REPRESENTATION_CONTEXT() REPRESENTATION_CONTEXT('2D SPACE',''
  ) );
#6936 = PCURVE('',#6537,#6937);
#6937 = DEFINITIONAL_REPRESENTATION('',(#6938),#6946);
#6938 = ( BOUNDED_CURVE() B_SPLINE_CURVE(2,(#6939,#6940,#6941,#6942,
#6943,#6944,#6945),.UNSPECIFIED.,.T.,.F.) B_SPLINE_CURVE_WITH_KNOTS((1,2
    ,2,2,2,1),(-2.094395102393,0.,2.094395102393,4.188790204786,
6.28318530718,8.377580409573),.UNSPECIFIED.) CURVE() 
GEOMETRIC_REPRESENTATION_ITEM() RATIONAL_B_SPLINE_CURVE((1.,0.5,1.,0.5,
1.,0.5,1.)) REPRESENTATION_ITEM('') );
#6939 = CARTESIAN_POINT('',(-31.3,-33.3));
#6940 = CARTESIAN_POINT('',(-34.76410161513,-33.3));
#6941 = CARTESIAN_POINT('',(-33.03205080756,-30.3));
#6942 = CARTESIAN_POINT('',(-31.3,-27.3));
#6943 = CARTESIAN_POINT('',(-29.56794919243,-30.3));
#6944 = CARTESIAN_POINT('',(-27.83589838486,-33.3));
#6945 = CARTESIAN_POINT('',(-31.3,-33.3));
#6946 = ( GEOMETRIC_REPRESENTATION_CONTEXT(2) 
PARAMETRIC_REPRESENTATION_CONTEXT() REPRESENTATION_CONTEXT('2D SPACE',''
  ) );
#6947 = ORIENTED_EDGE('',*,*,#6493,.F.);
#6948 = ADVANCED_FACE('',(#6949),#6563,.T.);
#6949 = FACE_BOUND('',#6950,.T.);
#6950 = EDGE_LOOP('',(#6951,#6952,#6975,#6997));
#6951 = ORIENTED_EDGE('',*,*,#6579,.T.);
#6952 = ORIENTED_EDGE('',*,*,#6953,.T.);
#6953 = EDGE_CURVE('',#6580,#6954,#6956,.T.);
#6954 = VERTEX_POINT('',#6955);
#6955 = CARTESIAN_POINT('',(33.3,-31.3,3.));
#6956 = SURFACE_CURVE('',#6957,(#6961,#6968),.PCURVE_S1.);
#6957 = LINE('',#6958,#6959);
#6958 = CARTESIAN_POINT('',(33.3,-31.3,0.));
#6959 = VECTOR('',#6960,1.);
#6960 = DIRECTION('',(0.,0.,1.));
#6961 = PCURVE('',#6563,#6962);
#6962 = DEFINITIONAL_REPRESENTATION('',(#6963),#6967);
#6963 = LINE('',#6964,#6965);
#6964 = CARTESIAN_POINT('',(1.570796326795,0.));
#6965 = VECTOR('',#6966,1.);
#6966 = DIRECTION('',(0.,1.));
#6967 = ( GEOMETRIC_REPRESENTATION_CONTEXT(2) 
PARAMETRIC_REPRESENTATION_CONTEXT() REPRESENTATION_CONTEXT('2D SPACE',''
  ) );
#6968 = PCURVE('',#6619,#6969);
#6969 = DEFINITIONAL_REPRESENTATION('',(#6970),#6974);
#6970 = LINE('',#6971,#6972);
#6971 = CARTESIAN_POINT('',(2.,0.));
#6972 = VECTOR('',#6973,1.);
#6973 = DIRECTION('',(0.,-1.));
#6974 = ( GEOMETRIC_REPRESENTATION_CONTEXT(2) 
PARAMETRIC_REPRESENTATION_CONTEXT() REPRESENTATION_CONTEXT('2D SPACE',''
  ) );
#6975 = ORIENTED_EDGE('',*,*,#6976,.F.);
#6976 = EDGE_CURVE('',#6522,#6954,#6977,.T.);
#6977 = SURFACE_CURVE('',#6978,(#6983,#6990),.PCURVE_S1.);
#6978 = CIRCLE('',#6979,2.);
#6979 = AXIS2_PLACEMENT_3D('',#6980,#6981,#6982);
#6980 = CARTESIAN_POINT('',(31.3,-31.3,3.));
#6981 = DIRECTION('',(0.,0.,1.));
#6982 = DIRECTION('',(0.,-1.,0.));
#6983 = PCURVE('',#6563,#6984);
#6984 = DEFINITIONAL_REPRESENTATION('',(#6985),#6989);
#6985 = LINE('',#6986,#6987);
#6986 = CARTESIAN_POINT('',(0.,3.));
#6987 = VECTOR('',#6988,1.);
#6988 = DIRECTION('',(1.,0.));
#6989 = ( GEOMETRIC_REPRESENTATION_CONTEXT(2) 
PARAMETRIC_REPRESENTATION_CONTEXT() REPRESENTATION_CONTEXT('2D SPACE',''
  ) );
#6990 = PCURVE('',#6537,#6991);
#6991 = DEFINITIONAL_REPRESENTATION('',(#6992),#6996);
#6992 = CIRCLE('',#6993,2.);
#6993 = AXIS2_PLACEMENT_2D('',#6994,#6995);
#6994 = CARTESIAN_POINT('',(31.3,-31.3));
#6995 = DIRECTION('',(0.,-1.));
#6996 = ( GEOMETRIC_REPRESENTATION_CONTEXT(2) 
PARAMETRIC_REPRESENTATION_CONTEXT() REPRESENTATION_CONTEXT('2D SPACE',''
  ) );
#6997 = ORIENTED_EDGE('',*,*,#6549,.F.);
#6998 = ADVANCED_FACE('',(#6999,#7119,#7145,#7171,#7277,#7303),#6537,.T.
  );
#6999 = FACE_BOUND('',#7000,.T.);
#7000 = EDGE_LOOP('',(#7001,#7002,#7003,#7026,#7050,#7073,#7097,#7118));
#7001 = ORIENTED_EDGE('',*,*,#6521,.T.);
#7002 = ORIENTED_EDGE('',*,*,#6976,.T.);
#7003 = ORIENTED_EDGE('',*,*,#7004,.T.);
#7004 = EDGE_CURVE('',#6954,#7005,#7007,.T.);
#7005 = VERTEX_POINT('',#7006);
#7006 = CARTESIAN_POINT('',(33.3,31.3,3.));
#7007 = SURFACE_CURVE('',#7008,(#7012,#7019),.PCURVE_S1.);
#7008 = LINE('',#7009,#7010);
#7009 = CARTESIAN_POINT('',(33.3,-33.3,3.));
#7010 = VECTOR('',#7011,1.);
#7011 = DIRECTION('',(0.,1.,0.));
#7012 = PCURVE('',#6537,#7013);
#7013 = DEFINITIONAL_REPRESENTATION('',(#7014),#7018);
#7014 = LINE('',#7015,#7016);
#7015 = CARTESIAN_POINT('',(33.3,-33.3));
#7016 = VECTOR('',#7017,1.);
#7017 = DIRECTION('',(0.,1.));
#7018 = ( GEOMETRIC_REPRESENTATION_CONTEXT(2) 
PARAMETRIC_REPRESENTATION_CONTEXT() REPRESENTATION_CONTEXT('2D SPACE',''
  ) );
#7019 = PCURVE('',#6619,#7020);
#7020 = DEFINITIONAL_REPRESENTATION('',(#7021),#7025);
#7021 = LINE('',#7022,#7023);
#7022 = CARTESIAN_POINT('',(0.,-3.));
#7023 = VECTOR('',#7024,1.);
#7024 = DIRECTION('',(1.,0.));
#7025 = ( GEOMETRIC_REPRESENTATION_CONTEXT(2) 
PARAMETRIC_REPRESENTATION_CONTEXT() REPRESENTATION_CONTEXT('2D SPACE',''
  ) );
#7026 = ORIENTED_EDGE('',*,*,#7027,.T.);
#7027 = EDGE_CURVE('',#7005,#7028,#7030,.T.);
#7028 = VERTEX_POINT('',#7029);
#7029 = CARTESIAN_POINT('',(31.3,33.3,3.));
#7030 = SURFACE_CURVE('',#7031,(#7036,#7043),.PCURVE_S1.);
#7031 = CIRCLE('',#7032,2.);
#7032 = AXIS2_PLACEMENT_3D('',#7033,#7034,#7035);
#7033 = CARTESIAN_POINT('',(31.3,31.3,3.));
#7034 = DIRECTION('',(0.,0.,1.));
#7035 = DIRECTION('',(0.,-1.,0.));
#7036 = PCURVE('',#6537,#7037);
#7037 = DEFINITIONAL_REPRESENTATION('',(#7038),#7042);
#7038 = CIRCLE('',#7039,2.);
#7039 = AXIS2_PLACEMENT_2D('',#7040,#7041);
#7040 = CARTESIAN_POINT('',(31.3,31.3));
#7041 = DIRECTION('',(0.,-1.));
#7042 = ( GEOMETRIC_REPRESENTATION_CONTEXT(2) 
PARAMETRIC_REPRESENTATION_CONTEXT() REPRESENTATION_CONTEXT('2D SPACE',''
  ) );
#7043 = PCURVE('',#6648,#7044);
#7044 = DEFINITIONAL_REPRESENTATION('',(#7045),#7049);
#7045 = LINE('',#7046,#7047);
#7046 = CARTESIAN_POINT('',(-1.570796326795,3.));
#7047 = VECTOR('',#7048,1.);
#7048 = DIRECTION('',(1.,0.));
#7049 = ( GEOMETRIC_REPRESENTATION_CONTEXT(2) 
PARAMETRIC_REPRESENTATION_CONTEXT() REPRESENTATION_CONTEXT('2D SPACE',''
  ) );
#7050 = ORIENTED_EDGE('',*,*,#7051,.T.);
#7051 = EDGE_CURVE('',#7028,#7052,#7054,.T.);
#7052 = VERTEX_POINT('',#7053);
#7053 = CARTESIAN_POINT('',(-31.3,33.3,3.));
#7054 = SURFACE_CURVE('',#7055,(#7059,#7066),.PCURVE_S1.);
#7055 = LINE('',#7056,#7057);
#7056 = CARTESIAN_POINT('',(33.3,33.3,3.));
#7057 = VECTOR('',#7058,1.);
#7058 = DIRECTION('',(-1.,0.,0.));
#7059 = PCURVE('',#6537,#7060);
#7060 = DEFINITIONAL_REPRESENTATION('',(#7061),#7065);
#7061 = LINE('',#7062,#7063);
#7062 = CARTESIAN_POINT('',(33.3,33.3));
#7063 = VECTOR('',#7064,1.);
#7064 = DIRECTION('',(-1.,0.));
#7065 = ( GEOMETRIC_REPRESENTATION_CONTEXT(2) 
PARAMETRIC_REPRESENTATION_CONTEXT() REPRESENTATION_CONTEXT('2D SPACE',''
  ) );
#7066 = PCURVE('',#6676,#7067);
#7067 = DEFINITIONAL_REPRESENTATION('',(#7068),#7072);
#7068 = LINE('',#7069,#7070);
#7069 = CARTESIAN_POINT('',(0.,-3.));
#7070 = VECTOR('',#7071,1.);
#7071 = DIRECTION('',(1.,0.));
#7072 = ( GEOMETRIC_REPRESENTATION_CONTEXT(2) 
PARAMETRIC_REPRESENTATION_CONTEXT() REPRESENTATION_CONTEXT('2D SPACE',''
  ) );
#7073 = ORIENTED_EDGE('',*,*,#7074,.T.);
#7074 = EDGE_CURVE('',#7052,#7075,#7077,.T.);
#7075 = VERTEX_POINT('',#7076);
#7076 = CARTESIAN_POINT('',(-33.3,31.3,3.));
#7077 = SURFACE_CURVE('',#7078,(#7083,#7090),.PCURVE_S1.);
#7078 = CIRCLE('',#7079,2.);
#7079 = AXIS2_PLACEMENT_3D('',#7080,#7081,#7082);
#7080 = CARTESIAN_POINT('',(-31.3,31.3,3.));
#7081 = DIRECTION('',(0.,0.,1.));
#7082 = DIRECTION('',(0.,-1.,0.));
#7083 = PCURVE('',#6537,#7084);
#7084 = DEFINITIONAL_REPRESENTATION('',(#7085),#7089);
#7085 = CIRCLE('',#7086,2.);
#7086 = AXIS2_PLACEMENT_2D('',#7087,#7088);
#7087 = CARTESIAN_POINT('',(-31.3,31.3));
#7088 = DIRECTION('',(0.,-1.));
#7089 = ( GEOMETRIC_REPRESENTATION_CONTEXT(2) 
PARAMETRIC_REPRESENTATION_CONTEXT() REPRESENTATION_CONTEXT('2D SPACE',''
  ) );
#7090 = PCURVE('',#6705,#7091);
#7091 = DEFINITIONAL_REPRESENTATION('',(#7092),#7096);
#7092 = LINE('',#7093,#7094);
#7093 = CARTESIAN_POINT('',(-3.14159265359,3.));
#7094 = VECTOR('',#7095,1.);
#7095 = DIRECTION('',(1.,0.));
#7096 = ( GEOMETRIC_REPRESENTATION_CONTEXT(2) 
PARAMETRIC_REPRESENTATION_CONTEXT() REPRESENTATION_CONTEXT('2D SPACE',''
  ) );
#7097 = ORIENTED_EDGE('',*,*,#7098,.T.);
#7098 = EDGE_CURVE('',#7075,#6900,#7099,.T.);
#7099 = SURFACE_CURVE('',#7100,(#7104,#7111),.PCURVE_S1.);
#7100 = LINE('',#7101,#7102);
#7101 = CARTESIAN_POINT('',(-33.3,33.3,3.));
#7102 = VECTOR('',#7103,1.);
#7103 = DIRECTION('',(0.,-1.,0.));
#7104 = PCURVE('',#6537,#7105);
#7105 = DEFINITIONAL_REPRESENTATION('',(#7106),#7110);
#7106 = LINE('',#7107,#7108);
#7107 = CARTESIAN_POINT('',(-33.3,33.3));
#7108 = VECTOR('',#7109,1.);
#7109 = DIRECTION('',(0.,-1.));
#7110 = ( GEOMETRIC_REPRESENTATION_CONTEXT(2) 
PARAMETRIC_REPRESENTATION_CONTEXT() REPRESENTATION_CONTEXT('2D SPACE',''
  ) );
#7111 = PCURVE('',#6733,#7112);
#7112 = DEFINITIONAL_REPRESENTATION('',(#7113),#7117);
#7113 = LINE('',#7114,#7115);
#7114 = CARTESIAN_POINT('',(0.,-3.));
#7115 = VECTOR('',#7116,1.);
#7116 = DIRECTION('',(1.,0.));
#7117 = ( GEOMETRIC_REPRESENTATION_CONTEXT(2) 
PARAMETRIC_REPRESENTATION_CONTEXT() REPRESENTATION_CONTEXT('2D SPACE',''
  ) );
#7118 = ORIENTED_EDGE('',*,*,#6922,.F.);
#7119 = FACE_BOUND('',#7120,.T.);
#7120 = EDGE_LOOP('',(#7121));
#7121 = ORIENTED_EDGE('',*,*,#7122,.F.);
#7122 = EDGE_CURVE('',#7123,#7123,#7125,.T.);
#7123 = VERTEX_POINT('',#7124);
#7124 = CARTESIAN_POINT('',(-27.8,-29.5,3.));
#7125 = SURFACE_CURVE('',#7126,(#7131,#7138),.PCURVE_S1.);
#7126 = CIRCLE('',#7127,1.7);
#7127 = AXIS2_PLACEMENT_3D('',#7128,#7129,#7130);
#7128 = CARTESIAN_POINT('',(-29.5,-29.5,3.));
#7129 = DIRECTION('',(0.,0.,1.));
#7130 = DIRECTION('',(1.,0.,0.));
#7131 = PCURVE('',#6537,#7132);
#7132 = DEFINITIONAL_REPRESENTATION('',(#7133),#7137);
#7133 = CIRCLE('',#7134,1.7);
#7134 = AXIS2_PLACEMENT_2D('',#7135,#7136);
#7135 = CARTESIAN_POINT('',(-29.5,-29.5));
#7136 = DIRECTION('',(1.,0.));
#7137 = ( GEOMETRIC_REPRESENTATION_CONTEXT(2) 
PARAMETRIC_REPRESENTATION_CONTEXT() REPRESENTATION_CONTEXT('2D SPACE',''
  ) );
#7138 = PCURVE('',#6790,#7139);
#7139 = DEFINITIONAL_REPRESENTATION('',(#7140),#7144);
#7140 = LINE('',#7141,#7142);
#7141 = CARTESIAN_POINT('',(-0.,-3.));
#7142 = VECTOR('',#7143,1.);
#7143 = DIRECTION('',(-1.,0.));
#7144 = ( GEOMETRIC_REPRESENTATION_CONTEXT(2) 
PARAMETRIC_REPRESENTATION_CONTEXT() REPRESENTATION_CONTEXT('2D SPACE',''
  ) );
#7145 = FACE_BOUND('',#7146,.T.);
#7146 = EDGE_LOOP('',(#7147));
#7147 = ORIENTED_EDGE('',*,*,#7148,.F.);
#7148 = EDGE_CURVE('',#7149,#7149,#7151,.T.);
#7149 = VERTEX_POINT('',#7150);
#7150 = CARTESIAN_POINT('',(31.2,-29.5,3.));
#7151 = SURFACE_CURVE('',#7152,(#7157,#7164),.PCURVE_S1.);
#7152 = CIRCLE('',#7153,1.7);
#7153 = AXIS2_PLACEMENT_3D('',#7154,#7155,#7156);
#7154 = CARTESIAN_POINT('',(29.5,-29.5,3.));
#7155 = DIRECTION('',(0.,0.,1.));
#7156 = DIRECTION('',(1.,0.,0.));
#7157 = PCURVE('',#6537,#7158);
#7158 = DEFINITIONAL_REPRESENTATION('',(#7159),#7163);
#7159 = CIRCLE('',#7160,1.7);
#7160 = AXIS2_PLACEMENT_2D('',#7161,#7162);
#7161 = CARTESIAN_POINT('',(29.5,-29.5));
#7162 = DIRECTION('',(1.,0.));
#7163 = ( GEOMETRIC_REPRESENTATION_CONTEXT(2) 
PARAMETRIC_REPRESENTATION_CONTEXT() REPRESENTATION_CONTEXT('2D SPACE',''
  ) );
#7164 = PCURVE('',#6821,#7165);
#7165 = DEFINITIONAL_REPRESENTATION('',(#7166),#7170);
#7166 = LINE('',#7167,#7168);
#7167 = CARTESIAN_POINT('',(-0.,-3.));
#7168 = VECTOR('',#7169,1.);
#7169 = DIRECTION('',(-1.,0.));
#7170 = ( GEOMETRIC_REPRESENTATION_CONTEXT(2) 
PARAMETRIC_REPRESENTATION_CONTEXT() REPRESENTATION_CONTEXT('2D SPACE',''
  ) );
#7171 = FACE_BOUND('',#7172,.T.);
#7172 = EDGE_LOOP('',(#7173,#7201,#7227,#7253));
#7173 = ORIENTED_EDGE('',*,*,#7174,.T.);
#7174 = EDGE_CURVE('',#7175,#7177,#7179,.T.);
#7175 = VERTEX_POINT('',#7176);
#7176 = CARTESIAN_POINT('',(6.,1.5,3.));
#7177 = VERTEX_POINT('',#7178);
#7178 = CARTESIAN_POINT('',(6.,-1.5,3.));
#7179 = SURFACE_CURVE('',#7180,(#7184,#7190),.PCURVE_S1.);
#7180 = LINE('',#7181,#7182);
#7181 = CARTESIAN_POINT('',(6.,-0.75,3.));
#7182 = VECTOR('',#7183,1.);
#7183 = DIRECTION('',(0.,-1.,0.));
#7184 = PCURVE('',#6537,#7185);
#7185 = DEFINITIONAL_REPRESENTATION('',(#7186),#7189);
#7186 = B_SPLINE_CURVE_WITH_KNOTS('',1,(#7187,#7188),.UNSPECIFIED.,.F.,
  .F.,(2,2),(-2.25,0.75),.PIECEWISE_BEZIER_KNOTS.);
#7187 = CARTESIAN_POINT('',(6.,1.5));
#7188 = CARTESIAN_POINT('',(6.,-1.5));
#7189 = ( GEOMETRIC_REPRESENTATION_CONTEXT(2) 
PARAMETRIC_REPRESENTATION_CONTEXT() REPRESENTATION_CONTEXT('2D SPACE',''
  ) );
#7190 = PCURVE('',#7191,#7196);
#7191 = PLANE('',#7192);
#7192 = AXIS2_PLACEMENT_3D('',#7193,#7194,#7195);
#7193 = CARTESIAN_POINT('',(6.,-1.5,2.2));
#7194 = DIRECTION('',(-1.,0.,0.));
#7195 = DIRECTION('',(0.,1.,0.));
#7196 = DEFINITIONAL_REPRESENTATION('',(#7197),#7200);
#7197 = B_SPLINE_CURVE_WITH_KNOTS('',1,(#7198,#7199),.UNSPECIFIED.,.F.,
  .F.,(2,2),(-2.25,0.75),.PIECEWISE_BEZIER_KNOTS.);
#7198 = CARTESIAN_POINT('',(3.,-0.8));
#7199 = CARTESIAN_POINT('',(0.,-0.8));
#7200 = ( GEOMETRIC_REPRESENTATION_CONTEXT(2) 
PARAMETRIC_REPRESENTATION_CONTEXT() REPRESENTATION_CONTEXT('2D SPACE',''
  ) );
#7201 = ORIENTED_EDGE('',*,*,#7202,.T.);
#7202 = EDGE_CURVE('',#7177,#7203,#7205,.T.);
#7203 = VERTEX_POINT('',#7204);
#7204 = CARTESIAN_POINT('',(-6.,-1.5,3.));
#7205 = SURFACE_CURVE('',#7206,(#7210,#7216),.PCURVE_S1.);
#7206 = LINE('',#7207,#7208);
#7207 = CARTESIAN_POINT('',(-3.,-1.5,3.));
#7208 = VECTOR('',#7209,1.);
#7209 = DIRECTION('',(-1.,0.,0.));
#7210 = PCURVE('',#6537,#7211);
#7211 = DEFINITIONAL_REPRESENTATION('',(#7212),#7215);
#7212 = B_SPLINE_CURVE_WITH_KNOTS('',1,(#7213,#7214),.UNSPECIFIED.,.F.,
  .F.,(2,2),(-9.,3.),.PIECEWISE_BEZIER_KNOTS.);
#7213 = CARTESIAN_POINT('',(6.,-1.5));
#7214 = CARTESIAN_POINT('',(-6.,-1.5));
#7215 = ( GEOMETRIC_REPRESENTATION_CONTEXT(2) 
PARAMETRIC_REPRESENTATION_CONTEXT() REPRESENTATION_CONTEXT('2D SPACE',''
  ) );
#7216 = PCURVE('',#7217,#7222);
#7217 = PLANE('',#7218);
#7218 = AXIS2_PLACEMENT_3D('',#7219,#7220,#7221);
#7219 = CARTESIAN_POINT('',(-6.,-1.5,2.2));
#7220 = DIRECTION('',(0.,1.,0.));
#7221 = DIRECTION('',(1.,0.,0.));
#7222 = DEFINITIONAL_REPRESENTATION('',(#7223),#7226);
#7223 = B_SPLINE_CURVE_WITH_KNOTS('',1,(#7224,#7225),.UNSPECIFIED.,.F.,
  .F.,(2,2),(-9.,3.),.PIECEWISE_BEZIER_KNOTS.);
#7224 = CARTESIAN_POINT('',(12.,-0.8));
#7225 = CARTESIAN_POINT('',(0.,-0.8));
#7226 = ( GEOMETRIC_REPRESENTATION_CONTEXT(2) 
PARAMETRIC_REPRESENTATION_CONTEXT() REPRESENTATION_CONTEXT('2D SPACE',''
  ) );
#7227 = ORIENTED_EDGE('',*,*,#7228,.T.);
#7228 = EDGE_CURVE('',#7203,#7229,#7231,.T.);
#7229 = VERTEX_POINT('',#7230);
#7230 = CARTESIAN_POINT('',(-6.,1.5,3.));
#7231 = SURFACE_CURVE('',#7232,(#7236,#7242),.PCURVE_S1.);
#7232 = LINE('',#7233,#7234);
#7233 = CARTESIAN_POINT('',(-6.,0.75,3.));
#7234 = VECTOR('',#7235,1.);
#7235 = DIRECTION('',(-0.,1.,0.));
#7236 = PCURVE('',#6537,#7237);
#7237 = DEFINITIONAL_REPRESENTATION('',(#7238),#7241);
#7238 = B_SPLINE_CURVE_WITH_KNOTS('',1,(#7239,#7240),.UNSPECIFIED.,.F.,
  .F.,(2,2),(-2.25,0.75),.PIECEWISE_BEZIER_KNOTS.);
#7239 = CARTESIAN_POINT('',(-6.,-1.5));
#7240 = CARTESIAN_POINT('',(-6.,1.5));
#7241 = ( GEOMETRIC_REPRESENTATION_CONTEXT(2) 
PARAMETRIC_REPRESENTATION_CONTEXT() REPRESENTATION_CONTEXT('2D SPACE',''
  ) );
#7242 = PCURVE('',#7243,#7248);
#7243 = PLANE('',#7244);
#7244 = AXIS2_PLACEMENT_3D('',#7245,#7246,#7247);
#7245 = CARTESIAN_POINT('',(-6.,1.5,2.2));
#7246 = DIRECTION('',(1.,0.,-0.));
#7247 = DIRECTION('',(0.,-1.,0.));
#7248 = DEFINITIONAL_REPRESENTATION('',(#7249),#7252);
#7249 = B_SPLINE_CURVE_WITH_KNOTS('',1,(#7250,#7251),.UNSPECIFIED.,.F.,
  .F.,(2,2),(-2.25,0.75),.PIECEWISE_BEZIER_KNOTS.);
#7250 = CARTESIAN_POINT('',(3.,-0.8));
#7251 = CARTESIAN_POINT('',(0.,-0.8));
#7252 = ( GEOMETRIC_REPRESENTATION_CONTEXT(2) 
PARAMETRIC_REPRESENTATION_CONTEXT() REPRESENTATION_CONTEXT('2D SPACE',''
  ) );
#7253 = ORIENTED_EDGE('',*,*,#7254,.T.);
#7254 = EDGE_CURVE('',#7229,#7175,#7255,.T.);
#7255 = SURFACE_CURVE('',#7256,(#7260,#7266),.PCURVE_S1.);
#7256 = LINE('',#7257,#7258);
#7257 = CARTESIAN_POINT('',(3.,1.5,3.));
#7258 = VECTOR('',#7259,1.);
#7259 = DIRECTION('',(1.,0.,-0.));
#7260 = PCURVE('',#6537,#7261);
#7261 = DEFINITIONAL_REPRESENTATION('',(#7262),#7265);
#7262 = B_SPLINE_CURVE_WITH_KNOTS('',1,(#7263,#7264),.UNSPECIFIED.,.F.,
  .F.,(2,2),(-9.,3.),.PIECEWISE_BEZIER_KNOTS.);
#7263 = CARTESIAN_POINT('',(-6.,1.5));
#7264 = CARTESIAN_POINT('',(6.,1.5));
#7265 = ( GEOMETRIC_REPRESENTATION_CONTEXT(2) 
PARAMETRIC_REPRESENTATION_CONTEXT() REPRESENTATION_CONTEXT('2D SPACE',''
  ) );
#7266 = PCURVE('',#7267,#7272);
#7267 = PLANE('',#7268);
#7268 = AXIS2_PLACEMENT_3D('',#7269,#7270,#7271);
#7269 = CARTESIAN_POINT('',(6.,1.5,2.2));
#7270 = DIRECTION('',(0.,-1.,0.));
#7271 = DIRECTION('',(-1.,0.,0.));
#7272 = DEFINITIONAL_REPRESENTATION('',(#7273),#7276);
#7273 = B_SPLINE_CURVE_WITH_KNOTS('',1,(#7274,#7275),.UNSPECIFIED.,.F.,
  .F.,(2,2),(-9.,3.),.PIECEWISE_BEZIER_KNOTS.);
#7274 = CARTESIAN_POINT('',(12.,-0.8));
#7275 = CARTESIAN_POINT('',(0.,-0.8));
#7276 = ( GEOMETRIC_REPRESENTATION_CONTEXT(2) 
PARAMETRIC_REPRESENTATION_CONTEXT() REPRESENTATION_CONTEXT('2D SPACE',''
  ) );
#7277 = FACE_BOUND('',#7278,.T.);
#7278 = EDGE_LOOP('',(#7279));
#7279 = ORIENTED_EDGE('',*,*,#7280,.F.);
#7280 = EDGE_CURVE('',#7281,#7281,#7283,.T.);
#7281 = VERTEX_POINT('',#7282);
#7282 = CARTESIAN_POINT('',(-27.8,29.5,3.));
#7283 = SURFACE_CURVE('',#7284,(#7289,#7296),.PCURVE_S1.);
#7284 = CIRCLE('',#7285,1.7);
#7285 = AXIS2_PLACEMENT_3D('',#7286,#7287,#7288);
#7286 = CARTESIAN_POINT('',(-29.5,29.5,3.));
#7287 = DIRECTION('',(0.,0.,1.));
#7288 = DIRECTION('',(1.,0.,0.));
#7289 = PCURVE('',#6537,#7290);
#7290 = DEFINITIONAL_REPRESENTATION('',(#7291),#7295);
#7291 = CIRCLE('',#7292,1.7);
#7292 = AXIS2_PLACEMENT_2D('',#7293,#7294);
#7293 = CARTESIAN_POINT('',(-29.5,29.5));
#7294 = DIRECTION('',(1.,0.));
#7295 = ( GEOMETRIC_REPRESENTATION_CONTEXT(2) 
PARAMETRIC_REPRESENTATION_CONTEXT() REPRESENTATION_CONTEXT('2D SPACE',''
  ) );
#7296 = PCURVE('',#6852,#7297);
#7297 = DEFINITIONAL_REPRESENTATION('',(#7298),#7302);
#7298 = LINE('',#7299,#7300);
#7299 = CARTESIAN_POINT('',(-0.,-3.));
#7300 = VECTOR('',#7301,1.);
#7301 = DIRECTION('',(-1.,0.));
#7302 = ( GEOMETRIC_REPRESENTATION_CONTEXT(2) 
PARAMETRIC_REPRESENTATION_CONTEXT() REPRESENTATION_CONTEXT('2D SPACE',''
  ) );
#7303 = FACE_BOUND('',#7304,.T.);
#7304 = EDGE_LOOP('',(#7305));
#7305 = ORIENTED_EDGE('',*,*,#7306,.F.);
#7306 = EDGE_CURVE('',#7307,#7307,#7309,.T.);
#7307 = VERTEX_POINT('',#7308);
#7308 = CARTESIAN_POINT('',(31.2,29.5,3.));
#7309 = SURFACE_CURVE('',#7310,(#7315,#7322),.PCURVE_S1.);
#7310 = CIRCLE('',#7311,1.7);
#7311 = AXIS2_PLACEMENT_3D('',#7312,#7313,#7314);
#7312 = CARTESIAN_POINT('',(29.5,29.5,3.));
#7313 = DIRECTION('',(0.,0.,1.));
#7314 = DIRECTION('',(1.,0.,0.));
#7315 = PCURVE('',#6537,#7316);
#7316 = DEFINITIONAL_REPRESENTATION('',(#7317),#7321);
#7317 = CIRCLE('',#7318,1.7);
#7318 = AXIS2_PLACEMENT_2D('',#7319,#7320);
#7319 = CARTESIAN_POINT('',(29.5,29.5));
#7320 = DIRECTION('',(1.,0.));
#7321 = ( GEOMETRIC_REPRESENTATION_CONTEXT(2) 
PARAMETRIC_REPRESENTATION_CONTEXT() REPRESENTATION_CONTEXT('2D SPACE',''
  ) );
#7322 = PCURVE('',#6883,#7323);
#7323 = DEFINITIONAL_REPRESENTATION('',(#7324),#7328);
#7324 = LINE('',#7325,#7326);
#7325 = CARTESIAN_POINT('',(-0.,-3.));
#7326 = VECTOR('',#7327,1.);
#7327 = DIRECTION('',(-1.,0.));
#7328 = ( GEOMETRIC_REPRESENTATION_CONTEXT(2) 
PARAMETRIC_REPRESENTATION_CONTEXT() REPRESENTATION_CONTEXT('2D SPACE',''
  ) );
#7329 = ADVANCED_FACE('',(#7330),#6733,.F.);
#7330 = FACE_BOUND('',#7331,.F.);
#7331 = EDGE_LOOP('',(#7332,#7333,#7354,#7355));
#7332 = ORIENTED_EDGE('',*,*,#6717,.F.);
#7333 = ORIENTED_EDGE('',*,*,#7334,.T.);
#7334 = EDGE_CURVE('',#6689,#7075,#7335,.T.);
#7335 = SURFACE_CURVE('',#7336,(#7340,#7347),.PCURVE_S1.);
#7336 = LINE('',#7337,#7338);
#7337 = CARTESIAN_POINT('',(-33.3,31.3,0.));
#7338 = VECTOR('',#7339,1.);
#7339 = DIRECTION('',(0.,0.,1.));
#7340 = PCURVE('',#6733,#7341);
#7341 = DEFINITIONAL_REPRESENTATION('',(#7342),#7346);
#7342 = LINE('',#7343,#7344);
#7343 = CARTESIAN_POINT('',(2.,0.));
#7344 = VECTOR('',#7345,1.);
#7345 = DIRECTION('',(0.,-1.));
#7346 = ( GEOMETRIC_REPRESENTATION_CONTEXT(2) 
PARAMETRIC_REPRESENTATION_CONTEXT() REPRESENTATION_CONTEXT('2D SPACE',''
  ) );
#7347 = PCURVE('',#6705,#7348);
#7348 = DEFINITIONAL_REPRESENTATION('',(#7349),#7353);
#7349 = LINE('',#7350,#7351);
#7350 = CARTESIAN_POINT('',(1.570796326795,0.));
#7351 = VECTOR('',#7352,1.);
#7352 = DIRECTION('',(0.,1.));
#7353 = ( GEOMETRIC_REPRESENTATION_CONTEXT(2) 
PARAMETRIC_REPRESENTATION_CONTEXT() REPRESENTATION_CONTEXT('2D SPACE',''
  ) );
#7354 = ORIENTED_EDGE('',*,*,#7098,.T.);
#7355 = ORIENTED_EDGE('',*,*,#6899,.F.);
#7356 = ADVANCED_FACE('',(#7357),#6619,.F.);
#7357 = FACE_BOUND('',#7358,.F.);
#7358 = EDGE_LOOP('',(#7359,#7360,#7361,#7362));
#7359 = ORIENTED_EDGE('',*,*,#6603,.F.);
#7360 = ORIENTED_EDGE('',*,*,#6953,.T.);
#7361 = ORIENTED_EDGE('',*,*,#7004,.T.);
#7362 = ORIENTED_EDGE('',*,*,#7363,.F.);
#7363 = EDGE_CURVE('',#6604,#7005,#7364,.T.);
#7364 = SURFACE_CURVE('',#7365,(#7369,#7376),.PCURVE_S1.);
#7365 = LINE('',#7366,#7367);
#7366 = CARTESIAN_POINT('',(33.3,31.3,0.));
#7367 = VECTOR('',#7368,1.);
#7368 = DIRECTION('',(0.,0.,1.));
#7369 = PCURVE('',#6619,#7370);
#7370 = DEFINITIONAL_REPRESENTATION('',(#7371),#7375);
#7371 = LINE('',#7372,#7373);
#7372 = CARTESIAN_POINT('',(64.6,0.));
#7373 = VECTOR('',#7374,1.);
#7374 = DIRECTION('',(0.,-1.));
#7375 = ( GEOMETRIC_REPRESENTATION_CONTEXT(2) 
PARAMETRIC_REPRESENTATION_CONTEXT() REPRESENTATION_CONTEXT('2D SPACE',''
  ) );
#7376 = PCURVE('',#6648,#7377);
#7377 = DEFINITIONAL_REPRESENTATION('',(#7378),#7382);
#7378 = LINE('',#7379,#7380);
#7379 = CARTESIAN_POINT('',(0.,0.));
#7380 = VECTOR('',#7381,1.);
#7381 = DIRECTION('',(0.,1.));
#7382 = ( GEOMETRIC_REPRESENTATION_CONTEXT(2) 
PARAMETRIC_REPRESENTATION_CONTEXT() REPRESENTATION_CONTEXT('2D SPACE',''
  ) );
#7383 = ADVANCED_FACE('',(#7384),#6705,.T.);
#7384 = FACE_BOUND('',#7385,.T.);
#7385 = EDGE_LOOP('',(#7386,#7387,#7388,#7389));
#7386 = ORIENTED_EDGE('',*,*,#6688,.T.);
#7387 = ORIENTED_EDGE('',*,*,#7334,.T.);
#7388 = ORIENTED_EDGE('',*,*,#7074,.F.);
#7389 = ORIENTED_EDGE('',*,*,#7390,.F.);
#7390 = EDGE_CURVE('',#6661,#7052,#7391,.T.);
#7391 = SURFACE_CURVE('',#7392,(#7396,#7403),.PCURVE_S1.);
#7392 = LINE('',#7393,#7394);
#7393 = CARTESIAN_POINT('',(-31.3,33.3,0.));
#7394 = VECTOR('',#7395,1.);
#7395 = DIRECTION('',(0.,0.,1.));
#7396 = PCURVE('',#6705,#7397);
#7397 = DEFINITIONAL_REPRESENTATION('',(#7398),#7402);
#7398 = LINE('',#7399,#7400);
#7399 = CARTESIAN_POINT('',(0.,0.));
#7400 = VECTOR('',#7401,1.);
#7401 = DIRECTION('',(0.,1.));
#7402 = ( GEOMETRIC_REPRESENTATION_CONTEXT(2) 
PARAMETRIC_REPRESENTATION_CONTEXT() REPRESENTATION_CONTEXT('2D SPACE',''
  ) );
#7403 = PCURVE('',#6676,#7404);
#7404 = DEFINITIONAL_REPRESENTATION('',(#7405),#7409);
#7405 = LINE('',#7406,#7407);
#7406 = CARTESIAN_POINT('',(64.6,0.));
#7407 = VECTOR('',#7408,1.);
#7408 = DIRECTION('',(0.,-1.));
#7409 = ( GEOMETRIC_REPRESENTATION_CONTEXT(2) 
PARAMETRIC_REPRESENTATION_CONTEXT() REPRESENTATION_CONTEXT('2D SPACE',''
  ) );
#7410 = ADVANCED_FACE('',(#7411),#6648,.T.);
#7411 = FACE_BOUND('',#7412,.T.);
#7412 = EDGE_LOOP('',(#7413,#7414,#7435,#7436));
#7413 = ORIENTED_EDGE('',*,*,#6631,.T.);
#7414 = ORIENTED_EDGE('',*,*,#7415,.T.);
#7415 = EDGE_CURVE('',#6632,#7028,#7416,.T.);
#7416 = SURFACE_CURVE('',#7417,(#7421,#7428),.PCURVE_S1.);
#7417 = LINE('',#7418,#7419);
#7418 = CARTESIAN_POINT('',(31.3,33.3,0.));
#7419 = VECTOR('',#7420,1.);
#7420 = DIRECTION('',(0.,0.,1.));
#7421 = PCURVE('',#6648,#7422);
#7422 = DEFINITIONAL_REPRESENTATION('',(#7423),#7427);
#7423 = LINE('',#7424,#7425);
#7424 = CARTESIAN_POINT('',(1.570796326795,0.));
#7425 = VECTOR('',#7426,1.);
#7426 = DIRECTION('',(0.,1.));
#7427 = ( GEOMETRIC_REPRESENTATION_CONTEXT(2) 
PARAMETRIC_REPRESENTATION_CONTEXT() REPRESENTATION_CONTEXT('2D SPACE',''
  ) );
#7428 = PCURVE('',#6676,#7429);
#7429 = DEFINITIONAL_REPRESENTATION('',(#7430),#7434);
#7430 = LINE('',#7431,#7432);
#7431 = CARTESIAN_POINT('',(2.,0.));
#7432 = VECTOR('',#7433,1.);
#7433 = DIRECTION('',(0.,-1.));
#7434 = ( GEOMETRIC_REPRESENTATION_CONTEXT(2) 
PARAMETRIC_REPRESENTATION_CONTEXT() REPRESENTATION_CONTEXT('2D SPACE',''
  ) );
#7435 = ORIENTED_EDGE('',*,*,#7027,.F.);
#7436 = ORIENTED_EDGE('',*,*,#7363,.F.);
#7437 = ADVANCED_FACE('',(#7438),#6676,.F.);
#7438 = FACE_BOUND('',#7439,.F.);
#7439 = EDGE_LOOP('',(#7440,#7441,#7442,#7443));
#7440 = ORIENTED_EDGE('',*,*,#6660,.F.);
#7441 = ORIENTED_EDGE('',*,*,#7415,.T.);
#7442 = ORIENTED_EDGE('',*,*,#7051,.T.);
#7443 = ORIENTED_EDGE('',*,*,#7390,.F.);
#7444 = ADVANCED_FACE('',(#7445),#6790,.F.);
#7445 = FACE_BOUND('',#7446,.T.);
#7446 = EDGE_LOOP('',(#7447,#7468,#7469,#7470));
#7447 = ORIENTED_EDGE('',*,*,#7448,.T.);
#7448 = EDGE_CURVE('',#6774,#7123,#7449,.T.);
#7449 = SEAM_CURVE('',#7450,(#7454,#7461),.PCURVE_S1.);
#7450 = LINE('',#7451,#7452);
#7451 = CARTESIAN_POINT('',(-27.8,-29.5,0.));
#7452 = VECTOR('',#7453,1.);
#7453 = DIRECTION('',(0.,0.,1.));
#7454 = PCURVE('',#6790,#7455);
#7455 = DEFINITIONAL_REPRESENTATION('',(#7456),#7460);
#7456 = LINE('',#7457,#7458);
#7457 = CARTESIAN_POINT('',(-0.,0.));
#7458 = VECTOR('',#7459,1.);
#7459 = DIRECTION('',(-0.,-1.));
#7460 = ( GEOMETRIC_REPRESENTATION_CONTEXT(2) 
PARAMETRIC_REPRESENTATION_CONTEXT() REPRESENTATION_CONTEXT('2D SPACE',''
  ) );
#7461 = PCURVE('',#6790,#7462);
#7462 = DEFINITIONAL_REPRESENTATION('',(#7463),#7467);
#7463 = LINE('',#7464,#7465);
#7464 = CARTESIAN_POINT('',(-6.28318530718,0.));
#7465 = VECTOR('',#7466,1.);
#7466 = DIRECTION('',(-0.,-1.));
#7467 = ( GEOMETRIC_REPRESENTATION_CONTEXT(2) 
PARAMETRIC_REPRESENTATION_CONTEXT() REPRESENTATION_CONTEXT('2D SPACE',''
  ) );
#7468 = ORIENTED_EDGE('',*,*,#7122,.T.);
#7469 = ORIENTED_EDGE('',*,*,#7448,.F.);
#7470 = ORIENTED_EDGE('',*,*,#6773,.F.);
#7471 = ADVANCED_FACE('',(#7472),#6821,.F.);
#7472 = FACE_BOUND('',#7473,.T.);
#7473 = EDGE_LOOP('',(#7474,#7495,#7496,#7497));
#7474 = ORIENTED_EDGE('',*,*,#7475,.T.);
#7475 = EDGE_CURVE('',#6805,#7149,#7476,.T.);
#7476 = SEAM_CURVE('',#7477,(#7481,#7488),.PCURVE_S1.);
#7477 = LINE('',#7478,#7479);
#7478 = CARTESIAN_POINT('',(31.2,-29.5,0.));
#7479 = VECTOR('',#7480,1.);
#7480 = DIRECTION('',(0.,0.,1.));
#7481 = PCURVE('',#6821,#7482);
#7482 = DEFINITIONAL_REPRESENTATION('',(#7483),#7487);
#7483 = LINE('',#7484,#7485);
#7484 = CARTESIAN_POINT('',(-0.,0.));
#7485 = VECTOR('',#7486,1.);
#7486 = DIRECTION('',(-0.,-1.));
#7487 = ( GEOMETRIC_REPRESENTATION_CONTEXT(2) 
PARAMETRIC_REPRESENTATION_CONTEXT() REPRESENTATION_CONTEXT('2D SPACE',''
  ) );
#7488 = PCURVE('',#6821,#7489);
#7489 = DEFINITIONAL_REPRESENTATION('',(#7490),#7494);
#7490 = LINE('',#7491,#7492);
#7491 = CARTESIAN_POINT('',(-6.28318530718,0.));
#7492 = VECTOR('',#7493,1.);
#7493 = DIRECTION('',(-0.,-1.));
#7494 = ( GEOMETRIC_REPRESENTATION_CONTEXT(2) 
PARAMETRIC_REPRESENTATION_CONTEXT() REPRESENTATION_CONTEXT('2D SPACE',''
  ) );
#7495 = ORIENTED_EDGE('',*,*,#7148,.T.);
#7496 = ORIENTED_EDGE('',*,*,#7475,.F.);
#7497 = ORIENTED_EDGE('',*,*,#6804,.F.);
#7498 = ADVANCED_FACE('',(#7499),#6852,.F.);
#7499 = FACE_BOUND('',#7500,.T.);
#7500 = EDGE_LOOP('',(#7501,#7522,#7523,#7524));
#7501 = ORIENTED_EDGE('',*,*,#7502,.T.);
#7502 = EDGE_CURVE('',#6836,#7281,#7503,.T.);
#7503 = SEAM_CURVE('',#7504,(#7508,#7515),.PCURVE_S1.);
#7504 = LINE('',#7505,#7506);
#7505 = CARTESIAN_POINT('',(-27.8,29.5,0.));
#7506 = VECTOR('',#7507,1.);
#7507 = DIRECTION('',(0.,0.,1.));
#7508 = PCURVE('',#6852,#7509);
#7509 = DEFINITIONAL_REPRESENTATION('',(#7510),#7514);
#7510 = LINE('',#7511,#7512);
#7511 = CARTESIAN_POINT('',(-0.,0.));
#7512 = VECTOR('',#7513,1.);
#7513 = DIRECTION('',(-0.,-1.));
#7514 = ( GEOMETRIC_REPRESENTATION_CONTEXT(2) 
PARAMETRIC_REPRESENTATION_CONTEXT() REPRESENTATION_CONTEXT('2D SPACE',''
  ) );
#7515 = PCURVE('',#6852,#7516);
#7516 = DEFINITIONAL_REPRESENTATION('',(#7517),#7521);
#7517 = LINE('',#7518,#7519);
#7518 = CARTESIAN_POINT('',(-6.28318530718,0.));
#7519 = VECTOR('',#7520,1.);
#7520 = DIRECTION('',(-0.,-1.));
#7521 = ( GEOMETRIC_REPRESENTATION_CONTEXT(2) 
PARAMETRIC_REPRESENTATION_CONTEXT() REPRESENTATION_CONTEXT('2D SPACE',''
  ) );
#7522 = ORIENTED_EDGE('',*,*,#7280,.T.);
#7523 = ORIENTED_EDGE('',*,*,#7502,.F.);
#7524 = ORIENTED_EDGE('',*,*,#6835,.F.);
#7525 = ADVANCED_FACE('',(#7526),#6883,.F.);
#7526 = FACE_BOUND('',#7527,.T.);
#7527 = EDGE_LOOP('',(#7528,#7549,#7550,#7551));
#7528 = ORIENTED_EDGE('',*,*,#7529,.T.);
#7529 = EDGE_CURVE('',#6867,#7307,#7530,.T.);
#7530 = SEAM_CURVE('',#7531,(#7535,#7542),.PCURVE_S1.);
#7531 = LINE('',#7532,#7533);
#7532 = CARTESIAN_POINT('',(31.2,29.5,0.));
#7533 = VECTOR('',#7534,1.);
#7534 = DIRECTION('',(0.,0.,1.));
#7535 = PCURVE('',#6883,#7536);
#7536 = DEFINITIONAL_REPRESENTATION('',(#7537),#7541);
#7537 = LINE('',#7538,#7539);
#7538 = CARTESIAN_POINT('',(-0.,0.));
#7539 = VECTOR('',#7540,1.);
#7540 = DIRECTION('',(-0.,-1.));
#7541 = ( GEOMETRIC_REPRESENTATION_CONTEXT(2) 
PARAMETRIC_REPRESENTATION_CONTEXT() REPRESENTATION_CONTEXT('2D SPACE',''
  ) );
#7542 = PCURVE('',#6883,#7543);
#7543 = DEFINITIONAL_REPRESENTATION('',(#7544),#7548);
#7544 = LINE('',#7545,#7546);
#7545 = CARTESIAN_POINT('',(-6.28318530718,0.));
#7546 = VECTOR('',#7547,1.);
#7547 = DIRECTION('',(-0.,-1.));
#7548 = ( GEOMETRIC_REPRESENTATION_CONTEXT(2) 
PARAMETRIC_REPRESENTATION_CONTEXT() REPRESENTATION_CONTEXT('2D SPACE',''
  ) );
#7549 = ORIENTED_EDGE('',*,*,#7306,.T.);
#7550 = ORIENTED_EDGE('',*,*,#7529,.F.);
#7551 = ORIENTED_EDGE('',*,*,#6866,.F.);
#7552 = ADVANCED_FACE('',(#7553),#7191,.T.);
#7553 = FACE_BOUND('',#7554,.T.);
#7554 = EDGE_LOOP('',(#7555,#7585,#7606,#7607));
#7555 = ORIENTED_EDGE('',*,*,#7556,.F.);
#7556 = EDGE_CURVE('',#7557,#7559,#7561,.T.);
#7557 = VERTEX_POINT('',#7558);
#7558 = CARTESIAN_POINT('',(6.,-1.5,2.2));
#7559 = VERTEX_POINT('',#7560);
#7560 = CARTESIAN_POINT('',(6.,1.5,2.2));
#7561 = SURFACE_CURVE('',#7562,(#7566,#7573),.PCURVE_S1.);
#7562 = LINE('',#7563,#7564);
#7563 = CARTESIAN_POINT('',(6.,-1.5,2.2));
#7564 = VECTOR('',#7565,1.);
#7565 = DIRECTION('',(0.,1.,0.));
#7566 = PCURVE('',#7191,#7567);
#7567 = DEFINITIONAL_REPRESENTATION('',(#7568),#7572);
#7568 = LINE('',#7569,#7570);
#7569 = CARTESIAN_POINT('',(0.,0.));
#7570 = VECTOR('',#7571,1.);
#7571 = DIRECTION('',(1.,0.));
#7572 = ( GEOMETRIC_REPRESENTATION_CONTEXT(2) 
PARAMETRIC_REPRESENTATION_CONTEXT() REPRESENTATION_CONTEXT('2D SPACE',''
  ) );
#7573 = PCURVE('',#7574,#7579);
#7574 = PLANE('',#7575);
#7575 = AXIS2_PLACEMENT_3D('',#7576,#7577,#7578);
#7576 = CARTESIAN_POINT('',(0.,0.,2.2));
#7577 = DIRECTION('',(0.,0.,1.));
#7578 = DIRECTION('',(1.,0.,-0.));
#7579 = DEFINITIONAL_REPRESENTATION('',(#7580),#7584);
#7580 = LINE('',#7581,#7582);
#7581 = CARTESIAN_POINT('',(6.,-1.5));
#7582 = VECTOR('',#7583,1.);
#7583 = DIRECTION('',(0.,1.));
#7584 = ( GEOMETRIC_REPRESENTATION_CONTEXT(2) 
PARAMETRIC_REPRESENTATION_CONTEXT() REPRESENTATION_CONTEXT('2D SPACE',''
  ) );
#7585 = ORIENTED_EDGE('',*,*,#7586,.T.);
#7586 = EDGE_CURVE('',#7557,#7177,#7587,.T.);
#7587 = SURFACE_CURVE('',#7588,(#7592,#7599),.PCURVE_S1.);
#7588 = LINE('',#7589,#7590);
#7589 = CARTESIAN_POINT('',(6.,-1.5,2.2));
#7590 = VECTOR('',#7591,1.);
#7591 = DIRECTION('',(0.,0.,1.));
#7592 = PCURVE('',#7191,#7593);
#7593 = DEFINITIONAL_REPRESENTATION('',(#7594),#7598);
#7594 = LINE('',#7595,#7596);
#7595 = CARTESIAN_POINT('',(0.,0.));
#7596 = VECTOR('',#7597,1.);
#7597 = DIRECTION('',(0.,-1.));
#7598 = ( GEOMETRIC_REPRESENTATION_CONTEXT(2) 
PARAMETRIC_REPRESENTATION_CONTEXT() REPRESENTATION_CONTEXT('2D SPACE',''
  ) );
#7599 = PCURVE('',#7217,#7600);
#7600 = DEFINITIONAL_REPRESENTATION('',(#7601),#7605);
#7601 = LINE('',#7602,#7603);
#7602 = CARTESIAN_POINT('',(12.,0.));
#7603 = VECTOR('',#7604,1.);
#7604 = DIRECTION('',(0.,-1.));
#7605 = ( GEOMETRIC_REPRESENTATION_CONTEXT(2) 
PARAMETRIC_REPRESENTATION_CONTEXT() REPRESENTATION_CONTEXT('2D SPACE',''
  ) );
#7606 = ORIENTED_EDGE('',*,*,#7174,.F.);
#7607 = ORIENTED_EDGE('',*,*,#7608,.F.);
#7608 = EDGE_CURVE('',#7559,#7175,#7609,.T.);
#7609 = SURFACE_CURVE('',#7610,(#7614,#7621),.PCURVE_S1.);
#7610 = LINE('',#7611,#7612);
#7611 = CARTESIAN_POINT('',(6.,1.5,2.2));
#7612 = VECTOR('',#7613,1.);
#7613 = DIRECTION('',(0.,0.,1.));
#7614 = PCURVE('',#7191,#7615);
#7615 = DEFINITIONAL_REPRESENTATION('',(#7616),#7620);
#7616 = LINE('',#7617,#7618);
#7617 = CARTESIAN_POINT('',(3.,0.));
#7618 = VECTOR('',#7619,1.);
#7619 = DIRECTION('',(0.,-1.));
#7620 = ( GEOMETRIC_REPRESENTATION_CONTEXT(2) 
PARAMETRIC_REPRESENTATION_CONTEXT() REPRESENTATION_CONTEXT('2D SPACE',''
  ) );
#7621 = PCURVE('',#7267,#7622);
#7622 = DEFINITIONAL_REPRESENTATION('',(#7623),#7627);
#7623 = LINE('',#7624,#7625);
#7624 = CARTESIAN_POINT('',(0.,-0.));
#7625 = VECTOR('',#7626,1.);
#7626 = DIRECTION('',(0.,-1.));
#7627 = ( GEOMETRIC_REPRESENTATION_CONTEXT(2) 
PARAMETRIC_REPRESENTATION_CONTEXT() REPRESENTATION_CONTEXT('2D SPACE',''
  ) );
#7628 = ADVANCED_FACE('',(#7629),#7267,.T.);
#7629 = FACE_BOUND('',#7630,.T.);
#7630 = EDGE_LOOP('',(#7631,#7654,#7655,#7656));
#7631 = ORIENTED_EDGE('',*,*,#7632,.F.);
#7632 = EDGE_CURVE('',#7559,#7633,#7635,.T.);
#7633 = VERTEX_POINT('',#7634);
#7634 = CARTESIAN_POINT('',(-6.,1.5,2.2));
#7635 = SURFACE_CURVE('',#7636,(#7640,#7647),.PCURVE_S1.);
#7636 = LINE('',#7637,#7638);
#7637 = CARTESIAN_POINT('',(6.,1.5,2.2));
#7638 = VECTOR('',#7639,1.);
#7639 = DIRECTION('',(-1.,0.,0.));
#7640 = PCURVE('',#7267,#7641);
#7641 = DEFINITIONAL_REPRESENTATION('',(#7642),#7646);
#7642 = LINE('',#7643,#7644);
#7643 = CARTESIAN_POINT('',(0.,-0.));
#7644 = VECTOR('',#7645,1.);
#7645 = DIRECTION('',(1.,0.));
#7646 = ( GEOMETRIC_REPRESENTATION_CONTEXT(2) 
PARAMETRIC_REPRESENTATION_CONTEXT() REPRESENTATION_CONTEXT('2D SPACE',''
  ) );
#7647 = PCURVE('',#7574,#7648);
#7648 = DEFINITIONAL_REPRESENTATION('',(#7649),#7653);
#7649 = LINE('',#7650,#7651);
#7650 = CARTESIAN_POINT('',(6.,1.5));
#7651 = VECTOR('',#7652,1.);
#7652 = DIRECTION('',(-1.,0.));
#7653 = ( GEOMETRIC_REPRESENTATION_CONTEXT(2) 
PARAMETRIC_REPRESENTATION_CONTEXT() REPRESENTATION_CONTEXT('2D SPACE',''
  ) );
#7654 = ORIENTED_EDGE('',*,*,#7608,.T.);
#7655 = ORIENTED_EDGE('',*,*,#7254,.F.);
#7656 = ORIENTED_EDGE('',*,*,#7657,.F.);
#7657 = EDGE_CURVE('',#7633,#7229,#7658,.T.);
#7658 = SURFACE_CURVE('',#7659,(#7663,#7670),.PCURVE_S1.);
#7659 = LINE('',#7660,#7661);
#7660 = CARTESIAN_POINT('',(-6.,1.5,2.2));
#7661 = VECTOR('',#7662,1.);
#7662 = DIRECTION('',(0.,0.,1.));
#7663 = PCURVE('',#7267,#7664);
#7664 = DEFINITIONAL_REPRESENTATION('',(#7665),#7669);
#7665 = LINE('',#7666,#7667);
#7666 = CARTESIAN_POINT('',(12.,0.));
#7667 = VECTOR('',#7668,1.);
#7668 = DIRECTION('',(0.,-1.));
#7669 = ( GEOMETRIC_REPRESENTATION_CONTEXT(2) 
PARAMETRIC_REPRESENTATION_CONTEXT() REPRESENTATION_CONTEXT('2D SPACE',''
  ) );
#7670 = PCURVE('',#7243,#7671);
#7671 = DEFINITIONAL_REPRESENTATION('',(#7672),#7676);
#7672 = LINE('',#7673,#7674);
#7673 = CARTESIAN_POINT('',(0.,0.));
#7674 = VECTOR('',#7675,1.);
#7675 = DIRECTION('',(0.,-1.));
#7676 = ( GEOMETRIC_REPRESENTATION_CONTEXT(2) 
PARAMETRIC_REPRESENTATION_CONTEXT() REPRESENTATION_CONTEXT('2D SPACE',''
  ) );
#7677 = ADVANCED_FACE('',(#7678),#7243,.T.);
#7678 = FACE_BOUND('',#7679,.T.);
#7679 = EDGE_LOOP('',(#7680,#7703,#7704,#7705));
#7680 = ORIENTED_EDGE('',*,*,#7681,.F.);
#7681 = EDGE_CURVE('',#7633,#7682,#7684,.T.);
#7682 = VERTEX_POINT('',#7683);
#7683 = CARTESIAN_POINT('',(-6.,-1.5,2.2));
#7684 = SURFACE_CURVE('',#7685,(#7689,#7696),.PCURVE_S1.);
#7685 = LINE('',#7686,#7687);
#7686 = CARTESIAN_POINT('',(-6.,1.5,2.2));
#7687 = VECTOR('',#7688,1.);
#7688 = DIRECTION('',(0.,-1.,0.));
#7689 = PCURVE('',#7243,#7690);
#7690 = DEFINITIONAL_REPRESENTATION('',(#7691),#7695);
#7691 = LINE('',#7692,#7693);
#7692 = CARTESIAN_POINT('',(0.,0.));
#7693 = VECTOR('',#7694,1.);
#7694 = DIRECTION('',(1.,0.));
#7695 = ( GEOMETRIC_REPRESENTATION_CONTEXT(2) 
PARAMETRIC_REPRESENTATION_CONTEXT() REPRESENTATION_CONTEXT('2D SPACE',''
  ) );
#7696 = PCURVE('',#7574,#7697);
#7697 = DEFINITIONAL_REPRESENTATION('',(#7698),#7702);
#7698 = LINE('',#7699,#7700);
#7699 = CARTESIAN_POINT('',(-6.,1.5));
#7700 = VECTOR('',#7701,1.);
#7701 = DIRECTION('',(0.,-1.));
#7702 = ( GEOMETRIC_REPRESENTATION_CONTEXT(2) 
PARAMETRIC_REPRESENTATION_CONTEXT() REPRESENTATION_CONTEXT('2D SPACE',''
  ) );
#7703 = ORIENTED_EDGE('',*,*,#7657,.T.);
#7704 = ORIENTED_EDGE('',*,*,#7228,.F.);
#7705 = ORIENTED_EDGE('',*,*,#7706,.F.);
#7706 = EDGE_CURVE('',#7682,#7203,#7707,.T.);
#7707 = SURFACE_CURVE('',#7708,(#7712,#7719),.PCURVE_S1.);
#7708 = LINE('',#7709,#7710);
#7709 = CARTESIAN_POINT('',(-6.,-1.5,2.2));
#7710 = VECTOR('',#7711,1.);
#7711 = DIRECTION('',(0.,0.,1.));
#7712 = PCURVE('',#7243,#7713);
#7713 = DEFINITIONAL_REPRESENTATION('',(#7714),#7718);
#7714 = LINE('',#7715,#7716);
#7715 = CARTESIAN_POINT('',(3.,0.));
#7716 = VECTOR('',#7717,1.);
#7717 = DIRECTION('',(0.,-1.));
#7718 = ( GEOMETRIC_REPRESENTATION_CONTEXT(2) 
PARAMETRIC_REPRESENTATION_CONTEXT() REPRESENTATION_CONTEXT('2D SPACE',''
  ) );
#7719 = PCURVE('',#7217,#7720);
#7720 = DEFINITIONAL_REPRESENTATION('',(#7721),#7725);
#7721 = LINE('',#7722,#7723);
#7722 = CARTESIAN_POINT('',(0.,0.));
#7723 = VECTOR('',#7724,1.);
#7724 = DIRECTION('',(0.,-1.));
#7725 = ( GEOMETRIC_REPRESENTATION_CONTEXT(2) 
PARAMETRIC_REPRESENTATION_CONTEXT() REPRESENTATION_CONTEXT('2D SPACE',''
  ) );
#7726 = ADVANCED_FACE('',(#7727),#7217,.T.);
#7727 = FACE_BOUND('',#7728,.T.);
#7728 = EDGE_LOOP('',(#7729,#7750,#7751,#7752));
#7729 = ORIENTED_EDGE('',*,*,#7730,.F.);
#7730 = EDGE_CURVE('',#7682,#7557,#7731,.T.);
#7731 = SURFACE_CURVE('',#7732,(#7736,#7743),.PCURVE_S1.);
#7732 = LINE('',#7733,#7734);
#7733 = CARTESIAN_POINT('',(-6.,-1.5,2.2));
#7734 = VECTOR('',#7735,1.);
#7735 = DIRECTION('',(1.,0.,0.));
#7736 = PCURVE('',#7217,#7737);
#7737 = DEFINITIONAL_REPRESENTATION('',(#7738),#7742);
#7738 = LINE('',#7739,#7740);
#7739 = CARTESIAN_POINT('',(0.,0.));
#7740 = VECTOR('',#7741,1.);
#7741 = DIRECTION('',(1.,0.));
#7742 = ( GEOMETRIC_REPRESENTATION_CONTEXT(2) 
PARAMETRIC_REPRESENTATION_CONTEXT() REPRESENTATION_CONTEXT('2D SPACE',''
  ) );
#7743 = PCURVE('',#7574,#7744);
#7744 = DEFINITIONAL_REPRESENTATION('',(#7745),#7749);
#7745 = LINE('',#7746,#7747);
#7746 = CARTESIAN_POINT('',(-6.,-1.5));
#7747 = VECTOR('',#7748,1.);
#7748 = DIRECTION('',(1.,0.));
#7749 = ( GEOMETRIC_REPRESENTATION_CONTEXT(2) 
PARAMETRIC_REPRESENTATION_CONTEXT() REPRESENTATION_CONTEXT('2D SPACE',''
  ) );
#7750 = ORIENTED_EDGE('',*,*,#7706,.T.);
#7751 = ORIENTED_EDGE('',*,*,#7202,.F.);
#7752 = ORIENTED_EDGE('',*,*,#7586,.F.);
#7753 = ADVANCED_FACE('',(#7754),#7574,.T.);
#7754 = FACE_BOUND('',#7755,.T.);
#7755 = EDGE_LOOP('',(#7756,#7757,#7758,#7759));
#7756 = ORIENTED_EDGE('',*,*,#7730,.T.);
#7757 = ORIENTED_EDGE('',*,*,#7556,.T.);
#7758 = ORIENTED_EDGE('',*,*,#7632,.T.);
#7759 = ORIENTED_EDGE('',*,*,#7681,.T.);
#7760 = ( GEOMETRIC_REPRESENTATION_CONTEXT(3) 
GLOBAL_UNCERTAINTY_ASSIGNED_CONTEXT((#7764)) 
GLOBAL_UNIT_ASSIGNED_CONTEXT((#7761,#7762,#7763)) REPRESENTATION_CONTEXT
('Context #1','3D Context with UNIT and UNCERTAINTY') );
#7761 = ( LENGTH_UNIT() NAMED_UNIT(*) SI_UNIT(.MILLI.,.METRE.) );
#7762 = ( NAMED_UNIT(*) PLANE_ANGLE_UNIT() SI_UNIT($,.RADIAN.) );
#7763 = ( NAMED_UNIT(*) SI_UNIT($,.STERADIAN.) SOLID_ANGLE_UNIT() );
#7764 = UNCERTAINTY_MEASURE_WITH_UNIT(LENGTH_MEASURE(1.E-07),#7761,
  'distance_accuracy_value','confusion accuracy');
#7765 = CONTEXT_DEPENDENT_SHAPE_REPRESENTATION(#7766,#7768);
#7766 = ( REPRESENTATION_RELATIONSHIP('','',#6451,#10) 
REPRESENTATION_RELATIONSHIP_WITH_TRANSFORMATION(#7767) 
SHAPE_REPRESENTATION_RELATIONSHIP() );
#7767 = ITEM_DEFINED_TRANSFORMATION('','',#11,#19);
#7768 = PRODUCT_DEFINITION_SHAPE('Placement','Placement of an item',
  #7769);
#7769 = NEXT_ASSEMBLY_USAGE_OCCURRENCE('2','imu_lid','',#5,#6446,$);
#7770 = PRODUCT_RELATED_PRODUCT_CATEGORY('part',$,(#6448));
#7771 = SHAPE_DEFINITION_REPRESENTATION(#7772,#7778);
#7772 = PRODUCT_DEFINITION_SHAPE('','',#7773);
#7773 = PRODUCT_DEFINITION('design','',#7774,#7777);
#7774 = PRODUCT_DEFINITION_FORMATION('','',#7775);
#7775 = PRODUCT('seg1','seg1','',(#7776));
#7776 = PRODUCT_CONTEXT('',#2,'mechanical');
#7777 = PRODUCT_DEFINITION_CONTEXT('part definition',#2,'design');
#7778 = ADVANCED_BREP_SHAPE_REPRESENTATION('',(#11,#7779),#12681);
#7779 = MANIFOLD_SOLID_BREP('',#7780);
#7780 = CLOSED_SHELL('',(#7781,#7901,#8202,#8365,#8605,#8746,#8773,#8798
    ,#9104,#9157,#9791,#9969,#9996,#10109,#10163,#10239,#10319,#10368,
    #10430,#10463,#10513,#10588,#10639,#10773,#10802,#10878,#10927,
    #10976,#11028,#11084,#11131,#11212,#11307,#11314,#11363,#11413,
    #11462,#11512,#11539,#11587,#11614,#11662,#11730,#11757,#11785,
    #11792,#11839,#11866,#11893,#11900,#12017,#12067,#12121,#12218,
    #12345,#12352,#12359,#12409,#12436,#12466,#12473,#12549,#12598,
    #12647,#12674));
#7781 = ADVANCED_FACE('',(#7782),#7796,.F.);
#7782 = FACE_BOUND('',#7783,.F.);
#7783 = EDGE_LOOP('',(#7784,#7819,#7847,#7875));
#7784 = ORIENTED_EDGE('',*,*,#7785,.F.);
#7785 = EDGE_CURVE('',#7786,#7788,#7790,.T.);
#7786 = VERTEX_POINT('',#7787);
#7787 = CARTESIAN_POINT('',(-20.,-20.,118.));
#7788 = VERTEX_POINT('',#7789);
#7789 = CARTESIAN_POINT('',(-20.,-20.,0.));
#7790 = SURFACE_CURVE('',#7791,(#7795,#7807),.PCURVE_S1.);
#7791 = LINE('',#7792,#7793);
#7792 = CARTESIAN_POINT('',(-20.,-20.,118.));
#7793 = VECTOR('',#7794,1.);
#7794 = DIRECTION('',(0.,0.,-1.));
#7795 = PCURVE('',#7796,#7801);
#7796 = PLANE('',#7797);
#7797 = AXIS2_PLACEMENT_3D('',#7798,#7799,#7800);
#7798 = CARTESIAN_POINT('',(-20.,-20.,0.));
#7799 = DIRECTION('',(0.,1.,0.));
#7800 = DIRECTION('',(1.,0.,0.));
#7801 = DEFINITIONAL_REPRESENTATION('',(#7802),#7806);
#7802 = LINE('',#7803,#7804);
#7803 = CARTESIAN_POINT('',(0.,-118.));
#7804 = VECTOR('',#7805,1.);
#7805 = DIRECTION('',(0.,1.));
#7806 = ( GEOMETRIC_REPRESENTATION_CONTEXT(2) 
PARAMETRIC_REPRESENTATION_CONTEXT() REPRESENTATION_CONTEXT('2D SPACE',''
  ) );
#7807 = PCURVE('',#7808,#7813);
#7808 = PLANE('',#7809);
#7809 = AXIS2_PLACEMENT_3D('',#7810,#7811,#7812);
#7810 = CARTESIAN_POINT('',(-20.,20.,0.));
#7811 = DIRECTION('',(1.,0.,-0.));
#7812 = DIRECTION('',(0.,-1.,0.));
#7813 = DEFINITIONAL_REPRESENTATION('',(#7814),#7818);
#7814 = LINE('',#7815,#7816);
#7815 = CARTESIAN_POINT('',(40.,-118.));
#7816 = VECTOR('',#7817,1.);
#7817 = DIRECTION('',(0.,1.));
#7818 = ( GEOMETRIC_REPRESENTATION_CONTEXT(2) 
PARAMETRIC_REPRESENTATION_CONTEXT() REPRESENTATION_CONTEXT('2D SPACE',''
  ) );
#7819 = ORIENTED_EDGE('',*,*,#7820,.T.);
#7820 = EDGE_CURVE('',#7786,#7821,#7823,.T.);
#7821 = VERTEX_POINT('',#7822);
#7822 = CARTESIAN_POINT('',(20.,-20.,118.));
#7823 = SURFACE_CURVE('',#7824,(#7828,#7835),.PCURVE_S1.);
#7824 = LINE('',#7825,#7826);
#7825 = CARTESIAN_POINT('',(-20.,-20.,118.));
#7826 = VECTOR('',#7827,1.);
#7827 = DIRECTION('',(1.,0.,0.));
#7828 = PCURVE('',#7796,#7829);
#7829 = DEFINITIONAL_REPRESENTATION('',(#7830),#7834);
#7830 = LINE('',#7831,#7832);
#7831 = CARTESIAN_POINT('',(0.,-118.));
#7832 = VECTOR('',#7833,1.);
#7833 = DIRECTION('',(1.,0.));
#7834 = ( GEOMETRIC_REPRESENTATION_CONTEXT(2) 
PARAMETRIC_REPRESENTATION_CONTEXT() REPRESENTATION_CONTEXT('2D SPACE',''
  ) );
#7835 = PCURVE('',#7836,#7841);
#7836 = PLANE('',#7837);
#7837 = AXIS2_PLACEMENT_3D('',#7838,#7839,#7840);
#7838 = CARTESIAN_POINT('',(0.,0.,118.));
#7839 = DIRECTION('',(0.,0.,1.));
#7840 = DIRECTION('',(1.,0.,-0.));
#7841 = DEFINITIONAL_REPRESENTATION('',(#7842),#7846);
#7842 = LINE('',#7843,#7844);
#7843 = CARTESIAN_POINT('',(-20.,-20.));
#7844 = VECTOR('',#7845,1.);
#7845 = DIRECTION('',(1.,0.));
#7846 = ( GEOMETRIC_REPRESENTATION_CONTEXT(2) 
PARAMETRIC_REPRESENTATION_CONTEXT() REPRESENTATION_CONTEXT('2D SPACE',''
  ) );
#7847 = ORIENTED_EDGE('',*,*,#7848,.F.);
#7848 = EDGE_CURVE('',#7849,#7821,#7851,.T.);
#7849 = VERTEX_POINT('',#7850);
#7850 = CARTESIAN_POINT('',(20.,-20.,0.));
#7851 = SURFACE_CURVE('',#7852,(#7856,#7863),.PCURVE_S1.);
#7852 = LINE('',#7853,#7854);
#7853 = CARTESIAN_POINT('',(20.,-20.,0.));
#7854 = VECTOR('',#7855,1.);
#7855 = DIRECTION('',(0.,0.,1.));
#7856 = PCURVE('',#7796,#7857);
#7857 = DEFINITIONAL_REPRESENTATION('',(#7858),#7862);
#7858 = LINE('',#7859,#7860);
#7859 = CARTESIAN_POINT('',(40.,0.));
#7860 = VECTOR('',#7861,1.);
#7861 = DIRECTION('',(0.,-1.));
#7862 = ( GEOMETRIC_REPRESENTATION_CONTEXT(2) 
PARAMETRIC_REPRESENTATION_CONTEXT() REPRESENTATION_CONTEXT('2D SPACE',''
  ) );
#7863 = PCURVE('',#7864,#7869);
#7864 = PLANE('',#7865);
#7865 = AXIS2_PLACEMENT_3D('',#7866,#7867,#7868);
#7866 = CARTESIAN_POINT('',(20.,-20.,0.));
#7867 = DIRECTION('',(-1.,0.,0.));
#7868 = DIRECTION('',(0.,1.,0.));
#7869 = DEFINITIONAL_REPRESENTATION('',(#7870),#7874);
#7870 = LINE('',#7871,#7872);
#7871 = CARTESIAN_POINT('',(0.,0.));
#7872 = VECTOR('',#7873,1.);
#7873 = DIRECTION('',(0.,-1.));
#7874 = ( GEOMETRIC_REPRESENTATION_CONTEXT(2) 
PARAMETRIC_REPRESENTATION_CONTEXT() REPRESENTATION_CONTEXT('2D SPACE',''
  ) );
#7875 = ORIENTED_EDGE('',*,*,#7876,.F.);
#7876 = EDGE_CURVE('',#7788,#7849,#7877,.T.);
#7877 = SURFACE_CURVE('',#7878,(#7882,#7889),.PCURVE_S1.);
#7878 = LINE('',#7879,#7880);
#7879 = CARTESIAN_POINT('',(-20.,-20.,0.));
#7880 = VECTOR('',#7881,1.);
#7881 = DIRECTION('',(1.,0.,0.));
#7882 = PCURVE('',#7796,#7883);
#7883 = DEFINITIONAL_REPRESENTATION('',(#7884),#7888);
#7884 = LINE('',#7885,#7886);
#7885 = CARTESIAN_POINT('',(0.,0.));
#7886 = VECTOR('',#7887,1.);
#7887 = DIRECTION('',(1.,0.));
#7888 = ( GEOMETRIC_REPRESENTATION_CONTEXT(2) 
PARAMETRIC_REPRESENTATION_CONTEXT() REPRESENTATION_CONTEXT('2D SPACE',''
  ) );
#7889 = PCURVE('',#7890,#7895);
#7890 = PLANE('',#7891);
#7891 = AXIS2_PLACEMENT_3D('',#7892,#7893,#7894);
#7892 = CARTESIAN_POINT('',(0.,0.,0.));
#7893 = DIRECTION('',(0.,0.,1.));
#7894 = DIRECTION('',(1.,0.,-0.));
#7895 = DEFINITIONAL_REPRESENTATION('',(#7896),#7900);
#7896 = LINE('',#7897,#7898);
#7897 = CARTESIAN_POINT('',(-20.,-20.));
#7898 = VECTOR('',#7899,1.);
#7899 = DIRECTION('',(1.,0.));
#7900 = ( GEOMETRIC_REPRESENTATION_CONTEXT(2) 
PARAMETRIC_REPRESENTATION_CONTEXT() REPRESENTATION_CONTEXT('2D SPACE',''
  ) );
#7901 = ADVANCED_FACE('',(#7902,#8167),#7808,.F.);
#7902 = FACE_BOUND('',#7903,.F.);
#7903 = EDGE_LOOP('',(#7904,#7934,#7955,#7956,#7979,#8007,#8035,#8063,
    #8089,#8115,#8141));
#7904 = ORIENTED_EDGE('',*,*,#7905,.F.);
#7905 = EDGE_CURVE('',#7906,#7908,#7910,.T.);
#7906 = VERTEX_POINT('',#7907);
#7907 = CARTESIAN_POINT('',(-20.,20.,118.));
#7908 = VERTEX_POINT('',#7909);
#7909 = CARTESIAN_POINT('',(-20.,20.,64.));
#7910 = SURFACE_CURVE('',#7911,(#7915,#7922),.PCURVE_S1.);
#7911 = LINE('',#7912,#7913);
#7912 = CARTESIAN_POINT('',(-20.,20.,118.));
#7913 = VECTOR('',#7914,1.);
#7914 = DIRECTION('',(0.,0.,-1.));
#7915 = PCURVE('',#7808,#7916);
#7916 = DEFINITIONAL_REPRESENTATION('',(#7917),#7921);
#7917 = LINE('',#7918,#7919);
#7918 = CARTESIAN_POINT('',(0.,-118.));
#7919 = VECTOR('',#7920,1.);
#7920 = DIRECTION('',(0.,1.));
#7921 = ( GEOMETRIC_REPRESENTATION_CONTEXT(2) 
PARAMETRIC_REPRESENTATION_CONTEXT() REPRESENTATION_CONTEXT('2D SPACE',''
  ) );
#7922 = PCURVE('',#7923,#7928);
#7923 = PLANE('',#7924);
#7924 = AXIS2_PLACEMENT_3D('',#7925,#7926,#7927);
#7925 = CARTESIAN_POINT('',(20.,20.,0.));
#7926 = DIRECTION('',(0.,-1.,0.));
#7927 = DIRECTION('',(-1.,0.,0.));
#7928 = DEFINITIONAL_REPRESENTATION('',(#7929),#7933);
#7929 = LINE('',#7930,#7931);
#7930 = CARTESIAN_POINT('',(40.,-118.));
#7931 = VECTOR('',#7932,1.);
#7932 = DIRECTION('',(0.,1.));
#7933 = ( GEOMETRIC_REPRESENTATION_CONTEXT(2) 
PARAMETRIC_REPRESENTATION_CONTEXT() REPRESENTATION_CONTEXT('2D SPACE',''
  ) );
#7934 = ORIENTED_EDGE('',*,*,#7935,.T.);
#7935 = EDGE_CURVE('',#7906,#7786,#7936,.T.);
#7936 = SURFACE_CURVE('',#7937,(#7941,#7948),.PCURVE_S1.);
#7937 = LINE('',#7938,#7939);
#7938 = CARTESIAN_POINT('',(-20.,20.,118.));
#7939 = VECTOR('',#7940,1.);
#7940 = DIRECTION('',(0.,-1.,0.));
#7941 = PCURVE('',#7808,#7942);
#7942 = DEFINITIONAL_REPRESENTATION('',(#7943),#7947);
#7943 = LINE('',#7944,#7945);
#7944 = CARTESIAN_POINT('',(0.,-118.));
#7945 = VECTOR('',#7946,1.);
#7946 = DIRECTION('',(1.,0.));
#7947 = ( GEOMETRIC_REPRESENTATION_CONTEXT(2) 
PARAMETRIC_REPRESENTATION_CONTEXT() REPRESENTATION_CONTEXT('2D SPACE',''
  ) );
#7948 = PCURVE('',#7836,#7949);
#7949 = DEFINITIONAL_REPRESENTATION('',(#7950),#7954);
#7950 = LINE('',#7951,#7952);
#7951 = CARTESIAN_POINT('',(-20.,20.));
#7952 = VECTOR('',#7953,1.);
#7953 = DIRECTION('',(0.,-1.));
#7954 = ( GEOMETRIC_REPRESENTATION_CONTEXT(2) 
PARAMETRIC_REPRESENTATION_CONTEXT() REPRESENTATION_CONTEXT('2D SPACE',''
  ) );
#7955 = ORIENTED_EDGE('',*,*,#7785,.T.);
#7956 = ORIENTED_EDGE('',*,*,#7957,.F.);
#7957 = EDGE_CURVE('',#7958,#7788,#7960,.T.);
#7958 = VERTEX_POINT('',#7959);
#7959 = CARTESIAN_POINT('',(-20.,20.,0.));
#7960 = SURFACE_CURVE('',#7961,(#7965,#7972),.PCURVE_S1.);
#7961 = LINE('',#7962,#7963);
#7962 = CARTESIAN_POINT('',(-20.,20.,0.));
#7963 = VECTOR('',#7964,1.);
#7964 = DIRECTION('',(0.,-1.,0.));
#7965 = PCURVE('',#7808,#7966);
#7966 = DEFINITIONAL_REPRESENTATION('',(#7967),#7971);
#7967 = LINE('',#7968,#7969);
#7968 = CARTESIAN_POINT('',(0.,0.));
#7969 = VECTOR('',#7970,1.);
#7970 = DIRECTION('',(1.,0.));
#7971 = ( GEOMETRIC_REPRESENTATION_CONTEXT(2) 
PARAMETRIC_REPRESENTATION_CONTEXT() REPRESENTATION_CONTEXT('2D SPACE',''
  ) );
#7972 = PCURVE('',#7890,#7973);
#7973 = DEFINITIONAL_REPRESENTATION('',(#7974),#7978);
#7974 = LINE('',#7975,#7976);
#7975 = CARTESIAN_POINT('',(-20.,20.));
#7976 = VECTOR('',#7977,1.);
#7977 = DIRECTION('',(0.,-1.));
#7978 = ( GEOMETRIC_REPRESENTATION_CONTEXT(2) 
PARAMETRIC_REPRESENTATION_CONTEXT() REPRESENTATION_CONTEXT('2D SPACE',''
  ) );
#7979 = ORIENTED_EDGE('',*,*,#7980,.F.);
#7980 = EDGE_CURVE('',#7981,#7958,#7983,.T.);
#7981 = VERTEX_POINT('',#7982);
#7982 = CARTESIAN_POINT('',(-20.,20.,22.));
#7983 = SURFACE_CURVE('',#7984,(#7988,#7995),.PCURVE_S1.);
#7984 = LINE('',#7985,#7986);
#7985 = CARTESIAN_POINT('',(-20.,20.,118.));
#7986 = VECTOR('',#7987,1.);
#7987 = DIRECTION('',(0.,0.,-1.));
#7988 = PCURVE('',#7808,#7989);
#7989 = DEFINITIONAL_REPRESENTATION('',(#7990),#7994);
#7990 = LINE('',#7991,#7992);
#7991 = CARTESIAN_POINT('',(0.,-118.));
#7992 = VECTOR('',#7993,1.);
#7993 = DIRECTION('',(0.,1.));
#7994 = ( GEOMETRIC_REPRESENTATION_CONTEXT(2) 
PARAMETRIC_REPRESENTATION_CONTEXT() REPRESENTATION_CONTEXT('2D SPACE',''
  ) );
#7995 = PCURVE('',#7996,#8001);
#7996 = PLANE('',#7997);
#7997 = AXIS2_PLACEMENT_3D('',#7998,#7999,#8000);
#7998 = CARTESIAN_POINT('',(20.,20.,0.));
#7999 = DIRECTION('',(0.,-1.,0.));
#8000 = DIRECTION('',(-1.,0.,0.));
#8001 = DEFINITIONAL_REPRESENTATION('',(#8002),#8006);
#8002 = LINE('',#8003,#8004);
#8003 = CARTESIAN_POINT('',(40.,-118.));
#8004 = VECTOR('',#8005,1.);
#8005 = DIRECTION('',(0.,1.));
#8006 = ( GEOMETRIC_REPRESENTATION_CONTEXT(2) 
PARAMETRIC_REPRESENTATION_CONTEXT() REPRESENTATION_CONTEXT('2D SPACE',''
  ) );
#8007 = ORIENTED_EDGE('',*,*,#8008,.T.);
#8008 = EDGE_CURVE('',#7981,#8009,#8011,.T.);
#8009 = VERTEX_POINT('',#8010);
#8010 = CARTESIAN_POINT('',(-20.,31.111580849203,23.397041122148));
#8011 = SURFACE_CURVE('',#8012,(#8016,#8023),.PCURVE_S1.);
#8012 = LINE('',#8013,#8014);
#8013 = CARTESIAN_POINT('',(-20.,20.,22.));
#8014 = VECTOR('',#8015,1.);
#8015 = DIRECTION('',(0.,0.992188674373,0.124746280285));
#8016 = PCURVE('',#7808,#8017);
#8017 = DEFINITIONAL_REPRESENTATION('',(#8018),#8022);
#8018 = LINE('',#8019,#8020);
#8019 = CARTESIAN_POINT('',(0.,-22.));
#8020 = VECTOR('',#8021,1.);
#8021 = DIRECTION('',(-0.992188674373,-0.124746280285));
#8022 = ( GEOMETRIC_REPRESENTATION_CONTEXT(2) 
PARAMETRIC_REPRESENTATION_CONTEXT() REPRESENTATION_CONTEXT('2D SPACE',''
  ) );
#8023 = PCURVE('',#8024,#8029);
#8024 = PLANE('',#8025);
#8025 = AXIS2_PLACEMENT_3D('',#8026,#8027,#8028);
#8026 = CARTESIAN_POINT('',(-20.,20.,22.));
#8027 = DIRECTION('',(0.,-0.124746280285,0.992188674373));
#8028 = DIRECTION('',(0.,0.992188674373,0.124746280285));
#8029 = DEFINITIONAL_REPRESENTATION('',(#8030),#8034);
#8030 = LINE('',#8031,#8032);
#8031 = CARTESIAN_POINT('',(0.,0.));
#8032 = VECTOR('',#8033,1.);
#8033 = DIRECTION('',(1.,0.));
#8034 = ( GEOMETRIC_REPRESENTATION_CONTEXT(2) 
PARAMETRIC_REPRESENTATION_CONTEXT() REPRESENTATION_CONTEXT('2D SPACE',''
  ) );
#8035 = ORIENTED_EDGE('',*,*,#8036,.T.);
#8036 = EDGE_CURVE('',#8009,#8037,#8039,.T.);
#8037 = VERTEX_POINT('',#8038);
#8038 = CARTESIAN_POINT('',(-20.,22.129743276893,56.21767992641));
#8039 = SURFACE_CURVE('',#8040,(#8044,#8051),.PCURVE_S1.);
#8040 = LINE('',#8041,#8042);
#8041 = CARTESIAN_POINT('',(-20.,31.111580849203,23.397041122148));
#8042 = VECTOR('',#8043,1.);
#8043 = DIRECTION('',(0.,-0.263958541771,0.964534026474));
#8044 = PCURVE('',#7808,#8045);
#8045 = DEFINITIONAL_REPRESENTATION('',(#8046),#8050);
#8046 = LINE('',#8047,#8048);
#8047 = CARTESIAN_POINT('',(-11.1115808492,-23.39704112214));
#8048 = VECTOR('',#8049,1.);
#8049 = DIRECTION('',(0.263958541771,-0.964534026474));
#8050 = ( GEOMETRIC_REPRESENTATION_CONTEXT(2) 
PARAMETRIC_REPRESENTATION_CONTEXT() REPRESENTATION_CONTEXT('2D SPACE',''
  ) );
#8051 = PCURVE('',#8052,#8057);
#8052 = PLANE('',#8053);
#8053 = AXIS2_PLACEMENT_3D('',#8054,#8055,#8056);
#8054 = CARTESIAN_POINT('',(-20.,31.111580849203,23.397041122148));
#8055 = DIRECTION('',(0.,-0.964534026474,-0.263958541771));
#8056 = DIRECTION('',(0.,-0.263958541771,0.964534026474));
#8057 = DEFINITIONAL_REPRESENTATION('',(#8058),#8062);
#8058 = LINE('',#8059,#8060);
#8059 = CARTESIAN_POINT('',(0.,0.));
#8060 = VECTOR('',#8061,1.);
#8061 = DIRECTION('',(1.,0.));
#8062 = ( GEOMETRIC_REPRESENTATION_CONTEXT(2) 
PARAMETRIC_REPRESENTATION_CONTEXT() REPRESENTATION_CONTEXT('2D SPACE',''
  ) );
#8063 = ORIENTED_EDGE('',*,*,#8064,.T.);
#8064 = EDGE_CURVE('',#8037,#8065,#8067,.T.);
#8065 = VERTEX_POINT('',#8066);
#8066 = CARTESIAN_POINT('',(-20.,20.,56.788342917539));
#8067 = SURFACE_CURVE('',#8068,(#8072,#8078),.PCURVE_S1.);
#8068 = LINE('',#8069,#8070);
#8069 = CARTESIAN_POINT('',(-20.,45.157639342022,50.047373772371));
#8070 = VECTOR('',#8071,1.);
#8071 = DIRECTION('',(0.,-0.965925826289,0.258819045103));
#8072 = PCURVE('',#7808,#8073);
#8073 = DEFINITIONAL_REPRESENTATION('',(#8074),#8077);
#8074 = B_SPLINE_CURVE_WITH_KNOTS('',1,(#8075,#8076),.UNSPECIFIED.,.F.,
  .F.,(2,2),(14.541549786262,26.045104766143),.PIECEWISE_BEZIER_KNOTS.);
#8075 = CARTESIAN_POINT('',(-11.1115808492,-53.81100380236));
#8076 = CARTESIAN_POINT('',(-3.552713678801E-15,-56.78834291754));
#8077 = ( GEOMETRIC_REPRESENTATION_CONTEXT(2) 
PARAMETRIC_REPRESENTATION_CONTEXT() REPRESENTATION_CONTEXT('2D SPACE',''
  ) );
#8078 = PCURVE('',#8079,#8084);
#8079 = PLANE('',#8080);
#8080 = AXIS2_PLACEMENT_3D('',#8081,#8082,#8083);
#8081 = CARTESIAN_POINT('',(0.,56.118192954659,47.110502283267));
#8082 = DIRECTION('',(0.,0.258819045103,0.965925826289));
#8083 = DIRECTION('',(1.,0.,0.));
#8084 = DEFINITIONAL_REPRESENTATION('',(#8085),#8088);
#8085 = B_SPLINE_CURVE_WITH_KNOTS('',1,(#8086,#8087),.UNSPECIFIED.,.F.,
  .F.,(2,2),(14.541549786262,26.045104766143),.PIECEWISE_BEZIER_KNOTS.);
#8086 = CARTESIAN_POINT('',(-20.,-25.88874986553));
#8087 = CARTESIAN_POINT('',(-20.,-37.39230484541));
#8088 = ( GEOMETRIC_REPRESENTATION_CONTEXT(2) 
PARAMETRIC_REPRESENTATION_CONTEXT() REPRESENTATION_CONTEXT('2D SPACE',''
  ) );
#8089 = ORIENTED_EDGE('',*,*,#8090,.T.);
#8090 = EDGE_CURVE('',#8065,#8091,#8093,.T.);
#8091 = VERTEX_POINT('',#8092);
#8092 = CARTESIAN_POINT('',(-20.,20.,63.));
#8093 = SURFACE_CURVE('',#8094,(#8098,#8104),.PCURVE_S1.);
#8094 = LINE('',#8095,#8096);
#8095 = CARTESIAN_POINT('',(-20.,20.,-43.5));
#8096 = VECTOR('',#8097,1.);
#8097 = DIRECTION('',(0.,-0.,1.));
#8098 = PCURVE('',#7808,#8099);
#8099 = DEFINITIONAL_REPRESENTATION('',(#8100),#8103);
#8100 = B_SPLINE_CURVE_WITH_KNOTS('',1,(#8101,#8102),.UNSPECIFIED.,.F.,
  .F.,(2,2),(70.757667073474,106.5),.PIECEWISE_BEZIER_KNOTS.);
#8101 = CARTESIAN_POINT('',(0.,-27.25766707347));
#8102 = CARTESIAN_POINT('',(0.,-63.));
#8103 = ( GEOMETRIC_REPRESENTATION_CONTEXT(2) 
PARAMETRIC_REPRESENTATION_CONTEXT() REPRESENTATION_CONTEXT('2D SPACE',''
  ) );
#8104 = PCURVE('',#8105,#8110);
#8105 = PLANE('',#8106);
#8106 = AXIS2_PLACEMENT_3D('',#8107,#8108,#8109);
#8107 = CARTESIAN_POINT('',(-78.,20.,-87.));
#8108 = DIRECTION('',(0.,1.,0.));
#8109 = DIRECTION('',(0.,0.,1.));
#8110 = DEFINITIONAL_REPRESENTATION('',(#8111),#8114);
#8111 = B_SPLINE_CURVE_WITH_KNOTS('',1,(#8112,#8113),.UNSPECIFIED.,.F.,
  .F.,(2,2),(70.757667073474,106.5),.PIECEWISE_BEZIER_KNOTS.);
#8112 = CARTESIAN_POINT('',(114.25766707347,58.));
#8113 = CARTESIAN_POINT('',(150.,58.));
#8114 = ( GEOMETRIC_REPRESENTATION_CONTEXT(2) 
PARAMETRIC_REPRESENTATION_CONTEXT() REPRESENTATION_CONTEXT('2D SPACE',''
  ) );
#8115 = ORIENTED_EDGE('',*,*,#8116,.F.);
#8116 = EDGE_CURVE('',#8117,#8091,#8119,.T.);
#8117 = VERTEX_POINT('',#8118);
#8118 = CARTESIAN_POINT('',(-20.,20.29531954342,62.920869366832));
#8119 = SURFACE_CURVE('',#8120,(#8124,#8130),.PCURVE_S1.);
#8120 = LINE('',#8121,#8122);
#8121 = CARTESIAN_POINT('',(-20.,37.534258262891,58.30170965858));
#8122 = VECTOR('',#8123,1.);
#8123 = DIRECTION('',(0.,-0.965925826289,0.258819045103));
#8124 = PCURVE('',#7808,#8125);
#8125 = DEFINITIONAL_REPRESENTATION('',(#8126),#8129);
#8126 = B_SPLINE_CURVE_WITH_KNOTS('',1,(#8127,#8128),.UNSPECIFIED.,.F.,
  .F.,(2,2),(6.649244940848,18.152799920729),.PIECEWISE_BEZIER_KNOTS.);
#8127 = CARTESIAN_POINT('',(-11.1115808492,-60.02266088482));
#8128 = CARTESIAN_POINT('',(3.552713678801E-15,-63.));
#8129 = ( GEOMETRIC_REPRESENTATION_CONTEXT(2) 
PARAMETRIC_REPRESENTATION_CONTEXT() REPRESENTATION_CONTEXT('2D SPACE',''
  ) );
#8130 = PCURVE('',#8131,#8136);
#8131 = PLANE('',#8132);
#8132 = AXIS2_PLACEMENT_3D('',#8133,#8134,#8135);
#8133 = CARTESIAN_POINT('',(0.,39.318516525781,57.82361909795));
#8134 = DIRECTION('',(0.,0.258819045103,0.965925826289));
#8135 = DIRECTION('',(1.,0.,0.));
#8136 = DEFINITIONAL_REPRESENTATION('',(#8137),#8140);
#8137 = B_SPLINE_CURVE_WITH_KNOTS('',1,(#8138,#8139),.UNSPECIFIED.,.F.,
  .F.,(2,2),(6.649244940848,18.152799920729),.PIECEWISE_BEZIER_KNOTS.);
#8138 = CARTESIAN_POINT('',(-20.,-8.496445020119));
#8139 = CARTESIAN_POINT('',(-20.,-20.));
#8140 = ( GEOMETRIC_REPRESENTATION_CONTEXT(2) 
PARAMETRIC_REPRESENTATION_CONTEXT() REPRESENTATION_CONTEXT('2D SPACE',''
  ) );
#8141 = ORIENTED_EDGE('',*,*,#8142,.T.);
#8142 = EDGE_CURVE('',#8117,#7908,#8143,.T.);
#8143 = SURFACE_CURVE('',#8144,(#8148,#8155),.PCURVE_S1.);
#8144 = LINE('',#8145,#8146);
#8145 = CARTESIAN_POINT('',(-20.,31.111580849203,23.397041122148));
#8146 = VECTOR('',#8147,1.);
#8147 = DIRECTION('',(0.,-0.263958541771,0.964534026474));
#8148 = PCURVE('',#7808,#8149);
#8149 = DEFINITIONAL_REPRESENTATION('',(#8150),#8154);
#8150 = LINE('',#8151,#8152);
#8151 = CARTESIAN_POINT('',(-11.1115808492,-23.39704112214));
#8152 = VECTOR('',#8153,1.);
#8153 = DIRECTION('',(0.263958541771,-0.964534026474));
#8154 = ( GEOMETRIC_REPRESENTATION_CONTEXT(2) 
PARAMETRIC_REPRESENTATION_CONTEXT() REPRESENTATION_CONTEXT('2D SPACE',''
  ) );
#8155 = PCURVE('',#8156,#8161);
#8156 = PLANE('',#8157);
#8157 = AXIS2_PLACEMENT_3D('',#8158,#8159,#8160);
#8158 = CARTESIAN_POINT('',(-20.,31.111580849203,23.397041122148));
#8159 = DIRECTION('',(0.,-0.964534026474,-0.263958541771));
#8160 = DIRECTION('',(0.,-0.263958541771,0.964534026474));
#8161 = DEFINITIONAL_REPRESENTATION('',(#8162),#8166);
#8162 = LINE('',#8163,#8164);
#8163 = CARTESIAN_POINT('',(0.,0.));
#8164 = VECTOR('',#8165,1.);
#8165 = DIRECTION('',(1.,0.));
#8166 = ( GEOMETRIC_REPRESENTATION_CONTEXT(2) 
PARAMETRIC_REPRESENTATION_CONTEXT() REPRESENTATION_CONTEXT('2D SPACE',''
  ) );
#8167 = FACE_BOUND('',#8168,.F.);
#8168 = EDGE_LOOP('',(#8169));
#8169 = ORIENTED_EDGE('',*,*,#8170,.T.);
#8170 = EDGE_CURVE('',#8171,#8171,#8173,.T.);
#8171 = VERTEX_POINT('',#8172);
#8172 = CARTESIAN_POINT('',(-20.,2.2,15.));
#8173 = SURFACE_CURVE('',#8174,(#8179,#8190),.PCURVE_S1.);
#8174 = CIRCLE('',#8175,2.2);
#8175 = AXIS2_PLACEMENT_3D('',#8176,#8177,#8178);
#8176 = CARTESIAN_POINT('',(-20.,0.,15.));
#8177 = DIRECTION('',(-1.,0.,0.));
#8178 = DIRECTION('',(0.,1.,0.));
#8179 = PCURVE('',#7808,#8180);
#8180 = DEFINITIONAL_REPRESENTATION('',(#8181),#8189);
#8181 = ( BOUNDED_CURVE() B_SPLINE_CURVE(2,(#8182,#8183,#8184,#8185,
#8186,#8187,#8188),.UNSPECIFIED.,.T.,.F.) B_SPLINE_CURVE_WITH_KNOTS((1,2
    ,2,2,2,1),(-2.094395102393,0.,2.094395102393,4.188790204786,
6.28318530718,8.377580409573),.UNSPECIFIED.) CURVE() 
GEOMETRIC_REPRESENTATION_ITEM() RATIONAL_B_SPLINE_CURVE((1.,0.5,1.,0.5,
1.,0.5,1.)) REPRESENTATION_ITEM('') );
#8182 = CARTESIAN_POINT('',(17.8,-15.));
#8183 = CARTESIAN_POINT('',(17.8,-11.18948822334));
#8184 = CARTESIAN_POINT('',(21.1,-13.09474411167));
#8185 = CARTESIAN_POINT('',(24.4,-15.));
#8186 = CARTESIAN_POINT('',(21.1,-16.90525588832));
#8187 = CARTESIAN_POINT('',(17.8,-18.81051177665));
#8188 = CARTESIAN_POINT('',(17.8,-15.));
#8189 = ( GEOMETRIC_REPRESENTATION_CONTEXT(2) 
PARAMETRIC_REPRESENTATION_CONTEXT() REPRESENTATION_CONTEXT('2D SPACE',''
  ) );
#8190 = PCURVE('',#8191,#8196);
#8191 = CYLINDRICAL_SURFACE('',#8192,2.2);
#8192 = AXIS2_PLACEMENT_3D('',#8193,#8194,#8195);
#8193 = CARTESIAN_POINT('',(-40.,0.,15.));
#8194 = DIRECTION('',(-1.,-0.,-0.));
#8195 = DIRECTION('',(0.,1.,0.));
#8196 = DEFINITIONAL_REPRESENTATION('',(#8197),#8201);
#8197 = LINE('',#8198,#8199);
#8198 = CARTESIAN_POINT('',(-6.28318530718,-20.));
#8199 = VECTOR('',#8200,1.);
#8200 = DIRECTION('',(1.,-0.));
#8201 = ( GEOMETRIC_REPRESENTATION_CONTEXT(2) 
PARAMETRIC_REPRESENTATION_CONTEXT() REPRESENTATION_CONTEXT('2D SPACE',''
  ) );
#8202 = ADVANCED_FACE('',(#8203,#8251),#7836,.T.);
#8203 = FACE_BOUND('',#8204,.T.);
#8204 = EDGE_LOOP('',(#8205,#8206,#8229,#8250));
#8205 = ORIENTED_EDGE('',*,*,#7820,.T.);
#8206 = ORIENTED_EDGE('',*,*,#8207,.T.);
#8207 = EDGE_CURVE('',#7821,#8208,#8210,.T.);
#8208 = VERTEX_POINT('',#8209);
#8209 = CARTESIAN_POINT('',(20.,20.,118.));
#8210 = SURFACE_CURVE('',#8211,(#8215,#8222),.PCURVE_S1.);
#8211 = LINE('',#8212,#8213);
#8212 = CARTESIAN_POINT('',(20.,-20.,118.));
#8213 = VECTOR('',#8214,1.);
#8214 = DIRECTION('',(0.,1.,0.));
#8215 = PCURVE('',#7836,#8216);
#8216 = DEFINITIONAL_REPRESENTATION('',(#8217),#8221);
#8217 = LINE('',#8218,#8219);
#8218 = CARTESIAN_POINT('',(20.,-20.));
#8219 = VECTOR('',#8220,1.);
#8220 = DIRECTION('',(0.,1.));
#8221 = ( GEOMETRIC_REPRESENTATION_CONTEXT(2) 
PARAMETRIC_REPRESENTATION_CONTEXT() REPRESENTATION_CONTEXT('2D SPACE',''
  ) );
#8222 = PCURVE('',#7864,#8223);
#8223 = DEFINITIONAL_REPRESENTATION('',(#8224),#8228);
#8224 = LINE('',#8225,#8226);
#8225 = CARTESIAN_POINT('',(0.,-118.));
#8226 = VECTOR('',#8227,1.);
#8227 = DIRECTION('',(1.,0.));
#8228 = ( GEOMETRIC_REPRESENTATION_CONTEXT(2) 
PARAMETRIC_REPRESENTATION_CONTEXT() REPRESENTATION_CONTEXT('2D SPACE',''
  ) );
#8229 = ORIENTED_EDGE('',*,*,#8230,.T.);
#8230 = EDGE_CURVE('',#8208,#7906,#8231,.T.);
#8231 = SURFACE_CURVE('',#8232,(#8236,#8243),.PCURVE_S1.);
#8232 = LINE('',#8233,#8234);
#8233 = CARTESIAN_POINT('',(20.,20.,118.));
#8234 = VECTOR('',#8235,1.);
#8235 = DIRECTION('',(-1.,0.,0.));
#8236 = PCURVE('',#7836,#8237);
#8237 = DEFINITIONAL_REPRESENTATION('',(#8238),#8242);
#8238 = LINE('',#8239,#8240);
#8239 = CARTESIAN_POINT('',(20.,20.));
#8240 = VECTOR('',#8241,1.);
#8241 = DIRECTION('',(-1.,0.));
#8242 = ( GEOMETRIC_REPRESENTATION_CONTEXT(2) 
PARAMETRIC_REPRESENTATION_CONTEXT() REPRESENTATION_CONTEXT('2D SPACE',''
  ) );
#8243 = PCURVE('',#7923,#8244);
#8244 = DEFINITIONAL_REPRESENTATION('',(#8245),#8249);
#8245 = LINE('',#8246,#8247);
#8246 = CARTESIAN_POINT('',(0.,-118.));
#8247 = VECTOR('',#8248,1.);
#8248 = DIRECTION('',(1.,0.));
#8249 = ( GEOMETRIC_REPRESENTATION_CONTEXT(2) 
PARAMETRIC_REPRESENTATION_CONTEXT() REPRESENTATION_CONTEXT('2D SPACE',''
  ) );
#8250 = ORIENTED_EDGE('',*,*,#7935,.T.);
#8251 = FACE_BOUND('',#8252,.T.);
#8252 = EDGE_LOOP('',(#8253,#8283,#8311,#8339));
#8253 = ORIENTED_EDGE('',*,*,#8254,.F.);
#8254 = EDGE_CURVE('',#8255,#8257,#8259,.T.);
#8255 = VERTEX_POINT('',#8256);
#8256 = CARTESIAN_POINT('',(-14.6,-14.6,118.));
#8257 = VERTEX_POINT('',#8258);
#8258 = CARTESIAN_POINT('',(14.6,-14.6,118.));
#8259 = SURFACE_CURVE('',#8260,(#8264,#8271),.PCURVE_S1.);
#8260 = LINE('',#8261,#8262);
#8261 = CARTESIAN_POINT('',(-14.6,-14.6,118.));
#8262 = VECTOR('',#8263,1.);
#8263 = DIRECTION('',(1.,0.,0.));
#8264 = PCURVE('',#7836,#8265);
#8265 = DEFINITIONAL_REPRESENTATION('',(#8266),#8270);
#8266 = LINE('',#8267,#8268);
#8267 = CARTESIAN_POINT('',(-14.6,-14.6));
#8268 = VECTOR('',#8269,1.);
#8269 = DIRECTION('',(1.,0.));
#8270 = ( GEOMETRIC_REPRESENTATION_CONTEXT(2) 
PARAMETRIC_REPRESENTATION_CONTEXT() REPRESENTATION_CONTEXT('2D SPACE',''
  ) );
#8271 = PCURVE('',#8272,#8277);
#8272 = PLANE('',#8273);
#8273 = AXIS2_PLACEMENT_3D('',#8274,#8275,#8276);
#8274 = CARTESIAN_POINT('',(-14.6,-14.6,118.));
#8275 = DIRECTION('',(0.,1.,0.));
#8276 = DIRECTION('',(1.,0.,0.));
#8277 = DEFINITIONAL_REPRESENTATION('',(#8278),#8282);
#8278 = LINE('',#8279,#8280);
#8279 = CARTESIAN_POINT('',(0.,0.));
#8280 = VECTOR('',#8281,1.);
#8281 = DIRECTION('',(1.,0.));
#8282 = ( GEOMETRIC_REPRESENTATION_CONTEXT(2) 
PARAMETRIC_REPRESENTATION_CONTEXT() REPRESENTATION_CONTEXT('2D SPACE',''
  ) );
#8283 = ORIENTED_EDGE('',*,*,#8284,.F.);
#8284 = EDGE_CURVE('',#8285,#8255,#8287,.T.);
#8285 = VERTEX_POINT('',#8286);
#8286 = CARTESIAN_POINT('',(-14.6,14.6,118.));
#8287 = SURFACE_CURVE('',#8288,(#8292,#8299),.PCURVE_S1.);
#8288 = LINE('',#8289,#8290);
#8289 = CARTESIAN_POINT('',(-14.6,14.6,118.));
#8290 = VECTOR('',#8291,1.);
#8291 = DIRECTION('',(0.,-1.,0.));
#8292 = PCURVE('',#7836,#8293);
#8293 = DEFINITIONAL_REPRESENTATION('',(#8294),#8298);
#8294 = LINE('',#8295,#8296);
#8295 = CARTESIAN_POINT('',(-14.6,14.6));
#8296 = VECTOR('',#8297,1.);
#8297 = DIRECTION('',(0.,-1.));
#8298 = ( GEOMETRIC_REPRESENTATION_CONTEXT(2) 
PARAMETRIC_REPRESENTATION_CONTEXT() REPRESENTATION_CONTEXT('2D SPACE',''
  ) );
#8299 = PCURVE('',#8300,#8305);
#8300 = PLANE('',#8301);
#8301 = AXIS2_PLACEMENT_3D('',#8302,#8303,#8304);
#8302 = CARTESIAN_POINT('',(-14.6,14.6,118.));
#8303 = DIRECTION('',(1.,0.,-0.));
#8304 = DIRECTION('',(0.,-1.,0.));
#8305 = DEFINITIONAL_REPRESENTATION('',(#8306),#8310);
#8306 = LINE('',#8307,#8308);
#8307 = CARTESIAN_POINT('',(0.,0.));
#8308 = VECTOR('',#8309,1.);
#8309 = DIRECTION('',(1.,0.));
#8310 = ( GEOMETRIC_REPRESENTATION_CONTEXT(2) 
PARAMETRIC_REPRESENTATION_CONTEXT() REPRESENTATION_CONTEXT('2D SPACE',''
  ) );
#8311 = ORIENTED_EDGE('',*,*,#8312,.F.);
#8312 = EDGE_CURVE('',#8313,#8285,#8315,.T.);
#8313 = VERTEX_POINT('',#8314);
#8314 = CARTESIAN_POINT('',(14.6,14.6,118.));
#8315 = SURFACE_CURVE('',#8316,(#8320,#8327),.PCURVE_S1.);
#8316 = LINE('',#8317,#8318);
#8317 = CARTESIAN_POINT('',(14.6,14.6,118.));
#8318 = VECTOR('',#8319,1.);
#8319 = DIRECTION('',(-1.,0.,0.));
#8320 = PCURVE('',#7836,#8321);
#8321 = DEFINITIONAL_REPRESENTATION('',(#8322),#8326);
#8322 = LINE('',#8323,#8324);
#8323 = CARTESIAN_POINT('',(14.6,14.6));
#8324 = VECTOR('',#8325,1.);
#8325 = DIRECTION('',(-1.,0.));
#8326 = ( GEOMETRIC_REPRESENTATION_CONTEXT(2) 
PARAMETRIC_REPRESENTATION_CONTEXT() REPRESENTATION_CONTEXT('2D SPACE',''
  ) );
#8327 = PCURVE('',#8328,#8333);
#8328 = PLANE('',#8329);
#8329 = AXIS2_PLACEMENT_3D('',#8330,#8331,#8332);
#8330 = CARTESIAN_POINT('',(14.6,14.6,118.));
#8331 = DIRECTION('',(0.,-1.,0.));
#8332 = DIRECTION('',(-1.,0.,0.));
#8333 = DEFINITIONAL_REPRESENTATION('',(#8334),#8338);
#8334 = LINE('',#8335,#8336);
#8335 = CARTESIAN_POINT('',(0.,-0.));
#8336 = VECTOR('',#8337,1.);
#8337 = DIRECTION('',(1.,0.));
#8338 = ( GEOMETRIC_REPRESENTATION_CONTEXT(2) 
PARAMETRIC_REPRESENTATION_CONTEXT() REPRESENTATION_CONTEXT('2D SPACE',''
  ) );
#8339 = ORIENTED_EDGE('',*,*,#8340,.F.);
#8340 = EDGE_CURVE('',#8257,#8313,#8341,.T.);
#8341 = SURFACE_CURVE('',#8342,(#8346,#8353),.PCURVE_S1.);
#8342 = LINE('',#8343,#8344);
#8343 = CARTESIAN_POINT('',(14.6,-14.6,118.));
#8344 = VECTOR('',#8345,1.);
#8345 = DIRECTION('',(0.,1.,0.));
#8346 = PCURVE('',#7836,#8347);
#8347 = DEFINITIONAL_REPRESENTATION('',(#8348),#8352);
#8348 = LINE('',#8349,#8350);
#8349 = CARTESIAN_POINT('',(14.6,-14.6));
#8350 = VECTOR('',#8351,1.);
#8351 = DIRECTION('',(0.,1.));
#8352 = ( GEOMETRIC_REPRESENTATION_CONTEXT(2) 
PARAMETRIC_REPRESENTATION_CONTEXT() REPRESENTATION_CONTEXT('2D SPACE',''
  ) );
#8353 = PCURVE('',#8354,#8359);
#8354 = PLANE('',#8355);
#8355 = AXIS2_PLACEMENT_3D('',#8356,#8357,#8358);
#8356 = CARTESIAN_POINT('',(14.6,-14.6,118.));
#8357 = DIRECTION('',(-1.,0.,0.));
#8358 = DIRECTION('',(0.,1.,0.));
#8359 = DEFINITIONAL_REPRESENTATION('',(#8360),#8364);
#8360 = LINE('',#8361,#8362);
#8361 = CARTESIAN_POINT('',(0.,0.));
#8362 = VECTOR('',#8363,1.);
#8363 = DIRECTION('',(1.,0.));
#8364 = ( GEOMETRIC_REPRESENTATION_CONTEXT(2) 
PARAMETRIC_REPRESENTATION_CONTEXT() REPRESENTATION_CONTEXT('2D SPACE',''
  ) );
#8365 = ADVANCED_FACE('',(#8366,#8574),#7864,.F.);
#8366 = FACE_BOUND('',#8367,.F.);
#8367 = EDGE_LOOP('',(#8368,#8391,#8392,#8393,#8416,#8439,#8460,#8486,
    #8507,#8530,#8553));
#8368 = ORIENTED_EDGE('',*,*,#8369,.F.);
#8369 = EDGE_CURVE('',#7849,#8370,#8372,.T.);
#8370 = VERTEX_POINT('',#8371);
#8371 = CARTESIAN_POINT('',(20.,20.,0.));
#8372 = SURFACE_CURVE('',#8373,(#8377,#8384),.PCURVE_S1.);
#8373 = LINE('',#8374,#8375);
#8374 = CARTESIAN_POINT('',(20.,-20.,0.));
#8375 = VECTOR('',#8376,1.);
#8376 = DIRECTION('',(0.,1.,0.));
#8377 = PCURVE('',#7864,#8378);
#8378 = DEFINITIONAL_REPRESENTATION('',(#8379),#8383);
#8379 = LINE('',#8380,#8381);
#8380 = CARTESIAN_POINT('',(0.,0.));
#8381 = VECTOR('',#8382,1.);
#8382 = DIRECTION('',(1.,0.));
#8383 = ( GEOMETRIC_REPRESENTATION_CONTEXT(2) 
PARAMETRIC_REPRESENTATION_CONTEXT() REPRESENTATION_CONTEXT('2D SPACE',''
  ) );
#8384 = PCURVE('',#7890,#8385);
#8385 = DEFINITIONAL_REPRESENTATION('',(#8386),#8390);
#8386 = LINE('',#8387,#8388);
#8387 = CARTESIAN_POINT('',(20.,-20.));
#8388 = VECTOR('',#8389,1.);
#8389 = DIRECTION('',(0.,1.));
#8390 = ( GEOMETRIC_REPRESENTATION_CONTEXT(2) 
PARAMETRIC_REPRESENTATION_CONTEXT() REPRESENTATION_CONTEXT('2D SPACE',''
  ) );
#8391 = ORIENTED_EDGE('',*,*,#7848,.T.);
#8392 = ORIENTED_EDGE('',*,*,#8207,.T.);
#8393 = ORIENTED_EDGE('',*,*,#8394,.F.);
#8394 = EDGE_CURVE('',#8395,#8208,#8397,.T.);
#8395 = VERTEX_POINT('',#8396);
#8396 = CARTESIAN_POINT('',(20.,20.,64.));
#8397 = SURFACE_CURVE('',#8398,(#8402,#8409),.PCURVE_S1.);
#8398 = LINE('',#8399,#8400);
#8399 = CARTESIAN_POINT('',(20.,20.,0.));
#8400 = VECTOR('',#8401,1.);
#8401 = DIRECTION('',(0.,0.,1.));
#8402 = PCURVE('',#7864,#8403);
#8403 = DEFINITIONAL_REPRESENTATION('',(#8404),#8408);
#8404 = LINE('',#8405,#8406);
#8405 = CARTESIAN_POINT('',(40.,0.));
#8406 = VECTOR('',#8407,1.);
#8407 = DIRECTION('',(0.,-1.));
#8408 = ( GEOMETRIC_REPRESENTATION_CONTEXT(2) 
PARAMETRIC_REPRESENTATION_CONTEXT() REPRESENTATION_CONTEXT('2D SPACE',''
  ) );
#8409 = PCURVE('',#7923,#8410);
#8410 = DEFINITIONAL_REPRESENTATION('',(#8411),#8415);
#8411 = LINE('',#8412,#8413);
#8412 = CARTESIAN_POINT('',(0.,-0.));
#8413 = VECTOR('',#8414,1.);
#8414 = DIRECTION('',(0.,-1.));
#8415 = ( GEOMETRIC_REPRESENTATION_CONTEXT(2) 
PARAMETRIC_REPRESENTATION_CONTEXT() REPRESENTATION_CONTEXT('2D SPACE',''
  ) );
#8416 = ORIENTED_EDGE('',*,*,#8417,.F.);
#8417 = EDGE_CURVE('',#8418,#8395,#8420,.T.);
#8418 = VERTEX_POINT('',#8419);
#8419 = CARTESIAN_POINT('',(20.,20.29531954342,62.920869366832));
#8420 = SURFACE_CURVE('',#8421,(#8425,#8432),.PCURVE_S1.);
#8421 = LINE('',#8422,#8423);
#8422 = CARTESIAN_POINT('',(20.,31.111580849203,23.397041122148));
#8423 = VECTOR('',#8424,1.);
#8424 = DIRECTION('',(0.,-0.263958541771,0.964534026474));
#8425 = PCURVE('',#7864,#8426);
#8426 = DEFINITIONAL_REPRESENTATION('',(#8427),#8431);
#8427 = LINE('',#8428,#8429);
#8428 = CARTESIAN_POINT('',(51.111580849203,-23.39704112214));
#8429 = VECTOR('',#8430,1.);
#8430 = DIRECTION('',(-0.263958541771,-0.964534026474));
#8431 = ( GEOMETRIC_REPRESENTATION_CONTEXT(2) 
PARAMETRIC_REPRESENTATION_CONTEXT() REPRESENTATION_CONTEXT('2D SPACE',''
  ) );
#8432 = PCURVE('',#8156,#8433);
#8433 = DEFINITIONAL_REPRESENTATION('',(#8434),#8438);
#8434 = LINE('',#8435,#8436);
#8435 = CARTESIAN_POINT('',(0.,-40.));
#8436 = VECTOR('',#8437,1.);
#8437 = DIRECTION('',(1.,0.));
#8438 = ( GEOMETRIC_REPRESENTATION_CONTEXT(2) 
PARAMETRIC_REPRESENTATION_CONTEXT() REPRESENTATION_CONTEXT('2D SPACE',''
  ) );
#8439 = ORIENTED_EDGE('',*,*,#8440,.F.);
#8440 = EDGE_CURVE('',#8441,#8418,#8443,.T.);
#8441 = VERTEX_POINT('',#8442);
#8442 = CARTESIAN_POINT('',(20.,20.,63.));
#8443 = SURFACE_CURVE('',#8444,(#8448,#8454),.PCURVE_S1.);
#8444 = LINE('',#8445,#8446);
#8445 = CARTESIAN_POINT('',(20.,18.874004225046,63.30170965858));
#8446 = VECTOR('',#8447,1.);
#8447 = DIRECTION('',(0.,0.965925826289,-0.258819045103));
#8448 = PCURVE('',#7864,#8449);
#8449 = DEFINITIONAL_REPRESENTATION('',(#8450),#8453);
#8450 = B_SPLINE_CURVE_WITH_KNOTS('',1,(#8451,#8452),.UNSPECIFIED.,.F.,
  .F.,(2,2),(1.165716605052,12.669271584933),.PIECEWISE_BEZIER_KNOTS.);
#8451 = CARTESIAN_POINT('',(40.,-63.));
#8452 = CARTESIAN_POINT('',(51.111580849203,-60.02266088482));
#8453 = ( GEOMETRIC_REPRESENTATION_CONTEXT(2) 
PARAMETRIC_REPRESENTATION_CONTEXT() REPRESENTATION_CONTEXT('2D SPACE',''
  ) );
#8454 = PCURVE('',#8131,#8455);
#8455 = DEFINITIONAL_REPRESENTATION('',(#8456),#8459);
#8456 = B_SPLINE_CURVE_WITH_KNOTS('',1,(#8457,#8458),.UNSPECIFIED.,.F.,
  .F.,(2,2),(1.165716605052,12.669271584933),.PIECEWISE_BEZIER_KNOTS.);
#8457 = CARTESIAN_POINT('',(20.,-20.));
#8458 = CARTESIAN_POINT('',(20.,-8.496445020119));
#8459 = ( GEOMETRIC_REPRESENTATION_CONTEXT(2) 
PARAMETRIC_REPRESENTATION_CONTEXT() REPRESENTATION_CONTEXT('2D SPACE',''
  ) );
#8460 = ORIENTED_EDGE('',*,*,#8461,.T.);
#8461 = EDGE_CURVE('',#8441,#8462,#8464,.T.);
#8462 = VERTEX_POINT('',#8463);
#8463 = CARTESIAN_POINT('',(20.,20.,56.788342917539));
#8464 = SURFACE_CURVE('',#8465,(#8469,#8475),.PCURVE_S1.);
#8465 = LINE('',#8466,#8467);
#8466 = CARTESIAN_POINT('',(20.,20.,-43.5));
#8467 = VECTOR('',#8468,1.);
#8468 = DIRECTION('',(0.,0.,-1.));
#8469 = PCURVE('',#7864,#8470);
#8470 = DEFINITIONAL_REPRESENTATION('',(#8471),#8474);
#8471 = B_SPLINE_CURVE_WITH_KNOTS('',1,(#8472,#8473),.UNSPECIFIED.,.F.,
  .F.,(2,2),(-106.5,-70.75766707347),.PIECEWISE_BEZIER_KNOTS.);
#8472 = CARTESIAN_POINT('',(40.,-63.));
#8473 = CARTESIAN_POINT('',(40.,-27.25766707347));
#8474 = ( GEOMETRIC_REPRESENTATION_CONTEXT(2) 
PARAMETRIC_REPRESENTATION_CONTEXT() REPRESENTATION_CONTEXT('2D SPACE',''
  ) );
#8475 = PCURVE('',#8476,#8481);
#8476 = PLANE('',#8477);
#8477 = AXIS2_PLACEMENT_3D('',#8478,#8479,#8480);
#8478 = CARTESIAN_POINT('',(-78.,20.,-87.));
#8479 = DIRECTION('',(0.,1.,0.));
#8480 = DIRECTION('',(0.,0.,1.));
#8481 = DEFINITIONAL_REPRESENTATION('',(#8482),#8485);
#8482 = B_SPLINE_CURVE_WITH_KNOTS('',1,(#8483,#8484),.UNSPECIFIED.,.F.,
  .F.,(2,2),(-106.5,-70.75766707347),.PIECEWISE_BEZIER_KNOTS.);
#8483 = CARTESIAN_POINT('',(150.,98.));
#8484 = CARTESIAN_POINT('',(114.25766707347,98.));
#8485 = ( GEOMETRIC_REPRESENTATION_CONTEXT(2) 
PARAMETRIC_REPRESENTATION_CONTEXT() REPRESENTATION_CONTEXT('2D SPACE',''
  ) );
#8486 = ORIENTED_EDGE('',*,*,#8487,.T.);
#8487 = EDGE_CURVE('',#8462,#8488,#8490,.T.);
#8488 = VERTEX_POINT('',#8489);
#8489 = CARTESIAN_POINT('',(20.,22.129743276893,56.21767992641));
#8490 = SURFACE_CURVE('',#8491,(#8495,#8501),.PCURVE_S1.);
#8491 = LINE('',#8492,#8493);
#8492 = CARTESIAN_POINT('',(20.,26.497385304177,55.047373772371));
#8493 = VECTOR('',#8494,1.);
#8494 = DIRECTION('',(0.,0.965925826289,-0.258819045103));
#8495 = PCURVE('',#7864,#8496);
#8496 = DEFINITIONAL_REPRESENTATION('',(#8497),#8500);
#8497 = B_SPLINE_CURVE_WITH_KNOTS('',1,(#8498,#8499),.UNSPECIFIED.,.F.,
  .F.,(2,2),(-6.726588240361,4.77696673952),.PIECEWISE_BEZIER_KNOTS.);
#8498 = CARTESIAN_POINT('',(40.,-56.78834291754));
#8499 = CARTESIAN_POINT('',(51.111580849203,-53.81100380236));
#8500 = ( GEOMETRIC_REPRESENTATION_CONTEXT(2) 
PARAMETRIC_REPRESENTATION_CONTEXT() REPRESENTATION_CONTEXT('2D SPACE',''
  ) );
#8501 = PCURVE('',#8079,#8502);
#8502 = DEFINITIONAL_REPRESENTATION('',(#8503),#8506);
#8503 = B_SPLINE_CURVE_WITH_KNOTS('',1,(#8504,#8505),.UNSPECIFIED.,.F.,
  .F.,(2,2),(-6.726588240361,4.77696673952),.PIECEWISE_BEZIER_KNOTS.);
#8504 = CARTESIAN_POINT('',(20.,-37.39230484541));
#8505 = CARTESIAN_POINT('',(20.,-25.88874986553));
#8506 = ( GEOMETRIC_REPRESENTATION_CONTEXT(2) 
PARAMETRIC_REPRESENTATION_CONTEXT() REPRESENTATION_CONTEXT('2D SPACE',''
  ) );
#8507 = ORIENTED_EDGE('',*,*,#8508,.F.);
#8508 = EDGE_CURVE('',#8509,#8488,#8511,.T.);
#8509 = VERTEX_POINT('',#8510);
#8510 = CARTESIAN_POINT('',(20.,31.111580849203,23.397041122148));
#8511 = SURFACE_CURVE('',#8512,(#8516,#8523),.PCURVE_S1.);
#8512 = LINE('',#8513,#8514);
#8513 = CARTESIAN_POINT('',(20.,31.111580849203,23.397041122148));
#8514 = VECTOR('',#8515,1.);
#8515 = DIRECTION('',(0.,-0.263958541771,0.964534026474));
#8516 = PCURVE('',#7864,#8517);
#8517 = DEFINITIONAL_REPRESENTATION('',(#8518),#8522);
#8518 = LINE('',#8519,#8520);
#8519 = CARTESIAN_POINT('',(51.111580849203,-23.39704112214));
#8520 = VECTOR('',#8521,1.);
#8521 = DIRECTION('',(-0.263958541771,-0.964534026474));
#8522 = ( GEOMETRIC_REPRESENTATION_CONTEXT(2) 
PARAMETRIC_REPRESENTATION_CONTEXT() REPRESENTATION_CONTEXT('2D SPACE',''
  ) );
#8523 = PCURVE('',#8052,#8524);
#8524 = DEFINITIONAL_REPRESENTATION('',(#8525),#8529);
#8525 = LINE('',#8526,#8527);
#8526 = CARTESIAN_POINT('',(0.,-40.));
#8527 = VECTOR('',#8528,1.);
#8528 = DIRECTION('',(1.,0.));
#8529 = ( GEOMETRIC_REPRESENTATION_CONTEXT(2) 
PARAMETRIC_REPRESENTATION_CONTEXT() REPRESENTATION_CONTEXT('2D SPACE',''
  ) );
#8530 = ORIENTED_EDGE('',*,*,#8531,.F.);
#8531 = EDGE_CURVE('',#8532,#8509,#8534,.T.);
#8532 = VERTEX_POINT('',#8533);
#8533 = CARTESIAN_POINT('',(20.,20.,22.));
#8534 = SURFACE_CURVE('',#8535,(#8539,#8546),.PCURVE_S1.);
#8535 = LINE('',#8536,#8537);
#8536 = CARTESIAN_POINT('',(20.,20.,22.));
#8537 = VECTOR('',#8538,1.);
#8538 = DIRECTION('',(0.,0.992188674373,0.124746280285));
#8539 = PCURVE('',#7864,#8540);
#8540 = DEFINITIONAL_REPRESENTATION('',(#8541),#8545);
#8541 = LINE('',#8542,#8543);
#8542 = CARTESIAN_POINT('',(40.,-22.));
#8543 = VECTOR('',#8544,1.);
#8544 = DIRECTION('',(0.992188674373,-0.124746280285));
#8545 = ( GEOMETRIC_REPRESENTATION_CONTEXT(2) 
PARAMETRIC_REPRESENTATION_CONTEXT() REPRESENTATION_CONTEXT('2D SPACE',''
  ) );
#8546 = PCURVE('',#8024,#8547);
#8547 = DEFINITIONAL_REPRESENTATION('',(#8548),#8552);
#8548 = LINE('',#8549,#8550);
#8549 = CARTESIAN_POINT('',(0.,-40.));
#8550 = VECTOR('',#8551,1.);
#8551 = DIRECTION('',(1.,0.));
#8552 = ( GEOMETRIC_REPRESENTATION_CONTEXT(2) 
PARAMETRIC_REPRESENTATION_CONTEXT() REPRESENTATION_CONTEXT('2D SPACE',''
  ) );
#8553 = ORIENTED_EDGE('',*,*,#8554,.F.);
#8554 = EDGE_CURVE('',#8370,#8532,#8555,.T.);
#8555 = SURFACE_CURVE('',#8556,(#8560,#8567),.PCURVE_S1.);
#8556 = LINE('',#8557,#8558);
#8557 = CARTESIAN_POINT('',(20.,20.,0.));
#8558 = VECTOR('',#8559,1.);
#8559 = DIRECTION('',(0.,0.,1.));
#8560 = PCURVE('',#7864,#8561);
#8561 = DEFINITIONAL_REPRESENTATION('',(#8562),#8566);
#8562 = LINE('',#8563,#8564);
#8563 = CARTESIAN_POINT('',(40.,0.));
#8564 = VECTOR('',#8565,1.);
#8565 = DIRECTION('',(0.,-1.));
#8566 = ( GEOMETRIC_REPRESENTATION_CONTEXT(2) 
PARAMETRIC_REPRESENTATION_CONTEXT() REPRESENTATION_CONTEXT('2D SPACE',''
  ) );
#8567 = PCURVE('',#7996,#8568);
#8568 = DEFINITIONAL_REPRESENTATION('',(#8569),#8573);
#8569 = LINE('',#8570,#8571);
#8570 = CARTESIAN_POINT('',(0.,-0.));
#8571 = VECTOR('',#8572,1.);
#8572 = DIRECTION('',(0.,-1.));
#8573 = ( GEOMETRIC_REPRESENTATION_CONTEXT(2) 
PARAMETRIC_REPRESENTATION_CONTEXT() REPRESENTATION_CONTEXT('2D SPACE',''
  ) );
#8574 = FACE_BOUND('',#8575,.F.);
#8575 = EDGE_LOOP('',(#8576));
#8576 = ORIENTED_EDGE('',*,*,#8577,.F.);
#8577 = EDGE_CURVE('',#8578,#8578,#8580,.T.);
#8578 = VERTEX_POINT('',#8579);
#8579 = CARTESIAN_POINT('',(20.,2.2,15.));
#8580 = SURFACE_CURVE('',#8581,(#8586,#8593),.PCURVE_S1.);
#8581 = CIRCLE('',#8582,2.2);
#8582 = AXIS2_PLACEMENT_3D('',#8583,#8584,#8585);
#8583 = CARTESIAN_POINT('',(20.,0.,15.));
#8584 = DIRECTION('',(-1.,0.,0.));
#8585 = DIRECTION('',(0.,1.,0.));
#8586 = PCURVE('',#7864,#8587);
#8587 = DEFINITIONAL_REPRESENTATION('',(#8588),#8592);
#8588 = CIRCLE('',#8589,2.2);
#8589 = AXIS2_PLACEMENT_2D('',#8590,#8591);
#8590 = CARTESIAN_POINT('',(20.,-15.));
#8591 = DIRECTION('',(1.,0.));
#8592 = ( GEOMETRIC_REPRESENTATION_CONTEXT(2) 
PARAMETRIC_REPRESENTATION_CONTEXT() REPRESENTATION_CONTEXT('2D SPACE',''
  ) );
#8593 = PCURVE('',#8594,#8599);
#8594 = CYLINDRICAL_SURFACE('',#8595,2.2);
#8595 = AXIS2_PLACEMENT_3D('',#8596,#8597,#8598);
#8596 = CARTESIAN_POINT('',(-40.,0.,15.));
#8597 = DIRECTION('',(-1.,-0.,-0.));
#8598 = DIRECTION('',(0.,1.,0.));
#8599 = DEFINITIONAL_REPRESENTATION('',(#8600),#8604);
#8600 = LINE('',#8601,#8602);
#8601 = CARTESIAN_POINT('',(-6.28318530718,-60.));
#8602 = VECTOR('',#8603,1.);
#8603 = DIRECTION('',(1.,-0.));
#8604 = ( GEOMETRIC_REPRESENTATION_CONTEXT(2) 
PARAMETRIC_REPRESENTATION_CONTEXT() REPRESENTATION_CONTEXT('2D SPACE',''
  ) );
#8605 = ADVANCED_FACE('',(#8606,#8632),#7890,.F.);
#8606 = FACE_BOUND('',#8607,.F.);
#8607 = EDGE_LOOP('',(#8608,#8609,#8610,#8631));
#8608 = ORIENTED_EDGE('',*,*,#7876,.T.);
#8609 = ORIENTED_EDGE('',*,*,#8369,.T.);
#8610 = ORIENTED_EDGE('',*,*,#8611,.T.);
#8611 = EDGE_CURVE('',#8370,#7958,#8612,.T.);
#8612 = SURFACE_CURVE('',#8613,(#8617,#8624),.PCURVE_S1.);
#8613 = LINE('',#8614,#8615);
#8614 = CARTESIAN_POINT('',(20.,20.,0.));
#8615 = VECTOR('',#8616,1.);
#8616 = DIRECTION('',(-1.,0.,0.));
#8617 = PCURVE('',#7890,#8618);
#8618 = DEFINITIONAL_REPRESENTATION('',(#8619),#8623);
#8619 = LINE('',#8620,#8621);
#8620 = CARTESIAN_POINT('',(20.,20.));
#8621 = VECTOR('',#8622,1.);
#8622 = DIRECTION('',(-1.,0.));
#8623 = ( GEOMETRIC_REPRESENTATION_CONTEXT(2) 
PARAMETRIC_REPRESENTATION_CONTEXT() REPRESENTATION_CONTEXT('2D SPACE',''
  ) );
#8624 = PCURVE('',#7996,#8625);
#8625 = DEFINITIONAL_REPRESENTATION('',(#8626),#8630);
#8626 = LINE('',#8627,#8628);
#8627 = CARTESIAN_POINT('',(0.,-0.));
#8628 = VECTOR('',#8629,1.);
#8629 = DIRECTION('',(1.,0.));
#8630 = ( GEOMETRIC_REPRESENTATION_CONTEXT(2) 
PARAMETRIC_REPRESENTATION_CONTEXT() REPRESENTATION_CONTEXT('2D SPACE',''
  ) );
#8631 = ORIENTED_EDGE('',*,*,#7957,.T.);
#8632 = FACE_BOUND('',#8633,.F.);
#8633 = EDGE_LOOP('',(#8634,#8664,#8692,#8720));
#8634 = ORIENTED_EDGE('',*,*,#8635,.F.);
#8635 = EDGE_CURVE('',#8636,#8638,#8640,.T.);
#8636 = VERTEX_POINT('',#8637);
#8637 = CARTESIAN_POINT('',(-15.,-15.,-1.999999881264E-07));
#8638 = VERTEX_POINT('',#8639);
#8639 = CARTESIAN_POINT('',(15.,-15.,-1.999999881264E-07));
#8640 = SURFACE_CURVE('',#8641,(#8645,#8652),.PCURVE_S1.);
#8641 = LINE('',#8642,#8643);
#8642 = CARTESIAN_POINT('',(-15.,-15.,-1.999999881264E-07));
#8643 = VECTOR('',#8644,1.);
#8644 = DIRECTION('',(1.,0.,0.));
#8645 = PCURVE('',#7890,#8646);
#8646 = DEFINITIONAL_REPRESENTATION('',(#8647),#8651);
#8647 = LINE('',#8648,#8649);
#8648 = CARTESIAN_POINT('',(-15.,-15.));
#8649 = VECTOR('',#8650,1.);
#8650 = DIRECTION('',(1.,0.));
#8651 = ( GEOMETRIC_REPRESENTATION_CONTEXT(2) 
PARAMETRIC_REPRESENTATION_CONTEXT() REPRESENTATION_CONTEXT('2D SPACE',''
  ) );
#8652 = PCURVE('',#8653,#8658);
#8653 = PLANE('',#8654);
#8654 = AXIS2_PLACEMENT_3D('',#8655,#8656,#8657);
#8655 = CARTESIAN_POINT('',(-15.,-15.,-1.999999881264E-07));
#8656 = DIRECTION('',(0.,1.,0.));
#8657 = DIRECTION('',(1.,0.,0.));
#8658 = DEFINITIONAL_REPRESENTATION('',(#8659),#8663);
#8659 = LINE('',#8660,#8661);
#8660 = CARTESIAN_POINT('',(0.,0.));
#8661 = VECTOR('',#8662,1.);
#8662 = DIRECTION('',(1.,0.));
#8663 = ( GEOMETRIC_REPRESENTATION_CONTEXT(2) 
PARAMETRIC_REPRESENTATION_CONTEXT() REPRESENTATION_CONTEXT('2D SPACE',''
  ) );
#8664 = ORIENTED_EDGE('',*,*,#8665,.F.);
#8665 = EDGE_CURVE('',#8666,#8636,#8668,.T.);
#8666 = VERTEX_POINT('',#8667);
#8667 = CARTESIAN_POINT('',(-15.,15.,-1.999999881264E-07));
#8668 = SURFACE_CURVE('',#8669,(#8673,#8680),.PCURVE_S1.);
#8669 = LINE('',#8670,#8671);
#8670 = CARTESIAN_POINT('',(-15.,15.,-1.999999881264E-07));
#8671 = VECTOR('',#8672,1.);
#8672 = DIRECTION('',(0.,-1.,0.));
#8673 = PCURVE('',#7890,#8674);
#8674 = DEFINITIONAL_REPRESENTATION('',(#8675),#8679);
#8675 = LINE('',#8676,#8677);
#8676 = CARTESIAN_POINT('',(-15.,15.));
#8677 = VECTOR('',#8678,1.);
#8678 = DIRECTION('',(0.,-1.));
#8679 = ( GEOMETRIC_REPRESENTATION_CONTEXT(2) 
PARAMETRIC_REPRESENTATION_CONTEXT() REPRESENTATION_CONTEXT('2D SPACE',''
  ) );
#8680 = PCURVE('',#8681,#8686);
#8681 = PLANE('',#8682);
#8682 = AXIS2_PLACEMENT_3D('',#8683,#8684,#8685);
#8683 = CARTESIAN_POINT('',(-15.,15.,-1.999999881264E-07));
#8684 = DIRECTION('',(1.,0.,0.));
#8685 = DIRECTION('',(0.,-1.,0.));
#8686 = DEFINITIONAL_REPRESENTATION('',(#8687),#8691);
#8687 = LINE('',#8688,#8689);
#8688 = CARTESIAN_POINT('',(0.,0.));
#8689 = VECTOR('',#8690,1.);
#8690 = DIRECTION('',(1.,0.));
#8691 = ( GEOMETRIC_REPRESENTATION_CONTEXT(2) 
PARAMETRIC_REPRESENTATION_CONTEXT() REPRESENTATION_CONTEXT('2D SPACE',''
  ) );
#8692 = ORIENTED_EDGE('',*,*,#8693,.F.);
#8693 = EDGE_CURVE('',#8694,#8666,#8696,.T.);
#8694 = VERTEX_POINT('',#8695);
#8695 = CARTESIAN_POINT('',(15.,15.,-1.999999881264E-07));
#8696 = SURFACE_CURVE('',#8697,(#8701,#8708),.PCURVE_S1.);
#8697 = LINE('',#8698,#8699);
#8698 = CARTESIAN_POINT('',(15.,15.,-1.999999881264E-07));
#8699 = VECTOR('',#8700,1.);
#8700 = DIRECTION('',(-1.,0.,0.));
#8701 = PCURVE('',#7890,#8702);
#8702 = DEFINITIONAL_REPRESENTATION('',(#8703),#8707);
#8703 = LINE('',#8704,#8705);
#8704 = CARTESIAN_POINT('',(15.,15.));
#8705 = VECTOR('',#8706,1.);
#8706 = DIRECTION('',(-1.,0.));
#8707 = ( GEOMETRIC_REPRESENTATION_CONTEXT(2) 
PARAMETRIC_REPRESENTATION_CONTEXT() REPRESENTATION_CONTEXT('2D SPACE',''
  ) );
#8708 = PCURVE('',#8709,#8714);
#8709 = PLANE('',#8710);
#8710 = AXIS2_PLACEMENT_3D('',#8711,#8712,#8713);
#8711 = CARTESIAN_POINT('',(15.,15.,-1.999999881264E-07));
#8712 = DIRECTION('',(0.,-1.,0.));
#8713 = DIRECTION('',(-1.,0.,0.));
#8714 = DEFINITIONAL_REPRESENTATION('',(#8715),#8719);
#8715 = LINE('',#8716,#8717);
#8716 = CARTESIAN_POINT('',(0.,-0.));
#8717 = VECTOR('',#8718,1.);
#8718 = DIRECTION('',(1.,0.));
#8719 = ( GEOMETRIC_REPRESENTATION_CONTEXT(2) 
PARAMETRIC_REPRESENTATION_CONTEXT() REPRESENTATION_CONTEXT('2D SPACE',''
  ) );
#8720 = ORIENTED_EDGE('',*,*,#8721,.F.);
#8721 = EDGE_CURVE('',#8638,#8694,#8722,.T.);
#8722 = SURFACE_CURVE('',#8723,(#8727,#8734),.PCURVE_S1.);
#8723 = LINE('',#8724,#8725);
#8724 = CARTESIAN_POINT('',(15.,-15.,-1.999999881264E-07));
#8725 = VECTOR('',#8726,1.);
#8726 = DIRECTION('',(0.,1.,0.));
#8727 = PCURVE('',#7890,#8728);
#8728 = DEFINITIONAL_REPRESENTATION('',(#8729),#8733);
#8729 = LINE('',#8730,#8731);
#8730 = CARTESIAN_POINT('',(15.,-15.));
#8731 = VECTOR('',#8732,1.);
#8732 = DIRECTION('',(0.,1.));
#8733 = ( GEOMETRIC_REPRESENTATION_CONTEXT(2) 
PARAMETRIC_REPRESENTATION_CONTEXT() REPRESENTATION_CONTEXT('2D SPACE',''
  ) );
#8734 = PCURVE('',#8735,#8740);
#8735 = PLANE('',#8736);
#8736 = AXIS2_PLACEMENT_3D('',#8737,#8738,#8739);
#8737 = CARTESIAN_POINT('',(15.,-15.,-1.999999881264E-07));
#8738 = DIRECTION('',(-1.,0.,0.));
#8739 = DIRECTION('',(0.,1.,0.));
#8740 = DEFINITIONAL_REPRESENTATION('',(#8741),#8745);
#8741 = LINE('',#8742,#8743);
#8742 = CARTESIAN_POINT('',(0.,0.));
#8743 = VECTOR('',#8744,1.);
#8744 = DIRECTION('',(1.,0.));
#8745 = ( GEOMETRIC_REPRESENTATION_CONTEXT(2) 
PARAMETRIC_REPRESENTATION_CONTEXT() REPRESENTATION_CONTEXT('2D SPACE',''
  ) );
#8746 = ADVANCED_FACE('',(#8747),#7923,.F.);
#8747 = FACE_BOUND('',#8748,.F.);
#8748 = EDGE_LOOP('',(#8749,#8770,#8771,#8772));
#8749 = ORIENTED_EDGE('',*,*,#8750,.T.);
#8750 = EDGE_CURVE('',#7908,#8395,#8751,.T.);
#8751 = SURFACE_CURVE('',#8752,(#8756,#8763),.PCURVE_S1.);
#8752 = LINE('',#8753,#8754);
#8753 = CARTESIAN_POINT('',(-20.,20.,64.));
#8754 = VECTOR('',#8755,1.);
#8755 = DIRECTION('',(1.,0.,0.));
#8756 = PCURVE('',#7923,#8757);
#8757 = DEFINITIONAL_REPRESENTATION('',(#8758),#8762);
#8758 = LINE('',#8759,#8760);
#8759 = CARTESIAN_POINT('',(40.,-64.));
#8760 = VECTOR('',#8761,1.);
#8761 = DIRECTION('',(-1.,-0.));
#8762 = ( GEOMETRIC_REPRESENTATION_CONTEXT(2) 
PARAMETRIC_REPRESENTATION_CONTEXT() REPRESENTATION_CONTEXT('2D SPACE',''
  ) );
#8763 = PCURVE('',#8156,#8764);
#8764 = DEFINITIONAL_REPRESENTATION('',(#8765),#8769);
#8765 = LINE('',#8766,#8767);
#8766 = CARTESIAN_POINT('',(42.095932090939,0.));
#8767 = VECTOR('',#8768,1.);
#8768 = DIRECTION('',(0.,-1.));
#8769 = ( GEOMETRIC_REPRESENTATION_CONTEXT(2) 
PARAMETRIC_REPRESENTATION_CONTEXT() REPRESENTATION_CONTEXT('2D SPACE',''
  ) );
#8770 = ORIENTED_EDGE('',*,*,#8394,.T.);
#8771 = ORIENTED_EDGE('',*,*,#8230,.T.);
#8772 = ORIENTED_EDGE('',*,*,#7905,.T.);
#8773 = ADVANCED_FACE('',(#8774),#8156,.F.);
#8774 = FACE_BOUND('',#8775,.F.);
#8775 = EDGE_LOOP('',(#8776,#8777,#8796,#8797));
#8776 = ORIENTED_EDGE('',*,*,#8142,.F.);
#8777 = ORIENTED_EDGE('',*,*,#8778,.F.);
#8778 = EDGE_CURVE('',#8418,#8117,#8779,.T.);
#8779 = SURFACE_CURVE('',#8780,(#8784,#8790),.PCURVE_S1.);
#8780 = LINE('',#8781,#8782);
#8781 = CARTESIAN_POINT('',(-10.,20.29531954342,62.920869366832));
#8782 = VECTOR('',#8783,1.);
#8783 = DIRECTION('',(-1.,-0.,0.));
#8784 = PCURVE('',#8156,#8785);
#8785 = DEFINITIONAL_REPRESENTATION('',(#8786),#8789);
#8786 = B_SPLINE_CURVE_WITH_KNOTS('',1,(#8787,#8788),.UNSPECIFIED.,.F.,
  .F.,(2,2),(-30.,10.),.PIECEWISE_BEZIER_KNOTS.);
#8787 = CARTESIAN_POINT('',(40.9771217602,-40.));
#8788 = CARTESIAN_POINT('',(40.9771217602,0.));
#8789 = ( GEOMETRIC_REPRESENTATION_CONTEXT(2) 
PARAMETRIC_REPRESENTATION_CONTEXT() REPRESENTATION_CONTEXT('2D SPACE',''
  ) );
#8790 = PCURVE('',#8131,#8791);
#8791 = DEFINITIONAL_REPRESENTATION('',(#8792),#8795);
#8792 = B_SPLINE_CURVE_WITH_KNOTS('',1,(#8793,#8794),.UNSPECIFIED.,.F.,
  .F.,(2,2),(-30.,10.),.PIECEWISE_BEZIER_KNOTS.);
#8793 = CARTESIAN_POINT('',(20.,-19.69426271108));
#8794 = CARTESIAN_POINT('',(-20.,-19.69426271108));
#8795 = ( GEOMETRIC_REPRESENTATION_CONTEXT(2) 
PARAMETRIC_REPRESENTATION_CONTEXT() REPRESENTATION_CONTEXT('2D SPACE',''
  ) );
#8796 = ORIENTED_EDGE('',*,*,#8417,.T.);
#8797 = ORIENTED_EDGE('',*,*,#8750,.F.);
#8798 = ADVANCED_FACE('',(#8799,#8990),#8131,.T.);
#8799 = FACE_BOUND('',#8800,.T.);
#8800 = EDGE_LOOP('',(#8801,#8831,#8860,#8881,#8882,#8883,#8884,#8907,
    #8936,#8964));
#8801 = ORIENTED_EDGE('',*,*,#8802,.T.);
#8802 = EDGE_CURVE('',#8803,#8805,#8807,.T.);
#8803 = VERTEX_POINT('',#8804);
#8804 = CARTESIAN_POINT('',(-65.,58.637033051563,52.647238195899));
#8805 = VERTEX_POINT('',#8806);
#8806 = CARTESIAN_POINT('',(-65.,20.122688666267,62.967125670953));
#8807 = SURFACE_CURVE('',#8808,(#8812,#8819),.PCURVE_S1.);
#8808 = LINE('',#8809,#8810);
#8809 = CARTESIAN_POINT('',(-65.,58.637033051563,52.647238195899));
#8810 = VECTOR('',#8811,1.);
#8811 = DIRECTION('',(0.,-0.965925826289,0.258819045103));
#8812 = PCURVE('',#8131,#8813);
#8813 = DEFINITIONAL_REPRESENTATION('',(#8814),#8818);
#8814 = LINE('',#8815,#8816);
#8815 = CARTESIAN_POINT('',(-65.,20.));
#8816 = VECTOR('',#8817,1.);
#8817 = DIRECTION('',(0.,-1.));
#8818 = ( GEOMETRIC_REPRESENTATION_CONTEXT(2) 
PARAMETRIC_REPRESENTATION_CONTEXT() REPRESENTATION_CONTEXT('2D SPACE',''
  ) );
#8819 = PCURVE('',#8820,#8825);
#8820 = PLANE('',#8821);
#8821 = AXIS2_PLACEMENT_3D('',#8822,#8823,#8824);
#8822 = CARTESIAN_POINT('',(-65.,58.637033051563,52.647238195899));
#8823 = DIRECTION('',(1.,0.,0.));
#8824 = DIRECTION('',(0.,-0.965925826289,0.258819045103));
#8825 = DEFINITIONAL_REPRESENTATION('',(#8826),#8830);
#8826 = LINE('',#8827,#8828);
#8827 = CARTESIAN_POINT('',(0.,0.));
#8828 = VECTOR('',#8829,1.);
#8829 = DIRECTION('',(1.,0.));
#8830 = ( GEOMETRIC_REPRESENTATION_CONTEXT(2) 
PARAMETRIC_REPRESENTATION_CONTEXT() REPRESENTATION_CONTEXT('2D SPACE',''
  ) );
#8831 = ORIENTED_EDGE('',*,*,#8832,.T.);
#8832 = EDGE_CURVE('',#8805,#8833,#8835,.T.);
#8833 = VERTEX_POINT('',#8834);
#8834 = CARTESIAN_POINT('',(-64.,20.,63.));
#8835 = SURFACE_CURVE('',#8836,(#8841,#8848),.PCURVE_S1.);
#8836 = CIRCLE('',#8837,4.);
#8837 = AXIS2_PLACEMENT_3D('',#8838,#8839,#8840);
#8838 = CARTESIAN_POINT('',(-64.,23.863703305156,61.96472381959));
#8839 = DIRECTION('',(-0.,0.258819045103,0.965925826289));
#8840 = DIRECTION('',(0.,-0.965925826289,0.258819045103));
#8841 = PCURVE('',#8131,#8842);
#8842 = DEFINITIONAL_REPRESENTATION('',(#8843),#8847);
#8843 = CIRCLE('',#8844,4.);
#8844 = AXIS2_PLACEMENT_2D('',#8845,#8846);
#8845 = CARTESIAN_POINT('',(-64.,-16.));
#8846 = DIRECTION('',(0.,-1.));
#8847 = ( GEOMETRIC_REPRESENTATION_CONTEXT(2) 
PARAMETRIC_REPRESENTATION_CONTEXT() REPRESENTATION_CONTEXT('2D SPACE',''
  ) );
#8848 = PCURVE('',#8849,#8854);
#8849 = CYLINDRICAL_SURFACE('',#8850,4.);
#8850 = AXIS2_PLACEMENT_3D('',#8851,#8852,#8853);
#8851 = CARTESIAN_POINT('',(-64.,22.310789034541,56.169168861856));
#8852 = DIRECTION('',(0.,0.258819045103,0.965925826289));
#8853 = DIRECTION('',(0.,-0.965925826289,0.258819045103));
#8854 = DEFINITIONAL_REPRESENTATION('',(#8855),#8859);
#8855 = LINE('',#8856,#8857);
#8856 = CARTESIAN_POINT('',(-6.28318530718,6.));
#8857 = VECTOR('',#8858,1.);
#8858 = DIRECTION('',(1.,-0.));
#8859 = ( GEOMETRIC_REPRESENTATION_CONTEXT(2) 
PARAMETRIC_REPRESENTATION_CONTEXT() REPRESENTATION_CONTEXT('2D SPACE',''
  ) );
#8860 = ORIENTED_EDGE('',*,*,#8861,.T.);
#8861 = EDGE_CURVE('',#8833,#8091,#8862,.T.);
#8862 = SURFACE_CURVE('',#8863,(#8867,#8874),.PCURVE_S1.);
#8863 = LINE('',#8864,#8865);
#8864 = CARTESIAN_POINT('',(-65.,20.,63.));
#8865 = VECTOR('',#8866,1.);
#8866 = DIRECTION('',(1.,0.,0.));
#8867 = PCURVE('',#8131,#8868);
#8868 = DEFINITIONAL_REPRESENTATION('',(#8869),#8873);
#8869 = LINE('',#8870,#8871);
#8870 = CARTESIAN_POINT('',(-65.,-20.));
#8871 = VECTOR('',#8872,1.);
#8872 = DIRECTION('',(1.,0.));
#8873 = ( GEOMETRIC_REPRESENTATION_CONTEXT(2) 
PARAMETRIC_REPRESENTATION_CONTEXT() REPRESENTATION_CONTEXT('2D SPACE',''
  ) );
#8874 = PCURVE('',#8105,#8875);
#8875 = DEFINITIONAL_REPRESENTATION('',(#8876),#8880);
#8876 = LINE('',#8877,#8878);
#8877 = CARTESIAN_POINT('',(150.,13.));
#8878 = VECTOR('',#8879,1.);
#8879 = DIRECTION('',(0.,1.));
#8880 = ( GEOMETRIC_REPRESENTATION_CONTEXT(2) 
PARAMETRIC_REPRESENTATION_CONTEXT() REPRESENTATION_CONTEXT('2D SPACE',''
  ) );
#8881 = ORIENTED_EDGE('',*,*,#8116,.F.);
#8882 = ORIENTED_EDGE('',*,*,#8778,.F.);
#8883 = ORIENTED_EDGE('',*,*,#8440,.F.);
#8884 = ORIENTED_EDGE('',*,*,#8885,.T.);
#8885 = EDGE_CURVE('',#8441,#8886,#8888,.T.);
#8886 = VERTEX_POINT('',#8887);
#8887 = CARTESIAN_POINT('',(64.,20.,63.));
#8888 = SURFACE_CURVE('',#8889,(#8893,#8900),.PCURVE_S1.);
#8889 = LINE('',#8890,#8891);
#8890 = CARTESIAN_POINT('',(-65.,20.,63.));
#8891 = VECTOR('',#8892,1.);
#8892 = DIRECTION('',(1.,0.,0.));
#8893 = PCURVE('',#8131,#8894);
#8894 = DEFINITIONAL_REPRESENTATION('',(#8895),#8899);
#8895 = LINE('',#8896,#8897);
#8896 = CARTESIAN_POINT('',(-65.,-20.));
#8897 = VECTOR('',#8898,1.);
#8898 = DIRECTION('',(1.,0.));
#8899 = ( GEOMETRIC_REPRESENTATION_CONTEXT(2) 
PARAMETRIC_REPRESENTATION_CONTEXT() REPRESENTATION_CONTEXT('2D SPACE',''
  ) );
#8900 = PCURVE('',#8476,#8901);
#8901 = DEFINITIONAL_REPRESENTATION('',(#8902),#8906);
#8902 = LINE('',#8903,#8904);
#8903 = CARTESIAN_POINT('',(150.,13.));
#8904 = VECTOR('',#8905,1.);
#8905 = DIRECTION('',(0.,1.));
#8906 = ( GEOMETRIC_REPRESENTATION_CONTEXT(2) 
PARAMETRIC_REPRESENTATION_CONTEXT() REPRESENTATION_CONTEXT('2D SPACE',''
  ) );
#8907 = ORIENTED_EDGE('',*,*,#8908,.T.);
#8908 = EDGE_CURVE('',#8886,#8909,#8911,.T.);
#8909 = VERTEX_POINT('',#8910);
#8910 = CARTESIAN_POINT('',(65.,20.122688666267,62.967125670953));
#8911 = SURFACE_CURVE('',#8912,(#8917,#8924),.PCURVE_S1.);
#8912 = CIRCLE('',#8913,4.);
#8913 = AXIS2_PLACEMENT_3D('',#8914,#8915,#8916);
#8914 = CARTESIAN_POINT('',(64.,23.863703305156,61.96472381959));
#8915 = DIRECTION('',(-0.,0.258819045103,0.965925826289));
#8916 = DIRECTION('',(0.,-0.965925826289,0.258819045103));
#8917 = PCURVE('',#8131,#8918);
#8918 = DEFINITIONAL_REPRESENTATION('',(#8919),#8923);
#8919 = CIRCLE('',#8920,4.);
#8920 = AXIS2_PLACEMENT_2D('',#8921,#8922);
#8921 = CARTESIAN_POINT('',(64.,-16.));
#8922 = DIRECTION('',(0.,-1.));
#8923 = ( GEOMETRIC_REPRESENTATION_CONTEXT(2) 
PARAMETRIC_REPRESENTATION_CONTEXT() REPRESENTATION_CONTEXT('2D SPACE',''
  ) );
#8924 = PCURVE('',#8925,#8930);
#8925 = CYLINDRICAL_SURFACE('',#8926,4.);
#8926 = AXIS2_PLACEMENT_3D('',#8927,#8928,#8929);
#8927 = CARTESIAN_POINT('',(64.,22.310789034541,56.169168861856));
#8928 = DIRECTION('',(0.,0.258819045103,0.965925826289));
#8929 = DIRECTION('',(0.,-0.965925826289,0.258819045103));
#8930 = DEFINITIONAL_REPRESENTATION('',(#8931),#8935);
#8931 = LINE('',#8932,#8933);
#8932 = CARTESIAN_POINT('',(0.,6.));
#8933 = VECTOR('',#8934,1.);
#8934 = DIRECTION('',(1.,0.));
#8935 = ( GEOMETRIC_REPRESENTATION_CONTEXT(2) 
PARAMETRIC_REPRESENTATION_CONTEXT() REPRESENTATION_CONTEXT('2D SPACE',''
  ) );
#8936 = ORIENTED_EDGE('',*,*,#8937,.T.);
#8937 = EDGE_CURVE('',#8909,#8938,#8940,.T.);
#8938 = VERTEX_POINT('',#8939);
#8939 = CARTESIAN_POINT('',(65.,58.637033051563,52.647238195899));
#8940 = SURFACE_CURVE('',#8941,(#8945,#8952),.PCURVE_S1.);
#8941 = LINE('',#8942,#8943);
#8942 = CARTESIAN_POINT('',(65.,20.,63.));
#8943 = VECTOR('',#8944,1.);
#8944 = DIRECTION('',(0.,0.965925826289,-0.258819045103));
#8945 = PCURVE('',#8131,#8946);
#8946 = DEFINITIONAL_REPRESENTATION('',(#8947),#8951);
#8947 = LINE('',#8948,#8949);
#8948 = CARTESIAN_POINT('',(65.,-20.));
#8949 = VECTOR('',#8950,1.);
#8950 = DIRECTION('',(0.,1.));
#8951 = ( GEOMETRIC_REPRESENTATION_CONTEXT(2) 
PARAMETRIC_REPRESENTATION_CONTEXT() REPRESENTATION_CONTEXT('2D SPACE',''
  ) );
#8952 = PCURVE('',#8953,#8958);
#8953 = PLANE('',#8954);
#8954 = AXIS2_PLACEMENT_3D('',#8955,#8956,#8957);
#8955 = CARTESIAN_POINT('',(65.,20.,63.));
#8956 = DIRECTION('',(-1.,0.,0.));
#8957 = DIRECTION('',(0.,0.965925826289,-0.258819045103));
#8958 = DEFINITIONAL_REPRESENTATION('',(#8959),#8963);
#8959 = LINE('',#8960,#8961);
#8960 = CARTESIAN_POINT('',(0.,0.));
#8961 = VECTOR('',#8962,1.);
#8962 = DIRECTION('',(1.,0.));
#8963 = ( GEOMETRIC_REPRESENTATION_CONTEXT(2) 
PARAMETRIC_REPRESENTATION_CONTEXT() REPRESENTATION_CONTEXT('2D SPACE',''
  ) );
#8964 = ORIENTED_EDGE('',*,*,#8965,.T.);
#8965 = EDGE_CURVE('',#8938,#8803,#8966,.T.);
#8966 = SURFACE_CURVE('',#8967,(#8971,#8978),.PCURVE_S1.);
#8967 = LINE('',#8968,#8969);
#8968 = CARTESIAN_POINT('',(65.,58.637033051563,52.647238195899));
#8969 = VECTOR('',#8970,1.);
#8970 = DIRECTION('',(-1.,0.,0.));
#8971 = PCURVE('',#8131,#8972);
#8972 = DEFINITIONAL_REPRESENTATION('',(#8973),#8977);
#8973 = LINE('',#8974,#8975);
#8974 = CARTESIAN_POINT('',(65.,20.));
#8975 = VECTOR('',#8976,1.);
#8976 = DIRECTION('',(-1.,0.));
#8977 = ( GEOMETRIC_REPRESENTATION_CONTEXT(2) 
PARAMETRIC_REPRESENTATION_CONTEXT() REPRESENTATION_CONTEXT('2D SPACE',''
  ) );
#8978 = PCURVE('',#8979,#8984);
#8979 = PLANE('',#8980);
#8980 = AXIS2_PLACEMENT_3D('',#8981,#8982,#8983);
#8981 = CARTESIAN_POINT('',(65.,58.637033051563,52.647238195899));
#8982 = DIRECTION('',(0.,-0.965925826289,0.258819045103));
#8983 = DIRECTION('',(-1.,0.,0.));
#8984 = DEFINITIONAL_REPRESENTATION('',(#8985),#8989);
#8985 = LINE('',#8986,#8987);
#8986 = CARTESIAN_POINT('',(0.,-0.));
#8987 = VECTOR('',#8988,1.);
#8988 = DIRECTION('',(1.,0.));
#8989 = ( GEOMETRIC_REPRESENTATION_CONTEXT(2) 
PARAMETRIC_REPRESENTATION_CONTEXT() REPRESENTATION_CONTEXT('2D SPACE',''
  ) );
#8990 = FACE_BOUND('',#8991,.T.);
#8991 = EDGE_LOOP('',(#8992,#9022,#9050,#9078));
#8992 = ORIENTED_EDGE('',*,*,#8993,.T.);
#8993 = EDGE_CURVE('',#8994,#8996,#8998,.T.);
#8994 = VERTEX_POINT('',#8995);
#8995 = CARTESIAN_POINT('',(18.,48.977774788672,55.235428646924));
#8996 = VERTEX_POINT('',#8997);
#8997 = CARTESIAN_POINT('',(18.,25.795554957734,61.447085729385));
#8998 = SURFACE_CURVE('',#8999,(#9003,#9010),.PCURVE_S1.);
#8999 = LINE('',#9000,#9001);
#9000 = CARTESIAN_POINT('',(18.,32.557035741758,59.635352413667));
#9001 = VECTOR('',#9002,1.);
#9002 = DIRECTION('',(0.,-0.965925826289,0.258819045103));
#9003 = PCURVE('',#8131,#9004);
#9004 = DEFINITIONAL_REPRESENTATION('',(#9005),#9009);
#9005 = LINE('',#9006,#9007);
#9006 = CARTESIAN_POINT('',(18.,-7.));
#9007 = VECTOR('',#9008,1.);
#9008 = DIRECTION('',(0.,-1.));
#9009 = ( GEOMETRIC_REPRESENTATION_CONTEXT(2) 
PARAMETRIC_REPRESENTATION_CONTEXT() REPRESENTATION_CONTEXT('2D SPACE',''
  ) );
#9010 = PCURVE('',#9011,#9016);
#9011 = PLANE('',#9012);
#9012 = AXIS2_PLACEMENT_3D('',#9013,#9014,#9015);
#9013 = CARTESIAN_POINT('',(18.,23.983821642017,54.685604945361));
#9014 = DIRECTION('',(-1.,0.,0.));
#9015 = DIRECTION('',(0.,0.965925826289,-0.258819045103));
#9016 = DEFINITIONAL_REPRESENTATION('',(#9017),#9021);
#9017 = LINE('',#9018,#9019);
#9018 = CARTESIAN_POINT('',(7.,-7.));
#9019 = VECTOR('',#9020,1.);
#9020 = DIRECTION('',(-1.,0.));
#9021 = ( GEOMETRIC_REPRESENTATION_CONTEXT(2) 
PARAMETRIC_REPRESENTATION_CONTEXT() REPRESENTATION_CONTEXT('2D SPACE',''
  ) );
#9022 = ORIENTED_EDGE('',*,*,#9023,.T.);
#9023 = EDGE_CURVE('',#8996,#9024,#9026,.T.);
#9024 = VERTEX_POINT('',#9025);
#9025 = CARTESIAN_POINT('',(-18.,25.795554957734,61.447085729385));
#9026 = SURFACE_CURVE('',#9027,(#9031,#9038),.PCURVE_S1.);
#9027 = LINE('',#9028,#9029);
#9028 = CARTESIAN_POINT('',(-9.,25.795554957734,61.447085729385));
#9029 = VECTOR('',#9030,1.);
#9030 = DIRECTION('',(-1.,0.,0.));
#9031 = PCURVE('',#8131,#9032);
#9032 = DEFINITIONAL_REPRESENTATION('',(#9033),#9037);
#9033 = LINE('',#9034,#9035);
#9034 = CARTESIAN_POINT('',(-9.,-14.));
#9035 = VECTOR('',#9036,1.);
#9036 = DIRECTION('',(-1.,0.));
#9037 = ( GEOMETRIC_REPRESENTATION_CONTEXT(2) 
PARAMETRIC_REPRESENTATION_CONTEXT() REPRESENTATION_CONTEXT('2D SPACE',''
  ) );
#9038 = PCURVE('',#9039,#9044);
#9039 = PLANE('',#9040);
#9040 = AXIS2_PLACEMENT_3D('',#9041,#9042,#9043);
#9041 = CARTESIAN_POINT('',(-18.,23.983821642017,54.685604945361));
#9042 = DIRECTION('',(0.,0.965925826289,-0.258819045103));
#9043 = DIRECTION('',(1.,0.,0.));
#9044 = DEFINITIONAL_REPRESENTATION('',(#9045),#9049);
#9045 = LINE('',#9046,#9047);
#9046 = CARTESIAN_POINT('',(9.,-7.));
#9047 = VECTOR('',#9048,1.);
#9048 = DIRECTION('',(-1.,-0.));
#9049 = ( GEOMETRIC_REPRESENTATION_CONTEXT(2) 
PARAMETRIC_REPRESENTATION_CONTEXT() REPRESENTATION_CONTEXT('2D SPACE',''
  ) );
#9050 = ORIENTED_EDGE('',*,*,#9051,.T.);
#9051 = EDGE_CURVE('',#9024,#9052,#9054,.T.);
#9052 = VERTEX_POINT('',#9053);
#9053 = CARTESIAN_POINT('',(-18.,48.977774788672,55.235428646924));
#9054 = SURFACE_CURVE('',#9055,(#9059,#9066),.PCURVE_S1.);
#9055 = LINE('',#9056,#9057);
#9056 = CARTESIAN_POINT('',(-18.,44.148145657227,56.529523872437));
#9057 = VECTOR('',#9058,1.);
#9058 = DIRECTION('',(0.,0.965925826289,-0.258819045103));
#9059 = PCURVE('',#8131,#9060);
#9060 = DEFINITIONAL_REPRESENTATION('',(#9061),#9065);
#9061 = LINE('',#9062,#9063);
#9062 = CARTESIAN_POINT('',(-18.,5.));
#9063 = VECTOR('',#9064,1.);
#9064 = DIRECTION('',(0.,1.));
#9065 = ( GEOMETRIC_REPRESENTATION_CONTEXT(2) 
PARAMETRIC_REPRESENTATION_CONTEXT() REPRESENTATION_CONTEXT('2D SPACE',''
  ) );
#9066 = PCURVE('',#9067,#9072);
#9067 = PLANE('',#9068);
#9068 = AXIS2_PLACEMENT_3D('',#9069,#9070,#9071);
#9069 = CARTESIAN_POINT('',(-18.,47.166041472954,48.473947862901));
#9070 = DIRECTION('',(1.,0.,0.));
#9071 = DIRECTION('',(0.,-0.965925826289,0.258819045103));
#9072 = DEFINITIONAL_REPRESENTATION('',(#9073),#9077);
#9073 = LINE('',#9074,#9075);
#9074 = CARTESIAN_POINT('',(5.,-7.));
#9075 = VECTOR('',#9076,1.);
#9076 = DIRECTION('',(-1.,0.));
#9077 = ( GEOMETRIC_REPRESENTATION_CONTEXT(2) 
PARAMETRIC_REPRESENTATION_CONTEXT() REPRESENTATION_CONTEXT('2D SPACE',''
  ) );
#9078 = ORIENTED_EDGE('',*,*,#9079,.T.);
#9079 = EDGE_CURVE('',#9052,#8994,#9080,.T.);
#9080 = SURFACE_CURVE('',#9081,(#9085,#9092),.PCURVE_S1.);
#9081 = LINE('',#9082,#9083);
#9082 = CARTESIAN_POINT('',(9.,48.977774788672,55.235428646924));
#9083 = VECTOR('',#9084,1.);
#9084 = DIRECTION('',(1.,0.,0.));
#9085 = PCURVE('',#8131,#9086);
#9086 = DEFINITIONAL_REPRESENTATION('',(#9087),#9091);
#9087 = LINE('',#9088,#9089);
#9088 = CARTESIAN_POINT('',(9.,10.));
#9089 = VECTOR('',#9090,1.);
#9090 = DIRECTION('',(1.,0.));
#9091 = ( GEOMETRIC_REPRESENTATION_CONTEXT(2) 
PARAMETRIC_REPRESENTATION_CONTEXT() REPRESENTATION_CONTEXT('2D SPACE',''
  ) );
#9092 = PCURVE('',#9093,#9098);
#9093 = PLANE('',#9094);
#9094 = AXIS2_PLACEMENT_3D('',#9095,#9096,#9097);
#9095 = CARTESIAN_POINT('',(18.,47.166041472954,48.473947862901));
#9096 = DIRECTION('',(0.,-0.965925826289,0.258819045103));
#9097 = DIRECTION('',(-1.,0.,0.));
#9098 = DEFINITIONAL_REPRESENTATION('',(#9099),#9103);
#9099 = LINE('',#9100,#9101);
#9100 = CARTESIAN_POINT('',(9.,-7.));
#9101 = VECTOR('',#9102,1.);
#9102 = DIRECTION('',(-1.,-0.));
#9103 = ( GEOMETRIC_REPRESENTATION_CONTEXT(2) 
PARAMETRIC_REPRESENTATION_CONTEXT() REPRESENTATION_CONTEXT('2D SPACE',''
  ) );
#9104 = ADVANCED_FACE('',(#9105),#8105,.F.);
#9105 = FACE_BOUND('',#9106,.F.);
#9106 = EDGE_LOOP('',(#9107,#9128,#9155,#9156));
#9107 = ORIENTED_EDGE('',*,*,#9108,.T.);
#9108 = EDGE_CURVE('',#8065,#9109,#9111,.T.);
#9109 = VERTEX_POINT('',#9110);
#9110 = CARTESIAN_POINT('',(-67.20575693504,20.,56.78834291754));
#9111 = SURFACE_CURVE('',#9112,(#9116,#9122),.PCURVE_S1.);
#9112 = LINE('',#9113,#9114);
#9113 = CARTESIAN_POINT('',(-39.,20.,56.788342917539));
#9114 = VECTOR('',#9115,1.);
#9115 = DIRECTION('',(-1.,0.,0.));
#9116 = PCURVE('',#8105,#9117);
#9117 = DEFINITIONAL_REPRESENTATION('',(#9118),#9121);
#9118 = B_SPLINE_CURVE_WITH_KNOTS('',1,(#9119,#9120),.UNSPECIFIED.,.F.,
  .F.,(2,2),(-107.,29.),.PIECEWISE_BEZIER_KNOTS.);
#9119 = CARTESIAN_POINT('',(143.78834291753,146.));
#9120 = CARTESIAN_POINT('',(143.78834291753,10.));
#9121 = ( GEOMETRIC_REPRESENTATION_CONTEXT(2) 
PARAMETRIC_REPRESENTATION_CONTEXT() REPRESENTATION_CONTEXT('2D SPACE',''
  ) );
#9122 = PCURVE('',#8079,#9123);
#9123 = DEFINITIONAL_REPRESENTATION('',(#9124),#9127);
#9124 = B_SPLINE_CURVE_WITH_KNOTS('',1,(#9125,#9126),.UNSPECIFIED.,.F.,
  .F.,(2,2),(-107.,29.),.PIECEWISE_BEZIER_KNOTS.);
#9125 = CARTESIAN_POINT('',(68.,-37.39230484541));
#9126 = CARTESIAN_POINT('',(-68.,-37.39230484541));
#9127 = ( GEOMETRIC_REPRESENTATION_CONTEXT(2) 
PARAMETRIC_REPRESENTATION_CONTEXT() REPRESENTATION_CONTEXT('2D SPACE',''
  ) );
#9128 = ORIENTED_EDGE('',*,*,#9129,.T.);
#9129 = EDGE_CURVE('',#9109,#8833,#9130,.T.);
#9130 = SURFACE_CURVE('',#9131,(#9136,#9143),.PCURVE_S1.);
#9131 = ELLIPSE('',#9132,15.454813220625,4.);
#9132 = AXIS2_PLACEMENT_3D('',#9133,#9134,#9135);
#9133 = CARTESIAN_POINT('',(-64.,20.,47.545186779375));
#9134 = DIRECTION('',(0.,1.,0.));
#9135 = DIRECTION('',(0.,-0.,1.));
#9136 = PCURVE('',#8105,#9137);
#9137 = DEFINITIONAL_REPRESENTATION('',(#9138),#9142);
#9138 = ELLIPSE('',#9139,15.454813220625,4.);
#9139 = AXIS2_PLACEMENT_2D('',#9140,#9141);
#9140 = CARTESIAN_POINT('',(134.54518677937,14.));
#9141 = DIRECTION('',(1.,0.));
#9142 = ( GEOMETRIC_REPRESENTATION_CONTEXT(2) 
PARAMETRIC_REPRESENTATION_CONTEXT() REPRESENTATION_CONTEXT('2D SPACE',''
  ) );
#9143 = PCURVE('',#8849,#9144);
#9144 = DEFINITIONAL_REPRESENTATION('',(#9145),#9154);
#9145 = B_SPLINE_CURVE_WITH_KNOTS('',7,(#9146,#9147,#9148,#9149,#9150,
    #9151,#9152,#9153),.UNSPECIFIED.,.F.,.F.,(8,8),(5.353487465542,
    6.28318530718),.PIECEWISE_BEZIER_KNOTS.);
#9146 = CARTESIAN_POINT('',(-0.929697841638,-6.000000070117E-07));
#9147 = CARTESIAN_POINT('',(-0.796883864261,1.588992227776));
#9148 = CARTESIAN_POINT('',(-0.664069886884,2.994247031052));
#9149 = CARTESIAN_POINT('',(-0.531255909507,4.169985134436));
#9150 = CARTESIAN_POINT('',(-0.398441932131,5.07835758893));
#9151 = CARTESIAN_POINT('',(-0.265627954754,5.692785085114));
#9152 = CARTESIAN_POINT('',(-0.132813977377,6.));
#9153 = CARTESIAN_POINT('',(0.,6.));
#9154 = ( GEOMETRIC_REPRESENTATION_CONTEXT(2) 
PARAMETRIC_REPRESENTATION_CONTEXT() REPRESENTATION_CONTEXT('2D SPACE',''
  ) );
#9155 = ORIENTED_EDGE('',*,*,#8861,.T.);
#9156 = ORIENTED_EDGE('',*,*,#8090,.F.);
#9157 = ADVANCED_FACE('',(#9158),#8079,.F.);
#9158 = FACE_BOUND('',#9159,.F.);
#9159 = EDGE_LOOP('',(#9160,#9188,#9189,#9190,#9211,#9239,#9262,#9285,
    #9308,#9331,#9359,#9387,#9410,#9438,#9466,#9494,#9517,#9540,#9563,
    #9586,#9605,#9606,#9627,#9651,#9679,#9708,#9736,#9765));
#9160 = ORIENTED_EDGE('',*,*,#9161,.F.);
#9161 = EDGE_CURVE('',#9109,#9162,#9164,.T.);
#9162 = VERTEX_POINT('',#9163);
#9163 = CARTESIAN_POINT('',(-68.,22.310789034541,56.169168861856));
#9164 = SURFACE_CURVE('',#9165,(#9170,#9181),.PCURVE_S1.);
#9165 = CIRCLE('',#9166,4.);
#9166 = AXIS2_PLACEMENT_3D('',#9167,#9168,#9169);
#9167 = CARTESIAN_POINT('',(-64.,22.310789034541,56.169168861856));
#9168 = DIRECTION('',(-0.,-0.258819045103,-0.965925826289));
#9169 = DIRECTION('',(0.,-0.965925826289,0.258819045103));
#9170 = PCURVE('',#8079,#9171);
#9171 = DEFINITIONAL_REPRESENTATION('',(#9172),#9180);
#9172 = ( BOUNDED_CURVE() B_SPLINE_CURVE(2,(#9173,#9174,#9175,#9176,
#9177,#9178,#9179),.UNSPECIFIED.,.T.,.F.) B_SPLINE_CURVE_WITH_KNOTS((1,2
    ,2,2,2,1),(-2.094395102393,0.,2.094395102393,4.188790204786,
6.28318530718,8.377580409573),.UNSPECIFIED.) CURVE() 
GEOMETRIC_REPRESENTATION_ITEM() RATIONAL_B_SPLINE_CURVE((1.,0.5,1.,0.5,
1.,0.5,1.)) REPRESENTATION_ITEM('') );
#9173 = CARTESIAN_POINT('',(-64.,-39.));
#9174 = CARTESIAN_POINT('',(-70.92820323027,-39.));
#9175 = CARTESIAN_POINT('',(-67.46410161513,-33.));
#9176 = CARTESIAN_POINT('',(-64.,-27.));
#9177 = CARTESIAN_POINT('',(-60.53589838486,-33.));
#9178 = CARTESIAN_POINT('',(-57.07179676972,-39.));
#9179 = CARTESIAN_POINT('',(-64.,-39.));
#9180 = ( GEOMETRIC_REPRESENTATION_CONTEXT(2) 
PARAMETRIC_REPRESENTATION_CONTEXT() REPRESENTATION_CONTEXT('2D SPACE',''
  ) );
#9181 = PCURVE('',#8849,#9182);
#9182 = DEFINITIONAL_REPRESENTATION('',(#9183),#9187);
#9183 = LINE('',#9184,#9185);
#9184 = CARTESIAN_POINT('',(-0.,0.));
#9185 = VECTOR('',#9186,1.);
#9186 = DIRECTION('',(-1.,0.));
#9187 = ( GEOMETRIC_REPRESENTATION_CONTEXT(2) 
PARAMETRIC_REPRESENTATION_CONTEXT() REPRESENTATION_CONTEXT('2D SPACE',''
  ) );
#9188 = ORIENTED_EDGE('',*,*,#9108,.F.);
#9189 = ORIENTED_EDGE('',*,*,#8064,.F.);
#9190 = ORIENTED_EDGE('',*,*,#9191,.F.);
#9191 = EDGE_CURVE('',#9192,#8037,#9194,.T.);
#9192 = VERTEX_POINT('',#9193);
#9193 = CARTESIAN_POINT('',(-16.,22.129743276893,56.21767992641));
#9194 = SURFACE_CURVE('',#9195,(#9199,#9205),.PCURVE_S1.);
#9195 = LINE('',#9196,#9197);
#9196 = CARTESIAN_POINT('',(-10.,22.129743276893,56.21767992641));
#9197 = VECTOR('',#9198,1.);
#9198 = DIRECTION('',(-1.,-0.,0.));
#9199 = PCURVE('',#8079,#9200);
#9200 = DEFINITIONAL_REPRESENTATION('',(#9201),#9204);
#9201 = B_SPLINE_CURVE_WITH_KNOTS('',1,(#9202,#9203),.UNSPECIFIED.,.F.,
  .F.,(2,2),(-30.,10.),.PIECEWISE_BEZIER_KNOTS.);
#9202 = CARTESIAN_POINT('',(20.,-35.18743236045));
#9203 = CARTESIAN_POINT('',(-20.,-35.18743236045));
#9204 = ( GEOMETRIC_REPRESENTATION_CONTEXT(2) 
PARAMETRIC_REPRESENTATION_CONTEXT() REPRESENTATION_CONTEXT('2D SPACE',''
  ) );
#9205 = PCURVE('',#8052,#9206);
#9206 = DEFINITIONAL_REPRESENTATION('',(#9207),#9210);
#9207 = B_SPLINE_CURVE_WITH_KNOTS('',1,(#9208,#9209),.UNSPECIFIED.,.F.,
  .F.,(2,2),(-30.,10.),.PIECEWISE_BEZIER_KNOTS.);
#9208 = CARTESIAN_POINT('',(34.027455645335,-40.));
#9209 = CARTESIAN_POINT('',(34.027455645335,0.));
#9210 = ( GEOMETRIC_REPRESENTATION_CONTEXT(2) 
PARAMETRIC_REPRESENTATION_CONTEXT() REPRESENTATION_CONTEXT('2D SPACE',''
  ) );
#9211 = ORIENTED_EDGE('',*,*,#9212,.T.);
#9212 = EDGE_CURVE('',#9192,#9213,#9215,.T.);
#9213 = VERTEX_POINT('',#9214);
#9214 = CARTESIAN_POINT('',(-16.,24.242640687119,55.65153077165));
#9215 = SURFACE_CURVE('',#9216,(#9220,#9227),.PCURVE_S1.);
#9216 = LINE('',#9217,#9218);
#9217 = CARTESIAN_POINT('',(-16.,18.447085729385,57.204445042266));
#9218 = VECTOR('',#9219,1.);
#9219 = DIRECTION('',(0.,0.965925826289,-0.258819045103));
#9220 = PCURVE('',#8079,#9221);
#9221 = DEFINITIONAL_REPRESENTATION('',(#9222),#9226);
#9222 = LINE('',#9223,#9224);
#9223 = CARTESIAN_POINT('',(-16.,-39.));
#9224 = VECTOR('',#9225,1.);
#9225 = DIRECTION('',(0.,1.));
#9226 = ( GEOMETRIC_REPRESENTATION_CONTEXT(2) 
PARAMETRIC_REPRESENTATION_CONTEXT() REPRESENTATION_CONTEXT('2D SPACE',''
  ) );
#9227 = PCURVE('',#9228,#9233);
#9228 = PLANE('',#9229);
#9229 = AXIS2_PLACEMENT_3D('',#9230,#9231,#9232);
#9230 = CARTESIAN_POINT('',(-16.,33.829051810623,41.168699987058));
#9231 = DIRECTION('',(-1.,-0.,0.));
#9232 = DIRECTION('',(0.,-0.258819045103,-0.965925826289));
#9233 = DEFINITIONAL_REPRESENTATION('',(#9234),#9238);
#9234 = LINE('',#9235,#9236);
#9235 = CARTESIAN_POINT('',(-11.50819451966,19.008194519667));
#9236 = VECTOR('',#9237,1.);
#9237 = DIRECTION('',(0.,-1.));
#9238 = ( GEOMETRIC_REPRESENTATION_CONTEXT(2) 
PARAMETRIC_REPRESENTATION_CONTEXT() REPRESENTATION_CONTEXT('2D SPACE',''
  ) );
#9239 = ORIENTED_EDGE('',*,*,#9240,.T.);
#9240 = EDGE_CURVE('',#9213,#9241,#9243,.T.);
#9241 = VERTEX_POINT('',#9242);
#9242 = CARTESIAN_POINT('',(-18.,24.242640687119,55.65153077165));
#9243 = SURFACE_CURVE('',#9244,(#9248,#9255),.PCURVE_S1.);
#9244 = LINE('',#9245,#9246);
#9245 = CARTESIAN_POINT('',(-9.,24.242640687119,55.65153077165));
#9246 = VECTOR('',#9247,1.);
#9247 = DIRECTION('',(-1.,0.,0.));
#9248 = PCURVE('',#8079,#9249);
#9249 = DEFINITIONAL_REPRESENTATION('',(#9250),#9254);
#9250 = LINE('',#9251,#9252);
#9251 = CARTESIAN_POINT('',(-9.,-33.));
#9252 = VECTOR('',#9253,1.);
#9253 = DIRECTION('',(-1.,0.));
#9254 = ( GEOMETRIC_REPRESENTATION_CONTEXT(2) 
PARAMETRIC_REPRESENTATION_CONTEXT() REPRESENTATION_CONTEXT('2D SPACE',''
  ) );
#9255 = PCURVE('',#9039,#9256);
#9256 = DEFINITIONAL_REPRESENTATION('',(#9257),#9261);
#9257 = LINE('',#9258,#9259);
#9258 = CARTESIAN_POINT('',(9.,-1.));
#9259 = VECTOR('',#9260,1.);
#9260 = DIRECTION('',(-1.,-0.));
#9261 = ( GEOMETRIC_REPRESENTATION_CONTEXT(2) 
PARAMETRIC_REPRESENTATION_CONTEXT() REPRESENTATION_CONTEXT('2D SPACE',''
  ) );
#9262 = ORIENTED_EDGE('',*,*,#9263,.T.);
#9263 = EDGE_CURVE('',#9241,#9264,#9266,.T.);
#9264 = VERTEX_POINT('',#9265);
#9265 = CARTESIAN_POINT('',(-18.,47.424860518057,49.43987368919));
#9266 = SURFACE_CURVE('',#9267,(#9271,#9278),.PCURVE_S1.);
#9267 = LINE('',#9268,#9269);
#9268 = CARTESIAN_POINT('',(-18.,51.771526736358,48.275187986229));
#9269 = VECTOR('',#9270,1.);
#9270 = DIRECTION('',(0.,0.965925826289,-0.258819045103));
#9271 = PCURVE('',#8079,#9272);
#9272 = DEFINITIONAL_REPRESENTATION('',(#9273),#9277);
#9273 = LINE('',#9274,#9275);
#9274 = CARTESIAN_POINT('',(-18.,-4.5));
#9275 = VECTOR('',#9276,1.);
#9276 = DIRECTION('',(0.,1.));
#9277 = ( GEOMETRIC_REPRESENTATION_CONTEXT(2) 
PARAMETRIC_REPRESENTATION_CONTEXT() REPRESENTATION_CONTEXT('2D SPACE',''
  ) );
#9278 = PCURVE('',#9067,#9279);
#9279 = DEFINITIONAL_REPRESENTATION('',(#9280),#9284);
#9280 = LINE('',#9281,#9282);
#9281 = CARTESIAN_POINT('',(-4.5,-1.));
#9282 = VECTOR('',#9283,1.);
#9283 = DIRECTION('',(-1.,0.));
#9284 = ( GEOMETRIC_REPRESENTATION_CONTEXT(2) 
PARAMETRIC_REPRESENTATION_CONTEXT() REPRESENTATION_CONTEXT('2D SPACE',''
  ) );
#9285 = ORIENTED_EDGE('',*,*,#9286,.T.);
#9286 = EDGE_CURVE('',#9264,#9287,#9289,.T.);
#9287 = VERTEX_POINT('',#9288);
#9288 = CARTESIAN_POINT('',(-16.,47.424860518057,49.43987368919));
#9289 = SURFACE_CURVE('',#9290,(#9294,#9301),.PCURVE_S1.);
#9290 = LINE('',#9291,#9292);
#9291 = CARTESIAN_POINT('',(9.,47.424860518057,49.43987368919));
#9292 = VECTOR('',#9293,1.);
#9293 = DIRECTION('',(1.,0.,0.));
#9294 = PCURVE('',#8079,#9295);
#9295 = DEFINITIONAL_REPRESENTATION('',(#9296),#9300);
#9296 = LINE('',#9297,#9298);
#9297 = CARTESIAN_POINT('',(9.,-9.));
#9298 = VECTOR('',#9299,1.);
#9299 = DIRECTION('',(1.,0.));
#9300 = ( GEOMETRIC_REPRESENTATION_CONTEXT(2) 
PARAMETRIC_REPRESENTATION_CONTEXT() REPRESENTATION_CONTEXT('2D SPACE',''
  ) );
#9301 = PCURVE('',#9093,#9302);
#9302 = DEFINITIONAL_REPRESENTATION('',(#9303),#9307);
#9303 = LINE('',#9304,#9305);
#9304 = CARTESIAN_POINT('',(9.,-1.));
#9305 = VECTOR('',#9306,1.);
#9306 = DIRECTION('',(-1.,-0.));
#9307 = ( GEOMETRIC_REPRESENTATION_CONTEXT(2) 
PARAMETRIC_REPRESENTATION_CONTEXT() REPRESENTATION_CONTEXT('2D SPACE',''
  ) );
#9308 = ORIENTED_EDGE('',*,*,#9309,.T.);
#9309 = EDGE_CURVE('',#9287,#9310,#9312,.T.);
#9310 = VERTEX_POINT('',#9311);
#9311 = CARTESIAN_POINT('',(-16.,66.743377043838,44.26349278714));
#9312 = SURFACE_CURVE('',#9313,(#9317,#9324),.PCURVE_S1.);
#9313 = LINE('',#9314,#9315);
#9314 = CARTESIAN_POINT('',(-16.,18.447085729385,57.204445042266));
#9315 = VECTOR('',#9316,1.);
#9316 = DIRECTION('',(0.,0.965925826289,-0.258819045103));
#9317 = PCURVE('',#8079,#9318);
#9318 = DEFINITIONAL_REPRESENTATION('',(#9319),#9323);
#9319 = LINE('',#9320,#9321);
#9320 = CARTESIAN_POINT('',(-16.,-39.));
#9321 = VECTOR('',#9322,1.);
#9322 = DIRECTION('',(0.,1.));
#9323 = ( GEOMETRIC_REPRESENTATION_CONTEXT(2) 
PARAMETRIC_REPRESENTATION_CONTEXT() REPRESENTATION_CONTEXT('2D SPACE',''
  ) );
#9324 = PCURVE('',#9228,#9325);
#9325 = DEFINITIONAL_REPRESENTATION('',(#9326),#9330);
#9326 = LINE('',#9327,#9328);
#9327 = CARTESIAN_POINT('',(-11.50819451966,19.008194519667));
#9328 = VECTOR('',#9329,1.);
#9329 = DIRECTION('',(0.,-1.));
#9330 = ( GEOMETRIC_REPRESENTATION_CONTEXT(2) 
PARAMETRIC_REPRESENTATION_CONTEXT() REPRESENTATION_CONTEXT('2D SPACE',''
  ) );
#9331 = ORIENTED_EDGE('',*,*,#9332,.T.);
#9332 = EDGE_CURVE('',#9310,#9333,#9335,.T.);
#9333 = VERTEX_POINT('',#9334);
#9334 = CARTESIAN_POINT('',(-12.,66.743377043838,44.26349278714));
#9335 = SURFACE_CURVE('',#9336,(#9340,#9347),.PCURVE_S1.);
#9336 = LINE('',#9337,#9338);
#9337 = CARTESIAN_POINT('',(-16.,66.743377043838,44.26349278714));
#9338 = VECTOR('',#9339,1.);
#9339 = DIRECTION('',(1.,0.,0.));
#9340 = PCURVE('',#8079,#9341);
#9341 = DEFINITIONAL_REPRESENTATION('',(#9342),#9346);
#9342 = LINE('',#9343,#9344);
#9343 = CARTESIAN_POINT('',(-16.,11.));
#9344 = VECTOR('',#9345,1.);
#9345 = DIRECTION('',(1.,0.));
#9346 = ( GEOMETRIC_REPRESENTATION_CONTEXT(2) 
PARAMETRIC_REPRESENTATION_CONTEXT() REPRESENTATION_CONTEXT('2D SPACE',''
  ) );
#9347 = PCURVE('',#9348,#9353);
#9348 = PLANE('',#9349);
#9349 = AXIS2_PLACEMENT_3D('',#9350,#9351,#9352);
#9350 = CARTESIAN_POINT('',(-16.,66.743377043838,44.26349278714));
#9351 = DIRECTION('',(0.,0.341889265439,-0.93974024612));
#9352 = DIRECTION('',(0.,-0.93974024612,-0.341889265439));
#9353 = DEFINITIONAL_REPRESENTATION('',(#9354),#9358);
#9354 = LINE('',#9355,#9356);
#9355 = CARTESIAN_POINT('',(0.,0.));
#9356 = VECTOR('',#9357,1.);
#9357 = DIRECTION('',(0.,-1.));
#9358 = ( GEOMETRIC_REPRESENTATION_CONTEXT(2) 
PARAMETRIC_REPRESENTATION_CONTEXT() REPRESENTATION_CONTEXT('2D SPACE',''
  ) );
#9359 = ORIENTED_EDGE('',*,*,#9360,.F.);
#9360 = EDGE_CURVE('',#9361,#9333,#9363,.T.);
#9361 = VERTEX_POINT('',#9362);
#9362 = CARTESIAN_POINT('',(-12.,47.424860518057,49.43987368919));
#9363 = SURFACE_CURVE('',#9364,(#9368,#9375),.PCURVE_S1.);
#9364 = LINE('',#9365,#9366);
#9365 = CARTESIAN_POINT('',(-12.,18.447085729385,57.204445042266));
#9366 = VECTOR('',#9367,1.);
#9367 = DIRECTION('',(0.,0.965925826289,-0.258819045103));
#9368 = PCURVE('',#8079,#9369);
#9369 = DEFINITIONAL_REPRESENTATION('',(#9370),#9374);
#9370 = LINE('',#9371,#9372);
#9371 = CARTESIAN_POINT('',(-12.,-39.));
#9372 = VECTOR('',#9373,1.);
#9373 = DIRECTION('',(0.,1.));
#9374 = ( GEOMETRIC_REPRESENTATION_CONTEXT(2) 
PARAMETRIC_REPRESENTATION_CONTEXT() REPRESENTATION_CONTEXT('2D SPACE',''
  ) );
#9375 = PCURVE('',#9376,#9381);
#9376 = PLANE('',#9377);
#9377 = AXIS2_PLACEMENT_3D('',#9378,#9379,#9380);
#9378 = CARTESIAN_POINT('',(-12.,33.829051810623,41.168699987058));
#9379 = DIRECTION('',(-1.,-0.,0.));
#9380 = DIRECTION('',(0.,-0.258819045103,-0.965925826289));
#9381 = DEFINITIONAL_REPRESENTATION('',(#9382),#9386);
#9382 = LINE('',#9383,#9384);
#9383 = CARTESIAN_POINT('',(-11.50819451966,19.008194519667));
#9384 = VECTOR('',#9385,1.);
#9385 = DIRECTION('',(0.,-1.));
#9386 = ( GEOMETRIC_REPRESENTATION_CONTEXT(2) 
PARAMETRIC_REPRESENTATION_CONTEXT() REPRESENTATION_CONTEXT('2D SPACE',''
  ) );
#9387 = ORIENTED_EDGE('',*,*,#9388,.T.);
#9388 = EDGE_CURVE('',#9361,#9389,#9391,.T.);
#9389 = VERTEX_POINT('',#9390);
#9390 = CARTESIAN_POINT('',(12.,47.424860518057,49.43987368919));
#9391 = SURFACE_CURVE('',#9392,(#9396,#9403),.PCURVE_S1.);
#9392 = LINE('',#9393,#9394);
#9393 = CARTESIAN_POINT('',(9.,47.424860518057,49.43987368919));
#9394 = VECTOR('',#9395,1.);
#9395 = DIRECTION('',(1.,0.,0.));
#9396 = PCURVE('',#8079,#9397);
#9397 = DEFINITIONAL_REPRESENTATION('',(#9398),#9402);
#9398 = LINE('',#9399,#9400);
#9399 = CARTESIAN_POINT('',(9.,-9.));
#9400 = VECTOR('',#9401,1.);
#9401 = DIRECTION('',(1.,0.));
#9402 = ( GEOMETRIC_REPRESENTATION_CONTEXT(2) 
PARAMETRIC_REPRESENTATION_CONTEXT() REPRESENTATION_CONTEXT('2D SPACE',''
  ) );
#9403 = PCURVE('',#9093,#9404);
#9404 = DEFINITIONAL_REPRESENTATION('',(#9405),#9409);
#9405 = LINE('',#9406,#9407);
#9406 = CARTESIAN_POINT('',(9.,-1.));
#9407 = VECTOR('',#9408,1.);
#9408 = DIRECTION('',(-1.,-0.));
#9409 = ( GEOMETRIC_REPRESENTATION_CONTEXT(2) 
PARAMETRIC_REPRESENTATION_CONTEXT() REPRESENTATION_CONTEXT('2D SPACE',''
  ) );
#9410 = ORIENTED_EDGE('',*,*,#9411,.T.);
#9411 = EDGE_CURVE('',#9389,#9412,#9414,.T.);
#9412 = VERTEX_POINT('',#9413);
#9413 = CARTESIAN_POINT('',(12.,66.743377043838,44.26349278714));
#9414 = SURFACE_CURVE('',#9415,(#9419,#9426),.PCURVE_S1.);
#9415 = LINE('',#9416,#9417);
#9416 = CARTESIAN_POINT('',(12.,18.447085729385,57.204445042266));
#9417 = VECTOR('',#9418,1.);
#9418 = DIRECTION('',(0.,0.965925826289,-0.258819045103));
#9419 = PCURVE('',#8079,#9420);
#9420 = DEFINITIONAL_REPRESENTATION('',(#9421),#9425);
#9421 = LINE('',#9422,#9423);
#9422 = CARTESIAN_POINT('',(12.,-39.));
#9423 = VECTOR('',#9424,1.);
#9424 = DIRECTION('',(0.,1.));
#9425 = ( GEOMETRIC_REPRESENTATION_CONTEXT(2) 
PARAMETRIC_REPRESENTATION_CONTEXT() REPRESENTATION_CONTEXT('2D SPACE',''
  ) );
#9426 = PCURVE('',#9427,#9432);
#9427 = PLANE('',#9428);
#9428 = AXIS2_PLACEMENT_3D('',#9429,#9430,#9431);
#9429 = CARTESIAN_POINT('',(12.,33.829051810623,41.168699987058));
#9430 = DIRECTION('',(-1.,-0.,0.));
#9431 = DIRECTION('',(0.,-0.258819045103,-0.965925826289));
#9432 = DEFINITIONAL_REPRESENTATION('',(#9433),#9437);
#9433 = LINE('',#9434,#9435);
#9434 = CARTESIAN_POINT('',(-11.50819451966,19.008194519667));
#9435 = VECTOR('',#9436,1.);
#9436 = DIRECTION('',(0.,-1.));
#9437 = ( GEOMETRIC_REPRESENTATION_CONTEXT(2) 
PARAMETRIC_REPRESENTATION_CONTEXT() REPRESENTATION_CONTEXT('2D SPACE',''
  ) );
#9438 = ORIENTED_EDGE('',*,*,#9439,.T.);
#9439 = EDGE_CURVE('',#9412,#9440,#9442,.T.);
#9440 = VERTEX_POINT('',#9441);
#9441 = CARTESIAN_POINT('',(16.,66.743377043838,44.26349278714));
#9442 = SURFACE_CURVE('',#9443,(#9447,#9454),.PCURVE_S1.);
#9443 = LINE('',#9444,#9445);
#9444 = CARTESIAN_POINT('',(12.,66.743377043838,44.26349278714));
#9445 = VECTOR('',#9446,1.);
#9446 = DIRECTION('',(1.,0.,0.));
#9447 = PCURVE('',#8079,#9448);
#9448 = DEFINITIONAL_REPRESENTATION('',(#9449),#9453);
#9449 = LINE('',#9450,#9451);
#9450 = CARTESIAN_POINT('',(12.,11.));
#9451 = VECTOR('',#9452,1.);
#9452 = DIRECTION('',(1.,0.));
#9453 = ( GEOMETRIC_REPRESENTATION_CONTEXT(2) 
PARAMETRIC_REPRESENTATION_CONTEXT() REPRESENTATION_CONTEXT('2D SPACE',''
  ) );
#9454 = PCURVE('',#9455,#9460);
#9455 = PLANE('',#9456);
#9456 = AXIS2_PLACEMENT_3D('',#9457,#9458,#9459);
#9457 = CARTESIAN_POINT('',(12.,66.743377043838,44.26349278714));
#9458 = DIRECTION('',(0.,0.341889265439,-0.93974024612));
#9459 = DIRECTION('',(0.,-0.93974024612,-0.341889265439));
#9460 = DEFINITIONAL_REPRESENTATION('',(#9461),#9465);
#9461 = LINE('',#9462,#9463);
#9462 = CARTESIAN_POINT('',(0.,0.));
#9463 = VECTOR('',#9464,1.);
#9464 = DIRECTION('',(0.,-1.));
#9465 = ( GEOMETRIC_REPRESENTATION_CONTEXT(2) 
PARAMETRIC_REPRESENTATION_CONTEXT() REPRESENTATION_CONTEXT('2D SPACE',''
  ) );
#9466 = ORIENTED_EDGE('',*,*,#9467,.F.);
#9467 = EDGE_CURVE('',#9468,#9440,#9470,.T.);
#9468 = VERTEX_POINT('',#9469);
#9469 = CARTESIAN_POINT('',(16.,47.424860518057,49.43987368919));
#9470 = SURFACE_CURVE('',#9471,(#9475,#9482),.PCURVE_S1.);
#9471 = LINE('',#9472,#9473);
#9472 = CARTESIAN_POINT('',(16.,18.447085729385,57.204445042266));
#9473 = VECTOR('',#9474,1.);
#9474 = DIRECTION('',(0.,0.965925826289,-0.258819045103));
#9475 = PCURVE('',#8079,#9476);
#9476 = DEFINITIONAL_REPRESENTATION('',(#9477),#9481);
#9477 = LINE('',#9478,#9479);
#9478 = CARTESIAN_POINT('',(16.,-39.));
#9479 = VECTOR('',#9480,1.);
#9480 = DIRECTION('',(0.,1.));
#9481 = ( GEOMETRIC_REPRESENTATION_CONTEXT(2) 
PARAMETRIC_REPRESENTATION_CONTEXT() REPRESENTATION_CONTEXT('2D SPACE',''
  ) );
#9482 = PCURVE('',#9483,#9488);
#9483 = PLANE('',#9484);
#9484 = AXIS2_PLACEMENT_3D('',#9485,#9486,#9487);
#9485 = CARTESIAN_POINT('',(16.,33.829051810623,41.168699987058));
#9486 = DIRECTION('',(-1.,-0.,0.));
#9487 = DIRECTION('',(0.,-0.258819045103,-0.965925826289));
#9488 = DEFINITIONAL_REPRESENTATION('',(#9489),#9493);
#9489 = LINE('',#9490,#9491);
#9490 = CARTESIAN_POINT('',(-11.50819451966,19.008194519667));
#9491 = VECTOR('',#9492,1.);
#9492 = DIRECTION('',(0.,-1.));
#9493 = ( GEOMETRIC_REPRESENTATION_CONTEXT(2) 
PARAMETRIC_REPRESENTATION_CONTEXT() REPRESENTATION_CONTEXT('2D SPACE',''
  ) );
#9494 = ORIENTED_EDGE('',*,*,#9495,.T.);
#9495 = EDGE_CURVE('',#9468,#9496,#9498,.T.);
#9496 = VERTEX_POINT('',#9497);
#9497 = CARTESIAN_POINT('',(18.,47.424860518057,49.43987368919));
#9498 = SURFACE_CURVE('',#9499,(#9503,#9510),.PCURVE_S1.);
#9499 = LINE('',#9500,#9501);
#9500 = CARTESIAN_POINT('',(9.,47.424860518057,49.43987368919));
#9501 = VECTOR('',#9502,1.);
#9502 = DIRECTION('',(1.,0.,0.));
#9503 = PCURVE('',#8079,#9504);
#9504 = DEFINITIONAL_REPRESENTATION('',(#9505),#9509);
#9505 = LINE('',#9506,#9507);
#9506 = CARTESIAN_POINT('',(9.,-9.));
#9507 = VECTOR('',#9508,1.);
#9508 = DIRECTION('',(1.,0.));
#9509 = ( GEOMETRIC_REPRESENTATION_CONTEXT(2) 
PARAMETRIC_REPRESENTATION_CONTEXT() REPRESENTATION_CONTEXT('2D SPACE',''
  ) );
#9510 = PCURVE('',#9093,#9511);
#9511 = DEFINITIONAL_REPRESENTATION('',(#9512),#9516);
#9512 = LINE('',#9513,#9514);
#9513 = CARTESIAN_POINT('',(9.,-1.));
#9514 = VECTOR('',#9515,1.);
#9515 = DIRECTION('',(-1.,-0.));
#9516 = ( GEOMETRIC_REPRESENTATION_CONTEXT(2) 
PARAMETRIC_REPRESENTATION_CONTEXT() REPRESENTATION_CONTEXT('2D SPACE',''
  ) );
#9517 = ORIENTED_EDGE('',*,*,#9518,.T.);
#9518 = EDGE_CURVE('',#9496,#9519,#9521,.T.);
#9519 = VERTEX_POINT('',#9520);
#9520 = CARTESIAN_POINT('',(18.,24.242640687119,55.65153077165));
#9521 = SURFACE_CURVE('',#9522,(#9526,#9533),.PCURVE_S1.);
#9522 = LINE('',#9523,#9524);
#9523 = CARTESIAN_POINT('',(18.,40.180416820889,51.381016527459));
#9524 = VECTOR('',#9525,1.);
#9525 = DIRECTION('',(0.,-0.965925826289,0.258819045103));
#9526 = PCURVE('',#8079,#9527);
#9527 = DEFINITIONAL_REPRESENTATION('',(#9528),#9532);
#9528 = LINE('',#9529,#9530);
#9529 = CARTESIAN_POINT('',(18.,-16.5));
#9530 = VECTOR('',#9531,1.);
#9531 = DIRECTION('',(0.,-1.));
#9532 = ( GEOMETRIC_REPRESENTATION_CONTEXT(2) 
PARAMETRIC_REPRESENTATION_CONTEXT() REPRESENTATION_CONTEXT('2D SPACE',''
  ) );
#9533 = PCURVE('',#9011,#9534);
#9534 = DEFINITIONAL_REPRESENTATION('',(#9535),#9539);
#9535 = LINE('',#9536,#9537);
#9536 = CARTESIAN_POINT('',(16.5,-1.));
#9537 = VECTOR('',#9538,1.);
#9538 = DIRECTION('',(-1.,0.));
#9539 = ( GEOMETRIC_REPRESENTATION_CONTEXT(2) 
PARAMETRIC_REPRESENTATION_CONTEXT() REPRESENTATION_CONTEXT('2D SPACE',''
  ) );
#9540 = ORIENTED_EDGE('',*,*,#9541,.T.);
#9541 = EDGE_CURVE('',#9519,#9542,#9544,.T.);
#9542 = VERTEX_POINT('',#9543);
#9543 = CARTESIAN_POINT('',(16.,24.242640687119,55.65153077165));
#9544 = SURFACE_CURVE('',#9545,(#9549,#9556),.PCURVE_S1.);
#9545 = LINE('',#9546,#9547);
#9546 = CARTESIAN_POINT('',(-9.,24.242640687119,55.65153077165));
#9547 = VECTOR('',#9548,1.);
#9548 = DIRECTION('',(-1.,0.,0.));
#9549 = PCURVE('',#8079,#9550);
#9550 = DEFINITIONAL_REPRESENTATION('',(#9551),#9555);
#9551 = LINE('',#9552,#9553);
#9552 = CARTESIAN_POINT('',(-9.,-33.));
#9553 = VECTOR('',#9554,1.);
#9554 = DIRECTION('',(-1.,0.));
#9555 = ( GEOMETRIC_REPRESENTATION_CONTEXT(2) 
PARAMETRIC_REPRESENTATION_CONTEXT() REPRESENTATION_CONTEXT('2D SPACE',''
  ) );
#9556 = PCURVE('',#9039,#9557);
#9557 = DEFINITIONAL_REPRESENTATION('',(#9558),#9562);
#9558 = LINE('',#9559,#9560);
#9559 = CARTESIAN_POINT('',(9.,-1.));
#9560 = VECTOR('',#9561,1.);
#9561 = DIRECTION('',(-1.,-0.));
#9562 = ( GEOMETRIC_REPRESENTATION_CONTEXT(2) 
PARAMETRIC_REPRESENTATION_CONTEXT() REPRESENTATION_CONTEXT('2D SPACE',''
  ) );
#9563 = ORIENTED_EDGE('',*,*,#9564,.F.);
#9564 = EDGE_CURVE('',#9565,#9542,#9567,.T.);
#9565 = VERTEX_POINT('',#9566);
#9566 = CARTESIAN_POINT('',(16.,22.129743276893,56.21767992641));
#9567 = SURFACE_CURVE('',#9568,(#9572,#9579),.PCURVE_S1.);
#9568 = LINE('',#9569,#9570);
#9569 = CARTESIAN_POINT('',(16.,18.447085729385,57.204445042266));
#9570 = VECTOR('',#9571,1.);
#9571 = DIRECTION('',(0.,0.965925826289,-0.258819045103));
#9572 = PCURVE('',#8079,#9573);
#9573 = DEFINITIONAL_REPRESENTATION('',(#9574),#9578);
#9574 = LINE('',#9575,#9576);
#9575 = CARTESIAN_POINT('',(16.,-39.));
#9576 = VECTOR('',#9577,1.);
#9577 = DIRECTION('',(0.,1.));
#9578 = ( GEOMETRIC_REPRESENTATION_CONTEXT(2) 
PARAMETRIC_REPRESENTATION_CONTEXT() REPRESENTATION_CONTEXT('2D SPACE',''
  ) );
#9579 = PCURVE('',#9483,#9580);
#9580 = DEFINITIONAL_REPRESENTATION('',(#9581),#9585);
#9581 = LINE('',#9582,#9583);
#9582 = CARTESIAN_POINT('',(-11.50819451966,19.008194519667));
#9583 = VECTOR('',#9584,1.);
#9584 = DIRECTION('',(0.,-1.));
#9585 = ( GEOMETRIC_REPRESENTATION_CONTEXT(2) 
PARAMETRIC_REPRESENTATION_CONTEXT() REPRESENTATION_CONTEXT('2D SPACE',''
  ) );
#9586 = ORIENTED_EDGE('',*,*,#9587,.F.);
#9587 = EDGE_CURVE('',#8488,#9565,#9588,.T.);
#9588 = SURFACE_CURVE('',#9589,(#9593,#9599),.PCURVE_S1.);
#9589 = LINE('',#9590,#9591);
#9590 = CARTESIAN_POINT('',(-10.,22.129743276893,56.21767992641));
#9591 = VECTOR('',#9592,1.);
#9592 = DIRECTION('',(-1.,-0.,0.));
#9593 = PCURVE('',#8079,#9594);
#9594 = DEFINITIONAL_REPRESENTATION('',(#9595),#9598);
#9595 = B_SPLINE_CURVE_WITH_KNOTS('',1,(#9596,#9597),.UNSPECIFIED.,.F.,
  .F.,(2,2),(-30.,10.),.PIECEWISE_BEZIER_KNOTS.);
#9596 = CARTESIAN_POINT('',(20.,-35.18743236045));
#9597 = CARTESIAN_POINT('',(-20.,-35.18743236045));
#9598 = ( GEOMETRIC_REPRESENTATION_CONTEXT(2) 
PARAMETRIC_REPRESENTATION_CONTEXT() REPRESENTATION_CONTEXT('2D SPACE',''
  ) );
#9599 = PCURVE('',#8052,#9600);
#9600 = DEFINITIONAL_REPRESENTATION('',(#9601),#9604);
#9601 = B_SPLINE_CURVE_WITH_KNOTS('',1,(#9602,#9603),.UNSPECIFIED.,.F.,
  .F.,(2,2),(-30.,10.),.PIECEWISE_BEZIER_KNOTS.);
#9602 = CARTESIAN_POINT('',(34.027455645335,-40.));
#9603 = CARTESIAN_POINT('',(34.027455645335,0.));
#9604 = ( GEOMETRIC_REPRESENTATION_CONTEXT(2) 
PARAMETRIC_REPRESENTATION_CONTEXT() REPRESENTATION_CONTEXT('2D SPACE',''
  ) );
#9605 = ORIENTED_EDGE('',*,*,#8487,.F.);
#9606 = ORIENTED_EDGE('',*,*,#9607,.F.);
#9607 = EDGE_CURVE('',#9608,#8462,#9610,.T.);
#9608 = VERTEX_POINT('',#9609);
#9609 = CARTESIAN_POINT('',(67.205756935049,20.,56.78834291754));
#9610 = SURFACE_CURVE('',#9611,(#9615,#9621),.PCURVE_S1.);
#9611 = LINE('',#9612,#9613);
#9612 = CARTESIAN_POINT('',(-39.,20.,56.788342917539));
#9613 = VECTOR('',#9614,1.);
#9614 = DIRECTION('',(-1.,0.,0.));
#9615 = PCURVE('',#8079,#9616);
#9616 = DEFINITIONAL_REPRESENTATION('',(#9617),#9620);
#9617 = B_SPLINE_CURVE_WITH_KNOTS('',1,(#9618,#9619),.UNSPECIFIED.,.F.,
  .F.,(2,2),(-107.,29.),.PIECEWISE_BEZIER_KNOTS.);
#9618 = CARTESIAN_POINT('',(68.,-37.39230484541));
#9619 = CARTESIAN_POINT('',(-68.,-37.39230484541));
#9620 = ( GEOMETRIC_REPRESENTATION_CONTEXT(2) 
PARAMETRIC_REPRESENTATION_CONTEXT() REPRESENTATION_CONTEXT('2D SPACE',''
  ) );
#9621 = PCURVE('',#8476,#9622);
#9622 = DEFINITIONAL_REPRESENTATION('',(#9623),#9626);
#9623 = B_SPLINE_CURVE_WITH_KNOTS('',1,(#9624,#9625),.UNSPECIFIED.,.F.,
  .F.,(2,2),(-107.,29.),.PIECEWISE_BEZIER_KNOTS.);
#9624 = CARTESIAN_POINT('',(143.78834291753,146.));
#9625 = CARTESIAN_POINT('',(143.78834291753,10.));
#9626 = ( GEOMETRIC_REPRESENTATION_CONTEXT(2) 
PARAMETRIC_REPRESENTATION_CONTEXT() REPRESENTATION_CONTEXT('2D SPACE',''
  ) );
#9627 = ORIENTED_EDGE('',*,*,#9628,.T.);
#9628 = EDGE_CURVE('',#9608,#9629,#9631,.T.);
#9629 = VERTEX_POINT('',#9630);
#9630 = CARTESIAN_POINT('',(68.,22.310789034541,56.169168861856));
#9631 = SURFACE_CURVE('',#9632,(#9637,#9644),.PCURVE_S1.);
#9632 = CIRCLE('',#9633,4.);
#9633 = AXIS2_PLACEMENT_3D('',#9634,#9635,#9636);
#9634 = CARTESIAN_POINT('',(64.,22.310789034541,56.169168861856));
#9635 = DIRECTION('',(-0.,0.258819045103,0.965925826289));
#9636 = DIRECTION('',(0.,-0.965925826289,0.258819045103));
#9637 = PCURVE('',#8079,#9638);
#9638 = DEFINITIONAL_REPRESENTATION('',(#9639),#9643);
#9639 = CIRCLE('',#9640,4.);
#9640 = AXIS2_PLACEMENT_2D('',#9641,#9642);
#9641 = CARTESIAN_POINT('',(64.,-35.));
#9642 = DIRECTION('',(0.,-1.));
#9643 = ( GEOMETRIC_REPRESENTATION_CONTEXT(2) 
PARAMETRIC_REPRESENTATION_CONTEXT() REPRESENTATION_CONTEXT('2D SPACE',''
  ) );
#9644 = PCURVE('',#8925,#9645);
#9645 = DEFINITIONAL_REPRESENTATION('',(#9646),#9650);
#9646 = LINE('',#9647,#9648);
#9647 = CARTESIAN_POINT('',(0.,0.));
#9648 = VECTOR('',#9649,1.);
#9649 = DIRECTION('',(1.,0.));
#9650 = ( GEOMETRIC_REPRESENTATION_CONTEXT(2) 
PARAMETRIC_REPRESENTATION_CONTEXT() REPRESENTATION_CONTEXT('2D SPACE',''
  ) );
#9651 = ORIENTED_EDGE('',*,*,#9652,.T.);
#9652 = EDGE_CURVE('',#9629,#9653,#9655,.T.);
#9653 = VERTEX_POINT('',#9654);
#9654 = CARTESIAN_POINT('',(68.,89.925596874776,38.051835704679));
#9655 = SURFACE_CURVE('',#9656,(#9660,#9667),.PCURVE_S1.);
#9656 = LINE('',#9657,#9658);
#9657 = CARTESIAN_POINT('',(68.,18.447085729385,57.204445042266));
#9658 = VECTOR('',#9659,1.);
#9659 = DIRECTION('',(0.,0.965925826289,-0.258819045103));
#9660 = PCURVE('',#8079,#9661);
#9661 = DEFINITIONAL_REPRESENTATION('',(#9662),#9666);
#9662 = LINE('',#9663,#9664);
#9663 = CARTESIAN_POINT('',(68.,-39.));
#9664 = VECTOR('',#9665,1.);
#9665 = DIRECTION('',(0.,1.));
#9666 = ( GEOMETRIC_REPRESENTATION_CONTEXT(2) 
PARAMETRIC_REPRESENTATION_CONTEXT() REPRESENTATION_CONTEXT('2D SPACE',''
  ) );
#9667 = PCURVE('',#9668,#9673);
#9668 = PLANE('',#9669);
#9669 = AXIS2_PLACEMENT_3D('',#9670,#9671,#9672);
#9670 = CARTESIAN_POINT('',(68.,18.447085729385,57.204445042266));
#9671 = DIRECTION('',(-1.,0.,0.));
#9672 = DIRECTION('',(0.,0.965925826289,-0.258819045103));
#9673 = DEFINITIONAL_REPRESENTATION('',(#9674),#9678);
#9674 = LINE('',#9675,#9676);
#9675 = CARTESIAN_POINT('',(0.,0.));
#9676 = VECTOR('',#9677,1.);
#9677 = DIRECTION('',(1.,0.));
#9678 = ( GEOMETRIC_REPRESENTATION_CONTEXT(2) 
PARAMETRIC_REPRESENTATION_CONTEXT() REPRESENTATION_CONTEXT('2D SPACE',''
  ) );
#9679 = ORIENTED_EDGE('',*,*,#9680,.T.);
#9680 = EDGE_CURVE('',#9653,#9681,#9683,.T.);
#9681 = VERTEX_POINT('',#9682);
#9682 = CARTESIAN_POINT('',(64.,93.789300179932,37.016559524269));
#9683 = SURFACE_CURVE('',#9684,(#9689,#9696),.PCURVE_S1.);
#9684 = CIRCLE('',#9685,4.);
#9685 = AXIS2_PLACEMENT_3D('',#9686,#9687,#9688);
#9686 = CARTESIAN_POINT('',(64.,89.925596874776,38.051835704679));
#9687 = DIRECTION('',(-0.,0.258819045103,0.965925826289));
#9688 = DIRECTION('',(0.,-0.965925826289,0.258819045103));
#9689 = PCURVE('',#8079,#9690);
#9690 = DEFINITIONAL_REPRESENTATION('',(#9691),#9695);
#9691 = CIRCLE('',#9692,4.);
#9692 = AXIS2_PLACEMENT_2D('',#9693,#9694);
#9693 = CARTESIAN_POINT('',(64.,35.));
#9694 = DIRECTION('',(0.,-1.));
#9695 = ( GEOMETRIC_REPRESENTATION_CONTEXT(2) 
PARAMETRIC_REPRESENTATION_CONTEXT() REPRESENTATION_CONTEXT('2D SPACE',''
  ) );
#9696 = PCURVE('',#9697,#9702);
#9697 = CYLINDRICAL_SURFACE('',#9698,4.);
#9698 = AXIS2_PLACEMENT_3D('',#9699,#9700,#9701);
#9699 = CARTESIAN_POINT('',(64.,89.925596874776,38.051835704679));
#9700 = DIRECTION('',(0.,0.258819045103,0.965925826289));
#9701 = DIRECTION('',(1.,0.,0.));
#9702 = DEFINITIONAL_REPRESENTATION('',(#9703),#9707);
#9703 = LINE('',#9704,#9705);
#9704 = CARTESIAN_POINT('',(-1.570796326795,0.));
#9705 = VECTOR('',#9706,1.);
#9706 = DIRECTION('',(1.,0.));
#9707 = ( GEOMETRIC_REPRESENTATION_CONTEXT(2) 
PARAMETRIC_REPRESENTATION_CONTEXT() REPRESENTATION_CONTEXT('2D SPACE',''
  ) );
#9708 = ORIENTED_EDGE('',*,*,#9709,.T.);
#9709 = EDGE_CURVE('',#9681,#9710,#9712,.T.);
#9710 = VERTEX_POINT('',#9711);
#9711 = CARTESIAN_POINT('',(-64.,93.789300179932,37.016559524269));
#9712 = SURFACE_CURVE('',#9713,(#9717,#9724),.PCURVE_S1.);
#9713 = LINE('',#9714,#9715);
#9714 = CARTESIAN_POINT('',(68.,93.789300179932,37.016559524269));
#9715 = VECTOR('',#9716,1.);
#9716 = DIRECTION('',(-1.,0.,0.));
#9717 = PCURVE('',#8079,#9718);
#9718 = DEFINITIONAL_REPRESENTATION('',(#9719),#9723);
#9719 = LINE('',#9720,#9721);
#9720 = CARTESIAN_POINT('',(68.,39.));
#9721 = VECTOR('',#9722,1.);
#9722 = DIRECTION('',(-1.,0.));
#9723 = ( GEOMETRIC_REPRESENTATION_CONTEXT(2) 
PARAMETRIC_REPRESENTATION_CONTEXT() REPRESENTATION_CONTEXT('2D SPACE',''
  ) );
#9724 = PCURVE('',#9725,#9730);
#9725 = PLANE('',#9726);
#9726 = AXIS2_PLACEMENT_3D('',#9727,#9728,#9729);
#9727 = CARTESIAN_POINT('',(68.,93.789300179932,37.016559524269));
#9728 = DIRECTION('',(0.,-0.965925826289,0.258819045103));
#9729 = DIRECTION('',(-1.,0.,0.));
#9730 = DEFINITIONAL_REPRESENTATION('',(#9731),#9735);
#9731 = LINE('',#9732,#9733);
#9732 = CARTESIAN_POINT('',(0.,-0.));
#9733 = VECTOR('',#9734,1.);
#9734 = DIRECTION('',(1.,0.));
#9735 = ( GEOMETRIC_REPRESENTATION_CONTEXT(2) 
PARAMETRIC_REPRESENTATION_CONTEXT() REPRESENTATION_CONTEXT('2D SPACE',''
  ) );
#9736 = ORIENTED_EDGE('',*,*,#9737,.T.);
#9737 = EDGE_CURVE('',#9710,#9738,#9740,.T.);
#9738 = VERTEX_POINT('',#9739);
#9739 = CARTESIAN_POINT('',(-68.,89.925596874776,38.051835704679));
#9740 = SURFACE_CURVE('',#9741,(#9746,#9753),.PCURVE_S1.);
#9741 = CIRCLE('',#9742,4.);
#9742 = AXIS2_PLACEMENT_3D('',#9743,#9744,#9745);
#9743 = CARTESIAN_POINT('',(-64.,89.925596874776,38.051835704679));
#9744 = DIRECTION('',(-0.,0.258819045103,0.965925826289));
#9745 = DIRECTION('',(0.,-0.965925826289,0.258819045103));
#9746 = PCURVE('',#8079,#9747);
#9747 = DEFINITIONAL_REPRESENTATION('',(#9748),#9752);
#9748 = CIRCLE('',#9749,4.);
#9749 = AXIS2_PLACEMENT_2D('',#9750,#9751);
#9750 = CARTESIAN_POINT('',(-64.,35.));
#9751 = DIRECTION('',(0.,-1.));
#9752 = ( GEOMETRIC_REPRESENTATION_CONTEXT(2) 
PARAMETRIC_REPRESENTATION_CONTEXT() REPRESENTATION_CONTEXT('2D SPACE',''
  ) );
#9753 = PCURVE('',#9754,#9759);
#9754 = CYLINDRICAL_SURFACE('',#9755,4.);
#9755 = AXIS2_PLACEMENT_3D('',#9756,#9757,#9758);
#9756 = CARTESIAN_POINT('',(-64.,89.925596874776,38.051835704679));
#9757 = DIRECTION('',(0.,0.258819045103,0.965925826289));
#9758 = DIRECTION('',(0.,0.965925826289,-0.258819045103));
#9759 = DEFINITIONAL_REPRESENTATION('',(#9760),#9764);
#9760 = LINE('',#9761,#9762);
#9761 = CARTESIAN_POINT('',(-3.14159265359,0.));
#9762 = VECTOR('',#9763,1.);
#9763 = DIRECTION('',(1.,0.));
#9764 = ( GEOMETRIC_REPRESENTATION_CONTEXT(2) 
PARAMETRIC_REPRESENTATION_CONTEXT() REPRESENTATION_CONTEXT('2D SPACE',''
  ) );
#9765 = ORIENTED_EDGE('',*,*,#9766,.T.);
#9766 = EDGE_CURVE('',#9738,#9162,#9767,.T.);
#9767 = SURFACE_CURVE('',#9768,(#9772,#9779),.PCURVE_S1.);
#9768 = LINE('',#9769,#9770);
#9769 = CARTESIAN_POINT('',(-68.,93.789300179932,37.016559524269));
#9770 = VECTOR('',#9771,1.);
#9771 = DIRECTION('',(0.,-0.965925826289,0.258819045103));
#9772 = PCURVE('',#8079,#9773);
#9773 = DEFINITIONAL_REPRESENTATION('',(#9774),#9778);
#9774 = LINE('',#9775,#9776);
#9775 = CARTESIAN_POINT('',(-68.,39.));
#9776 = VECTOR('',#9777,1.);
#9777 = DIRECTION('',(0.,-1.));
#9778 = ( GEOMETRIC_REPRESENTATION_CONTEXT(2) 
PARAMETRIC_REPRESENTATION_CONTEXT() REPRESENTATION_CONTEXT('2D SPACE',''
  ) );
#9779 = PCURVE('',#9780,#9785);
#9780 = PLANE('',#9781);
#9781 = AXIS2_PLACEMENT_3D('',#9782,#9783,#9784);
#9782 = CARTESIAN_POINT('',(-68.,93.789300179932,37.016559524269));
#9783 = DIRECTION('',(1.,0.,0.));
#9784 = DIRECTION('',(0.,-0.965925826289,0.258819045103));
#9785 = DEFINITIONAL_REPRESENTATION('',(#9786),#9790);
#9786 = LINE('',#9787,#9788);
#9787 = CARTESIAN_POINT('',(0.,0.));
#9788 = VECTOR('',#9789,1.);
#9789 = DIRECTION('',(1.,0.));
#9790 = ( GEOMETRIC_REPRESENTATION_CONTEXT(2) 
PARAMETRIC_REPRESENTATION_CONTEXT() REPRESENTATION_CONTEXT('2D SPACE',''
  ) );
#9791 = ADVANCED_FACE('',(#9792),#8052,.F.);
#9792 = FACE_BOUND('',#9793,.F.);
#9793 = EDGE_LOOP('',(#9794,#9795,#9816,#9817,#9818,#9839,#9860,#9881,
    #9907,#9928,#9949,#9968));
#9794 = ORIENTED_EDGE('',*,*,#8036,.F.);
#9795 = ORIENTED_EDGE('',*,*,#9796,.T.);
#9796 = EDGE_CURVE('',#8009,#8509,#9797,.T.);
#9797 = SURFACE_CURVE('',#9798,(#9802,#9809),.PCURVE_S1.);
#9798 = LINE('',#9799,#9800);
#9799 = CARTESIAN_POINT('',(-20.,31.111580849203,23.397041122148));
#9800 = VECTOR('',#9801,1.);
#9801 = DIRECTION('',(1.,0.,0.));
#9802 = PCURVE('',#8052,#9803);
#9803 = DEFINITIONAL_REPRESENTATION('',(#9804),#9808);
#9804 = LINE('',#9805,#9806);
#9805 = CARTESIAN_POINT('',(0.,0.));
#9806 = VECTOR('',#9807,1.);
#9807 = DIRECTION('',(0.,-1.));
#9808 = ( GEOMETRIC_REPRESENTATION_CONTEXT(2) 
PARAMETRIC_REPRESENTATION_CONTEXT() REPRESENTATION_CONTEXT('2D SPACE',''
  ) );
#9809 = PCURVE('',#8024,#9810);
#9810 = DEFINITIONAL_REPRESENTATION('',(#9811),#9815);
#9811 = LINE('',#9812,#9813);
#9812 = CARTESIAN_POINT('',(11.199060356358,0.));
#9813 = VECTOR('',#9814,1.);
#9814 = DIRECTION('',(0.,-1.));
#9815 = ( GEOMETRIC_REPRESENTATION_CONTEXT(2) 
PARAMETRIC_REPRESENTATION_CONTEXT() REPRESENTATION_CONTEXT('2D SPACE',''
  ) );
#9816 = ORIENTED_EDGE('',*,*,#8508,.T.);
#9817 = ORIENTED_EDGE('',*,*,#9587,.T.);
#9818 = ORIENTED_EDGE('',*,*,#9819,.T.);
#9819 = EDGE_CURVE('',#9565,#9820,#9822,.T.);
#9820 = VERTEX_POINT('',#9821);
#9821 = CARTESIAN_POINT('',(16.,29.144605489812,30.584589025093));
#9822 = SURFACE_CURVE('',#9823,(#9827,#9833),.PCURVE_S1.);
#9823 = LINE('',#9824,#9825);
#9824 = CARTESIAN_POINT('',(16.,28.943944064338,31.317828310977));
#9825 = VECTOR('',#9826,1.);
#9826 = DIRECTION('',(-0.,0.263958541771,-0.964534026474));
#9827 = PCURVE('',#8052,#9828);
#9828 = DEFINITIONAL_REPRESENTATION('',(#9829),#9832);
#9829 = B_SPLINE_CURVE_WITH_KNOTS('',1,(#9830,#9831),.UNSPECIFIED.,.F.,
  .F.,(2,2),(-25.81542064042,7.223804567619),.PIECEWISE_BEZIER_KNOTS.);
#9830 = CARTESIAN_POINT('',(34.027455645335,-36.));
#9831 = CARTESIAN_POINT('',(0.988230437288,-36.));
#9832 = ( GEOMETRIC_REPRESENTATION_CONTEXT(2) 
PARAMETRIC_REPRESENTATION_CONTEXT() REPRESENTATION_CONTEXT('2D SPACE',''
  ) );
#9833 = PCURVE('',#9483,#9834);
#9834 = DEFINITIONAL_REPRESENTATION('',(#9835),#9838);
#9835 = B_SPLINE_CURVE_WITH_KNOTS('',1,(#9836,#9837),.UNSPECIFIED.,.F.,
  .F.,(2,2),(-25.81542064042,7.223804567619),.PIECEWISE_BEZIER_KNOTS.);
#9836 = CARTESIAN_POINT('',(-11.50819451966,15.195626880125));
#9837 = CARTESIAN_POINT('',(17.016247945887,-1.476103215378));
#9838 = ( GEOMETRIC_REPRESENTATION_CONTEXT(2) 
PARAMETRIC_REPRESENTATION_CONTEXT() REPRESENTATION_CONTEXT('2D SPACE',''
  ) );
#9839 = ORIENTED_EDGE('',*,*,#9840,.F.);
#9840 = EDGE_CURVE('',#9841,#9820,#9843,.T.);
#9841 = VERTEX_POINT('',#9842);
#9842 = CARTESIAN_POINT('',(12.,29.144605489812,30.584589025093));
#9843 = SURFACE_CURVE('',#9844,(#9848,#9854),.PCURVE_S1.);
#9844 = LINE('',#9845,#9846);
#9845 = CARTESIAN_POINT('',(-4.,29.144605489812,30.584589025093));
#9846 = VECTOR('',#9847,1.);
#9847 = DIRECTION('',(1.,0.,0.));
#9848 = PCURVE('',#8052,#9849);
#9849 = DEFINITIONAL_REPRESENTATION('',(#9850),#9853);
#9850 = B_SPLINE_CURVE_WITH_KNOTS('',1,(#9851,#9852),.UNSPECIFIED.,.F.,
  .F.,(2,2),(16.,20.),.PIECEWISE_BEZIER_KNOTS.);
#9851 = CARTESIAN_POINT('',(7.451834466867,-32.));
#9852 = CARTESIAN_POINT('',(7.451834466867,-36.));
#9853 = ( GEOMETRIC_REPRESENTATION_CONTEXT(2) 
PARAMETRIC_REPRESENTATION_CONTEXT() REPRESENTATION_CONTEXT('2D SPACE',''
  ) );
#9854 = PCURVE('',#9455,#9855);
#9855 = DEFINITIONAL_REPRESENTATION('',(#9856),#9859);
#9856 = B_SPLINE_CURVE_WITH_KNOTS('',1,(#9857,#9858),.UNSPECIFIED.,.F.,
  .F.,(2,2),(16.,20.),.PIECEWISE_BEZIER_KNOTS.);
#9857 = CARTESIAN_POINT('',(40.009749193205,0.));
#9858 = CARTESIAN_POINT('',(40.009749193205,-4.));
#9859 = ( GEOMETRIC_REPRESENTATION_CONTEXT(2) 
PARAMETRIC_REPRESENTATION_CONTEXT() REPRESENTATION_CONTEXT('2D SPACE',''
  ) );
#9860 = ORIENTED_EDGE('',*,*,#9861,.F.);
#9861 = EDGE_CURVE('',#9862,#9841,#9864,.T.);
#9862 = VERTEX_POINT('',#9863);
#9863 = CARTESIAN_POINT('',(12.,22.129743276893,56.21767992641));
#9864 = SURFACE_CURVE('',#9865,(#9869,#9875),.PCURVE_S1.);
#9865 = LINE('',#9866,#9867);
#9866 = CARTESIAN_POINT('',(12.,28.943944064338,31.317828310977));
#9867 = VECTOR('',#9868,1.);
#9868 = DIRECTION('',(-0.,0.263958541771,-0.964534026474));
#9869 = PCURVE('',#8052,#9870);
#9870 = DEFINITIONAL_REPRESENTATION('',(#9871),#9874);
#9871 = B_SPLINE_CURVE_WITH_KNOTS('',1,(#9872,#9873),.UNSPECIFIED.,.F.,
  .F.,(2,2),(-25.81542064042,7.223804567619),.PIECEWISE_BEZIER_KNOTS.);
#9872 = CARTESIAN_POINT('',(34.027455645335,-32.));
#9873 = CARTESIAN_POINT('',(0.988230437288,-32.));
#9874 = ( GEOMETRIC_REPRESENTATION_CONTEXT(2) 
PARAMETRIC_REPRESENTATION_CONTEXT() REPRESENTATION_CONTEXT('2D SPACE',''
  ) );
#9875 = PCURVE('',#9427,#9876);
#9876 = DEFINITIONAL_REPRESENTATION('',(#9877),#9880);
#9877 = B_SPLINE_CURVE_WITH_KNOTS('',1,(#9878,#9879),.UNSPECIFIED.,.F.,
  .F.,(2,2),(-25.81542064042,7.223804567619),.PIECEWISE_BEZIER_KNOTS.);
#9878 = CARTESIAN_POINT('',(-11.50819451966,15.195626880125));
#9879 = CARTESIAN_POINT('',(17.016247945887,-1.476103215378));
#9880 = ( GEOMETRIC_REPRESENTATION_CONTEXT(2) 
PARAMETRIC_REPRESENTATION_CONTEXT() REPRESENTATION_CONTEXT('2D SPACE',''
  ) );
#9881 = ORIENTED_EDGE('',*,*,#9882,.T.);
#9882 = EDGE_CURVE('',#9862,#9883,#9885,.T.);
#9883 = VERTEX_POINT('',#9884);
#9884 = CARTESIAN_POINT('',(-12.,22.129743276893,56.21767992641));
#9885 = SURFACE_CURVE('',#9886,(#9890,#9896),.PCURVE_S1.);
#9886 = LINE('',#9887,#9888);
#9887 = CARTESIAN_POINT('',(-10.,22.129743276893,56.21767992641));
#9888 = VECTOR('',#9889,1.);
#9889 = DIRECTION('',(-1.,-0.,0.));
#9890 = PCURVE('',#8052,#9891);
#9891 = DEFINITIONAL_REPRESENTATION('',(#9892),#9895);
#9892 = B_SPLINE_CURVE_WITH_KNOTS('',1,(#9893,#9894),.UNSPECIFIED.,.F.,
  .F.,(2,2),(-22.,2.),.PIECEWISE_BEZIER_KNOTS.);
#9893 = CARTESIAN_POINT('',(34.027455645335,-32.));
#9894 = CARTESIAN_POINT('',(34.027455645335,-8.));
#9895 = ( GEOMETRIC_REPRESENTATION_CONTEXT(2) 
PARAMETRIC_REPRESENTATION_CONTEXT() REPRESENTATION_CONTEXT('2D SPACE',''
  ) );
#9896 = PCURVE('',#9897,#9902);
#9897 = PLANE('',#9898);
#9898 = AXIS2_PLACEMENT_3D('',#9899,#9900,#9901);
#9899 = CARTESIAN_POINT('',(0.,56.118192954659,47.110502283267));
#9900 = DIRECTION('',(0.,0.258819045103,0.965925826289));
#9901 = DIRECTION('',(1.,0.,0.));
#9902 = DEFINITIONAL_REPRESENTATION('',(#9903),#9906);
#9903 = B_SPLINE_CURVE_WITH_KNOTS('',1,(#9904,#9905),.UNSPECIFIED.,.F.,
  .F.,(2,2),(-22.,2.),.PIECEWISE_BEZIER_KNOTS.);
#9904 = CARTESIAN_POINT('',(12.,-35.18743236045));
#9905 = CARTESIAN_POINT('',(-12.,-35.18743236045));
#9906 = ( GEOMETRIC_REPRESENTATION_CONTEXT(2) 
PARAMETRIC_REPRESENTATION_CONTEXT() REPRESENTATION_CONTEXT('2D SPACE',''
  ) );
#9907 = ORIENTED_EDGE('',*,*,#9908,.T.);
#9908 = EDGE_CURVE('',#9883,#9909,#9911,.T.);
#9909 = VERTEX_POINT('',#9910);
#9910 = CARTESIAN_POINT('',(-12.,29.144605489812,30.584589025093));
#9911 = SURFACE_CURVE('',#9912,(#9916,#9922),.PCURVE_S1.);
#9912 = LINE('',#9913,#9914);
#9913 = CARTESIAN_POINT('',(-12.,28.943944064338,31.317828310977));
#9914 = VECTOR('',#9915,1.);
#9915 = DIRECTION('',(-0.,0.263958541771,-0.964534026474));
#9916 = PCURVE('',#8052,#9917);
#9917 = DEFINITIONAL_REPRESENTATION('',(#9918),#9921);
#9918 = B_SPLINE_CURVE_WITH_KNOTS('',1,(#9919,#9920),.UNSPECIFIED.,.F.,
  .F.,(2,2),(-25.81542064042,7.223804567619),.PIECEWISE_BEZIER_KNOTS.);
#9919 = CARTESIAN_POINT('',(34.027455645335,-8.));
#9920 = CARTESIAN_POINT('',(0.988230437288,-8.));
#9921 = ( GEOMETRIC_REPRESENTATION_CONTEXT(2) 
PARAMETRIC_REPRESENTATION_CONTEXT() REPRESENTATION_CONTEXT('2D SPACE',''
  ) );
#9922 = PCURVE('',#9376,#9923);
#9923 = DEFINITIONAL_REPRESENTATION('',(#9924),#9927);
#9924 = B_SPLINE_CURVE_WITH_KNOTS('',1,(#9925,#9926),.UNSPECIFIED.,.F.,
  .F.,(2,2),(-25.81542064042,7.223804567619),.PIECEWISE_BEZIER_KNOTS.);
#9925 = CARTESIAN_POINT('',(-11.50819451966,15.195626880125));
#9926 = CARTESIAN_POINT('',(17.016247945887,-1.476103215378));
#9927 = ( GEOMETRIC_REPRESENTATION_CONTEXT(2) 
PARAMETRIC_REPRESENTATION_CONTEXT() REPRESENTATION_CONTEXT('2D SPACE',''
  ) );
#9928 = ORIENTED_EDGE('',*,*,#9929,.F.);
#9929 = EDGE_CURVE('',#9930,#9909,#9932,.T.);
#9930 = VERTEX_POINT('',#9931);
#9931 = CARTESIAN_POINT('',(-16.,29.144605489812,30.584589025093));
#9932 = SURFACE_CURVE('',#9933,(#9937,#9943),.PCURVE_S1.);
#9933 = LINE('',#9934,#9935);
#9934 = CARTESIAN_POINT('',(-18.,29.144605489812,30.584589025093));
#9935 = VECTOR('',#9936,1.);
#9936 = DIRECTION('',(1.,0.,0.));
#9937 = PCURVE('',#8052,#9938);
#9938 = DEFINITIONAL_REPRESENTATION('',(#9939),#9942);
#9939 = B_SPLINE_CURVE_WITH_KNOTS('',1,(#9940,#9941),.UNSPECIFIED.,.F.,
  .F.,(2,2),(2.,6.),.PIECEWISE_BEZIER_KNOTS.);
#9940 = CARTESIAN_POINT('',(7.451834466867,-4.));
#9941 = CARTESIAN_POINT('',(7.451834466867,-8.));
#9942 = ( GEOMETRIC_REPRESENTATION_CONTEXT(2) 
PARAMETRIC_REPRESENTATION_CONTEXT() REPRESENTATION_CONTEXT('2D SPACE',''
  ) );
#9943 = PCURVE('',#9348,#9944);
#9944 = DEFINITIONAL_REPRESENTATION('',(#9945),#9948);
#9945 = B_SPLINE_CURVE_WITH_KNOTS('',1,(#9946,#9947),.UNSPECIFIED.,.F.,
  .F.,(2,2),(2.,6.),.PIECEWISE_BEZIER_KNOTS.);
#9946 = CARTESIAN_POINT('',(40.009749193205,0.));
#9947 = CARTESIAN_POINT('',(40.009749193205,-4.));
#9948 = ( GEOMETRIC_REPRESENTATION_CONTEXT(2) 
PARAMETRIC_REPRESENTATION_CONTEXT() REPRESENTATION_CONTEXT('2D SPACE',''
  ) );
#9949 = ORIENTED_EDGE('',*,*,#9950,.F.);
#9950 = EDGE_CURVE('',#9192,#9930,#9951,.T.);
#9951 = SURFACE_CURVE('',#9952,(#9956,#9962),.PCURVE_S1.);
#9952 = LINE('',#9953,#9954);
#9953 = CARTESIAN_POINT('',(-16.,28.943944064338,31.317828310977));
#9954 = VECTOR('',#9955,1.);
#9955 = DIRECTION('',(-0.,0.263958541771,-0.964534026474));
#9956 = PCURVE('',#8052,#9957);
#9957 = DEFINITIONAL_REPRESENTATION('',(#9958),#9961);
#9958 = B_SPLINE_CURVE_WITH_KNOTS('',1,(#9959,#9960),.UNSPECIFIED.,.F.,
  .F.,(2,2),(-25.81542064042,7.223804567619),.PIECEWISE_BEZIER_KNOTS.);
#9959 = CARTESIAN_POINT('',(34.027455645335,-4.));
#9960 = CARTESIAN_POINT('',(0.988230437288,-4.));
#9961 = ( GEOMETRIC_REPRESENTATION_CONTEXT(2) 
PARAMETRIC_REPRESENTATION_CONTEXT() REPRESENTATION_CONTEXT('2D SPACE',''
  ) );
#9962 = PCURVE('',#9228,#9963);
#9963 = DEFINITIONAL_REPRESENTATION('',(#9964),#9967);
#9964 = B_SPLINE_CURVE_WITH_KNOTS('',1,(#9965,#9966),.UNSPECIFIED.,.F.,
  .F.,(2,2),(-25.81542064042,7.223804567619),.PIECEWISE_BEZIER_KNOTS.);
#9965 = CARTESIAN_POINT('',(-11.50819451966,15.195626880125));
#9966 = CARTESIAN_POINT('',(17.016247945887,-1.476103215378));
#9967 = ( GEOMETRIC_REPRESENTATION_CONTEXT(2) 
PARAMETRIC_REPRESENTATION_CONTEXT() REPRESENTATION_CONTEXT('2D SPACE',''
  ) );
#9968 = ORIENTED_EDGE('',*,*,#9191,.T.);
#9969 = ADVANCED_FACE('',(#9970),#8024,.F.);
#9970 = FACE_BOUND('',#9971,.F.);
#9971 = EDGE_LOOP('',(#9972,#9993,#9994,#9995));
#9972 = ORIENTED_EDGE('',*,*,#9973,.T.);
#9973 = EDGE_CURVE('',#7981,#8532,#9974,.T.);
#9974 = SURFACE_CURVE('',#9975,(#9979,#9986),.PCURVE_S1.);
#9975 = LINE('',#9976,#9977);
#9976 = CARTESIAN_POINT('',(-20.,20.,22.));
#9977 = VECTOR('',#9978,1.);
#9978 = DIRECTION('',(1.,0.,0.));
#9979 = PCURVE('',#8024,#9980);
#9980 = DEFINITIONAL_REPRESENTATION('',(#9981),#9985);
#9981 = LINE('',#9982,#9983);
#9982 = CARTESIAN_POINT('',(0.,0.));
#9983 = VECTOR('',#9984,1.);
#9984 = DIRECTION('',(0.,-1.));
#9985 = ( GEOMETRIC_REPRESENTATION_CONTEXT(2) 
PARAMETRIC_REPRESENTATION_CONTEXT() REPRESENTATION_CONTEXT('2D SPACE',''
  ) );
#9986 = PCURVE('',#7996,#9987);
#9987 = DEFINITIONAL_REPRESENTATION('',(#9988),#9992);
#9988 = LINE('',#9989,#9990);
#9989 = CARTESIAN_POINT('',(40.,-22.));
#9990 = VECTOR('',#9991,1.);
#9991 = DIRECTION('',(-1.,-0.));
#9992 = ( GEOMETRIC_REPRESENTATION_CONTEXT(2) 
PARAMETRIC_REPRESENTATION_CONTEXT() REPRESENTATION_CONTEXT('2D SPACE',''
  ) );
#9993 = ORIENTED_EDGE('',*,*,#8531,.T.);
#9994 = ORIENTED_EDGE('',*,*,#9796,.F.);
#9995 = ORIENTED_EDGE('',*,*,#8008,.F.);
#9996 = ADVANCED_FACE('',(#9997,#10003),#7996,.F.);
#9997 = FACE_BOUND('',#9998,.F.);
#9998 = EDGE_LOOP('',(#9999,#10000,#10001,#10002));
#9999 = ORIENTED_EDGE('',*,*,#8611,.F.);
#10000 = ORIENTED_EDGE('',*,*,#8554,.T.);
#10001 = ORIENTED_EDGE('',*,*,#9973,.F.);
#10002 = ORIENTED_EDGE('',*,*,#7980,.T.);
#10003 = FACE_BOUND('',#10004,.F.);
#10004 = EDGE_LOOP('',(#10005,#10033,#10059,#10085));
#10005 = ORIENTED_EDGE('',*,*,#10006,.T.);
#10006 = EDGE_CURVE('',#10007,#10009,#10011,.T.);
#10007 = VERTEX_POINT('',#10008);
#10008 = CARTESIAN_POINT('',(9.,20.,20.));
#10009 = VERTEX_POINT('',#10010);
#10010 = CARTESIAN_POINT('',(9.,20.,6.));
#10011 = SURFACE_CURVE('',#10012,(#10016,#10022),.PCURVE_S1.);
#10012 = LINE('',#10013,#10014);
#10013 = CARTESIAN_POINT('',(9.,20.,3.));
#10014 = VECTOR('',#10015,1.);
#10015 = DIRECTION('',(-0.,-0.,-1.));
#10016 = PCURVE('',#7996,#10017);
#10017 = DEFINITIONAL_REPRESENTATION('',(#10018),#10021);
#10018 = B_SPLINE_CURVE_WITH_KNOTS('',1,(#10019,#10020),.UNSPECIFIED.,
  .F.,.F.,(2,2),(-17.,-3.),.PIECEWISE_BEZIER_KNOTS.);
#10019 = CARTESIAN_POINT('',(11.,-20.));
#10020 = CARTESIAN_POINT('',(11.,-6.));
#10021 = ( GEOMETRIC_REPRESENTATION_CONTEXT(2) 
PARAMETRIC_REPRESENTATION_CONTEXT() REPRESENTATION_CONTEXT('2D SPACE',''
  ) );
#10022 = PCURVE('',#10023,#10028);
#10023 = PLANE('',#10024);
#10024 = AXIS2_PLACEMENT_3D('',#10025,#10026,#10027);
#10025 = CARTESIAN_POINT('',(9.,40.,6.));
#10026 = DIRECTION('',(-1.,0.,0.));
#10027 = DIRECTION('',(0.,0.,1.));
#10028 = DEFINITIONAL_REPRESENTATION('',(#10029),#10032);
#10029 = B_SPLINE_CURVE_WITH_KNOTS('',1,(#10030,#10031),.UNSPECIFIED.,
  .F.,.F.,(2,2),(-17.,-3.),.PIECEWISE_BEZIER_KNOTS.);
#10030 = CARTESIAN_POINT('',(14.,-20.));
#10031 = CARTESIAN_POINT('',(0.,-20.));
#10032 = ( GEOMETRIC_REPRESENTATION_CONTEXT(2) 
PARAMETRIC_REPRESENTATION_CONTEXT() REPRESENTATION_CONTEXT('2D SPACE',''
  ) );
#10033 = ORIENTED_EDGE('',*,*,#10034,.T.);
#10034 = EDGE_CURVE('',#10009,#10035,#10037,.T.);
#10035 = VERTEX_POINT('',#10036);
#10036 = CARTESIAN_POINT('',(-9.,20.,6.));
#10037 = SURFACE_CURVE('',#10038,(#10042,#10048),.PCURVE_S1.);
#10038 = LINE('',#10039,#10040);
#10039 = CARTESIAN_POINT('',(5.5,20.,6.));
#10040 = VECTOR('',#10041,1.);
#10041 = DIRECTION('',(-1.,-0.,0.));
#10042 = PCURVE('',#7996,#10043);
#10043 = DEFINITIONAL_REPRESENTATION('',(#10044),#10047);
#10044 = B_SPLINE_CURVE_WITH_KNOTS('',1,(#10045,#10046),.UNSPECIFIED.,
  .F.,.F.,(2,2),(-3.5,14.5),.PIECEWISE_BEZIER_KNOTS.);
#10045 = CARTESIAN_POINT('',(11.,-6.));
#10046 = CARTESIAN_POINT('',(29.,-6.));
#10047 = ( GEOMETRIC_REPRESENTATION_CONTEXT(2) 
PARAMETRIC_REPRESENTATION_CONTEXT() REPRESENTATION_CONTEXT('2D SPACE',''
  ) );
#10048 = PCURVE('',#10049,#10054);
#10049 = PLANE('',#10050);
#10050 = AXIS2_PLACEMENT_3D('',#10051,#10052,#10053);
#10051 = CARTESIAN_POINT('',(-9.,40.,6.));
#10052 = DIRECTION('',(-0.,0.,1.));
#10053 = DIRECTION('',(1.,0.,0.));
#10054 = DEFINITIONAL_REPRESENTATION('',(#10055),#10058);
#10055 = B_SPLINE_CURVE_WITH_KNOTS('',1,(#10056,#10057),.UNSPECIFIED.,
  .F.,.F.,(2,2),(-3.5,14.5),.PIECEWISE_BEZIER_KNOTS.);
#10056 = CARTESIAN_POINT('',(18.,-20.));
#10057 = CARTESIAN_POINT('',(0.,-20.));
#10058 = ( GEOMETRIC_REPRESENTATION_CONTEXT(2) 
PARAMETRIC_REPRESENTATION_CONTEXT() REPRESENTATION_CONTEXT('2D SPACE',''
  ) );
#10059 = ORIENTED_EDGE('',*,*,#10060,.T.);
#10060 = EDGE_CURVE('',#10035,#10061,#10063,.T.);
#10061 = VERTEX_POINT('',#10062);
#10062 = CARTESIAN_POINT('',(-9.,20.,20.));
#10063 = SURFACE_CURVE('',#10064,(#10068,#10074),.PCURVE_S1.);
#10064 = LINE('',#10065,#10066);
#10065 = CARTESIAN_POINT('',(-9.,20.,10.));
#10066 = VECTOR('',#10067,1.);
#10067 = DIRECTION('',(-0.,0.,1.));
#10068 = PCURVE('',#7996,#10069);
#10069 = DEFINITIONAL_REPRESENTATION('',(#10070),#10073);
#10070 = B_SPLINE_CURVE_WITH_KNOTS('',1,(#10071,#10072),.UNSPECIFIED.,
  .F.,.F.,(2,2),(-4.,10.),.PIECEWISE_BEZIER_KNOTS.);
#10071 = CARTESIAN_POINT('',(29.,-6.));
#10072 = CARTESIAN_POINT('',(29.,-20.));
#10073 = ( GEOMETRIC_REPRESENTATION_CONTEXT(2) 
PARAMETRIC_REPRESENTATION_CONTEXT() REPRESENTATION_CONTEXT('2D SPACE',''
  ) );
#10074 = PCURVE('',#10075,#10080);
#10075 = PLANE('',#10076);
#10076 = AXIS2_PLACEMENT_3D('',#10077,#10078,#10079);
#10077 = CARTESIAN_POINT('',(-9.,40.,20.));
#10078 = DIRECTION('',(1.,0.,0.));
#10079 = DIRECTION('',(0.,0.,-1.));
#10080 = DEFINITIONAL_REPRESENTATION('',(#10081),#10084);
#10081 = B_SPLINE_CURVE_WITH_KNOTS('',1,(#10082,#10083),.UNSPECIFIED.,
  .F.,.F.,(2,2),(-4.,10.),.PIECEWISE_BEZIER_KNOTS.);
#10082 = CARTESIAN_POINT('',(14.,-20.));
#10083 = CARTESIAN_POINT('',(0.,-20.));
#10084 = ( GEOMETRIC_REPRESENTATION_CONTEXT(2) 
PARAMETRIC_REPRESENTATION_CONTEXT() REPRESENTATION_CONTEXT('2D SPACE',''
  ) );
#10085 = ORIENTED_EDGE('',*,*,#10086,.T.);
#10086 = EDGE_CURVE('',#10061,#10007,#10087,.T.);
#10087 = SURFACE_CURVE('',#10088,(#10092,#10098),.PCURVE_S1.);
#10088 = LINE('',#10089,#10090);
#10089 = CARTESIAN_POINT('',(14.5,20.,20.));
#10090 = VECTOR('',#10091,1.);
#10091 = DIRECTION('',(1.,0.,-0.));
#10092 = PCURVE('',#7996,#10093);
#10093 = DEFINITIONAL_REPRESENTATION('',(#10094),#10097);
#10094 = B_SPLINE_CURVE_WITH_KNOTS('',1,(#10095,#10096),.UNSPECIFIED.,
  .F.,.F.,(2,2),(-23.5,-5.5),.PIECEWISE_BEZIER_KNOTS.);
#10095 = CARTESIAN_POINT('',(29.,-20.));
#10096 = CARTESIAN_POINT('',(11.,-20.));
#10097 = ( GEOMETRIC_REPRESENTATION_CONTEXT(2) 
PARAMETRIC_REPRESENTATION_CONTEXT() REPRESENTATION_CONTEXT('2D SPACE',''
  ) );
#10098 = PCURVE('',#10099,#10104);
#10099 = PLANE('',#10100);
#10100 = AXIS2_PLACEMENT_3D('',#10101,#10102,#10103);
#10101 = CARTESIAN_POINT('',(9.,40.,20.));
#10102 = DIRECTION('',(-0.,-0.,-1.));
#10103 = DIRECTION('',(-1.,0.,0.));
#10104 = DEFINITIONAL_REPRESENTATION('',(#10105),#10108);
#10105 = B_SPLINE_CURVE_WITH_KNOTS('',1,(#10106,#10107),.UNSPECIFIED.,
  .F.,.F.,(2,2),(-23.5,-5.5),.PIECEWISE_BEZIER_KNOTS.);
#10106 = CARTESIAN_POINT('',(18.,-20.));
#10107 = CARTESIAN_POINT('',(0.,-20.));
#10108 = ( GEOMETRIC_REPRESENTATION_CONTEXT(2) 
PARAMETRIC_REPRESENTATION_CONTEXT() REPRESENTATION_CONTEXT('2D SPACE',''
  ) );
#10109 = ADVANCED_FACE('',(#10110),#8191,.F.);
#10110 = FACE_BOUND('',#10111,.T.);
#10111 = EDGE_LOOP('',(#10112,#10113,#10136,#10162));
#10112 = ORIENTED_EDGE('',*,*,#8170,.T.);
#10113 = ORIENTED_EDGE('',*,*,#10114,.T.);
#10114 = EDGE_CURVE('',#8171,#10115,#10117,.T.);
#10115 = VERTEX_POINT('',#10116);
#10116 = CARTESIAN_POINT('',(-15.,2.2,15.));
#10117 = SEAM_CURVE('',#10118,(#10122,#10129),.PCURVE_S1.);
#10118 = LINE('',#10119,#10120);
#10119 = CARTESIAN_POINT('',(-40.,2.2,15.));
#10120 = VECTOR('',#10121,1.);
#10121 = DIRECTION('',(1.,0.,0.));
#10122 = PCURVE('',#8191,#10123);
#10123 = DEFINITIONAL_REPRESENTATION('',(#10124),#10128);
#10124 = LINE('',#10125,#10126);
#10125 = CARTESIAN_POINT('',(-6.28318530718,0.));
#10126 = VECTOR('',#10127,1.);
#10127 = DIRECTION('',(-0.,-1.));
#10128 = ( GEOMETRIC_REPRESENTATION_CONTEXT(2) 
PARAMETRIC_REPRESENTATION_CONTEXT() REPRESENTATION_CONTEXT('2D SPACE',''
  ) );
#10129 = PCURVE('',#8191,#10130);
#10130 = DEFINITIONAL_REPRESENTATION('',(#10131),#10135);
#10131 = LINE('',#10132,#10133);
#10132 = CARTESIAN_POINT('',(-0.,0.));
#10133 = VECTOR('',#10134,1.);
#10134 = DIRECTION('',(-0.,-1.));
#10135 = ( GEOMETRIC_REPRESENTATION_CONTEXT(2) 
PARAMETRIC_REPRESENTATION_CONTEXT() REPRESENTATION_CONTEXT('2D SPACE',''
  ) );
#10136 = ORIENTED_EDGE('',*,*,#10137,.F.);
#10137 = EDGE_CURVE('',#10115,#10115,#10138,.T.);
#10138 = SURFACE_CURVE('',#10139,(#10144,#10151),.PCURVE_S1.);
#10139 = CIRCLE('',#10140,2.2);
#10140 = AXIS2_PLACEMENT_3D('',#10141,#10142,#10143);
#10141 = CARTESIAN_POINT('',(-15.,0.,15.));
#10142 = DIRECTION('',(-1.,0.,0.));
#10143 = DIRECTION('',(0.,1.,0.));
#10144 = PCURVE('',#8191,#10145);
#10145 = DEFINITIONAL_REPRESENTATION('',(#10146),#10150);
#10146 = LINE('',#10147,#10148);
#10147 = CARTESIAN_POINT('',(-6.28318530718,-25.));
#10148 = VECTOR('',#10149,1.);
#10149 = DIRECTION('',(1.,-0.));
#10150 = ( GEOMETRIC_REPRESENTATION_CONTEXT(2) 
PARAMETRIC_REPRESENTATION_CONTEXT() REPRESENTATION_CONTEXT('2D SPACE',''
  ) );
#10151 = PCURVE('',#8681,#10152);
#10152 = DEFINITIONAL_REPRESENTATION('',(#10153),#10161);
#10153 = ( BOUNDED_CURVE() B_SPLINE_CURVE(2,(#10154,#10155,#10156,#10157
    ,#10158,#10159,#10160),.UNSPECIFIED.,.T.,.F.) 
B_SPLINE_CURVE_WITH_KNOTS((1,2,2,2,2,1),(-2.094395102393,0.,
    2.094395102393,4.188790204786,6.28318530718,8.377580409573),
.UNSPECIFIED.) CURVE() GEOMETRIC_REPRESENTATION_ITEM() 
RATIONAL_B_SPLINE_CURVE((1.,0.5,1.,0.5,1.,0.5,1.)) REPRESENTATION_ITEM(
  '') );
#10154 = CARTESIAN_POINT('',(12.8,-15.0000002));
#10155 = CARTESIAN_POINT('',(12.8,-11.18948842334));
#10156 = CARTESIAN_POINT('',(16.1,-13.09474431167));
#10157 = CARTESIAN_POINT('',(19.4,-15.0000002));
#10158 = CARTESIAN_POINT('',(16.1,-16.90525608832));
#10159 = CARTESIAN_POINT('',(12.8,-18.81051197665));
#10160 = CARTESIAN_POINT('',(12.8,-15.0000002));
#10161 = ( GEOMETRIC_REPRESENTATION_CONTEXT(2) 
PARAMETRIC_REPRESENTATION_CONTEXT() REPRESENTATION_CONTEXT('2D SPACE',''
  ) );
#10162 = ORIENTED_EDGE('',*,*,#10114,.F.);
#10163 = ADVANCED_FACE('',(#10164),#8272,.F.);
#10164 = FACE_BOUND('',#10165,.F.);
#10165 = EDGE_LOOP('',(#10166,#10189,#10217,#10238));
#10166 = ORIENTED_EDGE('',*,*,#10167,.T.);
#10167 = EDGE_CURVE('',#8255,#10168,#10170,.T.);
#10168 = VERTEX_POINT('',#10169);
#10169 = CARTESIAN_POINT('',(-14.6,-14.6,148.));
#10170 = SURFACE_CURVE('',#10171,(#10175,#10182),.PCURVE_S1.);
#10171 = LINE('',#10172,#10173);
#10172 = CARTESIAN_POINT('',(-14.6,-14.6,118.));
#10173 = VECTOR('',#10174,1.);
#10174 = DIRECTION('',(0.,0.,1.));
#10175 = PCURVE('',#8272,#10176);
#10176 = DEFINITIONAL_REPRESENTATION('',(#10177),#10181);
#10177 = LINE('',#10178,#10179);
#10178 = CARTESIAN_POINT('',(0.,0.));
#10179 = VECTOR('',#10180,1.);
#10180 = DIRECTION('',(0.,-1.));
#10181 = ( GEOMETRIC_REPRESENTATION_CONTEXT(2) 
PARAMETRIC_REPRESENTATION_CONTEXT() REPRESENTATION_CONTEXT('2D SPACE',''
  ) );
#10182 = PCURVE('',#8300,#10183);
#10183 = DEFINITIONAL_REPRESENTATION('',(#10184),#10188);
#10184 = LINE('',#10185,#10186);
#10185 = CARTESIAN_POINT('',(29.2,0.));
#10186 = VECTOR('',#10187,1.);
#10187 = DIRECTION('',(0.,-1.));
#10188 = ( GEOMETRIC_REPRESENTATION_CONTEXT(2) 
PARAMETRIC_REPRESENTATION_CONTEXT() REPRESENTATION_CONTEXT('2D SPACE',''
  ) );
#10189 = ORIENTED_EDGE('',*,*,#10190,.T.);
#10190 = EDGE_CURVE('',#10168,#10191,#10193,.T.);
#10191 = VERTEX_POINT('',#10192);
#10192 = CARTESIAN_POINT('',(14.6,-14.6,148.));
#10193 = SURFACE_CURVE('',#10194,(#10198,#10205),.PCURVE_S1.);
#10194 = LINE('',#10195,#10196);
#10195 = CARTESIAN_POINT('',(-14.6,-14.6,148.));
#10196 = VECTOR('',#10197,1.);
#10197 = DIRECTION('',(1.,0.,0.));
#10198 = PCURVE('',#8272,#10199);
#10199 = DEFINITIONAL_REPRESENTATION('',(#10200),#10204);
#10200 = LINE('',#10201,#10202);
#10201 = CARTESIAN_POINT('',(0.,-30.));
#10202 = VECTOR('',#10203,1.);
#10203 = DIRECTION('',(1.,0.));
#10204 = ( GEOMETRIC_REPRESENTATION_CONTEXT(2) 
PARAMETRIC_REPRESENTATION_CONTEXT() REPRESENTATION_CONTEXT('2D SPACE',''
  ) );
#10205 = PCURVE('',#10206,#10211);
#10206 = PLANE('',#10207);
#10207 = AXIS2_PLACEMENT_3D('',#10208,#10209,#10210);
#10208 = CARTESIAN_POINT('',(4.86673106685E-16,-4.86673106685E-16,148.)
  );
#10209 = DIRECTION('',(0.,0.,1.));
#10210 = DIRECTION('',(1.,0.,-0.));
#10211 = DEFINITIONAL_REPRESENTATION('',(#10212),#10216);
#10212 = LINE('',#10213,#10214);
#10213 = CARTESIAN_POINT('',(-14.6,-14.6));
#10214 = VECTOR('',#10215,1.);
#10215 = DIRECTION('',(1.,0.));
#10216 = ( GEOMETRIC_REPRESENTATION_CONTEXT(2) 
PARAMETRIC_REPRESENTATION_CONTEXT() REPRESENTATION_CONTEXT('2D SPACE',''
  ) );
#10217 = ORIENTED_EDGE('',*,*,#10218,.F.);
#10218 = EDGE_CURVE('',#8257,#10191,#10219,.T.);
#10219 = SURFACE_CURVE('',#10220,(#10224,#10231),.PCURVE_S1.);
#10220 = LINE('',#10221,#10222);
#10221 = CARTESIAN_POINT('',(14.6,-14.6,118.));
#10222 = VECTOR('',#10223,1.);
#10223 = DIRECTION('',(0.,0.,1.));
#10224 = PCURVE('',#8272,#10225);
#10225 = DEFINITIONAL_REPRESENTATION('',(#10226),#10230);
#10226 = LINE('',#10227,#10228);
#10227 = CARTESIAN_POINT('',(29.2,0.));
#10228 = VECTOR('',#10229,1.);
#10229 = DIRECTION('',(0.,-1.));
#10230 = ( GEOMETRIC_REPRESENTATION_CONTEXT(2) 
PARAMETRIC_REPRESENTATION_CONTEXT() REPRESENTATION_CONTEXT('2D SPACE',''
  ) );
#10231 = PCURVE('',#8354,#10232);
#10232 = DEFINITIONAL_REPRESENTATION('',(#10233),#10237);
#10233 = LINE('',#10234,#10235);
#10234 = CARTESIAN_POINT('',(0.,0.));
#10235 = VECTOR('',#10236,1.);
#10236 = DIRECTION('',(0.,-1.));
#10237 = ( GEOMETRIC_REPRESENTATION_CONTEXT(2) 
PARAMETRIC_REPRESENTATION_CONTEXT() REPRESENTATION_CONTEXT('2D SPACE',''
  ) );
#10238 = ORIENTED_EDGE('',*,*,#8254,.F.);
#10239 = ADVANCED_FACE('',(#10240,#10288),#8354,.F.);
#10240 = FACE_BOUND('',#10241,.F.);
#10241 = EDGE_LOOP('',(#10242,#10243,#10266,#10287));
#10242 = ORIENTED_EDGE('',*,*,#10218,.T.);
#10243 = ORIENTED_EDGE('',*,*,#10244,.T.);
#10244 = EDGE_CURVE('',#10191,#10245,#10247,.T.);
#10245 = VERTEX_POINT('',#10246);
#10246 = CARTESIAN_POINT('',(14.6,14.6,148.));
#10247 = SURFACE_CURVE('',#10248,(#10252,#10259),.PCURVE_S1.);
#10248 = LINE('',#10249,#10250);
#10249 = CARTESIAN_POINT('',(14.6,-14.6,148.));
#10250 = VECTOR('',#10251,1.);
#10251 = DIRECTION('',(0.,1.,0.));
#10252 = PCURVE('',#8354,#10253);
#10253 = DEFINITIONAL_REPRESENTATION('',(#10254),#10258);
#10254 = LINE('',#10255,#10256);
#10255 = CARTESIAN_POINT('',(0.,-30.));
#10256 = VECTOR('',#10257,1.);
#10257 = DIRECTION('',(1.,0.));
#10258 = ( GEOMETRIC_REPRESENTATION_CONTEXT(2) 
PARAMETRIC_REPRESENTATION_CONTEXT() REPRESENTATION_CONTEXT('2D SPACE',''
  ) );
#10259 = PCURVE('',#10206,#10260);
#10260 = DEFINITIONAL_REPRESENTATION('',(#10261),#10265);
#10261 = LINE('',#10262,#10263);
#10262 = CARTESIAN_POINT('',(14.6,-14.6));
#10263 = VECTOR('',#10264,1.);
#10264 = DIRECTION('',(0.,1.));
#10265 = ( GEOMETRIC_REPRESENTATION_CONTEXT(2) 
PARAMETRIC_REPRESENTATION_CONTEXT() REPRESENTATION_CONTEXT('2D SPACE',''
  ) );
#10266 = ORIENTED_EDGE('',*,*,#10267,.F.);
#10267 = EDGE_CURVE('',#8313,#10245,#10268,.T.);
#10268 = SURFACE_CURVE('',#10269,(#10273,#10280),.PCURVE_S1.);
#10269 = LINE('',#10270,#10271);
#10270 = CARTESIAN_POINT('',(14.6,14.6,118.));
#10271 = VECTOR('',#10272,1.);
#10272 = DIRECTION('',(0.,0.,1.));
#10273 = PCURVE('',#8354,#10274);
#10274 = DEFINITIONAL_REPRESENTATION('',(#10275),#10279);
#10275 = LINE('',#10276,#10277);
#10276 = CARTESIAN_POINT('',(29.2,0.));
#10277 = VECTOR('',#10278,1.);
#10278 = DIRECTION('',(0.,-1.));
#10279 = ( GEOMETRIC_REPRESENTATION_CONTEXT(2) 
PARAMETRIC_REPRESENTATION_CONTEXT() REPRESENTATION_CONTEXT('2D SPACE',''
  ) );
#10280 = PCURVE('',#8328,#10281);
#10281 = DEFINITIONAL_REPRESENTATION('',(#10282),#10286);
#10282 = LINE('',#10283,#10284);
#10283 = CARTESIAN_POINT('',(0.,-0.));
#10284 = VECTOR('',#10285,1.);
#10285 = DIRECTION('',(0.,-1.));
#10286 = ( GEOMETRIC_REPRESENTATION_CONTEXT(2) 
PARAMETRIC_REPRESENTATION_CONTEXT() REPRESENTATION_CONTEXT('2D SPACE',''
  ) );
#10287 = ORIENTED_EDGE('',*,*,#8340,.F.);
#10288 = FACE_BOUND('',#10289,.F.);
#10289 = EDGE_LOOP('',(#10290));
#10290 = ORIENTED_EDGE('',*,*,#10291,.F.);
#10291 = EDGE_CURVE('',#10292,#10292,#10294,.T.);
#10292 = VERTEX_POINT('',#10293);
#10293 = CARTESIAN_POINT('',(14.6,2.2,133.));
#10294 = SURFACE_CURVE('',#10295,(#10300,#10307),.PCURVE_S1.);
#10295 = CIRCLE('',#10296,2.2);
#10296 = AXIS2_PLACEMENT_3D('',#10297,#10298,#10299);
#10297 = CARTESIAN_POINT('',(14.6,0.,133.));
#10298 = DIRECTION('',(-1.,0.,0.));
#10299 = DIRECTION('',(0.,1.,0.));
#10300 = PCURVE('',#8354,#10301);
#10301 = DEFINITIONAL_REPRESENTATION('',(#10302),#10306);
#10302 = CIRCLE('',#10303,2.2);
#10303 = AXIS2_PLACEMENT_2D('',#10304,#10305);
#10304 = CARTESIAN_POINT('',(14.6,-15.));
#10305 = DIRECTION('',(1.,0.));
#10306 = ( GEOMETRIC_REPRESENTATION_CONTEXT(2) 
PARAMETRIC_REPRESENTATION_CONTEXT() REPRESENTATION_CONTEXT('2D SPACE',''
  ) );
#10307 = PCURVE('',#10308,#10313);
#10308 = CYLINDRICAL_SURFACE('',#10309,2.2);
#10309 = AXIS2_PLACEMENT_3D('',#10310,#10311,#10312);
#10310 = CARTESIAN_POINT('',(-40.,0.,133.));
#10311 = DIRECTION('',(-1.,-0.,-0.));
#10312 = DIRECTION('',(0.,1.,0.));
#10313 = DEFINITIONAL_REPRESENTATION('',(#10314),#10318);
#10314 = LINE('',#10315,#10316);
#10315 = CARTESIAN_POINT('',(-6.28318530718,-54.6));
#10316 = VECTOR('',#10317,1.);
#10317 = DIRECTION('',(1.,-0.));
#10318 = ( GEOMETRIC_REPRESENTATION_CONTEXT(2) 
PARAMETRIC_REPRESENTATION_CONTEXT() REPRESENTATION_CONTEXT('2D SPACE',''
  ) );
#10319 = ADVANCED_FACE('',(#10320),#8328,.F.);
#10320 = FACE_BOUND('',#10321,.F.);
#10321 = EDGE_LOOP('',(#10322,#10323,#10346,#10367));
#10322 = ORIENTED_EDGE('',*,*,#10267,.T.);
#10323 = ORIENTED_EDGE('',*,*,#10324,.T.);
#10324 = EDGE_CURVE('',#10245,#10325,#10327,.T.);
#10325 = VERTEX_POINT('',#10326);
#10326 = CARTESIAN_POINT('',(-14.6,14.6,148.));
#10327 = SURFACE_CURVE('',#10328,(#10332,#10339),.PCURVE_S1.);
#10328 = LINE('',#10329,#10330);
#10329 = CARTESIAN_POINT('',(14.6,14.6,148.));
#10330 = VECTOR('',#10331,1.);
#10331 = DIRECTION('',(-1.,0.,0.));
#10332 = PCURVE('',#8328,#10333);
#10333 = DEFINITIONAL_REPRESENTATION('',(#10334),#10338);
#10334 = LINE('',#10335,#10336);
#10335 = CARTESIAN_POINT('',(0.,-30.));
#10336 = VECTOR('',#10337,1.);
#10337 = DIRECTION('',(1.,0.));
#10338 = ( GEOMETRIC_REPRESENTATION_CONTEXT(2) 
PARAMETRIC_REPRESENTATION_CONTEXT() REPRESENTATION_CONTEXT('2D SPACE',''
  ) );
#10339 = PCURVE('',#10206,#10340);
#10340 = DEFINITIONAL_REPRESENTATION('',(#10341),#10345);
#10341 = LINE('',#10342,#10343);
#10342 = CARTESIAN_POINT('',(14.6,14.6));
#10343 = VECTOR('',#10344,1.);
#10344 = DIRECTION('',(-1.,0.));
#10345 = ( GEOMETRIC_REPRESENTATION_CONTEXT(2) 
PARAMETRIC_REPRESENTATION_CONTEXT() REPRESENTATION_CONTEXT('2D SPACE',''
  ) );
#10346 = ORIENTED_EDGE('',*,*,#10347,.F.);
#10347 = EDGE_CURVE('',#8285,#10325,#10348,.T.);
#10348 = SURFACE_CURVE('',#10349,(#10353,#10360),.PCURVE_S1.);
#10349 = LINE('',#10350,#10351);
#10350 = CARTESIAN_POINT('',(-14.6,14.6,118.));
#10351 = VECTOR('',#10352,1.);
#10352 = DIRECTION('',(0.,0.,1.));
#10353 = PCURVE('',#8328,#10354);
#10354 = DEFINITIONAL_REPRESENTATION('',(#10355),#10359);
#10355 = LINE('',#10356,#10357);
#10356 = CARTESIAN_POINT('',(29.2,0.));
#10357 = VECTOR('',#10358,1.);
#10358 = DIRECTION('',(0.,-1.));
#10359 = ( GEOMETRIC_REPRESENTATION_CONTEXT(2) 
PARAMETRIC_REPRESENTATION_CONTEXT() REPRESENTATION_CONTEXT('2D SPACE',''
  ) );
#10360 = PCURVE('',#8300,#10361);
#10361 = DEFINITIONAL_REPRESENTATION('',(#10362),#10366);
#10362 = LINE('',#10363,#10364);
#10363 = CARTESIAN_POINT('',(0.,0.));
#10364 = VECTOR('',#10365,1.);
#10365 = DIRECTION('',(0.,-1.));
#10366 = ( GEOMETRIC_REPRESENTATION_CONTEXT(2) 
PARAMETRIC_REPRESENTATION_CONTEXT() REPRESENTATION_CONTEXT('2D SPACE',''
  ) );
#10367 = ORIENTED_EDGE('',*,*,#8312,.F.);
#10368 = ADVANCED_FACE('',(#10369,#10395),#8300,.F.);
#10369 = FACE_BOUND('',#10370,.F.);
#10370 = EDGE_LOOP('',(#10371,#10372,#10393,#10394));
#10371 = ORIENTED_EDGE('',*,*,#10347,.T.);
#10372 = ORIENTED_EDGE('',*,*,#10373,.T.);
#10373 = EDGE_CURVE('',#10325,#10168,#10374,.T.);
#10374 = SURFACE_CURVE('',#10375,(#10379,#10386),.PCURVE_S1.);
#10375 = LINE('',#10376,#10377);
#10376 = CARTESIAN_POINT('',(-14.6,14.6,148.));
#10377 = VECTOR('',#10378,1.);
#10378 = DIRECTION('',(0.,-1.,0.));
#10379 = PCURVE('',#8300,#10380);
#10380 = DEFINITIONAL_REPRESENTATION('',(#10381),#10385);
#10381 = LINE('',#10382,#10383);
#10382 = CARTESIAN_POINT('',(0.,-30.));
#10383 = VECTOR('',#10384,1.);
#10384 = DIRECTION('',(1.,0.));
#10385 = ( GEOMETRIC_REPRESENTATION_CONTEXT(2) 
PARAMETRIC_REPRESENTATION_CONTEXT() REPRESENTATION_CONTEXT('2D SPACE',''
  ) );
#10386 = PCURVE('',#10206,#10387);
#10387 = DEFINITIONAL_REPRESENTATION('',(#10388),#10392);
#10388 = LINE('',#10389,#10390);
#10389 = CARTESIAN_POINT('',(-14.6,14.6));
#10390 = VECTOR('',#10391,1.);
#10391 = DIRECTION('',(0.,-1.));
#10392 = ( GEOMETRIC_REPRESENTATION_CONTEXT(2) 
PARAMETRIC_REPRESENTATION_CONTEXT() REPRESENTATION_CONTEXT('2D SPACE',''
  ) );
#10393 = ORIENTED_EDGE('',*,*,#10167,.F.);
#10394 = ORIENTED_EDGE('',*,*,#8284,.F.);
#10395 = FACE_BOUND('',#10396,.F.);
#10396 = EDGE_LOOP('',(#10397));
#10397 = ORIENTED_EDGE('',*,*,#10398,.T.);
#10398 = EDGE_CURVE('',#10399,#10399,#10401,.T.);
#10399 = VERTEX_POINT('',#10400);
#10400 = CARTESIAN_POINT('',(-14.6,2.2,133.));
#10401 = SURFACE_CURVE('',#10402,(#10407,#10418),.PCURVE_S1.);
#10402 = CIRCLE('',#10403,2.2);
#10403 = AXIS2_PLACEMENT_3D('',#10404,#10405,#10406);
#10404 = CARTESIAN_POINT('',(-14.6,0.,133.));
#10405 = DIRECTION('',(-1.,0.,0.));
#10406 = DIRECTION('',(0.,1.,0.));
#10407 = PCURVE('',#8300,#10408);
#10408 = DEFINITIONAL_REPRESENTATION('',(#10409),#10417);
#10409 = ( BOUNDED_CURVE() B_SPLINE_CURVE(2,(#10410,#10411,#10412,#10413
    ,#10414,#10415,#10416),.UNSPECIFIED.,.T.,.F.) 
B_SPLINE_CURVE_WITH_KNOTS((1,2,2,2,2,1),(-2.094395102393,0.,
    2.094395102393,4.188790204786,6.28318530718,8.377580409573),
.UNSPECIFIED.) CURVE() GEOMETRIC_REPRESENTATION_ITEM() 
RATIONAL_B_SPLINE_CURVE((1.,0.5,1.,0.5,1.,0.5,1.)) REPRESENTATION_ITEM(
  '') );
#10410 = CARTESIAN_POINT('',(12.4,-15.));
#10411 = CARTESIAN_POINT('',(12.4,-11.18948822334));
#10412 = CARTESIAN_POINT('',(15.7,-13.09474411167));
#10413 = CARTESIAN_POINT('',(19.,-15.));
#10414 = CARTESIAN_POINT('',(15.7,-16.90525588832));
#10415 = CARTESIAN_POINT('',(12.4,-18.81051177665));
#10416 = CARTESIAN_POINT('',(12.4,-15.));
#10417 = ( GEOMETRIC_REPRESENTATION_CONTEXT(2) 
PARAMETRIC_REPRESENTATION_CONTEXT() REPRESENTATION_CONTEXT('2D SPACE',''
  ) );
#10418 = PCURVE('',#10419,#10424);
#10419 = CYLINDRICAL_SURFACE('',#10420,2.2);
#10420 = AXIS2_PLACEMENT_3D('',#10421,#10422,#10423);
#10421 = CARTESIAN_POINT('',(-40.,0.,133.));
#10422 = DIRECTION('',(-1.,-0.,-0.));
#10423 = DIRECTION('',(0.,1.,0.));
#10424 = DEFINITIONAL_REPRESENTATION('',(#10425),#10429);
#10425 = LINE('',#10426,#10427);
#10426 = CARTESIAN_POINT('',(-6.28318530718,-25.4));
#10427 = VECTOR('',#10428,1.);
#10428 = DIRECTION('',(1.,-0.));
#10429 = ( GEOMETRIC_REPRESENTATION_CONTEXT(2) 
PARAMETRIC_REPRESENTATION_CONTEXT() REPRESENTATION_CONTEXT('2D SPACE',''
  ) );
#10430 = ADVANCED_FACE('',(#10431),#8476,.F.);
#10431 = FACE_BOUND('',#10432,.F.);
#10432 = EDGE_LOOP('',(#10433,#10434,#10435,#10462));
#10433 = ORIENTED_EDGE('',*,*,#8461,.F.);
#10434 = ORIENTED_EDGE('',*,*,#8885,.T.);
#10435 = ORIENTED_EDGE('',*,*,#10436,.T.);
#10436 = EDGE_CURVE('',#8886,#9608,#10437,.T.);
#10437 = SURFACE_CURVE('',#10438,(#10443,#10450),.PCURVE_S1.);
#10438 = ELLIPSE('',#10439,15.454813220625,4.);
#10439 = AXIS2_PLACEMENT_3D('',#10440,#10441,#10442);
#10440 = CARTESIAN_POINT('',(64.,20.,47.545186779375));
#10441 = DIRECTION('',(0.,1.,0.));
#10442 = DIRECTION('',(0.,-0.,1.));
#10443 = PCURVE('',#8476,#10444);
#10444 = DEFINITIONAL_REPRESENTATION('',(#10445),#10449);
#10445 = ELLIPSE('',#10446,15.454813220625,4.);
#10446 = AXIS2_PLACEMENT_2D('',#10447,#10448);
#10447 = CARTESIAN_POINT('',(134.54518677937,142.));
#10448 = DIRECTION('',(1.,0.));
#10449 = ( GEOMETRIC_REPRESENTATION_CONTEXT(2) 
PARAMETRIC_REPRESENTATION_CONTEXT() REPRESENTATION_CONTEXT('2D SPACE',''
  ) );
#10450 = PCURVE('',#8925,#10451);
#10451 = DEFINITIONAL_REPRESENTATION('',(#10452),#10461);
#10452 = B_SPLINE_CURVE_WITH_KNOTS('',7,(#10453,#10454,#10455,#10456,
    #10457,#10458,#10459,#10460),.UNSPECIFIED.,.F.,.F.,(8,8),(0.,
    0.929697841638),.PIECEWISE_BEZIER_KNOTS.);
#10453 = CARTESIAN_POINT('',(0.,6.));
#10454 = CARTESIAN_POINT('',(0.132813977377,6.));
#10455 = CARTESIAN_POINT('',(0.265627954754,5.692785085115));
#10456 = CARTESIAN_POINT('',(0.39844193213,5.07835758893));
#10457 = CARTESIAN_POINT('',(0.531255909507,4.169985134436));
#10458 = CARTESIAN_POINT('',(0.664069886884,2.994247031052));
#10459 = CARTESIAN_POINT('',(0.796883864261,1.588992227776));
#10460 = CARTESIAN_POINT('',(0.929697841638,-6.000000070117E-07));
#10461 = ( GEOMETRIC_REPRESENTATION_CONTEXT(2) 
PARAMETRIC_REPRESENTATION_CONTEXT() REPRESENTATION_CONTEXT('2D SPACE',''
  ) );
#10462 = ORIENTED_EDGE('',*,*,#9607,.T.);
#10463 = ADVANCED_FACE('',(#10464),#8594,.F.);
#10464 = FACE_BOUND('',#10465,.T.);
#10465 = EDGE_LOOP('',(#10466,#10490,#10511,#10512));
#10466 = ORIENTED_EDGE('',*,*,#10467,.T.);
#10467 = EDGE_CURVE('',#10468,#10468,#10470,.T.);
#10468 = VERTEX_POINT('',#10469);
#10469 = CARTESIAN_POINT('',(15.,2.2,15.));
#10470 = SURFACE_CURVE('',#10471,(#10476,#10483),.PCURVE_S1.);
#10471 = CIRCLE('',#10472,2.2);
#10472 = AXIS2_PLACEMENT_3D('',#10473,#10474,#10475);
#10473 = CARTESIAN_POINT('',(15.,0.,15.));
#10474 = DIRECTION('',(-1.,0.,0.));
#10475 = DIRECTION('',(0.,1.,0.));
#10476 = PCURVE('',#8594,#10477);
#10477 = DEFINITIONAL_REPRESENTATION('',(#10478),#10482);
#10478 = LINE('',#10479,#10480);
#10479 = CARTESIAN_POINT('',(-6.28318530718,-55.));
#10480 = VECTOR('',#10481,1.);
#10481 = DIRECTION('',(1.,-0.));
#10482 = ( GEOMETRIC_REPRESENTATION_CONTEXT(2) 
PARAMETRIC_REPRESENTATION_CONTEXT() REPRESENTATION_CONTEXT('2D SPACE',''
  ) );
#10483 = PCURVE('',#8735,#10484);
#10484 = DEFINITIONAL_REPRESENTATION('',(#10485),#10489);
#10485 = CIRCLE('',#10486,2.2);
#10486 = AXIS2_PLACEMENT_2D('',#10487,#10488);
#10487 = CARTESIAN_POINT('',(15.,-15.0000002));
#10488 = DIRECTION('',(1.,0.));
#10489 = ( GEOMETRIC_REPRESENTATION_CONTEXT(2) 
PARAMETRIC_REPRESENTATION_CONTEXT() REPRESENTATION_CONTEXT('2D SPACE',''
  ) );
#10490 = ORIENTED_EDGE('',*,*,#10491,.T.);
#10491 = EDGE_CURVE('',#10468,#8578,#10492,.T.);
#10492 = SEAM_CURVE('',#10493,(#10497,#10504),.PCURVE_S1.);
#10493 = LINE('',#10494,#10495);
#10494 = CARTESIAN_POINT('',(-40.,2.2,15.));
#10495 = VECTOR('',#10496,1.);
#10496 = DIRECTION('',(1.,0.,0.));
#10497 = PCURVE('',#8594,#10498);
#10498 = DEFINITIONAL_REPRESENTATION('',(#10499),#10503);
#10499 = LINE('',#10500,#10501);
#10500 = CARTESIAN_POINT('',(-6.28318530718,0.));
#10501 = VECTOR('',#10502,1.);
#10502 = DIRECTION('',(-0.,-1.));
#10503 = ( GEOMETRIC_REPRESENTATION_CONTEXT(2) 
PARAMETRIC_REPRESENTATION_CONTEXT() REPRESENTATION_CONTEXT('2D SPACE',''
  ) );
#10504 = PCURVE('',#8594,#10505);
#10505 = DEFINITIONAL_REPRESENTATION('',(#10506),#10510);
#10506 = LINE('',#10507,#10508);
#10507 = CARTESIAN_POINT('',(-0.,0.));
#10508 = VECTOR('',#10509,1.);
#10509 = DIRECTION('',(-0.,-1.));
#10510 = ( GEOMETRIC_REPRESENTATION_CONTEXT(2) 
PARAMETRIC_REPRESENTATION_CONTEXT() REPRESENTATION_CONTEXT('2D SPACE',''
  ) );
#10511 = ORIENTED_EDGE('',*,*,#8577,.F.);
#10512 = ORIENTED_EDGE('',*,*,#10491,.F.);
#10513 = ADVANCED_FACE('',(#10514),#8653,.T.);
#10514 = FACE_BOUND('',#10515,.T.);
#10515 = EDGE_LOOP('',(#10516,#10517,#10540,#10567));
#10516 = ORIENTED_EDGE('',*,*,#8635,.F.);
#10517 = ORIENTED_EDGE('',*,*,#10518,.T.);
#10518 = EDGE_CURVE('',#8636,#10519,#10521,.T.);
#10519 = VERTEX_POINT('',#10520);
#10520 = CARTESIAN_POINT('',(-15.,-15.,114.));
#10521 = SURFACE_CURVE('',#10522,(#10526,#10533),.PCURVE_S1.);
#10522 = LINE('',#10523,#10524);
#10523 = CARTESIAN_POINT('',(-15.,-15.,-1.999999881264E-07));
#10524 = VECTOR('',#10525,1.);
#10525 = DIRECTION('',(0.,0.,1.));
#10526 = PCURVE('',#8653,#10527);
#10527 = DEFINITIONAL_REPRESENTATION('',(#10528),#10532);
#10528 = LINE('',#10529,#10530);
#10529 = CARTESIAN_POINT('',(0.,0.));
#10530 = VECTOR('',#10531,1.);
#10531 = DIRECTION('',(0.,-1.));
#10532 = ( GEOMETRIC_REPRESENTATION_CONTEXT(2) 
PARAMETRIC_REPRESENTATION_CONTEXT() REPRESENTATION_CONTEXT('2D SPACE',''
  ) );
#10533 = PCURVE('',#8681,#10534);
#10534 = DEFINITIONAL_REPRESENTATION('',(#10535),#10539);
#10535 = LINE('',#10536,#10537);
#10536 = CARTESIAN_POINT('',(30.,0.));
#10537 = VECTOR('',#10538,1.);
#10538 = DIRECTION('',(0.,-1.));
#10539 = ( GEOMETRIC_REPRESENTATION_CONTEXT(2) 
PARAMETRIC_REPRESENTATION_CONTEXT() REPRESENTATION_CONTEXT('2D SPACE',''
  ) );
#10540 = ORIENTED_EDGE('',*,*,#10541,.F.);
#10541 = EDGE_CURVE('',#10542,#10519,#10544,.T.);
#10542 = VERTEX_POINT('',#10543);
#10543 = CARTESIAN_POINT('',(15.,-15.,114.));
#10544 = SURFACE_CURVE('',#10545,(#10549,#10555),.PCURVE_S1.);
#10545 = LINE('',#10546,#10547);
#10546 = CARTESIAN_POINT('',(-7.5,-15.,114.));
#10547 = VECTOR('',#10548,1.);
#10548 = DIRECTION('',(-1.,0.,0.));
#10549 = PCURVE('',#8653,#10550);
#10550 = DEFINITIONAL_REPRESENTATION('',(#10551),#10554);
#10551 = B_SPLINE_CURVE_WITH_KNOTS('',1,(#10552,#10553),.UNSPECIFIED.,
  .F.,.F.,(2,2),(-22.5,7.5),.PIECEWISE_BEZIER_KNOTS.);
#10552 = CARTESIAN_POINT('',(30.,-114.0000002));
#10553 = CARTESIAN_POINT('',(0.,-114.0000002));
#10554 = ( GEOMETRIC_REPRESENTATION_CONTEXT(2) 
PARAMETRIC_REPRESENTATION_CONTEXT() REPRESENTATION_CONTEXT('2D SPACE',''
  ) );
#10555 = PCURVE('',#10556,#10561);
#10556 = PLANE('',#10557);
#10557 = AXIS2_PLACEMENT_3D('',#10558,#10559,#10560);
#10558 = CARTESIAN_POINT('',(0.,0.,114.));
#10559 = DIRECTION('',(0.,0.,1.));
#10560 = DIRECTION('',(1.,0.,-0.));
#10561 = DEFINITIONAL_REPRESENTATION('',(#10562),#10566);
#10562 = LINE('',#10563,#10564);
#10563 = CARTESIAN_POINT('',(-7.5,-15.));
#10564 = VECTOR('',#10565,1.);
#10565 = DIRECTION('',(-1.,0.));
#10566 = ( GEOMETRIC_REPRESENTATION_CONTEXT(2) 
PARAMETRIC_REPRESENTATION_CONTEXT() REPRESENTATION_CONTEXT('2D SPACE',''
  ) );
#10567 = ORIENTED_EDGE('',*,*,#10568,.F.);
#10568 = EDGE_CURVE('',#8638,#10542,#10569,.T.);
#10569 = SURFACE_CURVE('',#10570,(#10574,#10581),.PCURVE_S1.);
#10570 = LINE('',#10571,#10572);
#10571 = CARTESIAN_POINT('',(15.,-15.,-1.999999881264E-07));
#10572 = VECTOR('',#10573,1.);
#10573 = DIRECTION('',(0.,0.,1.));
#10574 = PCURVE('',#8653,#10575);
#10575 = DEFINITIONAL_REPRESENTATION('',(#10576),#10580);
#10576 = LINE('',#10577,#10578);
#10577 = CARTESIAN_POINT('',(30.,0.));
#10578 = VECTOR('',#10579,1.);
#10579 = DIRECTION('',(0.,-1.));
#10580 = ( GEOMETRIC_REPRESENTATION_CONTEXT(2) 
PARAMETRIC_REPRESENTATION_CONTEXT() REPRESENTATION_CONTEXT('2D SPACE',''
  ) );
#10581 = PCURVE('',#8735,#10582);
#10582 = DEFINITIONAL_REPRESENTATION('',(#10583),#10587);
#10583 = LINE('',#10584,#10585);
#10584 = CARTESIAN_POINT('',(0.,0.));
#10585 = VECTOR('',#10586,1.);
#10586 = DIRECTION('',(0.,-1.));
#10587 = ( GEOMETRIC_REPRESENTATION_CONTEXT(2) 
PARAMETRIC_REPRESENTATION_CONTEXT() REPRESENTATION_CONTEXT('2D SPACE',''
  ) );
#10588 = ADVANCED_FACE('',(#10589,#10636),#8735,.T.);
#10589 = FACE_BOUND('',#10590,.T.);
#10590 = EDGE_LOOP('',(#10591,#10592,#10593,#10615));
#10591 = ORIENTED_EDGE('',*,*,#8721,.F.);
#10592 = ORIENTED_EDGE('',*,*,#10568,.T.);
#10593 = ORIENTED_EDGE('',*,*,#10594,.F.);
#10594 = EDGE_CURVE('',#10595,#10542,#10597,.T.);
#10595 = VERTEX_POINT('',#10596);
#10596 = CARTESIAN_POINT('',(15.,15.,114.));
#10597 = SURFACE_CURVE('',#10598,(#10602,#10608),.PCURVE_S1.);
#10598 = LINE('',#10599,#10600);
#10599 = CARTESIAN_POINT('',(15.,-7.5,114.));
#10600 = VECTOR('',#10601,1.);
#10601 = DIRECTION('',(0.,-1.,0.));
#10602 = PCURVE('',#8735,#10603);
#10603 = DEFINITIONAL_REPRESENTATION('',(#10604),#10607);
#10604 = B_SPLINE_CURVE_WITH_KNOTS('',1,(#10605,#10606),.UNSPECIFIED.,
  .F.,.F.,(2,2),(-22.5,7.5),.PIECEWISE_BEZIER_KNOTS.);
#10605 = CARTESIAN_POINT('',(30.,-114.0000002));
#10606 = CARTESIAN_POINT('',(0.,-114.0000002));
#10607 = ( GEOMETRIC_REPRESENTATION_CONTEXT(2) 
PARAMETRIC_REPRESENTATION_CONTEXT() REPRESENTATION_CONTEXT('2D SPACE',''
  ) );
#10608 = PCURVE('',#10556,#10609);
#10609 = DEFINITIONAL_REPRESENTATION('',(#10610),#10614);
#10610 = LINE('',#10611,#10612);
#10611 = CARTESIAN_POINT('',(15.,-7.5));
#10612 = VECTOR('',#10613,1.);
#10613 = DIRECTION('',(0.,-1.));
#10614 = ( GEOMETRIC_REPRESENTATION_CONTEXT(2) 
PARAMETRIC_REPRESENTATION_CONTEXT() REPRESENTATION_CONTEXT('2D SPACE',''
  ) );
#10615 = ORIENTED_EDGE('',*,*,#10616,.F.);
#10616 = EDGE_CURVE('',#8694,#10595,#10617,.T.);
#10617 = SURFACE_CURVE('',#10618,(#10622,#10629),.PCURVE_S1.);
#10618 = LINE('',#10619,#10620);
#10619 = CARTESIAN_POINT('',(15.,15.,-1.999999881264E-07));
#10620 = VECTOR('',#10621,1.);
#10621 = DIRECTION('',(0.,0.,1.));
#10622 = PCURVE('',#8735,#10623);
#10623 = DEFINITIONAL_REPRESENTATION('',(#10624),#10628);
#10624 = LINE('',#10625,#10626);
#10625 = CARTESIAN_POINT('',(30.,0.));
#10626 = VECTOR('',#10627,1.);
#10627 = DIRECTION('',(0.,-1.));
#10628 = ( GEOMETRIC_REPRESENTATION_CONTEXT(2) 
PARAMETRIC_REPRESENTATION_CONTEXT() REPRESENTATION_CONTEXT('2D SPACE',''
  ) );
#10629 = PCURVE('',#8709,#10630);
#10630 = DEFINITIONAL_REPRESENTATION('',(#10631),#10635);
#10631 = LINE('',#10632,#10633);
#10632 = CARTESIAN_POINT('',(0.,-0.));
#10633 = VECTOR('',#10634,1.);
#10634 = DIRECTION('',(0.,-1.));
#10635 = ( GEOMETRIC_REPRESENTATION_CONTEXT(2) 
PARAMETRIC_REPRESENTATION_CONTEXT() REPRESENTATION_CONTEXT('2D SPACE',''
  ) );
#10636 = FACE_BOUND('',#10637,.T.);
#10637 = EDGE_LOOP('',(#10638));
#10638 = ORIENTED_EDGE('',*,*,#10467,.F.);
#10639 = ADVANCED_FACE('',(#10640,#10687),#8709,.T.);
#10640 = FACE_BOUND('',#10641,.T.);
#10641 = EDGE_LOOP('',(#10642,#10643,#10644,#10666));
#10642 = ORIENTED_EDGE('',*,*,#8693,.F.);
#10643 = ORIENTED_EDGE('',*,*,#10616,.T.);
#10644 = ORIENTED_EDGE('',*,*,#10645,.F.);
#10645 = EDGE_CURVE('',#10646,#10595,#10648,.T.);
#10646 = VERTEX_POINT('',#10647);
#10647 = CARTESIAN_POINT('',(-15.,15.,114.));
#10648 = SURFACE_CURVE('',#10649,(#10653,#10659),.PCURVE_S1.);
#10649 = LINE('',#10650,#10651);
#10650 = CARTESIAN_POINT('',(7.5,15.,114.));
#10651 = VECTOR('',#10652,1.);
#10652 = DIRECTION('',(1.,0.,-0.));
#10653 = PCURVE('',#8709,#10654);
#10654 = DEFINITIONAL_REPRESENTATION('',(#10655),#10658);
#10655 = B_SPLINE_CURVE_WITH_KNOTS('',1,(#10656,#10657),.UNSPECIFIED.,
  .F.,.F.,(2,2),(-22.5,7.5),.PIECEWISE_BEZIER_KNOTS.);
#10656 = CARTESIAN_POINT('',(30.,-114.0000002));
#10657 = CARTESIAN_POINT('',(0.,-114.0000002));
#10658 = ( GEOMETRIC_REPRESENTATION_CONTEXT(2) 
PARAMETRIC_REPRESENTATION_CONTEXT() REPRESENTATION_CONTEXT('2D SPACE',''
  ) );
#10659 = PCURVE('',#10556,#10660);
#10660 = DEFINITIONAL_REPRESENTATION('',(#10661),#10665);
#10661 = LINE('',#10662,#10663);
#10662 = CARTESIAN_POINT('',(7.5,15.));
#10663 = VECTOR('',#10664,1.);
#10664 = DIRECTION('',(1.,0.));
#10665 = ( GEOMETRIC_REPRESENTATION_CONTEXT(2) 
PARAMETRIC_REPRESENTATION_CONTEXT() REPRESENTATION_CONTEXT('2D SPACE',''
  ) );
#10666 = ORIENTED_EDGE('',*,*,#10667,.F.);
#10667 = EDGE_CURVE('',#8666,#10646,#10668,.T.);
#10668 = SURFACE_CURVE('',#10669,(#10673,#10680),.PCURVE_S1.);
#10669 = LINE('',#10670,#10671);
#10670 = CARTESIAN_POINT('',(-15.,15.,-1.999999881264E-07));
#10671 = VECTOR('',#10672,1.);
#10672 = DIRECTION('',(0.,0.,1.));
#10673 = PCURVE('',#8709,#10674);
#10674 = DEFINITIONAL_REPRESENTATION('',(#10675),#10679);
#10675 = LINE('',#10676,#10677);
#10676 = CARTESIAN_POINT('',(30.,0.));
#10677 = VECTOR('',#10678,1.);
#10678 = DIRECTION('',(0.,-1.));
#10679 = ( GEOMETRIC_REPRESENTATION_CONTEXT(2) 
PARAMETRIC_REPRESENTATION_CONTEXT() REPRESENTATION_CONTEXT('2D SPACE',''
  ) );
#10680 = PCURVE('',#8681,#10681);
#10681 = DEFINITIONAL_REPRESENTATION('',(#10682),#10686);
#10682 = LINE('',#10683,#10684);
#10683 = CARTESIAN_POINT('',(0.,0.));
#10684 = VECTOR('',#10685,1.);
#10685 = DIRECTION('',(0.,-1.));
#10686 = ( GEOMETRIC_REPRESENTATION_CONTEXT(2) 
PARAMETRIC_REPRESENTATION_CONTEXT() REPRESENTATION_CONTEXT('2D SPACE',''
  ) );
#10687 = FACE_BOUND('',#10688,.T.);
#10688 = EDGE_LOOP('',(#10689,#10712,#10733,#10754));
#10689 = ORIENTED_EDGE('',*,*,#10690,.T.);
#10690 = EDGE_CURVE('',#10691,#10693,#10695,.T.);
#10691 = VERTEX_POINT('',#10692);
#10692 = CARTESIAN_POINT('',(9.,15.,20.));
#10693 = VERTEX_POINT('',#10694);
#10694 = CARTESIAN_POINT('',(9.,15.,6.));
#10695 = SURFACE_CURVE('',#10696,(#10700,#10706),.PCURVE_S1.);
#10696 = LINE('',#10697,#10698);
#10697 = CARTESIAN_POINT('',(9.,15.,2.9999999));
#10698 = VECTOR('',#10699,1.);
#10699 = DIRECTION('',(-0.,-0.,-1.));
#10700 = PCURVE('',#8709,#10701);
#10701 = DEFINITIONAL_REPRESENTATION('',(#10702),#10705);
#10702 = B_SPLINE_CURVE_WITH_KNOTS('',1,(#10703,#10704),.UNSPECIFIED.,
  .F.,.F.,(2,2),(-17.0000001,-3.0000001),.PIECEWISE_BEZIER_KNOTS.);
#10703 = CARTESIAN_POINT('',(6.,-20.0000002));
#10704 = CARTESIAN_POINT('',(6.,-6.0000002));
#10705 = ( GEOMETRIC_REPRESENTATION_CONTEXT(2) 
PARAMETRIC_REPRESENTATION_CONTEXT() REPRESENTATION_CONTEXT('2D SPACE',''
  ) );
#10706 = PCURVE('',#10023,#10707);
#10707 = DEFINITIONAL_REPRESENTATION('',(#10708),#10711);
#10708 = B_SPLINE_CURVE_WITH_KNOTS('',1,(#10709,#10710),.UNSPECIFIED.,
  .F.,.F.,(2,2),(-17.0000001,-3.0000001),.PIECEWISE_BEZIER_KNOTS.);
#10709 = CARTESIAN_POINT('',(14.,-25.));
#10710 = CARTESIAN_POINT('',(0.,-25.));
#10711 = ( GEOMETRIC_REPRESENTATION_CONTEXT(2) 
PARAMETRIC_REPRESENTATION_CONTEXT() REPRESENTATION_CONTEXT('2D SPACE',''
  ) );
#10712 = ORIENTED_EDGE('',*,*,#10713,.T.);
#10713 = EDGE_CURVE('',#10693,#10714,#10716,.T.);
#10714 = VERTEX_POINT('',#10715);
#10715 = CARTESIAN_POINT('',(-9.,15.,6.));
#10716 = SURFACE_CURVE('',#10717,(#10721,#10727),.PCURVE_S1.);
#10717 = LINE('',#10718,#10719);
#10718 = CARTESIAN_POINT('',(3.,15.,6.));
#10719 = VECTOR('',#10720,1.);
#10720 = DIRECTION('',(-1.,-0.,0.));
#10721 = PCURVE('',#8709,#10722);
#10722 = DEFINITIONAL_REPRESENTATION('',(#10723),#10726);
#10723 = B_SPLINE_CURVE_WITH_KNOTS('',1,(#10724,#10725),.UNSPECIFIED.,
  .F.,.F.,(2,2),(-6.,12.),.PIECEWISE_BEZIER_KNOTS.);
#10724 = CARTESIAN_POINT('',(6.,-6.0000002));
#10725 = CARTESIAN_POINT('',(24.,-6.0000002));
#10726 = ( GEOMETRIC_REPRESENTATION_CONTEXT(2) 
PARAMETRIC_REPRESENTATION_CONTEXT() REPRESENTATION_CONTEXT('2D SPACE',''
  ) );
#10727 = PCURVE('',#10049,#10728);
#10728 = DEFINITIONAL_REPRESENTATION('',(#10729),#10732);
#10729 = B_SPLINE_CURVE_WITH_KNOTS('',1,(#10730,#10731),.UNSPECIFIED.,
  .F.,.F.,(2,2),(-6.,12.),.PIECEWISE_BEZIER_KNOTS.);
#10730 = CARTESIAN_POINT('',(18.,-25.));
#10731 = CARTESIAN_POINT('',(0.,-25.));
#10732 = ( GEOMETRIC_REPRESENTATION_CONTEXT(2) 
PARAMETRIC_REPRESENTATION_CONTEXT() REPRESENTATION_CONTEXT('2D SPACE',''
  ) );
#10733 = ORIENTED_EDGE('',*,*,#10734,.T.);
#10734 = EDGE_CURVE('',#10714,#10735,#10737,.T.);
#10735 = VERTEX_POINT('',#10736);
#10736 = CARTESIAN_POINT('',(-9.,15.,20.));
#10737 = SURFACE_CURVE('',#10738,(#10742,#10748),.PCURVE_S1.);
#10738 = LINE('',#10739,#10740);
#10739 = CARTESIAN_POINT('',(-9.,15.,9.9999999));
#10740 = VECTOR('',#10741,1.);
#10741 = DIRECTION('',(-0.,0.,1.));
#10742 = PCURVE('',#8709,#10743);
#10743 = DEFINITIONAL_REPRESENTATION('',(#10744),#10747);
#10744 = B_SPLINE_CURVE_WITH_KNOTS('',1,(#10745,#10746),.UNSPECIFIED.,
  .F.,.F.,(2,2),(-3.9999999,10.0000001),.PIECEWISE_BEZIER_KNOTS.);
#10745 = CARTESIAN_POINT('',(24.,-6.0000002));
#10746 = CARTESIAN_POINT('',(24.,-20.0000002));
#10747 = ( GEOMETRIC_REPRESENTATION_CONTEXT(2) 
PARAMETRIC_REPRESENTATION_CONTEXT() REPRESENTATION_CONTEXT('2D SPACE',''
  ) );
#10748 = PCURVE('',#10075,#10749);
#10749 = DEFINITIONAL_REPRESENTATION('',(#10750),#10753);
#10750 = B_SPLINE_CURVE_WITH_KNOTS('',1,(#10751,#10752),.UNSPECIFIED.,
  .F.,.F.,(2,2),(-3.9999999,10.0000001),.PIECEWISE_BEZIER_KNOTS.);
#10751 = CARTESIAN_POINT('',(14.,-25.));
#10752 = CARTESIAN_POINT('',(0.,-25.));
#10753 = ( GEOMETRIC_REPRESENTATION_CONTEXT(2) 
PARAMETRIC_REPRESENTATION_CONTEXT() REPRESENTATION_CONTEXT('2D SPACE',''
  ) );
#10754 = ORIENTED_EDGE('',*,*,#10755,.T.);
#10755 = EDGE_CURVE('',#10735,#10691,#10756,.T.);
#10756 = SURFACE_CURVE('',#10757,(#10761,#10767),.PCURVE_S1.);
#10757 = LINE('',#10758,#10759);
#10758 = CARTESIAN_POINT('',(12.,15.,20.));
#10759 = VECTOR('',#10760,1.);
#10760 = DIRECTION('',(1.,0.,-0.));
#10761 = PCURVE('',#8709,#10762);
#10762 = DEFINITIONAL_REPRESENTATION('',(#10763),#10766);
#10763 = B_SPLINE_CURVE_WITH_KNOTS('',1,(#10764,#10765),.UNSPECIFIED.,
  .F.,.F.,(2,2),(-21.,-3.),.PIECEWISE_BEZIER_KNOTS.);
#10764 = CARTESIAN_POINT('',(24.,-20.0000002));
#10765 = CARTESIAN_POINT('',(6.,-20.0000002));
#10766 = ( GEOMETRIC_REPRESENTATION_CONTEXT(2) 
PARAMETRIC_REPRESENTATION_CONTEXT() REPRESENTATION_CONTEXT('2D SPACE',''
  ) );
#10767 = PCURVE('',#10099,#10768);
#10768 = DEFINITIONAL_REPRESENTATION('',(#10769),#10772);
#10769 = B_SPLINE_CURVE_WITH_KNOTS('',1,(#10770,#10771),.UNSPECIFIED.,
  .F.,.F.,(2,2),(-21.,-3.),.PIECEWISE_BEZIER_KNOTS.);
#10770 = CARTESIAN_POINT('',(18.,-25.));
#10771 = CARTESIAN_POINT('',(0.,-25.));
#10772 = ( GEOMETRIC_REPRESENTATION_CONTEXT(2) 
PARAMETRIC_REPRESENTATION_CONTEXT() REPRESENTATION_CONTEXT('2D SPACE',''
  ) );
#10773 = ADVANCED_FACE('',(#10774,#10799),#8681,.T.);
#10774 = FACE_BOUND('',#10775,.T.);
#10775 = EDGE_LOOP('',(#10776,#10777,#10778,#10798));
#10776 = ORIENTED_EDGE('',*,*,#8665,.F.);
#10777 = ORIENTED_EDGE('',*,*,#10667,.T.);
#10778 = ORIENTED_EDGE('',*,*,#10779,.F.);
#10779 = EDGE_CURVE('',#10519,#10646,#10780,.T.);
#10780 = SURFACE_CURVE('',#10781,(#10785,#10791),.PCURVE_S1.);
#10781 = LINE('',#10782,#10783);
#10782 = CARTESIAN_POINT('',(-15.,7.5,114.));
#10783 = VECTOR('',#10784,1.);
#10784 = DIRECTION('',(0.,1.,0.));
#10785 = PCURVE('',#8681,#10786);
#10786 = DEFINITIONAL_REPRESENTATION('',(#10787),#10790);
#10787 = B_SPLINE_CURVE_WITH_KNOTS('',1,(#10788,#10789),.UNSPECIFIED.,
  .F.,.F.,(2,2),(-22.5,7.5),.PIECEWISE_BEZIER_KNOTS.);
#10788 = CARTESIAN_POINT('',(30.,-114.0000002));
#10789 = CARTESIAN_POINT('',(0.,-114.0000002));
#10790 = ( GEOMETRIC_REPRESENTATION_CONTEXT(2) 
PARAMETRIC_REPRESENTATION_CONTEXT() REPRESENTATION_CONTEXT('2D SPACE',''
  ) );
#10791 = PCURVE('',#10556,#10792);
#10792 = DEFINITIONAL_REPRESENTATION('',(#10793),#10797);
#10793 = LINE('',#10794,#10795);
#10794 = CARTESIAN_POINT('',(-15.,7.5));
#10795 = VECTOR('',#10796,1.);
#10796 = DIRECTION('',(0.,1.));
#10797 = ( GEOMETRIC_REPRESENTATION_CONTEXT(2) 
PARAMETRIC_REPRESENTATION_CONTEXT() REPRESENTATION_CONTEXT('2D SPACE',''
  ) );
#10798 = ORIENTED_EDGE('',*,*,#10518,.F.);
#10799 = FACE_BOUND('',#10800,.T.);
#10800 = EDGE_LOOP('',(#10801));
#10801 = ORIENTED_EDGE('',*,*,#10137,.T.);
#10802 = ADVANCED_FACE('',(#10803),#8820,.T.);
#10803 = FACE_BOUND('',#10804,.T.);
#10804 = EDGE_LOOP('',(#10805,#10806,#10829,#10857));
#10805 = ORIENTED_EDGE('',*,*,#8802,.F.);
#10806 = ORIENTED_EDGE('',*,*,#10807,.T.);
#10807 = EDGE_CURVE('',#8803,#10808,#10810,.T.);
#10808 = VERTEX_POINT('',#10809);
#10809 = CARTESIAN_POINT('',(-65.,59.41349018687,55.545015674766));
#10810 = SURFACE_CURVE('',#10811,(#10815,#10822),.PCURVE_S1.);
#10811 = LINE('',#10812,#10813);
#10812 = CARTESIAN_POINT('',(-65.,58.637033051563,52.647238195899));
#10813 = VECTOR('',#10814,1.);
#10814 = DIRECTION('',(0.,0.258819045103,0.965925826289));
#10815 = PCURVE('',#8820,#10816);
#10816 = DEFINITIONAL_REPRESENTATION('',(#10817),#10821);
#10817 = LINE('',#10818,#10819);
#10818 = CARTESIAN_POINT('',(0.,0.));
#10819 = VECTOR('',#10820,1.);
#10820 = DIRECTION('',(0.,-1.));
#10821 = ( GEOMETRIC_REPRESENTATION_CONTEXT(2) 
PARAMETRIC_REPRESENTATION_CONTEXT() REPRESENTATION_CONTEXT('2D SPACE',''
  ) );
#10822 = PCURVE('',#8979,#10823);
#10823 = DEFINITIONAL_REPRESENTATION('',(#10824),#10828);
#10824 = LINE('',#10825,#10826);
#10825 = CARTESIAN_POINT('',(130.,0.));
#10826 = VECTOR('',#10827,1.);
#10827 = DIRECTION('',(0.,-1.));
#10828 = ( GEOMETRIC_REPRESENTATION_CONTEXT(2) 
PARAMETRIC_REPRESENTATION_CONTEXT() REPRESENTATION_CONTEXT('2D SPACE',''
  ) );
#10829 = ORIENTED_EDGE('',*,*,#10830,.F.);
#10830 = EDGE_CURVE('',#10831,#10808,#10833,.T.);
#10831 = VERTEX_POINT('',#10832);
#10832 = CARTESIAN_POINT('',(-65.,20.899145801575,65.86490314982));
#10833 = SURFACE_CURVE('',#10834,(#10838,#10845),.PCURVE_S1.);
#10834 = LINE('',#10835,#10836);
#10835 = CARTESIAN_POINT('',(-65.,58.930527273726,55.674425197318));
#10836 = VECTOR('',#10837,1.);
#10837 = DIRECTION('',(0.,0.965925826289,-0.258819045103));
#10838 = PCURVE('',#8820,#10839);
#10839 = DEFINITIONAL_REPRESENTATION('',(#10840),#10844);
#10840 = LINE('',#10841,#10842);
#10841 = CARTESIAN_POINT('',(0.5,-3.));
#10842 = VECTOR('',#10843,1.);
#10843 = DIRECTION('',(-1.,0.));
#10844 = ( GEOMETRIC_REPRESENTATION_CONTEXT(2) 
PARAMETRIC_REPRESENTATION_CONTEXT() REPRESENTATION_CONTEXT('2D SPACE',''
  ) );
#10845 = PCURVE('',#10846,#10851);
#10846 = PLANE('',#10847);
#10847 = AXIS2_PLACEMENT_3D('',#10848,#10849,#10850);
#10848 = CARTESIAN_POINT('',(0.,58.447564360581,55.803834719869));
#10849 = DIRECTION('',(0.,0.258819045103,0.965925826289));
#10850 = DIRECTION('',(1.,0.,0.));
#10851 = DEFINITIONAL_REPRESENTATION('',(#10852),#10856);
#10852 = LINE('',#10853,#10854);
#10853 = CARTESIAN_POINT('',(-65.,0.5));
#10854 = VECTOR('',#10855,1.);
#10855 = DIRECTION('',(0.,1.));
#10856 = ( GEOMETRIC_REPRESENTATION_CONTEXT(2) 
PARAMETRIC_REPRESENTATION_CONTEXT() REPRESENTATION_CONTEXT('2D SPACE',''
  ) );
#10857 = ORIENTED_EDGE('',*,*,#10858,.F.);
#10858 = EDGE_CURVE('',#8805,#10831,#10859,.T.);
#10859 = SURFACE_CURVE('',#10860,(#10864,#10871),.PCURVE_S1.);
#10860 = LINE('',#10861,#10862);
#10861 = CARTESIAN_POINT('',(-65.,18.569774395652,57.171570713219));
#10862 = VECTOR('',#10863,1.);
#10863 = DIRECTION('',(0.,0.258819045103,0.965925826289));
#10864 = PCURVE('',#8820,#10865);
#10865 = DEFINITIONAL_REPRESENTATION('',(#10866),#10870);
#10866 = LINE('',#10867,#10868);
#10867 = CARTESIAN_POINT('',(39.872983346207,6.));
#10868 = VECTOR('',#10869,1.);
#10869 = DIRECTION('',(0.,-1.));
#10870 = ( GEOMETRIC_REPRESENTATION_CONTEXT(2) 
PARAMETRIC_REPRESENTATION_CONTEXT() REPRESENTATION_CONTEXT('2D SPACE',''
  ) );
#10871 = PCURVE('',#8849,#10872);
#10872 = DEFINITIONAL_REPRESENTATION('',(#10873),#10877);
#10873 = LINE('',#10874,#10875);
#10874 = CARTESIAN_POINT('',(-0.252680255142,0.));
#10875 = VECTOR('',#10876,1.);
#10876 = DIRECTION('',(-0.,1.));
#10877 = ( GEOMETRIC_REPRESENTATION_CONTEXT(2) 
PARAMETRIC_REPRESENTATION_CONTEXT() REPRESENTATION_CONTEXT('2D SPACE',''
  ) );
#10878 = ADVANCED_FACE('',(#10879),#8979,.T.);
#10879 = FACE_BOUND('',#10880,.T.);
#10880 = EDGE_LOOP('',(#10881,#10882,#10905,#10926));
#10881 = ORIENTED_EDGE('',*,*,#8965,.F.);
#10882 = ORIENTED_EDGE('',*,*,#10883,.T.);
#10883 = EDGE_CURVE('',#8938,#10884,#10886,.T.);
#10884 = VERTEX_POINT('',#10885);
#10885 = CARTESIAN_POINT('',(65.,59.41349018687,55.545015674766));
#10886 = SURFACE_CURVE('',#10887,(#10891,#10898),.PCURVE_S1.);
#10887 = LINE('',#10888,#10889);
#10888 = CARTESIAN_POINT('',(65.,58.637033051563,52.647238195899));
#10889 = VECTOR('',#10890,1.);
#10890 = DIRECTION('',(0.,0.258819045103,0.965925826289));
#10891 = PCURVE('',#8979,#10892);
#10892 = DEFINITIONAL_REPRESENTATION('',(#10893),#10897);
#10893 = LINE('',#10894,#10895);
#10894 = CARTESIAN_POINT('',(0.,-0.));
#10895 = VECTOR('',#10896,1.);
#10896 = DIRECTION('',(0.,-1.));
#10897 = ( GEOMETRIC_REPRESENTATION_CONTEXT(2) 
PARAMETRIC_REPRESENTATION_CONTEXT() REPRESENTATION_CONTEXT('2D SPACE',''
  ) );
#10898 = PCURVE('',#8953,#10899);
#10899 = DEFINITIONAL_REPRESENTATION('',(#10900),#10904);
#10900 = LINE('',#10901,#10902);
#10901 = CARTESIAN_POINT('',(40.,0.));
#10902 = VECTOR('',#10903,1.);
#10903 = DIRECTION('',(0.,-1.));
#10904 = ( GEOMETRIC_REPRESENTATION_CONTEXT(2) 
PARAMETRIC_REPRESENTATION_CONTEXT() REPRESENTATION_CONTEXT('2D SPACE',''
  ) );
#10905 = ORIENTED_EDGE('',*,*,#10906,.F.);
#10906 = EDGE_CURVE('',#10808,#10884,#10907,.T.);
#10907 = SURFACE_CURVE('',#10908,(#10912,#10919),.PCURVE_S1.);
#10908 = LINE('',#10909,#10910);
#10909 = CARTESIAN_POINT('',(32.5,59.41349018687,55.545015674766));
#10910 = VECTOR('',#10911,1.);
#10911 = DIRECTION('',(1.,0.,0.));
#10912 = PCURVE('',#8979,#10913);
#10913 = DEFINITIONAL_REPRESENTATION('',(#10914),#10918);
#10914 = LINE('',#10915,#10916);
#10915 = CARTESIAN_POINT('',(32.5,-3.));
#10916 = VECTOR('',#10917,1.);
#10917 = DIRECTION('',(-1.,-0.));
#10918 = ( GEOMETRIC_REPRESENTATION_CONTEXT(2) 
PARAMETRIC_REPRESENTATION_CONTEXT() REPRESENTATION_CONTEXT('2D SPACE',''
  ) );
#10919 = PCURVE('',#10846,#10920);
#10920 = DEFINITIONAL_REPRESENTATION('',(#10921),#10925);
#10921 = LINE('',#10922,#10923);
#10922 = CARTESIAN_POINT('',(32.5,1.));
#10923 = VECTOR('',#10924,1.);
#10924 = DIRECTION('',(1.,0.));
#10925 = ( GEOMETRIC_REPRESENTATION_CONTEXT(2) 
PARAMETRIC_REPRESENTATION_CONTEXT() REPRESENTATION_CONTEXT('2D SPACE',''
  ) );
#10926 = ORIENTED_EDGE('',*,*,#10807,.F.);
#10927 = ADVANCED_FACE('',(#10928),#8953,.T.);
#10928 = FACE_BOUND('',#10929,.T.);
#10929 = EDGE_LOOP('',(#10930,#10931,#10954,#10975));
#10930 = ORIENTED_EDGE('',*,*,#8937,.F.);
#10931 = ORIENTED_EDGE('',*,*,#10932,.T.);
#10932 = EDGE_CURVE('',#8909,#10933,#10935,.T.);
#10933 = VERTEX_POINT('',#10934);
#10934 = CARTESIAN_POINT('',(65.,20.899145801575,65.86490314982));
#10935 = SURFACE_CURVE('',#10936,(#10940,#10947),.PCURVE_S1.);
#10936 = LINE('',#10937,#10938);
#10937 = CARTESIAN_POINT('',(65.,18.569774395652,57.171570713219));
#10938 = VECTOR('',#10939,1.);
#10939 = DIRECTION('',(0.,0.258819045103,0.965925826289));
#10940 = PCURVE('',#8953,#10941);
#10941 = DEFINITIONAL_REPRESENTATION('',(#10942),#10946);
#10942 = LINE('',#10943,#10944);
#10943 = CARTESIAN_POINT('',(0.127016653793,6.));
#10944 = VECTOR('',#10945,1.);
#10945 = DIRECTION('',(0.,-1.));
#10946 = ( GEOMETRIC_REPRESENTATION_CONTEXT(2) 
PARAMETRIC_REPRESENTATION_CONTEXT() REPRESENTATION_CONTEXT('2D SPACE',''
  ) );
#10947 = PCURVE('',#8925,#10948);
#10948 = DEFINITIONAL_REPRESENTATION('',(#10949),#10953);
#10949 = LINE('',#10950,#10951);
#10950 = CARTESIAN_POINT('',(0.252680255142,0.));
#10951 = VECTOR('',#10952,1.);
#10952 = DIRECTION('',(0.,1.));
#10953 = ( GEOMETRIC_REPRESENTATION_CONTEXT(2) 
PARAMETRIC_REPRESENTATION_CONTEXT() REPRESENTATION_CONTEXT('2D SPACE',''
  ) );
#10954 = ORIENTED_EDGE('',*,*,#10955,.F.);
#10955 = EDGE_CURVE('',#10884,#10933,#10956,.T.);
#10956 = SURFACE_CURVE('',#10957,(#10961,#10968),.PCURVE_S1.);
#10957 = LINE('',#10958,#10959);
#10958 = CARTESIAN_POINT('',(65.,39.612010747944,60.850806099368));
#10959 = VECTOR('',#10960,1.);
#10960 = DIRECTION('',(0.,-0.965925826289,0.258819045103));
#10961 = PCURVE('',#8953,#10962);
#10962 = DEFINITIONAL_REPRESENTATION('',(#10963),#10967);
#10963 = LINE('',#10964,#10965);
#10964 = CARTESIAN_POINT('',(19.5,-3.));
#10965 = VECTOR('',#10966,1.);
#10966 = DIRECTION('',(-1.,0.));
#10967 = ( GEOMETRIC_REPRESENTATION_CONTEXT(2) 
PARAMETRIC_REPRESENTATION_CONTEXT() REPRESENTATION_CONTEXT('2D SPACE',''
  ) );
#10968 = PCURVE('',#10846,#10969);
#10969 = DEFINITIONAL_REPRESENTATION('',(#10970),#10974);
#10970 = LINE('',#10971,#10972);
#10971 = CARTESIAN_POINT('',(65.,-19.5));
#10972 = VECTOR('',#10973,1.);
#10973 = DIRECTION('',(0.,-1.));
#10974 = ( GEOMETRIC_REPRESENTATION_CONTEXT(2) 
PARAMETRIC_REPRESENTATION_CONTEXT() REPRESENTATION_CONTEXT('2D SPACE',''
  ) );
#10975 = ORIENTED_EDGE('',*,*,#10883,.F.);
#10976 = ADVANCED_FACE('',(#10977),#8925,.T.);
#10977 = FACE_BOUND('',#10978,.T.);
#10978 = EDGE_LOOP('',(#10979,#10980,#10981,#10982,#11005,#11027));
#10979 = ORIENTED_EDGE('',*,*,#8908,.F.);
#10980 = ORIENTED_EDGE('',*,*,#10436,.T.);
#10981 = ORIENTED_EDGE('',*,*,#9628,.T.);
#10982 = ORIENTED_EDGE('',*,*,#10983,.T.);
#10983 = EDGE_CURVE('',#9629,#10984,#10986,.T.);
#10984 = VERTEX_POINT('',#10985);
#10985 = CARTESIAN_POINT('',(68.,24.640160440464,64.862501298457));
#10986 = SURFACE_CURVE('',#10987,(#10991,#10998),.PCURVE_S1.);
#10987 = LINE('',#10988,#10989);
#10988 = CARTESIAN_POINT('',(68.,22.310789034541,56.169168861856));
#10989 = VECTOR('',#10990,1.);
#10990 = DIRECTION('',(0.,0.258819045103,0.965925826289));
#10991 = PCURVE('',#8925,#10992);
#10992 = DEFINITIONAL_REPRESENTATION('',(#10993),#10997);
#10993 = LINE('',#10994,#10995);
#10994 = CARTESIAN_POINT('',(1.570796326795,0.));
#10995 = VECTOR('',#10996,1.);
#10996 = DIRECTION('',(0.,1.));
#10997 = ( GEOMETRIC_REPRESENTATION_CONTEXT(2) 
PARAMETRIC_REPRESENTATION_CONTEXT() REPRESENTATION_CONTEXT('2D SPACE',''
  ) );
#10998 = PCURVE('',#9668,#10999);
#10999 = DEFINITIONAL_REPRESENTATION('',(#11000),#11004);
#11000 = LINE('',#11001,#11002);
#11001 = CARTESIAN_POINT('',(4.,-3.663735981263E-15));
#11002 = VECTOR('',#11003,1.);
#11003 = DIRECTION('',(0.,-1.));
#11004 = ( GEOMETRIC_REPRESENTATION_CONTEXT(2) 
PARAMETRIC_REPRESENTATION_CONTEXT() REPRESENTATION_CONTEXT('2D SPACE',''
  ) );
#11005 = ORIENTED_EDGE('',*,*,#11006,.F.);
#11006 = EDGE_CURVE('',#10933,#10984,#11007,.T.);
#11007 = SURFACE_CURVE('',#11008,(#11013,#11020),.PCURVE_S1.);
#11008 = CIRCLE('',#11009,4.);
#11009 = AXIS2_PLACEMENT_3D('',#11010,#11011,#11012);
#11010 = CARTESIAN_POINT('',(64.,24.640160440464,64.862501298457));
#11011 = DIRECTION('',(-0.,0.258819045103,0.965925826289));
#11012 = DIRECTION('',(0.,-0.965925826289,0.258819045103));
#11013 = PCURVE('',#8925,#11014);
#11014 = DEFINITIONAL_REPRESENTATION('',(#11015),#11019);
#11015 = LINE('',#11016,#11017);
#11016 = CARTESIAN_POINT('',(0.,9.));
#11017 = VECTOR('',#11018,1.);
#11018 = DIRECTION('',(1.,0.));
#11019 = ( GEOMETRIC_REPRESENTATION_CONTEXT(2) 
PARAMETRIC_REPRESENTATION_CONTEXT() REPRESENTATION_CONTEXT('2D SPACE',''
  ) );
#11020 = PCURVE('',#10846,#11021);
#11021 = DEFINITIONAL_REPRESENTATION('',(#11022),#11026);
#11022 = CIRCLE('',#11023,4.);
#11023 = AXIS2_PLACEMENT_2D('',#11024,#11025);
#11024 = CARTESIAN_POINT('',(64.,-35.));
#11025 = DIRECTION('',(0.,-1.));
#11026 = ( GEOMETRIC_REPRESENTATION_CONTEXT(2) 
PARAMETRIC_REPRESENTATION_CONTEXT() REPRESENTATION_CONTEXT('2D SPACE',''
  ) );
#11027 = ORIENTED_EDGE('',*,*,#10932,.F.);
#11028 = ADVANCED_FACE('',(#11029),#8849,.T.);
#11029 = FACE_BOUND('',#11030,.F.);
#11030 = EDGE_LOOP('',(#11031,#11032,#11033,#11034,#11057,#11083));
#11031 = ORIENTED_EDGE('',*,*,#8832,.T.);
#11032 = ORIENTED_EDGE('',*,*,#9129,.F.);
#11033 = ORIENTED_EDGE('',*,*,#9161,.T.);
#11034 = ORIENTED_EDGE('',*,*,#11035,.T.);
#11035 = EDGE_CURVE('',#9162,#11036,#11038,.T.);
#11036 = VERTEX_POINT('',#11037);
#11037 = CARTESIAN_POINT('',(-68.,24.640160440464,64.862501298457));
#11038 = SURFACE_CURVE('',#11039,(#11043,#11050),.PCURVE_S1.);
#11039 = LINE('',#11040,#11041);
#11040 = CARTESIAN_POINT('',(-68.,22.310789034541,56.169168861856));
#11041 = VECTOR('',#11042,1.);
#11042 = DIRECTION('',(0.,0.258819045103,0.965925826289));
#11043 = PCURVE('',#8849,#11044);
#11044 = DEFINITIONAL_REPRESENTATION('',(#11045),#11049);
#11045 = LINE('',#11046,#11047);
#11046 = CARTESIAN_POINT('',(-1.570796326795,0.));
#11047 = VECTOR('',#11048,1.);
#11048 = DIRECTION('',(-0.,1.));
#11049 = ( GEOMETRIC_REPRESENTATION_CONTEXT(2) 
PARAMETRIC_REPRESENTATION_CONTEXT() REPRESENTATION_CONTEXT('2D SPACE',''
  ) );
#11050 = PCURVE('',#9780,#11051);
#11051 = DEFINITIONAL_REPRESENTATION('',(#11052),#11056);
#11052 = LINE('',#11053,#11054);
#11053 = CARTESIAN_POINT('',(74.,0.));
#11054 = VECTOR('',#11055,1.);
#11055 = DIRECTION('',(0.,-1.));
#11056 = ( GEOMETRIC_REPRESENTATION_CONTEXT(2) 
PARAMETRIC_REPRESENTATION_CONTEXT() REPRESENTATION_CONTEXT('2D SPACE',''
  ) );
#11057 = ORIENTED_EDGE('',*,*,#11058,.F.);
#11058 = EDGE_CURVE('',#10831,#11036,#11059,.T.);
#11059 = SURFACE_CURVE('',#11060,(#11065,#11072),.PCURVE_S1.);
#11060 = CIRCLE('',#11061,4.);
#11061 = AXIS2_PLACEMENT_3D('',#11062,#11063,#11064);
#11062 = CARTESIAN_POINT('',(-64.,24.640160440464,64.862501298457));
#11063 = DIRECTION('',(-0.,-0.258819045103,-0.965925826289));
#11064 = DIRECTION('',(0.,-0.965925826289,0.258819045103));
#11065 = PCURVE('',#8849,#11066);
#11066 = DEFINITIONAL_REPRESENTATION('',(#11067),#11071);
#11067 = LINE('',#11068,#11069);
#11068 = CARTESIAN_POINT('',(-0.,9.));
#11069 = VECTOR('',#11070,1.);
#11070 = DIRECTION('',(-1.,0.));
#11071 = ( GEOMETRIC_REPRESENTATION_CONTEXT(2) 
PARAMETRIC_REPRESENTATION_CONTEXT() REPRESENTATION_CONTEXT('2D SPACE',''
  ) );
#11072 = PCURVE('',#10846,#11073);
#11073 = DEFINITIONAL_REPRESENTATION('',(#11074),#11082);
#11074 = ( BOUNDED_CURVE() B_SPLINE_CURVE(2,(#11075,#11076,#11077,#11078
    ,#11079,#11080,#11081),.UNSPECIFIED.,.T.,.F.) 
B_SPLINE_CURVE_WITH_KNOTS((1,2,2,2,2,1),(-2.094395102393,0.,
    2.094395102393,4.188790204786,6.28318530718,8.377580409573),
.UNSPECIFIED.) CURVE() GEOMETRIC_REPRESENTATION_ITEM() 
RATIONAL_B_SPLINE_CURVE((1.,0.5,1.,0.5,1.,0.5,1.)) REPRESENTATION_ITEM(
  '') );
#11075 = CARTESIAN_POINT('',(-64.,-39.));
#11076 = CARTESIAN_POINT('',(-70.92820323027,-39.));
#11077 = CARTESIAN_POINT('',(-67.46410161513,-33.));
#11078 = CARTESIAN_POINT('',(-64.,-27.));
#11079 = CARTESIAN_POINT('',(-60.53589838486,-33.));
#11080 = CARTESIAN_POINT('',(-57.07179676972,-39.));
#11081 = CARTESIAN_POINT('',(-64.,-39.));
#11082 = ( GEOMETRIC_REPRESENTATION_CONTEXT(2) 
PARAMETRIC_REPRESENTATION_CONTEXT() REPRESENTATION_CONTEXT('2D SPACE',''
  ) );
#11083 = ORIENTED_EDGE('',*,*,#10858,.F.);
#11084 = ADVANCED_FACE('',(#11085),#9011,.T.);
#11085 = FACE_BOUND('',#11086,.T.);
#11086 = EDGE_LOOP('',(#11087,#11088,#11109,#11110));
#11087 = ORIENTED_EDGE('',*,*,#9518,.T.);
#11088 = ORIENTED_EDGE('',*,*,#11089,.T.);
#11089 = EDGE_CURVE('',#9519,#8996,#11090,.T.);
#11090 = SURFACE_CURVE('',#11091,(#11095,#11102),.PCURVE_S1.);
#11091 = LINE('',#11092,#11093);
#11092 = CARTESIAN_POINT('',(18.,23.983821642017,54.685604945361));
#11093 = VECTOR('',#11094,1.);
#11094 = DIRECTION('',(0.,0.258819045103,0.965925826289));
#11095 = PCURVE('',#9011,#11096);
#11096 = DEFINITIONAL_REPRESENTATION('',(#11097),#11101);
#11097 = LINE('',#11098,#11099);
#11098 = CARTESIAN_POINT('',(0.,0.));
#11099 = VECTOR('',#11100,1.);
#11100 = DIRECTION('',(0.,-1.));
#11101 = ( GEOMETRIC_REPRESENTATION_CONTEXT(2) 
PARAMETRIC_REPRESENTATION_CONTEXT() REPRESENTATION_CONTEXT('2D SPACE',''
  ) );
#11102 = PCURVE('',#9039,#11103);
#11103 = DEFINITIONAL_REPRESENTATION('',(#11104),#11108);
#11104 = LINE('',#11105,#11106);
#11105 = CARTESIAN_POINT('',(36.,0.));
#11106 = VECTOR('',#11107,1.);
#11107 = DIRECTION('',(0.,-1.));
#11108 = ( GEOMETRIC_REPRESENTATION_CONTEXT(2) 
PARAMETRIC_REPRESENTATION_CONTEXT() REPRESENTATION_CONTEXT('2D SPACE',''
  ) );
#11109 = ORIENTED_EDGE('',*,*,#8993,.F.);
#11110 = ORIENTED_EDGE('',*,*,#11111,.F.);
#11111 = EDGE_CURVE('',#9496,#8994,#11112,.T.);
#11112 = SURFACE_CURVE('',#11113,(#11117,#11124),.PCURVE_S1.);
#11113 = LINE('',#11114,#11115);
#11114 = CARTESIAN_POINT('',(18.,47.166041472954,48.473947862901));
#11115 = VECTOR('',#11116,1.);
#11116 = DIRECTION('',(0.,0.258819045103,0.965925826289));
#11117 = PCURVE('',#9011,#11118);
#11118 = DEFINITIONAL_REPRESENTATION('',(#11119),#11123);
#11119 = LINE('',#11120,#11121);
#11120 = CARTESIAN_POINT('',(24.,0.));
#11121 = VECTOR('',#11122,1.);
#11122 = DIRECTION('',(0.,-1.));
#11123 = ( GEOMETRIC_REPRESENTATION_CONTEXT(2) 
PARAMETRIC_REPRESENTATION_CONTEXT() REPRESENTATION_CONTEXT('2D SPACE',''
  ) );
#11124 = PCURVE('',#9093,#11125);
#11125 = DEFINITIONAL_REPRESENTATION('',(#11126),#11130);
#11126 = LINE('',#11127,#11128);
#11127 = CARTESIAN_POINT('',(0.,-0.));
#11128 = VECTOR('',#11129,1.);
#11129 = DIRECTION('',(0.,-1.));
#11130 = ( GEOMETRIC_REPRESENTATION_CONTEXT(2) 
PARAMETRIC_REPRESENTATION_CONTEXT() REPRESENTATION_CONTEXT('2D SPACE',''
  ) );
#11131 = ADVANCED_FACE('',(#11132),#9093,.T.);
#11132 = FACE_BOUND('',#11133,.T.);
#11133 = EDGE_LOOP('',(#11134,#11135,#11161,#11162,#11188,#11189,#11190,
    #11191));
#11134 = ORIENTED_EDGE('',*,*,#9286,.T.);
#11135 = ORIENTED_EDGE('',*,*,#11136,.T.);
#11136 = EDGE_CURVE('',#9287,#9361,#11137,.T.);
#11137 = SURFACE_CURVE('',#11138,(#11142,#11149),.PCURVE_S1.);
#11138 = LINE('',#11139,#11140);
#11139 = CARTESIAN_POINT('',(9.,47.424860518057,49.43987368919));
#11140 = VECTOR('',#11141,1.);
#11141 = DIRECTION('',(1.,0.,0.));
#11142 = PCURVE('',#9093,#11143);
#11143 = DEFINITIONAL_REPRESENTATION('',(#11144),#11148);
#11144 = LINE('',#11145,#11146);
#11145 = CARTESIAN_POINT('',(9.,-1.));
#11146 = VECTOR('',#11147,1.);
#11147 = DIRECTION('',(-1.,-0.));
#11148 = ( GEOMETRIC_REPRESENTATION_CONTEXT(2) 
PARAMETRIC_REPRESENTATION_CONTEXT() REPRESENTATION_CONTEXT('2D SPACE',''
  ) );
#11149 = PCURVE('',#11150,#11155);
#11150 = PLANE('',#11151);
#11151 = AXIS2_PLACEMENT_3D('',#11152,#11153,#11154);
#11152 = CARTESIAN_POINT('',(-16.,18.447085729385,57.204445042266));
#11153 = DIRECTION('',(0.,0.258819045103,0.965925826289));
#11154 = DIRECTION('',(0.,0.965925826289,-0.258819045103));
#11155 = DEFINITIONAL_REPRESENTATION('',(#11156),#11160);
#11156 = LINE('',#11157,#11158);
#11157 = CARTESIAN_POINT('',(30.,-25.));
#11158 = VECTOR('',#11159,1.);
#11159 = DIRECTION('',(0.,-1.));
#11160 = ( GEOMETRIC_REPRESENTATION_CONTEXT(2) 
PARAMETRIC_REPRESENTATION_CONTEXT() REPRESENTATION_CONTEXT('2D SPACE',''
  ) );
#11161 = ORIENTED_EDGE('',*,*,#9388,.T.);
#11162 = ORIENTED_EDGE('',*,*,#11163,.T.);
#11163 = EDGE_CURVE('',#9389,#9468,#11164,.T.);
#11164 = SURFACE_CURVE('',#11165,(#11169,#11176),.PCURVE_S1.);
#11165 = LINE('',#11166,#11167);
#11166 = CARTESIAN_POINT('',(9.,47.424860518057,49.43987368919));
#11167 = VECTOR('',#11168,1.);
#11168 = DIRECTION('',(1.,0.,0.));
#11169 = PCURVE('',#9093,#11170);
#11170 = DEFINITIONAL_REPRESENTATION('',(#11171),#11175);
#11171 = LINE('',#11172,#11173);
#11172 = CARTESIAN_POINT('',(9.,-1.));
#11173 = VECTOR('',#11174,1.);
#11174 = DIRECTION('',(-1.,-0.));
#11175 = ( GEOMETRIC_REPRESENTATION_CONTEXT(2) 
PARAMETRIC_REPRESENTATION_CONTEXT() REPRESENTATION_CONTEXT('2D SPACE',''
  ) );
#11176 = PCURVE('',#11177,#11182);
#11177 = PLANE('',#11178);
#11178 = AXIS2_PLACEMENT_3D('',#11179,#11180,#11181);
#11179 = CARTESIAN_POINT('',(12.,18.447085729385,57.204445042266));
#11180 = DIRECTION('',(0.,0.258819045103,0.965925826289));
#11181 = DIRECTION('',(0.,0.965925826289,-0.258819045103));
#11182 = DEFINITIONAL_REPRESENTATION('',(#11183),#11187);
#11183 = LINE('',#11184,#11185);
#11184 = CARTESIAN_POINT('',(30.,3.));
#11185 = VECTOR('',#11186,1.);
#11186 = DIRECTION('',(0.,-1.));
#11187 = ( GEOMETRIC_REPRESENTATION_CONTEXT(2) 
PARAMETRIC_REPRESENTATION_CONTEXT() REPRESENTATION_CONTEXT('2D SPACE',''
  ) );
#11188 = ORIENTED_EDGE('',*,*,#9495,.T.);
#11189 = ORIENTED_EDGE('',*,*,#11111,.T.);
#11190 = ORIENTED_EDGE('',*,*,#9079,.F.);
#11191 = ORIENTED_EDGE('',*,*,#11192,.F.);
#11192 = EDGE_CURVE('',#9264,#9052,#11193,.T.);
#11193 = SURFACE_CURVE('',#11194,(#11198,#11205),.PCURVE_S1.);
#11194 = LINE('',#11195,#11196);
#11195 = CARTESIAN_POINT('',(-18.,47.166041472954,48.473947862901));
#11196 = VECTOR('',#11197,1.);
#11197 = DIRECTION('',(0.,0.258819045103,0.965925826289));
#11198 = PCURVE('',#9093,#11199);
#11199 = DEFINITIONAL_REPRESENTATION('',(#11200),#11204);
#11200 = LINE('',#11201,#11202);
#11201 = CARTESIAN_POINT('',(36.,0.));
#11202 = VECTOR('',#11203,1.);
#11203 = DIRECTION('',(0.,-1.));
#11204 = ( GEOMETRIC_REPRESENTATION_CONTEXT(2) 
PARAMETRIC_REPRESENTATION_CONTEXT() REPRESENTATION_CONTEXT('2D SPACE',''
  ) );
#11205 = PCURVE('',#9067,#11206);
#11206 = DEFINITIONAL_REPRESENTATION('',(#11207),#11211);
#11207 = LINE('',#11208,#11209);
#11208 = CARTESIAN_POINT('',(0.,0.));
#11209 = VECTOR('',#11210,1.);
#11210 = DIRECTION('',(0.,-1.));
#11211 = ( GEOMETRIC_REPRESENTATION_CONTEXT(2) 
PARAMETRIC_REPRESENTATION_CONTEXT() REPRESENTATION_CONTEXT('2D SPACE',''
  ) );
#11212 = ADVANCED_FACE('',(#11213),#9039,.T.);
#11213 = FACE_BOUND('',#11214,.T.);
#11214 = EDGE_LOOP('',(#11215,#11216,#11239,#11262,#11283,#11284,#11305,
    #11306));
#11215 = ORIENTED_EDGE('',*,*,#9541,.T.);
#11216 = ORIENTED_EDGE('',*,*,#11217,.T.);
#11217 = EDGE_CURVE('',#9542,#11218,#11220,.T.);
#11218 = VERTEX_POINT('',#11219);
#11219 = CARTESIAN_POINT('',(12.,24.242640687119,55.65153077165));
#11220 = SURFACE_CURVE('',#11221,(#11225,#11232),.PCURVE_S1.);
#11221 = LINE('',#11222,#11223);
#11222 = CARTESIAN_POINT('',(-9.,24.242640687119,55.65153077165));
#11223 = VECTOR('',#11224,1.);
#11224 = DIRECTION('',(-1.,0.,0.));
#11225 = PCURVE('',#9039,#11226);
#11226 = DEFINITIONAL_REPRESENTATION('',(#11227),#11231);
#11227 = LINE('',#11228,#11229);
#11228 = CARTESIAN_POINT('',(9.,-1.));
#11229 = VECTOR('',#11230,1.);
#11230 = DIRECTION('',(-1.,-0.));
#11231 = ( GEOMETRIC_REPRESENTATION_CONTEXT(2) 
PARAMETRIC_REPRESENTATION_CONTEXT() REPRESENTATION_CONTEXT('2D SPACE',''
  ) );
#11232 = PCURVE('',#11177,#11233);
#11233 = DEFINITIONAL_REPRESENTATION('',(#11234),#11238);
#11234 = LINE('',#11235,#11236);
#11235 = CARTESIAN_POINT('',(6.,21.));
#11236 = VECTOR('',#11237,1.);
#11237 = DIRECTION('',(0.,1.));
#11238 = ( GEOMETRIC_REPRESENTATION_CONTEXT(2) 
PARAMETRIC_REPRESENTATION_CONTEXT() REPRESENTATION_CONTEXT('2D SPACE',''
  ) );
#11239 = ORIENTED_EDGE('',*,*,#11240,.T.);
#11240 = EDGE_CURVE('',#11218,#11241,#11243,.T.);
#11241 = VERTEX_POINT('',#11242);
#11242 = CARTESIAN_POINT('',(-12.,24.242640687119,55.65153077165));
#11243 = SURFACE_CURVE('',#11244,(#11248,#11255),.PCURVE_S1.);
#11244 = LINE('',#11245,#11246);
#11245 = CARTESIAN_POINT('',(-9.,24.242640687119,55.65153077165));
#11246 = VECTOR('',#11247,1.);
#11247 = DIRECTION('',(-1.,0.,0.));
#11248 = PCURVE('',#9039,#11249);
#11249 = DEFINITIONAL_REPRESENTATION('',(#11250),#11254);
#11250 = LINE('',#11251,#11252);
#11251 = CARTESIAN_POINT('',(9.,-1.));
#11252 = VECTOR('',#11253,1.);
#11253 = DIRECTION('',(-1.,-0.));
#11254 = ( GEOMETRIC_REPRESENTATION_CONTEXT(2) 
PARAMETRIC_REPRESENTATION_CONTEXT() REPRESENTATION_CONTEXT('2D SPACE',''
  ) );
#11255 = PCURVE('',#9897,#11256);
#11256 = DEFINITIONAL_REPRESENTATION('',(#11257),#11261);
#11257 = LINE('',#11258,#11259);
#11258 = CARTESIAN_POINT('',(-9.,-33.));
#11259 = VECTOR('',#11260,1.);
#11260 = DIRECTION('',(-1.,0.));
#11261 = ( GEOMETRIC_REPRESENTATION_CONTEXT(2) 
PARAMETRIC_REPRESENTATION_CONTEXT() REPRESENTATION_CONTEXT('2D SPACE',''
  ) );
#11262 = ORIENTED_EDGE('',*,*,#11263,.T.);
#11263 = EDGE_CURVE('',#11241,#9213,#11264,.T.);
#11264 = SURFACE_CURVE('',#11265,(#11269,#11276),.PCURVE_S1.);
#11265 = LINE('',#11266,#11267);
#11266 = CARTESIAN_POINT('',(-9.,24.242640687119,55.65153077165));
#11267 = VECTOR('',#11268,1.);
#11268 = DIRECTION('',(-1.,0.,0.));
#11269 = PCURVE('',#9039,#11270);
#11270 = DEFINITIONAL_REPRESENTATION('',(#11271),#11275);
#11271 = LINE('',#11272,#11273);
#11272 = CARTESIAN_POINT('',(9.,-1.));
#11273 = VECTOR('',#11274,1.);
#11274 = DIRECTION('',(-1.,-0.));
#11275 = ( GEOMETRIC_REPRESENTATION_CONTEXT(2) 
PARAMETRIC_REPRESENTATION_CONTEXT() REPRESENTATION_CONTEXT('2D SPACE',''
  ) );
#11276 = PCURVE('',#11150,#11277);
#11277 = DEFINITIONAL_REPRESENTATION('',(#11278),#11282);
#11278 = LINE('',#11279,#11280);
#11279 = CARTESIAN_POINT('',(6.,-7.));
#11280 = VECTOR('',#11281,1.);
#11281 = DIRECTION('',(0.,1.));
#11282 = ( GEOMETRIC_REPRESENTATION_CONTEXT(2) 
PARAMETRIC_REPRESENTATION_CONTEXT() REPRESENTATION_CONTEXT('2D SPACE',''
  ) );
#11283 = ORIENTED_EDGE('',*,*,#9240,.T.);
#11284 = ORIENTED_EDGE('',*,*,#11285,.T.);
#11285 = EDGE_CURVE('',#9241,#9024,#11286,.T.);
#11286 = SURFACE_CURVE('',#11287,(#11291,#11298),.PCURVE_S1.);
#11287 = LINE('',#11288,#11289);
#11288 = CARTESIAN_POINT('',(-18.,23.983821642017,54.685604945361));
#11289 = VECTOR('',#11290,1.);
#11290 = DIRECTION('',(0.,0.258819045103,0.965925826289));
#11291 = PCURVE('',#9039,#11292);
#11292 = DEFINITIONAL_REPRESENTATION('',(#11293),#11297);
#11293 = LINE('',#11294,#11295);
#11294 = CARTESIAN_POINT('',(0.,0.));
#11295 = VECTOR('',#11296,1.);
#11296 = DIRECTION('',(0.,-1.));
#11297 = ( GEOMETRIC_REPRESENTATION_CONTEXT(2) 
PARAMETRIC_REPRESENTATION_CONTEXT() REPRESENTATION_CONTEXT('2D SPACE',''
  ) );
#11298 = PCURVE('',#9067,#11299);
#11299 = DEFINITIONAL_REPRESENTATION('',(#11300),#11304);
#11300 = LINE('',#11301,#11302);
#11301 = CARTESIAN_POINT('',(24.,0.));
#11302 = VECTOR('',#11303,1.);
#11303 = DIRECTION('',(0.,-1.));
#11304 = ( GEOMETRIC_REPRESENTATION_CONTEXT(2) 
PARAMETRIC_REPRESENTATION_CONTEXT() REPRESENTATION_CONTEXT('2D SPACE',''
  ) );
#11305 = ORIENTED_EDGE('',*,*,#9023,.F.);
#11306 = ORIENTED_EDGE('',*,*,#11089,.F.);
#11307 = ADVANCED_FACE('',(#11308),#9067,.T.);
#11308 = FACE_BOUND('',#11309,.T.);
#11309 = EDGE_LOOP('',(#11310,#11311,#11312,#11313));
#11310 = ORIENTED_EDGE('',*,*,#9263,.T.);
#11311 = ORIENTED_EDGE('',*,*,#11192,.T.);
#11312 = ORIENTED_EDGE('',*,*,#9051,.F.);
#11313 = ORIENTED_EDGE('',*,*,#11285,.F.);
#11314 = ADVANCED_FACE('',(#11315),#9780,.F.);
#11315 = FACE_BOUND('',#11316,.F.);
#11316 = EDGE_LOOP('',(#11317,#11318,#11341,#11362));
#11317 = ORIENTED_EDGE('',*,*,#9766,.F.);
#11318 = ORIENTED_EDGE('',*,*,#11319,.T.);
#11319 = EDGE_CURVE('',#9738,#11320,#11322,.T.);
#11320 = VERTEX_POINT('',#11321);
#11321 = CARTESIAN_POINT('',(-68.,92.254968280699,46.745168141281));
#11322 = SURFACE_CURVE('',#11323,(#11327,#11334),.PCURVE_S1.);
#11323 = LINE('',#11324,#11325);
#11324 = CARTESIAN_POINT('',(-68.,89.925596874776,38.051835704679));
#11325 = VECTOR('',#11326,1.);
#11326 = DIRECTION('',(0.,0.258819045103,0.965925826289));
#11327 = PCURVE('',#9780,#11328);
#11328 = DEFINITIONAL_REPRESENTATION('',(#11329),#11333);
#11329 = LINE('',#11330,#11331);
#11330 = CARTESIAN_POINT('',(4.,-2.22044604925E-15));
#11331 = VECTOR('',#11332,1.);
#11332 = DIRECTION('',(0.,-1.));
#11333 = ( GEOMETRIC_REPRESENTATION_CONTEXT(2) 
PARAMETRIC_REPRESENTATION_CONTEXT() REPRESENTATION_CONTEXT('2D SPACE',''
  ) );
#11334 = PCURVE('',#9754,#11335);
#11335 = DEFINITIONAL_REPRESENTATION('',(#11336),#11340);
#11336 = LINE('',#11337,#11338);
#11337 = CARTESIAN_POINT('',(1.570796326795,0.));
#11338 = VECTOR('',#11339,1.);
#11339 = DIRECTION('',(0.,1.));
#11340 = ( GEOMETRIC_REPRESENTATION_CONTEXT(2) 
PARAMETRIC_REPRESENTATION_CONTEXT() REPRESENTATION_CONTEXT('2D SPACE',''
  ) );
#11341 = ORIENTED_EDGE('',*,*,#11342,.T.);
#11342 = EDGE_CURVE('',#11320,#11036,#11343,.T.);
#11343 = SURFACE_CURVE('',#11344,(#11348,#11355),.PCURVE_S1.);
#11344 = LINE('',#11345,#11346);
#11345 = CARTESIAN_POINT('',(-68.,96.118671585855,45.709891960871));
#11346 = VECTOR('',#11347,1.);
#11347 = DIRECTION('',(0.,-0.965925826289,0.258819045103));
#11348 = PCURVE('',#9780,#11349);
#11349 = DEFINITIONAL_REPRESENTATION('',(#11350),#11354);
#11350 = LINE('',#11351,#11352);
#11351 = CARTESIAN_POINT('',(8.881784197001E-16,-9.));
#11352 = VECTOR('',#11353,1.);
#11353 = DIRECTION('',(1.,0.));
#11354 = ( GEOMETRIC_REPRESENTATION_CONTEXT(2) 
PARAMETRIC_REPRESENTATION_CONTEXT() REPRESENTATION_CONTEXT('2D SPACE',''
  ) );
#11355 = PCURVE('',#10846,#11356);
#11356 = DEFINITIONAL_REPRESENTATION('',(#11357),#11361);
#11357 = LINE('',#11358,#11359);
#11358 = CARTESIAN_POINT('',(-68.,39.));
#11359 = VECTOR('',#11360,1.);
#11360 = DIRECTION('',(0.,-1.));
#11361 = ( GEOMETRIC_REPRESENTATION_CONTEXT(2) 
PARAMETRIC_REPRESENTATION_CONTEXT() REPRESENTATION_CONTEXT('2D SPACE',''
  ) );
#11362 = ORIENTED_EDGE('',*,*,#11035,.F.);
#11363 = ADVANCED_FACE('',(#11364),#9754,.T.);
#11364 = FACE_BOUND('',#11365,.T.);
#11365 = EDGE_LOOP('',(#11366,#11367,#11368,#11392));
#11366 = ORIENTED_EDGE('',*,*,#9737,.T.);
#11367 = ORIENTED_EDGE('',*,*,#11319,.T.);
#11368 = ORIENTED_EDGE('',*,*,#11369,.F.);
#11369 = EDGE_CURVE('',#11370,#11320,#11372,.T.);
#11370 = VERTEX_POINT('',#11371);
#11371 = CARTESIAN_POINT('',(-64.,96.118671585855,45.709891960871));
#11372 = SURFACE_CURVE('',#11373,(#11378,#11385),.PCURVE_S1.);
#11373 = CIRCLE('',#11374,4.);
#11374 = AXIS2_PLACEMENT_3D('',#11375,#11376,#11377);
#11375 = CARTESIAN_POINT('',(-64.,92.254968280699,46.745168141281));
#11376 = DIRECTION('',(-0.,0.258819045103,0.965925826289));
#11377 = DIRECTION('',(0.,-0.965925826289,0.258819045103));
#11378 = PCURVE('',#9754,#11379);
#11379 = DEFINITIONAL_REPRESENTATION('',(#11380),#11384);
#11380 = LINE('',#11381,#11382);
#11381 = CARTESIAN_POINT('',(-3.14159265359,9.));
#11382 = VECTOR('',#11383,1.);
#11383 = DIRECTION('',(1.,0.));
#11384 = ( GEOMETRIC_REPRESENTATION_CONTEXT(2) 
PARAMETRIC_REPRESENTATION_CONTEXT() REPRESENTATION_CONTEXT('2D SPACE',''
  ) );
#11385 = PCURVE('',#10846,#11386);
#11386 = DEFINITIONAL_REPRESENTATION('',(#11387),#11391);
#11387 = CIRCLE('',#11388,4.);
#11388 = AXIS2_PLACEMENT_2D('',#11389,#11390);
#11389 = CARTESIAN_POINT('',(-64.,35.));
#11390 = DIRECTION('',(0.,-1.));
#11391 = ( GEOMETRIC_REPRESENTATION_CONTEXT(2) 
PARAMETRIC_REPRESENTATION_CONTEXT() REPRESENTATION_CONTEXT('2D SPACE',''
  ) );
#11392 = ORIENTED_EDGE('',*,*,#11393,.F.);
#11393 = EDGE_CURVE('',#9710,#11370,#11394,.T.);
#11394 = SURFACE_CURVE('',#11395,(#11399,#11406),.PCURVE_S1.);
#11395 = LINE('',#11396,#11397);
#11396 = CARTESIAN_POINT('',(-64.,93.789300179932,37.016559524269));
#11397 = VECTOR('',#11398,1.);
#11398 = DIRECTION('',(0.,0.258819045103,0.965925826289));
#11399 = PCURVE('',#9754,#11400);
#11400 = DEFINITIONAL_REPRESENTATION('',(#11401),#11405);
#11401 = LINE('',#11402,#11403);
#11402 = CARTESIAN_POINT('',(0.,0.));
#11403 = VECTOR('',#11404,1.);
#11404 = DIRECTION('',(0.,1.));
#11405 = ( GEOMETRIC_REPRESENTATION_CONTEXT(2) 
PARAMETRIC_REPRESENTATION_CONTEXT() REPRESENTATION_CONTEXT('2D SPACE',''
  ) );
#11406 = PCURVE('',#9725,#11407);
#11407 = DEFINITIONAL_REPRESENTATION('',(#11408),#11412);
#11408 = LINE('',#11409,#11410);
#11409 = CARTESIAN_POINT('',(132.,0.));
#11410 = VECTOR('',#11411,1.);
#11411 = DIRECTION('',(0.,-1.));
#11412 = ( GEOMETRIC_REPRESENTATION_CONTEXT(2) 
PARAMETRIC_REPRESENTATION_CONTEXT() REPRESENTATION_CONTEXT('2D SPACE',''
  ) );
#11413 = ADVANCED_FACE('',(#11414),#9725,.F.);
#11414 = FACE_BOUND('',#11415,.F.);
#11415 = EDGE_LOOP('',(#11416,#11417,#11440,#11461));
#11416 = ORIENTED_EDGE('',*,*,#9709,.F.);
#11417 = ORIENTED_EDGE('',*,*,#11418,.T.);
#11418 = EDGE_CURVE('',#9681,#11419,#11421,.T.);
#11419 = VERTEX_POINT('',#11420);
#11420 = CARTESIAN_POINT('',(64.,96.118671585855,45.709891960871));
#11421 = SURFACE_CURVE('',#11422,(#11426,#11433),.PCURVE_S1.);
#11422 = LINE('',#11423,#11424);
#11423 = CARTESIAN_POINT('',(64.,93.789300179932,37.016559524269));
#11424 = VECTOR('',#11425,1.);
#11425 = DIRECTION('',(0.,0.258819045103,0.965925826289));
#11426 = PCURVE('',#9725,#11427);
#11427 = DEFINITIONAL_REPRESENTATION('',(#11428),#11432);
#11428 = LINE('',#11429,#11430);
#11429 = CARTESIAN_POINT('',(4.,0.));
#11430 = VECTOR('',#11431,1.);
#11431 = DIRECTION('',(0.,-1.));
#11432 = ( GEOMETRIC_REPRESENTATION_CONTEXT(2) 
PARAMETRIC_REPRESENTATION_CONTEXT() REPRESENTATION_CONTEXT('2D SPACE',''
  ) );
#11433 = PCURVE('',#9697,#11434);
#11434 = DEFINITIONAL_REPRESENTATION('',(#11435),#11439);
#11435 = LINE('',#11436,#11437);
#11436 = CARTESIAN_POINT('',(1.570796326795,0.));
#11437 = VECTOR('',#11438,1.);
#11438 = DIRECTION('',(0.,1.));
#11439 = ( GEOMETRIC_REPRESENTATION_CONTEXT(2) 
PARAMETRIC_REPRESENTATION_CONTEXT() REPRESENTATION_CONTEXT('2D SPACE',''
  ) );
#11440 = ORIENTED_EDGE('',*,*,#11441,.T.);
#11441 = EDGE_CURVE('',#11419,#11370,#11442,.T.);
#11442 = SURFACE_CURVE('',#11443,(#11447,#11454),.PCURVE_S1.);
#11443 = LINE('',#11444,#11445);
#11444 = CARTESIAN_POINT('',(68.,96.118671585855,45.709891960871));
#11445 = VECTOR('',#11446,1.);
#11446 = DIRECTION('',(-1.,0.,0.));
#11447 = PCURVE('',#9725,#11448);
#11448 = DEFINITIONAL_REPRESENTATION('',(#11449),#11453);
#11449 = LINE('',#11450,#11451);
#11450 = CARTESIAN_POINT('',(0.,-9.));
#11451 = VECTOR('',#11452,1.);
#11452 = DIRECTION('',(1.,0.));
#11453 = ( GEOMETRIC_REPRESENTATION_CONTEXT(2) 
PARAMETRIC_REPRESENTATION_CONTEXT() REPRESENTATION_CONTEXT('2D SPACE',''
  ) );
#11454 = PCURVE('',#10846,#11455);
#11455 = DEFINITIONAL_REPRESENTATION('',(#11456),#11460);
#11456 = LINE('',#11457,#11458);
#11457 = CARTESIAN_POINT('',(68.,39.));
#11458 = VECTOR('',#11459,1.);
#11459 = DIRECTION('',(-1.,0.));
#11460 = ( GEOMETRIC_REPRESENTATION_CONTEXT(2) 
PARAMETRIC_REPRESENTATION_CONTEXT() REPRESENTATION_CONTEXT('2D SPACE',''
  ) );
#11461 = ORIENTED_EDGE('',*,*,#11393,.F.);
#11462 = ADVANCED_FACE('',(#11463),#9697,.T.);
#11463 = FACE_BOUND('',#11464,.T.);
#11464 = EDGE_LOOP('',(#11465,#11466,#11467,#11491));
#11465 = ORIENTED_EDGE('',*,*,#9680,.T.);
#11466 = ORIENTED_EDGE('',*,*,#11418,.T.);
#11467 = ORIENTED_EDGE('',*,*,#11468,.F.);
#11468 = EDGE_CURVE('',#11469,#11419,#11471,.T.);
#11469 = VERTEX_POINT('',#11470);
#11470 = CARTESIAN_POINT('',(68.,92.254968280699,46.745168141281));
#11471 = SURFACE_CURVE('',#11472,(#11477,#11484),.PCURVE_S1.);
#11472 = CIRCLE('',#11473,4.);
#11473 = AXIS2_PLACEMENT_3D('',#11474,#11475,#11476);
#11474 = CARTESIAN_POINT('',(64.,92.254968280699,46.745168141281));
#11475 = DIRECTION('',(-0.,0.258819045103,0.965925826289));
#11476 = DIRECTION('',(0.,-0.965925826289,0.258819045103));
#11477 = PCURVE('',#9697,#11478);
#11478 = DEFINITIONAL_REPRESENTATION('',(#11479),#11483);
#11479 = LINE('',#11480,#11481);
#11480 = CARTESIAN_POINT('',(-1.570796326795,9.));
#11481 = VECTOR('',#11482,1.);
#11482 = DIRECTION('',(1.,0.));
#11483 = ( GEOMETRIC_REPRESENTATION_CONTEXT(2) 
PARAMETRIC_REPRESENTATION_CONTEXT() REPRESENTATION_CONTEXT('2D SPACE',''
  ) );
#11484 = PCURVE('',#10846,#11485);
#11485 = DEFINITIONAL_REPRESENTATION('',(#11486),#11490);
#11486 = CIRCLE('',#11487,4.);
#11487 = AXIS2_PLACEMENT_2D('',#11488,#11489);
#11488 = CARTESIAN_POINT('',(64.,35.));
#11489 = DIRECTION('',(0.,-1.));
#11490 = ( GEOMETRIC_REPRESENTATION_CONTEXT(2) 
PARAMETRIC_REPRESENTATION_CONTEXT() REPRESENTATION_CONTEXT('2D SPACE',''
  ) );
#11491 = ORIENTED_EDGE('',*,*,#11492,.F.);
#11492 = EDGE_CURVE('',#9653,#11469,#11493,.T.);
#11493 = SURFACE_CURVE('',#11494,(#11498,#11505),.PCURVE_S1.);
#11494 = LINE('',#11495,#11496);
#11495 = CARTESIAN_POINT('',(68.,89.925596874776,38.051835704679));
#11496 = VECTOR('',#11497,1.);
#11497 = DIRECTION('',(0.,0.258819045103,0.965925826289));
#11498 = PCURVE('',#9697,#11499);
#11499 = DEFINITIONAL_REPRESENTATION('',(#11500),#11504);
#11500 = LINE('',#11501,#11502);
#11501 = CARTESIAN_POINT('',(0.,0.));
#11502 = VECTOR('',#11503,1.);
#11503 = DIRECTION('',(0.,1.));
#11504 = ( GEOMETRIC_REPRESENTATION_CONTEXT(2) 
PARAMETRIC_REPRESENTATION_CONTEXT() REPRESENTATION_CONTEXT('2D SPACE',''
  ) );
#11505 = PCURVE('',#9668,#11506);
#11506 = DEFINITIONAL_REPRESENTATION('',(#11507),#11511);
#11507 = LINE('',#11508,#11509);
#11508 = CARTESIAN_POINT('',(74.,-3.552713678801E-15));
#11509 = VECTOR('',#11510,1.);
#11510 = DIRECTION('',(0.,-1.));
#11511 = ( GEOMETRIC_REPRESENTATION_CONTEXT(2) 
PARAMETRIC_REPRESENTATION_CONTEXT() REPRESENTATION_CONTEXT('2D SPACE',''
  ) );
#11512 = ADVANCED_FACE('',(#11513),#9668,.F.);
#11513 = FACE_BOUND('',#11514,.F.);
#11514 = EDGE_LOOP('',(#11515,#11516,#11517,#11538));
#11515 = ORIENTED_EDGE('',*,*,#9652,.F.);
#11516 = ORIENTED_EDGE('',*,*,#10983,.T.);
#11517 = ORIENTED_EDGE('',*,*,#11518,.T.);
#11518 = EDGE_CURVE('',#10984,#11469,#11519,.T.);
#11519 = SURFACE_CURVE('',#11520,(#11524,#11531),.PCURVE_S1.);
#11520 = LINE('',#11521,#11522);
#11521 = CARTESIAN_POINT('',(68.,20.776457135308,65.897777478867));
#11522 = VECTOR('',#11523,1.);
#11523 = DIRECTION('',(0.,0.965925826289,-0.258819045103));
#11524 = PCURVE('',#9668,#11525);
#11525 = DEFINITIONAL_REPRESENTATION('',(#11526),#11530);
#11526 = LINE('',#11527,#11528);
#11527 = CARTESIAN_POINT('',(3.996802888651E-15,-9.));
#11528 = VECTOR('',#11529,1.);
#11529 = DIRECTION('',(1.,0.));
#11530 = ( GEOMETRIC_REPRESENTATION_CONTEXT(2) 
PARAMETRIC_REPRESENTATION_CONTEXT() REPRESENTATION_CONTEXT('2D SPACE',''
  ) );
#11531 = PCURVE('',#10846,#11532);
#11532 = DEFINITIONAL_REPRESENTATION('',(#11533),#11537);
#11533 = LINE('',#11534,#11535);
#11534 = CARTESIAN_POINT('',(68.,-39.));
#11535 = VECTOR('',#11536,1.);
#11536 = DIRECTION('',(0.,1.));
#11537 = ( GEOMETRIC_REPRESENTATION_CONTEXT(2) 
PARAMETRIC_REPRESENTATION_CONTEXT() REPRESENTATION_CONTEXT('2D SPACE',''
  ) );
#11538 = ORIENTED_EDGE('',*,*,#11492,.F.);
#11539 = ADVANCED_FACE('',(#11540),#9483,.F.);
#11540 = FACE_BOUND('',#11541,.F.);
#11541 = EDGE_LOOP('',(#11542,#11543,#11544,#11565,#11566));
#11542 = ORIENTED_EDGE('',*,*,#9819,.F.);
#11543 = ORIENTED_EDGE('',*,*,#9564,.T.);
#11544 = ORIENTED_EDGE('',*,*,#11545,.T.);
#11545 = EDGE_CURVE('',#9542,#9468,#11546,.T.);
#11546 = SURFACE_CURVE('',#11547,(#11551,#11558),.PCURVE_S1.);
#11547 = LINE('',#11548,#11549);
#11548 = CARTESIAN_POINT('',(16.,18.447085729385,57.204445042266));
#11549 = VECTOR('',#11550,1.);
#11550 = DIRECTION('',(0.,0.965925826289,-0.258819045103));
#11551 = PCURVE('',#9483,#11552);
#11552 = DEFINITIONAL_REPRESENTATION('',(#11553),#11557);
#11553 = LINE('',#11554,#11555);
#11554 = CARTESIAN_POINT('',(-11.50819451966,19.008194519667));
#11555 = VECTOR('',#11556,1.);
#11556 = DIRECTION('',(0.,-1.));
#11557 = ( GEOMETRIC_REPRESENTATION_CONTEXT(2) 
PARAMETRIC_REPRESENTATION_CONTEXT() REPRESENTATION_CONTEXT('2D SPACE',''
  ) );
#11558 = PCURVE('',#11177,#11559);
#11559 = DEFINITIONAL_REPRESENTATION('',(#11560),#11564);
#11560 = LINE('',#11561,#11562);
#11561 = CARTESIAN_POINT('',(0.,-4.));
#11562 = VECTOR('',#11563,1.);
#11563 = DIRECTION('',(1.,0.));
#11564 = ( GEOMETRIC_REPRESENTATION_CONTEXT(2) 
PARAMETRIC_REPRESENTATION_CONTEXT() REPRESENTATION_CONTEXT('2D SPACE',''
  ) );
#11565 = ORIENTED_EDGE('',*,*,#9467,.T.);
#11566 = ORIENTED_EDGE('',*,*,#11567,.T.);
#11567 = EDGE_CURVE('',#9440,#9820,#11568,.T.);
#11568 = SURFACE_CURVE('',#11569,(#11573,#11580),.PCURVE_S1.);
#11569 = LINE('',#11570,#11571);
#11570 = CARTESIAN_POINT('',(16.,66.743377043838,44.26349278714));
#11571 = VECTOR('',#11572,1.);
#11572 = DIRECTION('',(0.,-0.93974024612,-0.341889265439));
#11573 = PCURVE('',#9483,#11574);
#11574 = DEFINITIONAL_REPRESENTATION('',(#11575),#11579);
#11575 = LINE('',#11576,#11577);
#11576 = CARTESIAN_POINT('',(-11.50819451966,-30.99180548033));
#11577 = VECTOR('',#11578,1.);
#11578 = DIRECTION('',(0.573462344363,0.819231920519));
#11579 = ( GEOMETRIC_REPRESENTATION_CONTEXT(2) 
PARAMETRIC_REPRESENTATION_CONTEXT() REPRESENTATION_CONTEXT('2D SPACE',''
  ) );
#11580 = PCURVE('',#9455,#11581);
#11581 = DEFINITIONAL_REPRESENTATION('',(#11582),#11586);
#11582 = LINE('',#11583,#11584);
#11583 = CARTESIAN_POINT('',(0.,-4.));
#11584 = VECTOR('',#11585,1.);
#11585 = DIRECTION('',(1.,0.));
#11586 = ( GEOMETRIC_REPRESENTATION_CONTEXT(2) 
PARAMETRIC_REPRESENTATION_CONTEXT() REPRESENTATION_CONTEXT('2D SPACE',''
  ) );
#11587 = ADVANCED_FACE('',(#11588),#9455,.T.);
#11588 = FACE_BOUND('',#11589,.T.);
#11589 = EDGE_LOOP('',(#11590,#11611,#11612,#11613));
#11590 = ORIENTED_EDGE('',*,*,#11591,.F.);
#11591 = EDGE_CURVE('',#9412,#9841,#11592,.T.);
#11592 = SURFACE_CURVE('',#11593,(#11597,#11604),.PCURVE_S1.);
#11593 = LINE('',#11594,#11595);
#11594 = CARTESIAN_POINT('',(12.,66.743377043838,44.26349278714));
#11595 = VECTOR('',#11596,1.);
#11596 = DIRECTION('',(0.,-0.93974024612,-0.341889265439));
#11597 = PCURVE('',#9455,#11598);
#11598 = DEFINITIONAL_REPRESENTATION('',(#11599),#11603);
#11599 = LINE('',#11600,#11601);
#11600 = CARTESIAN_POINT('',(0.,0.));
#11601 = VECTOR('',#11602,1.);
#11602 = DIRECTION('',(1.,0.));
#11603 = ( GEOMETRIC_REPRESENTATION_CONTEXT(2) 
PARAMETRIC_REPRESENTATION_CONTEXT() REPRESENTATION_CONTEXT('2D SPACE',''
  ) );
#11604 = PCURVE('',#9427,#11605);
#11605 = DEFINITIONAL_REPRESENTATION('',(#11606),#11610);
#11606 = LINE('',#11607,#11608);
#11607 = CARTESIAN_POINT('',(-11.50819451966,-30.99180548033));
#11608 = VECTOR('',#11609,1.);
#11609 = DIRECTION('',(0.573462344363,0.819231920519));
#11610 = ( GEOMETRIC_REPRESENTATION_CONTEXT(2) 
PARAMETRIC_REPRESENTATION_CONTEXT() REPRESENTATION_CONTEXT('2D SPACE',''
  ) );
#11611 = ORIENTED_EDGE('',*,*,#9439,.T.);
#11612 = ORIENTED_EDGE('',*,*,#11567,.T.);
#11613 = ORIENTED_EDGE('',*,*,#9840,.F.);
#11614 = ADVANCED_FACE('',(#11615),#9427,.T.);
#11615 = FACE_BOUND('',#11616,.T.);
#11616 = EDGE_LOOP('',(#11617,#11618,#11639,#11660,#11661));
#11617 = ORIENTED_EDGE('',*,*,#9861,.F.);
#11618 = ORIENTED_EDGE('',*,*,#11619,.T.);
#11619 = EDGE_CURVE('',#9862,#11218,#11620,.T.);
#11620 = SURFACE_CURVE('',#11621,(#11625,#11632),.PCURVE_S1.);
#11621 = LINE('',#11622,#11623);
#11622 = CARTESIAN_POINT('',(12.,18.447085729385,57.204445042266));
#11623 = VECTOR('',#11624,1.);
#11624 = DIRECTION('',(0.,0.965925826289,-0.258819045103));
#11625 = PCURVE('',#9427,#11626);
#11626 = DEFINITIONAL_REPRESENTATION('',(#11627),#11631);
#11627 = LINE('',#11628,#11629);
#11628 = CARTESIAN_POINT('',(-11.50819451966,19.008194519667));
#11629 = VECTOR('',#11630,1.);
#11630 = DIRECTION('',(0.,-1.));
#11631 = ( GEOMETRIC_REPRESENTATION_CONTEXT(2) 
PARAMETRIC_REPRESENTATION_CONTEXT() REPRESENTATION_CONTEXT('2D SPACE',''
  ) );
#11632 = PCURVE('',#9897,#11633);
#11633 = DEFINITIONAL_REPRESENTATION('',(#11634),#11638);
#11634 = LINE('',#11635,#11636);
#11635 = CARTESIAN_POINT('',(12.,-39.));
#11636 = VECTOR('',#11637,1.);
#11637 = DIRECTION('',(0.,1.));
#11638 = ( GEOMETRIC_REPRESENTATION_CONTEXT(2) 
PARAMETRIC_REPRESENTATION_CONTEXT() REPRESENTATION_CONTEXT('2D SPACE',''
  ) );
#11639 = ORIENTED_EDGE('',*,*,#11640,.T.);
#11640 = EDGE_CURVE('',#11218,#9389,#11641,.T.);
#11641 = SURFACE_CURVE('',#11642,(#11646,#11653),.PCURVE_S1.);
#11642 = LINE('',#11643,#11644);
#11643 = CARTESIAN_POINT('',(12.,18.447085729385,57.204445042266));
#11644 = VECTOR('',#11645,1.);
#11645 = DIRECTION('',(0.,0.965925826289,-0.258819045103));
#11646 = PCURVE('',#9427,#11647);
#11647 = DEFINITIONAL_REPRESENTATION('',(#11648),#11652);
#11648 = LINE('',#11649,#11650);
#11649 = CARTESIAN_POINT('',(-11.50819451966,19.008194519667));
#11650 = VECTOR('',#11651,1.);
#11651 = DIRECTION('',(0.,-1.));
#11652 = ( GEOMETRIC_REPRESENTATION_CONTEXT(2) 
PARAMETRIC_REPRESENTATION_CONTEXT() REPRESENTATION_CONTEXT('2D SPACE',''
  ) );
#11653 = PCURVE('',#11177,#11654);
#11654 = DEFINITIONAL_REPRESENTATION('',(#11655),#11659);
#11655 = LINE('',#11656,#11657);
#11656 = CARTESIAN_POINT('',(0.,0.));
#11657 = VECTOR('',#11658,1.);
#11658 = DIRECTION('',(1.,0.));
#11659 = ( GEOMETRIC_REPRESENTATION_CONTEXT(2) 
PARAMETRIC_REPRESENTATION_CONTEXT() REPRESENTATION_CONTEXT('2D SPACE',''
  ) );
#11660 = ORIENTED_EDGE('',*,*,#9411,.T.);
#11661 = ORIENTED_EDGE('',*,*,#11591,.T.);
#11662 = ADVANCED_FACE('',(#11663),#9376,.F.);
#11663 = FACE_BOUND('',#11664,.F.);
#11664 = EDGE_LOOP('',(#11665,#11666,#11687,#11708,#11709));
#11665 = ORIENTED_EDGE('',*,*,#9908,.F.);
#11666 = ORIENTED_EDGE('',*,*,#11667,.T.);
#11667 = EDGE_CURVE('',#9883,#11241,#11668,.T.);
#11668 = SURFACE_CURVE('',#11669,(#11673,#11680),.PCURVE_S1.);
#11669 = LINE('',#11670,#11671);
#11670 = CARTESIAN_POINT('',(-12.,18.447085729385,57.204445042266));
#11671 = VECTOR('',#11672,1.);
#11672 = DIRECTION('',(0.,0.965925826289,-0.258819045103));
#11673 = PCURVE('',#9376,#11674);
#11674 = DEFINITIONAL_REPRESENTATION('',(#11675),#11679);
#11675 = LINE('',#11676,#11677);
#11676 = CARTESIAN_POINT('',(-11.50819451966,19.008194519667));
#11677 = VECTOR('',#11678,1.);
#11678 = DIRECTION('',(0.,-1.));
#11679 = ( GEOMETRIC_REPRESENTATION_CONTEXT(2) 
PARAMETRIC_REPRESENTATION_CONTEXT() REPRESENTATION_CONTEXT('2D SPACE',''
  ) );
#11680 = PCURVE('',#9897,#11681);
#11681 = DEFINITIONAL_REPRESENTATION('',(#11682),#11686);
#11682 = LINE('',#11683,#11684);
#11683 = CARTESIAN_POINT('',(-12.,-39.));
#11684 = VECTOR('',#11685,1.);
#11685 = DIRECTION('',(0.,1.));
#11686 = ( GEOMETRIC_REPRESENTATION_CONTEXT(2) 
PARAMETRIC_REPRESENTATION_CONTEXT() REPRESENTATION_CONTEXT('2D SPACE',''
  ) );
#11687 = ORIENTED_EDGE('',*,*,#11688,.T.);
#11688 = EDGE_CURVE('',#11241,#9361,#11689,.T.);
#11689 = SURFACE_CURVE('',#11690,(#11694,#11701),.PCURVE_S1.);
#11690 = LINE('',#11691,#11692);
#11691 = CARTESIAN_POINT('',(-12.,18.447085729385,57.204445042266));
#11692 = VECTOR('',#11693,1.);
#11693 = DIRECTION('',(0.,0.965925826289,-0.258819045103));
#11694 = PCURVE('',#9376,#11695);
#11695 = DEFINITIONAL_REPRESENTATION('',(#11696),#11700);
#11696 = LINE('',#11697,#11698);
#11697 = CARTESIAN_POINT('',(-11.50819451966,19.008194519667));
#11698 = VECTOR('',#11699,1.);
#11699 = DIRECTION('',(0.,-1.));
#11700 = ( GEOMETRIC_REPRESENTATION_CONTEXT(2) 
PARAMETRIC_REPRESENTATION_CONTEXT() REPRESENTATION_CONTEXT('2D SPACE',''
  ) );
#11701 = PCURVE('',#11150,#11702);
#11702 = DEFINITIONAL_REPRESENTATION('',(#11703),#11707);
#11703 = LINE('',#11704,#11705);
#11704 = CARTESIAN_POINT('',(0.,-4.));
#11705 = VECTOR('',#11706,1.);
#11706 = DIRECTION('',(1.,0.));
#11707 = ( GEOMETRIC_REPRESENTATION_CONTEXT(2) 
PARAMETRIC_REPRESENTATION_CONTEXT() REPRESENTATION_CONTEXT('2D SPACE',''
  ) );
#11708 = ORIENTED_EDGE('',*,*,#9360,.T.);
#11709 = ORIENTED_EDGE('',*,*,#11710,.T.);
#11710 = EDGE_CURVE('',#9333,#9909,#11711,.T.);
#11711 = SURFACE_CURVE('',#11712,(#11716,#11723),.PCURVE_S1.);
#11712 = LINE('',#11713,#11714);
#11713 = CARTESIAN_POINT('',(-12.,66.743377043838,44.26349278714));
#11714 = VECTOR('',#11715,1.);
#11715 = DIRECTION('',(0.,-0.93974024612,-0.341889265439));
#11716 = PCURVE('',#9376,#11717);
#11717 = DEFINITIONAL_REPRESENTATION('',(#11718),#11722);
#11718 = LINE('',#11719,#11720);
#11719 = CARTESIAN_POINT('',(-11.50819451966,-30.99180548033));
#11720 = VECTOR('',#11721,1.);
#11721 = DIRECTION('',(0.573462344363,0.819231920519));
#11722 = ( GEOMETRIC_REPRESENTATION_CONTEXT(2) 
PARAMETRIC_REPRESENTATION_CONTEXT() REPRESENTATION_CONTEXT('2D SPACE',''
  ) );
#11723 = PCURVE('',#9348,#11724);
#11724 = DEFINITIONAL_REPRESENTATION('',(#11725),#11729);
#11725 = LINE('',#11726,#11727);
#11726 = CARTESIAN_POINT('',(0.,-4.));
#11727 = VECTOR('',#11728,1.);
#11728 = DIRECTION('',(1.,0.));
#11729 = ( GEOMETRIC_REPRESENTATION_CONTEXT(2) 
PARAMETRIC_REPRESENTATION_CONTEXT() REPRESENTATION_CONTEXT('2D SPACE',''
  ) );
#11730 = ADVANCED_FACE('',(#11731),#9348,.T.);
#11731 = FACE_BOUND('',#11732,.T.);
#11732 = EDGE_LOOP('',(#11733,#11754,#11755,#11756));
#11733 = ORIENTED_EDGE('',*,*,#11734,.F.);
#11734 = EDGE_CURVE('',#9310,#9930,#11735,.T.);
#11735 = SURFACE_CURVE('',#11736,(#11740,#11747),.PCURVE_S1.);
#11736 = LINE('',#11737,#11738);
#11737 = CARTESIAN_POINT('',(-16.,66.743377043838,44.26349278714));
#11738 = VECTOR('',#11739,1.);
#11739 = DIRECTION('',(0.,-0.93974024612,-0.341889265439));
#11740 = PCURVE('',#9348,#11741);
#11741 = DEFINITIONAL_REPRESENTATION('',(#11742),#11746);
#11742 = LINE('',#11743,#11744);
#11743 = CARTESIAN_POINT('',(0.,0.));
#11744 = VECTOR('',#11745,1.);
#11745 = DIRECTION('',(1.,0.));
#11746 = ( GEOMETRIC_REPRESENTATION_CONTEXT(2) 
PARAMETRIC_REPRESENTATION_CONTEXT() REPRESENTATION_CONTEXT('2D SPACE',''
  ) );
#11747 = PCURVE('',#9228,#11748);
#11748 = DEFINITIONAL_REPRESENTATION('',(#11749),#11753);
#11749 = LINE('',#11750,#11751);
#11750 = CARTESIAN_POINT('',(-11.50819451966,-30.99180548033));
#11751 = VECTOR('',#11752,1.);
#11752 = DIRECTION('',(0.573462344363,0.819231920519));
#11753 = ( GEOMETRIC_REPRESENTATION_CONTEXT(2) 
PARAMETRIC_REPRESENTATION_CONTEXT() REPRESENTATION_CONTEXT('2D SPACE',''
  ) );
#11754 = ORIENTED_EDGE('',*,*,#9332,.T.);
#11755 = ORIENTED_EDGE('',*,*,#11710,.T.);
#11756 = ORIENTED_EDGE('',*,*,#9929,.F.);
#11757 = ADVANCED_FACE('',(#11758),#9228,.T.);
#11758 = FACE_BOUND('',#11759,.T.);
#11759 = EDGE_LOOP('',(#11760,#11761,#11762,#11783,#11784));
#11760 = ORIENTED_EDGE('',*,*,#9950,.F.);
#11761 = ORIENTED_EDGE('',*,*,#9212,.T.);
#11762 = ORIENTED_EDGE('',*,*,#11763,.T.);
#11763 = EDGE_CURVE('',#9213,#9287,#11764,.T.);
#11764 = SURFACE_CURVE('',#11765,(#11769,#11776),.PCURVE_S1.);
#11765 = LINE('',#11766,#11767);
#11766 = CARTESIAN_POINT('',(-16.,18.447085729385,57.204445042266));
#11767 = VECTOR('',#11768,1.);
#11768 = DIRECTION('',(0.,0.965925826289,-0.258819045103));
#11769 = PCURVE('',#9228,#11770);
#11770 = DEFINITIONAL_REPRESENTATION('',(#11771),#11775);
#11771 = LINE('',#11772,#11773);
#11772 = CARTESIAN_POINT('',(-11.50819451966,19.008194519667));
#11773 = VECTOR('',#11774,1.);
#11774 = DIRECTION('',(0.,-1.));
#11775 = ( GEOMETRIC_REPRESENTATION_CONTEXT(2) 
PARAMETRIC_REPRESENTATION_CONTEXT() REPRESENTATION_CONTEXT('2D SPACE',''
  ) );
#11776 = PCURVE('',#11150,#11777);
#11777 = DEFINITIONAL_REPRESENTATION('',(#11778),#11782);
#11778 = LINE('',#11779,#11780);
#11779 = CARTESIAN_POINT('',(0.,0.));
#11780 = VECTOR('',#11781,1.);
#11781 = DIRECTION('',(1.,0.));
#11782 = ( GEOMETRIC_REPRESENTATION_CONTEXT(2) 
PARAMETRIC_REPRESENTATION_CONTEXT() REPRESENTATION_CONTEXT('2D SPACE',''
  ) );
#11783 = ORIENTED_EDGE('',*,*,#9309,.T.);
#11784 = ORIENTED_EDGE('',*,*,#11734,.T.);
#11785 = ADVANCED_FACE('',(#11786),#9897,.F.);
#11786 = FACE_BOUND('',#11787,.F.);
#11787 = EDGE_LOOP('',(#11788,#11789,#11790,#11791));
#11788 = ORIENTED_EDGE('',*,*,#11667,.F.);
#11789 = ORIENTED_EDGE('',*,*,#9882,.F.);
#11790 = ORIENTED_EDGE('',*,*,#11619,.T.);
#11791 = ORIENTED_EDGE('',*,*,#11240,.T.);
#11792 = ADVANCED_FACE('',(#11793),#10023,.T.);
#11793 = FACE_BOUND('',#11794,.T.);
#11794 = EDGE_LOOP('',(#11795,#11796,#11817,#11818));
#11795 = ORIENTED_EDGE('',*,*,#10006,.T.);
#11796 = ORIENTED_EDGE('',*,*,#11797,.T.);
#11797 = EDGE_CURVE('',#10009,#10693,#11798,.T.);
#11798 = SURFACE_CURVE('',#11799,(#11803,#11810),.PCURVE_S1.);
#11799 = LINE('',#11800,#11801);
#11800 = CARTESIAN_POINT('',(9.,40.,6.));
#11801 = VECTOR('',#11802,1.);
#11802 = DIRECTION('',(0.,-1.,0.));
#11803 = PCURVE('',#10023,#11804);
#11804 = DEFINITIONAL_REPRESENTATION('',(#11805),#11809);
#11805 = LINE('',#11806,#11807);
#11806 = CARTESIAN_POINT('',(0.,0.));
#11807 = VECTOR('',#11808,1.);
#11808 = DIRECTION('',(0.,-1.));
#11809 = ( GEOMETRIC_REPRESENTATION_CONTEXT(2) 
PARAMETRIC_REPRESENTATION_CONTEXT() REPRESENTATION_CONTEXT('2D SPACE',''
  ) );
#11810 = PCURVE('',#10049,#11811);
#11811 = DEFINITIONAL_REPRESENTATION('',(#11812),#11816);
#11812 = LINE('',#11813,#11814);
#11813 = CARTESIAN_POINT('',(18.,0.));
#11814 = VECTOR('',#11815,1.);
#11815 = DIRECTION('',(0.,-1.));
#11816 = ( GEOMETRIC_REPRESENTATION_CONTEXT(2) 
PARAMETRIC_REPRESENTATION_CONTEXT() REPRESENTATION_CONTEXT('2D SPACE',''
  ) );
#11817 = ORIENTED_EDGE('',*,*,#10690,.F.);
#11818 = ORIENTED_EDGE('',*,*,#11819,.F.);
#11819 = EDGE_CURVE('',#10007,#10691,#11820,.T.);
#11820 = SURFACE_CURVE('',#11821,(#11825,#11832),.PCURVE_S1.);
#11821 = LINE('',#11822,#11823);
#11822 = CARTESIAN_POINT('',(9.,40.,20.));
#11823 = VECTOR('',#11824,1.);
#11824 = DIRECTION('',(0.,-1.,0.));
#11825 = PCURVE('',#10023,#11826);
#11826 = DEFINITIONAL_REPRESENTATION('',(#11827),#11831);
#11827 = LINE('',#11828,#11829);
#11828 = CARTESIAN_POINT('',(14.,0.));
#11829 = VECTOR('',#11830,1.);
#11830 = DIRECTION('',(0.,-1.));
#11831 = ( GEOMETRIC_REPRESENTATION_CONTEXT(2) 
PARAMETRIC_REPRESENTATION_CONTEXT() REPRESENTATION_CONTEXT('2D SPACE',''
  ) );
#11832 = PCURVE('',#10099,#11833);
#11833 = DEFINITIONAL_REPRESENTATION('',(#11834),#11838);
#11834 = LINE('',#11835,#11836);
#11835 = CARTESIAN_POINT('',(0.,0.));
#11836 = VECTOR('',#11837,1.);
#11837 = DIRECTION('',(0.,-1.));
#11838 = ( GEOMETRIC_REPRESENTATION_CONTEXT(2) 
PARAMETRIC_REPRESENTATION_CONTEXT() REPRESENTATION_CONTEXT('2D SPACE',''
  ) );
#11839 = ADVANCED_FACE('',(#11840),#10099,.T.);
#11840 = FACE_BOUND('',#11841,.T.);
#11841 = EDGE_LOOP('',(#11842,#11843,#11844,#11845));
#11842 = ORIENTED_EDGE('',*,*,#10086,.T.);
#11843 = ORIENTED_EDGE('',*,*,#11819,.T.);
#11844 = ORIENTED_EDGE('',*,*,#10755,.F.);
#11845 = ORIENTED_EDGE('',*,*,#11846,.F.);
#11846 = EDGE_CURVE('',#10061,#10735,#11847,.T.);
#11847 = SURFACE_CURVE('',#11848,(#11852,#11859),.PCURVE_S1.);
#11848 = LINE('',#11849,#11850);
#11849 = CARTESIAN_POINT('',(-9.,40.,20.));
#11850 = VECTOR('',#11851,1.);
#11851 = DIRECTION('',(0.,-1.,0.));
#11852 = PCURVE('',#10099,#11853);
#11853 = DEFINITIONAL_REPRESENTATION('',(#11854),#11858);
#11854 = LINE('',#11855,#11856);
#11855 = CARTESIAN_POINT('',(18.,0.));
#11856 = VECTOR('',#11857,1.);
#11857 = DIRECTION('',(0.,-1.));
#11858 = ( GEOMETRIC_REPRESENTATION_CONTEXT(2) 
PARAMETRIC_REPRESENTATION_CONTEXT() REPRESENTATION_CONTEXT('2D SPACE',''
  ) );
#11859 = PCURVE('',#10075,#11860);
#11860 = DEFINITIONAL_REPRESENTATION('',(#11861),#11865);
#11861 = LINE('',#11862,#11863);
#11862 = CARTESIAN_POINT('',(0.,0.));
#11863 = VECTOR('',#11864,1.);
#11864 = DIRECTION('',(0.,-1.));
#11865 = ( GEOMETRIC_REPRESENTATION_CONTEXT(2) 
PARAMETRIC_REPRESENTATION_CONTEXT() REPRESENTATION_CONTEXT('2D SPACE',''
  ) );
#11866 = ADVANCED_FACE('',(#11867),#10075,.T.);
#11867 = FACE_BOUND('',#11868,.T.);
#11868 = EDGE_LOOP('',(#11869,#11870,#11871,#11872));
#11869 = ORIENTED_EDGE('',*,*,#10060,.T.);
#11870 = ORIENTED_EDGE('',*,*,#11846,.T.);
#11871 = ORIENTED_EDGE('',*,*,#10734,.F.);
#11872 = ORIENTED_EDGE('',*,*,#11873,.F.);
#11873 = EDGE_CURVE('',#10035,#10714,#11874,.T.);
#11874 = SURFACE_CURVE('',#11875,(#11879,#11886),.PCURVE_S1.);
#11875 = LINE('',#11876,#11877);
#11876 = CARTESIAN_POINT('',(-9.,40.,6.));
#11877 = VECTOR('',#11878,1.);
#11878 = DIRECTION('',(0.,-1.,0.));
#11879 = PCURVE('',#10075,#11880);
#11880 = DEFINITIONAL_REPRESENTATION('',(#11881),#11885);
#11881 = LINE('',#11882,#11883);
#11882 = CARTESIAN_POINT('',(14.,0.));
#11883 = VECTOR('',#11884,1.);
#11884 = DIRECTION('',(0.,-1.));
#11885 = ( GEOMETRIC_REPRESENTATION_CONTEXT(2) 
PARAMETRIC_REPRESENTATION_CONTEXT() REPRESENTATION_CONTEXT('2D SPACE',''
  ) );
#11886 = PCURVE('',#10049,#11887);
#11887 = DEFINITIONAL_REPRESENTATION('',(#11888),#11892);
#11888 = LINE('',#11889,#11890);
#11889 = CARTESIAN_POINT('',(0.,0.));
#11890 = VECTOR('',#11891,1.);
#11891 = DIRECTION('',(0.,-1.));
#11892 = ( GEOMETRIC_REPRESENTATION_CONTEXT(2) 
PARAMETRIC_REPRESENTATION_CONTEXT() REPRESENTATION_CONTEXT('2D SPACE',''
  ) );
#11893 = ADVANCED_FACE('',(#11894),#10049,.T.);
#11894 = FACE_BOUND('',#11895,.T.);
#11895 = EDGE_LOOP('',(#11896,#11897,#11898,#11899));
#11896 = ORIENTED_EDGE('',*,*,#10034,.T.);
#11897 = ORIENTED_EDGE('',*,*,#11873,.T.);
#11898 = ORIENTED_EDGE('',*,*,#10713,.F.);
#11899 = ORIENTED_EDGE('',*,*,#11797,.F.);
#11900 = ADVANCED_FACE('',(#11901,#11907),#10206,.T.);
#11901 = FACE_BOUND('',#11902,.T.);
#11902 = EDGE_LOOP('',(#11903,#11904,#11905,#11906));
#11903 = ORIENTED_EDGE('',*,*,#10190,.T.);
#11904 = ORIENTED_EDGE('',*,*,#10244,.T.);
#11905 = ORIENTED_EDGE('',*,*,#10324,.T.);
#11906 = ORIENTED_EDGE('',*,*,#10373,.T.);
#11907 = FACE_BOUND('',#11908,.T.);
#11908 = EDGE_LOOP('',(#11909,#11938,#11965,#11992));
#11909 = ORIENTED_EDGE('',*,*,#11910,.T.);
#11910 = EDGE_CURVE('',#11911,#11913,#11915,.T.);
#11911 = VERTEX_POINT('',#11912);
#11912 = CARTESIAN_POINT('',(9.6,9.6,148.));
#11913 = VERTEX_POINT('',#11914);
#11914 = CARTESIAN_POINT('',(9.6,-9.6,148.));
#11915 = SURFACE_CURVE('',#11916,(#11920,#11926),.PCURVE_S1.);
#11916 = LINE('',#11917,#11918);
#11917 = CARTESIAN_POINT('',(9.6,-4.8,148.));
#11918 = VECTOR('',#11919,1.);
#11919 = DIRECTION('',(0.,-1.,0.));
#11920 = PCURVE('',#10206,#11921);
#11921 = DEFINITIONAL_REPRESENTATION('',(#11922),#11925);
#11922 = B_SPLINE_CURVE_WITH_KNOTS('',1,(#11923,#11924),.UNSPECIFIED.,
  .F.,.F.,(2,2),(-14.4,4.8),.PIECEWISE_BEZIER_KNOTS.);
#11923 = CARTESIAN_POINT('',(9.6,9.6));
#11924 = CARTESIAN_POINT('',(9.6,-9.6));
#11925 = ( GEOMETRIC_REPRESENTATION_CONTEXT(2) 
PARAMETRIC_REPRESENTATION_CONTEXT() REPRESENTATION_CONTEXT('2D SPACE',''
  ) );
#11926 = PCURVE('',#11927,#11932);
#11927 = PLANE('',#11928);
#11928 = AXIS2_PLACEMENT_3D('',#11929,#11930,#11931);
#11929 = CARTESIAN_POINT('',(9.6,-9.6,117.9999998));
#11930 = DIRECTION('',(-1.,0.,0.));
#11931 = DIRECTION('',(0.,1.,0.));
#11932 = DEFINITIONAL_REPRESENTATION('',(#11933),#11937);
#11933 = LINE('',#11934,#11935);
#11934 = CARTESIAN_POINT('',(4.8,-30.0000002));
#11935 = VECTOR('',#11936,1.);
#11936 = DIRECTION('',(-1.,0.));
#11937 = ( GEOMETRIC_REPRESENTATION_CONTEXT(2) 
PARAMETRIC_REPRESENTATION_CONTEXT() REPRESENTATION_CONTEXT('2D SPACE',''
  ) );
#11938 = ORIENTED_EDGE('',*,*,#11939,.T.);
#11939 = EDGE_CURVE('',#11913,#11940,#11942,.T.);
#11940 = VERTEX_POINT('',#11941);
#11941 = CARTESIAN_POINT('',(-9.6,-9.6,148.));
#11942 = SURFACE_CURVE('',#11943,(#11947,#11953),.PCURVE_S1.);
#11943 = LINE('',#11944,#11945);
#11944 = CARTESIAN_POINT('',(-4.8,-9.6,148.));
#11945 = VECTOR('',#11946,1.);
#11946 = DIRECTION('',(-1.,0.,0.));
#11947 = PCURVE('',#10206,#11948);
#11948 = DEFINITIONAL_REPRESENTATION('',(#11949),#11952);
#11949 = B_SPLINE_CURVE_WITH_KNOTS('',1,(#11950,#11951),.UNSPECIFIED.,
  .F.,.F.,(2,2),(-14.4,4.8),.PIECEWISE_BEZIER_KNOTS.);
#11950 = CARTESIAN_POINT('',(9.6,-9.6));
#11951 = CARTESIAN_POINT('',(-9.6,-9.6));
#11952 = ( GEOMETRIC_REPRESENTATION_CONTEXT(2) 
PARAMETRIC_REPRESENTATION_CONTEXT() REPRESENTATION_CONTEXT('2D SPACE',''
  ) );
#11953 = PCURVE('',#11954,#11959);
#11954 = PLANE('',#11955);
#11955 = AXIS2_PLACEMENT_3D('',#11956,#11957,#11958);
#11956 = CARTESIAN_POINT('',(-9.6,-9.6,117.9999998));
#11957 = DIRECTION('',(0.,1.,0.));
#11958 = DIRECTION('',(1.,0.,0.));
#11959 = DEFINITIONAL_REPRESENTATION('',(#11960),#11964);
#11960 = LINE('',#11961,#11962);
#11961 = CARTESIAN_POINT('',(4.8,-30.0000002));
#11962 = VECTOR('',#11963,1.);
#11963 = DIRECTION('',(-1.,0.));
#11964 = ( GEOMETRIC_REPRESENTATION_CONTEXT(2) 
PARAMETRIC_REPRESENTATION_CONTEXT() REPRESENTATION_CONTEXT('2D SPACE',''
  ) );
#11965 = ORIENTED_EDGE('',*,*,#11966,.T.);
#11966 = EDGE_CURVE('',#11940,#11967,#11969,.T.);
#11967 = VERTEX_POINT('',#11968);
#11968 = CARTESIAN_POINT('',(-9.6,9.6,148.));
#11969 = SURFACE_CURVE('',#11970,(#11974,#11980),.PCURVE_S1.);
#11970 = LINE('',#11971,#11972);
#11971 = CARTESIAN_POINT('',(-9.6,4.8,148.));
#11972 = VECTOR('',#11973,1.);
#11973 = DIRECTION('',(0.,1.,0.));
#11974 = PCURVE('',#10206,#11975);
#11975 = DEFINITIONAL_REPRESENTATION('',(#11976),#11979);
#11976 = B_SPLINE_CURVE_WITH_KNOTS('',1,(#11977,#11978),.UNSPECIFIED.,
  .F.,.F.,(2,2),(-14.4,4.8),.PIECEWISE_BEZIER_KNOTS.);
#11977 = CARTESIAN_POINT('',(-9.6,-9.6));
#11978 = CARTESIAN_POINT('',(-9.6,9.6));
#11979 = ( GEOMETRIC_REPRESENTATION_CONTEXT(2) 
PARAMETRIC_REPRESENTATION_CONTEXT() REPRESENTATION_CONTEXT('2D SPACE',''
  ) );
#11980 = PCURVE('',#11981,#11986);
#11981 = PLANE('',#11982);
#11982 = AXIS2_PLACEMENT_3D('',#11983,#11984,#11985);
#11983 = CARTESIAN_POINT('',(-9.6,9.6,117.9999998));
#11984 = DIRECTION('',(1.,0.,0.));
#11985 = DIRECTION('',(0.,-1.,0.));
#11986 = DEFINITIONAL_REPRESENTATION('',(#11987),#11991);
#11987 = LINE('',#11988,#11989);
#11988 = CARTESIAN_POINT('',(4.8,-30.0000002));
#11989 = VECTOR('',#11990,1.);
#11990 = DIRECTION('',(-1.,0.));
#11991 = ( GEOMETRIC_REPRESENTATION_CONTEXT(2) 
PARAMETRIC_REPRESENTATION_CONTEXT() REPRESENTATION_CONTEXT('2D SPACE',''
  ) );
#11992 = ORIENTED_EDGE('',*,*,#11993,.T.);
#11993 = EDGE_CURVE('',#11967,#11911,#11994,.T.);
#11994 = SURFACE_CURVE('',#11995,(#11999,#12005),.PCURVE_S1.);
#11995 = LINE('',#11996,#11997);
#11996 = CARTESIAN_POINT('',(4.8,9.6,148.));
#11997 = VECTOR('',#11998,1.);
#11998 = DIRECTION('',(1.,0.,-0.));
#11999 = PCURVE('',#10206,#12000);
#12000 = DEFINITIONAL_REPRESENTATION('',(#12001),#12004);
#12001 = B_SPLINE_CURVE_WITH_KNOTS('',1,(#12002,#12003),.UNSPECIFIED.,
  .F.,.F.,(2,2),(-14.4,4.8),.PIECEWISE_BEZIER_KNOTS.);
#12002 = CARTESIAN_POINT('',(-9.6,9.6));
#12003 = CARTESIAN_POINT('',(9.6,9.6));
#12004 = ( GEOMETRIC_REPRESENTATION_CONTEXT(2) 
PARAMETRIC_REPRESENTATION_CONTEXT() REPRESENTATION_CONTEXT('2D SPACE',''
  ) );
#12005 = PCURVE('',#12006,#12011);
#12006 = PLANE('',#12007);
#12007 = AXIS2_PLACEMENT_3D('',#12008,#12009,#12010);
#12008 = CARTESIAN_POINT('',(9.6,9.6,117.9999998));
#12009 = DIRECTION('',(0.,-1.,0.));
#12010 = DIRECTION('',(-1.,0.,0.));
#12011 = DEFINITIONAL_REPRESENTATION('',(#12012),#12016);
#12012 = LINE('',#12013,#12014);
#12013 = CARTESIAN_POINT('',(4.8,-30.0000002));
#12014 = VECTOR('',#12015,1.);
#12015 = DIRECTION('',(-1.,0.));
#12016 = ( GEOMETRIC_REPRESENTATION_CONTEXT(2) 
PARAMETRIC_REPRESENTATION_CONTEXT() REPRESENTATION_CONTEXT('2D SPACE',''
  ) );
#12017 = ADVANCED_FACE('',(#12018),#10308,.F.);
#12018 = FACE_BOUND('',#12019,.T.);
#12019 = EDGE_LOOP('',(#12020,#12044,#12065,#12066));
#12020 = ORIENTED_EDGE('',*,*,#12021,.T.);
#12021 = EDGE_CURVE('',#12022,#12022,#12024,.T.);
#12022 = VERTEX_POINT('',#12023);
#12023 = CARTESIAN_POINT('',(9.6,2.2,133.));
#12024 = SURFACE_CURVE('',#12025,(#12030,#12037),.PCURVE_S1.);
#12025 = CIRCLE('',#12026,2.2);
#12026 = AXIS2_PLACEMENT_3D('',#12027,#12028,#12029);
#12027 = CARTESIAN_POINT('',(9.6,0.,133.));
#12028 = DIRECTION('',(-1.,0.,0.));
#12029 = DIRECTION('',(0.,1.,0.));
#12030 = PCURVE('',#10308,#12031);
#12031 = DEFINITIONAL_REPRESENTATION('',(#12032),#12036);
#12032 = LINE('',#12033,#12034);
#12033 = CARTESIAN_POINT('',(-6.28318530718,-49.6));
#12034 = VECTOR('',#12035,1.);
#12035 = DIRECTION('',(1.,-0.));
#12036 = ( GEOMETRIC_REPRESENTATION_CONTEXT(2) 
PARAMETRIC_REPRESENTATION_CONTEXT() REPRESENTATION_CONTEXT('2D SPACE',''
  ) );
#12037 = PCURVE('',#11927,#12038);
#12038 = DEFINITIONAL_REPRESENTATION('',(#12039),#12043);
#12039 = CIRCLE('',#12040,2.2);
#12040 = AXIS2_PLACEMENT_2D('',#12041,#12042);
#12041 = CARTESIAN_POINT('',(9.6,-15.0000002));
#12042 = DIRECTION('',(1.,0.));
#12043 = ( GEOMETRIC_REPRESENTATION_CONTEXT(2) 
PARAMETRIC_REPRESENTATION_CONTEXT() REPRESENTATION_CONTEXT('2D SPACE',''
  ) );
#12044 = ORIENTED_EDGE('',*,*,#12045,.T.);
#12045 = EDGE_CURVE('',#12022,#10292,#12046,.T.);
#12046 = SEAM_CURVE('',#12047,(#12051,#12058),.PCURVE_S1.);
#12047 = LINE('',#12048,#12049);
#12048 = CARTESIAN_POINT('',(-40.,2.2,133.));
#12049 = VECTOR('',#12050,1.);
#12050 = DIRECTION('',(1.,0.,0.));
#12051 = PCURVE('',#10308,#12052);
#12052 = DEFINITIONAL_REPRESENTATION('',(#12053),#12057);
#12053 = LINE('',#12054,#12055);
#12054 = CARTESIAN_POINT('',(-6.28318530718,0.));
#12055 = VECTOR('',#12056,1.);
#12056 = DIRECTION('',(-0.,-1.));
#12057 = ( GEOMETRIC_REPRESENTATION_CONTEXT(2) 
PARAMETRIC_REPRESENTATION_CONTEXT() REPRESENTATION_CONTEXT('2D SPACE',''
  ) );
#12058 = PCURVE('',#10308,#12059);
#12059 = DEFINITIONAL_REPRESENTATION('',(#12060),#12064);
#12060 = LINE('',#12061,#12062);
#12061 = CARTESIAN_POINT('',(-0.,0.));
#12062 = VECTOR('',#12063,1.);
#12063 = DIRECTION('',(-0.,-1.));
#12064 = ( GEOMETRIC_REPRESENTATION_CONTEXT(2) 
PARAMETRIC_REPRESENTATION_CONTEXT() REPRESENTATION_CONTEXT('2D SPACE',''
  ) );
#12065 = ORIENTED_EDGE('',*,*,#10291,.F.);
#12066 = ORIENTED_EDGE('',*,*,#12045,.F.);
#12067 = ADVANCED_FACE('',(#12068),#10419,.F.);
#12068 = FACE_BOUND('',#12069,.T.);
#12069 = EDGE_LOOP('',(#12070,#12071,#12094,#12120));
#12070 = ORIENTED_EDGE('',*,*,#10398,.T.);
#12071 = ORIENTED_EDGE('',*,*,#12072,.T.);
#12072 = EDGE_CURVE('',#10399,#12073,#12075,.T.);
#12073 = VERTEX_POINT('',#12074);
#12074 = CARTESIAN_POINT('',(-9.6,2.2,133.));
#12075 = SEAM_CURVE('',#12076,(#12080,#12087),.PCURVE_S1.);
#12076 = LINE('',#12077,#12078);
#12077 = CARTESIAN_POINT('',(-40.,2.2,133.));
#12078 = VECTOR('',#12079,1.);
#12079 = DIRECTION('',(1.,0.,0.));
#12080 = PCURVE('',#10419,#12081);
#12081 = DEFINITIONAL_REPRESENTATION('',(#12082),#12086);
#12082 = LINE('',#12083,#12084);
#12083 = CARTESIAN_POINT('',(-6.28318530718,0.));
#12084 = VECTOR('',#12085,1.);
#12085 = DIRECTION('',(-0.,-1.));
#12086 = ( GEOMETRIC_REPRESENTATION_CONTEXT(2) 
PARAMETRIC_REPRESENTATION_CONTEXT() REPRESENTATION_CONTEXT('2D SPACE',''
  ) );
#12087 = PCURVE('',#10419,#12088);
#12088 = DEFINITIONAL_REPRESENTATION('',(#12089),#12093);
#12089 = LINE('',#12090,#12091);
#12090 = CARTESIAN_POINT('',(-0.,0.));
#12091 = VECTOR('',#12092,1.);
#12092 = DIRECTION('',(-0.,-1.));
#12093 = ( GEOMETRIC_REPRESENTATION_CONTEXT(2) 
PARAMETRIC_REPRESENTATION_CONTEXT() REPRESENTATION_CONTEXT('2D SPACE',''
  ) );
#12094 = ORIENTED_EDGE('',*,*,#12095,.F.);
#12095 = EDGE_CURVE('',#12073,#12073,#12096,.T.);
#12096 = SURFACE_CURVE('',#12097,(#12102,#12109),.PCURVE_S1.);
#12097 = CIRCLE('',#12098,2.2);
#12098 = AXIS2_PLACEMENT_3D('',#12099,#12100,#12101);
#12099 = CARTESIAN_POINT('',(-9.6,0.,133.));
#12100 = DIRECTION('',(-1.,0.,0.));
#12101 = DIRECTION('',(0.,1.,0.));
#12102 = PCURVE('',#10419,#12103);
#12103 = DEFINITIONAL_REPRESENTATION('',(#12104),#12108);
#12104 = LINE('',#12105,#12106);
#12105 = CARTESIAN_POINT('',(-6.28318530718,-30.4));
#12106 = VECTOR('',#12107,1.);
#12107 = DIRECTION('',(1.,-0.));
#12108 = ( GEOMETRIC_REPRESENTATION_CONTEXT(2) 
PARAMETRIC_REPRESENTATION_CONTEXT() REPRESENTATION_CONTEXT('2D SPACE',''
  ) );
#12109 = PCURVE('',#11981,#12110);
#12110 = DEFINITIONAL_REPRESENTATION('',(#12111),#12119);
#12111 = ( BOUNDED_CURVE() B_SPLINE_CURVE(2,(#12112,#12113,#12114,#12115
    ,#12116,#12117,#12118),.UNSPECIFIED.,.T.,.F.) 
B_SPLINE_CURVE_WITH_KNOTS((1,2,2,2,2,1),(-2.094395102393,0.,
    2.094395102393,4.188790204786,6.28318530718,8.377580409573),
.UNSPECIFIED.) CURVE() GEOMETRIC_REPRESENTATION_ITEM() 
RATIONAL_B_SPLINE_CURVE((1.,0.5,1.,0.5,1.,0.5,1.)) REPRESENTATION_ITEM(
  '') );
#12112 = CARTESIAN_POINT('',(7.4,-15.0000002));
#12113 = CARTESIAN_POINT('',(7.4,-11.18948842334));
#12114 = CARTESIAN_POINT('',(10.7,-13.09474431167));
#12115 = CARTESIAN_POINT('',(14.,-15.0000002));
#12116 = CARTESIAN_POINT('',(10.7,-16.90525608832));
#12117 = CARTESIAN_POINT('',(7.4,-18.81051197665));
#12118 = CARTESIAN_POINT('',(7.4,-15.0000002));
#12119 = ( GEOMETRIC_REPRESENTATION_CONTEXT(2) 
PARAMETRIC_REPRESENTATION_CONTEXT() REPRESENTATION_CONTEXT('2D SPACE',''
  ) );
#12120 = ORIENTED_EDGE('',*,*,#12072,.F.);
#12121 = ADVANCED_FACE('',(#12122,#12128),#10556,.F.);
#12122 = FACE_BOUND('',#12123,.F.);
#12123 = EDGE_LOOP('',(#12124,#12125,#12126,#12127));
#12124 = ORIENTED_EDGE('',*,*,#10594,.F.);
#12125 = ORIENTED_EDGE('',*,*,#10645,.F.);
#12126 = ORIENTED_EDGE('',*,*,#10779,.F.);
#12127 = ORIENTED_EDGE('',*,*,#10541,.F.);
#12128 = FACE_BOUND('',#12129,.F.);
#12129 = EDGE_LOOP('',(#12130,#12154,#12176,#12198));
#12130 = ORIENTED_EDGE('',*,*,#12131,.T.);
#12131 = EDGE_CURVE('',#12132,#12134,#12136,.T.);
#12132 = VERTEX_POINT('',#12133);
#12133 = CARTESIAN_POINT('',(9.6,9.6,114.));
#12134 = VERTEX_POINT('',#12135);
#12135 = CARTESIAN_POINT('',(9.6,-9.6,114.));
#12136 = SURFACE_CURVE('',#12137,(#12141,#12147),.PCURVE_S1.);
#12137 = LINE('',#12138,#12139);
#12138 = CARTESIAN_POINT('',(9.6,-4.8,114.));
#12139 = VECTOR('',#12140,1.);
#12140 = DIRECTION('',(0.,-1.,0.));
#12141 = PCURVE('',#10556,#12142);
#12142 = DEFINITIONAL_REPRESENTATION('',(#12143),#12146);
#12143 = B_SPLINE_CURVE_WITH_KNOTS('',1,(#12144,#12145),.UNSPECIFIED.,
  .F.,.F.,(2,2),(-14.4,4.8),.PIECEWISE_BEZIER_KNOTS.);
#12144 = CARTESIAN_POINT('',(9.6,9.6));
#12145 = CARTESIAN_POINT('',(9.6,-9.6));
#12146 = ( GEOMETRIC_REPRESENTATION_CONTEXT(2) 
PARAMETRIC_REPRESENTATION_CONTEXT() REPRESENTATION_CONTEXT('2D SPACE',''
  ) );
#12147 = PCURVE('',#11927,#12148);
#12148 = DEFINITIONAL_REPRESENTATION('',(#12149),#12153);
#12149 = LINE('',#12150,#12151);
#12150 = CARTESIAN_POINT('',(4.8,3.9999998));
#12151 = VECTOR('',#12152,1.);
#12152 = DIRECTION('',(-1.,0.));
#12153 = ( GEOMETRIC_REPRESENTATION_CONTEXT(2) 
PARAMETRIC_REPRESENTATION_CONTEXT() REPRESENTATION_CONTEXT('2D SPACE',''
  ) );
#12154 = ORIENTED_EDGE('',*,*,#12155,.T.);
#12155 = EDGE_CURVE('',#12134,#12156,#12158,.T.);
#12156 = VERTEX_POINT('',#12157);
#12157 = CARTESIAN_POINT('',(-9.6,-9.6,114.));
#12158 = SURFACE_CURVE('',#12159,(#12163,#12169),.PCURVE_S1.);
#12159 = LINE('',#12160,#12161);
#12160 = CARTESIAN_POINT('',(-4.8,-9.6,114.));
#12161 = VECTOR('',#12162,1.);
#12162 = DIRECTION('',(-1.,0.,0.));
#12163 = PCURVE('',#10556,#12164);
#12164 = DEFINITIONAL_REPRESENTATION('',(#12165),#12168);
#12165 = B_SPLINE_CURVE_WITH_KNOTS('',1,(#12166,#12167),.UNSPECIFIED.,
  .F.,.F.,(2,2),(-14.4,4.8),.PIECEWISE_BEZIER_KNOTS.);
#12166 = CARTESIAN_POINT('',(9.6,-9.6));
#12167 = CARTESIAN_POINT('',(-9.6,-9.6));
#12168 = ( GEOMETRIC_REPRESENTATION_CONTEXT(2) 
PARAMETRIC_REPRESENTATION_CONTEXT() REPRESENTATION_CONTEXT('2D SPACE',''
  ) );
#12169 = PCURVE('',#11954,#12170);
#12170 = DEFINITIONAL_REPRESENTATION('',(#12171),#12175);
#12171 = LINE('',#12172,#12173);
#12172 = CARTESIAN_POINT('',(4.8,3.9999998));
#12173 = VECTOR('',#12174,1.);
#12174 = DIRECTION('',(-1.,0.));
#12175 = ( GEOMETRIC_REPRESENTATION_CONTEXT(2) 
PARAMETRIC_REPRESENTATION_CONTEXT() REPRESENTATION_CONTEXT('2D SPACE',''
  ) );
#12176 = ORIENTED_EDGE('',*,*,#12177,.T.);
#12177 = EDGE_CURVE('',#12156,#12178,#12180,.T.);
#12178 = VERTEX_POINT('',#12179);
#12179 = CARTESIAN_POINT('',(-9.6,9.6,114.));
#12180 = SURFACE_CURVE('',#12181,(#12185,#12191),.PCURVE_S1.);
#12181 = LINE('',#12182,#12183);
#12182 = CARTESIAN_POINT('',(-9.6,4.8,114.));
#12183 = VECTOR('',#12184,1.);
#12184 = DIRECTION('',(0.,1.,0.));
#12185 = PCURVE('',#10556,#12186);
#12186 = DEFINITIONAL_REPRESENTATION('',(#12187),#12190);
#12187 = B_SPLINE_CURVE_WITH_KNOTS('',1,(#12188,#12189),.UNSPECIFIED.,
  .F.,.F.,(2,2),(-14.4,4.8),.PIECEWISE_BEZIER_KNOTS.);
#12188 = CARTESIAN_POINT('',(-9.6,-9.6));
#12189 = CARTESIAN_POINT('',(-9.6,9.6));
#12190 = ( GEOMETRIC_REPRESENTATION_CONTEXT(2) 
PARAMETRIC_REPRESENTATION_CONTEXT() REPRESENTATION_CONTEXT('2D SPACE',''
  ) );
#12191 = PCURVE('',#11981,#12192);
#12192 = DEFINITIONAL_REPRESENTATION('',(#12193),#12197);
#12193 = LINE('',#12194,#12195);
#12194 = CARTESIAN_POINT('',(4.8,3.9999998));
#12195 = VECTOR('',#12196,1.);
#12196 = DIRECTION('',(-1.,0.));
#12197 = ( GEOMETRIC_REPRESENTATION_CONTEXT(2) 
PARAMETRIC_REPRESENTATION_CONTEXT() REPRESENTATION_CONTEXT('2D SPACE',''
  ) );
#12198 = ORIENTED_EDGE('',*,*,#12199,.T.);
#12199 = EDGE_CURVE('',#12178,#12132,#12200,.T.);
#12200 = SURFACE_CURVE('',#12201,(#12205,#12211),.PCURVE_S1.);
#12201 = LINE('',#12202,#12203);
#12202 = CARTESIAN_POINT('',(4.8,9.6,114.));
#12203 = VECTOR('',#12204,1.);
#12204 = DIRECTION('',(1.,0.,-0.));
#12205 = PCURVE('',#10556,#12206);
#12206 = DEFINITIONAL_REPRESENTATION('',(#12207),#12210);
#12207 = B_SPLINE_CURVE_WITH_KNOTS('',1,(#12208,#12209),.UNSPECIFIED.,
  .F.,.F.,(2,2),(-14.4,4.8),.PIECEWISE_BEZIER_KNOTS.);
#12208 = CARTESIAN_POINT('',(-9.6,9.6));
#12209 = CARTESIAN_POINT('',(9.6,9.6));
#12210 = ( GEOMETRIC_REPRESENTATION_CONTEXT(2) 
PARAMETRIC_REPRESENTATION_CONTEXT() REPRESENTATION_CONTEXT('2D SPACE',''
  ) );
#12211 = PCURVE('',#12006,#12212);
#12212 = DEFINITIONAL_REPRESENTATION('',(#12213),#12217);
#12213 = LINE('',#12214,#12215);
#12214 = CARTESIAN_POINT('',(4.8,3.9999998));
#12215 = VECTOR('',#12216,1.);
#12216 = DIRECTION('',(-1.,0.));
#12217 = ( GEOMETRIC_REPRESENTATION_CONTEXT(2) 
PARAMETRIC_REPRESENTATION_CONTEXT() REPRESENTATION_CONTEXT('2D SPACE',''
  ) );
#12218 = ADVANCED_FACE('',(#12219,#12231),#10846,.T.);
#12219 = FACE_BOUND('',#12220,.T.);
#12220 = EDGE_LOOP('',(#12221,#12222,#12223,#12224,#12225,#12226,#12227,
    #12228,#12229,#12230));
#12221 = ORIENTED_EDGE('',*,*,#11058,.F.);
#12222 = ORIENTED_EDGE('',*,*,#10830,.T.);
#12223 = ORIENTED_EDGE('',*,*,#10906,.T.);
#12224 = ORIENTED_EDGE('',*,*,#10955,.T.);
#12225 = ORIENTED_EDGE('',*,*,#11006,.T.);
#12226 = ORIENTED_EDGE('',*,*,#11518,.T.);
#12227 = ORIENTED_EDGE('',*,*,#11468,.T.);
#12228 = ORIENTED_EDGE('',*,*,#11441,.T.);
#12229 = ORIENTED_EDGE('',*,*,#11369,.T.);
#12230 = ORIENTED_EDGE('',*,*,#11342,.T.);
#12231 = FACE_BOUND('',#12232,.T.);
#12232 = EDGE_LOOP('',(#12233,#12263,#12291,#12319));
#12233 = ORIENTED_EDGE('',*,*,#12234,.T.);
#12234 = EDGE_CURVE('',#12235,#12237,#12239,.T.);
#12235 = VERTEX_POINT('',#12236);
#12236 = CARTESIAN_POINT('',(65.,93.220894106988,46.486349096178));
#12237 = VERTEX_POINT('',#12238);
#12238 = CARTESIAN_POINT('',(65.,62.311267665737,54.768558539459));
#12239 = SURFACE_CURVE('',#12240,(#12244,#12251),.PCURVE_S1.);
#12240 = LINE('',#12241,#12242);
#12241 = CARTESIAN_POINT('',(65.,60.379416013159,55.286196629664));
#12242 = VECTOR('',#12243,1.);
#12243 = DIRECTION('',(0.,-0.965925826289,0.258819045103));
#12244 = PCURVE('',#10846,#12245);
#12245 = DEFINITIONAL_REPRESENTATION('',(#12246),#12250);
#12246 = LINE('',#12247,#12248);
#12247 = CARTESIAN_POINT('',(65.,2.));
#12248 = VECTOR('',#12249,1.);
#12249 = DIRECTION('',(0.,-1.));
#12250 = ( GEOMETRIC_REPRESENTATION_CONTEXT(2) 
PARAMETRIC_REPRESENTATION_CONTEXT() REPRESENTATION_CONTEXT('2D SPACE',''
  ) );
#12251 = PCURVE('',#12252,#12257);
#12252 = PLANE('',#12253);
#12253 = AXIS2_PLACEMENT_3D('',#12254,#12255,#12256);
#12254 = CARTESIAN_POINT('',(65.,61.53481053043,51.870781060592));
#12255 = DIRECTION('',(-1.,0.,0.));
#12256 = DIRECTION('',(0.,0.965925826289,-0.258819045103));
#12257 = DEFINITIONAL_REPRESENTATION('',(#12258),#12262);
#12258 = LINE('',#12259,#12260);
#12259 = CARTESIAN_POINT('',(-2.,-3.));
#12260 = VECTOR('',#12261,1.);
#12261 = DIRECTION('',(-1.,0.));
#12262 = ( GEOMETRIC_REPRESENTATION_CONTEXT(2) 
PARAMETRIC_REPRESENTATION_CONTEXT() REPRESENTATION_CONTEXT('2D SPACE',''
  ) );
#12263 = ORIENTED_EDGE('',*,*,#12264,.T.);
#12264 = EDGE_CURVE('',#12237,#12265,#12267,.T.);
#12265 = VERTEX_POINT('',#12266);
#12266 = CARTESIAN_POINT('',(-65.,62.311267665737,54.768558539459));
#12267 = SURFACE_CURVE('',#12268,(#12272,#12279),.PCURVE_S1.);
#12268 = LINE('',#12269,#12270);
#12269 = CARTESIAN_POINT('',(-32.5,62.311267665737,54.768558539459));
#12270 = VECTOR('',#12271,1.);
#12271 = DIRECTION('',(-1.,0.,0.));
#12272 = PCURVE('',#10846,#12273);
#12273 = DEFINITIONAL_REPRESENTATION('',(#12274),#12278);
#12274 = LINE('',#12275,#12276);
#12275 = CARTESIAN_POINT('',(-32.5,4.));
#12276 = VECTOR('',#12277,1.);
#12277 = DIRECTION('',(-1.,0.));
#12278 = ( GEOMETRIC_REPRESENTATION_CONTEXT(2) 
PARAMETRIC_REPRESENTATION_CONTEXT() REPRESENTATION_CONTEXT('2D SPACE',''
  ) );
#12279 = PCURVE('',#12280,#12285);
#12280 = PLANE('',#12281);
#12281 = AXIS2_PLACEMENT_3D('',#12282,#12283,#12284);
#12282 = CARTESIAN_POINT('',(-65.,61.53481053043,51.870781060592));
#12283 = DIRECTION('',(0.,0.965925826289,-0.258819045103));
#12284 = DIRECTION('',(1.,0.,0.));
#12285 = DEFINITIONAL_REPRESENTATION('',(#12286),#12290);
#12286 = LINE('',#12287,#12288);
#12287 = CARTESIAN_POINT('',(32.5,-3.));
#12288 = VECTOR('',#12289,1.);
#12289 = DIRECTION('',(-1.,-0.));
#12290 = ( GEOMETRIC_REPRESENTATION_CONTEXT(2) 
PARAMETRIC_REPRESENTATION_CONTEXT() REPRESENTATION_CONTEXT('2D SPACE',''
  ) );
#12291 = ORIENTED_EDGE('',*,*,#12292,.T.);
#12292 = EDGE_CURVE('',#12265,#12293,#12295,.T.);
#12293 = VERTEX_POINT('',#12294);
#12294 = CARTESIAN_POINT('',(-65.,93.220894106988,46.486349096178));
#12295 = SURFACE_CURVE('',#12296,(#12300,#12307),.PCURVE_S1.);
#12296 = LINE('',#12297,#12298);
#12297 = CARTESIAN_POINT('',(-65.,75.834229233784,51.145091908024));
#12298 = VECTOR('',#12299,1.);
#12299 = DIRECTION('',(0.,0.965925826289,-0.258819045103));
#12300 = PCURVE('',#10846,#12301);
#12301 = DEFINITIONAL_REPRESENTATION('',(#12302),#12306);
#12302 = LINE('',#12303,#12304);
#12303 = CARTESIAN_POINT('',(-65.,18.));
#12304 = VECTOR('',#12305,1.);
#12305 = DIRECTION('',(0.,1.));
#12306 = ( GEOMETRIC_REPRESENTATION_CONTEXT(2) 
PARAMETRIC_REPRESENTATION_CONTEXT() REPRESENTATION_CONTEXT('2D SPACE',''
  ) );
#12307 = PCURVE('',#12308,#12313);
#12308 = PLANE('',#12309);
#12309 = AXIS2_PLACEMENT_3D('',#12310,#12311,#12312);
#12310 = CARTESIAN_POINT('',(-65.,92.44443697168,43.588571617311));
#12311 = DIRECTION('',(1.,0.,0.));
#12312 = DIRECTION('',(0.,-0.965925826289,0.258819045103));
#12313 = DEFINITIONAL_REPRESENTATION('',(#12314),#12318);
#12314 = LINE('',#12315,#12316);
#12315 = CARTESIAN_POINT('',(18.,-3.));
#12316 = VECTOR('',#12317,1.);
#12317 = DIRECTION('',(-1.,0.));
#12318 = ( GEOMETRIC_REPRESENTATION_CONTEXT(2) 
PARAMETRIC_REPRESENTATION_CONTEXT() REPRESENTATION_CONTEXT('2D SPACE',''
  ) );
#12319 = ORIENTED_EDGE('',*,*,#12320,.T.);
#12320 = EDGE_CURVE('',#12293,#12235,#12321,.T.);
#12321 = SURFACE_CURVE('',#12322,(#12326,#12333),.PCURVE_S1.);
#12322 = LINE('',#12323,#12324);
#12323 = CARTESIAN_POINT('',(32.5,93.220894106988,46.486349096178));
#12324 = VECTOR('',#12325,1.);
#12325 = DIRECTION('',(1.,0.,0.));
#12326 = PCURVE('',#10846,#12327);
#12327 = DEFINITIONAL_REPRESENTATION('',(#12328),#12332);
#12328 = LINE('',#12329,#12330);
#12329 = CARTESIAN_POINT('',(32.5,36.));
#12330 = VECTOR('',#12331,1.);
#12331 = DIRECTION('',(1.,0.));
#12332 = ( GEOMETRIC_REPRESENTATION_CONTEXT(2) 
PARAMETRIC_REPRESENTATION_CONTEXT() REPRESENTATION_CONTEXT('2D SPACE',''
  ) );
#12333 = PCURVE('',#12334,#12339);
#12334 = PLANE('',#12335);
#12335 = AXIS2_PLACEMENT_3D('',#12336,#12337,#12338);
#12336 = CARTESIAN_POINT('',(65.,92.44443697168,43.588571617311));
#12337 = DIRECTION('',(0.,-0.965925826289,0.258819045103));
#12338 = DIRECTION('',(-1.,0.,0.));
#12339 = DEFINITIONAL_REPRESENTATION('',(#12340),#12344);
#12340 = LINE('',#12341,#12342);
#12341 = CARTESIAN_POINT('',(32.5,-3.));
#12342 = VECTOR('',#12343,1.);
#12343 = DIRECTION('',(-1.,-0.));
#12344 = ( GEOMETRIC_REPRESENTATION_CONTEXT(2) 
PARAMETRIC_REPRESENTATION_CONTEXT() REPRESENTATION_CONTEXT('2D SPACE',''
  ) );
#12345 = ADVANCED_FACE('',(#12346),#11150,.T.);
#12346 = FACE_BOUND('',#12347,.T.);
#12347 = EDGE_LOOP('',(#12348,#12349,#12350,#12351));
#12348 = ORIENTED_EDGE('',*,*,#11763,.F.);
#12349 = ORIENTED_EDGE('',*,*,#11263,.F.);
#12350 = ORIENTED_EDGE('',*,*,#11688,.T.);
#12351 = ORIENTED_EDGE('',*,*,#11136,.F.);
#12352 = ADVANCED_FACE('',(#12353),#11177,.T.);
#12353 = FACE_BOUND('',#12354,.T.);
#12354 = EDGE_LOOP('',(#12355,#12356,#12357,#12358));
#12355 = ORIENTED_EDGE('',*,*,#11640,.F.);
#12356 = ORIENTED_EDGE('',*,*,#11217,.F.);
#12357 = ORIENTED_EDGE('',*,*,#11545,.T.);
#12358 = ORIENTED_EDGE('',*,*,#11163,.F.);
#12359 = ADVANCED_FACE('',(#12360,#12406),#11927,.T.);
#12360 = FACE_BOUND('',#12361,.T.);
#12361 = EDGE_LOOP('',(#12362,#12383,#12384,#12405));
#12362 = ORIENTED_EDGE('',*,*,#12363,.T.);
#12363 = EDGE_CURVE('',#11911,#12132,#12364,.T.);
#12364 = SURFACE_CURVE('',#12365,(#12369,#12376),.PCURVE_S1.);
#12365 = LINE('',#12366,#12367);
#12366 = CARTESIAN_POINT('',(9.6,9.6,148.));
#12367 = VECTOR('',#12368,1.);
#12368 = DIRECTION('',(0.,0.,-1.));
#12369 = PCURVE('',#11927,#12370);
#12370 = DEFINITIONAL_REPRESENTATION('',(#12371),#12375);
#12371 = LINE('',#12372,#12373);
#12372 = CARTESIAN_POINT('',(19.2,-30.0000002));
#12373 = VECTOR('',#12374,1.);
#12374 = DIRECTION('',(0.,1.));
#12375 = ( GEOMETRIC_REPRESENTATION_CONTEXT(2) 
PARAMETRIC_REPRESENTATION_CONTEXT() REPRESENTATION_CONTEXT('2D SPACE',''
  ) );
#12376 = PCURVE('',#12006,#12377);
#12377 = DEFINITIONAL_REPRESENTATION('',(#12378),#12382);
#12378 = LINE('',#12379,#12380);
#12379 = CARTESIAN_POINT('',(0.,-30.0000002));
#12380 = VECTOR('',#12381,1.);
#12381 = DIRECTION('',(0.,1.));
#12382 = ( GEOMETRIC_REPRESENTATION_CONTEXT(2) 
PARAMETRIC_REPRESENTATION_CONTEXT() REPRESENTATION_CONTEXT('2D SPACE',''
  ) );
#12383 = ORIENTED_EDGE('',*,*,#12131,.T.);
#12384 = ORIENTED_EDGE('',*,*,#12385,.T.);
#12385 = EDGE_CURVE('',#12134,#11913,#12386,.T.);
#12386 = SURFACE_CURVE('',#12387,(#12391,#12398),.PCURVE_S1.);
#12387 = LINE('',#12388,#12389);
#12388 = CARTESIAN_POINT('',(9.6,-9.6,114.));
#12389 = VECTOR('',#12390,1.);
#12390 = DIRECTION('',(0.,0.,1.));
#12391 = PCURVE('',#11927,#12392);
#12392 = DEFINITIONAL_REPRESENTATION('',(#12393),#12397);
#12393 = LINE('',#12394,#12395);
#12394 = CARTESIAN_POINT('',(0.,3.9999998));
#12395 = VECTOR('',#12396,1.);
#12396 = DIRECTION('',(0.,-1.));
#12397 = ( GEOMETRIC_REPRESENTATION_CONTEXT(2) 
PARAMETRIC_REPRESENTATION_CONTEXT() REPRESENTATION_CONTEXT('2D SPACE',''
  ) );
#12398 = PCURVE('',#11954,#12399);
#12399 = DEFINITIONAL_REPRESENTATION('',(#12400),#12404);
#12400 = LINE('',#12401,#12402);
#12401 = CARTESIAN_POINT('',(19.2,3.9999998));
#12402 = VECTOR('',#12403,1.);
#12403 = DIRECTION('',(0.,-1.));
#12404 = ( GEOMETRIC_REPRESENTATION_CONTEXT(2) 
PARAMETRIC_REPRESENTATION_CONTEXT() REPRESENTATION_CONTEXT('2D SPACE',''
  ) );
#12405 = ORIENTED_EDGE('',*,*,#11910,.F.);
#12406 = FACE_BOUND('',#12407,.T.);
#12407 = EDGE_LOOP('',(#12408));
#12408 = ORIENTED_EDGE('',*,*,#12021,.F.);
#12409 = ADVANCED_FACE('',(#12410),#12006,.T.);
#12410 = FACE_BOUND('',#12411,.T.);
#12411 = EDGE_LOOP('',(#12412,#12433,#12434,#12435));
#12412 = ORIENTED_EDGE('',*,*,#12413,.T.);
#12413 = EDGE_CURVE('',#11967,#12178,#12414,.T.);
#12414 = SURFACE_CURVE('',#12415,(#12419,#12426),.PCURVE_S1.);
#12415 = LINE('',#12416,#12417);
#12416 = CARTESIAN_POINT('',(-9.6,9.6,148.));
#12417 = VECTOR('',#12418,1.);
#12418 = DIRECTION('',(0.,0.,-1.));
#12419 = PCURVE('',#12006,#12420);
#12420 = DEFINITIONAL_REPRESENTATION('',(#12421),#12425);
#12421 = LINE('',#12422,#12423);
#12422 = CARTESIAN_POINT('',(19.2,-30.0000002));
#12423 = VECTOR('',#12424,1.);
#12424 = DIRECTION('',(0.,1.));
#12425 = ( GEOMETRIC_REPRESENTATION_CONTEXT(2) 
PARAMETRIC_REPRESENTATION_CONTEXT() REPRESENTATION_CONTEXT('2D SPACE',''
  ) );
#12426 = PCURVE('',#11981,#12427);
#12427 = DEFINITIONAL_REPRESENTATION('',(#12428),#12432);
#12428 = LINE('',#12429,#12430);
#12429 = CARTESIAN_POINT('',(0.,-30.0000002));
#12430 = VECTOR('',#12431,1.);
#12431 = DIRECTION('',(0.,1.));
#12432 = ( GEOMETRIC_REPRESENTATION_CONTEXT(2) 
PARAMETRIC_REPRESENTATION_CONTEXT() REPRESENTATION_CONTEXT('2D SPACE',''
  ) );
#12433 = ORIENTED_EDGE('',*,*,#12199,.T.);
#12434 = ORIENTED_EDGE('',*,*,#12363,.F.);
#12435 = ORIENTED_EDGE('',*,*,#11993,.F.);
#12436 = ADVANCED_FACE('',(#12437,#12463),#11981,.T.);
#12437 = FACE_BOUND('',#12438,.T.);
#12438 = EDGE_LOOP('',(#12439,#12460,#12461,#12462));
#12439 = ORIENTED_EDGE('',*,*,#12440,.T.);
#12440 = EDGE_CURVE('',#11940,#12156,#12441,.T.);
#12441 = SURFACE_CURVE('',#12442,(#12446,#12453),.PCURVE_S1.);
#12442 = LINE('',#12443,#12444);
#12443 = CARTESIAN_POINT('',(-9.6,-9.6,148.));
#12444 = VECTOR('',#12445,1.);
#12445 = DIRECTION('',(0.,0.,-1.));
#12446 = PCURVE('',#11981,#12447);
#12447 = DEFINITIONAL_REPRESENTATION('',(#12448),#12452);
#12448 = LINE('',#12449,#12450);
#12449 = CARTESIAN_POINT('',(19.2,-30.0000002));
#12450 = VECTOR('',#12451,1.);
#12451 = DIRECTION('',(0.,1.));
#12452 = ( GEOMETRIC_REPRESENTATION_CONTEXT(2) 
PARAMETRIC_REPRESENTATION_CONTEXT() REPRESENTATION_CONTEXT('2D SPACE',''
  ) );
#12453 = PCURVE('',#11954,#12454);
#12454 = DEFINITIONAL_REPRESENTATION('',(#12455),#12459);
#12455 = LINE('',#12456,#12457);
#12456 = CARTESIAN_POINT('',(0.,-30.0000002));
#12457 = VECTOR('',#12458,1.);
#12458 = DIRECTION('',(0.,1.));
#12459 = ( GEOMETRIC_REPRESENTATION_CONTEXT(2) 
PARAMETRIC_REPRESENTATION_CONTEXT() REPRESENTATION_CONTEXT('2D SPACE',''
  ) );
#12460 = ORIENTED_EDGE('',*,*,#12177,.T.);
#12461 = ORIENTED_EDGE('',*,*,#12413,.F.);
#12462 = ORIENTED_EDGE('',*,*,#11966,.F.);
#12463 = FACE_BOUND('',#12464,.T.);
#12464 = EDGE_LOOP('',(#12465));
#12465 = ORIENTED_EDGE('',*,*,#12095,.T.);
#12466 = ADVANCED_FACE('',(#12467),#11954,.T.);
#12467 = FACE_BOUND('',#12468,.T.);
#12468 = EDGE_LOOP('',(#12469,#12470,#12471,#12472));
#12469 = ORIENTED_EDGE('',*,*,#12385,.F.);
#12470 = ORIENTED_EDGE('',*,*,#12155,.T.);
#12471 = ORIENTED_EDGE('',*,*,#12440,.F.);
#12472 = ORIENTED_EDGE('',*,*,#11939,.F.);
#12473 = ADVANCED_FACE('',(#12474),#12252,.T.);
#12474 = FACE_BOUND('',#12475,.T.);
#12475 = EDGE_LOOP('',(#12476,#12506,#12527,#12528));
#12476 = ORIENTED_EDGE('',*,*,#12477,.F.);
#12477 = EDGE_CURVE('',#12478,#12480,#12482,.T.);
#12478 = VERTEX_POINT('',#12479);
#12479 = CARTESIAN_POINT('',(65.,61.53481053043,51.870781060592));
#12480 = VERTEX_POINT('',#12481);
#12481 = CARTESIAN_POINT('',(65.,92.44443697168,43.588571617311));
#12482 = SURFACE_CURVE('',#12483,(#12487,#12494),.PCURVE_S1.);
#12483 = LINE('',#12484,#12485);
#12484 = CARTESIAN_POINT('',(65.,61.53481053043,51.870781060592));
#12485 = VECTOR('',#12486,1.);
#12486 = DIRECTION('',(0.,0.965925826289,-0.258819045103));
#12487 = PCURVE('',#12252,#12488);
#12488 = DEFINITIONAL_REPRESENTATION('',(#12489),#12493);
#12489 = LINE('',#12490,#12491);
#12490 = CARTESIAN_POINT('',(0.,0.));
#12491 = VECTOR('',#12492,1.);
#12492 = DIRECTION('',(1.,0.));
#12493 = ( GEOMETRIC_REPRESENTATION_CONTEXT(2) 
PARAMETRIC_REPRESENTATION_CONTEXT() REPRESENTATION_CONTEXT('2D SPACE',''
  ) );
#12494 = PCURVE('',#12495,#12500);
#12495 = PLANE('',#12496);
#12496 = AXIS2_PLACEMENT_3D('',#12497,#12498,#12499);
#12497 = CARTESIAN_POINT('',(0.,76.989623751055,47.729676338951));
#12498 = DIRECTION('',(0.,0.258819045103,0.965925826289));
#12499 = DIRECTION('',(1.,0.,0.));
#12500 = DEFINITIONAL_REPRESENTATION('',(#12501),#12505);
#12501 = LINE('',#12502,#12503);
#12502 = CARTESIAN_POINT('',(65.,-16.));
#12503 = VECTOR('',#12504,1.);
#12504 = DIRECTION('',(0.,1.));
#12505 = ( GEOMETRIC_REPRESENTATION_CONTEXT(2) 
PARAMETRIC_REPRESENTATION_CONTEXT() REPRESENTATION_CONTEXT('2D SPACE',''
  ) );
#12506 = ORIENTED_EDGE('',*,*,#12507,.T.);
#12507 = EDGE_CURVE('',#12478,#12237,#12508,.T.);
#12508 = SURFACE_CURVE('',#12509,(#12513,#12520),.PCURVE_S1.);
#12509 = LINE('',#12510,#12511);
#12510 = CARTESIAN_POINT('',(65.,61.53481053043,51.870781060592));
#12511 = VECTOR('',#12512,1.);
#12512 = DIRECTION('',(0.,0.258819045103,0.965925826289));
#12513 = PCURVE('',#12252,#12514);
#12514 = DEFINITIONAL_REPRESENTATION('',(#12515),#12519);
#12515 = LINE('',#12516,#12517);
#12516 = CARTESIAN_POINT('',(0.,0.));
#12517 = VECTOR('',#12518,1.);
#12518 = DIRECTION('',(0.,-1.));
#12519 = ( GEOMETRIC_REPRESENTATION_CONTEXT(2) 
PARAMETRIC_REPRESENTATION_CONTEXT() REPRESENTATION_CONTEXT('2D SPACE',''
  ) );
#12520 = PCURVE('',#12280,#12521);
#12521 = DEFINITIONAL_REPRESENTATION('',(#12522),#12526);
#12522 = LINE('',#12523,#12524);
#12523 = CARTESIAN_POINT('',(130.,0.));
#12524 = VECTOR('',#12525,1.);
#12525 = DIRECTION('',(0.,-1.));
#12526 = ( GEOMETRIC_REPRESENTATION_CONTEXT(2) 
PARAMETRIC_REPRESENTATION_CONTEXT() REPRESENTATION_CONTEXT('2D SPACE',''
  ) );
#12527 = ORIENTED_EDGE('',*,*,#12234,.F.);
#12528 = ORIENTED_EDGE('',*,*,#12529,.F.);
#12529 = EDGE_CURVE('',#12480,#12235,#12530,.T.);
#12530 = SURFACE_CURVE('',#12531,(#12535,#12542),.PCURVE_S1.);
#12531 = LINE('',#12532,#12533);
#12532 = CARTESIAN_POINT('',(65.,92.44443697168,43.588571617311));
#12533 = VECTOR('',#12534,1.);
#12534 = DIRECTION('',(0.,0.258819045103,0.965925826289));
#12535 = PCURVE('',#12252,#12536);
#12536 = DEFINITIONAL_REPRESENTATION('',(#12537),#12541);
#12537 = LINE('',#12538,#12539);
#12538 = CARTESIAN_POINT('',(32.,8.881784197001E-16));
#12539 = VECTOR('',#12540,1.);
#12540 = DIRECTION('',(0.,-1.));
#12541 = ( GEOMETRIC_REPRESENTATION_CONTEXT(2) 
PARAMETRIC_REPRESENTATION_CONTEXT() REPRESENTATION_CONTEXT('2D SPACE',''
  ) );
#12542 = PCURVE('',#12334,#12543);
#12543 = DEFINITIONAL_REPRESENTATION('',(#12544),#12548);
#12544 = LINE('',#12545,#12546);
#12545 = CARTESIAN_POINT('',(0.,-0.));
#12546 = VECTOR('',#12547,1.);
#12547 = DIRECTION('',(0.,-1.));
#12548 = ( GEOMETRIC_REPRESENTATION_CONTEXT(2) 
PARAMETRIC_REPRESENTATION_CONTEXT() REPRESENTATION_CONTEXT('2D SPACE',''
  ) );
#12549 = ADVANCED_FACE('',(#12550),#12334,.T.);
#12550 = FACE_BOUND('',#12551,.T.);
#12551 = EDGE_LOOP('',(#12552,#12575,#12576,#12577));
#12552 = ORIENTED_EDGE('',*,*,#12553,.F.);
#12553 = EDGE_CURVE('',#12480,#12554,#12556,.T.);
#12554 = VERTEX_POINT('',#12555);
#12555 = CARTESIAN_POINT('',(-65.,92.44443697168,43.588571617311));
#12556 = SURFACE_CURVE('',#12557,(#12561,#12568),.PCURVE_S1.);
#12557 = LINE('',#12558,#12559);
#12558 = CARTESIAN_POINT('',(65.,92.44443697168,43.588571617311));
#12559 = VECTOR('',#12560,1.);
#12560 = DIRECTION('',(-1.,0.,0.));
#12561 = PCURVE('',#12334,#12562);
#12562 = DEFINITIONAL_REPRESENTATION('',(#12563),#12567);
#12563 = LINE('',#12564,#12565);
#12564 = CARTESIAN_POINT('',(0.,-0.));
#12565 = VECTOR('',#12566,1.);
#12566 = DIRECTION('',(1.,0.));
#12567 = ( GEOMETRIC_REPRESENTATION_CONTEXT(2) 
PARAMETRIC_REPRESENTATION_CONTEXT() REPRESENTATION_CONTEXT('2D SPACE',''
  ) );
#12568 = PCURVE('',#12495,#12569);
#12569 = DEFINITIONAL_REPRESENTATION('',(#12570),#12574);
#12570 = LINE('',#12571,#12572);
#12571 = CARTESIAN_POINT('',(65.,16.));
#12572 = VECTOR('',#12573,1.);
#12573 = DIRECTION('',(-1.,0.));
#12574 = ( GEOMETRIC_REPRESENTATION_CONTEXT(2) 
PARAMETRIC_REPRESENTATION_CONTEXT() REPRESENTATION_CONTEXT('2D SPACE',''
  ) );
#12575 = ORIENTED_EDGE('',*,*,#12529,.T.);
#12576 = ORIENTED_EDGE('',*,*,#12320,.F.);
#12577 = ORIENTED_EDGE('',*,*,#12578,.F.);
#12578 = EDGE_CURVE('',#12554,#12293,#12579,.T.);
#12579 = SURFACE_CURVE('',#12580,(#12584,#12591),.PCURVE_S1.);
#12580 = LINE('',#12581,#12582);
#12581 = CARTESIAN_POINT('',(-65.,92.44443697168,43.588571617311));
#12582 = VECTOR('',#12583,1.);
#12583 = DIRECTION('',(0.,0.258819045103,0.965925826289));
#12584 = PCURVE('',#12334,#12585);
#12585 = DEFINITIONAL_REPRESENTATION('',(#12586),#12590);
#12586 = LINE('',#12587,#12588);
#12587 = CARTESIAN_POINT('',(130.,0.));
#12588 = VECTOR('',#12589,1.);
#12589 = DIRECTION('',(0.,-1.));
#12590 = ( GEOMETRIC_REPRESENTATION_CONTEXT(2) 
PARAMETRIC_REPRESENTATION_CONTEXT() REPRESENTATION_CONTEXT('2D SPACE',''
  ) );
#12591 = PCURVE('',#12308,#12592);
#12592 = DEFINITIONAL_REPRESENTATION('',(#12593),#12597);
#12593 = LINE('',#12594,#12595);
#12594 = CARTESIAN_POINT('',(0.,0.));
#12595 = VECTOR('',#12596,1.);
#12596 = DIRECTION('',(0.,-1.));
#12597 = ( GEOMETRIC_REPRESENTATION_CONTEXT(2) 
PARAMETRIC_REPRESENTATION_CONTEXT() REPRESENTATION_CONTEXT('2D SPACE',''
  ) );
#12598 = ADVANCED_FACE('',(#12599),#12280,.T.);
#12599 = FACE_BOUND('',#12600,.T.);
#12600 = EDGE_LOOP('',(#12601,#12624,#12645,#12646));
#12601 = ORIENTED_EDGE('',*,*,#12602,.F.);
#12602 = EDGE_CURVE('',#12603,#12478,#12605,.T.);
#12603 = VERTEX_POINT('',#12604);
#12604 = CARTESIAN_POINT('',(-65.,61.53481053043,51.870781060592));
#12605 = SURFACE_CURVE('',#12606,(#12610,#12617),.PCURVE_S1.);
#12606 = LINE('',#12607,#12608);
#12607 = CARTESIAN_POINT('',(-65.,61.53481053043,51.870781060592));
#12608 = VECTOR('',#12609,1.);
#12609 = DIRECTION('',(1.,0.,0.));
#12610 = PCURVE('',#12280,#12611);
#12611 = DEFINITIONAL_REPRESENTATION('',(#12612),#12616);
#12612 = LINE('',#12613,#12614);
#12613 = CARTESIAN_POINT('',(0.,0.));
#12614 = VECTOR('',#12615,1.);
#12615 = DIRECTION('',(1.,0.));
#12616 = ( GEOMETRIC_REPRESENTATION_CONTEXT(2) 
PARAMETRIC_REPRESENTATION_CONTEXT() REPRESENTATION_CONTEXT('2D SPACE',''
  ) );
#12617 = PCURVE('',#12495,#12618);
#12618 = DEFINITIONAL_REPRESENTATION('',(#12619),#12623);
#12619 = LINE('',#12620,#12621);
#12620 = CARTESIAN_POINT('',(-65.,-16.));
#12621 = VECTOR('',#12622,1.);
#12622 = DIRECTION('',(1.,0.));
#12623 = ( GEOMETRIC_REPRESENTATION_CONTEXT(2) 
PARAMETRIC_REPRESENTATION_CONTEXT() REPRESENTATION_CONTEXT('2D SPACE',''
  ) );
#12624 = ORIENTED_EDGE('',*,*,#12625,.T.);
#12625 = EDGE_CURVE('',#12603,#12265,#12626,.T.);
#12626 = SURFACE_CURVE('',#12627,(#12631,#12638),.PCURVE_S1.);
#12627 = LINE('',#12628,#12629);
#12628 = CARTESIAN_POINT('',(-65.,61.53481053043,51.870781060592));
#12629 = VECTOR('',#12630,1.);
#12630 = DIRECTION('',(0.,0.258819045103,0.965925826289));
#12631 = PCURVE('',#12280,#12632);
#12632 = DEFINITIONAL_REPRESENTATION('',(#12633),#12637);
#12633 = LINE('',#12634,#12635);
#12634 = CARTESIAN_POINT('',(0.,0.));
#12635 = VECTOR('',#12636,1.);
#12636 = DIRECTION('',(0.,-1.));
#12637 = ( GEOMETRIC_REPRESENTATION_CONTEXT(2) 
PARAMETRIC_REPRESENTATION_CONTEXT() REPRESENTATION_CONTEXT('2D SPACE',''
  ) );
#12638 = PCURVE('',#12308,#12639);
#12639 = DEFINITIONAL_REPRESENTATION('',(#12640),#12644);
#12640 = LINE('',#12641,#12642);
#12641 = CARTESIAN_POINT('',(32.,-8.881784197001E-16));
#12642 = VECTOR('',#12643,1.);
#12643 = DIRECTION('',(0.,-1.));
#12644 = ( GEOMETRIC_REPRESENTATION_CONTEXT(2) 
PARAMETRIC_REPRESENTATION_CONTEXT() REPRESENTATION_CONTEXT('2D SPACE',''
  ) );
#12645 = ORIENTED_EDGE('',*,*,#12264,.F.);
#12646 = ORIENTED_EDGE('',*,*,#12507,.F.);
#12647 = ADVANCED_FACE('',(#12648),#12308,.T.);
#12648 = FACE_BOUND('',#12649,.T.);
#12649 = EDGE_LOOP('',(#12650,#12671,#12672,#12673));
#12650 = ORIENTED_EDGE('',*,*,#12651,.F.);
#12651 = EDGE_CURVE('',#12554,#12603,#12652,.T.);
#12652 = SURFACE_CURVE('',#12653,(#12657,#12664),.PCURVE_S1.);
#12653 = LINE('',#12654,#12655);
#12654 = CARTESIAN_POINT('',(-65.,92.44443697168,43.588571617311));
#12655 = VECTOR('',#12656,1.);
#12656 = DIRECTION('',(0.,-0.965925826289,0.258819045103));
#12657 = PCURVE('',#12308,#12658);
#12658 = DEFINITIONAL_REPRESENTATION('',(#12659),#12663);
#12659 = LINE('',#12660,#12661);
#12660 = CARTESIAN_POINT('',(0.,0.));
#12661 = VECTOR('',#12662,1.);
#12662 = DIRECTION('',(1.,0.));
#12663 = ( GEOMETRIC_REPRESENTATION_CONTEXT(2) 
PARAMETRIC_REPRESENTATION_CONTEXT() REPRESENTATION_CONTEXT('2D SPACE',''
  ) );
#12664 = PCURVE('',#12495,#12665);
#12665 = DEFINITIONAL_REPRESENTATION('',(#12666),#12670);
#12666 = LINE('',#12667,#12668);
#12667 = CARTESIAN_POINT('',(-65.,16.));
#12668 = VECTOR('',#12669,1.);
#12669 = DIRECTION('',(0.,-1.));
#12670 = ( GEOMETRIC_REPRESENTATION_CONTEXT(2) 
PARAMETRIC_REPRESENTATION_CONTEXT() REPRESENTATION_CONTEXT('2D SPACE',''
  ) );
#12671 = ORIENTED_EDGE('',*,*,#12578,.T.);
#12672 = ORIENTED_EDGE('',*,*,#12292,.F.);
#12673 = ORIENTED_EDGE('',*,*,#12625,.F.);
#12674 = ADVANCED_FACE('',(#12675),#12495,.T.);
#12675 = FACE_BOUND('',#12676,.T.);
#12676 = EDGE_LOOP('',(#12677,#12678,#12679,#12680));
#12677 = ORIENTED_EDGE('',*,*,#12602,.T.);
#12678 = ORIENTED_EDGE('',*,*,#12477,.T.);
#12679 = ORIENTED_EDGE('',*,*,#12553,.T.);
#12680 = ORIENTED_EDGE('',*,*,#12651,.T.);
#12681 = ( GEOMETRIC_REPRESENTATION_CONTEXT(3) 
GLOBAL_UNCERTAINTY_ASSIGNED_CONTEXT((#12685)) 
GLOBAL_UNIT_ASSIGNED_CONTEXT((#12682,#12683,#12684)) 
REPRESENTATION_CONTEXT('Context #1',
  '3D Context with UNIT and UNCERTAINTY') );
#12682 = ( LENGTH_UNIT() NAMED_UNIT(*) SI_UNIT(.MILLI.,.METRE.) );
#12683 = ( NAMED_UNIT(*) PLANE_ANGLE_UNIT() SI_UNIT($,.RADIAN.) );
#12684 = ( NAMED_UNIT(*) SI_UNIT($,.STERADIAN.) SOLID_ANGLE_UNIT() );
#12685 = UNCERTAINTY_MEASURE_WITH_UNIT(LENGTH_MEASURE(1.E-07),#12682,
  'distance_accuracy_value','confusion accuracy');
#12686 = CONTEXT_DEPENDENT_SHAPE_REPRESENTATION(#12687,#12689);
#12687 = ( REPRESENTATION_RELATIONSHIP('','',#7778,#10) 
REPRESENTATION_RELATIONSHIP_WITH_TRANSFORMATION(#12688) 
SHAPE_REPRESENTATION_RELATIONSHIP() );
#12688 = ITEM_DEFINED_TRANSFORMATION('','',#11,#23);
#12689 = PRODUCT_DEFINITION_SHAPE('Placement','Placement of an item',
  #12690);
#12690 = NEXT_ASSEMBLY_USAGE_OCCURRENCE('3','seg1','',#5,#7773,$);
#12691 = PRODUCT_RELATED_PRODUCT_CATEGORY('part',$,(#7775));
#12692 = SHAPE_DEFINITION_REPRESENTATION(#12693,#12699);
#12693 = PRODUCT_DEFINITION_SHAPE('','',#12694);
#12694 = PRODUCT_DEFINITION('design','',#12695,#12698);
#12695 = PRODUCT_DEFINITION_FORMATION('','',#12696);
#12696 = PRODUCT('cap','cap','',(#12697));
#12697 = PRODUCT_CONTEXT('',#2,'mechanical');
#12698 = PRODUCT_DEFINITION_CONTEXT('part definition',#2,'design');
#12699 = ADVANCED_BREP_SHAPE_REPRESENTATION('',(#11,#12700),#14540);
#12700 = MANIFOLD_SOLID_BREP('',#12701);
#12701 = CLOSED_SHELL('',(#12702,#12822,#13008,#13095,#13142,#13198,
    #13330,#13430,#13477,#13524,#13579,#13907,#13934,#13961,#14011,
    #14065,#14310,#14317,#14344,#14371,#14398,#14425,#14432,#14459,
    #14486,#14513));
#12702 = ADVANCED_FACE('',(#12703),#12717,.F.);
#12703 = FACE_BOUND('',#12704,.F.);
#12704 = EDGE_LOOP('',(#12705,#12740,#12768,#12796));
#12705 = ORIENTED_EDGE('',*,*,#12706,.F.);
#12706 = EDGE_CURVE('',#12707,#12709,#12711,.T.);
#12707 = VERTEX_POINT('',#12708);
#12708 = CARTESIAN_POINT('',(-20.,-20.,0.));
#12709 = VERTEX_POINT('',#12710);
#12710 = CARTESIAN_POINT('',(20.,-20.,0.));
#12711 = SURFACE_CURVE('',#12712,(#12716,#12728),.PCURVE_S1.);
#12712 = LINE('',#12713,#12714);
#12713 = CARTESIAN_POINT('',(-20.,-20.,0.));
#12714 = VECTOR('',#12715,1.);
#12715 = DIRECTION('',(1.,0.,0.));
#12716 = PCURVE('',#12717,#12722);
#12717 = PLANE('',#12718);
#12718 = AXIS2_PLACEMENT_3D('',#12719,#12720,#12721);
#12719 = CARTESIAN_POINT('',(-20.,-20.,0.));
#12720 = DIRECTION('',(0.,1.,0.));
#12721 = DIRECTION('',(1.,0.,0.));
#12722 = DEFINITIONAL_REPRESENTATION('',(#12723),#12727);
#12723 = LINE('',#12724,#12725);
#12724 = CARTESIAN_POINT('',(0.,0.));
#12725 = VECTOR('',#12726,1.);
#12726 = DIRECTION('',(1.,0.));
#12727 = ( GEOMETRIC_REPRESENTATION_CONTEXT(2) 
PARAMETRIC_REPRESENTATION_CONTEXT() REPRESENTATION_CONTEXT('2D SPACE',''
  ) );
#12728 = PCURVE('',#12729,#12734);
#12729 = PLANE('',#12730);
#12730 = AXIS2_PLACEMENT_3D('',#12731,#12732,#12733);
#12731 = CARTESIAN_POINT('',(0.,0.,0.));
#12732 = DIRECTION('',(0.,0.,1.));
#12733 = DIRECTION('',(1.,0.,-0.));
#12734 = DEFINITIONAL_REPRESENTATION('',(#12735),#12739);
#12735 = LINE('',#12736,#12737);
#12736 = CARTESIAN_POINT('',(-20.,-20.));
#12737 = VECTOR('',#12738,1.);
#12738 = DIRECTION('',(1.,0.));
#12739 = ( GEOMETRIC_REPRESENTATION_CONTEXT(2) 
PARAMETRIC_REPRESENTATION_CONTEXT() REPRESENTATION_CONTEXT('2D SPACE',''
  ) );
#12740 = ORIENTED_EDGE('',*,*,#12741,.F.);
#12741 = EDGE_CURVE('',#12742,#12707,#12744,.T.);
#12742 = VERTEX_POINT('',#12743);
#12743 = CARTESIAN_POINT('',(-20.,-20.,36.));
#12744 = SURFACE_CURVE('',#12745,(#12749,#12756),.PCURVE_S1.);
#12745 = LINE('',#12746,#12747);
#12746 = CARTESIAN_POINT('',(-20.,-20.,36.));
#12747 = VECTOR('',#12748,1.);
#12748 = DIRECTION('',(0.,0.,-1.));
#12749 = PCURVE('',#12717,#12750);
#12750 = DEFINITIONAL_REPRESENTATION('',(#12751),#12755);
#12751 = LINE('',#12752,#12753);
#12752 = CARTESIAN_POINT('',(0.,-36.));
#12753 = VECTOR('',#12754,1.);
#12754 = DIRECTION('',(0.,1.));
#12755 = ( GEOMETRIC_REPRESENTATION_CONTEXT(2) 
PARAMETRIC_REPRESENTATION_CONTEXT() REPRESENTATION_CONTEXT('2D SPACE',''
  ) );
#12756 = PCURVE('',#12757,#12762);
#12757 = PLANE('',#12758);
#12758 = AXIS2_PLACEMENT_3D('',#12759,#12760,#12761);
#12759 = CARTESIAN_POINT('',(-20.,20.,0.));
#12760 = DIRECTION('',(1.,0.,-0.));
#12761 = DIRECTION('',(0.,-1.,0.));
#12762 = DEFINITIONAL_REPRESENTATION('',(#12763),#12767);
#12763 = LINE('',#12764,#12765);
#12764 = CARTESIAN_POINT('',(40.,-36.));
#12765 = VECTOR('',#12766,1.);
#12766 = DIRECTION('',(0.,1.));
#12767 = ( GEOMETRIC_REPRESENTATION_CONTEXT(2) 
PARAMETRIC_REPRESENTATION_CONTEXT() REPRESENTATION_CONTEXT('2D SPACE',''
  ) );
#12768 = ORIENTED_EDGE('',*,*,#12769,.T.);
#12769 = EDGE_CURVE('',#12742,#12770,#12772,.T.);
#12770 = VERTEX_POINT('',#12771);
#12771 = CARTESIAN_POINT('',(20.,-20.,36.));
#12772 = SURFACE_CURVE('',#12773,(#12777,#12784),.PCURVE_S1.);
#12773 = LINE('',#12774,#12775);
#12774 = CARTESIAN_POINT('',(-20.,-20.,36.));
#12775 = VECTOR('',#12776,1.);
#12776 = DIRECTION('',(1.,0.,0.));
#12777 = PCURVE('',#12717,#12778);
#12778 = DEFINITIONAL_REPRESENTATION('',(#12779),#12783);
#12779 = LINE('',#12780,#12781);
#12780 = CARTESIAN_POINT('',(0.,-36.));
#12781 = VECTOR('',#12782,1.);
#12782 = DIRECTION('',(1.,0.));
#12783 = ( GEOMETRIC_REPRESENTATION_CONTEXT(2) 
PARAMETRIC_REPRESENTATION_CONTEXT() REPRESENTATION_CONTEXT('2D SPACE',''
  ) );
#12784 = PCURVE('',#12785,#12790);
#12785 = PLANE('',#12786);
#12786 = AXIS2_PLACEMENT_3D('',#12787,#12788,#12789);
#12787 = CARTESIAN_POINT('',(0.,0.,36.));
#12788 = DIRECTION('',(0.,0.,1.));
#12789 = DIRECTION('',(1.,0.,-0.));
#12790 = DEFINITIONAL_REPRESENTATION('',(#12791),#12795);
#12791 = LINE('',#12792,#12793);
#12792 = CARTESIAN_POINT('',(-20.,-20.));
#12793 = VECTOR('',#12794,1.);
#12794 = DIRECTION('',(1.,0.));
#12795 = ( GEOMETRIC_REPRESENTATION_CONTEXT(2) 
PARAMETRIC_REPRESENTATION_CONTEXT() REPRESENTATION_CONTEXT('2D SPACE',''
  ) );
#12796 = ORIENTED_EDGE('',*,*,#12797,.F.);
#12797 = EDGE_CURVE('',#12709,#12770,#12798,.T.);
#12798 = SURFACE_CURVE('',#12799,(#12803,#12810),.PCURVE_S1.);
#12799 = LINE('',#12800,#12801);
#12800 = CARTESIAN_POINT('',(20.,-20.,0.));
#12801 = VECTOR('',#12802,1.);
#12802 = DIRECTION('',(0.,0.,1.));
#12803 = PCURVE('',#12717,#12804);
#12804 = DEFINITIONAL_REPRESENTATION('',(#12805),#12809);
#12805 = LINE('',#12806,#12807);
#12806 = CARTESIAN_POINT('',(40.,0.));
#12807 = VECTOR('',#12808,1.);
#12808 = DIRECTION('',(0.,-1.));
#12809 = ( GEOMETRIC_REPRESENTATION_CONTEXT(2) 
PARAMETRIC_REPRESENTATION_CONTEXT() REPRESENTATION_CONTEXT('2D SPACE',''
  ) );
#12810 = PCURVE('',#12811,#12816);
#12811 = PLANE('',#12812);
#12812 = AXIS2_PLACEMENT_3D('',#12813,#12814,#12815);
#12813 = CARTESIAN_POINT('',(20.,-20.,0.));
#12814 = DIRECTION('',(-1.,0.,0.));
#12815 = DIRECTION('',(0.,1.,0.));
#12816 = DEFINITIONAL_REPRESENTATION('',(#12817),#12821);
#12817 = LINE('',#12818,#12819);
#12818 = CARTESIAN_POINT('',(0.,0.));
#12819 = VECTOR('',#12820,1.);
#12820 = DIRECTION('',(0.,-1.));
#12821 = ( GEOMETRIC_REPRESENTATION_CONTEXT(2) 
PARAMETRIC_REPRESENTATION_CONTEXT() REPRESENTATION_CONTEXT('2D SPACE',''
  ) );
#12822 = ADVANCED_FACE('',(#12823,#12898),#12729,.F.);
#12823 = FACE_BOUND('',#12824,.F.);
#12824 = EDGE_LOOP('',(#12825,#12848,#12849,#12872));
#12825 = ORIENTED_EDGE('',*,*,#12826,.F.);
#12826 = EDGE_CURVE('',#12707,#12827,#12829,.T.);
#12827 = VERTEX_POINT('',#12828);
#12828 = CARTESIAN_POINT('',(-20.,21.,0.));
#12829 = SURFACE_CURVE('',#12830,(#12834,#12841),.PCURVE_S1.);
#12830 = LINE('',#12831,#12832);
#12831 = CARTESIAN_POINT('',(-20.,-20.,0.));
#12832 = VECTOR('',#12833,1.);
#12833 = DIRECTION('',(0.,1.,0.));
#12834 = PCURVE('',#12729,#12835);
#12835 = DEFINITIONAL_REPRESENTATION('',(#12836),#12840);
#12836 = LINE('',#12837,#12838);
#12837 = CARTESIAN_POINT('',(-20.,-20.));
#12838 = VECTOR('',#12839,1.);
#12839 = DIRECTION('',(0.,1.));
#12840 = ( GEOMETRIC_REPRESENTATION_CONTEXT(2) 
PARAMETRIC_REPRESENTATION_CONTEXT() REPRESENTATION_CONTEXT('2D SPACE',''
  ) );
#12841 = PCURVE('',#12757,#12842);
#12842 = DEFINITIONAL_REPRESENTATION('',(#12843),#12847);
#12843 = LINE('',#12844,#12845);
#12844 = CARTESIAN_POINT('',(40.,0.));
#12845 = VECTOR('',#12846,1.);
#12846 = DIRECTION('',(-1.,0.));
#12847 = ( GEOMETRIC_REPRESENTATION_CONTEXT(2) 
PARAMETRIC_REPRESENTATION_CONTEXT() REPRESENTATION_CONTEXT('2D SPACE',''
  ) );
#12848 = ORIENTED_EDGE('',*,*,#12706,.T.);
#12849 = ORIENTED_EDGE('',*,*,#12850,.F.);
#12850 = EDGE_CURVE('',#12851,#12709,#12853,.T.);
#12851 = VERTEX_POINT('',#12852);
#12852 = CARTESIAN_POINT('',(20.,21.,0.));
#12853 = SURFACE_CURVE('',#12854,(#12858,#12865),.PCURVE_S1.);
#12854 = LINE('',#12855,#12856);
#12855 = CARTESIAN_POINT('',(20.,21.3,0.));
#12856 = VECTOR('',#12857,1.);
#12857 = DIRECTION('',(0.,-1.,0.));
#12858 = PCURVE('',#12729,#12859);
#12859 = DEFINITIONAL_REPRESENTATION('',(#12860),#12864);
#12860 = LINE('',#12861,#12862);
#12861 = CARTESIAN_POINT('',(20.,21.3));
#12862 = VECTOR('',#12863,1.);
#12863 = DIRECTION('',(0.,-1.));
#12864 = ( GEOMETRIC_REPRESENTATION_CONTEXT(2) 
PARAMETRIC_REPRESENTATION_CONTEXT() REPRESENTATION_CONTEXT('2D SPACE',''
  ) );
#12865 = PCURVE('',#12811,#12866);
#12866 = DEFINITIONAL_REPRESENTATION('',(#12867),#12871);
#12867 = LINE('',#12868,#12869);
#12868 = CARTESIAN_POINT('',(41.3,0.));
#12869 = VECTOR('',#12870,1.);
#12870 = DIRECTION('',(-1.,0.));
#12871 = ( GEOMETRIC_REPRESENTATION_CONTEXT(2) 
PARAMETRIC_REPRESENTATION_CONTEXT() REPRESENTATION_CONTEXT('2D SPACE',''
  ) );
#12872 = ORIENTED_EDGE('',*,*,#12873,.F.);
#12873 = EDGE_CURVE('',#12827,#12851,#12874,.T.);
#12874 = SURFACE_CURVE('',#12875,(#12879,#12886),.PCURVE_S1.);
#12875 = LINE('',#12876,#12877);
#12876 = CARTESIAN_POINT('',(-45.95,21.,0.));
#12877 = VECTOR('',#12878,1.);
#12878 = DIRECTION('',(1.,0.,0.));
#12879 = PCURVE('',#12729,#12880);
#12880 = DEFINITIONAL_REPRESENTATION('',(#12881),#12885);
#12881 = LINE('',#12882,#12883);
#12882 = CARTESIAN_POINT('',(-45.95,21.));
#12883 = VECTOR('',#12884,1.);
#12884 = DIRECTION('',(1.,0.));
#12885 = ( GEOMETRIC_REPRESENTATION_CONTEXT(2) 
PARAMETRIC_REPRESENTATION_CONTEXT() REPRESENTATION_CONTEXT('2D SPACE',''
  ) );
#12886 = PCURVE('',#12887,#12892);
#12887 = PLANE('',#12888);
#12888 = AXIS2_PLACEMENT_3D('',#12889,#12890,#12891);
#12889 = CARTESIAN_POINT('',(-1.161254726472E-15,23.944881550343,
    -0.57242698613));
#12890 = DIRECTION('',(0.,0.190808995377,0.981627183448));
#12891 = DIRECTION('',(1.,0.,0.));
#12892 = DEFINITIONAL_REPRESENTATION('',(#12893),#12897);
#12893 = LINE('',#12894,#12895);
#12894 = CARTESIAN_POINT('',(-45.95,-3.));
#12895 = VECTOR('',#12896,1.);
#12896 = DIRECTION('',(1.,0.));
#12897 = ( GEOMETRIC_REPRESENTATION_CONTEXT(2) 
PARAMETRIC_REPRESENTATION_CONTEXT() REPRESENTATION_CONTEXT('2D SPACE',''
  ) );
#12898 = FACE_BOUND('',#12899,.F.);
#12899 = EDGE_LOOP('',(#12900,#12929,#12956,#12983));
#12900 = ORIENTED_EDGE('',*,*,#12901,.T.);
#12901 = EDGE_CURVE('',#12902,#12904,#12906,.T.);
#12902 = VERTEX_POINT('',#12903);
#12903 = CARTESIAN_POINT('',(15.,15.,0.));
#12904 = VERTEX_POINT('',#12905);
#12905 = CARTESIAN_POINT('',(15.,-15.,0.));
#12906 = SURFACE_CURVE('',#12907,(#12911,#12918),.PCURVE_S1.);
#12907 = LINE('',#12908,#12909);
#12908 = CARTESIAN_POINT('',(15.,-7.5,0.));
#12909 = VECTOR('',#12910,1.);
#12910 = DIRECTION('',(0.,-1.,0.));
#12911 = PCURVE('',#12729,#12912);
#12912 = DEFINITIONAL_REPRESENTATION('',(#12913),#12917);
#12913 = LINE('',#12914,#12915);
#12914 = CARTESIAN_POINT('',(15.,-7.5));
#12915 = VECTOR('',#12916,1.);
#12916 = DIRECTION('',(0.,-1.));
#12917 = ( GEOMETRIC_REPRESENTATION_CONTEXT(2) 
PARAMETRIC_REPRESENTATION_CONTEXT() REPRESENTATION_CONTEXT('2D SPACE',''
  ) );
#12918 = PCURVE('',#12919,#12924);
#12919 = PLANE('',#12920);
#12920 = AXIS2_PLACEMENT_3D('',#12921,#12922,#12923);
#12921 = CARTESIAN_POINT('',(15.,-15.,-4.0000002));
#12922 = DIRECTION('',(-1.,0.,0.));
#12923 = DIRECTION('',(0.,1.,0.));
#12924 = DEFINITIONAL_REPRESENTATION('',(#12925),#12928);
#12925 = B_SPLINE_CURVE_WITH_KNOTS('',1,(#12926,#12927),.UNSPECIFIED.,
  .F.,.F.,(2,2),(-22.5,7.5),.PIECEWISE_BEZIER_KNOTS.);
#12926 = CARTESIAN_POINT('',(30.,-4.0000002));
#12927 = CARTESIAN_POINT('',(0.,-4.0000002));
#12928 = ( GEOMETRIC_REPRESENTATION_CONTEXT(2) 
PARAMETRIC_REPRESENTATION_CONTEXT() REPRESENTATION_CONTEXT('2D SPACE',''
  ) );
#12929 = ORIENTED_EDGE('',*,*,#12930,.T.);
#12930 = EDGE_CURVE('',#12904,#12931,#12933,.T.);
#12931 = VERTEX_POINT('',#12932);
#12932 = CARTESIAN_POINT('',(-15.,-15.,0.));
#12933 = SURFACE_CURVE('',#12934,(#12938,#12945),.PCURVE_S1.);
#12934 = LINE('',#12935,#12936);
#12935 = CARTESIAN_POINT('',(-7.5,-15.,0.));
#12936 = VECTOR('',#12937,1.);
#12937 = DIRECTION('',(-1.,0.,0.));
#12938 = PCURVE('',#12729,#12939);
#12939 = DEFINITIONAL_REPRESENTATION('',(#12940),#12944);
#12940 = LINE('',#12941,#12942);
#12941 = CARTESIAN_POINT('',(-7.5,-15.));
#12942 = VECTOR('',#12943,1.);
#12943 = DIRECTION('',(-1.,0.));
#12944 = ( GEOMETRIC_REPRESENTATION_CONTEXT(2) 
PARAMETRIC_REPRESENTATION_CONTEXT() REPRESENTATION_CONTEXT('2D SPACE',''
  ) );
#12945 = PCURVE('',#12946,#12951);
#12946 = PLANE('',#12947);
#12947 = AXIS2_PLACEMENT_3D('',#12948,#12949,#12950);
#12948 = CARTESIAN_POINT('',(-15.,-15.,-4.0000002));
#12949 = DIRECTION('',(0.,1.,0.));
#12950 = DIRECTION('',(1.,0.,0.));
#12951 = DEFINITIONAL_REPRESENTATION('',(#12952),#12955);
#12952 = B_SPLINE_CURVE_WITH_KNOTS('',1,(#12953,#12954),.UNSPECIFIED.,
  .F.,.F.,(2,2),(-22.5,7.5),.PIECEWISE_BEZIER_KNOTS.);
#12953 = CARTESIAN_POINT('',(30.,-4.0000002));
#12954 = CARTESIAN_POINT('',(0.,-4.0000002));
#12955 = ( GEOMETRIC_REPRESENTATION_CONTEXT(2) 
PARAMETRIC_REPRESENTATION_CONTEXT() REPRESENTATION_CONTEXT('2D SPACE',''
  ) );
#12956 = ORIENTED_EDGE('',*,*,#12957,.T.);
#12957 = EDGE_CURVE('',#12931,#12958,#12960,.T.);
#12958 = VERTEX_POINT('',#12959);
#12959 = CARTESIAN_POINT('',(-15.,15.,0.));
#12960 = SURFACE_CURVE('',#12961,(#12965,#12972),.PCURVE_S1.);
#12961 = LINE('',#12962,#12963);
#12962 = CARTESIAN_POINT('',(-15.,7.5,0.));
#12963 = VECTOR('',#12964,1.);
#12964 = DIRECTION('',(0.,1.,0.));
#12965 = PCURVE('',#12729,#12966);
#12966 = DEFINITIONAL_REPRESENTATION('',(#12967),#12971);
#12967 = LINE('',#12968,#12969);
#12968 = CARTESIAN_POINT('',(-15.,7.5));
#12969 = VECTOR('',#12970,1.);
#12970 = DIRECTION('',(0.,1.));
#12971 = ( GEOMETRIC_REPRESENTATION_CONTEXT(2) 
PARAMETRIC_REPRESENTATION_CONTEXT() REPRESENTATION_CONTEXT('2D SPACE',''
  ) );
#12972 = PCURVE('',#12973,#12978);
#12973 = PLANE('',#12974);
#12974 = AXIS2_PLACEMENT_3D('',#12975,#12976,#12977);
#12975 = CARTESIAN_POINT('',(-15.,15.,-4.0000002));
#12976 = DIRECTION('',(1.,0.,0.));
#12977 = DIRECTION('',(0.,-1.,0.));
#12978 = DEFINITIONAL_REPRESENTATION('',(#12979),#12982);
#12979 = B_SPLINE_CURVE_WITH_KNOTS('',1,(#12980,#12981),.UNSPECIFIED.,
  .F.,.F.,(2,2),(-22.5,7.5),.PIECEWISE_BEZIER_KNOTS.);
#12980 = CARTESIAN_POINT('',(30.,-4.0000002));
#12981 = CARTESIAN_POINT('',(0.,-4.0000002));
#12982 = ( GEOMETRIC_REPRESENTATION_CONTEXT(2) 
PARAMETRIC_REPRESENTATION_CONTEXT() REPRESENTATION_CONTEXT('2D SPACE',''
  ) );
#12983 = ORIENTED_EDGE('',*,*,#12984,.T.);
#12984 = EDGE_CURVE('',#12958,#12902,#12985,.T.);
#12985 = SURFACE_CURVE('',#12986,(#12990,#12997),.PCURVE_S1.);
#12986 = LINE('',#12987,#12988);
#12987 = CARTESIAN_POINT('',(7.5,15.,0.));
#12988 = VECTOR('',#12989,1.);
#12989 = DIRECTION('',(1.,0.,-0.));
#12990 = PCURVE('',#12729,#12991);
#12991 = DEFINITIONAL_REPRESENTATION('',(#12992),#12996);
#12992 = LINE('',#12993,#12994);
#12993 = CARTESIAN_POINT('',(7.5,15.));
#12994 = VECTOR('',#12995,1.);
#12995 = DIRECTION('',(1.,0.));
#12996 = ( GEOMETRIC_REPRESENTATION_CONTEXT(2) 
PARAMETRIC_REPRESENTATION_CONTEXT() REPRESENTATION_CONTEXT('2D SPACE',''
  ) );
#12997 = PCURVE('',#12998,#13003);
#12998 = PLANE('',#12999);
#12999 = AXIS2_PLACEMENT_3D('',#13000,#13001,#13002);
#13000 = CARTESIAN_POINT('',(15.,15.,-4.0000002));
#13001 = DIRECTION('',(0.,-1.,0.));
#13002 = DIRECTION('',(-1.,0.,0.));
#13003 = DEFINITIONAL_REPRESENTATION('',(#13004),#13007);
#13004 = B_SPLINE_CURVE_WITH_KNOTS('',1,(#13005,#13006),.UNSPECIFIED.,
  .F.,.F.,(2,2),(-22.5,7.5),.PIECEWISE_BEZIER_KNOTS.);
#13005 = CARTESIAN_POINT('',(30.,-4.0000002));
#13006 = CARTESIAN_POINT('',(0.,-4.0000002));
#13007 = ( GEOMETRIC_REPRESENTATION_CONTEXT(2) 
PARAMETRIC_REPRESENTATION_CONTEXT() REPRESENTATION_CONTEXT('2D SPACE',''
  ) );
#13008 = ADVANCED_FACE('',(#13009,#13060),#12757,.F.);
#13009 = FACE_BOUND('',#13010,.F.);
#13010 = EDGE_LOOP('',(#13011,#13012,#13013,#13039));
#13011 = ORIENTED_EDGE('',*,*,#12741,.T.);
#13012 = ORIENTED_EDGE('',*,*,#12826,.T.);
#13013 = ORIENTED_EDGE('',*,*,#13014,.T.);
#13014 = EDGE_CURVE('',#12827,#13015,#13017,.T.);
#13015 = VERTEX_POINT('',#13016);
#13016 = CARTESIAN_POINT('',(-20.,27.997691128958,36.));
#13017 = SURFACE_CURVE('',#13018,(#13022,#13028),.PCURVE_S1.);
#13018 = LINE('',#13019,#13020);
#13019 = CARTESIAN_POINT('',(-20.,20.981795963642,-9.365164835398E-02));
#13020 = VECTOR('',#13021,1.);
#13021 = DIRECTION('',(0.,0.190808995377,0.981627183448));
#13022 = PCURVE('',#12757,#13023);
#13023 = DEFINITIONAL_REPRESENTATION('',(#13024),#13027);
#13024 = B_SPLINE_CURVE_WITH_KNOTS('',1,(#13025,#13026),.UNSPECIFIED.,
  .F.,.F.,(2,2),(9.540449768827E-02,36.769205516076),
  .PIECEWISE_BEZIER_KNOTS.);
#13025 = CARTESIAN_POINT('',(-1.,-2.775557561563E-17));
#13026 = CARTESIAN_POINT('',(-7.997691128958,-36.));
#13027 = ( GEOMETRIC_REPRESENTATION_CONTEXT(2) 
PARAMETRIC_REPRESENTATION_CONTEXT() REPRESENTATION_CONTEXT('2D SPACE',''
  ) );
#13028 = PCURVE('',#13029,#13034);
#13029 = PLANE('',#13030);
#13030 = AXIS2_PLACEMENT_3D('',#13031,#13032,#13033);
#13031 = CARTESIAN_POINT('',(-45.95,21.,0.));
#13032 = DIRECTION('',(0.,0.981627183448,-0.190808995377));
#13033 = DIRECTION('',(1.,0.,0.));
#13034 = DEFINITIONAL_REPRESENTATION('',(#13035),#13038);
#13035 = B_SPLINE_CURVE_WITH_KNOTS('',1,(#13036,#13037),.UNSPECIFIED.,
  .F.,.F.,(2,2),(9.540449768827E-02,36.769205516076),
  .PIECEWISE_BEZIER_KNOTS.);
#13036 = CARTESIAN_POINT('',(25.95,4.440892098501E-16));
#13037 = CARTESIAN_POINT('',(25.95,-36.67380101838));
#13038 = ( GEOMETRIC_REPRESENTATION_CONTEXT(2) 
PARAMETRIC_REPRESENTATION_CONTEXT() REPRESENTATION_CONTEXT('2D SPACE',''
  ) );
#13039 = ORIENTED_EDGE('',*,*,#13040,.F.);
#13040 = EDGE_CURVE('',#12742,#13015,#13041,.T.);
#13041 = SURFACE_CURVE('',#13042,(#13046,#13053),.PCURVE_S1.);
#13042 = LINE('',#13043,#13044);
#13043 = CARTESIAN_POINT('',(-20.,-20.,36.));
#13044 = VECTOR('',#13045,1.);
#13045 = DIRECTION('',(0.,1.,0.));
#13046 = PCURVE('',#12757,#13047);
#13047 = DEFINITIONAL_REPRESENTATION('',(#13048),#13052);
#13048 = LINE('',#13049,#13050);
#13049 = CARTESIAN_POINT('',(40.,-36.));
#13050 = VECTOR('',#13051,1.);
#13051 = DIRECTION('',(-1.,0.));
#13052 = ( GEOMETRIC_REPRESENTATION_CONTEXT(2) 
PARAMETRIC_REPRESENTATION_CONTEXT() REPRESENTATION_CONTEXT('2D SPACE',''
  ) );
#13053 = PCURVE('',#12785,#13054);
#13054 = DEFINITIONAL_REPRESENTATION('',(#13055),#13059);
#13055 = LINE('',#13056,#13057);
#13056 = CARTESIAN_POINT('',(-20.,-20.));
#13057 = VECTOR('',#13058,1.);
#13058 = DIRECTION('',(0.,1.));
#13059 = ( GEOMETRIC_REPRESENTATION_CONTEXT(2) 
PARAMETRIC_REPRESENTATION_CONTEXT() REPRESENTATION_CONTEXT('2D SPACE',''
  ) );
#13060 = FACE_BOUND('',#13061,.F.);
#13061 = EDGE_LOOP('',(#13062));
#13062 = ORIENTED_EDGE('',*,*,#13063,.T.);
#13063 = EDGE_CURVE('',#13064,#13064,#13066,.T.);
#13064 = VERTEX_POINT('',#13065);
#13065 = CARTESIAN_POINT('',(-20.,2.2,15.));
#13066 = SURFACE_CURVE('',#13067,(#13072,#13083),.PCURVE_S1.);
#13067 = CIRCLE('',#13068,2.2);
#13068 = AXIS2_PLACEMENT_3D('',#13069,#13070,#13071);
#13069 = CARTESIAN_POINT('',(-20.,0.,15.));
#13070 = DIRECTION('',(-1.,0.,0.));
#13071 = DIRECTION('',(0.,1.,0.));
#13072 = PCURVE('',#12757,#13073);
#13073 = DEFINITIONAL_REPRESENTATION('',(#13074),#13082);
#13074 = ( BOUNDED_CURVE() B_SPLINE_CURVE(2,(#13075,#13076,#13077,#13078
    ,#13079,#13080,#13081),.UNSPECIFIED.,.T.,.F.) 
B_SPLINE_CURVE_WITH_KNOTS((1,2,2,2,2,1),(-2.094395102393,0.,
    2.094395102393,4.188790204786,6.28318530718,8.377580409573),
.UNSPECIFIED.) CURVE() GEOMETRIC_REPRESENTATION_ITEM() 
RATIONAL_B_SPLINE_CURVE((1.,0.5,1.,0.5,1.,0.5,1.)) REPRESENTATION_ITEM(
  '') );
#13075 = CARTESIAN_POINT('',(17.8,-15.));
#13076 = CARTESIAN_POINT('',(17.8,-11.18948822334));
#13077 = CARTESIAN_POINT('',(21.1,-13.09474411167));
#13078 = CARTESIAN_POINT('',(24.4,-15.));
#13079 = CARTESIAN_POINT('',(21.1,-16.90525588832));
#13080 = CARTESIAN_POINT('',(17.8,-18.81051177665));
#13081 = CARTESIAN_POINT('',(17.8,-15.));
#13082 = ( GEOMETRIC_REPRESENTATION_CONTEXT(2) 
PARAMETRIC_REPRESENTATION_CONTEXT() REPRESENTATION_CONTEXT('2D SPACE',''
  ) );
#13083 = PCURVE('',#13084,#13089);
#13084 = CYLINDRICAL_SURFACE('',#13085,2.2);
#13085 = AXIS2_PLACEMENT_3D('',#13086,#13087,#13088);
#13086 = CARTESIAN_POINT('',(-40.,0.,15.));
#13087 = DIRECTION('',(-1.,-0.,-0.));
#13088 = DIRECTION('',(0.,1.,0.));
#13089 = DEFINITIONAL_REPRESENTATION('',(#13090),#13094);
#13090 = LINE('',#13091,#13092);
#13091 = CARTESIAN_POINT('',(-6.28318530718,-20.));
#13092 = VECTOR('',#13093,1.);
#13093 = DIRECTION('',(1.,-0.));
#13094 = ( GEOMETRIC_REPRESENTATION_CONTEXT(2) 
PARAMETRIC_REPRESENTATION_CONTEXT() REPRESENTATION_CONTEXT('2D SPACE',''
  ) );
#13095 = ADVANCED_FACE('',(#13096),#12785,.T.);
#13096 = FACE_BOUND('',#13097,.T.);
#13097 = EDGE_LOOP('',(#13098,#13099,#13100,#13123));
#13098 = ORIENTED_EDGE('',*,*,#13040,.F.);
#13099 = ORIENTED_EDGE('',*,*,#12769,.T.);
#13100 = ORIENTED_EDGE('',*,*,#13101,.T.);
#13101 = EDGE_CURVE('',#12770,#13102,#13104,.T.);
#13102 = VERTEX_POINT('',#13103);
#13103 = CARTESIAN_POINT('',(20.,27.997691128958,36.));
#13104 = SURFACE_CURVE('',#13105,(#13109,#13116),.PCURVE_S1.);
#13105 = LINE('',#13106,#13107);
#13106 = CARTESIAN_POINT('',(20.,-20.,36.));
#13107 = VECTOR('',#13108,1.);
#13108 = DIRECTION('',(0.,1.,0.));
#13109 = PCURVE('',#12785,#13110);
#13110 = DEFINITIONAL_REPRESENTATION('',(#13111),#13115);
#13111 = LINE('',#13112,#13113);
#13112 = CARTESIAN_POINT('',(20.,-20.));
#13113 = VECTOR('',#13114,1.);
#13114 = DIRECTION('',(0.,1.));
#13115 = ( GEOMETRIC_REPRESENTATION_CONTEXT(2) 
PARAMETRIC_REPRESENTATION_CONTEXT() REPRESENTATION_CONTEXT('2D SPACE',''
  ) );
#13116 = PCURVE('',#12811,#13117);
#13117 = DEFINITIONAL_REPRESENTATION('',(#13118),#13122);
#13118 = LINE('',#13119,#13120);
#13119 = CARTESIAN_POINT('',(0.,-36.));
#13120 = VECTOR('',#13121,1.);
#13121 = DIRECTION('',(1.,0.));
#13122 = ( GEOMETRIC_REPRESENTATION_CONTEXT(2) 
PARAMETRIC_REPRESENTATION_CONTEXT() REPRESENTATION_CONTEXT('2D SPACE',''
  ) );
#13123 = ORIENTED_EDGE('',*,*,#13124,.T.);
#13124 = EDGE_CURVE('',#13102,#13015,#13125,.T.);
#13125 = SURFACE_CURVE('',#13126,(#13130,#13136),.PCURVE_S1.);
#13126 = LINE('',#13127,#13128);
#13127 = CARTESIAN_POINT('',(-22.975,27.997691128958,36.));
#13128 = VECTOR('',#13129,1.);
#13129 = DIRECTION('',(-1.,0.,0.));
#13130 = PCURVE('',#12785,#13131);
#13131 = DEFINITIONAL_REPRESENTATION('',(#13132),#13135);
#13132 = B_SPLINE_CURVE_WITH_KNOTS('',1,(#13133,#13134),.UNSPECIFIED.,
  .F.,.F.,(2,2),(-42.975,-2.975),.PIECEWISE_BEZIER_KNOTS.);
#13133 = CARTESIAN_POINT('',(20.,27.997691128958));
#13134 = CARTESIAN_POINT('',(-20.,27.997691128958));
#13135 = ( GEOMETRIC_REPRESENTATION_CONTEXT(2) 
PARAMETRIC_REPRESENTATION_CONTEXT() REPRESENTATION_CONTEXT('2D SPACE',''
  ) );
#13136 = PCURVE('',#13029,#13137);
#13137 = DEFINITIONAL_REPRESENTATION('',(#13138),#13141);
#13138 = B_SPLINE_CURVE_WITH_KNOTS('',1,(#13139,#13140),.UNSPECIFIED.,
  .F.,.F.,(2,2),(-42.975,-2.975),.PIECEWISE_BEZIER_KNOTS.);
#13139 = CARTESIAN_POINT('',(65.95,-36.67380101838));
#13140 = CARTESIAN_POINT('',(25.95,-36.67380101838));
#13141 = ( GEOMETRIC_REPRESENTATION_CONTEXT(2) 
PARAMETRIC_REPRESENTATION_CONTEXT() REPRESENTATION_CONTEXT('2D SPACE',''
  ) );
#13142 = ADVANCED_FACE('',(#13143,#13167),#12811,.F.);
#13143 = FACE_BOUND('',#13144,.F.);
#13144 = EDGE_LOOP('',(#13145,#13146,#13147,#13148));
#13145 = ORIENTED_EDGE('',*,*,#12850,.T.);
#13146 = ORIENTED_EDGE('',*,*,#12797,.T.);
#13147 = ORIENTED_EDGE('',*,*,#13101,.T.);
#13148 = ORIENTED_EDGE('',*,*,#13149,.T.);
#13149 = EDGE_CURVE('',#13102,#12851,#13150,.T.);
#13150 = SURFACE_CURVE('',#13151,(#13155,#13161),.PCURVE_S1.);
#13151 = LINE('',#13152,#13153);
#13152 = CARTESIAN_POINT('',(20.,20.25363450931,-3.839717582513));
#13153 = VECTOR('',#13154,1.);
#13154 = DIRECTION('',(-0.,-0.190808995377,-0.981627183448));
#13155 = PCURVE('',#12811,#13156);
#13156 = DEFINITIONAL_REPRESENTATION('',(#13157),#13160);
#13157 = B_SPLINE_CURVE_WITH_KNOTS('',1,(#13158,#13159),.UNSPECIFIED.,
  .F.,.F.,(2,2),(-40.5853854236,-3.911584405219),
  .PIECEWISE_BEZIER_KNOTS.);
#13158 = CARTESIAN_POINT('',(47.997691128958,-36.));
#13159 = CARTESIAN_POINT('',(41.,0.));
#13160 = ( GEOMETRIC_REPRESENTATION_CONTEXT(2) 
PARAMETRIC_REPRESENTATION_CONTEXT() REPRESENTATION_CONTEXT('2D SPACE',''
  ) );
#13161 = PCURVE('',#13029,#13162);
#13162 = DEFINITIONAL_REPRESENTATION('',(#13163),#13166);
#13163 = B_SPLINE_CURVE_WITH_KNOTS('',1,(#13164,#13165),.UNSPECIFIED.,
  .F.,.F.,(2,2),(-40.5853854236,-3.911584405219),
  .PIECEWISE_BEZIER_KNOTS.);
#13164 = CARTESIAN_POINT('',(65.95,-36.67380101838));
#13165 = CARTESIAN_POINT('',(65.95,0.));
#13166 = ( GEOMETRIC_REPRESENTATION_CONTEXT(2) 
PARAMETRIC_REPRESENTATION_CONTEXT() REPRESENTATION_CONTEXT('2D SPACE',''
  ) );
#13167 = FACE_BOUND('',#13168,.F.);
#13168 = EDGE_LOOP('',(#13169));
#13169 = ORIENTED_EDGE('',*,*,#13170,.F.);
#13170 = EDGE_CURVE('',#13171,#13171,#13173,.T.);
#13171 = VERTEX_POINT('',#13172);
#13172 = CARTESIAN_POINT('',(20.,2.2,15.));
#13173 = SURFACE_CURVE('',#13174,(#13179,#13186),.PCURVE_S1.);
#13174 = CIRCLE('',#13175,2.2);
#13175 = AXIS2_PLACEMENT_3D('',#13176,#13177,#13178);
#13176 = CARTESIAN_POINT('',(20.,0.,15.));
#13177 = DIRECTION('',(-1.,0.,0.));
#13178 = DIRECTION('',(0.,1.,0.));
#13179 = PCURVE('',#12811,#13180);
#13180 = DEFINITIONAL_REPRESENTATION('',(#13181),#13185);
#13181 = CIRCLE('',#13182,2.2);
#13182 = AXIS2_PLACEMENT_2D('',#13183,#13184);
#13183 = CARTESIAN_POINT('',(20.,-15.));
#13184 = DIRECTION('',(1.,0.));
#13185 = ( GEOMETRIC_REPRESENTATION_CONTEXT(2) 
PARAMETRIC_REPRESENTATION_CONTEXT() REPRESENTATION_CONTEXT('2D SPACE',''
  ) );
#13186 = PCURVE('',#13187,#13192);
#13187 = CYLINDRICAL_SURFACE('',#13188,2.2);
#13188 = AXIS2_PLACEMENT_3D('',#13189,#13190,#13191);
#13189 = CARTESIAN_POINT('',(-40.,0.,15.));
#13190 = DIRECTION('',(-1.,-0.,-0.));
#13191 = DIRECTION('',(0.,1.,0.));
#13192 = DEFINITIONAL_REPRESENTATION('',(#13193),#13197);
#13193 = LINE('',#13194,#13195);
#13194 = CARTESIAN_POINT('',(-6.28318530718,-60.));
#13195 = VECTOR('',#13196,1.);
#13196 = DIRECTION('',(1.,-0.));
#13197 = ( GEOMETRIC_REPRESENTATION_CONTEXT(2) 
PARAMETRIC_REPRESENTATION_CONTEXT() REPRESENTATION_CONTEXT('2D SPACE',''
  ) );
#13198 = ADVANCED_FACE('',(#13199),#12887,.F.);
#13199 = FACE_BOUND('',#13200,.F.);
#13200 = EDGE_LOOP('',(#13201,#13224,#13225,#13248,#13276,#13304));
#13201 = ORIENTED_EDGE('',*,*,#13202,.T.);
#13202 = EDGE_CURVE('',#13203,#12827,#13205,.T.);
#13203 = VERTEX_POINT('',#13204);
#13204 = CARTESIAN_POINT('',(-41.95,21.,-8.718600805292E-16));
#13205 = SURFACE_CURVE('',#13206,(#13210,#13217),.PCURVE_S1.);
#13206 = LINE('',#13207,#13208);
#13207 = CARTESIAN_POINT('',(-45.95,21.,0.));
#13208 = VECTOR('',#13209,1.);
#13209 = DIRECTION('',(1.,0.,0.));
#13210 = PCURVE('',#12887,#13211);
#13211 = DEFINITIONAL_REPRESENTATION('',(#13212),#13216);
#13212 = LINE('',#13213,#13214);
#13213 = CARTESIAN_POINT('',(-45.95,-3.));
#13214 = VECTOR('',#13215,1.);
#13215 = DIRECTION('',(1.,0.));
#13216 = ( GEOMETRIC_REPRESENTATION_CONTEXT(2) 
PARAMETRIC_REPRESENTATION_CONTEXT() REPRESENTATION_CONTEXT('2D SPACE',''
  ) );
#13217 = PCURVE('',#13029,#13218);
#13218 = DEFINITIONAL_REPRESENTATION('',(#13219),#13223);
#13219 = LINE('',#13220,#13221);
#13220 = CARTESIAN_POINT('',(0.,0.));
#13221 = VECTOR('',#13222,1.);
#13222 = DIRECTION('',(1.,0.));
#13223 = ( GEOMETRIC_REPRESENTATION_CONTEXT(2) 
PARAMETRIC_REPRESENTATION_CONTEXT() REPRESENTATION_CONTEXT('2D SPACE',''
  ) );
#13224 = ORIENTED_EDGE('',*,*,#12873,.T.);
#13225 = ORIENTED_EDGE('',*,*,#13226,.T.);
#13226 = EDGE_CURVE('',#12851,#13227,#13229,.T.);
#13227 = VERTEX_POINT('',#13228);
#13228 = CARTESIAN_POINT('',(41.95,21.,-8.718600805292E-16));
#13229 = SURFACE_CURVE('',#13230,(#13234,#13241),.PCURVE_S1.);
#13230 = LINE('',#13231,#13232);
#13231 = CARTESIAN_POINT('',(-45.95,21.,0.));
#13232 = VECTOR('',#13233,1.);
#13233 = DIRECTION('',(1.,0.,0.));
#13234 = PCURVE('',#12887,#13235);
#13235 = DEFINITIONAL_REPRESENTATION('',(#13236),#13240);
#13236 = LINE('',#13237,#13238);
#13237 = CARTESIAN_POINT('',(-45.95,-3.));
#13238 = VECTOR('',#13239,1.);
#13239 = DIRECTION('',(1.,0.));
#13240 = ( GEOMETRIC_REPRESENTATION_CONTEXT(2) 
PARAMETRIC_REPRESENTATION_CONTEXT() REPRESENTATION_CONTEXT('2D SPACE',''
  ) );
#13241 = PCURVE('',#13029,#13242);
#13242 = DEFINITIONAL_REPRESENTATION('',(#13243),#13247);
#13243 = LINE('',#13244,#13245);
#13244 = CARTESIAN_POINT('',(0.,0.));
#13245 = VECTOR('',#13246,1.);
#13246 = DIRECTION('',(1.,0.));
#13247 = ( GEOMETRIC_REPRESENTATION_CONTEXT(2) 
PARAMETRIC_REPRESENTATION_CONTEXT() REPRESENTATION_CONTEXT('2D SPACE',''
  ) );
#13248 = ORIENTED_EDGE('',*,*,#13249,.T.);
#13249 = EDGE_CURVE('',#13227,#13250,#13252,.T.);
#13250 = VERTEX_POINT('',#13251);
#13251 = CARTESIAN_POINT('',(41.95,26.889763100686,-1.144853972259));
#13252 = SURFACE_CURVE('',#13253,(#13257,#13264),.PCURVE_S1.);
#13253 = LINE('',#13254,#13255);
#13254 = CARTESIAN_POINT('',(41.95,21.,-8.718600805292E-16));
#13255 = VECTOR('',#13256,1.);
#13256 = DIRECTION('',(0.,0.981627183448,-0.190808995377));
#13257 = PCURVE('',#12887,#13258);
#13258 = DEFINITIONAL_REPRESENTATION('',(#13259),#13263);
#13259 = LINE('',#13260,#13261);
#13260 = CARTESIAN_POINT('',(41.95,-3.));
#13261 = VECTOR('',#13262,1.);
#13262 = DIRECTION('',(0.,1.));
#13263 = ( GEOMETRIC_REPRESENTATION_CONTEXT(2) 
PARAMETRIC_REPRESENTATION_CONTEXT() REPRESENTATION_CONTEXT('2D SPACE',''
  ) );
#13264 = PCURVE('',#13265,#13270);
#13265 = CYLINDRICAL_SURFACE('',#13266,4.);
#13266 = AXIS2_PLACEMENT_3D('',#13267,#13268,#13269);
#13267 = CARTESIAN_POINT('',(41.95,21.763235981506,3.926508733791));
#13268 = DIRECTION('',(0.,0.981627183448,-0.190808995377));
#13269 = DIRECTION('',(1.,0.,0.));
#13270 = DEFINITIONAL_REPRESENTATION('',(#13271),#13275);
#13271 = LINE('',#13272,#13273);
#13272 = CARTESIAN_POINT('',(1.570796326795,0.));
#13273 = VECTOR('',#13274,1.);
#13274 = DIRECTION('',(0.,1.));
#13275 = ( GEOMETRIC_REPRESENTATION_CONTEXT(2) 
PARAMETRIC_REPRESENTATION_CONTEXT() REPRESENTATION_CONTEXT('2D SPACE',''
  ) );
#13276 = ORIENTED_EDGE('',*,*,#13277,.T.);
#13277 = EDGE_CURVE('',#13250,#13278,#13280,.T.);
#13278 = VERTEX_POINT('',#13279);
#13279 = CARTESIAN_POINT('',(-41.95,26.889763100686,-1.144853972259));
#13280 = SURFACE_CURVE('',#13281,(#13285,#13292),.PCURVE_S1.);
#13281 = LINE('',#13282,#13283);
#13282 = CARTESIAN_POINT('',(45.95,26.889763100686,-1.144853972259));
#13283 = VECTOR('',#13284,1.);
#13284 = DIRECTION('',(-1.,0.,0.));
#13285 = PCURVE('',#12887,#13286);
#13286 = DEFINITIONAL_REPRESENTATION('',(#13287),#13291);
#13287 = LINE('',#13288,#13289);
#13288 = CARTESIAN_POINT('',(45.95,3.));
#13289 = VECTOR('',#13290,1.);
#13290 = DIRECTION('',(-1.,0.));
#13291 = ( GEOMETRIC_REPRESENTATION_CONTEXT(2) 
PARAMETRIC_REPRESENTATION_CONTEXT() REPRESENTATION_CONTEXT('2D SPACE',''
  ) );
#13292 = PCURVE('',#13293,#13298);
#13293 = PLANE('',#13294);
#13294 = AXIS2_PLACEMENT_3D('',#13295,#13296,#13297);
#13295 = CARTESIAN_POINT('',(45.95,26.889763100686,-1.144853972259));
#13296 = DIRECTION('',(0.,-0.981627183448,0.190808995377));
#13297 = DIRECTION('',(-1.,0.,0.));
#13298 = DEFINITIONAL_REPRESENTATION('',(#13299),#13303);
#13299 = LINE('',#13300,#13301);
#13300 = CARTESIAN_POINT('',(0.,-0.));
#13301 = VECTOR('',#13302,1.);
#13302 = DIRECTION('',(1.,0.));
#13303 = ( GEOMETRIC_REPRESENTATION_CONTEXT(2) 
PARAMETRIC_REPRESENTATION_CONTEXT() REPRESENTATION_CONTEXT('2D SPACE',''
  ) );
#13304 = ORIENTED_EDGE('',*,*,#13305,.T.);
#13305 = EDGE_CURVE('',#13278,#13203,#13306,.T.);
#13306 = SURFACE_CURVE('',#13307,(#13311,#13318),.PCURVE_S1.);
#13307 = LINE('',#13308,#13309);
#13308 = CARTESIAN_POINT('',(-41.95,26.889763100686,-1.144853972259));
#13309 = VECTOR('',#13310,1.);
#13310 = DIRECTION('',(0.,-0.981627183448,0.190808995377));
#13311 = PCURVE('',#12887,#13312);
#13312 = DEFINITIONAL_REPRESENTATION('',(#13313),#13317);
#13313 = LINE('',#13314,#13315);
#13314 = CARTESIAN_POINT('',(-41.95,3.));
#13315 = VECTOR('',#13316,1.);
#13316 = DIRECTION('',(0.,-1.));
#13317 = ( GEOMETRIC_REPRESENTATION_CONTEXT(2) 
PARAMETRIC_REPRESENTATION_CONTEXT() REPRESENTATION_CONTEXT('2D SPACE',''
  ) );
#13318 = PCURVE('',#13319,#13324);
#13319 = CYLINDRICAL_SURFACE('',#13320,4.);
#13320 = AXIS2_PLACEMENT_3D('',#13321,#13322,#13323);
#13321 = CARTESIAN_POINT('',(-41.95,27.652999082192,2.781654761531));
#13322 = DIRECTION('',(0.,-0.981627183448,0.190808995377));
#13323 = DIRECTION('',(-1.,0.,0.));
#13324 = DEFINITIONAL_REPRESENTATION('',(#13325),#13329);
#13325 = LINE('',#13326,#13327);
#13326 = CARTESIAN_POINT('',(1.570796326795,0.));
#13327 = VECTOR('',#13328,1.);
#13328 = DIRECTION('',(0.,1.));
#13329 = ( GEOMETRIC_REPRESENTATION_CONTEXT(2) 
PARAMETRIC_REPRESENTATION_CONTEXT() REPRESENTATION_CONTEXT('2D SPACE',''
  ) );
#13330 = ADVANCED_FACE('',(#13331,#13404),#12919,.T.);
#13331 = FACE_BOUND('',#13332,.T.);
#13332 = EDGE_LOOP('',(#13333,#13356,#13357,#13380));
#13333 = ORIENTED_EDGE('',*,*,#13334,.F.);
#13334 = EDGE_CURVE('',#12902,#13335,#13337,.T.);
#13335 = VERTEX_POINT('',#13336);
#13336 = CARTESIAN_POINT('',(15.,15.,30.));
#13337 = SURFACE_CURVE('',#13338,(#13342,#13349),.PCURVE_S1.);
#13338 = LINE('',#13339,#13340);
#13339 = CARTESIAN_POINT('',(15.,15.,-4.0000002));
#13340 = VECTOR('',#13341,1.);
#13341 = DIRECTION('',(0.,0.,1.));
#13342 = PCURVE('',#12919,#13343);
#13343 = DEFINITIONAL_REPRESENTATION('',(#13344),#13348);
#13344 = LINE('',#13345,#13346);
#13345 = CARTESIAN_POINT('',(30.,0.));
#13346 = VECTOR('',#13347,1.);
#13347 = DIRECTION('',(0.,-1.));
#13348 = ( GEOMETRIC_REPRESENTATION_CONTEXT(2) 
PARAMETRIC_REPRESENTATION_CONTEXT() REPRESENTATION_CONTEXT('2D SPACE',''
  ) );
#13349 = PCURVE('',#12998,#13350);
#13350 = DEFINITIONAL_REPRESENTATION('',(#13351),#13355);
#13351 = LINE('',#13352,#13353);
#13352 = CARTESIAN_POINT('',(0.,-0.));
#13353 = VECTOR('',#13354,1.);
#13354 = DIRECTION('',(0.,-1.));
#13355 = ( GEOMETRIC_REPRESENTATION_CONTEXT(2) 
PARAMETRIC_REPRESENTATION_CONTEXT() REPRESENTATION_CONTEXT('2D SPACE',''
  ) );
#13356 = ORIENTED_EDGE('',*,*,#12901,.T.);
#13357 = ORIENTED_EDGE('',*,*,#13358,.T.);
#13358 = EDGE_CURVE('',#12904,#13359,#13361,.T.);
#13359 = VERTEX_POINT('',#13360);
#13360 = CARTESIAN_POINT('',(15.,-15.,30.));
#13361 = SURFACE_CURVE('',#13362,(#13366,#13373),.PCURVE_S1.);
#13362 = LINE('',#13363,#13364);
#13363 = CARTESIAN_POINT('',(15.,-15.,-4.0000002));
#13364 = VECTOR('',#13365,1.);
#13365 = DIRECTION('',(0.,0.,1.));
#13366 = PCURVE('',#12919,#13367);
#13367 = DEFINITIONAL_REPRESENTATION('',(#13368),#13372);
#13368 = LINE('',#13369,#13370);
#13369 = CARTESIAN_POINT('',(0.,0.));
#13370 = VECTOR('',#13371,1.);
#13371 = DIRECTION('',(0.,-1.));
#13372 = ( GEOMETRIC_REPRESENTATION_CONTEXT(2) 
PARAMETRIC_REPRESENTATION_CONTEXT() REPRESENTATION_CONTEXT('2D SPACE',''
  ) );
#13373 = PCURVE('',#12946,#13374);
#13374 = DEFINITIONAL_REPRESENTATION('',(#13375),#13379);
#13375 = LINE('',#13376,#13377);
#13376 = CARTESIAN_POINT('',(30.,0.));
#13377 = VECTOR('',#13378,1.);
#13378 = DIRECTION('',(0.,-1.));
#13379 = ( GEOMETRIC_REPRESENTATION_CONTEXT(2) 
PARAMETRIC_REPRESENTATION_CONTEXT() REPRESENTATION_CONTEXT('2D SPACE',''
  ) );
#13380 = ORIENTED_EDGE('',*,*,#13381,.T.);
#13381 = EDGE_CURVE('',#13359,#13335,#13382,.T.);
#13382 = SURFACE_CURVE('',#13383,(#13387,#13393),.PCURVE_S1.);
#13383 = LINE('',#13384,#13385);
#13384 = CARTESIAN_POINT('',(15.,-7.5,30.));
#13385 = VECTOR('',#13386,1.);
#13386 = DIRECTION('',(0.,1.,-0.));
#13387 = PCURVE('',#12919,#13388);
#13388 = DEFINITIONAL_REPRESENTATION('',(#13389),#13392);
#13389 = B_SPLINE_CURVE_WITH_KNOTS('',1,(#13390,#13391),.UNSPECIFIED.,
  .F.,.F.,(2,2),(-7.5,22.5),.PIECEWISE_BEZIER_KNOTS.);
#13390 = CARTESIAN_POINT('',(0.,-34.0000002));
#13391 = CARTESIAN_POINT('',(30.,-34.0000002));
#13392 = ( GEOMETRIC_REPRESENTATION_CONTEXT(2) 
PARAMETRIC_REPRESENTATION_CONTEXT() REPRESENTATION_CONTEXT('2D SPACE',''
  ) );
#13393 = PCURVE('',#13394,#13399);
#13394 = PLANE('',#13395);
#13395 = AXIS2_PLACEMENT_3D('',#13396,#13397,#13398);
#13396 = CARTESIAN_POINT('',(0.,0.,30.));
#13397 = DIRECTION('',(0.,0.,1.));
#13398 = DIRECTION('',(1.,0.,-0.));
#13399 = DEFINITIONAL_REPRESENTATION('',(#13400),#13403);
#13400 = B_SPLINE_CURVE_WITH_KNOTS('',1,(#13401,#13402),.UNSPECIFIED.,
  .F.,.F.,(2,2),(-7.5,22.5),.PIECEWISE_BEZIER_KNOTS.);
#13401 = CARTESIAN_POINT('',(15.,-15.));
#13402 = CARTESIAN_POINT('',(15.,15.));
#13403 = ( GEOMETRIC_REPRESENTATION_CONTEXT(2) 
PARAMETRIC_REPRESENTATION_CONTEXT() REPRESENTATION_CONTEXT('2D SPACE',''
  ) );
#13404 = FACE_BOUND('',#13405,.T.);
#13405 = EDGE_LOOP('',(#13406));
#13406 = ORIENTED_EDGE('',*,*,#13407,.F.);
#13407 = EDGE_CURVE('',#13408,#13408,#13410,.T.);
#13408 = VERTEX_POINT('',#13409);
#13409 = CARTESIAN_POINT('',(15.,2.2,15.));
#13410 = SURFACE_CURVE('',#13411,(#13416,#13423),.PCURVE_S1.);
#13411 = CIRCLE('',#13412,2.2);
#13412 = AXIS2_PLACEMENT_3D('',#13413,#13414,#13415);
#13413 = CARTESIAN_POINT('',(15.,0.,15.));
#13414 = DIRECTION('',(-1.,0.,0.));
#13415 = DIRECTION('',(0.,1.,0.));
#13416 = PCURVE('',#12919,#13417);
#13417 = DEFINITIONAL_REPRESENTATION('',(#13418),#13422);
#13418 = CIRCLE('',#13419,2.2);
#13419 = AXIS2_PLACEMENT_2D('',#13420,#13421);
#13420 = CARTESIAN_POINT('',(15.,-19.0000002));
#13421 = DIRECTION('',(1.,0.));
#13422 = ( GEOMETRIC_REPRESENTATION_CONTEXT(2) 
PARAMETRIC_REPRESENTATION_CONTEXT() REPRESENTATION_CONTEXT('2D SPACE',''
  ) );
#13423 = PCURVE('',#13187,#13424);
#13424 = DEFINITIONAL_REPRESENTATION('',(#13425),#13429);
#13425 = LINE('',#13426,#13427);
#13426 = CARTESIAN_POINT('',(-6.28318530718,-55.));
#13427 = VECTOR('',#13428,1.);
#13428 = DIRECTION('',(1.,-0.));
#13429 = ( GEOMETRIC_REPRESENTATION_CONTEXT(2) 
PARAMETRIC_REPRESENTATION_CONTEXT() REPRESENTATION_CONTEXT('2D SPACE',''
  ) );
#13430 = ADVANCED_FACE('',(#13431),#12998,.T.);
#13431 = FACE_BOUND('',#13432,.T.);
#13432 = EDGE_LOOP('',(#13433,#13456,#13457,#13458));
#13433 = ORIENTED_EDGE('',*,*,#13434,.F.);
#13434 = EDGE_CURVE('',#12958,#13435,#13437,.T.);
#13435 = VERTEX_POINT('',#13436);
#13436 = CARTESIAN_POINT('',(-15.,15.,30.));
#13437 = SURFACE_CURVE('',#13438,(#13442,#13449),.PCURVE_S1.);
#13438 = LINE('',#13439,#13440);
#13439 = CARTESIAN_POINT('',(-15.,15.,-4.0000002));
#13440 = VECTOR('',#13441,1.);
#13441 = DIRECTION('',(0.,0.,1.));
#13442 = PCURVE('',#12998,#13443);
#13443 = DEFINITIONAL_REPRESENTATION('',(#13444),#13448);
#13444 = LINE('',#13445,#13446);
#13445 = CARTESIAN_POINT('',(30.,0.));
#13446 = VECTOR('',#13447,1.);
#13447 = DIRECTION('',(0.,-1.));
#13448 = ( GEOMETRIC_REPRESENTATION_CONTEXT(2) 
PARAMETRIC_REPRESENTATION_CONTEXT() REPRESENTATION_CONTEXT('2D SPACE',''
  ) );
#13449 = PCURVE('',#12973,#13450);
#13450 = DEFINITIONAL_REPRESENTATION('',(#13451),#13455);
#13451 = LINE('',#13452,#13453);
#13452 = CARTESIAN_POINT('',(0.,0.));
#13453 = VECTOR('',#13454,1.);
#13454 = DIRECTION('',(0.,-1.));
#13455 = ( GEOMETRIC_REPRESENTATION_CONTEXT(2) 
PARAMETRIC_REPRESENTATION_CONTEXT() REPRESENTATION_CONTEXT('2D SPACE',''
  ) );
#13456 = ORIENTED_EDGE('',*,*,#12984,.T.);
#13457 = ORIENTED_EDGE('',*,*,#13334,.T.);
#13458 = ORIENTED_EDGE('',*,*,#13459,.T.);
#13459 = EDGE_CURVE('',#13335,#13435,#13460,.T.);
#13460 = SURFACE_CURVE('',#13461,(#13465,#13471),.PCURVE_S1.);
#13461 = LINE('',#13462,#13463);
#13462 = CARTESIAN_POINT('',(7.5,15.,30.));
#13463 = VECTOR('',#13464,1.);
#13464 = DIRECTION('',(-1.,0.,0.));
#13465 = PCURVE('',#12998,#13466);
#13466 = DEFINITIONAL_REPRESENTATION('',(#13467),#13470);
#13467 = B_SPLINE_CURVE_WITH_KNOTS('',1,(#13468,#13469),.UNSPECIFIED.,
  .F.,.F.,(2,2),(-7.5,22.5),.PIECEWISE_BEZIER_KNOTS.);
#13468 = CARTESIAN_POINT('',(0.,-34.0000002));
#13469 = CARTESIAN_POINT('',(30.,-34.0000002));
#13470 = ( GEOMETRIC_REPRESENTATION_CONTEXT(2) 
PARAMETRIC_REPRESENTATION_CONTEXT() REPRESENTATION_CONTEXT('2D SPACE',''
  ) );
#13471 = PCURVE('',#13394,#13472);
#13472 = DEFINITIONAL_REPRESENTATION('',(#13473),#13476);
#13473 = B_SPLINE_CURVE_WITH_KNOTS('',1,(#13474,#13475),.UNSPECIFIED.,
  .F.,.F.,(2,2),(-7.5,22.5),.PIECEWISE_BEZIER_KNOTS.);
#13474 = CARTESIAN_POINT('',(15.,15.));
#13475 = CARTESIAN_POINT('',(-15.,15.));
#13476 = ( GEOMETRIC_REPRESENTATION_CONTEXT(2) 
PARAMETRIC_REPRESENTATION_CONTEXT() REPRESENTATION_CONTEXT('2D SPACE',''
  ) );
#13477 = ADVANCED_FACE('',(#13478),#12946,.T.);
#13478 = FACE_BOUND('',#13479,.T.);
#13479 = EDGE_LOOP('',(#13480,#13481,#13482,#13505));
#13480 = ORIENTED_EDGE('',*,*,#13358,.F.);
#13481 = ORIENTED_EDGE('',*,*,#12930,.T.);
#13482 = ORIENTED_EDGE('',*,*,#13483,.T.);
#13483 = EDGE_CURVE('',#12931,#13484,#13486,.T.);
#13484 = VERTEX_POINT('',#13485);
#13485 = CARTESIAN_POINT('',(-15.,-15.,30.));
#13486 = SURFACE_CURVE('',#13487,(#13491,#13498),.PCURVE_S1.);
#13487 = LINE('',#13488,#13489);
#13488 = CARTESIAN_POINT('',(-15.,-15.,-4.0000002));
#13489 = VECTOR('',#13490,1.);
#13490 = DIRECTION('',(0.,0.,1.));
#13491 = PCURVE('',#12946,#13492);
#13492 = DEFINITIONAL_REPRESENTATION('',(#13493),#13497);
#13493 = LINE('',#13494,#13495);
#13494 = CARTESIAN_POINT('',(0.,0.));
#13495 = VECTOR('',#13496,1.);
#13496 = DIRECTION('',(0.,-1.));
#13497 = ( GEOMETRIC_REPRESENTATION_CONTEXT(2) 
PARAMETRIC_REPRESENTATION_CONTEXT() REPRESENTATION_CONTEXT('2D SPACE',''
  ) );
#13498 = PCURVE('',#12973,#13499);
#13499 = DEFINITIONAL_REPRESENTATION('',(#13500),#13504);
#13500 = LINE('',#13501,#13502);
#13501 = CARTESIAN_POINT('',(30.,0.));
#13502 = VECTOR('',#13503,1.);
#13503 = DIRECTION('',(0.,-1.));
#13504 = ( GEOMETRIC_REPRESENTATION_CONTEXT(2) 
PARAMETRIC_REPRESENTATION_CONTEXT() REPRESENTATION_CONTEXT('2D SPACE',''
  ) );
#13505 = ORIENTED_EDGE('',*,*,#13506,.T.);
#13506 = EDGE_CURVE('',#13484,#13359,#13507,.T.);
#13507 = SURFACE_CURVE('',#13508,(#13512,#13518),.PCURVE_S1.);
#13508 = LINE('',#13509,#13510);
#13509 = CARTESIAN_POINT('',(-7.5,-15.,30.));
#13510 = VECTOR('',#13511,1.);
#13511 = DIRECTION('',(1.,0.,0.));
#13512 = PCURVE('',#12946,#13513);
#13513 = DEFINITIONAL_REPRESENTATION('',(#13514),#13517);
#13514 = B_SPLINE_CURVE_WITH_KNOTS('',1,(#13515,#13516),.UNSPECIFIED.,
  .F.,.F.,(2,2),(-7.5,22.5),.PIECEWISE_BEZIER_KNOTS.);
#13515 = CARTESIAN_POINT('',(0.,-34.0000002));
#13516 = CARTESIAN_POINT('',(30.,-34.0000002));
#13517 = ( GEOMETRIC_REPRESENTATION_CONTEXT(2) 
PARAMETRIC_REPRESENTATION_CONTEXT() REPRESENTATION_CONTEXT('2D SPACE',''
  ) );
#13518 = PCURVE('',#13394,#13519);
#13519 = DEFINITIONAL_REPRESENTATION('',(#13520),#13523);
#13520 = B_SPLINE_CURVE_WITH_KNOTS('',1,(#13521,#13522),.UNSPECIFIED.,
  .F.,.F.,(2,2),(-7.5,22.5),.PIECEWISE_BEZIER_KNOTS.);
#13521 = CARTESIAN_POINT('',(-15.,-15.));
#13522 = CARTESIAN_POINT('',(15.,-15.));
#13523 = ( GEOMETRIC_REPRESENTATION_CONTEXT(2) 
PARAMETRIC_REPRESENTATION_CONTEXT() REPRESENTATION_CONTEXT('2D SPACE',''
  ) );
#13524 = ADVANCED_FACE('',(#13525,#13549),#12973,.T.);
#13525 = FACE_BOUND('',#13526,.T.);
#13526 = EDGE_LOOP('',(#13527,#13528,#13529,#13530));
#13527 = ORIENTED_EDGE('',*,*,#13483,.F.);
#13528 = ORIENTED_EDGE('',*,*,#12957,.T.);
#13529 = ORIENTED_EDGE('',*,*,#13434,.T.);
#13530 = ORIENTED_EDGE('',*,*,#13531,.T.);
#13531 = EDGE_CURVE('',#13435,#13484,#13532,.T.);
#13532 = SURFACE_CURVE('',#13533,(#13537,#13543),.PCURVE_S1.);
#13533 = LINE('',#13534,#13535);
#13534 = CARTESIAN_POINT('',(-15.,7.5,30.));
#13535 = VECTOR('',#13536,1.);
#13536 = DIRECTION('',(0.,-1.,0.));
#13537 = PCURVE('',#12973,#13538);
#13538 = DEFINITIONAL_REPRESENTATION('',(#13539),#13542);
#13539 = B_SPLINE_CURVE_WITH_KNOTS('',1,(#13540,#13541),.UNSPECIFIED.,
  .F.,.F.,(2,2),(-7.5,22.5),.PIECEWISE_BEZIER_KNOTS.);
#13540 = CARTESIAN_POINT('',(0.,-34.0000002));
#13541 = CARTESIAN_POINT('',(30.,-34.0000002));
#13542 = ( GEOMETRIC_REPRESENTATION_CONTEXT(2) 
PARAMETRIC_REPRESENTATION_CONTEXT() REPRESENTATION_CONTEXT('2D SPACE',''
  ) );
#13543 = PCURVE('',#13394,#13544);
#13544 = DEFINITIONAL_REPRESENTATION('',(#13545),#13548);
#13545 = B_SPLINE_CURVE_WITH_KNOTS('',1,(#13546,#13547),.UNSPECIFIED.,
  .F.,.F.,(2,2),(-7.5,22.5),.PIECEWISE_BEZIER_KNOTS.);
#13546 = CARTESIAN_POINT('',(-15.,15.));
#13547 = CARTESIAN_POINT('',(-15.,-15.));
#13548 = ( GEOMETRIC_REPRESENTATION_CONTEXT(2) 
PARAMETRIC_REPRESENTATION_CONTEXT() REPRESENTATION_CONTEXT('2D SPACE',''
  ) );
#13549 = FACE_BOUND('',#13550,.T.);
#13550 = EDGE_LOOP('',(#13551));
#13551 = ORIENTED_EDGE('',*,*,#13552,.T.);
#13552 = EDGE_CURVE('',#13553,#13553,#13555,.T.);
#13553 = VERTEX_POINT('',#13554);
#13554 = CARTESIAN_POINT('',(-15.,2.2,15.));
#13555 = SURFACE_CURVE('',#13556,(#13561,#13572),.PCURVE_S1.);
#13556 = CIRCLE('',#13557,2.2);
#13557 = AXIS2_PLACEMENT_3D('',#13558,#13559,#13560);
#13558 = CARTESIAN_POINT('',(-15.,0.,15.));
#13559 = DIRECTION('',(-1.,0.,0.));
#13560 = DIRECTION('',(0.,1.,0.));
#13561 = PCURVE('',#12973,#13562);
#13562 = DEFINITIONAL_REPRESENTATION('',(#13563),#13571);
#13563 = ( BOUNDED_CURVE() B_SPLINE_CURVE(2,(#13564,#13565,#13566,#13567
    ,#13568,#13569,#13570),.UNSPECIFIED.,.T.,.F.) 
B_SPLINE_CURVE_WITH_KNOTS((1,2,2,2,2,1),(-2.094395102393,0.,
    2.094395102393,4.188790204786,6.28318530718,8.377580409573),
.UNSPECIFIED.) CURVE() GEOMETRIC_REPRESENTATION_ITEM() 
RATIONAL_B_SPLINE_CURVE((1.,0.5,1.,0.5,1.,0.5,1.)) REPRESENTATION_ITEM(
  '') );
#13564 = CARTESIAN_POINT('',(12.8,-19.0000002));
#13565 = CARTESIAN_POINT('',(12.8,-15.18948842334));
#13566 = CARTESIAN_POINT('',(16.1,-17.09474431167));
#13567 = CARTESIAN_POINT('',(19.4,-19.0000002));
#13568 = CARTESIAN_POINT('',(16.1,-20.90525608832));
#13569 = CARTESIAN_POINT('',(12.8,-22.81051197665));
#13570 = CARTESIAN_POINT('',(12.8,-19.0000002));
#13571 = ( GEOMETRIC_REPRESENTATION_CONTEXT(2) 
PARAMETRIC_REPRESENTATION_CONTEXT() REPRESENTATION_CONTEXT('2D SPACE',''
  ) );
#13572 = PCURVE('',#13084,#13573);
#13573 = DEFINITIONAL_REPRESENTATION('',(#13574),#13578);
#13574 = LINE('',#13575,#13576);
#13575 = CARTESIAN_POINT('',(-6.28318530718,-25.));
#13576 = VECTOR('',#13577,1.);
#13577 = DIRECTION('',(1.,-0.));
#13578 = ( GEOMETRIC_REPRESENTATION_CONTEXT(2) 
PARAMETRIC_REPRESENTATION_CONTEXT() REPRESENTATION_CONTEXT('2D SPACE',''
  ) );
#13579 = ADVANCED_FACE('',(#13580,#13783,#13814,#13845,#13876),#13029,
  .F.);
#13580 = FACE_BOUND('',#13581,.F.);
#13581 = EDGE_LOOP('',(#13582,#13610,#13638,#13667,#13695,#13728,#13756,
    #13778,#13779,#13780,#13781,#13782));
#13582 = ORIENTED_EDGE('',*,*,#13583,.F.);
#13583 = EDGE_CURVE('',#13584,#13203,#13586,.T.);
#13584 = VERTEX_POINT('',#13585);
#13585 = CARTESIAN_POINT('',(-45.95,21.763235981506,3.926508733791));
#13586 = SURFACE_CURVE('',#13587,(#13592,#13603),.PCURVE_S1.);
#13587 = CIRCLE('',#13588,4.);
#13588 = AXIS2_PLACEMENT_3D('',#13589,#13590,#13591);
#13589 = CARTESIAN_POINT('',(-41.95,21.763235981506,3.926508733791));
#13590 = DIRECTION('',(0.,-0.981627183448,0.190808995377));
#13591 = DIRECTION('',(0.,-0.190808995377,-0.981627183448));
#13592 = PCURVE('',#13029,#13593);
#13593 = DEFINITIONAL_REPRESENTATION('',(#13594),#13602);
#13594 = ( BOUNDED_CURVE() B_SPLINE_CURVE(2,(#13595,#13596,#13597,#13598
    ,#13599,#13600,#13601),.UNSPECIFIED.,.T.,.F.) 
B_SPLINE_CURVE_WITH_KNOTS((1,2,2,2,2,1),(-2.094395102393,0.,
    2.094395102393,4.188790204786,6.28318530718,8.377580409573),
.UNSPECIFIED.) CURVE() GEOMETRIC_REPRESENTATION_ITEM() 
RATIONAL_B_SPLINE_CURVE((1.,0.5,1.,0.5,1.,0.5,1.)) REPRESENTATION_ITEM(
  '') );
#13595 = CARTESIAN_POINT('',(4.,8.881784197001E-16));
#13596 = CARTESIAN_POINT('',(10.928203230276,8.881784197001E-16));
#13597 = CARTESIAN_POINT('',(7.464101615138,-6.));
#13598 = CARTESIAN_POINT('',(4.,-12.));
#13599 = CARTESIAN_POINT('',(0.535898384862,-6.));
#13600 = CARTESIAN_POINT('',(-2.928203230276,-5.329070518201E-15));
#13601 = CARTESIAN_POINT('',(4.,8.881784197001E-16));
#13602 = ( GEOMETRIC_REPRESENTATION_CONTEXT(2) 
PARAMETRIC_REPRESENTATION_CONTEXT() REPRESENTATION_CONTEXT('2D SPACE',''
  ) );
#13603 = PCURVE('',#13319,#13604);
#13604 = DEFINITIONAL_REPRESENTATION('',(#13605),#13609);
#13605 = LINE('',#13606,#13607);
#13606 = CARTESIAN_POINT('',(-4.712388980385,6.));
#13607 = VECTOR('',#13608,1.);
#13608 = DIRECTION('',(1.,0.));
#13609 = ( GEOMETRIC_REPRESENTATION_CONTEXT(2) 
PARAMETRIC_REPRESENTATION_CONTEXT() REPRESENTATION_CONTEXT('2D SPACE',''
  ) );
#13610 = ORIENTED_EDGE('',*,*,#13611,.T.);
#13611 = EDGE_CURVE('',#13584,#13612,#13614,.T.);
#13612 = VERTEX_POINT('',#13613);
#13613 = CARTESIAN_POINT('',(-45.95,29.777213787321,45.154850438593));
#13614 = SURFACE_CURVE('',#13615,(#13619,#13626),.PCURVE_S1.);
#13615 = LINE('',#13616,#13617);
#13616 = CARTESIAN_POINT('',(-45.95,21.,0.));
#13617 = VECTOR('',#13618,1.);
#13618 = DIRECTION('',(0.,0.190808995377,0.981627183448));
#13619 = PCURVE('',#13029,#13620);
#13620 = DEFINITIONAL_REPRESENTATION('',(#13621),#13625);
#13621 = LINE('',#13622,#13623);
#13622 = CARTESIAN_POINT('',(0.,0.));
#13623 = VECTOR('',#13624,1.);
#13624 = DIRECTION('',(0.,-1.));
#13625 = ( GEOMETRIC_REPRESENTATION_CONTEXT(2) 
PARAMETRIC_REPRESENTATION_CONTEXT() REPRESENTATION_CONTEXT('2D SPACE',''
  ) );
#13626 = PCURVE('',#13627,#13632);
#13627 = PLANE('',#13628);
#13628 = AXIS2_PLACEMENT_3D('',#13629,#13630,#13631);
#13629 = CARTESIAN_POINT('',(-45.95,26.889763100686,-1.144853972259));
#13630 = DIRECTION('',(1.,0.,0.));
#13631 = DIRECTION('',(0.,-0.981627183448,0.190808995377));
#13632 = DEFINITIONAL_REPRESENTATION('',(#13633),#13637);
#13633 = LINE('',#13634,#13635);
#13634 = CARTESIAN_POINT('',(6.,-2.22044604925E-16));
#13635 = VECTOR('',#13636,1.);
#13636 = DIRECTION('',(0.,-1.));
#13637 = ( GEOMETRIC_REPRESENTATION_CONTEXT(2) 
PARAMETRIC_REPRESENTATION_CONTEXT() REPRESENTATION_CONTEXT('2D SPACE',''
  ) );
#13638 = ORIENTED_EDGE('',*,*,#13639,.T.);
#13639 = EDGE_CURVE('',#13612,#13640,#13642,.T.);
#13640 = VERTEX_POINT('',#13641);
#13641 = CARTESIAN_POINT('',(-41.95,30.540449768827,49.081359172383));
#13642 = SURFACE_CURVE('',#13643,(#13648,#13655),.PCURVE_S1.);
#13643 = CIRCLE('',#13644,4.);
#13644 = AXIS2_PLACEMENT_3D('',#13645,#13646,#13647);
#13645 = CARTESIAN_POINT('',(-41.95,29.777213787321,45.154850438593));
#13646 = DIRECTION('',(-0.,0.981627183448,-0.190808995377));
#13647 = DIRECTION('',(0.,-0.190808995377,-0.981627183448));
#13648 = PCURVE('',#13029,#13649);
#13649 = DEFINITIONAL_REPRESENTATION('',(#13650),#13654);
#13650 = CIRCLE('',#13651,4.);
#13651 = AXIS2_PLACEMENT_2D('',#13652,#13653);
#13652 = CARTESIAN_POINT('',(4.,-46.));
#13653 = DIRECTION('',(0.,1.));
#13654 = ( GEOMETRIC_REPRESENTATION_CONTEXT(2) 
PARAMETRIC_REPRESENTATION_CONTEXT() REPRESENTATION_CONTEXT('2D SPACE',''
  ) );
#13655 = PCURVE('',#13656,#13661);
#13656 = CYLINDRICAL_SURFACE('',#13657,4.);
#13657 = AXIS2_PLACEMENT_3D('',#13658,#13659,#13660);
#13658 = CARTESIAN_POINT('',(-41.95,35.666976888007,44.009996466333));
#13659 = DIRECTION('',(0.,-0.981627183448,0.190808995377));
#13660 = DIRECTION('',(-1.,0.,0.));
#13661 = DEFINITIONAL_REPRESENTATION('',(#13662),#13666);
#13662 = LINE('',#13663,#13664);
#13663 = CARTESIAN_POINT('',(1.570796326795,6.));
#13664 = VECTOR('',#13665,1.);
#13665 = DIRECTION('',(-1.,0.));
#13666 = ( GEOMETRIC_REPRESENTATION_CONTEXT(2) 
PARAMETRIC_REPRESENTATION_CONTEXT() REPRESENTATION_CONTEXT('2D SPACE',''
  ) );
#13667 = ORIENTED_EDGE('',*,*,#13668,.T.);
#13668 = EDGE_CURVE('',#13640,#13669,#13671,.T.);
#13669 = VERTEX_POINT('',#13670);
#13670 = CARTESIAN_POINT('',(41.95,30.540449768827,49.081359172383));
#13671 = SURFACE_CURVE('',#13672,(#13676,#13683),.PCURVE_S1.);
#13672 = LINE('',#13673,#13674);
#13673 = CARTESIAN_POINT('',(-45.95,30.540449768827,49.081359172383));
#13674 = VECTOR('',#13675,1.);
#13675 = DIRECTION('',(1.,0.,0.));
#13676 = PCURVE('',#13029,#13677);
#13677 = DEFINITIONAL_REPRESENTATION('',(#13678),#13682);
#13678 = LINE('',#13679,#13680);
#13679 = CARTESIAN_POINT('',(0.,-50.));
#13680 = VECTOR('',#13681,1.);
#13681 = DIRECTION('',(1.,0.));
#13682 = ( GEOMETRIC_REPRESENTATION_CONTEXT(2) 
PARAMETRIC_REPRESENTATION_CONTEXT() REPRESENTATION_CONTEXT('2D SPACE',''
  ) );
#13683 = PCURVE('',#13684,#13689);
#13684 = PLANE('',#13685);
#13685 = AXIS2_PLACEMENT_3D('',#13686,#13687,#13688);
#13686 = CARTESIAN_POINT('',(-1.161254726472E-15,33.48533131917,
    48.508932186254));
#13687 = DIRECTION('',(0.,0.190808995377,0.981627183448));
#13688 = DIRECTION('',(1.,0.,0.));
#13689 = DEFINITIONAL_REPRESENTATION('',(#13690),#13694);
#13690 = LINE('',#13691,#13692);
#13691 = CARTESIAN_POINT('',(-45.95,-3.));
#13692 = VECTOR('',#13693,1.);
#13693 = DIRECTION('',(1.,0.));
#13694 = ( GEOMETRIC_REPRESENTATION_CONTEXT(2) 
PARAMETRIC_REPRESENTATION_CONTEXT() REPRESENTATION_CONTEXT('2D SPACE',''
  ) );
#13695 = ORIENTED_EDGE('',*,*,#13696,.F.);
#13696 = EDGE_CURVE('',#13697,#13669,#13699,.T.);
#13697 = VERTEX_POINT('',#13698);
#13698 = CARTESIAN_POINT('',(45.95,29.777213787321,45.154850438593));
#13699 = SURFACE_CURVE('',#13700,(#13705,#13716),.PCURVE_S1.);
#13700 = CIRCLE('',#13701,4.);
#13701 = AXIS2_PLACEMENT_3D('',#13702,#13703,#13704);
#13702 = CARTESIAN_POINT('',(41.95,29.777213787321,45.154850438593));
#13703 = DIRECTION('',(0.,-0.981627183448,0.190808995377));
#13704 = DIRECTION('',(0.,0.190808995377,0.981627183448));
#13705 = PCURVE('',#13029,#13706);
#13706 = DEFINITIONAL_REPRESENTATION('',(#13707),#13715);
#13707 = ( BOUNDED_CURVE() B_SPLINE_CURVE(2,(#13708,#13709,#13710,#13711
    ,#13712,#13713,#13714),.UNSPECIFIED.,.T.,.F.) 
B_SPLINE_CURVE_WITH_KNOTS((1,2,2,2,2,1),(-2.094395102393,0.,
    2.094395102393,4.188790204786,6.28318530718,8.377580409573),
.UNSPECIFIED.) CURVE() GEOMETRIC_REPRESENTATION_ITEM() 
RATIONAL_B_SPLINE_CURVE((1.,0.5,1.,0.5,1.,0.5,1.)) REPRESENTATION_ITEM(
  '') );
#13708 = CARTESIAN_POINT('',(87.9,-50.));
#13709 = CARTESIAN_POINT('',(80.971796769725,-50.));
#13710 = CARTESIAN_POINT('',(84.435898384862,-44.));
#13711 = CARTESIAN_POINT('',(87.9,-38.));
#13712 = CARTESIAN_POINT('',(91.364101615138,-44.));
#13713 = CARTESIAN_POINT('',(94.828203230276,-50.));
#13714 = CARTESIAN_POINT('',(87.9,-50.));
#13715 = ( GEOMETRIC_REPRESENTATION_CONTEXT(2) 
PARAMETRIC_REPRESENTATION_CONTEXT() REPRESENTATION_CONTEXT('2D SPACE',''
  ) );
#13716 = PCURVE('',#13717,#13722);
#13717 = CYLINDRICAL_SURFACE('',#13718,4.);
#13718 = AXIS2_PLACEMENT_3D('',#13719,#13720,#13721);
#13719 = CARTESIAN_POINT('',(41.95,29.777213787321,45.154850438593));
#13720 = DIRECTION('',(0.,0.981627183448,-0.190808995377));
#13721 = DIRECTION('',(1.,0.,0.));
#13722 = DEFINITIONAL_REPRESENTATION('',(#13723),#13727);
#13723 = LINE('',#13724,#13725);
#13724 = CARTESIAN_POINT('',(4.712388980385,-0.));
#13725 = VECTOR('',#13726,1.);
#13726 = DIRECTION('',(-1.,0.));
#13727 = ( GEOMETRIC_REPRESENTATION_CONTEXT(2) 
PARAMETRIC_REPRESENTATION_CONTEXT() REPRESENTATION_CONTEXT('2D SPACE',''
  ) );
#13728 = ORIENTED_EDGE('',*,*,#13729,.F.);
#13729 = EDGE_CURVE('',#13730,#13697,#13732,.T.);
#13730 = VERTEX_POINT('',#13731);
#13731 = CARTESIAN_POINT('',(45.95,21.763235981506,3.926508733791));
#13732 = SURFACE_CURVE('',#13733,(#13737,#13744),.PCURVE_S1.);
#13733 = LINE('',#13734,#13735);
#13734 = CARTESIAN_POINT('',(45.95,21.,0.));
#13735 = VECTOR('',#13736,1.);
#13736 = DIRECTION('',(0.,0.190808995377,0.981627183448));
#13737 = PCURVE('',#13029,#13738);
#13738 = DEFINITIONAL_REPRESENTATION('',(#13739),#13743);
#13739 = LINE('',#13740,#13741);
#13740 = CARTESIAN_POINT('',(91.9,0.));
#13741 = VECTOR('',#13742,1.);
#13742 = DIRECTION('',(0.,-1.));
#13743 = ( GEOMETRIC_REPRESENTATION_CONTEXT(2) 
PARAMETRIC_REPRESENTATION_CONTEXT() REPRESENTATION_CONTEXT('2D SPACE',''
  ) );
#13744 = PCURVE('',#13745,#13750);
#13745 = PLANE('',#13746);
#13746 = AXIS2_PLACEMENT_3D('',#13747,#13748,#13749);
#13747 = CARTESIAN_POINT('',(45.95,21.,0.));
#13748 = DIRECTION('',(-1.,0.,0.));
#13749 = DIRECTION('',(0.,0.981627183448,-0.190808995377));
#13750 = DEFINITIONAL_REPRESENTATION('',(#13751),#13755);
#13751 = LINE('',#13752,#13753);
#13752 = CARTESIAN_POINT('',(0.,0.));
#13753 = VECTOR('',#13754,1.);
#13754 = DIRECTION('',(0.,-1.));
#13755 = ( GEOMETRIC_REPRESENTATION_CONTEXT(2) 
PARAMETRIC_REPRESENTATION_CONTEXT() REPRESENTATION_CONTEXT('2D SPACE',''
  ) );
#13756 = ORIENTED_EDGE('',*,*,#13757,.T.);
#13757 = EDGE_CURVE('',#13730,#13227,#13758,.T.);
#13758 = SURFACE_CURVE('',#13759,(#13764,#13771),.PCURVE_S1.);
#13759 = CIRCLE('',#13760,4.);
#13760 = AXIS2_PLACEMENT_3D('',#13761,#13762,#13763);
#13761 = CARTESIAN_POINT('',(41.95,21.763235981506,3.926508733791));
#13762 = DIRECTION('',(0.,0.981627183448,-0.190808995377));
#13763 = DIRECTION('',(0.,0.190808995377,0.981627183448));
#13764 = PCURVE('',#13029,#13765);
#13765 = DEFINITIONAL_REPRESENTATION('',(#13766),#13770);
#13766 = CIRCLE('',#13767,4.);
#13767 = AXIS2_PLACEMENT_2D('',#13768,#13769);
#13768 = CARTESIAN_POINT('',(87.9,-4.));
#13769 = DIRECTION('',(0.,-1.));
#13770 = ( GEOMETRIC_REPRESENTATION_CONTEXT(2) 
PARAMETRIC_REPRESENTATION_CONTEXT() REPRESENTATION_CONTEXT('2D SPACE',''
  ) );
#13771 = PCURVE('',#13265,#13772);
#13772 = DEFINITIONAL_REPRESENTATION('',(#13773),#13777);
#13773 = LINE('',#13774,#13775);
#13774 = CARTESIAN_POINT('',(-1.570796326795,0.));
#13775 = VECTOR('',#13776,1.);
#13776 = DIRECTION('',(1.,0.));
#13777 = ( GEOMETRIC_REPRESENTATION_CONTEXT(2) 
PARAMETRIC_REPRESENTATION_CONTEXT() REPRESENTATION_CONTEXT('2D SPACE',''
  ) );
#13778 = ORIENTED_EDGE('',*,*,#13226,.F.);
#13779 = ORIENTED_EDGE('',*,*,#13149,.F.);
#13780 = ORIENTED_EDGE('',*,*,#13124,.T.);
#13781 = ORIENTED_EDGE('',*,*,#13014,.F.);
#13782 = ORIENTED_EDGE('',*,*,#13202,.F.);
#13783 = FACE_BOUND('',#13784,.F.);
#13784 = EDGE_LOOP('',(#13785));
#13785 = ORIENTED_EDGE('',*,*,#13786,.F.);
#13786 = EDGE_CURVE('',#13787,#13787,#13789,.T.);
#13787 = VERTEX_POINT('',#13788);
#13788 = CARTESIAN_POINT('',(-20.3,29.347893547724,42.946189275835));
#13789 = SURFACE_CURVE('',#13790,(#13795,#13802),.PCURVE_S1.);
#13790 = CIRCLE('',#13791,2.2);
#13791 = AXIS2_PLACEMENT_3D('',#13792,#13793,#13794);
#13792 = CARTESIAN_POINT('',(-22.5,29.347893547724,42.946189275835));
#13793 = DIRECTION('',(0.,0.981627183448,-0.190808995377));
#13794 = DIRECTION('',(1.,0.,0.));
#13795 = PCURVE('',#13029,#13796);
#13796 = DEFINITIONAL_REPRESENTATION('',(#13797),#13801);
#13797 = CIRCLE('',#13798,2.2);
#13798 = AXIS2_PLACEMENT_2D('',#13799,#13800);
#13799 = CARTESIAN_POINT('',(23.45,-43.75));
#13800 = DIRECTION('',(1.,0.));
#13801 = ( GEOMETRIC_REPRESENTATION_CONTEXT(2) 
PARAMETRIC_REPRESENTATION_CONTEXT() REPRESENTATION_CONTEXT('2D SPACE',''
  ) );
#13802 = PCURVE('',#13803,#13808);
#13803 = CYLINDRICAL_SURFACE('',#13804,2.2);
#13804 = AXIS2_PLACEMENT_3D('',#13805,#13806,#13807);
#13805 = CARTESIAN_POINT('',(-22.5,36.219283831857,41.610526308199));
#13806 = DIRECTION('',(0.,0.981627183448,-0.190808995377));
#13807 = DIRECTION('',(1.,0.,0.));
#13808 = DEFINITIONAL_REPRESENTATION('',(#13809),#13813);
#13809 = LINE('',#13810,#13811);
#13810 = CARTESIAN_POINT('',(-6.28318530718,-7.));
#13811 = VECTOR('',#13812,1.);
#13812 = DIRECTION('',(1.,-0.));
#13813 = ( GEOMETRIC_REPRESENTATION_CONTEXT(2) 
PARAMETRIC_REPRESENTATION_CONTEXT() REPRESENTATION_CONTEXT('2D SPACE',''
  ) );
#13814 = FACE_BOUND('',#13815,.F.);
#13815 = EDGE_LOOP('',(#13816));
#13816 = ORIENTED_EDGE('',*,*,#13817,.F.);
#13817 = EDGE_CURVE('',#13818,#13818,#13820,.T.);
#13818 = VERTEX_POINT('',#13819);
#13819 = CARTESIAN_POINT('',(24.7,29.347893547724,42.946189275835));
#13820 = SURFACE_CURVE('',#13821,(#13826,#13833),.PCURVE_S1.);
#13821 = CIRCLE('',#13822,2.2);
#13822 = AXIS2_PLACEMENT_3D('',#13823,#13824,#13825);
#13823 = CARTESIAN_POINT('',(22.5,29.347893547724,42.946189275835));
#13824 = DIRECTION('',(0.,0.981627183448,-0.190808995377));
#13825 = DIRECTION('',(1.,0.,0.));
#13826 = PCURVE('',#13029,#13827);
#13827 = DEFINITIONAL_REPRESENTATION('',(#13828),#13832);
#13828 = CIRCLE('',#13829,2.2);
#13829 = AXIS2_PLACEMENT_2D('',#13830,#13831);
#13830 = CARTESIAN_POINT('',(68.45,-43.75));
#13831 = DIRECTION('',(1.,0.));
#13832 = ( GEOMETRIC_REPRESENTATION_CONTEXT(2) 
PARAMETRIC_REPRESENTATION_CONTEXT() REPRESENTATION_CONTEXT('2D SPACE',''
  ) );
#13833 = PCURVE('',#13834,#13839);
#13834 = CYLINDRICAL_SURFACE('',#13835,2.2);
#13835 = AXIS2_PLACEMENT_3D('',#13836,#13837,#13838);
#13836 = CARTESIAN_POINT('',(22.5,36.219283831857,41.610526308199));
#13837 = DIRECTION('',(0.,0.981627183448,-0.190808995377));
#13838 = DIRECTION('',(1.,0.,0.));
#13839 = DEFINITIONAL_REPRESENTATION('',(#13840),#13844);
#13840 = LINE('',#13841,#13842);
#13841 = CARTESIAN_POINT('',(-6.28318530718,-7.));
#13842 = VECTOR('',#13843,1.);
#13843 = DIRECTION('',(1.,-0.));
#13844 = ( GEOMETRIC_REPRESENTATION_CONTEXT(2) 
PARAMETRIC_REPRESENTATION_CONTEXT() REPRESENTATION_CONTEXT('2D SPACE',''
  ) );
#13845 = FACE_BOUND('',#13846,.F.);
#13846 = EDGE_LOOP('',(#13847));
#13847 = ORIENTED_EDGE('',*,*,#13848,.F.);
#13848 = EDGE_CURVE('',#13849,#13849,#13851,.T.);
#13849 = VERTEX_POINT('',#13850);
#13850 = CARTESIAN_POINT('',(-20.3,22.192556221103,6.135169896548));
#13851 = SURFACE_CURVE('',#13852,(#13857,#13864),.PCURVE_S1.);
#13852 = CIRCLE('',#13853,2.2);
#13853 = AXIS2_PLACEMENT_3D('',#13854,#13855,#13856);
#13854 = CARTESIAN_POINT('',(-22.5,22.192556221103,6.135169896548));
#13855 = DIRECTION('',(0.,0.981627183448,-0.190808995377));
#13856 = DIRECTION('',(1.,0.,0.));
#13857 = PCURVE('',#13029,#13858);
#13858 = DEFINITIONAL_REPRESENTATION('',(#13859),#13863);
#13859 = CIRCLE('',#13860,2.2);
#13860 = AXIS2_PLACEMENT_2D('',#13861,#13862);
#13861 = CARTESIAN_POINT('',(23.45,-6.25));
#13862 = DIRECTION('',(1.,0.));
#13863 = ( GEOMETRIC_REPRESENTATION_CONTEXT(2) 
PARAMETRIC_REPRESENTATION_CONTEXT() REPRESENTATION_CONTEXT('2D SPACE',''
  ) );
#13864 = PCURVE('',#13865,#13870);
#13865 = CYLINDRICAL_SURFACE('',#13866,2.2);
#13866 = AXIS2_PLACEMENT_3D('',#13867,#13868,#13869);
#13867 = CARTESIAN_POINT('',(-22.5,29.063946505237,4.799506928912));
#13868 = DIRECTION('',(0.,0.981627183448,-0.190808995377));
#13869 = DIRECTION('',(1.,0.,0.));
#13870 = DEFINITIONAL_REPRESENTATION('',(#13871),#13875);
#13871 = LINE('',#13872,#13873);
#13872 = CARTESIAN_POINT('',(-6.28318530718,-7.));
#13873 = VECTOR('',#13874,1.);
#13874 = DIRECTION('',(1.,-0.));
#13875 = ( GEOMETRIC_REPRESENTATION_CONTEXT(2) 
PARAMETRIC_REPRESENTATION_CONTEXT() REPRESENTATION_CONTEXT('2D SPACE',''
  ) );
#13876 = FACE_BOUND('',#13877,.F.);
#13877 = EDGE_LOOP('',(#13878));
#13878 = ORIENTED_EDGE('',*,*,#13879,.F.);
#13879 = EDGE_CURVE('',#13880,#13880,#13882,.T.);
#13880 = VERTEX_POINT('',#13881);
#13881 = CARTESIAN_POINT('',(24.7,22.192556221103,6.135169896548));
#13882 = SURFACE_CURVE('',#13883,(#13888,#13895),.PCURVE_S1.);
#13883 = CIRCLE('',#13884,2.2);
#13884 = AXIS2_PLACEMENT_3D('',#13885,#13886,#13887);
#13885 = CARTESIAN_POINT('',(22.5,22.192556221103,6.135169896548));
#13886 = DIRECTION('',(0.,0.981627183448,-0.190808995377));
#13887 = DIRECTION('',(1.,0.,0.));
#13888 = PCURVE('',#13029,#13889);
#13889 = DEFINITIONAL_REPRESENTATION('',(#13890),#13894);
#13890 = CIRCLE('',#13891,2.2);
#13891 = AXIS2_PLACEMENT_2D('',#13892,#13893);
#13892 = CARTESIAN_POINT('',(68.45,-6.25));
#13893 = DIRECTION('',(1.,0.));
#13894 = ( GEOMETRIC_REPRESENTATION_CONTEXT(2) 
PARAMETRIC_REPRESENTATION_CONTEXT() REPRESENTATION_CONTEXT('2D SPACE',''
  ) );
#13895 = PCURVE('',#13896,#13901);
#13896 = CYLINDRICAL_SURFACE('',#13897,2.2);
#13897 = AXIS2_PLACEMENT_3D('',#13898,#13899,#13900);
#13898 = CARTESIAN_POINT('',(22.5,29.063946505237,4.799506928912));
#13899 = DIRECTION('',(0.,0.981627183448,-0.190808995377));
#13900 = DIRECTION('',(1.,0.,0.));
#13901 = DEFINITIONAL_REPRESENTATION('',(#13902),#13906);
#13902 = LINE('',#13903,#13904);
#13903 = CARTESIAN_POINT('',(-6.28318530718,-7.));
#13904 = VECTOR('',#13905,1.);
#13905 = DIRECTION('',(1.,-0.));
#13906 = ( GEOMETRIC_REPRESENTATION_CONTEXT(2) 
PARAMETRIC_REPRESENTATION_CONTEXT() REPRESENTATION_CONTEXT('2D SPACE',''
  ) );
#13907 = ADVANCED_FACE('',(#13908),#13084,.F.);
#13908 = FACE_BOUND('',#13909,.T.);
#13909 = EDGE_LOOP('',(#13910,#13911,#13932,#13933));
#13910 = ORIENTED_EDGE('',*,*,#13063,.T.);
#13911 = ORIENTED_EDGE('',*,*,#13912,.T.);
#13912 = EDGE_CURVE('',#13064,#13553,#13913,.T.);
#13913 = SEAM_CURVE('',#13914,(#13918,#13925),.PCURVE_S1.);
#13914 = LINE('',#13915,#13916);
#13915 = CARTESIAN_POINT('',(-40.,2.2,15.));
#13916 = VECTOR('',#13917,1.);
#13917 = DIRECTION('',(1.,0.,0.));
#13918 = PCURVE('',#13084,#13919);
#13919 = DEFINITIONAL_REPRESENTATION('',(#13920),#13924);
#13920 = LINE('',#13921,#13922);
#13921 = CARTESIAN_POINT('',(-6.28318530718,0.));
#13922 = VECTOR('',#13923,1.);
#13923 = DIRECTION('',(-0.,-1.));
#13924 = ( GEOMETRIC_REPRESENTATION_CONTEXT(2) 
PARAMETRIC_REPRESENTATION_CONTEXT() REPRESENTATION_CONTEXT('2D SPACE',''
  ) );
#13925 = PCURVE('',#13084,#13926);
#13926 = DEFINITIONAL_REPRESENTATION('',(#13927),#13931);
#13927 = LINE('',#13928,#13929);
#13928 = CARTESIAN_POINT('',(-0.,0.));
#13929 = VECTOR('',#13930,1.);
#13930 = DIRECTION('',(-0.,-1.));
#13931 = ( GEOMETRIC_REPRESENTATION_CONTEXT(2) 
PARAMETRIC_REPRESENTATION_CONTEXT() REPRESENTATION_CONTEXT('2D SPACE',''
  ) );
#13932 = ORIENTED_EDGE('',*,*,#13552,.F.);
#13933 = ORIENTED_EDGE('',*,*,#13912,.F.);
#13934 = ADVANCED_FACE('',(#13935),#13187,.F.);
#13935 = FACE_BOUND('',#13936,.T.);
#13936 = EDGE_LOOP('',(#13937,#13938,#13959,#13960));
#13937 = ORIENTED_EDGE('',*,*,#13407,.T.);
#13938 = ORIENTED_EDGE('',*,*,#13939,.T.);
#13939 = EDGE_CURVE('',#13408,#13171,#13940,.T.);
#13940 = SEAM_CURVE('',#13941,(#13945,#13952),.PCURVE_S1.);
#13941 = LINE('',#13942,#13943);
#13942 = CARTESIAN_POINT('',(-40.,2.2,15.));
#13943 = VECTOR('',#13944,1.);
#13944 = DIRECTION('',(1.,0.,0.));
#13945 = PCURVE('',#13187,#13946);
#13946 = DEFINITIONAL_REPRESENTATION('',(#13947),#13951);
#13947 = LINE('',#13948,#13949);
#13948 = CARTESIAN_POINT('',(-6.28318530718,0.));
#13949 = VECTOR('',#13950,1.);
#13950 = DIRECTION('',(-0.,-1.));
#13951 = ( GEOMETRIC_REPRESENTATION_CONTEXT(2) 
PARAMETRIC_REPRESENTATION_CONTEXT() REPRESENTATION_CONTEXT('2D SPACE',''
  ) );
#13952 = PCURVE('',#13187,#13953);
#13953 = DEFINITIONAL_REPRESENTATION('',(#13954),#13958);
#13954 = LINE('',#13955,#13956);
#13955 = CARTESIAN_POINT('',(-0.,0.));
#13956 = VECTOR('',#13957,1.);
#13957 = DIRECTION('',(-0.,-1.));
#13958 = ( GEOMETRIC_REPRESENTATION_CONTEXT(2) 
PARAMETRIC_REPRESENTATION_CONTEXT() REPRESENTATION_CONTEXT('2D SPACE',''
  ) );
#13959 = ORIENTED_EDGE('',*,*,#13170,.F.);
#13960 = ORIENTED_EDGE('',*,*,#13939,.F.);
#13961 = ADVANCED_FACE('',(#13962),#13319,.T.);
#13962 = FACE_BOUND('',#13963,.T.);
#13963 = EDGE_LOOP('',(#13964,#13988,#13989,#13990));
#13964 = ORIENTED_EDGE('',*,*,#13965,.T.);
#13965 = EDGE_CURVE('',#13966,#13278,#13968,.T.);
#13966 = VERTEX_POINT('',#13967);
#13967 = CARTESIAN_POINT('',(-45.95,27.652999082192,2.781654761531));
#13968 = SURFACE_CURVE('',#13969,(#13974,#13981),.PCURVE_S1.);
#13969 = CIRCLE('',#13970,4.);
#13970 = AXIS2_PLACEMENT_3D('',#13971,#13972,#13973);
#13971 = CARTESIAN_POINT('',(-41.95,27.652999082192,2.781654761531));
#13972 = DIRECTION('',(0.,-0.981627183448,0.190808995377));
#13973 = DIRECTION('',(0.,-0.190808995377,-0.981627183448));
#13974 = PCURVE('',#13319,#13975);
#13975 = DEFINITIONAL_REPRESENTATION('',(#13976),#13980);
#13976 = LINE('',#13977,#13978);
#13977 = CARTESIAN_POINT('',(-4.712388980385,0.));
#13978 = VECTOR('',#13979,1.);
#13979 = DIRECTION('',(1.,0.));
#13980 = ( GEOMETRIC_REPRESENTATION_CONTEXT(2) 
PARAMETRIC_REPRESENTATION_CONTEXT() REPRESENTATION_CONTEXT('2D SPACE',''
  ) );
#13981 = PCURVE('',#13293,#13982);
#13982 = DEFINITIONAL_REPRESENTATION('',(#13983),#13987);
#13983 = CIRCLE('',#13984,4.);
#13984 = AXIS2_PLACEMENT_2D('',#13985,#13986);
#13985 = CARTESIAN_POINT('',(87.9,-4.));
#13986 = DIRECTION('',(-0.,1.));
#13987 = ( GEOMETRIC_REPRESENTATION_CONTEXT(2) 
PARAMETRIC_REPRESENTATION_CONTEXT() REPRESENTATION_CONTEXT('2D SPACE',''
  ) );
#13988 = ORIENTED_EDGE('',*,*,#13305,.T.);
#13989 = ORIENTED_EDGE('',*,*,#13583,.F.);
#13990 = ORIENTED_EDGE('',*,*,#13991,.F.);
#13991 = EDGE_CURVE('',#13966,#13584,#13992,.T.);
#13992 = SURFACE_CURVE('',#13993,(#13997,#14004),.PCURVE_S1.);
#13993 = LINE('',#13994,#13995);
#13994 = CARTESIAN_POINT('',(-45.95,27.652999082192,2.781654761531));
#13995 = VECTOR('',#13996,1.);
#13996 = DIRECTION('',(0.,-0.981627183448,0.190808995377));
#13997 = PCURVE('',#13319,#13998);
#13998 = DEFINITIONAL_REPRESENTATION('',(#13999),#14003);
#13999 = LINE('',#14000,#14001);
#14000 = CARTESIAN_POINT('',(0.,0.));
#14001 = VECTOR('',#14002,1.);
#14002 = DIRECTION('',(0.,1.));
#14003 = ( GEOMETRIC_REPRESENTATION_CONTEXT(2) 
PARAMETRIC_REPRESENTATION_CONTEXT() REPRESENTATION_CONTEXT('2D SPACE',''
  ) );
#14004 = PCURVE('',#13627,#14005);
#14005 = DEFINITIONAL_REPRESENTATION('',(#14006),#14010);
#14006 = LINE('',#14007,#14008);
#14007 = CARTESIAN_POINT('',(-1.998401444325E-15,-4.));
#14008 = VECTOR('',#14009,1.);
#14009 = DIRECTION('',(1.,0.));
#14010 = ( GEOMETRIC_REPRESENTATION_CONTEXT(2) 
PARAMETRIC_REPRESENTATION_CONTEXT() REPRESENTATION_CONTEXT('2D SPACE',''
  ) );
#14011 = ADVANCED_FACE('',(#14012),#13265,.T.);
#14012 = FACE_BOUND('',#14013,.T.);
#14013 = EDGE_LOOP('',(#14014,#14015,#14016,#14044));
#14014 = ORIENTED_EDGE('',*,*,#13757,.T.);
#14015 = ORIENTED_EDGE('',*,*,#13249,.T.);
#14016 = ORIENTED_EDGE('',*,*,#14017,.F.);
#14017 = EDGE_CURVE('',#14018,#13250,#14020,.T.);
#14018 = VERTEX_POINT('',#14019);
#14019 = CARTESIAN_POINT('',(45.95,27.652999082192,2.781654761531));
#14020 = SURFACE_CURVE('',#14021,(#14026,#14033),.PCURVE_S1.);
#14021 = CIRCLE('',#14022,4.);
#14022 = AXIS2_PLACEMENT_3D('',#14023,#14024,#14025);
#14023 = CARTESIAN_POINT('',(41.95,27.652999082192,2.781654761531));
#14024 = DIRECTION('',(0.,0.981627183448,-0.190808995377));
#14025 = DIRECTION('',(0.,0.190808995377,0.981627183448));
#14026 = PCURVE('',#13265,#14027);
#14027 = DEFINITIONAL_REPRESENTATION('',(#14028),#14032);
#14028 = LINE('',#14029,#14030);
#14029 = CARTESIAN_POINT('',(-1.570796326795,6.));
#14030 = VECTOR('',#14031,1.);
#14031 = DIRECTION('',(1.,0.));
#14032 = ( GEOMETRIC_REPRESENTATION_CONTEXT(2) 
PARAMETRIC_REPRESENTATION_CONTEXT() REPRESENTATION_CONTEXT('2D SPACE',''
  ) );
#14033 = PCURVE('',#13293,#14034);
#14034 = DEFINITIONAL_REPRESENTATION('',(#14035),#14043);
#14035 = ( BOUNDED_CURVE() B_SPLINE_CURVE(2,(#14036,#14037,#14038,#14039
    ,#14040,#14041,#14042),.UNSPECIFIED.,.T.,.F.) 
B_SPLINE_CURVE_WITH_KNOTS((1,2,2,2,2,1),(-2.094395102393,0.,
    2.094395102393,4.188790204786,6.28318530718,8.377580409573),
.UNSPECIFIED.) CURVE() GEOMETRIC_REPRESENTATION_ITEM() 
RATIONAL_B_SPLINE_CURVE((1.,0.5,1.,0.5,1.,0.5,1.)) REPRESENTATION_ITEM(
  '') );
#14036 = CARTESIAN_POINT('',(4.,-8.));
#14037 = CARTESIAN_POINT('',(-2.928203230276,-8.));
#14038 = CARTESIAN_POINT('',(0.535898384862,-2.));
#14039 = CARTESIAN_POINT('',(4.,4.));
#14040 = CARTESIAN_POINT('',(7.464101615138,-2.));
#14041 = CARTESIAN_POINT('',(10.928203230276,-8.));
#14042 = CARTESIAN_POINT('',(4.,-8.));
#14043 = ( GEOMETRIC_REPRESENTATION_CONTEXT(2) 
PARAMETRIC_REPRESENTATION_CONTEXT() REPRESENTATION_CONTEXT('2D SPACE',''
  ) );
#14044 = ORIENTED_EDGE('',*,*,#14045,.F.);
#14045 = EDGE_CURVE('',#13730,#14018,#14046,.T.);
#14046 = SURFACE_CURVE('',#14047,(#14051,#14058),.PCURVE_S1.);
#14047 = LINE('',#14048,#14049);
#14048 = CARTESIAN_POINT('',(45.95,21.763235981506,3.926508733791));
#14049 = VECTOR('',#14050,1.);
#14050 = DIRECTION('',(0.,0.981627183448,-0.190808995377));
#14051 = PCURVE('',#13265,#14052);
#14052 = DEFINITIONAL_REPRESENTATION('',(#14053),#14057);
#14053 = LINE('',#14054,#14055);
#14054 = CARTESIAN_POINT('',(0.,0.));
#14055 = VECTOR('',#14056,1.);
#14056 = DIRECTION('',(0.,1.));
#14057 = ( GEOMETRIC_REPRESENTATION_CONTEXT(2) 
PARAMETRIC_REPRESENTATION_CONTEXT() REPRESENTATION_CONTEXT('2D SPACE',''
  ) );
#14058 = PCURVE('',#13745,#14059);
#14059 = DEFINITIONAL_REPRESENTATION('',(#14060),#14064);
#14060 = LINE('',#14061,#14062);
#14061 = CARTESIAN_POINT('',(-1.443289932013E-15,-4.));
#14062 = VECTOR('',#14063,1.);
#14063 = DIRECTION('',(1.,0.));
#14064 = ( GEOMETRIC_REPRESENTATION_CONTEXT(2) 
PARAMETRIC_REPRESENTATION_CONTEXT() REPRESENTATION_CONTEXT('2D SPACE',''
  ) );
#14065 = ADVANCED_FACE('',(#14066,#14190,#14220,#14250,#14280),#13293,
  .F.);
#14066 = FACE_BOUND('',#14067,.F.);
#14067 = EDGE_LOOP('',(#14068,#14091,#14115,#14138,#14166,#14187,#14188,
    #14189));
#14068 = ORIENTED_EDGE('',*,*,#14069,.T.);
#14069 = EDGE_CURVE('',#14018,#14070,#14072,.T.);
#14070 = VERTEX_POINT('',#14071);
#14071 = CARTESIAN_POINT('',(45.95,35.666976888007,44.009996466333));
#14072 = SURFACE_CURVE('',#14073,(#14077,#14084),.PCURVE_S1.);
#14073 = LINE('',#14074,#14075);
#14074 = CARTESIAN_POINT('',(45.95,26.889763100686,-1.144853972259));
#14075 = VECTOR('',#14076,1.);
#14076 = DIRECTION('',(0.,0.190808995377,0.981627183448));
#14077 = PCURVE('',#13293,#14078);
#14078 = DEFINITIONAL_REPRESENTATION('',(#14079),#14083);
#14079 = LINE('',#14080,#14081);
#14080 = CARTESIAN_POINT('',(0.,-0.));
#14081 = VECTOR('',#14082,1.);
#14082 = DIRECTION('',(0.,-1.));
#14083 = ( GEOMETRIC_REPRESENTATION_CONTEXT(2) 
PARAMETRIC_REPRESENTATION_CONTEXT() REPRESENTATION_CONTEXT('2D SPACE',''
  ) );
#14084 = PCURVE('',#13745,#14085);
#14085 = DEFINITIONAL_REPRESENTATION('',(#14086),#14090);
#14086 = LINE('',#14087,#14088);
#14087 = CARTESIAN_POINT('',(6.,2.22044604925E-16));
#14088 = VECTOR('',#14089,1.);
#14089 = DIRECTION('',(0.,-1.));
#14090 = ( GEOMETRIC_REPRESENTATION_CONTEXT(2) 
PARAMETRIC_REPRESENTATION_CONTEXT() REPRESENTATION_CONTEXT('2D SPACE',''
  ) );
#14091 = ORIENTED_EDGE('',*,*,#14092,.T.);
#14092 = EDGE_CURVE('',#14070,#14093,#14095,.T.);
#14093 = VERTEX_POINT('',#14094);
#14094 = CARTESIAN_POINT('',(41.95,36.430212869513,47.936505200124));
#14095 = SURFACE_CURVE('',#14096,(#14101,#14108),.PCURVE_S1.);
#14096 = CIRCLE('',#14097,4.);
#14097 = AXIS2_PLACEMENT_3D('',#14098,#14099,#14100);
#14098 = CARTESIAN_POINT('',(41.95,35.666976888007,44.009996466333));
#14099 = DIRECTION('',(0.,-0.981627183448,0.190808995377));
#14100 = DIRECTION('',(0.,0.190808995377,0.981627183448));
#14101 = PCURVE('',#13293,#14102);
#14102 = DEFINITIONAL_REPRESENTATION('',(#14103),#14107);
#14103 = CIRCLE('',#14104,4.);
#14104 = AXIS2_PLACEMENT_2D('',#14105,#14106);
#14105 = CARTESIAN_POINT('',(4.,-46.));
#14106 = DIRECTION('',(0.,-1.));
#14107 = ( GEOMETRIC_REPRESENTATION_CONTEXT(2) 
PARAMETRIC_REPRESENTATION_CONTEXT() REPRESENTATION_CONTEXT('2D SPACE',''
  ) );
#14108 = PCURVE('',#13717,#14109);
#14109 = DEFINITIONAL_REPRESENTATION('',(#14110),#14114);
#14110 = LINE('',#14111,#14112);
#14111 = CARTESIAN_POINT('',(4.712388980385,6.));
#14112 = VECTOR('',#14113,1.);
#14113 = DIRECTION('',(-1.,0.));
#14114 = ( GEOMETRIC_REPRESENTATION_CONTEXT(2) 
PARAMETRIC_REPRESENTATION_CONTEXT() REPRESENTATION_CONTEXT('2D SPACE',''
  ) );
#14115 = ORIENTED_EDGE('',*,*,#14116,.T.);
#14116 = EDGE_CURVE('',#14093,#14117,#14119,.T.);
#14117 = VERTEX_POINT('',#14118);
#14118 = CARTESIAN_POINT('',(-41.95,36.430212869513,47.936505200124));
#14119 = SURFACE_CURVE('',#14120,(#14124,#14131),.PCURVE_S1.);
#14120 = LINE('',#14121,#14122);
#14121 = CARTESIAN_POINT('',(45.95,36.430212869513,47.936505200124));
#14122 = VECTOR('',#14123,1.);
#14123 = DIRECTION('',(-1.,0.,0.));
#14124 = PCURVE('',#13293,#14125);
#14125 = DEFINITIONAL_REPRESENTATION('',(#14126),#14130);
#14126 = LINE('',#14127,#14128);
#14127 = CARTESIAN_POINT('',(0.,-50.));
#14128 = VECTOR('',#14129,1.);
#14129 = DIRECTION('',(1.,0.));
#14130 = ( GEOMETRIC_REPRESENTATION_CONTEXT(2) 
PARAMETRIC_REPRESENTATION_CONTEXT() REPRESENTATION_CONTEXT('2D SPACE',''
  ) );
#14131 = PCURVE('',#13684,#14132);
#14132 = DEFINITIONAL_REPRESENTATION('',(#14133),#14137);
#14133 = LINE('',#14134,#14135);
#14134 = CARTESIAN_POINT('',(45.95,3.));
#14135 = VECTOR('',#14136,1.);
#14136 = DIRECTION('',(-1.,0.));
#14137 = ( GEOMETRIC_REPRESENTATION_CONTEXT(2) 
PARAMETRIC_REPRESENTATION_CONTEXT() REPRESENTATION_CONTEXT('2D SPACE',''
  ) );
#14138 = ORIENTED_EDGE('',*,*,#14139,.F.);
#14139 = EDGE_CURVE('',#14140,#14117,#14142,.T.);
#14140 = VERTEX_POINT('',#14141);
#14141 = CARTESIAN_POINT('',(-45.95,35.666976888007,44.009996466333));
#14142 = SURFACE_CURVE('',#14143,(#14148,#14159),.PCURVE_S1.);
#14143 = CIRCLE('',#14144,4.);
#14144 = AXIS2_PLACEMENT_3D('',#14145,#14146,#14147);
#14145 = CARTESIAN_POINT('',(-41.95,35.666976888007,44.009996466333));
#14146 = DIRECTION('',(-0.,0.981627183448,-0.190808995377));
#14147 = DIRECTION('',(0.,-0.190808995377,-0.981627183448));
#14148 = PCURVE('',#13293,#14149);
#14149 = DEFINITIONAL_REPRESENTATION('',(#14150),#14158);
#14150 = ( BOUNDED_CURVE() B_SPLINE_CURVE(2,(#14151,#14152,#14153,#14154
    ,#14155,#14156,#14157),.UNSPECIFIED.,.T.,.F.) 
B_SPLINE_CURVE_WITH_KNOTS((1,2,2,2,2,1),(-2.094395102393,0.,
    2.094395102393,4.188790204786,6.28318530718,8.377580409573),
.UNSPECIFIED.) CURVE() GEOMETRIC_REPRESENTATION_ITEM() 
RATIONAL_B_SPLINE_CURVE((1.,0.5,1.,0.5,1.,0.5,1.)) REPRESENTATION_ITEM(
  '') );
#14151 = CARTESIAN_POINT('',(87.9,-42.));
#14152 = CARTESIAN_POINT('',(94.828203230276,-42.));
#14153 = CARTESIAN_POINT('',(91.364101615138,-48.));
#14154 = CARTESIAN_POINT('',(87.9,-54.));
#14155 = CARTESIAN_POINT('',(84.435898384862,-48.));
#14156 = CARTESIAN_POINT('',(80.971796769724,-42.));
#14157 = CARTESIAN_POINT('',(87.9,-42.));
#14158 = ( GEOMETRIC_REPRESENTATION_CONTEXT(2) 
PARAMETRIC_REPRESENTATION_CONTEXT() REPRESENTATION_CONTEXT('2D SPACE',''
  ) );
#14159 = PCURVE('',#13656,#14160);
#14160 = DEFINITIONAL_REPRESENTATION('',(#14161),#14165);
#14161 = LINE('',#14162,#14163);
#14162 = CARTESIAN_POINT('',(1.570796326795,-0.));
#14163 = VECTOR('',#14164,1.);
#14164 = DIRECTION('',(-1.,0.));
#14165 = ( GEOMETRIC_REPRESENTATION_CONTEXT(2) 
PARAMETRIC_REPRESENTATION_CONTEXT() REPRESENTATION_CONTEXT('2D SPACE',''
  ) );
#14166 = ORIENTED_EDGE('',*,*,#14167,.F.);
#14167 = EDGE_CURVE('',#13966,#14140,#14168,.T.);
#14168 = SURFACE_CURVE('',#14169,(#14173,#14180),.PCURVE_S1.);
#14169 = LINE('',#14170,#14171);
#14170 = CARTESIAN_POINT('',(-45.95,26.889763100686,-1.144853972259));
#14171 = VECTOR('',#14172,1.);
#14172 = DIRECTION('',(0.,0.190808995377,0.981627183448));
#14173 = PCURVE('',#13293,#14174);
#14174 = DEFINITIONAL_REPRESENTATION('',(#14175),#14179);
#14175 = LINE('',#14176,#14177);
#14176 = CARTESIAN_POINT('',(91.9,0.));
#14177 = VECTOR('',#14178,1.);
#14178 = DIRECTION('',(0.,-1.));
#14179 = ( GEOMETRIC_REPRESENTATION_CONTEXT(2) 
PARAMETRIC_REPRESENTATION_CONTEXT() REPRESENTATION_CONTEXT('2D SPACE',''
  ) );
#14180 = PCURVE('',#13627,#14181);
#14181 = DEFINITIONAL_REPRESENTATION('',(#14182),#14186);
#14182 = LINE('',#14183,#14184);
#14183 = CARTESIAN_POINT('',(0.,0.));
#14184 = VECTOR('',#14185,1.);
#14185 = DIRECTION('',(0.,-1.));
#14186 = ( GEOMETRIC_REPRESENTATION_CONTEXT(2) 
PARAMETRIC_REPRESENTATION_CONTEXT() REPRESENTATION_CONTEXT('2D SPACE',''
  ) );
#14187 = ORIENTED_EDGE('',*,*,#13965,.T.);
#14188 = ORIENTED_EDGE('',*,*,#13277,.F.);
#14189 = ORIENTED_EDGE('',*,*,#14017,.F.);
#14190 = FACE_BOUND('',#14191,.F.);
#14191 = EDGE_LOOP('',(#14192));
#14192 = ORIENTED_EDGE('',*,*,#14193,.T.);
#14193 = EDGE_CURVE('',#14194,#14194,#14196,.T.);
#14194 = VERTEX_POINT('',#14195);
#14195 = CARTESIAN_POINT('',(24.7,35.23765664841,41.801335303576));
#14196 = SURFACE_CURVE('',#14197,(#14202,#14213),.PCURVE_S1.);
#14197 = CIRCLE('',#14198,2.2);
#14198 = AXIS2_PLACEMENT_3D('',#14199,#14200,#14201);
#14199 = CARTESIAN_POINT('',(22.5,35.23765664841,41.801335303576));
#14200 = DIRECTION('',(0.,0.981627183448,-0.190808995377));
#14201 = DIRECTION('',(1.,0.,0.));
#14202 = PCURVE('',#13293,#14203);
#14203 = DEFINITIONAL_REPRESENTATION('',(#14204),#14212);
#14204 = ( BOUNDED_CURVE() B_SPLINE_CURVE(2,(#14205,#14206,#14207,#14208
    ,#14209,#14210,#14211),.UNSPECIFIED.,.T.,.F.) 
B_SPLINE_CURVE_WITH_KNOTS((1,2,2,2,2,1),(-2.094395102393,0.,
    2.094395102393,4.188790204786,6.28318530718,8.377580409573),
.UNSPECIFIED.) CURVE() GEOMETRIC_REPRESENTATION_ITEM() 
RATIONAL_B_SPLINE_CURVE((1.,0.5,1.,0.5,1.,0.5,1.)) REPRESENTATION_ITEM(
  '') );
#14205 = CARTESIAN_POINT('',(21.25,-43.75));
#14206 = CARTESIAN_POINT('',(21.25,-39.93948822334));
#14207 = CARTESIAN_POINT('',(24.55,-41.84474411167));
#14208 = CARTESIAN_POINT('',(27.85,-43.75));
#14209 = CARTESIAN_POINT('',(24.55,-45.65525588832));
#14210 = CARTESIAN_POINT('',(21.25,-47.56051177665));
#14211 = CARTESIAN_POINT('',(21.25,-43.75));
#14212 = ( GEOMETRIC_REPRESENTATION_CONTEXT(2) 
PARAMETRIC_REPRESENTATION_CONTEXT() REPRESENTATION_CONTEXT('2D SPACE',''
  ) );
#14213 = PCURVE('',#13834,#14214);
#14214 = DEFINITIONAL_REPRESENTATION('',(#14215),#14219);
#14215 = LINE('',#14216,#14217);
#14216 = CARTESIAN_POINT('',(-6.28318530718,-1.));
#14217 = VECTOR('',#14218,1.);
#14218 = DIRECTION('',(1.,-0.));
#14219 = ( GEOMETRIC_REPRESENTATION_CONTEXT(2) 
PARAMETRIC_REPRESENTATION_CONTEXT() REPRESENTATION_CONTEXT('2D SPACE',''
  ) );
#14220 = FACE_BOUND('',#14221,.F.);
#14221 = EDGE_LOOP('',(#14222));
#14222 = ORIENTED_EDGE('',*,*,#14223,.T.);
#14223 = EDGE_CURVE('',#14224,#14224,#14226,.T.);
#14224 = VERTEX_POINT('',#14225);
#14225 = CARTESIAN_POINT('',(-20.3,35.23765664841,41.801335303576));
#14226 = SURFACE_CURVE('',#14227,(#14232,#14243),.PCURVE_S1.);
#14227 = CIRCLE('',#14228,2.2);
#14228 = AXIS2_PLACEMENT_3D('',#14229,#14230,#14231);
#14229 = CARTESIAN_POINT('',(-22.5,35.23765664841,41.801335303576));
#14230 = DIRECTION('',(0.,0.981627183448,-0.190808995377));
#14231 = DIRECTION('',(1.,0.,0.));
#14232 = PCURVE('',#13293,#14233);
#14233 = DEFINITIONAL_REPRESENTATION('',(#14234),#14242);
#14234 = ( BOUNDED_CURVE() B_SPLINE_CURVE(2,(#14235,#14236,#14237,#14238
    ,#14239,#14240,#14241),.UNSPECIFIED.,.T.,.F.) 
B_SPLINE_CURVE_WITH_KNOTS((1,2,2,2,2,1),(-2.094395102393,0.,
    2.094395102393,4.188790204786,6.28318530718,8.377580409573),
.UNSPECIFIED.) CURVE() GEOMETRIC_REPRESENTATION_ITEM() 
RATIONAL_B_SPLINE_CURVE((1.,0.5,1.,0.5,1.,0.5,1.)) REPRESENTATION_ITEM(
  '') );
#14235 = CARTESIAN_POINT('',(66.25,-43.75));
#14236 = CARTESIAN_POINT('',(66.25,-39.93948822334));
#14237 = CARTESIAN_POINT('',(69.55,-41.84474411167));
#14238 = CARTESIAN_POINT('',(72.85,-43.75));
#14239 = CARTESIAN_POINT('',(69.55,-45.65525588832));
#14240 = CARTESIAN_POINT('',(66.25,-47.56051177665));
#14241 = CARTESIAN_POINT('',(66.25,-43.75));
#14242 = ( GEOMETRIC_REPRESENTATION_CONTEXT(2) 
PARAMETRIC_REPRESENTATION_CONTEXT() REPRESENTATION_CONTEXT('2D SPACE',''
  ) );
#14243 = PCURVE('',#13803,#14244);
#14244 = DEFINITIONAL_REPRESENTATION('',(#14245),#14249);
#14245 = LINE('',#14246,#14247);
#14246 = CARTESIAN_POINT('',(-6.28318530718,-1.));
#14247 = VECTOR('',#14248,1.);
#14248 = DIRECTION('',(1.,-0.));
#14249 = ( GEOMETRIC_REPRESENTATION_CONTEXT(2) 
PARAMETRIC_REPRESENTATION_CONTEXT() REPRESENTATION_CONTEXT('2D SPACE',''
  ) );
#14250 = FACE_BOUND('',#14251,.F.);
#14251 = EDGE_LOOP('',(#14252));
#14252 = ORIENTED_EDGE('',*,*,#14253,.T.);
#14253 = EDGE_CURVE('',#14254,#14254,#14256,.T.);
#14254 = VERTEX_POINT('',#14255);
#14255 = CARTESIAN_POINT('',(24.7,28.082319321789,4.990315924289));
#14256 = SURFACE_CURVE('',#14257,(#14262,#14273),.PCURVE_S1.);
#14257 = CIRCLE('',#14258,2.2);
#14258 = AXIS2_PLACEMENT_3D('',#14259,#14260,#14261);
#14259 = CARTESIAN_POINT('',(22.5,28.082319321789,4.990315924289));
#14260 = DIRECTION('',(0.,0.981627183448,-0.190808995377));
#14261 = DIRECTION('',(1.,0.,0.));
#14262 = PCURVE('',#13293,#14263);
#14263 = DEFINITIONAL_REPRESENTATION('',(#14264),#14272);
#14264 = ( BOUNDED_CURVE() B_SPLINE_CURVE(2,(#14265,#14266,#14267,#14268
    ,#14269,#14270,#14271),.UNSPECIFIED.,.T.,.F.) 
B_SPLINE_CURVE_WITH_KNOTS((1,2,2,2,2,1),(-2.094395102393,0.,
    2.094395102393,4.188790204786,6.28318530718,8.377580409573),
.UNSPECIFIED.) CURVE() GEOMETRIC_REPRESENTATION_ITEM() 
RATIONAL_B_SPLINE_CURVE((1.,0.5,1.,0.5,1.,0.5,1.)) REPRESENTATION_ITEM(
  '') );
#14265 = CARTESIAN_POINT('',(21.25,-6.25));
#14266 = CARTESIAN_POINT('',(21.25,-2.439488223348));
#14267 = CARTESIAN_POINT('',(24.55,-4.344744111674));
#14268 = CARTESIAN_POINT('',(27.85,-6.25));
#14269 = CARTESIAN_POINT('',(24.55,-8.155255888326));
#14270 = CARTESIAN_POINT('',(21.25,-10.06051177665));
#14271 = CARTESIAN_POINT('',(21.25,-6.25));
#14272 = ( GEOMETRIC_REPRESENTATION_CONTEXT(2) 
PARAMETRIC_REPRESENTATION_CONTEXT() REPRESENTATION_CONTEXT('2D SPACE',''
  ) );
#14273 = PCURVE('',#13896,#14274);
#14274 = DEFINITIONAL_REPRESENTATION('',(#14275),#14279);
#14275 = LINE('',#14276,#14277);
#14276 = CARTESIAN_POINT('',(-6.28318530718,-1.));
#14277 = VECTOR('',#14278,1.);
#14278 = DIRECTION('',(1.,-0.));
#14279 = ( GEOMETRIC_REPRESENTATION_CONTEXT(2) 
PARAMETRIC_REPRESENTATION_CONTEXT() REPRESENTATION_CONTEXT('2D SPACE',''
  ) );
#14280 = FACE_BOUND('',#14281,.F.);
#14281 = EDGE_LOOP('',(#14282));
#14282 = ORIENTED_EDGE('',*,*,#14283,.T.);
#14283 = EDGE_CURVE('',#14284,#14284,#14286,.T.);
#14284 = VERTEX_POINT('',#14285);
#14285 = CARTESIAN_POINT('',(-20.3,28.082319321789,4.990315924289));
#14286 = SURFACE_CURVE('',#14287,(#14292,#14303),.PCURVE_S1.);
#14287 = CIRCLE('',#14288,2.2);
#14288 = AXIS2_PLACEMENT_3D('',#14289,#14290,#14291);
#14289 = CARTESIAN_POINT('',(-22.5,28.082319321789,4.990315924289));
#14290 = DIRECTION('',(0.,0.981627183448,-0.190808995377));
#14291 = DIRECTION('',(1.,0.,0.));
#14292 = PCURVE('',#13293,#14293);
#14293 = DEFINITIONAL_REPRESENTATION('',(#14294),#14302);
#14294 = ( BOUNDED_CURVE() B_SPLINE_CURVE(2,(#14295,#14296,#14297,#14298
    ,#14299,#14300,#14301),.UNSPECIFIED.,.T.,.F.) 
B_SPLINE_CURVE_WITH_KNOTS((1,2,2,2,2,1),(-2.094395102393,0.,
    2.094395102393,4.188790204786,6.28318530718,8.377580409573),
.UNSPECIFIED.) CURVE() GEOMETRIC_REPRESENTATION_ITEM() 
RATIONAL_B_SPLINE_CURVE((1.,0.5,1.,0.5,1.,0.5,1.)) REPRESENTATION_ITEM(
  '') );
#14295 = CARTESIAN_POINT('',(66.25,-6.25));
#14296 = CARTESIAN_POINT('',(66.25,-2.439488223348));
#14297 = CARTESIAN_POINT('',(69.55,-4.344744111674));
#14298 = CARTESIAN_POINT('',(72.85,-6.25));
#14299 = CARTESIAN_POINT('',(69.55,-8.155255888326));
#14300 = CARTESIAN_POINT('',(66.25,-10.06051177665));
#14301 = CARTESIAN_POINT('',(66.25,-6.25));
#14302 = ( GEOMETRIC_REPRESENTATION_CONTEXT(2) 
PARAMETRIC_REPRESENTATION_CONTEXT() REPRESENTATION_CONTEXT('2D SPACE',''
  ) );
#14303 = PCURVE('',#13865,#14304);
#14304 = DEFINITIONAL_REPRESENTATION('',(#14305),#14309);
#14305 = LINE('',#14306,#14307);
#14306 = CARTESIAN_POINT('',(-6.28318530718,-1.));
#14307 = VECTOR('',#14308,1.);
#14308 = DIRECTION('',(1.,-0.));
#14309 = ( GEOMETRIC_REPRESENTATION_CONTEXT(2) 
PARAMETRIC_REPRESENTATION_CONTEXT() REPRESENTATION_CONTEXT('2D SPACE',''
  ) );
#14310 = ADVANCED_FACE('',(#14311),#13394,.F.);
#14311 = FACE_BOUND('',#14312,.F.);
#14312 = EDGE_LOOP('',(#14313,#14314,#14315,#14316));
#14313 = ORIENTED_EDGE('',*,*,#13506,.T.);
#14314 = ORIENTED_EDGE('',*,*,#13381,.T.);
#14315 = ORIENTED_EDGE('',*,*,#13459,.T.);
#14316 = ORIENTED_EDGE('',*,*,#13531,.T.);
#14317 = ADVANCED_FACE('',(#14318),#13745,.F.);
#14318 = FACE_BOUND('',#14319,.F.);
#14319 = EDGE_LOOP('',(#14320,#14321,#14342,#14343));
#14320 = ORIENTED_EDGE('',*,*,#13729,.T.);
#14321 = ORIENTED_EDGE('',*,*,#14322,.T.);
#14322 = EDGE_CURVE('',#13697,#14070,#14323,.T.);
#14323 = SURFACE_CURVE('',#14324,(#14328,#14335),.PCURVE_S1.);
#14324 = LINE('',#14325,#14326);
#14325 = CARTESIAN_POINT('',(45.95,29.777213787321,45.154850438593));
#14326 = VECTOR('',#14327,1.);
#14327 = DIRECTION('',(0.,0.981627183448,-0.190808995377));
#14328 = PCURVE('',#13745,#14329);
#14329 = DEFINITIONAL_REPRESENTATION('',(#14330),#14334);
#14330 = LINE('',#14331,#14332);
#14331 = CARTESIAN_POINT('',(-1.7763568394E-15,-46.));
#14332 = VECTOR('',#14333,1.);
#14333 = DIRECTION('',(1.,0.));
#14334 = ( GEOMETRIC_REPRESENTATION_CONTEXT(2) 
PARAMETRIC_REPRESENTATION_CONTEXT() REPRESENTATION_CONTEXT('2D SPACE',''
  ) );
#14335 = PCURVE('',#13717,#14336);
#14336 = DEFINITIONAL_REPRESENTATION('',(#14337),#14341);
#14337 = LINE('',#14338,#14339);
#14338 = CARTESIAN_POINT('',(-0.,0.));
#14339 = VECTOR('',#14340,1.);
#14340 = DIRECTION('',(-0.,1.));
#14341 = ( GEOMETRIC_REPRESENTATION_CONTEXT(2) 
PARAMETRIC_REPRESENTATION_CONTEXT() REPRESENTATION_CONTEXT('2D SPACE',''
  ) );
#14342 = ORIENTED_EDGE('',*,*,#14069,.F.);
#14343 = ORIENTED_EDGE('',*,*,#14045,.F.);
#14344 = ADVANCED_FACE('',(#14345),#13717,.T.);
#14345 = FACE_BOUND('',#14346,.F.);
#14346 = EDGE_LOOP('',(#14347,#14348,#14369,#14370));
#14347 = ORIENTED_EDGE('',*,*,#13696,.T.);
#14348 = ORIENTED_EDGE('',*,*,#14349,.T.);
#14349 = EDGE_CURVE('',#13669,#14093,#14350,.T.);
#14350 = SURFACE_CURVE('',#14351,(#14355,#14362),.PCURVE_S1.);
#14351 = LINE('',#14352,#14353);
#14352 = CARTESIAN_POINT('',(41.95,30.540449768827,49.081359172383));
#14353 = VECTOR('',#14354,1.);
#14354 = DIRECTION('',(0.,0.981627183448,-0.190808995377));
#14355 = PCURVE('',#13717,#14356);
#14356 = DEFINITIONAL_REPRESENTATION('',(#14357),#14361);
#14357 = LINE('',#14358,#14359);
#14358 = CARTESIAN_POINT('',(-1.570796326795,0.));
#14359 = VECTOR('',#14360,1.);
#14360 = DIRECTION('',(-0.,1.));
#14361 = ( GEOMETRIC_REPRESENTATION_CONTEXT(2) 
PARAMETRIC_REPRESENTATION_CONTEXT() REPRESENTATION_CONTEXT('2D SPACE',''
  ) );
#14362 = PCURVE('',#13684,#14363);
#14363 = DEFINITIONAL_REPRESENTATION('',(#14364),#14368);
#14364 = LINE('',#14365,#14366);
#14365 = CARTESIAN_POINT('',(41.95,-3.));
#14366 = VECTOR('',#14367,1.);
#14367 = DIRECTION('',(0.,1.));
#14368 = ( GEOMETRIC_REPRESENTATION_CONTEXT(2) 
PARAMETRIC_REPRESENTATION_CONTEXT() REPRESENTATION_CONTEXT('2D SPACE',''
  ) );
#14369 = ORIENTED_EDGE('',*,*,#14092,.F.);
#14370 = ORIENTED_EDGE('',*,*,#14322,.F.);
#14371 = ADVANCED_FACE('',(#14372),#13684,.T.);
#14372 = FACE_BOUND('',#14373,.T.);
#14373 = EDGE_LOOP('',(#14374,#14375,#14376,#14377));
#14374 = ORIENTED_EDGE('',*,*,#13668,.T.);
#14375 = ORIENTED_EDGE('',*,*,#14349,.T.);
#14376 = ORIENTED_EDGE('',*,*,#14116,.T.);
#14377 = ORIENTED_EDGE('',*,*,#14378,.T.);
#14378 = EDGE_CURVE('',#14117,#13640,#14379,.T.);
#14379 = SURFACE_CURVE('',#14380,(#14384,#14391),.PCURVE_S1.);
#14380 = LINE('',#14381,#14382);
#14381 = CARTESIAN_POINT('',(-41.95,36.430212869513,47.936505200124));
#14382 = VECTOR('',#14383,1.);
#14383 = DIRECTION('',(0.,-0.981627183448,0.190808995377));
#14384 = PCURVE('',#13684,#14385);
#14385 = DEFINITIONAL_REPRESENTATION('',(#14386),#14390);
#14386 = LINE('',#14387,#14388);
#14387 = CARTESIAN_POINT('',(-41.95,3.));
#14388 = VECTOR('',#14389,1.);
#14389 = DIRECTION('',(0.,-1.));
#14390 = ( GEOMETRIC_REPRESENTATION_CONTEXT(2) 
PARAMETRIC_REPRESENTATION_CONTEXT() REPRESENTATION_CONTEXT('2D SPACE',''
  ) );
#14391 = PCURVE('',#13656,#14392);
#14392 = DEFINITIONAL_REPRESENTATION('',(#14393),#14397);
#14393 = LINE('',#14394,#14395);
#14394 = CARTESIAN_POINT('',(-1.570796326795,0.));
#14395 = VECTOR('',#14396,1.);
#14396 = DIRECTION('',(-0.,1.));
#14397 = ( GEOMETRIC_REPRESENTATION_CONTEXT(2) 
PARAMETRIC_REPRESENTATION_CONTEXT() REPRESENTATION_CONTEXT('2D SPACE',''
  ) );
#14398 = ADVANCED_FACE('',(#14399),#13656,.T.);
#14399 = FACE_BOUND('',#14400,.F.);
#14400 = EDGE_LOOP('',(#14401,#14402,#14403,#14404));
#14401 = ORIENTED_EDGE('',*,*,#14139,.T.);
#14402 = ORIENTED_EDGE('',*,*,#14378,.T.);
#14403 = ORIENTED_EDGE('',*,*,#13639,.F.);
#14404 = ORIENTED_EDGE('',*,*,#14405,.F.);
#14405 = EDGE_CURVE('',#14140,#13612,#14406,.T.);
#14406 = SURFACE_CURVE('',#14407,(#14411,#14418),.PCURVE_S1.);
#14407 = LINE('',#14408,#14409);
#14408 = CARTESIAN_POINT('',(-45.95,35.666976888007,44.009996466333));
#14409 = VECTOR('',#14410,1.);
#14410 = DIRECTION('',(0.,-0.981627183448,0.190808995377));
#14411 = PCURVE('',#13656,#14412);
#14412 = DEFINITIONAL_REPRESENTATION('',(#14413),#14417);
#14413 = LINE('',#14414,#14415);
#14414 = CARTESIAN_POINT('',(-0.,0.));
#14415 = VECTOR('',#14416,1.);
#14416 = DIRECTION('',(-0.,1.));
#14417 = ( GEOMETRIC_REPRESENTATION_CONTEXT(2) 
PARAMETRIC_REPRESENTATION_CONTEXT() REPRESENTATION_CONTEXT('2D SPACE',''
  ) );
#14418 = PCURVE('',#13627,#14419);
#14419 = DEFINITIONAL_REPRESENTATION('',(#14420),#14424);
#14420 = LINE('',#14421,#14422);
#14421 = CARTESIAN_POINT('',(1.7763568394E-15,-46.));
#14422 = VECTOR('',#14423,1.);
#14423 = DIRECTION('',(1.,0.));
#14424 = ( GEOMETRIC_REPRESENTATION_CONTEXT(2) 
PARAMETRIC_REPRESENTATION_CONTEXT() REPRESENTATION_CONTEXT('2D SPACE',''
  ) );
#14425 = ADVANCED_FACE('',(#14426),#13627,.F.);
#14426 = FACE_BOUND('',#14427,.F.);
#14427 = EDGE_LOOP('',(#14428,#14429,#14430,#14431));
#14428 = ORIENTED_EDGE('',*,*,#14167,.T.);
#14429 = ORIENTED_EDGE('',*,*,#14405,.T.);
#14430 = ORIENTED_EDGE('',*,*,#13611,.F.);
#14431 = ORIENTED_EDGE('',*,*,#13991,.F.);
#14432 = ADVANCED_FACE('',(#14433),#13803,.F.);
#14433 = FACE_BOUND('',#14434,.T.);
#14434 = EDGE_LOOP('',(#14435,#14436,#14457,#14458));
#14435 = ORIENTED_EDGE('',*,*,#14223,.T.);
#14436 = ORIENTED_EDGE('',*,*,#14437,.T.);
#14437 = EDGE_CURVE('',#14224,#13787,#14438,.T.);
#14438 = SEAM_CURVE('',#14439,(#14443,#14450),.PCURVE_S1.);
#14439 = LINE('',#14440,#14441);
#14440 = CARTESIAN_POINT('',(-20.3,36.219283831857,41.610526308199));
#14441 = VECTOR('',#14442,1.);
#14442 = DIRECTION('',(0.,-0.981627183448,0.190808995377));
#14443 = PCURVE('',#13803,#14444);
#14444 = DEFINITIONAL_REPRESENTATION('',(#14445),#14449);
#14445 = LINE('',#14446,#14447);
#14446 = CARTESIAN_POINT('',(-6.28318530718,0.));
#14447 = VECTOR('',#14448,1.);
#14448 = DIRECTION('',(-0.,-1.));
#14449 = ( GEOMETRIC_REPRESENTATION_CONTEXT(2) 
PARAMETRIC_REPRESENTATION_CONTEXT() REPRESENTATION_CONTEXT('2D SPACE',''
  ) );
#14450 = PCURVE('',#13803,#14451);
#14451 = DEFINITIONAL_REPRESENTATION('',(#14452),#14456);
#14452 = LINE('',#14453,#14454);
#14453 = CARTESIAN_POINT('',(-0.,0.));
#14454 = VECTOR('',#14455,1.);
#14455 = DIRECTION('',(-0.,-1.));
#14456 = ( GEOMETRIC_REPRESENTATION_CONTEXT(2) 
PARAMETRIC_REPRESENTATION_CONTEXT() REPRESENTATION_CONTEXT('2D SPACE',''
  ) );
#14457 = ORIENTED_EDGE('',*,*,#13786,.F.);
#14458 = ORIENTED_EDGE('',*,*,#14437,.F.);
#14459 = ADVANCED_FACE('',(#14460),#13834,.F.);
#14460 = FACE_BOUND('',#14461,.T.);
#14461 = EDGE_LOOP('',(#14462,#14463,#14484,#14485));
#14462 = ORIENTED_EDGE('',*,*,#14193,.T.);
#14463 = ORIENTED_EDGE('',*,*,#14464,.T.);
#14464 = EDGE_CURVE('',#14194,#13818,#14465,.T.);
#14465 = SEAM_CURVE('',#14466,(#14470,#14477),.PCURVE_S1.);
#14466 = LINE('',#14467,#14468);
#14467 = CARTESIAN_POINT('',(24.7,36.219283831857,41.610526308199));
#14468 = VECTOR('',#14469,1.);
#14469 = DIRECTION('',(0.,-0.981627183448,0.190808995377));
#14470 = PCURVE('',#13834,#14471);
#14471 = DEFINITIONAL_REPRESENTATION('',(#14472),#14476);
#14472 = LINE('',#14473,#14474);
#14473 = CARTESIAN_POINT('',(-6.28318530718,0.));
#14474 = VECTOR('',#14475,1.);
#14475 = DIRECTION('',(-0.,-1.));
#14476 = ( GEOMETRIC_REPRESENTATION_CONTEXT(2) 
PARAMETRIC_REPRESENTATION_CONTEXT() REPRESENTATION_CONTEXT('2D SPACE',''
  ) );
#14477 = PCURVE('',#13834,#14478);
#14478 = DEFINITIONAL_REPRESENTATION('',(#14479),#14483);
#14479 = LINE('',#14480,#14481);
#14480 = CARTESIAN_POINT('',(-0.,0.));
#14481 = VECTOR('',#14482,1.);
#14482 = DIRECTION('',(-0.,-1.));
#14483 = ( GEOMETRIC_REPRESENTATION_CONTEXT(2) 
PARAMETRIC_REPRESENTATION_CONTEXT() REPRESENTATION_CONTEXT('2D SPACE',''
  ) );
#14484 = ORIENTED_EDGE('',*,*,#13817,.F.);
#14485 = ORIENTED_EDGE('',*,*,#14464,.F.);
#14486 = ADVANCED_FACE('',(#14487),#13865,.F.);
#14487 = FACE_BOUND('',#14488,.T.);
#14488 = EDGE_LOOP('',(#14489,#14490,#14511,#14512));
#14489 = ORIENTED_EDGE('',*,*,#14283,.T.);
#14490 = ORIENTED_EDGE('',*,*,#14491,.T.);
#14491 = EDGE_CURVE('',#14284,#13849,#14492,.T.);
#14492 = SEAM_CURVE('',#14493,(#14497,#14504),.PCURVE_S1.);
#14493 = LINE('',#14494,#14495);
#14494 = CARTESIAN_POINT('',(-20.3,29.063946505237,4.799506928912));
#14495 = VECTOR('',#14496,1.);
#14496 = DIRECTION('',(0.,-0.981627183448,0.190808995377));
#14497 = PCURVE('',#13865,#14498);
#14498 = DEFINITIONAL_REPRESENTATION('',(#14499),#14503);
#14499 = LINE('',#14500,#14501);
#14500 = CARTESIAN_POINT('',(-6.28318530718,0.));
#14501 = VECTOR('',#14502,1.);
#14502 = DIRECTION('',(-0.,-1.));
#14503 = ( GEOMETRIC_REPRESENTATION_CONTEXT(2) 
PARAMETRIC_REPRESENTATION_CONTEXT() REPRESENTATION_CONTEXT('2D SPACE',''
  ) );
#14504 = PCURVE('',#13865,#14505);
#14505 = DEFINITIONAL_REPRESENTATION('',(#14506),#14510);
#14506 = LINE('',#14507,#14508);
#14507 = CARTESIAN_POINT('',(-0.,0.));
#14508 = VECTOR('',#14509,1.);
#14509 = DIRECTION('',(-0.,-1.));
#14510 = ( GEOMETRIC_REPRESENTATION_CONTEXT(2) 
PARAMETRIC_REPRESENTATION_CONTEXT() REPRESENTATION_CONTEXT('2D SPACE',''
  ) );
#14511 = ORIENTED_EDGE('',*,*,#13848,.F.);
#14512 = ORIENTED_EDGE('',*,*,#14491,.F.);
#14513 = ADVANCED_FACE('',(#14514),#13896,.F.);
#14514 = FACE_BOUND('',#14515,.T.);
#14515 = EDGE_LOOP('',(#14516,#14517,#14538,#14539));
#14516 = ORIENTED_EDGE('',*,*,#14253,.T.);
#14517 = ORIENTED_EDGE('',*,*,#14518,.T.);
#14518 = EDGE_CURVE('',#14254,#13880,#14519,.T.);
#14519 = SEAM_CURVE('',#14520,(#14524,#14531),.PCURVE_S1.);
#14520 = LINE('',#14521,#14522);
#14521 = CARTESIAN_POINT('',(24.7,29.063946505237,4.799506928912));
#14522 = VECTOR('',#14523,1.);
#14523 = DIRECTION('',(0.,-0.981627183448,0.190808995377));
#14524 = PCURVE('',#13896,#14525);
#14525 = DEFINITIONAL_REPRESENTATION('',(#14526),#14530);
#14526 = LINE('',#14527,#14528);
#14527 = CARTESIAN_POINT('',(-6.28318530718,0.));
#14528 = VECTOR('',#14529,1.);
#14529 = DIRECTION('',(-0.,-1.));
#14530 = ( GEOMETRIC_REPRESENTATION_CONTEXT(2) 
PARAMETRIC_REPRESENTATION_CONTEXT() REPRESENTATION_CONTEXT('2D SPACE',''
  ) );
#14531 = PCURVE('',#13896,#14532);
#14532 = DEFINITIONAL_REPRESENTATION('',(#14533),#14537);
#14533 = LINE('',#14534,#14535);
#14534 = CARTESIAN_POINT('',(-0.,0.));
#14535 = VECTOR('',#14536,1.);
#14536 = DIRECTION('',(-0.,-1.));
#14537 = ( GEOMETRIC_REPRESENTATION_CONTEXT(2) 
PARAMETRIC_REPRESENTATION_CONTEXT() REPRESENTATION_CONTEXT('2D SPACE',''
  ) );
#14538 = ORIENTED_EDGE('',*,*,#13879,.F.);
#14539 = ORIENTED_EDGE('',*,*,#14518,.F.);
#14540 = ( GEOMETRIC_REPRESENTATION_CONTEXT(3) 
GLOBAL_UNCERTAINTY_ASSIGNED_CONTEXT((#14544)) 
GLOBAL_UNIT_ASSIGNED_CONTEXT((#14541,#14542,#14543)) 
REPRESENTATION_CONTEXT('Context #1',
  '3D Context with UNIT and UNCERTAINTY') );
#14541 = ( LENGTH_UNIT() NAMED_UNIT(*) SI_UNIT(.MILLI.,.METRE.) );
#14542 = ( NAMED_UNIT(*) PLANE_ANGLE_UNIT() SI_UNIT($,.RADIAN.) );
#14543 = ( NAMED_UNIT(*) SI_UNIT($,.STERADIAN.) SOLID_ANGLE_UNIT() );
#14544 = UNCERTAINTY_MEASURE_WITH_UNIT(LENGTH_MEASURE(1.E-07),#14541,
  'distance_accuracy_value','confusion accuracy');
#14545 = CONTEXT_DEPENDENT_SHAPE_REPRESENTATION(#14546,#14548);
#14546 = ( REPRESENTATION_RELATIONSHIP('','',#12699,#10) 
REPRESENTATION_RELATIONSHIP_WITH_TRANSFORMATION(#14547) 
SHAPE_REPRESENTATION_RELATIONSHIP() );
#14547 = ITEM_DEFINED_TRANSFORMATION('','',#11,#27);
#14548 = PRODUCT_DEFINITION_SHAPE('Placement','Placement of an item',
  #14549);
#14549 = NEXT_ASSEMBLY_USAGE_OCCURRENCE('4','cap','',#5,#12694,$);
#14550 = PRODUCT_RELATED_PRODUCT_CATEGORY('part',$,(#12696));
#14551 = SHAPE_DEFINITION_REPRESENTATION(#14552,#14558);
#14552 = PRODUCT_DEFINITION_SHAPE('','',#14553);
#14553 = PRODUCT_DEFINITION('design','',#14554,#14557);
#14554 = PRODUCT_DEFINITION_FORMATION('','',#14555);
#14555 = PRODUCT('D455_dummy','D455_dummy','',(#14556));
#14556 = PRODUCT_CONTEXT('',#2,'mechanical');
#14557 = PRODUCT_DEFINITION_CONTEXT('part definition',#2,'design');
#14558 = ADVANCED_BREP_SHAPE_REPRESENTATION('',(#11,#14559),#14889);
#14559 = MANIFOLD_SOLID_BREP('',#14560);
#14560 = CLOSED_SHELL('',(#14561,#14681,#14757,#14828,#14875,#14882));
#14561 = ADVANCED_FACE('',(#14562),#14576,.F.);
#14562 = FACE_BOUND('',#14563,.F.);
#14563 = EDGE_LOOP('',(#14564,#14599,#14627,#14655));
#14564 = ORIENTED_EDGE('',*,*,#14565,.T.);
#14565 = EDGE_CURVE('',#14566,#14568,#14570,.T.);
#14566 = VERTEX_POINT('',#14567);
#14567 = CARTESIAN_POINT('',(-62.,65.209045144605,85.992101404151));
#14568 = VERTEX_POINT('',#14569);
#14569 = CARTESIAN_POINT('',(-62.,72.714797452578,114.00395036653));
#14570 = SURFACE_CURVE('',#14571,(#14575,#14587),.PCURVE_S1.);
#14571 = LINE('',#14572,#14573);
#14572 = CARTESIAN_POINT('',(-62.,65.209045144605,85.992101404151));
#14573 = VECTOR('',#14574,1.);
#14574 = DIRECTION('',(0.,0.258819045103,0.965925826289));
#14575 = PCURVE('',#14576,#14581);
#14576 = PLANE('',#14577);
#14577 = AXIS2_PLACEMENT_3D('',#14578,#14579,#14580);
#14578 = CARTESIAN_POINT('',(-62.,65.209045144605,85.992101404151));
#14579 = DIRECTION('',(0.,0.965925826289,-0.258819045103));
#14580 = DIRECTION('',(1.,0.,0.));
#14581 = DEFINITIONAL_REPRESENTATION('',(#14582),#14586);
#14582 = LINE('',#14583,#14584);
#14583 = CARTESIAN_POINT('',(0.,0.));
#14584 = VECTOR('',#14585,1.);
#14585 = DIRECTION('',(0.,-1.));
#14586 = ( GEOMETRIC_REPRESENTATION_CONTEXT(2) 
PARAMETRIC_REPRESENTATION_CONTEXT() REPRESENTATION_CONTEXT('2D SPACE',''
  ) );
#14587 = PCURVE('',#14588,#14593);
#14588 = PLANE('',#14589);
#14589 = AXIS2_PLACEMENT_3D('',#14590,#14591,#14592);
#14590 = CARTESIAN_POINT('',(-62.,90.32311662812,79.262806231486));
#14591 = DIRECTION('',(1.,0.,0.));
#14592 = DIRECTION('',(0.,-0.965925826289,0.258819045103));
#14593 = DEFINITIONAL_REPRESENTATION('',(#14594),#14598);
#14594 = LINE('',#14595,#14596);
#14595 = CARTESIAN_POINT('',(26.,-1.7763568394E-15));
#14596 = VECTOR('',#14597,1.);
#14597 = DIRECTION('',(0.,-1.));
#14598 = ( GEOMETRIC_REPRESENTATION_CONTEXT(2) 
PARAMETRIC_REPRESENTATION_CONTEXT() REPRESENTATION_CONTEXT('2D SPACE',''
  ) );
#14599 = ORIENTED_EDGE('',*,*,#14600,.T.);
#14600 = EDGE_CURVE('',#14568,#14601,#14603,.T.);
#14601 = VERTEX_POINT('',#14602);
#14602 = CARTESIAN_POINT('',(62.,72.714797452578,114.00395036653));
#14603 = SURFACE_CURVE('',#14604,(#14608,#14615),.PCURVE_S1.);
#14604 = LINE('',#14605,#14606);
#14605 = CARTESIAN_POINT('',(-62.,72.714797452578,114.00395036653));
#14606 = VECTOR('',#14607,1.);
#14607 = DIRECTION('',(1.,0.,0.));
#14608 = PCURVE('',#14576,#14609);
#14609 = DEFINITIONAL_REPRESENTATION('',(#14610),#14614);
#14610 = LINE('',#14611,#14612);
#14611 = CARTESIAN_POINT('',(0.,-29.));
#14612 = VECTOR('',#14613,1.);
#14613 = DIRECTION('',(1.,0.));
#14614 = ( GEOMETRIC_REPRESENTATION_CONTEXT(2) 
PARAMETRIC_REPRESENTATION_CONTEXT() REPRESENTATION_CONTEXT('2D SPACE',''
  ) );
#14615 = PCURVE('',#14616,#14621);
#14616 = PLANE('',#14617);
#14617 = AXIS2_PLACEMENT_3D('',#14618,#14619,#14620);
#14618 = CARTESIAN_POINT('',(0.,85.271833194336,110.6393027802));
#14619 = DIRECTION('',(0.,0.258819045103,0.965925826289));
#14620 = DIRECTION('',(1.,0.,0.));
#14621 = DEFINITIONAL_REPRESENTATION('',(#14622),#14626);
#14622 = LINE('',#14623,#14624);
#14623 = CARTESIAN_POINT('',(-62.,-13.));
#14624 = VECTOR('',#14625,1.);
#14625 = DIRECTION('',(1.,0.));
#14626 = ( GEOMETRIC_REPRESENTATION_CONTEXT(2) 
PARAMETRIC_REPRESENTATION_CONTEXT() REPRESENTATION_CONTEXT('2D SPACE',''
  ) );
#14627 = ORIENTED_EDGE('',*,*,#14628,.F.);
#14628 = EDGE_CURVE('',#14629,#14601,#14631,.T.);
#14629 = VERTEX_POINT('',#14630);
#14630 = CARTESIAN_POINT('',(62.,65.209045144605,85.992101404151));
#14631 = SURFACE_CURVE('',#14632,(#14636,#14643),.PCURVE_S1.);
#14632 = LINE('',#14633,#14634);
#14633 = CARTESIAN_POINT('',(62.,65.209045144605,85.992101404151));
#14634 = VECTOR('',#14635,1.);
#14635 = DIRECTION('',(0.,0.258819045103,0.965925826289));
#14636 = PCURVE('',#14576,#14637);
#14637 = DEFINITIONAL_REPRESENTATION('',(#14638),#14642);
#14638 = LINE('',#14639,#14640);
#14639 = CARTESIAN_POINT('',(124.,0.));
#14640 = VECTOR('',#14641,1.);
#14641 = DIRECTION('',(0.,-1.));
#14642 = ( GEOMETRIC_REPRESENTATION_CONTEXT(2) 
PARAMETRIC_REPRESENTATION_CONTEXT() REPRESENTATION_CONTEXT('2D SPACE',''
  ) );
#14643 = PCURVE('',#14644,#14649);
#14644 = PLANE('',#14645);
#14645 = AXIS2_PLACEMENT_3D('',#14646,#14647,#14648);
#14646 = CARTESIAN_POINT('',(62.,65.209045144605,85.992101404151));
#14647 = DIRECTION('',(-1.,0.,0.));
#14648 = DIRECTION('',(0.,0.965925826289,-0.258819045103));
#14649 = DEFINITIONAL_REPRESENTATION('',(#14650),#14654);
#14650 = LINE('',#14651,#14652);
#14651 = CARTESIAN_POINT('',(0.,0.));
#14652 = VECTOR('',#14653,1.);
#14653 = DIRECTION('',(0.,-1.));
#14654 = ( GEOMETRIC_REPRESENTATION_CONTEXT(2) 
PARAMETRIC_REPRESENTATION_CONTEXT() REPRESENTATION_CONTEXT('2D SPACE',''
  ) );
#14655 = ORIENTED_EDGE('',*,*,#14656,.F.);
#14656 = EDGE_CURVE('',#14566,#14629,#14657,.T.);
#14657 = SURFACE_CURVE('',#14658,(#14662,#14669),.PCURVE_S1.);
#14658 = LINE('',#14659,#14660);
#14659 = CARTESIAN_POINT('',(-62.,65.209045144605,85.992101404151));
#14660 = VECTOR('',#14661,1.);
#14661 = DIRECTION('',(1.,0.,0.));
#14662 = PCURVE('',#14576,#14663);
#14663 = DEFINITIONAL_REPRESENTATION('',(#14664),#14668);
#14664 = LINE('',#14665,#14666);
#14665 = CARTESIAN_POINT('',(0.,0.));
#14666 = VECTOR('',#14667,1.);
#14667 = DIRECTION('',(1.,0.));
#14668 = ( GEOMETRIC_REPRESENTATION_CONTEXT(2) 
PARAMETRIC_REPRESENTATION_CONTEXT() REPRESENTATION_CONTEXT('2D SPACE',''
  ) );
#14669 = PCURVE('',#14670,#14675);
#14670 = PLANE('',#14671);
#14671 = AXIS2_PLACEMENT_3D('',#14672,#14673,#14674);
#14672 = CARTESIAN_POINT('',(0.,77.766080886363,82.627453817818));
#14673 = DIRECTION('',(0.,0.258819045103,0.965925826289));
#14674 = DIRECTION('',(1.,0.,0.));
#14675 = DEFINITIONAL_REPRESENTATION('',(#14676),#14680);
#14676 = LINE('',#14677,#14678);
#14677 = CARTESIAN_POINT('',(-62.,-13.));
#14678 = VECTOR('',#14679,1.);
#14679 = DIRECTION('',(1.,0.));
#14680 = ( GEOMETRIC_REPRESENTATION_CONTEXT(2) 
PARAMETRIC_REPRESENTATION_CONTEXT() REPRESENTATION_CONTEXT('2D SPACE',''
  ) );
#14681 = ADVANCED_FACE('',(#14682),#14644,.F.);
#14682 = FACE_BOUND('',#14683,.F.);
#14683 = EDGE_LOOP('',(#14684,#14685,#14708,#14736));
#14684 = ORIENTED_EDGE('',*,*,#14628,.T.);
#14685 = ORIENTED_EDGE('',*,*,#14686,.T.);
#14686 = EDGE_CURVE('',#14601,#14687,#14689,.T.);
#14687 = VERTEX_POINT('',#14688);
#14688 = CARTESIAN_POINT('',(62.,97.828868936094,107.27465519386));
#14689 = SURFACE_CURVE('',#14690,(#14694,#14701),.PCURVE_S1.);
#14690 = LINE('',#14691,#14692);
#14691 = CARTESIAN_POINT('',(62.,72.714797452578,114.00395036653));
#14692 = VECTOR('',#14693,1.);
#14693 = DIRECTION('',(0.,0.965925826289,-0.258819045103));
#14694 = PCURVE('',#14644,#14695);
#14695 = DEFINITIONAL_REPRESENTATION('',(#14696),#14700);
#14696 = LINE('',#14697,#14698);
#14697 = CARTESIAN_POINT('',(8.881784197001E-15,-29.));
#14698 = VECTOR('',#14699,1.);
#14699 = DIRECTION('',(1.,0.));
#14700 = ( GEOMETRIC_REPRESENTATION_CONTEXT(2) 
PARAMETRIC_REPRESENTATION_CONTEXT() REPRESENTATION_CONTEXT('2D SPACE',''
  ) );
#14701 = PCURVE('',#14616,#14702);
#14702 = DEFINITIONAL_REPRESENTATION('',(#14703),#14707);
#14703 = LINE('',#14704,#14705);
#14704 = CARTESIAN_POINT('',(62.,-13.));
#14705 = VECTOR('',#14706,1.);
#14706 = DIRECTION('',(0.,1.));
#14707 = ( GEOMETRIC_REPRESENTATION_CONTEXT(2) 
PARAMETRIC_REPRESENTATION_CONTEXT() REPRESENTATION_CONTEXT('2D SPACE',''
  ) );
#14708 = ORIENTED_EDGE('',*,*,#14709,.F.);
#14709 = EDGE_CURVE('',#14710,#14687,#14712,.T.);
#14710 = VERTEX_POINT('',#14711);
#14711 = CARTESIAN_POINT('',(62.,90.32311662812,79.262806231486));
#14712 = SURFACE_CURVE('',#14713,(#14717,#14724),.PCURVE_S1.);
#14713 = LINE('',#14714,#14715);
#14714 = CARTESIAN_POINT('',(62.,90.32311662812,79.262806231486));
#14715 = VECTOR('',#14716,1.);
#14716 = DIRECTION('',(0.,0.258819045103,0.965925826289));
#14717 = PCURVE('',#14644,#14718);
#14718 = DEFINITIONAL_REPRESENTATION('',(#14719),#14723);
#14719 = LINE('',#14720,#14721);
#14720 = CARTESIAN_POINT('',(26.,1.7763568394E-15));
#14721 = VECTOR('',#14722,1.);
#14722 = DIRECTION('',(0.,-1.));
#14723 = ( GEOMETRIC_REPRESENTATION_CONTEXT(2) 
PARAMETRIC_REPRESENTATION_CONTEXT() REPRESENTATION_CONTEXT('2D SPACE',''
  ) );
#14724 = PCURVE('',#14725,#14730);
#14725 = PLANE('',#14726);
#14726 = AXIS2_PLACEMENT_3D('',#14727,#14728,#14729);
#14727 = CARTESIAN_POINT('',(62.,90.32311662812,79.262806231486));
#14728 = DIRECTION('',(0.,-0.965925826289,0.258819045103));
#14729 = DIRECTION('',(-1.,0.,0.));
#14730 = DEFINITIONAL_REPRESENTATION('',(#14731),#14735);
#14731 = LINE('',#14732,#14733);
#14732 = CARTESIAN_POINT('',(0.,-0.));
#14733 = VECTOR('',#14734,1.);
#14734 = DIRECTION('',(0.,-1.));
#14735 = ( GEOMETRIC_REPRESENTATION_CONTEXT(2) 
PARAMETRIC_REPRESENTATION_CONTEXT() REPRESENTATION_CONTEXT('2D SPACE',''
  ) );
#14736 = ORIENTED_EDGE('',*,*,#14737,.F.);
#14737 = EDGE_CURVE('',#14629,#14710,#14738,.T.);
#14738 = SURFACE_CURVE('',#14739,(#14743,#14750),.PCURVE_S1.);
#14739 = LINE('',#14740,#14741);
#14740 = CARTESIAN_POINT('',(62.,65.209045144605,85.992101404151));
#14741 = VECTOR('',#14742,1.);
#14742 = DIRECTION('',(0.,0.965925826289,-0.258819045103));
#14743 = PCURVE('',#14644,#14744);
#14744 = DEFINITIONAL_REPRESENTATION('',(#14745),#14749);
#14745 = LINE('',#14746,#14747);
#14746 = CARTESIAN_POINT('',(0.,0.));
#14747 = VECTOR('',#14748,1.);
#14748 = DIRECTION('',(1.,0.));
#14749 = ( GEOMETRIC_REPRESENTATION_CONTEXT(2) 
PARAMETRIC_REPRESENTATION_CONTEXT() REPRESENTATION_CONTEXT('2D SPACE',''
  ) );
#14750 = PCURVE('',#14670,#14751);
#14751 = DEFINITIONAL_REPRESENTATION('',(#14752),#14756);
#14752 = LINE('',#14753,#14754);
#14753 = CARTESIAN_POINT('',(62.,-13.));
#14754 = VECTOR('',#14755,1.);
#14755 = DIRECTION('',(0.,1.));
#14756 = ( GEOMETRIC_REPRESENTATION_CONTEXT(2) 
PARAMETRIC_REPRESENTATION_CONTEXT() REPRESENTATION_CONTEXT('2D SPACE',''
  ) );
#14757 = ADVANCED_FACE('',(#14758),#14725,.F.);
#14758 = FACE_BOUND('',#14759,.F.);
#14759 = EDGE_LOOP('',(#14760,#14761,#14784,#14807));
#14760 = ORIENTED_EDGE('',*,*,#14709,.T.);
#14761 = ORIENTED_EDGE('',*,*,#14762,.T.);
#14762 = EDGE_CURVE('',#14687,#14763,#14765,.T.);
#14763 = VERTEX_POINT('',#14764);
#14764 = CARTESIAN_POINT('',(-62.,97.828868936094,107.27465519386));
#14765 = SURFACE_CURVE('',#14766,(#14770,#14777),.PCURVE_S1.);
#14766 = LINE('',#14767,#14768);
#14767 = CARTESIAN_POINT('',(62.,97.828868936094,107.27465519386));
#14768 = VECTOR('',#14769,1.);
#14769 = DIRECTION('',(-1.,0.,0.));
#14770 = PCURVE('',#14725,#14771);
#14771 = DEFINITIONAL_REPRESENTATION('',(#14772),#14776);
#14772 = LINE('',#14773,#14774);
#14773 = CARTESIAN_POINT('',(0.,-29.));
#14774 = VECTOR('',#14775,1.);
#14775 = DIRECTION('',(1.,0.));
#14776 = ( GEOMETRIC_REPRESENTATION_CONTEXT(2) 
PARAMETRIC_REPRESENTATION_CONTEXT() REPRESENTATION_CONTEXT('2D SPACE',''
  ) );
#14777 = PCURVE('',#14616,#14778);
#14778 = DEFINITIONAL_REPRESENTATION('',(#14779),#14783);
#14779 = LINE('',#14780,#14781);
#14780 = CARTESIAN_POINT('',(62.,13.));
#14781 = VECTOR('',#14782,1.);
#14782 = DIRECTION('',(-1.,0.));
#14783 = ( GEOMETRIC_REPRESENTATION_CONTEXT(2) 
PARAMETRIC_REPRESENTATION_CONTEXT() REPRESENTATION_CONTEXT('2D SPACE',''
  ) );
#14784 = ORIENTED_EDGE('',*,*,#14785,.F.);
#14785 = EDGE_CURVE('',#14786,#14763,#14788,.T.);
#14786 = VERTEX_POINT('',#14787);
#14787 = CARTESIAN_POINT('',(-62.,90.32311662812,79.262806231486));
#14788 = SURFACE_CURVE('',#14789,(#14793,#14800),.PCURVE_S1.);
#14789 = LINE('',#14790,#14791);
#14790 = CARTESIAN_POINT('',(-62.,90.32311662812,79.262806231486));
#14791 = VECTOR('',#14792,1.);
#14792 = DIRECTION('',(0.,0.258819045103,0.965925826289));
#14793 = PCURVE('',#14725,#14794);
#14794 = DEFINITIONAL_REPRESENTATION('',(#14795),#14799);
#14795 = LINE('',#14796,#14797);
#14796 = CARTESIAN_POINT('',(124.,0.));
#14797 = VECTOR('',#14798,1.);
#14798 = DIRECTION('',(0.,-1.));
#14799 = ( GEOMETRIC_REPRESENTATION_CONTEXT(2) 
PARAMETRIC_REPRESENTATION_CONTEXT() REPRESENTATION_CONTEXT('2D SPACE',''
  ) );
#14800 = PCURVE('',#14588,#14801);
#14801 = DEFINITIONAL_REPRESENTATION('',(#14802),#14806);
#14802 = LINE('',#14803,#14804);
#14803 = CARTESIAN_POINT('',(0.,0.));
#14804 = VECTOR('',#14805,1.);
#14805 = DIRECTION('',(0.,-1.));
#14806 = ( GEOMETRIC_REPRESENTATION_CONTEXT(2) 
PARAMETRIC_REPRESENTATION_CONTEXT() REPRESENTATION_CONTEXT('2D SPACE',''
  ) );
#14807 = ORIENTED_EDGE('',*,*,#14808,.F.);
#14808 = EDGE_CURVE('',#14710,#14786,#14809,.T.);
#14809 = SURFACE_CURVE('',#14810,(#14814,#14821),.PCURVE_S1.);
#14810 = LINE('',#14811,#14812);
#14811 = CARTESIAN_POINT('',(62.,90.32311662812,79.262806231486));
#14812 = VECTOR('',#14813,1.);
#14813 = DIRECTION('',(-1.,0.,0.));
#14814 = PCURVE('',#14725,#14815);
#14815 = DEFINITIONAL_REPRESENTATION('',(#14816),#14820);
#14816 = LINE('',#14817,#14818);
#14817 = CARTESIAN_POINT('',(0.,-0.));
#14818 = VECTOR('',#14819,1.);
#14819 = DIRECTION('',(1.,0.));
#14820 = ( GEOMETRIC_REPRESENTATION_CONTEXT(2) 
PARAMETRIC_REPRESENTATION_CONTEXT() REPRESENTATION_CONTEXT('2D SPACE',''
  ) );
#14821 = PCURVE('',#14670,#14822);
#14822 = DEFINITIONAL_REPRESENTATION('',(#14823),#14827);
#14823 = LINE('',#14824,#14825);
#14824 = CARTESIAN_POINT('',(62.,13.));
#14825 = VECTOR('',#14826,1.);
#14826 = DIRECTION('',(-1.,0.));
#14827 = ( GEOMETRIC_REPRESENTATION_CONTEXT(2) 
PARAMETRIC_REPRESENTATION_CONTEXT() REPRESENTATION_CONTEXT('2D SPACE',''
  ) );
#14828 = ADVANCED_FACE('',(#14829),#14588,.F.);
#14829 = FACE_BOUND('',#14830,.F.);
#14830 = EDGE_LOOP('',(#14831,#14832,#14853,#14854));
#14831 = ORIENTED_EDGE('',*,*,#14785,.T.);
#14832 = ORIENTED_EDGE('',*,*,#14833,.T.);
#14833 = EDGE_CURVE('',#14763,#14568,#14834,.T.);
#14834 = SURFACE_CURVE('',#14835,(#14839,#14846),.PCURVE_S1.);
#14835 = LINE('',#14836,#14837);
#14836 = CARTESIAN_POINT('',(-62.,97.828868936094,107.27465519386));
#14837 = VECTOR('',#14838,1.);
#14838 = DIRECTION('',(0.,-0.965925826289,0.258819045103));
#14839 = PCURVE('',#14588,#14840);
#14840 = DEFINITIONAL_REPRESENTATION('',(#14841),#14845);
#14841 = LINE('',#14842,#14843);
#14842 = CARTESIAN_POINT('',(4.440892098501E-15,-29.));
#14843 = VECTOR('',#14844,1.);
#14844 = DIRECTION('',(1.,0.));
#14845 = ( GEOMETRIC_REPRESENTATION_CONTEXT(2) 
PARAMETRIC_REPRESENTATION_CONTEXT() REPRESENTATION_CONTEXT('2D SPACE',''
  ) );
#14846 = PCURVE('',#14616,#14847);
#14847 = DEFINITIONAL_REPRESENTATION('',(#14848),#14852);
#14848 = LINE('',#14849,#14850);
#14849 = CARTESIAN_POINT('',(-62.,13.));
#14850 = VECTOR('',#14851,1.);
#14851 = DIRECTION('',(0.,-1.));
#14852 = ( GEOMETRIC_REPRESENTATION_CONTEXT(2) 
PARAMETRIC_REPRESENTATION_CONTEXT() REPRESENTATION_CONTEXT('2D SPACE',''
  ) );
#14853 = ORIENTED_EDGE('',*,*,#14565,.F.);
#14854 = ORIENTED_EDGE('',*,*,#14855,.F.);
#14855 = EDGE_CURVE('',#14786,#14566,#14856,.T.);
#14856 = SURFACE_CURVE('',#14857,(#14861,#14868),.PCURVE_S1.);
#14857 = LINE('',#14858,#14859);
#14858 = CARTESIAN_POINT('',(-62.,90.32311662812,79.262806231486));
#14859 = VECTOR('',#14860,1.);
#14860 = DIRECTION('',(0.,-0.965925826289,0.258819045103));
#14861 = PCURVE('',#14588,#14862);
#14862 = DEFINITIONAL_REPRESENTATION('',(#14863),#14867);
#14863 = LINE('',#14864,#14865);
#14864 = CARTESIAN_POINT('',(0.,0.));
#14865 = VECTOR('',#14866,1.);
#14866 = DIRECTION('',(1.,0.));
#14867 = ( GEOMETRIC_REPRESENTATION_CONTEXT(2) 
PARAMETRIC_REPRESENTATION_CONTEXT() REPRESENTATION_CONTEXT('2D SPACE',''
  ) );
#14868 = PCURVE('',#14670,#14869);
#14869 = DEFINITIONAL_REPRESENTATION('',(#14870),#14874);
#14870 = LINE('',#14871,#14872);
#14871 = CARTESIAN_POINT('',(-62.,13.));
#14872 = VECTOR('',#14873,1.);
#14873 = DIRECTION('',(0.,-1.));
#14874 = ( GEOMETRIC_REPRESENTATION_CONTEXT(2) 
PARAMETRIC_REPRESENTATION_CONTEXT() REPRESENTATION_CONTEXT('2D SPACE',''
  ) );
#14875 = ADVANCED_FACE('',(#14876),#14670,.F.);
#14876 = FACE_BOUND('',#14877,.F.);
#14877 = EDGE_LOOP('',(#14878,#14879,#14880,#14881));
#14878 = ORIENTED_EDGE('',*,*,#14656,.T.);
#14879 = ORIENTED_EDGE('',*,*,#14737,.T.);
#14880 = ORIENTED_EDGE('',*,*,#14808,.T.);
#14881 = ORIENTED_EDGE('',*,*,#14855,.T.);
#14882 = ADVANCED_FACE('',(#14883),#14616,.T.);
#14883 = FACE_BOUND('',#14884,.T.);
#14884 = EDGE_LOOP('',(#14885,#14886,#14887,#14888));
#14885 = ORIENTED_EDGE('',*,*,#14600,.T.);
#14886 = ORIENTED_EDGE('',*,*,#14686,.T.);
#14887 = ORIENTED_EDGE('',*,*,#14762,.T.);
#14888 = ORIENTED_EDGE('',*,*,#14833,.T.);
#14889 = ( GEOMETRIC_REPRESENTATION_CONTEXT(3) 
GLOBAL_UNCERTAINTY_ASSIGNED_CONTEXT((#14893)) 
GLOBAL_UNIT_ASSIGNED_CONTEXT((#14890,#14891,#14892)) 
REPRESENTATION_CONTEXT('Context #1',
  '3D Context with UNIT and UNCERTAINTY') );
#14890 = ( LENGTH_UNIT() NAMED_UNIT(*) SI_UNIT(.MILLI.,.METRE.) );
#14891 = ( NAMED_UNIT(*) PLANE_ANGLE_UNIT() SI_UNIT($,.RADIAN.) );
#14892 = ( NAMED_UNIT(*) SI_UNIT($,.STERADIAN.) SOLID_ANGLE_UNIT() );
#14893 = UNCERTAINTY_MEASURE_WITH_UNIT(LENGTH_MEASURE(1.E-07),#14890,
  'distance_accuracy_value','confusion accuracy');
#14894 = CONTEXT_DEPENDENT_SHAPE_REPRESENTATION(#14895,#14897);
#14895 = ( REPRESENTATION_RELATIONSHIP('','',#14558,#10) 
REPRESENTATION_RELATIONSHIP_WITH_TRANSFORMATION(#14896) 
SHAPE_REPRESENTATION_RELATIONSHIP() );
#14896 = ITEM_DEFINED_TRANSFORMATION('','',#11,#31);
#14897 = PRODUCT_DEFINITION_SHAPE('Placement','Placement of an item',
  #14898);
#14898 = NEXT_ASSEMBLY_USAGE_OCCURRENCE('5','D455_dummy','',#5,#14553,$
  );
#14899 = PRODUCT_RELATED_PRODUCT_CATEGORY('part',$,(#14555));
#14900 = SHAPE_DEFINITION_REPRESENTATION(#14901,#14907);
#14901 = PRODUCT_DEFINITION_SHAPE('','',#14902);
#14902 = PRODUCT_DEFINITION('design','',#14903,#14906);
#14903 = PRODUCT_DEFINITION_FORMATION('','',#14904);
#14904 = PRODUCT('OAK_dummy','OAK_dummy','',(#14905));
#14905 = PRODUCT_CONTEXT('',#2,'mechanical');
#14906 = PRODUCT_DEFINITION_CONTEXT('part definition',#2,'design');
#14907 = ADVANCED_BREP_SHAPE_REPRESENTATION('',(#11,#14908),#15560);
#14908 = MANIFOLD_SOLID_BREP('',#14909);
#14909 = CLOSED_SHELL('',(#14910,#15030,#15106,#15155,#15204,#15345,
    #15352,#15428,#15477,#15526,#15553));
#14910 = ADVANCED_FACE('',(#14911),#14925,.F.);
#14911 = FACE_BOUND('',#14912,.F.);
#14912 = EDGE_LOOP('',(#14913,#14948,#14976,#15004));
#14913 = ORIENTED_EDGE('',*,*,#14914,.F.);
#14914 = EDGE_CURVE('',#14915,#14917,#14919,.T.);
#14915 = VERTEX_POINT('',#14916);
#14916 = CARTESIAN_POINT('',(-40.95,23.84635962443,133.19819245175));
#14917 = VERTEX_POINT('',#14918);
#14918 = CARTESIAN_POINT('',(-40.95,39.473616345769,213.59345877611));
#14919 = SURFACE_CURVE('',#14920,(#14924,#14936),.PCURVE_S1.);
#14920 = LINE('',#14921,#14922);
#14921 = CARTESIAN_POINT('',(-40.95,23.84635962443,133.19819245175));
#14922 = VECTOR('',#14923,1.);
#14923 = DIRECTION('',(0.,0.190808995377,0.981627183448));
#14924 = PCURVE('',#14925,#14930);
#14925 = PLANE('',#14926);
#14926 = AXIS2_PLACEMENT_3D('',#14927,#14928,#14929);
#14927 = CARTESIAN_POINT('',(-40.95,23.84635962443,133.19819245175));
#14928 = DIRECTION('',(1.,0.,0.));
#14929 = DIRECTION('',(0.,0.190808995377,0.981627183448));
#14930 = DEFINITIONAL_REPRESENTATION('',(#14931),#14935);
#14931 = LINE('',#14932,#14933);
#14932 = CARTESIAN_POINT('',(0.,0.));
#14933 = VECTOR('',#14934,1.);
#14934 = DIRECTION('',(1.,0.));
#14935 = ( GEOMETRIC_REPRESENTATION_CONTEXT(2) 
PARAMETRIC_REPRESENTATION_CONTEXT() REPRESENTATION_CONTEXT('2D SPACE',''
  ) );
#14936 = PCURVE('',#14937,#14942);
#14937 = PLANE('',#14938);
#14938 = AXIS2_PLACEMENT_3D('',#14939,#14940,#14941);
#14939 = CARTESIAN_POINT('',(-40.95,23.84635962443,133.19819245175));
#14940 = DIRECTION('',(0.,0.981627183448,-0.190808995377));
#14941 = DIRECTION('',(0.,0.190808995377,0.981627183448));
#14942 = DEFINITIONAL_REPRESENTATION('',(#14943),#14947);
#14943 = LINE('',#14944,#14945);
#14944 = CARTESIAN_POINT('',(0.,0.));
#14945 = VECTOR('',#14946,1.);
#14946 = DIRECTION('',(1.,0.));
#14947 = ( GEOMETRIC_REPRESENTATION_CONTEXT(2) 
PARAMETRIC_REPRESENTATION_CONTEXT() REPRESENTATION_CONTEXT('2D SPACE',''
  ) );
#14948 = ORIENTED_EDGE('',*,*,#14949,.T.);
#14949 = EDGE_CURVE('',#14915,#14950,#14952,.T.);
#14950 = VERTEX_POINT('',#14951);
#14951 = CARTESIAN_POINT('',(-40.95,54.276802311308,127.28311359507));
#14952 = SURFACE_CURVE('',#14953,(#14957,#14964),.PCURVE_S1.);
#14953 = LINE('',#14954,#14955);
#14954 = CARTESIAN_POINT('',(-40.95,23.84635962443,133.19819245175));
#14955 = VECTOR('',#14956,1.);
#14956 = DIRECTION('',(0.,0.981627183448,-0.190808995377));
#14957 = PCURVE('',#14925,#14958);
#14958 = DEFINITIONAL_REPRESENTATION('',(#14959),#14963);
#14959 = LINE('',#14960,#14961);
#14960 = CARTESIAN_POINT('',(0.,0.));
#14961 = VECTOR('',#14962,1.);
#14962 = DIRECTION('',(0.,-1.));
#14963 = ( GEOMETRIC_REPRESENTATION_CONTEXT(2) 
PARAMETRIC_REPRESENTATION_CONTEXT() REPRESENTATION_CONTEXT('2D SPACE',''
  ) );
#14964 = PCURVE('',#14965,#14970);
#14965 = PLANE('',#14966);
#14966 = AXIS2_PLACEMENT_3D('',#14967,#14968,#14969);
#14967 = CARTESIAN_POINT('',(-40.95,23.84635962443,133.19819245175));
#14968 = DIRECTION('',(0.,0.190808995377,0.981627183448));
#14969 = DIRECTION('',(1.,0.,0.));
#14970 = DEFINITIONAL_REPRESENTATION('',(#14971),#14975);
#14971 = LINE('',#14972,#14973);
#14972 = CARTESIAN_POINT('',(0.,0.));
#14973 = VECTOR('',#14974,1.);
#14974 = DIRECTION('',(0.,1.));
#14975 = ( GEOMETRIC_REPRESENTATION_CONTEXT(2) 
PARAMETRIC_REPRESENTATION_CONTEXT() REPRESENTATION_CONTEXT('2D SPACE',''
  ) );
#14976 = ORIENTED_EDGE('',*,*,#14977,.T.);
#14977 = EDGE_CURVE('',#14950,#14978,#14980,.T.);
#14978 = VERTEX_POINT('',#14979);
#14979 = CARTESIAN_POINT('',(-40.95,69.904059032647,207.67837991944));
#14980 = SURFACE_CURVE('',#14981,(#14985,#14992),.PCURVE_S1.);
#14981 = LINE('',#14982,#14983);
#14982 = CARTESIAN_POINT('',(-40.95,54.276802311308,127.28311359507));
#14983 = VECTOR('',#14984,1.);
#14984 = DIRECTION('',(0.,0.190808995377,0.981627183448));
#14985 = PCURVE('',#14925,#14986);
#14986 = DEFINITIONAL_REPRESENTATION('',(#14987),#14991);
#14987 = LINE('',#14988,#14989);
#14988 = CARTESIAN_POINT('',(-3.552713678801E-15,-31.));
#14989 = VECTOR('',#14990,1.);
#14990 = DIRECTION('',(1.,0.));
#14991 = ( GEOMETRIC_REPRESENTATION_CONTEXT(2) 
PARAMETRIC_REPRESENTATION_CONTEXT() REPRESENTATION_CONTEXT('2D SPACE',''
  ) );
#14992 = PCURVE('',#14993,#14998);
#14993 = PLANE('',#14994);
#14994 = AXIS2_PLACEMENT_3D('',#14995,#14996,#14997);
#14995 = CARTESIAN_POINT('',(-40.95,54.276802311308,127.28311359507));
#14996 = DIRECTION('',(0.,0.981627183448,-0.190808995377));
#14997 = DIRECTION('',(0.,0.190808995377,0.981627183448));
#14998 = DEFINITIONAL_REPRESENTATION('',(#14999),#15003);
#14999 = LINE('',#15000,#15001);
#15000 = CARTESIAN_POINT('',(0.,0.));
#15001 = VECTOR('',#15002,1.);
#15002 = DIRECTION('',(1.,0.));
#15003 = ( GEOMETRIC_REPRESENTATION_CONTEXT(2) 
PARAMETRIC_REPRESENTATION_CONTEXT() REPRESENTATION_CONTEXT('2D SPACE',''
  ) );
#15004 = ORIENTED_EDGE('',*,*,#15005,.F.);
#15005 = EDGE_CURVE('',#14917,#14978,#15006,.T.);
#15006 = SURFACE_CURVE('',#15007,(#15011,#15018),.PCURVE_S1.);
#15007 = LINE('',#15008,#15009);
#15008 = CARTESIAN_POINT('',(-40.95,39.473616345769,213.59345877611));
#15009 = VECTOR('',#15010,1.);
#15010 = DIRECTION('',(0.,0.981627183448,-0.190808995377));
#15011 = PCURVE('',#14925,#15012);
#15012 = DEFINITIONAL_REPRESENTATION('',(#15013),#15017);
#15013 = LINE('',#15014,#15015);
#15014 = CARTESIAN_POINT('',(81.9,-1.7763568394E-15));
#15015 = VECTOR('',#15016,1.);
#15016 = DIRECTION('',(0.,-1.));
#15017 = ( GEOMETRIC_REPRESENTATION_CONTEXT(2) 
PARAMETRIC_REPRESENTATION_CONTEXT() REPRESENTATION_CONTEXT('2D SPACE',''
  ) );
#15018 = PCURVE('',#15019,#15024);
#15019 = PLANE('',#15020);
#15020 = AXIS2_PLACEMENT_3D('',#15021,#15022,#15023);
#15021 = CARTESIAN_POINT('',(-40.95,39.473616345769,213.59345877611));
#15022 = DIRECTION('',(0.,0.190808995377,0.981627183448));
#15023 = DIRECTION('',(1.,0.,0.));
#15024 = DEFINITIONAL_REPRESENTATION('',(#15025),#15029);
#15025 = LINE('',#15026,#15027);
#15026 = CARTESIAN_POINT('',(0.,0.));
#15027 = VECTOR('',#15028,1.);
#15028 = DIRECTION('',(0.,1.));
#15029 = ( GEOMETRIC_REPRESENTATION_CONTEXT(2) 
PARAMETRIC_REPRESENTATION_CONTEXT() REPRESENTATION_CONTEXT('2D SPACE',''
  ) );
#15030 = ADVANCED_FACE('',(#15031),#14937,.F.);
#15031 = FACE_BOUND('',#15032,.F.);
#15032 = EDGE_LOOP('',(#15033,#15056,#15057,#15080));
#15033 = ORIENTED_EDGE('',*,*,#15034,.F.);
#15034 = EDGE_CURVE('',#14915,#15035,#15037,.T.);
#15035 = VERTEX_POINT('',#15036);
#15036 = CARTESIAN_POINT('',(40.95,23.84635962443,133.19819245175));
#15037 = SURFACE_CURVE('',#15038,(#15042,#15049),.PCURVE_S1.);
#15038 = LINE('',#15039,#15040);
#15039 = CARTESIAN_POINT('',(-40.95,23.84635962443,133.19819245175));
#15040 = VECTOR('',#15041,1.);
#15041 = DIRECTION('',(1.,0.,0.));
#15042 = PCURVE('',#14937,#15043);
#15043 = DEFINITIONAL_REPRESENTATION('',(#15044),#15048);
#15044 = LINE('',#15045,#15046);
#15045 = CARTESIAN_POINT('',(0.,0.));
#15046 = VECTOR('',#15047,1.);
#15047 = DIRECTION('',(0.,1.));
#15048 = ( GEOMETRIC_REPRESENTATION_CONTEXT(2) 
PARAMETRIC_REPRESENTATION_CONTEXT() REPRESENTATION_CONTEXT('2D SPACE',''
  ) );
#15049 = PCURVE('',#14965,#15050);
#15050 = DEFINITIONAL_REPRESENTATION('',(#15051),#15055);
#15051 = LINE('',#15052,#15053);
#15052 = CARTESIAN_POINT('',(0.,0.));
#15053 = VECTOR('',#15054,1.);
#15054 = DIRECTION('',(1.,0.));
#15055 = ( GEOMETRIC_REPRESENTATION_CONTEXT(2) 
PARAMETRIC_REPRESENTATION_CONTEXT() REPRESENTATION_CONTEXT('2D SPACE',''
  ) );
#15056 = ORIENTED_EDGE('',*,*,#14914,.T.);
#15057 = ORIENTED_EDGE('',*,*,#15058,.T.);
#15058 = EDGE_CURVE('',#14917,#15059,#15061,.T.);
#15059 = VERTEX_POINT('',#15060);
#15060 = CARTESIAN_POINT('',(40.95,39.473616345769,213.59345877611));
#15061 = SURFACE_CURVE('',#15062,(#15066,#15073),.PCURVE_S1.);
#15062 = LINE('',#15063,#15064);
#15063 = CARTESIAN_POINT('',(-40.95,39.473616345769,213.59345877611));
#15064 = VECTOR('',#15065,1.);
#15065 = DIRECTION('',(1.,0.,0.));
#15066 = PCURVE('',#14937,#15067);
#15067 = DEFINITIONAL_REPRESENTATION('',(#15068),#15072);
#15068 = LINE('',#15069,#15070);
#15069 = CARTESIAN_POINT('',(81.9,0.));
#15070 = VECTOR('',#15071,1.);
#15071 = DIRECTION('',(0.,1.));
#15072 = ( GEOMETRIC_REPRESENTATION_CONTEXT(2) 
PARAMETRIC_REPRESENTATION_CONTEXT() REPRESENTATION_CONTEXT('2D SPACE',''
  ) );
#15073 = PCURVE('',#15019,#15074);
#15074 = DEFINITIONAL_REPRESENTATION('',(#15075),#15079);
#15075 = LINE('',#15076,#15077);
#15076 = CARTESIAN_POINT('',(0.,0.));
#15077 = VECTOR('',#15078,1.);
#15078 = DIRECTION('',(1.,0.));
#15079 = ( GEOMETRIC_REPRESENTATION_CONTEXT(2) 
PARAMETRIC_REPRESENTATION_CONTEXT() REPRESENTATION_CONTEXT('2D SPACE',''
  ) );
#15080 = ORIENTED_EDGE('',*,*,#15081,.F.);
#15081 = EDGE_CURVE('',#15035,#15059,#15082,.T.);
#15082 = SURFACE_CURVE('',#15083,(#15087,#15094),.PCURVE_S1.);
#15083 = LINE('',#15084,#15085);
#15084 = CARTESIAN_POINT('',(40.95,23.84635962443,133.19819245175));
#15085 = VECTOR('',#15086,1.);
#15086 = DIRECTION('',(0.,0.190808995377,0.981627183448));
#15087 = PCURVE('',#14937,#15088);
#15088 = DEFINITIONAL_REPRESENTATION('',(#15089),#15093);
#15089 = LINE('',#15090,#15091);
#15090 = CARTESIAN_POINT('',(0.,81.9));
#15091 = VECTOR('',#15092,1.);
#15092 = DIRECTION('',(1.,0.));
#15093 = ( GEOMETRIC_REPRESENTATION_CONTEXT(2) 
PARAMETRIC_REPRESENTATION_CONTEXT() REPRESENTATION_CONTEXT('2D SPACE',''
  ) );
#15094 = PCURVE('',#15095,#15100);
#15095 = PLANE('',#15096);
#15096 = AXIS2_PLACEMENT_3D('',#15097,#15098,#15099);
#15097 = CARTESIAN_POINT('',(40.95,23.84635962443,133.19819245175));
#15098 = DIRECTION('',(1.,0.,0.));
#15099 = DIRECTION('',(0.,0.190808995377,0.981627183448));
#15100 = DEFINITIONAL_REPRESENTATION('',(#15101),#15105);
#15101 = LINE('',#15102,#15103);
#15102 = CARTESIAN_POINT('',(0.,0.));
#15103 = VECTOR('',#15104,1.);
#15104 = DIRECTION('',(1.,0.));
#15105 = ( GEOMETRIC_REPRESENTATION_CONTEXT(2) 
PARAMETRIC_REPRESENTATION_CONTEXT() REPRESENTATION_CONTEXT('2D SPACE',''
  ) );
#15106 = ADVANCED_FACE('',(#15107),#15019,.T.);
#15107 = FACE_BOUND('',#15108,.T.);
#15108 = EDGE_LOOP('',(#15109,#15110,#15111,#15134));
#15109 = ORIENTED_EDGE('',*,*,#15005,.F.);
#15110 = ORIENTED_EDGE('',*,*,#15058,.T.);
#15111 = ORIENTED_EDGE('',*,*,#15112,.T.);
#15112 = EDGE_CURVE('',#15059,#15113,#15115,.T.);
#15113 = VERTEX_POINT('',#15114);
#15114 = CARTESIAN_POINT('',(40.95,69.904059032647,207.67837991944));
#15115 = SURFACE_CURVE('',#15116,(#15120,#15127),.PCURVE_S1.);
#15116 = LINE('',#15117,#15118);
#15117 = CARTESIAN_POINT('',(40.95,39.473616345769,213.59345877611));
#15118 = VECTOR('',#15119,1.);
#15119 = DIRECTION('',(0.,0.981627183448,-0.190808995377));
#15120 = PCURVE('',#15019,#15121);
#15121 = DEFINITIONAL_REPRESENTATION('',(#15122),#15126);
#15122 = LINE('',#15123,#15124);
#15123 = CARTESIAN_POINT('',(81.9,0.));
#15124 = VECTOR('',#15125,1.);
#15125 = DIRECTION('',(0.,1.));
#15126 = ( GEOMETRIC_REPRESENTATION_CONTEXT(2) 
PARAMETRIC_REPRESENTATION_CONTEXT() REPRESENTATION_CONTEXT('2D SPACE',''
  ) );
#15127 = PCURVE('',#15095,#15128);
#15128 = DEFINITIONAL_REPRESENTATION('',(#15129),#15133);
#15129 = LINE('',#15130,#15131);
#15130 = CARTESIAN_POINT('',(81.9,-1.7763568394E-15));
#15131 = VECTOR('',#15132,1.);
#15132 = DIRECTION('',(0.,-1.));
#15133 = ( GEOMETRIC_REPRESENTATION_CONTEXT(2) 
PARAMETRIC_REPRESENTATION_CONTEXT() REPRESENTATION_CONTEXT('2D SPACE',''
  ) );
#15134 = ORIENTED_EDGE('',*,*,#15135,.F.);
#15135 = EDGE_CURVE('',#14978,#15113,#15136,.T.);
#15136 = SURFACE_CURVE('',#15137,(#15141,#15148),.PCURVE_S1.);
#15137 = LINE('',#15138,#15139);
#15138 = CARTESIAN_POINT('',(-40.95,69.904059032647,207.67837991944));
#15139 = VECTOR('',#15140,1.);
#15140 = DIRECTION('',(1.,0.,0.));
#15141 = PCURVE('',#15019,#15142);
#15142 = DEFINITIONAL_REPRESENTATION('',(#15143),#15147);
#15143 = LINE('',#15144,#15145);
#15144 = CARTESIAN_POINT('',(0.,31.));
#15145 = VECTOR('',#15146,1.);
#15146 = DIRECTION('',(1.,0.));
#15147 = ( GEOMETRIC_REPRESENTATION_CONTEXT(2) 
PARAMETRIC_REPRESENTATION_CONTEXT() REPRESENTATION_CONTEXT('2D SPACE',''
  ) );
#15148 = PCURVE('',#14993,#15149);
#15149 = DEFINITIONAL_REPRESENTATION('',(#15150),#15154);
#15150 = LINE('',#15151,#15152);
#15151 = CARTESIAN_POINT('',(81.9,0.));
#15152 = VECTOR('',#15153,1.);
#15153 = DIRECTION('',(0.,1.));
#15154 = ( GEOMETRIC_REPRESENTATION_CONTEXT(2) 
PARAMETRIC_REPRESENTATION_CONTEXT() REPRESENTATION_CONTEXT('2D SPACE',''
  ) );
#15155 = ADVANCED_FACE('',(#15156),#14993,.T.);
#15156 = FACE_BOUND('',#15157,.T.);
#15157 = EDGE_LOOP('',(#15158,#15181,#15182,#15183));
#15158 = ORIENTED_EDGE('',*,*,#15159,.F.);
#15159 = EDGE_CURVE('',#14950,#15160,#15162,.T.);
#15160 = VERTEX_POINT('',#15161);
#15161 = CARTESIAN_POINT('',(40.95,54.276802311308,127.28311359507));
#15162 = SURFACE_CURVE('',#15163,(#15167,#15174),.PCURVE_S1.);
#15163 = LINE('',#15164,#15165);
#15164 = CARTESIAN_POINT('',(-40.95,54.276802311308,127.28311359507));
#15165 = VECTOR('',#15166,1.);
#15166 = DIRECTION('',(1.,0.,0.));
#15167 = PCURVE('',#14993,#15168);
#15168 = DEFINITIONAL_REPRESENTATION('',(#15169),#15173);
#15169 = LINE('',#15170,#15171);
#15170 = CARTESIAN_POINT('',(0.,0.));
#15171 = VECTOR('',#15172,1.);
#15172 = DIRECTION('',(0.,1.));
#15173 = ( GEOMETRIC_REPRESENTATION_CONTEXT(2) 
PARAMETRIC_REPRESENTATION_CONTEXT() REPRESENTATION_CONTEXT('2D SPACE',''
  ) );
#15174 = PCURVE('',#14965,#15175);
#15175 = DEFINITIONAL_REPRESENTATION('',(#15176),#15180);
#15176 = LINE('',#15177,#15178);
#15177 = CARTESIAN_POINT('',(0.,31.));
#15178 = VECTOR('',#15179,1.);
#15179 = DIRECTION('',(1.,0.));
#15180 = ( GEOMETRIC_REPRESENTATION_CONTEXT(2) 
PARAMETRIC_REPRESENTATION_CONTEXT() REPRESENTATION_CONTEXT('2D SPACE',''
  ) );
#15181 = ORIENTED_EDGE('',*,*,#14977,.T.);
#15182 = ORIENTED_EDGE('',*,*,#15135,.T.);
#15183 = ORIENTED_EDGE('',*,*,#15184,.F.);
#15184 = EDGE_CURVE('',#15160,#15113,#15185,.T.);
#15185 = SURFACE_CURVE('',#15186,(#15190,#15197),.PCURVE_S1.);
#15186 = LINE('',#15187,#15188);
#15187 = CARTESIAN_POINT('',(40.95,54.276802311308,127.28311359507));
#15188 = VECTOR('',#15189,1.);
#15189 = DIRECTION('',(0.,0.190808995377,0.981627183448));
#15190 = PCURVE('',#14993,#15191);
#15191 = DEFINITIONAL_REPRESENTATION('',(#15192),#15196);
#15192 = LINE('',#15193,#15194);
#15193 = CARTESIAN_POINT('',(0.,81.9));
#15194 = VECTOR('',#15195,1.);
#15195 = DIRECTION('',(1.,0.));
#15196 = ( GEOMETRIC_REPRESENTATION_CONTEXT(2) 
PARAMETRIC_REPRESENTATION_CONTEXT() REPRESENTATION_CONTEXT('2D SPACE',''
  ) );
#15197 = PCURVE('',#15095,#15198);
#15198 = DEFINITIONAL_REPRESENTATION('',(#15199),#15203);
#15199 = LINE('',#15200,#15201);
#15200 = CARTESIAN_POINT('',(-3.552713678801E-15,-31.));
#15201 = VECTOR('',#15202,1.);
#15202 = DIRECTION('',(1.,0.));
#15203 = ( GEOMETRIC_REPRESENTATION_CONTEXT(2) 
PARAMETRIC_REPRESENTATION_CONTEXT() REPRESENTATION_CONTEXT('2D SPACE',''
  ) );
#15204 = ADVANCED_FACE('',(#15205,#15231),#14965,.F.);
#15205 = FACE_BOUND('',#15206,.F.);
#15206 = EDGE_LOOP('',(#15207,#15208,#15209,#15230));
#15207 = ORIENTED_EDGE('',*,*,#14949,.F.);
#15208 = ORIENTED_EDGE('',*,*,#15034,.T.);
#15209 = ORIENTED_EDGE('',*,*,#15210,.T.);
#15210 = EDGE_CURVE('',#15035,#15160,#15211,.T.);
#15211 = SURFACE_CURVE('',#15212,(#15216,#15223),.PCURVE_S1.);
#15212 = LINE('',#15213,#15214);
#15213 = CARTESIAN_POINT('',(40.95,23.84635962443,133.19819245175));
#15214 = VECTOR('',#15215,1.);
#15215 = DIRECTION('',(0.,0.981627183448,-0.190808995377));
#15216 = PCURVE('',#14965,#15217);
#15217 = DEFINITIONAL_REPRESENTATION('',(#15218),#15222);
#15218 = LINE('',#15219,#15220);
#15219 = CARTESIAN_POINT('',(81.9,0.));
#15220 = VECTOR('',#15221,1.);
#15221 = DIRECTION('',(0.,1.));
#15222 = ( GEOMETRIC_REPRESENTATION_CONTEXT(2) 
PARAMETRIC_REPRESENTATION_CONTEXT() REPRESENTATION_CONTEXT('2D SPACE',''
  ) );
#15223 = PCURVE('',#15095,#15224);
#15224 = DEFINITIONAL_REPRESENTATION('',(#15225),#15229);
#15225 = LINE('',#15226,#15227);
#15226 = CARTESIAN_POINT('',(0.,0.));
#15227 = VECTOR('',#15228,1.);
#15228 = DIRECTION('',(0.,-1.));
#15229 = ( GEOMETRIC_REPRESENTATION_CONTEXT(2) 
PARAMETRIC_REPRESENTATION_CONTEXT() REPRESENTATION_CONTEXT('2D SPACE',''
  ) );
#15230 = ORIENTED_EDGE('',*,*,#15159,.F.);
#15231 = FACE_BOUND('',#15232,.F.);
#15232 = EDGE_LOOP('',(#15233,#15263,#15291,#15319));
#15233 = ORIENTED_EDGE('',*,*,#15234,.T.);
#15234 = EDGE_CURVE('',#15235,#15237,#15239,.T.);
#15235 = VERTEX_POINT('',#15236);
#15236 = CARTESIAN_POINT('',(-13.5,31.208563500288,131.76712498642));
#15237 = VERTEX_POINT('',#15238);
#15238 = CARTESIAN_POINT('',(-13.5,46.91459843545,128.7141810604));
#15239 = SURFACE_CURVE('',#15240,(#15244,#15251),.PCURVE_S1.);
#15240 = LINE('',#15241,#15242);
#15241 = CARTESIAN_POINT('',(-13.5,31.208563500288,131.76712498642));
#15242 = VECTOR('',#15243,1.);
#15243 = DIRECTION('',(0.,0.981627183448,-0.190808995377));
#15244 = PCURVE('',#14965,#15245);
#15245 = DEFINITIONAL_REPRESENTATION('',(#15246),#15250);
#15246 = LINE('',#15247,#15248);
#15247 = CARTESIAN_POINT('',(27.45,7.5));
#15248 = VECTOR('',#15249,1.);
#15249 = DIRECTION('',(0.,1.));
#15250 = ( GEOMETRIC_REPRESENTATION_CONTEXT(2) 
PARAMETRIC_REPRESENTATION_CONTEXT() REPRESENTATION_CONTEXT('2D SPACE',''
  ) );
#15251 = PCURVE('',#15252,#15257);
#15252 = PLANE('',#15253);
#15253 = AXIS2_PLACEMENT_3D('',#15254,#15255,#15256);
#15254 = CARTESIAN_POINT('',(-13.5,24.530248662109,97.410173565758));
#15255 = DIRECTION('',(1.,0.,0.));
#15256 = DIRECTION('',(0.,0.190808995377,0.981627183448));
#15257 = DEFINITIONAL_REPRESENTATION('',(#15258),#15262);
#15258 = LINE('',#15259,#15260);
#15259 = CARTESIAN_POINT('',(35.,8.881784197001E-16));
#15260 = VECTOR('',#15261,1.);
#15261 = DIRECTION('',(0.,-1.));
#15262 = ( GEOMETRIC_REPRESENTATION_CONTEXT(2) 
PARAMETRIC_REPRESENTATION_CONTEXT() REPRESENTATION_CONTEXT('2D SPACE',''
  ) );
#15263 = ORIENTED_EDGE('',*,*,#15264,.T.);
#15264 = EDGE_CURVE('',#15237,#15265,#15267,.T.);
#15265 = VERTEX_POINT('',#15266);
#15266 = CARTESIAN_POINT('',(13.5,46.91459843545,128.7141810604));
#15267 = SURFACE_CURVE('',#15268,(#15272,#15279),.PCURVE_S1.);
#15268 = LINE('',#15269,#15270);
#15269 = CARTESIAN_POINT('',(-13.5,46.91459843545,128.7141810604));
#15270 = VECTOR('',#15271,1.);
#15271 = DIRECTION('',(1.,0.,0.));
#15272 = PCURVE('',#14965,#15273);
#15273 = DEFINITIONAL_REPRESENTATION('',(#15274),#15278);
#15274 = LINE('',#15275,#15276);
#15275 = CARTESIAN_POINT('',(27.45,23.5));
#15276 = VECTOR('',#15277,1.);
#15277 = DIRECTION('',(1.,0.));
#15278 = ( GEOMETRIC_REPRESENTATION_CONTEXT(2) 
PARAMETRIC_REPRESENTATION_CONTEXT() REPRESENTATION_CONTEXT('2D SPACE',''
  ) );
#15279 = PCURVE('',#15280,#15285);
#15280 = PLANE('',#15281);
#15281 = AXIS2_PLACEMENT_3D('',#15282,#15283,#15284);
#15282 = CARTESIAN_POINT('',(-13.5,40.236283597271,94.357229639733));
#15283 = DIRECTION('',(0.,0.981627183448,-0.190808995377));
#15284 = DIRECTION('',(0.,0.190808995377,0.981627183448));
#15285 = DEFINITIONAL_REPRESENTATION('',(#15286),#15290);
#15286 = LINE('',#15287,#15288);
#15287 = CARTESIAN_POINT('',(35.,0.));
#15288 = VECTOR('',#15289,1.);
#15289 = DIRECTION('',(0.,1.));
#15290 = ( GEOMETRIC_REPRESENTATION_CONTEXT(2) 
PARAMETRIC_REPRESENTATION_CONTEXT() REPRESENTATION_CONTEXT('2D SPACE',''
  ) );
#15291 = ORIENTED_EDGE('',*,*,#15292,.F.);
#15292 = EDGE_CURVE('',#15293,#15265,#15295,.T.);
#15293 = VERTEX_POINT('',#15294);
#15294 = CARTESIAN_POINT('',(13.5,31.208563500288,131.76712498642));
#15295 = SURFACE_CURVE('',#15296,(#15300,#15307),.PCURVE_S1.);
#15296 = LINE('',#15297,#15298);
#15297 = CARTESIAN_POINT('',(13.5,31.208563500288,131.76712498642));
#15298 = VECTOR('',#15299,1.);
#15299 = DIRECTION('',(0.,0.981627183448,-0.190808995377));
#15300 = PCURVE('',#14965,#15301);
#15301 = DEFINITIONAL_REPRESENTATION('',(#15302),#15306);
#15302 = LINE('',#15303,#15304);
#15303 = CARTESIAN_POINT('',(54.45,7.5));
#15304 = VECTOR('',#15305,1.);
#15305 = DIRECTION('',(0.,1.));
#15306 = ( GEOMETRIC_REPRESENTATION_CONTEXT(2) 
PARAMETRIC_REPRESENTATION_CONTEXT() REPRESENTATION_CONTEXT('2D SPACE',''
  ) );
#15307 = PCURVE('',#15308,#15313);
#15308 = PLANE('',#15309);
#15309 = AXIS2_PLACEMENT_3D('',#15310,#15311,#15312);
#15310 = CARTESIAN_POINT('',(13.5,24.530248662109,97.410173565758));
#15311 = DIRECTION('',(1.,0.,0.));
#15312 = DIRECTION('',(0.,0.190808995377,0.981627183448));
#15313 = DEFINITIONAL_REPRESENTATION('',(#15314),#15318);
#15314 = LINE('',#15315,#15316);
#15315 = CARTESIAN_POINT('',(35.,8.881784197001E-16));
#15316 = VECTOR('',#15317,1.);
#15317 = DIRECTION('',(0.,-1.));
#15318 = ( GEOMETRIC_REPRESENTATION_CONTEXT(2) 
PARAMETRIC_REPRESENTATION_CONTEXT() REPRESENTATION_CONTEXT('2D SPACE',''
  ) );
#15319 = ORIENTED_EDGE('',*,*,#15320,.F.);
#15320 = EDGE_CURVE('',#15235,#15293,#15321,.T.);
#15321 = SURFACE_CURVE('',#15322,(#15326,#15333),.PCURVE_S1.);
#15322 = LINE('',#15323,#15324);
#15323 = CARTESIAN_POINT('',(-13.5,31.208563500288,131.76712498642));
#15324 = VECTOR('',#15325,1.);
#15325 = DIRECTION('',(1.,0.,0.));
#15326 = PCURVE('',#14965,#15327);
#15327 = DEFINITIONAL_REPRESENTATION('',(#15328),#15332);
#15328 = LINE('',#15329,#15330);
#15329 = CARTESIAN_POINT('',(27.45,7.5));
#15330 = VECTOR('',#15331,1.);
#15331 = DIRECTION('',(1.,0.));
#15332 = ( GEOMETRIC_REPRESENTATION_CONTEXT(2) 
PARAMETRIC_REPRESENTATION_CONTEXT() REPRESENTATION_CONTEXT('2D SPACE',''
  ) );
#15333 = PCURVE('',#15334,#15339);
#15334 = PLANE('',#15335);
#15335 = AXIS2_PLACEMENT_3D('',#15336,#15337,#15338);
#15336 = CARTESIAN_POINT('',(-13.5,24.530248662109,97.410173565758));
#15337 = DIRECTION('',(0.,0.981627183448,-0.190808995377));
#15338 = DIRECTION('',(0.,0.190808995377,0.981627183448));
#15339 = DEFINITIONAL_REPRESENTATION('',(#15340),#15344);
#15340 = LINE('',#15341,#15342);
#15341 = CARTESIAN_POINT('',(35.,0.));
#15342 = VECTOR('',#15343,1.);
#15343 = DIRECTION('',(0.,1.));
#15344 = ( GEOMETRIC_REPRESENTATION_CONTEXT(2) 
PARAMETRIC_REPRESENTATION_CONTEXT() REPRESENTATION_CONTEXT('2D SPACE',''
  ) );
#15345 = ADVANCED_FACE('',(#15346),#15095,.T.);
#15346 = FACE_BOUND('',#15347,.T.);
#15347 = EDGE_LOOP('',(#15348,#15349,#15350,#15351));
#15348 = ORIENTED_EDGE('',*,*,#15081,.F.);
#15349 = ORIENTED_EDGE('',*,*,#15210,.T.);
#15350 = ORIENTED_EDGE('',*,*,#15184,.T.);
#15351 = ORIENTED_EDGE('',*,*,#15112,.F.);
#15352 = ADVANCED_FACE('',(#15353),#15252,.F.);
#15353 = FACE_BOUND('',#15354,.F.);
#15354 = EDGE_LOOP('',(#15355,#15378,#15406,#15427));
#15355 = ORIENTED_EDGE('',*,*,#15356,.F.);
#15356 = EDGE_CURVE('',#15357,#15235,#15359,.T.);
#15357 = VERTEX_POINT('',#15358);
#15358 = CARTESIAN_POINT('',(-13.5,24.530248662109,97.410173565758));
#15359 = SURFACE_CURVE('',#15360,(#15364,#15371),.PCURVE_S1.);
#15360 = LINE('',#15361,#15362);
#15361 = CARTESIAN_POINT('',(-13.5,24.530248662109,97.410173565758));
#15362 = VECTOR('',#15363,1.);
#15363 = DIRECTION('',(0.,0.190808995377,0.981627183448));
#15364 = PCURVE('',#15252,#15365);
#15365 = DEFINITIONAL_REPRESENTATION('',(#15366),#15370);
#15366 = LINE('',#15367,#15368);
#15367 = CARTESIAN_POINT('',(0.,0.));
#15368 = VECTOR('',#15369,1.);
#15369 = DIRECTION('',(1.,0.));
#15370 = ( GEOMETRIC_REPRESENTATION_CONTEXT(2) 
PARAMETRIC_REPRESENTATION_CONTEXT() REPRESENTATION_CONTEXT('2D SPACE',''
  ) );
#15371 = PCURVE('',#15334,#15372);
#15372 = DEFINITIONAL_REPRESENTATION('',(#15373),#15377);
#15373 = LINE('',#15374,#15375);
#15374 = CARTESIAN_POINT('',(0.,0.));
#15375 = VECTOR('',#15376,1.);
#15376 = DIRECTION('',(1.,0.));
#15377 = ( GEOMETRIC_REPRESENTATION_CONTEXT(2) 
PARAMETRIC_REPRESENTATION_CONTEXT() REPRESENTATION_CONTEXT('2D SPACE',''
  ) );
#15378 = ORIENTED_EDGE('',*,*,#15379,.T.);
#15379 = EDGE_CURVE('',#15357,#15380,#15382,.T.);
#15380 = VERTEX_POINT('',#15381);
#15381 = CARTESIAN_POINT('',(-13.5,40.236283597271,94.357229639733));
#15382 = SURFACE_CURVE('',#15383,(#15387,#15394),.PCURVE_S1.);
#15383 = LINE('',#15384,#15385);
#15384 = CARTESIAN_POINT('',(-13.5,24.530248662109,97.410173565758));
#15385 = VECTOR('',#15386,1.);
#15386 = DIRECTION('',(0.,0.981627183448,-0.190808995377));
#15387 = PCURVE('',#15252,#15388);
#15388 = DEFINITIONAL_REPRESENTATION('',(#15389),#15393);
#15389 = LINE('',#15390,#15391);
#15390 = CARTESIAN_POINT('',(0.,0.));
#15391 = VECTOR('',#15392,1.);
#15392 = DIRECTION('',(0.,-1.));
#15393 = ( GEOMETRIC_REPRESENTATION_CONTEXT(2) 
PARAMETRIC_REPRESENTATION_CONTEXT() REPRESENTATION_CONTEXT('2D SPACE',''
  ) );
#15394 = PCURVE('',#15395,#15400);
#15395 = PLANE('',#15396);
#15396 = AXIS2_PLACEMENT_3D('',#15397,#15398,#15399);
#15397 = CARTESIAN_POINT('',(-13.5,24.530248662109,97.410173565758));
#15398 = DIRECTION('',(0.,0.190808995377,0.981627183448));
#15399 = DIRECTION('',(1.,0.,0.));
#15400 = DEFINITIONAL_REPRESENTATION('',(#15401),#15405);
#15401 = LINE('',#15402,#15403);
#15402 = CARTESIAN_POINT('',(0.,0.));
#15403 = VECTOR('',#15404,1.);
#15404 = DIRECTION('',(0.,1.));
#15405 = ( GEOMETRIC_REPRESENTATION_CONTEXT(2) 
PARAMETRIC_REPRESENTATION_CONTEXT() REPRESENTATION_CONTEXT('2D SPACE',''
  ) );
#15406 = ORIENTED_EDGE('',*,*,#15407,.T.);
#15407 = EDGE_CURVE('',#15380,#15237,#15408,.T.);
#15408 = SURFACE_CURVE('',#15409,(#15413,#15420),.PCURVE_S1.);
#15409 = LINE('',#15410,#15411);
#15410 = CARTESIAN_POINT('',(-13.5,40.236283597271,94.357229639733));
#15411 = VECTOR('',#15412,1.);
#15412 = DIRECTION('',(0.,0.190808995377,0.981627183448));
#15413 = PCURVE('',#15252,#15414);
#15414 = DEFINITIONAL_REPRESENTATION('',(#15415),#15419);
#15415 = LINE('',#15416,#15417);
#15416 = CARTESIAN_POINT('',(5.773159728051E-15,-16.));
#15417 = VECTOR('',#15418,1.);
#15418 = DIRECTION('',(1.,0.));
#15419 = ( GEOMETRIC_REPRESENTATION_CONTEXT(2) 
PARAMETRIC_REPRESENTATION_CONTEXT() REPRESENTATION_CONTEXT('2D SPACE',''
  ) );
#15420 = PCURVE('',#15280,#15421);
#15421 = DEFINITIONAL_REPRESENTATION('',(#15422),#15426);
#15422 = LINE('',#15423,#15424);
#15423 = CARTESIAN_POINT('',(0.,0.));
#15424 = VECTOR('',#15425,1.);
#15425 = DIRECTION('',(1.,0.));
#15426 = ( GEOMETRIC_REPRESENTATION_CONTEXT(2) 
PARAMETRIC_REPRESENTATION_CONTEXT() REPRESENTATION_CONTEXT('2D SPACE',''
  ) );
#15427 = ORIENTED_EDGE('',*,*,#15234,.F.);
#15428 = ADVANCED_FACE('',(#15429),#15334,.F.);
#15429 = FACE_BOUND('',#15430,.F.);
#15430 = EDGE_LOOP('',(#15431,#15454,#15455,#15456));
#15431 = ORIENTED_EDGE('',*,*,#15432,.F.);
#15432 = EDGE_CURVE('',#15357,#15433,#15435,.T.);
#15433 = VERTEX_POINT('',#15434);
#15434 = CARTESIAN_POINT('',(13.5,24.530248662109,97.410173565758));
#15435 = SURFACE_CURVE('',#15436,(#15440,#15447),.PCURVE_S1.);
#15436 = LINE('',#15437,#15438);
#15437 = CARTESIAN_POINT('',(-13.5,24.530248662109,97.410173565758));
#15438 = VECTOR('',#15439,1.);
#15439 = DIRECTION('',(1.,0.,0.));
#15440 = PCURVE('',#15334,#15441);
#15441 = DEFINITIONAL_REPRESENTATION('',(#15442),#15446);
#15442 = LINE('',#15443,#15444);
#15443 = CARTESIAN_POINT('',(0.,0.));
#15444 = VECTOR('',#15445,1.);
#15445 = DIRECTION('',(0.,1.));
#15446 = ( GEOMETRIC_REPRESENTATION_CONTEXT(2) 
PARAMETRIC_REPRESENTATION_CONTEXT() REPRESENTATION_CONTEXT('2D SPACE',''
  ) );
#15447 = PCURVE('',#15395,#15448);
#15448 = DEFINITIONAL_REPRESENTATION('',(#15449),#15453);
#15449 = LINE('',#15450,#15451);
#15450 = CARTESIAN_POINT('',(0.,0.));
#15451 = VECTOR('',#15452,1.);
#15452 = DIRECTION('',(1.,0.));
#15453 = ( GEOMETRIC_REPRESENTATION_CONTEXT(2) 
PARAMETRIC_REPRESENTATION_CONTEXT() REPRESENTATION_CONTEXT('2D SPACE',''
  ) );
#15454 = ORIENTED_EDGE('',*,*,#15356,.T.);
#15455 = ORIENTED_EDGE('',*,*,#15320,.T.);
#15456 = ORIENTED_EDGE('',*,*,#15457,.F.);
#15457 = EDGE_CURVE('',#15433,#15293,#15458,.T.);
#15458 = SURFACE_CURVE('',#15459,(#15463,#15470),.PCURVE_S1.);
#15459 = LINE('',#15460,#15461);
#15460 = CARTESIAN_POINT('',(13.5,24.530248662109,97.410173565758));
#15461 = VECTOR('',#15462,1.);
#15462 = DIRECTION('',(0.,0.190808995377,0.981627183448));
#15463 = PCURVE('',#15334,#15464);
#15464 = DEFINITIONAL_REPRESENTATION('',(#15465),#15469);
#15465 = LINE('',#15466,#15467);
#15466 = CARTESIAN_POINT('',(0.,27.));
#15467 = VECTOR('',#15468,1.);
#15468 = DIRECTION('',(1.,0.));
#15469 = ( GEOMETRIC_REPRESENTATION_CONTEXT(2) 
PARAMETRIC_REPRESENTATION_CONTEXT() REPRESENTATION_CONTEXT('2D SPACE',''
  ) );
#15470 = PCURVE('',#15308,#15471);
#15471 = DEFINITIONAL_REPRESENTATION('',(#15472),#15476);
#15472 = LINE('',#15473,#15474);
#15473 = CARTESIAN_POINT('',(0.,0.));
#15474 = VECTOR('',#15475,1.);
#15475 = DIRECTION('',(1.,0.));
#15476 = ( GEOMETRIC_REPRESENTATION_CONTEXT(2) 
PARAMETRIC_REPRESENTATION_CONTEXT() REPRESENTATION_CONTEXT('2D SPACE',''
  ) );
#15477 = ADVANCED_FACE('',(#15478),#15308,.T.);
#15478 = FACE_BOUND('',#15479,.T.);
#15479 = EDGE_LOOP('',(#15480,#15481,#15504,#15525));
#15480 = ORIENTED_EDGE('',*,*,#15457,.F.);
#15481 = ORIENTED_EDGE('',*,*,#15482,.T.);
#15482 = EDGE_CURVE('',#15433,#15483,#15485,.T.);
#15483 = VERTEX_POINT('',#15484);
#15484 = CARTESIAN_POINT('',(13.5,40.236283597271,94.357229639733));
#15485 = SURFACE_CURVE('',#15486,(#15490,#15497),.PCURVE_S1.);
#15486 = LINE('',#15487,#15488);
#15487 = CARTESIAN_POINT('',(13.5,24.530248662109,97.410173565758));
#15488 = VECTOR('',#15489,1.);
#15489 = DIRECTION('',(0.,0.981627183448,-0.190808995377));
#15490 = PCURVE('',#15308,#15491);
#15491 = DEFINITIONAL_REPRESENTATION('',(#15492),#15496);
#15492 = LINE('',#15493,#15494);
#15493 = CARTESIAN_POINT('',(0.,0.));
#15494 = VECTOR('',#15495,1.);
#15495 = DIRECTION('',(0.,-1.));
#15496 = ( GEOMETRIC_REPRESENTATION_CONTEXT(2) 
PARAMETRIC_REPRESENTATION_CONTEXT() REPRESENTATION_CONTEXT('2D SPACE',''
  ) );
#15497 = PCURVE('',#15395,#15498);
#15498 = DEFINITIONAL_REPRESENTATION('',(#15499),#15503);
#15499 = LINE('',#15500,#15501);
#15500 = CARTESIAN_POINT('',(27.,0.));
#15501 = VECTOR('',#15502,1.);
#15502 = DIRECTION('',(0.,1.));
#15503 = ( GEOMETRIC_REPRESENTATION_CONTEXT(2) 
PARAMETRIC_REPRESENTATION_CONTEXT() REPRESENTATION_CONTEXT('2D SPACE',''
  ) );
#15504 = ORIENTED_EDGE('',*,*,#15505,.T.);
#15505 = EDGE_CURVE('',#15483,#15265,#15506,.T.);
#15506 = SURFACE_CURVE('',#15507,(#15511,#15518),.PCURVE_S1.);
#15507 = LINE('',#15508,#15509);
#15508 = CARTESIAN_POINT('',(13.5,40.236283597271,94.357229639733));
#15509 = VECTOR('',#15510,1.);
#15510 = DIRECTION('',(0.,0.190808995377,0.981627183448));
#15511 = PCURVE('',#15308,#15512);
#15512 = DEFINITIONAL_REPRESENTATION('',(#15513),#15517);
#15513 = LINE('',#15514,#15515);
#15514 = CARTESIAN_POINT('',(5.773159728051E-15,-16.));
#15515 = VECTOR('',#15516,1.);
#15516 = DIRECTION('',(1.,0.));
#15517 = ( GEOMETRIC_REPRESENTATION_CONTEXT(2) 
PARAMETRIC_REPRESENTATION_CONTEXT() REPRESENTATION_CONTEXT('2D SPACE',''
  ) );
#15518 = PCURVE('',#15280,#15519);
#15519 = DEFINITIONAL_REPRESENTATION('',(#15520),#15524);
#15520 = LINE('',#15521,#15522);
#15521 = CARTESIAN_POINT('',(0.,27.));
#15522 = VECTOR('',#15523,1.);
#15523 = DIRECTION('',(1.,0.));
#15524 = ( GEOMETRIC_REPRESENTATION_CONTEXT(2) 
PARAMETRIC_REPRESENTATION_CONTEXT() REPRESENTATION_CONTEXT('2D SPACE',''
  ) );
#15525 = ORIENTED_EDGE('',*,*,#15292,.F.);
#15526 = ADVANCED_FACE('',(#15527),#15280,.T.);
#15527 = FACE_BOUND('',#15528,.T.);
#15528 = EDGE_LOOP('',(#15529,#15550,#15551,#15552));
#15529 = ORIENTED_EDGE('',*,*,#15530,.F.);
#15530 = EDGE_CURVE('',#15380,#15483,#15531,.T.);
#15531 = SURFACE_CURVE('',#15532,(#15536,#15543),.PCURVE_S1.);
#15532 = LINE('',#15533,#15534);
#15533 = CARTESIAN_POINT('',(-13.5,40.236283597271,94.357229639733));
#15534 = VECTOR('',#15535,1.);
#15535 = DIRECTION('',(1.,0.,0.));
#15536 = PCURVE('',#15280,#15537);
#15537 = DEFINITIONAL_REPRESENTATION('',(#15538),#15542);
#15538 = LINE('',#15539,#15540);
#15539 = CARTESIAN_POINT('',(0.,0.));
#15540 = VECTOR('',#15541,1.);
#15541 = DIRECTION('',(0.,1.));
#15542 = ( GEOMETRIC_REPRESENTATION_CONTEXT(2) 
PARAMETRIC_REPRESENTATION_CONTEXT() REPRESENTATION_CONTEXT('2D SPACE',''
  ) );
#15543 = PCURVE('',#15395,#15544);
#15544 = DEFINITIONAL_REPRESENTATION('',(#15545),#15549);
#15545 = LINE('',#15546,#15547);
#15546 = CARTESIAN_POINT('',(0.,16.));
#15547 = VECTOR('',#15548,1.);
#15548 = DIRECTION('',(1.,0.));
#15549 = ( GEOMETRIC_REPRESENTATION_CONTEXT(2) 
PARAMETRIC_REPRESENTATION_CONTEXT() REPRESENTATION_CONTEXT('2D SPACE',''
  ) );
#15550 = ORIENTED_EDGE('',*,*,#15407,.T.);
#15551 = ORIENTED_EDGE('',*,*,#15264,.T.);
#15552 = ORIENTED_EDGE('',*,*,#15505,.F.);
#15553 = ADVANCED_FACE('',(#15554),#15395,.F.);
#15554 = FACE_BOUND('',#15555,.F.);
#15555 = EDGE_LOOP('',(#15556,#15557,#15558,#15559));
#15556 = ORIENTED_EDGE('',*,*,#15379,.F.);
#15557 = ORIENTED_EDGE('',*,*,#15432,.T.);
#15558 = ORIENTED_EDGE('',*,*,#15482,.T.);
#15559 = ORIENTED_EDGE('',*,*,#15530,.F.);
#15560 = ( GEOMETRIC_REPRESENTATION_CONTEXT(3) 
GLOBAL_UNCERTAINTY_ASSIGNED_CONTEXT((#15564)) 
GLOBAL_UNIT_ASSIGNED_CONTEXT((#15561,#15562,#15563)) 
REPRESENTATION_CONTEXT('Context #1',
  '3D Context with UNIT and UNCERTAINTY') );
#15561 = ( LENGTH_UNIT() NAMED_UNIT(*) SI_UNIT(.MILLI.,.METRE.) );
#15562 = ( NAMED_UNIT(*) PLANE_ANGLE_UNIT() SI_UNIT($,.RADIAN.) );
#15563 = ( NAMED_UNIT(*) SI_UNIT($,.STERADIAN.) SOLID_ANGLE_UNIT() );
#15564 = UNCERTAINTY_MEASURE_WITH_UNIT(LENGTH_MEASURE(1.E-07),#15561,
  'distance_accuracy_value','confusion accuracy');
#15565 = CONTEXT_DEPENDENT_SHAPE_REPRESENTATION(#15566,#15568);
#15566 = ( REPRESENTATION_RELATIONSHIP('','',#14907,#10) 
REPRESENTATION_RELATIONSHIP_WITH_TRANSFORMATION(#15567) 
SHAPE_REPRESENTATION_RELATIONSHIP() );
#15567 = ITEM_DEFINED_TRANSFORMATION('','',#11,#35);
#15568 = PRODUCT_DEFINITION_SHAPE('Placement','Placement of an item',
  #15569);
#15569 = NEXT_ASSEMBLY_USAGE_OCCURRENCE('6','OAK_dummy','',#5,#14902,$);
#15570 = PRODUCT_RELATED_PRODUCT_CATEGORY('part',$,(#14904));
#15571 = SHAPE_DEFINITION_REPRESENTATION(#15572,#15578);
#15572 = PRODUCT_DEFINITION_SHAPE('','',#15573);
#15573 = PRODUCT_DEFINITION('design','',#15574,#15577);
#15574 = PRODUCT_DEFINITION_FORMATION('','',#15575);
#15575 = PRODUCT('IMU_dummy','IMU_dummy','',(#15576));
#15576 = PRODUCT_CONTEXT('',#2,'mechanical');
#15577 = PRODUCT_DEFINITION_CONTEXT('part definition',#2,'design');
#15578 = ADVANCED_BREP_SHAPE_REPRESENTATION('',(#11,#15579),#15909);
#15579 = MANIFOLD_SOLID_BREP('',#15580);
#15580 = CLOSED_SHELL('',(#15581,#15701,#15801,#15848,#15895,#15902));
#15581 = ADVANCED_FACE('',(#15582),#15596,.F.);
#15582 = FACE_BOUND('',#15583,.F.);
#15583 = EDGE_LOOP('',(#15584,#15619,#15647,#15675));
#15584 = ORIENTED_EDGE('',*,*,#15585,.F.);
#15585 = EDGE_CURVE('',#15586,#15588,#15590,.T.);
#15586 = VERTEX_POINT('',#15587);
#15587 = CARTESIAN_POINT('',(32.4,-25.,4.5));
#15588 = VERTEX_POINT('',#15589);
#15589 = CARTESIAN_POINT('',(32.4,-25.,24.5));
#15590 = SURFACE_CURVE('',#15591,(#15595,#15607),.PCURVE_S1.);
#15591 = LINE('',#15592,#15593);
#15592 = CARTESIAN_POINT('',(32.4,-25.,4.5));
#15593 = VECTOR('',#15594,1.);
#15594 = DIRECTION('',(0.,0.,1.));
#15595 = PCURVE('',#15596,#15601);
#15596 = PLANE('',#15597);
#15597 = AXIS2_PLACEMENT_3D('',#15598,#15599,#15600);
#15598 = CARTESIAN_POINT('',(32.4,-25.,4.5));
#15599 = DIRECTION('',(1.,0.,0.));
#15600 = DIRECTION('',(0.,0.,1.));
#15601 = DEFINITIONAL_REPRESENTATION('',(#15602),#15606);
#15602 = LINE('',#15603,#15604);
#15603 = CARTESIAN_POINT('',(0.,0.));
#15604 = VECTOR('',#15605,1.);
#15605 = DIRECTION('',(1.,0.));
#15606 = ( GEOMETRIC_REPRESENTATION_CONTEXT(2) 
PARAMETRIC_REPRESENTATION_CONTEXT() REPRESENTATION_CONTEXT('2D SPACE',''
  ) );
#15607 = PCURVE('',#15608,#15613);
#15608 = PLANE('',#15609);
#15609 = AXIS2_PLACEMENT_3D('',#15610,#15611,#15612);
#15610 = CARTESIAN_POINT('',(32.4,-25.,4.5));
#15611 = DIRECTION('',(0.,1.,0.));
#15612 = DIRECTION('',(0.,0.,1.));
#15613 = DEFINITIONAL_REPRESENTATION('',(#15614),#15618);
#15614 = LINE('',#15615,#15616);
#15615 = CARTESIAN_POINT('',(0.,0.));
#15616 = VECTOR('',#15617,1.);
#15617 = DIRECTION('',(1.,0.));
#15618 = ( GEOMETRIC_REPRESENTATION_CONTEXT(2) 
PARAMETRIC_REPRESENTATION_CONTEXT() REPRESENTATION_CONTEXT('2D SPACE',''
  ) );
#15619 = ORIENTED_EDGE('',*,*,#15620,.T.);
#15620 = EDGE_CURVE('',#15586,#15621,#15623,.T.);
#15621 = VERTEX_POINT('',#15622);
#15622 = CARTESIAN_POINT('',(32.4,25.,4.5));
#15623 = SURFACE_CURVE('',#15624,(#15628,#15635),.PCURVE_S1.);
#15624 = LINE('',#15625,#15626);
#15625 = CARTESIAN_POINT('',(32.4,-25.,4.5));
#15626 = VECTOR('',#15627,1.);
#15627 = DIRECTION('',(0.,1.,0.));
#15628 = PCURVE('',#15596,#15629);
#15629 = DEFINITIONAL_REPRESENTATION('',(#15630),#15634);
#15630 = LINE('',#15631,#15632);
#15631 = CARTESIAN_POINT('',(0.,0.));
#15632 = VECTOR('',#15633,1.);
#15633 = DIRECTION('',(0.,-1.));
#15634 = ( GEOMETRIC_REPRESENTATION_CONTEXT(2) 
PARAMETRIC_REPRESENTATION_CONTEXT() REPRESENTATION_CONTEXT('2D SPACE',''
  ) );
#15635 = PCURVE('',#15636,#15641);
#15636 = PLANE('',#15637);
#15637 = AXIS2_PLACEMENT_3D('',#15638,#15639,#15640);
#15638 = CARTESIAN_POINT('',(32.4,-25.,4.5));
#15639 = DIRECTION('',(0.,0.,1.));
#15640 = DIRECTION('',(1.,0.,0.));
#15641 = DEFINITIONAL_REPRESENTATION('',(#15642),#15646);
#15642 = LINE('',#15643,#15644);
#15643 = CARTESIAN_POINT('',(0.,0.));
#15644 = VECTOR('',#15645,1.);
#15645 = DIRECTION('',(0.,1.));
#15646 = ( GEOMETRIC_REPRESENTATION_CONTEXT(2) 
PARAMETRIC_REPRESENTATION_CONTEXT() REPRESENTATION_CONTEXT('2D SPACE',''
  ) );
#15647 = ORIENTED_EDGE('',*,*,#15648,.T.);
#15648 = EDGE_CURVE('',#15621,#15649,#15651,.T.);
#15649 = VERTEX_POINT('',#15650);
#15650 = CARTESIAN_POINT('',(32.4,25.,24.5));
#15651 = SURFACE_CURVE('',#15652,(#15656,#15663),.PCURVE_S1.);
#15652 = LINE('',#15653,#15654);
#15653 = CARTESIAN_POINT('',(32.4,25.,4.5));
#15654 = VECTOR('',#15655,1.);
#15655 = DIRECTION('',(0.,0.,1.));
#15656 = PCURVE('',#15596,#15657);
#15657 = DEFINITIONAL_REPRESENTATION('',(#15658),#15662);
#15658 = LINE('',#15659,#15660);
#15659 = CARTESIAN_POINT('',(0.,-50.));
#15660 = VECTOR('',#15661,1.);
#15661 = DIRECTION('',(1.,0.));
#15662 = ( GEOMETRIC_REPRESENTATION_CONTEXT(2) 
PARAMETRIC_REPRESENTATION_CONTEXT() REPRESENTATION_CONTEXT('2D SPACE',''
  ) );
#15663 = PCURVE('',#15664,#15669);
#15664 = PLANE('',#15665);
#15665 = AXIS2_PLACEMENT_3D('',#15666,#15667,#15668);
#15666 = CARTESIAN_POINT('',(32.4,25.,4.5));
#15667 = DIRECTION('',(0.,1.,0.));
#15668 = DIRECTION('',(0.,0.,1.));
#15669 = DEFINITIONAL_REPRESENTATION('',(#15670),#15674);
#15670 = LINE('',#15671,#15672);
#15671 = CARTESIAN_POINT('',(0.,0.));
#15672 = VECTOR('',#15673,1.);
#15673 = DIRECTION('',(1.,0.));
#15674 = ( GEOMETRIC_REPRESENTATION_CONTEXT(2) 
PARAMETRIC_REPRESENTATION_CONTEXT() REPRESENTATION_CONTEXT('2D SPACE',''
  ) );
#15675 = ORIENTED_EDGE('',*,*,#15676,.F.);
#15676 = EDGE_CURVE('',#15588,#15649,#15677,.T.);
#15677 = SURFACE_CURVE('',#15678,(#15682,#15689),.PCURVE_S1.);
#15678 = LINE('',#15679,#15680);
#15679 = CARTESIAN_POINT('',(32.4,-25.,24.5));
#15680 = VECTOR('',#15681,1.);
#15681 = DIRECTION('',(0.,1.,0.));
#15682 = PCURVE('',#15596,#15683);
#15683 = DEFINITIONAL_REPRESENTATION('',(#15684),#15688);
#15684 = LINE('',#15685,#15686);
#15685 = CARTESIAN_POINT('',(20.,0.));
#15686 = VECTOR('',#15687,1.);
#15687 = DIRECTION('',(0.,-1.));
#15688 = ( GEOMETRIC_REPRESENTATION_CONTEXT(2) 
PARAMETRIC_REPRESENTATION_CONTEXT() REPRESENTATION_CONTEXT('2D SPACE',''
  ) );
#15689 = PCURVE('',#15690,#15695);
#15690 = PLANE('',#15691);
#15691 = AXIS2_PLACEMENT_3D('',#15692,#15693,#15694);
#15692 = CARTESIAN_POINT('',(32.4,-25.,24.5));
#15693 = DIRECTION('',(0.,0.,1.));
#15694 = DIRECTION('',(1.,0.,0.));
#15695 = DEFINITIONAL_REPRESENTATION('',(#15696),#15700);
#15696 = LINE('',#15697,#15698);
#15697 = CARTESIAN_POINT('',(0.,0.));
#15698 = VECTOR('',#15699,1.);
#15699 = DIRECTION('',(0.,1.));
#15700 = ( GEOMETRIC_REPRESENTATION_CONTEXT(2) 
PARAMETRIC_REPRESENTATION_CONTEXT() REPRESENTATION_CONTEXT('2D SPACE',''
  ) );
#15701 = ADVANCED_FACE('',(#15702),#15716,.T.);
#15702 = FACE_BOUND('',#15703,.T.);
#15703 = EDGE_LOOP('',(#15704,#15734,#15757,#15780));
#15704 = ORIENTED_EDGE('',*,*,#15705,.F.);
#15705 = EDGE_CURVE('',#15706,#15708,#15710,.T.);
#15706 = VERTEX_POINT('',#15707);
#15707 = CARTESIAN_POINT('',(82.4,-25.,4.5));
#15708 = VERTEX_POINT('',#15709);
#15709 = CARTESIAN_POINT('',(82.4,-25.,24.5));
#15710 = SURFACE_CURVE('',#15711,(#15715,#15727),.PCURVE_S1.);
#15711 = LINE('',#15712,#15713);
#15712 = CARTESIAN_POINT('',(82.4,-25.,4.5));
#15713 = VECTOR('',#15714,1.);
#15714 = DIRECTION('',(0.,0.,1.));
#15715 = PCURVE('',#15716,#15721);
#15716 = PLANE('',#15717);
#15717 = AXIS2_PLACEMENT_3D('',#15718,#15719,#15720);
#15718 = CARTESIAN_POINT('',(82.4,-25.,4.5));
#15719 = DIRECTION('',(1.,0.,0.));
#15720 = DIRECTION('',(0.,0.,1.));
#15721 = DEFINITIONAL_REPRESENTATION('',(#15722),#15726);
#15722 = LINE('',#15723,#15724);
#15723 = CARTESIAN_POINT('',(0.,0.));
#15724 = VECTOR('',#15725,1.);
#15725 = DIRECTION('',(1.,0.));
#15726 = ( GEOMETRIC_REPRESENTATION_CONTEXT(2) 
PARAMETRIC_REPRESENTATION_CONTEXT() REPRESENTATION_CONTEXT('2D SPACE',''
  ) );
#15727 = PCURVE('',#15608,#15728);
#15728 = DEFINITIONAL_REPRESENTATION('',(#15729),#15733);
#15729 = LINE('',#15730,#15731);
#15730 = CARTESIAN_POINT('',(0.,50.));
#15731 = VECTOR('',#15732,1.);
#15732 = DIRECTION('',(1.,0.));
#15733 = ( GEOMETRIC_REPRESENTATION_CONTEXT(2) 
PARAMETRIC_REPRESENTATION_CONTEXT() REPRESENTATION_CONTEXT('2D SPACE',''
  ) );
#15734 = ORIENTED_EDGE('',*,*,#15735,.T.);
#15735 = EDGE_CURVE('',#15706,#15736,#15738,.T.);
#15736 = VERTEX_POINT('',#15737);
#15737 = CARTESIAN_POINT('',(82.4,25.,4.5));
#15738 = SURFACE_CURVE('',#15739,(#15743,#15750),.PCURVE_S1.);
#15739 = LINE('',#15740,#15741);
#15740 = CARTESIAN_POINT('',(82.4,-25.,4.5));
#15741 = VECTOR('',#15742,1.);
#15742 = DIRECTION('',(0.,1.,0.));
#15743 = PCURVE('',#15716,#15744);
#15744 = DEFINITIONAL_REPRESENTATION('',(#15745),#15749);
#15745 = LINE('',#15746,#15747);
#15746 = CARTESIAN_POINT('',(0.,0.));
#15747 = VECTOR('',#15748,1.);
#15748 = DIRECTION('',(0.,-1.));
#15749 = ( GEOMETRIC_REPRESENTATION_CONTEXT(2) 
PARAMETRIC_REPRESENTATION_CONTEXT() REPRESENTATION_CONTEXT('2D SPACE',''
  ) );
#15750 = PCURVE('',#15636,#15751);
#15751 = DEFINITIONAL_REPRESENTATION('',(#15752),#15756);
#15752 = LINE('',#15753,#15754);
#15753 = CARTESIAN_POINT('',(50.,0.));
#15754 = VECTOR('',#15755,1.);
#15755 = DIRECTION('',(0.,1.));
#15756 = ( GEOMETRIC_REPRESENTATION_CONTEXT(2) 
PARAMETRIC_REPRESENTATION_CONTEXT() REPRESENTATION_CONTEXT('2D SPACE',''
  ) );
#15757 = ORIENTED_EDGE('',*,*,#15758,.T.);
#15758 = EDGE_CURVE('',#15736,#15759,#15761,.T.);
#15759 = VERTEX_POINT('',#15760);
#15760 = CARTESIAN_POINT('',(82.4,25.,24.5));
#15761 = SURFACE_CURVE('',#15762,(#15766,#15773),.PCURVE_S1.);
#15762 = LINE('',#15763,#15764);
#15763 = CARTESIAN_POINT('',(82.4,25.,4.5));
#15764 = VECTOR('',#15765,1.);
#15765 = DIRECTION('',(0.,0.,1.));
#15766 = PCURVE('',#15716,#15767);
#15767 = DEFINITIONAL_REPRESENTATION('',(#15768),#15772);
#15768 = LINE('',#15769,#15770);
#15769 = CARTESIAN_POINT('',(0.,-50.));
#15770 = VECTOR('',#15771,1.);
#15771 = DIRECTION('',(1.,0.));
#15772 = ( GEOMETRIC_REPRESENTATION_CONTEXT(2) 
PARAMETRIC_REPRESENTATION_CONTEXT() REPRESENTATION_CONTEXT('2D SPACE',''
  ) );
#15773 = PCURVE('',#15664,#15774);
#15774 = DEFINITIONAL_REPRESENTATION('',(#15775),#15779);
#15775 = LINE('',#15776,#15777);
#15776 = CARTESIAN_POINT('',(0.,50.));
#15777 = VECTOR('',#15778,1.);
#15778 = DIRECTION('',(1.,0.));
#15779 = ( GEOMETRIC_REPRESENTATION_CONTEXT(2) 
PARAMETRIC_REPRESENTATION_CONTEXT() REPRESENTATION_CONTEXT('2D SPACE',''
  ) );
#15780 = ORIENTED_EDGE('',*,*,#15781,.F.);
#15781 = EDGE_CURVE('',#15708,#15759,#15782,.T.);
#15782 = SURFACE_CURVE('',#15783,(#15787,#15794),.PCURVE_S1.);
#15783 = LINE('',#15784,#15785);
#15784 = CARTESIAN_POINT('',(82.4,-25.,24.5));
#15785 = VECTOR('',#15786,1.);
#15786 = DIRECTION('',(0.,1.,0.));
#15787 = PCURVE('',#15716,#15788);
#15788 = DEFINITIONAL_REPRESENTATION('',(#15789),#15793);
#15789 = LINE('',#15790,#15791);
#15790 = CARTESIAN_POINT('',(20.,0.));
#15791 = VECTOR('',#15792,1.);
#15792 = DIRECTION('',(0.,-1.));
#15793 = ( GEOMETRIC_REPRESENTATION_CONTEXT(2) 
PARAMETRIC_REPRESENTATION_CONTEXT() REPRESENTATION_CONTEXT('2D SPACE',''
  ) );
#15794 = PCURVE('',#15690,#15795);
#15795 = DEFINITIONAL_REPRESENTATION('',(#15796),#15800);
#15796 = LINE('',#15797,#15798);
#15797 = CARTESIAN_POINT('',(50.,0.));
#15798 = VECTOR('',#15799,1.);
#15799 = DIRECTION('',(0.,1.));
#15800 = ( GEOMETRIC_REPRESENTATION_CONTEXT(2) 
PARAMETRIC_REPRESENTATION_CONTEXT() REPRESENTATION_CONTEXT('2D SPACE',''
  ) );
#15801 = ADVANCED_FACE('',(#15802),#15608,.F.);
#15802 = FACE_BOUND('',#15803,.F.);
#15803 = EDGE_LOOP('',(#15804,#15825,#15826,#15847));
#15804 = ORIENTED_EDGE('',*,*,#15805,.F.);
#15805 = EDGE_CURVE('',#15586,#15706,#15806,.T.);
#15806 = SURFACE_CURVE('',#15807,(#15811,#15818),.PCURVE_S1.);
#15807 = LINE('',#15808,#15809);
#15808 = CARTESIAN_POINT('',(32.4,-25.,4.5));
#15809 = VECTOR('',#15810,1.);
#15810 = DIRECTION('',(1.,0.,0.));
#15811 = PCURVE('',#15608,#15812);
#15812 = DEFINITIONAL_REPRESENTATION('',(#15813),#15817);
#15813 = LINE('',#15814,#15815);
#15814 = CARTESIAN_POINT('',(0.,0.));
#15815 = VECTOR('',#15816,1.);
#15816 = DIRECTION('',(0.,1.));
#15817 = ( GEOMETRIC_REPRESENTATION_CONTEXT(2) 
PARAMETRIC_REPRESENTATION_CONTEXT() REPRESENTATION_CONTEXT('2D SPACE',''
  ) );
#15818 = PCURVE('',#15636,#15819);
#15819 = DEFINITIONAL_REPRESENTATION('',(#15820),#15824);
#15820 = LINE('',#15821,#15822);
#15821 = CARTESIAN_POINT('',(0.,0.));
#15822 = VECTOR('',#15823,1.);
#15823 = DIRECTION('',(1.,0.));
#15824 = ( GEOMETRIC_REPRESENTATION_CONTEXT(2) 
PARAMETRIC_REPRESENTATION_CONTEXT() REPRESENTATION_CONTEXT('2D SPACE',''
  ) );
#15825 = ORIENTED_EDGE('',*,*,#15585,.T.);
#15826 = ORIENTED_EDGE('',*,*,#15827,.T.);
#15827 = EDGE_CURVE('',#15588,#15708,#15828,.T.);
#15828 = SURFACE_CURVE('',#15829,(#15833,#15840),.PCURVE_S1.);
#15829 = LINE('',#15830,#15831);
#15830 = CARTESIAN_POINT('',(32.4,-25.,24.5));
#15831 = VECTOR('',#15832,1.);
#15832 = DIRECTION('',(1.,0.,0.));
#15833 = PCURVE('',#15608,#15834);
#15834 = DEFINITIONAL_REPRESENTATION('',(#15835),#15839);
#15835 = LINE('',#15836,#15837);
#15836 = CARTESIAN_POINT('',(20.,0.));
#15837 = VECTOR('',#15838,1.);
#15838 = DIRECTION('',(0.,1.));
#15839 = ( GEOMETRIC_REPRESENTATION_CONTEXT(2) 
PARAMETRIC_REPRESENTATION_CONTEXT() REPRESENTATION_CONTEXT('2D SPACE',''
  ) );
#15840 = PCURVE('',#15690,#15841);
#15841 = DEFINITIONAL_REPRESENTATION('',(#15842),#15846);
#15842 = LINE('',#15843,#15844);
#15843 = CARTESIAN_POINT('',(0.,0.));
#15844 = VECTOR('',#15845,1.);
#15845 = DIRECTION('',(1.,0.));
#15846 = ( GEOMETRIC_REPRESENTATION_CONTEXT(2) 
PARAMETRIC_REPRESENTATION_CONTEXT() REPRESENTATION_CONTEXT('2D SPACE',''
  ) );
#15847 = ORIENTED_EDGE('',*,*,#15705,.F.);
#15848 = ADVANCED_FACE('',(#15849),#15664,.T.);
#15849 = FACE_BOUND('',#15850,.T.);
#15850 = EDGE_LOOP('',(#15851,#15872,#15873,#15894));
#15851 = ORIENTED_EDGE('',*,*,#15852,.F.);
#15852 = EDGE_CURVE('',#15621,#15736,#15853,.T.);
#15853 = SURFACE_CURVE('',#15854,(#15858,#15865),.PCURVE_S1.);
#15854 = LINE('',#15855,#15856);
#15855 = CARTESIAN_POINT('',(32.4,25.,4.5));
#15856 = VECTOR('',#15857,1.);
#15857 = DIRECTION('',(1.,0.,0.));
#15858 = PCURVE('',#15664,#15859);
#15859 = DEFINITIONAL_REPRESENTATION('',(#15860),#15864);
#15860 = LINE('',#15861,#15862);
#15861 = CARTESIAN_POINT('',(0.,0.));
#15862 = VECTOR('',#15863,1.);
#15863 = DIRECTION('',(0.,1.));
#15864 = ( GEOMETRIC_REPRESENTATION_CONTEXT(2) 
PARAMETRIC_REPRESENTATION_CONTEXT() REPRESENTATION_CONTEXT('2D SPACE',''
  ) );
#15865 = PCURVE('',#15636,#15866);
#15866 = DEFINITIONAL_REPRESENTATION('',(#15867),#15871);
#15867 = LINE('',#15868,#15869);
#15868 = CARTESIAN_POINT('',(0.,50.));
#15869 = VECTOR('',#15870,1.);
#15870 = DIRECTION('',(1.,0.));
#15871 = ( GEOMETRIC_REPRESENTATION_CONTEXT(2) 
PARAMETRIC_REPRESENTATION_CONTEXT() REPRESENTATION_CONTEXT('2D SPACE',''
  ) );
#15872 = ORIENTED_EDGE('',*,*,#15648,.T.);
#15873 = ORIENTED_EDGE('',*,*,#15874,.T.);
#15874 = EDGE_CURVE('',#15649,#15759,#15875,.T.);
#15875 = SURFACE_CURVE('',#15876,(#15880,#15887),.PCURVE_S1.);
#15876 = LINE('',#15877,#15878);
#15877 = CARTESIAN_POINT('',(32.4,25.,24.5));
#15878 = VECTOR('',#15879,1.);
#15879 = DIRECTION('',(1.,0.,0.));
#15880 = PCURVE('',#15664,#15881);
#15881 = DEFINITIONAL_REPRESENTATION('',(#15882),#15886);
#15882 = LINE('',#15883,#15884);
#15883 = CARTESIAN_POINT('',(20.,0.));
#15884 = VECTOR('',#15885,1.);
#15885 = DIRECTION('',(0.,1.));
#15886 = ( GEOMETRIC_REPRESENTATION_CONTEXT(2) 
PARAMETRIC_REPRESENTATION_CONTEXT() REPRESENTATION_CONTEXT('2D SPACE',''
  ) );
#15887 = PCURVE('',#15690,#15888);
#15888 = DEFINITIONAL_REPRESENTATION('',(#15889),#15893);
#15889 = LINE('',#15890,#15891);
#15890 = CARTESIAN_POINT('',(0.,50.));
#15891 = VECTOR('',#15892,1.);
#15892 = DIRECTION('',(1.,0.));
#15893 = ( GEOMETRIC_REPRESENTATION_CONTEXT(2) 
PARAMETRIC_REPRESENTATION_CONTEXT() REPRESENTATION_CONTEXT('2D SPACE',''
  ) );
#15894 = ORIENTED_EDGE('',*,*,#15758,.F.);
#15895 = ADVANCED_FACE('',(#15896),#15636,.F.);
#15896 = FACE_BOUND('',#15897,.F.);
#15897 = EDGE_LOOP('',(#15898,#15899,#15900,#15901));
#15898 = ORIENTED_EDGE('',*,*,#15620,.F.);
#15899 = ORIENTED_EDGE('',*,*,#15805,.T.);
#15900 = ORIENTED_EDGE('',*,*,#15735,.T.);
#15901 = ORIENTED_EDGE('',*,*,#15852,.F.);
#15902 = ADVANCED_FACE('',(#15903),#15690,.T.);
#15903 = FACE_BOUND('',#15904,.T.);
#15904 = EDGE_LOOP('',(#15905,#15906,#15907,#15908));
#15905 = ORIENTED_EDGE('',*,*,#15676,.F.);
#15906 = ORIENTED_EDGE('',*,*,#15827,.T.);
#15907 = ORIENTED_EDGE('',*,*,#15781,.T.);
#15908 = ORIENTED_EDGE('',*,*,#15874,.F.);
#15909 = ( GEOMETRIC_REPRESENTATION_CONTEXT(3) 
GLOBAL_UNCERTAINTY_ASSIGNED_CONTEXT((#15913)) 
GLOBAL_UNIT_ASSIGNED_CONTEXT((#15910,#15911,#15912)) 
REPRESENTATION_CONTEXT('Context #1',
  '3D Context with UNIT and UNCERTAINTY') );
#15910 = ( LENGTH_UNIT() NAMED_UNIT(*) SI_UNIT(.MILLI.,.METRE.) );
#15911 = ( NAMED_UNIT(*) PLANE_ANGLE_UNIT() SI_UNIT($,.RADIAN.) );
#15912 = ( NAMED_UNIT(*) SI_UNIT($,.STERADIAN.) SOLID_ANGLE_UNIT() );
#15913 = UNCERTAINTY_MEASURE_WITH_UNIT(LENGTH_MEASURE(1.E-07),#15910,
  'distance_accuracy_value','confusion accuracy');
#15914 = CONTEXT_DEPENDENT_SHAPE_REPRESENTATION(#15915,#15917);
#15915 = ( REPRESENTATION_RELATIONSHIP('','',#15578,#10) 
REPRESENTATION_RELATIONSHIP_WITH_TRANSFORMATION(#15916) 
SHAPE_REPRESENTATION_RELATIONSHIP() );
#15916 = ITEM_DEFINED_TRANSFORMATION('','',#11,#39);
#15917 = PRODUCT_DEFINITION_SHAPE('Placement','Placement of an item',
  #15918);
#15918 = NEXT_ASSEMBLY_USAGE_OCCURRENCE('7','IMU_dummy','',#5,#15573,$);
#15919 = PRODUCT_RELATED_PRODUCT_CATEGORY('part',$,(#15575));
#15920 = MECHANICAL_DESIGN_GEOMETRIC_PRESENTATION_REPRESENTATION('',(
    #15921),#15909);
#15921 = STYLED_ITEM('color',(#15922),#15579);
#15922 = PRESENTATION_STYLE_ASSIGNMENT((#15923));
#15923 = SURFACE_STYLE_USAGE(.BOTH.,#15924);
#15924 = SURFACE_SIDE_STYLE('',(#15925,#15929));
#15925 = SURFACE_STYLE_FILL_AREA(#15926);
#15926 = FILL_AREA_STYLE('',(#15927));
#15927 = FILL_AREA_STYLE_COLOUR('',#15928);
#15928 = COLOUR_RGB('',0.800000010877,0.199999998682,0.199999998682);
#15929 = SURFACE_STYLE_RENDERING_WITH_PROPERTIES(.NORMAL_SHADING.,#15928
  ,(#15930));
#15930 = SURFACE_STYLE_TRANSPARENT(0.399999976158);
#15931 = MECHANICAL_DESIGN_GEOMETRIC_PRESENTATION_REPRESENTATION('',(
    #15932),#15560);
#15932 = STYLED_ITEM('color',(#15933),#14908);
#15933 = PRESENTATION_STYLE_ASSIGNMENT((#15934));
#15934 = SURFACE_STYLE_USAGE(.BOTH.,#15935);
#15935 = SURFACE_SIDE_STYLE('',(#15936,#15940));
#15936 = SURFACE_STYLE_FILL_AREA(#15937);
#15937 = FILL_AREA_STYLE('',(#15938));
#15938 = FILL_AREA_STYLE_COLOUR('',#15939);
#15939 = COLOUR_RGB('',0.899999998185,0.500000003429,0.199999998682);
#15940 = SURFACE_STYLE_RENDERING_WITH_PROPERTIES(.NORMAL_SHADING.,#15939
  ,(#15941));
#15941 = SURFACE_STYLE_TRANSPARENT(0.5);
#15942 = MECHANICAL_DESIGN_GEOMETRIC_PRESENTATION_REPRESENTATION('',(
    #15943),#14889);
#15943 = STYLED_ITEM('color',(#15944),#14559);
#15944 = PRESENTATION_STYLE_ASSIGNMENT((#15945));
#15945 = SURFACE_STYLE_USAGE(.BOTH.,#15946);
#15946 = SURFACE_SIDE_STYLE('',(#15947,#15951));
#15947 = SURFACE_STYLE_FILL_AREA(#15948);
#15948 = FILL_AREA_STYLE('',(#15949));
#15949 = FILL_AREA_STYLE_COLOUR('',#15950);
#15950 = COLOUR_RGB('',0.199999998682,0.500000003429,0.899999998185);
#15951 = SURFACE_STYLE_RENDERING_WITH_PROPERTIES(.NORMAL_SHADING.,#15950
  ,(#15952));
#15952 = SURFACE_STYLE_TRANSPARENT(0.5);
#15953 = MECHANICAL_DESIGN_GEOMETRIC_PRESENTATION_REPRESENTATION('',(
    #15954),#7760);
#15954 = STYLED_ITEM('color',(#15955),#6452);
#15955 = PRESENTATION_STYLE_ASSIGNMENT((#15956));
#15956 = SURFACE_STYLE_USAGE(.BOTH.,#15957);
#15957 = SURFACE_SIDE_STYLE('',(#15958,#15962));
#15958 = SURFACE_STYLE_FILL_AREA(#15959);
#15959 = FILL_AREA_STYLE('',(#15960));
#15960 = FILL_AREA_STYLE_COLOUR('',#15961);
#15961 = COLOUR_RGB('',0.599999994755,0.800000010877,0.599999994755);
#15962 = SURFACE_STYLE_RENDERING_WITH_PROPERTIES(.NORMAL_SHADING.,#15961
  ,(#15963));
#15963 = SURFACE_STYLE_TRANSPARENT(0.199999988079);
ENDSEC;
END-ISO-10303-21;
