ISO-10303-21;
HEADER;
FILE_DESCRIPTION(('Open CASCADE Model'),'2;1');
FILE_NAME('Open CASCADE Shape Model','2026-09-16T15:09:28',('Author'),(
    'Open CASCADE'),'Open CASCADE STEP processor 7.7','Open CASCADE 7.7'
  ,'Unknown');
FILE_SCHEMA(('AUTOMOTIVE_DESIGN { 1 0 10303 214 1 1 1 1 }'));
ENDSEC;
DATA;
#1 = APPLICATION_PROTOCOL_DEFINITION('international standard',
  'automotive_design',2000,#2);
#2 = APPLICATION_CONTEXT(
  'core data for automotive mechanical design processes');
#3 = SHAPE_DEFINITION_REPRESENTATION(#4,#10);
#4 = PRODUCT_DEFINITION_SHAPE('','',#5);
#5 = PRODUCT_DEFINITION('design','',#6,#9);
#6 = PRODUCT_DEFINITION_FORMATION('','',#7);
#7 = PRODUCT('2c8ba964-b195-11f1-8526-d2281d65df9b',
  '2c8ba964-b195-11f1-8526-d2281d65df9b','',(#8));
#8 = PRODUCT_CONTEXT('',#2,'mechanical');
#9 = PRODUCT_DEFINITION_CONTEXT('part definition',#2,'design');
#10 = SHAPE_REPRESENTATION('',(#11,#15),#19);
#11 = AXIS2_PLACEMENT_3D('',#12,#13,#14);
#12 = CARTESIAN_POINT('',(0.,0.,0.));
#13 = DIRECTION('',(0.,0.,1.));
#14 = DIRECTION('',(1.,0.,-0.));
#15 = AXIS2_PLACEMENT_3D('',#16,#17,#18);
#16 = CARTESIAN_POINT('',(0.,0.,0.));
#17 = DIRECTION('',(0.,0.,1.));
#18 = DIRECTION('',(1.,0.,0.));
#19 = ( GEOMETRIC_REPRESENTATION_CONTEXT(3) 
GLOBAL_UNCERTAINTY_ASSIGNED_CONTEXT((#23)) GLOBAL_UNIT_ASSIGNED_CONTEXT(
(#20,#21,#22)) REPRESENTATION_CONTEXT('Context #1',
  '3D Context with UNIT and UNCERTAINTY') );
#20 = ( LENGTH_UNIT() NAMED_UNIT(*) SI_UNIT(.MILLI.,.METRE.) );
#21 = ( NAMED_UNIT(*) PLANE_ANGLE_UNIT() SI_UNIT($,.RADIAN.) );
#22 = ( NAMED_UNIT(*) SI_UNIT($,.STERADIAN.) SOLID_ANGLE_UNIT() );
#23 = UNCERTAINTY_MEASURE_WITH_UNIT(LENGTH_MEASURE(1.E-07),#20,
  'distance_accuracy_value','confusion accuracy');
#24 = PRODUCT_RELATED_PRODUCT_CATEGORY('part',$,(#7));
#25 = SHAPE_DEFINITION_REPRESENTATION(#26,#32);
#26 = PRODUCT_DEFINITION_SHAPE('','',#27);
#27 = PRODUCT_DEFINITION('design','',#28,#31);
#28 = PRODUCT_DEFINITION_FORMATION('','',#29);
#29 = PRODUCT('2c8ba964-b195-11f1-8526-d2281d65df9b',
  '2c8ba964-b195-11f1-8526-d2281d65df9b','',(#30));
#30 = PRODUCT_CONTEXT('',#2,'mechanical');
#31 = PRODUCT_DEFINITION_CONTEXT('part definition',#2,'design');
#32 = SHAPE_REPRESENTATION('',(#11,#33,#37,#41,#45,#49,#53,#57),#61);
#33 = AXIS2_PLACEMENT_3D('',#34,#35,#36);
#34 = CARTESIAN_POINT('',(0.,0.,0.));
#35 = DIRECTION('',(0.,0.,1.));
#36 = DIRECTION('',(1.,0.,0.));
#37 = AXIS2_PLACEMENT_3D('',#38,#39,#40);
#38 = CARTESIAN_POINT('',(-59.9,0.,17.));
#39 = DIRECTION('',(0.,0.,1.));
#40 = DIRECTION('',(1.,0.,-0.));
#41 = AXIS2_PLACEMENT_3D('',#42,#43,#44);
#42 = CARTESIAN_POINT('',(0.,0.,24.));
#43 = DIRECTION('',(0.,0.,1.));
#44 = DIRECTION('',(1.,0.,-0.));
#45 = AXIS2_PLACEMENT_3D('',#46,#47,#48);
#46 = CARTESIAN_POINT('',(0.,0.,150.));
#47 = DIRECTION('',(0.,0.,1.));
#48 = DIRECTION('',(1.,0.,-0.));
#49 = AXIS2_PLACEMENT_3D('',#50,#51,#52);
#50 = CARTESIAN_POINT('',(0.,0.,0.));
#51 = DIRECTION('',(0.,0.,1.));
#52 = DIRECTION('',(1.,0.,0.));
#53 = AXIS2_PLACEMENT_3D('',#54,#55,#56);
#54 = CARTESIAN_POINT('',(0.,0.,0.));
#55 = DIRECTION('',(0.,0.,1.));
#56 = DIRECTION('',(1.,0.,0.));
#57 = AXIS2_PLACEMENT_3D('',#58,#59,#60);
#58 = CARTESIAN_POINT('',(0.,0.,0.));
#59 = DIRECTION('',(0.,0.,1.));
#60 = DIRECTION('',(1.,0.,0.));
#61 = ( GEOMETRIC_REPRESENTATION_CONTEXT(3) 
GLOBAL_UNCERTAINTY_ASSIGNED_CONTEXT((#65)) GLOBAL_UNIT_ASSIGNED_CONTEXT(
(#62,#63,#64)) REPRESENTATION_CONTEXT('Context #1',
  '3D Context with UNIT and UNCERTAINTY') );
#62 = ( LENGTH_UNIT() NAMED_UNIT(*) SI_UNIT(.MILLI.,.METRE.) );
#63 = ( NAMED_UNIT(*) PLANE_ANGLE_UNIT() SI_UNIT($,.RADIAN.) );
#64 = ( NAMED_UNIT(*) SI_UNIT($,.STERADIAN.) SOLID_ANGLE_UNIT() );
#65 = UNCERTAINTY_MEASURE_WITH_UNIT(LENGTH_MEASURE(1.E-07),#62,
  'distance_accuracy_value','confusion accuracy');
#66 = CONTEXT_DEPENDENT_SHAPE_REPRESENTATION(#67,#69);
#67 = ( REPRESENTATION_RELATIONSHIP('','',#32,#10) 
REPRESENTATION_RELATIONSHIP_WITH_TRANSFORMATION(#68) 
SHAPE_REPRESENTATION_RELATIONSHIP() );
#68 = ITEM_DEFINED_TRANSFORMATION('','',#11,#15);
#69 = PRODUCT_DEFINITION_SHAPE('Placement','Placement of an item',#70);
#70 = NEXT_ASSEMBLY_USAGE_OCCURRENCE('15',
  '2c8ba964-b195-11f1-8526-d2281d65df9b','',#5,#27,$);
#71 = PRODUCT_RELATED_PRODUCT_CATEGORY('part',$,(#29));
#72 = SHAPE_DEFINITION_REPRESENTATION(#73,#79);
#73 = PRODUCT_DEFINITION_SHAPE('','',#74);
#74 = PRODUCT_DEFINITION('design','',#75,#78);
#75 = PRODUCT_DEFINITION_FORMATION('','',#76);
#76 = PRODUCT('base','base','',(#77));
#77 = PRODUCT_CONTEXT('',#2,'mechanical');
#78 = PRODUCT_DEFINITION_CONTEXT('part definition',#2,'design');
#79 = SHAPE_REPRESENTATION('',(#11,#80),#84);
#80 = AXIS2_PLACEMENT_3D('',#81,#82,#83);
#81 = CARTESIAN_POINT('',(0.,0.,0.));
#82 = DIRECTION('',(0.,0.,1.));
#83 = DIRECTION('',(1.,0.,-0.));
#84 = ( GEOMETRIC_REPRESENTATION_CONTEXT(3) 
GLOBAL_UNCERTAINTY_ASSIGNED_CONTEXT((#88)) GLOBAL_UNIT_ASSIGNED_CONTEXT(
(#85,#86,#87)) REPRESENTATION_CONTEXT('Context #1',
  '3D Context with UNIT and UNCERTAINTY') );
#85 = ( LENGTH_UNIT() NAMED_UNIT(*) SI_UNIT(.MILLI.,.METRE.) );
#86 = ( NAMED_UNIT(*) PLANE_ANGLE_UNIT() SI_UNIT($,.RADIAN.) );
#87 = ( NAMED_UNIT(*) SI_UNIT($,.STERADIAN.) SOLID_ANGLE_UNIT() );
#88 = UNCERTAINTY_MEASURE_WITH_UNIT(LENGTH_MEASURE(1.E-07),#85,
  'distance_accuracy_value','confusion accuracy');
#89 = CONTEXT_DEPENDENT_SHAPE_REPRESENTATION(#90,#92);
#90 = ( REPRESENTATION_RELATIONSHIP('','',#79,#32) 
REPRESENTATION_RELATIONSHIP_WITH_TRANSFORMATION(#91) 
SHAPE_REPRESENTATION_RELATIONSHIP() );
#91 = ITEM_DEFINED_TRANSFORMATION('','',#11,#33);
#92 = PRODUCT_DEFINITION_SHAPE('Placement','Placement of an item',#93);
#93 = NEXT_ASSEMBLY_USAGE_OCCURRENCE('2','','',#27,#74,$);
#94 = PRODUCT_RELATED_PRODUCT_CATEGORY('part',$,(#76));
#95 = SHAPE_DEFINITION_REPRESENTATION(#96,#102);
#96 = PRODUCT_DEFINITION_SHAPE('','',#97);
#97 = PRODUCT_DEFINITION('design','',#98,#101);
#98 = PRODUCT_DEFINITION_FORMATION('','',#99);
#99 = PRODUCT('base_part','base_part','',(#100));
#100 = PRODUCT_CONTEXT('',#2,'mechanical');
#101 = PRODUCT_DEFINITION_CONTEXT('part definition',#2,'design');
#102 = ADVANCED_BREP_SHAPE_REPRESENTATION('',(#11,#103),#6302);
#103 = MANIFOLD_SOLID_BREP('',#104);
#104 = CLOSED_SHELL('',(#105,#225,#732,#786,#836,#1618,#1645,#1672,#1699
    ,#1726,#1733,#1760,#1819,#1873,#1900,#1954,#2008,#2035,#2652,#2679,
    #2755,#2804,#2853,#2880,#2926,#3044,#3071,#3120,#3126,#3237,#3263,
    #3352,#3379,#3405,#3411,#3438,#3444,#3755,#3813,#3866,#3919,#3967,
    #4017,#4250,#4363,#4410,#4437,#4467,#4474,#4550,#4599,#4648,#4697,
    #4746,#4795,#4822,#4934,#4984,#5069,#5097,#5152,#5207,#5262,#5317,
    #5392,#5440,#5488,#5514,#5524,#5645,#5695,#5749,#5753,#5757,#5761,
    #5765,#5886,#5962,#6014,#6063,#6093,#6164,#6213,#6262,#6289));
#105 = ADVANCED_FACE('',(#106),#120,.F.);
#106 = FACE_BOUND('',#107,.F.);
#107 = EDGE_LOOP('',(#108,#143,#171,#199));
#108 = ORIENTED_EDGE('',*,*,#109,.F.);
#109 = EDGE_CURVE('',#110,#112,#114,.T.);
#110 = VERTEX_POINT('',#111);
#111 = CARTESIAN_POINT('',(-91.9,-60.,0.));
#112 = VERTEX_POINT('',#113);
#113 = CARTESIAN_POINT('',(91.9,-60.,0.));
#114 = SURFACE_CURVE('',#115,(#119,#131),.PCURVE_S1.);
#115 = LINE('',#116,#117);
#116 = CARTESIAN_POINT('',(-99.9,-60.,0.));
#117 = VECTOR('',#118,1.);
#118 = DIRECTION('',(1.,0.,0.));
#119 = PCURVE('',#120,#125);
#120 = PLANE('',#121);
#121 = AXIS2_PLACEMENT_3D('',#122,#123,#124);
#122 = CARTESIAN_POINT('',(-99.9,-60.,0.));
#123 = DIRECTION('',(0.,1.,0.));
#124 = DIRECTION('',(1.,0.,0.));
#125 = DEFINITIONAL_REPRESENTATION('',(#126),#130);
#126 = LINE('',#127,#128);
#127 = CARTESIAN_POINT('',(0.,0.));
#128 = VECTOR('',#129,1.);
#129 = DIRECTION('',(1.,0.));
#130 = ( GEOMETRIC_REPRESENTATION_CONTEXT(2) 
PARAMETRIC_REPRESENTATION_CONTEXT() REPRESENTATION_CONTEXT('2D SPACE',''
  ) );
#131 = PCURVE('',#132,#137);
#132 = PLANE('',#133);
#133 = AXIS2_PLACEMENT_3D('',#134,#135,#136);
#134 = CARTESIAN_POINT('',(0.,0.,0.));
#135 = DIRECTION('',(0.,0.,1.));
#136 = DIRECTION('',(1.,0.,-0.));
#137 = DEFINITIONAL_REPRESENTATION('',(#138),#142);
#138 = LINE('',#139,#140);
#139 = CARTESIAN_POINT('',(-99.9,-60.));
#140 = VECTOR('',#141,1.);
#141 = DIRECTION('',(1.,0.));
#142 = ( GEOMETRIC_REPRESENTATION_CONTEXT(2) 
PARAMETRIC_REPRESENTATION_CONTEXT() REPRESENTATION_CONTEXT('2D SPACE',''
  ) );
#143 = ORIENTED_EDGE('',*,*,#144,.T.);
#144 = EDGE_CURVE('',#110,#145,#147,.T.);
#145 = VERTEX_POINT('',#146);
#146 = CARTESIAN_POINT('',(-91.9,-60.,20.));
#147 = SURFACE_CURVE('',#148,(#152,#159),.PCURVE_S1.);
#148 = LINE('',#149,#150);
#149 = CARTESIAN_POINT('',(-91.9,-60.,0.));
#150 = VECTOR('',#151,1.);
#151 = DIRECTION('',(0.,0.,1.));
#152 = PCURVE('',#120,#153);
#153 = DEFINITIONAL_REPRESENTATION('',(#154),#158);
#154 = LINE('',#155,#156);
#155 = CARTESIAN_POINT('',(8.,0.));
#156 = VECTOR('',#157,1.);
#157 = DIRECTION('',(0.,-1.));
#158 = ( GEOMETRIC_REPRESENTATION_CONTEXT(2) 
PARAMETRIC_REPRESENTATION_CONTEXT() REPRESENTATION_CONTEXT('2D SPACE',''
  ) );
#159 = PCURVE('',#160,#165);
#160 = CYLINDRICAL_SURFACE('',#161,8.);
#161 = AXIS2_PLACEMENT_3D('',#162,#163,#164);
#162 = CARTESIAN_POINT('',(-91.9,-52.,0.));
#163 = DIRECTION('',(0.,0.,1.));
#164 = DIRECTION('',(0.,-1.,0.));
#165 = DEFINITIONAL_REPRESENTATION('',(#166),#170);
#166 = LINE('',#167,#168);
#167 = CARTESIAN_POINT('',(-0.,0.));
#168 = VECTOR('',#169,1.);
#169 = DIRECTION('',(-0.,1.));
#170 = ( GEOMETRIC_REPRESENTATION_CONTEXT(2) 
PARAMETRIC_REPRESENTATION_CONTEXT() REPRESENTATION_CONTEXT('2D SPACE',''
  ) );
#171 = ORIENTED_EDGE('',*,*,#172,.T.);
#172 = EDGE_CURVE('',#145,#173,#175,.T.);
#173 = VERTEX_POINT('',#174);
#174 = CARTESIAN_POINT('',(91.9,-60.,20.));
#175 = SURFACE_CURVE('',#176,(#180,#187),.PCURVE_S1.);
#176 = LINE('',#177,#178);
#177 = CARTESIAN_POINT('',(-99.9,-60.,20.));
#178 = VECTOR('',#179,1.);
#179 = DIRECTION('',(1.,0.,0.));
#180 = PCURVE('',#120,#181);
#181 = DEFINITIONAL_REPRESENTATION('',(#182),#186);
#182 = LINE('',#183,#184);
#183 = CARTESIAN_POINT('',(0.,-20.));
#184 = VECTOR('',#185,1.);
#185 = DIRECTION('',(1.,0.));
#186 = ( GEOMETRIC_REPRESENTATION_CONTEXT(2) 
PARAMETRIC_REPRESENTATION_CONTEXT() REPRESENTATION_CONTEXT('2D SPACE',''
  ) );
#187 = PCURVE('',#188,#193);
#188 = PLANE('',#189);
#189 = AXIS2_PLACEMENT_3D('',#190,#191,#192);
#190 = CARTESIAN_POINT('',(0.,0.,20.));
#191 = DIRECTION('',(0.,0.,1.));
#192 = DIRECTION('',(1.,0.,-0.));
#193 = DEFINITIONAL_REPRESENTATION('',(#194),#198);
#194 = LINE('',#195,#196);
#195 = CARTESIAN_POINT('',(-99.9,-60.));
#196 = VECTOR('',#197,1.);
#197 = DIRECTION('',(1.,0.));
#198 = ( GEOMETRIC_REPRESENTATION_CONTEXT(2) 
PARAMETRIC_REPRESENTATION_CONTEXT() REPRESENTATION_CONTEXT('2D SPACE',''
  ) );
#199 = ORIENTED_EDGE('',*,*,#200,.F.);
#200 = EDGE_CURVE('',#112,#173,#201,.T.);
#201 = SURFACE_CURVE('',#202,(#206,#213),.PCURVE_S1.);
#202 = LINE('',#203,#204);
#203 = CARTESIAN_POINT('',(91.9,-60.,0.));
#204 = VECTOR('',#205,1.);
#205 = DIRECTION('',(0.,0.,1.));
#206 = PCURVE('',#120,#207);
#207 = DEFINITIONAL_REPRESENTATION('',(#208),#212);
#208 = LINE('',#209,#210);
#209 = CARTESIAN_POINT('',(191.8,0.));
#210 = VECTOR('',#211,1.);
#211 = DIRECTION('',(0.,-1.));
#212 = ( GEOMETRIC_REPRESENTATION_CONTEXT(2) 
PARAMETRIC_REPRESENTATION_CONTEXT() REPRESENTATION_CONTEXT('2D SPACE',''
  ) );
#213 = PCURVE('',#214,#219);
#214 = CYLINDRICAL_SURFACE('',#215,8.);
#215 = AXIS2_PLACEMENT_3D('',#216,#217,#218);
#216 = CARTESIAN_POINT('',(91.9,-52.,0.));
#217 = DIRECTION('',(0.,0.,1.));
#218 = DIRECTION('',(0.,-1.,0.));
#219 = DEFINITIONAL_REPRESENTATION('',(#220),#224);
#220 = LINE('',#221,#222);
#221 = CARTESIAN_POINT('',(0.,0.));
#222 = VECTOR('',#223,1.);
#223 = DIRECTION('',(0.,1.));
#224 = ( GEOMETRIC_REPRESENTATION_CONTEXT(2) 
PARAMETRIC_REPRESENTATION_CONTEXT() REPRESENTATION_CONTEXT('2D SPACE',''
  ) );
#225 = ADVANCED_FACE('',(#226,#421,#456,#491,#526,#561,#596,#631,#666,
    #697),#132,.F.);
#226 = FACE_BOUND('',#227,.F.);
#227 = EDGE_LOOP('',(#228,#229,#253,#281,#310,#338,#367,#395));
#228 = ORIENTED_EDGE('',*,*,#109,.T.);
#229 = ORIENTED_EDGE('',*,*,#230,.T.);
#230 = EDGE_CURVE('',#112,#231,#233,.T.);
#231 = VERTEX_POINT('',#232);
#232 = CARTESIAN_POINT('',(99.9,-52.,0.));
#233 = SURFACE_CURVE('',#234,(#239,#246),.PCURVE_S1.);
#234 = CIRCLE('',#235,8.);
#235 = AXIS2_PLACEMENT_3D('',#236,#237,#238);
#236 = CARTESIAN_POINT('',(91.9,-52.,0.));
#237 = DIRECTION('',(0.,0.,1.));
#238 = DIRECTION('',(0.,-1.,0.));
#239 = PCURVE('',#132,#240);
#240 = DEFINITIONAL_REPRESENTATION('',(#241),#245);
#241 = CIRCLE('',#242,8.);
#242 = AXIS2_PLACEMENT_2D('',#243,#244);
#243 = CARTESIAN_POINT('',(91.9,-52.));
#244 = DIRECTION('',(0.,-1.));
#245 = ( GEOMETRIC_REPRESENTATION_CONTEXT(2) 
PARAMETRIC_REPRESENTATION_CONTEXT() REPRESENTATION_CONTEXT('2D SPACE',''
  ) );
#246 = PCURVE('',#214,#247);
#247 = DEFINITIONAL_REPRESENTATION('',(#248),#252);
#248 = LINE('',#249,#250);
#249 = CARTESIAN_POINT('',(0.,0.));
#250 = VECTOR('',#251,1.);
#251 = DIRECTION('',(1.,0.));
#252 = ( GEOMETRIC_REPRESENTATION_CONTEXT(2) 
PARAMETRIC_REPRESENTATION_CONTEXT() REPRESENTATION_CONTEXT('2D SPACE',''
  ) );
#253 = ORIENTED_EDGE('',*,*,#254,.T.);
#254 = EDGE_CURVE('',#231,#255,#257,.T.);
#255 = VERTEX_POINT('',#256);
#256 = CARTESIAN_POINT('',(99.9,52.,0.));
#257 = SURFACE_CURVE('',#258,(#262,#269),.PCURVE_S1.);
#258 = LINE('',#259,#260);
#259 = CARTESIAN_POINT('',(99.9,-60.,0.));
#260 = VECTOR('',#261,1.);
#261 = DIRECTION('',(0.,1.,0.));
#262 = PCURVE('',#132,#263);
#263 = DEFINITIONAL_REPRESENTATION('',(#264),#268);
#264 = LINE('',#265,#266);
#265 = CARTESIAN_POINT('',(99.9,-60.));
#266 = VECTOR('',#267,1.);
#267 = DIRECTION('',(0.,1.));
#268 = ( GEOMETRIC_REPRESENTATION_CONTEXT(2) 
PARAMETRIC_REPRESENTATION_CONTEXT() REPRESENTATION_CONTEXT('2D SPACE',''
  ) );
#269 = PCURVE('',#270,#275);
#270 = PLANE('',#271);
#271 = AXIS2_PLACEMENT_3D('',#272,#273,#274);
#272 = CARTESIAN_POINT('',(99.9,-60.,0.));
#273 = DIRECTION('',(-1.,0.,0.));
#274 = DIRECTION('',(0.,1.,0.));
#275 = DEFINITIONAL_REPRESENTATION('',(#276),#280);
#276 = LINE('',#277,#278);
#277 = CARTESIAN_POINT('',(0.,0.));
#278 = VECTOR('',#279,1.);
#279 = DIRECTION('',(1.,0.));
#280 = ( GEOMETRIC_REPRESENTATION_CONTEXT(2) 
PARAMETRIC_REPRESENTATION_CONTEXT() REPRESENTATION_CONTEXT('2D SPACE',''
  ) );
#281 = ORIENTED_EDGE('',*,*,#282,.T.);
#282 = EDGE_CURVE('',#255,#283,#285,.T.);
#283 = VERTEX_POINT('',#284);
#284 = CARTESIAN_POINT('',(91.9,60.,0.));
#285 = SURFACE_CURVE('',#286,(#291,#298),.PCURVE_S1.);
#286 = CIRCLE('',#287,8.);
#287 = AXIS2_PLACEMENT_3D('',#288,#289,#290);
#288 = CARTESIAN_POINT('',(91.9,52.,0.));
#289 = DIRECTION('',(0.,0.,1.));
#290 = DIRECTION('',(0.,-1.,0.));
#291 = PCURVE('',#132,#292);
#292 = DEFINITIONAL_REPRESENTATION('',(#293),#297);
#293 = CIRCLE('',#294,8.);
#294 = AXIS2_PLACEMENT_2D('',#295,#296);
#295 = CARTESIAN_POINT('',(91.9,52.));
#296 = DIRECTION('',(0.,-1.));
#297 = ( GEOMETRIC_REPRESENTATION_CONTEXT(2) 
PARAMETRIC_REPRESENTATION_CONTEXT() REPRESENTATION_CONTEXT('2D SPACE',''
  ) );
#298 = PCURVE('',#299,#304);
#299 = CYLINDRICAL_SURFACE('',#300,8.);
#300 = AXIS2_PLACEMENT_3D('',#301,#302,#303);
#301 = CARTESIAN_POINT('',(91.9,52.,0.));
#302 = DIRECTION('',(0.,0.,1.));
#303 = DIRECTION('',(1.,0.,-0.));
#304 = DEFINITIONAL_REPRESENTATION('',(#305),#309);
#305 = LINE('',#306,#307);
#306 = CARTESIAN_POINT('',(-1.570796326795,0.));
#307 = VECTOR('',#308,1.);
#308 = DIRECTION('',(1.,0.));
#309 = ( GEOMETRIC_REPRESENTATION_CONTEXT(2) 
PARAMETRIC_REPRESENTATION_CONTEXT() REPRESENTATION_CONTEXT('2D SPACE',''
  ) );
#310 = ORIENTED_EDGE('',*,*,#311,.T.);
#311 = EDGE_CURVE('',#283,#312,#314,.T.);
#312 = VERTEX_POINT('',#313);
#313 = CARTESIAN_POINT('',(-91.9,60.,0.));
#314 = SURFACE_CURVE('',#315,(#319,#326),.PCURVE_S1.);
#315 = LINE('',#316,#317);
#316 = CARTESIAN_POINT('',(99.9,60.,0.));
#317 = VECTOR('',#318,1.);
#318 = DIRECTION('',(-1.,0.,0.));
#319 = PCURVE('',#132,#320);
#320 = DEFINITIONAL_REPRESENTATION('',(#321),#325);
#321 = LINE('',#322,#323);
#322 = CARTESIAN_POINT('',(99.9,60.));
#323 = VECTOR('',#324,1.);
#324 = DIRECTION('',(-1.,0.));
#325 = ( GEOMETRIC_REPRESENTATION_CONTEXT(2) 
PARAMETRIC_REPRESENTATION_CONTEXT() REPRESENTATION_CONTEXT('2D SPACE',''
  ) );
#326 = PCURVE('',#327,#332);
#327 = PLANE('',#328);
#328 = AXIS2_PLACEMENT_3D('',#329,#330,#331);
#329 = CARTESIAN_POINT('',(99.9,60.,0.));
#330 = DIRECTION('',(0.,-1.,0.));
#331 = DIRECTION('',(-1.,0.,0.));
#332 = DEFINITIONAL_REPRESENTATION('',(#333),#337);
#333 = LINE('',#334,#335);
#334 = CARTESIAN_POINT('',(0.,-0.));
#335 = VECTOR('',#336,1.);
#336 = DIRECTION('',(1.,0.));
#337 = ( GEOMETRIC_REPRESENTATION_CONTEXT(2) 
PARAMETRIC_REPRESENTATION_CONTEXT() REPRESENTATION_CONTEXT('2D SPACE',''
  ) );
#338 = ORIENTED_EDGE('',*,*,#339,.T.);
#339 = EDGE_CURVE('',#312,#340,#342,.T.);
#340 = VERTEX_POINT('',#341);
#341 = CARTESIAN_POINT('',(-99.9,52.,0.));
#342 = SURFACE_CURVE('',#343,(#348,#355),.PCURVE_S1.);
#343 = CIRCLE('',#344,8.);
#344 = AXIS2_PLACEMENT_3D('',#345,#346,#347);
#345 = CARTESIAN_POINT('',(-91.9,52.,0.));
#346 = DIRECTION('',(0.,0.,1.));
#347 = DIRECTION('',(0.,-1.,0.));
#348 = PCURVE('',#132,#349);
#349 = DEFINITIONAL_REPRESENTATION('',(#350),#354);
#350 = CIRCLE('',#351,8.);
#351 = AXIS2_PLACEMENT_2D('',#352,#353);
#352 = CARTESIAN_POINT('',(-91.9,52.));
#353 = DIRECTION('',(0.,-1.));
#354 = ( GEOMETRIC_REPRESENTATION_CONTEXT(2) 
PARAMETRIC_REPRESENTATION_CONTEXT() REPRESENTATION_CONTEXT('2D SPACE',''
  ) );
#355 = PCURVE('',#356,#361);
#356 = CYLINDRICAL_SURFACE('',#357,8.);
#357 = AXIS2_PLACEMENT_3D('',#358,#359,#360);
#358 = CARTESIAN_POINT('',(-91.9,52.,0.));
#359 = DIRECTION('',(0.,0.,1.));
#360 = DIRECTION('',(-0.,1.,0.));
#361 = DEFINITIONAL_REPRESENTATION('',(#362),#366);
#362 = LINE('',#363,#364);
#363 = CARTESIAN_POINT('',(-3.14159265359,0.));
#364 = VECTOR('',#365,1.);
#365 = DIRECTION('',(1.,0.));
#366 = ( GEOMETRIC_REPRESENTATION_CONTEXT(2) 
PARAMETRIC_REPRESENTATION_CONTEXT() REPRESENTATION_CONTEXT('2D SPACE',''
  ) );
#367 = ORIENTED_EDGE('',*,*,#368,.T.);
#368 = EDGE_CURVE('',#340,#369,#371,.T.);
#369 = VERTEX_POINT('',#370);
#370 = CARTESIAN_POINT('',(-99.9,-52.,0.));
#371 = SURFACE_CURVE('',#372,(#376,#383),.PCURVE_S1.);
#372 = LINE('',#373,#374);
#373 = CARTESIAN_POINT('',(-99.9,60.,0.));
#374 = VECTOR('',#375,1.);
#375 = DIRECTION('',(0.,-1.,0.));
#376 = PCURVE('',#132,#377);
#377 = DEFINITIONAL_REPRESENTATION('',(#378),#382);
#378 = LINE('',#379,#380);
#379 = CARTESIAN_POINT('',(-99.9,60.));
#380 = VECTOR('',#381,1.);
#381 = DIRECTION('',(0.,-1.));
#382 = ( GEOMETRIC_REPRESENTATION_CONTEXT(2) 
PARAMETRIC_REPRESENTATION_CONTEXT() REPRESENTATION_CONTEXT('2D SPACE',''
  ) );
#383 = PCURVE('',#384,#389);
#384 = PLANE('',#385);
#385 = AXIS2_PLACEMENT_3D('',#386,#387,#388);
#386 = CARTESIAN_POINT('',(-99.9,60.,0.));
#387 = DIRECTION('',(1.,0.,-0.));
#388 = DIRECTION('',(0.,-1.,0.));
#389 = DEFINITIONAL_REPRESENTATION('',(#390),#394);
#390 = LINE('',#391,#392);
#391 = CARTESIAN_POINT('',(0.,0.));
#392 = VECTOR('',#393,1.);
#393 = DIRECTION('',(1.,0.));
#394 = ( GEOMETRIC_REPRESENTATION_CONTEXT(2) 
PARAMETRIC_REPRESENTATION_CONTEXT() REPRESENTATION_CONTEXT('2D SPACE',''
  ) );
#395 = ORIENTED_EDGE('',*,*,#396,.F.);
#396 = EDGE_CURVE('',#110,#369,#397,.T.);
#397 = SURFACE_CURVE('',#398,(#403,#414),.PCURVE_S1.);
#398 = CIRCLE('',#399,8.);
#399 = AXIS2_PLACEMENT_3D('',#400,#401,#402);
#400 = CARTESIAN_POINT('',(-91.9,-52.,0.));
#401 = DIRECTION('',(-0.,-0.,-1.));
#402 = DIRECTION('',(0.,-1.,0.));
#403 = PCURVE('',#132,#404);
#404 = DEFINITIONAL_REPRESENTATION('',(#405),#413);
#405 = ( BOUNDED_CURVE() B_SPLINE_CURVE(2,(#406,#407,#408,#409,#410,#411
,#412),.UNSPECIFIED.,.T.,.F.) B_SPLINE_CURVE_WITH_KNOTS((1,2,2,2,2,1),(
    -2.094395102393,0.,2.094395102393,4.188790204786,6.28318530718,
8.377580409573),.UNSPECIFIED.) CURVE() GEOMETRIC_REPRESENTATION_ITEM() 
RATIONAL_B_SPLINE_CURVE((1.,0.5,1.,0.5,1.,0.5,1.)) REPRESENTATION_ITEM(
  '') );
#406 = CARTESIAN_POINT('',(-91.9,-60.));
#407 = CARTESIAN_POINT('',(-105.7564064605,-60.));
#408 = CARTESIAN_POINT('',(-98.82820323027,-48.));
#409 = CARTESIAN_POINT('',(-91.9,-36.));
#410 = CARTESIAN_POINT('',(-84.97179676972,-48.));
#411 = CARTESIAN_POINT('',(-78.04359353944,-60.));
#412 = CARTESIAN_POINT('',(-91.9,-60.));
#413 = ( GEOMETRIC_REPRESENTATION_CONTEXT(2) 
PARAMETRIC_REPRESENTATION_CONTEXT() REPRESENTATION_CONTEXT('2D SPACE',''
  ) );
#414 = PCURVE('',#160,#415);
#415 = DEFINITIONAL_REPRESENTATION('',(#416),#420);
#416 = LINE('',#417,#418);
#417 = CARTESIAN_POINT('',(-0.,0.));
#418 = VECTOR('',#419,1.);
#419 = DIRECTION('',(-1.,0.));
#420 = ( GEOMETRIC_REPRESENTATION_CONTEXT(2) 
PARAMETRIC_REPRESENTATION_CONTEXT() REPRESENTATION_CONTEXT('2D SPACE',''
  ) );
#421 = FACE_BOUND('',#422,.F.);
#422 = EDGE_LOOP('',(#423));
#423 = ORIENTED_EDGE('',*,*,#424,.T.);
#424 = EDGE_CURVE('',#425,#425,#427,.T.);
#425 = VERTEX_POINT('',#426);
#426 = CARTESIAN_POINT('',(-67.75,-45.,0.));
#427 = SURFACE_CURVE('',#428,(#433,#444),.PCURVE_S1.);
#428 = CIRCLE('',#429,2.75);
#429 = AXIS2_PLACEMENT_3D('',#430,#431,#432);
#430 = CARTESIAN_POINT('',(-65.,-45.,0.));
#431 = DIRECTION('',(0.,0.,-1.));
#432 = DIRECTION('',(-1.,0.,0.));
#433 = PCURVE('',#132,#434);
#434 = DEFINITIONAL_REPRESENTATION('',(#435),#443);
#435 = ( BOUNDED_CURVE() B_SPLINE_CURVE(2,(#436,#437,#438,#439,#440,#441
,#442),.UNSPECIFIED.,.T.,.F.) B_SPLINE_CURVE_WITH_KNOTS((1,2,2,2,2,1),(
    -2.094395102393,0.,2.094395102393,4.188790204786,6.28318530718,
8.377580409573),.UNSPECIFIED.) CURVE() GEOMETRIC_REPRESENTATION_ITEM() 
RATIONAL_B_SPLINE_CURVE((1.,0.5,1.,0.5,1.,0.5,1.)) REPRESENTATION_ITEM(
  '') );
#436 = CARTESIAN_POINT('',(-67.75,-45.));
#437 = CARTESIAN_POINT('',(-67.75,-40.23686027918));
#438 = CARTESIAN_POINT('',(-63.625,-42.61843013959));
#439 = CARTESIAN_POINT('',(-59.5,-45.));
#440 = CARTESIAN_POINT('',(-63.625,-47.3815698604));
#441 = CARTESIAN_POINT('',(-67.75,-49.76313972081));
#442 = CARTESIAN_POINT('',(-67.75,-45.));
#443 = ( GEOMETRIC_REPRESENTATION_CONTEXT(2) 
PARAMETRIC_REPRESENTATION_CONTEXT() REPRESENTATION_CONTEXT('2D SPACE',''
  ) );
#444 = PCURVE('',#445,#450);
#445 = CYLINDRICAL_SURFACE('',#446,2.75);
#446 = AXIS2_PLACEMENT_3D('',#447,#448,#449);
#447 = CARTESIAN_POINT('',(-65.,-45.,20.));
#448 = DIRECTION('',(0.,0.,-1.));
#449 = DIRECTION('',(-1.,0.,0.));
#450 = DEFINITIONAL_REPRESENTATION('',(#451),#455);
#451 = LINE('',#452,#453);
#452 = CARTESIAN_POINT('',(0.,20.));
#453 = VECTOR('',#454,1.);
#454 = DIRECTION('',(1.,0.));
#455 = ( GEOMETRIC_REPRESENTATION_CONTEXT(2) 
PARAMETRIC_REPRESENTATION_CONTEXT() REPRESENTATION_CONTEXT('2D SPACE',''
  ) );
#456 = FACE_BOUND('',#457,.F.);
#457 = EDGE_LOOP('',(#458));
#458 = ORIENTED_EDGE('',*,*,#459,.T.);
#459 = EDGE_CURVE('',#460,#460,#462,.T.);
#460 = VERTEX_POINT('',#461);
#461 = CARTESIAN_POINT('',(-83.6,-14.5,0.));
#462 = SURFACE_CURVE('',#463,(#468,#479),.PCURVE_S1.);
#463 = CIRCLE('',#464,0.8);
#464 = AXIS2_PLACEMENT_3D('',#465,#466,#467);
#465 = CARTESIAN_POINT('',(-84.4,-14.5,0.));
#466 = DIRECTION('',(0.,0.,-1.));
#467 = DIRECTION('',(1.,0.,0.));
#468 = PCURVE('',#132,#469);
#469 = DEFINITIONAL_REPRESENTATION('',(#470),#478);
#470 = ( BOUNDED_CURVE() B_SPLINE_CURVE(2,(#471,#472,#473,#474,#475,#476
,#477),.UNSPECIFIED.,.T.,.F.) B_SPLINE_CURVE_WITH_KNOTS((1,2,2,2,2,1),(
    -2.094395102393,0.,2.094395102393,4.188790204786,6.28318530718,
8.377580409573),.UNSPECIFIED.) CURVE() GEOMETRIC_REPRESENTATION_ITEM() 
RATIONAL_B_SPLINE_CURVE((1.,0.5,1.,0.5,1.,0.5,1.)) REPRESENTATION_ITEM(
  '') );
#471 = CARTESIAN_POINT('',(-83.6,-14.5));
#472 = CARTESIAN_POINT('',(-83.6,-15.88564064605));
#473 = CARTESIAN_POINT('',(-84.8,-15.19282032302));
#474 = CARTESIAN_POINT('',(-86.,-14.5));
#475 = CARTESIAN_POINT('',(-84.8,-13.80717967697));
#476 = CARTESIAN_POINT('',(-83.6,-13.11435935394));
#477 = CARTESIAN_POINT('',(-83.6,-14.5));
#478 = ( GEOMETRIC_REPRESENTATION_CONTEXT(2) 
PARAMETRIC_REPRESENTATION_CONTEXT() REPRESENTATION_CONTEXT('2D SPACE',''
  ) );
#479 = PCURVE('',#480,#485);
#480 = CYLINDRICAL_SURFACE('',#481,0.8);
#481 = AXIS2_PLACEMENT_3D('',#482,#483,#484);
#482 = CARTESIAN_POINT('',(-84.4,-14.5,-2.));
#483 = DIRECTION('',(-0.,-0.,-1.));
#484 = DIRECTION('',(1.,0.,0.));
#485 = DEFINITIONAL_REPRESENTATION('',(#486),#490);
#486 = LINE('',#487,#488);
#487 = CARTESIAN_POINT('',(-6.28318530718,-2.));
#488 = VECTOR('',#489,1.);
#489 = DIRECTION('',(1.,-0.));
#490 = ( GEOMETRIC_REPRESENTATION_CONTEXT(2) 
PARAMETRIC_REPRESENTATION_CONTEXT() REPRESENTATION_CONTEXT('2D SPACE',''
  ) );
#491 = FACE_BOUND('',#492,.F.);
#492 = EDGE_LOOP('',(#493));
#493 = ORIENTED_EDGE('',*,*,#494,.T.);
#494 = EDGE_CURVE('',#495,#495,#497,.T.);
#495 = VERTEX_POINT('',#496);
#496 = CARTESIAN_POINT('',(-54.6,-14.5,0.));
#497 = SURFACE_CURVE('',#498,(#503,#514),.PCURVE_S1.);
#498 = CIRCLE('',#499,0.8);
#499 = AXIS2_PLACEMENT_3D('',#500,#501,#502);
#500 = CARTESIAN_POINT('',(-55.4,-14.5,0.));
#501 = DIRECTION('',(0.,0.,-1.));
#502 = DIRECTION('',(1.,0.,0.));
#503 = PCURVE('',#132,#504);
#504 = DEFINITIONAL_REPRESENTATION('',(#505),#513);
#505 = ( BOUNDED_CURVE() B_SPLINE_CURVE(2,(#506,#507,#508,#509,#510,#511
,#512),.UNSPECIFIED.,.T.,.F.) B_SPLINE_CURVE_WITH_KNOTS((1,2,2,2,2,1),(
    -2.094395102393,0.,2.094395102393,4.188790204786,6.28318530718,
8.377580409573),.UNSPECIFIED.) CURVE() GEOMETRIC_REPRESENTATION_ITEM() 
RATIONAL_B_SPLINE_CURVE((1.,0.5,1.,0.5,1.,0.5,1.)) REPRESENTATION_ITEM(
  '') );
#506 = CARTESIAN_POINT('',(-54.6,-14.5));
#507 = CARTESIAN_POINT('',(-54.6,-15.88564064605));
#508 = CARTESIAN_POINT('',(-55.8,-15.19282032302));
#509 = CARTESIAN_POINT('',(-57.,-14.5));
#510 = CARTESIAN_POINT('',(-55.8,-13.80717967697));
#511 = CARTESIAN_POINT('',(-54.6,-13.11435935394));
#512 = CARTESIAN_POINT('',(-54.6,-14.5));
#513 = ( GEOMETRIC_REPRESENTATION_CONTEXT(2) 
PARAMETRIC_REPRESENTATION_CONTEXT() REPRESENTATION_CONTEXT('2D SPACE',''
  ) );
#514 = PCURVE('',#515,#520);
#515 = CYLINDRICAL_SURFACE('',#516,0.8);
#516 = AXIS2_PLACEMENT_3D('',#517,#518,#519);
#517 = CARTESIAN_POINT('',(-55.4,-14.5,-2.));
#518 = DIRECTION('',(-0.,-0.,-1.));
#519 = DIRECTION('',(1.,0.,0.));
#520 = DEFINITIONAL_REPRESENTATION('',(#521),#525);
#521 = LINE('',#522,#523);
#522 = CARTESIAN_POINT('',(-6.28318530718,-2.));
#523 = VECTOR('',#524,1.);
#524 = DIRECTION('',(1.,-0.));
#525 = ( GEOMETRIC_REPRESENTATION_CONTEXT(2) 
PARAMETRIC_REPRESENTATION_CONTEXT() REPRESENTATION_CONTEXT('2D SPACE',''
  ) );
#526 = FACE_BOUND('',#527,.F.);
#527 = EDGE_LOOP('',(#528));
#528 = ORIENTED_EDGE('',*,*,#529,.T.);
#529 = EDGE_CURVE('',#530,#530,#532,.T.);
#530 = VERTEX_POINT('',#531);
#531 = CARTESIAN_POINT('',(62.25,-45.,0.));
#532 = SURFACE_CURVE('',#533,(#538,#549),.PCURVE_S1.);
#533 = CIRCLE('',#534,2.75);
#534 = AXIS2_PLACEMENT_3D('',#535,#536,#537);
#535 = CARTESIAN_POINT('',(65.,-45.,0.));
#536 = DIRECTION('',(0.,0.,-1.));
#537 = DIRECTION('',(-1.,0.,0.));
#538 = PCURVE('',#132,#539);
#539 = DEFINITIONAL_REPRESENTATION('',(#540),#548);
#540 = ( BOUNDED_CURVE() B_SPLINE_CURVE(2,(#541,#542,#543,#544,#545,#546
,#547),.UNSPECIFIED.,.T.,.F.) B_SPLINE_CURVE_WITH_KNOTS((1,2,2,2,2,1),(
    -2.094395102393,0.,2.094395102393,4.188790204786,6.28318530718,
8.377580409573),.UNSPECIFIED.) CURVE() GEOMETRIC_REPRESENTATION_ITEM() 
RATIONAL_B_SPLINE_CURVE((1.,0.5,1.,0.5,1.,0.5,1.)) REPRESENTATION_ITEM(
  '') );
#541 = CARTESIAN_POINT('',(62.25,-45.));
#542 = CARTESIAN_POINT('',(62.25,-40.23686027918));
#543 = CARTESIAN_POINT('',(66.375,-42.61843013959));
#544 = CARTESIAN_POINT('',(70.5,-45.));
#545 = CARTESIAN_POINT('',(66.375,-47.3815698604));
#546 = CARTESIAN_POINT('',(62.25,-49.76313972081));
#547 = CARTESIAN_POINT('',(62.25,-45.));
#548 = ( GEOMETRIC_REPRESENTATION_CONTEXT(2) 
PARAMETRIC_REPRESENTATION_CONTEXT() REPRESENTATION_CONTEXT('2D SPACE',''
  ) );
#549 = PCURVE('',#550,#555);
#550 = CYLINDRICAL_SURFACE('',#551,2.75);
#551 = AXIS2_PLACEMENT_3D('',#552,#553,#554);
#552 = CARTESIAN_POINT('',(65.,-45.,20.));
#553 = DIRECTION('',(0.,0.,-1.));
#554 = DIRECTION('',(-1.,0.,0.));
#555 = DEFINITIONAL_REPRESENTATION('',(#556),#560);
#556 = LINE('',#557,#558);
#557 = CARTESIAN_POINT('',(0.,20.));
#558 = VECTOR('',#559,1.);
#559 = DIRECTION('',(1.,0.));
#560 = ( GEOMETRIC_REPRESENTATION_CONTEXT(2) 
PARAMETRIC_REPRESENTATION_CONTEXT() REPRESENTATION_CONTEXT('2D SPACE',''
  ) );
#561 = FACE_BOUND('',#562,.F.);
#562 = EDGE_LOOP('',(#563));
#563 = ORIENTED_EDGE('',*,*,#564,.T.);
#564 = EDGE_CURVE('',#565,#565,#567,.T.);
#565 = VERTEX_POINT('',#566);
#566 = CARTESIAN_POINT('',(-83.6,14.5,0.));
#567 = SURFACE_CURVE('',#568,(#573,#584),.PCURVE_S1.);
#568 = CIRCLE('',#569,0.8);
#569 = AXIS2_PLACEMENT_3D('',#570,#571,#572);
#570 = CARTESIAN_POINT('',(-84.4,14.5,0.));
#571 = DIRECTION('',(0.,0.,-1.));
#572 = DIRECTION('',(1.,0.,0.));
#573 = PCURVE('',#132,#574);
#574 = DEFINITIONAL_REPRESENTATION('',(#575),#583);
#575 = ( BOUNDED_CURVE() B_SPLINE_CURVE(2,(#576,#577,#578,#579,#580,#581
,#582),.UNSPECIFIED.,.T.,.F.) B_SPLINE_CURVE_WITH_KNOTS((1,2,2,2,2,1),(
    -2.094395102393,0.,2.094395102393,4.188790204786,6.28318530718,
8.377580409573),.UNSPECIFIED.) CURVE() GEOMETRIC_REPRESENTATION_ITEM() 
RATIONAL_B_SPLINE_CURVE((1.,0.5,1.,0.5,1.,0.5,1.)) REPRESENTATION_ITEM(
  '') );
#576 = CARTESIAN_POINT('',(-83.6,14.5));
#577 = CARTESIAN_POINT('',(-83.6,13.114359353945));
#578 = CARTESIAN_POINT('',(-84.8,13.807179676972));
#579 = CARTESIAN_POINT('',(-86.,14.5));
#580 = CARTESIAN_POINT('',(-84.8,15.192820323028));
#581 = CARTESIAN_POINT('',(-83.6,15.885640646055));
#582 = CARTESIAN_POINT('',(-83.6,14.5));
#583 = ( GEOMETRIC_REPRESENTATION_CONTEXT(2) 
PARAMETRIC_REPRESENTATION_CONTEXT() REPRESENTATION_CONTEXT('2D SPACE',''
  ) );
#584 = PCURVE('',#585,#590);
#585 = CYLINDRICAL_SURFACE('',#586,0.8);
#586 = AXIS2_PLACEMENT_3D('',#587,#588,#589);
#587 = CARTESIAN_POINT('',(-84.4,14.5,-2.));
#588 = DIRECTION('',(-0.,-0.,-1.));
#589 = DIRECTION('',(1.,0.,0.));
#590 = DEFINITIONAL_REPRESENTATION('',(#591),#595);
#591 = LINE('',#592,#593);
#592 = CARTESIAN_POINT('',(-6.28318530718,-2.));
#593 = VECTOR('',#594,1.);
#594 = DIRECTION('',(1.,-0.));
#595 = ( GEOMETRIC_REPRESENTATION_CONTEXT(2) 
PARAMETRIC_REPRESENTATION_CONTEXT() REPRESENTATION_CONTEXT('2D SPACE',''
  ) );
#596 = FACE_BOUND('',#597,.F.);
#597 = EDGE_LOOP('',(#598));
#598 = ORIENTED_EDGE('',*,*,#599,.T.);
#599 = EDGE_CURVE('',#600,#600,#602,.T.);
#600 = VERTEX_POINT('',#601);
#601 = CARTESIAN_POINT('',(-54.6,14.5,0.));
#602 = SURFACE_CURVE('',#603,(#608,#619),.PCURVE_S1.);
#603 = CIRCLE('',#604,0.8);
#604 = AXIS2_PLACEMENT_3D('',#605,#606,#607);
#605 = CARTESIAN_POINT('',(-55.4,14.5,0.));
#606 = DIRECTION('',(0.,0.,-1.));
#607 = DIRECTION('',(1.,0.,0.));
#608 = PCURVE('',#132,#609);
#609 = DEFINITIONAL_REPRESENTATION('',(#610),#618);
#610 = ( BOUNDED_CURVE() B_SPLINE_CURVE(2,(#611,#612,#613,#614,#615,#616
,#617),.UNSPECIFIED.,.T.,.F.) B_SPLINE_CURVE_WITH_KNOTS((1,2,2,2,2,1),(
    -2.094395102393,0.,2.094395102393,4.188790204786,6.28318530718,
8.377580409573),.UNSPECIFIED.) CURVE() GEOMETRIC_REPRESENTATION_ITEM() 
RATIONAL_B_SPLINE_CURVE((1.,0.5,1.,0.5,1.,0.5,1.)) REPRESENTATION_ITEM(
  '') );
#611 = CARTESIAN_POINT('',(-54.6,14.5));
#612 = CARTESIAN_POINT('',(-54.6,13.114359353945));
#613 = CARTESIAN_POINT('',(-55.8,13.807179676972));
#614 = CARTESIAN_POINT('',(-57.,14.5));
#615 = CARTESIAN_POINT('',(-55.8,15.192820323028));
#616 = CARTESIAN_POINT('',(-54.6,15.885640646055));
#617 = CARTESIAN_POINT('',(-54.6,14.5));
#618 = ( GEOMETRIC_REPRESENTATION_CONTEXT(2) 
PARAMETRIC_REPRESENTATION_CONTEXT() REPRESENTATION_CONTEXT('2D SPACE',''
  ) );
#619 = PCURVE('',#620,#625);
#620 = CYLINDRICAL_SURFACE('',#621,0.8);
#621 = AXIS2_PLACEMENT_3D('',#622,#623,#624);
#622 = CARTESIAN_POINT('',(-55.4,14.5,-2.));
#623 = DIRECTION('',(-0.,-0.,-1.));
#624 = DIRECTION('',(1.,0.,0.));
#625 = DEFINITIONAL_REPRESENTATION('',(#626),#630);
#626 = LINE('',#627,#628);
#627 = CARTESIAN_POINT('',(-6.28318530718,-2.));
#628 = VECTOR('',#629,1.);
#629 = DIRECTION('',(1.,-0.));
#630 = ( GEOMETRIC_REPRESENTATION_CONTEXT(2) 
PARAMETRIC_REPRESENTATION_CONTEXT() REPRESENTATION_CONTEXT('2D SPACE',''
  ) );
#631 = FACE_BOUND('',#632,.F.);
#632 = EDGE_LOOP('',(#633));
#633 = ORIENTED_EDGE('',*,*,#634,.T.);
#634 = EDGE_CURVE('',#635,#635,#637,.T.);
#635 = VERTEX_POINT('',#636);
#636 = CARTESIAN_POINT('',(-67.75,45.,0.));
#637 = SURFACE_CURVE('',#638,(#643,#654),.PCURVE_S1.);
#638 = CIRCLE('',#639,2.75);
#639 = AXIS2_PLACEMENT_3D('',#640,#641,#642);
#640 = CARTESIAN_POINT('',(-65.,45.,0.));
#641 = DIRECTION('',(0.,0.,-1.));
#642 = DIRECTION('',(-1.,0.,0.));
#643 = PCURVE('',#132,#644);
#644 = DEFINITIONAL_REPRESENTATION('',(#645),#653);
#645 = ( BOUNDED_CURVE() B_SPLINE_CURVE(2,(#646,#647,#648,#649,#650,#651
,#652),.UNSPECIFIED.,.T.,.F.) B_SPLINE_CURVE_WITH_KNOTS((1,2,2,2,2,1),(
    -2.094395102393,0.,2.094395102393,4.188790204786,6.28318530718,
8.377580409573),.UNSPECIFIED.) CURVE() GEOMETRIC_REPRESENTATION_ITEM() 
RATIONAL_B_SPLINE_CURVE((1.,0.5,1.,0.5,1.,0.5,1.)) REPRESENTATION_ITEM(
  '') );
#646 = CARTESIAN_POINT('',(-67.75,45.));
#647 = CARTESIAN_POINT('',(-67.75,49.763139720814));
#648 = CARTESIAN_POINT('',(-63.625,47.381569860407));
#649 = CARTESIAN_POINT('',(-59.5,45.));
#650 = CARTESIAN_POINT('',(-63.625,42.618430139593));
#651 = CARTESIAN_POINT('',(-67.75,40.236860279186));
#652 = CARTESIAN_POINT('',(-67.75,45.));
#653 = ( GEOMETRIC_REPRESENTATION_CONTEXT(2) 
PARAMETRIC_REPRESENTATION_CONTEXT() REPRESENTATION_CONTEXT('2D SPACE',''
  ) );
#654 = PCURVE('',#655,#660);
#655 = CYLINDRICAL_SURFACE('',#656,2.75);
#656 = AXIS2_PLACEMENT_3D('',#657,#658,#659);
#657 = CARTESIAN_POINT('',(-65.,45.,20.));
#658 = DIRECTION('',(0.,0.,-1.));
#659 = DIRECTION('',(-1.,0.,0.));
#660 = DEFINITIONAL_REPRESENTATION('',(#661),#665);
#661 = LINE('',#662,#663);
#662 = CARTESIAN_POINT('',(0.,20.));
#663 = VECTOR('',#664,1.);
#664 = DIRECTION('',(1.,0.));
#665 = ( GEOMETRIC_REPRESENTATION_CONTEXT(2) 
PARAMETRIC_REPRESENTATION_CONTEXT() REPRESENTATION_CONTEXT('2D SPACE',''
  ) );
#666 = FACE_BOUND('',#667,.F.);
#667 = EDGE_LOOP('',(#668));
#668 = ORIENTED_EDGE('',*,*,#669,.F.);
#669 = EDGE_CURVE('',#670,#670,#672,.T.);
#670 = VERTEX_POINT('',#671);
#671 = CARTESIAN_POINT('',(11.,0.,0.));
#672 = SURFACE_CURVE('',#673,(#678,#685),.PCURVE_S1.);
#673 = CIRCLE('',#674,11.);
#674 = AXIS2_PLACEMENT_3D('',#675,#676,#677);
#675 = CARTESIAN_POINT('',(0.,0.,0.));
#676 = DIRECTION('',(0.,0.,1.));
#677 = DIRECTION('',(1.,0.,0.));
#678 = PCURVE('',#132,#679);
#679 = DEFINITIONAL_REPRESENTATION('',(#680),#684);
#680 = CIRCLE('',#681,11.);
#681 = AXIS2_PLACEMENT_2D('',#682,#683);
#682 = CARTESIAN_POINT('',(0.,0.));
#683 = DIRECTION('',(1.,0.));
#684 = ( GEOMETRIC_REPRESENTATION_CONTEXT(2) 
PARAMETRIC_REPRESENTATION_CONTEXT() REPRESENTATION_CONTEXT('2D SPACE',''
  ) );
#685 = PCURVE('',#686,#691);
#686 = CYLINDRICAL_SURFACE('',#687,11.);
#687 = AXIS2_PLACEMENT_3D('',#688,#689,#690);
#688 = CARTESIAN_POINT('',(0.,0.,0.));
#689 = DIRECTION('',(-0.,-0.,-1.));
#690 = DIRECTION('',(1.,0.,0.));
#691 = DEFINITIONAL_REPRESENTATION('',(#692),#696);
#692 = LINE('',#693,#694);
#693 = CARTESIAN_POINT('',(-0.,0.));
#694 = VECTOR('',#695,1.);
#695 = DIRECTION('',(-1.,0.));
#696 = ( GEOMETRIC_REPRESENTATION_CONTEXT(2) 
PARAMETRIC_REPRESENTATION_CONTEXT() REPRESENTATION_CONTEXT('2D SPACE',''
  ) );
#697 = FACE_BOUND('',#698,.F.);
#698 = EDGE_LOOP('',(#699));
#699 = ORIENTED_EDGE('',*,*,#700,.T.);
#700 = EDGE_CURVE('',#701,#701,#703,.T.);
#701 = VERTEX_POINT('',#702);
#702 = CARTESIAN_POINT('',(62.25,45.,0.));
#703 = SURFACE_CURVE('',#704,(#709,#720),.PCURVE_S1.);
#704 = CIRCLE('',#705,2.75);
#705 = AXIS2_PLACEMENT_3D('',#706,#707,#708);
#706 = CARTESIAN_POINT('',(65.,45.,0.));
#707 = DIRECTION('',(0.,0.,-1.));
#708 = DIRECTION('',(-1.,0.,0.));
#709 = PCURVE('',#132,#710);
#710 = DEFINITIONAL_REPRESENTATION('',(#711),#719);
#711 = ( BOUNDED_CURVE() B_SPLINE_CURVE(2,(#712,#713,#714,#715,#716,#717
,#718),.UNSPECIFIED.,.T.,.F.) B_SPLINE_CURVE_WITH_KNOTS((1,2,2,2,2,1),(
    -2.094395102393,0.,2.094395102393,4.188790204786,6.28318530718,
8.377580409573),.UNSPECIFIED.) CURVE() GEOMETRIC_REPRESENTATION_ITEM() 
RATIONAL_B_SPLINE_CURVE((1.,0.5,1.,0.5,1.,0.5,1.)) REPRESENTATION_ITEM(
  '') );
#712 = CARTESIAN_POINT('',(62.25,45.));
#713 = CARTESIAN_POINT('',(62.25,49.763139720814));
#714 = CARTESIAN_POINT('',(66.375,47.381569860407));
#715 = CARTESIAN_POINT('',(70.5,45.));
#716 = CARTESIAN_POINT('',(66.375,42.618430139593));
#717 = CARTESIAN_POINT('',(62.25,40.236860279186));
#718 = CARTESIAN_POINT('',(62.25,45.));
#719 = ( GEOMETRIC_REPRESENTATION_CONTEXT(2) 
PARAMETRIC_REPRESENTATION_CONTEXT() REPRESENTATION_CONTEXT('2D SPACE',''
  ) );
#720 = PCURVE('',#721,#726);
#721 = CYLINDRICAL_SURFACE('',#722,2.75);
#722 = AXIS2_PLACEMENT_3D('',#723,#724,#725);
#723 = CARTESIAN_POINT('',(65.,45.,20.));
#724 = DIRECTION('',(0.,0.,-1.));
#725 = DIRECTION('',(-1.,0.,0.));
#726 = DEFINITIONAL_REPRESENTATION('',(#727),#731);
#727 = LINE('',#728,#729);
#728 = CARTESIAN_POINT('',(0.,20.));
#729 = VECTOR('',#730,1.);
#730 = DIRECTION('',(1.,0.));
#731 = ( GEOMETRIC_REPRESENTATION_CONTEXT(2) 
PARAMETRIC_REPRESENTATION_CONTEXT() REPRESENTATION_CONTEXT('2D SPACE',''
  ) );
#732 = ADVANCED_FACE('',(#733),#160,.T.);
#733 = FACE_BOUND('',#734,.F.);
#734 = EDGE_LOOP('',(#735,#736,#759,#785));
#735 = ORIENTED_EDGE('',*,*,#396,.T.);
#736 = ORIENTED_EDGE('',*,*,#737,.T.);
#737 = EDGE_CURVE('',#369,#738,#740,.T.);
#738 = VERTEX_POINT('',#739);
#739 = CARTESIAN_POINT('',(-99.9,-52.,20.));
#740 = SURFACE_CURVE('',#741,(#745,#752),.PCURVE_S1.);
#741 = LINE('',#742,#743);
#742 = CARTESIAN_POINT('',(-99.9,-52.,0.));
#743 = VECTOR('',#744,1.);
#744 = DIRECTION('',(0.,0.,1.));
#745 = PCURVE('',#160,#746);
#746 = DEFINITIONAL_REPRESENTATION('',(#747),#751);
#747 = LINE('',#748,#749);
#748 = CARTESIAN_POINT('',(-1.570796326795,0.));
#749 = VECTOR('',#750,1.);
#750 = DIRECTION('',(-0.,1.));
#751 = ( GEOMETRIC_REPRESENTATION_CONTEXT(2) 
PARAMETRIC_REPRESENTATION_CONTEXT() REPRESENTATION_CONTEXT('2D SPACE',''
  ) );
#752 = PCURVE('',#384,#753);
#753 = DEFINITIONAL_REPRESENTATION('',(#754),#758);
#754 = LINE('',#755,#756);
#755 = CARTESIAN_POINT('',(112.,0.));
#756 = VECTOR('',#757,1.);
#757 = DIRECTION('',(0.,-1.));
#758 = ( GEOMETRIC_REPRESENTATION_CONTEXT(2) 
PARAMETRIC_REPRESENTATION_CONTEXT() REPRESENTATION_CONTEXT('2D SPACE',''
  ) );
#759 = ORIENTED_EDGE('',*,*,#760,.F.);
#760 = EDGE_CURVE('',#145,#738,#761,.T.);
#761 = SURFACE_CURVE('',#762,(#767,#774),.PCURVE_S1.);
#762 = CIRCLE('',#763,8.);
#763 = AXIS2_PLACEMENT_3D('',#764,#765,#766);
#764 = CARTESIAN_POINT('',(-91.9,-52.,20.));
#765 = DIRECTION('',(-0.,-0.,-1.));
#766 = DIRECTION('',(0.,-1.,0.));
#767 = PCURVE('',#160,#768);
#768 = DEFINITIONAL_REPRESENTATION('',(#769),#773);
#769 = LINE('',#770,#771);
#770 = CARTESIAN_POINT('',(-0.,20.));
#771 = VECTOR('',#772,1.);
#772 = DIRECTION('',(-1.,0.));
#773 = ( GEOMETRIC_REPRESENTATION_CONTEXT(2) 
PARAMETRIC_REPRESENTATION_CONTEXT() REPRESENTATION_CONTEXT('2D SPACE',''
  ) );
#774 = PCURVE('',#188,#775);
#775 = DEFINITIONAL_REPRESENTATION('',(#776),#784);
#776 = ( BOUNDED_CURVE() B_SPLINE_CURVE(2,(#777,#778,#779,#780,#781,#782
,#783),.UNSPECIFIED.,.T.,.F.) B_SPLINE_CURVE_WITH_KNOTS((1,2,2,2,2,1),(
    -2.094395102393,0.,2.094395102393,4.188790204786,6.28318530718,
8.377580409573),.UNSPECIFIED.) CURVE() GEOMETRIC_REPRESENTATION_ITEM() 
RATIONAL_B_SPLINE_CURVE((1.,0.5,1.,0.5,1.,0.5,1.)) REPRESENTATION_ITEM(
  '') );
#777 = CARTESIAN_POINT('',(-91.9,-60.));
#778 = CARTESIAN_POINT('',(-105.7564064605,-60.));
#779 = CARTESIAN_POINT('',(-98.82820323027,-48.));
#780 = CARTESIAN_POINT('',(-91.9,-36.));
#781 = CARTESIAN_POINT('',(-84.97179676972,-48.));
#782 = CARTESIAN_POINT('',(-78.04359353944,-60.));
#783 = CARTESIAN_POINT('',(-91.9,-60.));
#784 = ( GEOMETRIC_REPRESENTATION_CONTEXT(2) 
PARAMETRIC_REPRESENTATION_CONTEXT() REPRESENTATION_CONTEXT('2D SPACE',''
  ) );
#785 = ORIENTED_EDGE('',*,*,#144,.F.);
#786 = ADVANCED_FACE('',(#787),#214,.T.);
#787 = FACE_BOUND('',#788,.T.);
#788 = EDGE_LOOP('',(#789,#790,#813,#835));
#789 = ORIENTED_EDGE('',*,*,#230,.T.);
#790 = ORIENTED_EDGE('',*,*,#791,.T.);
#791 = EDGE_CURVE('',#231,#792,#794,.T.);
#792 = VERTEX_POINT('',#793);
#793 = CARTESIAN_POINT('',(99.9,-52.,20.));
#794 = SURFACE_CURVE('',#795,(#799,#806),.PCURVE_S1.);
#795 = LINE('',#796,#797);
#796 = CARTESIAN_POINT('',(99.9,-52.,0.));
#797 = VECTOR('',#798,1.);
#798 = DIRECTION('',(0.,0.,1.));
#799 = PCURVE('',#214,#800);
#800 = DEFINITIONAL_REPRESENTATION('',(#801),#805);
#801 = LINE('',#802,#803);
#802 = CARTESIAN_POINT('',(1.570796326795,0.));
#803 = VECTOR('',#804,1.);
#804 = DIRECTION('',(0.,1.));
#805 = ( GEOMETRIC_REPRESENTATION_CONTEXT(2) 
PARAMETRIC_REPRESENTATION_CONTEXT() REPRESENTATION_CONTEXT('2D SPACE',''
  ) );
#806 = PCURVE('',#270,#807);
#807 = DEFINITIONAL_REPRESENTATION('',(#808),#812);
#808 = LINE('',#809,#810);
#809 = CARTESIAN_POINT('',(8.,0.));
#810 = VECTOR('',#811,1.);
#811 = DIRECTION('',(0.,-1.));
#812 = ( GEOMETRIC_REPRESENTATION_CONTEXT(2) 
PARAMETRIC_REPRESENTATION_CONTEXT() REPRESENTATION_CONTEXT('2D SPACE',''
  ) );
#813 = ORIENTED_EDGE('',*,*,#814,.F.);
#814 = EDGE_CURVE('',#173,#792,#815,.T.);
#815 = SURFACE_CURVE('',#816,(#821,#828),.PCURVE_S1.);
#816 = CIRCLE('',#817,8.);
#817 = AXIS2_PLACEMENT_3D('',#818,#819,#820);
#818 = CARTESIAN_POINT('',(91.9,-52.,20.));
#819 = DIRECTION('',(0.,0.,1.));
#820 = DIRECTION('',(0.,-1.,0.));
#821 = PCURVE('',#214,#822);
#822 = DEFINITIONAL_REPRESENTATION('',(#823),#827);
#823 = LINE('',#824,#825);
#824 = CARTESIAN_POINT('',(0.,20.));
#825 = VECTOR('',#826,1.);
#826 = DIRECTION('',(1.,0.));
#827 = ( GEOMETRIC_REPRESENTATION_CONTEXT(2) 
PARAMETRIC_REPRESENTATION_CONTEXT() REPRESENTATION_CONTEXT('2D SPACE',''
  ) );
#828 = PCURVE('',#188,#829);
#829 = DEFINITIONAL_REPRESENTATION('',(#830),#834);
#830 = CIRCLE('',#831,8.);
#831 = AXIS2_PLACEMENT_2D('',#832,#833);
#832 = CARTESIAN_POINT('',(91.9,-52.));
#833 = DIRECTION('',(0.,-1.));
#834 = ( GEOMETRIC_REPRESENTATION_CONTEXT(2) 
PARAMETRIC_REPRESENTATION_CONTEXT() REPRESENTATION_CONTEXT('2D SPACE',''
  ) );
#835 = ORIENTED_EDGE('',*,*,#200,.F.);
#836 = ADVANCED_FACE('',(#837,#957,#987,#1017,#1123,#1153,#1588),#188,
  .T.);
#837 = FACE_BOUND('',#838,.T.);
#838 = EDGE_LOOP('',(#839,#840,#841,#864,#888,#911,#935,#956));
#839 = ORIENTED_EDGE('',*,*,#172,.T.);
#840 = ORIENTED_EDGE('',*,*,#814,.T.);
#841 = ORIENTED_EDGE('',*,*,#842,.T.);
#842 = EDGE_CURVE('',#792,#843,#845,.T.);
#843 = VERTEX_POINT('',#844);
#844 = CARTESIAN_POINT('',(99.9,52.,20.));
#845 = SURFACE_CURVE('',#846,(#850,#857),.PCURVE_S1.);
#846 = LINE('',#847,#848);
#847 = CARTESIAN_POINT('',(99.9,-60.,20.));
#848 = VECTOR('',#849,1.);
#849 = DIRECTION('',(0.,1.,0.));
#850 = PCURVE('',#188,#851);
#851 = DEFINITIONAL_REPRESENTATION('',(#852),#856);
#852 = LINE('',#853,#854);
#853 = CARTESIAN_POINT('',(99.9,-60.));
#854 = VECTOR('',#855,1.);
#855 = DIRECTION('',(0.,1.));
#856 = ( GEOMETRIC_REPRESENTATION_CONTEXT(2) 
PARAMETRIC_REPRESENTATION_CONTEXT() REPRESENTATION_CONTEXT('2D SPACE',''
  ) );
#857 = PCURVE('',#270,#858);
#858 = DEFINITIONAL_REPRESENTATION('',(#859),#863);
#859 = LINE('',#860,#861);
#860 = CARTESIAN_POINT('',(0.,-20.));
#861 = VECTOR('',#862,1.);
#862 = DIRECTION('',(1.,0.));
#863 = ( GEOMETRIC_REPRESENTATION_CONTEXT(2) 
PARAMETRIC_REPRESENTATION_CONTEXT() REPRESENTATION_CONTEXT('2D SPACE',''
  ) );
#864 = ORIENTED_EDGE('',*,*,#865,.T.);
#865 = EDGE_CURVE('',#843,#866,#868,.T.);
#866 = VERTEX_POINT('',#867);
#867 = CARTESIAN_POINT('',(91.9,60.,20.));
#868 = SURFACE_CURVE('',#869,(#874,#881),.PCURVE_S1.);
#869 = CIRCLE('',#870,8.);
#870 = AXIS2_PLACEMENT_3D('',#871,#872,#873);
#871 = CARTESIAN_POINT('',(91.9,52.,20.));
#872 = DIRECTION('',(0.,0.,1.));
#873 = DIRECTION('',(0.,-1.,0.));
#874 = PCURVE('',#188,#875);
#875 = DEFINITIONAL_REPRESENTATION('',(#876),#880);
#876 = CIRCLE('',#877,8.);
#877 = AXIS2_PLACEMENT_2D('',#878,#879);
#878 = CARTESIAN_POINT('',(91.9,52.));
#879 = DIRECTION('',(0.,-1.));
#880 = ( GEOMETRIC_REPRESENTATION_CONTEXT(2) 
PARAMETRIC_REPRESENTATION_CONTEXT() REPRESENTATION_CONTEXT('2D SPACE',''
  ) );
#881 = PCURVE('',#299,#882);
#882 = DEFINITIONAL_REPRESENTATION('',(#883),#887);
#883 = LINE('',#884,#885);
#884 = CARTESIAN_POINT('',(-1.570796326795,20.));
#885 = VECTOR('',#886,1.);
#886 = DIRECTION('',(1.,0.));
#887 = ( GEOMETRIC_REPRESENTATION_CONTEXT(2) 
PARAMETRIC_REPRESENTATION_CONTEXT() REPRESENTATION_CONTEXT('2D SPACE',''
  ) );
#888 = ORIENTED_EDGE('',*,*,#889,.T.);
#889 = EDGE_CURVE('',#866,#890,#892,.T.);
#890 = VERTEX_POINT('',#891);
#891 = CARTESIAN_POINT('',(-91.9,60.,20.));
#892 = SURFACE_CURVE('',#893,(#897,#904),.PCURVE_S1.);
#893 = LINE('',#894,#895);
#894 = CARTESIAN_POINT('',(99.9,60.,20.));
#895 = VECTOR('',#896,1.);
#896 = DIRECTION('',(-1.,0.,0.));
#897 = PCURVE('',#188,#898);
#898 = DEFINITIONAL_REPRESENTATION('',(#899),#903);
#899 = LINE('',#900,#901);
#900 = CARTESIAN_POINT('',(99.9,60.));
#901 = VECTOR('',#902,1.);
#902 = DIRECTION('',(-1.,0.));
#903 = ( GEOMETRIC_REPRESENTATION_CONTEXT(2) 
PARAMETRIC_REPRESENTATION_CONTEXT() REPRESENTATION_CONTEXT('2D SPACE',''
  ) );
#904 = PCURVE('',#327,#905);
#905 = DEFINITIONAL_REPRESENTATION('',(#906),#910);
#906 = LINE('',#907,#908);
#907 = CARTESIAN_POINT('',(0.,-20.));
#908 = VECTOR('',#909,1.);
#909 = DIRECTION('',(1.,0.));
#910 = ( GEOMETRIC_REPRESENTATION_CONTEXT(2) 
PARAMETRIC_REPRESENTATION_CONTEXT() REPRESENTATION_CONTEXT('2D SPACE',''
  ) );
#911 = ORIENTED_EDGE('',*,*,#912,.T.);
#912 = EDGE_CURVE('',#890,#913,#915,.T.);
#913 = VERTEX_POINT('',#914);
#914 = CARTESIAN_POINT('',(-99.9,52.,20.));
#915 = SURFACE_CURVE('',#916,(#921,#928),.PCURVE_S1.);
#916 = CIRCLE('',#917,8.);
#917 = AXIS2_PLACEMENT_3D('',#918,#919,#920);
#918 = CARTESIAN_POINT('',(-91.9,52.,20.));
#919 = DIRECTION('',(0.,0.,1.));
#920 = DIRECTION('',(0.,-1.,0.));
#921 = PCURVE('',#188,#922);
#922 = DEFINITIONAL_REPRESENTATION('',(#923),#927);
#923 = CIRCLE('',#924,8.);
#924 = AXIS2_PLACEMENT_2D('',#925,#926);
#925 = CARTESIAN_POINT('',(-91.9,52.));
#926 = DIRECTION('',(0.,-1.));
#927 = ( GEOMETRIC_REPRESENTATION_CONTEXT(2) 
PARAMETRIC_REPRESENTATION_CONTEXT() REPRESENTATION_CONTEXT('2D SPACE',''
  ) );
#928 = PCURVE('',#356,#929);
#929 = DEFINITIONAL_REPRESENTATION('',(#930),#934);
#930 = LINE('',#931,#932);
#931 = CARTESIAN_POINT('',(-3.14159265359,20.));
#932 = VECTOR('',#933,1.);
#933 = DIRECTION('',(1.,0.));
#934 = ( GEOMETRIC_REPRESENTATION_CONTEXT(2) 
PARAMETRIC_REPRESENTATION_CONTEXT() REPRESENTATION_CONTEXT('2D SPACE',''
  ) );
#935 = ORIENTED_EDGE('',*,*,#936,.T.);
#936 = EDGE_CURVE('',#913,#738,#937,.T.);
#937 = SURFACE_CURVE('',#938,(#942,#949),.PCURVE_S1.);
#938 = LINE('',#939,#940);
#939 = CARTESIAN_POINT('',(-99.9,60.,20.));
#940 = VECTOR('',#941,1.);
#941 = DIRECTION('',(0.,-1.,0.));
#942 = PCURVE('',#188,#943);
#943 = DEFINITIONAL_REPRESENTATION('',(#944),#948);
#944 = LINE('',#945,#946);
#945 = CARTESIAN_POINT('',(-99.9,60.));
#946 = VECTOR('',#947,1.);
#947 = DIRECTION('',(0.,-1.));
#948 = ( GEOMETRIC_REPRESENTATION_CONTEXT(2) 
PARAMETRIC_REPRESENTATION_CONTEXT() REPRESENTATION_CONTEXT('2D SPACE',''
  ) );
#949 = PCURVE('',#384,#950);
#950 = DEFINITIONAL_REPRESENTATION('',(#951),#955);
#951 = LINE('',#952,#953);
#952 = CARTESIAN_POINT('',(0.,-20.));
#953 = VECTOR('',#954,1.);
#954 = DIRECTION('',(1.,0.));
#955 = ( GEOMETRIC_REPRESENTATION_CONTEXT(2) 
PARAMETRIC_REPRESENTATION_CONTEXT() REPRESENTATION_CONTEXT('2D SPACE',''
  ) );
#956 = ORIENTED_EDGE('',*,*,#760,.F.);
#957 = FACE_BOUND('',#958,.T.);
#958 = EDGE_LOOP('',(#959));
#959 = ORIENTED_EDGE('',*,*,#960,.T.);
#960 = EDGE_CURVE('',#961,#961,#963,.T.);
#961 = VERTEX_POINT('',#962);
#962 = CARTESIAN_POINT('',(-67.75,-45.,20.));
#963 = SURFACE_CURVE('',#964,(#969,#980),.PCURVE_S1.);
#964 = CIRCLE('',#965,2.75);
#965 = AXIS2_PLACEMENT_3D('',#966,#967,#968);
#966 = CARTESIAN_POINT('',(-65.,-45.,20.));
#967 = DIRECTION('',(0.,0.,-1.));
#968 = DIRECTION('',(-1.,0.,0.));
#969 = PCURVE('',#188,#970);
#970 = DEFINITIONAL_REPRESENTATION('',(#971),#979);
#971 = ( BOUNDED_CURVE() B_SPLINE_CURVE(2,(#972,#973,#974,#975,#976,#977
,#978),.UNSPECIFIED.,.T.,.F.) B_SPLINE_CURVE_WITH_KNOTS((1,2,2,2,2,1),(
    -2.094395102393,0.,2.094395102393,4.188790204786,6.28318530718,
8.377580409573),.UNSPECIFIED.) CURVE() GEOMETRIC_REPRESENTATION_ITEM() 
RATIONAL_B_SPLINE_CURVE((1.,0.5,1.,0.5,1.,0.5,1.)) REPRESENTATION_ITEM(
  '') );
#972 = CARTESIAN_POINT('',(-67.75,-45.));
#973 = CARTESIAN_POINT('',(-67.75,-40.23686027918));
#974 = CARTESIAN_POINT('',(-63.625,-42.61843013959));
#975 = CARTESIAN_POINT('',(-59.5,-45.));
#976 = CARTESIAN_POINT('',(-63.625,-47.3815698604));
#977 = CARTESIAN_POINT('',(-67.75,-49.76313972081));
#978 = CARTESIAN_POINT('',(-67.75,-45.));
#979 = ( GEOMETRIC_REPRESENTATION_CONTEXT(2) 
PARAMETRIC_REPRESENTATION_CONTEXT() REPRESENTATION_CONTEXT('2D SPACE',''
  ) );
#980 = PCURVE('',#445,#981);
#981 = DEFINITIONAL_REPRESENTATION('',(#982),#986);
#982 = LINE('',#983,#984);
#983 = CARTESIAN_POINT('',(0.,0.));
#984 = VECTOR('',#985,1.);
#985 = DIRECTION('',(1.,0.));
#986 = ( GEOMETRIC_REPRESENTATION_CONTEXT(2) 
PARAMETRIC_REPRESENTATION_CONTEXT() REPRESENTATION_CONTEXT('2D SPACE',''
  ) );
#987 = FACE_BOUND('',#988,.T.);
#988 = EDGE_LOOP('',(#989));
#989 = ORIENTED_EDGE('',*,*,#990,.T.);
#990 = EDGE_CURVE('',#991,#991,#993,.T.);
#991 = VERTEX_POINT('',#992);
#992 = CARTESIAN_POINT('',(62.25,-45.,20.));
#993 = SURFACE_CURVE('',#994,(#999,#1010),.PCURVE_S1.);
#994 = CIRCLE('',#995,2.75);
#995 = AXIS2_PLACEMENT_3D('',#996,#997,#998);
#996 = CARTESIAN_POINT('',(65.,-45.,20.));
#997 = DIRECTION('',(0.,0.,-1.));
#998 = DIRECTION('',(-1.,0.,0.));
#999 = PCURVE('',#188,#1000);
#1000 = DEFINITIONAL_REPRESENTATION('',(#1001),#1009);
#1001 = ( BOUNDED_CURVE() B_SPLINE_CURVE(2,(#1002,#1003,#1004,#1005,
#1006,#1007,#1008),.UNSPECIFIED.,.T.,.F.) B_SPLINE_CURVE_WITH_KNOTS((1,2
    ,2,2,2,1),(-2.094395102393,0.,2.094395102393,4.188790204786,
6.28318530718,8.377580409573),.UNSPECIFIED.) CURVE() 
GEOMETRIC_REPRESENTATION_ITEM() RATIONAL_B_SPLINE_CURVE((1.,0.5,1.,0.5,
1.,0.5,1.)) REPRESENTATION_ITEM('') );
#1002 = CARTESIAN_POINT('',(62.25,-45.));
#1003 = CARTESIAN_POINT('',(62.25,-40.23686027918));
#1004 = CARTESIAN_POINT('',(66.375,-42.61843013959));
#1005 = CARTESIAN_POINT('',(70.5,-45.));
#1006 = CARTESIAN_POINT('',(66.375,-47.3815698604));
#1007 = CARTESIAN_POINT('',(62.25,-49.76313972081));
#1008 = CARTESIAN_POINT('',(62.25,-45.));
#1009 = ( GEOMETRIC_REPRESENTATION_CONTEXT(2) 
PARAMETRIC_REPRESENTATION_CONTEXT() REPRESENTATION_CONTEXT('2D SPACE',''
  ) );
#1010 = PCURVE('',#550,#1011);
#1011 = DEFINITIONAL_REPRESENTATION('',(#1012),#1016);
#1012 = LINE('',#1013,#1014);
#1013 = CARTESIAN_POINT('',(0.,0.));
#1014 = VECTOR('',#1015,1.);
#1015 = DIRECTION('',(1.,0.));
#1016 = ( GEOMETRIC_REPRESENTATION_CONTEXT(2) 
PARAMETRIC_REPRESENTATION_CONTEXT() REPRESENTATION_CONTEXT('2D SPACE',''
  ) );
#1017 = FACE_BOUND('',#1018,.T.);
#1018 = EDGE_LOOP('',(#1019,#1047,#1073,#1099));
#1019 = ORIENTED_EDGE('',*,*,#1020,.T.);
#1020 = EDGE_CURVE('',#1021,#1023,#1025,.T.);
#1021 = VERTEX_POINT('',#1022);
#1022 = CARTESIAN_POINT('',(-23.9,26.,20.));
#1023 = VERTEX_POINT('',#1024);
#1024 = CARTESIAN_POINT('',(-23.9,-26.,20.));
#1025 = SURFACE_CURVE('',#1026,(#1030,#1036),.PCURVE_S1.);
#1026 = LINE('',#1027,#1028);
#1027 = CARTESIAN_POINT('',(-23.9,-13.,20.));
#1028 = VECTOR('',#1029,1.);
#1029 = DIRECTION('',(0.,-1.,0.));
#1030 = PCURVE('',#188,#1031);
#1031 = DEFINITIONAL_REPRESENTATION('',(#1032),#1035);
#1032 = B_SPLINE_CURVE_WITH_KNOTS('',1,(#1033,#1034),.UNSPECIFIED.,.F.,
  .F.,(2,2),(-39.,13.),.PIECEWISE_BEZIER_KNOTS.);
#1033 = CARTESIAN_POINT('',(-23.9,26.));
#1034 = CARTESIAN_POINT('',(-23.9,-26.));
#1035 = ( GEOMETRIC_REPRESENTATION_CONTEXT(2) 
PARAMETRIC_REPRESENTATION_CONTEXT() REPRESENTATION_CONTEXT('2D SPACE',''
  ) );
#1036 = PCURVE('',#1037,#1042);
#1037 = PLANE('',#1038);
#1038 = AXIS2_PLACEMENT_3D('',#1039,#1040,#1041);
#1039 = CARTESIAN_POINT('',(-23.9,-26.,17.));
#1040 = DIRECTION('',(-1.,0.,0.));
#1041 = DIRECTION('',(0.,1.,0.));
#1042 = DEFINITIONAL_REPRESENTATION('',(#1043),#1046);
#1043 = B_SPLINE_CURVE_WITH_KNOTS('',1,(#1044,#1045),.UNSPECIFIED.,.F.,
  .F.,(2,2),(-39.,13.),.PIECEWISE_BEZIER_KNOTS.);
#1044 = CARTESIAN_POINT('',(52.,-3.));
#1045 = CARTESIAN_POINT('',(0.,-3.));
#1046 = ( GEOMETRIC_REPRESENTATION_CONTEXT(2) 
PARAMETRIC_REPRESENTATION_CONTEXT() REPRESENTATION_CONTEXT('2D SPACE',''
  ) );
#1047 = ORIENTED_EDGE('',*,*,#1048,.T.);
#1048 = EDGE_CURVE('',#1023,#1049,#1051,.T.);
#1049 = VERTEX_POINT('',#1050);
#1050 = CARTESIAN_POINT('',(-95.9,-26.,20.));
#1051 = SURFACE_CURVE('',#1052,(#1056,#1062),.PCURVE_S1.);
#1052 = LINE('',#1053,#1054);
#1053 = CARTESIAN_POINT('',(-47.95,-26.,20.));
#1054 = VECTOR('',#1055,1.);
#1055 = DIRECTION('',(-1.,0.,0.));
#1056 = PCURVE('',#188,#1057);
#1057 = DEFINITIONAL_REPRESENTATION('',(#1058),#1061);
#1058 = B_SPLINE_CURVE_WITH_KNOTS('',1,(#1059,#1060),.UNSPECIFIED.,.F.,
  .F.,(2,2),(-24.05,47.95),.PIECEWISE_BEZIER_KNOTS.);
#1059 = CARTESIAN_POINT('',(-23.9,-26.));
#1060 = CARTESIAN_POINT('',(-95.9,-26.));
#1061 = ( GEOMETRIC_REPRESENTATION_CONTEXT(2) 
PARAMETRIC_REPRESENTATION_CONTEXT() REPRESENTATION_CONTEXT('2D SPACE',''
  ) );
#1062 = PCURVE('',#1063,#1068);
#1063 = PLANE('',#1064);
#1064 = AXIS2_PLACEMENT_3D('',#1065,#1066,#1067);
#1065 = CARTESIAN_POINT('',(-95.9,-26.,17.));
#1066 = DIRECTION('',(0.,1.,0.));
#1067 = DIRECTION('',(1.,0.,0.));
#1068 = DEFINITIONAL_REPRESENTATION('',(#1069),#1072);
#1069 = B_SPLINE_CURVE_WITH_KNOTS('',1,(#1070,#1071),.UNSPECIFIED.,.F.,
  .F.,(2,2),(-24.05,47.95),.PIECEWISE_BEZIER_KNOTS.);
#1070 = CARTESIAN_POINT('',(72.,-3.));
#1071 = CARTESIAN_POINT('',(0.,-3.));
#1072 = ( GEOMETRIC_REPRESENTATION_CONTEXT(2) 
PARAMETRIC_REPRESENTATION_CONTEXT() REPRESENTATION_CONTEXT('2D SPACE',''
  ) );
#1073 = ORIENTED_EDGE('',*,*,#1074,.T.);
#1074 = EDGE_CURVE('',#1049,#1075,#1077,.T.);
#1075 = VERTEX_POINT('',#1076);
#1076 = CARTESIAN_POINT('',(-95.9,26.,20.));
#1077 = SURFACE_CURVE('',#1078,(#1082,#1088),.PCURVE_S1.);
#1078 = LINE('',#1079,#1080);
#1079 = CARTESIAN_POINT('',(-95.9,13.,20.));
#1080 = VECTOR('',#1081,1.);
#1081 = DIRECTION('',(-0.,1.,0.));
#1082 = PCURVE('',#188,#1083);
#1083 = DEFINITIONAL_REPRESENTATION('',(#1084),#1087);
#1084 = B_SPLINE_CURVE_WITH_KNOTS('',1,(#1085,#1086),.UNSPECIFIED.,.F.,
  .F.,(2,2),(-39.,13.),.PIECEWISE_BEZIER_KNOTS.);
#1085 = CARTESIAN_POINT('',(-95.9,-26.));
#1086 = CARTESIAN_POINT('',(-95.9,26.));
#1087 = ( GEOMETRIC_REPRESENTATION_CONTEXT(2) 
PARAMETRIC_REPRESENTATION_CONTEXT() REPRESENTATION_CONTEXT('2D SPACE',''
  ) );
#1088 = PCURVE('',#1089,#1094);
#1089 = PLANE('',#1090);
#1090 = AXIS2_PLACEMENT_3D('',#1091,#1092,#1093);
#1091 = CARTESIAN_POINT('',(-95.9,26.,17.));
#1092 = DIRECTION('',(1.,0.,-0.));
#1093 = DIRECTION('',(0.,-1.,0.));
#1094 = DEFINITIONAL_REPRESENTATION('',(#1095),#1098);
#1095 = B_SPLINE_CURVE_WITH_KNOTS('',1,(#1096,#1097),.UNSPECIFIED.,.F.,
  .F.,(2,2),(-39.,13.),.PIECEWISE_BEZIER_KNOTS.);
#1096 = CARTESIAN_POINT('',(52.,-3.));
#1097 = CARTESIAN_POINT('',(0.,-3.));
#1098 = ( GEOMETRIC_REPRESENTATION_CONTEXT(2) 
PARAMETRIC_REPRESENTATION_CONTEXT() REPRESENTATION_CONTEXT('2D SPACE',''
  ) );
#1099 = ORIENTED_EDGE('',*,*,#1100,.T.);
#1100 = EDGE_CURVE('',#1075,#1021,#1101,.T.);
#1101 = SURFACE_CURVE('',#1102,(#1106,#1112),.PCURVE_S1.);
#1102 = LINE('',#1103,#1104);
#1103 = CARTESIAN_POINT('',(-11.95,26.,20.));
#1104 = VECTOR('',#1105,1.);
#1105 = DIRECTION('',(1.,0.,-0.));
#1106 = PCURVE('',#188,#1107);
#1107 = DEFINITIONAL_REPRESENTATION('',(#1108),#1111);
#1108 = B_SPLINE_CURVE_WITH_KNOTS('',1,(#1109,#1110),.UNSPECIFIED.,.F.,
  .F.,(2,2),(-83.95,-11.95),.PIECEWISE_BEZIER_KNOTS.);
#1109 = CARTESIAN_POINT('',(-95.9,26.));
#1110 = CARTESIAN_POINT('',(-23.9,26.));
#1111 = ( GEOMETRIC_REPRESENTATION_CONTEXT(2) 
PARAMETRIC_REPRESENTATION_CONTEXT() REPRESENTATION_CONTEXT('2D SPACE',''
  ) );
#1112 = PCURVE('',#1113,#1118);
#1113 = PLANE('',#1114);
#1114 = AXIS2_PLACEMENT_3D('',#1115,#1116,#1117);
#1115 = CARTESIAN_POINT('',(-23.9,26.,17.));
#1116 = DIRECTION('',(0.,-1.,0.));
#1117 = DIRECTION('',(-1.,0.,0.));
#1118 = DEFINITIONAL_REPRESENTATION('',(#1119),#1122);
#1119 = B_SPLINE_CURVE_WITH_KNOTS('',1,(#1120,#1121),.UNSPECIFIED.,.F.,
  .F.,(2,2),(-83.95,-11.95),.PIECEWISE_BEZIER_KNOTS.);
#1120 = CARTESIAN_POINT('',(72.,-3.));
#1121 = CARTESIAN_POINT('',(0.,-3.));
#1122 = ( GEOMETRIC_REPRESENTATION_CONTEXT(2) 
PARAMETRIC_REPRESENTATION_CONTEXT() REPRESENTATION_CONTEXT('2D SPACE',''
  ) );
#1123 = FACE_BOUND('',#1124,.T.);
#1124 = EDGE_LOOP('',(#1125));
#1125 = ORIENTED_EDGE('',*,*,#1126,.T.);
#1126 = EDGE_CURVE('',#1127,#1127,#1129,.T.);
#1127 = VERTEX_POINT('',#1128);
#1128 = CARTESIAN_POINT('',(-67.75,45.,20.));
#1129 = SURFACE_CURVE('',#1130,(#1135,#1146),.PCURVE_S1.);
#1130 = CIRCLE('',#1131,2.75);
#1131 = AXIS2_PLACEMENT_3D('',#1132,#1133,#1134);
#1132 = CARTESIAN_POINT('',(-65.,45.,20.));
#1133 = DIRECTION('',(0.,0.,-1.));
#1134 = DIRECTION('',(-1.,0.,0.));
#1135 = PCURVE('',#188,#1136);
#1136 = DEFINITIONAL_REPRESENTATION('',(#1137),#1145);
#1137 = ( BOUNDED_CURVE() B_SPLINE_CURVE(2,(#1138,#1139,#1140,#1141,
#1142,#1143,#1144),.UNSPECIFIED.,.T.,.F.) B_SPLINE_CURVE_WITH_KNOTS((1,2
    ,2,2,2,1),(-2.094395102393,0.,2.094395102393,4.188790204786,
6.28318530718,8.377580409573),.UNSPECIFIED.) CURVE() 
GEOMETRIC_REPRESENTATION_ITEM() RATIONAL_B_SPLINE_CURVE((1.,0.5,1.,0.5,
1.,0.5,1.)) REPRESENTATION_ITEM('') );
#1138 = CARTESIAN_POINT('',(-67.75,45.));
#1139 = CARTESIAN_POINT('',(-67.75,49.763139720814));
#1140 = CARTESIAN_POINT('',(-63.625,47.381569860407));
#1141 = CARTESIAN_POINT('',(-59.5,45.));
#1142 = CARTESIAN_POINT('',(-63.625,42.618430139593));
#1143 = CARTESIAN_POINT('',(-67.75,40.236860279186));
#1144 = CARTESIAN_POINT('',(-67.75,45.));
#1145 = ( GEOMETRIC_REPRESENTATION_CONTEXT(2) 
PARAMETRIC_REPRESENTATION_CONTEXT() REPRESENTATION_CONTEXT('2D SPACE',''
  ) );
#1146 = PCURVE('',#655,#1147);
#1147 = DEFINITIONAL_REPRESENTATION('',(#1148),#1152);
#1148 = LINE('',#1149,#1150);
#1149 = CARTESIAN_POINT('',(0.,0.));
#1150 = VECTOR('',#1151,1.);
#1151 = DIRECTION('',(1.,0.));
#1152 = ( GEOMETRIC_REPRESENTATION_CONTEXT(2) 
PARAMETRIC_REPRESENTATION_CONTEXT() REPRESENTATION_CONTEXT('2D SPACE',''
  ) );
#1153 = FACE_BOUND('',#1154,.T.);
#1154 = EDGE_LOOP('',(#1155,#1185,#1213,#1241,#1269,#1297,#1325,#1353,
    #1376,#1404,#1432,#1460,#1488,#1511,#1534,#1562));
#1155 = ORIENTED_EDGE('',*,*,#1156,.F.);
#1156 = EDGE_CURVE('',#1157,#1159,#1161,.T.);
#1157 = VERTEX_POINT('',#1158);
#1158 = CARTESIAN_POINT('',(-4.,-22.4,20.));
#1159 = VERTEX_POINT('',#1160);
#1160 = CARTESIAN_POINT('',(-4.,-52.4,20.));
#1161 = SURFACE_CURVE('',#1162,(#1166,#1173),.PCURVE_S1.);
#1162 = LINE('',#1163,#1164);
#1163 = CARTESIAN_POINT('',(-4.,-22.3,20.));
#1164 = VECTOR('',#1165,1.);
#1165 = DIRECTION('',(-2.22044604925E-16,-1.,0.));
#1166 = PCURVE('',#188,#1167);
#1167 = DEFINITIONAL_REPRESENTATION('',(#1168),#1172);
#1168 = LINE('',#1169,#1170);
#1169 = CARTESIAN_POINT('',(-4.,-22.3));
#1170 = VECTOR('',#1171,1.);
#1171 = DIRECTION('',(-2.22044604925E-16,-1.));
#1172 = ( GEOMETRIC_REPRESENTATION_CONTEXT(2) 
PARAMETRIC_REPRESENTATION_CONTEXT() REPRESENTATION_CONTEXT('2D SPACE',''
  ) );
#1173 = PCURVE('',#1174,#1179);
#1174 = PLANE('',#1175);
#1175 = AXIS2_PLACEMENT_3D('',#1176,#1177,#1178);
#1176 = CARTESIAN_POINT('',(-4.,-34.62413399096,24.274133990966));
#1177 = DIRECTION('',(-1.,2.22044604925E-16,-0.));
#1178 = DIRECTION('',(0.,-0.,-1.));
#1179 = DEFINITIONAL_REPRESENTATION('',(#1180),#1184);
#1180 = LINE('',#1181,#1182);
#1181 = CARTESIAN_POINT('',(4.274133990966,-12.32413399096));
#1182 = VECTOR('',#1183,1.);
#1183 = DIRECTION('',(0.,1.));
#1184 = ( GEOMETRIC_REPRESENTATION_CONTEXT(2) 
PARAMETRIC_REPRESENTATION_CONTEXT() REPRESENTATION_CONTEXT('2D SPACE',''
  ) );
#1185 = ORIENTED_EDGE('',*,*,#1186,.F.);
#1186 = EDGE_CURVE('',#1187,#1157,#1189,.T.);
#1187 = VERTEX_POINT('',#1188);
#1188 = CARTESIAN_POINT('',(-22.4,-22.4,20.));
#1189 = SURFACE_CURVE('',#1190,(#1194,#1201),.PCURVE_S1.);
#1190 = LINE('',#1191,#1192);
#1191 = CARTESIAN_POINT('',(-22.4,-22.4,20.));
#1192 = VECTOR('',#1193,1.);
#1193 = DIRECTION('',(1.,0.,0.));
#1194 = PCURVE('',#188,#1195);
#1195 = DEFINITIONAL_REPRESENTATION('',(#1196),#1200);
#1196 = LINE('',#1197,#1198);
#1197 = CARTESIAN_POINT('',(-22.4,-22.4));
#1198 = VECTOR('',#1199,1.);
#1199 = DIRECTION('',(1.,0.));
#1200 = ( GEOMETRIC_REPRESENTATION_CONTEXT(2) 
PARAMETRIC_REPRESENTATION_CONTEXT() REPRESENTATION_CONTEXT('2D SPACE',''
  ) );
#1201 = PCURVE('',#1202,#1207);
#1202 = PLANE('',#1203);
#1203 = AXIS2_PLACEMENT_3D('',#1204,#1205,#1206);
#1204 = CARTESIAN_POINT('',(-22.4,-22.4,20.));
#1205 = DIRECTION('',(0.,1.,0.));
#1206 = DIRECTION('',(1.,0.,0.));
#1207 = DEFINITIONAL_REPRESENTATION('',(#1208),#1212);
#1208 = LINE('',#1209,#1210);
#1209 = CARTESIAN_POINT('',(0.,0.));
#1210 = VECTOR('',#1211,1.);
#1211 = DIRECTION('',(1.,0.));
#1212 = ( GEOMETRIC_REPRESENTATION_CONTEXT(2) 
PARAMETRIC_REPRESENTATION_CONTEXT() REPRESENTATION_CONTEXT('2D SPACE',''
  ) );
#1213 = ORIENTED_EDGE('',*,*,#1214,.F.);
#1214 = EDGE_CURVE('',#1215,#1187,#1217,.T.);
#1215 = VERTEX_POINT('',#1216);
#1216 = CARTESIAN_POINT('',(-22.4,22.4,20.));
#1217 = SURFACE_CURVE('',#1218,(#1222,#1229),.PCURVE_S1.);
#1218 = LINE('',#1219,#1220);
#1219 = CARTESIAN_POINT('',(-22.4,22.4,20.));
#1220 = VECTOR('',#1221,1.);
#1221 = DIRECTION('',(0.,-1.,0.));
#1222 = PCURVE('',#188,#1223);
#1223 = DEFINITIONAL_REPRESENTATION('',(#1224),#1228);
#1224 = LINE('',#1225,#1226);
#1225 = CARTESIAN_POINT('',(-22.4,22.4));
#1226 = VECTOR('',#1227,1.);
#1227 = DIRECTION('',(0.,-1.));
#1228 = ( GEOMETRIC_REPRESENTATION_CONTEXT(2) 
PARAMETRIC_REPRESENTATION_CONTEXT() REPRESENTATION_CONTEXT('2D SPACE',''
  ) );
#1229 = PCURVE('',#1230,#1235);
#1230 = PLANE('',#1231);
#1231 = AXIS2_PLACEMENT_3D('',#1232,#1233,#1234);
#1232 = CARTESIAN_POINT('',(-22.4,22.4,20.));
#1233 = DIRECTION('',(1.,0.,-0.));
#1234 = DIRECTION('',(0.,-1.,0.));
#1235 = DEFINITIONAL_REPRESENTATION('',(#1236),#1240);
#1236 = LINE('',#1237,#1238);
#1237 = CARTESIAN_POINT('',(0.,0.));
#1238 = VECTOR('',#1239,1.);
#1239 = DIRECTION('',(1.,0.));
#1240 = ( GEOMETRIC_REPRESENTATION_CONTEXT(2) 
PARAMETRIC_REPRESENTATION_CONTEXT() REPRESENTATION_CONTEXT('2D SPACE',''
  ) );
#1241 = ORIENTED_EDGE('',*,*,#1242,.F.);
#1242 = EDGE_CURVE('',#1243,#1215,#1245,.T.);
#1243 = VERTEX_POINT('',#1244);
#1244 = CARTESIAN_POINT('',(-4.,22.4,20.));
#1245 = SURFACE_CURVE('',#1246,(#1250,#1257),.PCURVE_S1.);
#1246 = LINE('',#1247,#1248);
#1247 = CARTESIAN_POINT('',(22.4,22.4,20.));
#1248 = VECTOR('',#1249,1.);
#1249 = DIRECTION('',(-1.,0.,0.));
#1250 = PCURVE('',#188,#1251);
#1251 = DEFINITIONAL_REPRESENTATION('',(#1252),#1256);
#1252 = LINE('',#1253,#1254);
#1253 = CARTESIAN_POINT('',(22.4,22.4));
#1254 = VECTOR('',#1255,1.);
#1255 = DIRECTION('',(-1.,0.));
#1256 = ( GEOMETRIC_REPRESENTATION_CONTEXT(2) 
PARAMETRIC_REPRESENTATION_CONTEXT() REPRESENTATION_CONTEXT('2D SPACE',''
  ) );
#1257 = PCURVE('',#1258,#1263);
#1258 = PLANE('',#1259);
#1259 = AXIS2_PLACEMENT_3D('',#1260,#1261,#1262);
#1260 = CARTESIAN_POINT('',(22.4,22.4,20.));
#1261 = DIRECTION('',(0.,-1.,0.));
#1262 = DIRECTION('',(-1.,0.,0.));
#1263 = DEFINITIONAL_REPRESENTATION('',(#1264),#1268);
#1264 = LINE('',#1265,#1266);
#1265 = CARTESIAN_POINT('',(0.,-0.));
#1266 = VECTOR('',#1267,1.);
#1267 = DIRECTION('',(1.,0.));
#1268 = ( GEOMETRIC_REPRESENTATION_CONTEXT(2) 
PARAMETRIC_REPRESENTATION_CONTEXT() REPRESENTATION_CONTEXT('2D SPACE',''
  ) );
#1269 = ORIENTED_EDGE('',*,*,#1270,.T.);
#1270 = EDGE_CURVE('',#1243,#1271,#1273,.T.);
#1271 = VERTEX_POINT('',#1272);
#1272 = CARTESIAN_POINT('',(-4.,52.4,20.));
#1273 = SURFACE_CURVE('',#1274,(#1278,#1285),.PCURVE_S1.);
#1274 = LINE('',#1275,#1276);
#1275 = CARTESIAN_POINT('',(-4.,22.3,20.));
#1276 = VECTOR('',#1277,1.);
#1277 = DIRECTION('',(1.110223024625E-16,1.,0.));
#1278 = PCURVE('',#188,#1279);
#1279 = DEFINITIONAL_REPRESENTATION('',(#1280),#1284);
#1280 = LINE('',#1281,#1282);
#1281 = CARTESIAN_POINT('',(-4.,22.3));
#1282 = VECTOR('',#1283,1.);
#1283 = DIRECTION('',(1.110223024625E-16,1.));
#1284 = ( GEOMETRIC_REPRESENTATION_CONTEXT(2) 
PARAMETRIC_REPRESENTATION_CONTEXT() REPRESENTATION_CONTEXT('2D SPACE',''
  ) );
#1285 = PCURVE('',#1286,#1291);
#1286 = PLANE('',#1287);
#1287 = AXIS2_PLACEMENT_3D('',#1288,#1289,#1290);
#1288 = CARTESIAN_POINT('',(-4.,34.624133990966,24.274133990966));
#1289 = DIRECTION('',(1.,-1.110223024625E-16,-0.));
#1290 = DIRECTION('',(0.,0.,-1.));
#1291 = DEFINITIONAL_REPRESENTATION('',(#1292),#1296);
#1292 = LINE('',#1293,#1294);
#1293 = CARTESIAN_POINT('',(4.274133990966,-12.32413399096));
#1294 = VECTOR('',#1295,1.);
#1295 = DIRECTION('',(0.,1.));
#1296 = ( GEOMETRIC_REPRESENTATION_CONTEXT(2) 
PARAMETRIC_REPRESENTATION_CONTEXT() REPRESENTATION_CONTEXT('2D SPACE',''
  ) );
#1297 = ORIENTED_EDGE('',*,*,#1298,.T.);
#1298 = EDGE_CURVE('',#1271,#1299,#1301,.T.);
#1299 = VERTEX_POINT('',#1300);
#1300 = CARTESIAN_POINT('',(4.,52.4,20.));
#1301 = SURFACE_CURVE('',#1302,(#1306,#1313),.PCURVE_S1.);
#1302 = LINE('',#1303,#1304);
#1303 = CARTESIAN_POINT('',(-4.,52.4,20.));
#1304 = VECTOR('',#1305,1.);
#1305 = DIRECTION('',(1.,-1.110223024625E-16,0.));
#1306 = PCURVE('',#188,#1307);
#1307 = DEFINITIONAL_REPRESENTATION('',(#1308),#1312);
#1308 = LINE('',#1309,#1310);
#1309 = CARTESIAN_POINT('',(-4.,52.4));
#1310 = VECTOR('',#1311,1.);
#1311 = DIRECTION('',(1.,-1.110223024625E-16));
#1312 = ( GEOMETRIC_REPRESENTATION_CONTEXT(2) 
PARAMETRIC_REPRESENTATION_CONTEXT() REPRESENTATION_CONTEXT('2D SPACE',''
  ) );
#1313 = PCURVE('',#1314,#1319);
#1314 = PLANE('',#1315);
#1315 = AXIS2_PLACEMENT_3D('',#1316,#1317,#1318);
#1316 = CARTESIAN_POINT('',(5.817568649036E-15,52.4,20.));
#1317 = DIRECTION('',(-4.682151885267E-17,-0.421730749716,
    -0.906721111889));
#1318 = DIRECTION('',(-1.006662655332E-16,-0.906721111889,0.421730749716
    ));
#1319 = DEFINITIONAL_REPRESENTATION('',(#1320),#1324);
#1320 = LINE('',#1321,#1322);
#1321 = CARTESIAN_POINT('',(4.026650621329E-16,4.));
#1322 = VECTOR('',#1323,1.);
#1323 = DIRECTION('',(0.,-1.));
#1324 = ( GEOMETRIC_REPRESENTATION_CONTEXT(2) 
PARAMETRIC_REPRESENTATION_CONTEXT() REPRESENTATION_CONTEXT('2D SPACE',''
  ) );
#1325 = ORIENTED_EDGE('',*,*,#1326,.F.);
#1326 = EDGE_CURVE('',#1327,#1299,#1329,.T.);
#1327 = VERTEX_POINT('',#1328);
#1328 = CARTESIAN_POINT('',(4.,22.4,20.));
#1329 = SURFACE_CURVE('',#1330,(#1334,#1341),.PCURVE_S1.);
#1330 = LINE('',#1331,#1332);
#1331 = CARTESIAN_POINT('',(4.,22.3,20.));
#1332 = VECTOR('',#1333,1.);
#1333 = DIRECTION('',(1.110223024625E-16,1.,0.));
#1334 = PCURVE('',#188,#1335);
#1335 = DEFINITIONAL_REPRESENTATION('',(#1336),#1340);
#1336 = LINE('',#1337,#1338);
#1337 = CARTESIAN_POINT('',(4.,22.3));
#1338 = VECTOR('',#1339,1.);
#1339 = DIRECTION('',(1.110223024625E-16,1.));
#1340 = ( GEOMETRIC_REPRESENTATION_CONTEXT(2) 
PARAMETRIC_REPRESENTATION_CONTEXT() REPRESENTATION_CONTEXT('2D SPACE',''
  ) );
#1341 = PCURVE('',#1342,#1347);
#1342 = PLANE('',#1343);
#1343 = AXIS2_PLACEMENT_3D('',#1344,#1345,#1346);
#1344 = CARTESIAN_POINT('',(4.,34.624133990966,24.274133990966));
#1345 = DIRECTION('',(1.,-1.110223024625E-16,-0.));
#1346 = DIRECTION('',(0.,0.,-1.));
#1347 = DEFINITIONAL_REPRESENTATION('',(#1348),#1352);
#1348 = LINE('',#1349,#1350);
#1349 = CARTESIAN_POINT('',(4.274133990966,-12.32413399096));
#1350 = VECTOR('',#1351,1.);
#1351 = DIRECTION('',(0.,1.));
#1352 = ( GEOMETRIC_REPRESENTATION_CONTEXT(2) 
PARAMETRIC_REPRESENTATION_CONTEXT() REPRESENTATION_CONTEXT('2D SPACE',''
  ) );
#1353 = ORIENTED_EDGE('',*,*,#1354,.F.);
#1354 = EDGE_CURVE('',#1355,#1327,#1357,.T.);
#1355 = VERTEX_POINT('',#1356);
#1356 = CARTESIAN_POINT('',(22.4,22.4,20.));
#1357 = SURFACE_CURVE('',#1358,(#1362,#1369),.PCURVE_S1.);
#1358 = LINE('',#1359,#1360);
#1359 = CARTESIAN_POINT('',(22.4,22.4,20.));
#1360 = VECTOR('',#1361,1.);
#1361 = DIRECTION('',(-1.,0.,0.));
#1362 = PCURVE('',#188,#1363);
#1363 = DEFINITIONAL_REPRESENTATION('',(#1364),#1368);
#1364 = LINE('',#1365,#1366);
#1365 = CARTESIAN_POINT('',(22.4,22.4));
#1366 = VECTOR('',#1367,1.);
#1367 = DIRECTION('',(-1.,0.));
#1368 = ( GEOMETRIC_REPRESENTATION_CONTEXT(2) 
PARAMETRIC_REPRESENTATION_CONTEXT() REPRESENTATION_CONTEXT('2D SPACE',''
  ) );
#1369 = PCURVE('',#1258,#1370);
#1370 = DEFINITIONAL_REPRESENTATION('',(#1371),#1375);
#1371 = LINE('',#1372,#1373);
#1372 = CARTESIAN_POINT('',(0.,-0.));
#1373 = VECTOR('',#1374,1.);
#1374 = DIRECTION('',(1.,0.));
#1375 = ( GEOMETRIC_REPRESENTATION_CONTEXT(2) 
PARAMETRIC_REPRESENTATION_CONTEXT() REPRESENTATION_CONTEXT('2D SPACE',''
  ) );
#1376 = ORIENTED_EDGE('',*,*,#1377,.F.);
#1377 = EDGE_CURVE('',#1378,#1355,#1380,.T.);
#1378 = VERTEX_POINT('',#1379);
#1379 = CARTESIAN_POINT('',(22.4,4.,20.));
#1380 = SURFACE_CURVE('',#1381,(#1385,#1392),.PCURVE_S1.);
#1381 = LINE('',#1382,#1383);
#1382 = CARTESIAN_POINT('',(22.4,-22.4,20.));
#1383 = VECTOR('',#1384,1.);
#1384 = DIRECTION('',(0.,1.,0.));
#1385 = PCURVE('',#188,#1386);
#1386 = DEFINITIONAL_REPRESENTATION('',(#1387),#1391);
#1387 = LINE('',#1388,#1389);
#1388 = CARTESIAN_POINT('',(22.4,-22.4));
#1389 = VECTOR('',#1390,1.);
#1390 = DIRECTION('',(0.,1.));
#1391 = ( GEOMETRIC_REPRESENTATION_CONTEXT(2) 
PARAMETRIC_REPRESENTATION_CONTEXT() REPRESENTATION_CONTEXT('2D SPACE',''
  ) );
#1392 = PCURVE('',#1393,#1398);
#1393 = PLANE('',#1394);
#1394 = AXIS2_PLACEMENT_3D('',#1395,#1396,#1397);
#1395 = CARTESIAN_POINT('',(22.4,-22.4,20.));
#1396 = DIRECTION('',(-1.,0.,0.));
#1397 = DIRECTION('',(0.,1.,0.));
#1398 = DEFINITIONAL_REPRESENTATION('',(#1399),#1403);
#1399 = LINE('',#1400,#1401);
#1400 = CARTESIAN_POINT('',(0.,0.));
#1401 = VECTOR('',#1402,1.);
#1402 = DIRECTION('',(1.,0.));
#1403 = ( GEOMETRIC_REPRESENTATION_CONTEXT(2) 
PARAMETRIC_REPRESENTATION_CONTEXT() REPRESENTATION_CONTEXT('2D SPACE',''
  ) );
#1404 = ORIENTED_EDGE('',*,*,#1405,.T.);
#1405 = EDGE_CURVE('',#1378,#1406,#1408,.T.);
#1406 = VERTEX_POINT('',#1407);
#1407 = CARTESIAN_POINT('',(52.4,4.,20.));
#1408 = SURFACE_CURVE('',#1409,(#1413,#1420),.PCURVE_S1.);
#1409 = LINE('',#1410,#1411);
#1410 = CARTESIAN_POINT('',(22.3,4.,20.));
#1411 = VECTOR('',#1412,1.);
#1412 = DIRECTION('',(1.,0.,0.));
#1413 = PCURVE('',#188,#1414);
#1414 = DEFINITIONAL_REPRESENTATION('',(#1415),#1419);
#1415 = LINE('',#1416,#1417);
#1416 = CARTESIAN_POINT('',(22.3,4.));
#1417 = VECTOR('',#1418,1.);
#1418 = DIRECTION('',(1.,0.));
#1419 = ( GEOMETRIC_REPRESENTATION_CONTEXT(2) 
PARAMETRIC_REPRESENTATION_CONTEXT() REPRESENTATION_CONTEXT('2D SPACE',''
  ) );
#1420 = PCURVE('',#1421,#1426);
#1421 = PLANE('',#1422);
#1422 = AXIS2_PLACEMENT_3D('',#1423,#1424,#1425);
#1423 = CARTESIAN_POINT('',(34.624133990966,4.,24.274133990966));
#1424 = DIRECTION('',(-0.,-1.,-0.));
#1425 = DIRECTION('',(0.,0.,-1.));
#1426 = DEFINITIONAL_REPRESENTATION('',(#1427),#1431);
#1427 = LINE('',#1428,#1429);
#1428 = CARTESIAN_POINT('',(4.274133990966,-12.32413399096));
#1429 = VECTOR('',#1430,1.);
#1430 = DIRECTION('',(0.,1.));
#1431 = ( GEOMETRIC_REPRESENTATION_CONTEXT(2) 
PARAMETRIC_REPRESENTATION_CONTEXT() REPRESENTATION_CONTEXT('2D SPACE',''
  ) );
#1432 = ORIENTED_EDGE('',*,*,#1433,.T.);
#1433 = EDGE_CURVE('',#1406,#1434,#1436,.T.);
#1434 = VERTEX_POINT('',#1435);
#1435 = CARTESIAN_POINT('',(52.4,-4.,20.));
#1436 = SURFACE_CURVE('',#1437,(#1441,#1448),.PCURVE_S1.);
#1437 = LINE('',#1438,#1439);
#1438 = CARTESIAN_POINT('',(52.4,4.,20.));
#1439 = VECTOR('',#1440,1.);
#1440 = DIRECTION('',(0.,-1.,0.));
#1441 = PCURVE('',#188,#1442);
#1442 = DEFINITIONAL_REPRESENTATION('',(#1443),#1447);
#1443 = LINE('',#1444,#1445);
#1444 = CARTESIAN_POINT('',(52.4,4.));
#1445 = VECTOR('',#1446,1.);
#1446 = DIRECTION('',(0.,-1.));
#1447 = ( GEOMETRIC_REPRESENTATION_CONTEXT(2) 
PARAMETRIC_REPRESENTATION_CONTEXT() REPRESENTATION_CONTEXT('2D SPACE',''
  ) );
#1448 = PCURVE('',#1449,#1454);
#1449 = PLANE('',#1450);
#1450 = AXIS2_PLACEMENT_3D('',#1451,#1452,#1453);
#1451 = CARTESIAN_POINT('',(52.4,0.,20.));
#1452 = DIRECTION('',(-0.421730749716,-0.,-0.906721111889));
#1453 = DIRECTION('',(-0.906721111889,0.,0.421730749716));
#1454 = DEFINITIONAL_REPRESENTATION('',(#1455),#1459);
#1455 = LINE('',#1456,#1457);
#1456 = CARTESIAN_POINT('',(0.,4.));
#1457 = VECTOR('',#1458,1.);
#1458 = DIRECTION('',(0.,-1.));
#1459 = ( GEOMETRIC_REPRESENTATION_CONTEXT(2) 
PARAMETRIC_REPRESENTATION_CONTEXT() REPRESENTATION_CONTEXT('2D SPACE',''
  ) );
#1460 = ORIENTED_EDGE('',*,*,#1461,.F.);
#1461 = EDGE_CURVE('',#1462,#1434,#1464,.T.);
#1462 = VERTEX_POINT('',#1463);
#1463 = CARTESIAN_POINT('',(22.4,-4.,20.));
#1464 = SURFACE_CURVE('',#1465,(#1469,#1476),.PCURVE_S1.);
#1465 = LINE('',#1466,#1467);
#1466 = CARTESIAN_POINT('',(22.3,-4.,20.));
#1467 = VECTOR('',#1468,1.);
#1468 = DIRECTION('',(1.,0.,0.));
#1469 = PCURVE('',#188,#1470);
#1470 = DEFINITIONAL_REPRESENTATION('',(#1471),#1475);
#1471 = LINE('',#1472,#1473);
#1472 = CARTESIAN_POINT('',(22.3,-4.));
#1473 = VECTOR('',#1474,1.);
#1474 = DIRECTION('',(1.,0.));
#1475 = ( GEOMETRIC_REPRESENTATION_CONTEXT(2) 
PARAMETRIC_REPRESENTATION_CONTEXT() REPRESENTATION_CONTEXT('2D SPACE',''
  ) );
#1476 = PCURVE('',#1477,#1482);
#1477 = PLANE('',#1478);
#1478 = AXIS2_PLACEMENT_3D('',#1479,#1480,#1481);
#1479 = CARTESIAN_POINT('',(34.624133990966,-4.,24.274133990966));
#1480 = DIRECTION('',(-0.,-1.,-0.));
#1481 = DIRECTION('',(0.,0.,-1.));
#1482 = DEFINITIONAL_REPRESENTATION('',(#1483),#1487);
#1483 = LINE('',#1484,#1485);
#1484 = CARTESIAN_POINT('',(4.274133990966,-12.32413399096));
#1485 = VECTOR('',#1486,1.);
#1486 = DIRECTION('',(0.,1.));
#1487 = ( GEOMETRIC_REPRESENTATION_CONTEXT(2) 
PARAMETRIC_REPRESENTATION_CONTEXT() REPRESENTATION_CONTEXT('2D SPACE',''
  ) );
#1488 = ORIENTED_EDGE('',*,*,#1489,.F.);
#1489 = EDGE_CURVE('',#1490,#1462,#1492,.T.);
#1490 = VERTEX_POINT('',#1491);
#1491 = CARTESIAN_POINT('',(22.4,-22.4,20.));
#1492 = SURFACE_CURVE('',#1493,(#1497,#1504),.PCURVE_S1.);
#1493 = LINE('',#1494,#1495);
#1494 = CARTESIAN_POINT('',(22.4,-22.4,20.));
#1495 = VECTOR('',#1496,1.);
#1496 = DIRECTION('',(0.,1.,0.));
#1497 = PCURVE('',#188,#1498);
#1498 = DEFINITIONAL_REPRESENTATION('',(#1499),#1503);
#1499 = LINE('',#1500,#1501);
#1500 = CARTESIAN_POINT('',(22.4,-22.4));
#1501 = VECTOR('',#1502,1.);
#1502 = DIRECTION('',(0.,1.));
#1503 = ( GEOMETRIC_REPRESENTATION_CONTEXT(2) 
PARAMETRIC_REPRESENTATION_CONTEXT() REPRESENTATION_CONTEXT('2D SPACE',''
  ) );
#1504 = PCURVE('',#1393,#1505);
#1505 = DEFINITIONAL_REPRESENTATION('',(#1506),#1510);
#1506 = LINE('',#1507,#1508);
#1507 = CARTESIAN_POINT('',(0.,0.));
#1508 = VECTOR('',#1509,1.);
#1509 = DIRECTION('',(1.,0.));
#1510 = ( GEOMETRIC_REPRESENTATION_CONTEXT(2) 
PARAMETRIC_REPRESENTATION_CONTEXT() REPRESENTATION_CONTEXT('2D SPACE',''
  ) );
#1511 = ORIENTED_EDGE('',*,*,#1512,.F.);
#1512 = EDGE_CURVE('',#1513,#1490,#1515,.T.);
#1513 = VERTEX_POINT('',#1514);
#1514 = CARTESIAN_POINT('',(4.,-22.4,20.));
#1515 = SURFACE_CURVE('',#1516,(#1520,#1527),.PCURVE_S1.);
#1516 = LINE('',#1517,#1518);
#1517 = CARTESIAN_POINT('',(-22.4,-22.4,20.));
#1518 = VECTOR('',#1519,1.);
#1519 = DIRECTION('',(1.,0.,0.));
#1520 = PCURVE('',#188,#1521);
#1521 = DEFINITIONAL_REPRESENTATION('',(#1522),#1526);
#1522 = LINE('',#1523,#1524);
#1523 = CARTESIAN_POINT('',(-22.4,-22.4));
#1524 = VECTOR('',#1525,1.);
#1525 = DIRECTION('',(1.,0.));
#1526 = ( GEOMETRIC_REPRESENTATION_CONTEXT(2) 
PARAMETRIC_REPRESENTATION_CONTEXT() REPRESENTATION_CONTEXT('2D SPACE',''
  ) );
#1527 = PCURVE('',#1202,#1528);
#1528 = DEFINITIONAL_REPRESENTATION('',(#1529),#1533);
#1529 = LINE('',#1530,#1531);
#1530 = CARTESIAN_POINT('',(0.,0.));
#1531 = VECTOR('',#1532,1.);
#1532 = DIRECTION('',(1.,0.));
#1533 = ( GEOMETRIC_REPRESENTATION_CONTEXT(2) 
PARAMETRIC_REPRESENTATION_CONTEXT() REPRESENTATION_CONTEXT('2D SPACE',''
  ) );
#1534 = ORIENTED_EDGE('',*,*,#1535,.T.);
#1535 = EDGE_CURVE('',#1513,#1536,#1538,.T.);
#1536 = VERTEX_POINT('',#1537);
#1537 = CARTESIAN_POINT('',(4.,-52.4,20.));
#1538 = SURFACE_CURVE('',#1539,(#1543,#1550),.PCURVE_S1.);
#1539 = LINE('',#1540,#1541);
#1540 = CARTESIAN_POINT('',(4.,-22.3,20.));
#1541 = VECTOR('',#1542,1.);
#1542 = DIRECTION('',(-2.22044604925E-16,-1.,0.));
#1543 = PCURVE('',#188,#1544);
#1544 = DEFINITIONAL_REPRESENTATION('',(#1545),#1549);
#1545 = LINE('',#1546,#1547);
#1546 = CARTESIAN_POINT('',(4.,-22.3));
#1547 = VECTOR('',#1548,1.);
#1548 = DIRECTION('',(-2.22044604925E-16,-1.));
#1549 = ( GEOMETRIC_REPRESENTATION_CONTEXT(2) 
PARAMETRIC_REPRESENTATION_CONTEXT() REPRESENTATION_CONTEXT('2D SPACE',''
  ) );
#1550 = PCURVE('',#1551,#1556);
#1551 = PLANE('',#1552);
#1552 = AXIS2_PLACEMENT_3D('',#1553,#1554,#1555);
#1553 = CARTESIAN_POINT('',(4.,-34.62413399096,24.274133990966));
#1554 = DIRECTION('',(-1.,2.22044604925E-16,-0.));
#1555 = DIRECTION('',(0.,-0.,-1.));
#1556 = DEFINITIONAL_REPRESENTATION('',(#1557),#1561);
#1557 = LINE('',#1558,#1559);
#1558 = CARTESIAN_POINT('',(4.274133990966,-12.32413399096));
#1559 = VECTOR('',#1560,1.);
#1560 = DIRECTION('',(0.,1.));
#1561 = ( GEOMETRIC_REPRESENTATION_CONTEXT(2) 
PARAMETRIC_REPRESENTATION_CONTEXT() REPRESENTATION_CONTEXT('2D SPACE',''
  ) );
#1562 = ORIENTED_EDGE('',*,*,#1563,.T.);
#1563 = EDGE_CURVE('',#1536,#1159,#1564,.T.);
#1564 = SURFACE_CURVE('',#1565,(#1569,#1576),.PCURVE_S1.);
#1565 = LINE('',#1566,#1567);
#1566 = CARTESIAN_POINT('',(4.,-52.4,20.));
#1567 = VECTOR('',#1568,1.);
#1568 = DIRECTION('',(-1.,2.22044604925E-16,0.));
#1569 = PCURVE('',#188,#1570);
#1570 = DEFINITIONAL_REPRESENTATION('',(#1571),#1575);
#1571 = LINE('',#1572,#1573);
#1572 = CARTESIAN_POINT('',(4.,-52.4));
#1573 = VECTOR('',#1574,1.);
#1574 = DIRECTION('',(-1.,2.22044604925E-16));
#1575 = ( GEOMETRIC_REPRESENTATION_CONTEXT(2) 
PARAMETRIC_REPRESENTATION_CONTEXT() REPRESENTATION_CONTEXT('2D SPACE',''
  ) );
#1576 = PCURVE('',#1577,#1582);
#1577 = PLANE('',#1578);
#1578 = AXIS2_PLACEMENT_3D('',#1579,#1580,#1581);
#1579 = CARTESIAN_POINT('',(-1.163513729807E-14,-52.4,20.));
#1580 = DIRECTION('',(9.364303770533E-17,0.421730749716,-0.906721111889)
  );
#1581 = DIRECTION('',(2.013325310665E-16,0.906721111889,0.421730749716)
  );
#1582 = DEFINITIONAL_REPRESENTATION('',(#1583),#1587);
#1583 = LINE('',#1584,#1585);
#1584 = CARTESIAN_POINT('',(8.053301242659E-16,4.));
#1585 = VECTOR('',#1586,1.);
#1586 = DIRECTION('',(0.,-1.));
#1587 = ( GEOMETRIC_REPRESENTATION_CONTEXT(2) 
PARAMETRIC_REPRESENTATION_CONTEXT() REPRESENTATION_CONTEXT('2D SPACE',''
  ) );
#1588 = FACE_BOUND('',#1589,.T.);
#1589 = EDGE_LOOP('',(#1590));
#1590 = ORIENTED_EDGE('',*,*,#1591,.T.);
#1591 = EDGE_CURVE('',#1592,#1592,#1594,.T.);
#1592 = VERTEX_POINT('',#1593);
#1593 = CARTESIAN_POINT('',(62.25,45.,20.));
#1594 = SURFACE_CURVE('',#1595,(#1600,#1611),.PCURVE_S1.);
#1595 = CIRCLE('',#1596,2.75);
#1596 = AXIS2_PLACEMENT_3D('',#1597,#1598,#1599);
#1597 = CARTESIAN_POINT('',(65.,45.,20.));
#1598 = DIRECTION('',(0.,0.,-1.));
#1599 = DIRECTION('',(-1.,0.,0.));
#1600 = PCURVE('',#188,#1601);
#1601 = DEFINITIONAL_REPRESENTATION('',(#1602),#1610);
#1602 = ( BOUNDED_CURVE() B_SPLINE_CURVE(2,(#1603,#1604,#1605,#1606,
#1607,#1608,#1609),.UNSPECIFIED.,.T.,.F.) B_SPLINE_CURVE_WITH_KNOTS((1,2
    ,2,2,2,1),(-2.094395102393,0.,2.094395102393,4.188790204786,
6.28318530718,8.377580409573),.UNSPECIFIED.) CURVE() 
GEOMETRIC_REPRESENTATION_ITEM() RATIONAL_B_SPLINE_CURVE((1.,0.5,1.,0.5,
1.,0.5,1.)) REPRESENTATION_ITEM('') );
#1603 = CARTESIAN_POINT('',(62.25,45.));
#1604 = CARTESIAN_POINT('',(62.25,49.763139720814));
#1605 = CARTESIAN_POINT('',(66.375,47.381569860407));
#1606 = CARTESIAN_POINT('',(70.5,45.));
#1607 = CARTESIAN_POINT('',(66.375,42.618430139593));
#1608 = CARTESIAN_POINT('',(62.25,40.236860279186));
#1609 = CARTESIAN_POINT('',(62.25,45.));
#1610 = ( GEOMETRIC_REPRESENTATION_CONTEXT(2) 
PARAMETRIC_REPRESENTATION_CONTEXT() REPRESENTATION_CONTEXT('2D SPACE',''
  ) );
#1611 = PCURVE('',#721,#1612);
#1612 = DEFINITIONAL_REPRESENTATION('',(#1613),#1617);
#1613 = LINE('',#1614,#1615);
#1614 = CARTESIAN_POINT('',(0.,0.));
#1615 = VECTOR('',#1616,1.);
#1616 = DIRECTION('',(1.,0.));
#1617 = ( GEOMETRIC_REPRESENTATION_CONTEXT(2) 
PARAMETRIC_REPRESENTATION_CONTEXT() REPRESENTATION_CONTEXT('2D SPACE',''
  ) );
#1618 = ADVANCED_FACE('',(#1619),#384,.F.);
#1619 = FACE_BOUND('',#1620,.F.);
#1620 = EDGE_LOOP('',(#1621,#1622,#1643,#1644));
#1621 = ORIENTED_EDGE('',*,*,#368,.F.);
#1622 = ORIENTED_EDGE('',*,*,#1623,.T.);
#1623 = EDGE_CURVE('',#340,#913,#1624,.T.);
#1624 = SURFACE_CURVE('',#1625,(#1629,#1636),.PCURVE_S1.);
#1625 = LINE('',#1626,#1627);
#1626 = CARTESIAN_POINT('',(-99.9,52.,0.));
#1627 = VECTOR('',#1628,1.);
#1628 = DIRECTION('',(0.,0.,1.));
#1629 = PCURVE('',#384,#1630);
#1630 = DEFINITIONAL_REPRESENTATION('',(#1631),#1635);
#1631 = LINE('',#1632,#1633);
#1632 = CARTESIAN_POINT('',(8.,0.));
#1633 = VECTOR('',#1634,1.);
#1634 = DIRECTION('',(0.,-1.));
#1635 = ( GEOMETRIC_REPRESENTATION_CONTEXT(2) 
PARAMETRIC_REPRESENTATION_CONTEXT() REPRESENTATION_CONTEXT('2D SPACE',''
  ) );
#1636 = PCURVE('',#356,#1637);
#1637 = DEFINITIONAL_REPRESENTATION('',(#1638),#1642);
#1638 = LINE('',#1639,#1640);
#1639 = CARTESIAN_POINT('',(1.570796326795,0.));
#1640 = VECTOR('',#1641,1.);
#1641 = DIRECTION('',(0.,1.));
#1642 = ( GEOMETRIC_REPRESENTATION_CONTEXT(2) 
PARAMETRIC_REPRESENTATION_CONTEXT() REPRESENTATION_CONTEXT('2D SPACE',''
  ) );
#1643 = ORIENTED_EDGE('',*,*,#936,.T.);
#1644 = ORIENTED_EDGE('',*,*,#737,.F.);
#1645 = ADVANCED_FACE('',(#1646),#270,.F.);
#1646 = FACE_BOUND('',#1647,.F.);
#1647 = EDGE_LOOP('',(#1648,#1649,#1650,#1651));
#1648 = ORIENTED_EDGE('',*,*,#254,.F.);
#1649 = ORIENTED_EDGE('',*,*,#791,.T.);
#1650 = ORIENTED_EDGE('',*,*,#842,.T.);
#1651 = ORIENTED_EDGE('',*,*,#1652,.F.);
#1652 = EDGE_CURVE('',#255,#843,#1653,.T.);
#1653 = SURFACE_CURVE('',#1654,(#1658,#1665),.PCURVE_S1.);
#1654 = LINE('',#1655,#1656);
#1655 = CARTESIAN_POINT('',(99.9,52.,0.));
#1656 = VECTOR('',#1657,1.);
#1657 = DIRECTION('',(0.,0.,1.));
#1658 = PCURVE('',#270,#1659);
#1659 = DEFINITIONAL_REPRESENTATION('',(#1660),#1664);
#1660 = LINE('',#1661,#1662);
#1661 = CARTESIAN_POINT('',(112.,0.));
#1662 = VECTOR('',#1663,1.);
#1663 = DIRECTION('',(0.,-1.));
#1664 = ( GEOMETRIC_REPRESENTATION_CONTEXT(2) 
PARAMETRIC_REPRESENTATION_CONTEXT() REPRESENTATION_CONTEXT('2D SPACE',''
  ) );
#1665 = PCURVE('',#299,#1666);
#1666 = DEFINITIONAL_REPRESENTATION('',(#1667),#1671);
#1667 = LINE('',#1668,#1669);
#1668 = CARTESIAN_POINT('',(0.,0.));
#1669 = VECTOR('',#1670,1.);
#1670 = DIRECTION('',(0.,1.));
#1671 = ( GEOMETRIC_REPRESENTATION_CONTEXT(2) 
PARAMETRIC_REPRESENTATION_CONTEXT() REPRESENTATION_CONTEXT('2D SPACE',''
  ) );
#1672 = ADVANCED_FACE('',(#1673),#356,.T.);
#1673 = FACE_BOUND('',#1674,.T.);
#1674 = EDGE_LOOP('',(#1675,#1676,#1677,#1678));
#1675 = ORIENTED_EDGE('',*,*,#339,.T.);
#1676 = ORIENTED_EDGE('',*,*,#1623,.T.);
#1677 = ORIENTED_EDGE('',*,*,#912,.F.);
#1678 = ORIENTED_EDGE('',*,*,#1679,.F.);
#1679 = EDGE_CURVE('',#312,#890,#1680,.T.);
#1680 = SURFACE_CURVE('',#1681,(#1685,#1692),.PCURVE_S1.);
#1681 = LINE('',#1682,#1683);
#1682 = CARTESIAN_POINT('',(-91.9,60.,0.));
#1683 = VECTOR('',#1684,1.);
#1684 = DIRECTION('',(0.,0.,1.));
#1685 = PCURVE('',#356,#1686);
#1686 = DEFINITIONAL_REPRESENTATION('',(#1687),#1691);
#1687 = LINE('',#1688,#1689);
#1688 = CARTESIAN_POINT('',(0.,0.));
#1689 = VECTOR('',#1690,1.);
#1690 = DIRECTION('',(0.,1.));
#1691 = ( GEOMETRIC_REPRESENTATION_CONTEXT(2) 
PARAMETRIC_REPRESENTATION_CONTEXT() REPRESENTATION_CONTEXT('2D SPACE',''
  ) );
#1692 = PCURVE('',#327,#1693);
#1693 = DEFINITIONAL_REPRESENTATION('',(#1694),#1698);
#1694 = LINE('',#1695,#1696);
#1695 = CARTESIAN_POINT('',(191.8,0.));
#1696 = VECTOR('',#1697,1.);
#1697 = DIRECTION('',(0.,-1.));
#1698 = ( GEOMETRIC_REPRESENTATION_CONTEXT(2) 
PARAMETRIC_REPRESENTATION_CONTEXT() REPRESENTATION_CONTEXT('2D SPACE',''
  ) );
#1699 = ADVANCED_FACE('',(#1700),#299,.T.);
#1700 = FACE_BOUND('',#1701,.T.);
#1701 = EDGE_LOOP('',(#1702,#1703,#1724,#1725));
#1702 = ORIENTED_EDGE('',*,*,#282,.T.);
#1703 = ORIENTED_EDGE('',*,*,#1704,.T.);
#1704 = EDGE_CURVE('',#283,#866,#1705,.T.);
#1705 = SURFACE_CURVE('',#1706,(#1710,#1717),.PCURVE_S1.);
#1706 = LINE('',#1707,#1708);
#1707 = CARTESIAN_POINT('',(91.9,60.,0.));
#1708 = VECTOR('',#1709,1.);
#1709 = DIRECTION('',(0.,0.,1.));
#1710 = PCURVE('',#299,#1711);
#1711 = DEFINITIONAL_REPRESENTATION('',(#1712),#1716);
#1712 = LINE('',#1713,#1714);
#1713 = CARTESIAN_POINT('',(1.570796326795,0.));
#1714 = VECTOR('',#1715,1.);
#1715 = DIRECTION('',(0.,1.));
#1716 = ( GEOMETRIC_REPRESENTATION_CONTEXT(2) 
PARAMETRIC_REPRESENTATION_CONTEXT() REPRESENTATION_CONTEXT('2D SPACE',''
  ) );
#1717 = PCURVE('',#327,#1718);
#1718 = DEFINITIONAL_REPRESENTATION('',(#1719),#1723);
#1719 = LINE('',#1720,#1721);
#1720 = CARTESIAN_POINT('',(8.,0.));
#1721 = VECTOR('',#1722,1.);
#1722 = DIRECTION('',(0.,-1.));
#1723 = ( GEOMETRIC_REPRESENTATION_CONTEXT(2) 
PARAMETRIC_REPRESENTATION_CONTEXT() REPRESENTATION_CONTEXT('2D SPACE',''
  ) );
#1724 = ORIENTED_EDGE('',*,*,#865,.F.);
#1725 = ORIENTED_EDGE('',*,*,#1652,.F.);
#1726 = ADVANCED_FACE('',(#1727),#327,.F.);
#1727 = FACE_BOUND('',#1728,.F.);
#1728 = EDGE_LOOP('',(#1729,#1730,#1731,#1732));
#1729 = ORIENTED_EDGE('',*,*,#311,.F.);
#1730 = ORIENTED_EDGE('',*,*,#1704,.T.);
#1731 = ORIENTED_EDGE('',*,*,#889,.T.);
#1732 = ORIENTED_EDGE('',*,*,#1679,.F.);
#1733 = ADVANCED_FACE('',(#1734),#445,.F.);
#1734 = FACE_BOUND('',#1735,.F.);
#1735 = EDGE_LOOP('',(#1736,#1737,#1758,#1759));
#1736 = ORIENTED_EDGE('',*,*,#424,.F.);
#1737 = ORIENTED_EDGE('',*,*,#1738,.F.);
#1738 = EDGE_CURVE('',#961,#425,#1739,.T.);
#1739 = SEAM_CURVE('',#1740,(#1744,#1751),.PCURVE_S1.);
#1740 = LINE('',#1741,#1742);
#1741 = CARTESIAN_POINT('',(-67.75,-45.,20.));
#1742 = VECTOR('',#1743,1.);
#1743 = DIRECTION('',(0.,0.,-1.));
#1744 = PCURVE('',#445,#1745);
#1745 = DEFINITIONAL_REPRESENTATION('',(#1746),#1750);
#1746 = LINE('',#1747,#1748);
#1747 = CARTESIAN_POINT('',(6.28318530718,-0.));
#1748 = VECTOR('',#1749,1.);
#1749 = DIRECTION('',(0.,1.));
#1750 = ( GEOMETRIC_REPRESENTATION_CONTEXT(2) 
PARAMETRIC_REPRESENTATION_CONTEXT() REPRESENTATION_CONTEXT('2D SPACE',''
  ) );
#1751 = PCURVE('',#445,#1752);
#1752 = DEFINITIONAL_REPRESENTATION('',(#1753),#1757);
#1753 = LINE('',#1754,#1755);
#1754 = CARTESIAN_POINT('',(0.,-0.));
#1755 = VECTOR('',#1756,1.);
#1756 = DIRECTION('',(0.,1.));
#1757 = ( GEOMETRIC_REPRESENTATION_CONTEXT(2) 
PARAMETRIC_REPRESENTATION_CONTEXT() REPRESENTATION_CONTEXT('2D SPACE',''
  ) );
#1758 = ORIENTED_EDGE('',*,*,#960,.T.);
#1759 = ORIENTED_EDGE('',*,*,#1738,.T.);
#1760 = ADVANCED_FACE('',(#1761),#480,.F.);
#1761 = FACE_BOUND('',#1762,.T.);
#1762 = EDGE_LOOP('',(#1763,#1764,#1787,#1818));
#1763 = ORIENTED_EDGE('',*,*,#459,.T.);
#1764 = ORIENTED_EDGE('',*,*,#1765,.T.);
#1765 = EDGE_CURVE('',#460,#1766,#1768,.T.);
#1766 = VERTEX_POINT('',#1767);
#1767 = CARTESIAN_POINT('',(-83.6,-14.5,4.));
#1768 = SEAM_CURVE('',#1769,(#1773,#1780),.PCURVE_S1.);
#1769 = LINE('',#1770,#1771);
#1770 = CARTESIAN_POINT('',(-83.6,-14.5,-2.));
#1771 = VECTOR('',#1772,1.);
#1772 = DIRECTION('',(0.,0.,1.));
#1773 = PCURVE('',#480,#1774);
#1774 = DEFINITIONAL_REPRESENTATION('',(#1775),#1779);
#1775 = LINE('',#1776,#1777);
#1776 = CARTESIAN_POINT('',(-6.28318530718,0.));
#1777 = VECTOR('',#1778,1.);
#1778 = DIRECTION('',(-0.,-1.));
#1779 = ( GEOMETRIC_REPRESENTATION_CONTEXT(2) 
PARAMETRIC_REPRESENTATION_CONTEXT() REPRESENTATION_CONTEXT('2D SPACE',''
  ) );
#1780 = PCURVE('',#480,#1781);
#1781 = DEFINITIONAL_REPRESENTATION('',(#1782),#1786);
#1782 = LINE('',#1783,#1784);
#1783 = CARTESIAN_POINT('',(-0.,0.));
#1784 = VECTOR('',#1785,1.);
#1785 = DIRECTION('',(-0.,-1.));
#1786 = ( GEOMETRIC_REPRESENTATION_CONTEXT(2) 
PARAMETRIC_REPRESENTATION_CONTEXT() REPRESENTATION_CONTEXT('2D SPACE',''
  ) );
#1787 = ORIENTED_EDGE('',*,*,#1788,.F.);
#1788 = EDGE_CURVE('',#1766,#1766,#1789,.T.);
#1789 = SURFACE_CURVE('',#1790,(#1795,#1802),.PCURVE_S1.);
#1790 = CIRCLE('',#1791,0.8);
#1791 = AXIS2_PLACEMENT_3D('',#1792,#1793,#1794);
#1792 = CARTESIAN_POINT('',(-84.4,-14.5,4.));
#1793 = DIRECTION('',(0.,0.,-1.));
#1794 = DIRECTION('',(1.,0.,0.));
#1795 = PCURVE('',#480,#1796);
#1796 = DEFINITIONAL_REPRESENTATION('',(#1797),#1801);
#1797 = LINE('',#1798,#1799);
#1798 = CARTESIAN_POINT('',(-6.28318530718,-6.));
#1799 = VECTOR('',#1800,1.);
#1800 = DIRECTION('',(1.,-0.));
#1801 = ( GEOMETRIC_REPRESENTATION_CONTEXT(2) 
PARAMETRIC_REPRESENTATION_CONTEXT() REPRESENTATION_CONTEXT('2D SPACE',''
  ) );
#1802 = PCURVE('',#1803,#1808);
#1803 = PLANE('',#1804);
#1804 = AXIS2_PLACEMENT_3D('',#1805,#1806,#1807);
#1805 = CARTESIAN_POINT('',(-59.9,6.17863248487E-16,4.));
#1806 = DIRECTION('',(0.,0.,1.));
#1807 = DIRECTION('',(1.,0.,-0.));
#1808 = DEFINITIONAL_REPRESENTATION('',(#1809),#1817);
#1809 = ( BOUNDED_CURVE() B_SPLINE_CURVE(2,(#1810,#1811,#1812,#1813,
#1814,#1815,#1816),.UNSPECIFIED.,.T.,.F.) B_SPLINE_CURVE_WITH_KNOTS((1,2
    ,2,2,2,1),(-2.094395102393,0.,2.094395102393,4.188790204786,
6.28318530718,8.377580409573),.UNSPECIFIED.) CURVE() 
GEOMETRIC_REPRESENTATION_ITEM() RATIONAL_B_SPLINE_CURVE((1.,0.5,1.,0.5,
1.,0.5,1.)) REPRESENTATION_ITEM('') );
#1810 = CARTESIAN_POINT('',(-23.7,-14.5));
#1811 = CARTESIAN_POINT('',(-23.7,-15.88564064605));
#1812 = CARTESIAN_POINT('',(-24.9,-15.19282032302));
#1813 = CARTESIAN_POINT('',(-26.1,-14.5));
#1814 = CARTESIAN_POINT('',(-24.9,-13.80717967697));
#1815 = CARTESIAN_POINT('',(-23.7,-13.11435935394));
#1816 = CARTESIAN_POINT('',(-23.7,-14.5));
#1817 = ( GEOMETRIC_REPRESENTATION_CONTEXT(2) 
PARAMETRIC_REPRESENTATION_CONTEXT() REPRESENTATION_CONTEXT('2D SPACE',''
  ) );
#1818 = ORIENTED_EDGE('',*,*,#1765,.F.);
#1819 = ADVANCED_FACE('',(#1820),#515,.F.);
#1820 = FACE_BOUND('',#1821,.T.);
#1821 = EDGE_LOOP('',(#1822,#1823,#1846,#1872));
#1822 = ORIENTED_EDGE('',*,*,#494,.T.);
#1823 = ORIENTED_EDGE('',*,*,#1824,.T.);
#1824 = EDGE_CURVE('',#495,#1825,#1827,.T.);
#1825 = VERTEX_POINT('',#1826);
#1826 = CARTESIAN_POINT('',(-54.6,-14.5,4.));
#1827 = SEAM_CURVE('',#1828,(#1832,#1839),.PCURVE_S1.);
#1828 = LINE('',#1829,#1830);
#1829 = CARTESIAN_POINT('',(-54.6,-14.5,-2.));
#1830 = VECTOR('',#1831,1.);
#1831 = DIRECTION('',(0.,0.,1.));
#1832 = PCURVE('',#515,#1833);
#1833 = DEFINITIONAL_REPRESENTATION('',(#1834),#1838);
#1834 = LINE('',#1835,#1836);
#1835 = CARTESIAN_POINT('',(-6.28318530718,0.));
#1836 = VECTOR('',#1837,1.);
#1837 = DIRECTION('',(-0.,-1.));
#1838 = ( GEOMETRIC_REPRESENTATION_CONTEXT(2) 
PARAMETRIC_REPRESENTATION_CONTEXT() REPRESENTATION_CONTEXT('2D SPACE',''
  ) );
#1839 = PCURVE('',#515,#1840);
#1840 = DEFINITIONAL_REPRESENTATION('',(#1841),#1845);
#1841 = LINE('',#1842,#1843);
#1842 = CARTESIAN_POINT('',(-0.,0.));
#1843 = VECTOR('',#1844,1.);
#1844 = DIRECTION('',(-0.,-1.));
#1845 = ( GEOMETRIC_REPRESENTATION_CONTEXT(2) 
PARAMETRIC_REPRESENTATION_CONTEXT() REPRESENTATION_CONTEXT('2D SPACE',''
  ) );
#1846 = ORIENTED_EDGE('',*,*,#1847,.F.);
#1847 = EDGE_CURVE('',#1825,#1825,#1848,.T.);
#1848 = SURFACE_CURVE('',#1849,(#1854,#1861),.PCURVE_S1.);
#1849 = CIRCLE('',#1850,0.8);
#1850 = AXIS2_PLACEMENT_3D('',#1851,#1852,#1853);
#1851 = CARTESIAN_POINT('',(-55.4,-14.5,4.));
#1852 = DIRECTION('',(0.,0.,-1.));
#1853 = DIRECTION('',(1.,0.,0.));
#1854 = PCURVE('',#515,#1855);
#1855 = DEFINITIONAL_REPRESENTATION('',(#1856),#1860);
#1856 = LINE('',#1857,#1858);
#1857 = CARTESIAN_POINT('',(-6.28318530718,-6.));
#1858 = VECTOR('',#1859,1.);
#1859 = DIRECTION('',(1.,-0.));
#1860 = ( GEOMETRIC_REPRESENTATION_CONTEXT(2) 
PARAMETRIC_REPRESENTATION_CONTEXT() REPRESENTATION_CONTEXT('2D SPACE',''
  ) );
#1861 = PCURVE('',#1803,#1862);
#1862 = DEFINITIONAL_REPRESENTATION('',(#1863),#1871);
#1863 = ( BOUNDED_CURVE() B_SPLINE_CURVE(2,(#1864,#1865,#1866,#1867,
#1868,#1869,#1870),.UNSPECIFIED.,.T.,.F.) B_SPLINE_CURVE_WITH_KNOTS((1,2
    ,2,2,2,1),(-2.094395102393,0.,2.094395102393,4.188790204786,
6.28318530718,8.377580409573),.UNSPECIFIED.) CURVE() 
GEOMETRIC_REPRESENTATION_ITEM() RATIONAL_B_SPLINE_CURVE((1.,0.5,1.,0.5,
1.,0.5,1.)) REPRESENTATION_ITEM('') );
#1864 = CARTESIAN_POINT('',(5.3,-14.5));
#1865 = CARTESIAN_POINT('',(5.3,-15.88564064605));
#1866 = CARTESIAN_POINT('',(4.1,-15.19282032302));
#1867 = CARTESIAN_POINT('',(2.9,-14.5));
#1868 = CARTESIAN_POINT('',(4.1,-13.80717967697));
#1869 = CARTESIAN_POINT('',(5.3,-13.11435935394));
#1870 = CARTESIAN_POINT('',(5.3,-14.5));
#1871 = ( GEOMETRIC_REPRESENTATION_CONTEXT(2) 
PARAMETRIC_REPRESENTATION_CONTEXT() REPRESENTATION_CONTEXT('2D SPACE',''
  ) );
#1872 = ORIENTED_EDGE('',*,*,#1824,.F.);
#1873 = ADVANCED_FACE('',(#1874),#550,.F.);
#1874 = FACE_BOUND('',#1875,.F.);
#1875 = EDGE_LOOP('',(#1876,#1877,#1898,#1899));
#1876 = ORIENTED_EDGE('',*,*,#529,.F.);
#1877 = ORIENTED_EDGE('',*,*,#1878,.F.);
#1878 = EDGE_CURVE('',#991,#530,#1879,.T.);
#1879 = SEAM_CURVE('',#1880,(#1884,#1891),.PCURVE_S1.);
#1880 = LINE('',#1881,#1882);
#1881 = CARTESIAN_POINT('',(62.25,-45.,20.));
#1882 = VECTOR('',#1883,1.);
#1883 = DIRECTION('',(0.,0.,-1.));
#1884 = PCURVE('',#550,#1885);
#1885 = DEFINITIONAL_REPRESENTATION('',(#1886),#1890);
#1886 = LINE('',#1887,#1888);
#1887 = CARTESIAN_POINT('',(6.28318530718,-0.));
#1888 = VECTOR('',#1889,1.);
#1889 = DIRECTION('',(0.,1.));
#1890 = ( GEOMETRIC_REPRESENTATION_CONTEXT(2) 
PARAMETRIC_REPRESENTATION_CONTEXT() REPRESENTATION_CONTEXT('2D SPACE',''
  ) );
#1891 = PCURVE('',#550,#1892);
#1892 = DEFINITIONAL_REPRESENTATION('',(#1893),#1897);
#1893 = LINE('',#1894,#1895);
#1894 = CARTESIAN_POINT('',(0.,-0.));
#1895 = VECTOR('',#1896,1.);
#1896 = DIRECTION('',(0.,1.));
#1897 = ( GEOMETRIC_REPRESENTATION_CONTEXT(2) 
PARAMETRIC_REPRESENTATION_CONTEXT() REPRESENTATION_CONTEXT('2D SPACE',''
  ) );
#1898 = ORIENTED_EDGE('',*,*,#990,.T.);
#1899 = ORIENTED_EDGE('',*,*,#1878,.T.);
#1900 = ADVANCED_FACE('',(#1901),#585,.F.);
#1901 = FACE_BOUND('',#1902,.T.);
#1902 = EDGE_LOOP('',(#1903,#1904,#1927,#1953));
#1903 = ORIENTED_EDGE('',*,*,#564,.T.);
#1904 = ORIENTED_EDGE('',*,*,#1905,.T.);
#1905 = EDGE_CURVE('',#565,#1906,#1908,.T.);
#1906 = VERTEX_POINT('',#1907);
#1907 = CARTESIAN_POINT('',(-83.6,14.5,4.));
#1908 = SEAM_CURVE('',#1909,(#1913,#1920),.PCURVE_S1.);
#1909 = LINE('',#1910,#1911);
#1910 = CARTESIAN_POINT('',(-83.6,14.5,-2.));
#1911 = VECTOR('',#1912,1.);
#1912 = DIRECTION('',(0.,0.,1.));
#1913 = PCURVE('',#585,#1914);
#1914 = DEFINITIONAL_REPRESENTATION('',(#1915),#1919);
#1915 = LINE('',#1916,#1917);
#1916 = CARTESIAN_POINT('',(-6.28318530718,0.));
#1917 = VECTOR('',#1918,1.);
#1918 = DIRECTION('',(-0.,-1.));
#1919 = ( GEOMETRIC_REPRESENTATION_CONTEXT(2) 
PARAMETRIC_REPRESENTATION_CONTEXT() REPRESENTATION_CONTEXT('2D SPACE',''
  ) );
#1920 = PCURVE('',#585,#1921);
#1921 = DEFINITIONAL_REPRESENTATION('',(#1922),#1926);
#1922 = LINE('',#1923,#1924);
#1923 = CARTESIAN_POINT('',(-0.,0.));
#1924 = VECTOR('',#1925,1.);
#1925 = DIRECTION('',(-0.,-1.));
#1926 = ( GEOMETRIC_REPRESENTATION_CONTEXT(2) 
PARAMETRIC_REPRESENTATION_CONTEXT() REPRESENTATION_CONTEXT('2D SPACE',''
  ) );
#1927 = ORIENTED_EDGE('',*,*,#1928,.F.);
#1928 = EDGE_CURVE('',#1906,#1906,#1929,.T.);
#1929 = SURFACE_CURVE('',#1930,(#1935,#1942),.PCURVE_S1.);
#1930 = CIRCLE('',#1931,0.8);
#1931 = AXIS2_PLACEMENT_3D('',#1932,#1933,#1934);
#1932 = CARTESIAN_POINT('',(-84.4,14.5,4.));
#1933 = DIRECTION('',(0.,0.,-1.));
#1934 = DIRECTION('',(1.,0.,0.));
#1935 = PCURVE('',#585,#1936);
#1936 = DEFINITIONAL_REPRESENTATION('',(#1937),#1941);
#1937 = LINE('',#1938,#1939);
#1938 = CARTESIAN_POINT('',(-6.28318530718,-6.));
#1939 = VECTOR('',#1940,1.);
#1940 = DIRECTION('',(1.,-0.));
#1941 = ( GEOMETRIC_REPRESENTATION_CONTEXT(2) 
PARAMETRIC_REPRESENTATION_CONTEXT() REPRESENTATION_CONTEXT('2D SPACE',''
  ) );
#1942 = PCURVE('',#1803,#1943);
#1943 = DEFINITIONAL_REPRESENTATION('',(#1944),#1952);
#1944 = ( BOUNDED_CURVE() B_SPLINE_CURVE(2,(#1945,#1946,#1947,#1948,
#1949,#1950,#1951),.UNSPECIFIED.,.T.,.F.) B_SPLINE_CURVE_WITH_KNOTS((1,2
    ,2,2,2,1),(-2.094395102393,0.,2.094395102393,4.188790204786,
6.28318530718,8.377580409573),.UNSPECIFIED.) CURVE() 
GEOMETRIC_REPRESENTATION_ITEM() RATIONAL_B_SPLINE_CURVE((1.,0.5,1.,0.5,
1.,0.5,1.)) REPRESENTATION_ITEM('') );
#1945 = CARTESIAN_POINT('',(-23.7,14.5));
#1946 = CARTESIAN_POINT('',(-23.7,13.114359353945));
#1947 = CARTESIAN_POINT('',(-24.9,13.807179676972));
#1948 = CARTESIAN_POINT('',(-26.1,14.5));
#1949 = CARTESIAN_POINT('',(-24.9,15.192820323028));
#1950 = CARTESIAN_POINT('',(-23.7,15.885640646055));
#1951 = CARTESIAN_POINT('',(-23.7,14.5));
#1952 = ( GEOMETRIC_REPRESENTATION_CONTEXT(2) 
PARAMETRIC_REPRESENTATION_CONTEXT() REPRESENTATION_CONTEXT('2D SPACE',''
  ) );
#1953 = ORIENTED_EDGE('',*,*,#1905,.F.);
#1954 = ADVANCED_FACE('',(#1955),#620,.F.);
#1955 = FACE_BOUND('',#1956,.T.);
#1956 = EDGE_LOOP('',(#1957,#1958,#1981,#2007));
#1957 = ORIENTED_EDGE('',*,*,#599,.T.);
#1958 = ORIENTED_EDGE('',*,*,#1959,.T.);
#1959 = EDGE_CURVE('',#600,#1960,#1962,.T.);
#1960 = VERTEX_POINT('',#1961);
#1961 = CARTESIAN_POINT('',(-54.6,14.5,4.));
#1962 = SEAM_CURVE('',#1963,(#1967,#1974),.PCURVE_S1.);
#1963 = LINE('',#1964,#1965);
#1964 = CARTESIAN_POINT('',(-54.6,14.5,-2.));
#1965 = VECTOR('',#1966,1.);
#1966 = DIRECTION('',(0.,0.,1.));
#1967 = PCURVE('',#620,#1968);
#1968 = DEFINITIONAL_REPRESENTATION('',(#1969),#1973);
#1969 = LINE('',#1970,#1971);
#1970 = CARTESIAN_POINT('',(-6.28318530718,0.));
#1971 = VECTOR('',#1972,1.);
#1972 = DIRECTION('',(-0.,-1.));
#1973 = ( GEOMETRIC_REPRESENTATION_CONTEXT(2) 
PARAMETRIC_REPRESENTATION_CONTEXT() REPRESENTATION_CONTEXT('2D SPACE',''
  ) );
#1974 = PCURVE('',#620,#1975);
#1975 = DEFINITIONAL_REPRESENTATION('',(#1976),#1980);
#1976 = LINE('',#1977,#1978);
#1977 = CARTESIAN_POINT('',(-0.,0.));
#1978 = VECTOR('',#1979,1.);
#1979 = DIRECTION('',(-0.,-1.));
#1980 = ( GEOMETRIC_REPRESENTATION_CONTEXT(2) 
PARAMETRIC_REPRESENTATION_CONTEXT() REPRESENTATION_CONTEXT('2D SPACE',''
  ) );
#1981 = ORIENTED_EDGE('',*,*,#1982,.F.);
#1982 = EDGE_CURVE('',#1960,#1960,#1983,.T.);
#1983 = SURFACE_CURVE('',#1984,(#1989,#1996),.PCURVE_S1.);
#1984 = CIRCLE('',#1985,0.8);
#1985 = AXIS2_PLACEMENT_3D('',#1986,#1987,#1988);
#1986 = CARTESIAN_POINT('',(-55.4,14.5,4.));
#1987 = DIRECTION('',(0.,0.,-1.));
#1988 = DIRECTION('',(1.,0.,0.));
#1989 = PCURVE('',#620,#1990);
#1990 = DEFINITIONAL_REPRESENTATION('',(#1991),#1995);
#1991 = LINE('',#1992,#1993);
#1992 = CARTESIAN_POINT('',(-6.28318530718,-6.));
#1993 = VECTOR('',#1994,1.);
#1994 = DIRECTION('',(1.,-0.));
#1995 = ( GEOMETRIC_REPRESENTATION_CONTEXT(2) 
PARAMETRIC_REPRESENTATION_CONTEXT() REPRESENTATION_CONTEXT('2D SPACE',''
  ) );
#1996 = PCURVE('',#1803,#1997);
#1997 = DEFINITIONAL_REPRESENTATION('',(#1998),#2006);
#1998 = ( BOUNDED_CURVE() B_SPLINE_CURVE(2,(#1999,#2000,#2001,#2002,
#2003,#2004,#2005),.UNSPECIFIED.,.T.,.F.) B_SPLINE_CURVE_WITH_KNOTS((1,2
    ,2,2,2,1),(-2.094395102393,0.,2.094395102393,4.188790204786,
6.28318530718,8.377580409573),.UNSPECIFIED.) CURVE() 
GEOMETRIC_REPRESENTATION_ITEM() RATIONAL_B_SPLINE_CURVE((1.,0.5,1.,0.5,
1.,0.5,1.)) REPRESENTATION_ITEM('') );
#1999 = CARTESIAN_POINT('',(5.3,14.5));
#2000 = CARTESIAN_POINT('',(5.3,13.114359353945));
#2001 = CARTESIAN_POINT('',(4.1,13.807179676972));
#2002 = CARTESIAN_POINT('',(2.9,14.5));
#2003 = CARTESIAN_POINT('',(4.1,15.192820323028));
#2004 = CARTESIAN_POINT('',(5.3,15.885640646055));
#2005 = CARTESIAN_POINT('',(5.3,14.5));
#2006 = ( GEOMETRIC_REPRESENTATION_CONTEXT(2) 
PARAMETRIC_REPRESENTATION_CONTEXT() REPRESENTATION_CONTEXT('2D SPACE',''
  ) );
#2007 = ORIENTED_EDGE('',*,*,#1959,.F.);
#2008 = ADVANCED_FACE('',(#2009),#655,.F.);
#2009 = FACE_BOUND('',#2010,.F.);
#2010 = EDGE_LOOP('',(#2011,#2012,#2033,#2034));
#2011 = ORIENTED_EDGE('',*,*,#634,.F.);
#2012 = ORIENTED_EDGE('',*,*,#2013,.F.);
#2013 = EDGE_CURVE('',#1127,#635,#2014,.T.);
#2014 = SEAM_CURVE('',#2015,(#2019,#2026),.PCURVE_S1.);
#2015 = LINE('',#2016,#2017);
#2016 = CARTESIAN_POINT('',(-67.75,45.,20.));
#2017 = VECTOR('',#2018,1.);
#2018 = DIRECTION('',(0.,0.,-1.));
#2019 = PCURVE('',#655,#2020);
#2020 = DEFINITIONAL_REPRESENTATION('',(#2021),#2025);
#2021 = LINE('',#2022,#2023);
#2022 = CARTESIAN_POINT('',(6.28318530718,-0.));
#2023 = VECTOR('',#2024,1.);
#2024 = DIRECTION('',(0.,1.));
#2025 = ( GEOMETRIC_REPRESENTATION_CONTEXT(2) 
PARAMETRIC_REPRESENTATION_CONTEXT() REPRESENTATION_CONTEXT('2D SPACE',''
  ) );
#2026 = PCURVE('',#655,#2027);
#2027 = DEFINITIONAL_REPRESENTATION('',(#2028),#2032);
#2028 = LINE('',#2029,#2030);
#2029 = CARTESIAN_POINT('',(0.,-0.));
#2030 = VECTOR('',#2031,1.);
#2031 = DIRECTION('',(0.,1.));
#2032 = ( GEOMETRIC_REPRESENTATION_CONTEXT(2) 
PARAMETRIC_REPRESENTATION_CONTEXT() REPRESENTATION_CONTEXT('2D SPACE',''
  ) );
#2033 = ORIENTED_EDGE('',*,*,#1126,.T.);
#2034 = ORIENTED_EDGE('',*,*,#2013,.T.);
#2035 = ADVANCED_FACE('',(#2036,#2193),#686,.F.);
#2036 = FACE_BOUND('',#2037,.T.);
#2037 = EDGE_LOOP('',(#2038,#2061,#2062,#2063,#2096,#2129,#2162));
#2038 = ORIENTED_EDGE('',*,*,#2039,.F.);
#2039 = EDGE_CURVE('',#670,#2040,#2042,.T.);
#2040 = VERTEX_POINT('',#2041);
#2041 = CARTESIAN_POINT('',(11.,0.,20.));
#2042 = SEAM_CURVE('',#2043,(#2047,#2054),.PCURVE_S1.);
#2043 = LINE('',#2044,#2045);
#2044 = CARTESIAN_POINT('',(11.,0.,0.));
#2045 = VECTOR('',#2046,1.);
#2046 = DIRECTION('',(0.,0.,1.));
#2047 = PCURVE('',#686,#2048);
#2048 = DEFINITIONAL_REPRESENTATION('',(#2049),#2053);
#2049 = LINE('',#2050,#2051);
#2050 = CARTESIAN_POINT('',(-6.28318530718,0.));
#2051 = VECTOR('',#2052,1.);
#2052 = DIRECTION('',(-0.,-1.));
#2053 = ( GEOMETRIC_REPRESENTATION_CONTEXT(2) 
PARAMETRIC_REPRESENTATION_CONTEXT() REPRESENTATION_CONTEXT('2D SPACE',''
  ) );
#2054 = PCURVE('',#686,#2055);
#2055 = DEFINITIONAL_REPRESENTATION('',(#2056),#2060);
#2056 = LINE('',#2057,#2058);
#2057 = CARTESIAN_POINT('',(-0.,0.));
#2058 = VECTOR('',#2059,1.);
#2059 = DIRECTION('',(-0.,-1.));
#2060 = ( GEOMETRIC_REPRESENTATION_CONTEXT(2) 
PARAMETRIC_REPRESENTATION_CONTEXT() REPRESENTATION_CONTEXT('2D SPACE',''
  ) );
#2061 = ORIENTED_EDGE('',*,*,#669,.F.);
#2062 = ORIENTED_EDGE('',*,*,#2039,.T.);
#2063 = ORIENTED_EDGE('',*,*,#2064,.F.);
#2064 = EDGE_CURVE('',#2065,#2040,#2067,.T.);
#2065 = VERTEX_POINT('',#2066);
#2066 = CARTESIAN_POINT('',(0.,11.,20.));
#2067 = SURFACE_CURVE('',#2068,(#2073,#2080),.PCURVE_S1.);
#2068 = CIRCLE('',#2069,11.);
#2069 = AXIS2_PLACEMENT_3D('',#2070,#2071,#2072);
#2070 = CARTESIAN_POINT('',(0.,0.,20.));
#2071 = DIRECTION('',(0.,0.,-1.));
#2072 = DIRECTION('',(1.,0.,0.));
#2073 = PCURVE('',#686,#2074);
#2074 = DEFINITIONAL_REPRESENTATION('',(#2075),#2079);
#2075 = LINE('',#2076,#2077);
#2076 = CARTESIAN_POINT('',(-6.28318530718,-20.));
#2077 = VECTOR('',#2078,1.);
#2078 = DIRECTION('',(1.,-0.));
#2079 = ( GEOMETRIC_REPRESENTATION_CONTEXT(2) 
PARAMETRIC_REPRESENTATION_CONTEXT() REPRESENTATION_CONTEXT('2D SPACE',''
  ) );
#2080 = PCURVE('',#2081,#2086);
#2081 = PLANE('',#2082);
#2082 = AXIS2_PLACEMENT_3D('',#2083,#2084,#2085);
#2083 = CARTESIAN_POINT('',(0.,0.,20.));
#2084 = DIRECTION('',(0.,0.,1.));
#2085 = DIRECTION('',(1.,0.,-0.));
#2086 = DEFINITIONAL_REPRESENTATION('',(#2087),#2095);
#2087 = ( BOUNDED_CURVE() B_SPLINE_CURVE(2,(#2088,#2089,#2090,#2091,
#2092,#2093,#2094),.UNSPECIFIED.,.T.,.F.) B_SPLINE_CURVE_WITH_KNOTS((1,2
    ,2,2,2,1),(-2.094395102393,0.,2.094395102393,4.188790204786,
6.28318530718,8.377580409573),.UNSPECIFIED.) CURVE() 
GEOMETRIC_REPRESENTATION_ITEM() RATIONAL_B_SPLINE_CURVE((1.,0.5,1.,0.5,
1.,0.5,1.)) REPRESENTATION_ITEM('') );
#2088 = CARTESIAN_POINT('',(11.,0.));
#2089 = CARTESIAN_POINT('',(11.,-19.05255888325));
#2090 = CARTESIAN_POINT('',(-5.5,-9.526279441629));
#2091 = CARTESIAN_POINT('',(-22.,-2.694222958124E-15));
#2092 = CARTESIAN_POINT('',(-5.5,9.526279441629));
#2093 = CARTESIAN_POINT('',(11.,19.052558883258));
#2094 = CARTESIAN_POINT('',(11.,0.));
#2095 = ( GEOMETRIC_REPRESENTATION_CONTEXT(2) 
PARAMETRIC_REPRESENTATION_CONTEXT() REPRESENTATION_CONTEXT('2D SPACE',''
  ) );
#2096 = ORIENTED_EDGE('',*,*,#2097,.F.);
#2097 = EDGE_CURVE('',#2098,#2065,#2100,.T.);
#2098 = VERTEX_POINT('',#2099);
#2099 = CARTESIAN_POINT('',(-11.,0.,20.));
#2100 = SURFACE_CURVE('',#2101,(#2106,#2113),.PCURVE_S1.);
#2101 = CIRCLE('',#2102,11.);
#2102 = AXIS2_PLACEMENT_3D('',#2103,#2104,#2105);
#2103 = CARTESIAN_POINT('',(0.,0.,20.));
#2104 = DIRECTION('',(0.,0.,-1.));
#2105 = DIRECTION('',(1.,0.,0.));
#2106 = PCURVE('',#686,#2107);
#2107 = DEFINITIONAL_REPRESENTATION('',(#2108),#2112);
#2108 = LINE('',#2109,#2110);
#2109 = CARTESIAN_POINT('',(-6.28318530718,-20.));
#2110 = VECTOR('',#2111,1.);
#2111 = DIRECTION('',(1.,-0.));
#2112 = ( GEOMETRIC_REPRESENTATION_CONTEXT(2) 
PARAMETRIC_REPRESENTATION_CONTEXT() REPRESENTATION_CONTEXT('2D SPACE',''
  ) );
#2113 = PCURVE('',#2114,#2119);
#2114 = PLANE('',#2115);
#2115 = AXIS2_PLACEMENT_3D('',#2116,#2117,#2118);
#2116 = CARTESIAN_POINT('',(0.,0.,20.));
#2117 = DIRECTION('',(0.,0.,1.));
#2118 = DIRECTION('',(1.,0.,-0.));
#2119 = DEFINITIONAL_REPRESENTATION('',(#2120),#2128);
#2120 = ( BOUNDED_CURVE() B_SPLINE_CURVE(2,(#2121,#2122,#2123,#2124,
#2125,#2126,#2127),.UNSPECIFIED.,.T.,.F.) B_SPLINE_CURVE_WITH_KNOTS((1,2
    ,2,2,2,1),(-2.094395102393,0.,2.094395102393,4.188790204786,
6.28318530718,8.377580409573),.UNSPECIFIED.) CURVE() 
GEOMETRIC_REPRESENTATION_ITEM() RATIONAL_B_SPLINE_CURVE((1.,0.5,1.,0.5,
1.,0.5,1.)) REPRESENTATION_ITEM('') );
#2121 = CARTESIAN_POINT('',(11.,0.));
#2122 = CARTESIAN_POINT('',(11.,-19.05255888325));
#2123 = CARTESIAN_POINT('',(-5.5,-9.526279441629));
#2124 = CARTESIAN_POINT('',(-22.,-2.694222958124E-15));
#2125 = CARTESIAN_POINT('',(-5.5,9.526279441629));
#2126 = CARTESIAN_POINT('',(11.,19.052558883258));
#2127 = CARTESIAN_POINT('',(11.,0.));
#2128 = ( GEOMETRIC_REPRESENTATION_CONTEXT(2) 
PARAMETRIC_REPRESENTATION_CONTEXT() REPRESENTATION_CONTEXT('2D SPACE',''
  ) );
#2129 = ORIENTED_EDGE('',*,*,#2130,.F.);
#2130 = EDGE_CURVE('',#2131,#2098,#2133,.T.);
#2131 = VERTEX_POINT('',#2132);
#2132 = CARTESIAN_POINT('',(0.,-11.,20.));
#2133 = SURFACE_CURVE('',#2134,(#2139,#2146),.PCURVE_S1.);
#2134 = CIRCLE('',#2135,11.);
#2135 = AXIS2_PLACEMENT_3D('',#2136,#2137,#2138);
#2136 = CARTESIAN_POINT('',(0.,0.,20.));
#2137 = DIRECTION('',(0.,0.,-1.));
#2138 = DIRECTION('',(1.,0.,0.));
#2139 = PCURVE('',#686,#2140);
#2140 = DEFINITIONAL_REPRESENTATION('',(#2141),#2145);
#2141 = LINE('',#2142,#2143);
#2142 = CARTESIAN_POINT('',(-6.28318530718,-20.));
#2143 = VECTOR('',#2144,1.);
#2144 = DIRECTION('',(1.,-0.));
#2145 = ( GEOMETRIC_REPRESENTATION_CONTEXT(2) 
PARAMETRIC_REPRESENTATION_CONTEXT() REPRESENTATION_CONTEXT('2D SPACE',''
  ) );
#2146 = PCURVE('',#2147,#2152);
#2147 = PLANE('',#2148);
#2148 = AXIS2_PLACEMENT_3D('',#2149,#2150,#2151);
#2149 = CARTESIAN_POINT('',(0.,0.,20.));
#2150 = DIRECTION('',(0.,0.,1.));
#2151 = DIRECTION('',(1.,0.,-0.));
#2152 = DEFINITIONAL_REPRESENTATION('',(#2153),#2161);
#2153 = ( BOUNDED_CURVE() B_SPLINE_CURVE(2,(#2154,#2155,#2156,#2157,
#2158,#2159,#2160),.UNSPECIFIED.,.T.,.F.) B_SPLINE_CURVE_WITH_KNOTS((1,2
    ,2,2,2,1),(-2.094395102393,0.,2.094395102393,4.188790204786,
6.28318530718,8.377580409573),.UNSPECIFIED.) CURVE() 
GEOMETRIC_REPRESENTATION_ITEM() RATIONAL_B_SPLINE_CURVE((1.,0.5,1.,0.5,
1.,0.5,1.)) REPRESENTATION_ITEM('') );
#2154 = CARTESIAN_POINT('',(11.,0.));
#2155 = CARTESIAN_POINT('',(11.,-19.05255888325));
#2156 = CARTESIAN_POINT('',(-5.5,-9.526279441629));
#2157 = CARTESIAN_POINT('',(-22.,-2.694222958124E-15));
#2158 = CARTESIAN_POINT('',(-5.5,9.526279441629));
#2159 = CARTESIAN_POINT('',(11.,19.052558883258));
#2160 = CARTESIAN_POINT('',(11.,0.));
#2161 = ( GEOMETRIC_REPRESENTATION_CONTEXT(2) 
PARAMETRIC_REPRESENTATION_CONTEXT() REPRESENTATION_CONTEXT('2D SPACE',''
  ) );
#2162 = ORIENTED_EDGE('',*,*,#2163,.F.);
#2163 = EDGE_CURVE('',#2040,#2131,#2164,.T.);
#2164 = SURFACE_CURVE('',#2165,(#2170,#2177),.PCURVE_S1.);
#2165 = CIRCLE('',#2166,11.);
#2166 = AXIS2_PLACEMENT_3D('',#2167,#2168,#2169);
#2167 = CARTESIAN_POINT('',(0.,0.,20.));
#2168 = DIRECTION('',(0.,0.,-1.));
#2169 = DIRECTION('',(1.,0.,0.));
#2170 = PCURVE('',#686,#2171);
#2171 = DEFINITIONAL_REPRESENTATION('',(#2172),#2176);
#2172 = LINE('',#2173,#2174);
#2173 = CARTESIAN_POINT('',(-6.28318530718,-20.));
#2174 = VECTOR('',#2175,1.);
#2175 = DIRECTION('',(1.,-0.));
#2176 = ( GEOMETRIC_REPRESENTATION_CONTEXT(2) 
PARAMETRIC_REPRESENTATION_CONTEXT() REPRESENTATION_CONTEXT('2D SPACE',''
  ) );
#2177 = PCURVE('',#2178,#2183);
#2178 = PLANE('',#2179);
#2179 = AXIS2_PLACEMENT_3D('',#2180,#2181,#2182);
#2180 = CARTESIAN_POINT('',(0.,0.,20.));
#2181 = DIRECTION('',(0.,0.,1.));
#2182 = DIRECTION('',(1.,0.,-0.));
#2183 = DEFINITIONAL_REPRESENTATION('',(#2184),#2192);
#2184 = ( BOUNDED_CURVE() B_SPLINE_CURVE(2,(#2185,#2186,#2187,#2188,
#2189,#2190,#2191),.UNSPECIFIED.,.T.,.F.) B_SPLINE_CURVE_WITH_KNOTS((1,2
    ,2,2,2,1),(-2.094395102393,0.,2.094395102393,4.188790204786,
6.28318530718,8.377580409573),.UNSPECIFIED.) CURVE() 
GEOMETRIC_REPRESENTATION_ITEM() RATIONAL_B_SPLINE_CURVE((1.,0.5,1.,0.5,
1.,0.5,1.)) REPRESENTATION_ITEM('') );
#2185 = CARTESIAN_POINT('',(11.,0.));
#2186 = CARTESIAN_POINT('',(11.,-19.05255888325));
#2187 = CARTESIAN_POINT('',(-5.5,-9.526279441629));
#2188 = CARTESIAN_POINT('',(-22.,-2.694222958124E-15));
#2189 = CARTESIAN_POINT('',(-5.5,9.526279441629));
#2190 = CARTESIAN_POINT('',(11.,19.052558883258));
#2191 = CARTESIAN_POINT('',(11.,0.));
#2192 = ( GEOMETRIC_REPRESENTATION_CONTEXT(2) 
PARAMETRIC_REPRESENTATION_CONTEXT() REPRESENTATION_CONTEXT('2D SPACE',''
  ) );
#2193 = FACE_BOUND('',#2194,.T.);
#2194 = EDGE_LOOP('',(#2195));
#2195 = ORIENTED_EDGE('',*,*,#2196,.F.);
#2196 = EDGE_CURVE('',#2197,#2197,#2199,.T.);
#2197 = VERTEX_POINT('',#2198);
#2198 = CARTESIAN_POINT('',(-10.24695076596,4.,10.5));
#2199 = SURFACE_CURVE('',#2200,(#2347,#2497),.PCURVE_S1.);
#2200 = B_SPLINE_CURVE_WITH_KNOTS('',7,(#2201,#2202,#2203,#2204,#2205,
    #2206,#2207,#2208,#2209,#2210,#2211,#2212,#2213,#2214,#2215,#2216,
    #2217,#2218,#2219,#2220,#2221,#2222,#2223,#2224,#2225,#2226,#2227,
    #2228,#2229,#2230,#2231,#2232,#2233,#2234,#2235,#2236,#2237,#2238,
    #2239,#2240,#2241,#2242,#2243,#2244,#2245,#2246,#2247,#2248,#2249,
    #2250,#2251,#2252,#2253,#2254,#2255,#2256,#2257,#2258,#2259,#2260,
    #2261,#2262,#2263,#2264,#2265,#2266,#2267,#2268,#2269,#2270,#2271,
    #2272,#2273,#2274,#2275,#2276,#2277,#2278,#2279,#2280,#2281,#2282,
    #2283,#2284,#2285,#2286,#2287,#2288,#2289,#2290,#2291,#2292,#2293,
    #2294,#2295,#2296,#2297,#2298,#2299,#2300,#2301,#2302,#2303,#2304,
    #2305,#2306,#2307,#2308,#2309,#2310,#2311,#2312,#2313,#2314,#2315,
    #2316,#2317,#2318,#2319,#2320,#2321,#2322,#2323,#2324,#2325,#2326,
    #2327,#2328,#2329,#2330,#2331,#2332,#2333,#2334,#2335,#2336,#2337,
    #2338,#2339,#2340,#2341,#2342,#2343,#2344,#2345,#2346),
  .UNSPECIFIED.,.T.,.F.,(8,6,6,6,6,6,6,6,6,6,6,6,6,6,6,6,6,6,6,6,6,6,6,6
    ,8),(0.,0.123406575332,0.150707721157,0.183538281828,0.223016923517,
    0.276812291036,0.316074180273,0.349716732453,0.376223509925,
    0.399392199704,0.419329017514,0.435705258125,0.499989036231,
    0.564483265093,0.580788200391,0.600601903814,0.6235543344,
    0.650856756586,0.683688852122,0.72316933948,0.77696722199,
    0.816230946771,0.849875071781,0.876383088472,1.),.UNSPECIFIED.);
#2201 = CARTESIAN_POINT('',(-10.24695076596,4.,10.5));
#2202 = CARTESIAN_POINT('',(-10.24695076596,4.,10.888730600015));
#2203 = CARTESIAN_POINT('',(-10.26415534114,3.955926632545,
    11.27658156064));
#2204 = CARTESIAN_POINT('',(-10.29842596404,3.868132987846,
    11.660343426614));
#2205 = CARTESIAN_POINT('',(-10.34858295486,3.736122099233,
    12.036645143764));
#2206 = CARTESIAN_POINT('',(-10.4123785576,3.558740159164,
    12.401539588153));
#2207 = CARTESIAN_POINT('',(-10.48632371598,3.334354004593,
    12.74993776218));
#2208 = CARTESIAN_POINT('',(-10.58298866262,3.000718328892,
    13.146602694778));
#2209 = CARTESIAN_POINT('',(-10.60076310253,2.937861256028,
    13.217339777517));
#2210 = CARTESIAN_POINT('',(-10.6187498645,2.872555700455,13.28688570818
    ));
#2211 = CARTESIAN_POINT('',(-10.63689354721,2.804771609271,
    13.355160896829));
#2212 = CARTESIAN_POINT('',(-10.65513432723,2.734479367967,
    13.422077382153));
#2213 = CARTESIAN_POINT('',(-10.67340795898,2.661649800435,
    13.487538831469));
#2214 = CARTESIAN_POINT('',(-10.71357737142,2.495588346023,
    13.628284529459));
#2215 = CARTESIAN_POINT('',(-10.73546147932,2.401193617953,
    13.702888511774));
#2216 = CARTESIAN_POINT('',(-10.75717349504,2.303037949386,
    13.775050770646));
#2217 = CARTESIAN_POINT('',(-10.77857827737,2.201098071697,
    13.844552952984));
#2218 = CARTESIAN_POINT('',(-10.79953096106,2.09535979041,
    13.911159806426));
#2219 = CARTESIAN_POINT('',(-10.81987777044,1.985818292604,
    13.974618916153));
#2220 = CARTESIAN_POINT('',(-10.86300059196,1.73618766998,
    14.106860179526));
#2221 = CARTESIAN_POINT('',(-10.88546513728,1.594225470238,
    14.174212517701));
#2222 = CARTESIAN_POINT('',(-10.90651015043,1.446885051211,
    14.236060503711));
#2223 = CARTESIAN_POINT('',(-10.92579926484,1.294504022648,
    14.291795370765));
#2224 = CARTESIAN_POINT('',(-10.94301077995,1.137463912683,
    14.340853436193));
#2225 = CARTESIAN_POINT('',(-10.95784837507,0.976189672571,
    14.382712999843));
#2226 = CARTESIAN_POINT('',(-10.98668078905,0.586257607227,
    14.46346404858));
#2227 = CARTESIAN_POINT('',(-10.99840585072,0.354545877303,
    14.495738830095));
#2228 = CARTESIAN_POINT('',(-11.00447599372,0.118651695834,
    14.512238430416));
#2229 = CARTESIAN_POINT('',(-11.00447599372,-0.118651695834,
    14.512238430416));
#2230 = CARTESIAN_POINT('',(-10.99840585072,-0.354545877303,
    14.495738830095));
#2231 = CARTESIAN_POINT('',(-10.98668078905,-0.586257607226,
    14.46346404858));
#2232 = CARTESIAN_POINT('',(-10.95791537654,-0.975283538784,
    14.38290065113));
#2233 = CARTESIAN_POINT('',(-10.94317315282,-1.135699347982,
    14.341311527927));
#2234 = CARTESIAN_POINT('',(-10.92608094304,-1.29193310066,
    14.29259825047));
#2235 = CARTESIAN_POINT('',(-10.90693023809,-1.443563252443,
    14.237274240639));
#2236 = CARTESIAN_POINT('',(-10.88603774685,-1.590210765028,
    14.175894992949));
#2237 = CARTESIAN_POINT('',(-10.86373491432,-1.731539648269,
    14.109061102891));
#2238 = CARTESIAN_POINT('',(-10.8203258537,-1.983550810436,
    13.976034897096));
#2239 = CARTESIAN_POINT('',(-10.79948262615,-2.095855400316,
    13.911050947354));
#2240 = CARTESIAN_POINT('',(-10.77800211821,-2.2041661094,
    13.842760183111));
#2241 = CARTESIAN_POINT('',(-10.75604976027,-2.308488413174,
    13.771434067688));
#2242 = CARTESIAN_POINT('',(-10.73378114314,-2.408838077356,
    13.697325086049));
#2243 = CARTESIAN_POINT('',(-10.71134110931,-2.505240810131,
    13.620667040172));
#2244 = CARTESIAN_POINT('',(-10.67115234556,-2.670605134766,
    13.479438232044));
#2245 = CARTESIAN_POINT('',(-10.65341515828,-2.741062488987,
    13.415741769464));
#2246 = CARTESIAN_POINT('',(-10.63571374188,-2.809130395217,
    13.350681032023));
#2247 = CARTESIAN_POINT('',(-10.61810663697,-2.874835628084,
    13.284343686249));
#2248 = CARTESIAN_POINT('',(-10.6006484653,-2.938205318675,
    13.216809989868));
#2249 = CARTESIAN_POINT('',(-10.58338992966,-2.999266954543,
    13.148152791807));
#2250 = CARTESIAN_POINT('',(-10.55150809124,-3.109427262164,
    13.01750174984));
#2251 = CARTESIAN_POINT('',(-10.53682695243,-3.159063247196,
    12.955758670328));
#2252 = CARTESIAN_POINT('',(-10.52236581094,-3.20697423227,
    12.893252447063));
#2253 = CARTESIAN_POINT('',(-10.50815439597,-3.253177089158,
    12.83002474553));
#2254 = CARTESIAN_POINT('',(-10.49422075253,-3.297687663926,
    12.766114743297));
#2255 = CARTESIAN_POINT('',(-10.48059124147,-3.34052077694,
    12.701559130013));
#2256 = CARTESIAN_POINT('',(-10.4558451933,-3.417116815845,
    12.580315433702));
#2257 = CARTESIAN_POINT('',(-10.44464340709,-3.45131139333,
    12.52378639207));
#2258 = CARTESIAN_POINT('',(-10.43370096953,-3.484282635763,
    12.466826967442));
#2259 = CARTESIAN_POINT('',(-10.42303289235,-3.516038583521,
    12.409458393401));
#2260 = CARTESIAN_POINT('',(-10.41265341027,-3.546586636916,
    12.351701152178));
#2261 = CARTESIAN_POINT('',(-10.40257598105,-3.575933556195,
    12.293574974661));
#2262 = CARTESIAN_POINT('',(-10.38479413944,-3.627209632108,
    12.187066137573));
#2263 = CARTESIAN_POINT('',(-10.37698736105,-3.649527512918,
    12.138797415631));
#2264 = CARTESIAN_POINT('',(-10.36939999207,-3.671042487989,
    12.090303252115));
#2265 = CARTESIAN_POINT('',(-10.36203873736,-3.691757684719,
    12.041594039085));
#2266 = CARTESIAN_POINT('',(-10.3549099648,-3.711675973885,
    11.992679983113));
#2267 = CARTESIAN_POINT('',(-10.34801970528,-3.73079996964,
    11.943571105277));
#2268 = CARTESIAN_POINT('',(-10.31528504189,-3.821093238283,
    11.700777652495));
#2269 = CARTESIAN_POINT('',(-10.292952901,-3.88086956926,11.504379672454
    ));
#2270 = CARTESIAN_POINT('',(-10.27473194465,-3.928574781929,
    11.305729054141));
#2271 = CARTESIAN_POINT('',(-10.26088771718,-3.964297211313,
    11.105418373028));
#2272 = CARTESIAN_POINT('',(-10.25159742452,-3.988096444974,
    10.904003501094));
#2273 = CARTESIAN_POINT('',(-10.24695076596,-4.,10.702020080955));
#2274 = CARTESIAN_POINT('',(-10.24695076596,-4.,10.297318550342));
#2275 = CARTESIAN_POINT('',(-10.25162789992,-3.988018375635,
    10.094674342396));
#2276 = CARTESIAN_POINT('',(-10.26097907987,-3.964063163296,
    9.892604351673));
#2277 = CARTESIAN_POINT('',(-10.27491343618,-3.928106463935,
    9.691649316295));
#2278 = CARTESIAN_POINT('',(-10.29325146236,-3.880087835818,
    9.492370527765));
#2279 = CARTESIAN_POINT('',(-10.31572415988,-3.819917687267,
    9.29536662174));
#2280 = CARTESIAN_POINT('',(-10.34860800639,-3.729167699237,
    9.052225502021));
#2281 = CARTESIAN_POINT('',(-10.3554855502,-3.710069527758,9.00334464237
    ));
#2282 = CARTESIAN_POINT('',(-10.36259917748,-3.69018381606,
    8.954657504416));
#2283 = CARTESIAN_POINT('',(-10.36994292021,-3.669507972591,
    8.906173986174));
#2284 = CARTESIAN_POINT('',(-10.37751047919,-3.648039153161,
    8.857904169108));
#2285 = CARTESIAN_POINT('',(-10.38529522405,-3.625774260936,
    8.809858318128));
#2286 = CARTESIAN_POINT('',(-10.40300565342,-3.57468226779,
    8.703946582109));
#2287 = CARTESIAN_POINT('',(-10.41303153241,-3.54547408387,8.64619258732
    ));
#2288 = CARTESIAN_POINT('',(-10.42335536241,-3.51507937017,
    8.588803543983));
#2289 = CARTESIAN_POINT('',(-10.43396391734,-3.483491477617,
    8.531798833463));
#2290 = CARTESIAN_POINT('',(-10.4448432129,-3.45070313258,8.475198571731
    ));
#2291 = CARTESIAN_POINT('',(-10.45597850649,-3.416706436866,
    8.419023609364));
#2292 = CARTESIAN_POINT('',(-10.4805321492,-3.340701048846,
    8.298739460903));
#2293 = CARTESIAN_POINT('',(-10.49403261774,-3.298276435004,
    8.234783542405));
#2294 = CARTESIAN_POINT('',(-10.50783170381,-3.254205615194,
    8.171461045244));
#2295 = CARTESIAN_POINT('',(-10.52190378782,-3.208474188527,
    8.108807629116));
#2296 = CARTESIAN_POINT('',(-10.53622162965,-3.161066764239,
    8.046861344224));
#2297 = CARTESIAN_POINT('',(-10.55075636873,-3.111966961686,
    7.985662631274));
#2298 = CARTESIAN_POINT('',(-10.58298866262,-3.000718328892,
    7.853397305222));
#2299 = CARTESIAN_POINT('',(-10.60076310253,-2.937861256028,
    7.782660222483));
#2300 = CARTESIAN_POINT('',(-10.6187498645,-2.872555700455,7.71311429182
    ));
#2301 = CARTESIAN_POINT('',(-10.63689354721,-2.804771609271,
    7.644839103171));
#2302 = CARTESIAN_POINT('',(-10.65513432723,-2.734479367967,
    7.577922617847));
#2303 = CARTESIAN_POINT('',(-10.67340795898,-2.661649800435,
    7.512461168531));
#2304 = CARTESIAN_POINT('',(-10.71357737142,-2.495588346027,
    7.371715470545));
#2305 = CARTESIAN_POINT('',(-10.73546147932,-2.401193617954,
    7.297111488226));
#2306 = CARTESIAN_POINT('',(-10.75717349504,-2.303037949382,
    7.22494922935));
#2307 = CARTESIAN_POINT('',(-10.77857827737,-2.201098071693,
    7.155447047014));
#2308 = CARTESIAN_POINT('',(-10.79953096106,-2.09535979041,
    7.088840193575));
#2309 = CARTESIAN_POINT('',(-10.81987777044,-1.98581829261,7.02538108385
    ));
#2310 = CARTESIAN_POINT('',(-10.86300059196,-1.73618766998,
    6.893139820474));
#2311 = CARTESIAN_POINT('',(-10.88546513728,-1.594225470238,
    6.825787482299));
#2312 = CARTESIAN_POINT('',(-10.90651015043,-1.446885051211,
    6.763939496289));
#2313 = CARTESIAN_POINT('',(-10.92579926484,-1.294504022648,
    6.708204629235));
#2314 = CARTESIAN_POINT('',(-10.94301077995,-1.137463912683,
    6.659146563807));
#2315 = CARTESIAN_POINT('',(-10.95784837507,-0.976189672571,
    6.617287000157));
#2316 = CARTESIAN_POINT('',(-10.98668078905,-0.586257607227,
    6.53653595142));
#2317 = CARTESIAN_POINT('',(-10.99840585072,-0.354545877303,
    6.504261169905));
#2318 = CARTESIAN_POINT('',(-11.00447599372,-0.118651695834,
    6.487761569584));
#2319 = CARTESIAN_POINT('',(-11.00447599372,0.118651695834,
    6.487761569584));
#2320 = CARTESIAN_POINT('',(-10.99840585072,0.354545877303,
    6.504261169905));
#2321 = CARTESIAN_POINT('',(-10.98668078905,0.586257607226,6.53653595142
    ));
#2322 = CARTESIAN_POINT('',(-10.95791537654,0.975283538817,
    6.617099348877));
#2323 = CARTESIAN_POINT('',(-10.94317315282,1.135699347984,
    6.658688472076));
#2324 = CARTESIAN_POINT('',(-10.92608094304,1.291933100635,
    6.707401749524));
#2325 = CARTESIAN_POINT('',(-10.90693023809,1.44356325242,6.762725759351
    ));
#2326 = CARTESIAN_POINT('',(-10.88603774685,1.590210765032,6.82410500705
    ));
#2327 = CARTESIAN_POINT('',(-10.86373491431,1.731539648295,
    6.890938897123));
#2328 = CARTESIAN_POINT('',(-10.82032585371,1.983550810407,
    7.023965102889));
#2329 = CARTESIAN_POINT('',(-10.79948262615,2.095855400314,
    7.088949052642));
#2330 = CARTESIAN_POINT('',(-10.7780021182,2.20416610942,7.157239816901)
  );
#2331 = CARTESIAN_POINT('',(-10.75604976027,2.308488413192,
    7.228565932326));
#2332 = CARTESIAN_POINT('',(-10.73378114314,2.408838077351,7.30267491395
    ));
#2333 = CARTESIAN_POINT('',(-10.71134110931,2.505240810108,
    7.379332959808));
#2334 = CARTESIAN_POINT('',(-10.67115234556,2.670605134766,
    7.520561767956));
#2335 = CARTESIAN_POINT('',(-10.65341515828,2.741062488987,
    7.584258230536));
#2336 = CARTESIAN_POINT('',(-10.63571374188,2.809130395217,
    7.649318967977));
#2337 = CARTESIAN_POINT('',(-10.61810663697,2.874835628084,
    7.715656313751));
#2338 = CARTESIAN_POINT('',(-10.6006484653,2.938205318675,7.783190010132
    ));
#2339 = CARTESIAN_POINT('',(-10.58338992966,2.999266954543,
    7.851847208193));
#2340 = CARTESIAN_POINT('',(-10.48704388164,3.332168406038,
    8.246671101204));
#2341 = CARTESIAN_POINT('',(-10.41289581165,3.557301864212,
    8.595503270987));
#2342 = CARTESIAN_POINT('',(-10.34890825674,3.735265765988,
    8.960916010223));
#2343 = CARTESIAN_POINT('',(-10.29859293698,3.867705239206,
    9.337790255382));
#2344 = CARTESIAN_POINT('',(-10.2642114101,3.95578300024,9.722159008899)
  );
#2345 = CARTESIAN_POINT('',(-10.24695076596,4.,10.110636459283));
#2346 = CARTESIAN_POINT('',(-10.24695076596,4.,10.5));
#2347 = PCURVE('',#686,#2348);
#2348 = DEFINITIONAL_REPRESENTATION('',(#2349),#2496);
#2349 = B_SPLINE_CURVE_WITH_KNOTS('',7,(#2350,#2351,#2352,#2353,#2354,
    #2355,#2356,#2357,#2358,#2359,#2360,#2361,#2362,#2363,#2364,#2365,
    #2366,#2367,#2368,#2369,#2370,#2371,#2372,#2373,#2374,#2375,#2376,
    #2377,#2378,#2379,#2380,#2381,#2382,#2383,#2384,#2385,#2386,#2387,
    #2388,#2389,#2390,#2391,#2392,#2393,#2394,#2395,#2396,#2397,#2398,
    #2399,#2400,#2401,#2402,#2403,#2404,#2405,#2406,#2407,#2408,#2409,
    #2410,#2411,#2412,#2413,#2414,#2415,#2416,#2417,#2418,#2419,#2420,
    #2421,#2422,#2423,#2424,#2425,#2426,#2427,#2428,#2429,#2430,#2431,
    #2432,#2433,#2434,#2435,#2436,#2437,#2438,#2439,#2440,#2441,#2442,
    #2443,#2444,#2445,#2446,#2447,#2448,#2449,#2450,#2451,#2452,#2453,
    #2454,#2455,#2456,#2457,#2458,#2459,#2460,#2461,#2462,#2463,#2464,
    #2465,#2466,#2467,#2468,#2469,#2470,#2471,#2472,#2473,#2474,#2475,
    #2476,#2477,#2478,#2479,#2480,#2481,#2482,#2483,#2484,#2485,#2486,
    #2487,#2488,#2489,#2490,#2491,#2492,#2493,#2494,#2495),
  .UNSPECIFIED.,.T.,.F.,(8,6,6,6,6,6,6,6,6,6,6,6,6,6,6,6,6,6,6,6,6,6,6,6
    ,8),(0.,0.123406575332,0.150707721157,0.183538281828,0.223016923517,
    0.276812291036,0.316074180273,0.349716732453,0.376223509925,
    0.399392199704,0.419329017514,0.435705258125,0.499989036231,
    0.564483265093,0.580788200391,0.600601903814,0.6235543344,
    0.650856756586,0.683688852122,0.72316933948,0.77696722199,
    0.816230946771,0.849875071781,0.876383088472,1.),.UNSPECIFIED.);
#2350 = CARTESIAN_POINT('',(-2.769424119629,-10.5));
#2351 = CARTESIAN_POINT('',(-2.769424119629,-10.88873060001));
#2352 = CARTESIAN_POINT('',(-2.773725238826,-11.27658156064));
#2353 = CARTESIAN_POINT('',(-2.782293027625,-11.66034342661));
#2354 = CARTESIAN_POINT('',(-2.795130454729,-12.03664514376));
#2355 = CARTESIAN_POINT('',(-2.812261261792,-12.40153958815));
#2356 = CARTESIAN_POINT('',(-2.833724940192,-12.74993776218));
#2357 = CARTESIAN_POINT('',(-2.865302848047,-13.14660269477));
#2358 = CARTESIAN_POINT('',(-2.871241086672,-13.21733977751));
#2359 = CARTESIAN_POINT('',(-2.877398781846,-13.28688570818));
#2360 = CARTESIAN_POINT('',(-2.883777573114,-13.35516089682));
#2361 = CARTESIAN_POINT('',(-2.890379090994,-13.42207738215));
#2362 = CARTESIAN_POINT('',(-2.897204956976,-13.48753883146));
#2363 = CARTESIAN_POINT('',(-2.912736845883,-13.62828452945));
#2364 = CARTESIAN_POINT('',(-2.92154538186,-13.70288851177));
#2365 = CARTESIAN_POINT('',(-2.93068355517,-13.77505077064));
#2366 = CARTESIAN_POINT('',(-2.940151876026,-13.84455295298));
#2367 = CARTESIAN_POINT('',(-2.949950263727,-13.91115980642));
#2368 = CARTESIAN_POINT('',(-2.960078109244,-13.97461891615));
#2369 = CARTESIAN_POINT('',(-2.983107918437,-14.10686017952));
#2370 = CARTESIAN_POINT('',(-2.996172869842,-14.1742125177));
#2371 = CARTESIAN_POINT('',(-3.009700855032,-14.23606050371));
#2372 = CARTESIAN_POINT('',(-3.02366087759,-14.29179537076));
#2373 = CARTESIAN_POINT('',(-3.038019353617,-14.34085343619));
#2374 = CARTESIAN_POINT('',(-3.052740183657,-14.38271299984));
#2375 = CARTESIAN_POINT('',(-3.088285327074,-14.46346404858));
#2376 = CARTESIAN_POINT('',(-3.109371309065,-14.49573883009));
#2377 = CARTESIAN_POINT('',(-3.130812517065,-14.51223843041));
#2378 = CARTESIAN_POINT('',(-3.152372790115,-14.51223843041));
#2379 = CARTESIAN_POINT('',(-3.173813998115,-14.49573883009));
#2380 = CARTESIAN_POINT('',(-3.194899980106,-14.46346404858));
#2381 = CARTESIAN_POINT('',(-3.230362522838,-14.38290065113));
#2382 = CARTESIAN_POINT('',(-3.24500488784,-14.34131152792));
#2383 = CARTESIAN_POINT('',(-3.259289366097,-14.29259825047));
#2384 = CARTESIAN_POINT('',(-3.273180136193,-14.23727424063));
#2385 = CARTESIAN_POINT('',(-3.286643837878,-14.17589499294));
#2386 = CARTESIAN_POINT('',(-3.299649643193,-14.10906110289));
#2387 = CARTESIAN_POINT('',(-3.32289713882,-13.97603489709));
#2388 = CARTESIAN_POINT('',(-3.333280127088,-13.91105094735));
#2389 = CARTESIAN_POINT('',(-3.343317155441,-13.84276018311));
#2390 = CARTESIAN_POINT('',(-3.353007594801,-13.77143406768));
#2391 = CARTESIAN_POINT('',(-3.362351394527,-13.69732508604));
#2392 = CARTESIAN_POINT('',(-3.371349152956,-13.62066704017));
#2393 = CARTESIAN_POINT('',(-3.386819865514,-13.47943823204));
#2394 = CARTESIAN_POINT('',(-3.393424715272,-13.41574176946));
#2395 = CARTESIAN_POINT('',(-3.399818220171,-13.35068103202));
#2396 = CARTESIAN_POINT('',(-3.406001868558,-13.28434368624));
#2397 = CARTESIAN_POINT('',(-3.411977154184,-13.21680998986));
#2398 = CARTESIAN_POINT('',(-3.417745576204,-13.1481527918));
#2399 = CARTESIAN_POINT('',(-3.428171126905,-13.01750174984));
#2400 = CARTESIAN_POINT('',(-3.432876653479,-12.95575867032));
#2401 = CARTESIAN_POINT('',(-3.437426165378,-12.89325244706));
#2402 = CARTESIAN_POINT('',(-3.441820520785,-12.83002474553));
#2403 = CARTESIAN_POINT('',(-3.446060489592,-12.76611474329));
#2404 = CARTESIAN_POINT('',(-3.450146753401,-12.70155913001));
#2405 = CARTESIAN_POINT('',(-3.457464410116,-12.5803154337));
#2406 = CARTESIAN_POINT('',(-3.460735531842,-12.52378639207));
#2407 = CARTESIAN_POINT('',(-3.463893640044,-12.46682696744));
#2408 = CARTESIAN_POINT('',(-3.466939055984,-12.4094583934));
#2409 = CARTESIAN_POINT('',(-3.469872052834,-12.35170115217));
#2410 = CARTESIAN_POINT('',(-3.472692855677,-12.29357497466));
#2411 = CARTESIAN_POINT('',(-3.477626656998,-12.18706613757));
#2412 = CARTESIAN_POINT('',(-3.479776094326,-12.13879741563));
#2413 = CARTESIAN_POINT('',(-3.481850051349,-12.09030325211));
#2414 = CARTESIAN_POINT('',(-3.483848609756,-12.04159403908));
#2415 = CARTESIAN_POINT('',(-3.485771835066,-11.99267998311));
#2416 = CARTESIAN_POINT('',(-3.487619776626,-11.94357110527));
#2417 = CARTESIAN_POINT('',(-3.496351041125,-11.70077765249));
#2418 = CARTESIAN_POINT('',(-3.502151856476,-11.50437967245));
#2419 = CARTESIAN_POINT('',(-3.5067940965,-11.30572905414));
#2420 = CARTESIAN_POINT('',(-3.510276929948,-11.10541837302));
#2421 = CARTESIAN_POINT('',(-3.512599545796,-10.90400350109));
#2422 = CARTESIAN_POINT('',(-3.51376118755,-10.70202008095));
#2423 = CARTESIAN_POINT('',(-3.51376118755,-10.29731855034));
#2424 = CARTESIAN_POINT('',(-3.51259192752,-10.09467434239));
#2425 = CARTESIAN_POINT('',(-3.510254088782,-9.892604351673));
#2426 = CARTESIAN_POINT('',(-3.506748436583,-9.691649316295));
#2427 = CARTESIAN_POINT('',(-3.502075785662,-9.492370527765));
#2428 = CARTESIAN_POINT('',(-3.496236965812,-9.29536662174));
#2429 = CARTESIAN_POINT('',(-3.487462044895,-9.052225502021));
#2430 = CARTESIAN_POINT('',(-3.485616703821,-9.00334464237));
#2431 = CARTESIAN_POINT('',(-3.483696730789,-8.954657504416));
#2432 = CARTESIAN_POINT('',(-3.481702076413,-8.906173986174));
#2433 = CARTESIAN_POINT('',(-3.479632675351,-8.857904169108));
#2434 = CARTESIAN_POINT('',(-3.477488446303,-8.809858318128));
#2435 = CARTESIAN_POINT('',(-3.472572583069,-8.703946582109));
#2436 = CARTESIAN_POINT('',(-3.469765230709,-8.64619258732));
#2437 = CARTESIAN_POINT('',(-3.466847059984,-8.588803543983));
#2438 = CARTESIAN_POINT('',(-3.463817848992,-8.531798833463));
#2439 = CARTESIAN_POINT('',(-3.460677328878,-8.475198571731));
#2440 = CARTESIAN_POINT('',(-3.457425183836,-8.419023609364));
#2441 = CARTESIAN_POINT('',(-3.4501639996,-8.298739460903));
#2442 = CARTESIAN_POINT('',(-3.446116679958,-8.234783542405));
#2443 = CARTESIAN_POINT('',(-3.441918515342,-8.171461045244));
#2444 = CARTESIAN_POINT('',(-3.437568843752,-8.108807629116));
#2445 = CARTESIAN_POINT('',(-3.433066918031,-8.046861344224));
#2446 = CARTESIAN_POINT('',(-3.428411905865,-7.985662631274));
#2447 = CARTESIAN_POINT('',(-3.417882459132,-7.853397305222));
#2448 = CARTESIAN_POINT('',(-3.411944220507,-7.782660222483));
#2449 = CARTESIAN_POINT('',(-3.405786525334,-7.71311429182));
#2450 = CARTESIAN_POINT('',(-3.399407734065,-7.644839103171));
#2451 = CARTESIAN_POINT('',(-3.392806216185,-7.577922617847));
#2452 = CARTESIAN_POINT('',(-3.385980350204,-7.512461168531));
#2453 = CARTESIAN_POINT('',(-3.370448461297,-7.371715470545));
#2454 = CARTESIAN_POINT('',(-3.36163992532,-7.297111488226));
#2455 = CARTESIAN_POINT('',(-3.352501752009,-7.22494922935));
#2456 = CARTESIAN_POINT('',(-3.343033431153,-7.155447047014));
#2457 = CARTESIAN_POINT('',(-3.333235043453,-7.088840193575));
#2458 = CARTESIAN_POINT('',(-3.323107197936,-7.02538108385));
#2459 = CARTESIAN_POINT('',(-3.300077388743,-6.893139820474));
#2460 = CARTESIAN_POINT('',(-3.287012437338,-6.825787482299));
#2461 = CARTESIAN_POINT('',(-3.273484452148,-6.763939496289));
#2462 = CARTESIAN_POINT('',(-3.25952442959,-6.708204629235));
#2463 = CARTESIAN_POINT('',(-3.245165953563,-6.659146563807));
#2464 = CARTESIAN_POINT('',(-3.230445123522,-6.617287000157));
#2465 = CARTESIAN_POINT('',(-3.194899980106,-6.53653595142));
#2466 = CARTESIAN_POINT('',(-3.173813998115,-6.504261169905));
#2467 = CARTESIAN_POINT('',(-3.152372790115,-6.487761569584));
#2468 = CARTESIAN_POINT('',(-3.130812517065,-6.487761569584));
#2469 = CARTESIAN_POINT('',(-3.109371309065,-6.504261169905));
#2470 = CARTESIAN_POINT('',(-3.088285327074,-6.53653595142));
#2471 = CARTESIAN_POINT('',(-3.052822784338,-6.617099348877));
#2472 = CARTESIAN_POINT('',(-3.03818041934,-6.658688472076));
#2473 = CARTESIAN_POINT('',(-3.023895941085,-6.707401749524));
#2474 = CARTESIAN_POINT('',(-3.010005170989,-6.76272575935));
#2475 = CARTESIAN_POINT('',(-2.996541469302,-6.82410500705));
#2476 = CARTESIAN_POINT('',(-2.983535663984,-6.890938897123));
#2477 = CARTESIAN_POINT('',(-2.960288168363,-7.023965102889));
#2478 = CARTESIAN_POINT('',(-2.949905180092,-7.088949052642));
#2479 = CARTESIAN_POINT('',(-2.939868151737,-7.157239816901));
#2480 = CARTESIAN_POINT('',(-2.930177712377,-7.228565932326));
#2481 = CARTESIAN_POINT('',(-2.920833912653,-7.30267491395));
#2482 = CARTESIAN_POINT('',(-2.911836154226,-7.379332959808));
#2483 = CARTESIAN_POINT('',(-2.896365441666,-7.520561767956));
#2484 = CARTESIAN_POINT('',(-2.889760591907,-7.584258230536));
#2485 = CARTESIAN_POINT('',(-2.883367087008,-7.649318967977));
#2486 = CARTESIAN_POINT('',(-2.877183438621,-7.715656313751));
#2487 = CARTESIAN_POINT('',(-2.871208152995,-7.783190010132));
#2488 = CARTESIAN_POINT('',(-2.865439730976,-7.851847208193));
#2489 = CARTESIAN_POINT('',(-2.833934000501,-8.246671101204));
#2490 = CARTESIAN_POINT('',(-2.812400165693,-8.595503270987));
#2491 = CARTESIAN_POINT('',(-2.795213726918,-8.960916010223));
#2492 = CARTESIAN_POINT('',(-2.782334771734,-9.337790255382));
#2493 = CARTESIAN_POINT('',(-2.773739255882,-9.722159008899));
#2494 = CARTESIAN_POINT('',(-2.769424119629,-10.11063645928));
#2495 = CARTESIAN_POINT('',(-2.769424119629,-10.5));
#2496 = ( GEOMETRIC_REPRESENTATION_CONTEXT(2) 
PARAMETRIC_REPRESENTATION_CONTEXT() REPRESENTATION_CONTEXT('2D SPACE',''
  ) );
#2497 = PCURVE('',#2498,#2503);
#2498 = CYLINDRICAL_SURFACE('',#2499,4.);
#2499 = AXIS2_PLACEMENT_3D('',#2500,#2501,#2502);
#2500 = CARTESIAN_POINT('',(-32.9,0.,10.5));
#2501 = DIRECTION('',(-1.,-0.,-0.));
#2502 = DIRECTION('',(0.,1.,0.));
#2503 = DEFINITIONAL_REPRESENTATION('',(#2504),#2651);
#2504 = B_SPLINE_CURVE_WITH_KNOTS('',7,(#2505,#2506,#2507,#2508,#2509,
    #2510,#2511,#2512,#2513,#2514,#2515,#2516,#2517,#2518,#2519,#2520,
    #2521,#2522,#2523,#2524,#2525,#2526,#2527,#2528,#2529,#2530,#2531,
    #2532,#2533,#2534,#2535,#2536,#2537,#2538,#2539,#2540,#2541,#2542,
    #2543,#2544,#2545,#2546,#2547,#2548,#2549,#2550,#2551,#2552,#2553,
    #2554,#2555,#2556,#2557,#2558,#2559,#2560,#2561,#2562,#2563,#2564,
    #2565,#2566,#2567,#2568,#2569,#2570,#2571,#2572,#2573,#2574,#2575,
    #2576,#2577,#2578,#2579,#2580,#2581,#2582,#2583,#2584,#2585,#2586,
    #2587,#2588,#2589,#2590,#2591,#2592,#2593,#2594,#2595,#2596,#2597,
    #2598,#2599,#2600,#2601,#2602,#2603,#2604,#2605,#2606,#2607,#2608,
    #2609,#2610,#2611,#2612,#2613,#2614,#2615,#2616,#2617,#2618,#2619,
    #2620,#2621,#2622,#2623,#2624,#2625,#2626,#2627,#2628,#2629,#2630,
    #2631,#2632,#2633,#2634,#2635,#2636,#2637,#2638,#2639,#2640,#2641,
    #2642,#2643,#2644,#2645,#2646,#2647,#2648,#2649,#2650),
  .UNSPECIFIED.,.F.,.F.,(8,6,6,6,6,6,6,6,6,6,6,6,6,6,6,6,6,6,6,6,6,6,6,6
    ,8),(0.,0.123406575332,0.150707721157,0.183538281828,0.223016923517,
    0.276812291036,0.316074180273,0.349716732453,0.376223509925,
    0.399392199704,0.419329017514,0.435705258125,0.499989036231,
    0.564483265093,0.580788200391,0.600601903814,0.6235543344,
    0.650856756586,0.683688852122,0.72316933948,0.77696722199,
    0.816230946771,0.849875071781,0.876383088472,1.),.UNSPECIFIED.);
#2505 = CARTESIAN_POINT('',(0.,-22.65304923404));
#2506 = CARTESIAN_POINT('',(-9.718265000373E-02,-22.65304923404));
#2507 = CARTESIAN_POINT('',(-0.194145265829,-22.63584465885));
#2508 = CARTESIAN_POINT('',(-0.291585439353,-22.60157403595));
#2509 = CARTESIAN_POINT('',(-0.390126670358,-22.55141704513));
#2510 = CARTESIAN_POINT('',(-0.490434333635,-22.48762144239));
#2511 = CARTESIAN_POINT('',(-0.593199347864,-22.41367628401));
#2512 = CARTESIAN_POINT('',(-0.722779398618,-22.31701133737));
#2513 = CARTESIAN_POINT('',(-0.746428196111,-22.29923689746));
#2514 = CARTESIAN_POINT('',(-0.77026402946,-22.28125013549));
#2515 = CARTESIAN_POINT('',(-0.794299132645,-22.26310645278));
#2516 = CARTESIAN_POINT('',(-0.818545928917,-22.24486567276));
#2517 = CARTESIAN_POINT('',(-0.843017030797,-22.22659204101));
#2518 = CARTESIAN_POINT('',(-0.897437705949,-22.18642262857));
#2519 = CARTESIAN_POINT('',(-0.927499237758,-22.16453852067));
#2520 = CARTESIAN_POINT('',(-0.957926241813,-22.14282650496));
#2521 = CARTESIAN_POINT('',(-0.988735173905,-22.12142172262));
#2522 = CARTESIAN_POINT('',(-1.019943294197,-22.10046903893));
#2523 = CARTESIAN_POINT('',(-1.051569422111,-22.08012222955));
#2524 = CARTESIAN_POINT('',(-1.122193072315,-22.03699940803));
#2525 = CARTESIAN_POINT('',(-1.161437034961,-22.01453486271));
#2526 = CARTESIAN_POINT('',(-1.20131870241,-21.99348984956));
#2527 = CARTESIAN_POINT('',(-1.241800670978,-21.97420073515));
#2528 = CARTESIAN_POINT('',(-1.282854170128,-21.95698922004));
#2529 = CARTESIAN_POINT('',(-1.324457222564,-21.94215162493));
#2530 = CARTESIAN_POINT('',(-1.424008637501,-21.91331921094));
#2531 = CARTESIAN_POINT('',(-1.482369177908,-21.90159414927));
#2532 = CARTESIAN_POINT('',(-1.541263188965,-21.89552400627));
#2533 = CARTESIAN_POINT('',(-1.600329464625,-21.89552400627));
#2534 = CARTESIAN_POINT('',(-1.659223475682,-21.90159414927));
#2535 = CARTESIAN_POINT('',(-1.717584016089,-21.91331921094));
#2536 = CARTESIAN_POINT('',(-1.816904090983,-21.94208462345));
#2537 = CARTESIAN_POINT('',(-1.8582832802,-21.95682684717));
#2538 = CARTESIAN_POINT('',(-1.899119902252,-21.97391905695));
#2539 = CARTESIAN_POINT('',(-1.93939156754,-21.9930697619));
#2540 = CARTESIAN_POINT('',(-1.979069185974,-22.01396225314));
#2541 = CARTESIAN_POINT('',(-2.018115141414,-22.03626508567));
#2542 = CARTESIAN_POINT('',(-2.089356630943,-22.07967414629));
#2543 = CARTESIAN_POINT('',(-2.121769798555,-22.10051737385));
#2544 = CARTESIAN_POINT('',(-2.153743863379,-22.12199788178));
#2545 = CARTESIAN_POINT('',(-2.185299146024,-22.14395023972));
#2546 = CARTESIAN_POINT('',(-2.216454248339,-22.16621885685));
#2547 = CARTESIAN_POINT('',(-2.247226908487,-22.18865889068));
#2548 = CARTESIAN_POINT('',(-2.301593106687,-22.22884765443));
#2549 = CARTESIAN_POINT('',(-2.325329166567,-22.24658484171));
#2550 = CARTESIAN_POINT('',(-2.348854745989,-22.26428625811));
#2551 = CARTESIAN_POINT('',(-2.372181382456,-22.28189336302));
#2552 = CARTESIAN_POINT('',(-2.395320440646,-22.29935153469));
#2553 = CARTESIAN_POINT('',(-2.418283112405,-22.31661007033));
#2554 = CARTESIAN_POINT('',(-2.461006779838,-22.34849190875));
#2555 = CARTESIAN_POINT('',(-2.4808066197,-22.36317304756));
#2556 = CARTESIAN_POINT('',(-2.500487178541,-22.37763418905));
#2557 = CARTESIAN_POINT('',(-2.520055433107,-22.39184560402));
#2558 = CARTESIAN_POINT('',(-2.539518094688,-22.40577924746));
#2559 = CARTESIAN_POINT('',(-2.558881609119,-22.41940875853));
#2560 = CARTESIAN_POINT('',(-2.59473459633,-22.44415480669));
#2561 = CARTESIAN_POINT('',(-2.611248160071,-22.4553565929));
#2562 = CARTESIAN_POINT('',(-2.627696764366,-22.46629903046));
#2563 = CARTESIAN_POINT('',(-2.644084176958,-22.47696710765));
#2564 = CARTESIAN_POINT('',(-2.660414016971,-22.48734658972));
#2565 = CARTESIAN_POINT('',(-2.676689754903,-22.49742401894));
#2566 = CARTESIAN_POINT('',(-2.706242005599,-22.51520586055));
#2567 = CARTESIAN_POINT('',(-2.719535031289,-22.52301263894));
#2568 = CARTESIAN_POINT('',(-2.732795627775,-22.53060000792));
#2569 = CARTESIAN_POINT('',(-2.746025573795,-22.53796126263));
#2570 = CARTESIAN_POINT('',(-2.759226588747,-22.54509003519));
#2571 = CARTESIAN_POINT('',(-2.772400332693,-22.55198029471));
#2572 = CARTESIAN_POINT('',(-2.837160242685,-22.5847149581));
#2573 = CARTESIAN_POINT('',(-2.8883894688,-22.60704709899));
#2574 = CARTESIAN_POINT('',(-2.939319010754,-22.62526805534));
#2575 = CARTESIAN_POINT('',(-2.990027631658,-22.63911228281));
#2576 = CARTESIAN_POINT('',(-3.040591812566,-22.64840257547));
#2577 = CARTESIAN_POINT('',(-3.091087633351,-22.65304923404));
#2578 = CARTESIAN_POINT('',(-3.192263016004,-22.65304923404));
#2579 = CARTESIAN_POINT('',(-3.242924032925,-22.64837210007));
#2580 = CARTESIAN_POINT('',(-3.293654068032,-22.63902092012));
#2581 = CARTESIAN_POINT('',(-3.344529990711,-22.62508656381));
#2582 = CARTESIAN_POINT('',(-3.395629082808,-22.60674853763));
#2583 = CARTESIAN_POINT('',(-3.447030945374,-22.58427584011));
#2584 = CARTESIAN_POINT('',(-3.511912165897,-22.5513919936));
#2585 = CARTESIAN_POINT('',(-3.525030475627,-22.5445144498));
#2586 = CARTESIAN_POINT('',(-3.538175917308,-22.53740082251));
#2587 = CARTESIAN_POINT('',(-3.551350132049,-22.53005707978));
#2588 = CARTESIAN_POINT('',(-3.564554819371,-22.5224895208));
#2589 = CARTESIAN_POINT('',(-3.57779173721,-22.51470477594));
#2590 = CARTESIAN_POINT('',(-3.60718953431,-22.49699434657));
#2591 = CARTESIAN_POINT('',(-3.623366636014,-22.48696846758));
#2592 = CARTESIAN_POINT('',(-3.639597271616,-22.47664463758));
#2593 = CARTESIAN_POINT('',(-3.655884850753,-22.46603608265));
#2594 = CARTESIAN_POINT('',(-3.672232928108,-22.45515678709));
#2595 = CARTESIAN_POINT('',(-3.688645203406,-22.4440214935));
#2596 = CARTESIAN_POINT('',(-3.724216518551,-22.41946785079));
#2597 = CARTESIAN_POINT('',(-3.743398776421,-22.40596738225));
#2598 = CARTESIAN_POINT('',(-3.762678303932,-22.39216829618));
#2599 = CARTESIAN_POINT('',(-3.782061365916,-22.37809621217));
#2600 = CARTESIAN_POINT('',(-3.801554483125,-22.36377837034));
#2601 = CARTESIAN_POINT('',(-3.821164432239,-22.34924363127));
#2602 = CARTESIAN_POINT('',(-3.864372052208,-22.31701133737));
#2603 = CARTESIAN_POINT('',(-3.888020849701,-22.29923689746));
#2604 = CARTESIAN_POINT('',(-3.91185668305,-22.28125013549));
#2605 = CARTESIAN_POINT('',(-3.935891786235,-22.26310645278));
#2606 = CARTESIAN_POINT('',(-3.960138582507,-22.24486567276));
#2607 = CARTESIAN_POINT('',(-3.984609684386,-22.22659204101));
#2608 = CARTESIAN_POINT('',(-4.039030359537,-22.18642262857));
#2609 = CARTESIAN_POINT('',(-4.069091891348,-22.16453852067));
#2610 = CARTESIAN_POINT('',(-4.099518895404,-22.14282650495));
#2611 = CARTESIAN_POINT('',(-4.130327827496,-22.12142172262));
#2612 = CARTESIAN_POINT('',(-4.161535947787,-22.10046903893));
#2613 = CARTESIAN_POINT('',(-4.1931620757,-22.08012222955));
#2614 = CARTESIAN_POINT('',(-4.263785725905,-22.03699940803));
#2615 = CARTESIAN_POINT('',(-4.303029688551,-22.01453486271));
#2616 = CARTESIAN_POINT('',(-4.342911356,-21.99348984956));
#2617 = CARTESIAN_POINT('',(-4.383393324567,-21.97420073515));
#2618 = CARTESIAN_POINT('',(-4.424446823718,-21.95698922004));
#2619 = CARTESIAN_POINT('',(-4.466049876154,-21.94215162493));
#2620 = CARTESIAN_POINT('',(-4.565601291091,-21.91331921094));
#2621 = CARTESIAN_POINT('',(-4.623961831497,-21.90159414927));
#2622 = CARTESIAN_POINT('',(-4.682855842554,-21.89552400627));
#2623 = CARTESIAN_POINT('',(-4.741922118215,-21.89552400627));
#2624 = CARTESIAN_POINT('',(-4.800816129272,-21.90159414927));
#2625 = CARTESIAN_POINT('',(-4.859176669679,-21.91331921094));
#2626 = CARTESIAN_POINT('',(-4.958496744582,-21.94208462345));
#2627 = CARTESIAN_POINT('',(-4.999875933791,-21.95682684718));
#2628 = CARTESIAN_POINT('',(-5.040712555835,-21.97391905695));
#2629 = CARTESIAN_POINT('',(-5.080984221123,-21.9930697619));
#2630 = CARTESIAN_POINT('',(-5.120661839564,-22.01396225314));
#2631 = CARTESIAN_POINT('',(-5.159707795012,-22.03626508568));
#2632 = CARTESIAN_POINT('',(-5.230949284525,-22.07967414628));
#2633 = CARTESIAN_POINT('',(-5.263362452144,-22.10051737384));
#2634 = CARTESIAN_POINT('',(-5.295336516975,-22.12199788179));
#2635 = CARTESIAN_POINT('',(-5.326891799619,-22.14395023973));
#2636 = CARTESIAN_POINT('',(-5.358046901927,-22.16621885685));
#2637 = CARTESIAN_POINT('',(-5.388819562069,-22.18865889068));
#2638 = CARTESIAN_POINT('',(-5.443185760276,-22.22884765443));
#2639 = CARTESIAN_POINT('',(-5.466921820157,-22.24658484171));
#2640 = CARTESIAN_POINT('',(-5.490447399579,-22.26428625811));
#2641 = CARTESIAN_POINT('',(-5.513774036046,-22.28189336302));
#2642 = CARTESIAN_POINT('',(-5.536913094236,-22.29935153469));
#2643 = CARTESIAN_POINT('',(-5.559875765995,-22.31661007033));
#2644 = CARTESIAN_POINT('',(-5.688985526204,-22.41295611835));
#2645 = CARTESIAN_POINT('',(-5.791937996493,-22.48710418835));
#2646 = CARTESIAN_POINT('',(-5.892419919039,-22.55109174325));
#2647 = CARTESIAN_POINT('',(-5.991125947506,-22.60140706301));
#2648 = CARTESIAN_POINT('',(-6.088725185393,-22.63578858989));
#2649 = CARTESIAN_POINT('',(-6.185844422,-22.65304923404));
#2650 = CARTESIAN_POINT('',(-6.28318530718,-22.65304923404));
#2651 = ( GEOMETRIC_REPRESENTATION_CONTEXT(2) 
PARAMETRIC_REPRESENTATION_CONTEXT() REPRESENTATION_CONTEXT('2D SPACE',''
  ) );
#2652 = ADVANCED_FACE('',(#2653),#721,.F.);
#2653 = FACE_BOUND('',#2654,.F.);
#2654 = EDGE_LOOP('',(#2655,#2656,#2677,#2678));
#2655 = ORIENTED_EDGE('',*,*,#700,.F.);
#2656 = ORIENTED_EDGE('',*,*,#2657,.F.);
#2657 = EDGE_CURVE('',#1592,#701,#2658,.T.);
#2658 = SEAM_CURVE('',#2659,(#2663,#2670),.PCURVE_S1.);
#2659 = LINE('',#2660,#2661);
#2660 = CARTESIAN_POINT('',(62.25,45.,20.));
#2661 = VECTOR('',#2662,1.);
#2662 = DIRECTION('',(0.,0.,-1.));
#2663 = PCURVE('',#721,#2664);
#2664 = DEFINITIONAL_REPRESENTATION('',(#2665),#2669);
#2665 = LINE('',#2666,#2667);
#2666 = CARTESIAN_POINT('',(6.28318530718,-0.));
#2667 = VECTOR('',#2668,1.);
#2668 = DIRECTION('',(0.,1.));
#2669 = ( GEOMETRIC_REPRESENTATION_CONTEXT(2) 
PARAMETRIC_REPRESENTATION_CONTEXT() REPRESENTATION_CONTEXT('2D SPACE',''
  ) );
#2670 = PCURVE('',#721,#2671);
#2671 = DEFINITIONAL_REPRESENTATION('',(#2672),#2676);
#2672 = LINE('',#2673,#2674);
#2673 = CARTESIAN_POINT('',(0.,-0.));
#2674 = VECTOR('',#2675,1.);
#2675 = DIRECTION('',(0.,1.));
#2676 = ( GEOMETRIC_REPRESENTATION_CONTEXT(2) 
PARAMETRIC_REPRESENTATION_CONTEXT() REPRESENTATION_CONTEXT('2D SPACE',''
  ) );
#2677 = ORIENTED_EDGE('',*,*,#1591,.T.);
#2678 = ORIENTED_EDGE('',*,*,#2657,.T.);
#2679 = ADVANCED_FACE('',(#2680),#1037,.T.);
#2680 = FACE_BOUND('',#2681,.T.);
#2681 = EDGE_LOOP('',(#2682,#2712,#2733,#2734));
#2682 = ORIENTED_EDGE('',*,*,#2683,.F.);
#2683 = EDGE_CURVE('',#2684,#2686,#2688,.T.);
#2684 = VERTEX_POINT('',#2685);
#2685 = CARTESIAN_POINT('',(-23.9,-26.,17.));
#2686 = VERTEX_POINT('',#2687);
#2687 = CARTESIAN_POINT('',(-23.9,26.,17.));
#2688 = SURFACE_CURVE('',#2689,(#2693,#2700),.PCURVE_S1.);
#2689 = LINE('',#2690,#2691);
#2690 = CARTESIAN_POINT('',(-23.9,-26.,17.));
#2691 = VECTOR('',#2692,1.);
#2692 = DIRECTION('',(0.,1.,0.));
#2693 = PCURVE('',#1037,#2694);
#2694 = DEFINITIONAL_REPRESENTATION('',(#2695),#2699);
#2695 = LINE('',#2696,#2697);
#2696 = CARTESIAN_POINT('',(0.,0.));
#2697 = VECTOR('',#2698,1.);
#2698 = DIRECTION('',(1.,0.));
#2699 = ( GEOMETRIC_REPRESENTATION_CONTEXT(2) 
PARAMETRIC_REPRESENTATION_CONTEXT() REPRESENTATION_CONTEXT('2D SPACE',''
  ) );
#2700 = PCURVE('',#2701,#2706);
#2701 = PLANE('',#2702);
#2702 = AXIS2_PLACEMENT_3D('',#2703,#2704,#2705);
#2703 = CARTESIAN_POINT('',(-59.9,0.,17.));
#2704 = DIRECTION('',(0.,0.,1.));
#2705 = DIRECTION('',(1.,0.,-0.));
#2706 = DEFINITIONAL_REPRESENTATION('',(#2707),#2711);
#2707 = LINE('',#2708,#2709);
#2708 = CARTESIAN_POINT('',(36.,-26.));
#2709 = VECTOR('',#2710,1.);
#2710 = DIRECTION('',(0.,1.));
#2711 = ( GEOMETRIC_REPRESENTATION_CONTEXT(2) 
PARAMETRIC_REPRESENTATION_CONTEXT() REPRESENTATION_CONTEXT('2D SPACE',''
  ) );
#2712 = ORIENTED_EDGE('',*,*,#2713,.T.);
#2713 = EDGE_CURVE('',#2684,#1023,#2714,.T.);
#2714 = SURFACE_CURVE('',#2715,(#2719,#2726),.PCURVE_S1.);
#2715 = LINE('',#2716,#2717);
#2716 = CARTESIAN_POINT('',(-23.9,-26.,17.));
#2717 = VECTOR('',#2718,1.);
#2718 = DIRECTION('',(0.,0.,1.));
#2719 = PCURVE('',#1037,#2720);
#2720 = DEFINITIONAL_REPRESENTATION('',(#2721),#2725);
#2721 = LINE('',#2722,#2723);
#2722 = CARTESIAN_POINT('',(0.,0.));
#2723 = VECTOR('',#2724,1.);
#2724 = DIRECTION('',(0.,-1.));
#2725 = ( GEOMETRIC_REPRESENTATION_CONTEXT(2) 
PARAMETRIC_REPRESENTATION_CONTEXT() REPRESENTATION_CONTEXT('2D SPACE',''
  ) );
#2726 = PCURVE('',#1063,#2727);
#2727 = DEFINITIONAL_REPRESENTATION('',(#2728),#2732);
#2728 = LINE('',#2729,#2730);
#2729 = CARTESIAN_POINT('',(72.,0.));
#2730 = VECTOR('',#2731,1.);
#2731 = DIRECTION('',(0.,-1.));
#2732 = ( GEOMETRIC_REPRESENTATION_CONTEXT(2) 
PARAMETRIC_REPRESENTATION_CONTEXT() REPRESENTATION_CONTEXT('2D SPACE',''
  ) );
#2733 = ORIENTED_EDGE('',*,*,#1020,.F.);
#2734 = ORIENTED_EDGE('',*,*,#2735,.F.);
#2735 = EDGE_CURVE('',#2686,#1021,#2736,.T.);
#2736 = SURFACE_CURVE('',#2737,(#2741,#2748),.PCURVE_S1.);
#2737 = LINE('',#2738,#2739);
#2738 = CARTESIAN_POINT('',(-23.9,26.,17.));
#2739 = VECTOR('',#2740,1.);
#2740 = DIRECTION('',(0.,0.,1.));
#2741 = PCURVE('',#1037,#2742);
#2742 = DEFINITIONAL_REPRESENTATION('',(#2743),#2747);
#2743 = LINE('',#2744,#2745);
#2744 = CARTESIAN_POINT('',(52.,0.));
#2745 = VECTOR('',#2746,1.);
#2746 = DIRECTION('',(0.,-1.));
#2747 = ( GEOMETRIC_REPRESENTATION_CONTEXT(2) 
PARAMETRIC_REPRESENTATION_CONTEXT() REPRESENTATION_CONTEXT('2D SPACE',''
  ) );
#2748 = PCURVE('',#1113,#2749);
#2749 = DEFINITIONAL_REPRESENTATION('',(#2750),#2754);
#2750 = LINE('',#2751,#2752);
#2751 = CARTESIAN_POINT('',(0.,-0.));
#2752 = VECTOR('',#2753,1.);
#2753 = DIRECTION('',(0.,-1.));
#2754 = ( GEOMETRIC_REPRESENTATION_CONTEXT(2) 
PARAMETRIC_REPRESENTATION_CONTEXT() REPRESENTATION_CONTEXT('2D SPACE',''
  ) );
#2755 = ADVANCED_FACE('',(#2756),#1113,.T.);
#2756 = FACE_BOUND('',#2757,.T.);
#2757 = EDGE_LOOP('',(#2758,#2781,#2782,#2783));
#2758 = ORIENTED_EDGE('',*,*,#2759,.F.);
#2759 = EDGE_CURVE('',#2686,#2760,#2762,.T.);
#2760 = VERTEX_POINT('',#2761);
#2761 = CARTESIAN_POINT('',(-95.9,26.,17.));
#2762 = SURFACE_CURVE('',#2763,(#2767,#2774),.PCURVE_S1.);
#2763 = LINE('',#2764,#2765);
#2764 = CARTESIAN_POINT('',(-23.9,26.,17.));
#2765 = VECTOR('',#2766,1.);
#2766 = DIRECTION('',(-1.,0.,0.));
#2767 = PCURVE('',#1113,#2768);
#2768 = DEFINITIONAL_REPRESENTATION('',(#2769),#2773);
#2769 = LINE('',#2770,#2771);
#2770 = CARTESIAN_POINT('',(0.,-0.));
#2771 = VECTOR('',#2772,1.);
#2772 = DIRECTION('',(1.,0.));
#2773 = ( GEOMETRIC_REPRESENTATION_CONTEXT(2) 
PARAMETRIC_REPRESENTATION_CONTEXT() REPRESENTATION_CONTEXT('2D SPACE',''
  ) );
#2774 = PCURVE('',#2701,#2775);
#2775 = DEFINITIONAL_REPRESENTATION('',(#2776),#2780);
#2776 = LINE('',#2777,#2778);
#2777 = CARTESIAN_POINT('',(36.,26.));
#2778 = VECTOR('',#2779,1.);
#2779 = DIRECTION('',(-1.,0.));
#2780 = ( GEOMETRIC_REPRESENTATION_CONTEXT(2) 
PARAMETRIC_REPRESENTATION_CONTEXT() REPRESENTATION_CONTEXT('2D SPACE',''
  ) );
#2781 = ORIENTED_EDGE('',*,*,#2735,.T.);
#2782 = ORIENTED_EDGE('',*,*,#1100,.F.);
#2783 = ORIENTED_EDGE('',*,*,#2784,.F.);
#2784 = EDGE_CURVE('',#2760,#1075,#2785,.T.);
#2785 = SURFACE_CURVE('',#2786,(#2790,#2797),.PCURVE_S1.);
#2786 = LINE('',#2787,#2788);
#2787 = CARTESIAN_POINT('',(-95.9,26.,17.));
#2788 = VECTOR('',#2789,1.);
#2789 = DIRECTION('',(0.,0.,1.));
#2790 = PCURVE('',#1113,#2791);
#2791 = DEFINITIONAL_REPRESENTATION('',(#2792),#2796);
#2792 = LINE('',#2793,#2794);
#2793 = CARTESIAN_POINT('',(72.,0.));
#2794 = VECTOR('',#2795,1.);
#2795 = DIRECTION('',(0.,-1.));
#2796 = ( GEOMETRIC_REPRESENTATION_CONTEXT(2) 
PARAMETRIC_REPRESENTATION_CONTEXT() REPRESENTATION_CONTEXT('2D SPACE',''
  ) );
#2797 = PCURVE('',#1089,#2798);
#2798 = DEFINITIONAL_REPRESENTATION('',(#2799),#2803);
#2799 = LINE('',#2800,#2801);
#2800 = CARTESIAN_POINT('',(0.,0.));
#2801 = VECTOR('',#2802,1.);
#2802 = DIRECTION('',(0.,-1.));
#2803 = ( GEOMETRIC_REPRESENTATION_CONTEXT(2) 
PARAMETRIC_REPRESENTATION_CONTEXT() REPRESENTATION_CONTEXT('2D SPACE',''
  ) );
#2804 = ADVANCED_FACE('',(#2805),#1089,.T.);
#2805 = FACE_BOUND('',#2806,.T.);
#2806 = EDGE_LOOP('',(#2807,#2830,#2831,#2832));
#2807 = ORIENTED_EDGE('',*,*,#2808,.F.);
#2808 = EDGE_CURVE('',#2760,#2809,#2811,.T.);
#2809 = VERTEX_POINT('',#2810);
#2810 = CARTESIAN_POINT('',(-95.9,-26.,17.));
#2811 = SURFACE_CURVE('',#2812,(#2816,#2823),.PCURVE_S1.);
#2812 = LINE('',#2813,#2814);
#2813 = CARTESIAN_POINT('',(-95.9,26.,17.));
#2814 = VECTOR('',#2815,1.);
#2815 = DIRECTION('',(0.,-1.,0.));
#2816 = PCURVE('',#1089,#2817);
#2817 = DEFINITIONAL_REPRESENTATION('',(#2818),#2822);
#2818 = LINE('',#2819,#2820);
#2819 = CARTESIAN_POINT('',(0.,0.));
#2820 = VECTOR('',#2821,1.);
#2821 = DIRECTION('',(1.,0.));
#2822 = ( GEOMETRIC_REPRESENTATION_CONTEXT(2) 
PARAMETRIC_REPRESENTATION_CONTEXT() REPRESENTATION_CONTEXT('2D SPACE',''
  ) );
#2823 = PCURVE('',#2701,#2824);
#2824 = DEFINITIONAL_REPRESENTATION('',(#2825),#2829);
#2825 = LINE('',#2826,#2827);
#2826 = CARTESIAN_POINT('',(-36.,26.));
#2827 = VECTOR('',#2828,1.);
#2828 = DIRECTION('',(0.,-1.));
#2829 = ( GEOMETRIC_REPRESENTATION_CONTEXT(2) 
PARAMETRIC_REPRESENTATION_CONTEXT() REPRESENTATION_CONTEXT('2D SPACE',''
  ) );
#2830 = ORIENTED_EDGE('',*,*,#2784,.T.);
#2831 = ORIENTED_EDGE('',*,*,#1074,.F.);
#2832 = ORIENTED_EDGE('',*,*,#2833,.F.);
#2833 = EDGE_CURVE('',#2809,#1049,#2834,.T.);
#2834 = SURFACE_CURVE('',#2835,(#2839,#2846),.PCURVE_S1.);
#2835 = LINE('',#2836,#2837);
#2836 = CARTESIAN_POINT('',(-95.9,-26.,17.));
#2837 = VECTOR('',#2838,1.);
#2838 = DIRECTION('',(0.,0.,1.));
#2839 = PCURVE('',#1089,#2840);
#2840 = DEFINITIONAL_REPRESENTATION('',(#2841),#2845);
#2841 = LINE('',#2842,#2843);
#2842 = CARTESIAN_POINT('',(52.,0.));
#2843 = VECTOR('',#2844,1.);
#2844 = DIRECTION('',(0.,-1.));
#2845 = ( GEOMETRIC_REPRESENTATION_CONTEXT(2) 
PARAMETRIC_REPRESENTATION_CONTEXT() REPRESENTATION_CONTEXT('2D SPACE',''
  ) );
#2846 = PCURVE('',#1063,#2847);
#2847 = DEFINITIONAL_REPRESENTATION('',(#2848),#2852);
#2848 = LINE('',#2849,#2850);
#2849 = CARTESIAN_POINT('',(0.,0.));
#2850 = VECTOR('',#2851,1.);
#2851 = DIRECTION('',(0.,-1.));
#2852 = ( GEOMETRIC_REPRESENTATION_CONTEXT(2) 
PARAMETRIC_REPRESENTATION_CONTEXT() REPRESENTATION_CONTEXT('2D SPACE',''
  ) );
#2853 = ADVANCED_FACE('',(#2854),#1063,.T.);
#2854 = FACE_BOUND('',#2855,.T.);
#2855 = EDGE_LOOP('',(#2856,#2877,#2878,#2879));
#2856 = ORIENTED_EDGE('',*,*,#2857,.F.);
#2857 = EDGE_CURVE('',#2809,#2684,#2858,.T.);
#2858 = SURFACE_CURVE('',#2859,(#2863,#2870),.PCURVE_S1.);
#2859 = LINE('',#2860,#2861);
#2860 = CARTESIAN_POINT('',(-95.9,-26.,17.));
#2861 = VECTOR('',#2862,1.);
#2862 = DIRECTION('',(1.,0.,0.));
#2863 = PCURVE('',#1063,#2864);
#2864 = DEFINITIONAL_REPRESENTATION('',(#2865),#2869);
#2865 = LINE('',#2866,#2867);
#2866 = CARTESIAN_POINT('',(0.,0.));
#2867 = VECTOR('',#2868,1.);
#2868 = DIRECTION('',(1.,0.));
#2869 = ( GEOMETRIC_REPRESENTATION_CONTEXT(2) 
PARAMETRIC_REPRESENTATION_CONTEXT() REPRESENTATION_CONTEXT('2D SPACE',''
  ) );
#2870 = PCURVE('',#2701,#2871);
#2871 = DEFINITIONAL_REPRESENTATION('',(#2872),#2876);
#2872 = LINE('',#2873,#2874);
#2873 = CARTESIAN_POINT('',(-36.,-26.));
#2874 = VECTOR('',#2875,1.);
#2875 = DIRECTION('',(1.,0.));
#2876 = ( GEOMETRIC_REPRESENTATION_CONTEXT(2) 
PARAMETRIC_REPRESENTATION_CONTEXT() REPRESENTATION_CONTEXT('2D SPACE',''
  ) );
#2877 = ORIENTED_EDGE('',*,*,#2833,.T.);
#2878 = ORIENTED_EDGE('',*,*,#1048,.F.);
#2879 = ORIENTED_EDGE('',*,*,#2713,.F.);
#2880 = ADVANCED_FACE('',(#2881),#1174,.T.);
#2881 = FACE_BOUND('',#2882,.T.);
#2882 = EDGE_LOOP('',(#2883,#2904,#2905));
#2883 = ORIENTED_EDGE('',*,*,#2884,.T.);
#2884 = EDGE_CURVE('',#2885,#1157,#2887,.T.);
#2885 = VERTEX_POINT('',#2886);
#2886 = CARTESIAN_POINT('',(-4.,-22.4,33.953488372093));
#2887 = SURFACE_CURVE('',#2888,(#2892,#2898),.PCURVE_S1.);
#2888 = LINE('',#2889,#2890);
#2889 = CARTESIAN_POINT('',(-4.,-22.4,22.137066995483));
#2890 = VECTOR('',#2891,1.);
#2891 = DIRECTION('',(0.,0.,-1.));
#2892 = PCURVE('',#1174,#2893);
#2893 = DEFINITIONAL_REPRESENTATION('',(#2894),#2897);
#2894 = B_SPLINE_CURVE_WITH_KNOTS('',1,(#2895,#2896),.UNSPECIFIED.,.F.,
  .F.,(2,2),(-11.86293300451,2.137066995483),.PIECEWISE_BEZIER_KNOTS.);
#2895 = CARTESIAN_POINT('',(-9.725866009034,-12.22413399096));
#2896 = CARTESIAN_POINT('',(4.274133990966,-12.22413399096));
#2897 = ( GEOMETRIC_REPRESENTATION_CONTEXT(2) 
PARAMETRIC_REPRESENTATION_CONTEXT() REPRESENTATION_CONTEXT('2D SPACE',''
  ) );
#2898 = PCURVE('',#1202,#2899);
#2899 = DEFINITIONAL_REPRESENTATION('',(#2900),#2903);
#2900 = B_SPLINE_CURVE_WITH_KNOTS('',1,(#2901,#2902),.UNSPECIFIED.,.F.,
  .F.,(2,2),(-11.86293300451,2.137066995483),.PIECEWISE_BEZIER_KNOTS.);
#2901 = CARTESIAN_POINT('',(18.4,-14.));
#2902 = CARTESIAN_POINT('',(18.4,0.));
#2903 = ( GEOMETRIC_REPRESENTATION_CONTEXT(2) 
PARAMETRIC_REPRESENTATION_CONTEXT() REPRESENTATION_CONTEXT('2D SPACE',''
  ) );
#2904 = ORIENTED_EDGE('',*,*,#1156,.T.);
#2905 = ORIENTED_EDGE('',*,*,#2906,.T.);
#2906 = EDGE_CURVE('',#1159,#2885,#2907,.T.);
#2907 = SURFACE_CURVE('',#2908,(#2912,#2919),.PCURVE_S1.);
#2908 = LINE('',#2909,#2910);
#2909 = CARTESIAN_POINT('',(-4.,-52.4,20.));
#2910 = VECTOR('',#2911,1.);
#2911 = DIRECTION('',(2.013325310665E-16,0.906721111889,0.421730749716)
  );
#2912 = PCURVE('',#1174,#2913);
#2913 = DEFINITIONAL_REPRESENTATION('',(#2914),#2918);
#2914 = LINE('',#2915,#2916);
#2915 = CARTESIAN_POINT('',(4.274133990966,17.775866009034));
#2916 = VECTOR('',#2917,1.);
#2917 = DIRECTION('',(-0.421730749716,-0.906721111889));
#2918 = ( GEOMETRIC_REPRESENTATION_CONTEXT(2) 
PARAMETRIC_REPRESENTATION_CONTEXT() REPRESENTATION_CONTEXT('2D SPACE',''
  ) );
#2919 = PCURVE('',#1577,#2920);
#2920 = DEFINITIONAL_REPRESENTATION('',(#2921),#2925);
#2921 = LINE('',#2922,#2923);
#2922 = CARTESIAN_POINT('',(-8.053301242659E-16,-4.));
#2923 = VECTOR('',#2924,1.);
#2924 = DIRECTION('',(1.,0.));
#2925 = ( GEOMETRIC_REPRESENTATION_CONTEXT(2) 
PARAMETRIC_REPRESENTATION_CONTEXT() REPRESENTATION_CONTEXT('2D SPACE',''
  ) );
#2926 = ADVANCED_FACE('',(#2927),#1202,.F.);
#2927 = FACE_BOUND('',#2928,.F.);
#2928 = EDGE_LOOP('',(#2929,#2930,#2953,#2981,#3002,#3003,#3024,#3043));
#2929 = ORIENTED_EDGE('',*,*,#1186,.F.);
#2930 = ORIENTED_EDGE('',*,*,#2931,.T.);
#2931 = EDGE_CURVE('',#1187,#2932,#2934,.T.);
#2932 = VERTEX_POINT('',#2933);
#2933 = CARTESIAN_POINT('',(-22.4,-22.4,34.));
#2934 = SURFACE_CURVE('',#2935,(#2939,#2946),.PCURVE_S1.);
#2935 = LINE('',#2936,#2937);
#2936 = CARTESIAN_POINT('',(-22.4,-22.4,20.));
#2937 = VECTOR('',#2938,1.);
#2938 = DIRECTION('',(0.,0.,1.));
#2939 = PCURVE('',#1202,#2940);
#2940 = DEFINITIONAL_REPRESENTATION('',(#2941),#2945);
#2941 = LINE('',#2942,#2943);
#2942 = CARTESIAN_POINT('',(0.,0.));
#2943 = VECTOR('',#2944,1.);
#2944 = DIRECTION('',(0.,-1.));
#2945 = ( GEOMETRIC_REPRESENTATION_CONTEXT(2) 
PARAMETRIC_REPRESENTATION_CONTEXT() REPRESENTATION_CONTEXT('2D SPACE',''
  ) );
#2946 = PCURVE('',#1230,#2947);
#2947 = DEFINITIONAL_REPRESENTATION('',(#2948),#2952);
#2948 = LINE('',#2949,#2950);
#2949 = CARTESIAN_POINT('',(44.8,0.));
#2950 = VECTOR('',#2951,1.);
#2951 = DIRECTION('',(0.,-1.));
#2952 = ( GEOMETRIC_REPRESENTATION_CONTEXT(2) 
PARAMETRIC_REPRESENTATION_CONTEXT() REPRESENTATION_CONTEXT('2D SPACE',''
  ) );
#2953 = ORIENTED_EDGE('',*,*,#2954,.T.);
#2954 = EDGE_CURVE('',#2932,#2955,#2957,.T.);
#2955 = VERTEX_POINT('',#2956);
#2956 = CARTESIAN_POINT('',(22.4,-22.4,34.));
#2957 = SURFACE_CURVE('',#2958,(#2962,#2969),.PCURVE_S1.);
#2958 = LINE('',#2959,#2960);
#2959 = CARTESIAN_POINT('',(-22.4,-22.4,34.));
#2960 = VECTOR('',#2961,1.);
#2961 = DIRECTION('',(1.,0.,0.));
#2962 = PCURVE('',#1202,#2963);
#2963 = DEFINITIONAL_REPRESENTATION('',(#2964),#2968);
#2964 = LINE('',#2965,#2966);
#2965 = CARTESIAN_POINT('',(0.,-14.));
#2966 = VECTOR('',#2967,1.);
#2967 = DIRECTION('',(1.,0.));
#2968 = ( GEOMETRIC_REPRESENTATION_CONTEXT(2) 
PARAMETRIC_REPRESENTATION_CONTEXT() REPRESENTATION_CONTEXT('2D SPACE',''
  ) );
#2969 = PCURVE('',#2970,#2975);
#2970 = PLANE('',#2971);
#2971 = AXIS2_PLACEMENT_3D('',#2972,#2973,#2974);
#2972 = CARTESIAN_POINT('',(-6.344131569287E-16,6.344131569287E-16,34.)
  );
#2973 = DIRECTION('',(0.,0.,1.));
#2974 = DIRECTION('',(1.,0.,-0.));
#2975 = DEFINITIONAL_REPRESENTATION('',(#2976),#2980);
#2976 = LINE('',#2977,#2978);
#2977 = CARTESIAN_POINT('',(-22.4,-22.4));
#2978 = VECTOR('',#2979,1.);
#2979 = DIRECTION('',(1.,0.));
#2980 = ( GEOMETRIC_REPRESENTATION_CONTEXT(2) 
PARAMETRIC_REPRESENTATION_CONTEXT() REPRESENTATION_CONTEXT('2D SPACE',''
  ) );
#2981 = ORIENTED_EDGE('',*,*,#2982,.F.);
#2982 = EDGE_CURVE('',#1490,#2955,#2983,.T.);
#2983 = SURFACE_CURVE('',#2984,(#2988,#2995),.PCURVE_S1.);
#2984 = LINE('',#2985,#2986);
#2985 = CARTESIAN_POINT('',(22.4,-22.4,20.));
#2986 = VECTOR('',#2987,1.);
#2987 = DIRECTION('',(0.,0.,1.));
#2988 = PCURVE('',#1202,#2989);
#2989 = DEFINITIONAL_REPRESENTATION('',(#2990),#2994);
#2990 = LINE('',#2991,#2992);
#2991 = CARTESIAN_POINT('',(44.8,0.));
#2992 = VECTOR('',#2993,1.);
#2993 = DIRECTION('',(0.,-1.));
#2994 = ( GEOMETRIC_REPRESENTATION_CONTEXT(2) 
PARAMETRIC_REPRESENTATION_CONTEXT() REPRESENTATION_CONTEXT('2D SPACE',''
  ) );
#2995 = PCURVE('',#1393,#2996);
#2996 = DEFINITIONAL_REPRESENTATION('',(#2997),#3001);
#2997 = LINE('',#2998,#2999);
#2998 = CARTESIAN_POINT('',(0.,0.));
#2999 = VECTOR('',#3000,1.);
#3000 = DIRECTION('',(0.,-1.));
#3001 = ( GEOMETRIC_REPRESENTATION_CONTEXT(2) 
PARAMETRIC_REPRESENTATION_CONTEXT() REPRESENTATION_CONTEXT('2D SPACE',''
  ) );
#3002 = ORIENTED_EDGE('',*,*,#1512,.F.);
#3003 = ORIENTED_EDGE('',*,*,#3004,.F.);
#3004 = EDGE_CURVE('',#3005,#1513,#3007,.T.);
#3005 = VERTEX_POINT('',#3006);
#3006 = CARTESIAN_POINT('',(4.,-22.4,33.953488372093));
#3007 = SURFACE_CURVE('',#3008,(#3012,#3018),.PCURVE_S1.);
#3008 = LINE('',#3009,#3010);
#3009 = CARTESIAN_POINT('',(4.,-22.4,22.137066995483));
#3010 = VECTOR('',#3011,1.);
#3011 = DIRECTION('',(0.,0.,-1.));
#3012 = PCURVE('',#1202,#3013);
#3013 = DEFINITIONAL_REPRESENTATION('',(#3014),#3017);
#3014 = B_SPLINE_CURVE_WITH_KNOTS('',1,(#3015,#3016),.UNSPECIFIED.,.F.,
  .F.,(2,2),(-11.86293300451,2.137066995483),.PIECEWISE_BEZIER_KNOTS.);
#3015 = CARTESIAN_POINT('',(26.4,-14.));
#3016 = CARTESIAN_POINT('',(26.4,0.));
#3017 = ( GEOMETRIC_REPRESENTATION_CONTEXT(2) 
PARAMETRIC_REPRESENTATION_CONTEXT() REPRESENTATION_CONTEXT('2D SPACE',''
  ) );
#3018 = PCURVE('',#1551,#3019);
#3019 = DEFINITIONAL_REPRESENTATION('',(#3020),#3023);
#3020 = B_SPLINE_CURVE_WITH_KNOTS('',1,(#3021,#3022),.UNSPECIFIED.,.F.,
  .F.,(2,2),(-11.86293300451,2.137066995483),.PIECEWISE_BEZIER_KNOTS.);
#3021 = CARTESIAN_POINT('',(-9.725866009034,-12.22413399096));
#3022 = CARTESIAN_POINT('',(4.274133990966,-12.22413399096));
#3023 = ( GEOMETRIC_REPRESENTATION_CONTEXT(2) 
PARAMETRIC_REPRESENTATION_CONTEXT() REPRESENTATION_CONTEXT('2D SPACE',''
  ) );
#3024 = ORIENTED_EDGE('',*,*,#3025,.F.);
#3025 = EDGE_CURVE('',#2885,#3005,#3026,.T.);
#3026 = SURFACE_CURVE('',#3027,(#3031,#3037),.PCURVE_S1.);
#3027 = LINE('',#3028,#3029);
#3028 = CARTESIAN_POINT('',(-11.2,-22.4,33.953488372093));
#3029 = VECTOR('',#3030,1.);
#3030 = DIRECTION('',(1.,-0.,1.032765604302E-16));
#3031 = PCURVE('',#1202,#3032);
#3032 = DEFINITIONAL_REPRESENTATION('',(#3033),#3036);
#3033 = B_SPLINE_CURVE_WITH_KNOTS('',1,(#3034,#3035),.UNSPECIFIED.,.F.,
  .F.,(2,2),(7.2,15.2),.PIECEWISE_BEZIER_KNOTS.);
#3034 = CARTESIAN_POINT('',(18.4,-13.95348837209));
#3035 = CARTESIAN_POINT('',(26.4,-13.95348837209));
#3036 = ( GEOMETRIC_REPRESENTATION_CONTEXT(2) 
PARAMETRIC_REPRESENTATION_CONTEXT() REPRESENTATION_CONTEXT('2D SPACE',''
  ) );
#3037 = PCURVE('',#1577,#3038);
#3038 = DEFINITIONAL_REPRESENTATION('',(#3039),#3042);
#3039 = B_SPLINE_CURVE_WITH_KNOTS('',1,(#3040,#3041),.UNSPECIFIED.,.F.,
  .F.,(2,2),(7.2,15.2),.PIECEWISE_BEZIER_KNOTS.);
#3040 = CARTESIAN_POINT('',(33.086248468966,-4.));
#3041 = CARTESIAN_POINT('',(33.086248468966,4.));
#3042 = ( GEOMETRIC_REPRESENTATION_CONTEXT(2) 
PARAMETRIC_REPRESENTATION_CONTEXT() REPRESENTATION_CONTEXT('2D SPACE',''
  ) );
#3043 = ORIENTED_EDGE('',*,*,#2884,.T.);
#3044 = ADVANCED_FACE('',(#3045),#1577,.F.);
#3045 = FACE_BOUND('',#3046,.F.);
#3046 = EDGE_LOOP('',(#3047,#3048,#3049,#3050));
#3047 = ORIENTED_EDGE('',*,*,#1563,.T.);
#3048 = ORIENTED_EDGE('',*,*,#2906,.T.);
#3049 = ORIENTED_EDGE('',*,*,#3025,.T.);
#3050 = ORIENTED_EDGE('',*,*,#3051,.F.);
#3051 = EDGE_CURVE('',#1536,#3005,#3052,.T.);
#3052 = SURFACE_CURVE('',#3053,(#3057,#3064),.PCURVE_S1.);
#3053 = LINE('',#3054,#3055);
#3054 = CARTESIAN_POINT('',(4.,-52.4,20.));
#3055 = VECTOR('',#3056,1.);
#3056 = DIRECTION('',(2.013325310665E-16,0.906721111889,0.421730749716)
  );
#3057 = PCURVE('',#1577,#3058);
#3058 = DEFINITIONAL_REPRESENTATION('',(#3059),#3063);
#3059 = LINE('',#3060,#3061);
#3060 = CARTESIAN_POINT('',(8.053301242659E-16,4.));
#3061 = VECTOR('',#3062,1.);
#3062 = DIRECTION('',(1.,0.));
#3063 = ( GEOMETRIC_REPRESENTATION_CONTEXT(2) 
PARAMETRIC_REPRESENTATION_CONTEXT() REPRESENTATION_CONTEXT('2D SPACE',''
  ) );
#3064 = PCURVE('',#1551,#3065);
#3065 = DEFINITIONAL_REPRESENTATION('',(#3066),#3070);
#3066 = LINE('',#3067,#3068);
#3067 = CARTESIAN_POINT('',(4.274133990966,17.775866009034));
#3068 = VECTOR('',#3069,1.);
#3069 = DIRECTION('',(-0.421730749716,-0.906721111889));
#3070 = ( GEOMETRIC_REPRESENTATION_CONTEXT(2) 
PARAMETRIC_REPRESENTATION_CONTEXT() REPRESENTATION_CONTEXT('2D SPACE',''
  ) );
#3071 = ADVANCED_FACE('',(#3072),#1230,.F.);
#3072 = FACE_BOUND('',#3073,.F.);
#3073 = EDGE_LOOP('',(#3074,#3097,#3118,#3119));
#3074 = ORIENTED_EDGE('',*,*,#3075,.T.);
#3075 = EDGE_CURVE('',#1215,#3076,#3078,.T.);
#3076 = VERTEX_POINT('',#3077);
#3077 = CARTESIAN_POINT('',(-22.4,22.4,34.));
#3078 = SURFACE_CURVE('',#3079,(#3083,#3090),.PCURVE_S1.);
#3079 = LINE('',#3080,#3081);
#3080 = CARTESIAN_POINT('',(-22.4,22.4,20.));
#3081 = VECTOR('',#3082,1.);
#3082 = DIRECTION('',(0.,0.,1.));
#3083 = PCURVE('',#1230,#3084);
#3084 = DEFINITIONAL_REPRESENTATION('',(#3085),#3089);
#3085 = LINE('',#3086,#3087);
#3086 = CARTESIAN_POINT('',(0.,0.));
#3087 = VECTOR('',#3088,1.);
#3088 = DIRECTION('',(0.,-1.));
#3089 = ( GEOMETRIC_REPRESENTATION_CONTEXT(2) 
PARAMETRIC_REPRESENTATION_CONTEXT() REPRESENTATION_CONTEXT('2D SPACE',''
  ) );
#3090 = PCURVE('',#1258,#3091);
#3091 = DEFINITIONAL_REPRESENTATION('',(#3092),#3096);
#3092 = LINE('',#3093,#3094);
#3093 = CARTESIAN_POINT('',(44.8,0.));
#3094 = VECTOR('',#3095,1.);
#3095 = DIRECTION('',(0.,-1.));
#3096 = ( GEOMETRIC_REPRESENTATION_CONTEXT(2) 
PARAMETRIC_REPRESENTATION_CONTEXT() REPRESENTATION_CONTEXT('2D SPACE',''
  ) );
#3097 = ORIENTED_EDGE('',*,*,#3098,.T.);
#3098 = EDGE_CURVE('',#3076,#2932,#3099,.T.);
#3099 = SURFACE_CURVE('',#3100,(#3104,#3111),.PCURVE_S1.);
#3100 = LINE('',#3101,#3102);
#3101 = CARTESIAN_POINT('',(-22.4,22.4,34.));
#3102 = VECTOR('',#3103,1.);
#3103 = DIRECTION('',(0.,-1.,0.));
#3104 = PCURVE('',#1230,#3105);
#3105 = DEFINITIONAL_REPRESENTATION('',(#3106),#3110);
#3106 = LINE('',#3107,#3108);
#3107 = CARTESIAN_POINT('',(0.,-14.));
#3108 = VECTOR('',#3109,1.);
#3109 = DIRECTION('',(1.,0.));
#3110 = ( GEOMETRIC_REPRESENTATION_CONTEXT(2) 
PARAMETRIC_REPRESENTATION_CONTEXT() REPRESENTATION_CONTEXT('2D SPACE',''
  ) );
#3111 = PCURVE('',#2970,#3112);
#3112 = DEFINITIONAL_REPRESENTATION('',(#3113),#3117);
#3113 = LINE('',#3114,#3115);
#3114 = CARTESIAN_POINT('',(-22.4,22.4));
#3115 = VECTOR('',#3116,1.);
#3116 = DIRECTION('',(0.,-1.));
#3117 = ( GEOMETRIC_REPRESENTATION_CONTEXT(2) 
PARAMETRIC_REPRESENTATION_CONTEXT() REPRESENTATION_CONTEXT('2D SPACE',''
  ) );
#3118 = ORIENTED_EDGE('',*,*,#2931,.F.);
#3119 = ORIENTED_EDGE('',*,*,#1214,.F.);
#3120 = ADVANCED_FACE('',(#3121),#1551,.F.);
#3121 = FACE_BOUND('',#3122,.F.);
#3122 = EDGE_LOOP('',(#3123,#3124,#3125));
#3123 = ORIENTED_EDGE('',*,*,#3004,.T.);
#3124 = ORIENTED_EDGE('',*,*,#1535,.T.);
#3125 = ORIENTED_EDGE('',*,*,#3051,.T.);
#3126 = ADVANCED_FACE('',(#3127),#1258,.F.);
#3127 = FACE_BOUND('',#3128,.F.);
#3128 = EDGE_LOOP('',(#3129,#3130,#3153,#3174,#3175,#3176,#3197,#3218));
#3129 = ORIENTED_EDGE('',*,*,#1354,.F.);
#3130 = ORIENTED_EDGE('',*,*,#3131,.T.);
#3131 = EDGE_CURVE('',#1355,#3132,#3134,.T.);
#3132 = VERTEX_POINT('',#3133);
#3133 = CARTESIAN_POINT('',(22.4,22.4,34.));
#3134 = SURFACE_CURVE('',#3135,(#3139,#3146),.PCURVE_S1.);
#3135 = LINE('',#3136,#3137);
#3136 = CARTESIAN_POINT('',(22.4,22.4,20.));
#3137 = VECTOR('',#3138,1.);
#3138 = DIRECTION('',(0.,0.,1.));
#3139 = PCURVE('',#1258,#3140);
#3140 = DEFINITIONAL_REPRESENTATION('',(#3141),#3145);
#3141 = LINE('',#3142,#3143);
#3142 = CARTESIAN_POINT('',(0.,-0.));
#3143 = VECTOR('',#3144,1.);
#3144 = DIRECTION('',(0.,-1.));
#3145 = ( GEOMETRIC_REPRESENTATION_CONTEXT(2) 
PARAMETRIC_REPRESENTATION_CONTEXT() REPRESENTATION_CONTEXT('2D SPACE',''
  ) );
#3146 = PCURVE('',#1393,#3147);
#3147 = DEFINITIONAL_REPRESENTATION('',(#3148),#3152);
#3148 = LINE('',#3149,#3150);
#3149 = CARTESIAN_POINT('',(44.8,0.));
#3150 = VECTOR('',#3151,1.);
#3151 = DIRECTION('',(0.,-1.));
#3152 = ( GEOMETRIC_REPRESENTATION_CONTEXT(2) 
PARAMETRIC_REPRESENTATION_CONTEXT() REPRESENTATION_CONTEXT('2D SPACE',''
  ) );
#3153 = ORIENTED_EDGE('',*,*,#3154,.T.);
#3154 = EDGE_CURVE('',#3132,#3076,#3155,.T.);
#3155 = SURFACE_CURVE('',#3156,(#3160,#3167),.PCURVE_S1.);
#3156 = LINE('',#3157,#3158);
#3157 = CARTESIAN_POINT('',(22.4,22.4,34.));
#3158 = VECTOR('',#3159,1.);
#3159 = DIRECTION('',(-1.,0.,0.));
#3160 = PCURVE('',#1258,#3161);
#3161 = DEFINITIONAL_REPRESENTATION('',(#3162),#3166);
#3162 = LINE('',#3163,#3164);
#3163 = CARTESIAN_POINT('',(0.,-14.));
#3164 = VECTOR('',#3165,1.);
#3165 = DIRECTION('',(1.,0.));
#3166 = ( GEOMETRIC_REPRESENTATION_CONTEXT(2) 
PARAMETRIC_REPRESENTATION_CONTEXT() REPRESENTATION_CONTEXT('2D SPACE',''
  ) );
#3167 = PCURVE('',#2970,#3168);
#3168 = DEFINITIONAL_REPRESENTATION('',(#3169),#3173);
#3169 = LINE('',#3170,#3171);
#3170 = CARTESIAN_POINT('',(22.4,22.4));
#3171 = VECTOR('',#3172,1.);
#3172 = DIRECTION('',(-1.,0.));
#3173 = ( GEOMETRIC_REPRESENTATION_CONTEXT(2) 
PARAMETRIC_REPRESENTATION_CONTEXT() REPRESENTATION_CONTEXT('2D SPACE',''
  ) );
#3174 = ORIENTED_EDGE('',*,*,#3075,.F.);
#3175 = ORIENTED_EDGE('',*,*,#1242,.F.);
#3176 = ORIENTED_EDGE('',*,*,#3177,.F.);
#3177 = EDGE_CURVE('',#3178,#1243,#3180,.T.);
#3178 = VERTEX_POINT('',#3179);
#3179 = CARTESIAN_POINT('',(-4.,22.4,33.953488372093));
#3180 = SURFACE_CURVE('',#3181,(#3185,#3191),.PCURVE_S1.);
#3181 = LINE('',#3182,#3183);
#3182 = CARTESIAN_POINT('',(-4.,22.4,22.137066995483));
#3183 = VECTOR('',#3184,1.);
#3184 = DIRECTION('',(-0.,-0.,-1.));
#3185 = PCURVE('',#1258,#3186);
#3186 = DEFINITIONAL_REPRESENTATION('',(#3187),#3190);
#3187 = B_SPLINE_CURVE_WITH_KNOTS('',1,(#3188,#3189),.UNSPECIFIED.,.F.,
  .F.,(2,2),(-11.86293300451,2.137066995483),.PIECEWISE_BEZIER_KNOTS.);
#3188 = CARTESIAN_POINT('',(26.4,-14.));
#3189 = CARTESIAN_POINT('',(26.4,0.));
#3190 = ( GEOMETRIC_REPRESENTATION_CONTEXT(2) 
PARAMETRIC_REPRESENTATION_CONTEXT() REPRESENTATION_CONTEXT('2D SPACE',''
  ) );
#3191 = PCURVE('',#1286,#3192);
#3192 = DEFINITIONAL_REPRESENTATION('',(#3193),#3196);
#3193 = B_SPLINE_CURVE_WITH_KNOTS('',1,(#3194,#3195),.UNSPECIFIED.,.F.,
  .F.,(2,2),(-11.86293300451,2.137066995483),.PIECEWISE_BEZIER_KNOTS.);
#3194 = CARTESIAN_POINT('',(-9.725866009034,-12.22413399096));
#3195 = CARTESIAN_POINT('',(4.274133990966,-12.22413399096));
#3196 = ( GEOMETRIC_REPRESENTATION_CONTEXT(2) 
PARAMETRIC_REPRESENTATION_CONTEXT() REPRESENTATION_CONTEXT('2D SPACE',''
  ) );
#3197 = ORIENTED_EDGE('',*,*,#3198,.F.);
#3198 = EDGE_CURVE('',#3199,#3178,#3201,.T.);
#3199 = VERTEX_POINT('',#3200);
#3200 = CARTESIAN_POINT('',(4.,22.4,33.953488372093));
#3201 = SURFACE_CURVE('',#3202,(#3206,#3212),.PCURVE_S1.);
#3202 = LINE('',#3203,#3204);
#3203 = CARTESIAN_POINT('',(11.2,22.4,33.953488372093));
#3204 = VECTOR('',#3205,1.);
#3205 = DIRECTION('',(-1.,0.,5.163828021512E-17));
#3206 = PCURVE('',#1258,#3207);
#3207 = DEFINITIONAL_REPRESENTATION('',(#3208),#3211);
#3208 = B_SPLINE_CURVE_WITH_KNOTS('',1,(#3209,#3210),.UNSPECIFIED.,.F.,
  .F.,(2,2),(7.2,15.2),.PIECEWISE_BEZIER_KNOTS.);
#3209 = CARTESIAN_POINT('',(18.4,-13.95348837209));
#3210 = CARTESIAN_POINT('',(26.4,-13.95348837209));
#3211 = ( GEOMETRIC_REPRESENTATION_CONTEXT(2) 
PARAMETRIC_REPRESENTATION_CONTEXT() REPRESENTATION_CONTEXT('2D SPACE',''
  ) );
#3212 = PCURVE('',#1314,#3213);
#3213 = DEFINITIONAL_REPRESENTATION('',(#3214),#3217);
#3214 = B_SPLINE_CURVE_WITH_KNOTS('',1,(#3215,#3216),.UNSPECIFIED.,.F.,
  .F.,(2,2),(7.2,15.2),.PIECEWISE_BEZIER_KNOTS.);
#3215 = CARTESIAN_POINT('',(33.086248468966,-4.));
#3216 = CARTESIAN_POINT('',(33.086248468966,4.));
#3217 = ( GEOMETRIC_REPRESENTATION_CONTEXT(2) 
PARAMETRIC_REPRESENTATION_CONTEXT() REPRESENTATION_CONTEXT('2D SPACE',''
  ) );
#3218 = ORIENTED_EDGE('',*,*,#3219,.T.);
#3219 = EDGE_CURVE('',#3199,#1327,#3220,.T.);
#3220 = SURFACE_CURVE('',#3221,(#3225,#3231),.PCURVE_S1.);
#3221 = LINE('',#3222,#3223);
#3222 = CARTESIAN_POINT('',(4.,22.4,22.137066995483));
#3223 = VECTOR('',#3224,1.);
#3224 = DIRECTION('',(-0.,-0.,-1.));
#3225 = PCURVE('',#1258,#3226);
#3226 = DEFINITIONAL_REPRESENTATION('',(#3227),#3230);
#3227 = B_SPLINE_CURVE_WITH_KNOTS('',1,(#3228,#3229),.UNSPECIFIED.,.F.,
  .F.,(2,2),(-11.86293300451,2.137066995483),.PIECEWISE_BEZIER_KNOTS.);
#3228 = CARTESIAN_POINT('',(18.4,-14.));
#3229 = CARTESIAN_POINT('',(18.4,0.));
#3230 = ( GEOMETRIC_REPRESENTATION_CONTEXT(2) 
PARAMETRIC_REPRESENTATION_CONTEXT() REPRESENTATION_CONTEXT('2D SPACE',''
  ) );
#3231 = PCURVE('',#1342,#3232);
#3232 = DEFINITIONAL_REPRESENTATION('',(#3233),#3236);
#3233 = B_SPLINE_CURVE_WITH_KNOTS('',1,(#3234,#3235),.UNSPECIFIED.,.F.,
  .F.,(2,2),(-11.86293300451,2.137066995483),.PIECEWISE_BEZIER_KNOTS.);
#3234 = CARTESIAN_POINT('',(-9.725866009034,-12.22413399096));
#3235 = CARTESIAN_POINT('',(4.274133990966,-12.22413399096));
#3236 = ( GEOMETRIC_REPRESENTATION_CONTEXT(2) 
PARAMETRIC_REPRESENTATION_CONTEXT() REPRESENTATION_CONTEXT('2D SPACE',''
  ) );
#3237 = ADVANCED_FACE('',(#3238),#1286,.F.);
#3238 = FACE_BOUND('',#3239,.F.);
#3239 = EDGE_LOOP('',(#3240,#3241,#3242));
#3240 = ORIENTED_EDGE('',*,*,#3177,.T.);
#3241 = ORIENTED_EDGE('',*,*,#1270,.T.);
#3242 = ORIENTED_EDGE('',*,*,#3243,.T.);
#3243 = EDGE_CURVE('',#1271,#3178,#3244,.T.);
#3244 = SURFACE_CURVE('',#3245,(#3249,#3256),.PCURVE_S1.);
#3245 = LINE('',#3246,#3247);
#3246 = CARTESIAN_POINT('',(-4.,52.4,20.));
#3247 = VECTOR('',#3248,1.);
#3248 = DIRECTION('',(-1.006662655332E-16,-0.906721111889,0.421730749716
    ));
#3249 = PCURVE('',#1286,#3250);
#3250 = DEFINITIONAL_REPRESENTATION('',(#3251),#3255);
#3251 = LINE('',#3252,#3253);
#3252 = CARTESIAN_POINT('',(4.274133990966,17.775866009034));
#3253 = VECTOR('',#3254,1.);
#3254 = DIRECTION('',(-0.421730749716,-0.906721111889));
#3255 = ( GEOMETRIC_REPRESENTATION_CONTEXT(2) 
PARAMETRIC_REPRESENTATION_CONTEXT() REPRESENTATION_CONTEXT('2D SPACE',''
  ) );
#3256 = PCURVE('',#1314,#3257);
#3257 = DEFINITIONAL_REPRESENTATION('',(#3258),#3262);
#3258 = LINE('',#3259,#3260);
#3259 = CARTESIAN_POINT('',(4.026650621329E-16,4.));
#3260 = VECTOR('',#3261,1.);
#3261 = DIRECTION('',(1.,0.));
#3262 = ( GEOMETRIC_REPRESENTATION_CONTEXT(2) 
PARAMETRIC_REPRESENTATION_CONTEXT() REPRESENTATION_CONTEXT('2D SPACE',''
  ) );
#3263 = ADVANCED_FACE('',(#3264),#1393,.F.);
#3264 = FACE_BOUND('',#3265,.F.);
#3265 = EDGE_LOOP('',(#3266,#3267,#3268,#3289,#3290,#3291,#3312,#3333));
#3266 = ORIENTED_EDGE('',*,*,#1489,.F.);
#3267 = ORIENTED_EDGE('',*,*,#2982,.T.);
#3268 = ORIENTED_EDGE('',*,*,#3269,.T.);
#3269 = EDGE_CURVE('',#2955,#3132,#3270,.T.);
#3270 = SURFACE_CURVE('',#3271,(#3275,#3282),.PCURVE_S1.);
#3271 = LINE('',#3272,#3273);
#3272 = CARTESIAN_POINT('',(22.4,-22.4,34.));
#3273 = VECTOR('',#3274,1.);
#3274 = DIRECTION('',(0.,1.,0.));
#3275 = PCURVE('',#1393,#3276);
#3276 = DEFINITIONAL_REPRESENTATION('',(#3277),#3281);
#3277 = LINE('',#3278,#3279);
#3278 = CARTESIAN_POINT('',(0.,-14.));
#3279 = VECTOR('',#3280,1.);
#3280 = DIRECTION('',(1.,0.));
#3281 = ( GEOMETRIC_REPRESENTATION_CONTEXT(2) 
PARAMETRIC_REPRESENTATION_CONTEXT() REPRESENTATION_CONTEXT('2D SPACE',''
  ) );
#3282 = PCURVE('',#2970,#3283);
#3283 = DEFINITIONAL_REPRESENTATION('',(#3284),#3288);
#3284 = LINE('',#3285,#3286);
#3285 = CARTESIAN_POINT('',(22.4,-22.4));
#3286 = VECTOR('',#3287,1.);
#3287 = DIRECTION('',(0.,1.));
#3288 = ( GEOMETRIC_REPRESENTATION_CONTEXT(2) 
PARAMETRIC_REPRESENTATION_CONTEXT() REPRESENTATION_CONTEXT('2D SPACE',''
  ) );
#3289 = ORIENTED_EDGE('',*,*,#3131,.F.);
#3290 = ORIENTED_EDGE('',*,*,#1377,.F.);
#3291 = ORIENTED_EDGE('',*,*,#3292,.F.);
#3292 = EDGE_CURVE('',#3293,#1378,#3295,.T.);
#3293 = VERTEX_POINT('',#3294);
#3294 = CARTESIAN_POINT('',(22.4,4.,33.953488372093));
#3295 = SURFACE_CURVE('',#3296,(#3300,#3306),.PCURVE_S1.);
#3296 = LINE('',#3297,#3298);
#3297 = CARTESIAN_POINT('',(22.4,4.,22.137066995483));
#3298 = VECTOR('',#3299,1.);
#3299 = DIRECTION('',(0.,0.,-1.));
#3300 = PCURVE('',#1393,#3301);
#3301 = DEFINITIONAL_REPRESENTATION('',(#3302),#3305);
#3302 = B_SPLINE_CURVE_WITH_KNOTS('',1,(#3303,#3304),.UNSPECIFIED.,.F.,
  .F.,(2,2),(-11.86293300451,2.137066995483),.PIECEWISE_BEZIER_KNOTS.);
#3303 = CARTESIAN_POINT('',(26.4,-14.));
#3304 = CARTESIAN_POINT('',(26.4,0.));
#3305 = ( GEOMETRIC_REPRESENTATION_CONTEXT(2) 
PARAMETRIC_REPRESENTATION_CONTEXT() REPRESENTATION_CONTEXT('2D SPACE',''
  ) );
#3306 = PCURVE('',#1421,#3307);
#3307 = DEFINITIONAL_REPRESENTATION('',(#3308),#3311);
#3308 = B_SPLINE_CURVE_WITH_KNOTS('',1,(#3309,#3310),.UNSPECIFIED.,.F.,
  .F.,(2,2),(-11.86293300451,2.137066995483),.PIECEWISE_BEZIER_KNOTS.);
#3309 = CARTESIAN_POINT('',(-9.725866009034,-12.22413399096));
#3310 = CARTESIAN_POINT('',(4.274133990966,-12.22413399096));
#3311 = ( GEOMETRIC_REPRESENTATION_CONTEXT(2) 
PARAMETRIC_REPRESENTATION_CONTEXT() REPRESENTATION_CONTEXT('2D SPACE',''
  ) );
#3312 = ORIENTED_EDGE('',*,*,#3313,.F.);
#3313 = EDGE_CURVE('',#3314,#3293,#3316,.T.);
#3314 = VERTEX_POINT('',#3315);
#3315 = CARTESIAN_POINT('',(22.4,-4.,33.953488372093));
#3316 = SURFACE_CURVE('',#3317,(#3321,#3327),.PCURVE_S1.);
#3317 = LINE('',#3318,#3319);
#3318 = CARTESIAN_POINT('',(22.4,-11.2,33.953488372093));
#3319 = VECTOR('',#3320,1.);
#3320 = DIRECTION('',(0.,1.,-0.));
#3321 = PCURVE('',#1393,#3322);
#3322 = DEFINITIONAL_REPRESENTATION('',(#3323),#3326);
#3323 = B_SPLINE_CURVE_WITH_KNOTS('',1,(#3324,#3325),.UNSPECIFIED.,.F.,
  .F.,(2,2),(7.2,15.2),.PIECEWISE_BEZIER_KNOTS.);
#3324 = CARTESIAN_POINT('',(18.4,-13.95348837209));
#3325 = CARTESIAN_POINT('',(26.4,-13.95348837209));
#3326 = ( GEOMETRIC_REPRESENTATION_CONTEXT(2) 
PARAMETRIC_REPRESENTATION_CONTEXT() REPRESENTATION_CONTEXT('2D SPACE',''
  ) );
#3327 = PCURVE('',#1449,#3328);
#3328 = DEFINITIONAL_REPRESENTATION('',(#3329),#3332);
#3329 = B_SPLINE_CURVE_WITH_KNOTS('',1,(#3330,#3331),.UNSPECIFIED.,.F.,
  .F.,(2,2),(7.2,15.2),.PIECEWISE_BEZIER_KNOTS.);
#3330 = CARTESIAN_POINT('',(33.086248468966,-4.));
#3331 = CARTESIAN_POINT('',(33.086248468966,4.));
#3332 = ( GEOMETRIC_REPRESENTATION_CONTEXT(2) 
PARAMETRIC_REPRESENTATION_CONTEXT() REPRESENTATION_CONTEXT('2D SPACE',''
  ) );
#3333 = ORIENTED_EDGE('',*,*,#3334,.T.);
#3334 = EDGE_CURVE('',#3314,#1462,#3335,.T.);
#3335 = SURFACE_CURVE('',#3336,(#3340,#3346),.PCURVE_S1.);
#3336 = LINE('',#3337,#3338);
#3337 = CARTESIAN_POINT('',(22.4,-4.,22.137066995483));
#3338 = VECTOR('',#3339,1.);
#3339 = DIRECTION('',(0.,0.,-1.));
#3340 = PCURVE('',#1393,#3341);
#3341 = DEFINITIONAL_REPRESENTATION('',(#3342),#3345);
#3342 = B_SPLINE_CURVE_WITH_KNOTS('',1,(#3343,#3344),.UNSPECIFIED.,.F.,
  .F.,(2,2),(-11.86293300451,2.137066995483),.PIECEWISE_BEZIER_KNOTS.);
#3343 = CARTESIAN_POINT('',(18.4,-14.));
#3344 = CARTESIAN_POINT('',(18.4,0.));
#3345 = ( GEOMETRIC_REPRESENTATION_CONTEXT(2) 
PARAMETRIC_REPRESENTATION_CONTEXT() REPRESENTATION_CONTEXT('2D SPACE',''
  ) );
#3346 = PCURVE('',#1477,#3347);
#3347 = DEFINITIONAL_REPRESENTATION('',(#3348),#3351);
#3348 = B_SPLINE_CURVE_WITH_KNOTS('',1,(#3349,#3350),.UNSPECIFIED.,.F.,
  .F.,(2,2),(-11.86293300451,2.137066995483),.PIECEWISE_BEZIER_KNOTS.);
#3349 = CARTESIAN_POINT('',(-9.725866009034,-12.22413399096));
#3350 = CARTESIAN_POINT('',(4.274133990966,-12.22413399096));
#3351 = ( GEOMETRIC_REPRESENTATION_CONTEXT(2) 
PARAMETRIC_REPRESENTATION_CONTEXT() REPRESENTATION_CONTEXT('2D SPACE',''
  ) );
#3352 = ADVANCED_FACE('',(#3353),#1314,.F.);
#3353 = FACE_BOUND('',#3354,.F.);
#3354 = EDGE_LOOP('',(#3355,#3356,#3377,#3378));
#3355 = ORIENTED_EDGE('',*,*,#1298,.T.);
#3356 = ORIENTED_EDGE('',*,*,#3357,.T.);
#3357 = EDGE_CURVE('',#1299,#3199,#3358,.T.);
#3358 = SURFACE_CURVE('',#3359,(#3363,#3370),.PCURVE_S1.);
#3359 = LINE('',#3360,#3361);
#3360 = CARTESIAN_POINT('',(4.,52.4,20.));
#3361 = VECTOR('',#3362,1.);
#3362 = DIRECTION('',(-1.006662655332E-16,-0.906721111889,0.421730749716
    ));
#3363 = PCURVE('',#1314,#3364);
#3364 = DEFINITIONAL_REPRESENTATION('',(#3365),#3369);
#3365 = LINE('',#3366,#3367);
#3366 = CARTESIAN_POINT('',(-4.026650621329E-16,-4.));
#3367 = VECTOR('',#3368,1.);
#3368 = DIRECTION('',(1.,0.));
#3369 = ( GEOMETRIC_REPRESENTATION_CONTEXT(2) 
PARAMETRIC_REPRESENTATION_CONTEXT() REPRESENTATION_CONTEXT('2D SPACE',''
  ) );
#3370 = PCURVE('',#1342,#3371);
#3371 = DEFINITIONAL_REPRESENTATION('',(#3372),#3376);
#3372 = LINE('',#3373,#3374);
#3373 = CARTESIAN_POINT('',(4.274133990966,17.775866009034));
#3374 = VECTOR('',#3375,1.);
#3375 = DIRECTION('',(-0.421730749716,-0.906721111889));
#3376 = ( GEOMETRIC_REPRESENTATION_CONTEXT(2) 
PARAMETRIC_REPRESENTATION_CONTEXT() REPRESENTATION_CONTEXT('2D SPACE',''
  ) );
#3377 = ORIENTED_EDGE('',*,*,#3198,.T.);
#3378 = ORIENTED_EDGE('',*,*,#3243,.F.);
#3379 = ADVANCED_FACE('',(#3380),#1477,.T.);
#3380 = FACE_BOUND('',#3381,.T.);
#3381 = EDGE_LOOP('',(#3382,#3383,#3384));
#3382 = ORIENTED_EDGE('',*,*,#3334,.T.);
#3383 = ORIENTED_EDGE('',*,*,#1461,.T.);
#3384 = ORIENTED_EDGE('',*,*,#3385,.T.);
#3385 = EDGE_CURVE('',#1434,#3314,#3386,.T.);
#3386 = SURFACE_CURVE('',#3387,(#3391,#3398),.PCURVE_S1.);
#3387 = LINE('',#3388,#3389);
#3388 = CARTESIAN_POINT('',(52.4,-4.,20.));
#3389 = VECTOR('',#3390,1.);
#3390 = DIRECTION('',(-0.906721111889,0.,0.421730749716));
#3391 = PCURVE('',#1477,#3392);
#3392 = DEFINITIONAL_REPRESENTATION('',(#3393),#3397);
#3393 = LINE('',#3394,#3395);
#3394 = CARTESIAN_POINT('',(4.274133990966,17.775866009034));
#3395 = VECTOR('',#3396,1.);
#3396 = DIRECTION('',(-0.421730749716,-0.906721111889));
#3397 = ( GEOMETRIC_REPRESENTATION_CONTEXT(2) 
PARAMETRIC_REPRESENTATION_CONTEXT() REPRESENTATION_CONTEXT('2D SPACE',''
  ) );
#3398 = PCURVE('',#1449,#3399);
#3399 = DEFINITIONAL_REPRESENTATION('',(#3400),#3404);
#3400 = LINE('',#3401,#3402);
#3401 = CARTESIAN_POINT('',(0.,-4.));
#3402 = VECTOR('',#3403,1.);
#3403 = DIRECTION('',(1.,0.));
#3404 = ( GEOMETRIC_REPRESENTATION_CONTEXT(2) 
PARAMETRIC_REPRESENTATION_CONTEXT() REPRESENTATION_CONTEXT('2D SPACE',''
  ) );
#3405 = ADVANCED_FACE('',(#3406),#1342,.T.);
#3406 = FACE_BOUND('',#3407,.T.);
#3407 = EDGE_LOOP('',(#3408,#3409,#3410));
#3408 = ORIENTED_EDGE('',*,*,#3219,.T.);
#3409 = ORIENTED_EDGE('',*,*,#1326,.T.);
#3410 = ORIENTED_EDGE('',*,*,#3357,.T.);
#3411 = ADVANCED_FACE('',(#3412),#1449,.F.);
#3412 = FACE_BOUND('',#3413,.F.);
#3413 = EDGE_LOOP('',(#3414,#3415,#3416,#3417));
#3414 = ORIENTED_EDGE('',*,*,#1433,.T.);
#3415 = ORIENTED_EDGE('',*,*,#3385,.T.);
#3416 = ORIENTED_EDGE('',*,*,#3313,.T.);
#3417 = ORIENTED_EDGE('',*,*,#3418,.F.);
#3418 = EDGE_CURVE('',#1406,#3293,#3419,.T.);
#3419 = SURFACE_CURVE('',#3420,(#3424,#3431),.PCURVE_S1.);
#3420 = LINE('',#3421,#3422);
#3421 = CARTESIAN_POINT('',(52.4,4.,20.));
#3422 = VECTOR('',#3423,1.);
#3423 = DIRECTION('',(-0.906721111889,0.,0.421730749716));
#3424 = PCURVE('',#1449,#3425);
#3425 = DEFINITIONAL_REPRESENTATION('',(#3426),#3430);
#3426 = LINE('',#3427,#3428);
#3427 = CARTESIAN_POINT('',(0.,4.));
#3428 = VECTOR('',#3429,1.);
#3429 = DIRECTION('',(1.,0.));
#3430 = ( GEOMETRIC_REPRESENTATION_CONTEXT(2) 
PARAMETRIC_REPRESENTATION_CONTEXT() REPRESENTATION_CONTEXT('2D SPACE',''
  ) );
#3431 = PCURVE('',#1421,#3432);
#3432 = DEFINITIONAL_REPRESENTATION('',(#3433),#3437);
#3433 = LINE('',#3434,#3435);
#3434 = CARTESIAN_POINT('',(4.274133990966,17.775866009034));
#3435 = VECTOR('',#3436,1.);
#3436 = DIRECTION('',(-0.421730749716,-0.906721111889));
#3437 = ( GEOMETRIC_REPRESENTATION_CONTEXT(2) 
PARAMETRIC_REPRESENTATION_CONTEXT() REPRESENTATION_CONTEXT('2D SPACE',''
  ) );
#3438 = ADVANCED_FACE('',(#3439),#1421,.F.);
#3439 = FACE_BOUND('',#3440,.F.);
#3440 = EDGE_LOOP('',(#3441,#3442,#3443));
#3441 = ORIENTED_EDGE('',*,*,#3292,.T.);
#3442 = ORIENTED_EDGE('',*,*,#1405,.T.);
#3443 = ORIENTED_EDGE('',*,*,#3418,.T.);
#3444 = ADVANCED_FACE('',(#3445,#3559,#3562,#3565,#3568,#3752),#1803,.T.
  );
#3445 = FACE_BOUND('',#3446,.T.);
#3446 = EDGE_LOOP('',(#3447,#3477,#3505,#3533));
#3447 = ORIENTED_EDGE('',*,*,#3448,.T.);
#3448 = EDGE_CURVE('',#3449,#3451,#3453,.T.);
#3449 = VERTEX_POINT('',#3450);
#3450 = CARTESIAN_POINT('',(-87.9,-18.,4.));
#3451 = VERTEX_POINT('',#3452);
#3452 = CARTESIAN_POINT('',(-31.9,-18.,4.));
#3453 = SURFACE_CURVE('',#3454,(#3458,#3465),.PCURVE_S1.);
#3454 = LINE('',#3455,#3456);
#3455 = CARTESIAN_POINT('',(-87.9,-18.,4.));
#3456 = VECTOR('',#3457,1.);
#3457 = DIRECTION('',(1.,0.,0.));
#3458 = PCURVE('',#1803,#3459);
#3459 = DEFINITIONAL_REPRESENTATION('',(#3460),#3464);
#3460 = LINE('',#3461,#3462);
#3461 = CARTESIAN_POINT('',(-28.,-18.));
#3462 = VECTOR('',#3463,1.);
#3463 = DIRECTION('',(1.,0.));
#3464 = ( GEOMETRIC_REPRESENTATION_CONTEXT(2) 
PARAMETRIC_REPRESENTATION_CONTEXT() REPRESENTATION_CONTEXT('2D SPACE',''
  ) );
#3465 = PCURVE('',#3466,#3471);
#3466 = PLANE('',#3467);
#3467 = AXIS2_PLACEMENT_3D('',#3468,#3469,#3470);
#3468 = CARTESIAN_POINT('',(-87.9,-18.,4.));
#3469 = DIRECTION('',(0.,1.,0.));
#3470 = DIRECTION('',(1.,0.,0.));
#3471 = DEFINITIONAL_REPRESENTATION('',(#3472),#3476);
#3472 = LINE('',#3473,#3474);
#3473 = CARTESIAN_POINT('',(0.,0.));
#3474 = VECTOR('',#3475,1.);
#3475 = DIRECTION('',(1.,0.));
#3476 = ( GEOMETRIC_REPRESENTATION_CONTEXT(2) 
PARAMETRIC_REPRESENTATION_CONTEXT() REPRESENTATION_CONTEXT('2D SPACE',''
  ) );
#3477 = ORIENTED_EDGE('',*,*,#3478,.T.);
#3478 = EDGE_CURVE('',#3451,#3479,#3481,.T.);
#3479 = VERTEX_POINT('',#3480);
#3480 = CARTESIAN_POINT('',(-31.9,18.,4.));
#3481 = SURFACE_CURVE('',#3482,(#3486,#3493),.PCURVE_S1.);
#3482 = LINE('',#3483,#3484);
#3483 = CARTESIAN_POINT('',(-31.9,-18.,4.));
#3484 = VECTOR('',#3485,1.);
#3485 = DIRECTION('',(0.,1.,0.));
#3486 = PCURVE('',#1803,#3487);
#3487 = DEFINITIONAL_REPRESENTATION('',(#3488),#3492);
#3488 = LINE('',#3489,#3490);
#3489 = CARTESIAN_POINT('',(28.,-18.));
#3490 = VECTOR('',#3491,1.);
#3491 = DIRECTION('',(0.,1.));
#3492 = ( GEOMETRIC_REPRESENTATION_CONTEXT(2) 
PARAMETRIC_REPRESENTATION_CONTEXT() REPRESENTATION_CONTEXT('2D SPACE',''
  ) );
#3493 = PCURVE('',#3494,#3499);
#3494 = PLANE('',#3495);
#3495 = AXIS2_PLACEMENT_3D('',#3496,#3497,#3498);
#3496 = CARTESIAN_POINT('',(-31.9,-18.,4.));
#3497 = DIRECTION('',(-1.,0.,0.));
#3498 = DIRECTION('',(0.,1.,0.));
#3499 = DEFINITIONAL_REPRESENTATION('',(#3500),#3504);
#3500 = LINE('',#3501,#3502);
#3501 = CARTESIAN_POINT('',(0.,0.));
#3502 = VECTOR('',#3503,1.);
#3503 = DIRECTION('',(1.,0.));
#3504 = ( GEOMETRIC_REPRESENTATION_CONTEXT(2) 
PARAMETRIC_REPRESENTATION_CONTEXT() REPRESENTATION_CONTEXT('2D SPACE',''
  ) );
#3505 = ORIENTED_EDGE('',*,*,#3506,.T.);
#3506 = EDGE_CURVE('',#3479,#3507,#3509,.T.);
#3507 = VERTEX_POINT('',#3508);
#3508 = CARTESIAN_POINT('',(-87.9,18.,4.));
#3509 = SURFACE_CURVE('',#3510,(#3514,#3521),.PCURVE_S1.);
#3510 = LINE('',#3511,#3512);
#3511 = CARTESIAN_POINT('',(-31.9,18.,4.));
#3512 = VECTOR('',#3513,1.);
#3513 = DIRECTION('',(-1.,0.,0.));
#3514 = PCURVE('',#1803,#3515);
#3515 = DEFINITIONAL_REPRESENTATION('',(#3516),#3520);
#3516 = LINE('',#3517,#3518);
#3517 = CARTESIAN_POINT('',(28.,18.));
#3518 = VECTOR('',#3519,1.);
#3519 = DIRECTION('',(-1.,0.));
#3520 = ( GEOMETRIC_REPRESENTATION_CONTEXT(2) 
PARAMETRIC_REPRESENTATION_CONTEXT() REPRESENTATION_CONTEXT('2D SPACE',''
  ) );
#3521 = PCURVE('',#3522,#3527);
#3522 = PLANE('',#3523);
#3523 = AXIS2_PLACEMENT_3D('',#3524,#3525,#3526);
#3524 = CARTESIAN_POINT('',(-31.9,18.,4.));
#3525 = DIRECTION('',(0.,-1.,0.));
#3526 = DIRECTION('',(-1.,0.,0.));
#3527 = DEFINITIONAL_REPRESENTATION('',(#3528),#3532);
#3528 = LINE('',#3529,#3530);
#3529 = CARTESIAN_POINT('',(0.,-0.));
#3530 = VECTOR('',#3531,1.);
#3531 = DIRECTION('',(1.,0.));
#3532 = ( GEOMETRIC_REPRESENTATION_CONTEXT(2) 
PARAMETRIC_REPRESENTATION_CONTEXT() REPRESENTATION_CONTEXT('2D SPACE',''
  ) );
#3533 = ORIENTED_EDGE('',*,*,#3534,.T.);
#3534 = EDGE_CURVE('',#3507,#3449,#3535,.T.);
#3535 = SURFACE_CURVE('',#3536,(#3540,#3547),.PCURVE_S1.);
#3536 = LINE('',#3537,#3538);
#3537 = CARTESIAN_POINT('',(-87.9,18.,4.));
#3538 = VECTOR('',#3539,1.);
#3539 = DIRECTION('',(0.,-1.,0.));
#3540 = PCURVE('',#1803,#3541);
#3541 = DEFINITIONAL_REPRESENTATION('',(#3542),#3546);
#3542 = LINE('',#3543,#3544);
#3543 = CARTESIAN_POINT('',(-28.,18.));
#3544 = VECTOR('',#3545,1.);
#3545 = DIRECTION('',(0.,-1.));
#3546 = ( GEOMETRIC_REPRESENTATION_CONTEXT(2) 
PARAMETRIC_REPRESENTATION_CONTEXT() REPRESENTATION_CONTEXT('2D SPACE',''
  ) );
#3547 = PCURVE('',#3548,#3553);
#3548 = PLANE('',#3549);
#3549 = AXIS2_PLACEMENT_3D('',#3550,#3551,#3552);
#3550 = CARTESIAN_POINT('',(-87.9,18.,4.));
#3551 = DIRECTION('',(1.,0.,-0.));
#3552 = DIRECTION('',(0.,-1.,0.));
#3553 = DEFINITIONAL_REPRESENTATION('',(#3554),#3558);
#3554 = LINE('',#3555,#3556);
#3555 = CARTESIAN_POINT('',(0.,0.));
#3556 = VECTOR('',#3557,1.);
#3557 = DIRECTION('',(1.,0.));
#3558 = ( GEOMETRIC_REPRESENTATION_CONTEXT(2) 
PARAMETRIC_REPRESENTATION_CONTEXT() REPRESENTATION_CONTEXT('2D SPACE',''
  ) );
#3559 = FACE_BOUND('',#3560,.T.);
#3560 = EDGE_LOOP('',(#3561));
#3561 = ORIENTED_EDGE('',*,*,#1788,.T.);
#3562 = FACE_BOUND('',#3563,.T.);
#3563 = EDGE_LOOP('',(#3564));
#3564 = ORIENTED_EDGE('',*,*,#1847,.T.);
#3565 = FACE_BOUND('',#3566,.T.);
#3566 = EDGE_LOOP('',(#3567));
#3567 = ORIENTED_EDGE('',*,*,#1928,.T.);
#3568 = FACE_BOUND('',#3569,.T.);
#3569 = EDGE_LOOP('',(#3570,#3598,#3624,#3650,#3676,#3702,#3728));
#3570 = ORIENTED_EDGE('',*,*,#3571,.F.);
#3571 = EDGE_CURVE('',#3572,#3574,#3576,.T.);
#3572 = VERTEX_POINT('',#3573);
#3573 = CARTESIAN_POINT('',(-62.9,4.,4.));
#3574 = VERTEX_POINT('',#3575);
#3575 = CARTESIAN_POINT('',(-69.9,12.,4.));
#3576 = SURFACE_CURVE('',#3577,(#3581,#3587),.PCURVE_S1.);
#3577 = LINE('',#3578,#3579);
#3578 = CARTESIAN_POINT('',(-64.75840707964,6.12389380531,4.));
#3579 = VECTOR('',#3580,1.);
#3580 = DIRECTION('',(-0.658504607869,0.752576694707,0.));
#3581 = PCURVE('',#1803,#3582);
#3582 = DEFINITIONAL_REPRESENTATION('',(#3583),#3586);
#3583 = B_SPLINE_CURVE_WITH_KNOTS('',1,(#3584,#3585),.UNSPECIFIED.,.F.,
  .F.,(2,2),(-2.822162605151,7.807983207584),.PIECEWISE_BEZIER_KNOTS.);
#3584 = CARTESIAN_POINT('',(-3.,4.));
#3585 = CARTESIAN_POINT('',(-10.,12.));
#3586 = ( GEOMETRIC_REPRESENTATION_CONTEXT(2) 
PARAMETRIC_REPRESENTATION_CONTEXT() REPRESENTATION_CONTEXT('2D SPACE',''
  ) );
#3587 = PCURVE('',#3588,#3593);
#3588 = PLANE('',#3589);
#3589 = AXIS2_PLACEMENT_3D('',#3590,#3591,#3592);
#3590 = CARTESIAN_POINT('',(-69.9,12.,3.4));
#3591 = DIRECTION('',(0.752576694707,0.658504607869,-0.));
#3592 = DIRECTION('',(0.658504607869,-0.752576694707,0.));
#3593 = DEFINITIONAL_REPRESENTATION('',(#3594),#3597);
#3594 = B_SPLINE_CURVE_WITH_KNOTS('',1,(#3595,#3596),.UNSPECIFIED.,.F.,
  .F.,(2,2),(-2.822162605151,7.807983207584),.PIECEWISE_BEZIER_KNOTS.);
#3595 = CARTESIAN_POINT('',(10.630145812735,-0.6));
#3596 = CARTESIAN_POINT('',(0.,-0.6));
#3597 = ( GEOMETRIC_REPRESENTATION_CONTEXT(2) 
PARAMETRIC_REPRESENTATION_CONTEXT() REPRESENTATION_CONTEXT('2D SPACE',''
  ) );
#3598 = ORIENTED_EDGE('',*,*,#3599,.F.);
#3599 = EDGE_CURVE('',#3600,#3572,#3602,.T.);
#3600 = VERTEX_POINT('',#3601);
#3601 = CARTESIAN_POINT('',(-67.4,4.,4.));
#3602 = SURFACE_CURVE('',#3603,(#3607,#3613),.PCURVE_S1.);
#3603 = LINE('',#3604,#3605);
#3604 = CARTESIAN_POINT('',(-61.4,4.,4.));
#3605 = VECTOR('',#3606,1.);
#3606 = DIRECTION('',(1.,0.,-0.));
#3607 = PCURVE('',#1803,#3608);
#3608 = DEFINITIONAL_REPRESENTATION('',(#3609),#3612);
#3609 = B_SPLINE_CURVE_WITH_KNOTS('',1,(#3610,#3611),.UNSPECIFIED.,.F.,
  .F.,(2,2),(-6.,-1.5),.PIECEWISE_BEZIER_KNOTS.);
#3610 = CARTESIAN_POINT('',(-7.5,4.));
#3611 = CARTESIAN_POINT('',(-3.,4.));
#3612 = ( GEOMETRIC_REPRESENTATION_CONTEXT(2) 
PARAMETRIC_REPRESENTATION_CONTEXT() REPRESENTATION_CONTEXT('2D SPACE',''
  ) );
#3613 = PCURVE('',#3614,#3619);
#3614 = PLANE('',#3615);
#3615 = AXIS2_PLACEMENT_3D('',#3616,#3617,#3618);
#3616 = CARTESIAN_POINT('',(-62.9,4.,3.4));
#3617 = DIRECTION('',(0.,-1.,0.));
#3618 = DIRECTION('',(-1.,0.,0.));
#3619 = DEFINITIONAL_REPRESENTATION('',(#3620),#3623);
#3620 = B_SPLINE_CURVE_WITH_KNOTS('',1,(#3621,#3622),.UNSPECIFIED.,.F.,
  .F.,(2,2),(-6.,-1.5),.PIECEWISE_BEZIER_KNOTS.);
#3621 = CARTESIAN_POINT('',(4.5,-0.6));
#3622 = CARTESIAN_POINT('',(0.,-0.6));
#3623 = ( GEOMETRIC_REPRESENTATION_CONTEXT(2) 
PARAMETRIC_REPRESENTATION_CONTEXT() REPRESENTATION_CONTEXT('2D SPACE',''
  ) );
#3624 = ORIENTED_EDGE('',*,*,#3625,.F.);
#3625 = EDGE_CURVE('',#3626,#3600,#3628,.T.);
#3626 = VERTEX_POINT('',#3627);
#3627 = CARTESIAN_POINT('',(-67.4,-12.,4.));
#3628 = SURFACE_CURVE('',#3629,(#3633,#3639),.PCURVE_S1.);
#3629 = LINE('',#3630,#3631);
#3630 = CARTESIAN_POINT('',(-67.4,2.,4.));
#3631 = VECTOR('',#3632,1.);
#3632 = DIRECTION('',(-0.,1.,0.));
#3633 = PCURVE('',#1803,#3634);
#3634 = DEFINITIONAL_REPRESENTATION('',(#3635),#3638);
#3635 = B_SPLINE_CURVE_WITH_KNOTS('',1,(#3636,#3637),.UNSPECIFIED.,.F.,
  .F.,(2,2),(-14.,2.),.PIECEWISE_BEZIER_KNOTS.);
#3636 = CARTESIAN_POINT('',(-7.5,-12.));
#3637 = CARTESIAN_POINT('',(-7.5,4.));
#3638 = ( GEOMETRIC_REPRESENTATION_CONTEXT(2) 
PARAMETRIC_REPRESENTATION_CONTEXT() REPRESENTATION_CONTEXT('2D SPACE',''
  ) );
#3639 = PCURVE('',#3640,#3645);
#3640 = PLANE('',#3641);
#3641 = AXIS2_PLACEMENT_3D('',#3642,#3643,#3644);
#3642 = CARTESIAN_POINT('',(-67.4,4.,3.4));
#3643 = DIRECTION('',(1.,0.,-0.));
#3644 = DIRECTION('',(0.,-1.,0.));
#3645 = DEFINITIONAL_REPRESENTATION('',(#3646),#3649);
#3646 = B_SPLINE_CURVE_WITH_KNOTS('',1,(#3647,#3648),.UNSPECIFIED.,.F.,
  .F.,(2,2),(-14.,2.),.PIECEWISE_BEZIER_KNOTS.);
#3647 = CARTESIAN_POINT('',(16.,-0.6));
#3648 = CARTESIAN_POINT('',(0.,-0.6));
#3649 = ( GEOMETRIC_REPRESENTATION_CONTEXT(2) 
PARAMETRIC_REPRESENTATION_CONTEXT() REPRESENTATION_CONTEXT('2D SPACE',''
  ) );
#3650 = ORIENTED_EDGE('',*,*,#3651,.F.);
#3651 = EDGE_CURVE('',#3652,#3626,#3654,.T.);
#3652 = VERTEX_POINT('',#3653);
#3653 = CARTESIAN_POINT('',(-72.4,-12.,4.));
#3654 = SURFACE_CURVE('',#3655,(#3659,#3665),.PCURVE_S1.);
#3655 = LINE('',#3656,#3657);
#3656 = CARTESIAN_POINT('',(-63.65,-12.,4.));
#3657 = VECTOR('',#3658,1.);
#3658 = DIRECTION('',(1.,0.,-0.));
#3659 = PCURVE('',#1803,#3660);
#3660 = DEFINITIONAL_REPRESENTATION('',(#3661),#3664);
#3661 = B_SPLINE_CURVE_WITH_KNOTS('',1,(#3662,#3663),.UNSPECIFIED.,.F.,
  .F.,(2,2),(-8.75,-3.75),.PIECEWISE_BEZIER_KNOTS.);
#3662 = CARTESIAN_POINT('',(-12.5,-12.));
#3663 = CARTESIAN_POINT('',(-7.5,-12.));
#3664 = ( GEOMETRIC_REPRESENTATION_CONTEXT(2) 
PARAMETRIC_REPRESENTATION_CONTEXT() REPRESENTATION_CONTEXT('2D SPACE',''
  ) );
#3665 = PCURVE('',#3666,#3671);
#3666 = PLANE('',#3667);
#3667 = AXIS2_PLACEMENT_3D('',#3668,#3669,#3670);
#3668 = CARTESIAN_POINT('',(-67.4,-12.,3.4));
#3669 = DIRECTION('',(0.,-1.,0.));
#3670 = DIRECTION('',(-1.,0.,0.));
#3671 = DEFINITIONAL_REPRESENTATION('',(#3672),#3675);
#3672 = B_SPLINE_CURVE_WITH_KNOTS('',1,(#3673,#3674),.UNSPECIFIED.,.F.,
  .F.,(2,2),(-8.75,-3.75),.PIECEWISE_BEZIER_KNOTS.);
#3673 = CARTESIAN_POINT('',(5.,-0.6));
#3674 = CARTESIAN_POINT('',(0.,-0.6));
#3675 = ( GEOMETRIC_REPRESENTATION_CONTEXT(2) 
PARAMETRIC_REPRESENTATION_CONTEXT() REPRESENTATION_CONTEXT('2D SPACE',''
  ) );
#3676 = ORIENTED_EDGE('',*,*,#3677,.F.);
#3677 = EDGE_CURVE('',#3678,#3652,#3680,.T.);
#3678 = VERTEX_POINT('',#3679);
#3679 = CARTESIAN_POINT('',(-72.4,4.,4.));
#3680 = SURFACE_CURVE('',#3681,(#3685,#3691),.PCURVE_S1.);
#3681 = LINE('',#3682,#3683);
#3682 = CARTESIAN_POINT('',(-72.4,-6.,4.));
#3683 = VECTOR('',#3684,1.);
#3684 = DIRECTION('',(0.,-1.,0.));
#3685 = PCURVE('',#1803,#3686);
#3686 = DEFINITIONAL_REPRESENTATION('',(#3687),#3690);
#3687 = B_SPLINE_CURVE_WITH_KNOTS('',1,(#3688,#3689),.UNSPECIFIED.,.F.,
  .F.,(2,2),(-10.,6.),.PIECEWISE_BEZIER_KNOTS.);
#3688 = CARTESIAN_POINT('',(-12.5,4.));
#3689 = CARTESIAN_POINT('',(-12.5,-12.));
#3690 = ( GEOMETRIC_REPRESENTATION_CONTEXT(2) 
PARAMETRIC_REPRESENTATION_CONTEXT() REPRESENTATION_CONTEXT('2D SPACE',''
  ) );
#3691 = PCURVE('',#3692,#3697);
#3692 = PLANE('',#3693);
#3693 = AXIS2_PLACEMENT_3D('',#3694,#3695,#3696);
#3694 = CARTESIAN_POINT('',(-72.4,-12.,3.4));
#3695 = DIRECTION('',(-1.,0.,0.));
#3696 = DIRECTION('',(0.,1.,0.));
#3697 = DEFINITIONAL_REPRESENTATION('',(#3698),#3701);
#3698 = B_SPLINE_CURVE_WITH_KNOTS('',1,(#3699,#3700),.UNSPECIFIED.,.F.,
  .F.,(2,2),(-10.,6.),.PIECEWISE_BEZIER_KNOTS.);
#3699 = CARTESIAN_POINT('',(16.,-0.6));
#3700 = CARTESIAN_POINT('',(0.,-0.6));
#3701 = ( GEOMETRIC_REPRESENTATION_CONTEXT(2) 
PARAMETRIC_REPRESENTATION_CONTEXT() REPRESENTATION_CONTEXT('2D SPACE',''
  ) );
#3702 = ORIENTED_EDGE('',*,*,#3703,.F.);
#3703 = EDGE_CURVE('',#3704,#3678,#3706,.T.);
#3704 = VERTEX_POINT('',#3705);
#3705 = CARTESIAN_POINT('',(-76.9,4.,4.));
#3706 = SURFACE_CURVE('',#3707,(#3711,#3717),.PCURVE_S1.);
#3707 = LINE('',#3708,#3709);
#3708 = CARTESIAN_POINT('',(-66.15,4.,4.));
#3709 = VECTOR('',#3710,1.);
#3710 = DIRECTION('',(1.,0.,-0.));
#3711 = PCURVE('',#1803,#3712);
#3712 = DEFINITIONAL_REPRESENTATION('',(#3713),#3716);
#3713 = B_SPLINE_CURVE_WITH_KNOTS('',1,(#3714,#3715),.UNSPECIFIED.,.F.,
  .F.,(2,2),(-10.75,-6.25),.PIECEWISE_BEZIER_KNOTS.);
#3714 = CARTESIAN_POINT('',(-17.,4.));
#3715 = CARTESIAN_POINT('',(-12.5,4.));
#3716 = ( GEOMETRIC_REPRESENTATION_CONTEXT(2) 
PARAMETRIC_REPRESENTATION_CONTEXT() REPRESENTATION_CONTEXT('2D SPACE',''
  ) );
#3717 = PCURVE('',#3718,#3723);
#3718 = PLANE('',#3719);
#3719 = AXIS2_PLACEMENT_3D('',#3720,#3721,#3722);
#3720 = CARTESIAN_POINT('',(-72.4,4.,3.4));
#3721 = DIRECTION('',(0.,-1.,0.));
#3722 = DIRECTION('',(-1.,0.,0.));
#3723 = DEFINITIONAL_REPRESENTATION('',(#3724),#3727);
#3724 = B_SPLINE_CURVE_WITH_KNOTS('',1,(#3725,#3726),.UNSPECIFIED.,.F.,
  .F.,(2,2),(-10.75,-6.25),.PIECEWISE_BEZIER_KNOTS.);
#3725 = CARTESIAN_POINT('',(4.5,-0.6));
#3726 = CARTESIAN_POINT('',(0.,-0.6));
#3727 = ( GEOMETRIC_REPRESENTATION_CONTEXT(2) 
PARAMETRIC_REPRESENTATION_CONTEXT() REPRESENTATION_CONTEXT('2D SPACE',''
  ) );
#3728 = ORIENTED_EDGE('',*,*,#3729,.F.);
#3729 = EDGE_CURVE('',#3574,#3704,#3730,.T.);
#3730 = SURFACE_CURVE('',#3731,(#3735,#3741),.PCURVE_S1.);
#3731 = LINE('',#3732,#3733);
#3732 = CARTESIAN_POINT('',(-74.20530973451,7.079646017699,4.));
#3733 = VECTOR('',#3734,1.);
#3734 = DIRECTION('',(-0.658504607869,-0.752576694707,0.));
#3735 = PCURVE('',#1803,#3736);
#3736 = DEFINITIONAL_REPRESENTATION('',(#3737),#3740);
#3737 = B_SPLINE_CURVE_WITH_KNOTS('',1,(#3738,#3739),.UNSPECIFIED.,.F.,
  .F.,(2,2),(-6.538010035266,4.092135777469),.PIECEWISE_BEZIER_KNOTS.);
#3738 = CARTESIAN_POINT('',(-10.,12.));
#3739 = CARTESIAN_POINT('',(-17.,4.));
#3740 = ( GEOMETRIC_REPRESENTATION_CONTEXT(2) 
PARAMETRIC_REPRESENTATION_CONTEXT() REPRESENTATION_CONTEXT('2D SPACE',''
  ) );
#3741 = PCURVE('',#3742,#3747);
#3742 = PLANE('',#3743);
#3743 = AXIS2_PLACEMENT_3D('',#3744,#3745,#3746);
#3744 = CARTESIAN_POINT('',(-76.9,4.,3.4));
#3745 = DIRECTION('',(-0.752576694707,0.658504607869,0.));
#3746 = DIRECTION('',(0.658504607869,0.752576694707,0.));
#3747 = DEFINITIONAL_REPRESENTATION('',(#3748),#3751);
#3748 = B_SPLINE_CURVE_WITH_KNOTS('',1,(#3749,#3750),.UNSPECIFIED.,.F.,
  .F.,(2,2),(-6.538010035266,4.092135777469),.PIECEWISE_BEZIER_KNOTS.);
#3749 = CARTESIAN_POINT('',(10.630145812735,-0.6));
#3750 = CARTESIAN_POINT('',(0.,-0.6));
#3751 = ( GEOMETRIC_REPRESENTATION_CONTEXT(2) 
PARAMETRIC_REPRESENTATION_CONTEXT() REPRESENTATION_CONTEXT('2D SPACE',''
  ) );
#3752 = FACE_BOUND('',#3753,.T.);
#3753 = EDGE_LOOP('',(#3754));
#3754 = ORIENTED_EDGE('',*,*,#1982,.T.);
#3755 = ADVANCED_FACE('',(#3756),#2178,.T.);
#3756 = FACE_BOUND('',#3757,.T.);
#3757 = EDGE_LOOP('',(#3758,#3786,#3787));
#3758 = ORIENTED_EDGE('',*,*,#3759,.F.);
#3759 = EDGE_CURVE('',#2040,#3760,#3762,.T.);
#3760 = VERTEX_POINT('',#3761);
#3761 = CARTESIAN_POINT('',(11.,-11.,20.));
#3762 = SURFACE_CURVE('',#3763,(#3767,#3774),.PCURVE_S1.);
#3763 = LINE('',#3764,#3765);
#3764 = CARTESIAN_POINT('',(11.,-5.5,20.));
#3765 = VECTOR('',#3766,1.);
#3766 = DIRECTION('',(0.,-1.,0.));
#3767 = PCURVE('',#2178,#3768);
#3768 = DEFINITIONAL_REPRESENTATION('',(#3769),#3773);
#3769 = LINE('',#3770,#3771);
#3770 = CARTESIAN_POINT('',(11.,-5.5));
#3771 = VECTOR('',#3772,1.);
#3772 = DIRECTION('',(0.,-1.));
#3773 = ( GEOMETRIC_REPRESENTATION_CONTEXT(2) 
PARAMETRIC_REPRESENTATION_CONTEXT() REPRESENTATION_CONTEXT('2D SPACE',''
  ) );
#3774 = PCURVE('',#3775,#3780);
#3775 = PLANE('',#3776);
#3776 = AXIS2_PLACEMENT_3D('',#3777,#3778,#3779);
#3777 = CARTESIAN_POINT('',(11.,-11.,23.9999998));
#3778 = DIRECTION('',(-1.,0.,0.));
#3779 = DIRECTION('',(0.,1.,0.));
#3780 = DEFINITIONAL_REPRESENTATION('',(#3781),#3785);
#3781 = LINE('',#3782,#3783);
#3782 = CARTESIAN_POINT('',(5.5,3.9999998));
#3783 = VECTOR('',#3784,1.);
#3784 = DIRECTION('',(-1.,0.));
#3785 = ( GEOMETRIC_REPRESENTATION_CONTEXT(2) 
PARAMETRIC_REPRESENTATION_CONTEXT() REPRESENTATION_CONTEXT('2D SPACE',''
  ) );
#3786 = ORIENTED_EDGE('',*,*,#2163,.T.);
#3787 = ORIENTED_EDGE('',*,*,#3788,.F.);
#3788 = EDGE_CURVE('',#3760,#2131,#3789,.T.);
#3789 = SURFACE_CURVE('',#3790,(#3794,#3801),.PCURVE_S1.);
#3790 = LINE('',#3791,#3792);
#3791 = CARTESIAN_POINT('',(-5.5,-11.,20.));
#3792 = VECTOR('',#3793,1.);
#3793 = DIRECTION('',(-1.,0.,0.));
#3794 = PCURVE('',#2178,#3795);
#3795 = DEFINITIONAL_REPRESENTATION('',(#3796),#3800);
#3796 = LINE('',#3797,#3798);
#3797 = CARTESIAN_POINT('',(-5.5,-11.));
#3798 = VECTOR('',#3799,1.);
#3799 = DIRECTION('',(-1.,0.));
#3800 = ( GEOMETRIC_REPRESENTATION_CONTEXT(2) 
PARAMETRIC_REPRESENTATION_CONTEXT() REPRESENTATION_CONTEXT('2D SPACE',''
  ) );
#3801 = PCURVE('',#3802,#3807);
#3802 = PLANE('',#3803);
#3803 = AXIS2_PLACEMENT_3D('',#3804,#3805,#3806);
#3804 = CARTESIAN_POINT('',(-11.,-11.,23.9999998));
#3805 = DIRECTION('',(0.,1.,0.));
#3806 = DIRECTION('',(1.,0.,0.));
#3807 = DEFINITIONAL_REPRESENTATION('',(#3808),#3812);
#3808 = LINE('',#3809,#3810);
#3809 = CARTESIAN_POINT('',(5.5,3.9999998));
#3810 = VECTOR('',#3811,1.);
#3811 = DIRECTION('',(-1.,0.));
#3812 = ( GEOMETRIC_REPRESENTATION_CONTEXT(2) 
PARAMETRIC_REPRESENTATION_CONTEXT() REPRESENTATION_CONTEXT('2D SPACE',''
  ) );
#3813 = ADVANCED_FACE('',(#3814),#2147,.T.);
#3814 = FACE_BOUND('',#3815,.T.);
#3815 = EDGE_LOOP('',(#3816,#3839,#3840));
#3816 = ORIENTED_EDGE('',*,*,#3817,.F.);
#3817 = EDGE_CURVE('',#2131,#3818,#3820,.T.);
#3818 = VERTEX_POINT('',#3819);
#3819 = CARTESIAN_POINT('',(-11.,-11.,20.));
#3820 = SURFACE_CURVE('',#3821,(#3825,#3832),.PCURVE_S1.);
#3821 = LINE('',#3822,#3823);
#3822 = CARTESIAN_POINT('',(-5.5,-11.,20.));
#3823 = VECTOR('',#3824,1.);
#3824 = DIRECTION('',(-1.,0.,0.));
#3825 = PCURVE('',#2147,#3826);
#3826 = DEFINITIONAL_REPRESENTATION('',(#3827),#3831);
#3827 = LINE('',#3828,#3829);
#3828 = CARTESIAN_POINT('',(-5.5,-11.));
#3829 = VECTOR('',#3830,1.);
#3830 = DIRECTION('',(-1.,0.));
#3831 = ( GEOMETRIC_REPRESENTATION_CONTEXT(2) 
PARAMETRIC_REPRESENTATION_CONTEXT() REPRESENTATION_CONTEXT('2D SPACE',''
  ) );
#3832 = PCURVE('',#3802,#3833);
#3833 = DEFINITIONAL_REPRESENTATION('',(#3834),#3838);
#3834 = LINE('',#3835,#3836);
#3835 = CARTESIAN_POINT('',(5.5,3.9999998));
#3836 = VECTOR('',#3837,1.);
#3837 = DIRECTION('',(-1.,0.));
#3838 = ( GEOMETRIC_REPRESENTATION_CONTEXT(2) 
PARAMETRIC_REPRESENTATION_CONTEXT() REPRESENTATION_CONTEXT('2D SPACE',''
  ) );
#3839 = ORIENTED_EDGE('',*,*,#2130,.T.);
#3840 = ORIENTED_EDGE('',*,*,#3841,.F.);
#3841 = EDGE_CURVE('',#3818,#2098,#3842,.T.);
#3842 = SURFACE_CURVE('',#3843,(#3847,#3854),.PCURVE_S1.);
#3843 = LINE('',#3844,#3845);
#3844 = CARTESIAN_POINT('',(-11.,5.5,20.));
#3845 = VECTOR('',#3846,1.);
#3846 = DIRECTION('',(0.,1.,0.));
#3847 = PCURVE('',#2147,#3848);
#3848 = DEFINITIONAL_REPRESENTATION('',(#3849),#3853);
#3849 = LINE('',#3850,#3851);
#3850 = CARTESIAN_POINT('',(-11.,5.5));
#3851 = VECTOR('',#3852,1.);
#3852 = DIRECTION('',(0.,1.));
#3853 = ( GEOMETRIC_REPRESENTATION_CONTEXT(2) 
PARAMETRIC_REPRESENTATION_CONTEXT() REPRESENTATION_CONTEXT('2D SPACE',''
  ) );
#3854 = PCURVE('',#3855,#3860);
#3855 = PLANE('',#3856);
#3856 = AXIS2_PLACEMENT_3D('',#3857,#3858,#3859);
#3857 = CARTESIAN_POINT('',(-11.,11.,23.9999998));
#3858 = DIRECTION('',(1.,0.,0.));
#3859 = DIRECTION('',(0.,-1.,0.));
#3860 = DEFINITIONAL_REPRESENTATION('',(#3861),#3865);
#3861 = LINE('',#3862,#3863);
#3862 = CARTESIAN_POINT('',(5.5,3.9999998));
#3863 = VECTOR('',#3864,1.);
#3864 = DIRECTION('',(-1.,0.));
#3865 = ( GEOMETRIC_REPRESENTATION_CONTEXT(2) 
PARAMETRIC_REPRESENTATION_CONTEXT() REPRESENTATION_CONTEXT('2D SPACE',''
  ) );
#3866 = ADVANCED_FACE('',(#3867),#2114,.T.);
#3867 = FACE_BOUND('',#3868,.T.);
#3868 = EDGE_LOOP('',(#3869,#3870,#3898));
#3869 = ORIENTED_EDGE('',*,*,#2097,.T.);
#3870 = ORIENTED_EDGE('',*,*,#3871,.F.);
#3871 = EDGE_CURVE('',#3872,#2065,#3874,.T.);
#3872 = VERTEX_POINT('',#3873);
#3873 = CARTESIAN_POINT('',(-11.,11.,20.));
#3874 = SURFACE_CURVE('',#3875,(#3879,#3886),.PCURVE_S1.);
#3875 = LINE('',#3876,#3877);
#3876 = CARTESIAN_POINT('',(5.5,11.,20.));
#3877 = VECTOR('',#3878,1.);
#3878 = DIRECTION('',(1.,0.,-0.));
#3879 = PCURVE('',#2114,#3880);
#3880 = DEFINITIONAL_REPRESENTATION('',(#3881),#3885);
#3881 = LINE('',#3882,#3883);
#3882 = CARTESIAN_POINT('',(5.5,11.));
#3883 = VECTOR('',#3884,1.);
#3884 = DIRECTION('',(1.,0.));
#3885 = ( GEOMETRIC_REPRESENTATION_CONTEXT(2) 
PARAMETRIC_REPRESENTATION_CONTEXT() REPRESENTATION_CONTEXT('2D SPACE',''
  ) );
#3886 = PCURVE('',#3887,#3892);
#3887 = PLANE('',#3888);
#3888 = AXIS2_PLACEMENT_3D('',#3889,#3890,#3891);
#3889 = CARTESIAN_POINT('',(11.,11.,23.9999998));
#3890 = DIRECTION('',(0.,-1.,0.));
#3891 = DIRECTION('',(-1.,0.,0.));
#3892 = DEFINITIONAL_REPRESENTATION('',(#3893),#3897);
#3893 = LINE('',#3894,#3895);
#3894 = CARTESIAN_POINT('',(5.5,3.9999998));
#3895 = VECTOR('',#3896,1.);
#3896 = DIRECTION('',(-1.,0.));
#3897 = ( GEOMETRIC_REPRESENTATION_CONTEXT(2) 
PARAMETRIC_REPRESENTATION_CONTEXT() REPRESENTATION_CONTEXT('2D SPACE',''
  ) );
#3898 = ORIENTED_EDGE('',*,*,#3899,.F.);
#3899 = EDGE_CURVE('',#2098,#3872,#3900,.T.);
#3900 = SURFACE_CURVE('',#3901,(#3905,#3912),.PCURVE_S1.);
#3901 = LINE('',#3902,#3903);
#3902 = CARTESIAN_POINT('',(-11.,5.5,20.));
#3903 = VECTOR('',#3904,1.);
#3904 = DIRECTION('',(0.,1.,0.));
#3905 = PCURVE('',#2114,#3906);
#3906 = DEFINITIONAL_REPRESENTATION('',(#3907),#3911);
#3907 = LINE('',#3908,#3909);
#3908 = CARTESIAN_POINT('',(-11.,5.5));
#3909 = VECTOR('',#3910,1.);
#3910 = DIRECTION('',(0.,1.));
#3911 = ( GEOMETRIC_REPRESENTATION_CONTEXT(2) 
PARAMETRIC_REPRESENTATION_CONTEXT() REPRESENTATION_CONTEXT('2D SPACE',''
  ) );
#3912 = PCURVE('',#3855,#3913);
#3913 = DEFINITIONAL_REPRESENTATION('',(#3914),#3918);
#3914 = LINE('',#3915,#3916);
#3915 = CARTESIAN_POINT('',(5.5,3.9999998));
#3916 = VECTOR('',#3917,1.);
#3917 = DIRECTION('',(-1.,0.));
#3918 = ( GEOMETRIC_REPRESENTATION_CONTEXT(2) 
PARAMETRIC_REPRESENTATION_CONTEXT() REPRESENTATION_CONTEXT('2D SPACE',''
  ) );
#3919 = ADVANCED_FACE('',(#3920),#2081,.T.);
#3920 = FACE_BOUND('',#3921,.T.);
#3921 = EDGE_LOOP('',(#3922,#3945,#3966));
#3922 = ORIENTED_EDGE('',*,*,#3923,.F.);
#3923 = EDGE_CURVE('',#3924,#2040,#3926,.T.);
#3924 = VERTEX_POINT('',#3925);
#3925 = CARTESIAN_POINT('',(11.,11.,20.));
#3926 = SURFACE_CURVE('',#3927,(#3931,#3938),.PCURVE_S1.);
#3927 = LINE('',#3928,#3929);
#3928 = CARTESIAN_POINT('',(11.,-5.5,20.));
#3929 = VECTOR('',#3930,1.);
#3930 = DIRECTION('',(0.,-1.,0.));
#3931 = PCURVE('',#2081,#3932);
#3932 = DEFINITIONAL_REPRESENTATION('',(#3933),#3937);
#3933 = LINE('',#3934,#3935);
#3934 = CARTESIAN_POINT('',(11.,-5.5));
#3935 = VECTOR('',#3936,1.);
#3936 = DIRECTION('',(0.,-1.));
#3937 = ( GEOMETRIC_REPRESENTATION_CONTEXT(2) 
PARAMETRIC_REPRESENTATION_CONTEXT() REPRESENTATION_CONTEXT('2D SPACE',''
  ) );
#3938 = PCURVE('',#3775,#3939);
#3939 = DEFINITIONAL_REPRESENTATION('',(#3940),#3944);
#3940 = LINE('',#3941,#3942);
#3941 = CARTESIAN_POINT('',(5.5,3.9999998));
#3942 = VECTOR('',#3943,1.);
#3943 = DIRECTION('',(-1.,0.));
#3944 = ( GEOMETRIC_REPRESENTATION_CONTEXT(2) 
PARAMETRIC_REPRESENTATION_CONTEXT() REPRESENTATION_CONTEXT('2D SPACE',''
  ) );
#3945 = ORIENTED_EDGE('',*,*,#3946,.F.);
#3946 = EDGE_CURVE('',#2065,#3924,#3947,.T.);
#3947 = SURFACE_CURVE('',#3948,(#3952,#3959),.PCURVE_S1.);
#3948 = LINE('',#3949,#3950);
#3949 = CARTESIAN_POINT('',(5.5,11.,20.));
#3950 = VECTOR('',#3951,1.);
#3951 = DIRECTION('',(1.,0.,-0.));
#3952 = PCURVE('',#2081,#3953);
#3953 = DEFINITIONAL_REPRESENTATION('',(#3954),#3958);
#3954 = LINE('',#3955,#3956);
#3955 = CARTESIAN_POINT('',(5.5,11.));
#3956 = VECTOR('',#3957,1.);
#3957 = DIRECTION('',(1.,0.));
#3958 = ( GEOMETRIC_REPRESENTATION_CONTEXT(2) 
PARAMETRIC_REPRESENTATION_CONTEXT() REPRESENTATION_CONTEXT('2D SPACE',''
  ) );
#3959 = PCURVE('',#3887,#3960);
#3960 = DEFINITIONAL_REPRESENTATION('',(#3961),#3965);
#3961 = LINE('',#3962,#3963);
#3962 = CARTESIAN_POINT('',(5.5,3.9999998));
#3963 = VECTOR('',#3964,1.);
#3964 = DIRECTION('',(-1.,0.));
#3965 = ( GEOMETRIC_REPRESENTATION_CONTEXT(2) 
PARAMETRIC_REPRESENTATION_CONTEXT() REPRESENTATION_CONTEXT('2D SPACE',''
  ) );
#3966 = ORIENTED_EDGE('',*,*,#2064,.T.);
#3967 = ADVANCED_FACE('',(#3968),#2498,.F.);
#3968 = FACE_BOUND('',#3969,.T.);
#3969 = EDGE_LOOP('',(#3970,#3994,#4015,#4016));
#3970 = ORIENTED_EDGE('',*,*,#3971,.T.);
#3971 = EDGE_CURVE('',#3972,#3972,#3974,.T.);
#3972 = VERTEX_POINT('',#3973);
#3973 = CARTESIAN_POINT('',(-31.9,4.,10.5));
#3974 = SURFACE_CURVE('',#3975,(#3980,#3987),.PCURVE_S1.);
#3975 = CIRCLE('',#3976,4.);
#3976 = AXIS2_PLACEMENT_3D('',#3977,#3978,#3979);
#3977 = CARTESIAN_POINT('',(-31.9,0.,10.5));
#3978 = DIRECTION('',(-1.,0.,0.));
#3979 = DIRECTION('',(0.,1.,0.));
#3980 = PCURVE('',#2498,#3981);
#3981 = DEFINITIONAL_REPRESENTATION('',(#3982),#3986);
#3982 = LINE('',#3983,#3984);
#3983 = CARTESIAN_POINT('',(-6.28318530718,-1.));
#3984 = VECTOR('',#3985,1.);
#3985 = DIRECTION('',(1.,-0.));
#3986 = ( GEOMETRIC_REPRESENTATION_CONTEXT(2) 
PARAMETRIC_REPRESENTATION_CONTEXT() REPRESENTATION_CONTEXT('2D SPACE',''
  ) );
#3987 = PCURVE('',#3494,#3988);
#3988 = DEFINITIONAL_REPRESENTATION('',(#3989),#3993);
#3989 = CIRCLE('',#3990,4.);
#3990 = AXIS2_PLACEMENT_2D('',#3991,#3992);
#3991 = CARTESIAN_POINT('',(18.,-6.5));
#3992 = DIRECTION('',(1.,0.));
#3993 = ( GEOMETRIC_REPRESENTATION_CONTEXT(2) 
PARAMETRIC_REPRESENTATION_CONTEXT() REPRESENTATION_CONTEXT('2D SPACE',''
  ) );
#3994 = ORIENTED_EDGE('',*,*,#3995,.T.);
#3995 = EDGE_CURVE('',#3972,#2197,#3996,.T.);
#3996 = SEAM_CURVE('',#3997,(#4001,#4008),.PCURVE_S1.);
#3997 = LINE('',#3998,#3999);
#3998 = CARTESIAN_POINT('',(-32.9,4.,10.5));
#3999 = VECTOR('',#4000,1.);
#4000 = DIRECTION('',(1.,0.,0.));
#4001 = PCURVE('',#2498,#4002);
#4002 = DEFINITIONAL_REPRESENTATION('',(#4003),#4007);
#4003 = LINE('',#4004,#4005);
#4004 = CARTESIAN_POINT('',(-6.28318530718,0.));
#4005 = VECTOR('',#4006,1.);
#4006 = DIRECTION('',(-0.,-1.));
#4007 = ( GEOMETRIC_REPRESENTATION_CONTEXT(2) 
PARAMETRIC_REPRESENTATION_CONTEXT() REPRESENTATION_CONTEXT('2D SPACE',''
  ) );
#4008 = PCURVE('',#2498,#4009);
#4009 = DEFINITIONAL_REPRESENTATION('',(#4010),#4014);
#4010 = LINE('',#4011,#4012);
#4011 = CARTESIAN_POINT('',(-0.,0.));
#4012 = VECTOR('',#4013,1.);
#4013 = DIRECTION('',(-0.,-1.));
#4014 = ( GEOMETRIC_REPRESENTATION_CONTEXT(2) 
PARAMETRIC_REPRESENTATION_CONTEXT() REPRESENTATION_CONTEXT('2D SPACE',''
  ) );
#4015 = ORIENTED_EDGE('',*,*,#2196,.T.);
#4016 = ORIENTED_EDGE('',*,*,#3995,.F.);
#4017 = ADVANCED_FACE('',(#4018,#4024,#4059,#4094,#4129,#4215),#2701,.T.
  );
#4018 = FACE_BOUND('',#4019,.T.);
#4019 = EDGE_LOOP('',(#4020,#4021,#4022,#4023));
#4020 = ORIENTED_EDGE('',*,*,#2857,.T.);
#4021 = ORIENTED_EDGE('',*,*,#2683,.T.);
#4022 = ORIENTED_EDGE('',*,*,#2759,.T.);
#4023 = ORIENTED_EDGE('',*,*,#2808,.T.);
#4024 = FACE_BOUND('',#4025,.T.);
#4025 = EDGE_LOOP('',(#4026));
#4026 = ORIENTED_EDGE('',*,*,#4027,.T.);
#4027 = EDGE_CURVE('',#4028,#4028,#4030,.T.);
#4028 = VERTEX_POINT('',#4029);
#4029 = CARTESIAN_POINT('',(-90.65,-22.,17.));
#4030 = SURFACE_CURVE('',#4031,(#4036,#4047),.PCURVE_S1.);
#4031 = CIRCLE('',#4032,1.25);
#4032 = AXIS2_PLACEMENT_3D('',#4033,#4034,#4035);
#4033 = CARTESIAN_POINT('',(-91.9,-22.,17.));
#4034 = DIRECTION('',(0.,0.,-1.));
#4035 = DIRECTION('',(1.,0.,0.));
#4036 = PCURVE('',#2701,#4037);
#4037 = DEFINITIONAL_REPRESENTATION('',(#4038),#4046);
#4038 = ( BOUNDED_CURVE() B_SPLINE_CURVE(2,(#4039,#4040,#4041,#4042,
#4043,#4044,#4045),.UNSPECIFIED.,.T.,.F.) B_SPLINE_CURVE_WITH_KNOTS((1,2
    ,2,2,2,1),(-2.094395102393,0.,2.094395102393,4.188790204786,
6.28318530718,8.377580409573),.UNSPECIFIED.) CURVE() 
GEOMETRIC_REPRESENTATION_ITEM() RATIONAL_B_SPLINE_CURVE((1.,0.5,1.,0.5,
1.,0.5,1.)) REPRESENTATION_ITEM('') );
#4039 = CARTESIAN_POINT('',(-30.75,-22.));
#4040 = CARTESIAN_POINT('',(-30.75,-24.16506350946));
#4041 = CARTESIAN_POINT('',(-32.625,-23.08253175473));
#4042 = CARTESIAN_POINT('',(-34.5,-22.));
#4043 = CARTESIAN_POINT('',(-32.625,-20.91746824526));
#4044 = CARTESIAN_POINT('',(-30.75,-19.83493649053));
#4045 = CARTESIAN_POINT('',(-30.75,-22.));
#4046 = ( GEOMETRIC_REPRESENTATION_CONTEXT(2) 
PARAMETRIC_REPRESENTATION_CONTEXT() REPRESENTATION_CONTEXT('2D SPACE',''
  ) );
#4047 = PCURVE('',#4048,#4053);
#4048 = CYLINDRICAL_SURFACE('',#4049,1.25);
#4049 = AXIS2_PLACEMENT_3D('',#4050,#4051,#4052);
#4050 = CARTESIAN_POINT('',(-91.9,-22.,8.));
#4051 = DIRECTION('',(-0.,-0.,-1.));
#4052 = DIRECTION('',(1.,0.,0.));
#4053 = DEFINITIONAL_REPRESENTATION('',(#4054),#4058);
#4054 = LINE('',#4055,#4056);
#4055 = CARTESIAN_POINT('',(-6.28318530718,-9.));
#4056 = VECTOR('',#4057,1.);
#4057 = DIRECTION('',(1.,-0.));
#4058 = ( GEOMETRIC_REPRESENTATION_CONTEXT(2) 
PARAMETRIC_REPRESENTATION_CONTEXT() REPRESENTATION_CONTEXT('2D SPACE',''
  ) );
#4059 = FACE_BOUND('',#4060,.T.);
#4060 = EDGE_LOOP('',(#4061));
#4061 = ORIENTED_EDGE('',*,*,#4062,.T.);
#4062 = EDGE_CURVE('',#4063,#4063,#4065,.T.);
#4063 = VERTEX_POINT('',#4064);
#4064 = CARTESIAN_POINT('',(-26.65,-22.,17.));
#4065 = SURFACE_CURVE('',#4066,(#4071,#4082),.PCURVE_S1.);
#4066 = CIRCLE('',#4067,1.25);
#4067 = AXIS2_PLACEMENT_3D('',#4068,#4069,#4070);
#4068 = CARTESIAN_POINT('',(-27.9,-22.,17.));
#4069 = DIRECTION('',(0.,0.,-1.));
#4070 = DIRECTION('',(1.,0.,0.));
#4071 = PCURVE('',#2701,#4072);
#4072 = DEFINITIONAL_REPRESENTATION('',(#4073),#4081);
#4073 = ( BOUNDED_CURVE() B_SPLINE_CURVE(2,(#4074,#4075,#4076,#4077,
#4078,#4079,#4080),.UNSPECIFIED.,.T.,.F.) B_SPLINE_CURVE_WITH_KNOTS((1,2
    ,2,2,2,1),(-2.094395102393,0.,2.094395102393,4.188790204786,
6.28318530718,8.377580409573),.UNSPECIFIED.) CURVE() 
GEOMETRIC_REPRESENTATION_ITEM() RATIONAL_B_SPLINE_CURVE((1.,0.5,1.,0.5,
1.,0.5,1.)) REPRESENTATION_ITEM('') );
#4074 = CARTESIAN_POINT('',(33.25,-22.));
#4075 = CARTESIAN_POINT('',(33.25,-24.16506350946));
#4076 = CARTESIAN_POINT('',(31.375,-23.08253175473));
#4077 = CARTESIAN_POINT('',(29.5,-22.));
#4078 = CARTESIAN_POINT('',(31.375,-20.91746824526));
#4079 = CARTESIAN_POINT('',(33.25,-19.83493649053));
#4080 = CARTESIAN_POINT('',(33.25,-22.));
#4081 = ( GEOMETRIC_REPRESENTATION_CONTEXT(2) 
PARAMETRIC_REPRESENTATION_CONTEXT() REPRESENTATION_CONTEXT('2D SPACE',''
  ) );
#4082 = PCURVE('',#4083,#4088);
#4083 = CYLINDRICAL_SURFACE('',#4084,1.25);
#4084 = AXIS2_PLACEMENT_3D('',#4085,#4086,#4087);
#4085 = CARTESIAN_POINT('',(-27.9,-22.,8.));
#4086 = DIRECTION('',(-0.,-0.,-1.));
#4087 = DIRECTION('',(1.,0.,0.));
#4088 = DEFINITIONAL_REPRESENTATION('',(#4089),#4093);
#4089 = LINE('',#4090,#4091);
#4090 = CARTESIAN_POINT('',(-6.28318530718,-9.));
#4091 = VECTOR('',#4092,1.);
#4092 = DIRECTION('',(1.,-0.));
#4093 = ( GEOMETRIC_REPRESENTATION_CONTEXT(2) 
PARAMETRIC_REPRESENTATION_CONTEXT() REPRESENTATION_CONTEXT('2D SPACE',''
  ) );
#4094 = FACE_BOUND('',#4095,.T.);
#4095 = EDGE_LOOP('',(#4096));
#4096 = ORIENTED_EDGE('',*,*,#4097,.T.);
#4097 = EDGE_CURVE('',#4098,#4098,#4100,.T.);
#4098 = VERTEX_POINT('',#4099);
#4099 = CARTESIAN_POINT('',(-90.65,22.,17.));
#4100 = SURFACE_CURVE('',#4101,(#4106,#4117),.PCURVE_S1.);
#4101 = CIRCLE('',#4102,1.25);
#4102 = AXIS2_PLACEMENT_3D('',#4103,#4104,#4105);
#4103 = CARTESIAN_POINT('',(-91.9,22.,17.));
#4104 = DIRECTION('',(0.,0.,-1.));
#4105 = DIRECTION('',(1.,0.,0.));
#4106 = PCURVE('',#2701,#4107);
#4107 = DEFINITIONAL_REPRESENTATION('',(#4108),#4116);
#4108 = ( BOUNDED_CURVE() B_SPLINE_CURVE(2,(#4109,#4110,#4111,#4112,
#4113,#4114,#4115),.UNSPECIFIED.,.T.,.F.) B_SPLINE_CURVE_WITH_KNOTS((1,2
    ,2,2,2,1),(-2.094395102393,0.,2.094395102393,4.188790204786,
6.28318530718,8.377580409573),.UNSPECIFIED.) CURVE() 
GEOMETRIC_REPRESENTATION_ITEM() RATIONAL_B_SPLINE_CURVE((1.,0.5,1.,0.5,
1.,0.5,1.)) REPRESENTATION_ITEM('') );
#4109 = CARTESIAN_POINT('',(-30.75,22.));
#4110 = CARTESIAN_POINT('',(-30.75,19.834936490539));
#4111 = CARTESIAN_POINT('',(-32.625,20.917468245269));
#4112 = CARTESIAN_POINT('',(-34.5,22.));
#4113 = CARTESIAN_POINT('',(-32.625,23.082531754731));
#4114 = CARTESIAN_POINT('',(-30.75,24.165063509461));
#4115 = CARTESIAN_POINT('',(-30.75,22.));
#4116 = ( GEOMETRIC_REPRESENTATION_CONTEXT(2) 
PARAMETRIC_REPRESENTATION_CONTEXT() REPRESENTATION_CONTEXT('2D SPACE',''
  ) );
#4117 = PCURVE('',#4118,#4123);
#4118 = CYLINDRICAL_SURFACE('',#4119,1.25);
#4119 = AXIS2_PLACEMENT_3D('',#4120,#4121,#4122);
#4120 = CARTESIAN_POINT('',(-91.9,22.,8.));
#4121 = DIRECTION('',(-0.,-0.,-1.));
#4122 = DIRECTION('',(1.,0.,0.));
#4123 = DEFINITIONAL_REPRESENTATION('',(#4124),#4128);
#4124 = LINE('',#4125,#4126);
#4125 = CARTESIAN_POINT('',(-6.28318530718,-9.));
#4126 = VECTOR('',#4127,1.);
#4127 = DIRECTION('',(1.,-0.));
#4128 = ( GEOMETRIC_REPRESENTATION_CONTEXT(2) 
PARAMETRIC_REPRESENTATION_CONTEXT() REPRESENTATION_CONTEXT('2D SPACE',''
  ) );
#4129 = FACE_BOUND('',#4130,.T.);
#4130 = EDGE_LOOP('',(#4131,#4154,#4175,#4196));
#4131 = ORIENTED_EDGE('',*,*,#4132,.F.);
#4132 = EDGE_CURVE('',#4133,#4135,#4137,.T.);
#4133 = VERTEX_POINT('',#4134);
#4134 = CARTESIAN_POINT('',(-31.9,-18.,17.));
#4135 = VERTEX_POINT('',#4136);
#4136 = CARTESIAN_POINT('',(-31.9,18.,17.));
#4137 = SURFACE_CURVE('',#4138,(#4142,#4148),.PCURVE_S1.);
#4138 = LINE('',#4139,#4140);
#4139 = CARTESIAN_POINT('',(-31.9,-9.,17.));
#4140 = VECTOR('',#4141,1.);
#4141 = DIRECTION('',(0.,1.,-0.));
#4142 = PCURVE('',#2701,#4143);
#4143 = DEFINITIONAL_REPRESENTATION('',(#4144),#4147);
#4144 = B_SPLINE_CURVE_WITH_KNOTS('',1,(#4145,#4146),.UNSPECIFIED.,.F.,
  .F.,(2,2),(-9.,27.),.PIECEWISE_BEZIER_KNOTS.);
#4145 = CARTESIAN_POINT('',(28.,-18.));
#4146 = CARTESIAN_POINT('',(28.,18.));
#4147 = ( GEOMETRIC_REPRESENTATION_CONTEXT(2) 
PARAMETRIC_REPRESENTATION_CONTEXT() REPRESENTATION_CONTEXT('2D SPACE',''
  ) );
#4148 = PCURVE('',#3494,#4149);
#4149 = DEFINITIONAL_REPRESENTATION('',(#4150),#4153);
#4150 = B_SPLINE_CURVE_WITH_KNOTS('',1,(#4151,#4152),.UNSPECIFIED.,.F.,
  .F.,(2,2),(-9.,27.),.PIECEWISE_BEZIER_KNOTS.);
#4151 = CARTESIAN_POINT('',(0.,-13.));
#4152 = CARTESIAN_POINT('',(36.,-13.));
#4153 = ( GEOMETRIC_REPRESENTATION_CONTEXT(2) 
PARAMETRIC_REPRESENTATION_CONTEXT() REPRESENTATION_CONTEXT('2D SPACE',''
  ) );
#4154 = ORIENTED_EDGE('',*,*,#4155,.F.);
#4155 = EDGE_CURVE('',#4156,#4133,#4158,.T.);
#4156 = VERTEX_POINT('',#4157);
#4157 = CARTESIAN_POINT('',(-87.9,-18.,17.));
#4158 = SURFACE_CURVE('',#4159,(#4163,#4169),.PCURVE_S1.);
#4159 = LINE('',#4160,#4161);
#4160 = CARTESIAN_POINT('',(-73.9,-18.,17.));
#4161 = VECTOR('',#4162,1.);
#4162 = DIRECTION('',(1.,0.,0.));
#4163 = PCURVE('',#2701,#4164);
#4164 = DEFINITIONAL_REPRESENTATION('',(#4165),#4168);
#4165 = B_SPLINE_CURVE_WITH_KNOTS('',1,(#4166,#4167),.UNSPECIFIED.,.F.,
  .F.,(2,2),(-14.,42.),.PIECEWISE_BEZIER_KNOTS.);
#4166 = CARTESIAN_POINT('',(-28.,-18.));
#4167 = CARTESIAN_POINT('',(28.,-18.));
#4168 = ( GEOMETRIC_REPRESENTATION_CONTEXT(2) 
PARAMETRIC_REPRESENTATION_CONTEXT() REPRESENTATION_CONTEXT('2D SPACE',''
  ) );
#4169 = PCURVE('',#3466,#4170);
#4170 = DEFINITIONAL_REPRESENTATION('',(#4171),#4174);
#4171 = B_SPLINE_CURVE_WITH_KNOTS('',1,(#4172,#4173),.UNSPECIFIED.,.F.,
  .F.,(2,2),(-14.,42.),.PIECEWISE_BEZIER_KNOTS.);
#4172 = CARTESIAN_POINT('',(0.,-13.));
#4173 = CARTESIAN_POINT('',(56.,-13.));
#4174 = ( GEOMETRIC_REPRESENTATION_CONTEXT(2) 
PARAMETRIC_REPRESENTATION_CONTEXT() REPRESENTATION_CONTEXT('2D SPACE',''
  ) );
#4175 = ORIENTED_EDGE('',*,*,#4176,.F.);
#4176 = EDGE_CURVE('',#4177,#4156,#4179,.T.);
#4177 = VERTEX_POINT('',#4178);
#4178 = CARTESIAN_POINT('',(-87.9,18.,17.));
#4179 = SURFACE_CURVE('',#4180,(#4184,#4190),.PCURVE_S1.);
#4180 = LINE('',#4181,#4182);
#4181 = CARTESIAN_POINT('',(-87.9,9.,17.));
#4182 = VECTOR('',#4183,1.);
#4183 = DIRECTION('',(0.,-1.,0.));
#4184 = PCURVE('',#2701,#4185);
#4185 = DEFINITIONAL_REPRESENTATION('',(#4186),#4189);
#4186 = B_SPLINE_CURVE_WITH_KNOTS('',1,(#4187,#4188),.UNSPECIFIED.,.F.,
  .F.,(2,2),(-9.,27.),.PIECEWISE_BEZIER_KNOTS.);
#4187 = CARTESIAN_POINT('',(-28.,18.));
#4188 = CARTESIAN_POINT('',(-28.,-18.));
#4189 = ( GEOMETRIC_REPRESENTATION_CONTEXT(2) 
PARAMETRIC_REPRESENTATION_CONTEXT() REPRESENTATION_CONTEXT('2D SPACE',''
  ) );
#4190 = PCURVE('',#3548,#4191);
#4191 = DEFINITIONAL_REPRESENTATION('',(#4192),#4195);
#4192 = B_SPLINE_CURVE_WITH_KNOTS('',1,(#4193,#4194),.UNSPECIFIED.,.F.,
  .F.,(2,2),(-9.,27.),.PIECEWISE_BEZIER_KNOTS.);
#4193 = CARTESIAN_POINT('',(0.,-13.));
#4194 = CARTESIAN_POINT('',(36.,-13.));
#4195 = ( GEOMETRIC_REPRESENTATION_CONTEXT(2) 
PARAMETRIC_REPRESENTATION_CONTEXT() REPRESENTATION_CONTEXT('2D SPACE',''
  ) );
#4196 = ORIENTED_EDGE('',*,*,#4197,.F.);
#4197 = EDGE_CURVE('',#4135,#4177,#4198,.T.);
#4198 = SURFACE_CURVE('',#4199,(#4203,#4209),.PCURVE_S1.);
#4199 = LINE('',#4200,#4201);
#4200 = CARTESIAN_POINT('',(-45.9,18.,17.));
#4201 = VECTOR('',#4202,1.);
#4202 = DIRECTION('',(-1.,0.,0.));
#4203 = PCURVE('',#2701,#4204);
#4204 = DEFINITIONAL_REPRESENTATION('',(#4205),#4208);
#4205 = B_SPLINE_CURVE_WITH_KNOTS('',1,(#4206,#4207),.UNSPECIFIED.,.F.,
  .F.,(2,2),(-14.,42.),.PIECEWISE_BEZIER_KNOTS.);
#4206 = CARTESIAN_POINT('',(28.,18.));
#4207 = CARTESIAN_POINT('',(-28.,18.));
#4208 = ( GEOMETRIC_REPRESENTATION_CONTEXT(2) 
PARAMETRIC_REPRESENTATION_CONTEXT() REPRESENTATION_CONTEXT('2D SPACE',''
  ) );
#4209 = PCURVE('',#3522,#4210);
#4210 = DEFINITIONAL_REPRESENTATION('',(#4211),#4214);
#4211 = B_SPLINE_CURVE_WITH_KNOTS('',1,(#4212,#4213),.UNSPECIFIED.,.F.,
  .F.,(2,2),(-14.,42.),.PIECEWISE_BEZIER_KNOTS.);
#4212 = CARTESIAN_POINT('',(0.,-13.));
#4213 = CARTESIAN_POINT('',(56.,-13.));
#4214 = ( GEOMETRIC_REPRESENTATION_CONTEXT(2) 
PARAMETRIC_REPRESENTATION_CONTEXT() REPRESENTATION_CONTEXT('2D SPACE',''
  ) );
#4215 = FACE_BOUND('',#4216,.T.);
#4216 = EDGE_LOOP('',(#4217));
#4217 = ORIENTED_EDGE('',*,*,#4218,.T.);
#4218 = EDGE_CURVE('',#4219,#4219,#4221,.T.);
#4219 = VERTEX_POINT('',#4220);
#4220 = CARTESIAN_POINT('',(-26.65,22.,17.));
#4221 = SURFACE_CURVE('',#4222,(#4227,#4238),.PCURVE_S1.);
#4222 = CIRCLE('',#4223,1.25);
#4223 = AXIS2_PLACEMENT_3D('',#4224,#4225,#4226);
#4224 = CARTESIAN_POINT('',(-27.9,22.,17.));
#4225 = DIRECTION('',(0.,0.,-1.));
#4226 = DIRECTION('',(1.,0.,0.));
#4227 = PCURVE('',#2701,#4228);
#4228 = DEFINITIONAL_REPRESENTATION('',(#4229),#4237);
#4229 = ( BOUNDED_CURVE() B_SPLINE_CURVE(2,(#4230,#4231,#4232,#4233,
#4234,#4235,#4236),.UNSPECIFIED.,.T.,.F.) B_SPLINE_CURVE_WITH_KNOTS((1,2
    ,2,2,2,1),(-2.094395102393,0.,2.094395102393,4.188790204786,
6.28318530718,8.377580409573),.UNSPECIFIED.) CURVE() 
GEOMETRIC_REPRESENTATION_ITEM() RATIONAL_B_SPLINE_CURVE((1.,0.5,1.,0.5,
1.,0.5,1.)) REPRESENTATION_ITEM('') );
#4230 = CARTESIAN_POINT('',(33.25,22.));
#4231 = CARTESIAN_POINT('',(33.25,19.834936490539));
#4232 = CARTESIAN_POINT('',(31.375,20.917468245269));
#4233 = CARTESIAN_POINT('',(29.5,22.));
#4234 = CARTESIAN_POINT('',(31.375,23.082531754731));
#4235 = CARTESIAN_POINT('',(33.25,24.165063509461));
#4236 = CARTESIAN_POINT('',(33.25,22.));
#4237 = ( GEOMETRIC_REPRESENTATION_CONTEXT(2) 
PARAMETRIC_REPRESENTATION_CONTEXT() REPRESENTATION_CONTEXT('2D SPACE',''
  ) );
#4238 = PCURVE('',#4239,#4244);
#4239 = CYLINDRICAL_SURFACE('',#4240,1.25);
#4240 = AXIS2_PLACEMENT_3D('',#4241,#4242,#4243);
#4241 = CARTESIAN_POINT('',(-27.9,22.,8.));
#4242 = DIRECTION('',(-0.,-0.,-1.));
#4243 = DIRECTION('',(1.,0.,0.));
#4244 = DEFINITIONAL_REPRESENTATION('',(#4245),#4249);
#4245 = LINE('',#4246,#4247);
#4246 = CARTESIAN_POINT('',(-6.28318530718,-9.));
#4247 = VECTOR('',#4248,1.);
#4248 = DIRECTION('',(1.,-0.));
#4249 = ( GEOMETRIC_REPRESENTATION_CONTEXT(2) 
PARAMETRIC_REPRESENTATION_CONTEXT() REPRESENTATION_CONTEXT('2D SPACE',''
  ) );
#4250 = ADVANCED_FACE('',(#4251,#4257),#2970,.T.);
#4251 = FACE_BOUND('',#4252,.T.);
#4252 = EDGE_LOOP('',(#4253,#4254,#4255,#4256));
#4253 = ORIENTED_EDGE('',*,*,#2954,.T.);
#4254 = ORIENTED_EDGE('',*,*,#3269,.T.);
#4255 = ORIENTED_EDGE('',*,*,#3154,.T.);
#4256 = ORIENTED_EDGE('',*,*,#3098,.T.);
#4257 = FACE_BOUND('',#4258,.T.);
#4258 = EDGE_LOOP('',(#4259,#4287,#4313,#4339));
#4259 = ORIENTED_EDGE('',*,*,#4260,.T.);
#4260 = EDGE_CURVE('',#4261,#4263,#4265,.T.);
#4261 = VERTEX_POINT('',#4262);
#4262 = CARTESIAN_POINT('',(20.4,20.4,34.));
#4263 = VERTEX_POINT('',#4264);
#4264 = CARTESIAN_POINT('',(20.4,-20.4,34.));
#4265 = SURFACE_CURVE('',#4266,(#4270,#4276),.PCURVE_S1.);
#4266 = LINE('',#4267,#4268);
#4267 = CARTESIAN_POINT('',(20.4,-10.2,34.));
#4268 = VECTOR('',#4269,1.);
#4269 = DIRECTION('',(0.,-1.,0.));
#4270 = PCURVE('',#2970,#4271);
#4271 = DEFINITIONAL_REPRESENTATION('',(#4272),#4275);
#4272 = B_SPLINE_CURVE_WITH_KNOTS('',1,(#4273,#4274),.UNSPECIFIED.,.F.,
  .F.,(2,2),(-30.6,10.2),.PIECEWISE_BEZIER_KNOTS.);
#4273 = CARTESIAN_POINT('',(20.4,20.4));
#4274 = CARTESIAN_POINT('',(20.4,-20.4));
#4275 = ( GEOMETRIC_REPRESENTATION_CONTEXT(2) 
PARAMETRIC_REPRESENTATION_CONTEXT() REPRESENTATION_CONTEXT('2D SPACE',''
  ) );
#4276 = PCURVE('',#4277,#4282);
#4277 = PLANE('',#4278);
#4278 = AXIS2_PLACEMENT_3D('',#4279,#4280,#4281);
#4279 = CARTESIAN_POINT('',(20.4,-20.4,-10.8000002));
#4280 = DIRECTION('',(-1.,0.,0.));
#4281 = DIRECTION('',(0.,1.,0.));
#4282 = DEFINITIONAL_REPRESENTATION('',(#4283),#4286);
#4283 = B_SPLINE_CURVE_WITH_KNOTS('',1,(#4284,#4285),.UNSPECIFIED.,.F.,
  .F.,(2,2),(-30.6,10.2),.PIECEWISE_BEZIER_KNOTS.);
#4284 = CARTESIAN_POINT('',(40.8,-44.8000002));
#4285 = CARTESIAN_POINT('',(0.,-44.8000002));
#4286 = ( GEOMETRIC_REPRESENTATION_CONTEXT(2) 
PARAMETRIC_REPRESENTATION_CONTEXT() REPRESENTATION_CONTEXT('2D SPACE',''
  ) );
#4287 = ORIENTED_EDGE('',*,*,#4288,.T.);
#4288 = EDGE_CURVE('',#4263,#4289,#4291,.T.);
#4289 = VERTEX_POINT('',#4290);
#4290 = CARTESIAN_POINT('',(-20.4,-20.4,34.));
#4291 = SURFACE_CURVE('',#4292,(#4296,#4302),.PCURVE_S1.);
#4292 = LINE('',#4293,#4294);
#4293 = CARTESIAN_POINT('',(-10.2,-20.4,34.));
#4294 = VECTOR('',#4295,1.);
#4295 = DIRECTION('',(-1.,0.,0.));
#4296 = PCURVE('',#2970,#4297);
#4297 = DEFINITIONAL_REPRESENTATION('',(#4298),#4301);
#4298 = B_SPLINE_CURVE_WITH_KNOTS('',1,(#4299,#4300),.UNSPECIFIED.,.F.,
  .F.,(2,2),(-30.6,10.2),.PIECEWISE_BEZIER_KNOTS.);
#4299 = CARTESIAN_POINT('',(20.4,-20.4));
#4300 = CARTESIAN_POINT('',(-20.4,-20.4));
#4301 = ( GEOMETRIC_REPRESENTATION_CONTEXT(2) 
PARAMETRIC_REPRESENTATION_CONTEXT() REPRESENTATION_CONTEXT('2D SPACE',''
  ) );
#4302 = PCURVE('',#4303,#4308);
#4303 = PLANE('',#4304);
#4304 = AXIS2_PLACEMENT_3D('',#4305,#4306,#4307);
#4305 = CARTESIAN_POINT('',(-20.4,-20.4,-10.8000002));
#4306 = DIRECTION('',(0.,1.,0.));
#4307 = DIRECTION('',(1.,0.,0.));
#4308 = DEFINITIONAL_REPRESENTATION('',(#4309),#4312);
#4309 = B_SPLINE_CURVE_WITH_KNOTS('',1,(#4310,#4311),.UNSPECIFIED.,.F.,
  .F.,(2,2),(-30.6,10.2),.PIECEWISE_BEZIER_KNOTS.);
#4310 = CARTESIAN_POINT('',(40.8,-44.8000002));
#4311 = CARTESIAN_POINT('',(0.,-44.8000002));
#4312 = ( GEOMETRIC_REPRESENTATION_CONTEXT(2) 
PARAMETRIC_REPRESENTATION_CONTEXT() REPRESENTATION_CONTEXT('2D SPACE',''
  ) );
#4313 = ORIENTED_EDGE('',*,*,#4314,.T.);
#4314 = EDGE_CURVE('',#4289,#4315,#4317,.T.);
#4315 = VERTEX_POINT('',#4316);
#4316 = CARTESIAN_POINT('',(-20.4,20.4,34.));
#4317 = SURFACE_CURVE('',#4318,(#4322,#4328),.PCURVE_S1.);
#4318 = LINE('',#4319,#4320);
#4319 = CARTESIAN_POINT('',(-20.4,10.2,34.));
#4320 = VECTOR('',#4321,1.);
#4321 = DIRECTION('',(0.,1.,0.));
#4322 = PCURVE('',#2970,#4323);
#4323 = DEFINITIONAL_REPRESENTATION('',(#4324),#4327);
#4324 = B_SPLINE_CURVE_WITH_KNOTS('',1,(#4325,#4326),.UNSPECIFIED.,.F.,
  .F.,(2,2),(-30.6,10.2),.PIECEWISE_BEZIER_KNOTS.);
#4325 = CARTESIAN_POINT('',(-20.4,-20.4));
#4326 = CARTESIAN_POINT('',(-20.4,20.4));
#4327 = ( GEOMETRIC_REPRESENTATION_CONTEXT(2) 
PARAMETRIC_REPRESENTATION_CONTEXT() REPRESENTATION_CONTEXT('2D SPACE',''
  ) );
#4328 = PCURVE('',#4329,#4334);
#4329 = PLANE('',#4330);
#4330 = AXIS2_PLACEMENT_3D('',#4331,#4332,#4333);
#4331 = CARTESIAN_POINT('',(-20.4,20.4,-10.8000002));
#4332 = DIRECTION('',(1.,0.,0.));
#4333 = DIRECTION('',(0.,-1.,0.));
#4334 = DEFINITIONAL_REPRESENTATION('',(#4335),#4338);
#4335 = B_SPLINE_CURVE_WITH_KNOTS('',1,(#4336,#4337),.UNSPECIFIED.,.F.,
  .F.,(2,2),(-30.6,10.2),.PIECEWISE_BEZIER_KNOTS.);
#4336 = CARTESIAN_POINT('',(40.8,-44.8000002));
#4337 = CARTESIAN_POINT('',(0.,-44.8000002));
#4338 = ( GEOMETRIC_REPRESENTATION_CONTEXT(2) 
PARAMETRIC_REPRESENTATION_CONTEXT() REPRESENTATION_CONTEXT('2D SPACE',''
  ) );
#4339 = ORIENTED_EDGE('',*,*,#4340,.T.);
#4340 = EDGE_CURVE('',#4315,#4261,#4341,.T.);
#4341 = SURFACE_CURVE('',#4342,(#4346,#4352),.PCURVE_S1.);
#4342 = LINE('',#4343,#4344);
#4343 = CARTESIAN_POINT('',(10.2,20.4,34.));
#4344 = VECTOR('',#4345,1.);
#4345 = DIRECTION('',(1.,0.,-0.));
#4346 = PCURVE('',#2970,#4347);
#4347 = DEFINITIONAL_REPRESENTATION('',(#4348),#4351);
#4348 = B_SPLINE_CURVE_WITH_KNOTS('',1,(#4349,#4350),.UNSPECIFIED.,.F.,
  .F.,(2,2),(-30.6,10.2),.PIECEWISE_BEZIER_KNOTS.);
#4349 = CARTESIAN_POINT('',(-20.4,20.4));
#4350 = CARTESIAN_POINT('',(20.4,20.4));
#4351 = ( GEOMETRIC_REPRESENTATION_CONTEXT(2) 
PARAMETRIC_REPRESENTATION_CONTEXT() REPRESENTATION_CONTEXT('2D SPACE',''
  ) );
#4352 = PCURVE('',#4353,#4358);
#4353 = PLANE('',#4354);
#4354 = AXIS2_PLACEMENT_3D('',#4355,#4356,#4357);
#4355 = CARTESIAN_POINT('',(20.4,20.4,-10.8000002));
#4356 = DIRECTION('',(0.,-1.,0.));
#4357 = DIRECTION('',(-1.,0.,0.));
#4358 = DEFINITIONAL_REPRESENTATION('',(#4359),#4362);
#4359 = B_SPLINE_CURVE_WITH_KNOTS('',1,(#4360,#4361),.UNSPECIFIED.,.F.,
  .F.,(2,2),(-30.6,10.2),.PIECEWISE_BEZIER_KNOTS.);
#4360 = CARTESIAN_POINT('',(40.8,-44.8000002));
#4361 = CARTESIAN_POINT('',(0.,-44.8000002));
#4362 = ( GEOMETRIC_REPRESENTATION_CONTEXT(2) 
PARAMETRIC_REPRESENTATION_CONTEXT() REPRESENTATION_CONTEXT('2D SPACE',''
  ) );
#4363 = ADVANCED_FACE('',(#4364),#3466,.T.);
#4364 = FACE_BOUND('',#4365,.T.);
#4365 = EDGE_LOOP('',(#4366,#4367,#4388,#4389));
#4366 = ORIENTED_EDGE('',*,*,#3448,.F.);
#4367 = ORIENTED_EDGE('',*,*,#4368,.T.);
#4368 = EDGE_CURVE('',#3449,#4156,#4369,.T.);
#4369 = SURFACE_CURVE('',#4370,(#4374,#4381),.PCURVE_S1.);
#4370 = LINE('',#4371,#4372);
#4371 = CARTESIAN_POINT('',(-87.9,-18.,4.));
#4372 = VECTOR('',#4373,1.);
#4373 = DIRECTION('',(0.,0.,1.));
#4374 = PCURVE('',#3466,#4375);
#4375 = DEFINITIONAL_REPRESENTATION('',(#4376),#4380);
#4376 = LINE('',#4377,#4378);
#4377 = CARTESIAN_POINT('',(0.,0.));
#4378 = VECTOR('',#4379,1.);
#4379 = DIRECTION('',(0.,-1.));
#4380 = ( GEOMETRIC_REPRESENTATION_CONTEXT(2) 
PARAMETRIC_REPRESENTATION_CONTEXT() REPRESENTATION_CONTEXT('2D SPACE',''
  ) );
#4381 = PCURVE('',#3548,#4382);
#4382 = DEFINITIONAL_REPRESENTATION('',(#4383),#4387);
#4383 = LINE('',#4384,#4385);
#4384 = CARTESIAN_POINT('',(36.,0.));
#4385 = VECTOR('',#4386,1.);
#4386 = DIRECTION('',(0.,-1.));
#4387 = ( GEOMETRIC_REPRESENTATION_CONTEXT(2) 
PARAMETRIC_REPRESENTATION_CONTEXT() REPRESENTATION_CONTEXT('2D SPACE',''
  ) );
#4388 = ORIENTED_EDGE('',*,*,#4155,.T.);
#4389 = ORIENTED_EDGE('',*,*,#4390,.F.);
#4390 = EDGE_CURVE('',#3451,#4133,#4391,.T.);
#4391 = SURFACE_CURVE('',#4392,(#4396,#4403),.PCURVE_S1.);
#4392 = LINE('',#4393,#4394);
#4393 = CARTESIAN_POINT('',(-31.9,-18.,4.));
#4394 = VECTOR('',#4395,1.);
#4395 = DIRECTION('',(0.,0.,1.));
#4396 = PCURVE('',#3466,#4397);
#4397 = DEFINITIONAL_REPRESENTATION('',(#4398),#4402);
#4398 = LINE('',#4399,#4400);
#4399 = CARTESIAN_POINT('',(56.,0.));
#4400 = VECTOR('',#4401,1.);
#4401 = DIRECTION('',(0.,-1.));
#4402 = ( GEOMETRIC_REPRESENTATION_CONTEXT(2) 
PARAMETRIC_REPRESENTATION_CONTEXT() REPRESENTATION_CONTEXT('2D SPACE',''
  ) );
#4403 = PCURVE('',#3494,#4404);
#4404 = DEFINITIONAL_REPRESENTATION('',(#4405),#4409);
#4405 = LINE('',#4406,#4407);
#4406 = CARTESIAN_POINT('',(0.,0.));
#4407 = VECTOR('',#4408,1.);
#4408 = DIRECTION('',(0.,-1.));
#4409 = ( GEOMETRIC_REPRESENTATION_CONTEXT(2) 
PARAMETRIC_REPRESENTATION_CONTEXT() REPRESENTATION_CONTEXT('2D SPACE',''
  ) );
#4410 = ADVANCED_FACE('',(#4411),#3548,.T.);
#4411 = FACE_BOUND('',#4412,.T.);
#4412 = EDGE_LOOP('',(#4413,#4414,#4435,#4436));
#4413 = ORIENTED_EDGE('',*,*,#3534,.F.);
#4414 = ORIENTED_EDGE('',*,*,#4415,.T.);
#4415 = EDGE_CURVE('',#3507,#4177,#4416,.T.);
#4416 = SURFACE_CURVE('',#4417,(#4421,#4428),.PCURVE_S1.);
#4417 = LINE('',#4418,#4419);
#4418 = CARTESIAN_POINT('',(-87.9,18.,4.));
#4419 = VECTOR('',#4420,1.);
#4420 = DIRECTION('',(0.,0.,1.));
#4421 = PCURVE('',#3548,#4422);
#4422 = DEFINITIONAL_REPRESENTATION('',(#4423),#4427);
#4423 = LINE('',#4424,#4425);
#4424 = CARTESIAN_POINT('',(0.,0.));
#4425 = VECTOR('',#4426,1.);
#4426 = DIRECTION('',(0.,-1.));
#4427 = ( GEOMETRIC_REPRESENTATION_CONTEXT(2) 
PARAMETRIC_REPRESENTATION_CONTEXT() REPRESENTATION_CONTEXT('2D SPACE',''
  ) );
#4428 = PCURVE('',#3522,#4429);
#4429 = DEFINITIONAL_REPRESENTATION('',(#4430),#4434);
#4430 = LINE('',#4431,#4432);
#4431 = CARTESIAN_POINT('',(56.,0.));
#4432 = VECTOR('',#4433,1.);
#4433 = DIRECTION('',(0.,-1.));
#4434 = ( GEOMETRIC_REPRESENTATION_CONTEXT(2) 
PARAMETRIC_REPRESENTATION_CONTEXT() REPRESENTATION_CONTEXT('2D SPACE',''
  ) );
#4435 = ORIENTED_EDGE('',*,*,#4176,.T.);
#4436 = ORIENTED_EDGE('',*,*,#4368,.F.);
#4437 = ADVANCED_FACE('',(#4438,#4464),#3494,.T.);
#4438 = FACE_BOUND('',#4439,.T.);
#4439 = EDGE_LOOP('',(#4440,#4441,#4442,#4443));
#4440 = ORIENTED_EDGE('',*,*,#3478,.F.);
#4441 = ORIENTED_EDGE('',*,*,#4390,.T.);
#4442 = ORIENTED_EDGE('',*,*,#4132,.T.);
#4443 = ORIENTED_EDGE('',*,*,#4444,.F.);
#4444 = EDGE_CURVE('',#3479,#4135,#4445,.T.);
#4445 = SURFACE_CURVE('',#4446,(#4450,#4457),.PCURVE_S1.);
#4446 = LINE('',#4447,#4448);
#4447 = CARTESIAN_POINT('',(-31.9,18.,4.));
#4448 = VECTOR('',#4449,1.);
#4449 = DIRECTION('',(0.,0.,1.));
#4450 = PCURVE('',#3494,#4451);
#4451 = DEFINITIONAL_REPRESENTATION('',(#4452),#4456);
#4452 = LINE('',#4453,#4454);
#4453 = CARTESIAN_POINT('',(36.,0.));
#4454 = VECTOR('',#4455,1.);
#4455 = DIRECTION('',(0.,-1.));
#4456 = ( GEOMETRIC_REPRESENTATION_CONTEXT(2) 
PARAMETRIC_REPRESENTATION_CONTEXT() REPRESENTATION_CONTEXT('2D SPACE',''
  ) );
#4457 = PCURVE('',#3522,#4458);
#4458 = DEFINITIONAL_REPRESENTATION('',(#4459),#4463);
#4459 = LINE('',#4460,#4461);
#4460 = CARTESIAN_POINT('',(0.,-0.));
#4461 = VECTOR('',#4462,1.);
#4462 = DIRECTION('',(0.,-1.));
#4463 = ( GEOMETRIC_REPRESENTATION_CONTEXT(2) 
PARAMETRIC_REPRESENTATION_CONTEXT() REPRESENTATION_CONTEXT('2D SPACE',''
  ) );
#4464 = FACE_BOUND('',#4465,.T.);
#4465 = EDGE_LOOP('',(#4466));
#4466 = ORIENTED_EDGE('',*,*,#3971,.F.);
#4467 = ADVANCED_FACE('',(#4468),#3522,.T.);
#4468 = FACE_BOUND('',#4469,.T.);
#4469 = EDGE_LOOP('',(#4470,#4471,#4472,#4473));
#4470 = ORIENTED_EDGE('',*,*,#3506,.F.);
#4471 = ORIENTED_EDGE('',*,*,#4444,.T.);
#4472 = ORIENTED_EDGE('',*,*,#4197,.T.);
#4473 = ORIENTED_EDGE('',*,*,#4415,.F.);
#4474 = ADVANCED_FACE('',(#4475),#3588,.F.);
#4475 = FACE_BOUND('',#4476,.F.);
#4476 = EDGE_LOOP('',(#4477,#4507,#4528,#4529));
#4477 = ORIENTED_EDGE('',*,*,#4478,.F.);
#4478 = EDGE_CURVE('',#4479,#4481,#4483,.T.);
#4479 = VERTEX_POINT('',#4480);
#4480 = CARTESIAN_POINT('',(-69.9,12.,3.4));
#4481 = VERTEX_POINT('',#4482);
#4482 = CARTESIAN_POINT('',(-62.9,4.,3.4));
#4483 = SURFACE_CURVE('',#4484,(#4488,#4495),.PCURVE_S1.);
#4484 = LINE('',#4485,#4486);
#4485 = CARTESIAN_POINT('',(-69.9,12.,3.4));
#4486 = VECTOR('',#4487,1.);
#4487 = DIRECTION('',(0.658504607869,-0.752576694707,0.));
#4488 = PCURVE('',#3588,#4489);
#4489 = DEFINITIONAL_REPRESENTATION('',(#4490),#4494);
#4490 = LINE('',#4491,#4492);
#4491 = CARTESIAN_POINT('',(0.,0.));
#4492 = VECTOR('',#4493,1.);
#4493 = DIRECTION('',(1.,0.));
#4494 = ( GEOMETRIC_REPRESENTATION_CONTEXT(2) 
PARAMETRIC_REPRESENTATION_CONTEXT() REPRESENTATION_CONTEXT('2D SPACE',''
  ) );
#4495 = PCURVE('',#4496,#4501);
#4496 = PLANE('',#4497);
#4497 = AXIS2_PLACEMENT_3D('',#4498,#4499,#4500);
#4498 = CARTESIAN_POINT('',(-69.9,0.268841132959,3.4));
#4499 = DIRECTION('',(-0.,-0.,-1.));
#4500 = DIRECTION('',(-1.,0.,0.));
#4501 = DEFINITIONAL_REPRESENTATION('',(#4502),#4506);
#4502 = LINE('',#4503,#4504);
#4503 = CARTESIAN_POINT('',(1.42108547152E-14,11.731158867041));
#4504 = VECTOR('',#4505,1.);
#4505 = DIRECTION('',(-0.658504607869,-0.752576694707));
#4506 = ( GEOMETRIC_REPRESENTATION_CONTEXT(2) 
PARAMETRIC_REPRESENTATION_CONTEXT() REPRESENTATION_CONTEXT('2D SPACE',''
  ) );
#4507 = ORIENTED_EDGE('',*,*,#4508,.T.);
#4508 = EDGE_CURVE('',#4479,#3574,#4509,.T.);
#4509 = SURFACE_CURVE('',#4510,(#4514,#4521),.PCURVE_S1.);
#4510 = LINE('',#4511,#4512);
#4511 = CARTESIAN_POINT('',(-69.9,12.,3.4));
#4512 = VECTOR('',#4513,1.);
#4513 = DIRECTION('',(0.,0.,1.));
#4514 = PCURVE('',#3588,#4515);
#4515 = DEFINITIONAL_REPRESENTATION('',(#4516),#4520);
#4516 = LINE('',#4517,#4518);
#4517 = CARTESIAN_POINT('',(0.,0.));
#4518 = VECTOR('',#4519,1.);
#4519 = DIRECTION('',(0.,-1.));
#4520 = ( GEOMETRIC_REPRESENTATION_CONTEXT(2) 
PARAMETRIC_REPRESENTATION_CONTEXT() REPRESENTATION_CONTEXT('2D SPACE',''
  ) );
#4521 = PCURVE('',#3742,#4522);
#4522 = DEFINITIONAL_REPRESENTATION('',(#4523),#4527);
#4523 = LINE('',#4524,#4525);
#4524 = CARTESIAN_POINT('',(10.630145812735,0.));
#4525 = VECTOR('',#4526,1.);
#4526 = DIRECTION('',(0.,-1.));
#4527 = ( GEOMETRIC_REPRESENTATION_CONTEXT(2) 
PARAMETRIC_REPRESENTATION_CONTEXT() REPRESENTATION_CONTEXT('2D SPACE',''
  ) );
#4528 = ORIENTED_EDGE('',*,*,#3571,.F.);
#4529 = ORIENTED_EDGE('',*,*,#4530,.F.);
#4530 = EDGE_CURVE('',#4481,#3572,#4531,.T.);
#4531 = SURFACE_CURVE('',#4532,(#4536,#4543),.PCURVE_S1.);
#4532 = LINE('',#4533,#4534);
#4533 = CARTESIAN_POINT('',(-62.9,4.,3.4));
#4534 = VECTOR('',#4535,1.);
#4535 = DIRECTION('',(0.,0.,1.));
#4536 = PCURVE('',#3588,#4537);
#4537 = DEFINITIONAL_REPRESENTATION('',(#4538),#4542);
#4538 = LINE('',#4539,#4540);
#4539 = CARTESIAN_POINT('',(10.630145812735,0.));
#4540 = VECTOR('',#4541,1.);
#4541 = DIRECTION('',(0.,-1.));
#4542 = ( GEOMETRIC_REPRESENTATION_CONTEXT(2) 
PARAMETRIC_REPRESENTATION_CONTEXT() REPRESENTATION_CONTEXT('2D SPACE',''
  ) );
#4543 = PCURVE('',#3614,#4544);
#4544 = DEFINITIONAL_REPRESENTATION('',(#4545),#4549);
#4545 = LINE('',#4546,#4547);
#4546 = CARTESIAN_POINT('',(0.,-0.));
#4547 = VECTOR('',#4548,1.);
#4548 = DIRECTION('',(0.,-1.));
#4549 = ( GEOMETRIC_REPRESENTATION_CONTEXT(2) 
PARAMETRIC_REPRESENTATION_CONTEXT() REPRESENTATION_CONTEXT('2D SPACE',''
  ) );
#4550 = ADVANCED_FACE('',(#4551),#3614,.F.);
#4551 = FACE_BOUND('',#4552,.F.);
#4552 = EDGE_LOOP('',(#4553,#4576,#4577,#4578));
#4553 = ORIENTED_EDGE('',*,*,#4554,.F.);
#4554 = EDGE_CURVE('',#4481,#4555,#4557,.T.);
#4555 = VERTEX_POINT('',#4556);
#4556 = CARTESIAN_POINT('',(-67.4,4.,3.4));
#4557 = SURFACE_CURVE('',#4558,(#4562,#4569),.PCURVE_S1.);
#4558 = LINE('',#4559,#4560);
#4559 = CARTESIAN_POINT('',(-62.9,4.,3.4));
#4560 = VECTOR('',#4561,1.);
#4561 = DIRECTION('',(-1.,0.,0.));
#4562 = PCURVE('',#3614,#4563);
#4563 = DEFINITIONAL_REPRESENTATION('',(#4564),#4568);
#4564 = LINE('',#4565,#4566);
#4565 = CARTESIAN_POINT('',(0.,-0.));
#4566 = VECTOR('',#4567,1.);
#4567 = DIRECTION('',(1.,0.));
#4568 = ( GEOMETRIC_REPRESENTATION_CONTEXT(2) 
PARAMETRIC_REPRESENTATION_CONTEXT() REPRESENTATION_CONTEXT('2D SPACE',''
  ) );
#4569 = PCURVE('',#4496,#4570);
#4570 = DEFINITIONAL_REPRESENTATION('',(#4571),#4575);
#4571 = LINE('',#4572,#4573);
#4572 = CARTESIAN_POINT('',(-7.,3.731158867041));
#4573 = VECTOR('',#4574,1.);
#4574 = DIRECTION('',(1.,0.));
#4575 = ( GEOMETRIC_REPRESENTATION_CONTEXT(2) 
PARAMETRIC_REPRESENTATION_CONTEXT() REPRESENTATION_CONTEXT('2D SPACE',''
  ) );
#4576 = ORIENTED_EDGE('',*,*,#4530,.T.);
#4577 = ORIENTED_EDGE('',*,*,#3599,.F.);
#4578 = ORIENTED_EDGE('',*,*,#4579,.F.);
#4579 = EDGE_CURVE('',#4555,#3600,#4580,.T.);
#4580 = SURFACE_CURVE('',#4581,(#4585,#4592),.PCURVE_S1.);
#4581 = LINE('',#4582,#4583);
#4582 = CARTESIAN_POINT('',(-67.4,4.,3.4));
#4583 = VECTOR('',#4584,1.);
#4584 = DIRECTION('',(0.,0.,1.));
#4585 = PCURVE('',#3614,#4586);
#4586 = DEFINITIONAL_REPRESENTATION('',(#4587),#4591);
#4587 = LINE('',#4588,#4589);
#4588 = CARTESIAN_POINT('',(4.5,0.));
#4589 = VECTOR('',#4590,1.);
#4590 = DIRECTION('',(0.,-1.));
#4591 = ( GEOMETRIC_REPRESENTATION_CONTEXT(2) 
PARAMETRIC_REPRESENTATION_CONTEXT() REPRESENTATION_CONTEXT('2D SPACE',''
  ) );
#4592 = PCURVE('',#3640,#4593);
#4593 = DEFINITIONAL_REPRESENTATION('',(#4594),#4598);
#4594 = LINE('',#4595,#4596);
#4595 = CARTESIAN_POINT('',(0.,0.));
#4596 = VECTOR('',#4597,1.);
#4597 = DIRECTION('',(0.,-1.));
#4598 = ( GEOMETRIC_REPRESENTATION_CONTEXT(2) 
PARAMETRIC_REPRESENTATION_CONTEXT() REPRESENTATION_CONTEXT('2D SPACE',''
  ) );
#4599 = ADVANCED_FACE('',(#4600),#3742,.F.);
#4600 = FACE_BOUND('',#4601,.F.);
#4601 = EDGE_LOOP('',(#4602,#4625,#4646,#4647));
#4602 = ORIENTED_EDGE('',*,*,#4603,.F.);
#4603 = EDGE_CURVE('',#4604,#4479,#4606,.T.);
#4604 = VERTEX_POINT('',#4605);
#4605 = CARTESIAN_POINT('',(-76.9,4.,3.4));
#4606 = SURFACE_CURVE('',#4607,(#4611,#4618),.PCURVE_S1.);
#4607 = LINE('',#4608,#4609);
#4608 = CARTESIAN_POINT('',(-76.9,4.,3.4));
#4609 = VECTOR('',#4610,1.);
#4610 = DIRECTION('',(0.658504607869,0.752576694707,0.));
#4611 = PCURVE('',#3742,#4612);
#4612 = DEFINITIONAL_REPRESENTATION('',(#4613),#4617);
#4613 = LINE('',#4614,#4615);
#4614 = CARTESIAN_POINT('',(0.,0.));
#4615 = VECTOR('',#4616,1.);
#4616 = DIRECTION('',(1.,0.));
#4617 = ( GEOMETRIC_REPRESENTATION_CONTEXT(2) 
PARAMETRIC_REPRESENTATION_CONTEXT() REPRESENTATION_CONTEXT('2D SPACE',''
  ) );
#4618 = PCURVE('',#4496,#4619);
#4619 = DEFINITIONAL_REPRESENTATION('',(#4620),#4624);
#4620 = LINE('',#4621,#4622);
#4621 = CARTESIAN_POINT('',(7.,3.731158867041));
#4622 = VECTOR('',#4623,1.);
#4623 = DIRECTION('',(-0.658504607869,0.752576694707));
#4624 = ( GEOMETRIC_REPRESENTATION_CONTEXT(2) 
PARAMETRIC_REPRESENTATION_CONTEXT() REPRESENTATION_CONTEXT('2D SPACE',''
  ) );
#4625 = ORIENTED_EDGE('',*,*,#4626,.T.);
#4626 = EDGE_CURVE('',#4604,#3704,#4627,.T.);
#4627 = SURFACE_CURVE('',#4628,(#4632,#4639),.PCURVE_S1.);
#4628 = LINE('',#4629,#4630);
#4629 = CARTESIAN_POINT('',(-76.9,4.,3.4));
#4630 = VECTOR('',#4631,1.);
#4631 = DIRECTION('',(0.,0.,1.));
#4632 = PCURVE('',#3742,#4633);
#4633 = DEFINITIONAL_REPRESENTATION('',(#4634),#4638);
#4634 = LINE('',#4635,#4636);
#4635 = CARTESIAN_POINT('',(0.,0.));
#4636 = VECTOR('',#4637,1.);
#4637 = DIRECTION('',(0.,-1.));
#4638 = ( GEOMETRIC_REPRESENTATION_CONTEXT(2) 
PARAMETRIC_REPRESENTATION_CONTEXT() REPRESENTATION_CONTEXT('2D SPACE',''
  ) );
#4639 = PCURVE('',#3718,#4640);
#4640 = DEFINITIONAL_REPRESENTATION('',(#4641),#4645);
#4641 = LINE('',#4642,#4643);
#4642 = CARTESIAN_POINT('',(4.5,0.));
#4643 = VECTOR('',#4644,1.);
#4644 = DIRECTION('',(0.,-1.));
#4645 = ( GEOMETRIC_REPRESENTATION_CONTEXT(2) 
PARAMETRIC_REPRESENTATION_CONTEXT() REPRESENTATION_CONTEXT('2D SPACE',''
  ) );
#4646 = ORIENTED_EDGE('',*,*,#3729,.F.);
#4647 = ORIENTED_EDGE('',*,*,#4508,.F.);
#4648 = ADVANCED_FACE('',(#4649),#3640,.F.);
#4649 = FACE_BOUND('',#4650,.F.);
#4650 = EDGE_LOOP('',(#4651,#4674,#4675,#4676));
#4651 = ORIENTED_EDGE('',*,*,#4652,.F.);
#4652 = EDGE_CURVE('',#4555,#4653,#4655,.T.);
#4653 = VERTEX_POINT('',#4654);
#4654 = CARTESIAN_POINT('',(-67.4,-12.,3.4));
#4655 = SURFACE_CURVE('',#4656,(#4660,#4667),.PCURVE_S1.);
#4656 = LINE('',#4657,#4658);
#4657 = CARTESIAN_POINT('',(-67.4,4.,3.4));
#4658 = VECTOR('',#4659,1.);
#4659 = DIRECTION('',(0.,-1.,0.));
#4660 = PCURVE('',#3640,#4661);
#4661 = DEFINITIONAL_REPRESENTATION('',(#4662),#4666);
#4662 = LINE('',#4663,#4664);
#4663 = CARTESIAN_POINT('',(0.,0.));
#4664 = VECTOR('',#4665,1.);
#4665 = DIRECTION('',(1.,0.));
#4666 = ( GEOMETRIC_REPRESENTATION_CONTEXT(2) 
PARAMETRIC_REPRESENTATION_CONTEXT() REPRESENTATION_CONTEXT('2D SPACE',''
  ) );
#4667 = PCURVE('',#4496,#4668);
#4668 = DEFINITIONAL_REPRESENTATION('',(#4669),#4673);
#4669 = LINE('',#4670,#4671);
#4670 = CARTESIAN_POINT('',(-2.5,3.731158867041));
#4671 = VECTOR('',#4672,1.);
#4672 = DIRECTION('',(0.,-1.));
#4673 = ( GEOMETRIC_REPRESENTATION_CONTEXT(2) 
PARAMETRIC_REPRESENTATION_CONTEXT() REPRESENTATION_CONTEXT('2D SPACE',''
  ) );
#4674 = ORIENTED_EDGE('',*,*,#4579,.T.);
#4675 = ORIENTED_EDGE('',*,*,#3625,.F.);
#4676 = ORIENTED_EDGE('',*,*,#4677,.F.);
#4677 = EDGE_CURVE('',#4653,#3626,#4678,.T.);
#4678 = SURFACE_CURVE('',#4679,(#4683,#4690),.PCURVE_S1.);
#4679 = LINE('',#4680,#4681);
#4680 = CARTESIAN_POINT('',(-67.4,-12.,3.4));
#4681 = VECTOR('',#4682,1.);
#4682 = DIRECTION('',(0.,0.,1.));
#4683 = PCURVE('',#3640,#4684);
#4684 = DEFINITIONAL_REPRESENTATION('',(#4685),#4689);
#4685 = LINE('',#4686,#4687);
#4686 = CARTESIAN_POINT('',(16.,0.));
#4687 = VECTOR('',#4688,1.);
#4688 = DIRECTION('',(0.,-1.));
#4689 = ( GEOMETRIC_REPRESENTATION_CONTEXT(2) 
PARAMETRIC_REPRESENTATION_CONTEXT() REPRESENTATION_CONTEXT('2D SPACE',''
  ) );
#4690 = PCURVE('',#3666,#4691);
#4691 = DEFINITIONAL_REPRESENTATION('',(#4692),#4696);
#4692 = LINE('',#4693,#4694);
#4693 = CARTESIAN_POINT('',(0.,-0.));
#4694 = VECTOR('',#4695,1.);
#4695 = DIRECTION('',(0.,-1.));
#4696 = ( GEOMETRIC_REPRESENTATION_CONTEXT(2) 
PARAMETRIC_REPRESENTATION_CONTEXT() REPRESENTATION_CONTEXT('2D SPACE',''
  ) );
#4697 = ADVANCED_FACE('',(#4698),#3718,.F.);
#4698 = FACE_BOUND('',#4699,.F.);
#4699 = EDGE_LOOP('',(#4700,#4723,#4744,#4745));
#4700 = ORIENTED_EDGE('',*,*,#4701,.F.);
#4701 = EDGE_CURVE('',#4702,#4604,#4704,.T.);
#4702 = VERTEX_POINT('',#4703);
#4703 = CARTESIAN_POINT('',(-72.4,4.,3.4));
#4704 = SURFACE_CURVE('',#4705,(#4709,#4716),.PCURVE_S1.);
#4705 = LINE('',#4706,#4707);
#4706 = CARTESIAN_POINT('',(-72.4,4.,3.4));
#4707 = VECTOR('',#4708,1.);
#4708 = DIRECTION('',(-1.,0.,0.));
#4709 = PCURVE('',#3718,#4710);
#4710 = DEFINITIONAL_REPRESENTATION('',(#4711),#4715);
#4711 = LINE('',#4712,#4713);
#4712 = CARTESIAN_POINT('',(0.,-0.));
#4713 = VECTOR('',#4714,1.);
#4714 = DIRECTION('',(1.,0.));
#4715 = ( GEOMETRIC_REPRESENTATION_CONTEXT(2) 
PARAMETRIC_REPRESENTATION_CONTEXT() REPRESENTATION_CONTEXT('2D SPACE',''
  ) );
#4716 = PCURVE('',#4496,#4717);
#4717 = DEFINITIONAL_REPRESENTATION('',(#4718),#4722);
#4718 = LINE('',#4719,#4720);
#4719 = CARTESIAN_POINT('',(2.5,3.731158867041));
#4720 = VECTOR('',#4721,1.);
#4721 = DIRECTION('',(1.,0.));
#4722 = ( GEOMETRIC_REPRESENTATION_CONTEXT(2) 
PARAMETRIC_REPRESENTATION_CONTEXT() REPRESENTATION_CONTEXT('2D SPACE',''
  ) );
#4723 = ORIENTED_EDGE('',*,*,#4724,.T.);
#4724 = EDGE_CURVE('',#4702,#3678,#4725,.T.);
#4725 = SURFACE_CURVE('',#4726,(#4730,#4737),.PCURVE_S1.);
#4726 = LINE('',#4727,#4728);
#4727 = CARTESIAN_POINT('',(-72.4,4.,3.4));
#4728 = VECTOR('',#4729,1.);
#4729 = DIRECTION('',(0.,0.,1.));
#4730 = PCURVE('',#3718,#4731);
#4731 = DEFINITIONAL_REPRESENTATION('',(#4732),#4736);
#4732 = LINE('',#4733,#4734);
#4733 = CARTESIAN_POINT('',(0.,-0.));
#4734 = VECTOR('',#4735,1.);
#4735 = DIRECTION('',(0.,-1.));
#4736 = ( GEOMETRIC_REPRESENTATION_CONTEXT(2) 
PARAMETRIC_REPRESENTATION_CONTEXT() REPRESENTATION_CONTEXT('2D SPACE',''
  ) );
#4737 = PCURVE('',#3692,#4738);
#4738 = DEFINITIONAL_REPRESENTATION('',(#4739),#4743);
#4739 = LINE('',#4740,#4741);
#4740 = CARTESIAN_POINT('',(16.,0.));
#4741 = VECTOR('',#4742,1.);
#4742 = DIRECTION('',(0.,-1.));
#4743 = ( GEOMETRIC_REPRESENTATION_CONTEXT(2) 
PARAMETRIC_REPRESENTATION_CONTEXT() REPRESENTATION_CONTEXT('2D SPACE',''
  ) );
#4744 = ORIENTED_EDGE('',*,*,#3703,.F.);
#4745 = ORIENTED_EDGE('',*,*,#4626,.F.);
#4746 = ADVANCED_FACE('',(#4747),#3666,.F.);
#4747 = FACE_BOUND('',#4748,.F.);
#4748 = EDGE_LOOP('',(#4749,#4772,#4773,#4774));
#4749 = ORIENTED_EDGE('',*,*,#4750,.F.);
#4750 = EDGE_CURVE('',#4653,#4751,#4753,.T.);
#4751 = VERTEX_POINT('',#4752);
#4752 = CARTESIAN_POINT('',(-72.4,-12.,3.4));
#4753 = SURFACE_CURVE('',#4754,(#4758,#4765),.PCURVE_S1.);
#4754 = LINE('',#4755,#4756);
#4755 = CARTESIAN_POINT('',(-67.4,-12.,3.4));
#4756 = VECTOR('',#4757,1.);
#4757 = DIRECTION('',(-1.,0.,0.));
#4758 = PCURVE('',#3666,#4759);
#4759 = DEFINITIONAL_REPRESENTATION('',(#4760),#4764);
#4760 = LINE('',#4761,#4762);
#4761 = CARTESIAN_POINT('',(0.,-0.));
#4762 = VECTOR('',#4763,1.);
#4763 = DIRECTION('',(1.,0.));
#4764 = ( GEOMETRIC_REPRESENTATION_CONTEXT(2) 
PARAMETRIC_REPRESENTATION_CONTEXT() REPRESENTATION_CONTEXT('2D SPACE',''
  ) );
#4765 = PCURVE('',#4496,#4766);
#4766 = DEFINITIONAL_REPRESENTATION('',(#4767),#4771);
#4767 = LINE('',#4768,#4769);
#4768 = CARTESIAN_POINT('',(-2.5,-12.26884113295));
#4769 = VECTOR('',#4770,1.);
#4770 = DIRECTION('',(1.,0.));
#4771 = ( GEOMETRIC_REPRESENTATION_CONTEXT(2) 
PARAMETRIC_REPRESENTATION_CONTEXT() REPRESENTATION_CONTEXT('2D SPACE',''
  ) );
#4772 = ORIENTED_EDGE('',*,*,#4677,.T.);
#4773 = ORIENTED_EDGE('',*,*,#3651,.F.);
#4774 = ORIENTED_EDGE('',*,*,#4775,.F.);
#4775 = EDGE_CURVE('',#4751,#3652,#4776,.T.);
#4776 = SURFACE_CURVE('',#4777,(#4781,#4788),.PCURVE_S1.);
#4777 = LINE('',#4778,#4779);
#4778 = CARTESIAN_POINT('',(-72.4,-12.,3.4));
#4779 = VECTOR('',#4780,1.);
#4780 = DIRECTION('',(0.,0.,1.));
#4781 = PCURVE('',#3666,#4782);
#4782 = DEFINITIONAL_REPRESENTATION('',(#4783),#4787);
#4783 = LINE('',#4784,#4785);
#4784 = CARTESIAN_POINT('',(5.,0.));
#4785 = VECTOR('',#4786,1.);
#4786 = DIRECTION('',(0.,-1.));
#4787 = ( GEOMETRIC_REPRESENTATION_CONTEXT(2) 
PARAMETRIC_REPRESENTATION_CONTEXT() REPRESENTATION_CONTEXT('2D SPACE',''
  ) );
#4788 = PCURVE('',#3692,#4789);
#4789 = DEFINITIONAL_REPRESENTATION('',(#4790),#4794);
#4790 = LINE('',#4791,#4792);
#4791 = CARTESIAN_POINT('',(0.,0.));
#4792 = VECTOR('',#4793,1.);
#4793 = DIRECTION('',(0.,-1.));
#4794 = ( GEOMETRIC_REPRESENTATION_CONTEXT(2) 
PARAMETRIC_REPRESENTATION_CONTEXT() REPRESENTATION_CONTEXT('2D SPACE',''
  ) );
#4795 = ADVANCED_FACE('',(#4796),#3692,.F.);
#4796 = FACE_BOUND('',#4797,.F.);
#4797 = EDGE_LOOP('',(#4798,#4819,#4820,#4821));
#4798 = ORIENTED_EDGE('',*,*,#4799,.F.);
#4799 = EDGE_CURVE('',#4751,#4702,#4800,.T.);
#4800 = SURFACE_CURVE('',#4801,(#4805,#4812),.PCURVE_S1.);
#4801 = LINE('',#4802,#4803);
#4802 = CARTESIAN_POINT('',(-72.4,-12.,3.4));
#4803 = VECTOR('',#4804,1.);
#4804 = DIRECTION('',(0.,1.,0.));
#4805 = PCURVE('',#3692,#4806);
#4806 = DEFINITIONAL_REPRESENTATION('',(#4807),#4811);
#4807 = LINE('',#4808,#4809);
#4808 = CARTESIAN_POINT('',(0.,0.));
#4809 = VECTOR('',#4810,1.);
#4810 = DIRECTION('',(1.,0.));
#4811 = ( GEOMETRIC_REPRESENTATION_CONTEXT(2) 
PARAMETRIC_REPRESENTATION_CONTEXT() REPRESENTATION_CONTEXT('2D SPACE',''
  ) );
#4812 = PCURVE('',#4496,#4813);
#4813 = DEFINITIONAL_REPRESENTATION('',(#4814),#4818);
#4814 = LINE('',#4815,#4816);
#4815 = CARTESIAN_POINT('',(2.5,-12.26884113295));
#4816 = VECTOR('',#4817,1.);
#4817 = DIRECTION('',(0.,1.));
#4818 = ( GEOMETRIC_REPRESENTATION_CONTEXT(2) 
PARAMETRIC_REPRESENTATION_CONTEXT() REPRESENTATION_CONTEXT('2D SPACE',''
  ) );
#4819 = ORIENTED_EDGE('',*,*,#4775,.T.);
#4820 = ORIENTED_EDGE('',*,*,#3677,.F.);
#4821 = ORIENTED_EDGE('',*,*,#4724,.F.);
#4822 = ADVANCED_FACE('',(#4823,#4899),#3775,.T.);
#4823 = FACE_BOUND('',#4824,.T.);
#4824 = EDGE_LOOP('',(#4825,#4855,#4876,#4877,#4878));
#4825 = ORIENTED_EDGE('',*,*,#4826,.T.);
#4826 = EDGE_CURVE('',#4827,#4829,#4831,.T.);
#4827 = VERTEX_POINT('',#4828);
#4828 = CARTESIAN_POINT('',(11.,-11.,54.));
#4829 = VERTEX_POINT('',#4830);
#4830 = CARTESIAN_POINT('',(11.,11.,54.));
#4831 = SURFACE_CURVE('',#4832,(#4836,#4843),.PCURVE_S1.);
#4832 = LINE('',#4833,#4834);
#4833 = CARTESIAN_POINT('',(11.,-11.,54.));
#4834 = VECTOR('',#4835,1.);
#4835 = DIRECTION('',(0.,1.,0.));
#4836 = PCURVE('',#3775,#4837);
#4837 = DEFINITIONAL_REPRESENTATION('',(#4838),#4842);
#4838 = LINE('',#4839,#4840);
#4839 = CARTESIAN_POINT('',(0.,-30.0000002));
#4840 = VECTOR('',#4841,1.);
#4841 = DIRECTION('',(1.,0.));
#4842 = ( GEOMETRIC_REPRESENTATION_CONTEXT(2) 
PARAMETRIC_REPRESENTATION_CONTEXT() REPRESENTATION_CONTEXT('2D SPACE',''
  ) );
#4843 = PCURVE('',#4844,#4849);
#4844 = PLANE('',#4845);
#4845 = AXIS2_PLACEMENT_3D('',#4846,#4847,#4848);
#4846 = CARTESIAN_POINT('',(4.86673106685E-16,-4.86673106685E-16,54.));
#4847 = DIRECTION('',(0.,0.,1.));
#4848 = DIRECTION('',(1.,0.,-0.));
#4849 = DEFINITIONAL_REPRESENTATION('',(#4850),#4854);
#4850 = LINE('',#4851,#4852);
#4851 = CARTESIAN_POINT('',(11.,-11.));
#4852 = VECTOR('',#4853,1.);
#4853 = DIRECTION('',(0.,1.));
#4854 = ( GEOMETRIC_REPRESENTATION_CONTEXT(2) 
PARAMETRIC_REPRESENTATION_CONTEXT() REPRESENTATION_CONTEXT('2D SPACE',''
  ) );
#4855 = ORIENTED_EDGE('',*,*,#4856,.T.);
#4856 = EDGE_CURVE('',#4829,#3924,#4857,.T.);
#4857 = SURFACE_CURVE('',#4858,(#4862,#4869),.PCURVE_S1.);
#4858 = LINE('',#4859,#4860);
#4859 = CARTESIAN_POINT('',(11.,11.,54.));
#4860 = VECTOR('',#4861,1.);
#4861 = DIRECTION('',(0.,0.,-1.));
#4862 = PCURVE('',#3775,#4863);
#4863 = DEFINITIONAL_REPRESENTATION('',(#4864),#4868);
#4864 = LINE('',#4865,#4866);
#4865 = CARTESIAN_POINT('',(22.,-30.0000002));
#4866 = VECTOR('',#4867,1.);
#4867 = DIRECTION('',(0.,1.));
#4868 = ( GEOMETRIC_REPRESENTATION_CONTEXT(2) 
PARAMETRIC_REPRESENTATION_CONTEXT() REPRESENTATION_CONTEXT('2D SPACE',''
  ) );
#4869 = PCURVE('',#3887,#4870);
#4870 = DEFINITIONAL_REPRESENTATION('',(#4871),#4875);
#4871 = LINE('',#4872,#4873);
#4872 = CARTESIAN_POINT('',(0.,-30.0000002));
#4873 = VECTOR('',#4874,1.);
#4874 = DIRECTION('',(0.,1.));
#4875 = ( GEOMETRIC_REPRESENTATION_CONTEXT(2) 
PARAMETRIC_REPRESENTATION_CONTEXT() REPRESENTATION_CONTEXT('2D SPACE',''
  ) );
#4876 = ORIENTED_EDGE('',*,*,#3923,.T.);
#4877 = ORIENTED_EDGE('',*,*,#3759,.T.);
#4878 = ORIENTED_EDGE('',*,*,#4879,.T.);
#4879 = EDGE_CURVE('',#3760,#4827,#4880,.T.);
#4880 = SURFACE_CURVE('',#4881,(#4885,#4892),.PCURVE_S1.);
#4881 = LINE('',#4882,#4883);
#4882 = CARTESIAN_POINT('',(11.,-11.,20.));
#4883 = VECTOR('',#4884,1.);
#4884 = DIRECTION('',(0.,0.,1.));
#4885 = PCURVE('',#3775,#4886);
#4886 = DEFINITIONAL_REPRESENTATION('',(#4887),#4891);
#4887 = LINE('',#4888,#4889);
#4888 = CARTESIAN_POINT('',(0.,3.9999998));
#4889 = VECTOR('',#4890,1.);
#4890 = DIRECTION('',(0.,-1.));
#4891 = ( GEOMETRIC_REPRESENTATION_CONTEXT(2) 
PARAMETRIC_REPRESENTATION_CONTEXT() REPRESENTATION_CONTEXT('2D SPACE',''
  ) );
#4892 = PCURVE('',#3802,#4893);
#4893 = DEFINITIONAL_REPRESENTATION('',(#4894),#4898);
#4894 = LINE('',#4895,#4896);
#4895 = CARTESIAN_POINT('',(22.,3.9999998));
#4896 = VECTOR('',#4897,1.);
#4897 = DIRECTION('',(0.,-1.));
#4898 = ( GEOMETRIC_REPRESENTATION_CONTEXT(2) 
PARAMETRIC_REPRESENTATION_CONTEXT() REPRESENTATION_CONTEXT('2D SPACE',''
  ) );
#4899 = FACE_BOUND('',#4900,.T.);
#4900 = EDGE_LOOP('',(#4901));
#4901 = ORIENTED_EDGE('',*,*,#4902,.T.);
#4902 = EDGE_CURVE('',#4903,#4903,#4905,.T.);
#4903 = VERTEX_POINT('',#4904);
#4904 = CARTESIAN_POINT('',(11.,2.2,39.));
#4905 = SURFACE_CURVE('',#4906,(#4911,#4922),.PCURVE_S1.);
#4906 = CIRCLE('',#4907,2.2);
#4907 = AXIS2_PLACEMENT_3D('',#4908,#4909,#4910);
#4908 = CARTESIAN_POINT('',(11.,-1.069482073324E-14,39.));
#4909 = DIRECTION('',(1.,0.,0.));
#4910 = DIRECTION('',(-0.,1.,3.229739708E-15));
#4911 = PCURVE('',#3775,#4912);
#4912 = DEFINITIONAL_REPRESENTATION('',(#4913),#4921);
#4913 = ( BOUNDED_CURVE() B_SPLINE_CURVE(2,(#4914,#4915,#4916,#4917,
#4918,#4919,#4920),.UNSPECIFIED.,.T.,.F.) B_SPLINE_CURVE_WITH_KNOTS((1,2
    ,2,2,2,1),(-2.094395102393,0.,2.094395102393,4.188790204786,
6.28318530718,8.377580409573),.UNSPECIFIED.) CURVE() 
GEOMETRIC_REPRESENTATION_ITEM() RATIONAL_B_SPLINE_CURVE((1.,0.5,1.,0.5,
1.,0.5,1.)) REPRESENTATION_ITEM('') );
#4914 = CARTESIAN_POINT('',(13.2,-15.0000002));
#4915 = CARTESIAN_POINT('',(13.2,-18.81051197665));
#4916 = CARTESIAN_POINT('',(9.9,-16.90525608832));
#4917 = CARTESIAN_POINT('',(6.6,-15.0000002));
#4918 = CARTESIAN_POINT('',(9.9,-13.09474431167));
#4919 = CARTESIAN_POINT('',(13.2,-11.18948842334));
#4920 = CARTESIAN_POINT('',(13.2,-15.0000002));
#4921 = ( GEOMETRIC_REPRESENTATION_CONTEXT(2) 
PARAMETRIC_REPRESENTATION_CONTEXT() REPRESENTATION_CONTEXT('2D SPACE',''
  ) );
#4922 = PCURVE('',#4923,#4928);
#4923 = CYLINDRICAL_SURFACE('',#4924,2.2);
#4924 = AXIS2_PLACEMENT_3D('',#4925,#4926,#4927);
#4925 = CARTESIAN_POINT('',(-40.,0.,39.));
#4926 = DIRECTION('',(-1.,-0.,-0.));
#4927 = DIRECTION('',(0.,1.,0.));
#4928 = DEFINITIONAL_REPRESENTATION('',(#4929),#4933);
#4929 = LINE('',#4930,#4931);
#4930 = CARTESIAN_POINT('',(-0.,-51.));
#4931 = VECTOR('',#4932,1.);
#4932 = DIRECTION('',(-1.,-0.));
#4933 = ( GEOMETRIC_REPRESENTATION_CONTEXT(2) 
PARAMETRIC_REPRESENTATION_CONTEXT() REPRESENTATION_CONTEXT('2D SPACE',''
  ) );
#4934 = ADVANCED_FACE('',(#4935),#3802,.T.);
#4935 = FACE_BOUND('',#4936,.T.);
#4936 = EDGE_LOOP('',(#4937,#4938,#4939,#4940,#4963));
#4937 = ORIENTED_EDGE('',*,*,#4879,.F.);
#4938 = ORIENTED_EDGE('',*,*,#3788,.T.);
#4939 = ORIENTED_EDGE('',*,*,#3817,.T.);
#4940 = ORIENTED_EDGE('',*,*,#4941,.F.);
#4941 = EDGE_CURVE('',#4942,#3818,#4944,.T.);
#4942 = VERTEX_POINT('',#4943);
#4943 = CARTESIAN_POINT('',(-11.,-11.,54.));
#4944 = SURFACE_CURVE('',#4945,(#4949,#4956),.PCURVE_S1.);
#4945 = LINE('',#4946,#4947);
#4946 = CARTESIAN_POINT('',(-11.,-11.,54.));
#4947 = VECTOR('',#4948,1.);
#4948 = DIRECTION('',(0.,0.,-1.));
#4949 = PCURVE('',#3802,#4950);
#4950 = DEFINITIONAL_REPRESENTATION('',(#4951),#4955);
#4951 = LINE('',#4952,#4953);
#4952 = CARTESIAN_POINT('',(0.,-30.0000002));
#4953 = VECTOR('',#4954,1.);
#4954 = DIRECTION('',(0.,1.));
#4955 = ( GEOMETRIC_REPRESENTATION_CONTEXT(2) 
PARAMETRIC_REPRESENTATION_CONTEXT() REPRESENTATION_CONTEXT('2D SPACE',''
  ) );
#4956 = PCURVE('',#3855,#4957);
#4957 = DEFINITIONAL_REPRESENTATION('',(#4958),#4962);
#4958 = LINE('',#4959,#4960);
#4959 = CARTESIAN_POINT('',(22.,-30.0000002));
#4960 = VECTOR('',#4961,1.);
#4961 = DIRECTION('',(0.,1.));
#4962 = ( GEOMETRIC_REPRESENTATION_CONTEXT(2) 
PARAMETRIC_REPRESENTATION_CONTEXT() REPRESENTATION_CONTEXT('2D SPACE',''
  ) );
#4963 = ORIENTED_EDGE('',*,*,#4964,.T.);
#4964 = EDGE_CURVE('',#4942,#4827,#4965,.T.);
#4965 = SURFACE_CURVE('',#4966,(#4970,#4977),.PCURVE_S1.);
#4966 = LINE('',#4967,#4968);
#4967 = CARTESIAN_POINT('',(-11.,-11.,54.));
#4968 = VECTOR('',#4969,1.);
#4969 = DIRECTION('',(1.,0.,0.));
#4970 = PCURVE('',#3802,#4971);
#4971 = DEFINITIONAL_REPRESENTATION('',(#4972),#4976);
#4972 = LINE('',#4973,#4974);
#4973 = CARTESIAN_POINT('',(0.,-30.0000002));
#4974 = VECTOR('',#4975,1.);
#4975 = DIRECTION('',(1.,0.));
#4976 = ( GEOMETRIC_REPRESENTATION_CONTEXT(2) 
PARAMETRIC_REPRESENTATION_CONTEXT() REPRESENTATION_CONTEXT('2D SPACE',''
  ) );
#4977 = PCURVE('',#4844,#4978);
#4978 = DEFINITIONAL_REPRESENTATION('',(#4979),#4983);
#4979 = LINE('',#4980,#4981);
#4980 = CARTESIAN_POINT('',(-11.,-11.));
#4981 = VECTOR('',#4982,1.);
#4982 = DIRECTION('',(1.,0.));
#4983 = ( GEOMETRIC_REPRESENTATION_CONTEXT(2) 
PARAMETRIC_REPRESENTATION_CONTEXT() REPRESENTATION_CONTEXT('2D SPACE',''
  ) );
#4984 = ADVANCED_FACE('',(#4985,#5034),#3855,.T.);
#4985 = FACE_BOUND('',#4986,.T.);
#4986 = EDGE_LOOP('',(#4987,#4988,#4989,#4990,#5013));
#4987 = ORIENTED_EDGE('',*,*,#4941,.T.);
#4988 = ORIENTED_EDGE('',*,*,#3841,.T.);
#4989 = ORIENTED_EDGE('',*,*,#3899,.T.);
#4990 = ORIENTED_EDGE('',*,*,#4991,.F.);
#4991 = EDGE_CURVE('',#4992,#3872,#4994,.T.);
#4992 = VERTEX_POINT('',#4993);
#4993 = CARTESIAN_POINT('',(-11.,11.,54.));
#4994 = SURFACE_CURVE('',#4995,(#4999,#5006),.PCURVE_S1.);
#4995 = LINE('',#4996,#4997);
#4996 = CARTESIAN_POINT('',(-11.,11.,54.));
#4997 = VECTOR('',#4998,1.);
#4998 = DIRECTION('',(0.,0.,-1.));
#4999 = PCURVE('',#3855,#5000);
#5000 = DEFINITIONAL_REPRESENTATION('',(#5001),#5005);
#5001 = LINE('',#5002,#5003);
#5002 = CARTESIAN_POINT('',(0.,-30.0000002));
#5003 = VECTOR('',#5004,1.);
#5004 = DIRECTION('',(0.,1.));
#5005 = ( GEOMETRIC_REPRESENTATION_CONTEXT(2) 
PARAMETRIC_REPRESENTATION_CONTEXT() REPRESENTATION_CONTEXT('2D SPACE',''
  ) );
#5006 = PCURVE('',#3887,#5007);
#5007 = DEFINITIONAL_REPRESENTATION('',(#5008),#5012);
#5008 = LINE('',#5009,#5010);
#5009 = CARTESIAN_POINT('',(22.,-30.0000002));
#5010 = VECTOR('',#5011,1.);
#5011 = DIRECTION('',(0.,1.));
#5012 = ( GEOMETRIC_REPRESENTATION_CONTEXT(2) 
PARAMETRIC_REPRESENTATION_CONTEXT() REPRESENTATION_CONTEXT('2D SPACE',''
  ) );
#5013 = ORIENTED_EDGE('',*,*,#5014,.T.);
#5014 = EDGE_CURVE('',#4992,#4942,#5015,.T.);
#5015 = SURFACE_CURVE('',#5016,(#5020,#5027),.PCURVE_S1.);
#5016 = LINE('',#5017,#5018);
#5017 = CARTESIAN_POINT('',(-11.,11.,54.));
#5018 = VECTOR('',#5019,1.);
#5019 = DIRECTION('',(0.,-1.,0.));
#5020 = PCURVE('',#3855,#5021);
#5021 = DEFINITIONAL_REPRESENTATION('',(#5022),#5026);
#5022 = LINE('',#5023,#5024);
#5023 = CARTESIAN_POINT('',(0.,-30.0000002));
#5024 = VECTOR('',#5025,1.);
#5025 = DIRECTION('',(1.,0.));
#5026 = ( GEOMETRIC_REPRESENTATION_CONTEXT(2) 
PARAMETRIC_REPRESENTATION_CONTEXT() REPRESENTATION_CONTEXT('2D SPACE',''
  ) );
#5027 = PCURVE('',#4844,#5028);
#5028 = DEFINITIONAL_REPRESENTATION('',(#5029),#5033);
#5029 = LINE('',#5030,#5031);
#5030 = CARTESIAN_POINT('',(-11.,11.));
#5031 = VECTOR('',#5032,1.);
#5032 = DIRECTION('',(0.,-1.));
#5033 = ( GEOMETRIC_REPRESENTATION_CONTEXT(2) 
PARAMETRIC_REPRESENTATION_CONTEXT() REPRESENTATION_CONTEXT('2D SPACE',''
  ) );
#5034 = FACE_BOUND('',#5035,.T.);
#5035 = EDGE_LOOP('',(#5036));
#5036 = ORIENTED_EDGE('',*,*,#5037,.T.);
#5037 = EDGE_CURVE('',#5038,#5038,#5040,.T.);
#5038 = VERTEX_POINT('',#5039);
#5039 = CARTESIAN_POINT('',(-11.,2.2,39.));
#5040 = SURFACE_CURVE('',#5041,(#5046,#5057),.PCURVE_S1.);
#5041 = CIRCLE('',#5042,2.2);
#5042 = AXIS2_PLACEMENT_3D('',#5043,#5044,#5045);
#5043 = CARTESIAN_POINT('',(-11.,0.,39.));
#5044 = DIRECTION('',(-1.,0.,0.));
#5045 = DIRECTION('',(0.,1.,0.));
#5046 = PCURVE('',#3855,#5047);
#5047 = DEFINITIONAL_REPRESENTATION('',(#5048),#5056);
#5048 = ( BOUNDED_CURVE() B_SPLINE_CURVE(2,(#5049,#5050,#5051,#5052,
#5053,#5054,#5055),.UNSPECIFIED.,.T.,.F.) B_SPLINE_CURVE_WITH_KNOTS((1,2
    ,2,2,2,1),(-2.094395102393,0.,2.094395102393,4.188790204786,
6.28318530718,8.377580409573),.UNSPECIFIED.) CURVE() 
GEOMETRIC_REPRESENTATION_ITEM() RATIONAL_B_SPLINE_CURVE((1.,0.5,1.,0.5,
1.,0.5,1.)) REPRESENTATION_ITEM('') );
#5049 = CARTESIAN_POINT('',(8.8,-15.0000002));
#5050 = CARTESIAN_POINT('',(8.8,-11.18948842334));
#5051 = CARTESIAN_POINT('',(12.1,-13.09474431167));
#5052 = CARTESIAN_POINT('',(15.4,-15.0000002));
#5053 = CARTESIAN_POINT('',(12.1,-16.90525608832));
#5054 = CARTESIAN_POINT('',(8.8,-18.81051197665));
#5055 = CARTESIAN_POINT('',(8.8,-15.0000002));
#5056 = ( GEOMETRIC_REPRESENTATION_CONTEXT(2) 
PARAMETRIC_REPRESENTATION_CONTEXT() REPRESENTATION_CONTEXT('2D SPACE',''
  ) );
#5057 = PCURVE('',#5058,#5063);
#5058 = CYLINDRICAL_SURFACE('',#5059,2.2);
#5059 = AXIS2_PLACEMENT_3D('',#5060,#5061,#5062);
#5060 = CARTESIAN_POINT('',(-40.,0.,39.));
#5061 = DIRECTION('',(-1.,-0.,-0.));
#5062 = DIRECTION('',(0.,1.,0.));
#5063 = DEFINITIONAL_REPRESENTATION('',(#5064),#5068);
#5064 = LINE('',#5065,#5066);
#5065 = CARTESIAN_POINT('',(-6.28318530718,-29.));
#5066 = VECTOR('',#5067,1.);
#5067 = DIRECTION('',(1.,-0.));
#5068 = ( GEOMETRIC_REPRESENTATION_CONTEXT(2) 
PARAMETRIC_REPRESENTATION_CONTEXT() REPRESENTATION_CONTEXT('2D SPACE',''
  ) );
#5069 = ADVANCED_FACE('',(#5070),#3887,.T.);
#5070 = FACE_BOUND('',#5071,.T.);
#5071 = EDGE_LOOP('',(#5072,#5073,#5074,#5075,#5076));
#5072 = ORIENTED_EDGE('',*,*,#4991,.T.);
#5073 = ORIENTED_EDGE('',*,*,#3871,.T.);
#5074 = ORIENTED_EDGE('',*,*,#3946,.T.);
#5075 = ORIENTED_EDGE('',*,*,#4856,.F.);
#5076 = ORIENTED_EDGE('',*,*,#5077,.T.);
#5077 = EDGE_CURVE('',#4829,#4992,#5078,.T.);
#5078 = SURFACE_CURVE('',#5079,(#5083,#5090),.PCURVE_S1.);
#5079 = LINE('',#5080,#5081);
#5080 = CARTESIAN_POINT('',(11.,11.,54.));
#5081 = VECTOR('',#5082,1.);
#5082 = DIRECTION('',(-1.,0.,0.));
#5083 = PCURVE('',#3887,#5084);
#5084 = DEFINITIONAL_REPRESENTATION('',(#5085),#5089);
#5085 = LINE('',#5086,#5087);
#5086 = CARTESIAN_POINT('',(0.,-30.0000002));
#5087 = VECTOR('',#5088,1.);
#5088 = DIRECTION('',(1.,0.));
#5089 = ( GEOMETRIC_REPRESENTATION_CONTEXT(2) 
PARAMETRIC_REPRESENTATION_CONTEXT() REPRESENTATION_CONTEXT('2D SPACE',''
  ) );
#5090 = PCURVE('',#4844,#5091);
#5091 = DEFINITIONAL_REPRESENTATION('',(#5092),#5096);
#5092 = LINE('',#5093,#5094);
#5093 = CARTESIAN_POINT('',(11.,11.));
#5094 = VECTOR('',#5095,1.);
#5095 = DIRECTION('',(-1.,0.));
#5096 = ( GEOMETRIC_REPRESENTATION_CONTEXT(2) 
PARAMETRIC_REPRESENTATION_CONTEXT() REPRESENTATION_CONTEXT('2D SPACE',''
  ) );
#5097 = ADVANCED_FACE('',(#5098),#4048,.F.);
#5098 = FACE_BOUND('',#5099,.T.);
#5099 = EDGE_LOOP('',(#5100,#5129,#5150,#5151));
#5100 = ORIENTED_EDGE('',*,*,#5101,.F.);
#5101 = EDGE_CURVE('',#5102,#5102,#5104,.T.);
#5102 = VERTEX_POINT('',#5103);
#5103 = CARTESIAN_POINT('',(-90.65,-22.,8.));
#5104 = SURFACE_CURVE('',#5105,(#5110,#5117),.PCURVE_S1.);
#5105 = CIRCLE('',#5106,1.25);
#5106 = AXIS2_PLACEMENT_3D('',#5107,#5108,#5109);
#5107 = CARTESIAN_POINT('',(-91.9,-22.,8.));
#5108 = DIRECTION('',(0.,0.,1.));
#5109 = DIRECTION('',(1.,0.,0.));
#5110 = PCURVE('',#4048,#5111);
#5111 = DEFINITIONAL_REPRESENTATION('',(#5112),#5116);
#5112 = LINE('',#5113,#5114);
#5113 = CARTESIAN_POINT('',(-0.,0.));
#5114 = VECTOR('',#5115,1.);
#5115 = DIRECTION('',(-1.,0.));
#5116 = ( GEOMETRIC_REPRESENTATION_CONTEXT(2) 
PARAMETRIC_REPRESENTATION_CONTEXT() REPRESENTATION_CONTEXT('2D SPACE',''
  ) );
#5117 = PCURVE('',#5118,#5123);
#5118 = PLANE('',#5119);
#5119 = AXIS2_PLACEMENT_3D('',#5120,#5121,#5122);
#5120 = CARTESIAN_POINT('',(-91.9,-22.,8.));
#5121 = DIRECTION('',(0.,0.,1.));
#5122 = DIRECTION('',(1.,0.,-0.));
#5123 = DEFINITIONAL_REPRESENTATION('',(#5124),#5128);
#5124 = CIRCLE('',#5125,1.25);
#5125 = AXIS2_PLACEMENT_2D('',#5126,#5127);
#5126 = CARTESIAN_POINT('',(0.,-3.552713678801E-15));
#5127 = DIRECTION('',(1.,0.));
#5128 = ( GEOMETRIC_REPRESENTATION_CONTEXT(2) 
PARAMETRIC_REPRESENTATION_CONTEXT() REPRESENTATION_CONTEXT('2D SPACE',''
  ) );
#5129 = ORIENTED_EDGE('',*,*,#5130,.T.);
#5130 = EDGE_CURVE('',#5102,#4028,#5131,.T.);
#5131 = SEAM_CURVE('',#5132,(#5136,#5143),.PCURVE_S1.);
#5132 = LINE('',#5133,#5134);
#5133 = CARTESIAN_POINT('',(-90.65,-22.,8.));
#5134 = VECTOR('',#5135,1.);
#5135 = DIRECTION('',(0.,0.,1.));
#5136 = PCURVE('',#4048,#5137);
#5137 = DEFINITIONAL_REPRESENTATION('',(#5138),#5142);
#5138 = LINE('',#5139,#5140);
#5139 = CARTESIAN_POINT('',(-6.28318530718,0.));
#5140 = VECTOR('',#5141,1.);
#5141 = DIRECTION('',(-0.,-1.));
#5142 = ( GEOMETRIC_REPRESENTATION_CONTEXT(2) 
PARAMETRIC_REPRESENTATION_CONTEXT() REPRESENTATION_CONTEXT('2D SPACE',''
  ) );
#5143 = PCURVE('',#4048,#5144);
#5144 = DEFINITIONAL_REPRESENTATION('',(#5145),#5149);
#5145 = LINE('',#5146,#5147);
#5146 = CARTESIAN_POINT('',(-0.,0.));
#5147 = VECTOR('',#5148,1.);
#5148 = DIRECTION('',(-0.,-1.));
#5149 = ( GEOMETRIC_REPRESENTATION_CONTEXT(2) 
PARAMETRIC_REPRESENTATION_CONTEXT() REPRESENTATION_CONTEXT('2D SPACE',''
  ) );
#5150 = ORIENTED_EDGE('',*,*,#4027,.F.);
#5151 = ORIENTED_EDGE('',*,*,#5130,.F.);
#5152 = ADVANCED_FACE('',(#5153),#4083,.F.);
#5153 = FACE_BOUND('',#5154,.T.);
#5154 = EDGE_LOOP('',(#5155,#5184,#5205,#5206));
#5155 = ORIENTED_EDGE('',*,*,#5156,.F.);
#5156 = EDGE_CURVE('',#5157,#5157,#5159,.T.);
#5157 = VERTEX_POINT('',#5158);
#5158 = CARTESIAN_POINT('',(-26.65,-22.,8.));
#5159 = SURFACE_CURVE('',#5160,(#5165,#5172),.PCURVE_S1.);
#5160 = CIRCLE('',#5161,1.25);
#5161 = AXIS2_PLACEMENT_3D('',#5162,#5163,#5164);
#5162 = CARTESIAN_POINT('',(-27.9,-22.,8.));
#5163 = DIRECTION('',(0.,0.,1.));
#5164 = DIRECTION('',(1.,0.,0.));
#5165 = PCURVE('',#4083,#5166);
#5166 = DEFINITIONAL_REPRESENTATION('',(#5167),#5171);
#5167 = LINE('',#5168,#5169);
#5168 = CARTESIAN_POINT('',(-0.,0.));
#5169 = VECTOR('',#5170,1.);
#5170 = DIRECTION('',(-1.,0.));
#5171 = ( GEOMETRIC_REPRESENTATION_CONTEXT(2) 
PARAMETRIC_REPRESENTATION_CONTEXT() REPRESENTATION_CONTEXT('2D SPACE',''
  ) );
#5172 = PCURVE('',#5173,#5178);
#5173 = PLANE('',#5174);
#5174 = AXIS2_PLACEMENT_3D('',#5175,#5176,#5177);
#5175 = CARTESIAN_POINT('',(-27.9,-22.,8.));
#5176 = DIRECTION('',(0.,0.,1.));
#5177 = DIRECTION('',(1.,0.,-0.));
#5178 = DEFINITIONAL_REPRESENTATION('',(#5179),#5183);
#5179 = CIRCLE('',#5180,1.25);
#5180 = AXIS2_PLACEMENT_2D('',#5181,#5182);
#5181 = CARTESIAN_POINT('',(0.,-3.552713678801E-15));
#5182 = DIRECTION('',(1.,0.));
#5183 = ( GEOMETRIC_REPRESENTATION_CONTEXT(2) 
PARAMETRIC_REPRESENTATION_CONTEXT() REPRESENTATION_CONTEXT('2D SPACE',''
  ) );
#5184 = ORIENTED_EDGE('',*,*,#5185,.T.);
#5185 = EDGE_CURVE('',#5157,#4063,#5186,.T.);
#5186 = SEAM_CURVE('',#5187,(#5191,#5198),.PCURVE_S1.);
#5187 = LINE('',#5188,#5189);
#5188 = CARTESIAN_POINT('',(-26.65,-22.,8.));
#5189 = VECTOR('',#5190,1.);
#5190 = DIRECTION('',(0.,0.,1.));
#5191 = PCURVE('',#4083,#5192);
#5192 = DEFINITIONAL_REPRESENTATION('',(#5193),#5197);
#5193 = LINE('',#5194,#5195);
#5194 = CARTESIAN_POINT('',(-6.28318530718,0.));
#5195 = VECTOR('',#5196,1.);
#5196 = DIRECTION('',(-0.,-1.));
#5197 = ( GEOMETRIC_REPRESENTATION_CONTEXT(2) 
PARAMETRIC_REPRESENTATION_CONTEXT() REPRESENTATION_CONTEXT('2D SPACE',''
  ) );
#5198 = PCURVE('',#4083,#5199);
#5199 = DEFINITIONAL_REPRESENTATION('',(#5200),#5204);
#5200 = LINE('',#5201,#5202);
#5201 = CARTESIAN_POINT('',(-0.,0.));
#5202 = VECTOR('',#5203,1.);
#5203 = DIRECTION('',(-0.,-1.));
#5204 = ( GEOMETRIC_REPRESENTATION_CONTEXT(2) 
PARAMETRIC_REPRESENTATION_CONTEXT() REPRESENTATION_CONTEXT('2D SPACE',''
  ) );
#5205 = ORIENTED_EDGE('',*,*,#4062,.F.);
#5206 = ORIENTED_EDGE('',*,*,#5185,.F.);
#5207 = ADVANCED_FACE('',(#5208),#4118,.F.);
#5208 = FACE_BOUND('',#5209,.T.);
#5209 = EDGE_LOOP('',(#5210,#5239,#5260,#5261));
#5210 = ORIENTED_EDGE('',*,*,#5211,.F.);
#5211 = EDGE_CURVE('',#5212,#5212,#5214,.T.);
#5212 = VERTEX_POINT('',#5213);
#5213 = CARTESIAN_POINT('',(-90.65,22.,8.));
#5214 = SURFACE_CURVE('',#5215,(#5220,#5227),.PCURVE_S1.);
#5215 = CIRCLE('',#5216,1.25);
#5216 = AXIS2_PLACEMENT_3D('',#5217,#5218,#5219);
#5217 = CARTESIAN_POINT('',(-91.9,22.,8.));
#5218 = DIRECTION('',(0.,0.,1.));
#5219 = DIRECTION('',(1.,0.,0.));
#5220 = PCURVE('',#4118,#5221);
#5221 = DEFINITIONAL_REPRESENTATION('',(#5222),#5226);
#5222 = LINE('',#5223,#5224);
#5223 = CARTESIAN_POINT('',(-0.,0.));
#5224 = VECTOR('',#5225,1.);
#5225 = DIRECTION('',(-1.,0.));
#5226 = ( GEOMETRIC_REPRESENTATION_CONTEXT(2) 
PARAMETRIC_REPRESENTATION_CONTEXT() REPRESENTATION_CONTEXT('2D SPACE',''
  ) );
#5227 = PCURVE('',#5228,#5233);
#5228 = PLANE('',#5229);
#5229 = AXIS2_PLACEMENT_3D('',#5230,#5231,#5232);
#5230 = CARTESIAN_POINT('',(-91.9,22.,8.));
#5231 = DIRECTION('',(0.,0.,1.));
#5232 = DIRECTION('',(1.,0.,-0.));
#5233 = DEFINITIONAL_REPRESENTATION('',(#5234),#5238);
#5234 = CIRCLE('',#5235,1.25);
#5235 = AXIS2_PLACEMENT_2D('',#5236,#5237);
#5236 = CARTESIAN_POINT('',(0.,3.552713678801E-15));
#5237 = DIRECTION('',(1.,0.));
#5238 = ( GEOMETRIC_REPRESENTATION_CONTEXT(2) 
PARAMETRIC_REPRESENTATION_CONTEXT() REPRESENTATION_CONTEXT('2D SPACE',''
  ) );
#5239 = ORIENTED_EDGE('',*,*,#5240,.T.);
#5240 = EDGE_CURVE('',#5212,#4098,#5241,.T.);
#5241 = SEAM_CURVE('',#5242,(#5246,#5253),.PCURVE_S1.);
#5242 = LINE('',#5243,#5244);
#5243 = CARTESIAN_POINT('',(-90.65,22.,8.));
#5244 = VECTOR('',#5245,1.);
#5245 = DIRECTION('',(0.,0.,1.));
#5246 = PCURVE('',#4118,#5247);
#5247 = DEFINITIONAL_REPRESENTATION('',(#5248),#5252);
#5248 = LINE('',#5249,#5250);
#5249 = CARTESIAN_POINT('',(-6.28318530718,0.));
#5250 = VECTOR('',#5251,1.);
#5251 = DIRECTION('',(-0.,-1.));
#5252 = ( GEOMETRIC_REPRESENTATION_CONTEXT(2) 
PARAMETRIC_REPRESENTATION_CONTEXT() REPRESENTATION_CONTEXT('2D SPACE',''
  ) );
#5253 = PCURVE('',#4118,#5254);
#5254 = DEFINITIONAL_REPRESENTATION('',(#5255),#5259);
#5255 = LINE('',#5256,#5257);
#5256 = CARTESIAN_POINT('',(-0.,0.));
#5257 = VECTOR('',#5258,1.);
#5258 = DIRECTION('',(-0.,-1.));
#5259 = ( GEOMETRIC_REPRESENTATION_CONTEXT(2) 
PARAMETRIC_REPRESENTATION_CONTEXT() REPRESENTATION_CONTEXT('2D SPACE',''
  ) );
#5260 = ORIENTED_EDGE('',*,*,#4097,.F.);
#5261 = ORIENTED_EDGE('',*,*,#5240,.F.);
#5262 = ADVANCED_FACE('',(#5263),#4239,.F.);
#5263 = FACE_BOUND('',#5264,.T.);
#5264 = EDGE_LOOP('',(#5265,#5294,#5315,#5316));
#5265 = ORIENTED_EDGE('',*,*,#5266,.F.);
#5266 = EDGE_CURVE('',#5267,#5267,#5269,.T.);
#5267 = VERTEX_POINT('',#5268);
#5268 = CARTESIAN_POINT('',(-26.65,22.,8.));
#5269 = SURFACE_CURVE('',#5270,(#5275,#5282),.PCURVE_S1.);
#5270 = CIRCLE('',#5271,1.25);
#5271 = AXIS2_PLACEMENT_3D('',#5272,#5273,#5274);
#5272 = CARTESIAN_POINT('',(-27.9,22.,8.));
#5273 = DIRECTION('',(0.,0.,1.));
#5274 = DIRECTION('',(1.,0.,0.));
#5275 = PCURVE('',#4239,#5276);
#5276 = DEFINITIONAL_REPRESENTATION('',(#5277),#5281);
#5277 = LINE('',#5278,#5279);
#5278 = CARTESIAN_POINT('',(-0.,0.));
#5279 = VECTOR('',#5280,1.);
#5280 = DIRECTION('',(-1.,0.));
#5281 = ( GEOMETRIC_REPRESENTATION_CONTEXT(2) 
PARAMETRIC_REPRESENTATION_CONTEXT() REPRESENTATION_CONTEXT('2D SPACE',''
  ) );
#5282 = PCURVE('',#5283,#5288);
#5283 = PLANE('',#5284);
#5284 = AXIS2_PLACEMENT_3D('',#5285,#5286,#5287);
#5285 = CARTESIAN_POINT('',(-27.9,22.,8.));
#5286 = DIRECTION('',(0.,0.,1.));
#5287 = DIRECTION('',(1.,0.,-0.));
#5288 = DEFINITIONAL_REPRESENTATION('',(#5289),#5293);
#5289 = CIRCLE('',#5290,1.25);
#5290 = AXIS2_PLACEMENT_2D('',#5291,#5292);
#5291 = CARTESIAN_POINT('',(0.,3.552713678801E-15));
#5292 = DIRECTION('',(1.,0.));
#5293 = ( GEOMETRIC_REPRESENTATION_CONTEXT(2) 
PARAMETRIC_REPRESENTATION_CONTEXT() REPRESENTATION_CONTEXT('2D SPACE',''
  ) );
#5294 = ORIENTED_EDGE('',*,*,#5295,.T.);
#5295 = EDGE_CURVE('',#5267,#4219,#5296,.T.);
#5296 = SEAM_CURVE('',#5297,(#5301,#5308),.PCURVE_S1.);
#5297 = LINE('',#5298,#5299);
#5298 = CARTESIAN_POINT('',(-26.65,22.,8.));
#5299 = VECTOR('',#5300,1.);
#5300 = DIRECTION('',(0.,0.,1.));
#5301 = PCURVE('',#4239,#5302);
#5302 = DEFINITIONAL_REPRESENTATION('',(#5303),#5307);
#5303 = LINE('',#5304,#5305);
#5304 = CARTESIAN_POINT('',(-6.28318530718,0.));
#5305 = VECTOR('',#5306,1.);
#5306 = DIRECTION('',(-0.,-1.));
#5307 = ( GEOMETRIC_REPRESENTATION_CONTEXT(2) 
PARAMETRIC_REPRESENTATION_CONTEXT() REPRESENTATION_CONTEXT('2D SPACE',''
  ) );
#5308 = PCURVE('',#4239,#5309);
#5309 = DEFINITIONAL_REPRESENTATION('',(#5310),#5314);
#5310 = LINE('',#5311,#5312);
#5311 = CARTESIAN_POINT('',(-0.,0.));
#5312 = VECTOR('',#5313,1.);
#5313 = DIRECTION('',(-0.,-1.));
#5314 = ( GEOMETRIC_REPRESENTATION_CONTEXT(2) 
PARAMETRIC_REPRESENTATION_CONTEXT() REPRESENTATION_CONTEXT('2D SPACE',''
  ) );
#5315 = ORIENTED_EDGE('',*,*,#4218,.F.);
#5316 = ORIENTED_EDGE('',*,*,#5295,.F.);
#5317 = ADVANCED_FACE('',(#5318),#4277,.T.);
#5318 = FACE_BOUND('',#5319,.T.);
#5319 = EDGE_LOOP('',(#5320,#5349,#5370,#5371));
#5320 = ORIENTED_EDGE('',*,*,#5321,.T.);
#5321 = EDGE_CURVE('',#5322,#5324,#5326,.T.);
#5322 = VERTEX_POINT('',#5323);
#5323 = CARTESIAN_POINT('',(20.4,20.4,20.));
#5324 = VERTEX_POINT('',#5325);
#5325 = CARTESIAN_POINT('',(20.4,-20.4,20.));
#5326 = SURFACE_CURVE('',#5327,(#5331,#5337),.PCURVE_S1.);
#5327 = LINE('',#5328,#5329);
#5328 = CARTESIAN_POINT('',(20.4,-10.2,20.));
#5329 = VECTOR('',#5330,1.);
#5330 = DIRECTION('',(0.,-1.,0.));
#5331 = PCURVE('',#4277,#5332);
#5332 = DEFINITIONAL_REPRESENTATION('',(#5333),#5336);
#5333 = B_SPLINE_CURVE_WITH_KNOTS('',1,(#5334,#5335),.UNSPECIFIED.,.F.,
  .F.,(2,2),(-30.6,10.2),.PIECEWISE_BEZIER_KNOTS.);
#5334 = CARTESIAN_POINT('',(40.8,-30.8000002));
#5335 = CARTESIAN_POINT('',(0.,-30.8000002));
#5336 = ( GEOMETRIC_REPRESENTATION_CONTEXT(2) 
PARAMETRIC_REPRESENTATION_CONTEXT() REPRESENTATION_CONTEXT('2D SPACE',''
  ) );
#5337 = PCURVE('',#5338,#5343);
#5338 = PLANE('',#5339);
#5339 = AXIS2_PLACEMENT_3D('',#5340,#5341,#5342);
#5340 = CARTESIAN_POINT('',(0.,0.,20.));
#5341 = DIRECTION('',(0.,0.,1.));
#5342 = DIRECTION('',(1.,0.,-0.));
#5343 = DEFINITIONAL_REPRESENTATION('',(#5344),#5348);
#5344 = LINE('',#5345,#5346);
#5345 = CARTESIAN_POINT('',(20.4,-10.2));
#5346 = VECTOR('',#5347,1.);
#5347 = DIRECTION('',(0.,-1.));
#5348 = ( GEOMETRIC_REPRESENTATION_CONTEXT(2) 
PARAMETRIC_REPRESENTATION_CONTEXT() REPRESENTATION_CONTEXT('2D SPACE',''
  ) );
#5349 = ORIENTED_EDGE('',*,*,#5350,.T.);
#5350 = EDGE_CURVE('',#5324,#4263,#5351,.T.);
#5351 = SURFACE_CURVE('',#5352,(#5356,#5363),.PCURVE_S1.);
#5352 = LINE('',#5353,#5354);
#5353 = CARTESIAN_POINT('',(20.4,-20.4,-10.8000002));
#5354 = VECTOR('',#5355,1.);
#5355 = DIRECTION('',(0.,0.,1.));
#5356 = PCURVE('',#4277,#5357);
#5357 = DEFINITIONAL_REPRESENTATION('',(#5358),#5362);
#5358 = LINE('',#5359,#5360);
#5359 = CARTESIAN_POINT('',(0.,0.));
#5360 = VECTOR('',#5361,1.);
#5361 = DIRECTION('',(0.,-1.));
#5362 = ( GEOMETRIC_REPRESENTATION_CONTEXT(2) 
PARAMETRIC_REPRESENTATION_CONTEXT() REPRESENTATION_CONTEXT('2D SPACE',''
  ) );
#5363 = PCURVE('',#4303,#5364);
#5364 = DEFINITIONAL_REPRESENTATION('',(#5365),#5369);
#5365 = LINE('',#5366,#5367);
#5366 = CARTESIAN_POINT('',(40.8,0.));
#5367 = VECTOR('',#5368,1.);
#5368 = DIRECTION('',(0.,-1.));
#5369 = ( GEOMETRIC_REPRESENTATION_CONTEXT(2) 
PARAMETRIC_REPRESENTATION_CONTEXT() REPRESENTATION_CONTEXT('2D SPACE',''
  ) );
#5370 = ORIENTED_EDGE('',*,*,#4260,.F.);
#5371 = ORIENTED_EDGE('',*,*,#5372,.F.);
#5372 = EDGE_CURVE('',#5322,#4261,#5373,.T.);
#5373 = SURFACE_CURVE('',#5374,(#5378,#5385),.PCURVE_S1.);
#5374 = LINE('',#5375,#5376);
#5375 = CARTESIAN_POINT('',(20.4,20.4,-10.8000002));
#5376 = VECTOR('',#5377,1.);
#5377 = DIRECTION('',(0.,0.,1.));
#5378 = PCURVE('',#4277,#5379);
#5379 = DEFINITIONAL_REPRESENTATION('',(#5380),#5384);
#5380 = LINE('',#5381,#5382);
#5381 = CARTESIAN_POINT('',(40.8,0.));
#5382 = VECTOR('',#5383,1.);
#5383 = DIRECTION('',(0.,-1.));
#5384 = ( GEOMETRIC_REPRESENTATION_CONTEXT(2) 
PARAMETRIC_REPRESENTATION_CONTEXT() REPRESENTATION_CONTEXT('2D SPACE',''
  ) );
#5385 = PCURVE('',#4353,#5386);
#5386 = DEFINITIONAL_REPRESENTATION('',(#5387),#5391);
#5387 = LINE('',#5388,#5389);
#5388 = CARTESIAN_POINT('',(0.,-0.));
#5389 = VECTOR('',#5390,1.);
#5390 = DIRECTION('',(0.,-1.));
#5391 = ( GEOMETRIC_REPRESENTATION_CONTEXT(2) 
PARAMETRIC_REPRESENTATION_CONTEXT() REPRESENTATION_CONTEXT('2D SPACE',''
  ) );
#5392 = ADVANCED_FACE('',(#5393),#4353,.T.);
#5393 = FACE_BOUND('',#5394,.T.);
#5394 = EDGE_LOOP('',(#5395,#5417,#5418,#5419));
#5395 = ORIENTED_EDGE('',*,*,#5396,.T.);
#5396 = EDGE_CURVE('',#5397,#5322,#5399,.T.);
#5397 = VERTEX_POINT('',#5398);
#5398 = CARTESIAN_POINT('',(-20.4,20.4,20.));
#5399 = SURFACE_CURVE('',#5400,(#5404,#5410),.PCURVE_S1.);
#5400 = LINE('',#5401,#5402);
#5401 = CARTESIAN_POINT('',(10.2,20.4,20.));
#5402 = VECTOR('',#5403,1.);
#5403 = DIRECTION('',(1.,0.,-0.));
#5404 = PCURVE('',#4353,#5405);
#5405 = DEFINITIONAL_REPRESENTATION('',(#5406),#5409);
#5406 = B_SPLINE_CURVE_WITH_KNOTS('',1,(#5407,#5408),.UNSPECIFIED.,.F.,
  .F.,(2,2),(-30.6,10.2),.PIECEWISE_BEZIER_KNOTS.);
#5407 = CARTESIAN_POINT('',(40.8,-30.8000002));
#5408 = CARTESIAN_POINT('',(0.,-30.8000002));
#5409 = ( GEOMETRIC_REPRESENTATION_CONTEXT(2) 
PARAMETRIC_REPRESENTATION_CONTEXT() REPRESENTATION_CONTEXT('2D SPACE',''
  ) );
#5410 = PCURVE('',#5338,#5411);
#5411 = DEFINITIONAL_REPRESENTATION('',(#5412),#5416);
#5412 = LINE('',#5413,#5414);
#5413 = CARTESIAN_POINT('',(10.2,20.4));
#5414 = VECTOR('',#5415,1.);
#5415 = DIRECTION('',(1.,0.));
#5416 = ( GEOMETRIC_REPRESENTATION_CONTEXT(2) 
PARAMETRIC_REPRESENTATION_CONTEXT() REPRESENTATION_CONTEXT('2D SPACE',''
  ) );
#5417 = ORIENTED_EDGE('',*,*,#5372,.T.);
#5418 = ORIENTED_EDGE('',*,*,#4340,.F.);
#5419 = ORIENTED_EDGE('',*,*,#5420,.F.);
#5420 = EDGE_CURVE('',#5397,#4315,#5421,.T.);
#5421 = SURFACE_CURVE('',#5422,(#5426,#5433),.PCURVE_S1.);
#5422 = LINE('',#5423,#5424);
#5423 = CARTESIAN_POINT('',(-20.4,20.4,-10.8000002));
#5424 = VECTOR('',#5425,1.);
#5425 = DIRECTION('',(0.,0.,1.));
#5426 = PCURVE('',#4353,#5427);
#5427 = DEFINITIONAL_REPRESENTATION('',(#5428),#5432);
#5428 = LINE('',#5429,#5430);
#5429 = CARTESIAN_POINT('',(40.8,0.));
#5430 = VECTOR('',#5431,1.);
#5431 = DIRECTION('',(0.,-1.));
#5432 = ( GEOMETRIC_REPRESENTATION_CONTEXT(2) 
PARAMETRIC_REPRESENTATION_CONTEXT() REPRESENTATION_CONTEXT('2D SPACE',''
  ) );
#5433 = PCURVE('',#4329,#5434);
#5434 = DEFINITIONAL_REPRESENTATION('',(#5435),#5439);
#5435 = LINE('',#5436,#5437);
#5436 = CARTESIAN_POINT('',(0.,0.));
#5437 = VECTOR('',#5438,1.);
#5438 = DIRECTION('',(0.,-1.));
#5439 = ( GEOMETRIC_REPRESENTATION_CONTEXT(2) 
PARAMETRIC_REPRESENTATION_CONTEXT() REPRESENTATION_CONTEXT('2D SPACE',''
  ) );
#5440 = ADVANCED_FACE('',(#5441),#4303,.T.);
#5441 = FACE_BOUND('',#5442,.T.);
#5442 = EDGE_LOOP('',(#5443,#5465,#5486,#5487));
#5443 = ORIENTED_EDGE('',*,*,#5444,.T.);
#5444 = EDGE_CURVE('',#5324,#5445,#5447,.T.);
#5445 = VERTEX_POINT('',#5446);
#5446 = CARTESIAN_POINT('',(-20.4,-20.4,20.));
#5447 = SURFACE_CURVE('',#5448,(#5452,#5458),.PCURVE_S1.);
#5448 = LINE('',#5449,#5450);
#5449 = CARTESIAN_POINT('',(-10.2,-20.4,20.));
#5450 = VECTOR('',#5451,1.);
#5451 = DIRECTION('',(-1.,0.,0.));
#5452 = PCURVE('',#4303,#5453);
#5453 = DEFINITIONAL_REPRESENTATION('',(#5454),#5457);
#5454 = B_SPLINE_CURVE_WITH_KNOTS('',1,(#5455,#5456),.UNSPECIFIED.,.F.,
  .F.,(2,2),(-30.6,10.2),.PIECEWISE_BEZIER_KNOTS.);
#5455 = CARTESIAN_POINT('',(40.8,-30.8000002));
#5456 = CARTESIAN_POINT('',(0.,-30.8000002));
#5457 = ( GEOMETRIC_REPRESENTATION_CONTEXT(2) 
PARAMETRIC_REPRESENTATION_CONTEXT() REPRESENTATION_CONTEXT('2D SPACE',''
  ) );
#5458 = PCURVE('',#5338,#5459);
#5459 = DEFINITIONAL_REPRESENTATION('',(#5460),#5464);
#5460 = LINE('',#5461,#5462);
#5461 = CARTESIAN_POINT('',(-10.2,-20.4));
#5462 = VECTOR('',#5463,1.);
#5463 = DIRECTION('',(-1.,0.));
#5464 = ( GEOMETRIC_REPRESENTATION_CONTEXT(2) 
PARAMETRIC_REPRESENTATION_CONTEXT() REPRESENTATION_CONTEXT('2D SPACE',''
  ) );
#5465 = ORIENTED_EDGE('',*,*,#5466,.T.);
#5466 = EDGE_CURVE('',#5445,#4289,#5467,.T.);
#5467 = SURFACE_CURVE('',#5468,(#5472,#5479),.PCURVE_S1.);
#5468 = LINE('',#5469,#5470);
#5469 = CARTESIAN_POINT('',(-20.4,-20.4,-10.8000002));
#5470 = VECTOR('',#5471,1.);
#5471 = DIRECTION('',(0.,0.,1.));
#5472 = PCURVE('',#4303,#5473);
#5473 = DEFINITIONAL_REPRESENTATION('',(#5474),#5478);
#5474 = LINE('',#5475,#5476);
#5475 = CARTESIAN_POINT('',(0.,0.));
#5476 = VECTOR('',#5477,1.);
#5477 = DIRECTION('',(0.,-1.));
#5478 = ( GEOMETRIC_REPRESENTATION_CONTEXT(2) 
PARAMETRIC_REPRESENTATION_CONTEXT() REPRESENTATION_CONTEXT('2D SPACE',''
  ) );
#5479 = PCURVE('',#4329,#5480);
#5480 = DEFINITIONAL_REPRESENTATION('',(#5481),#5485);
#5481 = LINE('',#5482,#5483);
#5482 = CARTESIAN_POINT('',(40.8,0.));
#5483 = VECTOR('',#5484,1.);
#5484 = DIRECTION('',(0.,-1.));
#5485 = ( GEOMETRIC_REPRESENTATION_CONTEXT(2) 
PARAMETRIC_REPRESENTATION_CONTEXT() REPRESENTATION_CONTEXT('2D SPACE',''
  ) );
#5486 = ORIENTED_EDGE('',*,*,#4288,.F.);
#5487 = ORIENTED_EDGE('',*,*,#5350,.F.);
#5488 = ADVANCED_FACE('',(#5489),#4329,.T.);
#5489 = FACE_BOUND('',#5490,.T.);
#5490 = EDGE_LOOP('',(#5491,#5511,#5512,#5513));
#5491 = ORIENTED_EDGE('',*,*,#5492,.T.);
#5492 = EDGE_CURVE('',#5445,#5397,#5493,.T.);
#5493 = SURFACE_CURVE('',#5494,(#5498,#5504),.PCURVE_S1.);
#5494 = LINE('',#5495,#5496);
#5495 = CARTESIAN_POINT('',(-20.4,10.2,20.));
#5496 = VECTOR('',#5497,1.);
#5497 = DIRECTION('',(0.,1.,0.));
#5498 = PCURVE('',#4329,#5499);
#5499 = DEFINITIONAL_REPRESENTATION('',(#5500),#5503);
#5500 = B_SPLINE_CURVE_WITH_KNOTS('',1,(#5501,#5502),.UNSPECIFIED.,.F.,
  .F.,(2,2),(-30.6,10.2),.PIECEWISE_BEZIER_KNOTS.);
#5501 = CARTESIAN_POINT('',(40.8,-30.8000002));
#5502 = CARTESIAN_POINT('',(0.,-30.8000002));
#5503 = ( GEOMETRIC_REPRESENTATION_CONTEXT(2) 
PARAMETRIC_REPRESENTATION_CONTEXT() REPRESENTATION_CONTEXT('2D SPACE',''
  ) );
#5504 = PCURVE('',#5338,#5505);
#5505 = DEFINITIONAL_REPRESENTATION('',(#5506),#5510);
#5506 = LINE('',#5507,#5508);
#5507 = CARTESIAN_POINT('',(-20.4,10.2));
#5508 = VECTOR('',#5509,1.);
#5509 = DIRECTION('',(0.,1.));
#5510 = ( GEOMETRIC_REPRESENTATION_CONTEXT(2) 
PARAMETRIC_REPRESENTATION_CONTEXT() REPRESENTATION_CONTEXT('2D SPACE',''
  ) );
#5511 = ORIENTED_EDGE('',*,*,#5420,.T.);
#5512 = ORIENTED_EDGE('',*,*,#4314,.F.);
#5513 = ORIENTED_EDGE('',*,*,#5466,.F.);
#5514 = ADVANCED_FACE('',(#5515),#4496,.F.);
#5515 = FACE_BOUND('',#5516,.F.);
#5516 = EDGE_LOOP('',(#5517,#5518,#5519,#5520,#5521,#5522,#5523));
#5517 = ORIENTED_EDGE('',*,*,#4478,.T.);
#5518 = ORIENTED_EDGE('',*,*,#4554,.T.);
#5519 = ORIENTED_EDGE('',*,*,#4652,.T.);
#5520 = ORIENTED_EDGE('',*,*,#4750,.T.);
#5521 = ORIENTED_EDGE('',*,*,#4799,.T.);
#5522 = ORIENTED_EDGE('',*,*,#4701,.T.);
#5523 = ORIENTED_EDGE('',*,*,#4603,.T.);
#5524 = ADVANCED_FACE('',(#5525,#5639),#4844,.T.);
#5525 = FACE_BOUND('',#5526,.T.);
#5526 = EDGE_LOOP('',(#5527,#5557,#5585,#5613));
#5527 = ORIENTED_EDGE('',*,*,#5528,.T.);
#5528 = EDGE_CURVE('',#5529,#5531,#5533,.T.);
#5529 = VERTEX_POINT('',#5530);
#5530 = CARTESIAN_POINT('',(-14.6,-14.6,54.));
#5531 = VERTEX_POINT('',#5532);
#5532 = CARTESIAN_POINT('',(14.6,-14.6,54.));
#5533 = SURFACE_CURVE('',#5534,(#5538,#5545),.PCURVE_S1.);
#5534 = LINE('',#5535,#5536);
#5535 = CARTESIAN_POINT('',(-14.6,-14.6,54.));
#5536 = VECTOR('',#5537,1.);
#5537 = DIRECTION('',(1.,0.,0.));
#5538 = PCURVE('',#4844,#5539);
#5539 = DEFINITIONAL_REPRESENTATION('',(#5540),#5544);
#5540 = LINE('',#5541,#5542);
#5541 = CARTESIAN_POINT('',(-14.6,-14.6));
#5542 = VECTOR('',#5543,1.);
#5543 = DIRECTION('',(1.,0.));
#5544 = ( GEOMETRIC_REPRESENTATION_CONTEXT(2) 
PARAMETRIC_REPRESENTATION_CONTEXT() REPRESENTATION_CONTEXT('2D SPACE',''
  ) );
#5545 = PCURVE('',#5546,#5551);
#5546 = PLANE('',#5547);
#5547 = AXIS2_PLACEMENT_3D('',#5548,#5549,#5550);
#5548 = CARTESIAN_POINT('',(-14.6,-14.6,24.));
#5549 = DIRECTION('',(0.,1.,0.));
#5550 = DIRECTION('',(1.,0.,0.));
#5551 = DEFINITIONAL_REPRESENTATION('',(#5552),#5556);
#5552 = LINE('',#5553,#5554);
#5553 = CARTESIAN_POINT('',(0.,-30.));
#5554 = VECTOR('',#5555,1.);
#5555 = DIRECTION('',(1.,0.));
#5556 = ( GEOMETRIC_REPRESENTATION_CONTEXT(2) 
PARAMETRIC_REPRESENTATION_CONTEXT() REPRESENTATION_CONTEXT('2D SPACE',''
  ) );
#5557 = ORIENTED_EDGE('',*,*,#5558,.T.);
#5558 = EDGE_CURVE('',#5531,#5559,#5561,.T.);
#5559 = VERTEX_POINT('',#5560);
#5560 = CARTESIAN_POINT('',(14.6,14.6,54.));
#5561 = SURFACE_CURVE('',#5562,(#5566,#5573),.PCURVE_S1.);
#5562 = LINE('',#5563,#5564);
#5563 = CARTESIAN_POINT('',(14.6,-14.6,54.));
#5564 = VECTOR('',#5565,1.);
#5565 = DIRECTION('',(0.,1.,0.));
#5566 = PCURVE('',#4844,#5567);
#5567 = DEFINITIONAL_REPRESENTATION('',(#5568),#5572);
#5568 = LINE('',#5569,#5570);
#5569 = CARTESIAN_POINT('',(14.6,-14.6));
#5570 = VECTOR('',#5571,1.);
#5571 = DIRECTION('',(0.,1.));
#5572 = ( GEOMETRIC_REPRESENTATION_CONTEXT(2) 
PARAMETRIC_REPRESENTATION_CONTEXT() REPRESENTATION_CONTEXT('2D SPACE',''
  ) );
#5573 = PCURVE('',#5574,#5579);
#5574 = PLANE('',#5575);
#5575 = AXIS2_PLACEMENT_3D('',#5576,#5577,#5578);
#5576 = CARTESIAN_POINT('',(14.6,-14.6,24.));
#5577 = DIRECTION('',(-1.,0.,0.));
#5578 = DIRECTION('',(0.,1.,0.));
#5579 = DEFINITIONAL_REPRESENTATION('',(#5580),#5584);
#5580 = LINE('',#5581,#5582);
#5581 = CARTESIAN_POINT('',(0.,-30.));
#5582 = VECTOR('',#5583,1.);
#5583 = DIRECTION('',(1.,0.));
#5584 = ( GEOMETRIC_REPRESENTATION_CONTEXT(2) 
PARAMETRIC_REPRESENTATION_CONTEXT() REPRESENTATION_CONTEXT('2D SPACE',''
  ) );
#5585 = ORIENTED_EDGE('',*,*,#5586,.T.);
#5586 = EDGE_CURVE('',#5559,#5587,#5589,.T.);
#5587 = VERTEX_POINT('',#5588);
#5588 = CARTESIAN_POINT('',(-14.6,14.6,54.));
#5589 = SURFACE_CURVE('',#5590,(#5594,#5601),.PCURVE_S1.);
#5590 = LINE('',#5591,#5592);
#5591 = CARTESIAN_POINT('',(14.6,14.6,54.));
#5592 = VECTOR('',#5593,1.);
#5593 = DIRECTION('',(-1.,0.,0.));
#5594 = PCURVE('',#4844,#5595);
#5595 = DEFINITIONAL_REPRESENTATION('',(#5596),#5600);
#5596 = LINE('',#5597,#5598);
#5597 = CARTESIAN_POINT('',(14.6,14.6));
#5598 = VECTOR('',#5599,1.);
#5599 = DIRECTION('',(-1.,0.));
#5600 = ( GEOMETRIC_REPRESENTATION_CONTEXT(2) 
PARAMETRIC_REPRESENTATION_CONTEXT() REPRESENTATION_CONTEXT('2D SPACE',''
  ) );
#5601 = PCURVE('',#5602,#5607);
#5602 = PLANE('',#5603);
#5603 = AXIS2_PLACEMENT_3D('',#5604,#5605,#5606);
#5604 = CARTESIAN_POINT('',(14.6,14.6,24.));
#5605 = DIRECTION('',(0.,-1.,0.));
#5606 = DIRECTION('',(-1.,0.,0.));
#5607 = DEFINITIONAL_REPRESENTATION('',(#5608),#5612);
#5608 = LINE('',#5609,#5610);
#5609 = CARTESIAN_POINT('',(0.,-30.));
#5610 = VECTOR('',#5611,1.);
#5611 = DIRECTION('',(1.,0.));
#5612 = ( GEOMETRIC_REPRESENTATION_CONTEXT(2) 
PARAMETRIC_REPRESENTATION_CONTEXT() REPRESENTATION_CONTEXT('2D SPACE',''
  ) );
#5613 = ORIENTED_EDGE('',*,*,#5614,.T.);
#5614 = EDGE_CURVE('',#5587,#5529,#5615,.T.);
#5615 = SURFACE_CURVE('',#5616,(#5620,#5627),.PCURVE_S1.);
#5616 = LINE('',#5617,#5618);
#5617 = CARTESIAN_POINT('',(-14.6,14.6,54.));
#5618 = VECTOR('',#5619,1.);
#5619 = DIRECTION('',(0.,-1.,0.));
#5620 = PCURVE('',#4844,#5621);
#5621 = DEFINITIONAL_REPRESENTATION('',(#5622),#5626);
#5622 = LINE('',#5623,#5624);
#5623 = CARTESIAN_POINT('',(-14.6,14.6));
#5624 = VECTOR('',#5625,1.);
#5625 = DIRECTION('',(0.,-1.));
#5626 = ( GEOMETRIC_REPRESENTATION_CONTEXT(2) 
PARAMETRIC_REPRESENTATION_CONTEXT() REPRESENTATION_CONTEXT('2D SPACE',''
  ) );
#5627 = PCURVE('',#5628,#5633);
#5628 = PLANE('',#5629);
#5629 = AXIS2_PLACEMENT_3D('',#5630,#5631,#5632);
#5630 = CARTESIAN_POINT('',(-14.6,14.6,24.));
#5631 = DIRECTION('',(1.,0.,-0.));
#5632 = DIRECTION('',(0.,-1.,0.));
#5633 = DEFINITIONAL_REPRESENTATION('',(#5634),#5638);
#5634 = LINE('',#5635,#5636);
#5635 = CARTESIAN_POINT('',(0.,-30.));
#5636 = VECTOR('',#5637,1.);
#5637 = DIRECTION('',(1.,0.));
#5638 = ( GEOMETRIC_REPRESENTATION_CONTEXT(2) 
PARAMETRIC_REPRESENTATION_CONTEXT() REPRESENTATION_CONTEXT('2D SPACE',''
  ) );
#5639 = FACE_BOUND('',#5640,.T.);
#5640 = EDGE_LOOP('',(#5641,#5642,#5643,#5644));
#5641 = ORIENTED_EDGE('',*,*,#4826,.F.);
#5642 = ORIENTED_EDGE('',*,*,#4964,.F.);
#5643 = ORIENTED_EDGE('',*,*,#5014,.F.);
#5644 = ORIENTED_EDGE('',*,*,#5077,.F.);
#5645 = ADVANCED_FACE('',(#5646),#4923,.F.);
#5646 = FACE_BOUND('',#5647,.T.);
#5647 = EDGE_LOOP('',(#5648,#5671,#5672,#5673));
#5648 = ORIENTED_EDGE('',*,*,#5649,.F.);
#5649 = EDGE_CURVE('',#4903,#5650,#5652,.T.);
#5650 = VERTEX_POINT('',#5651);
#5651 = CARTESIAN_POINT('',(14.6,2.2,39.));
#5652 = SEAM_CURVE('',#5653,(#5657,#5664),.PCURVE_S1.);
#5653 = LINE('',#5654,#5655);
#5654 = CARTESIAN_POINT('',(-40.,2.2,39.));
#5655 = VECTOR('',#5656,1.);
#5656 = DIRECTION('',(1.,0.,0.));
#5657 = PCURVE('',#4923,#5658);
#5658 = DEFINITIONAL_REPRESENTATION('',(#5659),#5663);
#5659 = LINE('',#5660,#5661);
#5660 = CARTESIAN_POINT('',(-6.28318530718,0.));
#5661 = VECTOR('',#5662,1.);
#5662 = DIRECTION('',(-0.,-1.));
#5663 = ( GEOMETRIC_REPRESENTATION_CONTEXT(2) 
PARAMETRIC_REPRESENTATION_CONTEXT() REPRESENTATION_CONTEXT('2D SPACE',''
  ) );
#5664 = PCURVE('',#4923,#5665);
#5665 = DEFINITIONAL_REPRESENTATION('',(#5666),#5670);
#5666 = LINE('',#5667,#5668);
#5667 = CARTESIAN_POINT('',(-0.,0.));
#5668 = VECTOR('',#5669,1.);
#5669 = DIRECTION('',(-0.,-1.));
#5670 = ( GEOMETRIC_REPRESENTATION_CONTEXT(2) 
PARAMETRIC_REPRESENTATION_CONTEXT() REPRESENTATION_CONTEXT('2D SPACE',''
  ) );
#5671 = ORIENTED_EDGE('',*,*,#4902,.F.);
#5672 = ORIENTED_EDGE('',*,*,#5649,.T.);
#5673 = ORIENTED_EDGE('',*,*,#5674,.F.);
#5674 = EDGE_CURVE('',#5650,#5650,#5675,.T.);
#5675 = SURFACE_CURVE('',#5676,(#5681,#5688),.PCURVE_S1.);
#5676 = CIRCLE('',#5677,2.2);
#5677 = AXIS2_PLACEMENT_3D('',#5678,#5679,#5680);
#5678 = CARTESIAN_POINT('',(14.6,0.,39.));
#5679 = DIRECTION('',(-1.,0.,0.));
#5680 = DIRECTION('',(0.,1.,0.));
#5681 = PCURVE('',#4923,#5682);
#5682 = DEFINITIONAL_REPRESENTATION('',(#5683),#5687);
#5683 = LINE('',#5684,#5685);
#5684 = CARTESIAN_POINT('',(-6.28318530718,-54.6));
#5685 = VECTOR('',#5686,1.);
#5686 = DIRECTION('',(1.,-0.));
#5687 = ( GEOMETRIC_REPRESENTATION_CONTEXT(2) 
PARAMETRIC_REPRESENTATION_CONTEXT() REPRESENTATION_CONTEXT('2D SPACE',''
  ) );
#5688 = PCURVE('',#5574,#5689);
#5689 = DEFINITIONAL_REPRESENTATION('',(#5690),#5694);
#5690 = CIRCLE('',#5691,2.2);
#5691 = AXIS2_PLACEMENT_2D('',#5692,#5693);
#5692 = CARTESIAN_POINT('',(14.6,-15.));
#5693 = DIRECTION('',(1.,0.));
#5694 = ( GEOMETRIC_REPRESENTATION_CONTEXT(2) 
PARAMETRIC_REPRESENTATION_CONTEXT() REPRESENTATION_CONTEXT('2D SPACE',''
  ) );
#5695 = ADVANCED_FACE('',(#5696),#5058,.F.);
#5696 = FACE_BOUND('',#5697,.T.);
#5697 = EDGE_LOOP('',(#5698,#5721,#5747,#5748));
#5698 = ORIENTED_EDGE('',*,*,#5699,.F.);
#5699 = EDGE_CURVE('',#5700,#5038,#5702,.T.);
#5700 = VERTEX_POINT('',#5701);
#5701 = CARTESIAN_POINT('',(-14.6,2.2,39.));
#5702 = SEAM_CURVE('',#5703,(#5707,#5714),.PCURVE_S1.);
#5703 = LINE('',#5704,#5705);
#5704 = CARTESIAN_POINT('',(-40.,2.2,39.));
#5705 = VECTOR('',#5706,1.);
#5706 = DIRECTION('',(1.,0.,0.));
#5707 = PCURVE('',#5058,#5708);
#5708 = DEFINITIONAL_REPRESENTATION('',(#5709),#5713);
#5709 = LINE('',#5710,#5711);
#5710 = CARTESIAN_POINT('',(-6.28318530718,0.));
#5711 = VECTOR('',#5712,1.);
#5712 = DIRECTION('',(-0.,-1.));
#5713 = ( GEOMETRIC_REPRESENTATION_CONTEXT(2) 
PARAMETRIC_REPRESENTATION_CONTEXT() REPRESENTATION_CONTEXT('2D SPACE',''
  ) );
#5714 = PCURVE('',#5058,#5715);
#5715 = DEFINITIONAL_REPRESENTATION('',(#5716),#5720);
#5716 = LINE('',#5717,#5718);
#5717 = CARTESIAN_POINT('',(-0.,0.));
#5718 = VECTOR('',#5719,1.);
#5719 = DIRECTION('',(-0.,-1.));
#5720 = ( GEOMETRIC_REPRESENTATION_CONTEXT(2) 
PARAMETRIC_REPRESENTATION_CONTEXT() REPRESENTATION_CONTEXT('2D SPACE',''
  ) );
#5721 = ORIENTED_EDGE('',*,*,#5722,.T.);
#5722 = EDGE_CURVE('',#5700,#5700,#5723,.T.);
#5723 = SURFACE_CURVE('',#5724,(#5729,#5736),.PCURVE_S1.);
#5724 = CIRCLE('',#5725,2.2);
#5725 = AXIS2_PLACEMENT_3D('',#5726,#5727,#5728);
#5726 = CARTESIAN_POINT('',(-14.6,0.,39.));
#5727 = DIRECTION('',(-1.,0.,0.));
#5728 = DIRECTION('',(0.,1.,0.));
#5729 = PCURVE('',#5058,#5730);
#5730 = DEFINITIONAL_REPRESENTATION('',(#5731),#5735);
#5731 = LINE('',#5732,#5733);
#5732 = CARTESIAN_POINT('',(-6.28318530718,-25.4));
#5733 = VECTOR('',#5734,1.);
#5734 = DIRECTION('',(1.,-0.));
#5735 = ( GEOMETRIC_REPRESENTATION_CONTEXT(2) 
PARAMETRIC_REPRESENTATION_CONTEXT() REPRESENTATION_CONTEXT('2D SPACE',''
  ) );
#5736 = PCURVE('',#5628,#5737);
#5737 = DEFINITIONAL_REPRESENTATION('',(#5738),#5746);
#5738 = ( BOUNDED_CURVE() B_SPLINE_CURVE(2,(#5739,#5740,#5741,#5742,
#5743,#5744,#5745),.UNSPECIFIED.,.T.,.F.) B_SPLINE_CURVE_WITH_KNOTS((1,2
    ,2,2,2,1),(-2.094395102393,0.,2.094395102393,4.188790204786,
6.28318530718,8.377580409573),.UNSPECIFIED.) CURVE() 
GEOMETRIC_REPRESENTATION_ITEM() RATIONAL_B_SPLINE_CURVE((1.,0.5,1.,0.5,
1.,0.5,1.)) REPRESENTATION_ITEM('') );
#5739 = CARTESIAN_POINT('',(12.4,-15.));
#5740 = CARTESIAN_POINT('',(12.4,-11.18948822334));
#5741 = CARTESIAN_POINT('',(15.7,-13.09474411167));
#5742 = CARTESIAN_POINT('',(19.,-15.));
#5743 = CARTESIAN_POINT('',(15.7,-16.90525588832));
#5744 = CARTESIAN_POINT('',(12.4,-18.81051177665));
#5745 = CARTESIAN_POINT('',(12.4,-15.));
#5746 = ( GEOMETRIC_REPRESENTATION_CONTEXT(2) 
PARAMETRIC_REPRESENTATION_CONTEXT() REPRESENTATION_CONTEXT('2D SPACE',''
  ) );
#5747 = ORIENTED_EDGE('',*,*,#5699,.T.);
#5748 = ORIENTED_EDGE('',*,*,#5037,.F.);
#5749 = ADVANCED_FACE('',(#5750),#5118,.T.);
#5750 = FACE_BOUND('',#5751,.T.);
#5751 = EDGE_LOOP('',(#5752));
#5752 = ORIENTED_EDGE('',*,*,#5101,.T.);
#5753 = ADVANCED_FACE('',(#5754),#5173,.T.);
#5754 = FACE_BOUND('',#5755,.T.);
#5755 = EDGE_LOOP('',(#5756));
#5756 = ORIENTED_EDGE('',*,*,#5156,.T.);
#5757 = ADVANCED_FACE('',(#5758),#5228,.T.);
#5758 = FACE_BOUND('',#5759,.T.);
#5759 = EDGE_LOOP('',(#5760));
#5760 = ORIENTED_EDGE('',*,*,#5211,.T.);
#5761 = ADVANCED_FACE('',(#5762),#5283,.T.);
#5762 = FACE_BOUND('',#5763,.T.);
#5763 = EDGE_LOOP('',(#5764));
#5764 = ORIENTED_EDGE('',*,*,#5266,.T.);
#5765 = ADVANCED_FACE('',(#5766,#5772),#5338,.T.);
#5766 = FACE_BOUND('',#5767,.T.);
#5767 = EDGE_LOOP('',(#5768,#5769,#5770,#5771));
#5768 = ORIENTED_EDGE('',*,*,#5321,.F.);
#5769 = ORIENTED_EDGE('',*,*,#5396,.F.);
#5770 = ORIENTED_EDGE('',*,*,#5492,.F.);
#5771 = ORIENTED_EDGE('',*,*,#5444,.F.);
#5772 = FACE_BOUND('',#5773,.T.);
#5773 = EDGE_LOOP('',(#5774,#5804,#5832,#5860));
#5774 = ORIENTED_EDGE('',*,*,#5775,.F.);
#5775 = EDGE_CURVE('',#5776,#5778,#5780,.T.);
#5776 = VERTEX_POINT('',#5777);
#5777 = CARTESIAN_POINT('',(-20.,-20.,20.));
#5778 = VERTEX_POINT('',#5779);
#5779 = CARTESIAN_POINT('',(20.,-20.,20.));
#5780 = SURFACE_CURVE('',#5781,(#5785,#5792),.PCURVE_S1.);
#5781 = LINE('',#5782,#5783);
#5782 = CARTESIAN_POINT('',(-20.,-20.,20.));
#5783 = VECTOR('',#5784,1.);
#5784 = DIRECTION('',(1.,0.,0.));
#5785 = PCURVE('',#5338,#5786);
#5786 = DEFINITIONAL_REPRESENTATION('',(#5787),#5791);
#5787 = LINE('',#5788,#5789);
#5788 = CARTESIAN_POINT('',(-20.,-20.));
#5789 = VECTOR('',#5790,1.);
#5790 = DIRECTION('',(1.,0.));
#5791 = ( GEOMETRIC_REPRESENTATION_CONTEXT(2) 
PARAMETRIC_REPRESENTATION_CONTEXT() REPRESENTATION_CONTEXT('2D SPACE',''
  ) );
#5792 = PCURVE('',#5793,#5798);
#5793 = PLANE('',#5794);
#5794 = AXIS2_PLACEMENT_3D('',#5795,#5796,#5797);
#5795 = CARTESIAN_POINT('',(-20.,-20.,20.));
#5796 = DIRECTION('',(0.,1.,0.));
#5797 = DIRECTION('',(1.,0.,0.));
#5798 = DEFINITIONAL_REPRESENTATION('',(#5799),#5803);
#5799 = LINE('',#5800,#5801);
#5800 = CARTESIAN_POINT('',(0.,0.));
#5801 = VECTOR('',#5802,1.);
#5802 = DIRECTION('',(1.,0.));
#5803 = ( GEOMETRIC_REPRESENTATION_CONTEXT(2) 
PARAMETRIC_REPRESENTATION_CONTEXT() REPRESENTATION_CONTEXT('2D SPACE',''
  ) );
#5804 = ORIENTED_EDGE('',*,*,#5805,.F.);
#5805 = EDGE_CURVE('',#5806,#5776,#5808,.T.);
#5806 = VERTEX_POINT('',#5807);
#5807 = CARTESIAN_POINT('',(-20.,20.,20.));
#5808 = SURFACE_CURVE('',#5809,(#5813,#5820),.PCURVE_S1.);
#5809 = LINE('',#5810,#5811);
#5810 = CARTESIAN_POINT('',(-20.,20.,20.));
#5811 = VECTOR('',#5812,1.);
#5812 = DIRECTION('',(0.,-1.,0.));
#5813 = PCURVE('',#5338,#5814);
#5814 = DEFINITIONAL_REPRESENTATION('',(#5815),#5819);
#5815 = LINE('',#5816,#5817);
#5816 = CARTESIAN_POINT('',(-20.,20.));
#5817 = VECTOR('',#5818,1.);
#5818 = DIRECTION('',(0.,-1.));
#5819 = ( GEOMETRIC_REPRESENTATION_CONTEXT(2) 
PARAMETRIC_REPRESENTATION_CONTEXT() REPRESENTATION_CONTEXT('2D SPACE',''
  ) );
#5820 = PCURVE('',#5821,#5826);
#5821 = PLANE('',#5822);
#5822 = AXIS2_PLACEMENT_3D('',#5823,#5824,#5825);
#5823 = CARTESIAN_POINT('',(-20.,20.,20.));
#5824 = DIRECTION('',(1.,0.,-0.));
#5825 = DIRECTION('',(0.,-1.,0.));
#5826 = DEFINITIONAL_REPRESENTATION('',(#5827),#5831);
#5827 = LINE('',#5828,#5829);
#5828 = CARTESIAN_POINT('',(0.,0.));
#5829 = VECTOR('',#5830,1.);
#5830 = DIRECTION('',(1.,0.));
#5831 = ( GEOMETRIC_REPRESENTATION_CONTEXT(2) 
PARAMETRIC_REPRESENTATION_CONTEXT() REPRESENTATION_CONTEXT('2D SPACE',''
  ) );
#5832 = ORIENTED_EDGE('',*,*,#5833,.F.);
#5833 = EDGE_CURVE('',#5834,#5806,#5836,.T.);
#5834 = VERTEX_POINT('',#5835);
#5835 = CARTESIAN_POINT('',(20.,20.,20.));
#5836 = SURFACE_CURVE('',#5837,(#5841,#5848),.PCURVE_S1.);
#5837 = LINE('',#5838,#5839);
#5838 = CARTESIAN_POINT('',(20.,20.,20.));
#5839 = VECTOR('',#5840,1.);
#5840 = DIRECTION('',(-1.,0.,0.));
#5841 = PCURVE('',#5338,#5842);
#5842 = DEFINITIONAL_REPRESENTATION('',(#5843),#5847);
#5843 = LINE('',#5844,#5845);
#5844 = CARTESIAN_POINT('',(20.,20.));
#5845 = VECTOR('',#5846,1.);
#5846 = DIRECTION('',(-1.,0.));
#5847 = ( GEOMETRIC_REPRESENTATION_CONTEXT(2) 
PARAMETRIC_REPRESENTATION_CONTEXT() REPRESENTATION_CONTEXT('2D SPACE',''
  ) );
#5848 = PCURVE('',#5849,#5854);
#5849 = PLANE('',#5850);
#5850 = AXIS2_PLACEMENT_3D('',#5851,#5852,#5853);
#5851 = CARTESIAN_POINT('',(20.,20.,20.));
#5852 = DIRECTION('',(0.,-1.,0.));
#5853 = DIRECTION('',(-1.,0.,0.));
#5854 = DEFINITIONAL_REPRESENTATION('',(#5855),#5859);
#5855 = LINE('',#5856,#5857);
#5856 = CARTESIAN_POINT('',(0.,-0.));
#5857 = VECTOR('',#5858,1.);
#5858 = DIRECTION('',(1.,0.));
#5859 = ( GEOMETRIC_REPRESENTATION_CONTEXT(2) 
PARAMETRIC_REPRESENTATION_CONTEXT() REPRESENTATION_CONTEXT('2D SPACE',''
  ) );
#5860 = ORIENTED_EDGE('',*,*,#5861,.F.);
#5861 = EDGE_CURVE('',#5778,#5834,#5862,.T.);
#5862 = SURFACE_CURVE('',#5863,(#5867,#5874),.PCURVE_S1.);
#5863 = LINE('',#5864,#5865);
#5864 = CARTESIAN_POINT('',(20.,-20.,20.));
#5865 = VECTOR('',#5866,1.);
#5866 = DIRECTION('',(0.,1.,0.));
#5867 = PCURVE('',#5338,#5868);
#5868 = DEFINITIONAL_REPRESENTATION('',(#5869),#5873);
#5869 = LINE('',#5870,#5871);
#5870 = CARTESIAN_POINT('',(20.,-20.));
#5871 = VECTOR('',#5872,1.);
#5872 = DIRECTION('',(0.,1.));
#5873 = ( GEOMETRIC_REPRESENTATION_CONTEXT(2) 
PARAMETRIC_REPRESENTATION_CONTEXT() REPRESENTATION_CONTEXT('2D SPACE',''
  ) );
#5874 = PCURVE('',#5875,#5880);
#5875 = PLANE('',#5876);
#5876 = AXIS2_PLACEMENT_3D('',#5877,#5878,#5879);
#5877 = CARTESIAN_POINT('',(20.,-20.,20.));
#5878 = DIRECTION('',(-1.,0.,0.));
#5879 = DIRECTION('',(0.,1.,0.));
#5880 = DEFINITIONAL_REPRESENTATION('',(#5881),#5885);
#5881 = LINE('',#5882,#5883);
#5882 = CARTESIAN_POINT('',(0.,0.));
#5883 = VECTOR('',#5884,1.);
#5884 = DIRECTION('',(1.,0.));
#5885 = ( GEOMETRIC_REPRESENTATION_CONTEXT(2) 
PARAMETRIC_REPRESENTATION_CONTEXT() REPRESENTATION_CONTEXT('2D SPACE',''
  ) );
#5886 = ADVANCED_FACE('',(#5887),#5546,.F.);
#5887 = FACE_BOUND('',#5888,.F.);
#5888 = EDGE_LOOP('',(#5889,#5912,#5913,#5936));
#5889 = ORIENTED_EDGE('',*,*,#5890,.T.);
#5890 = EDGE_CURVE('',#5891,#5529,#5893,.T.);
#5891 = VERTEX_POINT('',#5892);
#5892 = CARTESIAN_POINT('',(-14.6,-14.6,24.));
#5893 = SURFACE_CURVE('',#5894,(#5898,#5905),.PCURVE_S1.);
#5894 = LINE('',#5895,#5896);
#5895 = CARTESIAN_POINT('',(-14.6,-14.6,24.));
#5896 = VECTOR('',#5897,1.);
#5897 = DIRECTION('',(0.,0.,1.));
#5898 = PCURVE('',#5546,#5899);
#5899 = DEFINITIONAL_REPRESENTATION('',(#5900),#5904);
#5900 = LINE('',#5901,#5902);
#5901 = CARTESIAN_POINT('',(0.,0.));
#5902 = VECTOR('',#5903,1.);
#5903 = DIRECTION('',(0.,-1.));
#5904 = ( GEOMETRIC_REPRESENTATION_CONTEXT(2) 
PARAMETRIC_REPRESENTATION_CONTEXT() REPRESENTATION_CONTEXT('2D SPACE',''
  ) );
#5905 = PCURVE('',#5628,#5906);
#5906 = DEFINITIONAL_REPRESENTATION('',(#5907),#5911);
#5907 = LINE('',#5908,#5909);
#5908 = CARTESIAN_POINT('',(29.2,0.));
#5909 = VECTOR('',#5910,1.);
#5910 = DIRECTION('',(0.,-1.));
#5911 = ( GEOMETRIC_REPRESENTATION_CONTEXT(2) 
PARAMETRIC_REPRESENTATION_CONTEXT() REPRESENTATION_CONTEXT('2D SPACE',''
  ) );
#5912 = ORIENTED_EDGE('',*,*,#5528,.T.);
#5913 = ORIENTED_EDGE('',*,*,#5914,.F.);
#5914 = EDGE_CURVE('',#5915,#5531,#5917,.T.);
#5915 = VERTEX_POINT('',#5916);
#5916 = CARTESIAN_POINT('',(14.6,-14.6,24.));
#5917 = SURFACE_CURVE('',#5918,(#5922,#5929),.PCURVE_S1.);
#5918 = LINE('',#5919,#5920);
#5919 = CARTESIAN_POINT('',(14.6,-14.6,24.));
#5920 = VECTOR('',#5921,1.);
#5921 = DIRECTION('',(0.,0.,1.));
#5922 = PCURVE('',#5546,#5923);
#5923 = DEFINITIONAL_REPRESENTATION('',(#5924),#5928);
#5924 = LINE('',#5925,#5926);
#5925 = CARTESIAN_POINT('',(29.2,0.));
#5926 = VECTOR('',#5927,1.);
#5927 = DIRECTION('',(0.,-1.));
#5928 = ( GEOMETRIC_REPRESENTATION_CONTEXT(2) 
PARAMETRIC_REPRESENTATION_CONTEXT() REPRESENTATION_CONTEXT('2D SPACE',''
  ) );
#5929 = PCURVE('',#5574,#5930);
#5930 = DEFINITIONAL_REPRESENTATION('',(#5931),#5935);
#5931 = LINE('',#5932,#5933);
#5932 = CARTESIAN_POINT('',(0.,0.));
#5933 = VECTOR('',#5934,1.);
#5934 = DIRECTION('',(0.,-1.));
#5935 = ( GEOMETRIC_REPRESENTATION_CONTEXT(2) 
PARAMETRIC_REPRESENTATION_CONTEXT() REPRESENTATION_CONTEXT('2D SPACE',''
  ) );
#5936 = ORIENTED_EDGE('',*,*,#5937,.F.);
#5937 = EDGE_CURVE('',#5891,#5915,#5938,.T.);
#5938 = SURFACE_CURVE('',#5939,(#5943,#5950),.PCURVE_S1.);
#5939 = LINE('',#5940,#5941);
#5940 = CARTESIAN_POINT('',(-14.6,-14.6,24.));
#5941 = VECTOR('',#5942,1.);
#5942 = DIRECTION('',(1.,0.,0.));
#5943 = PCURVE('',#5546,#5944);
#5944 = DEFINITIONAL_REPRESENTATION('',(#5945),#5949);
#5945 = LINE('',#5946,#5947);
#5946 = CARTESIAN_POINT('',(0.,0.));
#5947 = VECTOR('',#5948,1.);
#5948 = DIRECTION('',(1.,0.));
#5949 = ( GEOMETRIC_REPRESENTATION_CONTEXT(2) 
PARAMETRIC_REPRESENTATION_CONTEXT() REPRESENTATION_CONTEXT('2D SPACE',''
  ) );
#5950 = PCURVE('',#5951,#5956);
#5951 = PLANE('',#5952);
#5952 = AXIS2_PLACEMENT_3D('',#5953,#5954,#5955);
#5953 = CARTESIAN_POINT('',(0.,0.,24.));
#5954 = DIRECTION('',(0.,0.,1.));
#5955 = DIRECTION('',(1.,0.,-0.));
#5956 = DEFINITIONAL_REPRESENTATION('',(#5957),#5961);
#5957 = LINE('',#5958,#5959);
#5958 = CARTESIAN_POINT('',(-14.6,-14.6));
#5959 = VECTOR('',#5960,1.);
#5960 = DIRECTION('',(1.,0.));
#5961 = ( GEOMETRIC_REPRESENTATION_CONTEXT(2) 
PARAMETRIC_REPRESENTATION_CONTEXT() REPRESENTATION_CONTEXT('2D SPACE',''
  ) );
#5962 = ADVANCED_FACE('',(#5963,#6011),#5574,.F.);
#5963 = FACE_BOUND('',#5964,.F.);
#5964 = EDGE_LOOP('',(#5965,#5966,#5967,#5990));
#5965 = ORIENTED_EDGE('',*,*,#5914,.T.);
#5966 = ORIENTED_EDGE('',*,*,#5558,.T.);
#5967 = ORIENTED_EDGE('',*,*,#5968,.F.);
#5968 = EDGE_CURVE('',#5969,#5559,#5971,.T.);
#5969 = VERTEX_POINT('',#5970);
#5970 = CARTESIAN_POINT('',(14.6,14.6,24.));
#5971 = SURFACE_CURVE('',#5972,(#5976,#5983),.PCURVE_S1.);
#5972 = LINE('',#5973,#5974);
#5973 = CARTESIAN_POINT('',(14.6,14.6,24.));
#5974 = VECTOR('',#5975,1.);
#5975 = DIRECTION('',(0.,0.,1.));
#5976 = PCURVE('',#5574,#5977);
#5977 = DEFINITIONAL_REPRESENTATION('',(#5978),#5982);
#5978 = LINE('',#5979,#5980);
#5979 = CARTESIAN_POINT('',(29.2,0.));
#5980 = VECTOR('',#5981,1.);
#5981 = DIRECTION('',(0.,-1.));
#5982 = ( GEOMETRIC_REPRESENTATION_CONTEXT(2) 
PARAMETRIC_REPRESENTATION_CONTEXT() REPRESENTATION_CONTEXT('2D SPACE',''
  ) );
#5983 = PCURVE('',#5602,#5984);
#5984 = DEFINITIONAL_REPRESENTATION('',(#5985),#5989);
#5985 = LINE('',#5986,#5987);
#5986 = CARTESIAN_POINT('',(0.,-0.));
#5987 = VECTOR('',#5988,1.);
#5988 = DIRECTION('',(0.,-1.));
#5989 = ( GEOMETRIC_REPRESENTATION_CONTEXT(2) 
PARAMETRIC_REPRESENTATION_CONTEXT() REPRESENTATION_CONTEXT('2D SPACE',''
  ) );
#5990 = ORIENTED_EDGE('',*,*,#5991,.F.);
#5991 = EDGE_CURVE('',#5915,#5969,#5992,.T.);
#5992 = SURFACE_CURVE('',#5993,(#5997,#6004),.PCURVE_S1.);
#5993 = LINE('',#5994,#5995);
#5994 = CARTESIAN_POINT('',(14.6,-14.6,24.));
#5995 = VECTOR('',#5996,1.);
#5996 = DIRECTION('',(0.,1.,0.));
#5997 = PCURVE('',#5574,#5998);
#5998 = DEFINITIONAL_REPRESENTATION('',(#5999),#6003);
#5999 = LINE('',#6000,#6001);
#6000 = CARTESIAN_POINT('',(0.,0.));
#6001 = VECTOR('',#6002,1.);
#6002 = DIRECTION('',(1.,0.));
#6003 = ( GEOMETRIC_REPRESENTATION_CONTEXT(2) 
PARAMETRIC_REPRESENTATION_CONTEXT() REPRESENTATION_CONTEXT('2D SPACE',''
  ) );
#6004 = PCURVE('',#5951,#6005);
#6005 = DEFINITIONAL_REPRESENTATION('',(#6006),#6010);
#6006 = LINE('',#6007,#6008);
#6007 = CARTESIAN_POINT('',(14.6,-14.6));
#6008 = VECTOR('',#6009,1.);
#6009 = DIRECTION('',(0.,1.));
#6010 = ( GEOMETRIC_REPRESENTATION_CONTEXT(2) 
PARAMETRIC_REPRESENTATION_CONTEXT() REPRESENTATION_CONTEXT('2D SPACE',''
  ) );
#6011 = FACE_BOUND('',#6012,.F.);
#6012 = EDGE_LOOP('',(#6013));
#6013 = ORIENTED_EDGE('',*,*,#5674,.F.);
#6014 = ADVANCED_FACE('',(#6015),#5602,.F.);
#6015 = FACE_BOUND('',#6016,.F.);
#6016 = EDGE_LOOP('',(#6017,#6018,#6019,#6042));
#6017 = ORIENTED_EDGE('',*,*,#5968,.T.);
#6018 = ORIENTED_EDGE('',*,*,#5586,.T.);
#6019 = ORIENTED_EDGE('',*,*,#6020,.F.);
#6020 = EDGE_CURVE('',#6021,#5587,#6023,.T.);
#6021 = VERTEX_POINT('',#6022);
#6022 = CARTESIAN_POINT('',(-14.6,14.6,24.));
#6023 = SURFACE_CURVE('',#6024,(#6028,#6035),.PCURVE_S1.);
#6024 = LINE('',#6025,#6026);
#6025 = CARTESIAN_POINT('',(-14.6,14.6,24.));
#6026 = VECTOR('',#6027,1.);
#6027 = DIRECTION('',(0.,0.,1.));
#6028 = PCURVE('',#5602,#6029);
#6029 = DEFINITIONAL_REPRESENTATION('',(#6030),#6034);
#6030 = LINE('',#6031,#6032);
#6031 = CARTESIAN_POINT('',(29.2,0.));
#6032 = VECTOR('',#6033,1.);
#6033 = DIRECTION('',(0.,-1.));
#6034 = ( GEOMETRIC_REPRESENTATION_CONTEXT(2) 
PARAMETRIC_REPRESENTATION_CONTEXT() REPRESENTATION_CONTEXT('2D SPACE',''
  ) );
#6035 = PCURVE('',#5628,#6036);
#6036 = DEFINITIONAL_REPRESENTATION('',(#6037),#6041);
#6037 = LINE('',#6038,#6039);
#6038 = CARTESIAN_POINT('',(0.,0.));
#6039 = VECTOR('',#6040,1.);
#6040 = DIRECTION('',(0.,-1.));
#6041 = ( GEOMETRIC_REPRESENTATION_CONTEXT(2) 
PARAMETRIC_REPRESENTATION_CONTEXT() REPRESENTATION_CONTEXT('2D SPACE',''
  ) );
#6042 = ORIENTED_EDGE('',*,*,#6043,.F.);
#6043 = EDGE_CURVE('',#5969,#6021,#6044,.T.);
#6044 = SURFACE_CURVE('',#6045,(#6049,#6056),.PCURVE_S1.);
#6045 = LINE('',#6046,#6047);
#6046 = CARTESIAN_POINT('',(14.6,14.6,24.));
#6047 = VECTOR('',#6048,1.);
#6048 = DIRECTION('',(-1.,0.,0.));
#6049 = PCURVE('',#5602,#6050);
#6050 = DEFINITIONAL_REPRESENTATION('',(#6051),#6055);
#6051 = LINE('',#6052,#6053);
#6052 = CARTESIAN_POINT('',(0.,-0.));
#6053 = VECTOR('',#6054,1.);
#6054 = DIRECTION('',(1.,0.));
#6055 = ( GEOMETRIC_REPRESENTATION_CONTEXT(2) 
PARAMETRIC_REPRESENTATION_CONTEXT() REPRESENTATION_CONTEXT('2D SPACE',''
  ) );
#6056 = PCURVE('',#5951,#6057);
#6057 = DEFINITIONAL_REPRESENTATION('',(#6058),#6062);
#6058 = LINE('',#6059,#6060);
#6059 = CARTESIAN_POINT('',(14.6,14.6));
#6060 = VECTOR('',#6061,1.);
#6061 = DIRECTION('',(-1.,0.));
#6062 = ( GEOMETRIC_REPRESENTATION_CONTEXT(2) 
PARAMETRIC_REPRESENTATION_CONTEXT() REPRESENTATION_CONTEXT('2D SPACE',''
  ) );
#6063 = ADVANCED_FACE('',(#6064,#6090),#5628,.F.);
#6064 = FACE_BOUND('',#6065,.F.);
#6065 = EDGE_LOOP('',(#6066,#6067,#6068,#6069));
#6066 = ORIENTED_EDGE('',*,*,#6020,.T.);
#6067 = ORIENTED_EDGE('',*,*,#5614,.T.);
#6068 = ORIENTED_EDGE('',*,*,#5890,.F.);
#6069 = ORIENTED_EDGE('',*,*,#6070,.F.);
#6070 = EDGE_CURVE('',#6021,#5891,#6071,.T.);
#6071 = SURFACE_CURVE('',#6072,(#6076,#6083),.PCURVE_S1.);
#6072 = LINE('',#6073,#6074);
#6073 = CARTESIAN_POINT('',(-14.6,14.6,24.));
#6074 = VECTOR('',#6075,1.);
#6075 = DIRECTION('',(0.,-1.,0.));
#6076 = PCURVE('',#5628,#6077);
#6077 = DEFINITIONAL_REPRESENTATION('',(#6078),#6082);
#6078 = LINE('',#6079,#6080);
#6079 = CARTESIAN_POINT('',(0.,0.));
#6080 = VECTOR('',#6081,1.);
#6081 = DIRECTION('',(1.,0.));
#6082 = ( GEOMETRIC_REPRESENTATION_CONTEXT(2) 
PARAMETRIC_REPRESENTATION_CONTEXT() REPRESENTATION_CONTEXT('2D SPACE',''
  ) );
#6083 = PCURVE('',#5951,#6084);
#6084 = DEFINITIONAL_REPRESENTATION('',(#6085),#6089);
#6085 = LINE('',#6086,#6087);
#6086 = CARTESIAN_POINT('',(-14.6,14.6));
#6087 = VECTOR('',#6088,1.);
#6088 = DIRECTION('',(0.,-1.));
#6089 = ( GEOMETRIC_REPRESENTATION_CONTEXT(2) 
PARAMETRIC_REPRESENTATION_CONTEXT() REPRESENTATION_CONTEXT('2D SPACE',''
  ) );
#6090 = FACE_BOUND('',#6091,.F.);
#6091 = EDGE_LOOP('',(#6092));
#6092 = ORIENTED_EDGE('',*,*,#5722,.T.);
#6093 = ADVANCED_FACE('',(#6094),#5793,.F.);
#6094 = FACE_BOUND('',#6095,.F.);
#6095 = EDGE_LOOP('',(#6096,#6119,#6142,#6163));
#6096 = ORIENTED_EDGE('',*,*,#6097,.T.);
#6097 = EDGE_CURVE('',#5776,#6098,#6100,.T.);
#6098 = VERTEX_POINT('',#6099);
#6099 = CARTESIAN_POINT('',(-20.,-20.,24.));
#6100 = SURFACE_CURVE('',#6101,(#6105,#6112),.PCURVE_S1.);
#6101 = LINE('',#6102,#6103);
#6102 = CARTESIAN_POINT('',(-20.,-20.,20.));
#6103 = VECTOR('',#6104,1.);
#6104 = DIRECTION('',(0.,0.,1.));
#6105 = PCURVE('',#5793,#6106);
#6106 = DEFINITIONAL_REPRESENTATION('',(#6107),#6111);
#6107 = LINE('',#6108,#6109);
#6108 = CARTESIAN_POINT('',(0.,0.));
#6109 = VECTOR('',#6110,1.);
#6110 = DIRECTION('',(0.,-1.));
#6111 = ( GEOMETRIC_REPRESENTATION_CONTEXT(2) 
PARAMETRIC_REPRESENTATION_CONTEXT() REPRESENTATION_CONTEXT('2D SPACE',''
  ) );
#6112 = PCURVE('',#5821,#6113);
#6113 = DEFINITIONAL_REPRESENTATION('',(#6114),#6118);
#6114 = LINE('',#6115,#6116);
#6115 = CARTESIAN_POINT('',(40.,0.));
#6116 = VECTOR('',#6117,1.);
#6117 = DIRECTION('',(0.,-1.));
#6118 = ( GEOMETRIC_REPRESENTATION_CONTEXT(2) 
PARAMETRIC_REPRESENTATION_CONTEXT() REPRESENTATION_CONTEXT('2D SPACE',''
  ) );
#6119 = ORIENTED_EDGE('',*,*,#6120,.T.);
#6120 = EDGE_CURVE('',#6098,#6121,#6123,.T.);
#6121 = VERTEX_POINT('',#6122);
#6122 = CARTESIAN_POINT('',(20.,-20.,24.));
#6123 = SURFACE_CURVE('',#6124,(#6128,#6135),.PCURVE_S1.);
#6124 = LINE('',#6125,#6126);
#6125 = CARTESIAN_POINT('',(-20.,-20.,24.));
#6126 = VECTOR('',#6127,1.);
#6127 = DIRECTION('',(1.,0.,0.));
#6128 = PCURVE('',#5793,#6129);
#6129 = DEFINITIONAL_REPRESENTATION('',(#6130),#6134);
#6130 = LINE('',#6131,#6132);
#6131 = CARTESIAN_POINT('',(0.,-4.));
#6132 = VECTOR('',#6133,1.);
#6133 = DIRECTION('',(1.,0.));
#6134 = ( GEOMETRIC_REPRESENTATION_CONTEXT(2) 
PARAMETRIC_REPRESENTATION_CONTEXT() REPRESENTATION_CONTEXT('2D SPACE',''
  ) );
#6135 = PCURVE('',#5951,#6136);
#6136 = DEFINITIONAL_REPRESENTATION('',(#6137),#6141);
#6137 = LINE('',#6138,#6139);
#6138 = CARTESIAN_POINT('',(-20.,-20.));
#6139 = VECTOR('',#6140,1.);
#6140 = DIRECTION('',(1.,0.));
#6141 = ( GEOMETRIC_REPRESENTATION_CONTEXT(2) 
PARAMETRIC_REPRESENTATION_CONTEXT() REPRESENTATION_CONTEXT('2D SPACE',''
  ) );
#6142 = ORIENTED_EDGE('',*,*,#6143,.F.);
#6143 = EDGE_CURVE('',#5778,#6121,#6144,.T.);
#6144 = SURFACE_CURVE('',#6145,(#6149,#6156),.PCURVE_S1.);
#6145 = LINE('',#6146,#6147);
#6146 = CARTESIAN_POINT('',(20.,-20.,20.));
#6147 = VECTOR('',#6148,1.);
#6148 = DIRECTION('',(0.,0.,1.));
#6149 = PCURVE('',#5793,#6150);
#6150 = DEFINITIONAL_REPRESENTATION('',(#6151),#6155);
#6151 = LINE('',#6152,#6153);
#6152 = CARTESIAN_POINT('',(40.,0.));
#6153 = VECTOR('',#6154,1.);
#6154 = DIRECTION('',(0.,-1.));
#6155 = ( GEOMETRIC_REPRESENTATION_CONTEXT(2) 
PARAMETRIC_REPRESENTATION_CONTEXT() REPRESENTATION_CONTEXT('2D SPACE',''
  ) );
#6156 = PCURVE('',#5875,#6157);
#6157 = DEFINITIONAL_REPRESENTATION('',(#6158),#6162);
#6158 = LINE('',#6159,#6160);
#6159 = CARTESIAN_POINT('',(0.,0.));
#6160 = VECTOR('',#6161,1.);
#6161 = DIRECTION('',(0.,-1.));
#6162 = ( GEOMETRIC_REPRESENTATION_CONTEXT(2) 
PARAMETRIC_REPRESENTATION_CONTEXT() REPRESENTATION_CONTEXT('2D SPACE',''
  ) );
#6163 = ORIENTED_EDGE('',*,*,#5775,.F.);
#6164 = ADVANCED_FACE('',(#6165),#5821,.F.);
#6165 = FACE_BOUND('',#6166,.F.);
#6166 = EDGE_LOOP('',(#6167,#6190,#6211,#6212));
#6167 = ORIENTED_EDGE('',*,*,#6168,.T.);
#6168 = EDGE_CURVE('',#5806,#6169,#6171,.T.);
#6169 = VERTEX_POINT('',#6170);
#6170 = CARTESIAN_POINT('',(-20.,20.,24.));
#6171 = SURFACE_CURVE('',#6172,(#6176,#6183),.PCURVE_S1.);
#6172 = LINE('',#6173,#6174);
#6173 = CARTESIAN_POINT('',(-20.,20.,20.));
#6174 = VECTOR('',#6175,1.);
#6175 = DIRECTION('',(0.,0.,1.));
#6176 = PCURVE('',#5821,#6177);
#6177 = DEFINITIONAL_REPRESENTATION('',(#6178),#6182);
#6178 = LINE('',#6179,#6180);
#6179 = CARTESIAN_POINT('',(0.,0.));
#6180 = VECTOR('',#6181,1.);
#6181 = DIRECTION('',(0.,-1.));
#6182 = ( GEOMETRIC_REPRESENTATION_CONTEXT(2) 
PARAMETRIC_REPRESENTATION_CONTEXT() REPRESENTATION_CONTEXT('2D SPACE',''
  ) );
#6183 = PCURVE('',#5849,#6184);
#6184 = DEFINITIONAL_REPRESENTATION('',(#6185),#6189);
#6185 = LINE('',#6186,#6187);
#6186 = CARTESIAN_POINT('',(40.,0.));
#6187 = VECTOR('',#6188,1.);
#6188 = DIRECTION('',(0.,-1.));
#6189 = ( GEOMETRIC_REPRESENTATION_CONTEXT(2) 
PARAMETRIC_REPRESENTATION_CONTEXT() REPRESENTATION_CONTEXT('2D SPACE',''
  ) );
#6190 = ORIENTED_EDGE('',*,*,#6191,.T.);
#6191 = EDGE_CURVE('',#6169,#6098,#6192,.T.);
#6192 = SURFACE_CURVE('',#6193,(#6197,#6204),.PCURVE_S1.);
#6193 = LINE('',#6194,#6195);
#6194 = CARTESIAN_POINT('',(-20.,20.,24.));
#6195 = VECTOR('',#6196,1.);
#6196 = DIRECTION('',(0.,-1.,0.));
#6197 = PCURVE('',#5821,#6198);
#6198 = DEFINITIONAL_REPRESENTATION('',(#6199),#6203);
#6199 = LINE('',#6200,#6201);
#6200 = CARTESIAN_POINT('',(0.,-4.));
#6201 = VECTOR('',#6202,1.);
#6202 = DIRECTION('',(1.,0.));
#6203 = ( GEOMETRIC_REPRESENTATION_CONTEXT(2) 
PARAMETRIC_REPRESENTATION_CONTEXT() REPRESENTATION_CONTEXT('2D SPACE',''
  ) );
#6204 = PCURVE('',#5951,#6205);
#6205 = DEFINITIONAL_REPRESENTATION('',(#6206),#6210);
#6206 = LINE('',#6207,#6208);
#6207 = CARTESIAN_POINT('',(-20.,20.));
#6208 = VECTOR('',#6209,1.);
#6209 = DIRECTION('',(0.,-1.));
#6210 = ( GEOMETRIC_REPRESENTATION_CONTEXT(2) 
PARAMETRIC_REPRESENTATION_CONTEXT() REPRESENTATION_CONTEXT('2D SPACE',''
  ) );
#6211 = ORIENTED_EDGE('',*,*,#6097,.F.);
#6212 = ORIENTED_EDGE('',*,*,#5805,.F.);
#6213 = ADVANCED_FACE('',(#6214),#5875,.F.);
#6214 = FACE_BOUND('',#6215,.F.);
#6215 = EDGE_LOOP('',(#6216,#6217,#6240,#6261));
#6216 = ORIENTED_EDGE('',*,*,#6143,.T.);
#6217 = ORIENTED_EDGE('',*,*,#6218,.T.);
#6218 = EDGE_CURVE('',#6121,#6219,#6221,.T.);
#6219 = VERTEX_POINT('',#6220);
#6220 = CARTESIAN_POINT('',(20.,20.,24.));
#6221 = SURFACE_CURVE('',#6222,(#6226,#6233),.PCURVE_S1.);
#6222 = LINE('',#6223,#6224);
#6223 = CARTESIAN_POINT('',(20.,-20.,24.));
#6224 = VECTOR('',#6225,1.);
#6225 = DIRECTION('',(0.,1.,0.));
#6226 = PCURVE('',#5875,#6227);
#6227 = DEFINITIONAL_REPRESENTATION('',(#6228),#6232);
#6228 = LINE('',#6229,#6230);
#6229 = CARTESIAN_POINT('',(0.,-4.));
#6230 = VECTOR('',#6231,1.);
#6231 = DIRECTION('',(1.,0.));
#6232 = ( GEOMETRIC_REPRESENTATION_CONTEXT(2) 
PARAMETRIC_REPRESENTATION_CONTEXT() REPRESENTATION_CONTEXT('2D SPACE',''
  ) );
#6233 = PCURVE('',#5951,#6234);
#6234 = DEFINITIONAL_REPRESENTATION('',(#6235),#6239);
#6235 = LINE('',#6236,#6237);
#6236 = CARTESIAN_POINT('',(20.,-20.));
#6237 = VECTOR('',#6238,1.);
#6238 = DIRECTION('',(0.,1.));
#6239 = ( GEOMETRIC_REPRESENTATION_CONTEXT(2) 
PARAMETRIC_REPRESENTATION_CONTEXT() REPRESENTATION_CONTEXT('2D SPACE',''
  ) );
#6240 = ORIENTED_EDGE('',*,*,#6241,.F.);
#6241 = EDGE_CURVE('',#5834,#6219,#6242,.T.);
#6242 = SURFACE_CURVE('',#6243,(#6247,#6254),.PCURVE_S1.);
#6243 = LINE('',#6244,#6245);
#6244 = CARTESIAN_POINT('',(20.,20.,20.));
#6245 = VECTOR('',#6246,1.);
#6246 = DIRECTION('',(0.,0.,1.));
#6247 = PCURVE('',#5875,#6248);
#6248 = DEFINITIONAL_REPRESENTATION('',(#6249),#6253);
#6249 = LINE('',#6250,#6251);
#6250 = CARTESIAN_POINT('',(40.,0.));
#6251 = VECTOR('',#6252,1.);
#6252 = DIRECTION('',(0.,-1.));
#6253 = ( GEOMETRIC_REPRESENTATION_CONTEXT(2) 
PARAMETRIC_REPRESENTATION_CONTEXT() REPRESENTATION_CONTEXT('2D SPACE',''
  ) );
#6254 = PCURVE('',#5849,#6255);
#6255 = DEFINITIONAL_REPRESENTATION('',(#6256),#6260);
#6256 = LINE('',#6257,#6258);
#6257 = CARTESIAN_POINT('',(0.,-0.));
#6258 = VECTOR('',#6259,1.);
#6259 = DIRECTION('',(0.,-1.));
#6260 = ( GEOMETRIC_REPRESENTATION_CONTEXT(2) 
PARAMETRIC_REPRESENTATION_CONTEXT() REPRESENTATION_CONTEXT('2D SPACE',''
  ) );
#6261 = ORIENTED_EDGE('',*,*,#5861,.F.);
#6262 = ADVANCED_FACE('',(#6263),#5849,.F.);
#6263 = FACE_BOUND('',#6264,.F.);
#6264 = EDGE_LOOP('',(#6265,#6266,#6287,#6288));
#6265 = ORIENTED_EDGE('',*,*,#6241,.T.);
#6266 = ORIENTED_EDGE('',*,*,#6267,.T.);
#6267 = EDGE_CURVE('',#6219,#6169,#6268,.T.);
#6268 = SURFACE_CURVE('',#6269,(#6273,#6280),.PCURVE_S1.);
#6269 = LINE('',#6270,#6271);
#6270 = CARTESIAN_POINT('',(20.,20.,24.));
#6271 = VECTOR('',#6272,1.);
#6272 = DIRECTION('',(-1.,0.,0.));
#6273 = PCURVE('',#5849,#6274);
#6274 = DEFINITIONAL_REPRESENTATION('',(#6275),#6279);
#6275 = LINE('',#6276,#6277);
#6276 = CARTESIAN_POINT('',(0.,-4.));
#6277 = VECTOR('',#6278,1.);
#6278 = DIRECTION('',(1.,0.));
#6279 = ( GEOMETRIC_REPRESENTATION_CONTEXT(2) 
PARAMETRIC_REPRESENTATION_CONTEXT() REPRESENTATION_CONTEXT('2D SPACE',''
  ) );
#6280 = PCURVE('',#5951,#6281);
#6281 = DEFINITIONAL_REPRESENTATION('',(#6282),#6286);
#6282 = LINE('',#6283,#6284);
#6283 = CARTESIAN_POINT('',(20.,20.));
#6284 = VECTOR('',#6285,1.);
#6285 = DIRECTION('',(-1.,0.));
#6286 = ( GEOMETRIC_REPRESENTATION_CONTEXT(2) 
PARAMETRIC_REPRESENTATION_CONTEXT() REPRESENTATION_CONTEXT('2D SPACE',''
  ) );
#6287 = ORIENTED_EDGE('',*,*,#6168,.F.);
#6288 = ORIENTED_EDGE('',*,*,#5833,.F.);
#6289 = ADVANCED_FACE('',(#6290,#6296),#5951,.T.);
#6290 = FACE_BOUND('',#6291,.T.);
#6291 = EDGE_LOOP('',(#6292,#6293,#6294,#6295));
#6292 = ORIENTED_EDGE('',*,*,#6120,.T.);
#6293 = ORIENTED_EDGE('',*,*,#6218,.T.);
#6294 = ORIENTED_EDGE('',*,*,#6267,.T.);
#6295 = ORIENTED_EDGE('',*,*,#6191,.T.);
#6296 = FACE_BOUND('',#6297,.T.);
#6297 = EDGE_LOOP('',(#6298,#6299,#6300,#6301));
#6298 = ORIENTED_EDGE('',*,*,#5937,.F.);
#6299 = ORIENTED_EDGE('',*,*,#6070,.F.);
#6300 = ORIENTED_EDGE('',*,*,#6043,.F.);
#6301 = ORIENTED_EDGE('',*,*,#5991,.F.);
#6302 = ( GEOMETRIC_REPRESENTATION_CONTEXT(3) 
GLOBAL_UNCERTAINTY_ASSIGNED_CONTEXT((#6306)) 
GLOBAL_UNIT_ASSIGNED_CONTEXT((#6303,#6304,#6305)) REPRESENTATION_CONTEXT
('Context #1','3D Context with UNIT and UNCERTAINTY') );
#6303 = ( LENGTH_UNIT() NAMED_UNIT(*) SI_UNIT(.MILLI.,.METRE.) );
#6304 = ( NAMED_UNIT(*) PLANE_ANGLE_UNIT() SI_UNIT($,.RADIAN.) );
#6305 = ( NAMED_UNIT(*) SI_UNIT($,.STERADIAN.) SOLID_ANGLE_UNIT() );
#6306 = UNCERTAINTY_MEASURE_WITH_UNIT(LENGTH_MEASURE(1.E-07),#6303,
  'distance_accuracy_value','confusion accuracy');
#6307 = CONTEXT_DEPENDENT_SHAPE_REPRESENTATION(#6308,#6310);
#6308 = ( REPRESENTATION_RELATIONSHIP('','',#102,#79) 
REPRESENTATION_RELATIONSHIP_WITH_TRANSFORMATION(#6309) 
SHAPE_REPRESENTATION_RELATIONSHIP() );
#6309 = ITEM_DEFINED_TRANSFORMATION('','',#11,#80);
#6310 = PRODUCT_DEFINITION_SHAPE('Placement','Placement of an item',
  #6311);
#6311 = NEXT_ASSEMBLY_USAGE_OCCURRENCE('1','','',#74,#97,$);
#6312 = PRODUCT_RELATED_PRODUCT_CATEGORY('part',$,(#99));
#6313 = SHAPE_DEFINITION_REPRESENTATION(#6314,#6320);
#6314 = PRODUCT_DEFINITION_SHAPE('','',#6315);
#6315 = PRODUCT_DEFINITION('design','',#6316,#6319);
#6316 = PRODUCT_DEFINITION_FORMATION('','',#6317);
#6317 = PRODUCT('imu_lid','imu_lid','',(#6318));
#6318 = PRODUCT_CONTEXT('',#2,'mechanical');
#6319 = PRODUCT_DEFINITION_CONTEXT('part definition',#2,'design');
#6320 = SHAPE_REPRESENTATION('',(#11,#6321),#6325);
#6321 = AXIS2_PLACEMENT_3D('',#6322,#6323,#6324);
#6322 = CARTESIAN_POINT('',(0.,0.,0.));
#6323 = DIRECTION('',(0.,0.,1.));
#6324 = DIRECTION('',(1.,0.,-0.));
#6325 = ( GEOMETRIC_REPRESENTATION_CONTEXT(3) 
GLOBAL_UNCERTAINTY_ASSIGNED_CONTEXT((#6329)) 
GLOBAL_UNIT_ASSIGNED_CONTEXT((#6326,#6327,#6328)) REPRESENTATION_CONTEXT
('Context #1','3D Context with UNIT and UNCERTAINTY') );
#6326 = ( LENGTH_UNIT() NAMED_UNIT(*) SI_UNIT(.MILLI.,.METRE.) );
#6327 = ( NAMED_UNIT(*) PLANE_ANGLE_UNIT() SI_UNIT($,.RADIAN.) );
#6328 = ( NAMED_UNIT(*) SI_UNIT($,.STERADIAN.) SOLID_ANGLE_UNIT() );
#6329 = UNCERTAINTY_MEASURE_WITH_UNIT(LENGTH_MEASURE(1.E-07),#6326,
  'distance_accuracy_value','confusion accuracy');
#6330 = CONTEXT_DEPENDENT_SHAPE_REPRESENTATION(#6331,#6333);
#6331 = ( REPRESENTATION_RELATIONSHIP('','',#6320,#32) 
REPRESENTATION_RELATIONSHIP_WITH_TRANSFORMATION(#6332) 
SHAPE_REPRESENTATION_RELATIONSHIP() );
#6332 = ITEM_DEFINED_TRANSFORMATION('','',#11,#37);
#6333 = PRODUCT_DEFINITION_SHAPE('Placement','Placement of an item',
  #6334);
#6334 = NEXT_ASSEMBLY_USAGE_OCCURRENCE('4','','',#27,#6315,$);
#6335 = PRODUCT_RELATED_PRODUCT_CATEGORY('part',$,(#6317));
#6336 = SHAPE_DEFINITION_REPRESENTATION(#6337,#6343);
#6337 = PRODUCT_DEFINITION_SHAPE('','',#6338);
#6338 = PRODUCT_DEFINITION('design','',#6339,#6342);
#6339 = PRODUCT_DEFINITION_FORMATION('','',#6340);
#6340 = PRODUCT('imu_lid_part','imu_lid_part','',(#6341));
#6341 = PRODUCT_CONTEXT('',#2,'mechanical');
#6342 = PRODUCT_DEFINITION_CONTEXT('part definition',#2,'design');
#6343 = ADVANCED_BREP_SHAPE_REPRESENTATION('',(#11,#6344),#7652);
#6344 = MANIFOLD_SOLID_BREP('',#6345);
#6345 = CLOSED_SHELL('',(#6346,#6466,#6786,#6840,#6890,#7221,#7248,#7275
    ,#7302,#7329,#7336,#7363,#7390,#7417,#7444,#7520,#7569,#7618,#7645)
  );
#6346 = ADVANCED_FACE('',(#6347),#6361,.F.);
#6347 = FACE_BOUND('',#6348,.F.);
#6348 = EDGE_LOOP('',(#6349,#6384,#6412,#6440));
#6349 = ORIENTED_EDGE('',*,*,#6350,.F.);
#6350 = EDGE_CURVE('',#6351,#6353,#6355,.T.);
#6351 = VERTEX_POINT('',#6352);
#6352 = CARTESIAN_POINT('',(-33.8,-25.8,0.));
#6353 = VERTEX_POINT('',#6354);
#6354 = CARTESIAN_POINT('',(33.8,-25.8,0.));
#6355 = SURFACE_CURVE('',#6356,(#6360,#6372),.PCURVE_S1.);
#6356 = LINE('',#6357,#6358);
#6357 = CARTESIAN_POINT('',(-35.8,-25.8,0.));
#6358 = VECTOR('',#6359,1.);
#6359 = DIRECTION('',(1.,0.,0.));
#6360 = PCURVE('',#6361,#6366);
#6361 = PLANE('',#6362);
#6362 = AXIS2_PLACEMENT_3D('',#6363,#6364,#6365);
#6363 = CARTESIAN_POINT('',(-35.8,-25.8,0.));
#6364 = DIRECTION('',(0.,1.,0.));
#6365 = DIRECTION('',(1.,0.,0.));
#6366 = DEFINITIONAL_REPRESENTATION('',(#6367),#6371);
#6367 = LINE('',#6368,#6369);
#6368 = CARTESIAN_POINT('',(0.,0.));
#6369 = VECTOR('',#6370,1.);
#6370 = DIRECTION('',(1.,0.));
#6371 = ( GEOMETRIC_REPRESENTATION_CONTEXT(2) 
PARAMETRIC_REPRESENTATION_CONTEXT() REPRESENTATION_CONTEXT('2D SPACE',''
  ) );
#6372 = PCURVE('',#6373,#6378);
#6373 = PLANE('',#6374);
#6374 = AXIS2_PLACEMENT_3D('',#6375,#6376,#6377);
#6375 = CARTESIAN_POINT('',(9.227827737144E-16,-9.227827737144E-16,0.));
#6376 = DIRECTION('',(0.,0.,1.));
#6377 = DIRECTION('',(1.,0.,-0.));
#6378 = DEFINITIONAL_REPRESENTATION('',(#6379),#6383);
#6379 = LINE('',#6380,#6381);
#6380 = CARTESIAN_POINT('',(-35.8,-25.8));
#6381 = VECTOR('',#6382,1.);
#6382 = DIRECTION('',(1.,0.));
#6383 = ( GEOMETRIC_REPRESENTATION_CONTEXT(2) 
PARAMETRIC_REPRESENTATION_CONTEXT() REPRESENTATION_CONTEXT('2D SPACE',''
  ) );
#6384 = ORIENTED_EDGE('',*,*,#6385,.T.);
#6385 = EDGE_CURVE('',#6351,#6386,#6388,.T.);
#6386 = VERTEX_POINT('',#6387);
#6387 = CARTESIAN_POINT('',(-33.8,-25.8,3.));
#6388 = SURFACE_CURVE('',#6389,(#6393,#6400),.PCURVE_S1.);
#6389 = LINE('',#6390,#6391);
#6390 = CARTESIAN_POINT('',(-33.8,-25.8,0.));
#6391 = VECTOR('',#6392,1.);
#6392 = DIRECTION('',(0.,0.,1.));
#6393 = PCURVE('',#6361,#6394);
#6394 = DEFINITIONAL_REPRESENTATION('',(#6395),#6399);
#6395 = LINE('',#6396,#6397);
#6396 = CARTESIAN_POINT('',(2.,0.));
#6397 = VECTOR('',#6398,1.);
#6398 = DIRECTION('',(0.,-1.));
#6399 = ( GEOMETRIC_REPRESENTATION_CONTEXT(2) 
PARAMETRIC_REPRESENTATION_CONTEXT() REPRESENTATION_CONTEXT('2D SPACE',''
  ) );
#6400 = PCURVE('',#6401,#6406);
#6401 = CYLINDRICAL_SURFACE('',#6402,2.);
#6402 = AXIS2_PLACEMENT_3D('',#6403,#6404,#6405);
#6403 = CARTESIAN_POINT('',(-33.8,-23.8,0.));
#6404 = DIRECTION('',(0.,0.,1.));
#6405 = DIRECTION('',(0.,-1.,0.));
#6406 = DEFINITIONAL_REPRESENTATION('',(#6407),#6411);
#6407 = LINE('',#6408,#6409);
#6408 = CARTESIAN_POINT('',(-0.,0.));
#6409 = VECTOR('',#6410,1.);
#6410 = DIRECTION('',(-0.,1.));
#6411 = ( GEOMETRIC_REPRESENTATION_CONTEXT(2) 
PARAMETRIC_REPRESENTATION_CONTEXT() REPRESENTATION_CONTEXT('2D SPACE',''
  ) );
#6412 = ORIENTED_EDGE('',*,*,#6413,.T.);
#6413 = EDGE_CURVE('',#6386,#6414,#6416,.T.);
#6414 = VERTEX_POINT('',#6415);
#6415 = CARTESIAN_POINT('',(33.8,-25.8,3.));
#6416 = SURFACE_CURVE('',#6417,(#6421,#6428),.PCURVE_S1.);
#6417 = LINE('',#6418,#6419);
#6418 = CARTESIAN_POINT('',(-35.8,-25.8,3.));
#6419 = VECTOR('',#6420,1.);
#6420 = DIRECTION('',(1.,0.,0.));
#6421 = PCURVE('',#6361,#6422);
#6422 = DEFINITIONAL_REPRESENTATION('',(#6423),#6427);
#6423 = LINE('',#6424,#6425);
#6424 = CARTESIAN_POINT('',(0.,-3.));
#6425 = VECTOR('',#6426,1.);
#6426 = DIRECTION('',(1.,0.));
#6427 = ( GEOMETRIC_REPRESENTATION_CONTEXT(2) 
PARAMETRIC_REPRESENTATION_CONTEXT() REPRESENTATION_CONTEXT('2D SPACE',''
  ) );
#6428 = PCURVE('',#6429,#6434);
#6429 = PLANE('',#6430);
#6430 = AXIS2_PLACEMENT_3D('',#6431,#6432,#6433);
#6431 = CARTESIAN_POINT('',(9.227827737144E-16,-9.227827737144E-16,3.));
#6432 = DIRECTION('',(0.,0.,1.));
#6433 = DIRECTION('',(1.,0.,-0.));
#6434 = DEFINITIONAL_REPRESENTATION('',(#6435),#6439);
#6435 = LINE('',#6436,#6437);
#6436 = CARTESIAN_POINT('',(-35.8,-25.8));
#6437 = VECTOR('',#6438,1.);
#6438 = DIRECTION('',(1.,0.));
#6439 = ( GEOMETRIC_REPRESENTATION_CONTEXT(2) 
PARAMETRIC_REPRESENTATION_CONTEXT() REPRESENTATION_CONTEXT('2D SPACE',''
  ) );
#6440 = ORIENTED_EDGE('',*,*,#6441,.F.);
#6441 = EDGE_CURVE('',#6353,#6414,#6442,.T.);
#6442 = SURFACE_CURVE('',#6443,(#6447,#6454),.PCURVE_S1.);
#6443 = LINE('',#6444,#6445);
#6444 = CARTESIAN_POINT('',(33.8,-25.8,0.));
#6445 = VECTOR('',#6446,1.);
#6446 = DIRECTION('',(0.,0.,1.));
#6447 = PCURVE('',#6361,#6448);
#6448 = DEFINITIONAL_REPRESENTATION('',(#6449),#6453);
#6449 = LINE('',#6450,#6451);
#6450 = CARTESIAN_POINT('',(69.6,0.));
#6451 = VECTOR('',#6452,1.);
#6452 = DIRECTION('',(0.,-1.));
#6453 = ( GEOMETRIC_REPRESENTATION_CONTEXT(2) 
PARAMETRIC_REPRESENTATION_CONTEXT() REPRESENTATION_CONTEXT('2D SPACE',''
  ) );
#6454 = PCURVE('',#6455,#6460);
#6455 = CYLINDRICAL_SURFACE('',#6456,2.);
#6456 = AXIS2_PLACEMENT_3D('',#6457,#6458,#6459);
#6457 = CARTESIAN_POINT('',(33.8,-23.8,0.));
#6458 = DIRECTION('',(0.,0.,1.));
#6459 = DIRECTION('',(0.,-1.,0.));
#6460 = DEFINITIONAL_REPRESENTATION('',(#6461),#6465);
#6461 = LINE('',#6462,#6463);
#6462 = CARTESIAN_POINT('',(0.,0.));
#6463 = VECTOR('',#6464,1.);
#6464 = DIRECTION('',(0.,1.));
#6465 = ( GEOMETRIC_REPRESENTATION_CONTEXT(2) 
PARAMETRIC_REPRESENTATION_CONTEXT() REPRESENTATION_CONTEXT('2D SPACE',''
  ) );
#6466 = ADVANCED_FACE('',(#6467,#6662,#6693,#6724,#6755),#6373,.F.);
#6467 = FACE_BOUND('',#6468,.F.);
#6468 = EDGE_LOOP('',(#6469,#6470,#6494,#6522,#6551,#6579,#6608,#6636));
#6469 = ORIENTED_EDGE('',*,*,#6350,.T.);
#6470 = ORIENTED_EDGE('',*,*,#6471,.T.);
#6471 = EDGE_CURVE('',#6353,#6472,#6474,.T.);
#6472 = VERTEX_POINT('',#6473);
#6473 = CARTESIAN_POINT('',(35.8,-23.8,0.));
#6474 = SURFACE_CURVE('',#6475,(#6480,#6487),.PCURVE_S1.);
#6475 = CIRCLE('',#6476,2.);
#6476 = AXIS2_PLACEMENT_3D('',#6477,#6478,#6479);
#6477 = CARTESIAN_POINT('',(33.8,-23.8,0.));
#6478 = DIRECTION('',(0.,0.,1.));
#6479 = DIRECTION('',(0.,-1.,0.));
#6480 = PCURVE('',#6373,#6481);
#6481 = DEFINITIONAL_REPRESENTATION('',(#6482),#6486);
#6482 = CIRCLE('',#6483,2.);
#6483 = AXIS2_PLACEMENT_2D('',#6484,#6485);
#6484 = CARTESIAN_POINT('',(33.8,-23.8));
#6485 = DIRECTION('',(0.,-1.));
#6486 = ( GEOMETRIC_REPRESENTATION_CONTEXT(2) 
PARAMETRIC_REPRESENTATION_CONTEXT() REPRESENTATION_CONTEXT('2D SPACE',''
  ) );
#6487 = PCURVE('',#6455,#6488);
#6488 = DEFINITIONAL_REPRESENTATION('',(#6489),#6493);
#6489 = LINE('',#6490,#6491);
#6490 = CARTESIAN_POINT('',(0.,0.));
#6491 = VECTOR('',#6492,1.);
#6492 = DIRECTION('',(1.,0.));
#6493 = ( GEOMETRIC_REPRESENTATION_CONTEXT(2) 
PARAMETRIC_REPRESENTATION_CONTEXT() REPRESENTATION_CONTEXT('2D SPACE',''
  ) );
#6494 = ORIENTED_EDGE('',*,*,#6495,.T.);
#6495 = EDGE_CURVE('',#6472,#6496,#6498,.T.);
#6496 = VERTEX_POINT('',#6497);
#6497 = CARTESIAN_POINT('',(35.8,23.8,0.));
#6498 = SURFACE_CURVE('',#6499,(#6503,#6510),.PCURVE_S1.);
#6499 = LINE('',#6500,#6501);
#6500 = CARTESIAN_POINT('',(35.8,-25.8,0.));
#6501 = VECTOR('',#6502,1.);
#6502 = DIRECTION('',(0.,1.,0.));
#6503 = PCURVE('',#6373,#6504);
#6504 = DEFINITIONAL_REPRESENTATION('',(#6505),#6509);
#6505 = LINE('',#6506,#6507);
#6506 = CARTESIAN_POINT('',(35.8,-25.8));
#6507 = VECTOR('',#6508,1.);
#6508 = DIRECTION('',(0.,1.));
#6509 = ( GEOMETRIC_REPRESENTATION_CONTEXT(2) 
PARAMETRIC_REPRESENTATION_CONTEXT() REPRESENTATION_CONTEXT('2D SPACE',''
  ) );
#6510 = PCURVE('',#6511,#6516);
#6511 = PLANE('',#6512);
#6512 = AXIS2_PLACEMENT_3D('',#6513,#6514,#6515);
#6513 = CARTESIAN_POINT('',(35.8,-25.8,0.));
#6514 = DIRECTION('',(-1.,0.,0.));
#6515 = DIRECTION('',(0.,1.,0.));
#6516 = DEFINITIONAL_REPRESENTATION('',(#6517),#6521);
#6517 = LINE('',#6518,#6519);
#6518 = CARTESIAN_POINT('',(0.,0.));
#6519 = VECTOR('',#6520,1.);
#6520 = DIRECTION('',(1.,0.));
#6521 = ( GEOMETRIC_REPRESENTATION_CONTEXT(2) 
PARAMETRIC_REPRESENTATION_CONTEXT() REPRESENTATION_CONTEXT('2D SPACE',''
  ) );
#6522 = ORIENTED_EDGE('',*,*,#6523,.T.);
#6523 = EDGE_CURVE('',#6496,#6524,#6526,.T.);
#6524 = VERTEX_POINT('',#6525);
#6525 = CARTESIAN_POINT('',(33.8,25.8,0.));
#6526 = SURFACE_CURVE('',#6527,(#6532,#6539),.PCURVE_S1.);
#6527 = CIRCLE('',#6528,2.);
#6528 = AXIS2_PLACEMENT_3D('',#6529,#6530,#6531);
#6529 = CARTESIAN_POINT('',(33.8,23.8,0.));
#6530 = DIRECTION('',(0.,0.,1.));
#6531 = DIRECTION('',(0.,-1.,0.));
#6532 = PCURVE('',#6373,#6533);
#6533 = DEFINITIONAL_REPRESENTATION('',(#6534),#6538);
#6534 = CIRCLE('',#6535,2.);
#6535 = AXIS2_PLACEMENT_2D('',#6536,#6537);
#6536 = CARTESIAN_POINT('',(33.8,23.8));
#6537 = DIRECTION('',(0.,-1.));
#6538 = ( GEOMETRIC_REPRESENTATION_CONTEXT(2) 
PARAMETRIC_REPRESENTATION_CONTEXT() REPRESENTATION_CONTEXT('2D SPACE',''
  ) );
#6539 = PCURVE('',#6540,#6545);
#6540 = CYLINDRICAL_SURFACE('',#6541,2.);
#6541 = AXIS2_PLACEMENT_3D('',#6542,#6543,#6544);
#6542 = CARTESIAN_POINT('',(33.8,23.8,0.));
#6543 = DIRECTION('',(0.,0.,1.));
#6544 = DIRECTION('',(1.,0.,-0.));
#6545 = DEFINITIONAL_REPRESENTATION('',(#6546),#6550);
#6546 = LINE('',#6547,#6548);
#6547 = CARTESIAN_POINT('',(-1.570796326795,0.));
#6548 = VECTOR('',#6549,1.);
#6549 = DIRECTION('',(1.,0.));
#6550 = ( GEOMETRIC_REPRESENTATION_CONTEXT(2) 
PARAMETRIC_REPRESENTATION_CONTEXT() REPRESENTATION_CONTEXT('2D SPACE',''
  ) );
#6551 = ORIENTED_EDGE('',*,*,#6552,.T.);
#6552 = EDGE_CURVE('',#6524,#6553,#6555,.T.);
#6553 = VERTEX_POINT('',#6554);
#6554 = CARTESIAN_POINT('',(-33.8,25.8,0.));
#6555 = SURFACE_CURVE('',#6556,(#6560,#6567),.PCURVE_S1.);
#6556 = LINE('',#6557,#6558);
#6557 = CARTESIAN_POINT('',(35.8,25.8,0.));
#6558 = VECTOR('',#6559,1.);
#6559 = DIRECTION('',(-1.,0.,0.));
#6560 = PCURVE('',#6373,#6561);
#6561 = DEFINITIONAL_REPRESENTATION('',(#6562),#6566);
#6562 = LINE('',#6563,#6564);
#6563 = CARTESIAN_POINT('',(35.8,25.8));
#6564 = VECTOR('',#6565,1.);
#6565 = DIRECTION('',(-1.,0.));
#6566 = ( GEOMETRIC_REPRESENTATION_CONTEXT(2) 
PARAMETRIC_REPRESENTATION_CONTEXT() REPRESENTATION_CONTEXT('2D SPACE',''
  ) );
#6567 = PCURVE('',#6568,#6573);
#6568 = PLANE('',#6569);
#6569 = AXIS2_PLACEMENT_3D('',#6570,#6571,#6572);
#6570 = CARTESIAN_POINT('',(35.8,25.8,0.));
#6571 = DIRECTION('',(0.,-1.,0.));
#6572 = DIRECTION('',(-1.,0.,0.));
#6573 = DEFINITIONAL_REPRESENTATION('',(#6574),#6578);
#6574 = LINE('',#6575,#6576);
#6575 = CARTESIAN_POINT('',(0.,-0.));
#6576 = VECTOR('',#6577,1.);
#6577 = DIRECTION('',(1.,0.));
#6578 = ( GEOMETRIC_REPRESENTATION_CONTEXT(2) 
PARAMETRIC_REPRESENTATION_CONTEXT() REPRESENTATION_CONTEXT('2D SPACE',''
  ) );
#6579 = ORIENTED_EDGE('',*,*,#6580,.T.);
#6580 = EDGE_CURVE('',#6553,#6581,#6583,.T.);
#6581 = VERTEX_POINT('',#6582);
#6582 = CARTESIAN_POINT('',(-35.8,23.8,0.));
#6583 = SURFACE_CURVE('',#6584,(#6589,#6596),.PCURVE_S1.);
#6584 = CIRCLE('',#6585,2.);
#6585 = AXIS2_PLACEMENT_3D('',#6586,#6587,#6588);
#6586 = CARTESIAN_POINT('',(-33.8,23.8,0.));
#6587 = DIRECTION('',(0.,0.,1.));
#6588 = DIRECTION('',(0.,-1.,0.));
#6589 = PCURVE('',#6373,#6590);
#6590 = DEFINITIONAL_REPRESENTATION('',(#6591),#6595);
#6591 = CIRCLE('',#6592,2.);
#6592 = AXIS2_PLACEMENT_2D('',#6593,#6594);
#6593 = CARTESIAN_POINT('',(-33.8,23.8));
#6594 = DIRECTION('',(0.,-1.));
#6595 = ( GEOMETRIC_REPRESENTATION_CONTEXT(2) 
PARAMETRIC_REPRESENTATION_CONTEXT() REPRESENTATION_CONTEXT('2D SPACE',''
  ) );
#6596 = PCURVE('',#6597,#6602);
#6597 = CYLINDRICAL_SURFACE('',#6598,2.);
#6598 = AXIS2_PLACEMENT_3D('',#6599,#6600,#6601);
#6599 = CARTESIAN_POINT('',(-33.8,23.8,0.));
#6600 = DIRECTION('',(0.,0.,1.));
#6601 = DIRECTION('',(-0.,1.,0.));
#6602 = DEFINITIONAL_REPRESENTATION('',(#6603),#6607);
#6603 = LINE('',#6604,#6605);
#6604 = CARTESIAN_POINT('',(-3.14159265359,0.));
#6605 = VECTOR('',#6606,1.);
#6606 = DIRECTION('',(1.,0.));
#6607 = ( GEOMETRIC_REPRESENTATION_CONTEXT(2) 
PARAMETRIC_REPRESENTATION_CONTEXT() REPRESENTATION_CONTEXT('2D SPACE',''
  ) );
#6608 = ORIENTED_EDGE('',*,*,#6609,.T.);
#6609 = EDGE_CURVE('',#6581,#6610,#6612,.T.);
#6610 = VERTEX_POINT('',#6611);
#6611 = CARTESIAN_POINT('',(-35.8,-23.8,0.));
#6612 = SURFACE_CURVE('',#6613,(#6617,#6624),.PCURVE_S1.);
#6613 = LINE('',#6614,#6615);
#6614 = CARTESIAN_POINT('',(-35.8,25.8,0.));
#6615 = VECTOR('',#6616,1.);
#6616 = DIRECTION('',(0.,-1.,0.));
#6617 = PCURVE('',#6373,#6618);
#6618 = DEFINITIONAL_REPRESENTATION('',(#6619),#6623);
#6619 = LINE('',#6620,#6621);
#6620 = CARTESIAN_POINT('',(-35.8,25.8));
#6621 = VECTOR('',#6622,1.);
#6622 = DIRECTION('',(0.,-1.));
#6623 = ( GEOMETRIC_REPRESENTATION_CONTEXT(2) 
PARAMETRIC_REPRESENTATION_CONTEXT() REPRESENTATION_CONTEXT('2D SPACE',''
  ) );
#6624 = PCURVE('',#6625,#6630);
#6625 = PLANE('',#6626);
#6626 = AXIS2_PLACEMENT_3D('',#6627,#6628,#6629);
#6627 = CARTESIAN_POINT('',(-35.8,25.8,0.));
#6628 = DIRECTION('',(1.,0.,-0.));
#6629 = DIRECTION('',(0.,-1.,0.));
#6630 = DEFINITIONAL_REPRESENTATION('',(#6631),#6635);
#6631 = LINE('',#6632,#6633);
#6632 = CARTESIAN_POINT('',(0.,0.));
#6633 = VECTOR('',#6634,1.);
#6634 = DIRECTION('',(1.,0.));
#6635 = ( GEOMETRIC_REPRESENTATION_CONTEXT(2) 
PARAMETRIC_REPRESENTATION_CONTEXT() REPRESENTATION_CONTEXT('2D SPACE',''
  ) );
#6636 = ORIENTED_EDGE('',*,*,#6637,.F.);
#6637 = EDGE_CURVE('',#6351,#6610,#6638,.T.);
#6638 = SURFACE_CURVE('',#6639,(#6644,#6655),.PCURVE_S1.);
#6639 = CIRCLE('',#6640,2.);
#6640 = AXIS2_PLACEMENT_3D('',#6641,#6642,#6643);
#6641 = CARTESIAN_POINT('',(-33.8,-23.8,0.));
#6642 = DIRECTION('',(-0.,-0.,-1.));
#6643 = DIRECTION('',(0.,-1.,0.));
#6644 = PCURVE('',#6373,#6645);
#6645 = DEFINITIONAL_REPRESENTATION('',(#6646),#6654);
#6646 = ( BOUNDED_CURVE() B_SPLINE_CURVE(2,(#6647,#6648,#6649,#6650,
#6651,#6652,#6653),.UNSPECIFIED.,.T.,.F.) B_SPLINE_CURVE_WITH_KNOTS((1,2
    ,2,2,2,1),(-2.094395102393,0.,2.094395102393,4.188790204786,
6.28318530718,8.377580409573),.UNSPECIFIED.) CURVE() 
GEOMETRIC_REPRESENTATION_ITEM() RATIONAL_B_SPLINE_CURVE((1.,0.5,1.,0.5,
1.,0.5,1.)) REPRESENTATION_ITEM('') );
#6647 = CARTESIAN_POINT('',(-33.8,-25.8));
#6648 = CARTESIAN_POINT('',(-37.26410161513,-25.8));
#6649 = CARTESIAN_POINT('',(-35.53205080756,-22.8));
#6650 = CARTESIAN_POINT('',(-33.8,-19.8));
#6651 = CARTESIAN_POINT('',(-32.06794919243,-22.8));
#6652 = CARTESIAN_POINT('',(-30.33589838486,-25.8));
#6653 = CARTESIAN_POINT('',(-33.8,-25.8));
#6654 = ( GEOMETRIC_REPRESENTATION_CONTEXT(2) 
PARAMETRIC_REPRESENTATION_CONTEXT() REPRESENTATION_CONTEXT('2D SPACE',''
  ) );
#6655 = PCURVE('',#6401,#6656);
#6656 = DEFINITIONAL_REPRESENTATION('',(#6657),#6661);
#6657 = LINE('',#6658,#6659);
#6658 = CARTESIAN_POINT('',(-0.,0.));
#6659 = VECTOR('',#6660,1.);
#6660 = DIRECTION('',(-1.,0.));
#6661 = ( GEOMETRIC_REPRESENTATION_CONTEXT(2) 
PARAMETRIC_REPRESENTATION_CONTEXT() REPRESENTATION_CONTEXT('2D SPACE',''
  ) );
#6662 = FACE_BOUND('',#6663,.F.);
#6663 = EDGE_LOOP('',(#6664));
#6664 = ORIENTED_EDGE('',*,*,#6665,.F.);
#6665 = EDGE_CURVE('',#6666,#6666,#6668,.T.);
#6666 = VERTEX_POINT('',#6667);
#6667 = CARTESIAN_POINT('',(-30.3,-22.,0.));
#6668 = SURFACE_CURVE('',#6669,(#6674,#6681),.PCURVE_S1.);
#6669 = CIRCLE('',#6670,1.7);
#6670 = AXIS2_PLACEMENT_3D('',#6671,#6672,#6673);
#6671 = CARTESIAN_POINT('',(-32.,-22.,0.));
#6672 = DIRECTION('',(0.,0.,1.));
#6673 = DIRECTION('',(1.,0.,0.));
#6674 = PCURVE('',#6373,#6675);
#6675 = DEFINITIONAL_REPRESENTATION('',(#6676),#6680);
#6676 = CIRCLE('',#6677,1.7);
#6677 = AXIS2_PLACEMENT_2D('',#6678,#6679);
#6678 = CARTESIAN_POINT('',(-32.,-22.));
#6679 = DIRECTION('',(1.,0.));
#6680 = ( GEOMETRIC_REPRESENTATION_CONTEXT(2) 
PARAMETRIC_REPRESENTATION_CONTEXT() REPRESENTATION_CONTEXT('2D SPACE',''
  ) );
#6681 = PCURVE('',#6682,#6687);
#6682 = CYLINDRICAL_SURFACE('',#6683,1.7);
#6683 = AXIS2_PLACEMENT_3D('',#6684,#6685,#6686);
#6684 = CARTESIAN_POINT('',(-32.,-22.,0.));
#6685 = DIRECTION('',(-0.,-0.,-1.));
#6686 = DIRECTION('',(1.,0.,0.));
#6687 = DEFINITIONAL_REPRESENTATION('',(#6688),#6692);
#6688 = LINE('',#6689,#6690);
#6689 = CARTESIAN_POINT('',(-0.,0.));
#6690 = VECTOR('',#6691,1.);
#6691 = DIRECTION('',(-1.,0.));
#6692 = ( GEOMETRIC_REPRESENTATION_CONTEXT(2) 
PARAMETRIC_REPRESENTATION_CONTEXT() REPRESENTATION_CONTEXT('2D SPACE',''
  ) );
#6693 = FACE_BOUND('',#6694,.F.);
#6694 = EDGE_LOOP('',(#6695));
#6695 = ORIENTED_EDGE('',*,*,#6696,.F.);
#6696 = EDGE_CURVE('',#6697,#6697,#6699,.T.);
#6697 = VERTEX_POINT('',#6698);
#6698 = CARTESIAN_POINT('',(33.7,-22.,0.));
#6699 = SURFACE_CURVE('',#6700,(#6705,#6712),.PCURVE_S1.);
#6700 = CIRCLE('',#6701,1.7);
#6701 = AXIS2_PLACEMENT_3D('',#6702,#6703,#6704);
#6702 = CARTESIAN_POINT('',(32.,-22.,0.));
#6703 = DIRECTION('',(0.,0.,1.));
#6704 = DIRECTION('',(1.,0.,0.));
#6705 = PCURVE('',#6373,#6706);
#6706 = DEFINITIONAL_REPRESENTATION('',(#6707),#6711);
#6707 = CIRCLE('',#6708,1.7);
#6708 = AXIS2_PLACEMENT_2D('',#6709,#6710);
#6709 = CARTESIAN_POINT('',(32.,-22.));
#6710 = DIRECTION('',(1.,0.));
#6711 = ( GEOMETRIC_REPRESENTATION_CONTEXT(2) 
PARAMETRIC_REPRESENTATION_CONTEXT() REPRESENTATION_CONTEXT('2D SPACE',''
  ) );
#6712 = PCURVE('',#6713,#6718);
#6713 = CYLINDRICAL_SURFACE('',#6714,1.7);
#6714 = AXIS2_PLACEMENT_3D('',#6715,#6716,#6717);
#6715 = CARTESIAN_POINT('',(32.,-22.,0.));
#6716 = DIRECTION('',(-0.,-0.,-1.));
#6717 = DIRECTION('',(1.,0.,0.));
#6718 = DEFINITIONAL_REPRESENTATION('',(#6719),#6723);
#6719 = LINE('',#6720,#6721);
#6720 = CARTESIAN_POINT('',(-0.,0.));
#6721 = VECTOR('',#6722,1.);
#6722 = DIRECTION('',(-1.,0.));
#6723 = ( GEOMETRIC_REPRESENTATION_CONTEXT(2) 
PARAMETRIC_REPRESENTATION_CONTEXT() REPRESENTATION_CONTEXT('2D SPACE',''
  ) );
#6724 = FACE_BOUND('',#6725,.F.);
#6725 = EDGE_LOOP('',(#6726));
#6726 = ORIENTED_EDGE('',*,*,#6727,.F.);
#6727 = EDGE_CURVE('',#6728,#6728,#6730,.T.);
#6728 = VERTEX_POINT('',#6729);
#6729 = CARTESIAN_POINT('',(-30.3,22.,0.));
#6730 = SURFACE_CURVE('',#6731,(#6736,#6743),.PCURVE_S1.);
#6731 = CIRCLE('',#6732,1.7);
#6732 = AXIS2_PLACEMENT_3D('',#6733,#6734,#6735);
#6733 = CARTESIAN_POINT('',(-32.,22.,0.));
#6734 = DIRECTION('',(0.,0.,1.));
#6735 = DIRECTION('',(1.,0.,0.));
#6736 = PCURVE('',#6373,#6737);
#6737 = DEFINITIONAL_REPRESENTATION('',(#6738),#6742);
#6738 = CIRCLE('',#6739,1.7);
#6739 = AXIS2_PLACEMENT_2D('',#6740,#6741);
#6740 = CARTESIAN_POINT('',(-32.,22.));
#6741 = DIRECTION('',(1.,0.));
#6742 = ( GEOMETRIC_REPRESENTATION_CONTEXT(2) 
PARAMETRIC_REPRESENTATION_CONTEXT() REPRESENTATION_CONTEXT('2D SPACE',''
  ) );
#6743 = PCURVE('',#6744,#6749);
#6744 = CYLINDRICAL_SURFACE('',#6745,1.7);
#6745 = AXIS2_PLACEMENT_3D('',#6746,#6747,#6748);
#6746 = CARTESIAN_POINT('',(-32.,22.,0.));
#6747 = DIRECTION('',(-0.,-0.,-1.));
#6748 = DIRECTION('',(1.,0.,0.));
#6749 = DEFINITIONAL_REPRESENTATION('',(#6750),#6754);
#6750 = LINE('',#6751,#6752);
#6751 = CARTESIAN_POINT('',(-0.,0.));
#6752 = VECTOR('',#6753,1.);
#6753 = DIRECTION('',(-1.,0.));
#6754 = ( GEOMETRIC_REPRESENTATION_CONTEXT(2) 
PARAMETRIC_REPRESENTATION_CONTEXT() REPRESENTATION_CONTEXT('2D SPACE',''
  ) );
#6755 = FACE_BOUND('',#6756,.F.);
#6756 = EDGE_LOOP('',(#6757));
#6757 = ORIENTED_EDGE('',*,*,#6758,.F.);
#6758 = EDGE_CURVE('',#6759,#6759,#6761,.T.);
#6759 = VERTEX_POINT('',#6760);
#6760 = CARTESIAN_POINT('',(33.7,22.,0.));
#6761 = SURFACE_CURVE('',#6762,(#6767,#6774),.PCURVE_S1.);
#6762 = CIRCLE('',#6763,1.7);
#6763 = AXIS2_PLACEMENT_3D('',#6764,#6765,#6766);
#6764 = CARTESIAN_POINT('',(32.,22.,0.));
#6765 = DIRECTION('',(0.,0.,1.));
#6766 = DIRECTION('',(1.,0.,0.));
#6767 = PCURVE('',#6373,#6768);
#6768 = DEFINITIONAL_REPRESENTATION('',(#6769),#6773);
#6769 = CIRCLE('',#6770,1.7);
#6770 = AXIS2_PLACEMENT_2D('',#6771,#6772);
#6771 = CARTESIAN_POINT('',(32.,22.));
#6772 = DIRECTION('',(1.,0.));
#6773 = ( GEOMETRIC_REPRESENTATION_CONTEXT(2) 
PARAMETRIC_REPRESENTATION_CONTEXT() REPRESENTATION_CONTEXT('2D SPACE',''
  ) );
#6774 = PCURVE('',#6775,#6780);
#6775 = CYLINDRICAL_SURFACE('',#6776,1.7);
#6776 = AXIS2_PLACEMENT_3D('',#6777,#6778,#6779);
#6777 = CARTESIAN_POINT('',(32.,22.,0.));
#6778 = DIRECTION('',(-0.,-0.,-1.));
#6779 = DIRECTION('',(1.,0.,0.));
#6780 = DEFINITIONAL_REPRESENTATION('',(#6781),#6785);
#6781 = LINE('',#6782,#6783);
#6782 = CARTESIAN_POINT('',(-0.,0.));
#6783 = VECTOR('',#6784,1.);
#6784 = DIRECTION('',(-1.,0.));
#6785 = ( GEOMETRIC_REPRESENTATION_CONTEXT(2) 
PARAMETRIC_REPRESENTATION_CONTEXT() REPRESENTATION_CONTEXT('2D SPACE',''
  ) );
#6786 = ADVANCED_FACE('',(#6787),#6401,.T.);
#6787 = FACE_BOUND('',#6788,.F.);
#6788 = EDGE_LOOP('',(#6789,#6790,#6813,#6839));
#6789 = ORIENTED_EDGE('',*,*,#6637,.T.);
#6790 = ORIENTED_EDGE('',*,*,#6791,.T.);
#6791 = EDGE_CURVE('',#6610,#6792,#6794,.T.);
#6792 = VERTEX_POINT('',#6793);
#6793 = CARTESIAN_POINT('',(-35.8,-23.8,3.));
#6794 = SURFACE_CURVE('',#6795,(#6799,#6806),.PCURVE_S1.);
#6795 = LINE('',#6796,#6797);
#6796 = CARTESIAN_POINT('',(-35.8,-23.8,0.));
#6797 = VECTOR('',#6798,1.);
#6798 = DIRECTION('',(0.,0.,1.));
#6799 = PCURVE('',#6401,#6800);
#6800 = DEFINITIONAL_REPRESENTATION('',(#6801),#6805);
#6801 = LINE('',#6802,#6803);
#6802 = CARTESIAN_POINT('',(-1.570796326795,0.));
#6803 = VECTOR('',#6804,1.);
#6804 = DIRECTION('',(-0.,1.));
#6805 = ( GEOMETRIC_REPRESENTATION_CONTEXT(2) 
PARAMETRIC_REPRESENTATION_CONTEXT() REPRESENTATION_CONTEXT('2D SPACE',''
  ) );
#6806 = PCURVE('',#6625,#6807);
#6807 = DEFINITIONAL_REPRESENTATION('',(#6808),#6812);
#6808 = LINE('',#6809,#6810);
#6809 = CARTESIAN_POINT('',(49.6,0.));
#6810 = VECTOR('',#6811,1.);
#6811 = DIRECTION('',(0.,-1.));
#6812 = ( GEOMETRIC_REPRESENTATION_CONTEXT(2) 
PARAMETRIC_REPRESENTATION_CONTEXT() REPRESENTATION_CONTEXT('2D SPACE',''
  ) );
#6813 = ORIENTED_EDGE('',*,*,#6814,.F.);
#6814 = EDGE_CURVE('',#6386,#6792,#6815,.T.);
#6815 = SURFACE_CURVE('',#6816,(#6821,#6828),.PCURVE_S1.);
#6816 = CIRCLE('',#6817,2.);
#6817 = AXIS2_PLACEMENT_3D('',#6818,#6819,#6820);
#6818 = CARTESIAN_POINT('',(-33.8,-23.8,3.));
#6819 = DIRECTION('',(-0.,-0.,-1.));
#6820 = DIRECTION('',(0.,-1.,0.));
#6821 = PCURVE('',#6401,#6822);
#6822 = DEFINITIONAL_REPRESENTATION('',(#6823),#6827);
#6823 = LINE('',#6824,#6825);
#6824 = CARTESIAN_POINT('',(-0.,3.));
#6825 = VECTOR('',#6826,1.);
#6826 = DIRECTION('',(-1.,0.));
#6827 = ( GEOMETRIC_REPRESENTATION_CONTEXT(2) 
PARAMETRIC_REPRESENTATION_CONTEXT() REPRESENTATION_CONTEXT('2D SPACE',''
  ) );
#6828 = PCURVE('',#6429,#6829);
#6829 = DEFINITIONAL_REPRESENTATION('',(#6830),#6838);
#6830 = ( BOUNDED_CURVE() B_SPLINE_CURVE(2,(#6831,#6832,#6833,#6834,
#6835,#6836,#6837),.UNSPECIFIED.,.T.,.F.) B_SPLINE_CURVE_WITH_KNOTS((1,2
    ,2,2,2,1),(-2.094395102393,0.,2.094395102393,4.188790204786,
6.28318530718,8.377580409573),.UNSPECIFIED.) CURVE() 
GEOMETRIC_REPRESENTATION_ITEM() RATIONAL_B_SPLINE_CURVE((1.,0.5,1.,0.5,
1.,0.5,1.)) REPRESENTATION_ITEM('') );
#6831 = CARTESIAN_POINT('',(-33.8,-25.8));
#6832 = CARTESIAN_POINT('',(-37.26410161513,-25.8));
#6833 = CARTESIAN_POINT('',(-35.53205080756,-22.8));
#6834 = CARTESIAN_POINT('',(-33.8,-19.8));
#6835 = CARTESIAN_POINT('',(-32.06794919243,-22.8));
#6836 = CARTESIAN_POINT('',(-30.33589838486,-25.8));
#6837 = CARTESIAN_POINT('',(-33.8,-25.8));
#6838 = ( GEOMETRIC_REPRESENTATION_CONTEXT(2) 
PARAMETRIC_REPRESENTATION_CONTEXT() REPRESENTATION_CONTEXT('2D SPACE',''
  ) );
#6839 = ORIENTED_EDGE('',*,*,#6385,.F.);
#6840 = ADVANCED_FACE('',(#6841),#6455,.T.);
#6841 = FACE_BOUND('',#6842,.T.);
#6842 = EDGE_LOOP('',(#6843,#6844,#6867,#6889));
#6843 = ORIENTED_EDGE('',*,*,#6471,.T.);
#6844 = ORIENTED_EDGE('',*,*,#6845,.T.);
#6845 = EDGE_CURVE('',#6472,#6846,#6848,.T.);
#6846 = VERTEX_POINT('',#6847);
#6847 = CARTESIAN_POINT('',(35.8,-23.8,3.));
#6848 = SURFACE_CURVE('',#6849,(#6853,#6860),.PCURVE_S1.);
#6849 = LINE('',#6850,#6851);
#6850 = CARTESIAN_POINT('',(35.8,-23.8,0.));
#6851 = VECTOR('',#6852,1.);
#6852 = DIRECTION('',(0.,0.,1.));
#6853 = PCURVE('',#6455,#6854);
#6854 = DEFINITIONAL_REPRESENTATION('',(#6855),#6859);
#6855 = LINE('',#6856,#6857);
#6856 = CARTESIAN_POINT('',(1.570796326795,0.));
#6857 = VECTOR('',#6858,1.);
#6858 = DIRECTION('',(0.,1.));
#6859 = ( GEOMETRIC_REPRESENTATION_CONTEXT(2) 
PARAMETRIC_REPRESENTATION_CONTEXT() REPRESENTATION_CONTEXT('2D SPACE',''
  ) );
#6860 = PCURVE('',#6511,#6861);
#6861 = DEFINITIONAL_REPRESENTATION('',(#6862),#6866);
#6862 = LINE('',#6863,#6864);
#6863 = CARTESIAN_POINT('',(2.,0.));
#6864 = VECTOR('',#6865,1.);
#6865 = DIRECTION('',(0.,-1.));
#6866 = ( GEOMETRIC_REPRESENTATION_CONTEXT(2) 
PARAMETRIC_REPRESENTATION_CONTEXT() REPRESENTATION_CONTEXT('2D SPACE',''
  ) );
#6867 = ORIENTED_EDGE('',*,*,#6868,.F.);
#6868 = EDGE_CURVE('',#6414,#6846,#6869,.T.);
#6869 = SURFACE_CURVE('',#6870,(#6875,#6882),.PCURVE_S1.);
#6870 = CIRCLE('',#6871,2.);
#6871 = AXIS2_PLACEMENT_3D('',#6872,#6873,#6874);
#6872 = CARTESIAN_POINT('',(33.8,-23.8,3.));
#6873 = DIRECTION('',(0.,0.,1.));
#6874 = DIRECTION('',(0.,-1.,0.));
#6875 = PCURVE('',#6455,#6876);
#6876 = DEFINITIONAL_REPRESENTATION('',(#6877),#6881);
#6877 = LINE('',#6878,#6879);
#6878 = CARTESIAN_POINT('',(0.,3.));
#6879 = VECTOR('',#6880,1.);
#6880 = DIRECTION('',(1.,0.));
#6881 = ( GEOMETRIC_REPRESENTATION_CONTEXT(2) 
PARAMETRIC_REPRESENTATION_CONTEXT() REPRESENTATION_CONTEXT('2D SPACE',''
  ) );
#6882 = PCURVE('',#6429,#6883);
#6883 = DEFINITIONAL_REPRESENTATION('',(#6884),#6888);
#6884 = CIRCLE('',#6885,2.);
#6885 = AXIS2_PLACEMENT_2D('',#6886,#6887);
#6886 = CARTESIAN_POINT('',(33.8,-23.8));
#6887 = DIRECTION('',(0.,-1.));
#6888 = ( GEOMETRIC_REPRESENTATION_CONTEXT(2) 
PARAMETRIC_REPRESENTATION_CONTEXT() REPRESENTATION_CONTEXT('2D SPACE',''
  ) );
#6889 = ORIENTED_EDGE('',*,*,#6441,.F.);
#6890 = ADVANCED_FACE('',(#6891,#7011,#7037,#7063,#7089,#7195),#6429,.T.
  );
#6891 = FACE_BOUND('',#6892,.T.);
#6892 = EDGE_LOOP('',(#6893,#6894,#6895,#6918,#6942,#6965,#6989,#7010));
#6893 = ORIENTED_EDGE('',*,*,#6413,.T.);
#6894 = ORIENTED_EDGE('',*,*,#6868,.T.);
#6895 = ORIENTED_EDGE('',*,*,#6896,.T.);
#6896 = EDGE_CURVE('',#6846,#6897,#6899,.T.);
#6897 = VERTEX_POINT('',#6898);
#6898 = CARTESIAN_POINT('',(35.8,23.8,3.));
#6899 = SURFACE_CURVE('',#6900,(#6904,#6911),.PCURVE_S1.);
#6900 = LINE('',#6901,#6902);
#6901 = CARTESIAN_POINT('',(35.8,-25.8,3.));
#6902 = VECTOR('',#6903,1.);
#6903 = DIRECTION('',(0.,1.,0.));
#6904 = PCURVE('',#6429,#6905);
#6905 = DEFINITIONAL_REPRESENTATION('',(#6906),#6910);
#6906 = LINE('',#6907,#6908);
#6907 = CARTESIAN_POINT('',(35.8,-25.8));
#6908 = VECTOR('',#6909,1.);
#6909 = DIRECTION('',(0.,1.));
#6910 = ( GEOMETRIC_REPRESENTATION_CONTEXT(2) 
PARAMETRIC_REPRESENTATION_CONTEXT() REPRESENTATION_CONTEXT('2D SPACE',''
  ) );
#6911 = PCURVE('',#6511,#6912);
#6912 = DEFINITIONAL_REPRESENTATION('',(#6913),#6917);
#6913 = LINE('',#6914,#6915);
#6914 = CARTESIAN_POINT('',(0.,-3.));
#6915 = VECTOR('',#6916,1.);
#6916 = DIRECTION('',(1.,0.));
#6917 = ( GEOMETRIC_REPRESENTATION_CONTEXT(2) 
PARAMETRIC_REPRESENTATION_CONTEXT() REPRESENTATION_CONTEXT('2D SPACE',''
  ) );
#6918 = ORIENTED_EDGE('',*,*,#6919,.T.);
#6919 = EDGE_CURVE('',#6897,#6920,#6922,.T.);
#6920 = VERTEX_POINT('',#6921);
#6921 = CARTESIAN_POINT('',(33.8,25.8,3.));
#6922 = SURFACE_CURVE('',#6923,(#6928,#6935),.PCURVE_S1.);
#6923 = CIRCLE('',#6924,2.);
#6924 = AXIS2_PLACEMENT_3D('',#6925,#6926,#6927);
#6925 = CARTESIAN_POINT('',(33.8,23.8,3.));
#6926 = DIRECTION('',(0.,0.,1.));
#6927 = DIRECTION('',(0.,-1.,0.));
#6928 = PCURVE('',#6429,#6929);
#6929 = DEFINITIONAL_REPRESENTATION('',(#6930),#6934);
#6930 = CIRCLE('',#6931,2.);
#6931 = AXIS2_PLACEMENT_2D('',#6932,#6933);
#6932 = CARTESIAN_POINT('',(33.8,23.8));
#6933 = DIRECTION('',(0.,-1.));
#6934 = ( GEOMETRIC_REPRESENTATION_CONTEXT(2) 
PARAMETRIC_REPRESENTATION_CONTEXT() REPRESENTATION_CONTEXT('2D SPACE',''
  ) );
#6935 = PCURVE('',#6540,#6936);
#6936 = DEFINITIONAL_REPRESENTATION('',(#6937),#6941);
#6937 = LINE('',#6938,#6939);
#6938 = CARTESIAN_POINT('',(-1.570796326795,3.));
#6939 = VECTOR('',#6940,1.);
#6940 = DIRECTION('',(1.,0.));
#6941 = ( GEOMETRIC_REPRESENTATION_CONTEXT(2) 
PARAMETRIC_REPRESENTATION_CONTEXT() REPRESENTATION_CONTEXT('2D SPACE',''
  ) );
#6942 = ORIENTED_EDGE('',*,*,#6943,.T.);
#6943 = EDGE_CURVE('',#6920,#6944,#6946,.T.);
#6944 = VERTEX_POINT('',#6945);
#6945 = CARTESIAN_POINT('',(-33.8,25.8,3.));
#6946 = SURFACE_CURVE('',#6947,(#6951,#6958),.PCURVE_S1.);
#6947 = LINE('',#6948,#6949);
#6948 = CARTESIAN_POINT('',(35.8,25.8,3.));
#6949 = VECTOR('',#6950,1.);
#6950 = DIRECTION('',(-1.,0.,0.));
#6951 = PCURVE('',#6429,#6952);
#6952 = DEFINITIONAL_REPRESENTATION('',(#6953),#6957);
#6953 = LINE('',#6954,#6955);
#6954 = CARTESIAN_POINT('',(35.8,25.8));
#6955 = VECTOR('',#6956,1.);
#6956 = DIRECTION('',(-1.,0.));
#6957 = ( GEOMETRIC_REPRESENTATION_CONTEXT(2) 
PARAMETRIC_REPRESENTATION_CONTEXT() REPRESENTATION_CONTEXT('2D SPACE',''
  ) );
#6958 = PCURVE('',#6568,#6959);
#6959 = DEFINITIONAL_REPRESENTATION('',(#6960),#6964);
#6960 = LINE('',#6961,#6962);
#6961 = CARTESIAN_POINT('',(0.,-3.));
#6962 = VECTOR('',#6963,1.);
#6963 = DIRECTION('',(1.,0.));
#6964 = ( GEOMETRIC_REPRESENTATION_CONTEXT(2) 
PARAMETRIC_REPRESENTATION_CONTEXT() REPRESENTATION_CONTEXT('2D SPACE',''
  ) );
#6965 = ORIENTED_EDGE('',*,*,#6966,.T.);
#6966 = EDGE_CURVE('',#6944,#6967,#6969,.T.);
#6967 = VERTEX_POINT('',#6968);
#6968 = CARTESIAN_POINT('',(-35.8,23.8,3.));
#6969 = SURFACE_CURVE('',#6970,(#6975,#6982),.PCURVE_S1.);
#6970 = CIRCLE('',#6971,2.);
#6971 = AXIS2_PLACEMENT_3D('',#6972,#6973,#6974);
#6972 = CARTESIAN_POINT('',(-33.8,23.8,3.));
#6973 = DIRECTION('',(0.,0.,1.));
#6974 = DIRECTION('',(0.,-1.,0.));
#6975 = PCURVE('',#6429,#6976);
#6976 = DEFINITIONAL_REPRESENTATION('',(#6977),#6981);
#6977 = CIRCLE('',#6978,2.);
#6978 = AXIS2_PLACEMENT_2D('',#6979,#6980);
#6979 = CARTESIAN_POINT('',(-33.8,23.8));
#6980 = DIRECTION('',(0.,-1.));
#6981 = ( GEOMETRIC_REPRESENTATION_CONTEXT(2) 
PARAMETRIC_REPRESENTATION_CONTEXT() REPRESENTATION_CONTEXT('2D SPACE',''
  ) );
#6982 = PCURVE('',#6597,#6983);
#6983 = DEFINITIONAL_REPRESENTATION('',(#6984),#6988);
#6984 = LINE('',#6985,#6986);
#6985 = CARTESIAN_POINT('',(-3.14159265359,3.));
#6986 = VECTOR('',#6987,1.);
#6987 = DIRECTION('',(1.,0.));
#6988 = ( GEOMETRIC_REPRESENTATION_CONTEXT(2) 
PARAMETRIC_REPRESENTATION_CONTEXT() REPRESENTATION_CONTEXT('2D SPACE',''
  ) );
#6989 = ORIENTED_EDGE('',*,*,#6990,.T.);
#6990 = EDGE_CURVE('',#6967,#6792,#6991,.T.);
#6991 = SURFACE_CURVE('',#6992,(#6996,#7003),.PCURVE_S1.);
#6992 = LINE('',#6993,#6994);
#6993 = CARTESIAN_POINT('',(-35.8,25.8,3.));
#6994 = VECTOR('',#6995,1.);
#6995 = DIRECTION('',(0.,-1.,0.));
#6996 = PCURVE('',#6429,#6997);
#6997 = DEFINITIONAL_REPRESENTATION('',(#6998),#7002);
#6998 = LINE('',#6999,#7000);
#6999 = CARTESIAN_POINT('',(-35.8,25.8));
#7000 = VECTOR('',#7001,1.);
#7001 = DIRECTION('',(0.,-1.));
#7002 = ( GEOMETRIC_REPRESENTATION_CONTEXT(2) 
PARAMETRIC_REPRESENTATION_CONTEXT() REPRESENTATION_CONTEXT('2D SPACE',''
  ) );
#7003 = PCURVE('',#6625,#7004);
#7004 = DEFINITIONAL_REPRESENTATION('',(#7005),#7009);
#7005 = LINE('',#7006,#7007);
#7006 = CARTESIAN_POINT('',(0.,-3.));
#7007 = VECTOR('',#7008,1.);
#7008 = DIRECTION('',(1.,0.));
#7009 = ( GEOMETRIC_REPRESENTATION_CONTEXT(2) 
PARAMETRIC_REPRESENTATION_CONTEXT() REPRESENTATION_CONTEXT('2D SPACE',''
  ) );
#7010 = ORIENTED_EDGE('',*,*,#6814,.F.);
#7011 = FACE_BOUND('',#7012,.T.);
#7012 = EDGE_LOOP('',(#7013));
#7013 = ORIENTED_EDGE('',*,*,#7014,.F.);
#7014 = EDGE_CURVE('',#7015,#7015,#7017,.T.);
#7015 = VERTEX_POINT('',#7016);
#7016 = CARTESIAN_POINT('',(-30.3,-22.,3.));
#7017 = SURFACE_CURVE('',#7018,(#7023,#7030),.PCURVE_S1.);
#7018 = CIRCLE('',#7019,1.7);
#7019 = AXIS2_PLACEMENT_3D('',#7020,#7021,#7022);
#7020 = CARTESIAN_POINT('',(-32.,-22.,3.));
#7021 = DIRECTION('',(0.,0.,1.));
#7022 = DIRECTION('',(1.,0.,0.));
#7023 = PCURVE('',#6429,#7024);
#7024 = DEFINITIONAL_REPRESENTATION('',(#7025),#7029);
#7025 = CIRCLE('',#7026,1.7);
#7026 = AXIS2_PLACEMENT_2D('',#7027,#7028);
#7027 = CARTESIAN_POINT('',(-32.,-22.));
#7028 = DIRECTION('',(1.,0.));
#7029 = ( GEOMETRIC_REPRESENTATION_CONTEXT(2) 
PARAMETRIC_REPRESENTATION_CONTEXT() REPRESENTATION_CONTEXT('2D SPACE',''
  ) );
#7030 = PCURVE('',#6682,#7031);
#7031 = DEFINITIONAL_REPRESENTATION('',(#7032),#7036);
#7032 = LINE('',#7033,#7034);
#7033 = CARTESIAN_POINT('',(-0.,-3.));
#7034 = VECTOR('',#7035,1.);
#7035 = DIRECTION('',(-1.,0.));
#7036 = ( GEOMETRIC_REPRESENTATION_CONTEXT(2) 
PARAMETRIC_REPRESENTATION_CONTEXT() REPRESENTATION_CONTEXT('2D SPACE',''
  ) );
#7037 = FACE_BOUND('',#7038,.T.);
#7038 = EDGE_LOOP('',(#7039));
#7039 = ORIENTED_EDGE('',*,*,#7040,.F.);
#7040 = EDGE_CURVE('',#7041,#7041,#7043,.T.);
#7041 = VERTEX_POINT('',#7042);
#7042 = CARTESIAN_POINT('',(33.7,-22.,3.));
#7043 = SURFACE_CURVE('',#7044,(#7049,#7056),.PCURVE_S1.);
#7044 = CIRCLE('',#7045,1.7);
#7045 = AXIS2_PLACEMENT_3D('',#7046,#7047,#7048);
#7046 = CARTESIAN_POINT('',(32.,-22.,3.));
#7047 = DIRECTION('',(0.,0.,1.));
#7048 = DIRECTION('',(1.,0.,0.));
#7049 = PCURVE('',#6429,#7050);
#7050 = DEFINITIONAL_REPRESENTATION('',(#7051),#7055);
#7051 = CIRCLE('',#7052,1.7);
#7052 = AXIS2_PLACEMENT_2D('',#7053,#7054);
#7053 = CARTESIAN_POINT('',(32.,-22.));
#7054 = DIRECTION('',(1.,0.));
#7055 = ( GEOMETRIC_REPRESENTATION_CONTEXT(2) 
PARAMETRIC_REPRESENTATION_CONTEXT() REPRESENTATION_CONTEXT('2D SPACE',''
  ) );
#7056 = PCURVE('',#6713,#7057);
#7057 = DEFINITIONAL_REPRESENTATION('',(#7058),#7062);
#7058 = LINE('',#7059,#7060);
#7059 = CARTESIAN_POINT('',(-0.,-3.));
#7060 = VECTOR('',#7061,1.);
#7061 = DIRECTION('',(-1.,0.));
#7062 = ( GEOMETRIC_REPRESENTATION_CONTEXT(2) 
PARAMETRIC_REPRESENTATION_CONTEXT() REPRESENTATION_CONTEXT('2D SPACE',''
  ) );
#7063 = FACE_BOUND('',#7064,.T.);
#7064 = EDGE_LOOP('',(#7065));
#7065 = ORIENTED_EDGE('',*,*,#7066,.F.);
#7066 = EDGE_CURVE('',#7067,#7067,#7069,.T.);
#7067 = VERTEX_POINT('',#7068);
#7068 = CARTESIAN_POINT('',(-30.3,22.,3.));
#7069 = SURFACE_CURVE('',#7070,(#7075,#7082),.PCURVE_S1.);
#7070 = CIRCLE('',#7071,1.7);
#7071 = AXIS2_PLACEMENT_3D('',#7072,#7073,#7074);
#7072 = CARTESIAN_POINT('',(-32.,22.,3.));
#7073 = DIRECTION('',(0.,0.,1.));
#7074 = DIRECTION('',(1.,0.,0.));
#7075 = PCURVE('',#6429,#7076);
#7076 = DEFINITIONAL_REPRESENTATION('',(#7077),#7081);
#7077 = CIRCLE('',#7078,1.7);
#7078 = AXIS2_PLACEMENT_2D('',#7079,#7080);
#7079 = CARTESIAN_POINT('',(-32.,22.));
#7080 = DIRECTION('',(1.,0.));
#7081 = ( GEOMETRIC_REPRESENTATION_CONTEXT(2) 
PARAMETRIC_REPRESENTATION_CONTEXT() REPRESENTATION_CONTEXT('2D SPACE',''
  ) );
#7082 = PCURVE('',#6744,#7083);
#7083 = DEFINITIONAL_REPRESENTATION('',(#7084),#7088);
#7084 = LINE('',#7085,#7086);
#7085 = CARTESIAN_POINT('',(-0.,-3.));
#7086 = VECTOR('',#7087,1.);
#7087 = DIRECTION('',(-1.,0.));
#7088 = ( GEOMETRIC_REPRESENTATION_CONTEXT(2) 
PARAMETRIC_REPRESENTATION_CONTEXT() REPRESENTATION_CONTEXT('2D SPACE',''
  ) );
#7089 = FACE_BOUND('',#7090,.T.);
#7090 = EDGE_LOOP('',(#7091,#7119,#7145,#7171));
#7091 = ORIENTED_EDGE('',*,*,#7092,.T.);
#7092 = EDGE_CURVE('',#7093,#7095,#7097,.T.);
#7093 = VERTEX_POINT('',#7094);
#7094 = CARTESIAN_POINT('',(6.,1.5,3.));
#7095 = VERTEX_POINT('',#7096);
#7096 = CARTESIAN_POINT('',(6.,-1.5,3.));
#7097 = SURFACE_CURVE('',#7098,(#7102,#7108),.PCURVE_S1.);
#7098 = LINE('',#7099,#7100);
#7099 = CARTESIAN_POINT('',(6.,-0.75,3.));
#7100 = VECTOR('',#7101,1.);
#7101 = DIRECTION('',(0.,-1.,0.));
#7102 = PCURVE('',#6429,#7103);
#7103 = DEFINITIONAL_REPRESENTATION('',(#7104),#7107);
#7104 = B_SPLINE_CURVE_WITH_KNOTS('',1,(#7105,#7106),.UNSPECIFIED.,.F.,
  .F.,(2,2),(-2.25,0.75),.PIECEWISE_BEZIER_KNOTS.);
#7105 = CARTESIAN_POINT('',(6.,1.5));
#7106 = CARTESIAN_POINT('',(6.,-1.5));
#7107 = ( GEOMETRIC_REPRESENTATION_CONTEXT(2) 
PARAMETRIC_REPRESENTATION_CONTEXT() REPRESENTATION_CONTEXT('2D SPACE',''
  ) );
#7108 = PCURVE('',#7109,#7114);
#7109 = PLANE('',#7110);
#7110 = AXIS2_PLACEMENT_3D('',#7111,#7112,#7113);
#7111 = CARTESIAN_POINT('',(6.,-1.5,2.2));
#7112 = DIRECTION('',(-1.,0.,0.));
#7113 = DIRECTION('',(0.,1.,0.));
#7114 = DEFINITIONAL_REPRESENTATION('',(#7115),#7118);
#7115 = B_SPLINE_CURVE_WITH_KNOTS('',1,(#7116,#7117),.UNSPECIFIED.,.F.,
  .F.,(2,2),(-2.25,0.75),.PIECEWISE_BEZIER_KNOTS.);
#7116 = CARTESIAN_POINT('',(3.,-0.8));
#7117 = CARTESIAN_POINT('',(0.,-0.8));
#7118 = ( GEOMETRIC_REPRESENTATION_CONTEXT(2) 
PARAMETRIC_REPRESENTATION_CONTEXT() REPRESENTATION_CONTEXT('2D SPACE',''
  ) );
#7119 = ORIENTED_EDGE('',*,*,#7120,.T.);
#7120 = EDGE_CURVE('',#7095,#7121,#7123,.T.);
#7121 = VERTEX_POINT('',#7122);
#7122 = CARTESIAN_POINT('',(-6.,-1.5,3.));
#7123 = SURFACE_CURVE('',#7124,(#7128,#7134),.PCURVE_S1.);
#7124 = LINE('',#7125,#7126);
#7125 = CARTESIAN_POINT('',(-3.,-1.5,3.));
#7126 = VECTOR('',#7127,1.);
#7127 = DIRECTION('',(-1.,0.,0.));
#7128 = PCURVE('',#6429,#7129);
#7129 = DEFINITIONAL_REPRESENTATION('',(#7130),#7133);
#7130 = B_SPLINE_CURVE_WITH_KNOTS('',1,(#7131,#7132),.UNSPECIFIED.,.F.,
  .F.,(2,2),(-9.,3.),.PIECEWISE_BEZIER_KNOTS.);
#7131 = CARTESIAN_POINT('',(6.,-1.5));
#7132 = CARTESIAN_POINT('',(-6.,-1.5));
#7133 = ( GEOMETRIC_REPRESENTATION_CONTEXT(2) 
PARAMETRIC_REPRESENTATION_CONTEXT() REPRESENTATION_CONTEXT('2D SPACE',''
  ) );
#7134 = PCURVE('',#7135,#7140);
#7135 = PLANE('',#7136);
#7136 = AXIS2_PLACEMENT_3D('',#7137,#7138,#7139);
#7137 = CARTESIAN_POINT('',(-6.,-1.5,2.2));
#7138 = DIRECTION('',(0.,1.,0.));
#7139 = DIRECTION('',(1.,0.,0.));
#7140 = DEFINITIONAL_REPRESENTATION('',(#7141),#7144);
#7141 = B_SPLINE_CURVE_WITH_KNOTS('',1,(#7142,#7143),.UNSPECIFIED.,.F.,
  .F.,(2,2),(-9.,3.),.PIECEWISE_BEZIER_KNOTS.);
#7142 = CARTESIAN_POINT('',(12.,-0.8));
#7143 = CARTESIAN_POINT('',(0.,-0.8));
#7144 = ( GEOMETRIC_REPRESENTATION_CONTEXT(2) 
PARAMETRIC_REPRESENTATION_CONTEXT() REPRESENTATION_CONTEXT('2D SPACE',''
  ) );
#7145 = ORIENTED_EDGE('',*,*,#7146,.T.);
#7146 = EDGE_CURVE('',#7121,#7147,#7149,.T.);
#7147 = VERTEX_POINT('',#7148);
#7148 = CARTESIAN_POINT('',(-6.,1.5,3.));
#7149 = SURFACE_CURVE('',#7150,(#7154,#7160),.PCURVE_S1.);
#7150 = LINE('',#7151,#7152);
#7151 = CARTESIAN_POINT('',(-6.,0.75,3.));
#7152 = VECTOR('',#7153,1.);
#7153 = DIRECTION('',(-0.,1.,0.));
#7154 = PCURVE('',#6429,#7155);
#7155 = DEFINITIONAL_REPRESENTATION('',(#7156),#7159);
#7156 = B_SPLINE_CURVE_WITH_KNOTS('',1,(#7157,#7158),.UNSPECIFIED.,.F.,
  .F.,(2,2),(-2.25,0.75),.PIECEWISE_BEZIER_KNOTS.);
#7157 = CARTESIAN_POINT('',(-6.,-1.5));
#7158 = CARTESIAN_POINT('',(-6.,1.5));
#7159 = ( GEOMETRIC_REPRESENTATION_CONTEXT(2) 
PARAMETRIC_REPRESENTATION_CONTEXT() REPRESENTATION_CONTEXT('2D SPACE',''
  ) );
#7160 = PCURVE('',#7161,#7166);
#7161 = PLANE('',#7162);
#7162 = AXIS2_PLACEMENT_3D('',#7163,#7164,#7165);
#7163 = CARTESIAN_POINT('',(-6.,1.5,2.2));
#7164 = DIRECTION('',(1.,0.,-0.));
#7165 = DIRECTION('',(0.,-1.,0.));
#7166 = DEFINITIONAL_REPRESENTATION('',(#7167),#7170);
#7167 = B_SPLINE_CURVE_WITH_KNOTS('',1,(#7168,#7169),.UNSPECIFIED.,.F.,
  .F.,(2,2),(-2.25,0.75),.PIECEWISE_BEZIER_KNOTS.);
#7168 = CARTESIAN_POINT('',(3.,-0.8));
#7169 = CARTESIAN_POINT('',(0.,-0.8));
#7170 = ( GEOMETRIC_REPRESENTATION_CONTEXT(2) 
PARAMETRIC_REPRESENTATION_CONTEXT() REPRESENTATION_CONTEXT('2D SPACE',''
  ) );
#7171 = ORIENTED_EDGE('',*,*,#7172,.T.);
#7172 = EDGE_CURVE('',#7147,#7093,#7173,.T.);
#7173 = SURFACE_CURVE('',#7174,(#7178,#7184),.PCURVE_S1.);
#7174 = LINE('',#7175,#7176);
#7175 = CARTESIAN_POINT('',(3.,1.5,3.));
#7176 = VECTOR('',#7177,1.);
#7177 = DIRECTION('',(1.,0.,-0.));
#7178 = PCURVE('',#6429,#7179);
#7179 = DEFINITIONAL_REPRESENTATION('',(#7180),#7183);
#7180 = B_SPLINE_CURVE_WITH_KNOTS('',1,(#7181,#7182),.UNSPECIFIED.,.F.,
  .F.,(2,2),(-9.,3.),.PIECEWISE_BEZIER_KNOTS.);
#7181 = CARTESIAN_POINT('',(-6.,1.5));
#7182 = CARTESIAN_POINT('',(6.,1.5));
#7183 = ( GEOMETRIC_REPRESENTATION_CONTEXT(2) 
PARAMETRIC_REPRESENTATION_CONTEXT() REPRESENTATION_CONTEXT('2D SPACE',''
  ) );
#7184 = PCURVE('',#7185,#7190);
#7185 = PLANE('',#7186);
#7186 = AXIS2_PLACEMENT_3D('',#7187,#7188,#7189);
#7187 = CARTESIAN_POINT('',(6.,1.5,2.2));
#7188 = DIRECTION('',(0.,-1.,0.));
#7189 = DIRECTION('',(-1.,0.,0.));
#7190 = DEFINITIONAL_REPRESENTATION('',(#7191),#7194);
#7191 = B_SPLINE_CURVE_WITH_KNOTS('',1,(#7192,#7193),.UNSPECIFIED.,.F.,
  .F.,(2,2),(-9.,3.),.PIECEWISE_BEZIER_KNOTS.);
#7192 = CARTESIAN_POINT('',(12.,-0.8));
#7193 = CARTESIAN_POINT('',(0.,-0.8));
#7194 = ( GEOMETRIC_REPRESENTATION_CONTEXT(2) 
PARAMETRIC_REPRESENTATION_CONTEXT() REPRESENTATION_CONTEXT('2D SPACE',''
  ) );
#7195 = FACE_BOUND('',#7196,.T.);
#7196 = EDGE_LOOP('',(#7197));
#7197 = ORIENTED_EDGE('',*,*,#7198,.F.);
#7198 = EDGE_CURVE('',#7199,#7199,#7201,.T.);
#7199 = VERTEX_POINT('',#7200);
#7200 = CARTESIAN_POINT('',(33.7,22.,3.));
#7201 = SURFACE_CURVE('',#7202,(#7207,#7214),.PCURVE_S1.);
#7202 = CIRCLE('',#7203,1.7);
#7203 = AXIS2_PLACEMENT_3D('',#7204,#7205,#7206);
#7204 = CARTESIAN_POINT('',(32.,22.,3.));
#7205 = DIRECTION('',(0.,0.,1.));
#7206 = DIRECTION('',(1.,0.,0.));
#7207 = PCURVE('',#6429,#7208);
#7208 = DEFINITIONAL_REPRESENTATION('',(#7209),#7213);
#7209 = CIRCLE('',#7210,1.7);
#7210 = AXIS2_PLACEMENT_2D('',#7211,#7212);
#7211 = CARTESIAN_POINT('',(32.,22.));
#7212 = DIRECTION('',(1.,0.));
#7213 = ( GEOMETRIC_REPRESENTATION_CONTEXT(2) 
PARAMETRIC_REPRESENTATION_CONTEXT() REPRESENTATION_CONTEXT('2D SPACE',''
  ) );
#7214 = PCURVE('',#6775,#7215);
#7215 = DEFINITIONAL_REPRESENTATION('',(#7216),#7220);
#7216 = LINE('',#7217,#7218);
#7217 = CARTESIAN_POINT('',(-0.,-3.));
#7218 = VECTOR('',#7219,1.);
#7219 = DIRECTION('',(-1.,0.));
#7220 = ( GEOMETRIC_REPRESENTATION_CONTEXT(2) 
PARAMETRIC_REPRESENTATION_CONTEXT() REPRESENTATION_CONTEXT('2D SPACE',''
  ) );
#7221 = ADVANCED_FACE('',(#7222),#6625,.F.);
#7222 = FACE_BOUND('',#7223,.F.);
#7223 = EDGE_LOOP('',(#7224,#7225,#7246,#7247));
#7224 = ORIENTED_EDGE('',*,*,#6609,.F.);
#7225 = ORIENTED_EDGE('',*,*,#7226,.T.);
#7226 = EDGE_CURVE('',#6581,#6967,#7227,.T.);
#7227 = SURFACE_CURVE('',#7228,(#7232,#7239),.PCURVE_S1.);
#7228 = LINE('',#7229,#7230);
#7229 = CARTESIAN_POINT('',(-35.8,23.8,0.));
#7230 = VECTOR('',#7231,1.);
#7231 = DIRECTION('',(0.,0.,1.));
#7232 = PCURVE('',#6625,#7233);
#7233 = DEFINITIONAL_REPRESENTATION('',(#7234),#7238);
#7234 = LINE('',#7235,#7236);
#7235 = CARTESIAN_POINT('',(2.,0.));
#7236 = VECTOR('',#7237,1.);
#7237 = DIRECTION('',(0.,-1.));
#7238 = ( GEOMETRIC_REPRESENTATION_CONTEXT(2) 
PARAMETRIC_REPRESENTATION_CONTEXT() REPRESENTATION_CONTEXT('2D SPACE',''
  ) );
#7239 = PCURVE('',#6597,#7240);
#7240 = DEFINITIONAL_REPRESENTATION('',(#7241),#7245);
#7241 = LINE('',#7242,#7243);
#7242 = CARTESIAN_POINT('',(1.570796326795,0.));
#7243 = VECTOR('',#7244,1.);
#7244 = DIRECTION('',(0.,1.));
#7245 = ( GEOMETRIC_REPRESENTATION_CONTEXT(2) 
PARAMETRIC_REPRESENTATION_CONTEXT() REPRESENTATION_CONTEXT('2D SPACE',''
  ) );
#7246 = ORIENTED_EDGE('',*,*,#6990,.T.);
#7247 = ORIENTED_EDGE('',*,*,#6791,.F.);
#7248 = ADVANCED_FACE('',(#7249),#6511,.F.);
#7249 = FACE_BOUND('',#7250,.F.);
#7250 = EDGE_LOOP('',(#7251,#7252,#7253,#7254));
#7251 = ORIENTED_EDGE('',*,*,#6495,.F.);
#7252 = ORIENTED_EDGE('',*,*,#6845,.T.);
#7253 = ORIENTED_EDGE('',*,*,#6896,.T.);
#7254 = ORIENTED_EDGE('',*,*,#7255,.F.);
#7255 = EDGE_CURVE('',#6496,#6897,#7256,.T.);
#7256 = SURFACE_CURVE('',#7257,(#7261,#7268),.PCURVE_S1.);
#7257 = LINE('',#7258,#7259);
#7258 = CARTESIAN_POINT('',(35.8,23.8,0.));
#7259 = VECTOR('',#7260,1.);
#7260 = DIRECTION('',(0.,0.,1.));
#7261 = PCURVE('',#6511,#7262);
#7262 = DEFINITIONAL_REPRESENTATION('',(#7263),#7267);
#7263 = LINE('',#7264,#7265);
#7264 = CARTESIAN_POINT('',(49.6,0.));
#7265 = VECTOR('',#7266,1.);
#7266 = DIRECTION('',(0.,-1.));
#7267 = ( GEOMETRIC_REPRESENTATION_CONTEXT(2) 
PARAMETRIC_REPRESENTATION_CONTEXT() REPRESENTATION_CONTEXT('2D SPACE',''
  ) );
#7268 = PCURVE('',#6540,#7269);
#7269 = DEFINITIONAL_REPRESENTATION('',(#7270),#7274);
#7270 = LINE('',#7271,#7272);
#7271 = CARTESIAN_POINT('',(0.,0.));
#7272 = VECTOR('',#7273,1.);
#7273 = DIRECTION('',(0.,1.));
#7274 = ( GEOMETRIC_REPRESENTATION_CONTEXT(2) 
PARAMETRIC_REPRESENTATION_CONTEXT() REPRESENTATION_CONTEXT('2D SPACE',''
  ) );
#7275 = ADVANCED_FACE('',(#7276),#6597,.T.);
#7276 = FACE_BOUND('',#7277,.T.);
#7277 = EDGE_LOOP('',(#7278,#7279,#7280,#7281));
#7278 = ORIENTED_EDGE('',*,*,#6580,.T.);
#7279 = ORIENTED_EDGE('',*,*,#7226,.T.);
#7280 = ORIENTED_EDGE('',*,*,#6966,.F.);
#7281 = ORIENTED_EDGE('',*,*,#7282,.F.);
#7282 = EDGE_CURVE('',#6553,#6944,#7283,.T.);
#7283 = SURFACE_CURVE('',#7284,(#7288,#7295),.PCURVE_S1.);
#7284 = LINE('',#7285,#7286);
#7285 = CARTESIAN_POINT('',(-33.8,25.8,0.));
#7286 = VECTOR('',#7287,1.);
#7287 = DIRECTION('',(0.,0.,1.));
#7288 = PCURVE('',#6597,#7289);
#7289 = DEFINITIONAL_REPRESENTATION('',(#7290),#7294);
#7290 = LINE('',#7291,#7292);
#7291 = CARTESIAN_POINT('',(0.,0.));
#7292 = VECTOR('',#7293,1.);
#7293 = DIRECTION('',(0.,1.));
#7294 = ( GEOMETRIC_REPRESENTATION_CONTEXT(2) 
PARAMETRIC_REPRESENTATION_CONTEXT() REPRESENTATION_CONTEXT('2D SPACE',''
  ) );
#7295 = PCURVE('',#6568,#7296);
#7296 = DEFINITIONAL_REPRESENTATION('',(#7297),#7301);
#7297 = LINE('',#7298,#7299);
#7298 = CARTESIAN_POINT('',(69.6,0.));
#7299 = VECTOR('',#7300,1.);
#7300 = DIRECTION('',(0.,-1.));
#7301 = ( GEOMETRIC_REPRESENTATION_CONTEXT(2) 
PARAMETRIC_REPRESENTATION_CONTEXT() REPRESENTATION_CONTEXT('2D SPACE',''
  ) );
#7302 = ADVANCED_FACE('',(#7303),#6540,.T.);
#7303 = FACE_BOUND('',#7304,.T.);
#7304 = EDGE_LOOP('',(#7305,#7306,#7327,#7328));
#7305 = ORIENTED_EDGE('',*,*,#6523,.T.);
#7306 = ORIENTED_EDGE('',*,*,#7307,.T.);
#7307 = EDGE_CURVE('',#6524,#6920,#7308,.T.);
#7308 = SURFACE_CURVE('',#7309,(#7313,#7320),.PCURVE_S1.);
#7309 = LINE('',#7310,#7311);
#7310 = CARTESIAN_POINT('',(33.8,25.8,0.));
#7311 = VECTOR('',#7312,1.);
#7312 = DIRECTION('',(0.,0.,1.));
#7313 = PCURVE('',#6540,#7314);
#7314 = DEFINITIONAL_REPRESENTATION('',(#7315),#7319);
#7315 = LINE('',#7316,#7317);
#7316 = CARTESIAN_POINT('',(1.570796326795,0.));
#7317 = VECTOR('',#7318,1.);
#7318 = DIRECTION('',(0.,1.));
#7319 = ( GEOMETRIC_REPRESENTATION_CONTEXT(2) 
PARAMETRIC_REPRESENTATION_CONTEXT() REPRESENTATION_CONTEXT('2D SPACE',''
  ) );
#7320 = PCURVE('',#6568,#7321);
#7321 = DEFINITIONAL_REPRESENTATION('',(#7322),#7326);
#7322 = LINE('',#7323,#7324);
#7323 = CARTESIAN_POINT('',(2.,0.));
#7324 = VECTOR('',#7325,1.);
#7325 = DIRECTION('',(0.,-1.));
#7326 = ( GEOMETRIC_REPRESENTATION_CONTEXT(2) 
PARAMETRIC_REPRESENTATION_CONTEXT() REPRESENTATION_CONTEXT('2D SPACE',''
  ) );
#7327 = ORIENTED_EDGE('',*,*,#6919,.F.);
#7328 = ORIENTED_EDGE('',*,*,#7255,.F.);
#7329 = ADVANCED_FACE('',(#7330),#6568,.F.);
#7330 = FACE_BOUND('',#7331,.F.);
#7331 = EDGE_LOOP('',(#7332,#7333,#7334,#7335));
#7332 = ORIENTED_EDGE('',*,*,#6552,.F.);
#7333 = ORIENTED_EDGE('',*,*,#7307,.T.);
#7334 = ORIENTED_EDGE('',*,*,#6943,.T.);
#7335 = ORIENTED_EDGE('',*,*,#7282,.F.);
#7336 = ADVANCED_FACE('',(#7337),#6682,.F.);
#7337 = FACE_BOUND('',#7338,.T.);
#7338 = EDGE_LOOP('',(#7339,#7360,#7361,#7362));
#7339 = ORIENTED_EDGE('',*,*,#7340,.T.);
#7340 = EDGE_CURVE('',#6666,#7015,#7341,.T.);
#7341 = SEAM_CURVE('',#7342,(#7346,#7353),.PCURVE_S1.);
#7342 = LINE('',#7343,#7344);
#7343 = CARTESIAN_POINT('',(-30.3,-22.,0.));
#7344 = VECTOR('',#7345,1.);
#7345 = DIRECTION('',(0.,0.,1.));
#7346 = PCURVE('',#6682,#7347);
#7347 = DEFINITIONAL_REPRESENTATION('',(#7348),#7352);
#7348 = LINE('',#7349,#7350);
#7349 = CARTESIAN_POINT('',(-0.,0.));
#7350 = VECTOR('',#7351,1.);
#7351 = DIRECTION('',(-0.,-1.));
#7352 = ( GEOMETRIC_REPRESENTATION_CONTEXT(2) 
PARAMETRIC_REPRESENTATION_CONTEXT() REPRESENTATION_CONTEXT('2D SPACE',''
  ) );
#7353 = PCURVE('',#6682,#7354);
#7354 = DEFINITIONAL_REPRESENTATION('',(#7355),#7359);
#7355 = LINE('',#7356,#7357);
#7356 = CARTESIAN_POINT('',(-6.28318530718,0.));
#7357 = VECTOR('',#7358,1.);
#7358 = DIRECTION('',(-0.,-1.));
#7359 = ( GEOMETRIC_REPRESENTATION_CONTEXT(2) 
PARAMETRIC_REPRESENTATION_CONTEXT() REPRESENTATION_CONTEXT('2D SPACE',''
  ) );
#7360 = ORIENTED_EDGE('',*,*,#7014,.T.);
#7361 = ORIENTED_EDGE('',*,*,#7340,.F.);
#7362 = ORIENTED_EDGE('',*,*,#6665,.F.);
#7363 = ADVANCED_FACE('',(#7364),#6713,.F.);
#7364 = FACE_BOUND('',#7365,.T.);
#7365 = EDGE_LOOP('',(#7366,#7387,#7388,#7389));
#7366 = ORIENTED_EDGE('',*,*,#7367,.T.);
#7367 = EDGE_CURVE('',#6697,#7041,#7368,.T.);
#7368 = SEAM_CURVE('',#7369,(#7373,#7380),.PCURVE_S1.);
#7369 = LINE('',#7370,#7371);
#7370 = CARTESIAN_POINT('',(33.7,-22.,0.));
#7371 = VECTOR('',#7372,1.);
#7372 = DIRECTION('',(0.,0.,1.));
#7373 = PCURVE('',#6713,#7374);
#7374 = DEFINITIONAL_REPRESENTATION('',(#7375),#7379);
#7375 = LINE('',#7376,#7377);
#7376 = CARTESIAN_POINT('',(-0.,0.));
#7377 = VECTOR('',#7378,1.);
#7378 = DIRECTION('',(-0.,-1.));
#7379 = ( GEOMETRIC_REPRESENTATION_CONTEXT(2) 
PARAMETRIC_REPRESENTATION_CONTEXT() REPRESENTATION_CONTEXT('2D SPACE',''
  ) );
#7380 = PCURVE('',#6713,#7381);
#7381 = DEFINITIONAL_REPRESENTATION('',(#7382),#7386);
#7382 = LINE('',#7383,#7384);
#7383 = CARTESIAN_POINT('',(-6.28318530718,0.));
#7384 = VECTOR('',#7385,1.);
#7385 = DIRECTION('',(-0.,-1.));
#7386 = ( GEOMETRIC_REPRESENTATION_CONTEXT(2) 
PARAMETRIC_REPRESENTATION_CONTEXT() REPRESENTATION_CONTEXT('2D SPACE',''
  ) );
#7387 = ORIENTED_EDGE('',*,*,#7040,.T.);
#7388 = ORIENTED_EDGE('',*,*,#7367,.F.);
#7389 = ORIENTED_EDGE('',*,*,#6696,.F.);
#7390 = ADVANCED_FACE('',(#7391),#6744,.F.);
#7391 = FACE_BOUND('',#7392,.T.);
#7392 = EDGE_LOOP('',(#7393,#7414,#7415,#7416));
#7393 = ORIENTED_EDGE('',*,*,#7394,.T.);
#7394 = EDGE_CURVE('',#6728,#7067,#7395,.T.);
#7395 = SEAM_CURVE('',#7396,(#7400,#7407),.PCURVE_S1.);
#7396 = LINE('',#7397,#7398);
#7397 = CARTESIAN_POINT('',(-30.3,22.,0.));
#7398 = VECTOR('',#7399,1.);
#7399 = DIRECTION('',(0.,0.,1.));
#7400 = PCURVE('',#6744,#7401);
#7401 = DEFINITIONAL_REPRESENTATION('',(#7402),#7406);
#7402 = LINE('',#7403,#7404);
#7403 = CARTESIAN_POINT('',(-0.,0.));
#7404 = VECTOR('',#7405,1.);
#7405 = DIRECTION('',(-0.,-1.));
#7406 = ( GEOMETRIC_REPRESENTATION_CONTEXT(2) 
PARAMETRIC_REPRESENTATION_CONTEXT() REPRESENTATION_CONTEXT('2D SPACE',''
  ) );
#7407 = PCURVE('',#6744,#7408);
#7408 = DEFINITIONAL_REPRESENTATION('',(#7409),#7413);
#7409 = LINE('',#7410,#7411);
#7410 = CARTESIAN_POINT('',(-6.28318530718,0.));
#7411 = VECTOR('',#7412,1.);
#7412 = DIRECTION('',(-0.,-1.));
#7413 = ( GEOMETRIC_REPRESENTATION_CONTEXT(2) 
PARAMETRIC_REPRESENTATION_CONTEXT() REPRESENTATION_CONTEXT('2D SPACE',''
  ) );
#7414 = ORIENTED_EDGE('',*,*,#7066,.T.);
#7415 = ORIENTED_EDGE('',*,*,#7394,.F.);
#7416 = ORIENTED_EDGE('',*,*,#6727,.F.);
#7417 = ADVANCED_FACE('',(#7418),#6775,.F.);
#7418 = FACE_BOUND('',#7419,.T.);
#7419 = EDGE_LOOP('',(#7420,#7441,#7442,#7443));
#7420 = ORIENTED_EDGE('',*,*,#7421,.T.);
#7421 = EDGE_CURVE('',#6759,#7199,#7422,.T.);
#7422 = SEAM_CURVE('',#7423,(#7427,#7434),.PCURVE_S1.);
#7423 = LINE('',#7424,#7425);
#7424 = CARTESIAN_POINT('',(33.7,22.,0.));
#7425 = VECTOR('',#7426,1.);
#7426 = DIRECTION('',(0.,0.,1.));
#7427 = PCURVE('',#6775,#7428);
#7428 = DEFINITIONAL_REPRESENTATION('',(#7429),#7433);
#7429 = LINE('',#7430,#7431);
#7430 = CARTESIAN_POINT('',(-0.,0.));
#7431 = VECTOR('',#7432,1.);
#7432 = DIRECTION('',(-0.,-1.));
#7433 = ( GEOMETRIC_REPRESENTATION_CONTEXT(2) 
PARAMETRIC_REPRESENTATION_CONTEXT() REPRESENTATION_CONTEXT('2D SPACE',''
  ) );
#7434 = PCURVE('',#6775,#7435);
#7435 = DEFINITIONAL_REPRESENTATION('',(#7436),#7440);
#7436 = LINE('',#7437,#7438);
#7437 = CARTESIAN_POINT('',(-6.28318530718,0.));
#7438 = VECTOR('',#7439,1.);
#7439 = DIRECTION('',(-0.,-1.));
#7440 = ( GEOMETRIC_REPRESENTATION_CONTEXT(2) 
PARAMETRIC_REPRESENTATION_CONTEXT() REPRESENTATION_CONTEXT('2D SPACE',''
  ) );
#7441 = ORIENTED_EDGE('',*,*,#7198,.T.);
#7442 = ORIENTED_EDGE('',*,*,#7421,.F.);
#7443 = ORIENTED_EDGE('',*,*,#6758,.F.);
#7444 = ADVANCED_FACE('',(#7445),#7109,.T.);
#7445 = FACE_BOUND('',#7446,.T.);
#7446 = EDGE_LOOP('',(#7447,#7477,#7498,#7499));
#7447 = ORIENTED_EDGE('',*,*,#7448,.F.);
#7448 = EDGE_CURVE('',#7449,#7451,#7453,.T.);
#7449 = VERTEX_POINT('',#7450);
#7450 = CARTESIAN_POINT('',(6.,-1.5,2.2));
#7451 = VERTEX_POINT('',#7452);
#7452 = CARTESIAN_POINT('',(6.,1.5,2.2));
#7453 = SURFACE_CURVE('',#7454,(#7458,#7465),.PCURVE_S1.);
#7454 = LINE('',#7455,#7456);
#7455 = CARTESIAN_POINT('',(6.,-1.5,2.2));
#7456 = VECTOR('',#7457,1.);
#7457 = DIRECTION('',(0.,1.,0.));
#7458 = PCURVE('',#7109,#7459);
#7459 = DEFINITIONAL_REPRESENTATION('',(#7460),#7464);
#7460 = LINE('',#7461,#7462);
#7461 = CARTESIAN_POINT('',(0.,0.));
#7462 = VECTOR('',#7463,1.);
#7463 = DIRECTION('',(1.,0.));
#7464 = ( GEOMETRIC_REPRESENTATION_CONTEXT(2) 
PARAMETRIC_REPRESENTATION_CONTEXT() REPRESENTATION_CONTEXT('2D SPACE',''
  ) );
#7465 = PCURVE('',#7466,#7471);
#7466 = PLANE('',#7467);
#7467 = AXIS2_PLACEMENT_3D('',#7468,#7469,#7470);
#7468 = CARTESIAN_POINT('',(0.,0.,2.2));
#7469 = DIRECTION('',(0.,0.,1.));
#7470 = DIRECTION('',(1.,0.,-0.));
#7471 = DEFINITIONAL_REPRESENTATION('',(#7472),#7476);
#7472 = LINE('',#7473,#7474);
#7473 = CARTESIAN_POINT('',(6.,-1.5));
#7474 = VECTOR('',#7475,1.);
#7475 = DIRECTION('',(0.,1.));
#7476 = ( GEOMETRIC_REPRESENTATION_CONTEXT(2) 
PARAMETRIC_REPRESENTATION_CONTEXT() REPRESENTATION_CONTEXT('2D SPACE',''
  ) );
#7477 = ORIENTED_EDGE('',*,*,#7478,.T.);
#7478 = EDGE_CURVE('',#7449,#7095,#7479,.T.);
#7479 = SURFACE_CURVE('',#7480,(#7484,#7491),.PCURVE_S1.);
#7480 = LINE('',#7481,#7482);
#7481 = CARTESIAN_POINT('',(6.,-1.5,2.2));
#7482 = VECTOR('',#7483,1.);
#7483 = DIRECTION('',(0.,0.,1.));
#7484 = PCURVE('',#7109,#7485);
#7485 = DEFINITIONAL_REPRESENTATION('',(#7486),#7490);
#7486 = LINE('',#7487,#7488);
#7487 = CARTESIAN_POINT('',(0.,0.));
#7488 = VECTOR('',#7489,1.);
#7489 = DIRECTION('',(0.,-1.));
#7490 = ( GEOMETRIC_REPRESENTATION_CONTEXT(2) 
PARAMETRIC_REPRESENTATION_CONTEXT() REPRESENTATION_CONTEXT('2D SPACE',''
  ) );
#7491 = PCURVE('',#7135,#7492);
#7492 = DEFINITIONAL_REPRESENTATION('',(#7493),#7497);
#7493 = LINE('',#7494,#7495);
#7494 = CARTESIAN_POINT('',(12.,0.));
#7495 = VECTOR('',#7496,1.);
#7496 = DIRECTION('',(0.,-1.));
#7497 = ( GEOMETRIC_REPRESENTATION_CONTEXT(2) 
PARAMETRIC_REPRESENTATION_CONTEXT() REPRESENTATION_CONTEXT('2D SPACE',''
  ) );
#7498 = ORIENTED_EDGE('',*,*,#7092,.F.);
#7499 = ORIENTED_EDGE('',*,*,#7500,.F.);
#7500 = EDGE_CURVE('',#7451,#7093,#7501,.T.);
#7501 = SURFACE_CURVE('',#7502,(#7506,#7513),.PCURVE_S1.);
#7502 = LINE('',#7503,#7504);
#7503 = CARTESIAN_POINT('',(6.,1.5,2.2));
#7504 = VECTOR('',#7505,1.);
#7505 = DIRECTION('',(0.,0.,1.));
#7506 = PCURVE('',#7109,#7507);
#7507 = DEFINITIONAL_REPRESENTATION('',(#7508),#7512);
#7508 = LINE('',#7509,#7510);
#7509 = CARTESIAN_POINT('',(3.,0.));
#7510 = VECTOR('',#7511,1.);
#7511 = DIRECTION('',(0.,-1.));
#7512 = ( GEOMETRIC_REPRESENTATION_CONTEXT(2) 
PARAMETRIC_REPRESENTATION_CONTEXT() REPRESENTATION_CONTEXT('2D SPACE',''
  ) );
#7513 = PCURVE('',#7185,#7514);
#7514 = DEFINITIONAL_REPRESENTATION('',(#7515),#7519);
#7515 = LINE('',#7516,#7517);
#7516 = CARTESIAN_POINT('',(0.,-0.));
#7517 = VECTOR('',#7518,1.);
#7518 = DIRECTION('',(0.,-1.));
#7519 = ( GEOMETRIC_REPRESENTATION_CONTEXT(2) 
PARAMETRIC_REPRESENTATION_CONTEXT() REPRESENTATION_CONTEXT('2D SPACE',''
  ) );
#7520 = ADVANCED_FACE('',(#7521),#7185,.T.);
#7521 = FACE_BOUND('',#7522,.T.);
#7522 = EDGE_LOOP('',(#7523,#7546,#7547,#7548));
#7523 = ORIENTED_EDGE('',*,*,#7524,.F.);
#7524 = EDGE_CURVE('',#7451,#7525,#7527,.T.);
#7525 = VERTEX_POINT('',#7526);
#7526 = CARTESIAN_POINT('',(-6.,1.5,2.2));
#7527 = SURFACE_CURVE('',#7528,(#7532,#7539),.PCURVE_S1.);
#7528 = LINE('',#7529,#7530);
#7529 = CARTESIAN_POINT('',(6.,1.5,2.2));
#7530 = VECTOR('',#7531,1.);
#7531 = DIRECTION('',(-1.,0.,0.));
#7532 = PCURVE('',#7185,#7533);
#7533 = DEFINITIONAL_REPRESENTATION('',(#7534),#7538);
#7534 = LINE('',#7535,#7536);
#7535 = CARTESIAN_POINT('',(0.,-0.));
#7536 = VECTOR('',#7537,1.);
#7537 = DIRECTION('',(1.,0.));
#7538 = ( GEOMETRIC_REPRESENTATION_CONTEXT(2) 
PARAMETRIC_REPRESENTATION_CONTEXT() REPRESENTATION_CONTEXT('2D SPACE',''
  ) );
#7539 = PCURVE('',#7466,#7540);
#7540 = DEFINITIONAL_REPRESENTATION('',(#7541),#7545);
#7541 = LINE('',#7542,#7543);
#7542 = CARTESIAN_POINT('',(6.,1.5));
#7543 = VECTOR('',#7544,1.);
#7544 = DIRECTION('',(-1.,0.));
#7545 = ( GEOMETRIC_REPRESENTATION_CONTEXT(2) 
PARAMETRIC_REPRESENTATION_CONTEXT() REPRESENTATION_CONTEXT('2D SPACE',''
  ) );
#7546 = ORIENTED_EDGE('',*,*,#7500,.T.);
#7547 = ORIENTED_EDGE('',*,*,#7172,.F.);
#7548 = ORIENTED_EDGE('',*,*,#7549,.F.);
#7549 = EDGE_CURVE('',#7525,#7147,#7550,.T.);
#7550 = SURFACE_CURVE('',#7551,(#7555,#7562),.PCURVE_S1.);
#7551 = LINE('',#7552,#7553);
#7552 = CARTESIAN_POINT('',(-6.,1.5,2.2));
#7553 = VECTOR('',#7554,1.);
#7554 = DIRECTION('',(0.,0.,1.));
#7555 = PCURVE('',#7185,#7556);
#7556 = DEFINITIONAL_REPRESENTATION('',(#7557),#7561);
#7557 = LINE('',#7558,#7559);
#7558 = CARTESIAN_POINT('',(12.,0.));
#7559 = VECTOR('',#7560,1.);
#7560 = DIRECTION('',(0.,-1.));
#7561 = ( GEOMETRIC_REPRESENTATION_CONTEXT(2) 
PARAMETRIC_REPRESENTATION_CONTEXT() REPRESENTATION_CONTEXT('2D SPACE',''
  ) );
#7562 = PCURVE('',#7161,#7563);
#7563 = DEFINITIONAL_REPRESENTATION('',(#7564),#7568);
#7564 = LINE('',#7565,#7566);
#7565 = CARTESIAN_POINT('',(0.,0.));
#7566 = VECTOR('',#7567,1.);
#7567 = DIRECTION('',(0.,-1.));
#7568 = ( GEOMETRIC_REPRESENTATION_CONTEXT(2) 
PARAMETRIC_REPRESENTATION_CONTEXT() REPRESENTATION_CONTEXT('2D SPACE',''
  ) );
#7569 = ADVANCED_FACE('',(#7570),#7161,.T.);
#7570 = FACE_BOUND('',#7571,.T.);
#7571 = EDGE_LOOP('',(#7572,#7595,#7596,#7597));
#7572 = ORIENTED_EDGE('',*,*,#7573,.F.);
#7573 = EDGE_CURVE('',#7525,#7574,#7576,.T.);
#7574 = VERTEX_POINT('',#7575);
#7575 = CARTESIAN_POINT('',(-6.,-1.5,2.2));
#7576 = SURFACE_CURVE('',#7577,(#7581,#7588),.PCURVE_S1.);
#7577 = LINE('',#7578,#7579);
#7578 = CARTESIAN_POINT('',(-6.,1.5,2.2));
#7579 = VECTOR('',#7580,1.);
#7580 = DIRECTION('',(0.,-1.,0.));
#7581 = PCURVE('',#7161,#7582);
#7582 = DEFINITIONAL_REPRESENTATION('',(#7583),#7587);
#7583 = LINE('',#7584,#7585);
#7584 = CARTESIAN_POINT('',(0.,0.));
#7585 = VECTOR('',#7586,1.);
#7586 = DIRECTION('',(1.,0.));
#7587 = ( GEOMETRIC_REPRESENTATION_CONTEXT(2) 
PARAMETRIC_REPRESENTATION_CONTEXT() REPRESENTATION_CONTEXT('2D SPACE',''
  ) );
#7588 = PCURVE('',#7466,#7589);
#7589 = DEFINITIONAL_REPRESENTATION('',(#7590),#7594);
#7590 = LINE('',#7591,#7592);
#7591 = CARTESIAN_POINT('',(-6.,1.5));
#7592 = VECTOR('',#7593,1.);
#7593 = DIRECTION('',(0.,-1.));
#7594 = ( GEOMETRIC_REPRESENTATION_CONTEXT(2) 
PARAMETRIC_REPRESENTATION_CONTEXT() REPRESENTATION_CONTEXT('2D SPACE',''
  ) );
#7595 = ORIENTED_EDGE('',*,*,#7549,.T.);
#7596 = ORIENTED_EDGE('',*,*,#7146,.F.);
#7597 = ORIENTED_EDGE('',*,*,#7598,.F.);
#7598 = EDGE_CURVE('',#7574,#7121,#7599,.T.);
#7599 = SURFACE_CURVE('',#7600,(#7604,#7611),.PCURVE_S1.);
#7600 = LINE('',#7601,#7602);
#7601 = CARTESIAN_POINT('',(-6.,-1.5,2.2));
#7602 = VECTOR('',#7603,1.);
#7603 = DIRECTION('',(0.,0.,1.));
#7604 = PCURVE('',#7161,#7605);
#7605 = DEFINITIONAL_REPRESENTATION('',(#7606),#7610);
#7606 = LINE('',#7607,#7608);
#7607 = CARTESIAN_POINT('',(3.,0.));
#7608 = VECTOR('',#7609,1.);
#7609 = DIRECTION('',(0.,-1.));
#7610 = ( GEOMETRIC_REPRESENTATION_CONTEXT(2) 
PARAMETRIC_REPRESENTATION_CONTEXT() REPRESENTATION_CONTEXT('2D SPACE',''
  ) );
#7611 = PCURVE('',#7135,#7612);
#7612 = DEFINITIONAL_REPRESENTATION('',(#7613),#7617);
#7613 = LINE('',#7614,#7615);
#7614 = CARTESIAN_POINT('',(0.,0.));
#7615 = VECTOR('',#7616,1.);
#7616 = DIRECTION('',(0.,-1.));
#7617 = ( GEOMETRIC_REPRESENTATION_CONTEXT(2) 
PARAMETRIC_REPRESENTATION_CONTEXT() REPRESENTATION_CONTEXT('2D SPACE',''
  ) );
#7618 = ADVANCED_FACE('',(#7619),#7135,.T.);
#7619 = FACE_BOUND('',#7620,.T.);
#7620 = EDGE_LOOP('',(#7621,#7642,#7643,#7644));
#7621 = ORIENTED_EDGE('',*,*,#7622,.F.);
#7622 = EDGE_CURVE('',#7574,#7449,#7623,.T.);
#7623 = SURFACE_CURVE('',#7624,(#7628,#7635),.PCURVE_S1.);
#7624 = LINE('',#7625,#7626);
#7625 = CARTESIAN_POINT('',(-6.,-1.5,2.2));
#7626 = VECTOR('',#7627,1.);
#7627 = DIRECTION('',(1.,0.,0.));
#7628 = PCURVE('',#7135,#7629);
#7629 = DEFINITIONAL_REPRESENTATION('',(#7630),#7634);
#7630 = LINE('',#7631,#7632);
#7631 = CARTESIAN_POINT('',(0.,0.));
#7632 = VECTOR('',#7633,1.);
#7633 = DIRECTION('',(1.,0.));
#7634 = ( GEOMETRIC_REPRESENTATION_CONTEXT(2) 
PARAMETRIC_REPRESENTATION_CONTEXT() REPRESENTATION_CONTEXT('2D SPACE',''
  ) );
#7635 = PCURVE('',#7466,#7636);
#7636 = DEFINITIONAL_REPRESENTATION('',(#7637),#7641);
#7637 = LINE('',#7638,#7639);
#7638 = CARTESIAN_POINT('',(-6.,-1.5));
#7639 = VECTOR('',#7640,1.);
#7640 = DIRECTION('',(1.,0.));
#7641 = ( GEOMETRIC_REPRESENTATION_CONTEXT(2) 
PARAMETRIC_REPRESENTATION_CONTEXT() REPRESENTATION_CONTEXT('2D SPACE',''
  ) );
#7642 = ORIENTED_EDGE('',*,*,#7598,.T.);
#7643 = ORIENTED_EDGE('',*,*,#7120,.F.);
#7644 = ORIENTED_EDGE('',*,*,#7478,.F.);
#7645 = ADVANCED_FACE('',(#7646),#7466,.T.);
#7646 = FACE_BOUND('',#7647,.T.);
#7647 = EDGE_LOOP('',(#7648,#7649,#7650,#7651));
#7648 = ORIENTED_EDGE('',*,*,#7622,.T.);
#7649 = ORIENTED_EDGE('',*,*,#7448,.T.);
#7650 = ORIENTED_EDGE('',*,*,#7524,.T.);
#7651 = ORIENTED_EDGE('',*,*,#7573,.T.);
#7652 = ( GEOMETRIC_REPRESENTATION_CONTEXT(3) 
GLOBAL_UNCERTAINTY_ASSIGNED_CONTEXT((#7656)) 
GLOBAL_UNIT_ASSIGNED_CONTEXT((#7653,#7654,#7655)) REPRESENTATION_CONTEXT
('Context #1','3D Context with UNIT and UNCERTAINTY') );
#7653 = ( LENGTH_UNIT() NAMED_UNIT(*) SI_UNIT(.MILLI.,.METRE.) );
#7654 = ( NAMED_UNIT(*) PLANE_ANGLE_UNIT() SI_UNIT($,.RADIAN.) );
#7655 = ( NAMED_UNIT(*) SI_UNIT($,.STERADIAN.) SOLID_ANGLE_UNIT() );
#7656 = UNCERTAINTY_MEASURE_WITH_UNIT(LENGTH_MEASURE(1.E-07),#7653,
  'distance_accuracy_value','confusion accuracy');
#7657 = CONTEXT_DEPENDENT_SHAPE_REPRESENTATION(#7658,#7660);
#7658 = ( REPRESENTATION_RELATIONSHIP('','',#6343,#6320) 
REPRESENTATION_RELATIONSHIP_WITH_TRANSFORMATION(#7659) 
SHAPE_REPRESENTATION_RELATIONSHIP() );
#7659 = ITEM_DEFINED_TRANSFORMATION('','',#11,#6321);
#7660 = PRODUCT_DEFINITION_SHAPE('Placement','Placement of an item',
  #7661);
#7661 = NEXT_ASSEMBLY_USAGE_OCCURRENCE('3','','',#6315,#6338,$);
#7662 = PRODUCT_RELATED_PRODUCT_CATEGORY('part',$,(#6340));
#7663 = SHAPE_DEFINITION_REPRESENTATION(#7664,#7670);
#7664 = PRODUCT_DEFINITION_SHAPE('','',#7665);
#7665 = PRODUCT_DEFINITION('design','',#7666,#7669);
#7666 = PRODUCT_DEFINITION_FORMATION('','',#7667);
#7667 = PRODUCT('seg1','seg1','',(#7668));
#7668 = PRODUCT_CONTEXT('',#2,'mechanical');
#7669 = PRODUCT_DEFINITION_CONTEXT('part definition',#2,'design');
#7670 = SHAPE_REPRESENTATION('',(#11,#7671),#7675);
#7671 = AXIS2_PLACEMENT_3D('',#7672,#7673,#7674);
#7672 = CARTESIAN_POINT('',(0.,0.,0.));
#7673 = DIRECTION('',(0.,0.,1.));
#7674 = DIRECTION('',(1.,0.,-0.));
#7675 = ( GEOMETRIC_REPRESENTATION_CONTEXT(3) 
GLOBAL_UNCERTAINTY_ASSIGNED_CONTEXT((#7679)) 
GLOBAL_UNIT_ASSIGNED_CONTEXT((#7676,#7677,#7678)) REPRESENTATION_CONTEXT
('Context #1','3D Context with UNIT and UNCERTAINTY') );
#7676 = ( LENGTH_UNIT() NAMED_UNIT(*) SI_UNIT(.MILLI.,.METRE.) );
#7677 = ( NAMED_UNIT(*) PLANE_ANGLE_UNIT() SI_UNIT($,.RADIAN.) );
#7678 = ( NAMED_UNIT(*) SI_UNIT($,.STERADIAN.) SOLID_ANGLE_UNIT() );
#7679 = UNCERTAINTY_MEASURE_WITH_UNIT(LENGTH_MEASURE(1.E-07),#7676,
  'distance_accuracy_value','confusion accuracy');
#7680 = CONTEXT_DEPENDENT_SHAPE_REPRESENTATION(#7681,#7683);
#7681 = ( REPRESENTATION_RELATIONSHIP('','',#7670,#32) 
REPRESENTATION_RELATIONSHIP_WITH_TRANSFORMATION(#7682) 
SHAPE_REPRESENTATION_RELATIONSHIP() );
#7682 = ITEM_DEFINED_TRANSFORMATION('','',#11,#41);
#7683 = PRODUCT_DEFINITION_SHAPE('Placement','Placement of an item',
  #7684);
#7684 = NEXT_ASSEMBLY_USAGE_OCCURRENCE('6','','',#27,#7665,$);
#7685 = PRODUCT_RELATED_PRODUCT_CATEGORY('part',$,(#7667));
#7686 = SHAPE_DEFINITION_REPRESENTATION(#7687,#7693);
#7687 = PRODUCT_DEFINITION_SHAPE('','',#7688);
#7688 = PRODUCT_DEFINITION('design','',#7689,#7692);
#7689 = PRODUCT_DEFINITION_FORMATION('','',#7690);
#7690 = PRODUCT('seg1_part','seg1_part','',(#7691));
#7691 = PRODUCT_CONTEXT('',#2,'mechanical');
#7692 = PRODUCT_DEFINITION_CONTEXT('part definition',#2,'design');
#7693 = ADVANCED_BREP_SHAPE_REPRESENTATION('',(#11,#7694),#12988);
#7694 = MANIFOLD_SOLID_BREP('',#7695);
#7695 = CLOSED_SHELL('',(#7696,#7816,#8113,#8276,#8512,#8653,#8678,#9024
    ,#9179,#9293,#9318,#9413,#9730,#9843,#9897,#9973,#10053,#10102,
    #10164,#10287,#10337,#10412,#10463,#10597,#10626,#10772,#10887,
    #11006,#11077,#11103,#11130,#11136,#11184,#11233,#11259,#11266,
    #11421,#11492,#11541,#11570,#11621,#11805,#11833,#11926,#11995,
    #12022,#12029,#12085,#12092,#12139,#12166,#12193,#12200,#12317,
    #12367,#12421,#12428,#12518,#12615,#12642,#12669,#12676,#12769,
    #12775,#12868,#12918,#12945,#12975,#12982));
#7696 = ADVANCED_FACE('',(#7697),#7711,.F.);
#7697 = FACE_BOUND('',#7698,.F.);
#7698 = EDGE_LOOP('',(#7699,#7734,#7762,#7790));
#7699 = ORIENTED_EDGE('',*,*,#7700,.F.);
#7700 = EDGE_CURVE('',#7701,#7703,#7705,.T.);
#7701 = VERTEX_POINT('',#7702);
#7702 = CARTESIAN_POINT('',(-20.,-20.,126.));
#7703 = VERTEX_POINT('',#7704);
#7704 = CARTESIAN_POINT('',(-20.,-20.,0.));
#7705 = SURFACE_CURVE('',#7706,(#7710,#7722),.PCURVE_S1.);
#7706 = LINE('',#7707,#7708);
#7707 = CARTESIAN_POINT('',(-20.,-20.,126.));
#7708 = VECTOR('',#7709,1.);
#7709 = DIRECTION('',(0.,0.,-1.));
#7710 = PCURVE('',#7711,#7716);
#7711 = PLANE('',#7712);
#7712 = AXIS2_PLACEMENT_3D('',#7713,#7714,#7715);
#7713 = CARTESIAN_POINT('',(-20.,-20.,0.));
#7714 = DIRECTION('',(0.,1.,0.));
#7715 = DIRECTION('',(1.,0.,0.));
#7716 = DEFINITIONAL_REPRESENTATION('',(#7717),#7721);
#7717 = LINE('',#7718,#7719);
#7718 = CARTESIAN_POINT('',(0.,-126.));
#7719 = VECTOR('',#7720,1.);
#7720 = DIRECTION('',(0.,1.));
#7721 = ( GEOMETRIC_REPRESENTATION_CONTEXT(2) 
PARAMETRIC_REPRESENTATION_CONTEXT() REPRESENTATION_CONTEXT('2D SPACE',''
  ) );
#7722 = PCURVE('',#7723,#7728);
#7723 = PLANE('',#7724);
#7724 = AXIS2_PLACEMENT_3D('',#7725,#7726,#7727);
#7725 = CARTESIAN_POINT('',(-20.,20.,0.));
#7726 = DIRECTION('',(1.,0.,-0.));
#7727 = DIRECTION('',(0.,-1.,0.));
#7728 = DEFINITIONAL_REPRESENTATION('',(#7729),#7733);
#7729 = LINE('',#7730,#7731);
#7730 = CARTESIAN_POINT('',(40.,-126.));
#7731 = VECTOR('',#7732,1.);
#7732 = DIRECTION('',(0.,1.));
#7733 = ( GEOMETRIC_REPRESENTATION_CONTEXT(2) 
PARAMETRIC_REPRESENTATION_CONTEXT() REPRESENTATION_CONTEXT('2D SPACE',''
  ) );
#7734 = ORIENTED_EDGE('',*,*,#7735,.T.);
#7735 = EDGE_CURVE('',#7701,#7736,#7738,.T.);
#7736 = VERTEX_POINT('',#7737);
#7737 = CARTESIAN_POINT('',(20.,-20.,126.));
#7738 = SURFACE_CURVE('',#7739,(#7743,#7750),.PCURVE_S1.);
#7739 = LINE('',#7740,#7741);
#7740 = CARTESIAN_POINT('',(-20.,-20.,126.));
#7741 = VECTOR('',#7742,1.);
#7742 = DIRECTION('',(1.,0.,0.));
#7743 = PCURVE('',#7711,#7744);
#7744 = DEFINITIONAL_REPRESENTATION('',(#7745),#7749);
#7745 = LINE('',#7746,#7747);
#7746 = CARTESIAN_POINT('',(0.,-126.));
#7747 = VECTOR('',#7748,1.);
#7748 = DIRECTION('',(1.,0.));
#7749 = ( GEOMETRIC_REPRESENTATION_CONTEXT(2) 
PARAMETRIC_REPRESENTATION_CONTEXT() REPRESENTATION_CONTEXT('2D SPACE',''
  ) );
#7750 = PCURVE('',#7751,#7756);
#7751 = PLANE('',#7752);
#7752 = AXIS2_PLACEMENT_3D('',#7753,#7754,#7755);
#7753 = CARTESIAN_POINT('',(0.,0.,126.));
#7754 = DIRECTION('',(0.,0.,1.));
#7755 = DIRECTION('',(1.,0.,-0.));
#7756 = DEFINITIONAL_REPRESENTATION('',(#7757),#7761);
#7757 = LINE('',#7758,#7759);
#7758 = CARTESIAN_POINT('',(-20.,-20.));
#7759 = VECTOR('',#7760,1.);
#7760 = DIRECTION('',(1.,0.));
#7761 = ( GEOMETRIC_REPRESENTATION_CONTEXT(2) 
PARAMETRIC_REPRESENTATION_CONTEXT() REPRESENTATION_CONTEXT('2D SPACE',''
  ) );
#7762 = ORIENTED_EDGE('',*,*,#7763,.F.);
#7763 = EDGE_CURVE('',#7764,#7736,#7766,.T.);
#7764 = VERTEX_POINT('',#7765);
#7765 = CARTESIAN_POINT('',(20.,-20.,0.));
#7766 = SURFACE_CURVE('',#7767,(#7771,#7778),.PCURVE_S1.);
#7767 = LINE('',#7768,#7769);
#7768 = CARTESIAN_POINT('',(20.,-20.,0.));
#7769 = VECTOR('',#7770,1.);
#7770 = DIRECTION('',(0.,0.,1.));
#7771 = PCURVE('',#7711,#7772);
#7772 = DEFINITIONAL_REPRESENTATION('',(#7773),#7777);
#7773 = LINE('',#7774,#7775);
#7774 = CARTESIAN_POINT('',(40.,0.));
#7775 = VECTOR('',#7776,1.);
#7776 = DIRECTION('',(0.,-1.));
#7777 = ( GEOMETRIC_REPRESENTATION_CONTEXT(2) 
PARAMETRIC_REPRESENTATION_CONTEXT() REPRESENTATION_CONTEXT('2D SPACE',''
  ) );
#7778 = PCURVE('',#7779,#7784);
#7779 = PLANE('',#7780);
#7780 = AXIS2_PLACEMENT_3D('',#7781,#7782,#7783);
#7781 = CARTESIAN_POINT('',(20.,-20.,0.));
#7782 = DIRECTION('',(-1.,0.,0.));
#7783 = DIRECTION('',(0.,1.,0.));
#7784 = DEFINITIONAL_REPRESENTATION('',(#7785),#7789);
#7785 = LINE('',#7786,#7787);
#7786 = CARTESIAN_POINT('',(0.,0.));
#7787 = VECTOR('',#7788,1.);
#7788 = DIRECTION('',(0.,-1.));
#7789 = ( GEOMETRIC_REPRESENTATION_CONTEXT(2) 
PARAMETRIC_REPRESENTATION_CONTEXT() REPRESENTATION_CONTEXT('2D SPACE',''
  ) );
#7790 = ORIENTED_EDGE('',*,*,#7791,.F.);
#7791 = EDGE_CURVE('',#7703,#7764,#7792,.T.);
#7792 = SURFACE_CURVE('',#7793,(#7797,#7804),.PCURVE_S1.);
#7793 = LINE('',#7794,#7795);
#7794 = CARTESIAN_POINT('',(-20.,-20.,0.));
#7795 = VECTOR('',#7796,1.);
#7796 = DIRECTION('',(1.,0.,0.));
#7797 = PCURVE('',#7711,#7798);
#7798 = DEFINITIONAL_REPRESENTATION('',(#7799),#7803);
#7799 = LINE('',#7800,#7801);
#7800 = CARTESIAN_POINT('',(0.,0.));
#7801 = VECTOR('',#7802,1.);
#7802 = DIRECTION('',(1.,0.));
#7803 = ( GEOMETRIC_REPRESENTATION_CONTEXT(2) 
PARAMETRIC_REPRESENTATION_CONTEXT() REPRESENTATION_CONTEXT('2D SPACE',''
  ) );
#7804 = PCURVE('',#7805,#7810);
#7805 = PLANE('',#7806);
#7806 = AXIS2_PLACEMENT_3D('',#7807,#7808,#7809);
#7807 = CARTESIAN_POINT('',(0.,0.,0.));
#7808 = DIRECTION('',(0.,0.,1.));
#7809 = DIRECTION('',(1.,0.,-0.));
#7810 = DEFINITIONAL_REPRESENTATION('',(#7811),#7815);
#7811 = LINE('',#7812,#7813);
#7812 = CARTESIAN_POINT('',(-20.,-20.));
#7813 = VECTOR('',#7814,1.);
#7814 = DIRECTION('',(1.,0.));
#7815 = ( GEOMETRIC_REPRESENTATION_CONTEXT(2) 
PARAMETRIC_REPRESENTATION_CONTEXT() REPRESENTATION_CONTEXT('2D SPACE',''
  ) );
#7816 = ADVANCED_FACE('',(#7817,#8078),#7723,.F.);
#7817 = FACE_BOUND('',#7818,.F.);
#7818 = EDGE_LOOP('',(#7819,#7849,#7870,#7871,#7894,#7922,#7948,#7974,
    #8002,#8028,#8054));
#7819 = ORIENTED_EDGE('',*,*,#7820,.F.);
#7820 = EDGE_CURVE('',#7821,#7823,#7825,.T.);
#7821 = VERTEX_POINT('',#7822);
#7822 = CARTESIAN_POINT('',(-20.,20.,126.));
#7823 = VERTEX_POINT('',#7824);
#7824 = CARTESIAN_POINT('',(-20.,20.,62.488887394336));
#7825 = SURFACE_CURVE('',#7826,(#7830,#7837),.PCURVE_S1.);
#7826 = LINE('',#7827,#7828);
#7827 = CARTESIAN_POINT('',(-20.,20.,126.));
#7828 = VECTOR('',#7829,1.);
#7829 = DIRECTION('',(0.,0.,-1.));
#7830 = PCURVE('',#7723,#7831);
#7831 = DEFINITIONAL_REPRESENTATION('',(#7832),#7836);
#7832 = LINE('',#7833,#7834);
#7833 = CARTESIAN_POINT('',(0.,-126.));
#7834 = VECTOR('',#7835,1.);
#7835 = DIRECTION('',(0.,1.));
#7836 = ( GEOMETRIC_REPRESENTATION_CONTEXT(2) 
PARAMETRIC_REPRESENTATION_CONTEXT() REPRESENTATION_CONTEXT('2D SPACE',''
  ) );
#7837 = PCURVE('',#7838,#7843);
#7838 = PLANE('',#7839);
#7839 = AXIS2_PLACEMENT_3D('',#7840,#7841,#7842);
#7840 = CARTESIAN_POINT('',(20.,20.,0.));
#7841 = DIRECTION('',(0.,-1.,0.));
#7842 = DIRECTION('',(-1.,0.,0.));
#7843 = DEFINITIONAL_REPRESENTATION('',(#7844),#7848);
#7844 = LINE('',#7845,#7846);
#7845 = CARTESIAN_POINT('',(40.,-126.));
#7846 = VECTOR('',#7847,1.);
#7847 = DIRECTION('',(0.,1.));
#7848 = ( GEOMETRIC_REPRESENTATION_CONTEXT(2) 
PARAMETRIC_REPRESENTATION_CONTEXT() REPRESENTATION_CONTEXT('2D SPACE',''
  ) );
#7849 = ORIENTED_EDGE('',*,*,#7850,.T.);
#7850 = EDGE_CURVE('',#7821,#7701,#7851,.T.);
#7851 = SURFACE_CURVE('',#7852,(#7856,#7863),.PCURVE_S1.);
#7852 = LINE('',#7853,#7854);
#7853 = CARTESIAN_POINT('',(-20.,20.,126.));
#7854 = VECTOR('',#7855,1.);
#7855 = DIRECTION('',(0.,-1.,0.));
#7856 = PCURVE('',#7723,#7857);
#7857 = DEFINITIONAL_REPRESENTATION('',(#7858),#7862);
#7858 = LINE('',#7859,#7860);
#7859 = CARTESIAN_POINT('',(0.,-126.));
#7860 = VECTOR('',#7861,1.);
#7861 = DIRECTION('',(1.,0.));
#7862 = ( GEOMETRIC_REPRESENTATION_CONTEXT(2) 
PARAMETRIC_REPRESENTATION_CONTEXT() REPRESENTATION_CONTEXT('2D SPACE',''
  ) );
#7863 = PCURVE('',#7751,#7864);
#7864 = DEFINITIONAL_REPRESENTATION('',(#7865),#7869);
#7865 = LINE('',#7866,#7867);
#7866 = CARTESIAN_POINT('',(-20.,20.));
#7867 = VECTOR('',#7868,1.);
#7868 = DIRECTION('',(0.,-1.));
#7869 = ( GEOMETRIC_REPRESENTATION_CONTEXT(2) 
PARAMETRIC_REPRESENTATION_CONTEXT() REPRESENTATION_CONTEXT('2D SPACE',''
  ) );
#7870 = ORIENTED_EDGE('',*,*,#7700,.T.);
#7871 = ORIENTED_EDGE('',*,*,#7872,.F.);
#7872 = EDGE_CURVE('',#7873,#7703,#7875,.T.);
#7873 = VERTEX_POINT('',#7874);
#7874 = CARTESIAN_POINT('',(-20.,20.,0.));
#7875 = SURFACE_CURVE('',#7876,(#7880,#7887),.PCURVE_S1.);
#7876 = LINE('',#7877,#7878);
#7877 = CARTESIAN_POINT('',(-20.,20.,0.));
#7878 = VECTOR('',#7879,1.);
#7879 = DIRECTION('',(0.,-1.,0.));
#7880 = PCURVE('',#7723,#7881);
#7881 = DEFINITIONAL_REPRESENTATION('',(#7882),#7886);
#7882 = LINE('',#7883,#7884);
#7883 = CARTESIAN_POINT('',(0.,0.));
#7884 = VECTOR('',#7885,1.);
#7885 = DIRECTION('',(1.,0.));
#7886 = ( GEOMETRIC_REPRESENTATION_CONTEXT(2) 
PARAMETRIC_REPRESENTATION_CONTEXT() REPRESENTATION_CONTEXT('2D SPACE',''
  ) );
#7887 = PCURVE('',#7805,#7888);
#7888 = DEFINITIONAL_REPRESENTATION('',(#7889),#7893);
#7889 = LINE('',#7890,#7891);
#7890 = CARTESIAN_POINT('',(-20.,20.));
#7891 = VECTOR('',#7892,1.);
#7892 = DIRECTION('',(0.,-1.));
#7893 = ( GEOMETRIC_REPRESENTATION_CONTEXT(2) 
PARAMETRIC_REPRESENTATION_CONTEXT() REPRESENTATION_CONTEXT('2D SPACE',''
  ) );
#7894 = ORIENTED_EDGE('',*,*,#7895,.F.);
#7895 = EDGE_CURVE('',#7896,#7873,#7898,.T.);
#7896 = VERTEX_POINT('',#7897);
#7897 = CARTESIAN_POINT('',(-20.,20.,32.470857293849));
#7898 = SURFACE_CURVE('',#7899,(#7903,#7910),.PCURVE_S1.);
#7899 = LINE('',#7900,#7901);
#7900 = CARTESIAN_POINT('',(-20.,20.,126.));
#7901 = VECTOR('',#7902,1.);
#7902 = DIRECTION('',(0.,0.,-1.));
#7903 = PCURVE('',#7723,#7904);
#7904 = DEFINITIONAL_REPRESENTATION('',(#7905),#7909);
#7905 = LINE('',#7906,#7907);
#7906 = CARTESIAN_POINT('',(0.,-126.));
#7907 = VECTOR('',#7908,1.);
#7908 = DIRECTION('',(0.,1.));
#7909 = ( GEOMETRIC_REPRESENTATION_CONTEXT(2) 
PARAMETRIC_REPRESENTATION_CONTEXT() REPRESENTATION_CONTEXT('2D SPACE',''
  ) );
#7910 = PCURVE('',#7911,#7916);
#7911 = PLANE('',#7912);
#7912 = AXIS2_PLACEMENT_3D('',#7913,#7914,#7915);
#7913 = CARTESIAN_POINT('',(20.,20.,0.));
#7914 = DIRECTION('',(0.,-1.,0.));
#7915 = DIRECTION('',(-1.,0.,0.));
#7916 = DEFINITIONAL_REPRESENTATION('',(#7917),#7921);
#7917 = LINE('',#7918,#7919);
#7918 = CARTESIAN_POINT('',(40.,-126.));
#7919 = VECTOR('',#7920,1.);
#7920 = DIRECTION('',(0.,1.));
#7921 = ( GEOMETRIC_REPRESENTATION_CONTEXT(2) 
PARAMETRIC_REPRESENTATION_CONTEXT() REPRESENTATION_CONTEXT('2D SPACE',''
  ) );
#7922 = ORIENTED_EDGE('',*,*,#7923,.T.);
#7923 = EDGE_CURVE('',#7896,#7924,#7926,.T.);
#7924 = VERTEX_POINT('',#7925);
#7925 = CARTESIAN_POINT('',(-20.,17.083640149751,33.252293560561));
#7926 = SURFACE_CURVE('',#7927,(#7931,#7937),.PCURVE_S1.);
#7927 = LINE('',#7928,#7929);
#7928 = CARTESIAN_POINT('',(-20.,22.600677236607,31.774007928526));
#7929 = VECTOR('',#7930,1.);
#7930 = DIRECTION('',(0.,-0.965925826289,0.258819045103));
#7931 = PCURVE('',#7723,#7932);
#7932 = DEFINITIONAL_REPRESENTATION('',(#7933),#7936);
#7933 = B_SPLINE_CURVE_WITH_KNOTS('',1,(#7934,#7935),.UNSPECIFIED.,.F.,
  .F.,(2,2),(2.692419195994,5.71165708246),.PIECEWISE_BEZIER_KNOTS.);
#7934 = CARTESIAN_POINT('',(-2.175543895696E-16,-32.47085729384));
#7935 = CARTESIAN_POINT('',(2.916359850249,-33.25229356056));
#7936 = ( GEOMETRIC_REPRESENTATION_CONTEXT(2) 
PARAMETRIC_REPRESENTATION_CONTEXT() REPRESENTATION_CONTEXT('2D SPACE',''
  ) );
#7937 = PCURVE('',#7938,#7943);
#7938 = PLANE('',#7939);
#7939 = AXIS2_PLACEMENT_3D('',#7940,#7941,#7942);
#7940 = CARTESIAN_POINT('',(-57.5,17.083640149751,33.252293560561));
#7941 = DIRECTION('',(0.,0.258819045103,0.965925826289));
#7942 = DIRECTION('',(1.,0.,0.));
#7943 = DEFINITIONAL_REPRESENTATION('',(#7944),#7947);
#7944 = B_SPLINE_CURVE_WITH_KNOTS('',1,(#7945,#7946),.UNSPECIFIED.,.F.,
  .F.,(2,2),(2.692419195994,5.71165708246),.PIECEWISE_BEZIER_KNOTS.);
#7945 = CARTESIAN_POINT('',(37.5,3.019237886467));
#7946 = CARTESIAN_POINT('',(37.5,-2.6645352591E-15));
#7947 = ( GEOMETRIC_REPRESENTATION_CONTEXT(2) 
PARAMETRIC_REPRESENTATION_CONTEXT() REPRESENTATION_CONTEXT('2D SPACE',''
  ) );
#7948 = ORIENTED_EDGE('',*,*,#7949,.T.);
#7949 = EDGE_CURVE('',#7924,#7950,#7952,.T.);
#7950 = VERTEX_POINT('',#7951);
#7951 = CARTESIAN_POINT('',(-20.,20.,44.136296694844));
#7952 = SURFACE_CURVE('',#7953,(#7957,#7963),.PCURVE_S1.);
#7953 = LINE('',#7954,#7955);
#7954 = CARTESIAN_POINT('',(-20.,13.02478298802,18.104432412316));
#7955 = VECTOR('',#7956,1.);
#7956 = DIRECTION('',(0.,0.258819045103,0.965925826289));
#7957 = PCURVE('',#7723,#7958);
#7958 = DEFINITIONAL_REPRESENTATION('',(#7959),#7962);
#7959 = B_SPLINE_CURVE_WITH_KNOTS('',1,(#7960,#7961),.UNSPECIFIED.,.F.,
  .F.,(2,2),(15.682219830938,26.950169023369),.PIECEWISE_BEZIER_KNOTS.);
#7960 = CARTESIAN_POINT('',(2.916359850249,-33.25229356056));
#7961 = CARTESIAN_POINT('',(-4.269536181944E-16,-44.13629669484));
#7962 = ( GEOMETRIC_REPRESENTATION_CONTEXT(2) 
PARAMETRIC_REPRESENTATION_CONTEXT() REPRESENTATION_CONTEXT('2D SPACE',''
  ) );
#7963 = PCURVE('',#7964,#7969);
#7964 = PLANE('',#7965);
#7965 = AXIS2_PLACEMENT_3D('',#7966,#7967,#7968);
#7966 = CARTESIAN_POINT('',(-57.5,17.083640149751,33.252293560561));
#7967 = DIRECTION('',(0.,0.965925826289,-0.258819045103));
#7968 = DIRECTION('',(0.,0.258819045103,0.965925826289));
#7969 = DEFINITIONAL_REPRESENTATION('',(#7970),#7973);
#7970 = B_SPLINE_CURVE_WITH_KNOTS('',1,(#7971,#7972),.UNSPECIFIED.,.F.,
  .F.,(2,2),(15.682219830938,26.950169023369),.PIECEWISE_BEZIER_KNOTS.);
#7971 = CARTESIAN_POINT('',(0.,37.5));
#7972 = CARTESIAN_POINT('',(11.267949192431,37.5));
#7973 = ( GEOMETRIC_REPRESENTATION_CONTEXT(2) 
PARAMETRIC_REPRESENTATION_CONTEXT() REPRESENTATION_CONTEXT('2D SPACE',''
  ) );
#7974 = ORIENTED_EDGE('',*,*,#7975,.F.);
#7975 = EDGE_CURVE('',#7976,#7950,#7978,.T.);
#7976 = VERTEX_POINT('',#7977);
#7977 = CARTESIAN_POINT('',(-20.,20.,46.));
#7978 = SURFACE_CURVE('',#7979,(#7983,#7990),.PCURVE_S1.);
#7979 = LINE('',#7980,#7981);
#7980 = CARTESIAN_POINT('',(-20.,20.,126.));
#7981 = VECTOR('',#7982,1.);
#7982 = DIRECTION('',(0.,0.,-1.));
#7983 = PCURVE('',#7723,#7984);
#7984 = DEFINITIONAL_REPRESENTATION('',(#7985),#7989);
#7985 = LINE('',#7986,#7987);
#7986 = CARTESIAN_POINT('',(0.,-126.));
#7987 = VECTOR('',#7988,1.);
#7988 = DIRECTION('',(0.,1.));
#7989 = ( GEOMETRIC_REPRESENTATION_CONTEXT(2) 
PARAMETRIC_REPRESENTATION_CONTEXT() REPRESENTATION_CONTEXT('2D SPACE',''
  ) );
#7990 = PCURVE('',#7991,#7996);
#7991 = PLANE('',#7992);
#7992 = AXIS2_PLACEMENT_3D('',#7993,#7994,#7995);
#7993 = CARTESIAN_POINT('',(20.,20.,0.));
#7994 = DIRECTION('',(0.,-1.,0.));
#7995 = DIRECTION('',(-1.,0.,0.));
#7996 = DEFINITIONAL_REPRESENTATION('',(#7997),#8001);
#7997 = LINE('',#7998,#7999);
#7998 = CARTESIAN_POINT('',(40.,-126.));
#7999 = VECTOR('',#8000,1.);
#8000 = DIRECTION('',(0.,1.));
#8001 = ( GEOMETRIC_REPRESENTATION_CONTEXT(2) 
PARAMETRIC_REPRESENTATION_CONTEXT() REPRESENTATION_CONTEXT('2D SPACE',''
  ) );
#8002 = ORIENTED_EDGE('',*,*,#8003,.T.);
#8003 = EDGE_CURVE('',#7976,#8004,#8006,.T.);
#8004 = VERTEX_POINT('',#8005);
#8005 = CARTESIAN_POINT('',(-20.,19.9,46.));
#8006 = SURFACE_CURVE('',#8007,(#8011,#8017),.PCURVE_S1.);
#8007 = LINE('',#8008,#8009);
#8008 = CARTESIAN_POINT('',(-20.,19.95,46.));
#8009 = VECTOR('',#8010,1.);
#8010 = DIRECTION('',(0.,-1.,0.));
#8011 = PCURVE('',#7723,#8012);
#8012 = DEFINITIONAL_REPRESENTATION('',(#8013),#8016);
#8013 = B_SPLINE_CURVE_WITH_KNOTS('',1,(#8014,#8015),.UNSPECIFIED.,.F.,
  .F.,(2,2),(-5.E-02,5.E-02),.PIECEWISE_BEZIER_KNOTS.);
#8014 = CARTESIAN_POINT('',(0.,-46.));
#8015 = CARTESIAN_POINT('',(0.1,-46.));
#8016 = ( GEOMETRIC_REPRESENTATION_CONTEXT(2) 
PARAMETRIC_REPRESENTATION_CONTEXT() REPRESENTATION_CONTEXT('2D SPACE',''
  ) );
#8017 = PCURVE('',#8018,#8023);
#8018 = PLANE('',#8019);
#8019 = AXIS2_PLACEMENT_3D('',#8020,#8021,#8022);
#8020 = CARTESIAN_POINT('',(-57.5,19.9,46.));
#8021 = DIRECTION('',(0.,0.,1.));
#8022 = DIRECTION('',(0.,1.,0.));
#8023 = DEFINITIONAL_REPRESENTATION('',(#8024),#8027);
#8024 = B_SPLINE_CURVE_WITH_KNOTS('',1,(#8025,#8026),.UNSPECIFIED.,.F.,
  .F.,(2,2),(-5.E-02,5.E-02),.PIECEWISE_BEZIER_KNOTS.);
#8025 = CARTESIAN_POINT('',(0.1,-37.5));
#8026 = CARTESIAN_POINT('',(0.,-37.5));
#8027 = ( GEOMETRIC_REPRESENTATION_CONTEXT(2) 
PARAMETRIC_REPRESENTATION_CONTEXT() REPRESENTATION_CONTEXT('2D SPACE',''
  ) );
#8028 = ORIENTED_EDGE('',*,*,#8029,.T.);
#8029 = EDGE_CURVE('',#8004,#8030,#8032,.T.);
#8030 = VERTEX_POINT('',#8031);
#8031 = CARTESIAN_POINT('',(-20.,19.9,62.488887394336));
#8032 = SURFACE_CURVE('',#8033,(#8037,#8043),.PCURVE_S1.);
#8033 = LINE('',#8034,#8035);
#8034 = CARTESIAN_POINT('',(-20.,19.9,31.244443697168));
#8035 = VECTOR('',#8036,1.);
#8036 = DIRECTION('',(0.,0.,1.));
#8037 = PCURVE('',#7723,#8038);
#8038 = DEFINITIONAL_REPRESENTATION('',(#8039),#8042);
#8039 = B_SPLINE_CURVE_WITH_KNOTS('',1,(#8040,#8041),.UNSPECIFIED.,.F.,
  .F.,(2,2),(14.755556302832,31.244443697168),.PIECEWISE_BEZIER_KNOTS.);
#8040 = CARTESIAN_POINT('',(0.1,-46.));
#8041 = CARTESIAN_POINT('',(0.1,-62.48888739433));
#8042 = ( GEOMETRIC_REPRESENTATION_CONTEXT(2) 
PARAMETRIC_REPRESENTATION_CONTEXT() REPRESENTATION_CONTEXT('2D SPACE',''
  ) );
#8043 = PCURVE('',#8044,#8049);
#8044 = PLANE('',#8045);
#8045 = AXIS2_PLACEMENT_3D('',#8046,#8047,#8048);
#8046 = CARTESIAN_POINT('',(-57.5,19.9,62.488887394336));
#8047 = DIRECTION('',(-0.,1.,0.));
#8048 = DIRECTION('',(0.,0.,-1.));
#8049 = DEFINITIONAL_REPRESENTATION('',(#8050),#8053);
#8050 = B_SPLINE_CURVE_WITH_KNOTS('',1,(#8051,#8052),.UNSPECIFIED.,.F.,
  .F.,(2,2),(14.755556302832,31.244443697168),.PIECEWISE_BEZIER_KNOTS.);
#8051 = CARTESIAN_POINT('',(16.488887394336,-37.5));
#8052 = CARTESIAN_POINT('',(0.,-37.5));
#8053 = ( GEOMETRIC_REPRESENTATION_CONTEXT(2) 
PARAMETRIC_REPRESENTATION_CONTEXT() REPRESENTATION_CONTEXT('2D SPACE',''
  ) );
#8054 = ORIENTED_EDGE('',*,*,#8055,.T.);
#8055 = EDGE_CURVE('',#8030,#7823,#8056,.T.);
#8056 = SURFACE_CURVE('',#8057,(#8061,#8067),.PCURVE_S1.);
#8057 = LINE('',#8058,#8059);
#8058 = CARTESIAN_POINT('',(-20.,22.591142838269,62.488887394336));
#8059 = VECTOR('',#8060,1.);
#8060 = DIRECTION('',(0.,1.,0.));
#8061 = PCURVE('',#7723,#8062);
#8062 = DEFINITIONAL_REPRESENTATION('',(#8063),#8066);
#8063 = B_SPLINE_CURVE_WITH_KNOTS('',1,(#8064,#8065),.UNSPECIFIED.,.F.,
  .F.,(2,2),(-2.691142838269,-2.591142838269),.PIECEWISE_BEZIER_KNOTS.);
#8064 = CARTESIAN_POINT('',(0.1,-62.48888739433));
#8065 = CARTESIAN_POINT('',(0.,-62.48888739433));
#8066 = ( GEOMETRIC_REPRESENTATION_CONTEXT(2) 
PARAMETRIC_REPRESENTATION_CONTEXT() REPRESENTATION_CONTEXT('2D SPACE',''
  ) );
#8067 = PCURVE('',#8068,#8073);
#8068 = PLANE('',#8069);
#8069 = AXIS2_PLACEMENT_3D('',#8070,#8071,#8072);
#8070 = CARTESIAN_POINT('',(-57.5,25.182285676538,62.488887394336));
#8071 = DIRECTION('',(0.,0.,-1.));
#8072 = DIRECTION('',(0.,-1.,0.));
#8073 = DEFINITIONAL_REPRESENTATION('',(#8074),#8077);
#8074 = B_SPLINE_CURVE_WITH_KNOTS('',1,(#8075,#8076),.UNSPECIFIED.,.F.,
  .F.,(2,2),(-2.691142838269,-2.591142838269),.PIECEWISE_BEZIER_KNOTS.);
#8075 = CARTESIAN_POINT('',(5.282285676538,-37.5));
#8076 = CARTESIAN_POINT('',(5.182285676538,-37.5));
#8077 = ( GEOMETRIC_REPRESENTATION_CONTEXT(2) 
PARAMETRIC_REPRESENTATION_CONTEXT() REPRESENTATION_CONTEXT('2D SPACE',''
  ) );
#8078 = FACE_BOUND('',#8079,.F.);
#8079 = EDGE_LOOP('',(#8080));
#8080 = ORIENTED_EDGE('',*,*,#8081,.T.);
#8081 = EDGE_CURVE('',#8082,#8082,#8084,.T.);
#8082 = VERTEX_POINT('',#8083);
#8083 = CARTESIAN_POINT('',(-20.,2.2,15.));
#8084 = SURFACE_CURVE('',#8085,(#8090,#8101),.PCURVE_S1.);
#8085 = CIRCLE('',#8086,2.2);
#8086 = AXIS2_PLACEMENT_3D('',#8087,#8088,#8089);
#8087 = CARTESIAN_POINT('',(-20.,0.,15.));
#8088 = DIRECTION('',(-1.,0.,0.));
#8089 = DIRECTION('',(0.,1.,0.));
#8090 = PCURVE('',#7723,#8091);
#8091 = DEFINITIONAL_REPRESENTATION('',(#8092),#8100);
#8092 = ( BOUNDED_CURVE() B_SPLINE_CURVE(2,(#8093,#8094,#8095,#8096,
#8097,#8098,#8099),.UNSPECIFIED.,.T.,.F.) B_SPLINE_CURVE_WITH_KNOTS((1,2
    ,2,2,2,1),(-2.094395102393,0.,2.094395102393,4.188790204786,
6.28318530718,8.377580409573),.UNSPECIFIED.) CURVE() 
GEOMETRIC_REPRESENTATION_ITEM() RATIONAL_B_SPLINE_CURVE((1.,0.5,1.,0.5,
1.,0.5,1.)) REPRESENTATION_ITEM('') );
#8093 = CARTESIAN_POINT('',(17.8,-15.));
#8094 = CARTESIAN_POINT('',(17.8,-11.18948822334));
#8095 = CARTESIAN_POINT('',(21.1,-13.09474411167));
#8096 = CARTESIAN_POINT('',(24.4,-15.));
#8097 = CARTESIAN_POINT('',(21.1,-16.90525588832));
#8098 = CARTESIAN_POINT('',(17.8,-18.81051177665));
#8099 = CARTESIAN_POINT('',(17.8,-15.));
#8100 = ( GEOMETRIC_REPRESENTATION_CONTEXT(2) 
PARAMETRIC_REPRESENTATION_CONTEXT() REPRESENTATION_CONTEXT('2D SPACE',''
  ) );
#8101 = PCURVE('',#8102,#8107);
#8102 = CYLINDRICAL_SURFACE('',#8103,2.2);
#8103 = AXIS2_PLACEMENT_3D('',#8104,#8105,#8106);
#8104 = CARTESIAN_POINT('',(-40.,0.,15.));
#8105 = DIRECTION('',(-1.,-0.,-0.));
#8106 = DIRECTION('',(0.,1.,0.));
#8107 = DEFINITIONAL_REPRESENTATION('',(#8108),#8112);
#8108 = LINE('',#8109,#8110);
#8109 = CARTESIAN_POINT('',(-6.28318530718,-20.));
#8110 = VECTOR('',#8111,1.);
#8111 = DIRECTION('',(1.,-0.));
#8112 = ( GEOMETRIC_REPRESENTATION_CONTEXT(2) 
PARAMETRIC_REPRESENTATION_CONTEXT() REPRESENTATION_CONTEXT('2D SPACE',''
  ) );
#8113 = ADVANCED_FACE('',(#8114,#8162),#7751,.T.);
#8114 = FACE_BOUND('',#8115,.T.);
#8115 = EDGE_LOOP('',(#8116,#8117,#8140,#8161));
#8116 = ORIENTED_EDGE('',*,*,#7735,.T.);
#8117 = ORIENTED_EDGE('',*,*,#8118,.T.);
#8118 = EDGE_CURVE('',#7736,#8119,#8121,.T.);
#8119 = VERTEX_POINT('',#8120);
#8120 = CARTESIAN_POINT('',(20.,20.,126.));
#8121 = SURFACE_CURVE('',#8122,(#8126,#8133),.PCURVE_S1.);
#8122 = LINE('',#8123,#8124);
#8123 = CARTESIAN_POINT('',(20.,-20.,126.));
#8124 = VECTOR('',#8125,1.);
#8125 = DIRECTION('',(0.,1.,0.));
#8126 = PCURVE('',#7751,#8127);
#8127 = DEFINITIONAL_REPRESENTATION('',(#8128),#8132);
#8128 = LINE('',#8129,#8130);
#8129 = CARTESIAN_POINT('',(20.,-20.));
#8130 = VECTOR('',#8131,1.);
#8131 = DIRECTION('',(0.,1.));
#8132 = ( GEOMETRIC_REPRESENTATION_CONTEXT(2) 
PARAMETRIC_REPRESENTATION_CONTEXT() REPRESENTATION_CONTEXT('2D SPACE',''
  ) );
#8133 = PCURVE('',#7779,#8134);
#8134 = DEFINITIONAL_REPRESENTATION('',(#8135),#8139);
#8135 = LINE('',#8136,#8137);
#8136 = CARTESIAN_POINT('',(0.,-126.));
#8137 = VECTOR('',#8138,1.);
#8138 = DIRECTION('',(1.,0.));
#8139 = ( GEOMETRIC_REPRESENTATION_CONTEXT(2) 
PARAMETRIC_REPRESENTATION_CONTEXT() REPRESENTATION_CONTEXT('2D SPACE',''
  ) );
#8140 = ORIENTED_EDGE('',*,*,#8141,.T.);
#8141 = EDGE_CURVE('',#8119,#7821,#8142,.T.);
#8142 = SURFACE_CURVE('',#8143,(#8147,#8154),.PCURVE_S1.);
#8143 = LINE('',#8144,#8145);
#8144 = CARTESIAN_POINT('',(20.,20.,126.));
#8145 = VECTOR('',#8146,1.);
#8146 = DIRECTION('',(-1.,0.,0.));
#8147 = PCURVE('',#7751,#8148);
#8148 = DEFINITIONAL_REPRESENTATION('',(#8149),#8153);
#8149 = LINE('',#8150,#8151);
#8150 = CARTESIAN_POINT('',(20.,20.));
#8151 = VECTOR('',#8152,1.);
#8152 = DIRECTION('',(-1.,0.));
#8153 = ( GEOMETRIC_REPRESENTATION_CONTEXT(2) 
PARAMETRIC_REPRESENTATION_CONTEXT() REPRESENTATION_CONTEXT('2D SPACE',''
  ) );
#8154 = PCURVE('',#7838,#8155);
#8155 = DEFINITIONAL_REPRESENTATION('',(#8156),#8160);
#8156 = LINE('',#8157,#8158);
#8157 = CARTESIAN_POINT('',(0.,-126.));
#8158 = VECTOR('',#8159,1.);
#8159 = DIRECTION('',(1.,0.));
#8160 = ( GEOMETRIC_REPRESENTATION_CONTEXT(2) 
PARAMETRIC_REPRESENTATION_CONTEXT() REPRESENTATION_CONTEXT('2D SPACE',''
  ) );
#8161 = ORIENTED_EDGE('',*,*,#7850,.T.);
#8162 = FACE_BOUND('',#8163,.T.);
#8163 = EDGE_LOOP('',(#8164,#8194,#8222,#8250));
#8164 = ORIENTED_EDGE('',*,*,#8165,.F.);
#8165 = EDGE_CURVE('',#8166,#8168,#8170,.T.);
#8166 = VERTEX_POINT('',#8167);
#8167 = CARTESIAN_POINT('',(-14.6,-14.6,126.));
#8168 = VERTEX_POINT('',#8169);
#8169 = CARTESIAN_POINT('',(14.6,-14.6,126.));
#8170 = SURFACE_CURVE('',#8171,(#8175,#8182),.PCURVE_S1.);
#8171 = LINE('',#8172,#8173);
#8172 = CARTESIAN_POINT('',(-14.6,-14.6,126.));
#8173 = VECTOR('',#8174,1.);
#8174 = DIRECTION('',(1.,0.,0.));
#8175 = PCURVE('',#7751,#8176);
#8176 = DEFINITIONAL_REPRESENTATION('',(#8177),#8181);
#8177 = LINE('',#8178,#8179);
#8178 = CARTESIAN_POINT('',(-14.6,-14.6));
#8179 = VECTOR('',#8180,1.);
#8180 = DIRECTION('',(1.,0.));
#8181 = ( GEOMETRIC_REPRESENTATION_CONTEXT(2) 
PARAMETRIC_REPRESENTATION_CONTEXT() REPRESENTATION_CONTEXT('2D SPACE',''
  ) );
#8182 = PCURVE('',#8183,#8188);
#8183 = PLANE('',#8184);
#8184 = AXIS2_PLACEMENT_3D('',#8185,#8186,#8187);
#8185 = CARTESIAN_POINT('',(-14.6,-14.6,126.));
#8186 = DIRECTION('',(0.,1.,0.));
#8187 = DIRECTION('',(1.,0.,0.));
#8188 = DEFINITIONAL_REPRESENTATION('',(#8189),#8193);
#8189 = LINE('',#8190,#8191);
#8190 = CARTESIAN_POINT('',(0.,0.));
#8191 = VECTOR('',#8192,1.);
#8192 = DIRECTION('',(1.,0.));
#8193 = ( GEOMETRIC_REPRESENTATION_CONTEXT(2) 
PARAMETRIC_REPRESENTATION_CONTEXT() REPRESENTATION_CONTEXT('2D SPACE',''
  ) );
#8194 = ORIENTED_EDGE('',*,*,#8195,.F.);
#8195 = EDGE_CURVE('',#8196,#8166,#8198,.T.);
#8196 = VERTEX_POINT('',#8197);
#8197 = CARTESIAN_POINT('',(-14.6,14.6,126.));
#8198 = SURFACE_CURVE('',#8199,(#8203,#8210),.PCURVE_S1.);
#8199 = LINE('',#8200,#8201);
#8200 = CARTESIAN_POINT('',(-14.6,14.6,126.));
#8201 = VECTOR('',#8202,1.);
#8202 = DIRECTION('',(0.,-1.,0.));
#8203 = PCURVE('',#7751,#8204);
#8204 = DEFINITIONAL_REPRESENTATION('',(#8205),#8209);
#8205 = LINE('',#8206,#8207);
#8206 = CARTESIAN_POINT('',(-14.6,14.6));
#8207 = VECTOR('',#8208,1.);
#8208 = DIRECTION('',(0.,-1.));
#8209 = ( GEOMETRIC_REPRESENTATION_CONTEXT(2) 
PARAMETRIC_REPRESENTATION_CONTEXT() REPRESENTATION_CONTEXT('2D SPACE',''
  ) );
#8210 = PCURVE('',#8211,#8216);
#8211 = PLANE('',#8212);
#8212 = AXIS2_PLACEMENT_3D('',#8213,#8214,#8215);
#8213 = CARTESIAN_POINT('',(-14.6,14.6,126.));
#8214 = DIRECTION('',(1.,0.,-0.));
#8215 = DIRECTION('',(0.,-1.,0.));
#8216 = DEFINITIONAL_REPRESENTATION('',(#8217),#8221);
#8217 = LINE('',#8218,#8219);
#8218 = CARTESIAN_POINT('',(0.,0.));
#8219 = VECTOR('',#8220,1.);
#8220 = DIRECTION('',(1.,0.));
#8221 = ( GEOMETRIC_REPRESENTATION_CONTEXT(2) 
PARAMETRIC_REPRESENTATION_CONTEXT() REPRESENTATION_CONTEXT('2D SPACE',''
  ) );
#8222 = ORIENTED_EDGE('',*,*,#8223,.F.);
#8223 = EDGE_CURVE('',#8224,#8196,#8226,.T.);
#8224 = VERTEX_POINT('',#8225);
#8225 = CARTESIAN_POINT('',(14.6,14.6,126.));
#8226 = SURFACE_CURVE('',#8227,(#8231,#8238),.PCURVE_S1.);
#8227 = LINE('',#8228,#8229);
#8228 = CARTESIAN_POINT('',(14.6,14.6,126.));
#8229 = VECTOR('',#8230,1.);
#8230 = DIRECTION('',(-1.,0.,0.));
#8231 = PCURVE('',#7751,#8232);
#8232 = DEFINITIONAL_REPRESENTATION('',(#8233),#8237);
#8233 = LINE('',#8234,#8235);
#8234 = CARTESIAN_POINT('',(14.6,14.6));
#8235 = VECTOR('',#8236,1.);
#8236 = DIRECTION('',(-1.,0.));
#8237 = ( GEOMETRIC_REPRESENTATION_CONTEXT(2) 
PARAMETRIC_REPRESENTATION_CONTEXT() REPRESENTATION_CONTEXT('2D SPACE',''
  ) );
#8238 = PCURVE('',#8239,#8244);
#8239 = PLANE('',#8240);
#8240 = AXIS2_PLACEMENT_3D('',#8241,#8242,#8243);
#8241 = CARTESIAN_POINT('',(14.6,14.6,126.));
#8242 = DIRECTION('',(0.,-1.,0.));
#8243 = DIRECTION('',(-1.,0.,0.));
#8244 = DEFINITIONAL_REPRESENTATION('',(#8245),#8249);
#8245 = LINE('',#8246,#8247);
#8246 = CARTESIAN_POINT('',(0.,-0.));
#8247 = VECTOR('',#8248,1.);
#8248 = DIRECTION('',(1.,0.));
#8249 = ( GEOMETRIC_REPRESENTATION_CONTEXT(2) 
PARAMETRIC_REPRESENTATION_CONTEXT() REPRESENTATION_CONTEXT('2D SPACE',''
  ) );
#8250 = ORIENTED_EDGE('',*,*,#8251,.F.);
#8251 = EDGE_CURVE('',#8168,#8224,#8252,.T.);
#8252 = SURFACE_CURVE('',#8253,(#8257,#8264),.PCURVE_S1.);
#8253 = LINE('',#8254,#8255);
#8254 = CARTESIAN_POINT('',(14.6,-14.6,126.));
#8255 = VECTOR('',#8256,1.);
#8256 = DIRECTION('',(0.,1.,0.));
#8257 = PCURVE('',#7751,#8258);
#8258 = DEFINITIONAL_REPRESENTATION('',(#8259),#8263);
#8259 = LINE('',#8260,#8261);
#8260 = CARTESIAN_POINT('',(14.6,-14.6));
#8261 = VECTOR('',#8262,1.);
#8262 = DIRECTION('',(0.,1.));
#8263 = ( GEOMETRIC_REPRESENTATION_CONTEXT(2) 
PARAMETRIC_REPRESENTATION_CONTEXT() REPRESENTATION_CONTEXT('2D SPACE',''
  ) );
#8264 = PCURVE('',#8265,#8270);
#8265 = PLANE('',#8266);
#8266 = AXIS2_PLACEMENT_3D('',#8267,#8268,#8269);
#8267 = CARTESIAN_POINT('',(14.6,-14.6,126.));
#8268 = DIRECTION('',(-1.,0.,0.));
#8269 = DIRECTION('',(0.,1.,0.));
#8270 = DEFINITIONAL_REPRESENTATION('',(#8271),#8275);
#8271 = LINE('',#8272,#8273);
#8272 = CARTESIAN_POINT('',(0.,0.));
#8273 = VECTOR('',#8274,1.);
#8274 = DIRECTION('',(1.,0.));
#8275 = ( GEOMETRIC_REPRESENTATION_CONTEXT(2) 
PARAMETRIC_REPRESENTATION_CONTEXT() REPRESENTATION_CONTEXT('2D SPACE',''
  ) );
#8276 = ADVANCED_FACE('',(#8277,#8481),#7779,.F.);
#8277 = FACE_BOUND('',#8278,.F.);
#8278 = EDGE_LOOP('',(#8279,#8302,#8303,#8304,#8327,#8348,#8374,#8395,
    #8418,#8439,#8460));
#8279 = ORIENTED_EDGE('',*,*,#8280,.F.);
#8280 = EDGE_CURVE('',#7764,#8281,#8283,.T.);
#8281 = VERTEX_POINT('',#8282);
#8282 = CARTESIAN_POINT('',(20.,20.,0.));
#8283 = SURFACE_CURVE('',#8284,(#8288,#8295),.PCURVE_S1.);
#8284 = LINE('',#8285,#8286);
#8285 = CARTESIAN_POINT('',(20.,-20.,0.));
#8286 = VECTOR('',#8287,1.);
#8287 = DIRECTION('',(0.,1.,0.));
#8288 = PCURVE('',#7779,#8289);
#8289 = DEFINITIONAL_REPRESENTATION('',(#8290),#8294);
#8290 = LINE('',#8291,#8292);
#8291 = CARTESIAN_POINT('',(0.,0.));
#8292 = VECTOR('',#8293,1.);
#8293 = DIRECTION('',(1.,0.));
#8294 = ( GEOMETRIC_REPRESENTATION_CONTEXT(2) 
PARAMETRIC_REPRESENTATION_CONTEXT() REPRESENTATION_CONTEXT('2D SPACE',''
  ) );
#8295 = PCURVE('',#7805,#8296);
#8296 = DEFINITIONAL_REPRESENTATION('',(#8297),#8301);
#8297 = LINE('',#8298,#8299);
#8298 = CARTESIAN_POINT('',(20.,-20.));
#8299 = VECTOR('',#8300,1.);
#8300 = DIRECTION('',(0.,1.));
#8301 = ( GEOMETRIC_REPRESENTATION_CONTEXT(2) 
PARAMETRIC_REPRESENTATION_CONTEXT() REPRESENTATION_CONTEXT('2D SPACE',''
  ) );
#8302 = ORIENTED_EDGE('',*,*,#7763,.T.);
#8303 = ORIENTED_EDGE('',*,*,#8118,.T.);
#8304 = ORIENTED_EDGE('',*,*,#8305,.F.);
#8305 = EDGE_CURVE('',#8306,#8119,#8308,.T.);
#8306 = VERTEX_POINT('',#8307);
#8307 = CARTESIAN_POINT('',(20.,20.,62.488887394336));
#8308 = SURFACE_CURVE('',#8309,(#8313,#8320),.PCURVE_S1.);
#8309 = LINE('',#8310,#8311);
#8310 = CARTESIAN_POINT('',(20.,20.,0.));
#8311 = VECTOR('',#8312,1.);
#8312 = DIRECTION('',(0.,0.,1.));
#8313 = PCURVE('',#7779,#8314);
#8314 = DEFINITIONAL_REPRESENTATION('',(#8315),#8319);
#8315 = LINE('',#8316,#8317);
#8316 = CARTESIAN_POINT('',(40.,0.));
#8317 = VECTOR('',#8318,1.);
#8318 = DIRECTION('',(0.,-1.));
#8319 = ( GEOMETRIC_REPRESENTATION_CONTEXT(2) 
PARAMETRIC_REPRESENTATION_CONTEXT() REPRESENTATION_CONTEXT('2D SPACE',''
  ) );
#8320 = PCURVE('',#7838,#8321);
#8321 = DEFINITIONAL_REPRESENTATION('',(#8322),#8326);
#8322 = LINE('',#8323,#8324);
#8323 = CARTESIAN_POINT('',(0.,-0.));
#8324 = VECTOR('',#8325,1.);
#8325 = DIRECTION('',(0.,-1.));
#8326 = ( GEOMETRIC_REPRESENTATION_CONTEXT(2) 
PARAMETRIC_REPRESENTATION_CONTEXT() REPRESENTATION_CONTEXT('2D SPACE',''
  ) );
#8327 = ORIENTED_EDGE('',*,*,#8328,.T.);
#8328 = EDGE_CURVE('',#8306,#8329,#8331,.T.);
#8329 = VERTEX_POINT('',#8330);
#8330 = CARTESIAN_POINT('',(20.,19.9,62.488887394336));
#8331 = SURFACE_CURVE('',#8332,(#8336,#8342),.PCURVE_S1.);
#8332 = LINE('',#8333,#8334);
#8333 = CARTESIAN_POINT('',(20.,2.591142838269,62.488887394336));
#8334 = VECTOR('',#8335,1.);
#8335 = DIRECTION('',(-0.,-1.,-0.));
#8336 = PCURVE('',#7779,#8337);
#8337 = DEFINITIONAL_REPRESENTATION('',(#8338),#8341);
#8338 = B_SPLINE_CURVE_WITH_KNOTS('',1,(#8339,#8340),.UNSPECIFIED.,.F.,
  .F.,(2,2),(-17.40885716173,-17.30885716173),.PIECEWISE_BEZIER_KNOTS.);
#8339 = CARTESIAN_POINT('',(40.,-62.48888739433));
#8340 = CARTESIAN_POINT('',(39.9,-62.48888739433));
#8341 = ( GEOMETRIC_REPRESENTATION_CONTEXT(2) 
PARAMETRIC_REPRESENTATION_CONTEXT() REPRESENTATION_CONTEXT('2D SPACE',''
  ) );
#8342 = PCURVE('',#8068,#8343);
#8343 = DEFINITIONAL_REPRESENTATION('',(#8344),#8347);
#8344 = B_SPLINE_CURVE_WITH_KNOTS('',1,(#8345,#8346),.UNSPECIFIED.,.F.,
  .F.,(2,2),(-17.40885716173,-17.30885716173),.PIECEWISE_BEZIER_KNOTS.);
#8345 = CARTESIAN_POINT('',(5.182285676538,-77.5));
#8346 = CARTESIAN_POINT('',(5.282285676538,-77.5));
#8347 = ( GEOMETRIC_REPRESENTATION_CONTEXT(2) 
PARAMETRIC_REPRESENTATION_CONTEXT() REPRESENTATION_CONTEXT('2D SPACE',''
  ) );
#8348 = ORIENTED_EDGE('',*,*,#8349,.T.);
#8349 = EDGE_CURVE('',#8329,#8350,#8352,.T.);
#8350 = VERTEX_POINT('',#8351);
#8351 = CARTESIAN_POINT('',(20.,19.9,46.));
#8352 = SURFACE_CURVE('',#8353,(#8357,#8363),.PCURVE_S1.);
#8353 = LINE('',#8354,#8355);
#8354 = CARTESIAN_POINT('',(20.,19.9,31.244443697168));
#8355 = VECTOR('',#8356,1.);
#8356 = DIRECTION('',(0.,0.,-1.));
#8357 = PCURVE('',#7779,#8358);
#8358 = DEFINITIONAL_REPRESENTATION('',(#8359),#8362);
#8359 = B_SPLINE_CURVE_WITH_KNOTS('',1,(#8360,#8361),.UNSPECIFIED.,.F.,
  .F.,(2,2),(-31.24444369716,-14.75555630283),.PIECEWISE_BEZIER_KNOTS.);
#8360 = CARTESIAN_POINT('',(39.9,-62.48888739433));
#8361 = CARTESIAN_POINT('',(39.9,-46.));
#8362 = ( GEOMETRIC_REPRESENTATION_CONTEXT(2) 
PARAMETRIC_REPRESENTATION_CONTEXT() REPRESENTATION_CONTEXT('2D SPACE',''
  ) );
#8363 = PCURVE('',#8364,#8369);
#8364 = PLANE('',#8365);
#8365 = AXIS2_PLACEMENT_3D('',#8366,#8367,#8368);
#8366 = CARTESIAN_POINT('',(-57.5,19.9,62.488887394336));
#8367 = DIRECTION('',(-0.,1.,0.));
#8368 = DIRECTION('',(0.,0.,-1.));
#8369 = DEFINITIONAL_REPRESENTATION('',(#8370),#8373);
#8370 = B_SPLINE_CURVE_WITH_KNOTS('',1,(#8371,#8372),.UNSPECIFIED.,.F.,
  .F.,(2,2),(-31.24444369716,-14.75555630283),.PIECEWISE_BEZIER_KNOTS.);
#8371 = CARTESIAN_POINT('',(0.,-77.5));
#8372 = CARTESIAN_POINT('',(16.488887394336,-77.5));
#8373 = ( GEOMETRIC_REPRESENTATION_CONTEXT(2) 
PARAMETRIC_REPRESENTATION_CONTEXT() REPRESENTATION_CONTEXT('2D SPACE',''
  ) );
#8374 = ORIENTED_EDGE('',*,*,#8375,.T.);
#8375 = EDGE_CURVE('',#8350,#8376,#8378,.T.);
#8376 = VERTEX_POINT('',#8377);
#8377 = CARTESIAN_POINT('',(20.,20.,46.));
#8378 = SURFACE_CURVE('',#8379,(#8383,#8389),.PCURVE_S1.);
#8379 = LINE('',#8380,#8381);
#8380 = CARTESIAN_POINT('',(20.,-5.E-02,46.));
#8381 = VECTOR('',#8382,1.);
#8382 = DIRECTION('',(0.,1.,-0.));
#8383 = PCURVE('',#7779,#8384);
#8384 = DEFINITIONAL_REPRESENTATION('',(#8385),#8388);
#8385 = B_SPLINE_CURVE_WITH_KNOTS('',1,(#8386,#8387),.UNSPECIFIED.,.F.,
  .F.,(2,2),(19.95,20.05),.PIECEWISE_BEZIER_KNOTS.);
#8386 = CARTESIAN_POINT('',(39.9,-46.));
#8387 = CARTESIAN_POINT('',(40.,-46.));
#8388 = ( GEOMETRIC_REPRESENTATION_CONTEXT(2) 
PARAMETRIC_REPRESENTATION_CONTEXT() REPRESENTATION_CONTEXT('2D SPACE',''
  ) );
#8389 = PCURVE('',#8018,#8390);
#8390 = DEFINITIONAL_REPRESENTATION('',(#8391),#8394);
#8391 = B_SPLINE_CURVE_WITH_KNOTS('',1,(#8392,#8393),.UNSPECIFIED.,.F.,
  .F.,(2,2),(19.95,20.05),.PIECEWISE_BEZIER_KNOTS.);
#8392 = CARTESIAN_POINT('',(0.,-77.5));
#8393 = CARTESIAN_POINT('',(0.1,-77.5));
#8394 = ( GEOMETRIC_REPRESENTATION_CONTEXT(2) 
PARAMETRIC_REPRESENTATION_CONTEXT() REPRESENTATION_CONTEXT('2D SPACE',''
  ) );
#8395 = ORIENTED_EDGE('',*,*,#8396,.F.);
#8396 = EDGE_CURVE('',#8397,#8376,#8399,.T.);
#8397 = VERTEX_POINT('',#8398);
#8398 = CARTESIAN_POINT('',(20.,20.,44.136296694844));
#8399 = SURFACE_CURVE('',#8400,(#8404,#8411),.PCURVE_S1.);
#8400 = LINE('',#8401,#8402);
#8401 = CARTESIAN_POINT('',(20.,20.,0.));
#8402 = VECTOR('',#8403,1.);
#8403 = DIRECTION('',(0.,0.,1.));
#8404 = PCURVE('',#7779,#8405);
#8405 = DEFINITIONAL_REPRESENTATION('',(#8406),#8410);
#8406 = LINE('',#8407,#8408);
#8407 = CARTESIAN_POINT('',(40.,0.));
#8408 = VECTOR('',#8409,1.);
#8409 = DIRECTION('',(0.,-1.));
#8410 = ( GEOMETRIC_REPRESENTATION_CONTEXT(2) 
PARAMETRIC_REPRESENTATION_CONTEXT() REPRESENTATION_CONTEXT('2D SPACE',''
  ) );
#8411 = PCURVE('',#7991,#8412);
#8412 = DEFINITIONAL_REPRESENTATION('',(#8413),#8417);
#8413 = LINE('',#8414,#8415);
#8414 = CARTESIAN_POINT('',(0.,-0.));
#8415 = VECTOR('',#8416,1.);
#8416 = DIRECTION('',(0.,-1.));
#8417 = ( GEOMETRIC_REPRESENTATION_CONTEXT(2) 
PARAMETRIC_REPRESENTATION_CONTEXT() REPRESENTATION_CONTEXT('2D SPACE',''
  ) );
#8418 = ORIENTED_EDGE('',*,*,#8419,.T.);
#8419 = EDGE_CURVE('',#8397,#8420,#8422,.T.);
#8420 = VERTEX_POINT('',#8421);
#8421 = CARTESIAN_POINT('',(20.,17.083640149751,33.252293560561));
#8422 = SURFACE_CURVE('',#8423,(#8427,#8433),.PCURVE_S1.);
#8423 = LINE('',#8424,#8425);
#8424 = CARTESIAN_POINT('',(20.,11.685037025865,13.104432412316));
#8425 = VECTOR('',#8426,1.);
#8426 = DIRECTION('',(-0.,-0.258819045103,-0.965925826289));
#8427 = PCURVE('',#7779,#8428);
#8428 = DEFINITIONAL_REPRESENTATION('',(#8429),#8432);
#8429 = B_SPLINE_CURVE_WITH_KNOTS('',1,(#8430,#8431),.UNSPECIFIED.,.F.,
  .F.,(2,2),(-32.12654992541,-20.85860073298),.PIECEWISE_BEZIER_KNOTS.);
#8430 = CARTESIAN_POINT('',(40.,-44.13629669484));
#8431 = CARTESIAN_POINT('',(37.083640149751,-33.25229356056));
#8432 = ( GEOMETRIC_REPRESENTATION_CONTEXT(2) 
PARAMETRIC_REPRESENTATION_CONTEXT() REPRESENTATION_CONTEXT('2D SPACE',''
  ) );
#8433 = PCURVE('',#7964,#8434);
#8434 = DEFINITIONAL_REPRESENTATION('',(#8435),#8438);
#8435 = B_SPLINE_CURVE_WITH_KNOTS('',1,(#8436,#8437),.UNSPECIFIED.,.F.,
  .F.,(2,2),(-32.12654992541,-20.85860073298),.PIECEWISE_BEZIER_KNOTS.);
#8436 = CARTESIAN_POINT('',(11.267949192431,77.5));
#8437 = CARTESIAN_POINT('',(0.,77.5));
#8438 = ( GEOMETRIC_REPRESENTATION_CONTEXT(2) 
PARAMETRIC_REPRESENTATION_CONTEXT() REPRESENTATION_CONTEXT('2D SPACE',''
  ) );
#8439 = ORIENTED_EDGE('',*,*,#8440,.T.);
#8440 = EDGE_CURVE('',#8420,#8441,#8443,.T.);
#8441 = VERTEX_POINT('',#8442);
#8442 = CARTESIAN_POINT('',(20.,20.,32.470857293849));
#8443 = SURFACE_CURVE('',#8444,(#8448,#8454),.PCURVE_S1.);
#8444 = LINE('',#8445,#8446);
#8445 = CARTESIAN_POINT('',(20.,3.940423198762,36.774007928526));
#8446 = VECTOR('',#8447,1.);
#8447 = DIRECTION('',(0.,0.965925826289,-0.258819045103));
#8448 = PCURVE('',#7779,#8449);
#8449 = DEFINITIONAL_REPRESENTATION('',(#8450),#8453);
#8450 = B_SPLINE_CURVE_WITH_KNOTS('',1,(#8451,#8452),.UNSPECIFIED.,.F.,
  .F.,(2,2),(13.606859443321,16.626097329788),.PIECEWISE_BEZIER_KNOTS.);
#8451 = CARTESIAN_POINT('',(37.083640149751,-33.25229356056));
#8452 = CARTESIAN_POINT('',(40.,-32.47085729384));
#8453 = ( GEOMETRIC_REPRESENTATION_CONTEXT(2) 
PARAMETRIC_REPRESENTATION_CONTEXT() REPRESENTATION_CONTEXT('2D SPACE',''
  ) );
#8454 = PCURVE('',#7938,#8455);
#8455 = DEFINITIONAL_REPRESENTATION('',(#8456),#8459);
#8456 = B_SPLINE_CURVE_WITH_KNOTS('',1,(#8457,#8458),.UNSPECIFIED.,.F.,
  .F.,(2,2),(13.606859443321,16.626097329788),.PIECEWISE_BEZIER_KNOTS.);
#8457 = CARTESIAN_POINT('',(77.5,-3.552713678801E-15));
#8458 = CARTESIAN_POINT('',(77.5,3.019237886467));
#8459 = ( GEOMETRIC_REPRESENTATION_CONTEXT(2) 
PARAMETRIC_REPRESENTATION_CONTEXT() REPRESENTATION_CONTEXT('2D SPACE',''
  ) );
#8460 = ORIENTED_EDGE('',*,*,#8461,.F.);
#8461 = EDGE_CURVE('',#8281,#8441,#8462,.T.);
#8462 = SURFACE_CURVE('',#8463,(#8467,#8474),.PCURVE_S1.);
#8463 = LINE('',#8464,#8465);
#8464 = CARTESIAN_POINT('',(20.,20.,0.));
#8465 = VECTOR('',#8466,1.);
#8466 = DIRECTION('',(0.,0.,1.));
#8467 = PCURVE('',#7779,#8468);
#8468 = DEFINITIONAL_REPRESENTATION('',(#8469),#8473);
#8469 = LINE('',#8470,#8471);
#8470 = CARTESIAN_POINT('',(40.,0.));
#8471 = VECTOR('',#8472,1.);
#8472 = DIRECTION('',(0.,-1.));
#8473 = ( GEOMETRIC_REPRESENTATION_CONTEXT(2) 
PARAMETRIC_REPRESENTATION_CONTEXT() REPRESENTATION_CONTEXT('2D SPACE',''
  ) );
#8474 = PCURVE('',#7911,#8475);
#8475 = DEFINITIONAL_REPRESENTATION('',(#8476),#8480);
#8476 = LINE('',#8477,#8478);
#8477 = CARTESIAN_POINT('',(0.,-0.));
#8478 = VECTOR('',#8479,1.);
#8479 = DIRECTION('',(0.,-1.));
#8480 = ( GEOMETRIC_REPRESENTATION_CONTEXT(2) 
PARAMETRIC_REPRESENTATION_CONTEXT() REPRESENTATION_CONTEXT('2D SPACE',''
  ) );
#8481 = FACE_BOUND('',#8482,.F.);
#8482 = EDGE_LOOP('',(#8483));
#8483 = ORIENTED_EDGE('',*,*,#8484,.F.);
#8484 = EDGE_CURVE('',#8485,#8485,#8487,.T.);
#8485 = VERTEX_POINT('',#8486);
#8486 = CARTESIAN_POINT('',(20.,2.2,15.));
#8487 = SURFACE_CURVE('',#8488,(#8493,#8500),.PCURVE_S1.);
#8488 = CIRCLE('',#8489,2.2);
#8489 = AXIS2_PLACEMENT_3D('',#8490,#8491,#8492);
#8490 = CARTESIAN_POINT('',(20.,0.,15.));
#8491 = DIRECTION('',(-1.,0.,0.));
#8492 = DIRECTION('',(0.,1.,0.));
#8493 = PCURVE('',#7779,#8494);
#8494 = DEFINITIONAL_REPRESENTATION('',(#8495),#8499);
#8495 = CIRCLE('',#8496,2.2);
#8496 = AXIS2_PLACEMENT_2D('',#8497,#8498);
#8497 = CARTESIAN_POINT('',(20.,-15.));
#8498 = DIRECTION('',(1.,0.));
#8499 = ( GEOMETRIC_REPRESENTATION_CONTEXT(2) 
PARAMETRIC_REPRESENTATION_CONTEXT() REPRESENTATION_CONTEXT('2D SPACE',''
  ) );
#8500 = PCURVE('',#8501,#8506);
#8501 = CYLINDRICAL_SURFACE('',#8502,2.2);
#8502 = AXIS2_PLACEMENT_3D('',#8503,#8504,#8505);
#8503 = CARTESIAN_POINT('',(-40.,0.,15.));
#8504 = DIRECTION('',(-1.,-0.,-0.));
#8505 = DIRECTION('',(0.,1.,0.));
#8506 = DEFINITIONAL_REPRESENTATION('',(#8507),#8511);
#8507 = LINE('',#8508,#8509);
#8508 = CARTESIAN_POINT('',(-6.28318530718,-60.));
#8509 = VECTOR('',#8510,1.);
#8510 = DIRECTION('',(1.,-0.));
#8511 = ( GEOMETRIC_REPRESENTATION_CONTEXT(2) 
PARAMETRIC_REPRESENTATION_CONTEXT() REPRESENTATION_CONTEXT('2D SPACE',''
  ) );
#8512 = ADVANCED_FACE('',(#8513,#8539),#7805,.F.);
#8513 = FACE_BOUND('',#8514,.F.);
#8514 = EDGE_LOOP('',(#8515,#8516,#8517,#8538));
#8515 = ORIENTED_EDGE('',*,*,#7791,.T.);
#8516 = ORIENTED_EDGE('',*,*,#8280,.T.);
#8517 = ORIENTED_EDGE('',*,*,#8518,.T.);
#8518 = EDGE_CURVE('',#8281,#7873,#8519,.T.);
#8519 = SURFACE_CURVE('',#8520,(#8524,#8531),.PCURVE_S1.);
#8520 = LINE('',#8521,#8522);
#8521 = CARTESIAN_POINT('',(20.,20.,0.));
#8522 = VECTOR('',#8523,1.);
#8523 = DIRECTION('',(-1.,0.,0.));
#8524 = PCURVE('',#7805,#8525);
#8525 = DEFINITIONAL_REPRESENTATION('',(#8526),#8530);
#8526 = LINE('',#8527,#8528);
#8527 = CARTESIAN_POINT('',(20.,20.));
#8528 = VECTOR('',#8529,1.);
#8529 = DIRECTION('',(-1.,0.));
#8530 = ( GEOMETRIC_REPRESENTATION_CONTEXT(2) 
PARAMETRIC_REPRESENTATION_CONTEXT() REPRESENTATION_CONTEXT('2D SPACE',''
  ) );
#8531 = PCURVE('',#7911,#8532);
#8532 = DEFINITIONAL_REPRESENTATION('',(#8533),#8537);
#8533 = LINE('',#8534,#8535);
#8534 = CARTESIAN_POINT('',(0.,-0.));
#8535 = VECTOR('',#8536,1.);
#8536 = DIRECTION('',(1.,0.));
#8537 = ( GEOMETRIC_REPRESENTATION_CONTEXT(2) 
PARAMETRIC_REPRESENTATION_CONTEXT() REPRESENTATION_CONTEXT('2D SPACE',''
  ) );
#8538 = ORIENTED_EDGE('',*,*,#7872,.T.);
#8539 = FACE_BOUND('',#8540,.F.);
#8540 = EDGE_LOOP('',(#8541,#8571,#8599,#8627));
#8541 = ORIENTED_EDGE('',*,*,#8542,.F.);
#8542 = EDGE_CURVE('',#8543,#8545,#8547,.T.);
#8543 = VERTEX_POINT('',#8544);
#8544 = CARTESIAN_POINT('',(-15.,-15.,-1.999999881264E-07));
#8545 = VERTEX_POINT('',#8546);
#8546 = CARTESIAN_POINT('',(15.,-15.,-1.999999881264E-07));
#8547 = SURFACE_CURVE('',#8548,(#8552,#8559),.PCURVE_S1.);
#8548 = LINE('',#8549,#8550);
#8549 = CARTESIAN_POINT('',(-15.,-15.,-1.999999881264E-07));
#8550 = VECTOR('',#8551,1.);
#8551 = DIRECTION('',(1.,0.,0.));
#8552 = PCURVE('',#7805,#8553);
#8553 = DEFINITIONAL_REPRESENTATION('',(#8554),#8558);
#8554 = LINE('',#8555,#8556);
#8555 = CARTESIAN_POINT('',(-15.,-15.));
#8556 = VECTOR('',#8557,1.);
#8557 = DIRECTION('',(1.,0.));
#8558 = ( GEOMETRIC_REPRESENTATION_CONTEXT(2) 
PARAMETRIC_REPRESENTATION_CONTEXT() REPRESENTATION_CONTEXT('2D SPACE',''
  ) );
#8559 = PCURVE('',#8560,#8565);
#8560 = PLANE('',#8561);
#8561 = AXIS2_PLACEMENT_3D('',#8562,#8563,#8564);
#8562 = CARTESIAN_POINT('',(-15.,-15.,-1.999999881264E-07));
#8563 = DIRECTION('',(0.,1.,0.));
#8564 = DIRECTION('',(1.,0.,0.));
#8565 = DEFINITIONAL_REPRESENTATION('',(#8566),#8570);
#8566 = LINE('',#8567,#8568);
#8567 = CARTESIAN_POINT('',(0.,0.));
#8568 = VECTOR('',#8569,1.);
#8569 = DIRECTION('',(1.,0.));
#8570 = ( GEOMETRIC_REPRESENTATION_CONTEXT(2) 
PARAMETRIC_REPRESENTATION_CONTEXT() REPRESENTATION_CONTEXT('2D SPACE',''
  ) );
#8571 = ORIENTED_EDGE('',*,*,#8572,.F.);
#8572 = EDGE_CURVE('',#8573,#8543,#8575,.T.);
#8573 = VERTEX_POINT('',#8574);
#8574 = CARTESIAN_POINT('',(-15.,15.,-1.999999881264E-07));
#8575 = SURFACE_CURVE('',#8576,(#8580,#8587),.PCURVE_S1.);
#8576 = LINE('',#8577,#8578);
#8577 = CARTESIAN_POINT('',(-15.,15.,-1.999999881264E-07));
#8578 = VECTOR('',#8579,1.);
#8579 = DIRECTION('',(0.,-1.,0.));
#8580 = PCURVE('',#7805,#8581);
#8581 = DEFINITIONAL_REPRESENTATION('',(#8582),#8586);
#8582 = LINE('',#8583,#8584);
#8583 = CARTESIAN_POINT('',(-15.,15.));
#8584 = VECTOR('',#8585,1.);
#8585 = DIRECTION('',(0.,-1.));
#8586 = ( GEOMETRIC_REPRESENTATION_CONTEXT(2) 
PARAMETRIC_REPRESENTATION_CONTEXT() REPRESENTATION_CONTEXT('2D SPACE',''
  ) );
#8587 = PCURVE('',#8588,#8593);
#8588 = PLANE('',#8589);
#8589 = AXIS2_PLACEMENT_3D('',#8590,#8591,#8592);
#8590 = CARTESIAN_POINT('',(-15.,15.,-1.999999881264E-07));
#8591 = DIRECTION('',(1.,0.,0.));
#8592 = DIRECTION('',(0.,-1.,0.));
#8593 = DEFINITIONAL_REPRESENTATION('',(#8594),#8598);
#8594 = LINE('',#8595,#8596);
#8595 = CARTESIAN_POINT('',(0.,0.));
#8596 = VECTOR('',#8597,1.);
#8597 = DIRECTION('',(1.,0.));
#8598 = ( GEOMETRIC_REPRESENTATION_CONTEXT(2) 
PARAMETRIC_REPRESENTATION_CONTEXT() REPRESENTATION_CONTEXT('2D SPACE',''
  ) );
#8599 = ORIENTED_EDGE('',*,*,#8600,.F.);
#8600 = EDGE_CURVE('',#8601,#8573,#8603,.T.);
#8601 = VERTEX_POINT('',#8602);
#8602 = CARTESIAN_POINT('',(15.,15.,-1.999999881264E-07));
#8603 = SURFACE_CURVE('',#8604,(#8608,#8615),.PCURVE_S1.);
#8604 = LINE('',#8605,#8606);
#8605 = CARTESIAN_POINT('',(15.,15.,-1.999999881264E-07));
#8606 = VECTOR('',#8607,1.);
#8607 = DIRECTION('',(-1.,0.,0.));
#8608 = PCURVE('',#7805,#8609);
#8609 = DEFINITIONAL_REPRESENTATION('',(#8610),#8614);
#8610 = LINE('',#8611,#8612);
#8611 = CARTESIAN_POINT('',(15.,15.));
#8612 = VECTOR('',#8613,1.);
#8613 = DIRECTION('',(-1.,0.));
#8614 = ( GEOMETRIC_REPRESENTATION_CONTEXT(2) 
PARAMETRIC_REPRESENTATION_CONTEXT() REPRESENTATION_CONTEXT('2D SPACE',''
  ) );
#8615 = PCURVE('',#8616,#8621);
#8616 = PLANE('',#8617);
#8617 = AXIS2_PLACEMENT_3D('',#8618,#8619,#8620);
#8618 = CARTESIAN_POINT('',(15.,15.,-1.999999881264E-07));
#8619 = DIRECTION('',(0.,-1.,0.));
#8620 = DIRECTION('',(-1.,0.,0.));
#8621 = DEFINITIONAL_REPRESENTATION('',(#8622),#8626);
#8622 = LINE('',#8623,#8624);
#8623 = CARTESIAN_POINT('',(0.,-0.));
#8624 = VECTOR('',#8625,1.);
#8625 = DIRECTION('',(1.,0.));
#8626 = ( GEOMETRIC_REPRESENTATION_CONTEXT(2) 
PARAMETRIC_REPRESENTATION_CONTEXT() REPRESENTATION_CONTEXT('2D SPACE',''
  ) );
#8627 = ORIENTED_EDGE('',*,*,#8628,.F.);
#8628 = EDGE_CURVE('',#8545,#8601,#8629,.T.);
#8629 = SURFACE_CURVE('',#8630,(#8634,#8641),.PCURVE_S1.);
#8630 = LINE('',#8631,#8632);
#8631 = CARTESIAN_POINT('',(15.,-15.,-1.999999881264E-07));
#8632 = VECTOR('',#8633,1.);
#8633 = DIRECTION('',(0.,1.,0.));
#8634 = PCURVE('',#7805,#8635);
#8635 = DEFINITIONAL_REPRESENTATION('',(#8636),#8640);
#8636 = LINE('',#8637,#8638);
#8637 = CARTESIAN_POINT('',(15.,-15.));
#8638 = VECTOR('',#8639,1.);
#8639 = DIRECTION('',(0.,1.));
#8640 = ( GEOMETRIC_REPRESENTATION_CONTEXT(2) 
PARAMETRIC_REPRESENTATION_CONTEXT() REPRESENTATION_CONTEXT('2D SPACE',''
  ) );
#8641 = PCURVE('',#8642,#8647);
#8642 = PLANE('',#8643);
#8643 = AXIS2_PLACEMENT_3D('',#8644,#8645,#8646);
#8644 = CARTESIAN_POINT('',(15.,-15.,-1.999999881264E-07));
#8645 = DIRECTION('',(-1.,0.,0.));
#8646 = DIRECTION('',(0.,1.,0.));
#8647 = DEFINITIONAL_REPRESENTATION('',(#8648),#8652);
#8648 = LINE('',#8649,#8650);
#8649 = CARTESIAN_POINT('',(0.,0.));
#8650 = VECTOR('',#8651,1.);
#8651 = DIRECTION('',(1.,0.));
#8652 = ( GEOMETRIC_REPRESENTATION_CONTEXT(2) 
PARAMETRIC_REPRESENTATION_CONTEXT() REPRESENTATION_CONTEXT('2D SPACE',''
  ) );
#8653 = ADVANCED_FACE('',(#8654),#7838,.F.);
#8654 = FACE_BOUND('',#8655,.F.);
#8655 = EDGE_LOOP('',(#8656,#8675,#8676,#8677));
#8656 = ORIENTED_EDGE('',*,*,#8657,.T.);
#8657 = EDGE_CURVE('',#7823,#8306,#8658,.T.);
#8658 = SURFACE_CURVE('',#8659,(#8663,#8669),.PCURVE_S1.);
#8659 = LINE('',#8660,#8661);
#8660 = CARTESIAN_POINT('',(-18.75,20.,62.488887394336));
#8661 = VECTOR('',#8662,1.);
#8662 = DIRECTION('',(1.,0.,0.));
#8663 = PCURVE('',#7838,#8664);
#8664 = DEFINITIONAL_REPRESENTATION('',(#8665),#8668);
#8665 = B_SPLINE_CURVE_WITH_KNOTS('',1,(#8666,#8667),.UNSPECIFIED.,.F.,
  .F.,(2,2),(-1.25,38.75),.PIECEWISE_BEZIER_KNOTS.);
#8666 = CARTESIAN_POINT('',(40.,-62.48888739433));
#8667 = CARTESIAN_POINT('',(0.,-62.48888739433));
#8668 = ( GEOMETRIC_REPRESENTATION_CONTEXT(2) 
PARAMETRIC_REPRESENTATION_CONTEXT() REPRESENTATION_CONTEXT('2D SPACE',''
  ) );
#8669 = PCURVE('',#8068,#8670);
#8670 = DEFINITIONAL_REPRESENTATION('',(#8671),#8674);
#8671 = B_SPLINE_CURVE_WITH_KNOTS('',1,(#8672,#8673),.UNSPECIFIED.,.F.,
  .F.,(2,2),(-1.25,38.75),.PIECEWISE_BEZIER_KNOTS.);
#8672 = CARTESIAN_POINT('',(5.182285676538,-37.5));
#8673 = CARTESIAN_POINT('',(5.182285676538,-77.5));
#8674 = ( GEOMETRIC_REPRESENTATION_CONTEXT(2) 
PARAMETRIC_REPRESENTATION_CONTEXT() REPRESENTATION_CONTEXT('2D SPACE',''
  ) );
#8675 = ORIENTED_EDGE('',*,*,#8305,.T.);
#8676 = ORIENTED_EDGE('',*,*,#8141,.T.);
#8677 = ORIENTED_EDGE('',*,*,#7820,.T.);
#8678 = ADVANCED_FACE('',(#8679,#8812,#8918),#8068,.F.);
#8679 = FACE_BOUND('',#8680,.F.);
#8680 = EDGE_LOOP('',(#8681,#8711,#8739,#8767,#8788,#8789,#8790,#8791));
#8681 = ORIENTED_EDGE('',*,*,#8682,.F.);
#8682 = EDGE_CURVE('',#8683,#8685,#8687,.T.);
#8683 = VERTEX_POINT('',#8684);
#8684 = CARTESIAN_POINT('',(-57.5,25.182285676538,62.488887394336));
#8685 = VERTEX_POINT('',#8686);
#8686 = CARTESIAN_POINT('',(-57.5,19.9,62.488887394336));
#8687 = SURFACE_CURVE('',#8688,(#8692,#8699),.PCURVE_S1.);
#8688 = LINE('',#8689,#8690);
#8689 = CARTESIAN_POINT('',(-57.5,25.182285676538,62.488887394336));
#8690 = VECTOR('',#8691,1.);
#8691 = DIRECTION('',(0.,-1.,0.));
#8692 = PCURVE('',#8068,#8693);
#8693 = DEFINITIONAL_REPRESENTATION('',(#8694),#8698);
#8694 = LINE('',#8695,#8696);
#8695 = CARTESIAN_POINT('',(0.,-0.));
#8696 = VECTOR('',#8697,1.);
#8697 = DIRECTION('',(1.,0.));
#8698 = ( GEOMETRIC_REPRESENTATION_CONTEXT(2) 
PARAMETRIC_REPRESENTATION_CONTEXT() REPRESENTATION_CONTEXT('2D SPACE',''
  ) );
#8699 = PCURVE('',#8700,#8705);
#8700 = PLANE('',#8701);
#8701 = AXIS2_PLACEMENT_3D('',#8702,#8703,#8704);
#8702 = CARTESIAN_POINT('',(-57.5,22.541142838269,54.244443697168));
#8703 = DIRECTION('',(1.,0.,0.));
#8704 = DIRECTION('',(-0.,0.,1.));
#8705 = DEFINITIONAL_REPRESENTATION('',(#8706),#8710);
#8706 = LINE('',#8707,#8708);
#8707 = CARTESIAN_POINT('',(8.244443697168,-2.641142838269));
#8708 = VECTOR('',#8709,1.);
#8709 = DIRECTION('',(0.,1.));
#8710 = ( GEOMETRIC_REPRESENTATION_CONTEXT(2) 
PARAMETRIC_REPRESENTATION_CONTEXT() REPRESENTATION_CONTEXT('2D SPACE',''
  ) );
#8711 = ORIENTED_EDGE('',*,*,#8712,.T.);
#8712 = EDGE_CURVE('',#8683,#8713,#8715,.T.);
#8713 = VERTEX_POINT('',#8714);
#8714 = CARTESIAN_POINT('',(57.5,25.182285676538,62.488887394336));
#8715 = SURFACE_CURVE('',#8716,(#8720,#8727),.PCURVE_S1.);
#8716 = LINE('',#8717,#8718);
#8717 = CARTESIAN_POINT('',(-57.5,25.182285676538,62.488887394336));
#8718 = VECTOR('',#8719,1.);
#8719 = DIRECTION('',(1.,0.,0.));
#8720 = PCURVE('',#8068,#8721);
#8721 = DEFINITIONAL_REPRESENTATION('',(#8722),#8726);
#8722 = LINE('',#8723,#8724);
#8723 = CARTESIAN_POINT('',(0.,-0.));
#8724 = VECTOR('',#8725,1.);
#8725 = DIRECTION('',(0.,-1.));
#8726 = ( GEOMETRIC_REPRESENTATION_CONTEXT(2) 
PARAMETRIC_REPRESENTATION_CONTEXT() REPRESENTATION_CONTEXT('2D SPACE',''
  ) );
#8727 = PCURVE('',#8728,#8733);
#8728 = PLANE('',#8729);
#8729 = AXIS2_PLACEMENT_3D('',#8730,#8731,#8732);
#8730 = CARTESIAN_POINT('',(-57.5,25.182285676538,46.));
#8731 = DIRECTION('',(0.,-1.,0.));
#8732 = DIRECTION('',(0.,0.,1.));
#8733 = DEFINITIONAL_REPRESENTATION('',(#8734),#8738);
#8734 = LINE('',#8735,#8736);
#8735 = CARTESIAN_POINT('',(16.488887394336,0.));
#8736 = VECTOR('',#8737,1.);
#8737 = DIRECTION('',(0.,-1.));
#8738 = ( GEOMETRIC_REPRESENTATION_CONTEXT(2) 
PARAMETRIC_REPRESENTATION_CONTEXT() REPRESENTATION_CONTEXT('2D SPACE',''
  ) );
#8739 = ORIENTED_EDGE('',*,*,#8740,.T.);
#8740 = EDGE_CURVE('',#8713,#8741,#8743,.T.);
#8741 = VERTEX_POINT('',#8742);
#8742 = CARTESIAN_POINT('',(57.5,19.9,62.488887394336));
#8743 = SURFACE_CURVE('',#8744,(#8748,#8755),.PCURVE_S1.);
#8744 = LINE('',#8745,#8746);
#8745 = CARTESIAN_POINT('',(57.5,25.182285676538,62.488887394336));
#8746 = VECTOR('',#8747,1.);
#8747 = DIRECTION('',(0.,-1.,0.));
#8748 = PCURVE('',#8068,#8749);
#8749 = DEFINITIONAL_REPRESENTATION('',(#8750),#8754);
#8750 = LINE('',#8751,#8752);
#8751 = CARTESIAN_POINT('',(0.,-115.));
#8752 = VECTOR('',#8753,1.);
#8753 = DIRECTION('',(1.,0.));
#8754 = ( GEOMETRIC_REPRESENTATION_CONTEXT(2) 
PARAMETRIC_REPRESENTATION_CONTEXT() REPRESENTATION_CONTEXT('2D SPACE',''
  ) );
#8755 = PCURVE('',#8756,#8761);
#8756 = PLANE('',#8757);
#8757 = AXIS2_PLACEMENT_3D('',#8758,#8759,#8760);
#8758 = CARTESIAN_POINT('',(57.5,22.541142838269,54.244443697168));
#8759 = DIRECTION('',(1.,0.,0.));
#8760 = DIRECTION('',(-0.,0.,1.));
#8761 = DEFINITIONAL_REPRESENTATION('',(#8762),#8766);
#8762 = LINE('',#8763,#8764);
#8763 = CARTESIAN_POINT('',(8.244443697168,-2.641142838269));
#8764 = VECTOR('',#8765,1.);
#8765 = DIRECTION('',(0.,1.));
#8766 = ( GEOMETRIC_REPRESENTATION_CONTEXT(2) 
PARAMETRIC_REPRESENTATION_CONTEXT() REPRESENTATION_CONTEXT('2D SPACE',''
  ) );
#8767 = ORIENTED_EDGE('',*,*,#8768,.F.);
#8768 = EDGE_CURVE('',#8329,#8741,#8769,.T.);
#8769 = SURFACE_CURVE('',#8770,(#8774,#8781),.PCURVE_S1.);
#8770 = LINE('',#8771,#8772);
#8771 = CARTESIAN_POINT('',(-57.5,19.9,62.488887394336));
#8772 = VECTOR('',#8773,1.);
#8773 = DIRECTION('',(1.,0.,0.));
#8774 = PCURVE('',#8068,#8775);
#8775 = DEFINITIONAL_REPRESENTATION('',(#8776),#8780);
#8776 = LINE('',#8777,#8778);
#8777 = CARTESIAN_POINT('',(5.282285676538,0.));
#8778 = VECTOR('',#8779,1.);
#8779 = DIRECTION('',(0.,-1.));
#8780 = ( GEOMETRIC_REPRESENTATION_CONTEXT(2) 
PARAMETRIC_REPRESENTATION_CONTEXT() REPRESENTATION_CONTEXT('2D SPACE',''
  ) );
#8781 = PCURVE('',#8364,#8782);
#8782 = DEFINITIONAL_REPRESENTATION('',(#8783),#8787);
#8783 = LINE('',#8784,#8785);
#8784 = CARTESIAN_POINT('',(0.,0.));
#8785 = VECTOR('',#8786,1.);
#8786 = DIRECTION('',(0.,-1.));
#8787 = ( GEOMETRIC_REPRESENTATION_CONTEXT(2) 
PARAMETRIC_REPRESENTATION_CONTEXT() REPRESENTATION_CONTEXT('2D SPACE',''
  ) );
#8788 = ORIENTED_EDGE('',*,*,#8328,.F.);
#8789 = ORIENTED_EDGE('',*,*,#8657,.F.);
#8790 = ORIENTED_EDGE('',*,*,#8055,.F.);
#8791 = ORIENTED_EDGE('',*,*,#8792,.F.);
#8792 = EDGE_CURVE('',#8685,#8030,#8793,.T.);
#8793 = SURFACE_CURVE('',#8794,(#8798,#8805),.PCURVE_S1.);
#8794 = LINE('',#8795,#8796);
#8795 = CARTESIAN_POINT('',(-57.5,19.9,62.488887394336));
#8796 = VECTOR('',#8797,1.);
#8797 = DIRECTION('',(1.,0.,0.));
#8798 = PCURVE('',#8068,#8799);
#8799 = DEFINITIONAL_REPRESENTATION('',(#8800),#8804);
#8800 = LINE('',#8801,#8802);
#8801 = CARTESIAN_POINT('',(5.282285676538,0.));
#8802 = VECTOR('',#8803,1.);
#8803 = DIRECTION('',(0.,-1.));
#8804 = ( GEOMETRIC_REPRESENTATION_CONTEXT(2) 
PARAMETRIC_REPRESENTATION_CONTEXT() REPRESENTATION_CONTEXT('2D SPACE',''
  ) );
#8805 = PCURVE('',#8044,#8806);
#8806 = DEFINITIONAL_REPRESENTATION('',(#8807),#8811);
#8807 = LINE('',#8808,#8809);
#8808 = CARTESIAN_POINT('',(0.,0.));
#8809 = VECTOR('',#8810,1.);
#8810 = DIRECTION('',(0.,-1.));
#8811 = ( GEOMETRIC_REPRESENTATION_CONTEXT(2) 
PARAMETRIC_REPRESENTATION_CONTEXT() REPRESENTATION_CONTEXT('2D SPACE',''
  ) );
#8812 = FACE_BOUND('',#8813,.F.);
#8813 = EDGE_LOOP('',(#8814,#8842,#8868,#8894));
#8814 = ORIENTED_EDGE('',*,*,#8815,.F.);
#8815 = EDGE_CURVE('',#8816,#8818,#8820,.T.);
#8816 = VERTEX_POINT('',#8817);
#8817 = CARTESIAN_POINT('',(28.,23.882285676538,62.488887394336));
#8818 = VERTEX_POINT('',#8819);
#8819 = CARTESIAN_POINT('',(32.,23.882285676538,62.488887394336));
#8820 = SURFACE_CURVE('',#8821,(#8825,#8831),.PCURVE_S1.);
#8821 = LINE('',#8822,#8823);
#8822 = CARTESIAN_POINT('',(-57.5,23.882285676538,62.488887394336));
#8823 = VECTOR('',#8824,1.);
#8824 = DIRECTION('',(1.,-0.,0.));
#8825 = PCURVE('',#8068,#8826);
#8826 = DEFINITIONAL_REPRESENTATION('',(#8827),#8830);
#8827 = B_SPLINE_CURVE_WITH_KNOTS('',1,(#8828,#8829),.UNSPECIFIED.,.F.,
  .F.,(2,2),(4.,111.),.PIECEWISE_BEZIER_KNOTS.);
#8828 = CARTESIAN_POINT('',(1.3,-4.));
#8829 = CARTESIAN_POINT('',(1.3,-111.));
#8830 = ( GEOMETRIC_REPRESENTATION_CONTEXT(2) 
PARAMETRIC_REPRESENTATION_CONTEXT() REPRESENTATION_CONTEXT('2D SPACE',''
  ) );
#8831 = PCURVE('',#8832,#8837);
#8832 = PLANE('',#8833);
#8833 = AXIS2_PLACEMENT_3D('',#8834,#8835,#8836);
#8834 = CARTESIAN_POINT('',(-57.5,24.848211502827,62.230068349234));
#8835 = DIRECTION('',(0.,0.258819045103,0.965925826289));
#8836 = DIRECTION('',(1.,0.,0.));
#8837 = DEFINITIONAL_REPRESENTATION('',(#8838),#8841);
#8838 = B_SPLINE_CURVE_WITH_KNOTS('',1,(#8839,#8840),.UNSPECIFIED.,.F.,
  .F.,(2,2),(4.,111.),.PIECEWISE_BEZIER_KNOTS.);
#8839 = CARTESIAN_POINT('',(4.,-1.));
#8840 = CARTESIAN_POINT('',(111.,-1.));
#8841 = ( GEOMETRIC_REPRESENTATION_CONTEXT(2) 
PARAMETRIC_REPRESENTATION_CONTEXT() REPRESENTATION_CONTEXT('2D SPACE',''
  ) );
#8842 = ORIENTED_EDGE('',*,*,#8843,.F.);
#8843 = EDGE_CURVE('',#8844,#8816,#8846,.T.);
#8844 = VERTEX_POINT('',#8845);
#8845 = CARTESIAN_POINT('',(28.,23.778758058497,62.488887394336));
#8846 = SURFACE_CURVE('',#8847,(#8851,#8857),.PCURVE_S1.);
#8847 = LINE('',#8848,#8849);
#8848 = CARTESIAN_POINT('',(28.,21.541416228816,62.488887394336));
#8849 = VECTOR('',#8850,1.);
#8850 = DIRECTION('',(0.,1.,0.));
#8851 = PCURVE('',#8068,#8852);
#8852 = DEFINITIONAL_REPRESENTATION('',(#8853),#8856);
#8853 = B_SPLINE_CURVE_WITH_KNOTS('',1,(#8854,#8855),.UNSPECIFIED.,.F.,
  .F.,(2,2),(2.237341829681,2.340869447722),.PIECEWISE_BEZIER_KNOTS.);
#8854 = CARTESIAN_POINT('',(1.403527618041,-85.5));
#8855 = CARTESIAN_POINT('',(1.3,-85.5));
#8856 = ( GEOMETRIC_REPRESENTATION_CONTEXT(2) 
PARAMETRIC_REPRESENTATION_CONTEXT() REPRESENTATION_CONTEXT('2D SPACE',''
  ) );
#8857 = PCURVE('',#8858,#8863);
#8858 = PLANE('',#8859);
#8859 = AXIS2_PLACEMENT_3D('',#8860,#8861,#8862);
#8860 = CARTESIAN_POINT('',(28.,17.900546781094,38.535326170298));
#8861 = DIRECTION('',(-1.,-0.,0.));
#8862 = DIRECTION('',(0.,-0.258819045103,-0.965925826289));
#8863 = DEFINITIONAL_REPRESENTATION('',(#8864),#8867);
#8864 = B_SPLINE_CURVE_WITH_KNOTS('',1,(#8865,#8866),.UNSPECIFIED.,.F.,
  .F.,(2,2),(2.237341829681,2.340869447722),.PIECEWISE_BEZIER_KNOTS.);
#8865 = CARTESIAN_POINT('',(-24.65875644762,0.521721757583));
#8866 = CARTESIAN_POINT('',(-24.68555136686,0.421721757583));
#8867 = ( GEOMETRIC_REPRESENTATION_CONTEXT(2) 
PARAMETRIC_REPRESENTATION_CONTEXT() REPRESENTATION_CONTEXT('2D SPACE',''
  ) );
#8868 = ORIENTED_EDGE('',*,*,#8869,.F.);
#8869 = EDGE_CURVE('',#8870,#8844,#8872,.T.);
#8870 = VERTEX_POINT('',#8871);
#8871 = CARTESIAN_POINT('',(32.,23.778758058497,62.488887394336));
#8872 = SURFACE_CURVE('',#8873,(#8877,#8883),.PCURVE_S1.);
#8873 = LINE('',#8874,#8875);
#8874 = CARTESIAN_POINT('',(-14.75,23.778758058497,62.488887394336));
#8875 = VECTOR('',#8876,1.);
#8876 = DIRECTION('',(-1.,-0.,-0.));
#8877 = PCURVE('',#8068,#8878);
#8878 = DEFINITIONAL_REPRESENTATION('',(#8879),#8882);
#8879 = B_SPLINE_CURVE_WITH_KNOTS('',1,(#8880,#8881),.UNSPECIFIED.,.F.,
  .F.,(2,2),(-46.75,-42.75),.PIECEWISE_BEZIER_KNOTS.);
#8880 = CARTESIAN_POINT('',(1.403527618041,-89.5));
#8881 = CARTESIAN_POINT('',(1.403527618041,-85.5));
#8882 = ( GEOMETRIC_REPRESENTATION_CONTEXT(2) 
PARAMETRIC_REPRESENTATION_CONTEXT() REPRESENTATION_CONTEXT('2D SPACE',''
  ) );
#8883 = PCURVE('',#8884,#8889);
#8884 = PLANE('',#8885);
#8885 = AXIS2_PLACEMENT_3D('',#8886,#8887,#8888);
#8886 = CARTESIAN_POINT('',(28.,10.844740838783,14.218477984393));
#8887 = DIRECTION('',(0.,-0.965925826289,0.258819045103));
#8888 = DIRECTION('',(0.,0.258819045103,0.965925826289));
#8889 = DEFINITIONAL_REPRESENTATION('',(#8890),#8893);
#8890 = B_SPLINE_CURVE_WITH_KNOTS('',1,(#8891,#8892),.UNSPECIFIED.,.F.,
  .F.,(2,2),(-46.75,-42.75),.PIECEWISE_BEZIER_KNOTS.);
#8891 = CARTESIAN_POINT('',(49.973205080757,-4.));
#8892 = CARTESIAN_POINT('',(49.973205080757,0.));
#8893 = ( GEOMETRIC_REPRESENTATION_CONTEXT(2) 
PARAMETRIC_REPRESENTATION_CONTEXT() REPRESENTATION_CONTEXT('2D SPACE',''
  ) );
#8894 = ORIENTED_EDGE('',*,*,#8895,.T.);
#8895 = EDGE_CURVE('',#8870,#8818,#8896,.T.);
#8896 = SURFACE_CURVE('',#8897,(#8901,#8907),.PCURVE_S1.);
#8897 = LINE('',#8898,#8899);
#8898 = CARTESIAN_POINT('',(32.,21.541416228816,62.488887394336));
#8899 = VECTOR('',#8900,1.);
#8900 = DIRECTION('',(0.,1.,0.));
#8901 = PCURVE('',#8068,#8902);
#8902 = DEFINITIONAL_REPRESENTATION('',(#8903),#8906);
#8903 = B_SPLINE_CURVE_WITH_KNOTS('',1,(#8904,#8905),.UNSPECIFIED.,.F.,
  .F.,(2,2),(2.237341829681,2.340869447722),.PIECEWISE_BEZIER_KNOTS.);
#8904 = CARTESIAN_POINT('',(1.403527618041,-89.5));
#8905 = CARTESIAN_POINT('',(1.3,-89.5));
#8906 = ( GEOMETRIC_REPRESENTATION_CONTEXT(2) 
PARAMETRIC_REPRESENTATION_CONTEXT() REPRESENTATION_CONTEXT('2D SPACE',''
  ) );
#8907 = PCURVE('',#8908,#8913);
#8908 = PLANE('',#8909);
#8909 = AXIS2_PLACEMENT_3D('',#8910,#8911,#8912);
#8910 = CARTESIAN_POINT('',(32.,17.900546781094,38.535326170298));
#8911 = DIRECTION('',(-1.,-0.,0.));
#8912 = DIRECTION('',(0.,-0.258819045103,-0.965925826289));
#8913 = DEFINITIONAL_REPRESENTATION('',(#8914),#8917);
#8914 = B_SPLINE_CURVE_WITH_KNOTS('',1,(#8915,#8916),.UNSPECIFIED.,.F.,
  .F.,(2,2),(2.237341829681,2.340869447722),.PIECEWISE_BEZIER_KNOTS.);
#8915 = CARTESIAN_POINT('',(-24.65875644762,0.521721757583));
#8916 = CARTESIAN_POINT('',(-24.68555136686,0.421721757583));
#8917 = ( GEOMETRIC_REPRESENTATION_CONTEXT(2) 
PARAMETRIC_REPRESENTATION_CONTEXT() REPRESENTATION_CONTEXT('2D SPACE',''
  ) );
#8918 = FACE_BOUND('',#8919,.F.);
#8919 = EDGE_LOOP('',(#8920,#8948,#8974,#9000));
#8920 = ORIENTED_EDGE('',*,*,#8921,.F.);
#8921 = EDGE_CURVE('',#8922,#8924,#8926,.T.);
#8922 = VERTEX_POINT('',#8923);
#8923 = CARTESIAN_POINT('',(-32.,23.778758058497,62.488887394336));
#8924 = VERTEX_POINT('',#8925);
#8925 = CARTESIAN_POINT('',(-32.,23.882285676538,62.488887394336));
#8926 = SURFACE_CURVE('',#8927,(#8931,#8937),.PCURVE_S1.);
#8927 = LINE('',#8928,#8929);
#8928 = CARTESIAN_POINT('',(-32.,21.541416228816,62.488887394336));
#8929 = VECTOR('',#8930,1.);
#8930 = DIRECTION('',(0.,1.,0.));
#8931 = PCURVE('',#8068,#8932);
#8932 = DEFINITIONAL_REPRESENTATION('',(#8933),#8936);
#8933 = B_SPLINE_CURVE_WITH_KNOTS('',1,(#8934,#8935),.UNSPECIFIED.,.F.,
  .F.,(2,2),(2.237341829681,2.340869447722),.PIECEWISE_BEZIER_KNOTS.);
#8934 = CARTESIAN_POINT('',(1.403527618041,-25.5));
#8935 = CARTESIAN_POINT('',(1.3,-25.5));
#8936 = ( GEOMETRIC_REPRESENTATION_CONTEXT(2) 
PARAMETRIC_REPRESENTATION_CONTEXT() REPRESENTATION_CONTEXT('2D SPACE',''
  ) );
#8937 = PCURVE('',#8938,#8943);
#8938 = PLANE('',#8939);
#8939 = AXIS2_PLACEMENT_3D('',#8940,#8941,#8942);
#8940 = CARTESIAN_POINT('',(-32.,17.900546781094,38.535326170298));
#8941 = DIRECTION('',(-1.,-0.,0.));
#8942 = DIRECTION('',(0.,-0.258819045103,-0.965925826289));
#8943 = DEFINITIONAL_REPRESENTATION('',(#8944),#8947);
#8944 = B_SPLINE_CURVE_WITH_KNOTS('',1,(#8945,#8946),.UNSPECIFIED.,.F.,
  .F.,(2,2),(2.237341829681,2.340869447722),.PIECEWISE_BEZIER_KNOTS.);
#8945 = CARTESIAN_POINT('',(-24.65875644762,0.521721757583));
#8946 = CARTESIAN_POINT('',(-24.68555136686,0.421721757583));
#8947 = ( GEOMETRIC_REPRESENTATION_CONTEXT(2) 
PARAMETRIC_REPRESENTATION_CONTEXT() REPRESENTATION_CONTEXT('2D SPACE',''
  ) );
#8948 = ORIENTED_EDGE('',*,*,#8949,.F.);
#8949 = EDGE_CURVE('',#8950,#8922,#8952,.T.);
#8950 = VERTEX_POINT('',#8951);
#8951 = CARTESIAN_POINT('',(-28.,23.778758058497,62.488887394336));
#8952 = SURFACE_CURVE('',#8953,(#8957,#8963),.PCURVE_S1.);
#8953 = LINE('',#8954,#8955);
#8954 = CARTESIAN_POINT('',(-44.75,23.778758058497,62.488887394336));
#8955 = VECTOR('',#8956,1.);
#8956 = DIRECTION('',(-1.,-0.,-0.));
#8957 = PCURVE('',#8068,#8958);
#8958 = DEFINITIONAL_REPRESENTATION('',(#8959),#8962);
#8959 = B_SPLINE_CURVE_WITH_KNOTS('',1,(#8960,#8961),.UNSPECIFIED.,.F.,
  .F.,(2,2),(-16.75,-12.75),.PIECEWISE_BEZIER_KNOTS.);
#8960 = CARTESIAN_POINT('',(1.403527618041,-29.5));
#8961 = CARTESIAN_POINT('',(1.403527618041,-25.5));
#8962 = ( GEOMETRIC_REPRESENTATION_CONTEXT(2) 
PARAMETRIC_REPRESENTATION_CONTEXT() REPRESENTATION_CONTEXT('2D SPACE',''
  ) );
#8963 = PCURVE('',#8964,#8969);
#8964 = PLANE('',#8965);
#8965 = AXIS2_PLACEMENT_3D('',#8966,#8967,#8968);
#8966 = CARTESIAN_POINT('',(-32.,10.844740838783,14.218477984393));
#8967 = DIRECTION('',(0.,-0.965925826289,0.258819045103));
#8968 = DIRECTION('',(0.,0.258819045103,0.965925826289));
#8969 = DEFINITIONAL_REPRESENTATION('',(#8970),#8973);
#8970 = B_SPLINE_CURVE_WITH_KNOTS('',1,(#8971,#8972),.UNSPECIFIED.,.F.,
  .F.,(2,2),(-16.75,-12.75),.PIECEWISE_BEZIER_KNOTS.);
#8971 = CARTESIAN_POINT('',(49.973205080757,-4.));
#8972 = CARTESIAN_POINT('',(49.973205080757,0.));
#8973 = ( GEOMETRIC_REPRESENTATION_CONTEXT(2) 
PARAMETRIC_REPRESENTATION_CONTEXT() REPRESENTATION_CONTEXT('2D SPACE',''
  ) );
#8974 = ORIENTED_EDGE('',*,*,#8975,.T.);
#8975 = EDGE_CURVE('',#8950,#8976,#8978,.T.);
#8976 = VERTEX_POINT('',#8977);
#8977 = CARTESIAN_POINT('',(-28.,23.882285676538,62.488887394336));
#8978 = SURFACE_CURVE('',#8979,(#8983,#8989),.PCURVE_S1.);
#8979 = LINE('',#8980,#8981);
#8980 = CARTESIAN_POINT('',(-28.,21.541416228816,62.488887394336));
#8981 = VECTOR('',#8982,1.);
#8982 = DIRECTION('',(0.,1.,0.));
#8983 = PCURVE('',#8068,#8984);
#8984 = DEFINITIONAL_REPRESENTATION('',(#8985),#8988);
#8985 = B_SPLINE_CURVE_WITH_KNOTS('',1,(#8986,#8987),.UNSPECIFIED.,.F.,
  .F.,(2,2),(2.237341829681,2.340869447722),.PIECEWISE_BEZIER_KNOTS.);
#8986 = CARTESIAN_POINT('',(1.403527618041,-29.5));
#8987 = CARTESIAN_POINT('',(1.3,-29.5));
#8988 = ( GEOMETRIC_REPRESENTATION_CONTEXT(2) 
PARAMETRIC_REPRESENTATION_CONTEXT() REPRESENTATION_CONTEXT('2D SPACE',''
  ) );
#8989 = PCURVE('',#8990,#8995);
#8990 = PLANE('',#8991);
#8991 = AXIS2_PLACEMENT_3D('',#8992,#8993,#8994);
#8992 = CARTESIAN_POINT('',(-28.,17.900546781094,38.535326170298));
#8993 = DIRECTION('',(-1.,-0.,0.));
#8994 = DIRECTION('',(0.,-0.258819045103,-0.965925826289));
#8995 = DEFINITIONAL_REPRESENTATION('',(#8996),#8999);
#8996 = B_SPLINE_CURVE_WITH_KNOTS('',1,(#8997,#8998),.UNSPECIFIED.,.F.,
  .F.,(2,2),(2.237341829681,2.340869447722),.PIECEWISE_BEZIER_KNOTS.);
#8997 = CARTESIAN_POINT('',(-24.65875644762,0.521721757583));
#8998 = CARTESIAN_POINT('',(-24.68555136686,0.421721757583));
#8999 = ( GEOMETRIC_REPRESENTATION_CONTEXT(2) 
PARAMETRIC_REPRESENTATION_CONTEXT() REPRESENTATION_CONTEXT('2D SPACE',''
  ) );
#9000 = ORIENTED_EDGE('',*,*,#9001,.F.);
#9001 = EDGE_CURVE('',#8924,#8976,#9002,.T.);
#9002 = SURFACE_CURVE('',#9003,(#9007,#9013),.PCURVE_S1.);
#9003 = LINE('',#9004,#9005);
#9004 = CARTESIAN_POINT('',(-57.5,23.882285676538,62.488887394336));
#9005 = VECTOR('',#9006,1.);
#9006 = DIRECTION('',(1.,-0.,0.));
#9007 = PCURVE('',#8068,#9008);
#9008 = DEFINITIONAL_REPRESENTATION('',(#9009),#9012);
#9009 = B_SPLINE_CURVE_WITH_KNOTS('',1,(#9010,#9011),.UNSPECIFIED.,.F.,
  .F.,(2,2),(4.,111.),.PIECEWISE_BEZIER_KNOTS.);
#9010 = CARTESIAN_POINT('',(1.3,-4.));
#9011 = CARTESIAN_POINT('',(1.3,-111.));
#9012 = ( GEOMETRIC_REPRESENTATION_CONTEXT(2) 
PARAMETRIC_REPRESENTATION_CONTEXT() REPRESENTATION_CONTEXT('2D SPACE',''
  ) );
#9013 = PCURVE('',#9014,#9019);
#9014 = PLANE('',#9015);
#9015 = AXIS2_PLACEMENT_3D('',#9016,#9017,#9018);
#9016 = CARTESIAN_POINT('',(-57.5,24.848211502827,62.230068349234));
#9017 = DIRECTION('',(0.,0.258819045103,0.965925826289));
#9018 = DIRECTION('',(1.,0.,0.));
#9019 = DEFINITIONAL_REPRESENTATION('',(#9020),#9023);
#9020 = B_SPLINE_CURVE_WITH_KNOTS('',1,(#9021,#9022),.UNSPECIFIED.,.F.,
  .F.,(2,2),(4.,111.),.PIECEWISE_BEZIER_KNOTS.);
#9021 = CARTESIAN_POINT('',(4.,-1.));
#9022 = CARTESIAN_POINT('',(111.,-1.));
#9023 = ( GEOMETRIC_REPRESENTATION_CONTEXT(2) 
PARAMETRIC_REPRESENTATION_CONTEXT() REPRESENTATION_CONTEXT('2D SPACE',''
  ) );
#9024 = ADVANCED_FACE('',(#9025),#8044,.F.);
#9025 = FACE_BOUND('',#9026,.F.);
#9026 = EDGE_LOOP('',(#9027,#9050,#9051,#9052,#9075,#9101,#9127,#9153));
#9027 = ORIENTED_EDGE('',*,*,#9028,.F.);
#9028 = EDGE_CURVE('',#8685,#9029,#9031,.T.);
#9029 = VERTEX_POINT('',#9030);
#9030 = CARTESIAN_POINT('',(-57.5,19.9,46.));
#9031 = SURFACE_CURVE('',#9032,(#9036,#9043),.PCURVE_S1.);
#9032 = LINE('',#9033,#9034);
#9033 = CARTESIAN_POINT('',(-57.5,19.9,62.488887394336));
#9034 = VECTOR('',#9035,1.);
#9035 = DIRECTION('',(0.,0.,-1.));
#9036 = PCURVE('',#8044,#9037);
#9037 = DEFINITIONAL_REPRESENTATION('',(#9038),#9042);
#9038 = LINE('',#9039,#9040);
#9039 = CARTESIAN_POINT('',(0.,0.));
#9040 = VECTOR('',#9041,1.);
#9041 = DIRECTION('',(1.,0.));
#9042 = ( GEOMETRIC_REPRESENTATION_CONTEXT(2) 
PARAMETRIC_REPRESENTATION_CONTEXT() REPRESENTATION_CONTEXT('2D SPACE',''
  ) );
#9043 = PCURVE('',#8700,#9044);
#9044 = DEFINITIONAL_REPRESENTATION('',(#9045),#9049);
#9045 = LINE('',#9046,#9047);
#9046 = CARTESIAN_POINT('',(8.244443697168,2.641142838269));
#9047 = VECTOR('',#9048,1.);
#9048 = DIRECTION('',(-1.,0.));
#9049 = ( GEOMETRIC_REPRESENTATION_CONTEXT(2) 
PARAMETRIC_REPRESENTATION_CONTEXT() REPRESENTATION_CONTEXT('2D SPACE',''
  ) );
#9050 = ORIENTED_EDGE('',*,*,#8792,.T.);
#9051 = ORIENTED_EDGE('',*,*,#8029,.F.);
#9052 = ORIENTED_EDGE('',*,*,#9053,.F.);
#9053 = EDGE_CURVE('',#9054,#8004,#9056,.T.);
#9054 = VERTEX_POINT('',#9055);
#9055 = CARTESIAN_POINT('',(-28.,19.9,46.));
#9056 = SURFACE_CURVE('',#9057,(#9061,#9068),.PCURVE_S1.);
#9057 = LINE('',#9058,#9059);
#9058 = CARTESIAN_POINT('',(-57.5,19.9,46.));
#9059 = VECTOR('',#9060,1.);
#9060 = DIRECTION('',(1.,0.,0.));
#9061 = PCURVE('',#8044,#9062);
#9062 = DEFINITIONAL_REPRESENTATION('',(#9063),#9067);
#9063 = LINE('',#9064,#9065);
#9064 = CARTESIAN_POINT('',(16.488887394336,0.));
#9065 = VECTOR('',#9066,1.);
#9066 = DIRECTION('',(0.,-1.));
#9067 = ( GEOMETRIC_REPRESENTATION_CONTEXT(2) 
PARAMETRIC_REPRESENTATION_CONTEXT() REPRESENTATION_CONTEXT('2D SPACE',''
  ) );
#9068 = PCURVE('',#8018,#9069);
#9069 = DEFINITIONAL_REPRESENTATION('',(#9070),#9074);
#9070 = LINE('',#9071,#9072);
#9071 = CARTESIAN_POINT('',(0.,0.));
#9072 = VECTOR('',#9073,1.);
#9073 = DIRECTION('',(0.,-1.));
#9074 = ( GEOMETRIC_REPRESENTATION_CONTEXT(2) 
PARAMETRIC_REPRESENTATION_CONTEXT() REPRESENTATION_CONTEXT('2D SPACE',''
  ) );
#9075 = ORIENTED_EDGE('',*,*,#9076,.T.);
#9076 = EDGE_CURVE('',#9054,#9077,#9079,.T.);
#9077 = VERTEX_POINT('',#9078);
#9078 = CARTESIAN_POINT('',(-28.,19.9,48.013165249759));
#9079 = SURFACE_CURVE('',#9080,(#9084,#9090),.PCURVE_S1.);
#9080 = LINE('',#9081,#9082);
#9081 = CARTESIAN_POINT('',(-28.,19.9,50.512106782317));
#9082 = VECTOR('',#9083,1.);
#9083 = DIRECTION('',(0.,0.,1.));
#9084 = PCURVE('',#8044,#9085);
#9085 = DEFINITIONAL_REPRESENTATION('',(#9086),#9089);
#9086 = B_SPLINE_CURVE_WITH_KNOTS('',1,(#9087,#9088),.UNSPECIFIED.,.F.,
  .F.,(2,2),(-4.512106782317,-2.498941532558),.PIECEWISE_BEZIER_KNOTS.);
#9087 = CARTESIAN_POINT('',(16.488887394336,-29.5));
#9088 = CARTESIAN_POINT('',(14.475722144577,-29.5));
#9089 = ( GEOMETRIC_REPRESENTATION_CONTEXT(2) 
PARAMETRIC_REPRESENTATION_CONTEXT() REPRESENTATION_CONTEXT('2D SPACE',''
  ) );
#9090 = PCURVE('',#9091,#9096);
#9091 = PLANE('',#9092);
#9092 = AXIS2_PLACEMENT_3D('',#9093,#9094,#9095);
#9093 = CARTESIAN_POINT('',(-28.,17.900546781094,38.535326170298));
#9094 = DIRECTION('',(-1.,-0.,0.));
#9095 = DIRECTION('',(0.,-0.258819045103,-0.965925826289));
#9096 = DEFINITIONAL_REPRESENTATION('',(#9097),#9100);
#9097 = B_SPLINE_CURVE_WITH_KNOTS('',1,(#9098,#9099),.UNSPECIFIED.,.F.,
  .F.,(2,2),(-4.512106782317,-2.498941532558),.PIECEWISE_BEZIER_KNOTS.);
#9098 = CARTESIAN_POINT('',(-7.727817809777,6.762500071477E-04));
#9099 = CARTESIAN_POINT('',(-9.672386117107,0.521721757583));
#9100 = ( GEOMETRIC_REPRESENTATION_CONTEXT(2) 
PARAMETRIC_REPRESENTATION_CONTEXT() REPRESENTATION_CONTEXT('2D SPACE',''
  ) );
#9101 = ORIENTED_EDGE('',*,*,#9102,.F.);
#9102 = EDGE_CURVE('',#9103,#9077,#9105,.T.);
#9103 = VERTEX_POINT('',#9104);
#9104 = CARTESIAN_POINT('',(-32.,19.9,48.013165249759));
#9105 = SURFACE_CURVE('',#9106,(#9110,#9116),.PCURVE_S1.);
#9106 = LINE('',#9107,#9108);
#9107 = CARTESIAN_POINT('',(-44.75,19.9,48.013165249759));
#9108 = VECTOR('',#9109,1.);
#9109 = DIRECTION('',(1.,0.,0.));
#9110 = PCURVE('',#8044,#9111);
#9111 = DEFINITIONAL_REPRESENTATION('',(#9112),#9115);
#9112 = B_SPLINE_CURVE_WITH_KNOTS('',1,(#9113,#9114),.UNSPECIFIED.,.F.,
  .F.,(2,2),(12.75,16.75),.PIECEWISE_BEZIER_KNOTS.);
#9113 = CARTESIAN_POINT('',(14.475722144577,-25.5));
#9114 = CARTESIAN_POINT('',(14.475722144577,-29.5));
#9115 = ( GEOMETRIC_REPRESENTATION_CONTEXT(2) 
PARAMETRIC_REPRESENTATION_CONTEXT() REPRESENTATION_CONTEXT('2D SPACE',''
  ) );
#9116 = PCURVE('',#9117,#9122);
#9117 = PLANE('',#9118);
#9118 = AXIS2_PLACEMENT_3D('',#9119,#9120,#9121);
#9119 = CARTESIAN_POINT('',(-32.,10.844740838783,14.218477984393));
#9120 = DIRECTION('',(0.,-0.965925826289,0.258819045103));
#9121 = DIRECTION('',(0.,0.258819045103,0.965925826289));
#9122 = DEFINITIONAL_REPRESENTATION('',(#9123),#9126);
#9123 = B_SPLINE_CURVE_WITH_KNOTS('',1,(#9124,#9125),.UNSPECIFIED.,.F.,
  .F.,(2,2),(12.75,16.75),.PIECEWISE_BEZIER_KNOTS.);
#9124 = CARTESIAN_POINT('',(34.986834750241,0.));
#9125 = CARTESIAN_POINT('',(34.986834750241,-4.));
#9126 = ( GEOMETRIC_REPRESENTATION_CONTEXT(2) 
PARAMETRIC_REPRESENTATION_CONTEXT() REPRESENTATION_CONTEXT('2D SPACE',''
  ) );
#9127 = ORIENTED_EDGE('',*,*,#9128,.F.);
#9128 = EDGE_CURVE('',#9129,#9103,#9131,.T.);
#9129 = VERTEX_POINT('',#9130);
#9130 = CARTESIAN_POINT('',(-32.,19.9,46.));
#9131 = SURFACE_CURVE('',#9132,(#9136,#9142),.PCURVE_S1.);
#9132 = LINE('',#9133,#9134);
#9133 = CARTESIAN_POINT('',(-32.,19.9,50.512106782317));
#9134 = VECTOR('',#9135,1.);
#9135 = DIRECTION('',(0.,0.,1.));
#9136 = PCURVE('',#8044,#9137);
#9137 = DEFINITIONAL_REPRESENTATION('',(#9138),#9141);
#9138 = B_SPLINE_CURVE_WITH_KNOTS('',1,(#9139,#9140),.UNSPECIFIED.,.F.,
  .F.,(2,2),(-4.512106782317,-2.498941532558),.PIECEWISE_BEZIER_KNOTS.);
#9139 = CARTESIAN_POINT('',(16.488887394336,-25.5));
#9140 = CARTESIAN_POINT('',(14.475722144577,-25.5));
#9141 = ( GEOMETRIC_REPRESENTATION_CONTEXT(2) 
PARAMETRIC_REPRESENTATION_CONTEXT() REPRESENTATION_CONTEXT('2D SPACE',''
  ) );
#9142 = PCURVE('',#9143,#9148);
#9143 = PLANE('',#9144);
#9144 = AXIS2_PLACEMENT_3D('',#9145,#9146,#9147);
#9145 = CARTESIAN_POINT('',(-32.,17.900546781094,38.535326170298));
#9146 = DIRECTION('',(-1.,-0.,0.));
#9147 = DIRECTION('',(0.,-0.258819045103,-0.965925826289));
#9148 = DEFINITIONAL_REPRESENTATION('',(#9149),#9152);
#9149 = B_SPLINE_CURVE_WITH_KNOTS('',1,(#9150,#9151),.UNSPECIFIED.,.F.,
  .F.,(2,2),(-4.512106782317,-2.498941532558),.PIECEWISE_BEZIER_KNOTS.);
#9150 = CARTESIAN_POINT('',(-7.727817809777,6.762500071477E-04));
#9151 = CARTESIAN_POINT('',(-9.672386117107,0.521721757583));
#9152 = ( GEOMETRIC_REPRESENTATION_CONTEXT(2) 
PARAMETRIC_REPRESENTATION_CONTEXT() REPRESENTATION_CONTEXT('2D SPACE',''
  ) );
#9153 = ORIENTED_EDGE('',*,*,#9154,.F.);
#9154 = EDGE_CURVE('',#9029,#9129,#9155,.T.);
#9155 = SURFACE_CURVE('',#9156,(#9160,#9167),.PCURVE_S1.);
#9156 = LINE('',#9157,#9158);
#9157 = CARTESIAN_POINT('',(-57.5,19.9,46.));
#9158 = VECTOR('',#9159,1.);
#9159 = DIRECTION('',(1.,0.,0.));
#9160 = PCURVE('',#8044,#9161);
#9161 = DEFINITIONAL_REPRESENTATION('',(#9162),#9166);
#9162 = LINE('',#9163,#9164);
#9163 = CARTESIAN_POINT('',(16.488887394336,0.));
#9164 = VECTOR('',#9165,1.);
#9165 = DIRECTION('',(0.,-1.));
#9166 = ( GEOMETRIC_REPRESENTATION_CONTEXT(2) 
PARAMETRIC_REPRESENTATION_CONTEXT() REPRESENTATION_CONTEXT('2D SPACE',''
  ) );
#9167 = PCURVE('',#9168,#9173);
#9168 = PLANE('',#9169);
#9169 = AXIS2_PLACEMENT_3D('',#9170,#9171,#9172);
#9170 = CARTESIAN_POINT('',(-57.5,19.9,46.));
#9171 = DIRECTION('',(0.,0.,1.));
#9172 = DIRECTION('',(0.,1.,0.));
#9173 = DEFINITIONAL_REPRESENTATION('',(#9174),#9178);
#9174 = LINE('',#9175,#9176);
#9175 = CARTESIAN_POINT('',(0.,0.));
#9176 = VECTOR('',#9177,1.);
#9177 = DIRECTION('',(0.,-1.));
#9178 = ( GEOMETRIC_REPRESENTATION_CONTEXT(2) 
PARAMETRIC_REPRESENTATION_CONTEXT() REPRESENTATION_CONTEXT('2D SPACE',''
  ) );
#9179 = ADVANCED_FACE('',(#9180),#8018,.F.);
#9180 = FACE_BOUND('',#9181,.F.);
#9181 = EDGE_LOOP('',(#9182,#9203,#9204,#9205,#9224,#9225,#9248,#9274));
#9182 = ORIENTED_EDGE('',*,*,#9183,.T.);
#9183 = EDGE_CURVE('',#9184,#9054,#9186,.T.);
#9184 = VERTEX_POINT('',#9185);
#9185 = CARTESIAN_POINT('',(-28.,20.499377795548,46.));
#9186 = SURFACE_CURVE('',#9187,(#9191,#9197),.PCURVE_S1.);
#9187 = LINE('',#9188,#9189);
#9188 = CARTESIAN_POINT('',(-28.,18.900273390547,46.));
#9189 = VECTOR('',#9190,1.);
#9190 = DIRECTION('',(0.,-1.,0.));
#9191 = PCURVE('',#8018,#9192);
#9192 = DEFINITIONAL_REPRESENTATION('',(#9193),#9196);
#9193 = B_SPLINE_CURVE_WITH_KNOTS('',1,(#9194,#9195),.UNSPECIFIED.,.F.,
  .F.,(2,2),(-1.806159641083,-0.999726609453),.PIECEWISE_BEZIER_KNOTS.);
#9194 = CARTESIAN_POINT('',(0.80643303163,-29.5));
#9195 = CARTESIAN_POINT('',(0.,-29.5));
#9196 = ( GEOMETRIC_REPRESENTATION_CONTEXT(2) 
PARAMETRIC_REPRESENTATION_CONTEXT() REPRESENTATION_CONTEXT('2D SPACE',''
  ) );
#9197 = PCURVE('',#9091,#9198);
#9198 = DEFINITIONAL_REPRESENTATION('',(#9199),#9202);
#9199 = B_SPLINE_CURVE_WITH_KNOTS('',1,(#9200,#9201),.UNSPECIFIED.,.F.,
  .F.,(2,2),(-1.806159641083,-0.999726609453),.PIECEWISE_BEZIER_KNOTS.);
#9200 = CARTESIAN_POINT('',(-7.936538036963,-0.778278242417));
#9201 = CARTESIAN_POINT('',(-7.727817809777,6.762500071475E-04));
#9202 = ( GEOMETRIC_REPRESENTATION_CONTEXT(2) 
PARAMETRIC_REPRESENTATION_CONTEXT() REPRESENTATION_CONTEXT('2D SPACE',''
  ) );
#9203 = ORIENTED_EDGE('',*,*,#9053,.T.);
#9204 = ORIENTED_EDGE('',*,*,#8003,.F.);
#9205 = ORIENTED_EDGE('',*,*,#9206,.F.);
#9206 = EDGE_CURVE('',#8376,#7976,#9207,.T.);
#9207 = SURFACE_CURVE('',#9208,(#9212,#9218),.PCURVE_S1.);
#9208 = LINE('',#9209,#9210);
#9209 = CARTESIAN_POINT('',(-18.75,20.,46.));
#9210 = VECTOR('',#9211,1.);
#9211 = DIRECTION('',(-1.,0.,0.));
#9212 = PCURVE('',#8018,#9213);
#9213 = DEFINITIONAL_REPRESENTATION('',(#9214),#9217);
#9214 = B_SPLINE_CURVE_WITH_KNOTS('',1,(#9215,#9216),.UNSPECIFIED.,.F.,
  .F.,(2,2),(-38.75,1.25),.PIECEWISE_BEZIER_KNOTS.);
#9215 = CARTESIAN_POINT('',(0.1,-77.5));
#9216 = CARTESIAN_POINT('',(0.1,-37.5));
#9217 = ( GEOMETRIC_REPRESENTATION_CONTEXT(2) 
PARAMETRIC_REPRESENTATION_CONTEXT() REPRESENTATION_CONTEXT('2D SPACE',''
  ) );
#9218 = PCURVE('',#7991,#9219);
#9219 = DEFINITIONAL_REPRESENTATION('',(#9220),#9223);
#9220 = B_SPLINE_CURVE_WITH_KNOTS('',1,(#9221,#9222),.UNSPECIFIED.,.F.,
  .F.,(2,2),(-38.75,1.25),.PIECEWISE_BEZIER_KNOTS.);
#9221 = CARTESIAN_POINT('',(0.,-46.));
#9222 = CARTESIAN_POINT('',(40.,-46.));
#9223 = ( GEOMETRIC_REPRESENTATION_CONTEXT(2) 
PARAMETRIC_REPRESENTATION_CONTEXT() REPRESENTATION_CONTEXT('2D SPACE',''
  ) );
#9224 = ORIENTED_EDGE('',*,*,#8375,.F.);
#9225 = ORIENTED_EDGE('',*,*,#9226,.T.);
#9226 = EDGE_CURVE('',#8350,#9227,#9229,.T.);
#9227 = VERTEX_POINT('',#9228);
#9228 = CARTESIAN_POINT('',(28.,19.9,46.));
#9229 = SURFACE_CURVE('',#9230,(#9234,#9241),.PCURVE_S1.);
#9230 = LINE('',#9231,#9232);
#9231 = CARTESIAN_POINT('',(-57.5,19.9,46.));
#9232 = VECTOR('',#9233,1.);
#9233 = DIRECTION('',(1.,0.,0.));
#9234 = PCURVE('',#8018,#9235);
#9235 = DEFINITIONAL_REPRESENTATION('',(#9236),#9240);
#9236 = LINE('',#9237,#9238);
#9237 = CARTESIAN_POINT('',(0.,0.));
#9238 = VECTOR('',#9239,1.);
#9239 = DIRECTION('',(0.,-1.));
#9240 = ( GEOMETRIC_REPRESENTATION_CONTEXT(2) 
PARAMETRIC_REPRESENTATION_CONTEXT() REPRESENTATION_CONTEXT('2D SPACE',''
  ) );
#9241 = PCURVE('',#8364,#9242);
#9242 = DEFINITIONAL_REPRESENTATION('',(#9243),#9247);
#9243 = LINE('',#9244,#9245);
#9244 = CARTESIAN_POINT('',(16.488887394336,0.));
#9245 = VECTOR('',#9246,1.);
#9246 = DIRECTION('',(0.,-1.));
#9247 = ( GEOMETRIC_REPRESENTATION_CONTEXT(2) 
PARAMETRIC_REPRESENTATION_CONTEXT() REPRESENTATION_CONTEXT('2D SPACE',''
  ) );
#9248 = ORIENTED_EDGE('',*,*,#9249,.F.);
#9249 = EDGE_CURVE('',#9250,#9227,#9252,.T.);
#9250 = VERTEX_POINT('',#9251);
#9251 = CARTESIAN_POINT('',(28.,20.499377795548,46.));
#9252 = SURFACE_CURVE('',#9253,(#9257,#9263),.PCURVE_S1.);
#9253 = LINE('',#9254,#9255);
#9254 = CARTESIAN_POINT('',(28.,18.900273390547,46.));
#9255 = VECTOR('',#9256,1.);
#9256 = DIRECTION('',(0.,-1.,0.));
#9257 = PCURVE('',#8018,#9258);
#9258 = DEFINITIONAL_REPRESENTATION('',(#9259),#9262);
#9259 = B_SPLINE_CURVE_WITH_KNOTS('',1,(#9260,#9261),.UNSPECIFIED.,.F.,
  .F.,(2,2),(-1.806159641083,-0.999726609453),.PIECEWISE_BEZIER_KNOTS.);
#9260 = CARTESIAN_POINT('',(0.80643303163,-85.5));
#9261 = CARTESIAN_POINT('',(0.,-85.5));
#9262 = ( GEOMETRIC_REPRESENTATION_CONTEXT(2) 
PARAMETRIC_REPRESENTATION_CONTEXT() REPRESENTATION_CONTEXT('2D SPACE',''
  ) );
#9263 = PCURVE('',#9264,#9269);
#9264 = PLANE('',#9265);
#9265 = AXIS2_PLACEMENT_3D('',#9266,#9267,#9268);
#9266 = CARTESIAN_POINT('',(28.,17.900546781094,38.535326170298));
#9267 = DIRECTION('',(-1.,-0.,0.));
#9268 = DIRECTION('',(0.,-0.258819045103,-0.965925826289));
#9269 = DEFINITIONAL_REPRESENTATION('',(#9270),#9273);
#9270 = B_SPLINE_CURVE_WITH_KNOTS('',1,(#9271,#9272),.UNSPECIFIED.,.F.,
  .F.,(2,2),(-1.806159641083,-0.999726609453),.PIECEWISE_BEZIER_KNOTS.);
#9271 = CARTESIAN_POINT('',(-7.936538036963,-0.778278242417));
#9272 = CARTESIAN_POINT('',(-7.727817809777,6.762500071475E-04));
#9273 = ( GEOMETRIC_REPRESENTATION_CONTEXT(2) 
PARAMETRIC_REPRESENTATION_CONTEXT() REPRESENTATION_CONTEXT('2D SPACE',''
  ) );
#9274 = ORIENTED_EDGE('',*,*,#9275,.T.);
#9275 = EDGE_CURVE('',#9250,#9184,#9276,.T.);
#9276 = SURFACE_CURVE('',#9277,(#9281,#9287),.PCURVE_S1.);
#9277 = LINE('',#9278,#9279);
#9278 = CARTESIAN_POINT('',(-57.5,20.499377795548,46.));
#9279 = VECTOR('',#9280,1.);
#9280 = DIRECTION('',(-1.,0.,0.));
#9281 = PCURVE('',#8018,#9282);
#9282 = DEFINITIONAL_REPRESENTATION('',(#9283),#9286);
#9283 = B_SPLINE_CURVE_WITH_KNOTS('',1,(#9284,#9285),.UNSPECIFIED.,.F.,
  .F.,(2,2),(-85.5,-29.5),.PIECEWISE_BEZIER_KNOTS.);
#9284 = CARTESIAN_POINT('',(0.599377795548,-85.5));
#9285 = CARTESIAN_POINT('',(0.599377795548,-29.5));
#9286 = ( GEOMETRIC_REPRESENTATION_CONTEXT(2) 
PARAMETRIC_REPRESENTATION_CONTEXT() REPRESENTATION_CONTEXT('2D SPACE',''
  ) );
#9287 = PCURVE('',#7964,#9288);
#9288 = DEFINITIONAL_REPRESENTATION('',(#9289),#9292);
#9289 = B_SPLINE_CURVE_WITH_KNOTS('',1,(#9290,#9291),.UNSPECIFIED.,.F.,
  .F.,(2,2),(-85.5,-29.5),.PIECEWISE_BEZIER_KNOTS.);
#9290 = CARTESIAN_POINT('',(13.197396831611,85.5));
#9291 = CARTESIAN_POINT('',(13.197396831611,29.5));
#9292 = ( GEOMETRIC_REPRESENTATION_CONTEXT(2) 
PARAMETRIC_REPRESENTATION_CONTEXT() REPRESENTATION_CONTEXT('2D SPACE',''
  ) );
#9293 = ADVANCED_FACE('',(#9294),#7991,.F.);
#9294 = FACE_BOUND('',#9295,.F.);
#9295 = EDGE_LOOP('',(#9296,#9315,#9316,#9317));
#9296 = ORIENTED_EDGE('',*,*,#9297,.T.);
#9297 = EDGE_CURVE('',#7950,#8397,#9298,.T.);
#9298 = SURFACE_CURVE('',#9299,(#9303,#9309),.PCURVE_S1.);
#9299 = LINE('',#9300,#9301);
#9300 = CARTESIAN_POINT('',(-18.75,20.,44.136296694844));
#9301 = VECTOR('',#9302,1.);
#9302 = DIRECTION('',(1.,0.,0.));
#9303 = PCURVE('',#7991,#9304);
#9304 = DEFINITIONAL_REPRESENTATION('',(#9305),#9308);
#9305 = B_SPLINE_CURVE_WITH_KNOTS('',1,(#9306,#9307),.UNSPECIFIED.,.F.,
  .F.,(2,2),(-1.25,38.75),.PIECEWISE_BEZIER_KNOTS.);
#9306 = CARTESIAN_POINT('',(40.,-44.13629669484));
#9307 = CARTESIAN_POINT('',(0.,-44.13629669484));
#9308 = ( GEOMETRIC_REPRESENTATION_CONTEXT(2) 
PARAMETRIC_REPRESENTATION_CONTEXT() REPRESENTATION_CONTEXT('2D SPACE',''
  ) );
#9309 = PCURVE('',#7964,#9310);
#9310 = DEFINITIONAL_REPRESENTATION('',(#9311),#9314);
#9311 = B_SPLINE_CURVE_WITH_KNOTS('',1,(#9312,#9313),.UNSPECIFIED.,.F.,
  .F.,(2,2),(-1.25,38.75),.PIECEWISE_BEZIER_KNOTS.);
#9312 = CARTESIAN_POINT('',(11.267949192431,37.5));
#9313 = CARTESIAN_POINT('',(11.267949192431,77.5));
#9314 = ( GEOMETRIC_REPRESENTATION_CONTEXT(2) 
PARAMETRIC_REPRESENTATION_CONTEXT() REPRESENTATION_CONTEXT('2D SPACE',''
  ) );
#9315 = ORIENTED_EDGE('',*,*,#8396,.T.);
#9316 = ORIENTED_EDGE('',*,*,#9206,.T.);
#9317 = ORIENTED_EDGE('',*,*,#7975,.T.);
#9318 = ADVANCED_FACE('',(#9319),#7964,.F.);
#9319 = FACE_BOUND('',#9320,.F.);
#9320 = EDGE_LOOP('',(#9321,#9344,#9365,#9366,#9389,#9410,#9411,#9412));
#9321 = ORIENTED_EDGE('',*,*,#9322,.F.);
#9322 = EDGE_CURVE('',#9323,#7924,#9325,.T.);
#9323 = VERTEX_POINT('',#9324);
#9324 = CARTESIAN_POINT('',(-28.,17.083640149751,33.252293560561));
#9325 = SURFACE_CURVE('',#9326,(#9330,#9337),.PCURVE_S1.);
#9326 = LINE('',#9327,#9328);
#9327 = CARTESIAN_POINT('',(-57.5,17.083640149751,33.252293560561));
#9328 = VECTOR('',#9329,1.);
#9329 = DIRECTION('',(1.,0.,0.));
#9330 = PCURVE('',#7964,#9331);
#9331 = DEFINITIONAL_REPRESENTATION('',(#9332),#9336);
#9332 = LINE('',#9333,#9334);
#9333 = CARTESIAN_POINT('',(0.,0.));
#9334 = VECTOR('',#9335,1.);
#9335 = DIRECTION('',(0.,1.));
#9336 = ( GEOMETRIC_REPRESENTATION_CONTEXT(2) 
PARAMETRIC_REPRESENTATION_CONTEXT() REPRESENTATION_CONTEXT('2D SPACE',''
  ) );
#9337 = PCURVE('',#7938,#9338);
#9338 = DEFINITIONAL_REPRESENTATION('',(#9339),#9343);
#9339 = LINE('',#9340,#9341);
#9340 = CARTESIAN_POINT('',(0.,0.));
#9341 = VECTOR('',#9342,1.);
#9342 = DIRECTION('',(1.,0.));
#9343 = ( GEOMETRIC_REPRESENTATION_CONTEXT(2) 
PARAMETRIC_REPRESENTATION_CONTEXT() REPRESENTATION_CONTEXT('2D SPACE',''
  ) );
#9344 = ORIENTED_EDGE('',*,*,#9345,.T.);
#9345 = EDGE_CURVE('',#9323,#9184,#9346,.T.);
#9346 = SURFACE_CURVE('',#9347,(#9351,#9358),.PCURVE_S1.);
#9347 = LINE('',#9348,#9349);
#9348 = CARTESIAN_POINT('',(-28.,17.771380409988,35.818975154177));
#9349 = VECTOR('',#9350,1.);
#9350 = DIRECTION('',(0.,0.258819045103,0.965925826289));
#9351 = PCURVE('',#7964,#9352);
#9352 = DEFINITIONAL_REPRESENTATION('',(#9353),#9357);
#9353 = LINE('',#9354,#9355);
#9354 = CARTESIAN_POINT('',(2.657224316567,29.5));
#9355 = VECTOR('',#9356,1.);
#9356 = DIRECTION('',(1.,0.));
#9357 = ( GEOMETRIC_REPRESENTATION_CONTEXT(2) 
PARAMETRIC_REPRESENTATION_CONTEXT() REPRESENTATION_CONTEXT('2D SPACE',''
  ) );
#9358 = PCURVE('',#9091,#9359);
#9359 = DEFINITIONAL_REPRESENTATION('',(#9360),#9364);
#9360 = LINE('',#9361,#9362);
#9361 = CARTESIAN_POINT('',(2.657224316567,-0.578278242417));
#9362 = VECTOR('',#9363,1.);
#9363 = DIRECTION('',(-1.,1.225300278295E-17));
#9364 = ( GEOMETRIC_REPRESENTATION_CONTEXT(2) 
PARAMETRIC_REPRESENTATION_CONTEXT() REPRESENTATION_CONTEXT('2D SPACE',''
  ) );
#9365 = ORIENTED_EDGE('',*,*,#9275,.F.);
#9366 = ORIENTED_EDGE('',*,*,#9367,.F.);
#9367 = EDGE_CURVE('',#9368,#9250,#9370,.T.);
#9368 = VERTEX_POINT('',#9369);
#9369 = CARTESIAN_POINT('',(28.,17.083640149751,33.252293560561));
#9370 = SURFACE_CURVE('',#9371,(#9375,#9382),.PCURVE_S1.);
#9371 = LINE('',#9372,#9373);
#9372 = CARTESIAN_POINT('',(28.,17.771380409988,35.818975154177));
#9373 = VECTOR('',#9374,1.);
#9374 = DIRECTION('',(0.,0.258819045103,0.965925826289));
#9375 = PCURVE('',#7964,#9376);
#9376 = DEFINITIONAL_REPRESENTATION('',(#9377),#9381);
#9377 = LINE('',#9378,#9379);
#9378 = CARTESIAN_POINT('',(2.657224316567,85.5));
#9379 = VECTOR('',#9380,1.);
#9380 = DIRECTION('',(1.,0.));
#9381 = ( GEOMETRIC_REPRESENTATION_CONTEXT(2) 
PARAMETRIC_REPRESENTATION_CONTEXT() REPRESENTATION_CONTEXT('2D SPACE',''
  ) );
#9382 = PCURVE('',#9264,#9383);
#9383 = DEFINITIONAL_REPRESENTATION('',(#9384),#9388);
#9384 = LINE('',#9385,#9386);
#9385 = CARTESIAN_POINT('',(2.657224316567,-0.578278242417));
#9386 = VECTOR('',#9387,1.);
#9387 = DIRECTION('',(-1.,1.225300278295E-17));
#9388 = ( GEOMETRIC_REPRESENTATION_CONTEXT(2) 
PARAMETRIC_REPRESENTATION_CONTEXT() REPRESENTATION_CONTEXT('2D SPACE',''
  ) );
#9389 = ORIENTED_EDGE('',*,*,#9390,.F.);
#9390 = EDGE_CURVE('',#8420,#9368,#9391,.T.);
#9391 = SURFACE_CURVE('',#9392,(#9396,#9403),.PCURVE_S1.);
#9392 = LINE('',#9393,#9394);
#9393 = CARTESIAN_POINT('',(-57.5,17.083640149751,33.252293560561));
#9394 = VECTOR('',#9395,1.);
#9395 = DIRECTION('',(1.,0.,0.));
#9396 = PCURVE('',#7964,#9397);
#9397 = DEFINITIONAL_REPRESENTATION('',(#9398),#9402);
#9398 = LINE('',#9399,#9400);
#9399 = CARTESIAN_POINT('',(0.,0.));
#9400 = VECTOR('',#9401,1.);
#9401 = DIRECTION('',(0.,1.));
#9402 = ( GEOMETRIC_REPRESENTATION_CONTEXT(2) 
PARAMETRIC_REPRESENTATION_CONTEXT() REPRESENTATION_CONTEXT('2D SPACE',''
  ) );
#9403 = PCURVE('',#7938,#9404);
#9404 = DEFINITIONAL_REPRESENTATION('',(#9405),#9409);
#9405 = LINE('',#9406,#9407);
#9406 = CARTESIAN_POINT('',(0.,0.));
#9407 = VECTOR('',#9408,1.);
#9408 = DIRECTION('',(1.,0.));
#9409 = ( GEOMETRIC_REPRESENTATION_CONTEXT(2) 
PARAMETRIC_REPRESENTATION_CONTEXT() REPRESENTATION_CONTEXT('2D SPACE',''
  ) );
#9410 = ORIENTED_EDGE('',*,*,#8419,.F.);
#9411 = ORIENTED_EDGE('',*,*,#9297,.F.);
#9412 = ORIENTED_EDGE('',*,*,#7949,.F.);
#9413 = ADVANCED_FACE('',(#9414),#7938,.F.);
#9414 = FACE_BOUND('',#9415,.F.);
#9415 = EDGE_LOOP('',(#9416,#9446,#9474,#9502,#9525,#9553,#9574,#9575,
    #9576,#9595,#9596,#9597,#9620,#9648,#9676,#9704));
#9416 = ORIENTED_EDGE('',*,*,#9417,.F.);
#9417 = EDGE_CURVE('',#9418,#9420,#9422,.T.);
#9418 = VERTEX_POINT('',#9419);
#9419 = CARTESIAN_POINT('',(-53.5,22.879195107486,31.699379289946));
#9420 = VERTEX_POINT('',#9421);
#9421 = CARTESIAN_POINT('',(53.5,22.879195107486,31.699379289946));
#9422 = SURFACE_CURVE('',#9423,(#9427,#9434),.PCURVE_S1.);
#9423 = LINE('',#9424,#9425);
#9424 = CARTESIAN_POINT('',(-57.5,22.879195107486,31.699379289946));
#9425 = VECTOR('',#9426,1.);
#9426 = DIRECTION('',(1.,0.,0.));
#9427 = PCURVE('',#7938,#9428);
#9428 = DEFINITIONAL_REPRESENTATION('',(#9429),#9433);
#9429 = LINE('',#9430,#9431);
#9430 = CARTESIAN_POINT('',(0.,6.));
#9431 = VECTOR('',#9432,1.);
#9432 = DIRECTION('',(1.,0.));
#9433 = ( GEOMETRIC_REPRESENTATION_CONTEXT(2) 
PARAMETRIC_REPRESENTATION_CONTEXT() REPRESENTATION_CONTEXT('2D SPACE',''
  ) );
#9434 = PCURVE('',#9435,#9440);
#9435 = PLANE('',#9436);
#9436 = AXIS2_PLACEMENT_3D('',#9437,#9438,#9439);
#9437 = CARTESIAN_POINT('',(-57.5,22.879195107486,31.699379289946));
#9438 = DIRECTION('',(0.,0.965925826289,-0.258819045103));
#9439 = DIRECTION('',(0.,0.258819045103,0.965925826289));
#9440 = DEFINITIONAL_REPRESENTATION('',(#9441),#9445);
#9441 = LINE('',#9442,#9443);
#9442 = CARTESIAN_POINT('',(0.,0.));
#9443 = VECTOR('',#9444,1.);
#9444 = DIRECTION('',(0.,1.));
#9445 = ( GEOMETRIC_REPRESENTATION_CONTEXT(2) 
PARAMETRIC_REPRESENTATION_CONTEXT() REPRESENTATION_CONTEXT('2D SPACE',''
  ) );
#9446 = ORIENTED_EDGE('',*,*,#9447,.F.);
#9447 = EDGE_CURVE('',#9448,#9418,#9450,.T.);
#9448 = VERTEX_POINT('',#9449);
#9449 = CARTESIAN_POINT('',(-53.5,17.083640149751,33.252293560561));
#9450 = SURFACE_CURVE('',#9451,(#9455,#9462),.PCURVE_S1.);
#9451 = LINE('',#9452,#9453);
#9452 = CARTESIAN_POINT('',(-53.5,17.083640149751,33.252293560561));
#9453 = VECTOR('',#9454,1.);
#9454 = DIRECTION('',(0.,0.965925826289,-0.258819045103));
#9455 = PCURVE('',#7938,#9456);
#9456 = DEFINITIONAL_REPRESENTATION('',(#9457),#9461);
#9457 = LINE('',#9458,#9459);
#9458 = CARTESIAN_POINT('',(4.,0.));
#9459 = VECTOR('',#9460,1.);
#9460 = DIRECTION('',(0.,1.));
#9461 = ( GEOMETRIC_REPRESENTATION_CONTEXT(2) 
PARAMETRIC_REPRESENTATION_CONTEXT() REPRESENTATION_CONTEXT('2D SPACE',''
  ) );
#9462 = PCURVE('',#9463,#9468);
#9463 = CYLINDRICAL_SURFACE('',#9464,4.);
#9464 = AXIS2_PLACEMENT_3D('',#9465,#9466,#9467);
#9465 = CARTESIAN_POINT('',(-53.5,18.118916330161,37.115996865718));
#9466 = DIRECTION('',(0.,0.965925826289,-0.258819045103));
#9467 = DIRECTION('',(-1.,0.,0.));
#9468 = DEFINITIONAL_REPRESENTATION('',(#9469),#9473);
#9469 = LINE('',#9470,#9471);
#9470 = CARTESIAN_POINT('',(-1.570796326795,0.));
#9471 = VECTOR('',#9472,1.);
#9472 = DIRECTION('',(-0.,1.));
#9473 = ( GEOMETRIC_REPRESENTATION_CONTEXT(2) 
PARAMETRIC_REPRESENTATION_CONTEXT() REPRESENTATION_CONTEXT('2D SPACE',''
  ) );
#9474 = ORIENTED_EDGE('',*,*,#9475,.T.);
#9475 = EDGE_CURVE('',#9448,#9476,#9478,.T.);
#9476 = VERTEX_POINT('',#9477);
#9477 = CARTESIAN_POINT('',(-32.,17.083640149751,33.252293560561));
#9478 = SURFACE_CURVE('',#9479,(#9483,#9490),.PCURVE_S1.);
#9479 = LINE('',#9480,#9481);
#9480 = CARTESIAN_POINT('',(-57.5,17.083640149751,33.252293560561));
#9481 = VECTOR('',#9482,1.);
#9482 = DIRECTION('',(1.,0.,0.));
#9483 = PCURVE('',#7938,#9484);
#9484 = DEFINITIONAL_REPRESENTATION('',(#9485),#9489);
#9485 = LINE('',#9486,#9487);
#9486 = CARTESIAN_POINT('',(0.,0.));
#9487 = VECTOR('',#9488,1.);
#9488 = DIRECTION('',(1.,0.));
#9489 = ( GEOMETRIC_REPRESENTATION_CONTEXT(2) 
PARAMETRIC_REPRESENTATION_CONTEXT() REPRESENTATION_CONTEXT('2D SPACE',''
  ) );
#9490 = PCURVE('',#9491,#9496);
#9491 = PLANE('',#9492);
#9492 = AXIS2_PLACEMENT_3D('',#9493,#9494,#9495);
#9493 = CARTESIAN_POINT('',(-57.5,17.083640149751,33.252293560561));
#9494 = DIRECTION('',(0.,0.965925826289,-0.258819045103));
#9495 = DIRECTION('',(0.,0.258819045103,0.965925826289));
#9496 = DEFINITIONAL_REPRESENTATION('',(#9497),#9501);
#9497 = LINE('',#9498,#9499);
#9498 = CARTESIAN_POINT('',(0.,0.));
#9499 = VECTOR('',#9500,1.);
#9500 = DIRECTION('',(0.,1.));
#9501 = ( GEOMETRIC_REPRESENTATION_CONTEXT(2) 
PARAMETRIC_REPRESENTATION_CONTEXT() REPRESENTATION_CONTEXT('2D SPACE',''
  ) );
#9502 = ORIENTED_EDGE('',*,*,#9503,.F.);
#9503 = EDGE_CURVE('',#9504,#9476,#9506,.T.);
#9504 = VERTEX_POINT('',#9505);
#9505 = CARTESIAN_POINT('',(-32.,17.276825315009,33.200529751541));
#9506 = SURFACE_CURVE('',#9507,(#9511,#9518),.PCURVE_S1.);
#9507 = LINE('',#9508,#9509);
#9508 = CARTESIAN_POINT('',(-32.,16.804353205186,33.327128271814));
#9509 = VECTOR('',#9510,1.);
#9510 = DIRECTION('',(0.,-0.965925826289,0.258819045103));
#9511 = PCURVE('',#7938,#9512);
#9512 = DEFINITIONAL_REPRESENTATION('',(#9513),#9517);
#9513 = LINE('',#9514,#9515);
#9514 = CARTESIAN_POINT('',(25.5,-0.289139121208));
#9515 = VECTOR('',#9516,1.);
#9516 = DIRECTION('',(0.,-1.));
#9517 = ( GEOMETRIC_REPRESENTATION_CONTEXT(2) 
PARAMETRIC_REPRESENTATION_CONTEXT() REPRESENTATION_CONTEXT('2D SPACE',''
  ) );
#9518 = PCURVE('',#9143,#9519);
#9519 = DEFINITIONAL_REPRESENTATION('',(#9520),#9524);
#9520 = LINE('',#9521,#9522);
#9521 = CARTESIAN_POINT('',(5.314448633134,-0.289139121208));
#9522 = VECTOR('',#9523,1.);
#9523 = DIRECTION('',(-1.225300278295E-17,1.));
#9524 = ( GEOMETRIC_REPRESENTATION_CONTEXT(2) 
PARAMETRIC_REPRESENTATION_CONTEXT() REPRESENTATION_CONTEXT('2D SPACE',''
  ) );
#9525 = ORIENTED_EDGE('',*,*,#9526,.T.);
#9526 = EDGE_CURVE('',#9504,#9527,#9529,.T.);
#9527 = VERTEX_POINT('',#9528);
#9528 = CARTESIAN_POINT('',(-28.,17.276825315009,33.200529751541));
#9529 = SURFACE_CURVE('',#9530,(#9534,#9541),.PCURVE_S1.);
#9530 = LINE('',#9531,#9532);
#9531 = CARTESIAN_POINT('',(-32.,17.276825315009,33.200529751541));
#9532 = VECTOR('',#9533,1.);
#9533 = DIRECTION('',(1.,0.,0.));
#9534 = PCURVE('',#7938,#9535);
#9535 = DEFINITIONAL_REPRESENTATION('',(#9536),#9540);
#9536 = LINE('',#9537,#9538);
#9537 = CARTESIAN_POINT('',(25.5,0.2));
#9538 = VECTOR('',#9539,1.);
#9539 = DIRECTION('',(1.,0.));
#9540 = ( GEOMETRIC_REPRESENTATION_CONTEXT(2) 
PARAMETRIC_REPRESENTATION_CONTEXT() REPRESENTATION_CONTEXT('2D SPACE',''
  ) );
#9541 = PCURVE('',#9542,#9547);
#9542 = PLANE('',#9543);
#9543 = AXIS2_PLACEMENT_3D('',#9544,#9545,#9546);
#9544 = CARTESIAN_POINT('',(-32.,17.276825315009,33.200529751541));
#9545 = DIRECTION('',(0.,0.947103940131,-0.32092698015));
#9546 = DIRECTION('',(0.,-0.32092698015,-0.947103940131));
#9547 = DEFINITIONAL_REPRESENTATION('',(#9548),#9552);
#9548 = LINE('',#9549,#9550);
#9549 = CARTESIAN_POINT('',(0.,0.));
#9550 = VECTOR('',#9551,1.);
#9551 = DIRECTION('',(0.,-1.));
#9552 = ( GEOMETRIC_REPRESENTATION_CONTEXT(2) 
PARAMETRIC_REPRESENTATION_CONTEXT() REPRESENTATION_CONTEXT('2D SPACE',''
  ) );
#9553 = ORIENTED_EDGE('',*,*,#9554,.T.);
#9554 = EDGE_CURVE('',#9527,#9323,#9555,.T.);
#9555 = SURFACE_CURVE('',#9556,(#9560,#9567),.PCURVE_S1.);
#9556 = LINE('',#9557,#9558);
#9557 = CARTESIAN_POINT('',(-28.,16.804353205186,33.327128271814));
#9558 = VECTOR('',#9559,1.);
#9559 = DIRECTION('',(0.,-0.965925826289,0.258819045103));
#9560 = PCURVE('',#7938,#9561);
#9561 = DEFINITIONAL_REPRESENTATION('',(#9562),#9566);
#9562 = LINE('',#9563,#9564);
#9563 = CARTESIAN_POINT('',(29.5,-0.289139121208));
#9564 = VECTOR('',#9565,1.);
#9565 = DIRECTION('',(0.,-1.));
#9566 = ( GEOMETRIC_REPRESENTATION_CONTEXT(2) 
PARAMETRIC_REPRESENTATION_CONTEXT() REPRESENTATION_CONTEXT('2D SPACE',''
  ) );
#9567 = PCURVE('',#9091,#9568);
#9568 = DEFINITIONAL_REPRESENTATION('',(#9569),#9573);
#9569 = LINE('',#9570,#9571);
#9570 = CARTESIAN_POINT('',(5.314448633134,-0.289139121208));
#9571 = VECTOR('',#9572,1.);
#9572 = DIRECTION('',(-1.225300278295E-17,1.));
#9573 = ( GEOMETRIC_REPRESENTATION_CONTEXT(2) 
PARAMETRIC_REPRESENTATION_CONTEXT() REPRESENTATION_CONTEXT('2D SPACE',''
  ) );
#9574 = ORIENTED_EDGE('',*,*,#9322,.T.);
#9575 = ORIENTED_EDGE('',*,*,#7923,.F.);
#9576 = ORIENTED_EDGE('',*,*,#9577,.F.);
#9577 = EDGE_CURVE('',#8441,#7896,#9578,.T.);
#9578 = SURFACE_CURVE('',#9579,(#9583,#9589),.PCURVE_S1.);
#9579 = LINE('',#9580,#9581);
#9580 = CARTESIAN_POINT('',(-18.75,20.,32.470857293849));
#9581 = VECTOR('',#9582,1.);
#9582 = DIRECTION('',(-1.,0.,0.));
#9583 = PCURVE('',#7938,#9584);
#9584 = DEFINITIONAL_REPRESENTATION('',(#9585),#9588);
#9585 = B_SPLINE_CURVE_WITH_KNOTS('',1,(#9586,#9587),.UNSPECIFIED.,.F.,
  .F.,(2,2),(-38.75,1.25),.PIECEWISE_BEZIER_KNOTS.);
#9586 = CARTESIAN_POINT('',(77.5,3.019237886467));
#9587 = CARTESIAN_POINT('',(37.5,3.019237886467));
#9588 = ( GEOMETRIC_REPRESENTATION_CONTEXT(2) 
PARAMETRIC_REPRESENTATION_CONTEXT() REPRESENTATION_CONTEXT('2D SPACE',''
  ) );
#9589 = PCURVE('',#7911,#9590);
#9590 = DEFINITIONAL_REPRESENTATION('',(#9591),#9594);
#9591 = B_SPLINE_CURVE_WITH_KNOTS('',1,(#9592,#9593),.UNSPECIFIED.,.F.,
  .F.,(2,2),(-38.75,1.25),.PIECEWISE_BEZIER_KNOTS.);
#9592 = CARTESIAN_POINT('',(0.,-32.47085729384));
#9593 = CARTESIAN_POINT('',(40.,-32.47085729384));
#9594 = ( GEOMETRIC_REPRESENTATION_CONTEXT(2) 
PARAMETRIC_REPRESENTATION_CONTEXT() REPRESENTATION_CONTEXT('2D SPACE',''
  ) );
#9595 = ORIENTED_EDGE('',*,*,#8440,.F.);
#9596 = ORIENTED_EDGE('',*,*,#9390,.T.);
#9597 = ORIENTED_EDGE('',*,*,#9598,.F.);
#9598 = EDGE_CURVE('',#9599,#9368,#9601,.T.);
#9599 = VERTEX_POINT('',#9600);
#9600 = CARTESIAN_POINT('',(28.,17.276825315009,33.200529751541));
#9601 = SURFACE_CURVE('',#9602,(#9606,#9613),.PCURVE_S1.);
#9602 = LINE('',#9603,#9604);
#9603 = CARTESIAN_POINT('',(28.,16.804353205186,33.327128271814));
#9604 = VECTOR('',#9605,1.);
#9605 = DIRECTION('',(0.,-0.965925826289,0.258819045103));
#9606 = PCURVE('',#7938,#9607);
#9607 = DEFINITIONAL_REPRESENTATION('',(#9608),#9612);
#9608 = LINE('',#9609,#9610);
#9609 = CARTESIAN_POINT('',(85.5,-0.289139121208));
#9610 = VECTOR('',#9611,1.);
#9611 = DIRECTION('',(0.,-1.));
#9612 = ( GEOMETRIC_REPRESENTATION_CONTEXT(2) 
PARAMETRIC_REPRESENTATION_CONTEXT() REPRESENTATION_CONTEXT('2D SPACE',''
  ) );
#9613 = PCURVE('',#9264,#9614);
#9614 = DEFINITIONAL_REPRESENTATION('',(#9615),#9619);
#9615 = LINE('',#9616,#9617);
#9616 = CARTESIAN_POINT('',(5.314448633134,-0.289139121208));
#9617 = VECTOR('',#9618,1.);
#9618 = DIRECTION('',(-1.225300278295E-17,1.));
#9619 = ( GEOMETRIC_REPRESENTATION_CONTEXT(2) 
PARAMETRIC_REPRESENTATION_CONTEXT() REPRESENTATION_CONTEXT('2D SPACE',''
  ) );
#9620 = ORIENTED_EDGE('',*,*,#9621,.T.);
#9621 = EDGE_CURVE('',#9599,#9622,#9624,.T.);
#9622 = VERTEX_POINT('',#9623);
#9623 = CARTESIAN_POINT('',(32.,17.276825315009,33.200529751541));
#9624 = SURFACE_CURVE('',#9625,(#9629,#9636),.PCURVE_S1.);
#9625 = LINE('',#9626,#9627);
#9626 = CARTESIAN_POINT('',(28.,17.276825315009,33.200529751541));
#9627 = VECTOR('',#9628,1.);
#9628 = DIRECTION('',(1.,0.,0.));
#9629 = PCURVE('',#7938,#9630);
#9630 = DEFINITIONAL_REPRESENTATION('',(#9631),#9635);
#9631 = LINE('',#9632,#9633);
#9632 = CARTESIAN_POINT('',(85.5,0.2));
#9633 = VECTOR('',#9634,1.);
#9634 = DIRECTION('',(1.,0.));
#9635 = ( GEOMETRIC_REPRESENTATION_CONTEXT(2) 
PARAMETRIC_REPRESENTATION_CONTEXT() REPRESENTATION_CONTEXT('2D SPACE',''
  ) );
#9636 = PCURVE('',#9637,#9642);
#9637 = PLANE('',#9638);
#9638 = AXIS2_PLACEMENT_3D('',#9639,#9640,#9641);
#9639 = CARTESIAN_POINT('',(28.,17.276825315009,33.200529751541));
#9640 = DIRECTION('',(0.,0.947103940131,-0.32092698015));
#9641 = DIRECTION('',(0.,-0.32092698015,-0.947103940131));
#9642 = DEFINITIONAL_REPRESENTATION('',(#9643),#9647);
#9643 = LINE('',#9644,#9645);
#9644 = CARTESIAN_POINT('',(0.,0.));
#9645 = VECTOR('',#9646,1.);
#9646 = DIRECTION('',(0.,-1.));
#9647 = ( GEOMETRIC_REPRESENTATION_CONTEXT(2) 
PARAMETRIC_REPRESENTATION_CONTEXT() REPRESENTATION_CONTEXT('2D SPACE',''
  ) );
#9648 = ORIENTED_EDGE('',*,*,#9649,.T.);
#9649 = EDGE_CURVE('',#9622,#9650,#9652,.T.);
#9650 = VERTEX_POINT('',#9651);
#9651 = CARTESIAN_POINT('',(32.,17.083640149751,33.252293560561));
#9652 = SURFACE_CURVE('',#9653,(#9657,#9664),.PCURVE_S1.);
#9653 = LINE('',#9654,#9655);
#9654 = CARTESIAN_POINT('',(32.,16.804353205186,33.327128271814));
#9655 = VECTOR('',#9656,1.);
#9656 = DIRECTION('',(0.,-0.965925826289,0.258819045103));
#9657 = PCURVE('',#7938,#9658);
#9658 = DEFINITIONAL_REPRESENTATION('',(#9659),#9663);
#9659 = LINE('',#9660,#9661);
#9660 = CARTESIAN_POINT('',(89.5,-0.289139121208));
#9661 = VECTOR('',#9662,1.);
#9662 = DIRECTION('',(0.,-1.));
#9663 = ( GEOMETRIC_REPRESENTATION_CONTEXT(2) 
PARAMETRIC_REPRESENTATION_CONTEXT() REPRESENTATION_CONTEXT('2D SPACE',''
  ) );
#9664 = PCURVE('',#9665,#9670);
#9665 = PLANE('',#9666);
#9666 = AXIS2_PLACEMENT_3D('',#9667,#9668,#9669);
#9667 = CARTESIAN_POINT('',(32.,17.900546781094,38.535326170298));
#9668 = DIRECTION('',(-1.,-0.,0.));
#9669 = DIRECTION('',(0.,-0.258819045103,-0.965925826289));
#9670 = DEFINITIONAL_REPRESENTATION('',(#9671),#9675);
#9671 = LINE('',#9672,#9673);
#9672 = CARTESIAN_POINT('',(5.314448633134,-0.289139121208));
#9673 = VECTOR('',#9674,1.);
#9674 = DIRECTION('',(-1.225300278295E-17,1.));
#9675 = ( GEOMETRIC_REPRESENTATION_CONTEXT(2) 
PARAMETRIC_REPRESENTATION_CONTEXT() REPRESENTATION_CONTEXT('2D SPACE',''
  ) );
#9676 = ORIENTED_EDGE('',*,*,#9677,.T.);
#9677 = EDGE_CURVE('',#9650,#9678,#9680,.T.);
#9678 = VERTEX_POINT('',#9679);
#9679 = CARTESIAN_POINT('',(53.5,17.083640149751,33.252293560561));
#9680 = SURFACE_CURVE('',#9681,(#9685,#9692),.PCURVE_S1.);
#9681 = LINE('',#9682,#9683);
#9682 = CARTESIAN_POINT('',(-57.5,17.083640149751,33.252293560561));
#9683 = VECTOR('',#9684,1.);
#9684 = DIRECTION('',(1.,0.,0.));
#9685 = PCURVE('',#7938,#9686);
#9686 = DEFINITIONAL_REPRESENTATION('',(#9687),#9691);
#9687 = LINE('',#9688,#9689);
#9688 = CARTESIAN_POINT('',(0.,0.));
#9689 = VECTOR('',#9690,1.);
#9690 = DIRECTION('',(1.,0.));
#9691 = ( GEOMETRIC_REPRESENTATION_CONTEXT(2) 
PARAMETRIC_REPRESENTATION_CONTEXT() REPRESENTATION_CONTEXT('2D SPACE',''
  ) );
#9692 = PCURVE('',#9693,#9698);
#9693 = PLANE('',#9694);
#9694 = AXIS2_PLACEMENT_3D('',#9695,#9696,#9697);
#9695 = CARTESIAN_POINT('',(-57.5,17.083640149751,33.252293560561));
#9696 = DIRECTION('',(0.,0.965925826289,-0.258819045103));
#9697 = DIRECTION('',(0.,0.258819045103,0.965925826289));
#9698 = DEFINITIONAL_REPRESENTATION('',(#9699),#9703);
#9699 = LINE('',#9700,#9701);
#9700 = CARTESIAN_POINT('',(0.,0.));
#9701 = VECTOR('',#9702,1.);
#9702 = DIRECTION('',(0.,1.));
#9703 = ( GEOMETRIC_REPRESENTATION_CONTEXT(2) 
PARAMETRIC_REPRESENTATION_CONTEXT() REPRESENTATION_CONTEXT('2D SPACE',''
  ) );
#9704 = ORIENTED_EDGE('',*,*,#9705,.T.);
#9705 = EDGE_CURVE('',#9678,#9420,#9706,.T.);
#9706 = SURFACE_CURVE('',#9707,(#9711,#9718),.PCURVE_S1.);
#9707 = LINE('',#9708,#9709);
#9708 = CARTESIAN_POINT('',(53.5,17.083640149751,33.252293560561));
#9709 = VECTOR('',#9710,1.);
#9710 = DIRECTION('',(0.,0.965925826289,-0.258819045103));
#9711 = PCURVE('',#7938,#9712);
#9712 = DEFINITIONAL_REPRESENTATION('',(#9713),#9717);
#9713 = LINE('',#9714,#9715);
#9714 = CARTESIAN_POINT('',(111.,0.));
#9715 = VECTOR('',#9716,1.);
#9716 = DIRECTION('',(0.,1.));
#9717 = ( GEOMETRIC_REPRESENTATION_CONTEXT(2) 
PARAMETRIC_REPRESENTATION_CONTEXT() REPRESENTATION_CONTEXT('2D SPACE',''
  ) );
#9718 = PCURVE('',#9719,#9724);
#9719 = CYLINDRICAL_SURFACE('',#9720,4.);
#9720 = AXIS2_PLACEMENT_3D('',#9721,#9722,#9723);
#9721 = CARTESIAN_POINT('',(53.5,18.118916330161,37.115996865718));
#9722 = DIRECTION('',(0.,0.965925826289,-0.258819045103));
#9723 = DIRECTION('',(1.,0.,0.));
#9724 = DEFINITIONAL_REPRESENTATION('',(#9725),#9729);
#9725 = LINE('',#9726,#9727);
#9726 = CARTESIAN_POINT('',(1.570796326795,0.));
#9727 = VECTOR('',#9728,1.);
#9728 = DIRECTION('',(0.,1.));
#9729 = ( GEOMETRIC_REPRESENTATION_CONTEXT(2) 
PARAMETRIC_REPRESENTATION_CONTEXT() REPRESENTATION_CONTEXT('2D SPACE',''
  ) );
#9730 = ADVANCED_FACE('',(#9731,#9737),#7911,.F.);
#9731 = FACE_BOUND('',#9732,.F.);
#9732 = EDGE_LOOP('',(#9733,#9734,#9735,#9736));
#9733 = ORIENTED_EDGE('',*,*,#8518,.F.);
#9734 = ORIENTED_EDGE('',*,*,#8461,.T.);
#9735 = ORIENTED_EDGE('',*,*,#9577,.T.);
#9736 = ORIENTED_EDGE('',*,*,#7895,.T.);
#9737 = FACE_BOUND('',#9738,.F.);
#9738 = EDGE_LOOP('',(#9739,#9767,#9793,#9819));
#9739 = ORIENTED_EDGE('',*,*,#9740,.T.);
#9740 = EDGE_CURVE('',#9741,#9743,#9745,.T.);
#9741 = VERTEX_POINT('',#9742);
#9742 = CARTESIAN_POINT('',(9.,20.,27.));
#9743 = VERTEX_POINT('',#9744);
#9744 = CARTESIAN_POINT('',(9.,20.,13.));
#9745 = SURFACE_CURVE('',#9746,(#9750,#9756),.PCURVE_S1.);
#9746 = LINE('',#9747,#9748);
#9747 = CARTESIAN_POINT('',(9.,20.,6.5));
#9748 = VECTOR('',#9749,1.);
#9749 = DIRECTION('',(-0.,-0.,-1.));
#9750 = PCURVE('',#7911,#9751);
#9751 = DEFINITIONAL_REPRESENTATION('',(#9752),#9755);
#9752 = B_SPLINE_CURVE_WITH_KNOTS('',1,(#9753,#9754),.UNSPECIFIED.,.F.,
  .F.,(2,2),(-20.5,-6.5),.PIECEWISE_BEZIER_KNOTS.);
#9753 = CARTESIAN_POINT('',(11.,-27.));
#9754 = CARTESIAN_POINT('',(11.,-13.));
#9755 = ( GEOMETRIC_REPRESENTATION_CONTEXT(2) 
PARAMETRIC_REPRESENTATION_CONTEXT() REPRESENTATION_CONTEXT('2D SPACE',''
  ) );
#9756 = PCURVE('',#9757,#9762);
#9757 = PLANE('',#9758);
#9758 = AXIS2_PLACEMENT_3D('',#9759,#9760,#9761);
#9759 = CARTESIAN_POINT('',(9.,21.,13.));
#9760 = DIRECTION('',(-1.,0.,0.));
#9761 = DIRECTION('',(0.,0.,1.));
#9762 = DEFINITIONAL_REPRESENTATION('',(#9763),#9766);
#9763 = B_SPLINE_CURVE_WITH_KNOTS('',1,(#9764,#9765),.UNSPECIFIED.,.F.,
  .F.,(2,2),(-20.5,-6.5),.PIECEWISE_BEZIER_KNOTS.);
#9764 = CARTESIAN_POINT('',(14.,-1.));
#9765 = CARTESIAN_POINT('',(0.,-1.));
#9766 = ( GEOMETRIC_REPRESENTATION_CONTEXT(2) 
PARAMETRIC_REPRESENTATION_CONTEXT() REPRESENTATION_CONTEXT('2D SPACE',''
  ) );
#9767 = ORIENTED_EDGE('',*,*,#9768,.T.);
#9768 = EDGE_CURVE('',#9743,#9769,#9771,.T.);
#9769 = VERTEX_POINT('',#9770);
#9770 = CARTESIAN_POINT('',(-9.,20.,13.));
#9771 = SURFACE_CURVE('',#9772,(#9776,#9782),.PCURVE_S1.);
#9772 = LINE('',#9773,#9774);
#9773 = CARTESIAN_POINT('',(5.5,20.,13.));
#9774 = VECTOR('',#9775,1.);
#9775 = DIRECTION('',(-1.,-0.,0.));
#9776 = PCURVE('',#7911,#9777);
#9777 = DEFINITIONAL_REPRESENTATION('',(#9778),#9781);
#9778 = B_SPLINE_CURVE_WITH_KNOTS('',1,(#9779,#9780),.UNSPECIFIED.,.F.,
  .F.,(2,2),(-3.5,14.5),.PIECEWISE_BEZIER_KNOTS.);
#9779 = CARTESIAN_POINT('',(11.,-13.));
#9780 = CARTESIAN_POINT('',(29.,-13.));
#9781 = ( GEOMETRIC_REPRESENTATION_CONTEXT(2) 
PARAMETRIC_REPRESENTATION_CONTEXT() REPRESENTATION_CONTEXT('2D SPACE',''
  ) );
#9782 = PCURVE('',#9783,#9788);
#9783 = PLANE('',#9784);
#9784 = AXIS2_PLACEMENT_3D('',#9785,#9786,#9787);
#9785 = CARTESIAN_POINT('',(-9.,21.,13.));
#9786 = DIRECTION('',(-0.,0.,1.));
#9787 = DIRECTION('',(1.,0.,0.));
#9788 = DEFINITIONAL_REPRESENTATION('',(#9789),#9792);
#9789 = B_SPLINE_CURVE_WITH_KNOTS('',1,(#9790,#9791),.UNSPECIFIED.,.F.,
  .F.,(2,2),(-3.5,14.5),.PIECEWISE_BEZIER_KNOTS.);
#9790 = CARTESIAN_POINT('',(18.,-1.));
#9791 = CARTESIAN_POINT('',(0.,-1.));
#9792 = ( GEOMETRIC_REPRESENTATION_CONTEXT(2) 
PARAMETRIC_REPRESENTATION_CONTEXT() REPRESENTATION_CONTEXT('2D SPACE',''
  ) );
#9793 = ORIENTED_EDGE('',*,*,#9794,.T.);
#9794 = EDGE_CURVE('',#9769,#9795,#9797,.T.);
#9795 = VERTEX_POINT('',#9796);
#9796 = CARTESIAN_POINT('',(-9.,20.,27.));
#9797 = SURFACE_CURVE('',#9798,(#9802,#9808),.PCURVE_S1.);
#9798 = LINE('',#9799,#9800);
#9799 = CARTESIAN_POINT('',(-9.,20.,13.5));
#9800 = VECTOR('',#9801,1.);
#9801 = DIRECTION('',(-0.,0.,1.));
#9802 = PCURVE('',#7911,#9803);
#9803 = DEFINITIONAL_REPRESENTATION('',(#9804),#9807);
#9804 = B_SPLINE_CURVE_WITH_KNOTS('',1,(#9805,#9806),.UNSPECIFIED.,.F.,
  .F.,(2,2),(-0.5,13.5),.PIECEWISE_BEZIER_KNOTS.);
#9805 = CARTESIAN_POINT('',(29.,-13.));
#9806 = CARTESIAN_POINT('',(29.,-27.));
#9807 = ( GEOMETRIC_REPRESENTATION_CONTEXT(2) 
PARAMETRIC_REPRESENTATION_CONTEXT() REPRESENTATION_CONTEXT('2D SPACE',''
  ) );
#9808 = PCURVE('',#9809,#9814);
#9809 = PLANE('',#9810);
#9810 = AXIS2_PLACEMENT_3D('',#9811,#9812,#9813);
#9811 = CARTESIAN_POINT('',(-9.,21.,27.));
#9812 = DIRECTION('',(1.,0.,0.));
#9813 = DIRECTION('',(0.,0.,-1.));
#9814 = DEFINITIONAL_REPRESENTATION('',(#9815),#9818);
#9815 = B_SPLINE_CURVE_WITH_KNOTS('',1,(#9816,#9817),.UNSPECIFIED.,.F.,
  .F.,(2,2),(-0.5,13.5),.PIECEWISE_BEZIER_KNOTS.);
#9816 = CARTESIAN_POINT('',(14.,-1.));
#9817 = CARTESIAN_POINT('',(0.,-1.));
#9818 = ( GEOMETRIC_REPRESENTATION_CONTEXT(2) 
PARAMETRIC_REPRESENTATION_CONTEXT() REPRESENTATION_CONTEXT('2D SPACE',''
  ) );
#9819 = ORIENTED_EDGE('',*,*,#9820,.T.);
#9820 = EDGE_CURVE('',#9795,#9741,#9821,.T.);
#9821 = SURFACE_CURVE('',#9822,(#9826,#9832),.PCURVE_S1.);
#9822 = LINE('',#9823,#9824);
#9823 = CARTESIAN_POINT('',(14.5,20.,27.));
#9824 = VECTOR('',#9825,1.);
#9825 = DIRECTION('',(1.,0.,-0.));
#9826 = PCURVE('',#7911,#9827);
#9827 = DEFINITIONAL_REPRESENTATION('',(#9828),#9831);
#9828 = B_SPLINE_CURVE_WITH_KNOTS('',1,(#9829,#9830),.UNSPECIFIED.,.F.,
  .F.,(2,2),(-23.5,-5.5),.PIECEWISE_BEZIER_KNOTS.);
#9829 = CARTESIAN_POINT('',(29.,-27.));
#9830 = CARTESIAN_POINT('',(11.,-27.));
#9831 = ( GEOMETRIC_REPRESENTATION_CONTEXT(2) 
PARAMETRIC_REPRESENTATION_CONTEXT() REPRESENTATION_CONTEXT('2D SPACE',''
  ) );
#9832 = PCURVE('',#9833,#9838);
#9833 = PLANE('',#9834);
#9834 = AXIS2_PLACEMENT_3D('',#9835,#9836,#9837);
#9835 = CARTESIAN_POINT('',(9.,21.,27.));
#9836 = DIRECTION('',(-0.,-0.,-1.));
#9837 = DIRECTION('',(-1.,0.,0.));
#9838 = DEFINITIONAL_REPRESENTATION('',(#9839),#9842);
#9839 = B_SPLINE_CURVE_WITH_KNOTS('',1,(#9840,#9841),.UNSPECIFIED.,.F.,
  .F.,(2,2),(-23.5,-5.5),.PIECEWISE_BEZIER_KNOTS.);
#9840 = CARTESIAN_POINT('',(18.,-1.));
#9841 = CARTESIAN_POINT('',(0.,-1.));
#9842 = ( GEOMETRIC_REPRESENTATION_CONTEXT(2) 
PARAMETRIC_REPRESENTATION_CONTEXT() REPRESENTATION_CONTEXT('2D SPACE',''
  ) );
#9843 = ADVANCED_FACE('',(#9844),#8102,.F.);
#9844 = FACE_BOUND('',#9845,.T.);
#9845 = EDGE_LOOP('',(#9846,#9847,#9870,#9896));
#9846 = ORIENTED_EDGE('',*,*,#8081,.T.);
#9847 = ORIENTED_EDGE('',*,*,#9848,.T.);
#9848 = EDGE_CURVE('',#8082,#9849,#9851,.T.);
#9849 = VERTEX_POINT('',#9850);
#9850 = CARTESIAN_POINT('',(-15.,2.2,15.));
#9851 = SEAM_CURVE('',#9852,(#9856,#9863),.PCURVE_S1.);
#9852 = LINE('',#9853,#9854);
#9853 = CARTESIAN_POINT('',(-40.,2.2,15.));
#9854 = VECTOR('',#9855,1.);
#9855 = DIRECTION('',(1.,0.,0.));
#9856 = PCURVE('',#8102,#9857);
#9857 = DEFINITIONAL_REPRESENTATION('',(#9858),#9862);
#9858 = LINE('',#9859,#9860);
#9859 = CARTESIAN_POINT('',(-6.28318530718,0.));
#9860 = VECTOR('',#9861,1.);
#9861 = DIRECTION('',(-0.,-1.));
#9862 = ( GEOMETRIC_REPRESENTATION_CONTEXT(2) 
PARAMETRIC_REPRESENTATION_CONTEXT() REPRESENTATION_CONTEXT('2D SPACE',''
  ) );
#9863 = PCURVE('',#8102,#9864);
#9864 = DEFINITIONAL_REPRESENTATION('',(#9865),#9869);
#9865 = LINE('',#9866,#9867);
#9866 = CARTESIAN_POINT('',(-0.,0.));
#9867 = VECTOR('',#9868,1.);
#9868 = DIRECTION('',(-0.,-1.));
#9869 = ( GEOMETRIC_REPRESENTATION_CONTEXT(2) 
PARAMETRIC_REPRESENTATION_CONTEXT() REPRESENTATION_CONTEXT('2D SPACE',''
  ) );
#9870 = ORIENTED_EDGE('',*,*,#9871,.F.);
#9871 = EDGE_CURVE('',#9849,#9849,#9872,.T.);
#9872 = SURFACE_CURVE('',#9873,(#9878,#9885),.PCURVE_S1.);
#9873 = CIRCLE('',#9874,2.2);
#9874 = AXIS2_PLACEMENT_3D('',#9875,#9876,#9877);
#9875 = CARTESIAN_POINT('',(-15.,0.,15.));
#9876 = DIRECTION('',(-1.,0.,0.));
#9877 = DIRECTION('',(0.,1.,0.));
#9878 = PCURVE('',#8102,#9879);
#9879 = DEFINITIONAL_REPRESENTATION('',(#9880),#9884);
#9880 = LINE('',#9881,#9882);
#9881 = CARTESIAN_POINT('',(-6.28318530718,-25.));
#9882 = VECTOR('',#9883,1.);
#9883 = DIRECTION('',(1.,-0.));
#9884 = ( GEOMETRIC_REPRESENTATION_CONTEXT(2) 
PARAMETRIC_REPRESENTATION_CONTEXT() REPRESENTATION_CONTEXT('2D SPACE',''
  ) );
#9885 = PCURVE('',#8588,#9886);
#9886 = DEFINITIONAL_REPRESENTATION('',(#9887),#9895);
#9887 = ( BOUNDED_CURVE() B_SPLINE_CURVE(2,(#9888,#9889,#9890,#9891,
#9892,#9893,#9894),.UNSPECIFIED.,.T.,.F.) B_SPLINE_CURVE_WITH_KNOTS((1,2
    ,2,2,2,1),(-2.094395102393,0.,2.094395102393,4.188790204786,
6.28318530718,8.377580409573),.UNSPECIFIED.) CURVE() 
GEOMETRIC_REPRESENTATION_ITEM() RATIONAL_B_SPLINE_CURVE((1.,0.5,1.,0.5,
1.,0.5,1.)) REPRESENTATION_ITEM('') );
#9888 = CARTESIAN_POINT('',(12.8,-15.0000002));
#9889 = CARTESIAN_POINT('',(12.8,-11.18948842334));
#9890 = CARTESIAN_POINT('',(16.1,-13.09474431167));
#9891 = CARTESIAN_POINT('',(19.4,-15.0000002));
#9892 = CARTESIAN_POINT('',(16.1,-16.90525608832));
#9893 = CARTESIAN_POINT('',(12.8,-18.81051197665));
#9894 = CARTESIAN_POINT('',(12.8,-15.0000002));
#9895 = ( GEOMETRIC_REPRESENTATION_CONTEXT(2) 
PARAMETRIC_REPRESENTATION_CONTEXT() REPRESENTATION_CONTEXT('2D SPACE',''
  ) );
#9896 = ORIENTED_EDGE('',*,*,#9848,.F.);
#9897 = ADVANCED_FACE('',(#9898),#8183,.F.);
#9898 = FACE_BOUND('',#9899,.F.);
#9899 = EDGE_LOOP('',(#9900,#9923,#9951,#9972));
#9900 = ORIENTED_EDGE('',*,*,#9901,.T.);
#9901 = EDGE_CURVE('',#8166,#9902,#9904,.T.);
#9902 = VERTEX_POINT('',#9903);
#9903 = CARTESIAN_POINT('',(-14.6,-14.6,156.));
#9904 = SURFACE_CURVE('',#9905,(#9909,#9916),.PCURVE_S1.);
#9905 = LINE('',#9906,#9907);
#9906 = CARTESIAN_POINT('',(-14.6,-14.6,126.));
#9907 = VECTOR('',#9908,1.);
#9908 = DIRECTION('',(0.,0.,1.));
#9909 = PCURVE('',#8183,#9910);
#9910 = DEFINITIONAL_REPRESENTATION('',(#9911),#9915);
#9911 = LINE('',#9912,#9913);
#9912 = CARTESIAN_POINT('',(0.,0.));
#9913 = VECTOR('',#9914,1.);
#9914 = DIRECTION('',(0.,-1.));
#9915 = ( GEOMETRIC_REPRESENTATION_CONTEXT(2) 
PARAMETRIC_REPRESENTATION_CONTEXT() REPRESENTATION_CONTEXT('2D SPACE',''
  ) );
#9916 = PCURVE('',#8211,#9917);
#9917 = DEFINITIONAL_REPRESENTATION('',(#9918),#9922);
#9918 = LINE('',#9919,#9920);
#9919 = CARTESIAN_POINT('',(29.2,0.));
#9920 = VECTOR('',#9921,1.);
#9921 = DIRECTION('',(0.,-1.));
#9922 = ( GEOMETRIC_REPRESENTATION_CONTEXT(2) 
PARAMETRIC_REPRESENTATION_CONTEXT() REPRESENTATION_CONTEXT('2D SPACE',''
  ) );
#9923 = ORIENTED_EDGE('',*,*,#9924,.T.);
#9924 = EDGE_CURVE('',#9902,#9925,#9927,.T.);
#9925 = VERTEX_POINT('',#9926);
#9926 = CARTESIAN_POINT('',(14.6,-14.6,156.));
#9927 = SURFACE_CURVE('',#9928,(#9932,#9939),.PCURVE_S1.);
#9928 = LINE('',#9929,#9930);
#9929 = CARTESIAN_POINT('',(-14.6,-14.6,156.));
#9930 = VECTOR('',#9931,1.);
#9931 = DIRECTION('',(1.,0.,0.));
#9932 = PCURVE('',#8183,#9933);
#9933 = DEFINITIONAL_REPRESENTATION('',(#9934),#9938);
#9934 = LINE('',#9935,#9936);
#9935 = CARTESIAN_POINT('',(0.,-30.));
#9936 = VECTOR('',#9937,1.);
#9937 = DIRECTION('',(1.,0.));
#9938 = ( GEOMETRIC_REPRESENTATION_CONTEXT(2) 
PARAMETRIC_REPRESENTATION_CONTEXT() REPRESENTATION_CONTEXT('2D SPACE',''
  ) );
#9939 = PCURVE('',#9940,#9945);
#9940 = PLANE('',#9941);
#9941 = AXIS2_PLACEMENT_3D('',#9942,#9943,#9944);
#9942 = CARTESIAN_POINT('',(4.86673106685E-16,-4.86673106685E-16,156.));
#9943 = DIRECTION('',(0.,0.,1.));
#9944 = DIRECTION('',(1.,0.,-0.));
#9945 = DEFINITIONAL_REPRESENTATION('',(#9946),#9950);
#9946 = LINE('',#9947,#9948);
#9947 = CARTESIAN_POINT('',(-14.6,-14.6));
#9948 = VECTOR('',#9949,1.);
#9949 = DIRECTION('',(1.,0.));
#9950 = ( GEOMETRIC_REPRESENTATION_CONTEXT(2) 
PARAMETRIC_REPRESENTATION_CONTEXT() REPRESENTATION_CONTEXT('2D SPACE',''
  ) );
#9951 = ORIENTED_EDGE('',*,*,#9952,.F.);
#9952 = EDGE_CURVE('',#8168,#9925,#9953,.T.);
#9953 = SURFACE_CURVE('',#9954,(#9958,#9965),.PCURVE_S1.);
#9954 = LINE('',#9955,#9956);
#9955 = CARTESIAN_POINT('',(14.6,-14.6,126.));
#9956 = VECTOR('',#9957,1.);
#9957 = DIRECTION('',(0.,0.,1.));
#9958 = PCURVE('',#8183,#9959);
#9959 = DEFINITIONAL_REPRESENTATION('',(#9960),#9964);
#9960 = LINE('',#9961,#9962);
#9961 = CARTESIAN_POINT('',(29.2,0.));
#9962 = VECTOR('',#9963,1.);
#9963 = DIRECTION('',(0.,-1.));
#9964 = ( GEOMETRIC_REPRESENTATION_CONTEXT(2) 
PARAMETRIC_REPRESENTATION_CONTEXT() REPRESENTATION_CONTEXT('2D SPACE',''
  ) );
#9965 = PCURVE('',#8265,#9966);
#9966 = DEFINITIONAL_REPRESENTATION('',(#9967),#9971);
#9967 = LINE('',#9968,#9969);
#9968 = CARTESIAN_POINT('',(0.,0.));
#9969 = VECTOR('',#9970,1.);
#9970 = DIRECTION('',(0.,-1.));
#9971 = ( GEOMETRIC_REPRESENTATION_CONTEXT(2) 
PARAMETRIC_REPRESENTATION_CONTEXT() REPRESENTATION_CONTEXT('2D SPACE',''
  ) );
#9972 = ORIENTED_EDGE('',*,*,#8165,.F.);
#9973 = ADVANCED_FACE('',(#9974,#10022),#8265,.F.);
#9974 = FACE_BOUND('',#9975,.F.);
#9975 = EDGE_LOOP('',(#9976,#9977,#10000,#10021));
#9976 = ORIENTED_EDGE('',*,*,#9952,.T.);
#9977 = ORIENTED_EDGE('',*,*,#9978,.T.);
#9978 = EDGE_CURVE('',#9925,#9979,#9981,.T.);
#9979 = VERTEX_POINT('',#9980);
#9980 = CARTESIAN_POINT('',(14.6,14.6,156.));
#9981 = SURFACE_CURVE('',#9982,(#9986,#9993),.PCURVE_S1.);
#9982 = LINE('',#9983,#9984);
#9983 = CARTESIAN_POINT('',(14.6,-14.6,156.));
#9984 = VECTOR('',#9985,1.);
#9985 = DIRECTION('',(0.,1.,0.));
#9986 = PCURVE('',#8265,#9987);
#9987 = DEFINITIONAL_REPRESENTATION('',(#9988),#9992);
#9988 = LINE('',#9989,#9990);
#9989 = CARTESIAN_POINT('',(0.,-30.));
#9990 = VECTOR('',#9991,1.);
#9991 = DIRECTION('',(1.,0.));
#9992 = ( GEOMETRIC_REPRESENTATION_CONTEXT(2) 
PARAMETRIC_REPRESENTATION_CONTEXT() REPRESENTATION_CONTEXT('2D SPACE',''
  ) );
#9993 = PCURVE('',#9940,#9994);
#9994 = DEFINITIONAL_REPRESENTATION('',(#9995),#9999);
#9995 = LINE('',#9996,#9997);
#9996 = CARTESIAN_POINT('',(14.6,-14.6));
#9997 = VECTOR('',#9998,1.);
#9998 = DIRECTION('',(0.,1.));
#9999 = ( GEOMETRIC_REPRESENTATION_CONTEXT(2) 
PARAMETRIC_REPRESENTATION_CONTEXT() REPRESENTATION_CONTEXT('2D SPACE',''
  ) );
#10000 = ORIENTED_EDGE('',*,*,#10001,.F.);
#10001 = EDGE_CURVE('',#8224,#9979,#10002,.T.);
#10002 = SURFACE_CURVE('',#10003,(#10007,#10014),.PCURVE_S1.);
#10003 = LINE('',#10004,#10005);
#10004 = CARTESIAN_POINT('',(14.6,14.6,126.));
#10005 = VECTOR('',#10006,1.);
#10006 = DIRECTION('',(0.,0.,1.));
#10007 = PCURVE('',#8265,#10008);
#10008 = DEFINITIONAL_REPRESENTATION('',(#10009),#10013);
#10009 = LINE('',#10010,#10011);
#10010 = CARTESIAN_POINT('',(29.2,0.));
#10011 = VECTOR('',#10012,1.);
#10012 = DIRECTION('',(0.,-1.));
#10013 = ( GEOMETRIC_REPRESENTATION_CONTEXT(2) 
PARAMETRIC_REPRESENTATION_CONTEXT() REPRESENTATION_CONTEXT('2D SPACE',''
  ) );
#10014 = PCURVE('',#8239,#10015);
#10015 = DEFINITIONAL_REPRESENTATION('',(#10016),#10020);
#10016 = LINE('',#10017,#10018);
#10017 = CARTESIAN_POINT('',(0.,-0.));
#10018 = VECTOR('',#10019,1.);
#10019 = DIRECTION('',(0.,-1.));
#10020 = ( GEOMETRIC_REPRESENTATION_CONTEXT(2) 
PARAMETRIC_REPRESENTATION_CONTEXT() REPRESENTATION_CONTEXT('2D SPACE',''
  ) );
#10021 = ORIENTED_EDGE('',*,*,#8251,.F.);
#10022 = FACE_BOUND('',#10023,.F.);
#10023 = EDGE_LOOP('',(#10024));
#10024 = ORIENTED_EDGE('',*,*,#10025,.F.);
#10025 = EDGE_CURVE('',#10026,#10026,#10028,.T.);
#10026 = VERTEX_POINT('',#10027);
#10027 = CARTESIAN_POINT('',(14.6,2.2,141.));
#10028 = SURFACE_CURVE('',#10029,(#10034,#10041),.PCURVE_S1.);
#10029 = CIRCLE('',#10030,2.2);
#10030 = AXIS2_PLACEMENT_3D('',#10031,#10032,#10033);
#10031 = CARTESIAN_POINT('',(14.6,0.,141.));
#10032 = DIRECTION('',(-1.,0.,0.));
#10033 = DIRECTION('',(0.,1.,0.));
#10034 = PCURVE('',#8265,#10035);
#10035 = DEFINITIONAL_REPRESENTATION('',(#10036),#10040);
#10036 = CIRCLE('',#10037,2.2);
#10037 = AXIS2_PLACEMENT_2D('',#10038,#10039);
#10038 = CARTESIAN_POINT('',(14.6,-15.));
#10039 = DIRECTION('',(1.,0.));
#10040 = ( GEOMETRIC_REPRESENTATION_CONTEXT(2) 
PARAMETRIC_REPRESENTATION_CONTEXT() REPRESENTATION_CONTEXT('2D SPACE',''
  ) );
#10041 = PCURVE('',#10042,#10047);
#10042 = CYLINDRICAL_SURFACE('',#10043,2.2);
#10043 = AXIS2_PLACEMENT_3D('',#10044,#10045,#10046);
#10044 = CARTESIAN_POINT('',(-40.,0.,141.));
#10045 = DIRECTION('',(-1.,-0.,-0.));
#10046 = DIRECTION('',(0.,1.,0.));
#10047 = DEFINITIONAL_REPRESENTATION('',(#10048),#10052);
#10048 = LINE('',#10049,#10050);
#10049 = CARTESIAN_POINT('',(-6.28318530718,-54.6));
#10050 = VECTOR('',#10051,1.);
#10051 = DIRECTION('',(1.,-0.));
#10052 = ( GEOMETRIC_REPRESENTATION_CONTEXT(2) 
PARAMETRIC_REPRESENTATION_CONTEXT() REPRESENTATION_CONTEXT('2D SPACE',''
  ) );
#10053 = ADVANCED_FACE('',(#10054),#8239,.F.);
#10054 = FACE_BOUND('',#10055,.F.);
#10055 = EDGE_LOOP('',(#10056,#10057,#10080,#10101));
#10056 = ORIENTED_EDGE('',*,*,#10001,.T.);
#10057 = ORIENTED_EDGE('',*,*,#10058,.T.);
#10058 = EDGE_CURVE('',#9979,#10059,#10061,.T.);
#10059 = VERTEX_POINT('',#10060);
#10060 = CARTESIAN_POINT('',(-14.6,14.6,156.));
#10061 = SURFACE_CURVE('',#10062,(#10066,#10073),.PCURVE_S1.);
#10062 = LINE('',#10063,#10064);
#10063 = CARTESIAN_POINT('',(14.6,14.6,156.));
#10064 = VECTOR('',#10065,1.);
#10065 = DIRECTION('',(-1.,0.,0.));
#10066 = PCURVE('',#8239,#10067);
#10067 = DEFINITIONAL_REPRESENTATION('',(#10068),#10072);
#10068 = LINE('',#10069,#10070);
#10069 = CARTESIAN_POINT('',(0.,-30.));
#10070 = VECTOR('',#10071,1.);
#10071 = DIRECTION('',(1.,0.));
#10072 = ( GEOMETRIC_REPRESENTATION_CONTEXT(2) 
PARAMETRIC_REPRESENTATION_CONTEXT() REPRESENTATION_CONTEXT('2D SPACE',''
  ) );
#10073 = PCURVE('',#9940,#10074);
#10074 = DEFINITIONAL_REPRESENTATION('',(#10075),#10079);
#10075 = LINE('',#10076,#10077);
#10076 = CARTESIAN_POINT('',(14.6,14.6));
#10077 = VECTOR('',#10078,1.);
#10078 = DIRECTION('',(-1.,0.));
#10079 = ( GEOMETRIC_REPRESENTATION_CONTEXT(2) 
PARAMETRIC_REPRESENTATION_CONTEXT() REPRESENTATION_CONTEXT('2D SPACE',''
  ) );
#10080 = ORIENTED_EDGE('',*,*,#10081,.F.);
#10081 = EDGE_CURVE('',#8196,#10059,#10082,.T.);
#10082 = SURFACE_CURVE('',#10083,(#10087,#10094),.PCURVE_S1.);
#10083 = LINE('',#10084,#10085);
#10084 = CARTESIAN_POINT('',(-14.6,14.6,126.));
#10085 = VECTOR('',#10086,1.);
#10086 = DIRECTION('',(0.,0.,1.));
#10087 = PCURVE('',#8239,#10088);
#10088 = DEFINITIONAL_REPRESENTATION('',(#10089),#10093);
#10089 = LINE('',#10090,#10091);
#10090 = CARTESIAN_POINT('',(29.2,0.));
#10091 = VECTOR('',#10092,1.);
#10092 = DIRECTION('',(0.,-1.));
#10093 = ( GEOMETRIC_REPRESENTATION_CONTEXT(2) 
PARAMETRIC_REPRESENTATION_CONTEXT() REPRESENTATION_CONTEXT('2D SPACE',''
  ) );
#10094 = PCURVE('',#8211,#10095);
#10095 = DEFINITIONAL_REPRESENTATION('',(#10096),#10100);
#10096 = LINE('',#10097,#10098);
#10097 = CARTESIAN_POINT('',(0.,0.));
#10098 = VECTOR('',#10099,1.);
#10099 = DIRECTION('',(0.,-1.));
#10100 = ( GEOMETRIC_REPRESENTATION_CONTEXT(2) 
PARAMETRIC_REPRESENTATION_CONTEXT() REPRESENTATION_CONTEXT('2D SPACE',''
  ) );
#10101 = ORIENTED_EDGE('',*,*,#8223,.F.);
#10102 = ADVANCED_FACE('',(#10103,#10129),#8211,.F.);
#10103 = FACE_BOUND('',#10104,.F.);
#10104 = EDGE_LOOP('',(#10105,#10106,#10127,#10128));
#10105 = ORIENTED_EDGE('',*,*,#10081,.T.);
#10106 = ORIENTED_EDGE('',*,*,#10107,.T.);
#10107 = EDGE_CURVE('',#10059,#9902,#10108,.T.);
#10108 = SURFACE_CURVE('',#10109,(#10113,#10120),.PCURVE_S1.);
#10109 = LINE('',#10110,#10111);
#10110 = CARTESIAN_POINT('',(-14.6,14.6,156.));
#10111 = VECTOR('',#10112,1.);
#10112 = DIRECTION('',(0.,-1.,0.));
#10113 = PCURVE('',#8211,#10114);
#10114 = DEFINITIONAL_REPRESENTATION('',(#10115),#10119);
#10115 = LINE('',#10116,#10117);
#10116 = CARTESIAN_POINT('',(0.,-30.));
#10117 = VECTOR('',#10118,1.);
#10118 = DIRECTION('',(1.,0.));
#10119 = ( GEOMETRIC_REPRESENTATION_CONTEXT(2) 
PARAMETRIC_REPRESENTATION_CONTEXT() REPRESENTATION_CONTEXT('2D SPACE',''
  ) );
#10120 = PCURVE('',#9940,#10121);
#10121 = DEFINITIONAL_REPRESENTATION('',(#10122),#10126);
#10122 = LINE('',#10123,#10124);
#10123 = CARTESIAN_POINT('',(-14.6,14.6));
#10124 = VECTOR('',#10125,1.);
#10125 = DIRECTION('',(0.,-1.));
#10126 = ( GEOMETRIC_REPRESENTATION_CONTEXT(2) 
PARAMETRIC_REPRESENTATION_CONTEXT() REPRESENTATION_CONTEXT('2D SPACE',''
  ) );
#10127 = ORIENTED_EDGE('',*,*,#9901,.F.);
#10128 = ORIENTED_EDGE('',*,*,#8195,.F.);
#10129 = FACE_BOUND('',#10130,.F.);
#10130 = EDGE_LOOP('',(#10131));
#10131 = ORIENTED_EDGE('',*,*,#10132,.T.);
#10132 = EDGE_CURVE('',#10133,#10133,#10135,.T.);
#10133 = VERTEX_POINT('',#10134);
#10134 = CARTESIAN_POINT('',(-14.6,2.2,141.));
#10135 = SURFACE_CURVE('',#10136,(#10141,#10152),.PCURVE_S1.);
#10136 = CIRCLE('',#10137,2.2);
#10137 = AXIS2_PLACEMENT_3D('',#10138,#10139,#10140);
#10138 = CARTESIAN_POINT('',(-14.6,0.,141.));
#10139 = DIRECTION('',(-1.,0.,0.));
#10140 = DIRECTION('',(0.,1.,0.));
#10141 = PCURVE('',#8211,#10142);
#10142 = DEFINITIONAL_REPRESENTATION('',(#10143),#10151);
#10143 = ( BOUNDED_CURVE() B_SPLINE_CURVE(2,(#10144,#10145,#10146,#10147
    ,#10148,#10149,#10150),.UNSPECIFIED.,.T.,.F.) 
B_SPLINE_CURVE_WITH_KNOTS((1,2,2,2,2,1),(-2.094395102393,0.,
    2.094395102393,4.188790204786,6.28318530718,8.377580409573),
.UNSPECIFIED.) CURVE() GEOMETRIC_REPRESENTATION_ITEM() 
RATIONAL_B_SPLINE_CURVE((1.,0.5,1.,0.5,1.,0.5,1.)) REPRESENTATION_ITEM(
  '') );
#10144 = CARTESIAN_POINT('',(12.4,-15.));
#10145 = CARTESIAN_POINT('',(12.4,-11.18948822334));
#10146 = CARTESIAN_POINT('',(15.7,-13.09474411167));
#10147 = CARTESIAN_POINT('',(19.,-15.));
#10148 = CARTESIAN_POINT('',(15.7,-16.90525588832));
#10149 = CARTESIAN_POINT('',(12.4,-18.81051177665));
#10150 = CARTESIAN_POINT('',(12.4,-15.));
#10151 = ( GEOMETRIC_REPRESENTATION_CONTEXT(2) 
PARAMETRIC_REPRESENTATION_CONTEXT() REPRESENTATION_CONTEXT('2D SPACE',''
  ) );
#10152 = PCURVE('',#10153,#10158);
#10153 = CYLINDRICAL_SURFACE('',#10154,2.2);
#10154 = AXIS2_PLACEMENT_3D('',#10155,#10156,#10157);
#10155 = CARTESIAN_POINT('',(-40.,0.,141.));
#10156 = DIRECTION('',(-1.,-0.,-0.));
#10157 = DIRECTION('',(0.,1.,0.));
#10158 = DEFINITIONAL_REPRESENTATION('',(#10159),#10163);
#10159 = LINE('',#10160,#10161);
#10160 = CARTESIAN_POINT('',(-6.28318530718,-25.4));
#10161 = VECTOR('',#10162,1.);
#10162 = DIRECTION('',(1.,-0.));
#10163 = ( GEOMETRIC_REPRESENTATION_CONTEXT(2) 
PARAMETRIC_REPRESENTATION_CONTEXT() REPRESENTATION_CONTEXT('2D SPACE',''
  ) );
#10164 = ADVANCED_FACE('',(#10165),#8364,.F.);
#10165 = FACE_BOUND('',#10166,.F.);
#10166 = EDGE_LOOP('',(#10167,#10168,#10169,#10192,#10220,#10241,#10267,
    #10286));
#10167 = ORIENTED_EDGE('',*,*,#8349,.F.);
#10168 = ORIENTED_EDGE('',*,*,#8768,.T.);
#10169 = ORIENTED_EDGE('',*,*,#10170,.T.);
#10170 = EDGE_CURVE('',#8741,#10171,#10173,.T.);
#10171 = VERTEX_POINT('',#10172);
#10172 = CARTESIAN_POINT('',(57.5,19.9,46.));
#10173 = SURFACE_CURVE('',#10174,(#10178,#10185),.PCURVE_S1.);
#10174 = LINE('',#10175,#10176);
#10175 = CARTESIAN_POINT('',(57.5,19.9,62.488887394336));
#10176 = VECTOR('',#10177,1.);
#10177 = DIRECTION('',(0.,0.,-1.));
#10178 = PCURVE('',#8364,#10179);
#10179 = DEFINITIONAL_REPRESENTATION('',(#10180),#10184);
#10180 = LINE('',#10181,#10182);
#10181 = CARTESIAN_POINT('',(0.,-115.));
#10182 = VECTOR('',#10183,1.);
#10183 = DIRECTION('',(1.,0.));
#10184 = ( GEOMETRIC_REPRESENTATION_CONTEXT(2) 
PARAMETRIC_REPRESENTATION_CONTEXT() REPRESENTATION_CONTEXT('2D SPACE',''
  ) );
#10185 = PCURVE('',#8756,#10186);
#10186 = DEFINITIONAL_REPRESENTATION('',(#10187),#10191);
#10187 = LINE('',#10188,#10189);
#10188 = CARTESIAN_POINT('',(8.244443697168,2.641142838269));
#10189 = VECTOR('',#10190,1.);
#10190 = DIRECTION('',(-1.,0.));
#10191 = ( GEOMETRIC_REPRESENTATION_CONTEXT(2) 
PARAMETRIC_REPRESENTATION_CONTEXT() REPRESENTATION_CONTEXT('2D SPACE',''
  ) );
#10192 = ORIENTED_EDGE('',*,*,#10193,.F.);
#10193 = EDGE_CURVE('',#10194,#10171,#10196,.T.);
#10194 = VERTEX_POINT('',#10195);
#10195 = CARTESIAN_POINT('',(32.,19.9,46.));
#10196 = SURFACE_CURVE('',#10197,(#10201,#10208),.PCURVE_S1.);
#10197 = LINE('',#10198,#10199);
#10198 = CARTESIAN_POINT('',(-57.5,19.9,46.));
#10199 = VECTOR('',#10200,1.);
#10200 = DIRECTION('',(1.,0.,0.));
#10201 = PCURVE('',#8364,#10202);
#10202 = DEFINITIONAL_REPRESENTATION('',(#10203),#10207);
#10203 = LINE('',#10204,#10205);
#10204 = CARTESIAN_POINT('',(16.488887394336,0.));
#10205 = VECTOR('',#10206,1.);
#10206 = DIRECTION('',(0.,-1.));
#10207 = ( GEOMETRIC_REPRESENTATION_CONTEXT(2) 
PARAMETRIC_REPRESENTATION_CONTEXT() REPRESENTATION_CONTEXT('2D SPACE',''
  ) );
#10208 = PCURVE('',#10209,#10214);
#10209 = PLANE('',#10210);
#10210 = AXIS2_PLACEMENT_3D('',#10211,#10212,#10213);
#10211 = CARTESIAN_POINT('',(-57.5,19.9,46.));
#10212 = DIRECTION('',(0.,0.,1.));
#10213 = DIRECTION('',(0.,1.,0.));
#10214 = DEFINITIONAL_REPRESENTATION('',(#10215),#10219);
#10215 = LINE('',#10216,#10217);
#10216 = CARTESIAN_POINT('',(0.,0.));
#10217 = VECTOR('',#10218,1.);
#10218 = DIRECTION('',(0.,-1.));
#10219 = ( GEOMETRIC_REPRESENTATION_CONTEXT(2) 
PARAMETRIC_REPRESENTATION_CONTEXT() REPRESENTATION_CONTEXT('2D SPACE',''
  ) );
#10220 = ORIENTED_EDGE('',*,*,#10221,.T.);
#10221 = EDGE_CURVE('',#10194,#10222,#10224,.T.);
#10222 = VERTEX_POINT('',#10223);
#10223 = CARTESIAN_POINT('',(32.,19.9,48.013165249759));
#10224 = SURFACE_CURVE('',#10225,(#10229,#10235),.PCURVE_S1.);
#10225 = LINE('',#10226,#10227);
#10226 = CARTESIAN_POINT('',(32.,19.9,50.512106782317));
#10227 = VECTOR('',#10228,1.);
#10228 = DIRECTION('',(0.,0.,1.));
#10229 = PCURVE('',#8364,#10230);
#10230 = DEFINITIONAL_REPRESENTATION('',(#10231),#10234);
#10231 = B_SPLINE_CURVE_WITH_KNOTS('',1,(#10232,#10233),.UNSPECIFIED.,
  .F.,.F.,(2,2),(-4.512106782317,-2.498941532558),
  .PIECEWISE_BEZIER_KNOTS.);
#10232 = CARTESIAN_POINT('',(16.488887394336,-89.5));
#10233 = CARTESIAN_POINT('',(14.475722144577,-89.5));
#10234 = ( GEOMETRIC_REPRESENTATION_CONTEXT(2) 
PARAMETRIC_REPRESENTATION_CONTEXT() REPRESENTATION_CONTEXT('2D SPACE',''
  ) );
#10235 = PCURVE('',#9665,#10236);
#10236 = DEFINITIONAL_REPRESENTATION('',(#10237),#10240);
#10237 = B_SPLINE_CURVE_WITH_KNOTS('',1,(#10238,#10239),.UNSPECIFIED.,
  .F.,.F.,(2,2),(-4.512106782317,-2.498941532558),
  .PIECEWISE_BEZIER_KNOTS.);
#10238 = CARTESIAN_POINT('',(-7.727817809777,6.762500071477E-04));
#10239 = CARTESIAN_POINT('',(-9.672386117107,0.521721757583));
#10240 = ( GEOMETRIC_REPRESENTATION_CONTEXT(2) 
PARAMETRIC_REPRESENTATION_CONTEXT() REPRESENTATION_CONTEXT('2D SPACE',''
  ) );
#10241 = ORIENTED_EDGE('',*,*,#10242,.F.);
#10242 = EDGE_CURVE('',#10243,#10222,#10245,.T.);
#10243 = VERTEX_POINT('',#10244);
#10244 = CARTESIAN_POINT('',(28.,19.9,48.013165249759));
#10245 = SURFACE_CURVE('',#10246,(#10250,#10256),.PCURVE_S1.);
#10246 = LINE('',#10247,#10248);
#10247 = CARTESIAN_POINT('',(-14.75,19.9,48.013165249759));
#10248 = VECTOR('',#10249,1.);
#10249 = DIRECTION('',(1.,0.,0.));
#10250 = PCURVE('',#8364,#10251);
#10251 = DEFINITIONAL_REPRESENTATION('',(#10252),#10255);
#10252 = B_SPLINE_CURVE_WITH_KNOTS('',1,(#10253,#10254),.UNSPECIFIED.,
  .F.,.F.,(2,2),(42.75,46.75),.PIECEWISE_BEZIER_KNOTS.);
#10253 = CARTESIAN_POINT('',(14.475722144577,-85.5));
#10254 = CARTESIAN_POINT('',(14.475722144577,-89.5));
#10255 = ( GEOMETRIC_REPRESENTATION_CONTEXT(2) 
PARAMETRIC_REPRESENTATION_CONTEXT() REPRESENTATION_CONTEXT('2D SPACE',''
  ) );
#10256 = PCURVE('',#10257,#10262);
#10257 = PLANE('',#10258);
#10258 = AXIS2_PLACEMENT_3D('',#10259,#10260,#10261);
#10259 = CARTESIAN_POINT('',(28.,10.844740838783,14.218477984393));
#10260 = DIRECTION('',(0.,-0.965925826289,0.258819045103));
#10261 = DIRECTION('',(0.,0.258819045103,0.965925826289));
#10262 = DEFINITIONAL_REPRESENTATION('',(#10263),#10266);
#10263 = B_SPLINE_CURVE_WITH_KNOTS('',1,(#10264,#10265),.UNSPECIFIED.,
  .F.,.F.,(2,2),(42.75,46.75),.PIECEWISE_BEZIER_KNOTS.);
#10264 = CARTESIAN_POINT('',(34.986834750241,0.));
#10265 = CARTESIAN_POINT('',(34.986834750241,-4.));
#10266 = ( GEOMETRIC_REPRESENTATION_CONTEXT(2) 
PARAMETRIC_REPRESENTATION_CONTEXT() REPRESENTATION_CONTEXT('2D SPACE',''
  ) );
#10267 = ORIENTED_EDGE('',*,*,#10268,.F.);
#10268 = EDGE_CURVE('',#9227,#10243,#10269,.T.);
#10269 = SURFACE_CURVE('',#10270,(#10274,#10280),.PCURVE_S1.);
#10270 = LINE('',#10271,#10272);
#10271 = CARTESIAN_POINT('',(28.,19.9,50.512106782317));
#10272 = VECTOR('',#10273,1.);
#10273 = DIRECTION('',(0.,0.,1.));
#10274 = PCURVE('',#8364,#10275);
#10275 = DEFINITIONAL_REPRESENTATION('',(#10276),#10279);
#10276 = B_SPLINE_CURVE_WITH_KNOTS('',1,(#10277,#10278),.UNSPECIFIED.,
  .F.,.F.,(2,2),(-4.512106782317,-2.498941532558),
  .PIECEWISE_BEZIER_KNOTS.);
#10277 = CARTESIAN_POINT('',(16.488887394336,-85.5));
#10278 = CARTESIAN_POINT('',(14.475722144577,-85.5));
#10279 = ( GEOMETRIC_REPRESENTATION_CONTEXT(2) 
PARAMETRIC_REPRESENTATION_CONTEXT() REPRESENTATION_CONTEXT('2D SPACE',''
  ) );
#10280 = PCURVE('',#9264,#10281);
#10281 = DEFINITIONAL_REPRESENTATION('',(#10282),#10285);
#10282 = B_SPLINE_CURVE_WITH_KNOTS('',1,(#10283,#10284),.UNSPECIFIED.,
  .F.,.F.,(2,2),(-4.512106782317,-2.498941532558),
  .PIECEWISE_BEZIER_KNOTS.);
#10283 = CARTESIAN_POINT('',(-7.727817809777,6.762500071477E-04));
#10284 = CARTESIAN_POINT('',(-9.672386117107,0.521721757583));
#10285 = ( GEOMETRIC_REPRESENTATION_CONTEXT(2) 
PARAMETRIC_REPRESENTATION_CONTEXT() REPRESENTATION_CONTEXT('2D SPACE',''
  ) );
#10286 = ORIENTED_EDGE('',*,*,#9226,.F.);
#10287 = ADVANCED_FACE('',(#10288),#8501,.F.);
#10288 = FACE_BOUND('',#10289,.T.);
#10289 = EDGE_LOOP('',(#10290,#10314,#10335,#10336));
#10290 = ORIENTED_EDGE('',*,*,#10291,.T.);
#10291 = EDGE_CURVE('',#10292,#10292,#10294,.T.);
#10292 = VERTEX_POINT('',#10293);
#10293 = CARTESIAN_POINT('',(15.,2.2,15.));
#10294 = SURFACE_CURVE('',#10295,(#10300,#10307),.PCURVE_S1.);
#10295 = CIRCLE('',#10296,2.2);
#10296 = AXIS2_PLACEMENT_3D('',#10297,#10298,#10299);
#10297 = CARTESIAN_POINT('',(15.,0.,15.));
#10298 = DIRECTION('',(-1.,0.,0.));
#10299 = DIRECTION('',(0.,1.,0.));
#10300 = PCURVE('',#8501,#10301);
#10301 = DEFINITIONAL_REPRESENTATION('',(#10302),#10306);
#10302 = LINE('',#10303,#10304);
#10303 = CARTESIAN_POINT('',(-6.28318530718,-55.));
#10304 = VECTOR('',#10305,1.);
#10305 = DIRECTION('',(1.,-0.));
#10306 = ( GEOMETRIC_REPRESENTATION_CONTEXT(2) 
PARAMETRIC_REPRESENTATION_CONTEXT() REPRESENTATION_CONTEXT('2D SPACE',''
  ) );
#10307 = PCURVE('',#8642,#10308);
#10308 = DEFINITIONAL_REPRESENTATION('',(#10309),#10313);
#10309 = CIRCLE('',#10310,2.2);
#10310 = AXIS2_PLACEMENT_2D('',#10311,#10312);
#10311 = CARTESIAN_POINT('',(15.,-15.0000002));
#10312 = DIRECTION('',(1.,0.));
#10313 = ( GEOMETRIC_REPRESENTATION_CONTEXT(2) 
PARAMETRIC_REPRESENTATION_CONTEXT() REPRESENTATION_CONTEXT('2D SPACE',''
  ) );
#10314 = ORIENTED_EDGE('',*,*,#10315,.T.);
#10315 = EDGE_CURVE('',#10292,#8485,#10316,.T.);
#10316 = SEAM_CURVE('',#10317,(#10321,#10328),.PCURVE_S1.);
#10317 = LINE('',#10318,#10319);
#10318 = CARTESIAN_POINT('',(-40.,2.2,15.));
#10319 = VECTOR('',#10320,1.);
#10320 = DIRECTION('',(1.,0.,0.));
#10321 = PCURVE('',#8501,#10322);
#10322 = DEFINITIONAL_REPRESENTATION('',(#10323),#10327);
#10323 = LINE('',#10324,#10325);
#10324 = CARTESIAN_POINT('',(-6.28318530718,0.));
#10325 = VECTOR('',#10326,1.);
#10326 = DIRECTION('',(-0.,-1.));
#10327 = ( GEOMETRIC_REPRESENTATION_CONTEXT(2) 
PARAMETRIC_REPRESENTATION_CONTEXT() REPRESENTATION_CONTEXT('2D SPACE',''
  ) );
#10328 = PCURVE('',#8501,#10329);
#10329 = DEFINITIONAL_REPRESENTATION('',(#10330),#10334);
#10330 = LINE('',#10331,#10332);
#10331 = CARTESIAN_POINT('',(-0.,0.));
#10332 = VECTOR('',#10333,1.);
#10333 = DIRECTION('',(-0.,-1.));
#10334 = ( GEOMETRIC_REPRESENTATION_CONTEXT(2) 
PARAMETRIC_REPRESENTATION_CONTEXT() REPRESENTATION_CONTEXT('2D SPACE',''
  ) );
#10335 = ORIENTED_EDGE('',*,*,#8484,.F.);
#10336 = ORIENTED_EDGE('',*,*,#10315,.F.);
#10337 = ADVANCED_FACE('',(#10338),#8560,.T.);
#10338 = FACE_BOUND('',#10339,.T.);
#10339 = EDGE_LOOP('',(#10340,#10341,#10364,#10391));
#10340 = ORIENTED_EDGE('',*,*,#8542,.F.);
#10341 = ORIENTED_EDGE('',*,*,#10342,.T.);
#10342 = EDGE_CURVE('',#8543,#10343,#10345,.T.);
#10343 = VERTEX_POINT('',#10344);
#10344 = CARTESIAN_POINT('',(-15.,-15.,122.));
#10345 = SURFACE_CURVE('',#10346,(#10350,#10357),.PCURVE_S1.);
#10346 = LINE('',#10347,#10348);
#10347 = CARTESIAN_POINT('',(-15.,-15.,-1.999999881264E-07));
#10348 = VECTOR('',#10349,1.);
#10349 = DIRECTION('',(0.,0.,1.));
#10350 = PCURVE('',#8560,#10351);
#10351 = DEFINITIONAL_REPRESENTATION('',(#10352),#10356);
#10352 = LINE('',#10353,#10354);
#10353 = CARTESIAN_POINT('',(0.,0.));
#10354 = VECTOR('',#10355,1.);
#10355 = DIRECTION('',(0.,-1.));
#10356 = ( GEOMETRIC_REPRESENTATION_CONTEXT(2) 
PARAMETRIC_REPRESENTATION_CONTEXT() REPRESENTATION_CONTEXT('2D SPACE',''
  ) );
#10357 = PCURVE('',#8588,#10358);
#10358 = DEFINITIONAL_REPRESENTATION('',(#10359),#10363);
#10359 = LINE('',#10360,#10361);
#10360 = CARTESIAN_POINT('',(30.,0.));
#10361 = VECTOR('',#10362,1.);
#10362 = DIRECTION('',(0.,-1.));
#10363 = ( GEOMETRIC_REPRESENTATION_CONTEXT(2) 
PARAMETRIC_REPRESENTATION_CONTEXT() REPRESENTATION_CONTEXT('2D SPACE',''
  ) );
#10364 = ORIENTED_EDGE('',*,*,#10365,.F.);
#10365 = EDGE_CURVE('',#10366,#10343,#10368,.T.);
#10366 = VERTEX_POINT('',#10367);
#10367 = CARTESIAN_POINT('',(15.,-15.,122.));
#10368 = SURFACE_CURVE('',#10369,(#10373,#10379),.PCURVE_S1.);
#10369 = LINE('',#10370,#10371);
#10370 = CARTESIAN_POINT('',(-7.5,-15.,122.));
#10371 = VECTOR('',#10372,1.);
#10372 = DIRECTION('',(-1.,0.,0.));
#10373 = PCURVE('',#8560,#10374);
#10374 = DEFINITIONAL_REPRESENTATION('',(#10375),#10378);
#10375 = B_SPLINE_CURVE_WITH_KNOTS('',1,(#10376,#10377),.UNSPECIFIED.,
  .F.,.F.,(2,2),(-22.5,7.5),.PIECEWISE_BEZIER_KNOTS.);
#10376 = CARTESIAN_POINT('',(30.,-122.0000002));
#10377 = CARTESIAN_POINT('',(0.,-122.0000002));
#10378 = ( GEOMETRIC_REPRESENTATION_CONTEXT(2) 
PARAMETRIC_REPRESENTATION_CONTEXT() REPRESENTATION_CONTEXT('2D SPACE',''
  ) );
#10379 = PCURVE('',#10380,#10385);
#10380 = PLANE('',#10381);
#10381 = AXIS2_PLACEMENT_3D('',#10382,#10383,#10384);
#10382 = CARTESIAN_POINT('',(0.,0.,122.));
#10383 = DIRECTION('',(0.,0.,1.));
#10384 = DIRECTION('',(1.,0.,-0.));
#10385 = DEFINITIONAL_REPRESENTATION('',(#10386),#10390);
#10386 = LINE('',#10387,#10388);
#10387 = CARTESIAN_POINT('',(-7.5,-15.));
#10388 = VECTOR('',#10389,1.);
#10389 = DIRECTION('',(-1.,0.));
#10390 = ( GEOMETRIC_REPRESENTATION_CONTEXT(2) 
PARAMETRIC_REPRESENTATION_CONTEXT() REPRESENTATION_CONTEXT('2D SPACE',''
  ) );
#10391 = ORIENTED_EDGE('',*,*,#10392,.F.);
#10392 = EDGE_CURVE('',#8545,#10366,#10393,.T.);
#10393 = SURFACE_CURVE('',#10394,(#10398,#10405),.PCURVE_S1.);
#10394 = LINE('',#10395,#10396);
#10395 = CARTESIAN_POINT('',(15.,-15.,-1.999999881264E-07));
#10396 = VECTOR('',#10397,1.);
#10397 = DIRECTION('',(0.,0.,1.));
#10398 = PCURVE('',#8560,#10399);
#10399 = DEFINITIONAL_REPRESENTATION('',(#10400),#10404);
#10400 = LINE('',#10401,#10402);
#10401 = CARTESIAN_POINT('',(30.,0.));
#10402 = VECTOR('',#10403,1.);
#10403 = DIRECTION('',(0.,-1.));
#10404 = ( GEOMETRIC_REPRESENTATION_CONTEXT(2) 
PARAMETRIC_REPRESENTATION_CONTEXT() REPRESENTATION_CONTEXT('2D SPACE',''
  ) );
#10405 = PCURVE('',#8642,#10406);
#10406 = DEFINITIONAL_REPRESENTATION('',(#10407),#10411);
#10407 = LINE('',#10408,#10409);
#10408 = CARTESIAN_POINT('',(0.,0.));
#10409 = VECTOR('',#10410,1.);
#10410 = DIRECTION('',(0.,-1.));
#10411 = ( GEOMETRIC_REPRESENTATION_CONTEXT(2) 
PARAMETRIC_REPRESENTATION_CONTEXT() REPRESENTATION_CONTEXT('2D SPACE',''
  ) );
#10412 = ADVANCED_FACE('',(#10413,#10460),#8642,.T.);
#10413 = FACE_BOUND('',#10414,.T.);
#10414 = EDGE_LOOP('',(#10415,#10416,#10417,#10439));
#10415 = ORIENTED_EDGE('',*,*,#8628,.F.);
#10416 = ORIENTED_EDGE('',*,*,#10392,.T.);
#10417 = ORIENTED_EDGE('',*,*,#10418,.F.);
#10418 = EDGE_CURVE('',#10419,#10366,#10421,.T.);
#10419 = VERTEX_POINT('',#10420);
#10420 = CARTESIAN_POINT('',(15.,15.,122.));
#10421 = SURFACE_CURVE('',#10422,(#10426,#10432),.PCURVE_S1.);
#10422 = LINE('',#10423,#10424);
#10423 = CARTESIAN_POINT('',(15.,-7.5,122.));
#10424 = VECTOR('',#10425,1.);
#10425 = DIRECTION('',(0.,-1.,0.));
#10426 = PCURVE('',#8642,#10427);
#10427 = DEFINITIONAL_REPRESENTATION('',(#10428),#10431);
#10428 = B_SPLINE_CURVE_WITH_KNOTS('',1,(#10429,#10430),.UNSPECIFIED.,
  .F.,.F.,(2,2),(-22.5,7.5),.PIECEWISE_BEZIER_KNOTS.);
#10429 = CARTESIAN_POINT('',(30.,-122.0000002));
#10430 = CARTESIAN_POINT('',(0.,-122.0000002));
#10431 = ( GEOMETRIC_REPRESENTATION_CONTEXT(2) 
PARAMETRIC_REPRESENTATION_CONTEXT() REPRESENTATION_CONTEXT('2D SPACE',''
  ) );
#10432 = PCURVE('',#10380,#10433);
#10433 = DEFINITIONAL_REPRESENTATION('',(#10434),#10438);
#10434 = LINE('',#10435,#10436);
#10435 = CARTESIAN_POINT('',(15.,-7.5));
#10436 = VECTOR('',#10437,1.);
#10437 = DIRECTION('',(0.,-1.));
#10438 = ( GEOMETRIC_REPRESENTATION_CONTEXT(2) 
PARAMETRIC_REPRESENTATION_CONTEXT() REPRESENTATION_CONTEXT('2D SPACE',''
  ) );
#10439 = ORIENTED_EDGE('',*,*,#10440,.F.);
#10440 = EDGE_CURVE('',#8601,#10419,#10441,.T.);
#10441 = SURFACE_CURVE('',#10442,(#10446,#10453),.PCURVE_S1.);
#10442 = LINE('',#10443,#10444);
#10443 = CARTESIAN_POINT('',(15.,15.,-1.999999881264E-07));
#10444 = VECTOR('',#10445,1.);
#10445 = DIRECTION('',(0.,0.,1.));
#10446 = PCURVE('',#8642,#10447);
#10447 = DEFINITIONAL_REPRESENTATION('',(#10448),#10452);
#10448 = LINE('',#10449,#10450);
#10449 = CARTESIAN_POINT('',(30.,0.));
#10450 = VECTOR('',#10451,1.);
#10451 = DIRECTION('',(0.,-1.));
#10452 = ( GEOMETRIC_REPRESENTATION_CONTEXT(2) 
PARAMETRIC_REPRESENTATION_CONTEXT() REPRESENTATION_CONTEXT('2D SPACE',''
  ) );
#10453 = PCURVE('',#8616,#10454);
#10454 = DEFINITIONAL_REPRESENTATION('',(#10455),#10459);
#10455 = LINE('',#10456,#10457);
#10456 = CARTESIAN_POINT('',(0.,-0.));
#10457 = VECTOR('',#10458,1.);
#10458 = DIRECTION('',(0.,-1.));
#10459 = ( GEOMETRIC_REPRESENTATION_CONTEXT(2) 
PARAMETRIC_REPRESENTATION_CONTEXT() REPRESENTATION_CONTEXT('2D SPACE',''
  ) );
#10460 = FACE_BOUND('',#10461,.T.);
#10461 = EDGE_LOOP('',(#10462));
#10462 = ORIENTED_EDGE('',*,*,#10291,.F.);
#10463 = ADVANCED_FACE('',(#10464,#10511),#8616,.T.);
#10464 = FACE_BOUND('',#10465,.T.);
#10465 = EDGE_LOOP('',(#10466,#10467,#10468,#10490));
#10466 = ORIENTED_EDGE('',*,*,#8600,.F.);
#10467 = ORIENTED_EDGE('',*,*,#10440,.T.);
#10468 = ORIENTED_EDGE('',*,*,#10469,.F.);
#10469 = EDGE_CURVE('',#10470,#10419,#10472,.T.);
#10470 = VERTEX_POINT('',#10471);
#10471 = CARTESIAN_POINT('',(-15.,15.,122.));
#10472 = SURFACE_CURVE('',#10473,(#10477,#10483),.PCURVE_S1.);
#10473 = LINE('',#10474,#10475);
#10474 = CARTESIAN_POINT('',(7.5,15.,122.));
#10475 = VECTOR('',#10476,1.);
#10476 = DIRECTION('',(1.,0.,-0.));
#10477 = PCURVE('',#8616,#10478);
#10478 = DEFINITIONAL_REPRESENTATION('',(#10479),#10482);
#10479 = B_SPLINE_CURVE_WITH_KNOTS('',1,(#10480,#10481),.UNSPECIFIED.,
  .F.,.F.,(2,2),(-22.5,7.5),.PIECEWISE_BEZIER_KNOTS.);
#10480 = CARTESIAN_POINT('',(30.,-122.0000002));
#10481 = CARTESIAN_POINT('',(0.,-122.0000002));
#10482 = ( GEOMETRIC_REPRESENTATION_CONTEXT(2) 
PARAMETRIC_REPRESENTATION_CONTEXT() REPRESENTATION_CONTEXT('2D SPACE',''
  ) );
#10483 = PCURVE('',#10380,#10484);
#10484 = DEFINITIONAL_REPRESENTATION('',(#10485),#10489);
#10485 = LINE('',#10486,#10487);
#10486 = CARTESIAN_POINT('',(7.5,15.));
#10487 = VECTOR('',#10488,1.);
#10488 = DIRECTION('',(1.,0.));
#10489 = ( GEOMETRIC_REPRESENTATION_CONTEXT(2) 
PARAMETRIC_REPRESENTATION_CONTEXT() REPRESENTATION_CONTEXT('2D SPACE',''
  ) );
#10490 = ORIENTED_EDGE('',*,*,#10491,.F.);
#10491 = EDGE_CURVE('',#8573,#10470,#10492,.T.);
#10492 = SURFACE_CURVE('',#10493,(#10497,#10504),.PCURVE_S1.);
#10493 = LINE('',#10494,#10495);
#10494 = CARTESIAN_POINT('',(-15.,15.,-1.999999881264E-07));
#10495 = VECTOR('',#10496,1.);
#10496 = DIRECTION('',(0.,0.,1.));
#10497 = PCURVE('',#8616,#10498);
#10498 = DEFINITIONAL_REPRESENTATION('',(#10499),#10503);
#10499 = LINE('',#10500,#10501);
#10500 = CARTESIAN_POINT('',(30.,0.));
#10501 = VECTOR('',#10502,1.);
#10502 = DIRECTION('',(0.,-1.));
#10503 = ( GEOMETRIC_REPRESENTATION_CONTEXT(2) 
PARAMETRIC_REPRESENTATION_CONTEXT() REPRESENTATION_CONTEXT('2D SPACE',''
  ) );
#10504 = PCURVE('',#8588,#10505);
#10505 = DEFINITIONAL_REPRESENTATION('',(#10506),#10510);
#10506 = LINE('',#10507,#10508);
#10507 = CARTESIAN_POINT('',(0.,0.));
#10508 = VECTOR('',#10509,1.);
#10509 = DIRECTION('',(0.,-1.));
#10510 = ( GEOMETRIC_REPRESENTATION_CONTEXT(2) 
PARAMETRIC_REPRESENTATION_CONTEXT() REPRESENTATION_CONTEXT('2D SPACE',''
  ) );
#10511 = FACE_BOUND('',#10512,.T.);
#10512 = EDGE_LOOP('',(#10513,#10536,#10557,#10578));
#10513 = ORIENTED_EDGE('',*,*,#10514,.T.);
#10514 = EDGE_CURVE('',#10515,#10517,#10519,.T.);
#10515 = VERTEX_POINT('',#10516);
#10516 = CARTESIAN_POINT('',(9.,15.,27.));
#10517 = VERTEX_POINT('',#10518);
#10518 = CARTESIAN_POINT('',(9.,15.,13.));
#10519 = SURFACE_CURVE('',#10520,(#10524,#10530),.PCURVE_S1.);
#10520 = LINE('',#10521,#10522);
#10521 = CARTESIAN_POINT('',(9.,15.,6.4999999));
#10522 = VECTOR('',#10523,1.);
#10523 = DIRECTION('',(-0.,-0.,-1.));
#10524 = PCURVE('',#8616,#10525);
#10525 = DEFINITIONAL_REPRESENTATION('',(#10526),#10529);
#10526 = B_SPLINE_CURVE_WITH_KNOTS('',1,(#10527,#10528),.UNSPECIFIED.,
  .F.,.F.,(2,2),(-20.5000001,-6.5000001),.PIECEWISE_BEZIER_KNOTS.);
#10527 = CARTESIAN_POINT('',(6.,-27.0000002));
#10528 = CARTESIAN_POINT('',(6.,-13.0000002));
#10529 = ( GEOMETRIC_REPRESENTATION_CONTEXT(2) 
PARAMETRIC_REPRESENTATION_CONTEXT() REPRESENTATION_CONTEXT('2D SPACE',''
  ) );
#10530 = PCURVE('',#9757,#10531);
#10531 = DEFINITIONAL_REPRESENTATION('',(#10532),#10535);
#10532 = B_SPLINE_CURVE_WITH_KNOTS('',1,(#10533,#10534),.UNSPECIFIED.,
  .F.,.F.,(2,2),(-20.5000001,-6.5000001),.PIECEWISE_BEZIER_KNOTS.);
#10533 = CARTESIAN_POINT('',(14.,-6.));
#10534 = CARTESIAN_POINT('',(0.,-6.));
#10535 = ( GEOMETRIC_REPRESENTATION_CONTEXT(2) 
PARAMETRIC_REPRESENTATION_CONTEXT() REPRESENTATION_CONTEXT('2D SPACE',''
  ) );
#10536 = ORIENTED_EDGE('',*,*,#10537,.T.);
#10537 = EDGE_CURVE('',#10517,#10538,#10540,.T.);
#10538 = VERTEX_POINT('',#10539);
#10539 = CARTESIAN_POINT('',(-9.,15.,13.));
#10540 = SURFACE_CURVE('',#10541,(#10545,#10551),.PCURVE_S1.);
#10541 = LINE('',#10542,#10543);
#10542 = CARTESIAN_POINT('',(3.,15.,13.));
#10543 = VECTOR('',#10544,1.);
#10544 = DIRECTION('',(-1.,-0.,0.));
#10545 = PCURVE('',#8616,#10546);
#10546 = DEFINITIONAL_REPRESENTATION('',(#10547),#10550);
#10547 = B_SPLINE_CURVE_WITH_KNOTS('',1,(#10548,#10549),.UNSPECIFIED.,
  .F.,.F.,(2,2),(-6.,12.),.PIECEWISE_BEZIER_KNOTS.);
#10548 = CARTESIAN_POINT('',(6.,-13.0000002));
#10549 = CARTESIAN_POINT('',(24.,-13.0000002));
#10550 = ( GEOMETRIC_REPRESENTATION_CONTEXT(2) 
PARAMETRIC_REPRESENTATION_CONTEXT() REPRESENTATION_CONTEXT('2D SPACE',''
  ) );
#10551 = PCURVE('',#9783,#10552);
#10552 = DEFINITIONAL_REPRESENTATION('',(#10553),#10556);
#10553 = B_SPLINE_CURVE_WITH_KNOTS('',1,(#10554,#10555),.UNSPECIFIED.,
  .F.,.F.,(2,2),(-6.,12.),.PIECEWISE_BEZIER_KNOTS.);
#10554 = CARTESIAN_POINT('',(18.,-6.));
#10555 = CARTESIAN_POINT('',(0.,-6.));
#10556 = ( GEOMETRIC_REPRESENTATION_CONTEXT(2) 
PARAMETRIC_REPRESENTATION_CONTEXT() REPRESENTATION_CONTEXT('2D SPACE',''
  ) );
#10557 = ORIENTED_EDGE('',*,*,#10558,.T.);
#10558 = EDGE_CURVE('',#10538,#10559,#10561,.T.);
#10559 = VERTEX_POINT('',#10560);
#10560 = CARTESIAN_POINT('',(-9.,15.,27.));
#10561 = SURFACE_CURVE('',#10562,(#10566,#10572),.PCURVE_S1.);
#10562 = LINE('',#10563,#10564);
#10563 = CARTESIAN_POINT('',(-9.,15.,13.4999999));
#10564 = VECTOR('',#10565,1.);
#10565 = DIRECTION('',(-0.,0.,1.));
#10566 = PCURVE('',#8616,#10567);
#10567 = DEFINITIONAL_REPRESENTATION('',(#10568),#10571);
#10568 = B_SPLINE_CURVE_WITH_KNOTS('',1,(#10569,#10570),.UNSPECIFIED.,
  .F.,.F.,(2,2),(-0.4999999,13.5000001),.PIECEWISE_BEZIER_KNOTS.);
#10569 = CARTESIAN_POINT('',(24.,-13.0000002));
#10570 = CARTESIAN_POINT('',(24.,-27.0000002));
#10571 = ( GEOMETRIC_REPRESENTATION_CONTEXT(2) 
PARAMETRIC_REPRESENTATION_CONTEXT() REPRESENTATION_CONTEXT('2D SPACE',''
  ) );
#10572 = PCURVE('',#9809,#10573);
#10573 = DEFINITIONAL_REPRESENTATION('',(#10574),#10577);
#10574 = B_SPLINE_CURVE_WITH_KNOTS('',1,(#10575,#10576),.UNSPECIFIED.,
  .F.,.F.,(2,2),(-0.4999999,13.5000001),.PIECEWISE_BEZIER_KNOTS.);
#10575 = CARTESIAN_POINT('',(14.,-6.));
#10576 = CARTESIAN_POINT('',(0.,-6.));
#10577 = ( GEOMETRIC_REPRESENTATION_CONTEXT(2) 
PARAMETRIC_REPRESENTATION_CONTEXT() REPRESENTATION_CONTEXT('2D SPACE',''
  ) );
#10578 = ORIENTED_EDGE('',*,*,#10579,.T.);
#10579 = EDGE_CURVE('',#10559,#10515,#10580,.T.);
#10580 = SURFACE_CURVE('',#10581,(#10585,#10591),.PCURVE_S1.);
#10581 = LINE('',#10582,#10583);
#10582 = CARTESIAN_POINT('',(12.,15.,27.));
#10583 = VECTOR('',#10584,1.);
#10584 = DIRECTION('',(1.,0.,-0.));
#10585 = PCURVE('',#8616,#10586);
#10586 = DEFINITIONAL_REPRESENTATION('',(#10587),#10590);
#10587 = B_SPLINE_CURVE_WITH_KNOTS('',1,(#10588,#10589),.UNSPECIFIED.,
  .F.,.F.,(2,2),(-21.,-3.),.PIECEWISE_BEZIER_KNOTS.);
#10588 = CARTESIAN_POINT('',(24.,-27.0000002));
#10589 = CARTESIAN_POINT('',(6.,-27.0000002));
#10590 = ( GEOMETRIC_REPRESENTATION_CONTEXT(2) 
PARAMETRIC_REPRESENTATION_CONTEXT() REPRESENTATION_CONTEXT('2D SPACE',''
  ) );
#10591 = PCURVE('',#9833,#10592);
#10592 = DEFINITIONAL_REPRESENTATION('',(#10593),#10596);
#10593 = B_SPLINE_CURVE_WITH_KNOTS('',1,(#10594,#10595),.UNSPECIFIED.,
  .F.,.F.,(2,2),(-21.,-3.),.PIECEWISE_BEZIER_KNOTS.);
#10594 = CARTESIAN_POINT('',(18.,-6.));
#10595 = CARTESIAN_POINT('',(0.,-6.));
#10596 = ( GEOMETRIC_REPRESENTATION_CONTEXT(2) 
PARAMETRIC_REPRESENTATION_CONTEXT() REPRESENTATION_CONTEXT('2D SPACE',''
  ) );
#10597 = ADVANCED_FACE('',(#10598,#10623),#8588,.T.);
#10598 = FACE_BOUND('',#10599,.T.);
#10599 = EDGE_LOOP('',(#10600,#10601,#10602,#10622));
#10600 = ORIENTED_EDGE('',*,*,#8572,.F.);
#10601 = ORIENTED_EDGE('',*,*,#10491,.T.);
#10602 = ORIENTED_EDGE('',*,*,#10603,.F.);
#10603 = EDGE_CURVE('',#10343,#10470,#10604,.T.);
#10604 = SURFACE_CURVE('',#10605,(#10609,#10615),.PCURVE_S1.);
#10605 = LINE('',#10606,#10607);
#10606 = CARTESIAN_POINT('',(-15.,7.5,122.));
#10607 = VECTOR('',#10608,1.);
#10608 = DIRECTION('',(0.,1.,0.));
#10609 = PCURVE('',#8588,#10610);
#10610 = DEFINITIONAL_REPRESENTATION('',(#10611),#10614);
#10611 = B_SPLINE_CURVE_WITH_KNOTS('',1,(#10612,#10613),.UNSPECIFIED.,
  .F.,.F.,(2,2),(-22.5,7.5),.PIECEWISE_BEZIER_KNOTS.);
#10612 = CARTESIAN_POINT('',(30.,-122.0000002));
#10613 = CARTESIAN_POINT('',(0.,-122.0000002));
#10614 = ( GEOMETRIC_REPRESENTATION_CONTEXT(2) 
PARAMETRIC_REPRESENTATION_CONTEXT() REPRESENTATION_CONTEXT('2D SPACE',''
  ) );
#10615 = PCURVE('',#10380,#10616);
#10616 = DEFINITIONAL_REPRESENTATION('',(#10617),#10621);
#10617 = LINE('',#10618,#10619);
#10618 = CARTESIAN_POINT('',(-15.,7.5));
#10619 = VECTOR('',#10620,1.);
#10620 = DIRECTION('',(0.,1.));
#10621 = ( GEOMETRIC_REPRESENTATION_CONTEXT(2) 
PARAMETRIC_REPRESENTATION_CONTEXT() REPRESENTATION_CONTEXT('2D SPACE',''
  ) );
#10622 = ORIENTED_EDGE('',*,*,#10342,.F.);
#10623 = FACE_BOUND('',#10624,.T.);
#10624 = EDGE_LOOP('',(#10625));
#10625 = ORIENTED_EDGE('',*,*,#9871,.T.);
#10626 = ADVANCED_FACE('',(#10627),#8700,.F.);
#10627 = FACE_BOUND('',#10628,.F.);
#10628 = EDGE_LOOP('',(#10629,#10630,#10653,#10676,#10699,#10722,#10750,
    #10771));
#10629 = ORIENTED_EDGE('',*,*,#9028,.T.);
#10630 = ORIENTED_EDGE('',*,*,#10631,.T.);
#10631 = EDGE_CURVE('',#9029,#10632,#10634,.T.);
#10632 = VERTEX_POINT('',#10633);
#10633 = CARTESIAN_POINT('',(-57.5,20.499377795548,46.));
#10634 = SURFACE_CURVE('',#10635,(#10639,#10646),.PCURVE_S1.);
#10635 = LINE('',#10636,#10637);
#10636 = CARTESIAN_POINT('',(-57.5,19.9,46.));
#10637 = VECTOR('',#10638,1.);
#10638 = DIRECTION('',(0.,1.,0.));
#10639 = PCURVE('',#8700,#10640);
#10640 = DEFINITIONAL_REPRESENTATION('',(#10641),#10645);
#10641 = LINE('',#10642,#10643);
#10642 = CARTESIAN_POINT('',(-8.244443697168,2.641142838269));
#10643 = VECTOR('',#10644,1.);
#10644 = DIRECTION('',(0.,-1.));
#10645 = ( GEOMETRIC_REPRESENTATION_CONTEXT(2) 
PARAMETRIC_REPRESENTATION_CONTEXT() REPRESENTATION_CONTEXT('2D SPACE',''
  ) );
#10646 = PCURVE('',#9168,#10647);
#10647 = DEFINITIONAL_REPRESENTATION('',(#10648),#10652);
#10648 = LINE('',#10649,#10650);
#10649 = CARTESIAN_POINT('',(0.,0.));
#10650 = VECTOR('',#10651,1.);
#10651 = DIRECTION('',(1.,0.));
#10652 = ( GEOMETRIC_REPRESENTATION_CONTEXT(2) 
PARAMETRIC_REPRESENTATION_CONTEXT() REPRESENTATION_CONTEXT('2D SPACE',''
  ) );
#10653 = ORIENTED_EDGE('',*,*,#10654,.F.);
#10654 = EDGE_CURVE('',#10655,#10632,#10657,.T.);
#10655 = VERTEX_POINT('',#10656);
#10656 = CARTESIAN_POINT('',(-57.5,18.118916330161,37.115996865718));
#10657 = SURFACE_CURVE('',#10658,(#10662,#10669),.PCURVE_S1.);
#10658 = LINE('',#10659,#10660);
#10659 = CARTESIAN_POINT('',(-57.5,17.083640149751,33.252293560561));
#10660 = VECTOR('',#10661,1.);
#10661 = DIRECTION('',(0.,0.258819045103,0.965925826289));
#10662 = PCURVE('',#8700,#10663);
#10663 = DEFINITIONAL_REPRESENTATION('',(#10664),#10668);
#10664 = LINE('',#10665,#10666);
#10665 = CARTESIAN_POINT('',(-20.9921501366,5.457502688518));
#10666 = VECTOR('',#10667,1.);
#10667 = DIRECTION('',(0.965925826289,-0.258819045103));
#10668 = ( GEOMETRIC_REPRESENTATION_CONTEXT(2) 
PARAMETRIC_REPRESENTATION_CONTEXT() REPRESENTATION_CONTEXT('2D SPACE',''
  ) );
#10669 = PCURVE('',#9491,#10670);
#10670 = DEFINITIONAL_REPRESENTATION('',(#10671),#10675);
#10671 = LINE('',#10672,#10673);
#10672 = CARTESIAN_POINT('',(0.,0.));
#10673 = VECTOR('',#10674,1.);
#10674 = DIRECTION('',(1.,0.));
#10675 = ( GEOMETRIC_REPRESENTATION_CONTEXT(2) 
PARAMETRIC_REPRESENTATION_CONTEXT() REPRESENTATION_CONTEXT('2D SPACE',''
  ) );
#10676 = ORIENTED_EDGE('',*,*,#10677,.T.);
#10677 = EDGE_CURVE('',#10655,#10678,#10680,.T.);
#10678 = VERTEX_POINT('',#10679);
#10679 = CARTESIAN_POINT('',(-57.5,23.914471287896,35.563082595103));
#10680 = SURFACE_CURVE('',#10681,(#10685,#10692),.PCURVE_S1.);
#10681 = LINE('',#10682,#10683);
#10682 = CARTESIAN_POINT('',(-57.5,18.118916330161,37.115996865718));
#10683 = VECTOR('',#10684,1.);
#10684 = DIRECTION('',(0.,0.965925826289,-0.258819045103));
#10685 = PCURVE('',#8700,#10686);
#10686 = DEFINITIONAL_REPRESENTATION('',(#10687),#10691);
#10687 = LINE('',#10688,#10689);
#10688 = CARTESIAN_POINT('',(-17.12844683145,4.422226508108));
#10689 = VECTOR('',#10690,1.);
#10690 = DIRECTION('',(-0.258819045103,-0.965925826289));
#10691 = ( GEOMETRIC_REPRESENTATION_CONTEXT(2) 
PARAMETRIC_REPRESENTATION_CONTEXT() REPRESENTATION_CONTEXT('2D SPACE',''
  ) );
#10692 = PCURVE('',#9463,#10693);
#10693 = DEFINITIONAL_REPRESENTATION('',(#10694),#10698);
#10694 = LINE('',#10695,#10696);
#10695 = CARTESIAN_POINT('',(-0.,0.));
#10696 = VECTOR('',#10697,1.);
#10697 = DIRECTION('',(-0.,1.));
#10698 = ( GEOMETRIC_REPRESENTATION_CONTEXT(2) 
PARAMETRIC_REPRESENTATION_CONTEXT() REPRESENTATION_CONTEXT('2D SPACE',''
  ) );
#10699 = ORIENTED_EDGE('',*,*,#10700,.T.);
#10700 = EDGE_CURVE('',#10678,#10701,#10703,.T.);
#10701 = VERTEX_POINT('',#10702);
#10702 = CARTESIAN_POINT('',(-57.5,29.608490280151,56.813450773462));
#10703 = SURFACE_CURVE('',#10704,(#10708,#10715),.PCURVE_S1.);
#10704 = LINE('',#10705,#10706);
#10705 = CARTESIAN_POINT('',(-57.5,22.879195107486,31.699379289946));
#10706 = VECTOR('',#10707,1.);
#10707 = DIRECTION('',(0.,0.258819045103,0.965925826289));
#10708 = PCURVE('',#8700,#10709);
#10709 = DEFINITIONAL_REPRESENTATION('',(#10710),#10714);
#10710 = LINE('',#10711,#10712);
#10711 = CARTESIAN_POINT('',(-22.54506440722,-0.338052269217));
#10712 = VECTOR('',#10713,1.);
#10713 = DIRECTION('',(0.965925826289,-0.258819045103));
#10714 = ( GEOMETRIC_REPRESENTATION_CONTEXT(2) 
PARAMETRIC_REPRESENTATION_CONTEXT() REPRESENTATION_CONTEXT('2D SPACE',''
  ) );
#10715 = PCURVE('',#9435,#10716);
#10716 = DEFINITIONAL_REPRESENTATION('',(#10717),#10721);
#10717 = LINE('',#10718,#10719);
#10718 = CARTESIAN_POINT('',(0.,0.));
#10719 = VECTOR('',#10720,1.);
#10720 = DIRECTION('',(1.,0.));
#10721 = ( GEOMETRIC_REPRESENTATION_CONTEXT(2) 
PARAMETRIC_REPRESENTATION_CONTEXT() REPRESENTATION_CONTEXT('2D SPACE',''
  ) );
#10722 = ORIENTED_EDGE('',*,*,#10723,.F.);
#10723 = EDGE_CURVE('',#10724,#10701,#10726,.T.);
#10724 = VERTEX_POINT('',#10725);
#10725 = CARTESIAN_POINT('',(-57.5,25.182285676538,57.999448722535));
#10726 = SURFACE_CURVE('',#10727,(#10731,#10738),.PCURVE_S1.);
#10727 = LINE('',#10728,#10729);
#10728 = CARTESIAN_POINT('',(-57.5,23.812935322417,58.366365044077));
#10729 = VECTOR('',#10730,1.);
#10730 = DIRECTION('',(0.,0.965925826289,-0.258819045103));
#10731 = PCURVE('',#8700,#10732);
#10732 = DEFINITIONAL_REPRESENTATION('',(#10733),#10737);
#10733 = LINE('',#10734,#10735);
#10734 = CARTESIAN_POINT('',(4.121921346909,-1.271792484148));
#10735 = VECTOR('',#10736,1.);
#10736 = DIRECTION('',(-0.258819045103,-0.965925826289));
#10737 = ( GEOMETRIC_REPRESENTATION_CONTEXT(2) 
PARAMETRIC_REPRESENTATION_CONTEXT() REPRESENTATION_CONTEXT('2D SPACE',''
  ) );
#10738 = PCURVE('',#10739,#10744);
#10739 = CYLINDRICAL_SURFACE('',#10740,4.);
#10740 = AXIS2_PLACEMENT_3D('',#10741,#10742,#10743);
#10741 = CARTESIAN_POINT('',(-53.5,23.812935322417,58.366365044077));
#10742 = DIRECTION('',(0.,0.965925826289,-0.258819045103));
#10743 = DIRECTION('',(-1.,0.,0.));
#10744 = DEFINITIONAL_REPRESENTATION('',(#10745),#10749);
#10745 = LINE('',#10746,#10747);
#10746 = CARTESIAN_POINT('',(0.,0.));
#10747 = VECTOR('',#10748,1.);
#10748 = DIRECTION('',(0.,1.));
#10749 = ( GEOMETRIC_REPRESENTATION_CONTEXT(2) 
PARAMETRIC_REPRESENTATION_CONTEXT() REPRESENTATION_CONTEXT('2D SPACE',''
  ) );
#10750 = ORIENTED_EDGE('',*,*,#10751,.T.);
#10751 = EDGE_CURVE('',#10724,#8683,#10752,.T.);
#10752 = SURFACE_CURVE('',#10753,(#10757,#10764),.PCURVE_S1.);
#10753 = LINE('',#10754,#10755);
#10754 = CARTESIAN_POINT('',(-57.5,25.182285676538,46.));
#10755 = VECTOR('',#10756,1.);
#10756 = DIRECTION('',(0.,0.,1.));
#10757 = PCURVE('',#8700,#10758);
#10758 = DEFINITIONAL_REPRESENTATION('',(#10759),#10763);
#10759 = LINE('',#10760,#10761);
#10760 = CARTESIAN_POINT('',(-8.244443697168,-2.641142838269));
#10761 = VECTOR('',#10762,1.);
#10762 = DIRECTION('',(1.,0.));
#10763 = ( GEOMETRIC_REPRESENTATION_CONTEXT(2) 
PARAMETRIC_REPRESENTATION_CONTEXT() REPRESENTATION_CONTEXT('2D SPACE',''
  ) );
#10764 = PCURVE('',#8728,#10765);
#10765 = DEFINITIONAL_REPRESENTATION('',(#10766),#10770);
#10766 = LINE('',#10767,#10768);
#10767 = CARTESIAN_POINT('',(0.,0.));
#10768 = VECTOR('',#10769,1.);
#10769 = DIRECTION('',(1.,0.));
#10770 = ( GEOMETRIC_REPRESENTATION_CONTEXT(2) 
PARAMETRIC_REPRESENTATION_CONTEXT() REPRESENTATION_CONTEXT('2D SPACE',''
  ) );
#10771 = ORIENTED_EDGE('',*,*,#8682,.T.);
#10772 = ADVANCED_FACE('',(#10773),#8728,.F.);
#10773 = FACE_BOUND('',#10774,.F.);
#10774 = EDGE_LOOP('',(#10775,#10776,#10805,#10831,#10865,#10886));
#10775 = ORIENTED_EDGE('',*,*,#10751,.F.);
#10776 = ORIENTED_EDGE('',*,*,#10777,.F.);
#10777 = EDGE_CURVE('',#10778,#10724,#10780,.T.);
#10778 = VERTEX_POINT('',#10779);
#10779 = CARTESIAN_POINT('',(-53.5,25.182285676538,62.140553444176));
#10780 = SURFACE_CURVE('',#10781,(#10786,#10793),.PCURVE_S1.);
#10781 = ELLIPSE('',#10782,4.14110472164,4.);
#10782 = AXIS2_PLACEMENT_3D('',#10783,#10784,#10785);
#10783 = CARTESIAN_POINT('',(-53.5,25.182285676538,57.999448722535));
#10784 = DIRECTION('',(0.,-1.,0.));
#10785 = DIRECTION('',(0.,0.,-1.));
#10786 = PCURVE('',#8728,#10787);
#10787 = DEFINITIONAL_REPRESENTATION('',(#10788),#10792);
#10788 = ELLIPSE('',#10789,4.14110472164,4.);
#10789 = AXIS2_PLACEMENT_2D('',#10790,#10791);
#10790 = CARTESIAN_POINT('',(11.999448722535,-4.));
#10791 = DIRECTION('',(-1.,0.));
#10792 = ( GEOMETRIC_REPRESENTATION_CONTEXT(2) 
PARAMETRIC_REPRESENTATION_CONTEXT() REPRESENTATION_CONTEXT('2D SPACE',''
  ) );
#10793 = PCURVE('',#10739,#10794);
#10794 = DEFINITIONAL_REPRESENTATION('',(#10795),#10804);
#10795 = B_SPLINE_CURVE_WITH_KNOTS('',7,(#10796,#10797,#10798,#10799,
    #10800,#10801,#10802,#10803),.UNSPECIFIED.,.F.,.F.,(8,8),(
    3.14159265359,4.712388980385),.PIECEWISE_BEZIER_KNOTS.);
#10796 = CARTESIAN_POINT('',(1.570796326795,0.345859034533));
#10797 = CARTESIAN_POINT('',(1.346396851538,0.345859034533));
#10798 = CARTESIAN_POINT('',(1.121997376282,0.408825672062));
#10799 = CARTESIAN_POINT('',(0.897597901026,0.53474981278));
#10800 = CARTESIAN_POINT('',(0.673198425769,0.715900271406));
#10801 = CARTESIAN_POINT('',(0.448798950513,0.936635515457));
#10802 = CARTESIAN_POINT('',(0.224399475256,1.17714517155));
#10803 = CARTESIAN_POINT('',(0.,1.417655804258));
#10804 = ( GEOMETRIC_REPRESENTATION_CONTEXT(2) 
PARAMETRIC_REPRESENTATION_CONTEXT() REPRESENTATION_CONTEXT('2D SPACE',''
  ) );
#10805 = ORIENTED_EDGE('',*,*,#10806,.F.);
#10806 = EDGE_CURVE('',#10807,#10778,#10809,.T.);
#10807 = VERTEX_POINT('',#10808);
#10808 = CARTESIAN_POINT('',(53.5,25.182285676538,62.140553444176));
#10809 = SURFACE_CURVE('',#10810,(#10814,#10820),.PCURVE_S1.);
#10810 = LINE('',#10811,#10812);
#10811 = CARTESIAN_POINT('',(-57.5,25.182285676538,62.140553444176));
#10812 = VECTOR('',#10813,1.);
#10813 = DIRECTION('',(-1.,0.,0.));
#10814 = PCURVE('',#8728,#10815);
#10815 = DEFINITIONAL_REPRESENTATION('',(#10816),#10819);
#10816 = B_SPLINE_CURVE_WITH_KNOTS('',1,(#10817,#10818),.UNSPECIFIED.,
  .F.,.F.,(2,2),(-111.,-4.),.PIECEWISE_BEZIER_KNOTS.);
#10817 = CARTESIAN_POINT('',(16.140553444176,-111.));
#10818 = CARTESIAN_POINT('',(16.140553444176,-4.));
#10819 = ( GEOMETRIC_REPRESENTATION_CONTEXT(2) 
PARAMETRIC_REPRESENTATION_CONTEXT() REPRESENTATION_CONTEXT('2D SPACE',''
  ) );
#10820 = PCURVE('',#10821,#10826);
#10821 = PLANE('',#10822);
#10822 = AXIS2_PLACEMENT_3D('',#10823,#10824,#10825);
#10823 = CARTESIAN_POINT('',(-57.5,24.848211502827,62.230068349234));
#10824 = DIRECTION('',(0.,0.258819045103,0.965925826289));
#10825 = DIRECTION('',(1.,0.,0.));
#10826 = DEFINITIONAL_REPRESENTATION('',(#10827),#10830);
#10827 = B_SPLINE_CURVE_WITH_KNOTS('',1,(#10828,#10829),.UNSPECIFIED.,
  .F.,.F.,(2,2),(-111.,-4.),.PIECEWISE_BEZIER_KNOTS.);
#10828 = CARTESIAN_POINT('',(111.,0.345859034533));
#10829 = CARTESIAN_POINT('',(4.,0.345859034533));
#10830 = ( GEOMETRIC_REPRESENTATION_CONTEXT(2) 
PARAMETRIC_REPRESENTATION_CONTEXT() REPRESENTATION_CONTEXT('2D SPACE',''
  ) );
#10831 = ORIENTED_EDGE('',*,*,#10832,.F.);
#10832 = EDGE_CURVE('',#10833,#10807,#10835,.T.);
#10833 = VERTEX_POINT('',#10834);
#10834 = CARTESIAN_POINT('',(57.5,25.182285676538,57.999448722535));
#10835 = SURFACE_CURVE('',#10836,(#10841,#10848),.PCURVE_S1.);
#10836 = ELLIPSE('',#10837,4.14110472164,4.);
#10837 = AXIS2_PLACEMENT_3D('',#10838,#10839,#10840);
#10838 = CARTESIAN_POINT('',(53.5,25.182285676538,57.999448722535));
#10839 = DIRECTION('',(0.,-1.,0.));
#10840 = DIRECTION('',(0.,0.,-1.));
#10841 = PCURVE('',#8728,#10842);
#10842 = DEFINITIONAL_REPRESENTATION('',(#10843),#10847);
#10843 = ELLIPSE('',#10844,4.14110472164,4.);
#10844 = AXIS2_PLACEMENT_2D('',#10845,#10846);
#10845 = CARTESIAN_POINT('',(11.999448722535,-111.));
#10846 = DIRECTION('',(-1.,0.));
#10847 = ( GEOMETRIC_REPRESENTATION_CONTEXT(2) 
PARAMETRIC_REPRESENTATION_CONTEXT() REPRESENTATION_CONTEXT('2D SPACE',''
  ) );
#10848 = PCURVE('',#10849,#10854);
#10849 = CYLINDRICAL_SURFACE('',#10850,4.);
#10850 = AXIS2_PLACEMENT_3D('',#10851,#10852,#10853);
#10851 = CARTESIAN_POINT('',(53.5,23.812935322417,58.366365044077));
#10852 = DIRECTION('',(0.,0.965925826289,-0.258819045103));
#10853 = DIRECTION('',(1.,0.,0.));
#10854 = DEFINITIONAL_REPRESENTATION('',(#10855),#10864);
#10855 = B_SPLINE_CURVE_WITH_KNOTS('',7,(#10856,#10857,#10858,#10859,
    #10860,#10861,#10862,#10863),.UNSPECIFIED.,.F.,.F.,(8,8),(
    1.570796326795,3.14159265359),.PIECEWISE_BEZIER_KNOTS.);
#10856 = CARTESIAN_POINT('',(0.,1.417655804258));
#10857 = CARTESIAN_POINT('',(-0.224399475256,1.17714517155));
#10858 = CARTESIAN_POINT('',(-0.448798950513,0.936635515457));
#10859 = CARTESIAN_POINT('',(-0.673198425769,0.715900271406));
#10860 = CARTESIAN_POINT('',(-0.897597901026,0.53474981278));
#10861 = CARTESIAN_POINT('',(-1.121997376282,0.408825672062));
#10862 = CARTESIAN_POINT('',(-1.346396851538,0.345859034533));
#10863 = CARTESIAN_POINT('',(-1.570796326795,0.345859034533));
#10864 = ( GEOMETRIC_REPRESENTATION_CONTEXT(2) 
PARAMETRIC_REPRESENTATION_CONTEXT() REPRESENTATION_CONTEXT('2D SPACE',''
  ) );
#10865 = ORIENTED_EDGE('',*,*,#10866,.T.);
#10866 = EDGE_CURVE('',#10833,#8713,#10867,.T.);
#10867 = SURFACE_CURVE('',#10868,(#10872,#10879),.PCURVE_S1.);
#10868 = LINE('',#10869,#10870);
#10869 = CARTESIAN_POINT('',(57.5,25.182285676538,46.));
#10870 = VECTOR('',#10871,1.);
#10871 = DIRECTION('',(0.,0.,1.));
#10872 = PCURVE('',#8728,#10873);
#10873 = DEFINITIONAL_REPRESENTATION('',(#10874),#10878);
#10874 = LINE('',#10875,#10876);
#10875 = CARTESIAN_POINT('',(0.,-115.));
#10876 = VECTOR('',#10877,1.);
#10877 = DIRECTION('',(1.,0.));
#10878 = ( GEOMETRIC_REPRESENTATION_CONTEXT(2) 
PARAMETRIC_REPRESENTATION_CONTEXT() REPRESENTATION_CONTEXT('2D SPACE',''
  ) );
#10879 = PCURVE('',#8756,#10880);
#10880 = DEFINITIONAL_REPRESENTATION('',(#10881),#10885);
#10881 = LINE('',#10882,#10883);
#10882 = CARTESIAN_POINT('',(-8.244443697168,-2.641142838269));
#10883 = VECTOR('',#10884,1.);
#10884 = DIRECTION('',(1.,0.));
#10885 = ( GEOMETRIC_REPRESENTATION_CONTEXT(2) 
PARAMETRIC_REPRESENTATION_CONTEXT() REPRESENTATION_CONTEXT('2D SPACE',''
  ) );
#10886 = ORIENTED_EDGE('',*,*,#8712,.F.);
#10887 = ADVANCED_FACE('',(#10888),#8756,.T.);
#10888 = FACE_BOUND('',#10889,.T.);
#10889 = EDGE_LOOP('',(#10890,#10891,#10914,#10937,#10960,#10983,#11004,
    #11005));
#10890 = ORIENTED_EDGE('',*,*,#10170,.T.);
#10891 = ORIENTED_EDGE('',*,*,#10892,.T.);
#10892 = EDGE_CURVE('',#10171,#10893,#10895,.T.);
#10893 = VERTEX_POINT('',#10894);
#10894 = CARTESIAN_POINT('',(57.5,20.499377795548,46.));
#10895 = SURFACE_CURVE('',#10896,(#10900,#10907),.PCURVE_S1.);
#10896 = LINE('',#10897,#10898);
#10897 = CARTESIAN_POINT('',(57.5,19.9,46.));
#10898 = VECTOR('',#10899,1.);
#10899 = DIRECTION('',(0.,1.,0.));
#10900 = PCURVE('',#8756,#10901);
#10901 = DEFINITIONAL_REPRESENTATION('',(#10902),#10906);
#10902 = LINE('',#10903,#10904);
#10903 = CARTESIAN_POINT('',(-8.244443697168,2.641142838269));
#10904 = VECTOR('',#10905,1.);
#10905 = DIRECTION('',(0.,-1.));
#10906 = ( GEOMETRIC_REPRESENTATION_CONTEXT(2) 
PARAMETRIC_REPRESENTATION_CONTEXT() REPRESENTATION_CONTEXT('2D SPACE',''
  ) );
#10907 = PCURVE('',#10209,#10908);
#10908 = DEFINITIONAL_REPRESENTATION('',(#10909),#10913);
#10909 = LINE('',#10910,#10911);
#10910 = CARTESIAN_POINT('',(0.,-115.));
#10911 = VECTOR('',#10912,1.);
#10912 = DIRECTION('',(1.,0.));
#10913 = ( GEOMETRIC_REPRESENTATION_CONTEXT(2) 
PARAMETRIC_REPRESENTATION_CONTEXT() REPRESENTATION_CONTEXT('2D SPACE',''
  ) );
#10914 = ORIENTED_EDGE('',*,*,#10915,.F.);
#10915 = EDGE_CURVE('',#10916,#10893,#10918,.T.);
#10916 = VERTEX_POINT('',#10917);
#10917 = CARTESIAN_POINT('',(57.5,18.118916330161,37.115996865718));
#10918 = SURFACE_CURVE('',#10919,(#10923,#10930),.PCURVE_S1.);
#10919 = LINE('',#10920,#10921);
#10920 = CARTESIAN_POINT('',(57.5,17.083640149751,33.252293560561));
#10921 = VECTOR('',#10922,1.);
#10922 = DIRECTION('',(0.,0.258819045103,0.965925826289));
#10923 = PCURVE('',#8756,#10924);
#10924 = DEFINITIONAL_REPRESENTATION('',(#10925),#10929);
#10925 = LINE('',#10926,#10927);
#10926 = CARTESIAN_POINT('',(-20.9921501366,5.457502688518));
#10927 = VECTOR('',#10928,1.);
#10928 = DIRECTION('',(0.965925826289,-0.258819045103));
#10929 = ( GEOMETRIC_REPRESENTATION_CONTEXT(2) 
PARAMETRIC_REPRESENTATION_CONTEXT() REPRESENTATION_CONTEXT('2D SPACE',''
  ) );
#10930 = PCURVE('',#9693,#10931);
#10931 = DEFINITIONAL_REPRESENTATION('',(#10932),#10936);
#10932 = LINE('',#10933,#10934);
#10933 = CARTESIAN_POINT('',(0.,115.));
#10934 = VECTOR('',#10935,1.);
#10935 = DIRECTION('',(1.,0.));
#10936 = ( GEOMETRIC_REPRESENTATION_CONTEXT(2) 
PARAMETRIC_REPRESENTATION_CONTEXT() REPRESENTATION_CONTEXT('2D SPACE',''
  ) );
#10937 = ORIENTED_EDGE('',*,*,#10938,.T.);
#10938 = EDGE_CURVE('',#10916,#10939,#10941,.T.);
#10939 = VERTEX_POINT('',#10940);
#10940 = CARTESIAN_POINT('',(57.5,23.914471287896,35.563082595103));
#10941 = SURFACE_CURVE('',#10942,(#10946,#10953),.PCURVE_S1.);
#10942 = LINE('',#10943,#10944);
#10943 = CARTESIAN_POINT('',(57.5,18.118916330161,37.115996865718));
#10944 = VECTOR('',#10945,1.);
#10945 = DIRECTION('',(0.,0.965925826289,-0.258819045103));
#10946 = PCURVE('',#8756,#10947);
#10947 = DEFINITIONAL_REPRESENTATION('',(#10948),#10952);
#10948 = LINE('',#10949,#10950);
#10949 = CARTESIAN_POINT('',(-17.12844683145,4.422226508108));
#10950 = VECTOR('',#10951,1.);
#10951 = DIRECTION('',(-0.258819045103,-0.965925826289));
#10952 = ( GEOMETRIC_REPRESENTATION_CONTEXT(2) 
PARAMETRIC_REPRESENTATION_CONTEXT() REPRESENTATION_CONTEXT('2D SPACE',''
  ) );
#10953 = PCURVE('',#9719,#10954);
#10954 = DEFINITIONAL_REPRESENTATION('',(#10955),#10959);
#10955 = LINE('',#10956,#10957);
#10956 = CARTESIAN_POINT('',(0.,0.));
#10957 = VECTOR('',#10958,1.);
#10958 = DIRECTION('',(0.,1.));
#10959 = ( GEOMETRIC_REPRESENTATION_CONTEXT(2) 
PARAMETRIC_REPRESENTATION_CONTEXT() REPRESENTATION_CONTEXT('2D SPACE',''
  ) );
#10960 = ORIENTED_EDGE('',*,*,#10961,.T.);
#10961 = EDGE_CURVE('',#10939,#10962,#10964,.T.);
#10962 = VERTEX_POINT('',#10963);
#10963 = CARTESIAN_POINT('',(57.5,29.608490280151,56.813450773462));
#10964 = SURFACE_CURVE('',#10965,(#10969,#10976),.PCURVE_S1.);
#10965 = LINE('',#10966,#10967);
#10966 = CARTESIAN_POINT('',(57.5,22.879195107486,31.699379289946));
#10967 = VECTOR('',#10968,1.);
#10968 = DIRECTION('',(0.,0.258819045103,0.965925826289));
#10969 = PCURVE('',#8756,#10970);
#10970 = DEFINITIONAL_REPRESENTATION('',(#10971),#10975);
#10971 = LINE('',#10972,#10973);
#10972 = CARTESIAN_POINT('',(-22.54506440722,-0.338052269217));
#10973 = VECTOR('',#10974,1.);
#10974 = DIRECTION('',(0.965925826289,-0.258819045103));
#10975 = ( GEOMETRIC_REPRESENTATION_CONTEXT(2) 
PARAMETRIC_REPRESENTATION_CONTEXT() REPRESENTATION_CONTEXT('2D SPACE',''
  ) );
#10976 = PCURVE('',#9435,#10977);
#10977 = DEFINITIONAL_REPRESENTATION('',(#10978),#10982);
#10978 = LINE('',#10979,#10980);
#10979 = CARTESIAN_POINT('',(0.,115.));
#10980 = VECTOR('',#10981,1.);
#10981 = DIRECTION('',(1.,0.));
#10982 = ( GEOMETRIC_REPRESENTATION_CONTEXT(2) 
PARAMETRIC_REPRESENTATION_CONTEXT() REPRESENTATION_CONTEXT('2D SPACE',''
  ) );
#10983 = ORIENTED_EDGE('',*,*,#10984,.F.);
#10984 = EDGE_CURVE('',#10833,#10962,#10985,.T.);
#10985 = SURFACE_CURVE('',#10986,(#10990,#10997),.PCURVE_S1.);
#10986 = LINE('',#10987,#10988);
#10987 = CARTESIAN_POINT('',(57.5,23.812935322417,58.366365044077));
#10988 = VECTOR('',#10989,1.);
#10989 = DIRECTION('',(0.,0.965925826289,-0.258819045103));
#10990 = PCURVE('',#8756,#10991);
#10991 = DEFINITIONAL_REPRESENTATION('',(#10992),#10996);
#10992 = LINE('',#10993,#10994);
#10993 = CARTESIAN_POINT('',(4.121921346909,-1.271792484148));
#10994 = VECTOR('',#10995,1.);
#10995 = DIRECTION('',(-0.258819045103,-0.965925826289));
#10996 = ( GEOMETRIC_REPRESENTATION_CONTEXT(2) 
PARAMETRIC_REPRESENTATION_CONTEXT() REPRESENTATION_CONTEXT('2D SPACE',''
  ) );
#10997 = PCURVE('',#10849,#10998);
#10998 = DEFINITIONAL_REPRESENTATION('',(#10999),#11003);
#10999 = LINE('',#11000,#11001);
#11000 = CARTESIAN_POINT('',(-0.,0.));
#11001 = VECTOR('',#11002,1.);
#11002 = DIRECTION('',(-0.,1.));
#11003 = ( GEOMETRIC_REPRESENTATION_CONTEXT(2) 
PARAMETRIC_REPRESENTATION_CONTEXT() REPRESENTATION_CONTEXT('2D SPACE',''
  ) );
#11004 = ORIENTED_EDGE('',*,*,#10866,.T.);
#11005 = ORIENTED_EDGE('',*,*,#8740,.T.);
#11006 = ADVANCED_FACE('',(#11007),#8832,.T.);
#11007 = FACE_BOUND('',#11008,.T.);
#11008 = EDGE_LOOP('',(#11009,#11032,#11033,#11056));
#11009 = ORIENTED_EDGE('',*,*,#11010,.T.);
#11010 = EDGE_CURVE('',#11011,#8818,#11013,.T.);
#11011 = VERTEX_POINT('',#11012);
#11012 = CARTESIAN_POINT('',(32.,23.785693093909,62.514769298846));
#11013 = SURFACE_CURVE('',#11014,(#11018,#11025),.PCURVE_S1.);
#11014 = LINE('',#11015,#11016);
#11015 = CARTESIAN_POINT('',(32.,23.785693093909,62.514769298846));
#11016 = VECTOR('',#11017,1.);
#11017 = DIRECTION('',(0.,0.965925826289,-0.258819045103));
#11018 = PCURVE('',#8832,#11019);
#11019 = DEFINITIONAL_REPRESENTATION('',(#11020),#11024);
#11020 = LINE('',#11021,#11022);
#11021 = CARTESIAN_POINT('',(89.5,-1.1));
#11022 = VECTOR('',#11023,1.);
#11023 = DIRECTION('',(0.,1.));
#11024 = ( GEOMETRIC_REPRESENTATION_CONTEXT(2) 
PARAMETRIC_REPRESENTATION_CONTEXT() REPRESENTATION_CONTEXT('2D SPACE',''
  ) );
#11025 = PCURVE('',#8908,#11026);
#11026 = DEFINITIONAL_REPRESENTATION('',(#11027),#11031);
#11027 = LINE('',#11028,#11029);
#11028 = CARTESIAN_POINT('',(-24.68555136686,0.521721757583));
#11029 = VECTOR('',#11030,1.);
#11030 = DIRECTION('',(1.225300278295E-17,-1.));
#11031 = ( GEOMETRIC_REPRESENTATION_CONTEXT(2) 
PARAMETRIC_REPRESENTATION_CONTEXT() REPRESENTATION_CONTEXT('2D SPACE',''
  ) );
#11032 = ORIENTED_EDGE('',*,*,#8815,.F.);
#11033 = ORIENTED_EDGE('',*,*,#11034,.F.);
#11034 = EDGE_CURVE('',#11035,#8816,#11037,.T.);
#11035 = VERTEX_POINT('',#11036);
#11036 = CARTESIAN_POINT('',(28.,23.785693093909,62.514769298846));
#11037 = SURFACE_CURVE('',#11038,(#11042,#11049),.PCURVE_S1.);
#11038 = LINE('',#11039,#11040);
#11039 = CARTESIAN_POINT('',(28.,23.785693093909,62.514769298846));
#11040 = VECTOR('',#11041,1.);
#11041 = DIRECTION('',(0.,0.965925826289,-0.258819045103));
#11042 = PCURVE('',#8832,#11043);
#11043 = DEFINITIONAL_REPRESENTATION('',(#11044),#11048);
#11044 = LINE('',#11045,#11046);
#11045 = CARTESIAN_POINT('',(85.5,-1.1));
#11046 = VECTOR('',#11047,1.);
#11047 = DIRECTION('',(0.,1.));
#11048 = ( GEOMETRIC_REPRESENTATION_CONTEXT(2) 
PARAMETRIC_REPRESENTATION_CONTEXT() REPRESENTATION_CONTEXT('2D SPACE',''
  ) );
#11049 = PCURVE('',#8858,#11050);
#11050 = DEFINITIONAL_REPRESENTATION('',(#11051),#11055);
#11051 = LINE('',#11052,#11053);
#11052 = CARTESIAN_POINT('',(-24.68555136686,0.521721757583));
#11053 = VECTOR('',#11054,1.);
#11054 = DIRECTION('',(1.225300278295E-17,-1.));
#11055 = ( GEOMETRIC_REPRESENTATION_CONTEXT(2) 
PARAMETRIC_REPRESENTATION_CONTEXT() REPRESENTATION_CONTEXT('2D SPACE',''
  ) );
#11056 = ORIENTED_EDGE('',*,*,#11057,.T.);
#11057 = EDGE_CURVE('',#11035,#11011,#11058,.T.);
#11058 = SURFACE_CURVE('',#11059,(#11063,#11070),.PCURVE_S1.);
#11059 = LINE('',#11060,#11061);
#11060 = CARTESIAN_POINT('',(28.,23.785693093909,62.514769298846));
#11061 = VECTOR('',#11062,1.);
#11062 = DIRECTION('',(1.,0.,0.));
#11063 = PCURVE('',#8832,#11064);
#11064 = DEFINITIONAL_REPRESENTATION('',(#11065),#11069);
#11065 = LINE('',#11066,#11067);
#11066 = CARTESIAN_POINT('',(85.5,-1.1));
#11067 = VECTOR('',#11068,1.);
#11068 = DIRECTION('',(1.,0.));
#11069 = ( GEOMETRIC_REPRESENTATION_CONTEXT(2) 
PARAMETRIC_REPRESENTATION_CONTEXT() REPRESENTATION_CONTEXT('2D SPACE',''
  ) );
#11070 = PCURVE('',#8884,#11071);
#11071 = DEFINITIONAL_REPRESENTATION('',(#11072),#11076);
#11072 = LINE('',#11073,#11074);
#11073 = CARTESIAN_POINT('',(50.,0.));
#11074 = VECTOR('',#11075,1.);
#11075 = DIRECTION('',(0.,-1.));
#11076 = ( GEOMETRIC_REPRESENTATION_CONTEXT(2) 
PARAMETRIC_REPRESENTATION_CONTEXT() REPRESENTATION_CONTEXT('2D SPACE',''
  ) );
#11077 = ADVANCED_FACE('',(#11078),#8908,.F.);
#11078 = FACE_BOUND('',#11079,.F.);
#11079 = EDGE_LOOP('',(#11080,#11081,#11102));
#11080 = ORIENTED_EDGE('',*,*,#8895,.F.);
#11081 = ORIENTED_EDGE('',*,*,#11082,.T.);
#11082 = EDGE_CURVE('',#8870,#11011,#11083,.T.);
#11083 = SURFACE_CURVE('',#11084,(#11088,#11095),.PCURVE_S1.);
#11084 = LINE('',#11085,#11086);
#11085 = CARTESIAN_POINT('',(32.,10.844740838783,14.218477984393));
#11086 = VECTOR('',#11087,1.);
#11087 = DIRECTION('',(0.,0.258819045103,0.965925826289));
#11088 = PCURVE('',#8908,#11089);
#11089 = DEFINITIONAL_REPRESENTATION('',(#11090),#11094);
#11090 = LINE('',#11091,#11092);
#11091 = CARTESIAN_POINT('',(25.314448633134,0.521721757583));
#11092 = VECTOR('',#11093,1.);
#11093 = DIRECTION('',(-1.,1.225300278295E-17));
#11094 = ( GEOMETRIC_REPRESENTATION_CONTEXT(2) 
PARAMETRIC_REPRESENTATION_CONTEXT() REPRESENTATION_CONTEXT('2D SPACE',''
  ) );
#11095 = PCURVE('',#8884,#11096);
#11096 = DEFINITIONAL_REPRESENTATION('',(#11097),#11101);
#11097 = LINE('',#11098,#11099);
#11098 = CARTESIAN_POINT('',(0.,-4.));
#11099 = VECTOR('',#11100,1.);
#11100 = DIRECTION('',(1.,0.));
#11101 = ( GEOMETRIC_REPRESENTATION_CONTEXT(2) 
PARAMETRIC_REPRESENTATION_CONTEXT() REPRESENTATION_CONTEXT('2D SPACE',''
  ) );
#11102 = ORIENTED_EDGE('',*,*,#11010,.T.);
#11103 = ADVANCED_FACE('',(#11104),#8884,.T.);
#11104 = FACE_BOUND('',#11105,.T.);
#11105 = EDGE_LOOP('',(#11106,#11127,#11128,#11129));
#11106 = ORIENTED_EDGE('',*,*,#11107,.F.);
#11107 = EDGE_CURVE('',#8844,#11035,#11108,.T.);
#11108 = SURFACE_CURVE('',#11109,(#11113,#11120),.PCURVE_S1.);
#11109 = LINE('',#11110,#11111);
#11110 = CARTESIAN_POINT('',(28.,10.844740838783,14.218477984393));
#11111 = VECTOR('',#11112,1.);
#11112 = DIRECTION('',(0.,0.258819045103,0.965925826289));
#11113 = PCURVE('',#8884,#11114);
#11114 = DEFINITIONAL_REPRESENTATION('',(#11115),#11119);
#11115 = LINE('',#11116,#11117);
#11116 = CARTESIAN_POINT('',(0.,0.));
#11117 = VECTOR('',#11118,1.);
#11118 = DIRECTION('',(1.,0.));
#11119 = ( GEOMETRIC_REPRESENTATION_CONTEXT(2) 
PARAMETRIC_REPRESENTATION_CONTEXT() REPRESENTATION_CONTEXT('2D SPACE',''
  ) );
#11120 = PCURVE('',#8858,#11121);
#11121 = DEFINITIONAL_REPRESENTATION('',(#11122),#11126);
#11122 = LINE('',#11123,#11124);
#11123 = CARTESIAN_POINT('',(25.314448633134,0.521721757583));
#11124 = VECTOR('',#11125,1.);
#11125 = DIRECTION('',(-1.,1.225300278295E-17));
#11126 = ( GEOMETRIC_REPRESENTATION_CONTEXT(2) 
PARAMETRIC_REPRESENTATION_CONTEXT() REPRESENTATION_CONTEXT('2D SPACE',''
  ) );
#11127 = ORIENTED_EDGE('',*,*,#8869,.F.);
#11128 = ORIENTED_EDGE('',*,*,#11082,.T.);
#11129 = ORIENTED_EDGE('',*,*,#11057,.F.);
#11130 = ADVANCED_FACE('',(#11131),#8858,.T.);
#11131 = FACE_BOUND('',#11132,.T.);
#11132 = EDGE_LOOP('',(#11133,#11134,#11135));
#11133 = ORIENTED_EDGE('',*,*,#8843,.F.);
#11134 = ORIENTED_EDGE('',*,*,#11107,.T.);
#11135 = ORIENTED_EDGE('',*,*,#11034,.T.);
#11136 = ADVANCED_FACE('',(#11137),#8938,.T.);
#11137 = FACE_BOUND('',#11138,.T.);
#11138 = EDGE_LOOP('',(#11139,#11140,#11163));
#11139 = ORIENTED_EDGE('',*,*,#8921,.F.);
#11140 = ORIENTED_EDGE('',*,*,#11141,.T.);
#11141 = EDGE_CURVE('',#8922,#11142,#11144,.T.);
#11142 = VERTEX_POINT('',#11143);
#11143 = CARTESIAN_POINT('',(-32.,23.785693093909,62.514769298846));
#11144 = SURFACE_CURVE('',#11145,(#11149,#11156),.PCURVE_S1.);
#11145 = LINE('',#11146,#11147);
#11146 = CARTESIAN_POINT('',(-32.,10.844740838783,14.218477984393));
#11147 = VECTOR('',#11148,1.);
#11148 = DIRECTION('',(0.,0.258819045103,0.965925826289));
#11149 = PCURVE('',#8938,#11150);
#11150 = DEFINITIONAL_REPRESENTATION('',(#11151),#11155);
#11151 = LINE('',#11152,#11153);
#11152 = CARTESIAN_POINT('',(25.314448633134,0.521721757583));
#11153 = VECTOR('',#11154,1.);
#11154 = DIRECTION('',(-1.,1.225300278295E-17));
#11155 = ( GEOMETRIC_REPRESENTATION_CONTEXT(2) 
PARAMETRIC_REPRESENTATION_CONTEXT() REPRESENTATION_CONTEXT('2D SPACE',''
  ) );
#11156 = PCURVE('',#8964,#11157);
#11157 = DEFINITIONAL_REPRESENTATION('',(#11158),#11162);
#11158 = LINE('',#11159,#11160);
#11159 = CARTESIAN_POINT('',(0.,0.));
#11160 = VECTOR('',#11161,1.);
#11161 = DIRECTION('',(1.,0.));
#11162 = ( GEOMETRIC_REPRESENTATION_CONTEXT(2) 
PARAMETRIC_REPRESENTATION_CONTEXT() REPRESENTATION_CONTEXT('2D SPACE',''
  ) );
#11163 = ORIENTED_EDGE('',*,*,#11164,.T.);
#11164 = EDGE_CURVE('',#11142,#8924,#11165,.T.);
#11165 = SURFACE_CURVE('',#11166,(#11170,#11177),.PCURVE_S1.);
#11166 = LINE('',#11167,#11168);
#11167 = CARTESIAN_POINT('',(-32.,23.785693093909,62.514769298846));
#11168 = VECTOR('',#11169,1.);
#11169 = DIRECTION('',(0.,0.965925826289,-0.258819045103));
#11170 = PCURVE('',#8938,#11171);
#11171 = DEFINITIONAL_REPRESENTATION('',(#11172),#11176);
#11172 = LINE('',#11173,#11174);
#11173 = CARTESIAN_POINT('',(-24.68555136686,0.521721757583));
#11174 = VECTOR('',#11175,1.);
#11175 = DIRECTION('',(1.225300278295E-17,-1.));
#11176 = ( GEOMETRIC_REPRESENTATION_CONTEXT(2) 
PARAMETRIC_REPRESENTATION_CONTEXT() REPRESENTATION_CONTEXT('2D SPACE',''
  ) );
#11177 = PCURVE('',#9014,#11178);
#11178 = DEFINITIONAL_REPRESENTATION('',(#11179),#11183);
#11179 = LINE('',#11180,#11181);
#11180 = CARTESIAN_POINT('',(25.5,-1.1));
#11181 = VECTOR('',#11182,1.);
#11182 = DIRECTION('',(0.,1.));
#11183 = ( GEOMETRIC_REPRESENTATION_CONTEXT(2) 
PARAMETRIC_REPRESENTATION_CONTEXT() REPRESENTATION_CONTEXT('2D SPACE',''
  ) );
#11184 = ADVANCED_FACE('',(#11185),#9014,.T.);
#11185 = FACE_BOUND('',#11186,.T.);
#11186 = EDGE_LOOP('',(#11187,#11188,#11189,#11212));
#11187 = ORIENTED_EDGE('',*,*,#9001,.F.);
#11188 = ORIENTED_EDGE('',*,*,#11164,.F.);
#11189 = ORIENTED_EDGE('',*,*,#11190,.T.);
#11190 = EDGE_CURVE('',#11142,#11191,#11193,.T.);
#11191 = VERTEX_POINT('',#11192);
#11192 = CARTESIAN_POINT('',(-28.,23.785693093909,62.514769298846));
#11193 = SURFACE_CURVE('',#11194,(#11198,#11205),.PCURVE_S1.);
#11194 = LINE('',#11195,#11196);
#11195 = CARTESIAN_POINT('',(-32.,23.785693093909,62.514769298846));
#11196 = VECTOR('',#11197,1.);
#11197 = DIRECTION('',(1.,0.,0.));
#11198 = PCURVE('',#9014,#11199);
#11199 = DEFINITIONAL_REPRESENTATION('',(#11200),#11204);
#11200 = LINE('',#11201,#11202);
#11201 = CARTESIAN_POINT('',(25.5,-1.1));
#11202 = VECTOR('',#11203,1.);
#11203 = DIRECTION('',(1.,0.));
#11204 = ( GEOMETRIC_REPRESENTATION_CONTEXT(2) 
PARAMETRIC_REPRESENTATION_CONTEXT() REPRESENTATION_CONTEXT('2D SPACE',''
  ) );
#11205 = PCURVE('',#8964,#11206);
#11206 = DEFINITIONAL_REPRESENTATION('',(#11207),#11211);
#11207 = LINE('',#11208,#11209);
#11208 = CARTESIAN_POINT('',(50.,0.));
#11209 = VECTOR('',#11210,1.);
#11210 = DIRECTION('',(0.,-1.));
#11211 = ( GEOMETRIC_REPRESENTATION_CONTEXT(2) 
PARAMETRIC_REPRESENTATION_CONTEXT() REPRESENTATION_CONTEXT('2D SPACE',''
  ) );
#11212 = ORIENTED_EDGE('',*,*,#11213,.T.);
#11213 = EDGE_CURVE('',#11191,#8976,#11214,.T.);
#11214 = SURFACE_CURVE('',#11215,(#11219,#11226),.PCURVE_S1.);
#11215 = LINE('',#11216,#11217);
#11216 = CARTESIAN_POINT('',(-28.,23.785693093909,62.514769298846));
#11217 = VECTOR('',#11218,1.);
#11218 = DIRECTION('',(0.,0.965925826289,-0.258819045103));
#11219 = PCURVE('',#9014,#11220);
#11220 = DEFINITIONAL_REPRESENTATION('',(#11221),#11225);
#11221 = LINE('',#11222,#11223);
#11222 = CARTESIAN_POINT('',(29.5,-1.1));
#11223 = VECTOR('',#11224,1.);
#11224 = DIRECTION('',(0.,1.));
#11225 = ( GEOMETRIC_REPRESENTATION_CONTEXT(2) 
PARAMETRIC_REPRESENTATION_CONTEXT() REPRESENTATION_CONTEXT('2D SPACE',''
  ) );
#11226 = PCURVE('',#8990,#11227);
#11227 = DEFINITIONAL_REPRESENTATION('',(#11228),#11232);
#11228 = LINE('',#11229,#11230);
#11229 = CARTESIAN_POINT('',(-24.68555136686,0.521721757583));
#11230 = VECTOR('',#11231,1.);
#11231 = DIRECTION('',(1.225300278295E-17,-1.));
#11232 = ( GEOMETRIC_REPRESENTATION_CONTEXT(2) 
PARAMETRIC_REPRESENTATION_CONTEXT() REPRESENTATION_CONTEXT('2D SPACE',''
  ) );
#11233 = ADVANCED_FACE('',(#11234),#8990,.F.);
#11234 = FACE_BOUND('',#11235,.F.);
#11235 = EDGE_LOOP('',(#11236,#11237,#11258));
#11236 = ORIENTED_EDGE('',*,*,#8975,.F.);
#11237 = ORIENTED_EDGE('',*,*,#11238,.T.);
#11238 = EDGE_CURVE('',#8950,#11191,#11239,.T.);
#11239 = SURFACE_CURVE('',#11240,(#11244,#11251),.PCURVE_S1.);
#11240 = LINE('',#11241,#11242);
#11241 = CARTESIAN_POINT('',(-28.,10.844740838783,14.218477984393));
#11242 = VECTOR('',#11243,1.);
#11243 = DIRECTION('',(0.,0.258819045103,0.965925826289));
#11244 = PCURVE('',#8990,#11245);
#11245 = DEFINITIONAL_REPRESENTATION('',(#11246),#11250);
#11246 = LINE('',#11247,#11248);
#11247 = CARTESIAN_POINT('',(25.314448633134,0.521721757583));
#11248 = VECTOR('',#11249,1.);
#11249 = DIRECTION('',(-1.,1.225300278295E-17));
#11250 = ( GEOMETRIC_REPRESENTATION_CONTEXT(2) 
PARAMETRIC_REPRESENTATION_CONTEXT() REPRESENTATION_CONTEXT('2D SPACE',''
  ) );
#11251 = PCURVE('',#8964,#11252);
#11252 = DEFINITIONAL_REPRESENTATION('',(#11253),#11257);
#11253 = LINE('',#11254,#11255);
#11254 = CARTESIAN_POINT('',(0.,-4.));
#11255 = VECTOR('',#11256,1.);
#11256 = DIRECTION('',(1.,0.));
#11257 = ( GEOMETRIC_REPRESENTATION_CONTEXT(2) 
PARAMETRIC_REPRESENTATION_CONTEXT() REPRESENTATION_CONTEXT('2D SPACE',''
  ) );
#11258 = ORIENTED_EDGE('',*,*,#11213,.T.);
#11259 = ADVANCED_FACE('',(#11260),#8964,.T.);
#11260 = FACE_BOUND('',#11261,.T.);
#11261 = EDGE_LOOP('',(#11262,#11263,#11264,#11265));
#11262 = ORIENTED_EDGE('',*,*,#11141,.F.);
#11263 = ORIENTED_EDGE('',*,*,#8949,.F.);
#11264 = ORIENTED_EDGE('',*,*,#11238,.T.);
#11265 = ORIENTED_EDGE('',*,*,#11190,.F.);
#11266 = ADVANCED_FACE('',(#11267),#9168,.F.);
#11267 = FACE_BOUND('',#11268,.F.);
#11268 = EDGE_LOOP('',(#11269,#11270,#11271,#11292,#11313,#11346,#11374,
    #11402));
#11269 = ORIENTED_EDGE('',*,*,#10631,.F.);
#11270 = ORIENTED_EDGE('',*,*,#9154,.T.);
#11271 = ORIENTED_EDGE('',*,*,#11272,.F.);
#11272 = EDGE_CURVE('',#11273,#9129,#11275,.T.);
#11273 = VERTEX_POINT('',#11274);
#11274 = CARTESIAN_POINT('',(-32.,20.499377795548,46.));
#11275 = SURFACE_CURVE('',#11276,(#11280,#11286),.PCURVE_S1.);
#11276 = LINE('',#11277,#11278);
#11277 = CARTESIAN_POINT('',(-32.,18.900273390547,46.));
#11278 = VECTOR('',#11279,1.);
#11279 = DIRECTION('',(0.,-1.,0.));
#11280 = PCURVE('',#9168,#11281);
#11281 = DEFINITIONAL_REPRESENTATION('',(#11282),#11285);
#11282 = B_SPLINE_CURVE_WITH_KNOTS('',1,(#11283,#11284),.UNSPECIFIED.,
  .F.,.F.,(2,2),(-1.806159641083,-0.999726609453),
  .PIECEWISE_BEZIER_KNOTS.);
#11283 = CARTESIAN_POINT('',(0.80643303163,-25.5));
#11284 = CARTESIAN_POINT('',(0.,-25.5));
#11285 = ( GEOMETRIC_REPRESENTATION_CONTEXT(2) 
PARAMETRIC_REPRESENTATION_CONTEXT() REPRESENTATION_CONTEXT('2D SPACE',''
  ) );
#11286 = PCURVE('',#9143,#11287);
#11287 = DEFINITIONAL_REPRESENTATION('',(#11288),#11291);
#11288 = B_SPLINE_CURVE_WITH_KNOTS('',1,(#11289,#11290),.UNSPECIFIED.,
  .F.,.F.,(2,2),(-1.806159641083,-0.999726609453),
  .PIECEWISE_BEZIER_KNOTS.);
#11289 = CARTESIAN_POINT('',(-7.936538036963,-0.778278242417));
#11290 = CARTESIAN_POINT('',(-7.727817809777,6.762500071475E-04));
#11291 = ( GEOMETRIC_REPRESENTATION_CONTEXT(2) 
PARAMETRIC_REPRESENTATION_CONTEXT() REPRESENTATION_CONTEXT('2D SPACE',''
  ) );
#11292 = ORIENTED_EDGE('',*,*,#11293,.T.);
#11293 = EDGE_CURVE('',#11273,#11294,#11296,.T.);
#11294 = VERTEX_POINT('',#11295);
#11295 = CARTESIAN_POINT('',(-46.2388014362,20.499377795548,46.));
#11296 = SURFACE_CURVE('',#11297,(#11301,#11307),.PCURVE_S1.);
#11297 = LINE('',#11298,#11299);
#11298 = CARTESIAN_POINT('',(-57.5,20.499377795548,46.));
#11299 = VECTOR('',#11300,1.);
#11300 = DIRECTION('',(-1.,0.,0.));
#11301 = PCURVE('',#9168,#11302);
#11302 = DEFINITIONAL_REPRESENTATION('',(#11303),#11306);
#11303 = B_SPLINE_CURVE_WITH_KNOTS('',1,(#11304,#11305),.UNSPECIFIED.,
  .F.,.F.,(2,2),(-25.5,0.),.PIECEWISE_BEZIER_KNOTS.);
#11304 = CARTESIAN_POINT('',(0.599377795548,-25.5));
#11305 = CARTESIAN_POINT('',(0.599377795548,0.));
#11306 = ( GEOMETRIC_REPRESENTATION_CONTEXT(2) 
PARAMETRIC_REPRESENTATION_CONTEXT() REPRESENTATION_CONTEXT('2D SPACE',''
  ) );
#11307 = PCURVE('',#9491,#11308);
#11308 = DEFINITIONAL_REPRESENTATION('',(#11309),#11312);
#11309 = B_SPLINE_CURVE_WITH_KNOTS('',1,(#11310,#11311),.UNSPECIFIED.,
  .F.,.F.,(2,2),(-25.5,0.),.PIECEWISE_BEZIER_KNOTS.);
#11310 = CARTESIAN_POINT('',(13.197396831611,25.5));
#11311 = CARTESIAN_POINT('',(13.197396831611,0.));
#11312 = ( GEOMETRIC_REPRESENTATION_CONTEXT(2) 
PARAMETRIC_REPRESENTATION_CONTEXT() REPRESENTATION_CONTEXT('2D SPACE',''
  ) );
#11313 = ORIENTED_EDGE('',*,*,#11314,.T.);
#11314 = EDGE_CURVE('',#11294,#11315,#11317,.T.);
#11315 = VERTEX_POINT('',#11316);
#11316 = CARTESIAN_POINT('',(-45.38075053185,25.182285676538,46.));
#11317 = SURFACE_CURVE('',#11318,(#11323,#11330),.PCURVE_S1.);
#11318 = ELLIPSE('',#11319,8.500147271344,2.2);
#11319 = AXIS2_PLACEMENT_3D('',#11320,#11321,#11322);
#11320 = CARTESIAN_POINT('',(-47.5,27.464101615138,46.));
#11321 = DIRECTION('',(0.,0.,1.));
#11322 = DIRECTION('',(0.,1.,-0.));
#11323 = PCURVE('',#9168,#11324);
#11324 = DEFINITIONAL_REPRESENTATION('',(#11325),#11329);
#11325 = ELLIPSE('',#11326,8.500147271344,2.2);
#11326 = AXIS2_PLACEMENT_2D('',#11327,#11328);
#11327 = CARTESIAN_POINT('',(7.564101615138,-10.));
#11328 = DIRECTION('',(1.,0.));
#11329 = ( GEOMETRIC_REPRESENTATION_CONTEXT(2) 
PARAMETRIC_REPRESENTATION_CONTEXT() REPRESENTATION_CONTEXT('2D SPACE',''
  ) );
#11330 = PCURVE('',#11331,#11336);
#11331 = CYLINDRICAL_SURFACE('',#11332,2.2);
#11332 = AXIS2_PLACEMENT_3D('',#11333,#11334,#11335);
#11333 = CARTESIAN_POINT('',(-47.5,27.727406610313,45.92944763918));
#11334 = DIRECTION('',(0.,0.965925826289,-0.258819045103));
#11335 = DIRECTION('',(1.,0.,0.));
#11336 = DEFINITIONAL_REPRESENTATION('',(#11337),#11345);
#11337 = B_SPLINE_CURVE_WITH_KNOTS('',6,(#11338,#11339,#11340,#11341,
    #11342,#11343,#11344),.UNSPECIFIED.,.F.,.F.,(7,7),(3.752086255354,
    4.504596039124),.PIECEWISE_BEZIER_KNOTS.);
#11338 = CARTESIAN_POINT('',(-5.322882582149,-7.0000006));
#11339 = CARTESIAN_POINT('',(-5.448300879444,-6.40967470214));
#11340 = CARTESIAN_POINT('',(-5.573719176739,-5.692365334939));
#11341 = CARTESIAN_POINT('',(-5.699137474033,-4.864779153363));
#11342 = CARTESIAN_POINT('',(-5.824555771329,-3.949649486319));
#11343 = CARTESIAN_POINT('',(-5.949974068624,-2.974025813017));
#11344 = CARTESIAN_POINT('',(-6.075392365919,-1.966428719939));
#11345 = ( GEOMETRIC_REPRESENTATION_CONTEXT(2) 
PARAMETRIC_REPRESENTATION_CONTEXT() REPRESENTATION_CONTEXT('2D SPACE',''
  ) );
#11346 = ORIENTED_EDGE('',*,*,#11347,.F.);
#11347 = EDGE_CURVE('',#11348,#11315,#11350,.T.);
#11348 = VERTEX_POINT('',#11349);
#11349 = CARTESIAN_POINT('',(-49.61924946814,25.182285676538,46.));
#11350 = SURFACE_CURVE('',#11351,(#11355,#11362),.PCURVE_S1.);
#11351 = LINE('',#11352,#11353);
#11352 = CARTESIAN_POINT('',(-57.5,25.182285676538,46.));
#11353 = VECTOR('',#11354,1.);
#11354 = DIRECTION('',(1.,0.,0.));
#11355 = PCURVE('',#9168,#11356);
#11356 = DEFINITIONAL_REPRESENTATION('',(#11357),#11361);
#11357 = LINE('',#11358,#11359);
#11358 = CARTESIAN_POINT('',(5.282285676538,0.));
#11359 = VECTOR('',#11360,1.);
#11360 = DIRECTION('',(0.,-1.));
#11361 = ( GEOMETRIC_REPRESENTATION_CONTEXT(2) 
PARAMETRIC_REPRESENTATION_CONTEXT() REPRESENTATION_CONTEXT('2D SPACE',''
  ) );
#11362 = PCURVE('',#11363,#11368);
#11363 = PLANE('',#11364);
#11364 = AXIS2_PLACEMENT_3D('',#11365,#11366,#11367);
#11365 = CARTESIAN_POINT('',(-57.5,25.182285676538,46.));
#11366 = DIRECTION('',(0.,-1.,0.));
#11367 = DIRECTION('',(0.,0.,1.));
#11368 = DEFINITIONAL_REPRESENTATION('',(#11369),#11373);
#11369 = LINE('',#11370,#11371);
#11370 = CARTESIAN_POINT('',(0.,0.));
#11371 = VECTOR('',#11372,1.);
#11372 = DIRECTION('',(0.,-1.));
#11373 = ( GEOMETRIC_REPRESENTATION_CONTEXT(2) 
PARAMETRIC_REPRESENTATION_CONTEXT() REPRESENTATION_CONTEXT('2D SPACE',''
  ) );
#11374 = ORIENTED_EDGE('',*,*,#11375,.T.);
#11375 = EDGE_CURVE('',#11348,#11376,#11378,.T.);
#11376 = VERTEX_POINT('',#11377);
#11377 = CARTESIAN_POINT('',(-48.76119856379,20.499377795548,46.));
#11378 = SURFACE_CURVE('',#11379,(#11384,#11391),.PCURVE_S1.);
#11379 = ELLIPSE('',#11380,8.500147271344,2.2);
#11380 = AXIS2_PLACEMENT_3D('',#11381,#11382,#11383);
#11381 = CARTESIAN_POINT('',(-47.5,27.464101615138,46.));
#11382 = DIRECTION('',(0.,0.,1.));
#11383 = DIRECTION('',(0.,1.,-0.));
#11384 = PCURVE('',#9168,#11385);
#11385 = DEFINITIONAL_REPRESENTATION('',(#11386),#11390);
#11386 = ELLIPSE('',#11387,8.500147271344,2.2);
#11387 = AXIS2_PLACEMENT_2D('',#11388,#11389);
#11388 = CARTESIAN_POINT('',(7.564101615138,-10.));
#11389 = DIRECTION('',(1.,0.));
#11390 = ( GEOMETRIC_REPRESENTATION_CONTEXT(2) 
PARAMETRIC_REPRESENTATION_CONTEXT() REPRESENTATION_CONTEXT('2D SPACE',''
  ) );
#11391 = PCURVE('',#11331,#11392);
#11392 = DEFINITIONAL_REPRESENTATION('',(#11393),#11401);
#11393 = B_SPLINE_CURVE_WITH_KNOTS('',6,(#11394,#11395,#11396,#11397,
    #11398,#11399,#11400),.UNSPECIFIED.,.F.,.F.,(7,7),(1.778589268055,
    2.531099051826),.PIECEWISE_BEZIER_KNOTS.);
#11394 = CARTESIAN_POINT('',(-3.34938559485,-1.966428719939));
#11395 = CARTESIAN_POINT('',(-3.474803892145,-2.974025813017));
#11396 = CARTESIAN_POINT('',(-3.60022218944,-3.949649486319));
#11397 = CARTESIAN_POINT('',(-3.725640486736,-4.864779153363));
#11398 = CARTESIAN_POINT('',(-3.85105878403,-5.692365334939));
#11399 = CARTESIAN_POINT('',(-3.976477081326,-6.40967470214));
#11400 = CARTESIAN_POINT('',(-4.101895378621,-7.0000006));
#11401 = ( GEOMETRIC_REPRESENTATION_CONTEXT(2) 
PARAMETRIC_REPRESENTATION_CONTEXT() REPRESENTATION_CONTEXT('2D SPACE',''
  ) );
#11402 = ORIENTED_EDGE('',*,*,#11403,.T.);
#11403 = EDGE_CURVE('',#11376,#10632,#11404,.T.);
#11404 = SURFACE_CURVE('',#11405,(#11409,#11415),.PCURVE_S1.);
#11405 = LINE('',#11406,#11407);
#11406 = CARTESIAN_POINT('',(-57.5,20.499377795548,46.));
#11407 = VECTOR('',#11408,1.);
#11408 = DIRECTION('',(-1.,0.,0.));
#11409 = PCURVE('',#9168,#11410);
#11410 = DEFINITIONAL_REPRESENTATION('',(#11411),#11414);
#11411 = B_SPLINE_CURVE_WITH_KNOTS('',1,(#11412,#11413),.UNSPECIFIED.,
  .F.,.F.,(2,2),(-25.5,0.),.PIECEWISE_BEZIER_KNOTS.);
#11412 = CARTESIAN_POINT('',(0.599377795548,-25.5));
#11413 = CARTESIAN_POINT('',(0.599377795548,0.));
#11414 = ( GEOMETRIC_REPRESENTATION_CONTEXT(2) 
PARAMETRIC_REPRESENTATION_CONTEXT() REPRESENTATION_CONTEXT('2D SPACE',''
  ) );
#11415 = PCURVE('',#9491,#11416);
#11416 = DEFINITIONAL_REPRESENTATION('',(#11417),#11420);
#11417 = B_SPLINE_CURVE_WITH_KNOTS('',1,(#11418,#11419),.UNSPECIFIED.,
  .F.,.F.,(2,2),(-25.5,0.),.PIECEWISE_BEZIER_KNOTS.);
#11418 = CARTESIAN_POINT('',(13.197396831611,25.5));
#11419 = CARTESIAN_POINT('',(13.197396831611,0.));
#11420 = ( GEOMETRIC_REPRESENTATION_CONTEXT(2) 
PARAMETRIC_REPRESENTATION_CONTEXT() REPRESENTATION_CONTEXT('2D SPACE',''
  ) );
#11421 = ADVANCED_FACE('',(#11422),#9143,.T.);
#11422 = FACE_BOUND('',#11423,.T.);
#11423 = EDGE_LOOP('',(#11424,#11447,#11468,#11469,#11470,#11491));
#11424 = ORIENTED_EDGE('',*,*,#11425,.T.);
#11425 = EDGE_CURVE('',#9504,#11426,#11428,.T.);
#11426 = VERTEX_POINT('',#11427);
#11427 = CARTESIAN_POINT('',(-32.,10.844740838783,14.218477984393));
#11428 = SURFACE_CURVE('',#11429,(#11433,#11440),.PCURVE_S1.);
#11429 = LINE('',#11430,#11431);
#11430 = CARTESIAN_POINT('',(-32.,17.276825315009,33.200529751541));
#11431 = VECTOR('',#11432,1.);
#11432 = DIRECTION('',(0.,-0.32092698015,-0.947103940131));
#11433 = PCURVE('',#9143,#11434);
#11434 = DEFINITIONAL_REPRESENTATION('',(#11435),#11439);
#11435 = LINE('',#11436,#11437);
#11436 = CARTESIAN_POINT('',(5.314448633134,-0.778278242417));
#11437 = VECTOR('',#11438,1.);
#11438 = DIRECTION('',(0.997894170503,6.486312108268E-02));
#11439 = ( GEOMETRIC_REPRESENTATION_CONTEXT(2) 
PARAMETRIC_REPRESENTATION_CONTEXT() REPRESENTATION_CONTEXT('2D SPACE',''
  ) );
#11440 = PCURVE('',#9542,#11441);
#11441 = DEFINITIONAL_REPRESENTATION('',(#11442),#11446);
#11442 = LINE('',#11443,#11444);
#11443 = CARTESIAN_POINT('',(0.,0.));
#11444 = VECTOR('',#11445,1.);
#11445 = DIRECTION('',(1.,0.));
#11446 = ( GEOMETRIC_REPRESENTATION_CONTEXT(2) 
PARAMETRIC_REPRESENTATION_CONTEXT() REPRESENTATION_CONTEXT('2D SPACE',''
  ) );
#11447 = ORIENTED_EDGE('',*,*,#11448,.T.);
#11448 = EDGE_CURVE('',#11426,#9103,#11449,.T.);
#11449 = SURFACE_CURVE('',#11450,(#11454,#11461),.PCURVE_S1.);
#11450 = LINE('',#11451,#11452);
#11451 = CARTESIAN_POINT('',(-32.,10.844740838783,14.218477984393));
#11452 = VECTOR('',#11453,1.);
#11453 = DIRECTION('',(0.,0.258819045103,0.965925826289));
#11454 = PCURVE('',#9143,#11455);
#11455 = DEFINITIONAL_REPRESENTATION('',(#11456),#11460);
#11456 = LINE('',#11457,#11458);
#11457 = CARTESIAN_POINT('',(25.314448633134,0.521721757583));
#11458 = VECTOR('',#11459,1.);
#11459 = DIRECTION('',(-1.,1.225300278295E-17));
#11460 = ( GEOMETRIC_REPRESENTATION_CONTEXT(2) 
PARAMETRIC_REPRESENTATION_CONTEXT() REPRESENTATION_CONTEXT('2D SPACE',''
  ) );
#11461 = PCURVE('',#9117,#11462);
#11462 = DEFINITIONAL_REPRESENTATION('',(#11463),#11467);
#11463 = LINE('',#11464,#11465);
#11464 = CARTESIAN_POINT('',(0.,0.));
#11465 = VECTOR('',#11466,1.);
#11466 = DIRECTION('',(1.,0.));
#11467 = ( GEOMETRIC_REPRESENTATION_CONTEXT(2) 
PARAMETRIC_REPRESENTATION_CONTEXT() REPRESENTATION_CONTEXT('2D SPACE',''
  ) );
#11468 = ORIENTED_EDGE('',*,*,#9128,.F.);
#11469 = ORIENTED_EDGE('',*,*,#11272,.F.);
#11470 = ORIENTED_EDGE('',*,*,#11471,.F.);
#11471 = EDGE_CURVE('',#9476,#11273,#11472,.T.);
#11472 = SURFACE_CURVE('',#11473,(#11477,#11484),.PCURVE_S1.);
#11473 = LINE('',#11474,#11475);
#11474 = CARTESIAN_POINT('',(-32.,17.771380409988,35.818975154177));
#11475 = VECTOR('',#11476,1.);
#11476 = DIRECTION('',(0.,0.258819045103,0.965925826289));
#11477 = PCURVE('',#9143,#11478);
#11478 = DEFINITIONAL_REPRESENTATION('',(#11479),#11483);
#11479 = LINE('',#11480,#11481);
#11480 = CARTESIAN_POINT('',(2.657224316567,-0.578278242417));
#11481 = VECTOR('',#11482,1.);
#11482 = DIRECTION('',(-1.,1.225300278295E-17));
#11483 = ( GEOMETRIC_REPRESENTATION_CONTEXT(2) 
PARAMETRIC_REPRESENTATION_CONTEXT() REPRESENTATION_CONTEXT('2D SPACE',''
  ) );
#11484 = PCURVE('',#9491,#11485);
#11485 = DEFINITIONAL_REPRESENTATION('',(#11486),#11490);
#11486 = LINE('',#11487,#11488);
#11487 = CARTESIAN_POINT('',(2.657224316567,25.5));
#11488 = VECTOR('',#11489,1.);
#11489 = DIRECTION('',(1.,0.));
#11490 = ( GEOMETRIC_REPRESENTATION_CONTEXT(2) 
PARAMETRIC_REPRESENTATION_CONTEXT() REPRESENTATION_CONTEXT('2D SPACE',''
  ) );
#11491 = ORIENTED_EDGE('',*,*,#9503,.F.);
#11492 = ADVANCED_FACE('',(#11493),#9117,.T.);
#11493 = FACE_BOUND('',#11494,.T.);
#11494 = EDGE_LOOP('',(#11495,#11496,#11519,#11540));
#11495 = ORIENTED_EDGE('',*,*,#11448,.F.);
#11496 = ORIENTED_EDGE('',*,*,#11497,.T.);
#11497 = EDGE_CURVE('',#11426,#11498,#11500,.T.);
#11498 = VERTEX_POINT('',#11499);
#11499 = CARTESIAN_POINT('',(-28.,10.844740838783,14.218477984393));
#11500 = SURFACE_CURVE('',#11501,(#11505,#11512),.PCURVE_S1.);
#11501 = LINE('',#11502,#11503);
#11502 = CARTESIAN_POINT('',(-32.,10.844740838783,14.218477984393));
#11503 = VECTOR('',#11504,1.);
#11504 = DIRECTION('',(1.,0.,0.));
#11505 = PCURVE('',#9117,#11506);
#11506 = DEFINITIONAL_REPRESENTATION('',(#11507),#11511);
#11507 = LINE('',#11508,#11509);
#11508 = CARTESIAN_POINT('',(0.,0.));
#11509 = VECTOR('',#11510,1.);
#11510 = DIRECTION('',(0.,-1.));
#11511 = ( GEOMETRIC_REPRESENTATION_CONTEXT(2) 
PARAMETRIC_REPRESENTATION_CONTEXT() REPRESENTATION_CONTEXT('2D SPACE',''
  ) );
#11512 = PCURVE('',#9542,#11513);
#11513 = DEFINITIONAL_REPRESENTATION('',(#11514),#11518);
#11514 = LINE('',#11515,#11516);
#11515 = CARTESIAN_POINT('',(20.042205467463,0.));
#11516 = VECTOR('',#11517,1.);
#11517 = DIRECTION('',(0.,-1.));
#11518 = ( GEOMETRIC_REPRESENTATION_CONTEXT(2) 
PARAMETRIC_REPRESENTATION_CONTEXT() REPRESENTATION_CONTEXT('2D SPACE',''
  ) );
#11519 = ORIENTED_EDGE('',*,*,#11520,.T.);
#11520 = EDGE_CURVE('',#11498,#9077,#11521,.T.);
#11521 = SURFACE_CURVE('',#11522,(#11526,#11533),.PCURVE_S1.);
#11522 = LINE('',#11523,#11524);
#11523 = CARTESIAN_POINT('',(-28.,10.844740838783,14.218477984393));
#11524 = VECTOR('',#11525,1.);
#11525 = DIRECTION('',(0.,0.258819045103,0.965925826289));
#11526 = PCURVE('',#9117,#11527);
#11527 = DEFINITIONAL_REPRESENTATION('',(#11528),#11532);
#11528 = LINE('',#11529,#11530);
#11529 = CARTESIAN_POINT('',(0.,-4.));
#11530 = VECTOR('',#11531,1.);
#11531 = DIRECTION('',(1.,0.));
#11532 = ( GEOMETRIC_REPRESENTATION_CONTEXT(2) 
PARAMETRIC_REPRESENTATION_CONTEXT() REPRESENTATION_CONTEXT('2D SPACE',''
  ) );
#11533 = PCURVE('',#9091,#11534);
#11534 = DEFINITIONAL_REPRESENTATION('',(#11535),#11539);
#11535 = LINE('',#11536,#11537);
#11536 = CARTESIAN_POINT('',(25.314448633134,0.521721757583));
#11537 = VECTOR('',#11538,1.);
#11538 = DIRECTION('',(-1.,1.225300278295E-17));
#11539 = ( GEOMETRIC_REPRESENTATION_CONTEXT(2) 
PARAMETRIC_REPRESENTATION_CONTEXT() REPRESENTATION_CONTEXT('2D SPACE',''
  ) );
#11540 = ORIENTED_EDGE('',*,*,#9102,.F.);
#11541 = ADVANCED_FACE('',(#11542),#9091,.F.);
#11542 = FACE_BOUND('',#11543,.F.);
#11543 = EDGE_LOOP('',(#11544,#11565,#11566,#11567,#11568,#11569));
#11544 = ORIENTED_EDGE('',*,*,#11545,.T.);
#11545 = EDGE_CURVE('',#9527,#11498,#11546,.T.);
#11546 = SURFACE_CURVE('',#11547,(#11551,#11558),.PCURVE_S1.);
#11547 = LINE('',#11548,#11549);
#11548 = CARTESIAN_POINT('',(-28.,17.276825315009,33.200529751541));
#11549 = VECTOR('',#11550,1.);
#11550 = DIRECTION('',(0.,-0.32092698015,-0.947103940131));
#11551 = PCURVE('',#9091,#11552);
#11552 = DEFINITIONAL_REPRESENTATION('',(#11553),#11557);
#11553 = LINE('',#11554,#11555);
#11554 = CARTESIAN_POINT('',(5.314448633134,-0.778278242417));
#11555 = VECTOR('',#11556,1.);
#11556 = DIRECTION('',(0.997894170503,6.486312108268E-02));
#11557 = ( GEOMETRIC_REPRESENTATION_CONTEXT(2) 
PARAMETRIC_REPRESENTATION_CONTEXT() REPRESENTATION_CONTEXT('2D SPACE',''
  ) );
#11558 = PCURVE('',#9542,#11559);
#11559 = DEFINITIONAL_REPRESENTATION('',(#11560),#11564);
#11560 = LINE('',#11561,#11562);
#11561 = CARTESIAN_POINT('',(0.,-4.));
#11562 = VECTOR('',#11563,1.);
#11563 = DIRECTION('',(1.,0.));
#11564 = ( GEOMETRIC_REPRESENTATION_CONTEXT(2) 
PARAMETRIC_REPRESENTATION_CONTEXT() REPRESENTATION_CONTEXT('2D SPACE',''
  ) );
#11565 = ORIENTED_EDGE('',*,*,#11520,.T.);
#11566 = ORIENTED_EDGE('',*,*,#9076,.F.);
#11567 = ORIENTED_EDGE('',*,*,#9183,.F.);
#11568 = ORIENTED_EDGE('',*,*,#9345,.F.);
#11569 = ORIENTED_EDGE('',*,*,#9554,.F.);
#11570 = ADVANCED_FACE('',(#11571),#9264,.T.);
#11571 = FACE_BOUND('',#11572,.T.);
#11572 = EDGE_LOOP('',(#11573,#11596,#11617,#11618,#11619,#11620));
#11573 = ORIENTED_EDGE('',*,*,#11574,.T.);
#11574 = EDGE_CURVE('',#9599,#11575,#11577,.T.);
#11575 = VERTEX_POINT('',#11576);
#11576 = CARTESIAN_POINT('',(28.,10.844740838783,14.218477984393));
#11577 = SURFACE_CURVE('',#11578,(#11582,#11589),.PCURVE_S1.);
#11578 = LINE('',#11579,#11580);
#11579 = CARTESIAN_POINT('',(28.,17.276825315009,33.200529751541));
#11580 = VECTOR('',#11581,1.);
#11581 = DIRECTION('',(0.,-0.32092698015,-0.947103940131));
#11582 = PCURVE('',#9264,#11583);
#11583 = DEFINITIONAL_REPRESENTATION('',(#11584),#11588);
#11584 = LINE('',#11585,#11586);
#11585 = CARTESIAN_POINT('',(5.314448633134,-0.778278242417));
#11586 = VECTOR('',#11587,1.);
#11587 = DIRECTION('',(0.997894170503,6.486312108268E-02));
#11588 = ( GEOMETRIC_REPRESENTATION_CONTEXT(2) 
PARAMETRIC_REPRESENTATION_CONTEXT() REPRESENTATION_CONTEXT('2D SPACE',''
  ) );
#11589 = PCURVE('',#9637,#11590);
#11590 = DEFINITIONAL_REPRESENTATION('',(#11591),#11595);
#11591 = LINE('',#11592,#11593);
#11592 = CARTESIAN_POINT('',(0.,0.));
#11593 = VECTOR('',#11594,1.);
#11594 = DIRECTION('',(1.,0.));
#11595 = ( GEOMETRIC_REPRESENTATION_CONTEXT(2) 
PARAMETRIC_REPRESENTATION_CONTEXT() REPRESENTATION_CONTEXT('2D SPACE',''
  ) );
#11596 = ORIENTED_EDGE('',*,*,#11597,.T.);
#11597 = EDGE_CURVE('',#11575,#10243,#11598,.T.);
#11598 = SURFACE_CURVE('',#11599,(#11603,#11610),.PCURVE_S1.);
#11599 = LINE('',#11600,#11601);
#11600 = CARTESIAN_POINT('',(28.,10.844740838783,14.218477984393));
#11601 = VECTOR('',#11602,1.);
#11602 = DIRECTION('',(0.,0.258819045103,0.965925826289));
#11603 = PCURVE('',#9264,#11604);
#11604 = DEFINITIONAL_REPRESENTATION('',(#11605),#11609);
#11605 = LINE('',#11606,#11607);
#11606 = CARTESIAN_POINT('',(25.314448633134,0.521721757583));
#11607 = VECTOR('',#11608,1.);
#11608 = DIRECTION('',(-1.,1.225300278295E-17));
#11609 = ( GEOMETRIC_REPRESENTATION_CONTEXT(2) 
PARAMETRIC_REPRESENTATION_CONTEXT() REPRESENTATION_CONTEXT('2D SPACE',''
  ) );
#11610 = PCURVE('',#10257,#11611);
#11611 = DEFINITIONAL_REPRESENTATION('',(#11612),#11616);
#11612 = LINE('',#11613,#11614);
#11613 = CARTESIAN_POINT('',(0.,0.));
#11614 = VECTOR('',#11615,1.);
#11615 = DIRECTION('',(1.,0.));
#11616 = ( GEOMETRIC_REPRESENTATION_CONTEXT(2) 
PARAMETRIC_REPRESENTATION_CONTEXT() REPRESENTATION_CONTEXT('2D SPACE',''
  ) );
#11617 = ORIENTED_EDGE('',*,*,#10268,.F.);
#11618 = ORIENTED_EDGE('',*,*,#9249,.F.);
#11619 = ORIENTED_EDGE('',*,*,#9367,.F.);
#11620 = ORIENTED_EDGE('',*,*,#9598,.F.);
#11621 = ADVANCED_FACE('',(#11622,#11748,#11774),#9435,.T.);
#11622 = FACE_BOUND('',#11623,.T.);
#11623 = EDGE_LOOP('',(#11624,#11625,#11651,#11652,#11676,#11699,#11725,
    #11726));
#11624 = ORIENTED_EDGE('',*,*,#9417,.F.);
#11625 = ORIENTED_EDGE('',*,*,#11626,.F.);
#11626 = EDGE_CURVE('',#10678,#9418,#11627,.T.);
#11627 = SURFACE_CURVE('',#11628,(#11633,#11644),.PCURVE_S1.);
#11628 = CIRCLE('',#11629,4.);
#11629 = AXIS2_PLACEMENT_3D('',#11630,#11631,#11632);
#11630 = CARTESIAN_POINT('',(-53.5,23.914471287896,35.563082595103));
#11631 = DIRECTION('',(0.,-0.965925826289,0.258819045103));
#11632 = DIRECTION('',(0.,0.258819045103,0.965925826289));
#11633 = PCURVE('',#9435,#11634);
#11634 = DEFINITIONAL_REPRESENTATION('',(#11635),#11643);
#11635 = ( BOUNDED_CURVE() B_SPLINE_CURVE(2,(#11636,#11637,#11638,#11639
    ,#11640,#11641,#11642),.UNSPECIFIED.,.T.,.F.) 
B_SPLINE_CURVE_WITH_KNOTS((1,2,2,2,2,1),(-2.094395102393,0.,
    2.094395102393,4.188790204786,6.28318530718,8.377580409573),
.UNSPECIFIED.) CURVE() GEOMETRIC_REPRESENTATION_ITEM() 
RATIONAL_B_SPLINE_CURVE((1.,0.5,1.,0.5,1.,0.5,1.)) REPRESENTATION_ITEM(
  '') );
#11636 = CARTESIAN_POINT('',(8.,4.));
#11637 = CARTESIAN_POINT('',(8.,-2.928203230276));
#11638 = CARTESIAN_POINT('',(2.,0.535898384862));
#11639 = CARTESIAN_POINT('',(-4.,4.));
#11640 = CARTESIAN_POINT('',(2.,7.464101615138));
#11641 = CARTESIAN_POINT('',(8.,10.928203230276));
#11642 = CARTESIAN_POINT('',(8.,4.));
#11643 = ( GEOMETRIC_REPRESENTATION_CONTEXT(2) 
PARAMETRIC_REPRESENTATION_CONTEXT() REPRESENTATION_CONTEXT('2D SPACE',''
  ) );
#11644 = PCURVE('',#9463,#11645);
#11645 = DEFINITIONAL_REPRESENTATION('',(#11646),#11650);
#11646 = LINE('',#11647,#11648);
#11647 = CARTESIAN_POINT('',(1.570796326795,6.));
#11648 = VECTOR('',#11649,1.);
#11649 = DIRECTION('',(-1.,0.));
#11650 = ( GEOMETRIC_REPRESENTATION_CONTEXT(2) 
PARAMETRIC_REPRESENTATION_CONTEXT() REPRESENTATION_CONTEXT('2D SPACE',''
  ) );
#11651 = ORIENTED_EDGE('',*,*,#10700,.T.);
#11652 = ORIENTED_EDGE('',*,*,#11653,.T.);
#11653 = EDGE_CURVE('',#10701,#11654,#11656,.T.);
#11654 = VERTEX_POINT('',#11655);
#11655 = CARTESIAN_POINT('',(-53.5,30.643766460561,60.677154078618));
#11656 = SURFACE_CURVE('',#11657,(#11662,#11669),.PCURVE_S1.);
#11657 = CIRCLE('',#11658,4.);
#11658 = AXIS2_PLACEMENT_3D('',#11659,#11660,#11661);
#11659 = CARTESIAN_POINT('',(-53.5,29.608490280151,56.813450773462));
#11660 = DIRECTION('',(0.,0.965925826289,-0.258819045103));
#11661 = DIRECTION('',(0.,0.258819045103,0.965925826289));
#11662 = PCURVE('',#9435,#11663);
#11663 = DEFINITIONAL_REPRESENTATION('',(#11664),#11668);
#11664 = CIRCLE('',#11665,4.);
#11665 = AXIS2_PLACEMENT_2D('',#11666,#11667);
#11666 = CARTESIAN_POINT('',(26.,4.));
#11667 = DIRECTION('',(1.,0.));
#11668 = ( GEOMETRIC_REPRESENTATION_CONTEXT(2) 
PARAMETRIC_REPRESENTATION_CONTEXT() REPRESENTATION_CONTEXT('2D SPACE',''
  ) );
#11669 = PCURVE('',#10739,#11670);
#11670 = DEFINITIONAL_REPRESENTATION('',(#11671),#11675);
#11671 = LINE('',#11672,#11673);
#11672 = CARTESIAN_POINT('',(-4.712388980385,6.));
#11673 = VECTOR('',#11674,1.);
#11674 = DIRECTION('',(1.,0.));
#11675 = ( GEOMETRIC_REPRESENTATION_CONTEXT(2) 
PARAMETRIC_REPRESENTATION_CONTEXT() REPRESENTATION_CONTEXT('2D SPACE',''
  ) );
#11676 = ORIENTED_EDGE('',*,*,#11677,.T.);
#11677 = EDGE_CURVE('',#11654,#11678,#11680,.T.);
#11678 = VERTEX_POINT('',#11679);
#11679 = CARTESIAN_POINT('',(53.5,30.643766460561,60.677154078618));
#11680 = SURFACE_CURVE('',#11681,(#11685,#11692),.PCURVE_S1.);
#11681 = LINE('',#11682,#11683);
#11682 = CARTESIAN_POINT('',(-57.5,30.643766460561,60.677154078618));
#11683 = VECTOR('',#11684,1.);
#11684 = DIRECTION('',(1.,0.,0.));
#11685 = PCURVE('',#9435,#11686);
#11686 = DEFINITIONAL_REPRESENTATION('',(#11687),#11691);
#11687 = LINE('',#11688,#11689);
#11688 = CARTESIAN_POINT('',(30.,0.));
#11689 = VECTOR('',#11690,1.);
#11690 = DIRECTION('',(0.,1.));
#11691 = ( GEOMETRIC_REPRESENTATION_CONTEXT(2) 
PARAMETRIC_REPRESENTATION_CONTEXT() REPRESENTATION_CONTEXT('2D SPACE',''
  ) );
#11692 = PCURVE('',#10821,#11693);
#11693 = DEFINITIONAL_REPRESENTATION('',(#11694),#11698);
#11694 = LINE('',#11695,#11696);
#11695 = CARTESIAN_POINT('',(0.,6.));
#11696 = VECTOR('',#11697,1.);
#11697 = DIRECTION('',(1.,0.));
#11698 = ( GEOMETRIC_REPRESENTATION_CONTEXT(2) 
PARAMETRIC_REPRESENTATION_CONTEXT() REPRESENTATION_CONTEXT('2D SPACE',''
  ) );
#11699 = ORIENTED_EDGE('',*,*,#11700,.F.);
#11700 = EDGE_CURVE('',#10962,#11678,#11701,.T.);
#11701 = SURFACE_CURVE('',#11702,(#11707,#11718),.PCURVE_S1.);
#11702 = CIRCLE('',#11703,4.);
#11703 = AXIS2_PLACEMENT_3D('',#11704,#11705,#11706);
#11704 = CARTESIAN_POINT('',(53.5,29.608490280151,56.813450773462));
#11705 = DIRECTION('',(0.,-0.965925826289,0.258819045103));
#11706 = DIRECTION('',(0.,0.258819045103,0.965925826289));
#11707 = PCURVE('',#9435,#11708);
#11708 = DEFINITIONAL_REPRESENTATION('',(#11709),#11717);
#11709 = ( BOUNDED_CURVE() B_SPLINE_CURVE(2,(#11710,#11711,#11712,#11713
    ,#11714,#11715,#11716),.UNSPECIFIED.,.T.,.F.) 
B_SPLINE_CURVE_WITH_KNOTS((1,2,2,2,2,1),(-2.094395102393,0.,
    2.094395102393,4.188790204786,6.28318530718,8.377580409573),
.UNSPECIFIED.) CURVE() GEOMETRIC_REPRESENTATION_ITEM() 
RATIONAL_B_SPLINE_CURVE((1.,0.5,1.,0.5,1.,0.5,1.)) REPRESENTATION_ITEM(
  '') );
#11710 = CARTESIAN_POINT('',(30.,111.));
#11711 = CARTESIAN_POINT('',(30.,104.07179676972));
#11712 = CARTESIAN_POINT('',(24.,107.53589838486));
#11713 = CARTESIAN_POINT('',(18.,111.));
#11714 = CARTESIAN_POINT('',(24.,114.46410161513));
#11715 = CARTESIAN_POINT('',(30.,117.92820323027));
#11716 = CARTESIAN_POINT('',(30.,111.));
#11717 = ( GEOMETRIC_REPRESENTATION_CONTEXT(2) 
PARAMETRIC_REPRESENTATION_CONTEXT() REPRESENTATION_CONTEXT('2D SPACE',''
  ) );
#11718 = PCURVE('',#10849,#11719);
#11719 = DEFINITIONAL_REPRESENTATION('',(#11720),#11724);
#11720 = LINE('',#11721,#11722);
#11721 = CARTESIAN_POINT('',(4.712388980385,6.));
#11722 = VECTOR('',#11723,1.);
#11723 = DIRECTION('',(-1.,0.));
#11724 = ( GEOMETRIC_REPRESENTATION_CONTEXT(2) 
PARAMETRIC_REPRESENTATION_CONTEXT() REPRESENTATION_CONTEXT('2D SPACE',''
  ) );
#11725 = ORIENTED_EDGE('',*,*,#10961,.F.);
#11726 = ORIENTED_EDGE('',*,*,#11727,.T.);
#11727 = EDGE_CURVE('',#10939,#9420,#11728,.T.);
#11728 = SURFACE_CURVE('',#11729,(#11734,#11741),.PCURVE_S1.);
#11729 = CIRCLE('',#11730,4.);
#11730 = AXIS2_PLACEMENT_3D('',#11731,#11732,#11733);
#11731 = CARTESIAN_POINT('',(53.5,23.914471287896,35.563082595103));
#11732 = DIRECTION('',(0.,0.965925826289,-0.258819045103));
#11733 = DIRECTION('',(0.,0.258819045103,0.965925826289));
#11734 = PCURVE('',#9435,#11735);
#11735 = DEFINITIONAL_REPRESENTATION('',(#11736),#11740);
#11736 = CIRCLE('',#11737,4.);
#11737 = AXIS2_PLACEMENT_2D('',#11738,#11739);
#11738 = CARTESIAN_POINT('',(4.,111.));
#11739 = DIRECTION('',(1.,0.));
#11740 = ( GEOMETRIC_REPRESENTATION_CONTEXT(2) 
PARAMETRIC_REPRESENTATION_CONTEXT() REPRESENTATION_CONTEXT('2D SPACE',''
  ) );
#11741 = PCURVE('',#9719,#11742);
#11742 = DEFINITIONAL_REPRESENTATION('',(#11743),#11747);
#11743 = LINE('',#11744,#11745);
#11744 = CARTESIAN_POINT('',(-1.570796326795,6.));
#11745 = VECTOR('',#11746,1.);
#11746 = DIRECTION('',(1.,0.));
#11747 = ( GEOMETRIC_REPRESENTATION_CONTEXT(2) 
PARAMETRIC_REPRESENTATION_CONTEXT() REPRESENTATION_CONTEXT('2D SPACE',''
  ) );
#11748 = FACE_BOUND('',#11749,.T.);
#11749 = EDGE_LOOP('',(#11750));
#11750 = ORIENTED_EDGE('',*,*,#11751,.F.);
#11751 = EDGE_CURVE('',#11752,#11752,#11754,.T.);
#11752 = VERTEX_POINT('',#11753);
#11753 = CARTESIAN_POINT('',(-45.3,26.761480784023,46.188266684282));
#11754 = SURFACE_CURVE('',#11755,(#11760,#11767),.PCURVE_S1.);
#11755 = CIRCLE('',#11756,2.2);
#11756 = AXIS2_PLACEMENT_3D('',#11757,#11758,#11759);
#11757 = CARTESIAN_POINT('',(-47.5,26.761480784023,46.188266684282));
#11758 = DIRECTION('',(0.,0.965925826289,-0.258819045103));
#11759 = DIRECTION('',(1.,0.,0.));
#11760 = PCURVE('',#9435,#11761);
#11761 = DEFINITIONAL_REPRESENTATION('',(#11762),#11766);
#11762 = CIRCLE('',#11763,2.2);
#11763 = AXIS2_PLACEMENT_2D('',#11764,#11765);
#11764 = CARTESIAN_POINT('',(15.,10.));
#11765 = DIRECTION('',(0.,1.));
#11766 = ( GEOMETRIC_REPRESENTATION_CONTEXT(2) 
PARAMETRIC_REPRESENTATION_CONTEXT() REPRESENTATION_CONTEXT('2D SPACE',''
  ) );
#11767 = PCURVE('',#11331,#11768);
#11768 = DEFINITIONAL_REPRESENTATION('',(#11769),#11773);
#11769 = LINE('',#11770,#11771);
#11770 = CARTESIAN_POINT('',(-6.28318530718,-1.));
#11771 = VECTOR('',#11772,1.);
#11772 = DIRECTION('',(1.,-0.));
#11773 = ( GEOMETRIC_REPRESENTATION_CONTEXT(2) 
PARAMETRIC_REPRESENTATION_CONTEXT() REPRESENTATION_CONTEXT('2D SPACE',''
  ) );
#11774 = FACE_BOUND('',#11775,.T.);
#11775 = EDGE_LOOP('',(#11776));
#11776 = ORIENTED_EDGE('',*,*,#11777,.F.);
#11777 = EDGE_CURVE('',#11778,#11778,#11780,.T.);
#11778 = VERTEX_POINT('',#11779);
#11779 = CARTESIAN_POINT('',(49.7,26.761480784023,46.188266684282));
#11780 = SURFACE_CURVE('',#11781,(#11786,#11793),.PCURVE_S1.);
#11781 = CIRCLE('',#11782,2.2);
#11782 = AXIS2_PLACEMENT_3D('',#11783,#11784,#11785);
#11783 = CARTESIAN_POINT('',(47.5,26.761480784023,46.188266684282));
#11784 = DIRECTION('',(0.,0.965925826289,-0.258819045103));
#11785 = DIRECTION('',(1.,0.,0.));
#11786 = PCURVE('',#9435,#11787);
#11787 = DEFINITIONAL_REPRESENTATION('',(#11788),#11792);
#11788 = CIRCLE('',#11789,2.2);
#11789 = AXIS2_PLACEMENT_2D('',#11790,#11791);
#11790 = CARTESIAN_POINT('',(15.,105.));
#11791 = DIRECTION('',(0.,1.));
#11792 = ( GEOMETRIC_REPRESENTATION_CONTEXT(2) 
PARAMETRIC_REPRESENTATION_CONTEXT() REPRESENTATION_CONTEXT('2D SPACE',''
  ) );
#11793 = PCURVE('',#11794,#11799);
#11794 = CYLINDRICAL_SURFACE('',#11795,2.2);
#11795 = AXIS2_PLACEMENT_3D('',#11796,#11797,#11798);
#11796 = CARTESIAN_POINT('',(47.5,27.727406610313,45.92944763918));
#11797 = DIRECTION('',(0.,0.965925826289,-0.258819045103));
#11798 = DIRECTION('',(1.,0.,0.));
#11799 = DEFINITIONAL_REPRESENTATION('',(#11800),#11804);
#11800 = LINE('',#11801,#11802);
#11801 = CARTESIAN_POINT('',(-6.28318530718,-1.));
#11802 = VECTOR('',#11803,1.);
#11803 = DIRECTION('',(1.,-0.));
#11804 = ( GEOMETRIC_REPRESENTATION_CONTEXT(2) 
PARAMETRIC_REPRESENTATION_CONTEXT() REPRESENTATION_CONTEXT('2D SPACE',''
  ) );
#11805 = ADVANCED_FACE('',(#11806),#9719,.T.);
#11806 = FACE_BOUND('',#11807,.T.);
#11807 = EDGE_LOOP('',(#11808,#11830,#11831,#11832));
#11808 = ORIENTED_EDGE('',*,*,#11809,.T.);
#11809 = EDGE_CURVE('',#10916,#9678,#11810,.T.);
#11810 = SURFACE_CURVE('',#11811,(#11816,#11823),.PCURVE_S1.);
#11811 = CIRCLE('',#11812,4.);
#11812 = AXIS2_PLACEMENT_3D('',#11813,#11814,#11815);
#11813 = CARTESIAN_POINT('',(53.5,18.118916330161,37.115996865718));
#11814 = DIRECTION('',(0.,0.965925826289,-0.258819045103));
#11815 = DIRECTION('',(0.,0.258819045103,0.965925826289));
#11816 = PCURVE('',#9719,#11817);
#11817 = DEFINITIONAL_REPRESENTATION('',(#11818),#11822);
#11818 = LINE('',#11819,#11820);
#11819 = CARTESIAN_POINT('',(-1.570796326795,0.));
#11820 = VECTOR('',#11821,1.);
#11821 = DIRECTION('',(1.,0.));
#11822 = ( GEOMETRIC_REPRESENTATION_CONTEXT(2) 
PARAMETRIC_REPRESENTATION_CONTEXT() REPRESENTATION_CONTEXT('2D SPACE',''
  ) );
#11823 = PCURVE('',#9693,#11824);
#11824 = DEFINITIONAL_REPRESENTATION('',(#11825),#11829);
#11825 = CIRCLE('',#11826,4.);
#11826 = AXIS2_PLACEMENT_2D('',#11827,#11828);
#11827 = CARTESIAN_POINT('',(4.,111.));
#11828 = DIRECTION('',(1.,0.));
#11829 = ( GEOMETRIC_REPRESENTATION_CONTEXT(2) 
PARAMETRIC_REPRESENTATION_CONTEXT() REPRESENTATION_CONTEXT('2D SPACE',''
  ) );
#11830 = ORIENTED_EDGE('',*,*,#9705,.T.);
#11831 = ORIENTED_EDGE('',*,*,#11727,.F.);
#11832 = ORIENTED_EDGE('',*,*,#10938,.F.);
#11833 = ADVANCED_FACE('',(#11834),#9693,.F.);
#11834 = FACE_BOUND('',#11835,.F.);
#11835 = EDGE_LOOP('',(#11836,#11837,#11860,#11881,#11905,#11924,#11925)
  );
#11836 = ORIENTED_EDGE('',*,*,#9677,.F.);
#11837 = ORIENTED_EDGE('',*,*,#11838,.T.);
#11838 = EDGE_CURVE('',#9650,#11839,#11841,.T.);
#11839 = VERTEX_POINT('',#11840);
#11840 = CARTESIAN_POINT('',(32.,20.499377795548,46.));
#11841 = SURFACE_CURVE('',#11842,(#11846,#11853),.PCURVE_S1.);
#11842 = LINE('',#11843,#11844);
#11843 = CARTESIAN_POINT('',(32.,17.771380409988,35.818975154177));
#11844 = VECTOR('',#11845,1.);
#11845 = DIRECTION('',(0.,0.258819045103,0.965925826289));
#11846 = PCURVE('',#9693,#11847);
#11847 = DEFINITIONAL_REPRESENTATION('',(#11848),#11852);
#11848 = LINE('',#11849,#11850);
#11849 = CARTESIAN_POINT('',(2.657224316567,89.5));
#11850 = VECTOR('',#11851,1.);
#11851 = DIRECTION('',(1.,0.));
#11852 = ( GEOMETRIC_REPRESENTATION_CONTEXT(2) 
PARAMETRIC_REPRESENTATION_CONTEXT() REPRESENTATION_CONTEXT('2D SPACE',''
  ) );
#11853 = PCURVE('',#9665,#11854);
#11854 = DEFINITIONAL_REPRESENTATION('',(#11855),#11859);
#11855 = LINE('',#11856,#11857);
#11856 = CARTESIAN_POINT('',(2.657224316567,-0.578278242417));
#11857 = VECTOR('',#11858,1.);
#11858 = DIRECTION('',(-1.,1.225300278295E-17));
#11859 = ( GEOMETRIC_REPRESENTATION_CONTEXT(2) 
PARAMETRIC_REPRESENTATION_CONTEXT() REPRESENTATION_CONTEXT('2D SPACE',''
  ) );
#11860 = ORIENTED_EDGE('',*,*,#11861,.F.);
#11861 = EDGE_CURVE('',#11862,#11839,#11864,.T.);
#11862 = VERTEX_POINT('',#11863);
#11863 = CARTESIAN_POINT('',(46.238801436207,20.499377795548,46.));
#11864 = SURFACE_CURVE('',#11865,(#11869,#11875),.PCURVE_S1.);
#11865 = LINE('',#11866,#11867);
#11866 = CARTESIAN_POINT('',(-57.5,20.499377795548,46.));
#11867 = VECTOR('',#11868,1.);
#11868 = DIRECTION('',(-1.,0.,0.));
#11869 = PCURVE('',#9693,#11870);
#11870 = DEFINITIONAL_REPRESENTATION('',(#11871),#11874);
#11871 = B_SPLINE_CURVE_WITH_KNOTS('',1,(#11872,#11873),.UNSPECIFIED.,
  .F.,.F.,(2,2),(-115.,-89.5),.PIECEWISE_BEZIER_KNOTS.);
#11872 = CARTESIAN_POINT('',(13.197396831611,115.));
#11873 = CARTESIAN_POINT('',(13.197396831611,89.5));
#11874 = ( GEOMETRIC_REPRESENTATION_CONTEXT(2) 
PARAMETRIC_REPRESENTATION_CONTEXT() REPRESENTATION_CONTEXT('2D SPACE',''
  ) );
#11875 = PCURVE('',#10209,#11876);
#11876 = DEFINITIONAL_REPRESENTATION('',(#11877),#11880);
#11877 = B_SPLINE_CURVE_WITH_KNOTS('',1,(#11878,#11879),.UNSPECIFIED.,
  .F.,.F.,(2,2),(-115.,-89.5),.PIECEWISE_BEZIER_KNOTS.);
#11878 = CARTESIAN_POINT('',(0.599377795548,-115.));
#11879 = CARTESIAN_POINT('',(0.599377795548,-89.5));
#11880 = ( GEOMETRIC_REPRESENTATION_CONTEXT(2) 
PARAMETRIC_REPRESENTATION_CONTEXT() REPRESENTATION_CONTEXT('2D SPACE',''
  ) );
#11881 = ORIENTED_EDGE('',*,*,#11882,.F.);
#11882 = EDGE_CURVE('',#11883,#11862,#11885,.T.);
#11883 = VERTEX_POINT('',#11884);
#11884 = CARTESIAN_POINT('',(48.761198563793,20.499377795548,46.));
#11885 = SURFACE_CURVE('',#11886,(#11891,#11898),.PCURVE_S1.);
#11886 = CIRCLE('',#11887,2.2);
#11887 = AXIS2_PLACEMENT_3D('',#11888,#11889,#11890);
#11888 = CARTESIAN_POINT('',(47.5,20.965925826289,47.741180954897));
#11889 = DIRECTION('',(0.,0.965925826289,-0.258819045103));
#11890 = DIRECTION('',(1.,0.,0.));
#11891 = PCURVE('',#9693,#11892);
#11892 = DEFINITIONAL_REPRESENTATION('',(#11893),#11897);
#11893 = CIRCLE('',#11894,2.2);
#11894 = AXIS2_PLACEMENT_2D('',#11895,#11896);
#11895 = CARTESIAN_POINT('',(15.,105.));
#11896 = DIRECTION('',(0.,1.));
#11897 = ( GEOMETRIC_REPRESENTATION_CONTEXT(2) 
PARAMETRIC_REPRESENTATION_CONTEXT() REPRESENTATION_CONTEXT('2D SPACE',''
  ) );
#11898 = PCURVE('',#11794,#11899);
#11899 = DEFINITIONAL_REPRESENTATION('',(#11900),#11904);
#11900 = LINE('',#11901,#11902);
#11901 = CARTESIAN_POINT('',(-6.28318530718,-7.));
#11902 = VECTOR('',#11903,1.);
#11903 = DIRECTION('',(1.,-0.));
#11904 = ( GEOMETRIC_REPRESENTATION_CONTEXT(2) 
PARAMETRIC_REPRESENTATION_CONTEXT() REPRESENTATION_CONTEXT('2D SPACE',''
  ) );
#11905 = ORIENTED_EDGE('',*,*,#11906,.F.);
#11906 = EDGE_CURVE('',#10893,#11883,#11907,.T.);
#11907 = SURFACE_CURVE('',#11908,(#11912,#11918),.PCURVE_S1.);
#11908 = LINE('',#11909,#11910);
#11909 = CARTESIAN_POINT('',(-57.5,20.499377795548,46.));
#11910 = VECTOR('',#11911,1.);
#11911 = DIRECTION('',(-1.,0.,0.));
#11912 = PCURVE('',#9693,#11913);
#11913 = DEFINITIONAL_REPRESENTATION('',(#11914),#11917);
#11914 = B_SPLINE_CURVE_WITH_KNOTS('',1,(#11915,#11916),.UNSPECIFIED.,
  .F.,.F.,(2,2),(-115.,-89.5),.PIECEWISE_BEZIER_KNOTS.);
#11915 = CARTESIAN_POINT('',(13.197396831611,115.));
#11916 = CARTESIAN_POINT('',(13.197396831611,89.5));
#11917 = ( GEOMETRIC_REPRESENTATION_CONTEXT(2) 
PARAMETRIC_REPRESENTATION_CONTEXT() REPRESENTATION_CONTEXT('2D SPACE',''
  ) );
#11918 = PCURVE('',#10209,#11919);
#11919 = DEFINITIONAL_REPRESENTATION('',(#11920),#11923);
#11920 = B_SPLINE_CURVE_WITH_KNOTS('',1,(#11921,#11922),.UNSPECIFIED.,
  .F.,.F.,(2,2),(-115.,-89.5),.PIECEWISE_BEZIER_KNOTS.);
#11921 = CARTESIAN_POINT('',(0.599377795548,-115.));
#11922 = CARTESIAN_POINT('',(0.599377795548,-89.5));
#11923 = ( GEOMETRIC_REPRESENTATION_CONTEXT(2) 
PARAMETRIC_REPRESENTATION_CONTEXT() REPRESENTATION_CONTEXT('2D SPACE',''
  ) );
#11924 = ORIENTED_EDGE('',*,*,#10915,.F.);
#11925 = ORIENTED_EDGE('',*,*,#11809,.T.);
#11926 = ADVANCED_FACE('',(#11927),#9665,.F.);
#11927 = FACE_BOUND('',#11928,.F.);
#11928 = EDGE_LOOP('',(#11929,#11952,#11973,#11974,#11993,#11994));
#11929 = ORIENTED_EDGE('',*,*,#11930,.T.);
#11930 = EDGE_CURVE('',#9622,#11931,#11933,.T.);
#11931 = VERTEX_POINT('',#11932);
#11932 = CARTESIAN_POINT('',(32.,10.844740838783,14.218477984393));
#11933 = SURFACE_CURVE('',#11934,(#11938,#11945),.PCURVE_S1.);
#11934 = LINE('',#11935,#11936);
#11935 = CARTESIAN_POINT('',(32.,17.276825315009,33.200529751541));
#11936 = VECTOR('',#11937,1.);
#11937 = DIRECTION('',(0.,-0.32092698015,-0.947103940131));
#11938 = PCURVE('',#9665,#11939);
#11939 = DEFINITIONAL_REPRESENTATION('',(#11940),#11944);
#11940 = LINE('',#11941,#11942);
#11941 = CARTESIAN_POINT('',(5.314448633134,-0.778278242417));
#11942 = VECTOR('',#11943,1.);
#11943 = DIRECTION('',(0.997894170503,6.486312108268E-02));
#11944 = ( GEOMETRIC_REPRESENTATION_CONTEXT(2) 
PARAMETRIC_REPRESENTATION_CONTEXT() REPRESENTATION_CONTEXT('2D SPACE',''
  ) );
#11945 = PCURVE('',#9637,#11946);
#11946 = DEFINITIONAL_REPRESENTATION('',(#11947),#11951);
#11947 = LINE('',#11948,#11949);
#11948 = CARTESIAN_POINT('',(0.,-4.));
#11949 = VECTOR('',#11950,1.);
#11950 = DIRECTION('',(1.,0.));
#11951 = ( GEOMETRIC_REPRESENTATION_CONTEXT(2) 
PARAMETRIC_REPRESENTATION_CONTEXT() REPRESENTATION_CONTEXT('2D SPACE',''
  ) );
#11952 = ORIENTED_EDGE('',*,*,#11953,.T.);
#11953 = EDGE_CURVE('',#11931,#10222,#11954,.T.);
#11954 = SURFACE_CURVE('',#11955,(#11959,#11966),.PCURVE_S1.);
#11955 = LINE('',#11956,#11957);
#11956 = CARTESIAN_POINT('',(32.,10.844740838783,14.218477984393));
#11957 = VECTOR('',#11958,1.);
#11958 = DIRECTION('',(0.,0.258819045103,0.965925826289));
#11959 = PCURVE('',#9665,#11960);
#11960 = DEFINITIONAL_REPRESENTATION('',(#11961),#11965);
#11961 = LINE('',#11962,#11963);
#11962 = CARTESIAN_POINT('',(25.314448633134,0.521721757583));
#11963 = VECTOR('',#11964,1.);
#11964 = DIRECTION('',(-1.,1.225300278295E-17));
#11965 = ( GEOMETRIC_REPRESENTATION_CONTEXT(2) 
PARAMETRIC_REPRESENTATION_CONTEXT() REPRESENTATION_CONTEXT('2D SPACE',''
  ) );
#11966 = PCURVE('',#10257,#11967);
#11967 = DEFINITIONAL_REPRESENTATION('',(#11968),#11972);
#11968 = LINE('',#11969,#11970);
#11969 = CARTESIAN_POINT('',(0.,-4.));
#11970 = VECTOR('',#11971,1.);
#11971 = DIRECTION('',(1.,0.));
#11972 = ( GEOMETRIC_REPRESENTATION_CONTEXT(2) 
PARAMETRIC_REPRESENTATION_CONTEXT() REPRESENTATION_CONTEXT('2D SPACE',''
  ) );
#11973 = ORIENTED_EDGE('',*,*,#10221,.F.);
#11974 = ORIENTED_EDGE('',*,*,#11975,.F.);
#11975 = EDGE_CURVE('',#11839,#10194,#11976,.T.);
#11976 = SURFACE_CURVE('',#11977,(#11981,#11987),.PCURVE_S1.);
#11977 = LINE('',#11978,#11979);
#11978 = CARTESIAN_POINT('',(32.,18.900273390547,46.));
#11979 = VECTOR('',#11980,1.);
#11980 = DIRECTION('',(0.,-1.,0.));
#11981 = PCURVE('',#9665,#11982);
#11982 = DEFINITIONAL_REPRESENTATION('',(#11983),#11986);
#11983 = B_SPLINE_CURVE_WITH_KNOTS('',1,(#11984,#11985),.UNSPECIFIED.,
  .F.,.F.,(2,2),(-1.806159641083,-0.999726609453),
  .PIECEWISE_BEZIER_KNOTS.);
#11984 = CARTESIAN_POINT('',(-7.936538036963,-0.778278242417));
#11985 = CARTESIAN_POINT('',(-7.727817809777,6.762500071475E-04));
#11986 = ( GEOMETRIC_REPRESENTATION_CONTEXT(2) 
PARAMETRIC_REPRESENTATION_CONTEXT() REPRESENTATION_CONTEXT('2D SPACE',''
  ) );
#11987 = PCURVE('',#10209,#11988);
#11988 = DEFINITIONAL_REPRESENTATION('',(#11989),#11992);
#11989 = B_SPLINE_CURVE_WITH_KNOTS('',1,(#11990,#11991),.UNSPECIFIED.,
  .F.,.F.,(2,2),(-1.806159641083,-0.999726609453),
  .PIECEWISE_BEZIER_KNOTS.);
#11990 = CARTESIAN_POINT('',(0.80643303163,-89.5));
#11991 = CARTESIAN_POINT('',(0.,-89.5));
#11992 = ( GEOMETRIC_REPRESENTATION_CONTEXT(2) 
PARAMETRIC_REPRESENTATION_CONTEXT() REPRESENTATION_CONTEXT('2D SPACE',''
  ) );
#11993 = ORIENTED_EDGE('',*,*,#11838,.F.);
#11994 = ORIENTED_EDGE('',*,*,#9649,.F.);
#11995 = ADVANCED_FACE('',(#11996),#9637,.T.);
#11996 = FACE_BOUND('',#11997,.T.);
#11997 = EDGE_LOOP('',(#11998,#11999,#12000,#12021));
#11998 = ORIENTED_EDGE('',*,*,#9621,.T.);
#11999 = ORIENTED_EDGE('',*,*,#11930,.T.);
#12000 = ORIENTED_EDGE('',*,*,#12001,.F.);
#12001 = EDGE_CURVE('',#11575,#11931,#12002,.T.);
#12002 = SURFACE_CURVE('',#12003,(#12007,#12014),.PCURVE_S1.);
#12003 = LINE('',#12004,#12005);
#12004 = CARTESIAN_POINT('',(28.,10.844740838783,14.218477984393));
#12005 = VECTOR('',#12006,1.);
#12006 = DIRECTION('',(1.,0.,0.));
#12007 = PCURVE('',#9637,#12008);
#12008 = DEFINITIONAL_REPRESENTATION('',(#12009),#12013);
#12009 = LINE('',#12010,#12011);
#12010 = CARTESIAN_POINT('',(20.042205467463,0.));
#12011 = VECTOR('',#12012,1.);
#12012 = DIRECTION('',(0.,-1.));
#12013 = ( GEOMETRIC_REPRESENTATION_CONTEXT(2) 
PARAMETRIC_REPRESENTATION_CONTEXT() REPRESENTATION_CONTEXT('2D SPACE',''
  ) );
#12014 = PCURVE('',#10257,#12015);
#12015 = DEFINITIONAL_REPRESENTATION('',(#12016),#12020);
#12016 = LINE('',#12017,#12018);
#12017 = CARTESIAN_POINT('',(0.,0.));
#12018 = VECTOR('',#12019,1.);
#12019 = DIRECTION('',(0.,-1.));
#12020 = ( GEOMETRIC_REPRESENTATION_CONTEXT(2) 
PARAMETRIC_REPRESENTATION_CONTEXT() REPRESENTATION_CONTEXT('2D SPACE',''
  ) );
#12021 = ORIENTED_EDGE('',*,*,#11574,.F.);
#12022 = ADVANCED_FACE('',(#12023),#9542,.T.);
#12023 = FACE_BOUND('',#12024,.T.);
#12024 = EDGE_LOOP('',(#12025,#12026,#12027,#12028));
#12025 = ORIENTED_EDGE('',*,*,#9526,.T.);
#12026 = ORIENTED_EDGE('',*,*,#11545,.T.);
#12027 = ORIENTED_EDGE('',*,*,#11497,.F.);
#12028 = ORIENTED_EDGE('',*,*,#11425,.F.);
#12029 = ADVANCED_FACE('',(#12030),#9491,.F.);
#12030 = FACE_BOUND('',#12031,.F.);
#12031 = EDGE_LOOP('',(#12032,#12033,#12059,#12060,#12061,#12083,#12084)
  );
#12032 = ORIENTED_EDGE('',*,*,#9475,.F.);
#12033 = ORIENTED_EDGE('',*,*,#12034,.F.);
#12034 = EDGE_CURVE('',#10655,#9448,#12035,.T.);
#12035 = SURFACE_CURVE('',#12036,(#12041,#12052),.PCURVE_S1.);
#12036 = CIRCLE('',#12037,4.);
#12037 = AXIS2_PLACEMENT_3D('',#12038,#12039,#12040);
#12038 = CARTESIAN_POINT('',(-53.5,18.118916330161,37.115996865718));
#12039 = DIRECTION('',(0.,-0.965925826289,0.258819045103));
#12040 = DIRECTION('',(0.,0.258819045103,0.965925826289));
#12041 = PCURVE('',#9491,#12042);
#12042 = DEFINITIONAL_REPRESENTATION('',(#12043),#12051);
#12043 = ( BOUNDED_CURVE() B_SPLINE_CURVE(2,(#12044,#12045,#12046,#12047
    ,#12048,#12049,#12050),.UNSPECIFIED.,.T.,.F.) 
B_SPLINE_CURVE_WITH_KNOTS((1,2,2,2,2,1),(-2.094395102393,0.,
    2.094395102393,4.188790204786,6.28318530718,8.377580409573),
.UNSPECIFIED.) CURVE() GEOMETRIC_REPRESENTATION_ITEM() 
RATIONAL_B_SPLINE_CURVE((1.,0.5,1.,0.5,1.,0.5,1.)) REPRESENTATION_ITEM(
  '') );
#12044 = CARTESIAN_POINT('',(8.,4.));
#12045 = CARTESIAN_POINT('',(8.,-2.928203230276));
#12046 = CARTESIAN_POINT('',(2.,0.535898384862));
#12047 = CARTESIAN_POINT('',(-4.,4.));
#12048 = CARTESIAN_POINT('',(2.,7.464101615138));
#12049 = CARTESIAN_POINT('',(8.,10.928203230276));
#12050 = CARTESIAN_POINT('',(8.,4.));
#12051 = ( GEOMETRIC_REPRESENTATION_CONTEXT(2) 
PARAMETRIC_REPRESENTATION_CONTEXT() REPRESENTATION_CONTEXT('2D SPACE',''
  ) );
#12052 = PCURVE('',#9463,#12053);
#12053 = DEFINITIONAL_REPRESENTATION('',(#12054),#12058);
#12054 = LINE('',#12055,#12056);
#12055 = CARTESIAN_POINT('',(1.570796326795,-0.));
#12056 = VECTOR('',#12057,1.);
#12057 = DIRECTION('',(-1.,0.));
#12058 = ( GEOMETRIC_REPRESENTATION_CONTEXT(2) 
PARAMETRIC_REPRESENTATION_CONTEXT() REPRESENTATION_CONTEXT('2D SPACE',''
  ) );
#12059 = ORIENTED_EDGE('',*,*,#10654,.T.);
#12060 = ORIENTED_EDGE('',*,*,#11403,.F.);
#12061 = ORIENTED_EDGE('',*,*,#12062,.F.);
#12062 = EDGE_CURVE('',#11294,#11376,#12063,.T.);
#12063 = SURFACE_CURVE('',#12064,(#12069,#12076),.PCURVE_S1.);
#12064 = CIRCLE('',#12065,2.2);
#12065 = AXIS2_PLACEMENT_3D('',#12066,#12067,#12068);
#12066 = CARTESIAN_POINT('',(-47.5,20.965925826289,47.741180954897));
#12067 = DIRECTION('',(0.,0.965925826289,-0.258819045103));
#12068 = DIRECTION('',(1.,0.,0.));
#12069 = PCURVE('',#9491,#12070);
#12070 = DEFINITIONAL_REPRESENTATION('',(#12071),#12075);
#12071 = CIRCLE('',#12072,2.2);
#12072 = AXIS2_PLACEMENT_2D('',#12073,#12074);
#12073 = CARTESIAN_POINT('',(15.,10.));
#12074 = DIRECTION('',(0.,1.));
#12075 = ( GEOMETRIC_REPRESENTATION_CONTEXT(2) 
PARAMETRIC_REPRESENTATION_CONTEXT() REPRESENTATION_CONTEXT('2D SPACE',''
  ) );
#12076 = PCURVE('',#11331,#12077);
#12077 = DEFINITIONAL_REPRESENTATION('',(#12078),#12082);
#12078 = LINE('',#12079,#12080);
#12079 = CARTESIAN_POINT('',(-6.28318530718,-7.));
#12080 = VECTOR('',#12081,1.);
#12081 = DIRECTION('',(1.,-0.));
#12082 = ( GEOMETRIC_REPRESENTATION_CONTEXT(2) 
PARAMETRIC_REPRESENTATION_CONTEXT() REPRESENTATION_CONTEXT('2D SPACE',''
  ) );
#12083 = ORIENTED_EDGE('',*,*,#11293,.F.);
#12084 = ORIENTED_EDGE('',*,*,#11471,.F.);
#12085 = ADVANCED_FACE('',(#12086),#9463,.T.);
#12086 = FACE_BOUND('',#12087,.F.);
#12087 = EDGE_LOOP('',(#12088,#12089,#12090,#12091));
#12088 = ORIENTED_EDGE('',*,*,#12034,.T.);
#12089 = ORIENTED_EDGE('',*,*,#9447,.T.);
#12090 = ORIENTED_EDGE('',*,*,#11626,.F.);
#12091 = ORIENTED_EDGE('',*,*,#10677,.F.);
#12092 = ADVANCED_FACE('',(#12093),#9757,.T.);
#12093 = FACE_BOUND('',#12094,.T.);
#12094 = EDGE_LOOP('',(#12095,#12096,#12117,#12118));
#12095 = ORIENTED_EDGE('',*,*,#9740,.T.);
#12096 = ORIENTED_EDGE('',*,*,#12097,.T.);
#12097 = EDGE_CURVE('',#9743,#10517,#12098,.T.);
#12098 = SURFACE_CURVE('',#12099,(#12103,#12110),.PCURVE_S1.);
#12099 = LINE('',#12100,#12101);
#12100 = CARTESIAN_POINT('',(9.,21.,13.));
#12101 = VECTOR('',#12102,1.);
#12102 = DIRECTION('',(0.,-1.,0.));
#12103 = PCURVE('',#9757,#12104);
#12104 = DEFINITIONAL_REPRESENTATION('',(#12105),#12109);
#12105 = LINE('',#12106,#12107);
#12106 = CARTESIAN_POINT('',(0.,0.));
#12107 = VECTOR('',#12108,1.);
#12108 = DIRECTION('',(0.,-1.));
#12109 = ( GEOMETRIC_REPRESENTATION_CONTEXT(2) 
PARAMETRIC_REPRESENTATION_CONTEXT() REPRESENTATION_CONTEXT('2D SPACE',''
  ) );
#12110 = PCURVE('',#9783,#12111);
#12111 = DEFINITIONAL_REPRESENTATION('',(#12112),#12116);
#12112 = LINE('',#12113,#12114);
#12113 = CARTESIAN_POINT('',(18.,0.));
#12114 = VECTOR('',#12115,1.);
#12115 = DIRECTION('',(0.,-1.));
#12116 = ( GEOMETRIC_REPRESENTATION_CONTEXT(2) 
PARAMETRIC_REPRESENTATION_CONTEXT() REPRESENTATION_CONTEXT('2D SPACE',''
  ) );
#12117 = ORIENTED_EDGE('',*,*,#10514,.F.);
#12118 = ORIENTED_EDGE('',*,*,#12119,.F.);
#12119 = EDGE_CURVE('',#9741,#10515,#12120,.T.);
#12120 = SURFACE_CURVE('',#12121,(#12125,#12132),.PCURVE_S1.);
#12121 = LINE('',#12122,#12123);
#12122 = CARTESIAN_POINT('',(9.,21.,27.));
#12123 = VECTOR('',#12124,1.);
#12124 = DIRECTION('',(0.,-1.,0.));
#12125 = PCURVE('',#9757,#12126);
#12126 = DEFINITIONAL_REPRESENTATION('',(#12127),#12131);
#12127 = LINE('',#12128,#12129);
#12128 = CARTESIAN_POINT('',(14.,0.));
#12129 = VECTOR('',#12130,1.);
#12130 = DIRECTION('',(0.,-1.));
#12131 = ( GEOMETRIC_REPRESENTATION_CONTEXT(2) 
PARAMETRIC_REPRESENTATION_CONTEXT() REPRESENTATION_CONTEXT('2D SPACE',''
  ) );
#12132 = PCURVE('',#9833,#12133);
#12133 = DEFINITIONAL_REPRESENTATION('',(#12134),#12138);
#12134 = LINE('',#12135,#12136);
#12135 = CARTESIAN_POINT('',(0.,0.));
#12136 = VECTOR('',#12137,1.);
#12137 = DIRECTION('',(0.,-1.));
#12138 = ( GEOMETRIC_REPRESENTATION_CONTEXT(2) 
PARAMETRIC_REPRESENTATION_CONTEXT() REPRESENTATION_CONTEXT('2D SPACE',''
  ) );
#12139 = ADVANCED_FACE('',(#12140),#9833,.T.);
#12140 = FACE_BOUND('',#12141,.T.);
#12141 = EDGE_LOOP('',(#12142,#12143,#12144,#12145));
#12142 = ORIENTED_EDGE('',*,*,#9820,.T.);
#12143 = ORIENTED_EDGE('',*,*,#12119,.T.);
#12144 = ORIENTED_EDGE('',*,*,#10579,.F.);
#12145 = ORIENTED_EDGE('',*,*,#12146,.F.);
#12146 = EDGE_CURVE('',#9795,#10559,#12147,.T.);
#12147 = SURFACE_CURVE('',#12148,(#12152,#12159),.PCURVE_S1.);
#12148 = LINE('',#12149,#12150);
#12149 = CARTESIAN_POINT('',(-9.,21.,27.));
#12150 = VECTOR('',#12151,1.);
#12151 = DIRECTION('',(0.,-1.,0.));
#12152 = PCURVE('',#9833,#12153);
#12153 = DEFINITIONAL_REPRESENTATION('',(#12154),#12158);
#12154 = LINE('',#12155,#12156);
#12155 = CARTESIAN_POINT('',(18.,0.));
#12156 = VECTOR('',#12157,1.);
#12157 = DIRECTION('',(0.,-1.));
#12158 = ( GEOMETRIC_REPRESENTATION_CONTEXT(2) 
PARAMETRIC_REPRESENTATION_CONTEXT() REPRESENTATION_CONTEXT('2D SPACE',''
  ) );
#12159 = PCURVE('',#9809,#12160);
#12160 = DEFINITIONAL_REPRESENTATION('',(#12161),#12165);
#12161 = LINE('',#12162,#12163);
#12162 = CARTESIAN_POINT('',(0.,0.));
#12163 = VECTOR('',#12164,1.);
#12164 = DIRECTION('',(0.,-1.));
#12165 = ( GEOMETRIC_REPRESENTATION_CONTEXT(2) 
PARAMETRIC_REPRESENTATION_CONTEXT() REPRESENTATION_CONTEXT('2D SPACE',''
  ) );
#12166 = ADVANCED_FACE('',(#12167),#9809,.T.);
#12167 = FACE_BOUND('',#12168,.T.);
#12168 = EDGE_LOOP('',(#12169,#12170,#12171,#12172));
#12169 = ORIENTED_EDGE('',*,*,#9794,.T.);
#12170 = ORIENTED_EDGE('',*,*,#12146,.T.);
#12171 = ORIENTED_EDGE('',*,*,#10558,.F.);
#12172 = ORIENTED_EDGE('',*,*,#12173,.F.);
#12173 = EDGE_CURVE('',#9769,#10538,#12174,.T.);
#12174 = SURFACE_CURVE('',#12175,(#12179,#12186),.PCURVE_S1.);
#12175 = LINE('',#12176,#12177);
#12176 = CARTESIAN_POINT('',(-9.,21.,13.));
#12177 = VECTOR('',#12178,1.);
#12178 = DIRECTION('',(0.,-1.,0.));
#12179 = PCURVE('',#9809,#12180);
#12180 = DEFINITIONAL_REPRESENTATION('',(#12181),#12185);
#12181 = LINE('',#12182,#12183);
#12182 = CARTESIAN_POINT('',(14.,0.));
#12183 = VECTOR('',#12184,1.);
#12184 = DIRECTION('',(0.,-1.));
#12185 = ( GEOMETRIC_REPRESENTATION_CONTEXT(2) 
PARAMETRIC_REPRESENTATION_CONTEXT() REPRESENTATION_CONTEXT('2D SPACE',''
  ) );
#12186 = PCURVE('',#9783,#12187);
#12187 = DEFINITIONAL_REPRESENTATION('',(#12188),#12192);
#12188 = LINE('',#12189,#12190);
#12189 = CARTESIAN_POINT('',(0.,0.));
#12190 = VECTOR('',#12191,1.);
#12191 = DIRECTION('',(0.,-1.));
#12192 = ( GEOMETRIC_REPRESENTATION_CONTEXT(2) 
PARAMETRIC_REPRESENTATION_CONTEXT() REPRESENTATION_CONTEXT('2D SPACE',''
  ) );
#12193 = ADVANCED_FACE('',(#12194),#9783,.T.);
#12194 = FACE_BOUND('',#12195,.T.);
#12195 = EDGE_LOOP('',(#12196,#12197,#12198,#12199));
#12196 = ORIENTED_EDGE('',*,*,#9768,.T.);
#12197 = ORIENTED_EDGE('',*,*,#12173,.T.);
#12198 = ORIENTED_EDGE('',*,*,#10537,.F.);
#12199 = ORIENTED_EDGE('',*,*,#12097,.F.);
#12200 = ADVANCED_FACE('',(#12201,#12207),#9940,.T.);
#12201 = FACE_BOUND('',#12202,.T.);
#12202 = EDGE_LOOP('',(#12203,#12204,#12205,#12206));
#12203 = ORIENTED_EDGE('',*,*,#9924,.T.);
#12204 = ORIENTED_EDGE('',*,*,#9978,.T.);
#12205 = ORIENTED_EDGE('',*,*,#10058,.T.);
#12206 = ORIENTED_EDGE('',*,*,#10107,.T.);
#12207 = FACE_BOUND('',#12208,.T.);
#12208 = EDGE_LOOP('',(#12209,#12238,#12265,#12292));
#12209 = ORIENTED_EDGE('',*,*,#12210,.T.);
#12210 = EDGE_CURVE('',#12211,#12213,#12215,.T.);
#12211 = VERTEX_POINT('',#12212);
#12212 = CARTESIAN_POINT('',(11.,11.,156.));
#12213 = VERTEX_POINT('',#12214);
#12214 = CARTESIAN_POINT('',(11.,-11.,156.));
#12215 = SURFACE_CURVE('',#12216,(#12220,#12226),.PCURVE_S1.);
#12216 = LINE('',#12217,#12218);
#12217 = CARTESIAN_POINT('',(11.,-5.5,156.));
#12218 = VECTOR('',#12219,1.);
#12219 = DIRECTION('',(0.,-1.,0.));
#12220 = PCURVE('',#9940,#12221);
#12221 = DEFINITIONAL_REPRESENTATION('',(#12222),#12225);
#12222 = B_SPLINE_CURVE_WITH_KNOTS('',1,(#12223,#12224),.UNSPECIFIED.,
  .F.,.F.,(2,2),(-16.5,5.5),.PIECEWISE_BEZIER_KNOTS.);
#12223 = CARTESIAN_POINT('',(11.,11.));
#12224 = CARTESIAN_POINT('',(11.,-11.));
#12225 = ( GEOMETRIC_REPRESENTATION_CONTEXT(2) 
PARAMETRIC_REPRESENTATION_CONTEXT() REPRESENTATION_CONTEXT('2D SPACE',''
  ) );
#12226 = PCURVE('',#12227,#12232);
#12227 = PLANE('',#12228);
#12228 = AXIS2_PLACEMENT_3D('',#12229,#12230,#12231);
#12229 = CARTESIAN_POINT('',(11.,-11.,125.9999998));
#12230 = DIRECTION('',(-1.,0.,0.));
#12231 = DIRECTION('',(0.,1.,0.));
#12232 = DEFINITIONAL_REPRESENTATION('',(#12233),#12237);
#12233 = LINE('',#12234,#12235);
#12234 = CARTESIAN_POINT('',(5.5,-30.0000002));
#12235 = VECTOR('',#12236,1.);
#12236 = DIRECTION('',(-1.,0.));
#12237 = ( GEOMETRIC_REPRESENTATION_CONTEXT(2) 
PARAMETRIC_REPRESENTATION_CONTEXT() REPRESENTATION_CONTEXT('2D SPACE',''
  ) );
#12238 = ORIENTED_EDGE('',*,*,#12239,.T.);
#12239 = EDGE_CURVE('',#12213,#12240,#12242,.T.);
#12240 = VERTEX_POINT('',#12241);
#12241 = CARTESIAN_POINT('',(-11.,-11.,156.));
#12242 = SURFACE_CURVE('',#12243,(#12247,#12253),.PCURVE_S1.);
#12243 = LINE('',#12244,#12245);
#12244 = CARTESIAN_POINT('',(-5.5,-11.,156.));
#12245 = VECTOR('',#12246,1.);
#12246 = DIRECTION('',(-1.,0.,0.));
#12247 = PCURVE('',#9940,#12248);
#12248 = DEFINITIONAL_REPRESENTATION('',(#12249),#12252);
#12249 = B_SPLINE_CURVE_WITH_KNOTS('',1,(#12250,#12251),.UNSPECIFIED.,
  .F.,.F.,(2,2),(-16.5,5.5),.PIECEWISE_BEZIER_KNOTS.);
#12250 = CARTESIAN_POINT('',(11.,-11.));
#12251 = CARTESIAN_POINT('',(-11.,-11.));
#12252 = ( GEOMETRIC_REPRESENTATION_CONTEXT(2) 
PARAMETRIC_REPRESENTATION_CONTEXT() REPRESENTATION_CONTEXT('2D SPACE',''
  ) );
#12253 = PCURVE('',#12254,#12259);
#12254 = PLANE('',#12255);
#12255 = AXIS2_PLACEMENT_3D('',#12256,#12257,#12258);
#12256 = CARTESIAN_POINT('',(-11.,-11.,125.9999998));
#12257 = DIRECTION('',(0.,1.,0.));
#12258 = DIRECTION('',(1.,0.,0.));
#12259 = DEFINITIONAL_REPRESENTATION('',(#12260),#12264);
#12260 = LINE('',#12261,#12262);
#12261 = CARTESIAN_POINT('',(5.5,-30.0000002));
#12262 = VECTOR('',#12263,1.);
#12263 = DIRECTION('',(-1.,0.));
#12264 = ( GEOMETRIC_REPRESENTATION_CONTEXT(2) 
PARAMETRIC_REPRESENTATION_CONTEXT() REPRESENTATION_CONTEXT('2D SPACE',''
  ) );
#12265 = ORIENTED_EDGE('',*,*,#12266,.T.);
#12266 = EDGE_CURVE('',#12240,#12267,#12269,.T.);
#12267 = VERTEX_POINT('',#12268);
#12268 = CARTESIAN_POINT('',(-11.,11.,156.));
#12269 = SURFACE_CURVE('',#12270,(#12274,#12280),.PCURVE_S1.);
#12270 = LINE('',#12271,#12272);
#12271 = CARTESIAN_POINT('',(-11.,5.5,156.));
#12272 = VECTOR('',#12273,1.);
#12273 = DIRECTION('',(0.,1.,0.));
#12274 = PCURVE('',#9940,#12275);
#12275 = DEFINITIONAL_REPRESENTATION('',(#12276),#12279);
#12276 = B_SPLINE_CURVE_WITH_KNOTS('',1,(#12277,#12278),.UNSPECIFIED.,
  .F.,.F.,(2,2),(-16.5,5.5),.PIECEWISE_BEZIER_KNOTS.);
#12277 = CARTESIAN_POINT('',(-11.,-11.));
#12278 = CARTESIAN_POINT('',(-11.,11.));
#12279 = ( GEOMETRIC_REPRESENTATION_CONTEXT(2) 
PARAMETRIC_REPRESENTATION_CONTEXT() REPRESENTATION_CONTEXT('2D SPACE',''
  ) );
#12280 = PCURVE('',#12281,#12286);
#12281 = PLANE('',#12282);
#12282 = AXIS2_PLACEMENT_3D('',#12283,#12284,#12285);
#12283 = CARTESIAN_POINT('',(-11.,11.,125.9999998));
#12284 = DIRECTION('',(1.,0.,0.));
#12285 = DIRECTION('',(0.,-1.,0.));
#12286 = DEFINITIONAL_REPRESENTATION('',(#12287),#12291);
#12287 = LINE('',#12288,#12289);
#12288 = CARTESIAN_POINT('',(5.5,-30.0000002));
#12289 = VECTOR('',#12290,1.);
#12290 = DIRECTION('',(-1.,0.));
#12291 = ( GEOMETRIC_REPRESENTATION_CONTEXT(2) 
PARAMETRIC_REPRESENTATION_CONTEXT() REPRESENTATION_CONTEXT('2D SPACE',''
  ) );
#12292 = ORIENTED_EDGE('',*,*,#12293,.T.);
#12293 = EDGE_CURVE('',#12267,#12211,#12294,.T.);
#12294 = SURFACE_CURVE('',#12295,(#12299,#12305),.PCURVE_S1.);
#12295 = LINE('',#12296,#12297);
#12296 = CARTESIAN_POINT('',(5.5,11.,156.));
#12297 = VECTOR('',#12298,1.);
#12298 = DIRECTION('',(1.,0.,-0.));
#12299 = PCURVE('',#9940,#12300);
#12300 = DEFINITIONAL_REPRESENTATION('',(#12301),#12304);
#12301 = B_SPLINE_CURVE_WITH_KNOTS('',1,(#12302,#12303),.UNSPECIFIED.,
  .F.,.F.,(2,2),(-16.5,5.5),.PIECEWISE_BEZIER_KNOTS.);
#12302 = CARTESIAN_POINT('',(-11.,11.));
#12303 = CARTESIAN_POINT('',(11.,11.));
#12304 = ( GEOMETRIC_REPRESENTATION_CONTEXT(2) 
PARAMETRIC_REPRESENTATION_CONTEXT() REPRESENTATION_CONTEXT('2D SPACE',''
  ) );
#12305 = PCURVE('',#12306,#12311);
#12306 = PLANE('',#12307);
#12307 = AXIS2_PLACEMENT_3D('',#12308,#12309,#12310);
#12308 = CARTESIAN_POINT('',(11.,11.,125.9999998));
#12309 = DIRECTION('',(0.,-1.,0.));
#12310 = DIRECTION('',(-1.,0.,0.));
#12311 = DEFINITIONAL_REPRESENTATION('',(#12312),#12316);
#12312 = LINE('',#12313,#12314);
#12313 = CARTESIAN_POINT('',(5.5,-30.0000002));
#12314 = VECTOR('',#12315,1.);
#12315 = DIRECTION('',(-1.,0.));
#12316 = ( GEOMETRIC_REPRESENTATION_CONTEXT(2) 
PARAMETRIC_REPRESENTATION_CONTEXT() REPRESENTATION_CONTEXT('2D SPACE',''
  ) );
#12317 = ADVANCED_FACE('',(#12318),#10042,.F.);
#12318 = FACE_BOUND('',#12319,.T.);
#12319 = EDGE_LOOP('',(#12320,#12344,#12365,#12366));
#12320 = ORIENTED_EDGE('',*,*,#12321,.T.);
#12321 = EDGE_CURVE('',#12322,#12322,#12324,.T.);
#12322 = VERTEX_POINT('',#12323);
#12323 = CARTESIAN_POINT('',(11.,2.2,141.));
#12324 = SURFACE_CURVE('',#12325,(#12330,#12337),.PCURVE_S1.);
#12325 = CIRCLE('',#12326,2.2);
#12326 = AXIS2_PLACEMENT_3D('',#12327,#12328,#12329);
#12327 = CARTESIAN_POINT('',(11.,0.,141.));
#12328 = DIRECTION('',(-1.,0.,0.));
#12329 = DIRECTION('',(0.,1.,0.));
#12330 = PCURVE('',#10042,#12331);
#12331 = DEFINITIONAL_REPRESENTATION('',(#12332),#12336);
#12332 = LINE('',#12333,#12334);
#12333 = CARTESIAN_POINT('',(-6.28318530718,-51.));
#12334 = VECTOR('',#12335,1.);
#12335 = DIRECTION('',(1.,-0.));
#12336 = ( GEOMETRIC_REPRESENTATION_CONTEXT(2) 
PARAMETRIC_REPRESENTATION_CONTEXT() REPRESENTATION_CONTEXT('2D SPACE',''
  ) );
#12337 = PCURVE('',#12227,#12338);
#12338 = DEFINITIONAL_REPRESENTATION('',(#12339),#12343);
#12339 = CIRCLE('',#12340,2.2);
#12340 = AXIS2_PLACEMENT_2D('',#12341,#12342);
#12341 = CARTESIAN_POINT('',(11.,-15.0000002));
#12342 = DIRECTION('',(1.,0.));
#12343 = ( GEOMETRIC_REPRESENTATION_CONTEXT(2) 
PARAMETRIC_REPRESENTATION_CONTEXT() REPRESENTATION_CONTEXT('2D SPACE',''
  ) );
#12344 = ORIENTED_EDGE('',*,*,#12345,.T.);
#12345 = EDGE_CURVE('',#12322,#10026,#12346,.T.);
#12346 = SEAM_CURVE('',#12347,(#12351,#12358),.PCURVE_S1.);
#12347 = LINE('',#12348,#12349);
#12348 = CARTESIAN_POINT('',(-40.,2.2,141.));
#12349 = VECTOR('',#12350,1.);
#12350 = DIRECTION('',(1.,0.,0.));
#12351 = PCURVE('',#10042,#12352);
#12352 = DEFINITIONAL_REPRESENTATION('',(#12353),#12357);
#12353 = LINE('',#12354,#12355);
#12354 = CARTESIAN_POINT('',(-6.28318530718,0.));
#12355 = VECTOR('',#12356,1.);
#12356 = DIRECTION('',(-0.,-1.));
#12357 = ( GEOMETRIC_REPRESENTATION_CONTEXT(2) 
PARAMETRIC_REPRESENTATION_CONTEXT() REPRESENTATION_CONTEXT('2D SPACE',''
  ) );
#12358 = PCURVE('',#10042,#12359);
#12359 = DEFINITIONAL_REPRESENTATION('',(#12360),#12364);
#12360 = LINE('',#12361,#12362);
#12361 = CARTESIAN_POINT('',(-0.,0.));
#12362 = VECTOR('',#12363,1.);
#12363 = DIRECTION('',(-0.,-1.));
#12364 = ( GEOMETRIC_REPRESENTATION_CONTEXT(2) 
PARAMETRIC_REPRESENTATION_CONTEXT() REPRESENTATION_CONTEXT('2D SPACE',''
  ) );
#12365 = ORIENTED_EDGE('',*,*,#10025,.F.);
#12366 = ORIENTED_EDGE('',*,*,#12345,.F.);
#12367 = ADVANCED_FACE('',(#12368),#10153,.F.);
#12368 = FACE_BOUND('',#12369,.T.);
#12369 = EDGE_LOOP('',(#12370,#12371,#12394,#12420));
#12370 = ORIENTED_EDGE('',*,*,#10132,.T.);
#12371 = ORIENTED_EDGE('',*,*,#12372,.T.);
#12372 = EDGE_CURVE('',#10133,#12373,#12375,.T.);
#12373 = VERTEX_POINT('',#12374);
#12374 = CARTESIAN_POINT('',(-11.,2.2,141.));
#12375 = SEAM_CURVE('',#12376,(#12380,#12387),.PCURVE_S1.);
#12376 = LINE('',#12377,#12378);
#12377 = CARTESIAN_POINT('',(-40.,2.2,141.));
#12378 = VECTOR('',#12379,1.);
#12379 = DIRECTION('',(1.,0.,0.));
#12380 = PCURVE('',#10153,#12381);
#12381 = DEFINITIONAL_REPRESENTATION('',(#12382),#12386);
#12382 = LINE('',#12383,#12384);
#12383 = CARTESIAN_POINT('',(-6.28318530718,0.));
#12384 = VECTOR('',#12385,1.);
#12385 = DIRECTION('',(-0.,-1.));
#12386 = ( GEOMETRIC_REPRESENTATION_CONTEXT(2) 
PARAMETRIC_REPRESENTATION_CONTEXT() REPRESENTATION_CONTEXT('2D SPACE',''
  ) );
#12387 = PCURVE('',#10153,#12388);
#12388 = DEFINITIONAL_REPRESENTATION('',(#12389),#12393);
#12389 = LINE('',#12390,#12391);
#12390 = CARTESIAN_POINT('',(-0.,0.));
#12391 = VECTOR('',#12392,1.);
#12392 = DIRECTION('',(-0.,-1.));
#12393 = ( GEOMETRIC_REPRESENTATION_CONTEXT(2) 
PARAMETRIC_REPRESENTATION_CONTEXT() REPRESENTATION_CONTEXT('2D SPACE',''
  ) );
#12394 = ORIENTED_EDGE('',*,*,#12395,.F.);
#12395 = EDGE_CURVE('',#12373,#12373,#12396,.T.);
#12396 = SURFACE_CURVE('',#12397,(#12402,#12409),.PCURVE_S1.);
#12397 = CIRCLE('',#12398,2.2);
#12398 = AXIS2_PLACEMENT_3D('',#12399,#12400,#12401);
#12399 = CARTESIAN_POINT('',(-11.,0.,141.));
#12400 = DIRECTION('',(-1.,0.,0.));
#12401 = DIRECTION('',(0.,1.,0.));
#12402 = PCURVE('',#10153,#12403);
#12403 = DEFINITIONAL_REPRESENTATION('',(#12404),#12408);
#12404 = LINE('',#12405,#12406);
#12405 = CARTESIAN_POINT('',(-6.28318530718,-29.));
#12406 = VECTOR('',#12407,1.);
#12407 = DIRECTION('',(1.,-0.));
#12408 = ( GEOMETRIC_REPRESENTATION_CONTEXT(2) 
PARAMETRIC_REPRESENTATION_CONTEXT() REPRESENTATION_CONTEXT('2D SPACE',''
  ) );
#12409 = PCURVE('',#12281,#12410);
#12410 = DEFINITIONAL_REPRESENTATION('',(#12411),#12419);
#12411 = ( BOUNDED_CURVE() B_SPLINE_CURVE(2,(#12412,#12413,#12414,#12415
    ,#12416,#12417,#12418),.UNSPECIFIED.,.T.,.F.) 
B_SPLINE_CURVE_WITH_KNOTS((1,2,2,2,2,1),(-2.094395102393,0.,
    2.094395102393,4.188790204786,6.28318530718,8.377580409573),
.UNSPECIFIED.) CURVE() GEOMETRIC_REPRESENTATION_ITEM() 
RATIONAL_B_SPLINE_CURVE((1.,0.5,1.,0.5,1.,0.5,1.)) REPRESENTATION_ITEM(
  '') );
#12412 = CARTESIAN_POINT('',(8.8,-15.0000002));
#12413 = CARTESIAN_POINT('',(8.8,-11.18948842334));
#12414 = CARTESIAN_POINT('',(12.1,-13.09474431167));
#12415 = CARTESIAN_POINT('',(15.4,-15.0000002));
#12416 = CARTESIAN_POINT('',(12.1,-16.90525608832));
#12417 = CARTESIAN_POINT('',(8.8,-18.81051197665));
#12418 = CARTESIAN_POINT('',(8.8,-15.0000002));
#12419 = ( GEOMETRIC_REPRESENTATION_CONTEXT(2) 
PARAMETRIC_REPRESENTATION_CONTEXT() REPRESENTATION_CONTEXT('2D SPACE',''
  ) );
#12420 = ORIENTED_EDGE('',*,*,#12372,.F.);
#12421 = ADVANCED_FACE('',(#12422),#10257,.T.);
#12422 = FACE_BOUND('',#12423,.T.);
#12423 = EDGE_LOOP('',(#12424,#12425,#12426,#12427));
#12424 = ORIENTED_EDGE('',*,*,#11597,.F.);
#12425 = ORIENTED_EDGE('',*,*,#12001,.T.);
#12426 = ORIENTED_EDGE('',*,*,#11953,.T.);
#12427 = ORIENTED_EDGE('',*,*,#10242,.F.);
#12428 = ADVANCED_FACE('',(#12429),#10209,.F.);
#12429 = FACE_BOUND('',#12430,.F.);
#12430 = EDGE_LOOP('',(#12431,#12461,#12487,#12488,#12489,#12490,#12491,
    #12492));
#12431 = ORIENTED_EDGE('',*,*,#12432,.F.);
#12432 = EDGE_CURVE('',#12433,#12435,#12437,.T.);
#12433 = VERTEX_POINT('',#12434);
#12434 = CARTESIAN_POINT('',(45.380750531854,25.182285676538,46.));
#12435 = VERTEX_POINT('',#12436);
#12436 = CARTESIAN_POINT('',(49.619249468146,25.182285676538,46.));
#12437 = SURFACE_CURVE('',#12438,(#12442,#12449),.PCURVE_S1.);
#12438 = LINE('',#12439,#12440);
#12439 = CARTESIAN_POINT('',(-57.5,25.182285676538,46.));
#12440 = VECTOR('',#12441,1.);
#12441 = DIRECTION('',(1.,0.,0.));
#12442 = PCURVE('',#10209,#12443);
#12443 = DEFINITIONAL_REPRESENTATION('',(#12444),#12448);
#12444 = LINE('',#12445,#12446);
#12445 = CARTESIAN_POINT('',(5.282285676538,0.));
#12446 = VECTOR('',#12447,1.);
#12447 = DIRECTION('',(0.,-1.));
#12448 = ( GEOMETRIC_REPRESENTATION_CONTEXT(2) 
PARAMETRIC_REPRESENTATION_CONTEXT() REPRESENTATION_CONTEXT('2D SPACE',''
  ) );
#12449 = PCURVE('',#12450,#12455);
#12450 = PLANE('',#12451);
#12451 = AXIS2_PLACEMENT_3D('',#12452,#12453,#12454);
#12452 = CARTESIAN_POINT('',(-57.5,25.182285676538,46.));
#12453 = DIRECTION('',(0.,-1.,0.));
#12454 = DIRECTION('',(0.,0.,1.));
#12455 = DEFINITIONAL_REPRESENTATION('',(#12456),#12460);
#12456 = LINE('',#12457,#12458);
#12457 = CARTESIAN_POINT('',(0.,0.));
#12458 = VECTOR('',#12459,1.);
#12459 = DIRECTION('',(0.,-1.));
#12460 = ( GEOMETRIC_REPRESENTATION_CONTEXT(2) 
PARAMETRIC_REPRESENTATION_CONTEXT() REPRESENTATION_CONTEXT('2D SPACE',''
  ) );
#12461 = ORIENTED_EDGE('',*,*,#12462,.T.);
#12462 = EDGE_CURVE('',#12433,#11862,#12463,.T.);
#12463 = SURFACE_CURVE('',#12464,(#12469,#12476),.PCURVE_S1.);
#12464 = ELLIPSE('',#12465,8.500147271344,2.2);
#12465 = AXIS2_PLACEMENT_3D('',#12466,#12467,#12468);
#12466 = CARTESIAN_POINT('',(47.5,27.464101615138,46.));
#12467 = DIRECTION('',(0.,0.,1.));
#12468 = DIRECTION('',(0.,1.,-0.));
#12469 = PCURVE('',#10209,#12470);
#12470 = DEFINITIONAL_REPRESENTATION('',(#12471),#12475);
#12471 = ELLIPSE('',#12472,8.500147271344,2.2);
#12472 = AXIS2_PLACEMENT_2D('',#12473,#12474);
#12473 = CARTESIAN_POINT('',(7.564101615138,-105.));
#12474 = DIRECTION('',(1.,0.));
#12475 = ( GEOMETRIC_REPRESENTATION_CONTEXT(2) 
PARAMETRIC_REPRESENTATION_CONTEXT() REPRESENTATION_CONTEXT('2D SPACE',''
  ) );
#12476 = PCURVE('',#11794,#12477);
#12477 = DEFINITIONAL_REPRESENTATION('',(#12478),#12486);
#12478 = B_SPLINE_CURVE_WITH_KNOTS('',6,(#12479,#12480,#12481,#12482,
    #12483,#12484,#12485),.UNSPECIFIED.,.F.,.F.,(7,7),(1.778589268055,
    2.531099051826),.PIECEWISE_BEZIER_KNOTS.);
#12479 = CARTESIAN_POINT('',(-3.34938559485,-1.966428719938));
#12480 = CARTESIAN_POINT('',(-3.474803892145,-2.974025813017));
#12481 = CARTESIAN_POINT('',(-3.60022218944,-3.949649486319));
#12482 = CARTESIAN_POINT('',(-3.725640486736,-4.864779153362));
#12483 = CARTESIAN_POINT('',(-3.851058784031,-5.692365334939));
#12484 = CARTESIAN_POINT('',(-3.976477081326,-6.40967470214));
#12485 = CARTESIAN_POINT('',(-4.101895378621,-7.0000006));
#12486 = ( GEOMETRIC_REPRESENTATION_CONTEXT(2) 
PARAMETRIC_REPRESENTATION_CONTEXT() REPRESENTATION_CONTEXT('2D SPACE',''
  ) );
#12487 = ORIENTED_EDGE('',*,*,#11861,.T.);
#12488 = ORIENTED_EDGE('',*,*,#11975,.T.);
#12489 = ORIENTED_EDGE('',*,*,#10193,.T.);
#12490 = ORIENTED_EDGE('',*,*,#10892,.T.);
#12491 = ORIENTED_EDGE('',*,*,#11906,.T.);
#12492 = ORIENTED_EDGE('',*,*,#12493,.T.);
#12493 = EDGE_CURVE('',#11883,#12435,#12494,.T.);
#12494 = SURFACE_CURVE('',#12495,(#12500,#12507),.PCURVE_S1.);
#12495 = ELLIPSE('',#12496,8.500147271344,2.2);
#12496 = AXIS2_PLACEMENT_3D('',#12497,#12498,#12499);
#12497 = CARTESIAN_POINT('',(47.5,27.464101615138,46.));
#12498 = DIRECTION('',(0.,0.,1.));
#12499 = DIRECTION('',(0.,1.,-0.));
#12500 = PCURVE('',#10209,#12501);
#12501 = DEFINITIONAL_REPRESENTATION('',(#12502),#12506);
#12502 = ELLIPSE('',#12503,8.500147271344,2.2);
#12503 = AXIS2_PLACEMENT_2D('',#12504,#12505);
#12504 = CARTESIAN_POINT('',(7.564101615138,-105.));
#12505 = DIRECTION('',(1.,0.));
#12506 = ( GEOMETRIC_REPRESENTATION_CONTEXT(2) 
PARAMETRIC_REPRESENTATION_CONTEXT() REPRESENTATION_CONTEXT('2D SPACE',''
  ) );
#12507 = PCURVE('',#11794,#12508);
#12508 = DEFINITIONAL_REPRESENTATION('',(#12509),#12517);
#12509 = B_SPLINE_CURVE_WITH_KNOTS('',6,(#12510,#12511,#12512,#12513,
    #12514,#12515,#12516),.UNSPECIFIED.,.F.,.F.,(7,7),(3.752086255354,
    4.504596039124),.PIECEWISE_BEZIER_KNOTS.);
#12510 = CARTESIAN_POINT('',(-5.322882582149,-7.0000006));
#12511 = CARTESIAN_POINT('',(-5.448300879444,-6.40967470214));
#12512 = CARTESIAN_POINT('',(-5.573719176739,-5.692365334939));
#12513 = CARTESIAN_POINT('',(-5.699137474034,-4.864779153363));
#12514 = CARTESIAN_POINT('',(-5.824555771329,-3.949649486319));
#12515 = CARTESIAN_POINT('',(-5.949974068624,-2.974025813017));
#12516 = CARTESIAN_POINT('',(-6.075392365919,-1.966428719938));
#12517 = ( GEOMETRIC_REPRESENTATION_CONTEXT(2) 
PARAMETRIC_REPRESENTATION_CONTEXT() REPRESENTATION_CONTEXT('2D SPACE',''
  ) );
#12518 = ADVANCED_FACE('',(#12519,#12525),#10380,.F.);
#12519 = FACE_BOUND('',#12520,.F.);
#12520 = EDGE_LOOP('',(#12521,#12522,#12523,#12524));
#12521 = ORIENTED_EDGE('',*,*,#10418,.F.);
#12522 = ORIENTED_EDGE('',*,*,#10469,.F.);
#12523 = ORIENTED_EDGE('',*,*,#10603,.F.);
#12524 = ORIENTED_EDGE('',*,*,#10365,.F.);
#12525 = FACE_BOUND('',#12526,.F.);
#12526 = EDGE_LOOP('',(#12527,#12551,#12573,#12595));
#12527 = ORIENTED_EDGE('',*,*,#12528,.T.);
#12528 = EDGE_CURVE('',#12529,#12531,#12533,.T.);
#12529 = VERTEX_POINT('',#12530);
#12530 = CARTESIAN_POINT('',(11.,11.,122.));
#12531 = VERTEX_POINT('',#12532);
#12532 = CARTESIAN_POINT('',(11.,-11.,122.));
#12533 = SURFACE_CURVE('',#12534,(#12538,#12544),.PCURVE_S1.);
#12534 = LINE('',#12535,#12536);
#12535 = CARTESIAN_POINT('',(11.,-5.5,122.));
#12536 = VECTOR('',#12537,1.);
#12537 = DIRECTION('',(0.,-1.,0.));
#12538 = PCURVE('',#10380,#12539);
#12539 = DEFINITIONAL_REPRESENTATION('',(#12540),#12543);
#12540 = B_SPLINE_CURVE_WITH_KNOTS('',1,(#12541,#12542),.UNSPECIFIED.,
  .F.,.F.,(2,2),(-16.5,5.5),.PIECEWISE_BEZIER_KNOTS.);
#12541 = CARTESIAN_POINT('',(11.,11.));
#12542 = CARTESIAN_POINT('',(11.,-11.));
#12543 = ( GEOMETRIC_REPRESENTATION_CONTEXT(2) 
PARAMETRIC_REPRESENTATION_CONTEXT() REPRESENTATION_CONTEXT('2D SPACE',''
  ) );
#12544 = PCURVE('',#12227,#12545);
#12545 = DEFINITIONAL_REPRESENTATION('',(#12546),#12550);
#12546 = LINE('',#12547,#12548);
#12547 = CARTESIAN_POINT('',(5.5,3.9999998));
#12548 = VECTOR('',#12549,1.);
#12549 = DIRECTION('',(-1.,0.));
#12550 = ( GEOMETRIC_REPRESENTATION_CONTEXT(2) 
PARAMETRIC_REPRESENTATION_CONTEXT() REPRESENTATION_CONTEXT('2D SPACE',''
  ) );
#12551 = ORIENTED_EDGE('',*,*,#12552,.T.);
#12552 = EDGE_CURVE('',#12531,#12553,#12555,.T.);
#12553 = VERTEX_POINT('',#12554);
#12554 = CARTESIAN_POINT('',(-11.,-11.,122.));
#12555 = SURFACE_CURVE('',#12556,(#12560,#12566),.PCURVE_S1.);
#12556 = LINE('',#12557,#12558);
#12557 = CARTESIAN_POINT('',(-5.5,-11.,122.));
#12558 = VECTOR('',#12559,1.);
#12559 = DIRECTION('',(-1.,0.,0.));
#12560 = PCURVE('',#10380,#12561);
#12561 = DEFINITIONAL_REPRESENTATION('',(#12562),#12565);
#12562 = B_SPLINE_CURVE_WITH_KNOTS('',1,(#12563,#12564),.UNSPECIFIED.,
  .F.,.F.,(2,2),(-16.5,5.5),.PIECEWISE_BEZIER_KNOTS.);
#12563 = CARTESIAN_POINT('',(11.,-11.));
#12564 = CARTESIAN_POINT('',(-11.,-11.));
#12565 = ( GEOMETRIC_REPRESENTATION_CONTEXT(2) 
PARAMETRIC_REPRESENTATION_CONTEXT() REPRESENTATION_CONTEXT('2D SPACE',''
  ) );
#12566 = PCURVE('',#12254,#12567);
#12567 = DEFINITIONAL_REPRESENTATION('',(#12568),#12572);
#12568 = LINE('',#12569,#12570);
#12569 = CARTESIAN_POINT('',(5.5,3.9999998));
#12570 = VECTOR('',#12571,1.);
#12571 = DIRECTION('',(-1.,0.));
#12572 = ( GEOMETRIC_REPRESENTATION_CONTEXT(2) 
PARAMETRIC_REPRESENTATION_CONTEXT() REPRESENTATION_CONTEXT('2D SPACE',''
  ) );
#12573 = ORIENTED_EDGE('',*,*,#12574,.T.);
#12574 = EDGE_CURVE('',#12553,#12575,#12577,.T.);
#12575 = VERTEX_POINT('',#12576);
#12576 = CARTESIAN_POINT('',(-11.,11.,122.));
#12577 = SURFACE_CURVE('',#12578,(#12582,#12588),.PCURVE_S1.);
#12578 = LINE('',#12579,#12580);
#12579 = CARTESIAN_POINT('',(-11.,5.5,122.));
#12580 = VECTOR('',#12581,1.);
#12581 = DIRECTION('',(0.,1.,0.));
#12582 = PCURVE('',#10380,#12583);
#12583 = DEFINITIONAL_REPRESENTATION('',(#12584),#12587);
#12584 = B_SPLINE_CURVE_WITH_KNOTS('',1,(#12585,#12586),.UNSPECIFIED.,
  .F.,.F.,(2,2),(-16.5,5.5),.PIECEWISE_BEZIER_KNOTS.);
#12585 = CARTESIAN_POINT('',(-11.,-11.));
#12586 = CARTESIAN_POINT('',(-11.,11.));
#12587 = ( GEOMETRIC_REPRESENTATION_CONTEXT(2) 
PARAMETRIC_REPRESENTATION_CONTEXT() REPRESENTATION_CONTEXT('2D SPACE',''
  ) );
#12588 = PCURVE('',#12281,#12589);
#12589 = DEFINITIONAL_REPRESENTATION('',(#12590),#12594);
#12590 = LINE('',#12591,#12592);
#12591 = CARTESIAN_POINT('',(5.5,3.9999998));
#12592 = VECTOR('',#12593,1.);
#12593 = DIRECTION('',(-1.,0.));
#12594 = ( GEOMETRIC_REPRESENTATION_CONTEXT(2) 
PARAMETRIC_REPRESENTATION_CONTEXT() REPRESENTATION_CONTEXT('2D SPACE',''
  ) );
#12595 = ORIENTED_EDGE('',*,*,#12596,.T.);
#12596 = EDGE_CURVE('',#12575,#12529,#12597,.T.);
#12597 = SURFACE_CURVE('',#12598,(#12602,#12608),.PCURVE_S1.);
#12598 = LINE('',#12599,#12600);
#12599 = CARTESIAN_POINT('',(5.5,11.,122.));
#12600 = VECTOR('',#12601,1.);
#12601 = DIRECTION('',(1.,0.,-0.));
#12602 = PCURVE('',#10380,#12603);
#12603 = DEFINITIONAL_REPRESENTATION('',(#12604),#12607);
#12604 = B_SPLINE_CURVE_WITH_KNOTS('',1,(#12605,#12606),.UNSPECIFIED.,
  .F.,.F.,(2,2),(-16.5,5.5),.PIECEWISE_BEZIER_KNOTS.);
#12605 = CARTESIAN_POINT('',(-11.,11.));
#12606 = CARTESIAN_POINT('',(11.,11.));
#12607 = ( GEOMETRIC_REPRESENTATION_CONTEXT(2) 
PARAMETRIC_REPRESENTATION_CONTEXT() REPRESENTATION_CONTEXT('2D SPACE',''
  ) );
#12608 = PCURVE('',#12306,#12609);
#12609 = DEFINITIONAL_REPRESENTATION('',(#12610),#12614);
#12610 = LINE('',#12611,#12612);
#12611 = CARTESIAN_POINT('',(5.5,3.9999998));
#12612 = VECTOR('',#12613,1.);
#12613 = DIRECTION('',(-1.,0.));
#12614 = ( GEOMETRIC_REPRESENTATION_CONTEXT(2) 
PARAMETRIC_REPRESENTATION_CONTEXT() REPRESENTATION_CONTEXT('2D SPACE',''
  ) );
#12615 = ADVANCED_FACE('',(#12616),#10739,.T.);
#12616 = FACE_BOUND('',#12617,.T.);
#12617 = EDGE_LOOP('',(#12618,#12619,#12620,#12641));
#12618 = ORIENTED_EDGE('',*,*,#10723,.F.);
#12619 = ORIENTED_EDGE('',*,*,#10777,.F.);
#12620 = ORIENTED_EDGE('',*,*,#12621,.T.);
#12621 = EDGE_CURVE('',#10778,#11654,#12622,.T.);
#12622 = SURFACE_CURVE('',#12623,(#12627,#12634),.PCURVE_S1.);
#12623 = LINE('',#12624,#12625);
#12624 = CARTESIAN_POINT('',(-53.5,24.848211502827,62.230068349234));
#12625 = VECTOR('',#12626,1.);
#12626 = DIRECTION('',(0.,0.965925826289,-0.258819045103));
#12627 = PCURVE('',#10739,#12628);
#12628 = DEFINITIONAL_REPRESENTATION('',(#12629),#12633);
#12629 = LINE('',#12630,#12631);
#12630 = CARTESIAN_POINT('',(1.570796326795,0.));
#12631 = VECTOR('',#12632,1.);
#12632 = DIRECTION('',(0.,1.));
#12633 = ( GEOMETRIC_REPRESENTATION_CONTEXT(2) 
PARAMETRIC_REPRESENTATION_CONTEXT() REPRESENTATION_CONTEXT('2D SPACE',''
  ) );
#12634 = PCURVE('',#10821,#12635);
#12635 = DEFINITIONAL_REPRESENTATION('',(#12636),#12640);
#12636 = LINE('',#12637,#12638);
#12637 = CARTESIAN_POINT('',(4.,0.));
#12638 = VECTOR('',#12639,1.);
#12639 = DIRECTION('',(0.,1.));
#12640 = ( GEOMETRIC_REPRESENTATION_CONTEXT(2) 
PARAMETRIC_REPRESENTATION_CONTEXT() REPRESENTATION_CONTEXT('2D SPACE',''
  ) );
#12641 = ORIENTED_EDGE('',*,*,#11653,.F.);
#12642 = ADVANCED_FACE('',(#12643),#10849,.T.);
#12643 = FACE_BOUND('',#12644,.F.);
#12644 = EDGE_LOOP('',(#12645,#12646,#12647,#12668));
#12645 = ORIENTED_EDGE('',*,*,#10984,.F.);
#12646 = ORIENTED_EDGE('',*,*,#10832,.T.);
#12647 = ORIENTED_EDGE('',*,*,#12648,.T.);
#12648 = EDGE_CURVE('',#10807,#11678,#12649,.T.);
#12649 = SURFACE_CURVE('',#12650,(#12654,#12661),.PCURVE_S1.);
#12650 = LINE('',#12651,#12652);
#12651 = CARTESIAN_POINT('',(53.5,24.848211502827,62.230068349234));
#12652 = VECTOR('',#12653,1.);
#12653 = DIRECTION('',(0.,0.965925826289,-0.258819045103));
#12654 = PCURVE('',#10849,#12655);
#12655 = DEFINITIONAL_REPRESENTATION('',(#12656),#12660);
#12656 = LINE('',#12657,#12658);
#12657 = CARTESIAN_POINT('',(-1.570796326795,0.));
#12658 = VECTOR('',#12659,1.);
#12659 = DIRECTION('',(-0.,1.));
#12660 = ( GEOMETRIC_REPRESENTATION_CONTEXT(2) 
PARAMETRIC_REPRESENTATION_CONTEXT() REPRESENTATION_CONTEXT('2D SPACE',''
  ) );
#12661 = PCURVE('',#10821,#12662);
#12662 = DEFINITIONAL_REPRESENTATION('',(#12663),#12667);
#12663 = LINE('',#12664,#12665);
#12664 = CARTESIAN_POINT('',(111.,0.));
#12665 = VECTOR('',#12666,1.);
#12666 = DIRECTION('',(0.,1.));
#12667 = ( GEOMETRIC_REPRESENTATION_CONTEXT(2) 
PARAMETRIC_REPRESENTATION_CONTEXT() REPRESENTATION_CONTEXT('2D SPACE',''
  ) );
#12668 = ORIENTED_EDGE('',*,*,#11700,.F.);
#12669 = ADVANCED_FACE('',(#12670),#10821,.T.);
#12670 = FACE_BOUND('',#12671,.T.);
#12671 = EDGE_LOOP('',(#12672,#12673,#12674,#12675));
#12672 = ORIENTED_EDGE('',*,*,#11677,.F.);
#12673 = ORIENTED_EDGE('',*,*,#12621,.F.);
#12674 = ORIENTED_EDGE('',*,*,#10806,.F.);
#12675 = ORIENTED_EDGE('',*,*,#12648,.T.);
#12676 = ADVANCED_FACE('',(#12677),#11331,.F.);
#12677 = FACE_BOUND('',#12678,.T.);
#12678 = EDGE_LOOP('',(#12679,#12702,#12703,#12704,#12739,#12740,#12741,
    #12742));
#12679 = ORIENTED_EDGE('',*,*,#12680,.F.);
#12680 = EDGE_CURVE('',#11752,#12681,#12683,.T.);
#12681 = VERTEX_POINT('',#12682);
#12682 = CARTESIAN_POINT('',(-45.3,25.182285676538,46.611410738024));
#12683 = SEAM_CURVE('',#12684,(#12688,#12695),.PCURVE_S1.);
#12684 = LINE('',#12685,#12686);
#12685 = CARTESIAN_POINT('',(-45.3,27.727406610313,45.92944763918));
#12686 = VECTOR('',#12687,1.);
#12687 = DIRECTION('',(0.,-0.965925826289,0.258819045103));
#12688 = PCURVE('',#11331,#12689);
#12689 = DEFINITIONAL_REPRESENTATION('',(#12690),#12694);
#12690 = LINE('',#12691,#12692);
#12691 = CARTESIAN_POINT('',(-6.28318530718,0.));
#12692 = VECTOR('',#12693,1.);
#12693 = DIRECTION('',(-0.,-1.));
#12694 = ( GEOMETRIC_REPRESENTATION_CONTEXT(2) 
PARAMETRIC_REPRESENTATION_CONTEXT() REPRESENTATION_CONTEXT('2D SPACE',''
  ) );
#12695 = PCURVE('',#11331,#12696);
#12696 = DEFINITIONAL_REPRESENTATION('',(#12697),#12701);
#12697 = LINE('',#12698,#12699);
#12698 = CARTESIAN_POINT('',(-0.,0.));
#12699 = VECTOR('',#12700,1.);
#12700 = DIRECTION('',(-0.,-1.));
#12701 = ( GEOMETRIC_REPRESENTATION_CONTEXT(2) 
PARAMETRIC_REPRESENTATION_CONTEXT() REPRESENTATION_CONTEXT('2D SPACE',''
  ) );
#12702 = ORIENTED_EDGE('',*,*,#11751,.T.);
#12703 = ORIENTED_EDGE('',*,*,#12680,.T.);
#12704 = ORIENTED_EDGE('',*,*,#12705,.T.);
#12705 = EDGE_CURVE('',#12681,#11348,#12706,.T.);
#12706 = SURFACE_CURVE('',#12707,(#12712,#12732),.PCURVE_S1.);
#12707 = ELLIPSE('',#12708,2.277607596902,2.2);
#12708 = AXIS2_PLACEMENT_3D('',#12709,#12710,#12711);
#12709 = CARTESIAN_POINT('',(-47.5,25.182285676538,46.611410738024));
#12710 = DIRECTION('',(0.,-1.,0.));
#12711 = DIRECTION('',(0.,0.,-1.));
#12712 = PCURVE('',#11331,#12713);
#12713 = DEFINITIONAL_REPRESENTATION('',(#12714),#12731);
#12714 = B_SPLINE_CURVE_WITH_KNOTS('',8,(#12715,#12716,#12717,#12718,
    #12719,#12720,#12721,#12722,#12723,#12724,#12725,#12726,#12727,
    #12728,#12729,#12730),.UNSPECIFIED.,.F.,.F.,(9,7,9),(1.570796326795,
    3.865310598592,6.15982487039),.UNSPECIFIED.);
#12715 = CARTESIAN_POINT('',(0.,-2.634903079));
#12716 = CARTESIAN_POINT('',(-0.286814283975,-2.803976721691));
#12717 = CARTESIAN_POINT('',(-0.573628567948,-2.973050888965));
#12718 = CARTESIAN_POINT('',(-0.860442851925,-3.120926871412));
#12719 = CARTESIAN_POINT('',(-1.14725713589,-3.226433514301));
#12720 = CARTESIAN_POINT('',(-1.434071419874,-3.273885336978));
#12721 = CARTESIAN_POINT('',(-1.720885703847,-3.259018756294));
#12722 = CARTESIAN_POINT('',(-2.007699987823,-3.188591866257));
#12723 = CARTESIAN_POINT('',(-2.581328555772,-2.964679092703));
#12724 = CARTESIAN_POINT('',(-2.868142839749,-2.811192514456));
#12725 = CARTESIAN_POINT('',(-3.154957123715,-2.630219454819));
#12726 = CARTESIAN_POINT('',(-3.441771407697,-2.443039850447));
#12727 = CARTESIAN_POINT('',(-3.728585691659,-2.274690359561));
#12728 = CARTESIAN_POINT('',(-4.015399975648,-2.146502941591));
#12729 = CARTESIAN_POINT('',(-4.30221425962,-2.070698665651));
#12730 = CARTESIAN_POINT('',(-4.589028543595,-2.049894526599));
#12731 = ( GEOMETRIC_REPRESENTATION_CONTEXT(2) 
PARAMETRIC_REPRESENTATION_CONTEXT() REPRESENTATION_CONTEXT('2D SPACE',''
  ) );
#12732 = PCURVE('',#11363,#12733);
#12733 = DEFINITIONAL_REPRESENTATION('',(#12734),#12738);
#12734 = ELLIPSE('',#12735,2.277607596902,2.2);
#12735 = AXIS2_PLACEMENT_2D('',#12736,#12737);
#12736 = CARTESIAN_POINT('',(0.611410738024,-10.));
#12737 = DIRECTION('',(-1.,0.));
#12738 = ( GEOMETRIC_REPRESENTATION_CONTEXT(2) 
PARAMETRIC_REPRESENTATION_CONTEXT() REPRESENTATION_CONTEXT('2D SPACE',''
  ) );
#12739 = ORIENTED_EDGE('',*,*,#11375,.T.);
#12740 = ORIENTED_EDGE('',*,*,#12062,.F.);
#12741 = ORIENTED_EDGE('',*,*,#11314,.T.);
#12742 = ORIENTED_EDGE('',*,*,#12743,.T.);
#12743 = EDGE_CURVE('',#11315,#12681,#12744,.T.);
#12744 = SURFACE_CURVE('',#12745,(#12750,#12762),.PCURVE_S1.);
#12745 = ELLIPSE('',#12746,2.277607596902,2.2);
#12746 = AXIS2_PLACEMENT_3D('',#12747,#12748,#12749);
#12747 = CARTESIAN_POINT('',(-47.5,25.182285676538,46.611410738024));
#12748 = DIRECTION('',(0.,-1.,0.));
#12749 = DIRECTION('',(0.,0.,-1.));
#12750 = PCURVE('',#11331,#12751);
#12751 = DEFINITIONAL_REPRESENTATION('',(#12752),#12761);
#12752 = B_SPLINE_CURVE_WITH_KNOTS('',7,(#12753,#12754,#12755,#12756,
    #12757,#12758,#12759,#12760),.UNSPECIFIED.,.F.,.F.,(8,8),(
    0.12336043679,1.570796326795),.PIECEWISE_BEZIER_KNOTS.);
#12753 = CARTESIAN_POINT('',(-4.835749417174,-2.049894526599));
#12754 = CARTESIAN_POINT('',(-5.042525972889,-2.064893110903));
#12755 = CARTESIAN_POINT('',(-5.249302528604,-2.109073759656));
#12756 = CARTESIAN_POINT('',(-5.456079084319,-2.181386573613));
#12757 = CARTESIAN_POINT('',(-5.662855640034,-2.277737185517));
#12758 = CARTESIAN_POINT('',(-5.86963219575,-2.391118651772));
#12759 = CARTESIAN_POINT('',(-6.076408751465,-2.513010734541));
#12760 = CARTESIAN_POINT('',(-6.28318530718,-2.634903079));
#12761 = ( GEOMETRIC_REPRESENTATION_CONTEXT(2) 
PARAMETRIC_REPRESENTATION_CONTEXT() REPRESENTATION_CONTEXT('2D SPACE',''
  ) );
#12762 = PCURVE('',#11363,#12763);
#12763 = DEFINITIONAL_REPRESENTATION('',(#12764),#12768);
#12764 = ELLIPSE('',#12765,2.277607596902,2.2);
#12765 = AXIS2_PLACEMENT_2D('',#12766,#12767);
#12766 = CARTESIAN_POINT('',(0.611410738024,-10.));
#12767 = DIRECTION('',(-1.,0.));
#12768 = ( GEOMETRIC_REPRESENTATION_CONTEXT(2) 
PARAMETRIC_REPRESENTATION_CONTEXT() REPRESENTATION_CONTEXT('2D SPACE',''
  ) );
#12769 = ADVANCED_FACE('',(#12770),#11363,.F.);
#12770 = FACE_BOUND('',#12771,.F.);
#12771 = EDGE_LOOP('',(#12772,#12773,#12774));
#12772 = ORIENTED_EDGE('',*,*,#12705,.T.);
#12773 = ORIENTED_EDGE('',*,*,#11347,.T.);
#12774 = ORIENTED_EDGE('',*,*,#12743,.T.);
#12775 = ADVANCED_FACE('',(#12776),#11794,.F.);
#12776 = FACE_BOUND('',#12777,.T.);
#12777 = EDGE_LOOP('',(#12778,#12801,#12802,#12803,#12838,#12839,#12840,
    #12841));
#12778 = ORIENTED_EDGE('',*,*,#12779,.F.);
#12779 = EDGE_CURVE('',#11778,#12780,#12782,.T.);
#12780 = VERTEX_POINT('',#12781);
#12781 = CARTESIAN_POINT('',(49.7,25.182285676538,46.611410738024));
#12782 = SEAM_CURVE('',#12783,(#12787,#12794),.PCURVE_S1.);
#12783 = LINE('',#12784,#12785);
#12784 = CARTESIAN_POINT('',(49.7,27.727406610313,45.92944763918));
#12785 = VECTOR('',#12786,1.);
#12786 = DIRECTION('',(0.,-0.965925826289,0.258819045103));
#12787 = PCURVE('',#11794,#12788);
#12788 = DEFINITIONAL_REPRESENTATION('',(#12789),#12793);
#12789 = LINE('',#12790,#12791);
#12790 = CARTESIAN_POINT('',(-6.28318530718,0.));
#12791 = VECTOR('',#12792,1.);
#12792 = DIRECTION('',(-0.,-1.));
#12793 = ( GEOMETRIC_REPRESENTATION_CONTEXT(2) 
PARAMETRIC_REPRESENTATION_CONTEXT() REPRESENTATION_CONTEXT('2D SPACE',''
  ) );
#12794 = PCURVE('',#11794,#12795);
#12795 = DEFINITIONAL_REPRESENTATION('',(#12796),#12800);
#12796 = LINE('',#12797,#12798);
#12797 = CARTESIAN_POINT('',(-0.,0.));
#12798 = VECTOR('',#12799,1.);
#12799 = DIRECTION('',(-0.,-1.));
#12800 = ( GEOMETRIC_REPRESENTATION_CONTEXT(2) 
PARAMETRIC_REPRESENTATION_CONTEXT() REPRESENTATION_CONTEXT('2D SPACE',''
  ) );
#12801 = ORIENTED_EDGE('',*,*,#11777,.T.);
#12802 = ORIENTED_EDGE('',*,*,#12779,.T.);
#12803 = ORIENTED_EDGE('',*,*,#12804,.T.);
#12804 = EDGE_CURVE('',#12780,#12433,#12805,.T.);
#12805 = SURFACE_CURVE('',#12806,(#12811,#12831),.PCURVE_S1.);
#12806 = ELLIPSE('',#12807,2.277607596902,2.2);
#12807 = AXIS2_PLACEMENT_3D('',#12808,#12809,#12810);
#12808 = CARTESIAN_POINT('',(47.5,25.182285676538,46.611410738024));
#12809 = DIRECTION('',(0.,-1.,0.));
#12810 = DIRECTION('',(0.,0.,-1.));
#12811 = PCURVE('',#11794,#12812);
#12812 = DEFINITIONAL_REPRESENTATION('',(#12813),#12830);
#12813 = B_SPLINE_CURVE_WITH_KNOTS('',8,(#12814,#12815,#12816,#12817,
    #12818,#12819,#12820,#12821,#12822,#12823,#12824,#12825,#12826,
    #12827,#12828,#12829),.UNSPECIFIED.,.F.,.F.,(9,7,9),(1.570796326795,
    3.865310598592,6.15982487039),.UNSPECIFIED.);
#12814 = CARTESIAN_POINT('',(0.,-2.634903079));
#12815 = CARTESIAN_POINT('',(-0.286814283975,-2.803976721691));
#12816 = CARTESIAN_POINT('',(-0.573628567948,-2.973050888965));
#12817 = CARTESIAN_POINT('',(-0.860442851925,-3.120926871412));
#12818 = CARTESIAN_POINT('',(-1.14725713589,-3.226433514301));
#12819 = CARTESIAN_POINT('',(-1.434071419874,-3.273885336978));
#12820 = CARTESIAN_POINT('',(-1.720885703847,-3.259018756294));
#12821 = CARTESIAN_POINT('',(-2.007699987823,-3.188591866257));
#12822 = CARTESIAN_POINT('',(-2.581328555772,-2.964679092703));
#12823 = CARTESIAN_POINT('',(-2.868142839749,-2.811192514456));
#12824 = CARTESIAN_POINT('',(-3.154957123715,-2.630219454819));
#12825 = CARTESIAN_POINT('',(-3.441771407697,-2.443039850447));
#12826 = CARTESIAN_POINT('',(-3.728585691659,-2.274690359561));
#12827 = CARTESIAN_POINT('',(-4.015399975648,-2.146502941591));
#12828 = CARTESIAN_POINT('',(-4.30221425962,-2.070698665651));
#12829 = CARTESIAN_POINT('',(-4.589028543595,-2.049894526599));
#12830 = ( GEOMETRIC_REPRESENTATION_CONTEXT(2) 
PARAMETRIC_REPRESENTATION_CONTEXT() REPRESENTATION_CONTEXT('2D SPACE',''
  ) );
#12831 = PCURVE('',#12450,#12832);
#12832 = DEFINITIONAL_REPRESENTATION('',(#12833),#12837);
#12833 = ELLIPSE('',#12834,2.277607596902,2.2);
#12834 = AXIS2_PLACEMENT_2D('',#12835,#12836);
#12835 = CARTESIAN_POINT('',(0.611410738024,-105.));
#12836 = DIRECTION('',(-1.,0.));
#12837 = ( GEOMETRIC_REPRESENTATION_CONTEXT(2) 
PARAMETRIC_REPRESENTATION_CONTEXT() REPRESENTATION_CONTEXT('2D SPACE',''
  ) );
#12838 = ORIENTED_EDGE('',*,*,#12462,.T.);
#12839 = ORIENTED_EDGE('',*,*,#11882,.F.);
#12840 = ORIENTED_EDGE('',*,*,#12493,.T.);
#12841 = ORIENTED_EDGE('',*,*,#12842,.T.);
#12842 = EDGE_CURVE('',#12435,#12780,#12843,.T.);
#12843 = SURFACE_CURVE('',#12844,(#12849,#12861),.PCURVE_S1.);
#12844 = ELLIPSE('',#12845,2.277607596902,2.2);
#12845 = AXIS2_PLACEMENT_3D('',#12846,#12847,#12848);
#12846 = CARTESIAN_POINT('',(47.5,25.182285676538,46.611410738024));
#12847 = DIRECTION('',(0.,-1.,0.));
#12848 = DIRECTION('',(0.,0.,-1.));
#12849 = PCURVE('',#11794,#12850);
#12850 = DEFINITIONAL_REPRESENTATION('',(#12851),#12860);
#12851 = B_SPLINE_CURVE_WITH_KNOTS('',7,(#12852,#12853,#12854,#12855,
    #12856,#12857,#12858,#12859),.UNSPECIFIED.,.F.,.F.,(8,8),(
    0.12336043679,1.570796326795),.PIECEWISE_BEZIER_KNOTS.);
#12852 = CARTESIAN_POINT('',(-4.835749417174,-2.049894526599));
#12853 = CARTESIAN_POINT('',(-5.042525972889,-2.064893110903));
#12854 = CARTESIAN_POINT('',(-5.249302528604,-2.109073759656));
#12855 = CARTESIAN_POINT('',(-5.456079084319,-2.181386573613));
#12856 = CARTESIAN_POINT('',(-5.662855640034,-2.277737185517));
#12857 = CARTESIAN_POINT('',(-5.86963219575,-2.391118651772));
#12858 = CARTESIAN_POINT('',(-6.076408751465,-2.513010734541));
#12859 = CARTESIAN_POINT('',(-6.28318530718,-2.634903079));
#12860 = ( GEOMETRIC_REPRESENTATION_CONTEXT(2) 
PARAMETRIC_REPRESENTATION_CONTEXT() REPRESENTATION_CONTEXT('2D SPACE',''
  ) );
#12861 = PCURVE('',#12450,#12862);
#12862 = DEFINITIONAL_REPRESENTATION('',(#12863),#12867);
#12863 = ELLIPSE('',#12864,2.277607596902,2.2);
#12864 = AXIS2_PLACEMENT_2D('',#12865,#12866);
#12865 = CARTESIAN_POINT('',(0.611410738024,-105.));
#12866 = DIRECTION('',(-1.,0.));
#12867 = ( GEOMETRIC_REPRESENTATION_CONTEXT(2) 
PARAMETRIC_REPRESENTATION_CONTEXT() REPRESENTATION_CONTEXT('2D SPACE',''
  ) );
#12868 = ADVANCED_FACE('',(#12869,#12915),#12227,.T.);
#12869 = FACE_BOUND('',#12870,.T.);
#12870 = EDGE_LOOP('',(#12871,#12892,#12893,#12914));
#12871 = ORIENTED_EDGE('',*,*,#12872,.T.);
#12872 = EDGE_CURVE('',#12211,#12529,#12873,.T.);
#12873 = SURFACE_CURVE('',#12874,(#12878,#12885),.PCURVE_S1.);
#12874 = LINE('',#12875,#12876);
#12875 = CARTESIAN_POINT('',(11.,11.,156.));
#12876 = VECTOR('',#12877,1.);
#12877 = DIRECTION('',(0.,0.,-1.));
#12878 = PCURVE('',#12227,#12879);
#12879 = DEFINITIONAL_REPRESENTATION('',(#12880),#12884);
#12880 = LINE('',#12881,#12882);
#12881 = CARTESIAN_POINT('',(22.,-30.0000002));
#12882 = VECTOR('',#12883,1.);
#12883 = DIRECTION('',(0.,1.));
#12884 = ( GEOMETRIC_REPRESENTATION_CONTEXT(2) 
PARAMETRIC_REPRESENTATION_CONTEXT() REPRESENTATION_CONTEXT('2D SPACE',''
  ) );
#12885 = PCURVE('',#12306,#12886);
#12886 = DEFINITIONAL_REPRESENTATION('',(#12887),#12891);
#12887 = LINE('',#12888,#12889);
#12888 = CARTESIAN_POINT('',(0.,-30.0000002));
#12889 = VECTOR('',#12890,1.);
#12890 = DIRECTION('',(0.,1.));
#12891 = ( GEOMETRIC_REPRESENTATION_CONTEXT(2) 
PARAMETRIC_REPRESENTATION_CONTEXT() REPRESENTATION_CONTEXT('2D SPACE',''
  ) );
#12892 = ORIENTED_EDGE('',*,*,#12528,.T.);
#12893 = ORIENTED_EDGE('',*,*,#12894,.T.);
#12894 = EDGE_CURVE('',#12531,#12213,#12895,.T.);
#12895 = SURFACE_CURVE('',#12896,(#12900,#12907),.PCURVE_S1.);
#12896 = LINE('',#12897,#12898);
#12897 = CARTESIAN_POINT('',(11.,-11.,122.));
#12898 = VECTOR('',#12899,1.);
#12899 = DIRECTION('',(0.,0.,1.));
#12900 = PCURVE('',#12227,#12901);
#12901 = DEFINITIONAL_REPRESENTATION('',(#12902),#12906);
#12902 = LINE('',#12903,#12904);
#12903 = CARTESIAN_POINT('',(0.,3.9999998));
#12904 = VECTOR('',#12905,1.);
#12905 = DIRECTION('',(0.,-1.));
#12906 = ( GEOMETRIC_REPRESENTATION_CONTEXT(2) 
PARAMETRIC_REPRESENTATION_CONTEXT() REPRESENTATION_CONTEXT('2D SPACE',''
  ) );
#12907 = PCURVE('',#12254,#12908);
#12908 = DEFINITIONAL_REPRESENTATION('',(#12909),#12913);
#12909 = LINE('',#12910,#12911);
#12910 = CARTESIAN_POINT('',(22.,3.9999998));
#12911 = VECTOR('',#12912,1.);
#12912 = DIRECTION('',(0.,-1.));
#12913 = ( GEOMETRIC_REPRESENTATION_CONTEXT(2) 
PARAMETRIC_REPRESENTATION_CONTEXT() REPRESENTATION_CONTEXT('2D SPACE',''
  ) );
#12914 = ORIENTED_EDGE('',*,*,#12210,.F.);
#12915 = FACE_BOUND('',#12916,.T.);
#12916 = EDGE_LOOP('',(#12917));
#12917 = ORIENTED_EDGE('',*,*,#12321,.F.);
#12918 = ADVANCED_FACE('',(#12919),#12306,.T.);
#12919 = FACE_BOUND('',#12920,.T.);
#12920 = EDGE_LOOP('',(#12921,#12942,#12943,#12944));
#12921 = ORIENTED_EDGE('',*,*,#12922,.T.);
#12922 = EDGE_CURVE('',#12267,#12575,#12923,.T.);
#12923 = SURFACE_CURVE('',#12924,(#12928,#12935),.PCURVE_S1.);
#12924 = LINE('',#12925,#12926);
#12925 = CARTESIAN_POINT('',(-11.,11.,156.));
#12926 = VECTOR('',#12927,1.);
#12927 = DIRECTION('',(0.,0.,-1.));
#12928 = PCURVE('',#12306,#12929);
#12929 = DEFINITIONAL_REPRESENTATION('',(#12930),#12934);
#12930 = LINE('',#12931,#12932);
#12931 = CARTESIAN_POINT('',(22.,-30.0000002));
#12932 = VECTOR('',#12933,1.);
#12933 = DIRECTION('',(0.,1.));
#12934 = ( GEOMETRIC_REPRESENTATION_CONTEXT(2) 
PARAMETRIC_REPRESENTATION_CONTEXT() REPRESENTATION_CONTEXT('2D SPACE',''
  ) );
#12935 = PCURVE('',#12281,#12936);
#12936 = DEFINITIONAL_REPRESENTATION('',(#12937),#12941);
#12937 = LINE('',#12938,#12939);
#12938 = CARTESIAN_POINT('',(0.,-30.0000002));
#12939 = VECTOR('',#12940,1.);
#12940 = DIRECTION('',(0.,1.));
#12941 = ( GEOMETRIC_REPRESENTATION_CONTEXT(2) 
PARAMETRIC_REPRESENTATION_CONTEXT() REPRESENTATION_CONTEXT('2D SPACE',''
  ) );
#12942 = ORIENTED_EDGE('',*,*,#12596,.T.);
#12943 = ORIENTED_EDGE('',*,*,#12872,.F.);
#12944 = ORIENTED_EDGE('',*,*,#12293,.F.);
#12945 = ADVANCED_FACE('',(#12946,#12972),#12281,.T.);
#12946 = FACE_BOUND('',#12947,.T.);
#12947 = EDGE_LOOP('',(#12948,#12969,#12970,#12971));
#12948 = ORIENTED_EDGE('',*,*,#12949,.T.);
#12949 = EDGE_CURVE('',#12240,#12553,#12950,.T.);
#12950 = SURFACE_CURVE('',#12951,(#12955,#12962),.PCURVE_S1.);
#12951 = LINE('',#12952,#12953);
#12952 = CARTESIAN_POINT('',(-11.,-11.,156.));
#12953 = VECTOR('',#12954,1.);
#12954 = DIRECTION('',(0.,0.,-1.));
#12955 = PCURVE('',#12281,#12956);
#12956 = DEFINITIONAL_REPRESENTATION('',(#12957),#12961);
#12957 = LINE('',#12958,#12959);
#12958 = CARTESIAN_POINT('',(22.,-30.0000002));
#12959 = VECTOR('',#12960,1.);
#12960 = DIRECTION('',(0.,1.));
#12961 = ( GEOMETRIC_REPRESENTATION_CONTEXT(2) 
PARAMETRIC_REPRESENTATION_CONTEXT() REPRESENTATION_CONTEXT('2D SPACE',''
  ) );
#12962 = PCURVE('',#12254,#12963);
#12963 = DEFINITIONAL_REPRESENTATION('',(#12964),#12968);
#12964 = LINE('',#12965,#12966);
#12965 = CARTESIAN_POINT('',(0.,-30.0000002));
#12966 = VECTOR('',#12967,1.);
#12967 = DIRECTION('',(0.,1.));
#12968 = ( GEOMETRIC_REPRESENTATION_CONTEXT(2) 
PARAMETRIC_REPRESENTATION_CONTEXT() REPRESENTATION_CONTEXT('2D SPACE',''
  ) );
#12969 = ORIENTED_EDGE('',*,*,#12574,.T.);
#12970 = ORIENTED_EDGE('',*,*,#12922,.F.);
#12971 = ORIENTED_EDGE('',*,*,#12266,.F.);
#12972 = FACE_BOUND('',#12973,.T.);
#12973 = EDGE_LOOP('',(#12974));
#12974 = ORIENTED_EDGE('',*,*,#12395,.T.);
#12975 = ADVANCED_FACE('',(#12976),#12254,.T.);
#12976 = FACE_BOUND('',#12977,.T.);
#12977 = EDGE_LOOP('',(#12978,#12979,#12980,#12981));
#12978 = ORIENTED_EDGE('',*,*,#12894,.F.);
#12979 = ORIENTED_EDGE('',*,*,#12552,.T.);
#12980 = ORIENTED_EDGE('',*,*,#12949,.F.);
#12981 = ORIENTED_EDGE('',*,*,#12239,.F.);
#12982 = ADVANCED_FACE('',(#12983),#12450,.F.);
#12983 = FACE_BOUND('',#12984,.F.);
#12984 = EDGE_LOOP('',(#12985,#12986,#12987));
#12985 = ORIENTED_EDGE('',*,*,#12804,.T.);
#12986 = ORIENTED_EDGE('',*,*,#12432,.T.);
#12987 = ORIENTED_EDGE('',*,*,#12842,.T.);
#12988 = ( GEOMETRIC_REPRESENTATION_CONTEXT(3) 
GLOBAL_UNCERTAINTY_ASSIGNED_CONTEXT((#12992)) 
GLOBAL_UNIT_ASSIGNED_CONTEXT((#12989,#12990,#12991)) 
REPRESENTATION_CONTEXT('Context #1',
  '3D Context with UNIT and UNCERTAINTY') );
#12989 = ( LENGTH_UNIT() NAMED_UNIT(*) SI_UNIT(.MILLI.,.METRE.) );
#12990 = ( NAMED_UNIT(*) PLANE_ANGLE_UNIT() SI_UNIT($,.RADIAN.) );
#12991 = ( NAMED_UNIT(*) SI_UNIT($,.STERADIAN.) SOLID_ANGLE_UNIT() );
#12992 = UNCERTAINTY_MEASURE_WITH_UNIT(LENGTH_MEASURE(1.E-07),#12989,
  'distance_accuracy_value','confusion accuracy');
#12993 = CONTEXT_DEPENDENT_SHAPE_REPRESENTATION(#12994,#12996);
#12994 = ( REPRESENTATION_RELATIONSHIP('','',#7693,#7670) 
REPRESENTATION_RELATIONSHIP_WITH_TRANSFORMATION(#12995) 
SHAPE_REPRESENTATION_RELATIONSHIP() );
#12995 = ITEM_DEFINED_TRANSFORMATION('','',#11,#7671);
#12996 = PRODUCT_DEFINITION_SHAPE('Placement','Placement of an item',
  #12997);
#12997 = NEXT_ASSEMBLY_USAGE_OCCURRENCE('5','','',#7665,#7688,$);
#12998 = PRODUCT_RELATED_PRODUCT_CATEGORY('part',$,(#7690));
#12999 = SHAPE_DEFINITION_REPRESENTATION(#13000,#13006);
#13000 = PRODUCT_DEFINITION_SHAPE('','',#13001);
#13001 = PRODUCT_DEFINITION('design','',#13002,#13005);
#13002 = PRODUCT_DEFINITION_FORMATION('','',#13003);
#13003 = PRODUCT('cap','cap','',(#13004));
#13004 = PRODUCT_CONTEXT('',#2,'mechanical');
#13005 = PRODUCT_DEFINITION_CONTEXT('part definition',#2,'design');
#13006 = SHAPE_REPRESENTATION('',(#11,#13007),#13011);
#13007 = AXIS2_PLACEMENT_3D('',#13008,#13009,#13010);
#13008 = CARTESIAN_POINT('',(0.,0.,0.));
#13009 = DIRECTION('',(0.,0.,1.));
#13010 = DIRECTION('',(1.,0.,-0.));
#13011 = ( GEOMETRIC_REPRESENTATION_CONTEXT(3) 
GLOBAL_UNCERTAINTY_ASSIGNED_CONTEXT((#13015)) 
GLOBAL_UNIT_ASSIGNED_CONTEXT((#13012,#13013,#13014)) 
REPRESENTATION_CONTEXT('Context #1',
  '3D Context with UNIT and UNCERTAINTY') );
#13012 = ( LENGTH_UNIT() NAMED_UNIT(*) SI_UNIT(.MILLI.,.METRE.) );
#13013 = ( NAMED_UNIT(*) PLANE_ANGLE_UNIT() SI_UNIT($,.RADIAN.) );
#13014 = ( NAMED_UNIT(*) SI_UNIT($,.STERADIAN.) SOLID_ANGLE_UNIT() );
#13015 = UNCERTAINTY_MEASURE_WITH_UNIT(LENGTH_MEASURE(1.E-07),#13012,
  'distance_accuracy_value','confusion accuracy');
#13016 = CONTEXT_DEPENDENT_SHAPE_REPRESENTATION(#13017,#13019);
#13017 = ( REPRESENTATION_RELATIONSHIP('','',#13006,#32) 
REPRESENTATION_RELATIONSHIP_WITH_TRANSFORMATION(#13018) 
SHAPE_REPRESENTATION_RELATIONSHIP() );
#13018 = ITEM_DEFINED_TRANSFORMATION('','',#11,#45);
#13019 = PRODUCT_DEFINITION_SHAPE('Placement','Placement of an item',
  #13020);
#13020 = NEXT_ASSEMBLY_USAGE_OCCURRENCE('8','','',#27,#13001,$);
#13021 = PRODUCT_RELATED_PRODUCT_CATEGORY('part',$,(#13003));
#13022 = SHAPE_DEFINITION_REPRESENTATION(#13023,#13029);
#13023 = PRODUCT_DEFINITION_SHAPE('','',#13024);
#13024 = PRODUCT_DEFINITION('design','',#13025,#13028);
#13025 = PRODUCT_DEFINITION_FORMATION('','',#13026);
#13026 = PRODUCT('cap_part','cap_part','',(#13027));
#13027 = PRODUCT_CONTEXT('',#2,'mechanical');
#13028 = PRODUCT_DEFINITION_CONTEXT('part definition',#2,'design');
#13029 = ADVANCED_BREP_SHAPE_REPRESENTATION('',(#11,#13030),#15466);
#13030 = MANIFOLD_SOLID_BREP('',#13031);
#13031 = CLOSED_SHELL('',(#13032,#13152,#13338,#13539,#13586,#13741,
    #13873,#14064,#14111,#14158,#14299,#14627,#14654,#14701,#14770,
    #14797,#14828,#14855,#14862,#14912,#14966,#15211,#15236,#15243,
    #15270,#15297,#15324,#15351,#15358,#15385,#15412,#15439));
#13032 = ADVANCED_FACE('',(#13033),#13047,.F.);
#13033 = FACE_BOUND('',#13034,.F.);
#13034 = EDGE_LOOP('',(#13035,#13070,#13098,#13126));
#13035 = ORIENTED_EDGE('',*,*,#13036,.F.);
#13036 = EDGE_CURVE('',#13037,#13039,#13041,.T.);
#13037 = VERTEX_POINT('',#13038);
#13038 = CARTESIAN_POINT('',(-20.,-20.,0.));
#13039 = VERTEX_POINT('',#13040);
#13040 = CARTESIAN_POINT('',(20.,-20.,0.));
#13041 = SURFACE_CURVE('',#13042,(#13046,#13058),.PCURVE_S1.);
#13042 = LINE('',#13043,#13044);
#13043 = CARTESIAN_POINT('',(-20.,-20.,0.));
#13044 = VECTOR('',#13045,1.);
#13045 = DIRECTION('',(1.,0.,0.));
#13046 = PCURVE('',#13047,#13052);
#13047 = PLANE('',#13048);
#13048 = AXIS2_PLACEMENT_3D('',#13049,#13050,#13051);
#13049 = CARTESIAN_POINT('',(-20.,-20.,0.));
#13050 = DIRECTION('',(0.,1.,0.));
#13051 = DIRECTION('',(1.,0.,0.));
#13052 = DEFINITIONAL_REPRESENTATION('',(#13053),#13057);
#13053 = LINE('',#13054,#13055);
#13054 = CARTESIAN_POINT('',(0.,0.));
#13055 = VECTOR('',#13056,1.);
#13056 = DIRECTION('',(1.,0.));
#13057 = ( GEOMETRIC_REPRESENTATION_CONTEXT(2) 
PARAMETRIC_REPRESENTATION_CONTEXT() REPRESENTATION_CONTEXT('2D SPACE',''
  ) );
#13058 = PCURVE('',#13059,#13064);
#13059 = PLANE('',#13060);
#13060 = AXIS2_PLACEMENT_3D('',#13061,#13062,#13063);
#13061 = CARTESIAN_POINT('',(0.,0.,0.));
#13062 = DIRECTION('',(0.,0.,1.));
#13063 = DIRECTION('',(1.,0.,-0.));
#13064 = DEFINITIONAL_REPRESENTATION('',(#13065),#13069);
#13065 = LINE('',#13066,#13067);
#13066 = CARTESIAN_POINT('',(-20.,-20.));
#13067 = VECTOR('',#13068,1.);
#13068 = DIRECTION('',(1.,0.));
#13069 = ( GEOMETRIC_REPRESENTATION_CONTEXT(2) 
PARAMETRIC_REPRESENTATION_CONTEXT() REPRESENTATION_CONTEXT('2D SPACE',''
  ) );
#13070 = ORIENTED_EDGE('',*,*,#13071,.F.);
#13071 = EDGE_CURVE('',#13072,#13037,#13074,.T.);
#13072 = VERTEX_POINT('',#13073);
#13073 = CARTESIAN_POINT('',(-20.,-20.,36.));
#13074 = SURFACE_CURVE('',#13075,(#13079,#13086),.PCURVE_S1.);
#13075 = LINE('',#13076,#13077);
#13076 = CARTESIAN_POINT('',(-20.,-20.,36.));
#13077 = VECTOR('',#13078,1.);
#13078 = DIRECTION('',(0.,0.,-1.));
#13079 = PCURVE('',#13047,#13080);
#13080 = DEFINITIONAL_REPRESENTATION('',(#13081),#13085);
#13081 = LINE('',#13082,#13083);
#13082 = CARTESIAN_POINT('',(0.,-36.));
#13083 = VECTOR('',#13084,1.);
#13084 = DIRECTION('',(0.,1.));
#13085 = ( GEOMETRIC_REPRESENTATION_CONTEXT(2) 
PARAMETRIC_REPRESENTATION_CONTEXT() REPRESENTATION_CONTEXT('2D SPACE',''
  ) );
#13086 = PCURVE('',#13087,#13092);
#13087 = PLANE('',#13088);
#13088 = AXIS2_PLACEMENT_3D('',#13089,#13090,#13091);
#13089 = CARTESIAN_POINT('',(-20.,20.,0.));
#13090 = DIRECTION('',(1.,0.,-0.));
#13091 = DIRECTION('',(0.,-1.,0.));
#13092 = DEFINITIONAL_REPRESENTATION('',(#13093),#13097);
#13093 = LINE('',#13094,#13095);
#13094 = CARTESIAN_POINT('',(40.,-36.));
#13095 = VECTOR('',#13096,1.);
#13096 = DIRECTION('',(0.,1.));
#13097 = ( GEOMETRIC_REPRESENTATION_CONTEXT(2) 
PARAMETRIC_REPRESENTATION_CONTEXT() REPRESENTATION_CONTEXT('2D SPACE',''
  ) );
#13098 = ORIENTED_EDGE('',*,*,#13099,.T.);
#13099 = EDGE_CURVE('',#13072,#13100,#13102,.T.);
#13100 = VERTEX_POINT('',#13101);
#13101 = CARTESIAN_POINT('',(20.,-20.,36.));
#13102 = SURFACE_CURVE('',#13103,(#13107,#13114),.PCURVE_S1.);
#13103 = LINE('',#13104,#13105);
#13104 = CARTESIAN_POINT('',(-20.,-20.,36.));
#13105 = VECTOR('',#13106,1.);
#13106 = DIRECTION('',(1.,0.,0.));
#13107 = PCURVE('',#13047,#13108);
#13108 = DEFINITIONAL_REPRESENTATION('',(#13109),#13113);
#13109 = LINE('',#13110,#13111);
#13110 = CARTESIAN_POINT('',(0.,-36.));
#13111 = VECTOR('',#13112,1.);
#13112 = DIRECTION('',(1.,0.));
#13113 = ( GEOMETRIC_REPRESENTATION_CONTEXT(2) 
PARAMETRIC_REPRESENTATION_CONTEXT() REPRESENTATION_CONTEXT('2D SPACE',''
  ) );
#13114 = PCURVE('',#13115,#13120);
#13115 = PLANE('',#13116);
#13116 = AXIS2_PLACEMENT_3D('',#13117,#13118,#13119);
#13117 = CARTESIAN_POINT('',(0.,0.,36.));
#13118 = DIRECTION('',(0.,0.,1.));
#13119 = DIRECTION('',(1.,0.,-0.));
#13120 = DEFINITIONAL_REPRESENTATION('',(#13121),#13125);
#13121 = LINE('',#13122,#13123);
#13122 = CARTESIAN_POINT('',(-20.,-20.));
#13123 = VECTOR('',#13124,1.);
#13124 = DIRECTION('',(1.,0.));
#13125 = ( GEOMETRIC_REPRESENTATION_CONTEXT(2) 
PARAMETRIC_REPRESENTATION_CONTEXT() REPRESENTATION_CONTEXT('2D SPACE',''
  ) );
#13126 = ORIENTED_EDGE('',*,*,#13127,.F.);
#13127 = EDGE_CURVE('',#13039,#13100,#13128,.T.);
#13128 = SURFACE_CURVE('',#13129,(#13133,#13140),.PCURVE_S1.);
#13129 = LINE('',#13130,#13131);
#13130 = CARTESIAN_POINT('',(20.,-20.,0.));
#13131 = VECTOR('',#13132,1.);
#13132 = DIRECTION('',(0.,0.,1.));
#13133 = PCURVE('',#13047,#13134);
#13134 = DEFINITIONAL_REPRESENTATION('',(#13135),#13139);
#13135 = LINE('',#13136,#13137);
#13136 = CARTESIAN_POINT('',(40.,0.));
#13137 = VECTOR('',#13138,1.);
#13138 = DIRECTION('',(0.,-1.));
#13139 = ( GEOMETRIC_REPRESENTATION_CONTEXT(2) 
PARAMETRIC_REPRESENTATION_CONTEXT() REPRESENTATION_CONTEXT('2D SPACE',''
  ) );
#13140 = PCURVE('',#13141,#13146);
#13141 = PLANE('',#13142);
#13142 = AXIS2_PLACEMENT_3D('',#13143,#13144,#13145);
#13143 = CARTESIAN_POINT('',(20.,-20.,0.));
#13144 = DIRECTION('',(-1.,0.,0.));
#13145 = DIRECTION('',(0.,1.,0.));
#13146 = DEFINITIONAL_REPRESENTATION('',(#13147),#13151);
#13147 = LINE('',#13148,#13149);
#13148 = CARTESIAN_POINT('',(0.,0.));
#13149 = VECTOR('',#13150,1.);
#13150 = DIRECTION('',(0.,-1.));
#13151 = ( GEOMETRIC_REPRESENTATION_CONTEXT(2) 
PARAMETRIC_REPRESENTATION_CONTEXT() REPRESENTATION_CONTEXT('2D SPACE',''
  ) );
#13152 = ADVANCED_FACE('',(#13153,#13228),#13059,.F.);
#13153 = FACE_BOUND('',#13154,.F.);
#13154 = EDGE_LOOP('',(#13155,#13178,#13179,#13202));
#13155 = ORIENTED_EDGE('',*,*,#13156,.F.);
#13156 = EDGE_CURVE('',#13037,#13157,#13159,.T.);
#13157 = VERTEX_POINT('',#13158);
#13158 = CARTESIAN_POINT('',(-20.,21.,0.));
#13159 = SURFACE_CURVE('',#13160,(#13164,#13171),.PCURVE_S1.);
#13160 = LINE('',#13161,#13162);
#13161 = CARTESIAN_POINT('',(-20.,-20.,0.));
#13162 = VECTOR('',#13163,1.);
#13163 = DIRECTION('',(0.,1.,0.));
#13164 = PCURVE('',#13059,#13165);
#13165 = DEFINITIONAL_REPRESENTATION('',(#13166),#13170);
#13166 = LINE('',#13167,#13168);
#13167 = CARTESIAN_POINT('',(-20.,-20.));
#13168 = VECTOR('',#13169,1.);
#13169 = DIRECTION('',(0.,1.));
#13170 = ( GEOMETRIC_REPRESENTATION_CONTEXT(2) 
PARAMETRIC_REPRESENTATION_CONTEXT() REPRESENTATION_CONTEXT('2D SPACE',''
  ) );
#13171 = PCURVE('',#13087,#13172);
#13172 = DEFINITIONAL_REPRESENTATION('',(#13173),#13177);
#13173 = LINE('',#13174,#13175);
#13174 = CARTESIAN_POINT('',(40.,0.));
#13175 = VECTOR('',#13176,1.);
#13176 = DIRECTION('',(-1.,0.));
#13177 = ( GEOMETRIC_REPRESENTATION_CONTEXT(2) 
PARAMETRIC_REPRESENTATION_CONTEXT() REPRESENTATION_CONTEXT('2D SPACE',''
  ) );
#13178 = ORIENTED_EDGE('',*,*,#13036,.T.);
#13179 = ORIENTED_EDGE('',*,*,#13180,.F.);
#13180 = EDGE_CURVE('',#13181,#13039,#13183,.T.);
#13181 = VERTEX_POINT('',#13182);
#13182 = CARTESIAN_POINT('',(20.,21.,0.));
#13183 = SURFACE_CURVE('',#13184,(#13188,#13195),.PCURVE_S1.);
#13184 = LINE('',#13185,#13186);
#13185 = CARTESIAN_POINT('',(20.,21.3,0.));
#13186 = VECTOR('',#13187,1.);
#13187 = DIRECTION('',(0.,-1.,0.));
#13188 = PCURVE('',#13059,#13189);
#13189 = DEFINITIONAL_REPRESENTATION('',(#13190),#13194);
#13190 = LINE('',#13191,#13192);
#13191 = CARTESIAN_POINT('',(20.,21.3));
#13192 = VECTOR('',#13193,1.);
#13193 = DIRECTION('',(0.,-1.));
#13194 = ( GEOMETRIC_REPRESENTATION_CONTEXT(2) 
PARAMETRIC_REPRESENTATION_CONTEXT() REPRESENTATION_CONTEXT('2D SPACE',''
  ) );
#13195 = PCURVE('',#13141,#13196);
#13196 = DEFINITIONAL_REPRESENTATION('',(#13197),#13201);
#13197 = LINE('',#13198,#13199);
#13198 = CARTESIAN_POINT('',(41.3,0.));
#13199 = VECTOR('',#13200,1.);
#13200 = DIRECTION('',(-1.,0.));
#13201 = ( GEOMETRIC_REPRESENTATION_CONTEXT(2) 
PARAMETRIC_REPRESENTATION_CONTEXT() REPRESENTATION_CONTEXT('2D SPACE',''
  ) );
#13202 = ORIENTED_EDGE('',*,*,#13203,.F.);
#13203 = EDGE_CURVE('',#13157,#13181,#13204,.T.);
#13204 = SURFACE_CURVE('',#13205,(#13209,#13216),.PCURVE_S1.);
#13205 = LINE('',#13206,#13207);
#13206 = CARTESIAN_POINT('',(-45.95,21.,0.));
#13207 = VECTOR('',#13208,1.);
#13208 = DIRECTION('',(1.,0.,0.));
#13209 = PCURVE('',#13059,#13210);
#13210 = DEFINITIONAL_REPRESENTATION('',(#13211),#13215);
#13211 = LINE('',#13212,#13213);
#13212 = CARTESIAN_POINT('',(-45.95,21.));
#13213 = VECTOR('',#13214,1.);
#13214 = DIRECTION('',(1.,0.));
#13215 = ( GEOMETRIC_REPRESENTATION_CONTEXT(2) 
PARAMETRIC_REPRESENTATION_CONTEXT() REPRESENTATION_CONTEXT('2D SPACE',''
  ) );
#13216 = PCURVE('',#13217,#13222);
#13217 = PLANE('',#13218);
#13218 = AXIS2_PLACEMENT_3D('',#13219,#13220,#13221);
#13219 = CARTESIAN_POINT('',(-1.161254726472E-15,23.944881550343,
    -0.57242698613));
#13220 = DIRECTION('',(0.,0.190808995377,0.981627183448));
#13221 = DIRECTION('',(1.,0.,0.));
#13222 = DEFINITIONAL_REPRESENTATION('',(#13223),#13227);
#13223 = LINE('',#13224,#13225);
#13224 = CARTESIAN_POINT('',(-45.95,-3.));
#13225 = VECTOR('',#13226,1.);
#13226 = DIRECTION('',(1.,0.));
#13227 = ( GEOMETRIC_REPRESENTATION_CONTEXT(2) 
PARAMETRIC_REPRESENTATION_CONTEXT() REPRESENTATION_CONTEXT('2D SPACE',''
  ) );
#13228 = FACE_BOUND('',#13229,.F.);
#13229 = EDGE_LOOP('',(#13230,#13259,#13286,#13313));
#13230 = ORIENTED_EDGE('',*,*,#13231,.T.);
#13231 = EDGE_CURVE('',#13232,#13234,#13236,.T.);
#13232 = VERTEX_POINT('',#13233);
#13233 = CARTESIAN_POINT('',(15.,15.,0.));
#13234 = VERTEX_POINT('',#13235);
#13235 = CARTESIAN_POINT('',(15.,-15.,0.));
#13236 = SURFACE_CURVE('',#13237,(#13241,#13248),.PCURVE_S1.);
#13237 = LINE('',#13238,#13239);
#13238 = CARTESIAN_POINT('',(15.,-7.5,0.));
#13239 = VECTOR('',#13240,1.);
#13240 = DIRECTION('',(0.,-1.,0.));
#13241 = PCURVE('',#13059,#13242);
#13242 = DEFINITIONAL_REPRESENTATION('',(#13243),#13247);
#13243 = LINE('',#13244,#13245);
#13244 = CARTESIAN_POINT('',(15.,-7.5));
#13245 = VECTOR('',#13246,1.);
#13246 = DIRECTION('',(0.,-1.));
#13247 = ( GEOMETRIC_REPRESENTATION_CONTEXT(2) 
PARAMETRIC_REPRESENTATION_CONTEXT() REPRESENTATION_CONTEXT('2D SPACE',''
  ) );
#13248 = PCURVE('',#13249,#13254);
#13249 = PLANE('',#13250);
#13250 = AXIS2_PLACEMENT_3D('',#13251,#13252,#13253);
#13251 = CARTESIAN_POINT('',(15.,-15.,-4.0000002));
#13252 = DIRECTION('',(-1.,0.,0.));
#13253 = DIRECTION('',(0.,1.,0.));
#13254 = DEFINITIONAL_REPRESENTATION('',(#13255),#13258);
#13255 = B_SPLINE_CURVE_WITH_KNOTS('',1,(#13256,#13257),.UNSPECIFIED.,
  .F.,.F.,(2,2),(-22.5,7.5),.PIECEWISE_BEZIER_KNOTS.);
#13256 = CARTESIAN_POINT('',(30.,-4.0000002));
#13257 = CARTESIAN_POINT('',(0.,-4.0000002));
#13258 = ( GEOMETRIC_REPRESENTATION_CONTEXT(2) 
PARAMETRIC_REPRESENTATION_CONTEXT() REPRESENTATION_CONTEXT('2D SPACE',''
  ) );
#13259 = ORIENTED_EDGE('',*,*,#13260,.T.);
#13260 = EDGE_CURVE('',#13234,#13261,#13263,.T.);
#13261 = VERTEX_POINT('',#13262);
#13262 = CARTESIAN_POINT('',(-15.,-15.,0.));
#13263 = SURFACE_CURVE('',#13264,(#13268,#13275),.PCURVE_S1.);
#13264 = LINE('',#13265,#13266);
#13265 = CARTESIAN_POINT('',(-7.5,-15.,0.));
#13266 = VECTOR('',#13267,1.);
#13267 = DIRECTION('',(-1.,0.,0.));
#13268 = PCURVE('',#13059,#13269);
#13269 = DEFINITIONAL_REPRESENTATION('',(#13270),#13274);
#13270 = LINE('',#13271,#13272);
#13271 = CARTESIAN_POINT('',(-7.5,-15.));
#13272 = VECTOR('',#13273,1.);
#13273 = DIRECTION('',(-1.,0.));
#13274 = ( GEOMETRIC_REPRESENTATION_CONTEXT(2) 
PARAMETRIC_REPRESENTATION_CONTEXT() REPRESENTATION_CONTEXT('2D SPACE',''
  ) );
#13275 = PCURVE('',#13276,#13281);
#13276 = PLANE('',#13277);
#13277 = AXIS2_PLACEMENT_3D('',#13278,#13279,#13280);
#13278 = CARTESIAN_POINT('',(-15.,-15.,-4.0000002));
#13279 = DIRECTION('',(0.,1.,0.));
#13280 = DIRECTION('',(1.,0.,0.));
#13281 = DEFINITIONAL_REPRESENTATION('',(#13282),#13285);
#13282 = B_SPLINE_CURVE_WITH_KNOTS('',1,(#13283,#13284),.UNSPECIFIED.,
  .F.,.F.,(2,2),(-22.5,7.5),.PIECEWISE_BEZIER_KNOTS.);
#13283 = CARTESIAN_POINT('',(30.,-4.0000002));
#13284 = CARTESIAN_POINT('',(0.,-4.0000002));
#13285 = ( GEOMETRIC_REPRESENTATION_CONTEXT(2) 
PARAMETRIC_REPRESENTATION_CONTEXT() REPRESENTATION_CONTEXT('2D SPACE',''
  ) );
#13286 = ORIENTED_EDGE('',*,*,#13287,.T.);
#13287 = EDGE_CURVE('',#13261,#13288,#13290,.T.);
#13288 = VERTEX_POINT('',#13289);
#13289 = CARTESIAN_POINT('',(-15.,15.,0.));
#13290 = SURFACE_CURVE('',#13291,(#13295,#13302),.PCURVE_S1.);
#13291 = LINE('',#13292,#13293);
#13292 = CARTESIAN_POINT('',(-15.,7.5,0.));
#13293 = VECTOR('',#13294,1.);
#13294 = DIRECTION('',(0.,1.,0.));
#13295 = PCURVE('',#13059,#13296);
#13296 = DEFINITIONAL_REPRESENTATION('',(#13297),#13301);
#13297 = LINE('',#13298,#13299);
#13298 = CARTESIAN_POINT('',(-15.,7.5));
#13299 = VECTOR('',#13300,1.);
#13300 = DIRECTION('',(0.,1.));
#13301 = ( GEOMETRIC_REPRESENTATION_CONTEXT(2) 
PARAMETRIC_REPRESENTATION_CONTEXT() REPRESENTATION_CONTEXT('2D SPACE',''
  ) );
#13302 = PCURVE('',#13303,#13308);
#13303 = PLANE('',#13304);
#13304 = AXIS2_PLACEMENT_3D('',#13305,#13306,#13307);
#13305 = CARTESIAN_POINT('',(-15.,15.,-4.0000002));
#13306 = DIRECTION('',(1.,0.,0.));
#13307 = DIRECTION('',(0.,-1.,0.));
#13308 = DEFINITIONAL_REPRESENTATION('',(#13309),#13312);
#13309 = B_SPLINE_CURVE_WITH_KNOTS('',1,(#13310,#13311),.UNSPECIFIED.,
  .F.,.F.,(2,2),(-22.5,7.5),.PIECEWISE_BEZIER_KNOTS.);
#13310 = CARTESIAN_POINT('',(30.,-4.0000002));
#13311 = CARTESIAN_POINT('',(0.,-4.0000002));
#13312 = ( GEOMETRIC_REPRESENTATION_CONTEXT(2) 
PARAMETRIC_REPRESENTATION_CONTEXT() REPRESENTATION_CONTEXT('2D SPACE',''
  ) );
#13313 = ORIENTED_EDGE('',*,*,#13314,.T.);
#13314 = EDGE_CURVE('',#13288,#13232,#13315,.T.);
#13315 = SURFACE_CURVE('',#13316,(#13320,#13327),.PCURVE_S1.);
#13316 = LINE('',#13317,#13318);
#13317 = CARTESIAN_POINT('',(7.5,15.,0.));
#13318 = VECTOR('',#13319,1.);
#13319 = DIRECTION('',(1.,0.,-0.));
#13320 = PCURVE('',#13059,#13321);
#13321 = DEFINITIONAL_REPRESENTATION('',(#13322),#13326);
#13322 = LINE('',#13323,#13324);
#13323 = CARTESIAN_POINT('',(7.5,15.));
#13324 = VECTOR('',#13325,1.);
#13325 = DIRECTION('',(1.,0.));
#13326 = ( GEOMETRIC_REPRESENTATION_CONTEXT(2) 
PARAMETRIC_REPRESENTATION_CONTEXT() REPRESENTATION_CONTEXT('2D SPACE',''
  ) );
#13327 = PCURVE('',#13328,#13333);
#13328 = PLANE('',#13329);
#13329 = AXIS2_PLACEMENT_3D('',#13330,#13331,#13332);
#13330 = CARTESIAN_POINT('',(15.,15.,-4.0000002));
#13331 = DIRECTION('',(0.,-1.,0.));
#13332 = DIRECTION('',(-1.,0.,0.));
#13333 = DEFINITIONAL_REPRESENTATION('',(#13334),#13337);
#13334 = B_SPLINE_CURVE_WITH_KNOTS('',1,(#13335,#13336),.UNSPECIFIED.,
  .F.,.F.,(2,2),(-22.5,7.5),.PIECEWISE_BEZIER_KNOTS.);
#13335 = CARTESIAN_POINT('',(30.,-4.0000002));
#13336 = CARTESIAN_POINT('',(0.,-4.0000002));
#13337 = ( GEOMETRIC_REPRESENTATION_CONTEXT(2) 
PARAMETRIC_REPRESENTATION_CONTEXT() REPRESENTATION_CONTEXT('2D SPACE',''
  ) );
#13338 = ADVANCED_FACE('',(#13339,#13390,#13425),#13087,.F.);
#13339 = FACE_BOUND('',#13340,.F.);
#13340 = EDGE_LOOP('',(#13341,#13342,#13343,#13369));
#13341 = ORIENTED_EDGE('',*,*,#13071,.T.);
#13342 = ORIENTED_EDGE('',*,*,#13156,.T.);
#13343 = ORIENTED_EDGE('',*,*,#13344,.T.);
#13344 = EDGE_CURVE('',#13157,#13345,#13347,.T.);
#13345 = VERTEX_POINT('',#13346);
#13346 = CARTESIAN_POINT('',(-20.,27.997691128958,36.));
#13347 = SURFACE_CURVE('',#13348,(#13352,#13358),.PCURVE_S1.);
#13348 = LINE('',#13349,#13350);
#13349 = CARTESIAN_POINT('',(-20.,20.981795963642,-9.365164835398E-02));
#13350 = VECTOR('',#13351,1.);
#13351 = DIRECTION('',(0.,0.190808995377,0.981627183448));
#13352 = PCURVE('',#13087,#13353);
#13353 = DEFINITIONAL_REPRESENTATION('',(#13354),#13357);
#13354 = B_SPLINE_CURVE_WITH_KNOTS('',1,(#13355,#13356),.UNSPECIFIED.,
  .F.,.F.,(2,2),(9.540449768827E-02,36.769205516076),
  .PIECEWISE_BEZIER_KNOTS.);
#13355 = CARTESIAN_POINT('',(-1.,-3.586347338605E-18));
#13356 = CARTESIAN_POINT('',(-7.997691128958,-36.));
#13357 = ( GEOMETRIC_REPRESENTATION_CONTEXT(2) 
PARAMETRIC_REPRESENTATION_CONTEXT() REPRESENTATION_CONTEXT('2D SPACE',''
  ) );
#13358 = PCURVE('',#13359,#13364);
#13359 = PLANE('',#13360);
#13360 = AXIS2_PLACEMENT_3D('',#13361,#13362,#13363);
#13361 = CARTESIAN_POINT('',(-45.95,21.,0.));
#13362 = DIRECTION('',(0.,0.981627183448,-0.190808995377));
#13363 = DIRECTION('',(1.,0.,0.));
#13364 = DEFINITIONAL_REPRESENTATION('',(#13365),#13368);
#13365 = B_SPLINE_CURVE_WITH_KNOTS('',1,(#13366,#13367),.UNSPECIFIED.,
  .F.,.F.,(2,2),(9.540449768827E-02,36.769205516076),
  .PIECEWISE_BEZIER_KNOTS.);
#13366 = CARTESIAN_POINT('',(25.95,4.718447854657E-16));
#13367 = CARTESIAN_POINT('',(25.95,-36.67380101838));
#13368 = ( GEOMETRIC_REPRESENTATION_CONTEXT(2) 
PARAMETRIC_REPRESENTATION_CONTEXT() REPRESENTATION_CONTEXT('2D SPACE',''
  ) );
#13369 = ORIENTED_EDGE('',*,*,#13370,.F.);
#13370 = EDGE_CURVE('',#13072,#13345,#13371,.T.);
#13371 = SURFACE_CURVE('',#13372,(#13376,#13383),.PCURVE_S1.);
#13372 = LINE('',#13373,#13374);
#13373 = CARTESIAN_POINT('',(-20.,-20.,36.));
#13374 = VECTOR('',#13375,1.);
#13375 = DIRECTION('',(0.,1.,0.));
#13376 = PCURVE('',#13087,#13377);
#13377 = DEFINITIONAL_REPRESENTATION('',(#13378),#13382);
#13378 = LINE('',#13379,#13380);
#13379 = CARTESIAN_POINT('',(40.,-36.));
#13380 = VECTOR('',#13381,1.);
#13381 = DIRECTION('',(-1.,0.));
#13382 = ( GEOMETRIC_REPRESENTATION_CONTEXT(2) 
PARAMETRIC_REPRESENTATION_CONTEXT() REPRESENTATION_CONTEXT('2D SPACE',''
  ) );
#13383 = PCURVE('',#13115,#13384);
#13384 = DEFINITIONAL_REPRESENTATION('',(#13385),#13389);
#13385 = LINE('',#13386,#13387);
#13386 = CARTESIAN_POINT('',(-20.,-20.));
#13387 = VECTOR('',#13388,1.);
#13388 = DIRECTION('',(0.,1.));
#13389 = ( GEOMETRIC_REPRESENTATION_CONTEXT(2) 
PARAMETRIC_REPRESENTATION_CONTEXT() REPRESENTATION_CONTEXT('2D SPACE',''
  ) );
#13390 = FACE_BOUND('',#13391,.F.);
#13391 = EDGE_LOOP('',(#13392));
#13392 = ORIENTED_EDGE('',*,*,#13393,.T.);
#13393 = EDGE_CURVE('',#13394,#13394,#13396,.T.);
#13394 = VERTEX_POINT('',#13395);
#13395 = CARTESIAN_POINT('',(-20.,2.2,15.));
#13396 = SURFACE_CURVE('',#13397,(#13402,#13413),.PCURVE_S1.);
#13397 = CIRCLE('',#13398,2.2);
#13398 = AXIS2_PLACEMENT_3D('',#13399,#13400,#13401);
#13399 = CARTESIAN_POINT('',(-20.,0.,15.));
#13400 = DIRECTION('',(-1.,0.,0.));
#13401 = DIRECTION('',(0.,1.,0.));
#13402 = PCURVE('',#13087,#13403);
#13403 = DEFINITIONAL_REPRESENTATION('',(#13404),#13412);
#13404 = ( BOUNDED_CURVE() B_SPLINE_CURVE(2,(#13405,#13406,#13407,#13408
    ,#13409,#13410,#13411),.UNSPECIFIED.,.T.,.F.) 
B_SPLINE_CURVE_WITH_KNOTS((1,2,2,2,2,1),(-2.094395102393,0.,
    2.094395102393,4.188790204786,6.28318530718,8.377580409573),
.UNSPECIFIED.) CURVE() GEOMETRIC_REPRESENTATION_ITEM() 
RATIONAL_B_SPLINE_CURVE((1.,0.5,1.,0.5,1.,0.5,1.)) REPRESENTATION_ITEM(
  '') );
#13405 = CARTESIAN_POINT('',(17.8,-15.));
#13406 = CARTESIAN_POINT('',(17.8,-11.18948822334));
#13407 = CARTESIAN_POINT('',(21.1,-13.09474411167));
#13408 = CARTESIAN_POINT('',(24.4,-15.));
#13409 = CARTESIAN_POINT('',(21.1,-16.90525588832));
#13410 = CARTESIAN_POINT('',(17.8,-18.81051177665));
#13411 = CARTESIAN_POINT('',(17.8,-15.));
#13412 = ( GEOMETRIC_REPRESENTATION_CONTEXT(2) 
PARAMETRIC_REPRESENTATION_CONTEXT() REPRESENTATION_CONTEXT('2D SPACE',''
  ) );
#13413 = PCURVE('',#13414,#13419);
#13414 = CYLINDRICAL_SURFACE('',#13415,2.2);
#13415 = AXIS2_PLACEMENT_3D('',#13416,#13417,#13418);
#13416 = CARTESIAN_POINT('',(-40.,0.,15.));
#13417 = DIRECTION('',(-1.,-0.,-0.));
#13418 = DIRECTION('',(0.,1.,0.));
#13419 = DEFINITIONAL_REPRESENTATION('',(#13420),#13424);
#13420 = LINE('',#13421,#13422);
#13421 = CARTESIAN_POINT('',(-6.28318530718,-20.));
#13422 = VECTOR('',#13423,1.);
#13423 = DIRECTION('',(1.,-0.));
#13424 = ( GEOMETRIC_REPRESENTATION_CONTEXT(2) 
PARAMETRIC_REPRESENTATION_CONTEXT() REPRESENTATION_CONTEXT('2D SPACE',''
  ) );
#13425 = FACE_BOUND('',#13426,.F.);
#13426 = EDGE_LOOP('',(#13427,#13457,#13485,#13513));
#13427 = ORIENTED_EDGE('',*,*,#13428,.T.);
#13428 = EDGE_CURVE('',#13429,#13431,#13433,.T.);
#13429 = VERTEX_POINT('',#13430);
#13430 = CARTESIAN_POINT('',(-20.,21.,17.));
#13431 = VERTEX_POINT('',#13432);
#13432 = CARTESIAN_POINT('',(-20.,21.,3.));
#13433 = SURFACE_CURVE('',#13434,(#13438,#13445),.PCURVE_S1.);
#13434 = LINE('',#13435,#13436);
#13435 = CARTESIAN_POINT('',(-20.,21.,17.));
#13436 = VECTOR('',#13437,1.);
#13437 = DIRECTION('',(0.,0.,-1.));
#13438 = PCURVE('',#13087,#13439);
#13439 = DEFINITIONAL_REPRESENTATION('',(#13440),#13444);
#13440 = LINE('',#13441,#13442);
#13441 = CARTESIAN_POINT('',(-1.,-17.));
#13442 = VECTOR('',#13443,1.);
#13443 = DIRECTION('',(0.,1.));
#13444 = ( GEOMETRIC_REPRESENTATION_CONTEXT(2) 
PARAMETRIC_REPRESENTATION_CONTEXT() REPRESENTATION_CONTEXT('2D SPACE',''
  ) );
#13445 = PCURVE('',#13446,#13451);
#13446 = PLANE('',#13447);
#13447 = AXIS2_PLACEMENT_3D('',#13448,#13449,#13450);
#13448 = CARTESIAN_POINT('',(0.,21.,10.));
#13449 = DIRECTION('',(-0.,-1.,-0.));
#13450 = DIRECTION('',(0.,0.,-1.));
#13451 = DEFINITIONAL_REPRESENTATION('',(#13452),#13456);
#13452 = LINE('',#13453,#13454);
#13453 = CARTESIAN_POINT('',(-7.,-20.));
#13454 = VECTOR('',#13455,1.);
#13455 = DIRECTION('',(1.,0.));
#13456 = ( GEOMETRIC_REPRESENTATION_CONTEXT(2) 
PARAMETRIC_REPRESENTATION_CONTEXT() REPRESENTATION_CONTEXT('2D SPACE',''
  ) );
#13457 = ORIENTED_EDGE('',*,*,#13458,.T.);
#13458 = EDGE_CURVE('',#13431,#13459,#13461,.T.);
#13459 = VERTEX_POINT('',#13460);
#13460 = CARTESIAN_POINT('',(-20.,14.,3.));
#13461 = SURFACE_CURVE('',#13462,(#13466,#13473),.PCURVE_S1.);
#13462 = LINE('',#13463,#13464);
#13463 = CARTESIAN_POINT('',(-20.,21.,3.));
#13464 = VECTOR('',#13465,1.);
#13465 = DIRECTION('',(0.,-1.,0.));
#13466 = PCURVE('',#13087,#13467);
#13467 = DEFINITIONAL_REPRESENTATION('',(#13468),#13472);
#13468 = LINE('',#13469,#13470);
#13469 = CARTESIAN_POINT('',(-1.,-3.));
#13470 = VECTOR('',#13471,1.);
#13471 = DIRECTION('',(1.,0.));
#13472 = ( GEOMETRIC_REPRESENTATION_CONTEXT(2) 
PARAMETRIC_REPRESENTATION_CONTEXT() REPRESENTATION_CONTEXT('2D SPACE',''
  ) );
#13473 = PCURVE('',#13474,#13479);
#13474 = PLANE('',#13475);
#13475 = AXIS2_PLACEMENT_3D('',#13476,#13477,#13478);
#13476 = CARTESIAN_POINT('',(-20.,21.,3.));
#13477 = DIRECTION('',(-0.,0.,1.));
#13478 = DIRECTION('',(1.,0.,0.));
#13479 = DEFINITIONAL_REPRESENTATION('',(#13480),#13484);
#13480 = LINE('',#13481,#13482);
#13481 = CARTESIAN_POINT('',(0.,0.));
#13482 = VECTOR('',#13483,1.);
#13483 = DIRECTION('',(0.,-1.));
#13484 = ( GEOMETRIC_REPRESENTATION_CONTEXT(2) 
PARAMETRIC_REPRESENTATION_CONTEXT() REPRESENTATION_CONTEXT('2D SPACE',''
  ) );
#13485 = ORIENTED_EDGE('',*,*,#13486,.F.);
#13486 = EDGE_CURVE('',#13487,#13459,#13489,.T.);
#13487 = VERTEX_POINT('',#13488);
#13488 = CARTESIAN_POINT('',(-20.,14.,17.));
#13489 = SURFACE_CURVE('',#13490,(#13494,#13501),.PCURVE_S1.);
#13490 = LINE('',#13491,#13492);
#13491 = CARTESIAN_POINT('',(-20.,14.,17.));
#13492 = VECTOR('',#13493,1.);
#13493 = DIRECTION('',(0.,0.,-1.));
#13494 = PCURVE('',#13087,#13495);
#13495 = DEFINITIONAL_REPRESENTATION('',(#13496),#13500);
#13496 = LINE('',#13497,#13498);
#13497 = CARTESIAN_POINT('',(6.,-17.));
#13498 = VECTOR('',#13499,1.);
#13499 = DIRECTION('',(0.,1.));
#13500 = ( GEOMETRIC_REPRESENTATION_CONTEXT(2) 
PARAMETRIC_REPRESENTATION_CONTEXT() REPRESENTATION_CONTEXT('2D SPACE',''
  ) );
#13501 = PCURVE('',#13502,#13507);
#13502 = PLANE('',#13503);
#13503 = AXIS2_PLACEMENT_3D('',#13504,#13505,#13506);
#13504 = CARTESIAN_POINT('',(0.,14.,10.));
#13505 = DIRECTION('',(-0.,-1.,-0.));
#13506 = DIRECTION('',(0.,0.,-1.));
#13507 = DEFINITIONAL_REPRESENTATION('',(#13508),#13512);
#13508 = LINE('',#13509,#13510);
#13509 = CARTESIAN_POINT('',(-7.,-20.));
#13510 = VECTOR('',#13511,1.);
#13511 = DIRECTION('',(1.,0.));
#13512 = ( GEOMETRIC_REPRESENTATION_CONTEXT(2) 
PARAMETRIC_REPRESENTATION_CONTEXT() REPRESENTATION_CONTEXT('2D SPACE',''
  ) );
#13513 = ORIENTED_EDGE('',*,*,#13514,.F.);
#13514 = EDGE_CURVE('',#13429,#13487,#13515,.T.);
#13515 = SURFACE_CURVE('',#13516,(#13520,#13527),.PCURVE_S1.);
#13516 = LINE('',#13517,#13518);
#13517 = CARTESIAN_POINT('',(-20.,21.,17.));
#13518 = VECTOR('',#13519,1.);
#13519 = DIRECTION('',(0.,-1.,0.));
#13520 = PCURVE('',#13087,#13521);
#13521 = DEFINITIONAL_REPRESENTATION('',(#13522),#13526);
#13522 = LINE('',#13523,#13524);
#13523 = CARTESIAN_POINT('',(-1.,-17.));
#13524 = VECTOR('',#13525,1.);
#13525 = DIRECTION('',(1.,0.));
#13526 = ( GEOMETRIC_REPRESENTATION_CONTEXT(2) 
PARAMETRIC_REPRESENTATION_CONTEXT() REPRESENTATION_CONTEXT('2D SPACE',''
  ) );
#13527 = PCURVE('',#13528,#13533);
#13528 = PLANE('',#13529);
#13529 = AXIS2_PLACEMENT_3D('',#13530,#13531,#13532);
#13530 = CARTESIAN_POINT('',(20.,21.,17.));
#13531 = DIRECTION('',(-0.,-0.,-1.));
#13532 = DIRECTION('',(-1.,0.,0.));
#13533 = DEFINITIONAL_REPRESENTATION('',(#13534),#13538);
#13534 = LINE('',#13535,#13536);
#13535 = CARTESIAN_POINT('',(40.,0.));
#13536 = VECTOR('',#13537,1.);
#13537 = DIRECTION('',(0.,-1.));
#13538 = ( GEOMETRIC_REPRESENTATION_CONTEXT(2) 
PARAMETRIC_REPRESENTATION_CONTEXT() REPRESENTATION_CONTEXT('2D SPACE',''
  ) );
#13539 = ADVANCED_FACE('',(#13540),#13115,.T.);
#13540 = FACE_BOUND('',#13541,.T.);
#13541 = EDGE_LOOP('',(#13542,#13543,#13544,#13567));
#13542 = ORIENTED_EDGE('',*,*,#13370,.F.);
#13543 = ORIENTED_EDGE('',*,*,#13099,.T.);
#13544 = ORIENTED_EDGE('',*,*,#13545,.T.);
#13545 = EDGE_CURVE('',#13100,#13546,#13548,.T.);
#13546 = VERTEX_POINT('',#13547);
#13547 = CARTESIAN_POINT('',(20.,27.997691128958,36.));
#13548 = SURFACE_CURVE('',#13549,(#13553,#13560),.PCURVE_S1.);
#13549 = LINE('',#13550,#13551);
#13550 = CARTESIAN_POINT('',(20.,-20.,36.));
#13551 = VECTOR('',#13552,1.);
#13552 = DIRECTION('',(0.,1.,0.));
#13553 = PCURVE('',#13115,#13554);
#13554 = DEFINITIONAL_REPRESENTATION('',(#13555),#13559);
#13555 = LINE('',#13556,#13557);
#13556 = CARTESIAN_POINT('',(20.,-20.));
#13557 = VECTOR('',#13558,1.);
#13558 = DIRECTION('',(0.,1.));
#13559 = ( GEOMETRIC_REPRESENTATION_CONTEXT(2) 
PARAMETRIC_REPRESENTATION_CONTEXT() REPRESENTATION_CONTEXT('2D SPACE',''
  ) );
#13560 = PCURVE('',#13141,#13561);
#13561 = DEFINITIONAL_REPRESENTATION('',(#13562),#13566);
#13562 = LINE('',#13563,#13564);
#13563 = CARTESIAN_POINT('',(0.,-36.));
#13564 = VECTOR('',#13565,1.);
#13565 = DIRECTION('',(1.,0.));
#13566 = ( GEOMETRIC_REPRESENTATION_CONTEXT(2) 
PARAMETRIC_REPRESENTATION_CONTEXT() REPRESENTATION_CONTEXT('2D SPACE',''
  ) );
#13567 = ORIENTED_EDGE('',*,*,#13568,.T.);
#13568 = EDGE_CURVE('',#13546,#13345,#13569,.T.);
#13569 = SURFACE_CURVE('',#13570,(#13574,#13580),.PCURVE_S1.);
#13570 = LINE('',#13571,#13572);
#13571 = CARTESIAN_POINT('',(-22.975,27.997691128958,36.));
#13572 = VECTOR('',#13573,1.);
#13573 = DIRECTION('',(-1.,0.,0.));
#13574 = PCURVE('',#13115,#13575);
#13575 = DEFINITIONAL_REPRESENTATION('',(#13576),#13579);
#13576 = B_SPLINE_CURVE_WITH_KNOTS('',1,(#13577,#13578),.UNSPECIFIED.,
  .F.,.F.,(2,2),(-42.975,-2.975),.PIECEWISE_BEZIER_KNOTS.);
#13577 = CARTESIAN_POINT('',(20.,27.997691128958));
#13578 = CARTESIAN_POINT('',(-20.,27.997691128958));
#13579 = ( GEOMETRIC_REPRESENTATION_CONTEXT(2) 
PARAMETRIC_REPRESENTATION_CONTEXT() REPRESENTATION_CONTEXT('2D SPACE',''
  ) );
#13580 = PCURVE('',#13359,#13581);
#13581 = DEFINITIONAL_REPRESENTATION('',(#13582),#13585);
#13582 = B_SPLINE_CURVE_WITH_KNOTS('',1,(#13583,#13584),.UNSPECIFIED.,
  .F.,.F.,(2,2),(-42.975,-2.975),.PIECEWISE_BEZIER_KNOTS.);
#13583 = CARTESIAN_POINT('',(65.95,-36.67380101838));
#13584 = CARTESIAN_POINT('',(25.95,-36.67380101838));
#13585 = ( GEOMETRIC_REPRESENTATION_CONTEXT(2) 
PARAMETRIC_REPRESENTATION_CONTEXT() REPRESENTATION_CONTEXT('2D SPACE',''
  ) );
#13586 = ADVANCED_FACE('',(#13587,#13611,#13642),#13141,.F.);
#13587 = FACE_BOUND('',#13588,.F.);
#13588 = EDGE_LOOP('',(#13589,#13590,#13591,#13592));
#13589 = ORIENTED_EDGE('',*,*,#13180,.T.);
#13590 = ORIENTED_EDGE('',*,*,#13127,.T.);
#13591 = ORIENTED_EDGE('',*,*,#13545,.T.);
#13592 = ORIENTED_EDGE('',*,*,#13593,.T.);
#13593 = EDGE_CURVE('',#13546,#13181,#13594,.T.);
#13594 = SURFACE_CURVE('',#13595,(#13599,#13605),.PCURVE_S1.);
#13595 = LINE('',#13596,#13597);
#13596 = CARTESIAN_POINT('',(20.,20.25363450931,-3.839717582513));
#13597 = VECTOR('',#13598,1.);
#13598 = DIRECTION('',(-0.,-0.190808995377,-0.981627183448));
#13599 = PCURVE('',#13141,#13600);
#13600 = DEFINITIONAL_REPRESENTATION('',(#13601),#13604);
#13601 = B_SPLINE_CURVE_WITH_KNOTS('',1,(#13602,#13603),.UNSPECIFIED.,
  .F.,.F.,(2,2),(-40.5853854236,-3.911584405219),
  .PIECEWISE_BEZIER_KNOTS.);
#13602 = CARTESIAN_POINT('',(47.997691128958,-36.));
#13603 = CARTESIAN_POINT('',(41.,-1.661266988139E-16));
#13604 = ( GEOMETRIC_REPRESENTATION_CONTEXT(2) 
PARAMETRIC_REPRESENTATION_CONTEXT() REPRESENTATION_CONTEXT('2D SPACE',''
  ) );
#13605 = PCURVE('',#13359,#13606);
#13606 = DEFINITIONAL_REPRESENTATION('',(#13607),#13610);
#13607 = B_SPLINE_CURVE_WITH_KNOTS('',1,(#13608,#13609),.UNSPECIFIED.,
  .F.,.F.,(2,2),(-40.5853854236,-3.911584405219),
  .PIECEWISE_BEZIER_KNOTS.);
#13608 = CARTESIAN_POINT('',(65.95,-36.67380101838));
#13609 = CARTESIAN_POINT('',(65.95,0.));
#13610 = ( GEOMETRIC_REPRESENTATION_CONTEXT(2) 
PARAMETRIC_REPRESENTATION_CONTEXT() REPRESENTATION_CONTEXT('2D SPACE',''
  ) );
#13611 = FACE_BOUND('',#13612,.F.);
#13612 = EDGE_LOOP('',(#13613));
#13613 = ORIENTED_EDGE('',*,*,#13614,.F.);
#13614 = EDGE_CURVE('',#13615,#13615,#13617,.T.);
#13615 = VERTEX_POINT('',#13616);
#13616 = CARTESIAN_POINT('',(20.,2.2,15.));
#13617 = SURFACE_CURVE('',#13618,(#13623,#13630),.PCURVE_S1.);
#13618 = CIRCLE('',#13619,2.2);
#13619 = AXIS2_PLACEMENT_3D('',#13620,#13621,#13622);
#13620 = CARTESIAN_POINT('',(20.,0.,15.));
#13621 = DIRECTION('',(-1.,0.,0.));
#13622 = DIRECTION('',(0.,1.,0.));
#13623 = PCURVE('',#13141,#13624);
#13624 = DEFINITIONAL_REPRESENTATION('',(#13625),#13629);
#13625 = CIRCLE('',#13626,2.2);
#13626 = AXIS2_PLACEMENT_2D('',#13627,#13628);
#13627 = CARTESIAN_POINT('',(20.,-15.));
#13628 = DIRECTION('',(1.,0.));
#13629 = ( GEOMETRIC_REPRESENTATION_CONTEXT(2) 
PARAMETRIC_REPRESENTATION_CONTEXT() REPRESENTATION_CONTEXT('2D SPACE',''
  ) );
#13630 = PCURVE('',#13631,#13636);
#13631 = CYLINDRICAL_SURFACE('',#13632,2.2);
#13632 = AXIS2_PLACEMENT_3D('',#13633,#13634,#13635);
#13633 = CARTESIAN_POINT('',(-40.,0.,15.));
#13634 = DIRECTION('',(-1.,-0.,-0.));
#13635 = DIRECTION('',(0.,1.,0.));
#13636 = DEFINITIONAL_REPRESENTATION('',(#13637),#13641);
#13637 = LINE('',#13638,#13639);
#13638 = CARTESIAN_POINT('',(-6.28318530718,-60.));
#13639 = VECTOR('',#13640,1.);
#13640 = DIRECTION('',(1.,-0.));
#13641 = ( GEOMETRIC_REPRESENTATION_CONTEXT(2) 
PARAMETRIC_REPRESENTATION_CONTEXT() REPRESENTATION_CONTEXT('2D SPACE',''
  ) );
#13642 = FACE_BOUND('',#13643,.F.);
#13643 = EDGE_LOOP('',(#13644,#13669,#13692,#13715));
#13644 = ORIENTED_EDGE('',*,*,#13645,.F.);
#13645 = EDGE_CURVE('',#13646,#13648,#13650,.T.);
#13646 = VERTEX_POINT('',#13647);
#13647 = CARTESIAN_POINT('',(20.,21.,3.));
#13648 = VERTEX_POINT('',#13649);
#13649 = CARTESIAN_POINT('',(20.,14.,3.));
#13650 = SURFACE_CURVE('',#13651,(#13655,#13662),.PCURVE_S1.);
#13651 = LINE('',#13652,#13653);
#13652 = CARTESIAN_POINT('',(20.,21.,3.));
#13653 = VECTOR('',#13654,1.);
#13654 = DIRECTION('',(0.,-1.,0.));
#13655 = PCURVE('',#13141,#13656);
#13656 = DEFINITIONAL_REPRESENTATION('',(#13657),#13661);
#13657 = LINE('',#13658,#13659);
#13658 = CARTESIAN_POINT('',(41.,-3.));
#13659 = VECTOR('',#13660,1.);
#13660 = DIRECTION('',(-1.,0.));
#13661 = ( GEOMETRIC_REPRESENTATION_CONTEXT(2) 
PARAMETRIC_REPRESENTATION_CONTEXT() REPRESENTATION_CONTEXT('2D SPACE',''
  ) );
#13662 = PCURVE('',#13474,#13663);
#13663 = DEFINITIONAL_REPRESENTATION('',(#13664),#13668);
#13664 = LINE('',#13665,#13666);
#13665 = CARTESIAN_POINT('',(40.,0.));
#13666 = VECTOR('',#13667,1.);
#13667 = DIRECTION('',(0.,-1.));
#13668 = ( GEOMETRIC_REPRESENTATION_CONTEXT(2) 
PARAMETRIC_REPRESENTATION_CONTEXT() REPRESENTATION_CONTEXT('2D SPACE',''
  ) );
#13669 = ORIENTED_EDGE('',*,*,#13670,.T.);
#13670 = EDGE_CURVE('',#13646,#13671,#13673,.T.);
#13671 = VERTEX_POINT('',#13672);
#13672 = CARTESIAN_POINT('',(20.,21.,17.));
#13673 = SURFACE_CURVE('',#13674,(#13678,#13685),.PCURVE_S1.);
#13674 = LINE('',#13675,#13676);
#13675 = CARTESIAN_POINT('',(20.,21.,3.));
#13676 = VECTOR('',#13677,1.);
#13677 = DIRECTION('',(0.,0.,1.));
#13678 = PCURVE('',#13141,#13679);
#13679 = DEFINITIONAL_REPRESENTATION('',(#13680),#13684);
#13680 = LINE('',#13681,#13682);
#13681 = CARTESIAN_POINT('',(41.,-3.));
#13682 = VECTOR('',#13683,1.);
#13683 = DIRECTION('',(0.,-1.));
#13684 = ( GEOMETRIC_REPRESENTATION_CONTEXT(2) 
PARAMETRIC_REPRESENTATION_CONTEXT() REPRESENTATION_CONTEXT('2D SPACE',''
  ) );
#13685 = PCURVE('',#13446,#13686);
#13686 = DEFINITIONAL_REPRESENTATION('',(#13687),#13691);
#13687 = LINE('',#13688,#13689);
#13688 = CARTESIAN_POINT('',(7.,20.));
#13689 = VECTOR('',#13690,1.);
#13690 = DIRECTION('',(-1.,0.));
#13691 = ( GEOMETRIC_REPRESENTATION_CONTEXT(2) 
PARAMETRIC_REPRESENTATION_CONTEXT() REPRESENTATION_CONTEXT('2D SPACE',''
  ) );
#13692 = ORIENTED_EDGE('',*,*,#13693,.T.);
#13693 = EDGE_CURVE('',#13671,#13694,#13696,.T.);
#13694 = VERTEX_POINT('',#13695);
#13695 = CARTESIAN_POINT('',(20.,14.,17.));
#13696 = SURFACE_CURVE('',#13697,(#13701,#13708),.PCURVE_S1.);
#13697 = LINE('',#13698,#13699);
#13698 = CARTESIAN_POINT('',(20.,21.,17.));
#13699 = VECTOR('',#13700,1.);
#13700 = DIRECTION('',(0.,-1.,0.));
#13701 = PCURVE('',#13141,#13702);
#13702 = DEFINITIONAL_REPRESENTATION('',(#13703),#13707);
#13703 = LINE('',#13704,#13705);
#13704 = CARTESIAN_POINT('',(41.,-17.));
#13705 = VECTOR('',#13706,1.);
#13706 = DIRECTION('',(-1.,0.));
#13707 = ( GEOMETRIC_REPRESENTATION_CONTEXT(2) 
PARAMETRIC_REPRESENTATION_CONTEXT() REPRESENTATION_CONTEXT('2D SPACE',''
  ) );
#13708 = PCURVE('',#13528,#13709);
#13709 = DEFINITIONAL_REPRESENTATION('',(#13710),#13714);
#13710 = LINE('',#13711,#13712);
#13711 = CARTESIAN_POINT('',(0.,0.));
#13712 = VECTOR('',#13713,1.);
#13713 = DIRECTION('',(0.,-1.));
#13714 = ( GEOMETRIC_REPRESENTATION_CONTEXT(2) 
PARAMETRIC_REPRESENTATION_CONTEXT() REPRESENTATION_CONTEXT('2D SPACE',''
  ) );
#13715 = ORIENTED_EDGE('',*,*,#13716,.F.);
#13716 = EDGE_CURVE('',#13648,#13694,#13717,.T.);
#13717 = SURFACE_CURVE('',#13718,(#13722,#13729),.PCURVE_S1.);
#13718 = LINE('',#13719,#13720);
#13719 = CARTESIAN_POINT('',(20.,14.,3.));
#13720 = VECTOR('',#13721,1.);
#13721 = DIRECTION('',(0.,0.,1.));
#13722 = PCURVE('',#13141,#13723);
#13723 = DEFINITIONAL_REPRESENTATION('',(#13724),#13728);
#13724 = LINE('',#13725,#13726);
#13725 = CARTESIAN_POINT('',(34.,-3.));
#13726 = VECTOR('',#13727,1.);
#13727 = DIRECTION('',(0.,-1.));
#13728 = ( GEOMETRIC_REPRESENTATION_CONTEXT(2) 
PARAMETRIC_REPRESENTATION_CONTEXT() REPRESENTATION_CONTEXT('2D SPACE',''
  ) );
#13729 = PCURVE('',#13730,#13735);
#13730 = PLANE('',#13731);
#13731 = AXIS2_PLACEMENT_3D('',#13732,#13733,#13734);
#13732 = CARTESIAN_POINT('',(0.,14.,10.));
#13733 = DIRECTION('',(-0.,-1.,-0.));
#13734 = DIRECTION('',(0.,0.,-1.));
#13735 = DEFINITIONAL_REPRESENTATION('',(#13736),#13740);
#13736 = LINE('',#13737,#13738);
#13737 = CARTESIAN_POINT('',(7.,20.));
#13738 = VECTOR('',#13739,1.);
#13739 = DIRECTION('',(-1.,0.));
#13740 = ( GEOMETRIC_REPRESENTATION_CONTEXT(2) 
PARAMETRIC_REPRESENTATION_CONTEXT() REPRESENTATION_CONTEXT('2D SPACE',''
  ) );
#13741 = ADVANCED_FACE('',(#13742),#13217,.F.);
#13742 = FACE_BOUND('',#13743,.F.);
#13743 = EDGE_LOOP('',(#13744,#13767,#13768,#13791,#13819,#13847));
#13744 = ORIENTED_EDGE('',*,*,#13745,.T.);
#13745 = EDGE_CURVE('',#13746,#13157,#13748,.T.);
#13746 = VERTEX_POINT('',#13747);
#13747 = CARTESIAN_POINT('',(-41.95,21.,-8.718600805292E-16));
#13748 = SURFACE_CURVE('',#13749,(#13753,#13760),.PCURVE_S1.);
#13749 = LINE('',#13750,#13751);
#13750 = CARTESIAN_POINT('',(-45.95,21.,0.));
#13751 = VECTOR('',#13752,1.);
#13752 = DIRECTION('',(1.,0.,0.));
#13753 = PCURVE('',#13217,#13754);
#13754 = DEFINITIONAL_REPRESENTATION('',(#13755),#13759);
#13755 = LINE('',#13756,#13757);
#13756 = CARTESIAN_POINT('',(-45.95,-3.));
#13757 = VECTOR('',#13758,1.);
#13758 = DIRECTION('',(1.,0.));
#13759 = ( GEOMETRIC_REPRESENTATION_CONTEXT(2) 
PARAMETRIC_REPRESENTATION_CONTEXT() REPRESENTATION_CONTEXT('2D SPACE',''
  ) );
#13760 = PCURVE('',#13359,#13761);
#13761 = DEFINITIONAL_REPRESENTATION('',(#13762),#13766);
#13762 = LINE('',#13763,#13764);
#13763 = CARTESIAN_POINT('',(0.,0.));
#13764 = VECTOR('',#13765,1.);
#13765 = DIRECTION('',(1.,0.));
#13766 = ( GEOMETRIC_REPRESENTATION_CONTEXT(2) 
PARAMETRIC_REPRESENTATION_CONTEXT() REPRESENTATION_CONTEXT('2D SPACE',''
  ) );
#13767 = ORIENTED_EDGE('',*,*,#13203,.T.);
#13768 = ORIENTED_EDGE('',*,*,#13769,.T.);
#13769 = EDGE_CURVE('',#13181,#13770,#13772,.T.);
#13770 = VERTEX_POINT('',#13771);
#13771 = CARTESIAN_POINT('',(41.95,21.,-8.718600805292E-16));
#13772 = SURFACE_CURVE('',#13773,(#13777,#13784),.PCURVE_S1.);
#13773 = LINE('',#13774,#13775);
#13774 = CARTESIAN_POINT('',(-45.95,21.,0.));
#13775 = VECTOR('',#13776,1.);
#13776 = DIRECTION('',(1.,0.,0.));
#13777 = PCURVE('',#13217,#13778);
#13778 = DEFINITIONAL_REPRESENTATION('',(#13779),#13783);
#13779 = LINE('',#13780,#13781);
#13780 = CARTESIAN_POINT('',(-45.95,-3.));
#13781 = VECTOR('',#13782,1.);
#13782 = DIRECTION('',(1.,0.));
#13783 = ( GEOMETRIC_REPRESENTATION_CONTEXT(2) 
PARAMETRIC_REPRESENTATION_CONTEXT() REPRESENTATION_CONTEXT('2D SPACE',''
  ) );
#13784 = PCURVE('',#13359,#13785);
#13785 = DEFINITIONAL_REPRESENTATION('',(#13786),#13790);
#13786 = LINE('',#13787,#13788);
#13787 = CARTESIAN_POINT('',(0.,0.));
#13788 = VECTOR('',#13789,1.);
#13789 = DIRECTION('',(1.,0.));
#13790 = ( GEOMETRIC_REPRESENTATION_CONTEXT(2) 
PARAMETRIC_REPRESENTATION_CONTEXT() REPRESENTATION_CONTEXT('2D SPACE',''
  ) );
#13791 = ORIENTED_EDGE('',*,*,#13792,.T.);
#13792 = EDGE_CURVE('',#13770,#13793,#13795,.T.);
#13793 = VERTEX_POINT('',#13794);
#13794 = CARTESIAN_POINT('',(41.95,26.889763100686,-1.144853972259));
#13795 = SURFACE_CURVE('',#13796,(#13800,#13807),.PCURVE_S1.);
#13796 = LINE('',#13797,#13798);
#13797 = CARTESIAN_POINT('',(41.95,21.,-8.718600805292E-16));
#13798 = VECTOR('',#13799,1.);
#13799 = DIRECTION('',(0.,0.981627183448,-0.190808995377));
#13800 = PCURVE('',#13217,#13801);
#13801 = DEFINITIONAL_REPRESENTATION('',(#13802),#13806);
#13802 = LINE('',#13803,#13804);
#13803 = CARTESIAN_POINT('',(41.95,-3.));
#13804 = VECTOR('',#13805,1.);
#13805 = DIRECTION('',(0.,1.));
#13806 = ( GEOMETRIC_REPRESENTATION_CONTEXT(2) 
PARAMETRIC_REPRESENTATION_CONTEXT() REPRESENTATION_CONTEXT('2D SPACE',''
  ) );
#13807 = PCURVE('',#13808,#13813);
#13808 = CYLINDRICAL_SURFACE('',#13809,4.);
#13809 = AXIS2_PLACEMENT_3D('',#13810,#13811,#13812);
#13810 = CARTESIAN_POINT('',(41.95,21.763235981506,3.926508733791));
#13811 = DIRECTION('',(0.,0.981627183448,-0.190808995377));
#13812 = DIRECTION('',(1.,0.,0.));
#13813 = DEFINITIONAL_REPRESENTATION('',(#13814),#13818);
#13814 = LINE('',#13815,#13816);
#13815 = CARTESIAN_POINT('',(1.570796326795,0.));
#13816 = VECTOR('',#13817,1.);
#13817 = DIRECTION('',(0.,1.));
#13818 = ( GEOMETRIC_REPRESENTATION_CONTEXT(2) 
PARAMETRIC_REPRESENTATION_CONTEXT() REPRESENTATION_CONTEXT('2D SPACE',''
  ) );
#13819 = ORIENTED_EDGE('',*,*,#13820,.T.);
#13820 = EDGE_CURVE('',#13793,#13821,#13823,.T.);
#13821 = VERTEX_POINT('',#13822);
#13822 = CARTESIAN_POINT('',(-41.95,26.889763100686,-1.144853972259));
#13823 = SURFACE_CURVE('',#13824,(#13828,#13835),.PCURVE_S1.);
#13824 = LINE('',#13825,#13826);
#13825 = CARTESIAN_POINT('',(45.95,26.889763100686,-1.144853972259));
#13826 = VECTOR('',#13827,1.);
#13827 = DIRECTION('',(-1.,0.,0.));
#13828 = PCURVE('',#13217,#13829);
#13829 = DEFINITIONAL_REPRESENTATION('',(#13830),#13834);
#13830 = LINE('',#13831,#13832);
#13831 = CARTESIAN_POINT('',(45.95,3.));
#13832 = VECTOR('',#13833,1.);
#13833 = DIRECTION('',(-1.,0.));
#13834 = ( GEOMETRIC_REPRESENTATION_CONTEXT(2) 
PARAMETRIC_REPRESENTATION_CONTEXT() REPRESENTATION_CONTEXT('2D SPACE',''
  ) );
#13835 = PCURVE('',#13836,#13841);
#13836 = PLANE('',#13837);
#13837 = AXIS2_PLACEMENT_3D('',#13838,#13839,#13840);
#13838 = CARTESIAN_POINT('',(45.95,26.889763100686,-1.144853972259));
#13839 = DIRECTION('',(0.,-0.981627183448,0.190808995377));
#13840 = DIRECTION('',(-1.,0.,0.));
#13841 = DEFINITIONAL_REPRESENTATION('',(#13842),#13846);
#13842 = LINE('',#13843,#13844);
#13843 = CARTESIAN_POINT('',(0.,-0.));
#13844 = VECTOR('',#13845,1.);
#13845 = DIRECTION('',(1.,0.));
#13846 = ( GEOMETRIC_REPRESENTATION_CONTEXT(2) 
PARAMETRIC_REPRESENTATION_CONTEXT() REPRESENTATION_CONTEXT('2D SPACE',''
  ) );
#13847 = ORIENTED_EDGE('',*,*,#13848,.T.);
#13848 = EDGE_CURVE('',#13821,#13746,#13849,.T.);
#13849 = SURFACE_CURVE('',#13850,(#13854,#13861),.PCURVE_S1.);
#13850 = LINE('',#13851,#13852);
#13851 = CARTESIAN_POINT('',(-41.95,26.889763100686,-1.144853972259));
#13852 = VECTOR('',#13853,1.);
#13853 = DIRECTION('',(0.,-0.981627183448,0.190808995377));
#13854 = PCURVE('',#13217,#13855);
#13855 = DEFINITIONAL_REPRESENTATION('',(#13856),#13860);
#13856 = LINE('',#13857,#13858);
#13857 = CARTESIAN_POINT('',(-41.95,3.));
#13858 = VECTOR('',#13859,1.);
#13859 = DIRECTION('',(0.,-1.));
#13860 = ( GEOMETRIC_REPRESENTATION_CONTEXT(2) 
PARAMETRIC_REPRESENTATION_CONTEXT() REPRESENTATION_CONTEXT('2D SPACE',''
  ) );
#13861 = PCURVE('',#13862,#13867);
#13862 = CYLINDRICAL_SURFACE('',#13863,4.);
#13863 = AXIS2_PLACEMENT_3D('',#13864,#13865,#13866);
#13864 = CARTESIAN_POINT('',(-41.95,27.652999082192,2.781654761531));
#13865 = DIRECTION('',(0.,-0.981627183448,0.190808995377));
#13866 = DIRECTION('',(-1.,0.,0.));
#13867 = DEFINITIONAL_REPRESENTATION('',(#13868),#13872);
#13868 = LINE('',#13869,#13870);
#13869 = CARTESIAN_POINT('',(1.570796326795,0.));
#13870 = VECTOR('',#13871,1.);
#13871 = DIRECTION('',(0.,1.));
#13872 = ( GEOMETRIC_REPRESENTATION_CONTEXT(2) 
PARAMETRIC_REPRESENTATION_CONTEXT() REPRESENTATION_CONTEXT('2D SPACE',''
  ) );
#13873 = ADVANCED_FACE('',(#13874,#14038),#13249,.T.);
#13874 = FACE_BOUND('',#13875,.T.);
#13875 = EDGE_LOOP('',(#13876,#13899,#13900,#13923,#13949,#13977,#13998,
    #14019));
#13876 = ORIENTED_EDGE('',*,*,#13877,.F.);
#13877 = EDGE_CURVE('',#13232,#13878,#13880,.T.);
#13878 = VERTEX_POINT('',#13879);
#13879 = CARTESIAN_POINT('',(15.,15.,3.));
#13880 = SURFACE_CURVE('',#13881,(#13885,#13892),.PCURVE_S1.);
#13881 = LINE('',#13882,#13883);
#13882 = CARTESIAN_POINT('',(15.,15.,-4.0000002));
#13883 = VECTOR('',#13884,1.);
#13884 = DIRECTION('',(0.,0.,1.));
#13885 = PCURVE('',#13249,#13886);
#13886 = DEFINITIONAL_REPRESENTATION('',(#13887),#13891);
#13887 = LINE('',#13888,#13889);
#13888 = CARTESIAN_POINT('',(30.,0.));
#13889 = VECTOR('',#13890,1.);
#13890 = DIRECTION('',(0.,-1.));
#13891 = ( GEOMETRIC_REPRESENTATION_CONTEXT(2) 
PARAMETRIC_REPRESENTATION_CONTEXT() REPRESENTATION_CONTEXT('2D SPACE',''
  ) );
#13892 = PCURVE('',#13328,#13893);
#13893 = DEFINITIONAL_REPRESENTATION('',(#13894),#13898);
#13894 = LINE('',#13895,#13896);
#13895 = CARTESIAN_POINT('',(0.,-0.));
#13896 = VECTOR('',#13897,1.);
#13897 = DIRECTION('',(0.,-1.));
#13898 = ( GEOMETRIC_REPRESENTATION_CONTEXT(2) 
PARAMETRIC_REPRESENTATION_CONTEXT() REPRESENTATION_CONTEXT('2D SPACE',''
  ) );
#13899 = ORIENTED_EDGE('',*,*,#13231,.T.);
#13900 = ORIENTED_EDGE('',*,*,#13901,.T.);
#13901 = EDGE_CURVE('',#13234,#13902,#13904,.T.);
#13902 = VERTEX_POINT('',#13903);
#13903 = CARTESIAN_POINT('',(15.,-15.,30.));
#13904 = SURFACE_CURVE('',#13905,(#13909,#13916),.PCURVE_S1.);
#13905 = LINE('',#13906,#13907);
#13906 = CARTESIAN_POINT('',(15.,-15.,-4.0000002));
#13907 = VECTOR('',#13908,1.);
#13908 = DIRECTION('',(0.,0.,1.));
#13909 = PCURVE('',#13249,#13910);
#13910 = DEFINITIONAL_REPRESENTATION('',(#13911),#13915);
#13911 = LINE('',#13912,#13913);
#13912 = CARTESIAN_POINT('',(0.,0.));
#13913 = VECTOR('',#13914,1.);
#13914 = DIRECTION('',(0.,-1.));
#13915 = ( GEOMETRIC_REPRESENTATION_CONTEXT(2) 
PARAMETRIC_REPRESENTATION_CONTEXT() REPRESENTATION_CONTEXT('2D SPACE',''
  ) );
#13916 = PCURVE('',#13276,#13917);
#13917 = DEFINITIONAL_REPRESENTATION('',(#13918),#13922);
#13918 = LINE('',#13919,#13920);
#13919 = CARTESIAN_POINT('',(30.,0.));
#13920 = VECTOR('',#13921,1.);
#13921 = DIRECTION('',(0.,-1.));
#13922 = ( GEOMETRIC_REPRESENTATION_CONTEXT(2) 
PARAMETRIC_REPRESENTATION_CONTEXT() REPRESENTATION_CONTEXT('2D SPACE',''
  ) );
#13923 = ORIENTED_EDGE('',*,*,#13924,.T.);
#13924 = EDGE_CURVE('',#13902,#13925,#13927,.T.);
#13925 = VERTEX_POINT('',#13926);
#13926 = CARTESIAN_POINT('',(15.,15.,30.));
#13927 = SURFACE_CURVE('',#13928,(#13932,#13938),.PCURVE_S1.);
#13928 = LINE('',#13929,#13930);
#13929 = CARTESIAN_POINT('',(15.,-7.5,30.));
#13930 = VECTOR('',#13931,1.);
#13931 = DIRECTION('',(0.,1.,-0.));
#13932 = PCURVE('',#13249,#13933);
#13933 = DEFINITIONAL_REPRESENTATION('',(#13934),#13937);
#13934 = B_SPLINE_CURVE_WITH_KNOTS('',1,(#13935,#13936),.UNSPECIFIED.,
  .F.,.F.,(2,2),(-7.5,22.5),.PIECEWISE_BEZIER_KNOTS.);
#13935 = CARTESIAN_POINT('',(0.,-34.0000002));
#13936 = CARTESIAN_POINT('',(30.,-34.0000002));
#13937 = ( GEOMETRIC_REPRESENTATION_CONTEXT(2) 
PARAMETRIC_REPRESENTATION_CONTEXT() REPRESENTATION_CONTEXT('2D SPACE',''
  ) );
#13938 = PCURVE('',#13939,#13944);
#13939 = PLANE('',#13940);
#13940 = AXIS2_PLACEMENT_3D('',#13941,#13942,#13943);
#13941 = CARTESIAN_POINT('',(0.,0.,30.));
#13942 = DIRECTION('',(0.,0.,1.));
#13943 = DIRECTION('',(1.,0.,-0.));
#13944 = DEFINITIONAL_REPRESENTATION('',(#13945),#13948);
#13945 = B_SPLINE_CURVE_WITH_KNOTS('',1,(#13946,#13947),.UNSPECIFIED.,
  .F.,.F.,(2,2),(-7.5,22.5),.PIECEWISE_BEZIER_KNOTS.);
#13946 = CARTESIAN_POINT('',(15.,-15.));
#13947 = CARTESIAN_POINT('',(15.,15.));
#13948 = ( GEOMETRIC_REPRESENTATION_CONTEXT(2) 
PARAMETRIC_REPRESENTATION_CONTEXT() REPRESENTATION_CONTEXT('2D SPACE',''
  ) );
#13949 = ORIENTED_EDGE('',*,*,#13950,.F.);
#13950 = EDGE_CURVE('',#13951,#13925,#13953,.T.);
#13951 = VERTEX_POINT('',#13952);
#13952 = CARTESIAN_POINT('',(15.,15.,17.));
#13953 = SURFACE_CURVE('',#13954,(#13958,#13965),.PCURVE_S1.);
#13954 = LINE('',#13955,#13956);
#13955 = CARTESIAN_POINT('',(15.,15.,-4.0000002));
#13956 = VECTOR('',#13957,1.);
#13957 = DIRECTION('',(0.,0.,1.));
#13958 = PCURVE('',#13249,#13959);
#13959 = DEFINITIONAL_REPRESENTATION('',(#13960),#13964);
#13960 = LINE('',#13961,#13962);
#13961 = CARTESIAN_POINT('',(30.,0.));
#13962 = VECTOR('',#13963,1.);
#13963 = DIRECTION('',(0.,-1.));
#13964 = ( GEOMETRIC_REPRESENTATION_CONTEXT(2) 
PARAMETRIC_REPRESENTATION_CONTEXT() REPRESENTATION_CONTEXT('2D SPACE',''
  ) );
#13965 = PCURVE('',#13966,#13971);
#13966 = PLANE('',#13967);
#13967 = AXIS2_PLACEMENT_3D('',#13968,#13969,#13970);
#13968 = CARTESIAN_POINT('',(15.,15.,-4.0000002));
#13969 = DIRECTION('',(0.,-1.,0.));
#13970 = DIRECTION('',(-1.,0.,0.));
#13971 = DEFINITIONAL_REPRESENTATION('',(#13972),#13976);
#13972 = LINE('',#13973,#13974);
#13973 = CARTESIAN_POINT('',(0.,-0.));
#13974 = VECTOR('',#13975,1.);
#13975 = DIRECTION('',(0.,-1.));
#13976 = ( GEOMETRIC_REPRESENTATION_CONTEXT(2) 
PARAMETRIC_REPRESENTATION_CONTEXT() REPRESENTATION_CONTEXT('2D SPACE',''
  ) );
#13977 = ORIENTED_EDGE('',*,*,#13978,.T.);
#13978 = EDGE_CURVE('',#13951,#13979,#13981,.T.);
#13979 = VERTEX_POINT('',#13980);
#13980 = CARTESIAN_POINT('',(15.,14.,17.));
#13981 = SURFACE_CURVE('',#13982,(#13986,#13992),.PCURVE_S1.);
#13982 = LINE('',#13983,#13984);
#13983 = CARTESIAN_POINT('',(15.,3.,17.));
#13984 = VECTOR('',#13985,1.);
#13985 = DIRECTION('',(0.,-1.,0.));
#13986 = PCURVE('',#13249,#13987);
#13987 = DEFINITIONAL_REPRESENTATION('',(#13988),#13991);
#13988 = B_SPLINE_CURVE_WITH_KNOTS('',1,(#13989,#13990),.UNSPECIFIED.,
  .F.,.F.,(2,2),(-12.,-11.),.PIECEWISE_BEZIER_KNOTS.);
#13989 = CARTESIAN_POINT('',(30.,-21.0000002));
#13990 = CARTESIAN_POINT('',(29.,-21.0000002));
#13991 = ( GEOMETRIC_REPRESENTATION_CONTEXT(2) 
PARAMETRIC_REPRESENTATION_CONTEXT() REPRESENTATION_CONTEXT('2D SPACE',''
  ) );
#13992 = PCURVE('',#13528,#13993);
#13993 = DEFINITIONAL_REPRESENTATION('',(#13994),#13997);
#13994 = B_SPLINE_CURVE_WITH_KNOTS('',1,(#13995,#13996),.UNSPECIFIED.,
  .F.,.F.,(2,2),(-12.,-11.),.PIECEWISE_BEZIER_KNOTS.);
#13995 = CARTESIAN_POINT('',(5.,-6.));
#13996 = CARTESIAN_POINT('',(5.,-7.));
#13997 = ( GEOMETRIC_REPRESENTATION_CONTEXT(2) 
PARAMETRIC_REPRESENTATION_CONTEXT() REPRESENTATION_CONTEXT('2D SPACE',''
  ) );
#13998 = ORIENTED_EDGE('',*,*,#13999,.F.);
#13999 = EDGE_CURVE('',#14000,#13979,#14002,.T.);
#14000 = VERTEX_POINT('',#14001);
#14001 = CARTESIAN_POINT('',(15.,14.,3.));
#14002 = SURFACE_CURVE('',#14003,(#14007,#14013),.PCURVE_S1.);
#14003 = LINE('',#14004,#14005);
#14004 = CARTESIAN_POINT('',(15.,14.,2.9999999));
#14005 = VECTOR('',#14006,1.);
#14006 = DIRECTION('',(0.,-0.,1.));
#14007 = PCURVE('',#13249,#14008);
#14008 = DEFINITIONAL_REPRESENTATION('',(#14009),#14012);
#14009 = B_SPLINE_CURVE_WITH_KNOTS('',1,(#14010,#14011),.UNSPECIFIED.,
  .F.,.F.,(2,2),(1.000000011686E-07,14.0000001),
  .PIECEWISE_BEZIER_KNOTS.);
#14010 = CARTESIAN_POINT('',(29.,-7.0000002));
#14011 = CARTESIAN_POINT('',(29.,-21.0000002));
#14012 = ( GEOMETRIC_REPRESENTATION_CONTEXT(2) 
PARAMETRIC_REPRESENTATION_CONTEXT() REPRESENTATION_CONTEXT('2D SPACE',''
  ) );
#14013 = PCURVE('',#13730,#14014);
#14014 = DEFINITIONAL_REPRESENTATION('',(#14015),#14018);
#14015 = B_SPLINE_CURVE_WITH_KNOTS('',1,(#14016,#14017),.UNSPECIFIED.,
  .F.,.F.,(2,2),(1.000000011686E-07,14.0000001),
  .PIECEWISE_BEZIER_KNOTS.);
#14016 = CARTESIAN_POINT('',(7.,15.));
#14017 = CARTESIAN_POINT('',(-7.,15.));
#14018 = ( GEOMETRIC_REPRESENTATION_CONTEXT(2) 
PARAMETRIC_REPRESENTATION_CONTEXT() REPRESENTATION_CONTEXT('2D SPACE',''
  ) );
#14019 = ORIENTED_EDGE('',*,*,#14020,.T.);
#14020 = EDGE_CURVE('',#14000,#13878,#14021,.T.);
#14021 = SURFACE_CURVE('',#14022,(#14026,#14032),.PCURVE_S1.);
#14022 = LINE('',#14023,#14024);
#14023 = CARTESIAN_POINT('',(15.,3.,3.));
#14024 = VECTOR('',#14025,1.);
#14025 = DIRECTION('',(0.,1.,0.));
#14026 = PCURVE('',#13249,#14027);
#14027 = DEFINITIONAL_REPRESENTATION('',(#14028),#14031);
#14028 = B_SPLINE_CURVE_WITH_KNOTS('',1,(#14029,#14030),.UNSPECIFIED.,
  .F.,.F.,(2,2),(11.,12.),.PIECEWISE_BEZIER_KNOTS.);
#14029 = CARTESIAN_POINT('',(29.,-7.0000002));
#14030 = CARTESIAN_POINT('',(30.,-7.0000002));
#14031 = ( GEOMETRIC_REPRESENTATION_CONTEXT(2) 
PARAMETRIC_REPRESENTATION_CONTEXT() REPRESENTATION_CONTEXT('2D SPACE',''
  ) );
#14032 = PCURVE('',#13474,#14033);
#14033 = DEFINITIONAL_REPRESENTATION('',(#14034),#14037);
#14034 = B_SPLINE_CURVE_WITH_KNOTS('',1,(#14035,#14036),.UNSPECIFIED.,
  .F.,.F.,(2,2),(11.,12.),.PIECEWISE_BEZIER_KNOTS.);
#14035 = CARTESIAN_POINT('',(35.,-7.));
#14036 = CARTESIAN_POINT('',(35.,-6.));
#14037 = ( GEOMETRIC_REPRESENTATION_CONTEXT(2) 
PARAMETRIC_REPRESENTATION_CONTEXT() REPRESENTATION_CONTEXT('2D SPACE',''
  ) );
#14038 = FACE_BOUND('',#14039,.T.);
#14039 = EDGE_LOOP('',(#14040));
#14040 = ORIENTED_EDGE('',*,*,#14041,.F.);
#14041 = EDGE_CURVE('',#14042,#14042,#14044,.T.);
#14042 = VERTEX_POINT('',#14043);
#14043 = CARTESIAN_POINT('',(15.,2.2,15.));
#14044 = SURFACE_CURVE('',#14045,(#14050,#14057),.PCURVE_S1.);
#14045 = CIRCLE('',#14046,2.2);
#14046 = AXIS2_PLACEMENT_3D('',#14047,#14048,#14049);
#14047 = CARTESIAN_POINT('',(15.,0.,15.));
#14048 = DIRECTION('',(-1.,0.,0.));
#14049 = DIRECTION('',(0.,1.,0.));
#14050 = PCURVE('',#13249,#14051);
#14051 = DEFINITIONAL_REPRESENTATION('',(#14052),#14056);
#14052 = CIRCLE('',#14053,2.2);
#14053 = AXIS2_PLACEMENT_2D('',#14054,#14055);
#14054 = CARTESIAN_POINT('',(15.,-19.0000002));
#14055 = DIRECTION('',(1.,0.));
#14056 = ( GEOMETRIC_REPRESENTATION_CONTEXT(2) 
PARAMETRIC_REPRESENTATION_CONTEXT() REPRESENTATION_CONTEXT('2D SPACE',''
  ) );
#14057 = PCURVE('',#13631,#14058);
#14058 = DEFINITIONAL_REPRESENTATION('',(#14059),#14063);
#14059 = LINE('',#14060,#14061);
#14060 = CARTESIAN_POINT('',(-6.28318530718,-55.));
#14061 = VECTOR('',#14062,1.);
#14062 = DIRECTION('',(1.,-0.));
#14063 = ( GEOMETRIC_REPRESENTATION_CONTEXT(2) 
PARAMETRIC_REPRESENTATION_CONTEXT() REPRESENTATION_CONTEXT('2D SPACE',''
  ) );
#14064 = ADVANCED_FACE('',(#14065),#13328,.T.);
#14065 = FACE_BOUND('',#14066,.T.);
#14066 = EDGE_LOOP('',(#14067,#14090,#14091,#14092));
#14067 = ORIENTED_EDGE('',*,*,#14068,.F.);
#14068 = EDGE_CURVE('',#13288,#14069,#14071,.T.);
#14069 = VERTEX_POINT('',#14070);
#14070 = CARTESIAN_POINT('',(-15.,15.,3.));
#14071 = SURFACE_CURVE('',#14072,(#14076,#14083),.PCURVE_S1.);
#14072 = LINE('',#14073,#14074);
#14073 = CARTESIAN_POINT('',(-15.,15.,-4.0000002));
#14074 = VECTOR('',#14075,1.);
#14075 = DIRECTION('',(0.,0.,1.));
#14076 = PCURVE('',#13328,#14077);
#14077 = DEFINITIONAL_REPRESENTATION('',(#14078),#14082);
#14078 = LINE('',#14079,#14080);
#14079 = CARTESIAN_POINT('',(30.,0.));
#14080 = VECTOR('',#14081,1.);
#14081 = DIRECTION('',(0.,-1.));
#14082 = ( GEOMETRIC_REPRESENTATION_CONTEXT(2) 
PARAMETRIC_REPRESENTATION_CONTEXT() REPRESENTATION_CONTEXT('2D SPACE',''
  ) );
#14083 = PCURVE('',#13303,#14084);
#14084 = DEFINITIONAL_REPRESENTATION('',(#14085),#14089);
#14085 = LINE('',#14086,#14087);
#14086 = CARTESIAN_POINT('',(0.,0.));
#14087 = VECTOR('',#14088,1.);
#14088 = DIRECTION('',(0.,-1.));
#14089 = ( GEOMETRIC_REPRESENTATION_CONTEXT(2) 
PARAMETRIC_REPRESENTATION_CONTEXT() REPRESENTATION_CONTEXT('2D SPACE',''
  ) );
#14090 = ORIENTED_EDGE('',*,*,#13314,.T.);
#14091 = ORIENTED_EDGE('',*,*,#13877,.T.);
#14092 = ORIENTED_EDGE('',*,*,#14093,.T.);
#14093 = EDGE_CURVE('',#13878,#14069,#14094,.T.);
#14094 = SURFACE_CURVE('',#14095,(#14099,#14105),.PCURVE_S1.);
#14095 = LINE('',#14096,#14097);
#14096 = CARTESIAN_POINT('',(-2.5,15.,3.));
#14097 = VECTOR('',#14098,1.);
#14098 = DIRECTION('',(-1.,-0.,0.));
#14099 = PCURVE('',#13328,#14100);
#14100 = DEFINITIONAL_REPRESENTATION('',(#14101),#14104);
#14101 = B_SPLINE_CURVE_WITH_KNOTS('',1,(#14102,#14103),.UNSPECIFIED.,
  .F.,.F.,(2,2),(-17.5,12.5),.PIECEWISE_BEZIER_KNOTS.);
#14102 = CARTESIAN_POINT('',(0.,-7.0000002));
#14103 = CARTESIAN_POINT('',(30.,-7.0000002));
#14104 = ( GEOMETRIC_REPRESENTATION_CONTEXT(2) 
PARAMETRIC_REPRESENTATION_CONTEXT() REPRESENTATION_CONTEXT('2D SPACE',''
  ) );
#14105 = PCURVE('',#13474,#14106);
#14106 = DEFINITIONAL_REPRESENTATION('',(#14107),#14110);
#14107 = B_SPLINE_CURVE_WITH_KNOTS('',1,(#14108,#14109),.UNSPECIFIED.,
  .F.,.F.,(2,2),(-17.5,12.5),.PIECEWISE_BEZIER_KNOTS.);
#14108 = CARTESIAN_POINT('',(35.,-6.));
#14109 = CARTESIAN_POINT('',(5.,-6.));
#14110 = ( GEOMETRIC_REPRESENTATION_CONTEXT(2) 
PARAMETRIC_REPRESENTATION_CONTEXT() REPRESENTATION_CONTEXT('2D SPACE',''
  ) );
#14111 = ADVANCED_FACE('',(#14112),#13276,.T.);
#14112 = FACE_BOUND('',#14113,.T.);
#14113 = EDGE_LOOP('',(#14114,#14115,#14116,#14139));
#14114 = ORIENTED_EDGE('',*,*,#13901,.F.);
#14115 = ORIENTED_EDGE('',*,*,#13260,.T.);
#14116 = ORIENTED_EDGE('',*,*,#14117,.T.);
#14117 = EDGE_CURVE('',#13261,#14118,#14120,.T.);
#14118 = VERTEX_POINT('',#14119);
#14119 = CARTESIAN_POINT('',(-15.,-15.,30.));
#14120 = SURFACE_CURVE('',#14121,(#14125,#14132),.PCURVE_S1.);
#14121 = LINE('',#14122,#14123);
#14122 = CARTESIAN_POINT('',(-15.,-15.,-4.0000002));
#14123 = VECTOR('',#14124,1.);
#14124 = DIRECTION('',(0.,0.,1.));
#14125 = PCURVE('',#13276,#14126);
#14126 = DEFINITIONAL_REPRESENTATION('',(#14127),#14131);
#14127 = LINE('',#14128,#14129);
#14128 = CARTESIAN_POINT('',(0.,0.));
#14129 = VECTOR('',#14130,1.);
#14130 = DIRECTION('',(0.,-1.));
#14131 = ( GEOMETRIC_REPRESENTATION_CONTEXT(2) 
PARAMETRIC_REPRESENTATION_CONTEXT() REPRESENTATION_CONTEXT('2D SPACE',''
  ) );
#14132 = PCURVE('',#13303,#14133);
#14133 = DEFINITIONAL_REPRESENTATION('',(#14134),#14138);
#14134 = LINE('',#14135,#14136);
#14135 = CARTESIAN_POINT('',(30.,0.));
#14136 = VECTOR('',#14137,1.);
#14137 = DIRECTION('',(0.,-1.));
#14138 = ( GEOMETRIC_REPRESENTATION_CONTEXT(2) 
PARAMETRIC_REPRESENTATION_CONTEXT() REPRESENTATION_CONTEXT('2D SPACE',''
  ) );
#14139 = ORIENTED_EDGE('',*,*,#14140,.T.);
#14140 = EDGE_CURVE('',#14118,#13902,#14141,.T.);
#14141 = SURFACE_CURVE('',#14142,(#14146,#14152),.PCURVE_S1.);
#14142 = LINE('',#14143,#14144);
#14143 = CARTESIAN_POINT('',(-7.5,-15.,30.));
#14144 = VECTOR('',#14145,1.);
#14145 = DIRECTION('',(1.,0.,0.));
#14146 = PCURVE('',#13276,#14147);
#14147 = DEFINITIONAL_REPRESENTATION('',(#14148),#14151);
#14148 = B_SPLINE_CURVE_WITH_KNOTS('',1,(#14149,#14150),.UNSPECIFIED.,
  .F.,.F.,(2,2),(-7.5,22.5),.PIECEWISE_BEZIER_KNOTS.);
#14149 = CARTESIAN_POINT('',(0.,-34.0000002));
#14150 = CARTESIAN_POINT('',(30.,-34.0000002));
#14151 = ( GEOMETRIC_REPRESENTATION_CONTEXT(2) 
PARAMETRIC_REPRESENTATION_CONTEXT() REPRESENTATION_CONTEXT('2D SPACE',''
  ) );
#14152 = PCURVE('',#13939,#14153);
#14153 = DEFINITIONAL_REPRESENTATION('',(#14154),#14157);
#14154 = B_SPLINE_CURVE_WITH_KNOTS('',1,(#14155,#14156),.UNSPECIFIED.,
  .F.,.F.,(2,2),(-7.5,22.5),.PIECEWISE_BEZIER_KNOTS.);
#14155 = CARTESIAN_POINT('',(-15.,-15.));
#14156 = CARTESIAN_POINT('',(15.,-15.));
#14157 = ( GEOMETRIC_REPRESENTATION_CONTEXT(2) 
PARAMETRIC_REPRESENTATION_CONTEXT() REPRESENTATION_CONTEXT('2D SPACE',''
  ) );
#14158 = ADVANCED_FACE('',(#14159,#14269),#13303,.T.);
#14159 = FACE_BOUND('',#14160,.T.);
#14160 = EDGE_LOOP('',(#14161,#14162,#14163,#14164,#14185,#14206,#14227,
    #14250));
#14161 = ORIENTED_EDGE('',*,*,#14117,.F.);
#14162 = ORIENTED_EDGE('',*,*,#13287,.T.);
#14163 = ORIENTED_EDGE('',*,*,#14068,.T.);
#14164 = ORIENTED_EDGE('',*,*,#14165,.T.);
#14165 = EDGE_CURVE('',#14069,#14166,#14168,.T.);
#14166 = VERTEX_POINT('',#14167);
#14167 = CARTESIAN_POINT('',(-15.,14.,3.));
#14168 = SURFACE_CURVE('',#14169,(#14173,#14179),.PCURVE_S1.);
#14169 = LINE('',#14170,#14171);
#14170 = CARTESIAN_POINT('',(-15.,18.,3.));
#14171 = VECTOR('',#14172,1.);
#14172 = DIRECTION('',(0.,-1.,0.));
#14173 = PCURVE('',#13303,#14174);
#14174 = DEFINITIONAL_REPRESENTATION('',(#14175),#14178);
#14175 = B_SPLINE_CURVE_WITH_KNOTS('',1,(#14176,#14177),.UNSPECIFIED.,
  .F.,.F.,(2,2),(3.,4.),.PIECEWISE_BEZIER_KNOTS.);
#14176 = CARTESIAN_POINT('',(0.,-7.0000002));
#14177 = CARTESIAN_POINT('',(1.,-7.0000002));
#14178 = ( GEOMETRIC_REPRESENTATION_CONTEXT(2) 
PARAMETRIC_REPRESENTATION_CONTEXT() REPRESENTATION_CONTEXT('2D SPACE',''
  ) );
#14179 = PCURVE('',#13474,#14180);
#14180 = DEFINITIONAL_REPRESENTATION('',(#14181),#14184);
#14181 = B_SPLINE_CURVE_WITH_KNOTS('',1,(#14182,#14183),.UNSPECIFIED.,
  .F.,.F.,(2,2),(3.,4.),.PIECEWISE_BEZIER_KNOTS.);
#14182 = CARTESIAN_POINT('',(5.,-6.));
#14183 = CARTESIAN_POINT('',(5.,-7.));
#14184 = ( GEOMETRIC_REPRESENTATION_CONTEXT(2) 
PARAMETRIC_REPRESENTATION_CONTEXT() REPRESENTATION_CONTEXT('2D SPACE',''
  ) );
#14185 = ORIENTED_EDGE('',*,*,#14186,.F.);
#14186 = EDGE_CURVE('',#14187,#14166,#14189,.T.);
#14187 = VERTEX_POINT('',#14188);
#14188 = CARTESIAN_POINT('',(-15.,14.,17.));
#14189 = SURFACE_CURVE('',#14190,(#14194,#14200),.PCURVE_S1.);
#14190 = LINE('',#14191,#14192);
#14191 = CARTESIAN_POINT('',(-15.,14.,2.9999999));
#14192 = VECTOR('',#14193,1.);
#14193 = DIRECTION('',(0.,0.,-1.));
#14194 = PCURVE('',#13303,#14195);
#14195 = DEFINITIONAL_REPRESENTATION('',(#14196),#14199);
#14196 = B_SPLINE_CURVE_WITH_KNOTS('',1,(#14197,#14198),.UNSPECIFIED.,
  .F.,.F.,(2,2),(-14.0000001,-1.000000011686E-07),
  .PIECEWISE_BEZIER_KNOTS.);
#14197 = CARTESIAN_POINT('',(1.,-21.0000002));
#14198 = CARTESIAN_POINT('',(1.,-7.0000002));
#14199 = ( GEOMETRIC_REPRESENTATION_CONTEXT(2) 
PARAMETRIC_REPRESENTATION_CONTEXT() REPRESENTATION_CONTEXT('2D SPACE',''
  ) );
#14200 = PCURVE('',#13502,#14201);
#14201 = DEFINITIONAL_REPRESENTATION('',(#14202),#14205);
#14202 = B_SPLINE_CURVE_WITH_KNOTS('',1,(#14203,#14204),.UNSPECIFIED.,
  .F.,.F.,(2,2),(-14.0000001,-1.000000011686E-07),
  .PIECEWISE_BEZIER_KNOTS.);
#14203 = CARTESIAN_POINT('',(-7.,-15.));
#14204 = CARTESIAN_POINT('',(7.,-15.));
#14205 = ( GEOMETRIC_REPRESENTATION_CONTEXT(2) 
PARAMETRIC_REPRESENTATION_CONTEXT() REPRESENTATION_CONTEXT('2D SPACE',''
  ) );
#14206 = ORIENTED_EDGE('',*,*,#14207,.T.);
#14207 = EDGE_CURVE('',#14187,#14208,#14210,.T.);
#14208 = VERTEX_POINT('',#14209);
#14209 = CARTESIAN_POINT('',(-15.,15.,17.));
#14210 = SURFACE_CURVE('',#14211,(#14215,#14221),.PCURVE_S1.);
#14211 = LINE('',#14212,#14213);
#14212 = CARTESIAN_POINT('',(-15.,18.,17.));
#14213 = VECTOR('',#14214,1.);
#14214 = DIRECTION('',(0.,1.,0.));
#14215 = PCURVE('',#13303,#14216);
#14216 = DEFINITIONAL_REPRESENTATION('',(#14217),#14220);
#14217 = B_SPLINE_CURVE_WITH_KNOTS('',1,(#14218,#14219),.UNSPECIFIED.,
  .F.,.F.,(2,2),(-4.,-3.),.PIECEWISE_BEZIER_KNOTS.);
#14218 = CARTESIAN_POINT('',(1.,-21.0000002));
#14219 = CARTESIAN_POINT('',(0.,-21.0000002));
#14220 = ( GEOMETRIC_REPRESENTATION_CONTEXT(2) 
PARAMETRIC_REPRESENTATION_CONTEXT() REPRESENTATION_CONTEXT('2D SPACE',''
  ) );
#14221 = PCURVE('',#13528,#14222);
#14222 = DEFINITIONAL_REPRESENTATION('',(#14223),#14226);
#14223 = B_SPLINE_CURVE_WITH_KNOTS('',1,(#14224,#14225),.UNSPECIFIED.,
  .F.,.F.,(2,2),(-4.,-3.),.PIECEWISE_BEZIER_KNOTS.);
#14224 = CARTESIAN_POINT('',(35.,-7.));
#14225 = CARTESIAN_POINT('',(35.,-6.));
#14226 = ( GEOMETRIC_REPRESENTATION_CONTEXT(2) 
PARAMETRIC_REPRESENTATION_CONTEXT() REPRESENTATION_CONTEXT('2D SPACE',''
  ) );
#14227 = ORIENTED_EDGE('',*,*,#14228,.T.);
#14228 = EDGE_CURVE('',#14208,#14229,#14231,.T.);
#14229 = VERTEX_POINT('',#14230);
#14230 = CARTESIAN_POINT('',(-15.,15.,30.));
#14231 = SURFACE_CURVE('',#14232,(#14236,#14243),.PCURVE_S1.);
#14232 = LINE('',#14233,#14234);
#14233 = CARTESIAN_POINT('',(-15.,15.,-4.0000002));
#14234 = VECTOR('',#14235,1.);
#14235 = DIRECTION('',(0.,0.,1.));
#14236 = PCURVE('',#13303,#14237);
#14237 = DEFINITIONAL_REPRESENTATION('',(#14238),#14242);
#14238 = LINE('',#14239,#14240);
#14239 = CARTESIAN_POINT('',(0.,0.));
#14240 = VECTOR('',#14241,1.);
#14241 = DIRECTION('',(0.,-1.));
#14242 = ( GEOMETRIC_REPRESENTATION_CONTEXT(2) 
PARAMETRIC_REPRESENTATION_CONTEXT() REPRESENTATION_CONTEXT('2D SPACE',''
  ) );
#14243 = PCURVE('',#13966,#14244);
#14244 = DEFINITIONAL_REPRESENTATION('',(#14245),#14249);
#14245 = LINE('',#14246,#14247);
#14246 = CARTESIAN_POINT('',(30.,0.));
#14247 = VECTOR('',#14248,1.);
#14248 = DIRECTION('',(0.,-1.));
#14249 = ( GEOMETRIC_REPRESENTATION_CONTEXT(2) 
PARAMETRIC_REPRESENTATION_CONTEXT() REPRESENTATION_CONTEXT('2D SPACE',''
  ) );
#14250 = ORIENTED_EDGE('',*,*,#14251,.T.);
#14251 = EDGE_CURVE('',#14229,#14118,#14252,.T.);
#14252 = SURFACE_CURVE('',#14253,(#14257,#14263),.PCURVE_S1.);
#14253 = LINE('',#14254,#14255);
#14254 = CARTESIAN_POINT('',(-15.,7.5,30.));
#14255 = VECTOR('',#14256,1.);
#14256 = DIRECTION('',(0.,-1.,0.));
#14257 = PCURVE('',#13303,#14258);
#14258 = DEFINITIONAL_REPRESENTATION('',(#14259),#14262);
#14259 = B_SPLINE_CURVE_WITH_KNOTS('',1,(#14260,#14261),.UNSPECIFIED.,
  .F.,.F.,(2,2),(-7.5,22.5),.PIECEWISE_BEZIER_KNOTS.);
#14260 = CARTESIAN_POINT('',(0.,-34.0000002));
#14261 = CARTESIAN_POINT('',(30.,-34.0000002));
#14262 = ( GEOMETRIC_REPRESENTATION_CONTEXT(2) 
PARAMETRIC_REPRESENTATION_CONTEXT() REPRESENTATION_CONTEXT('2D SPACE',''
  ) );
#14263 = PCURVE('',#13939,#14264);
#14264 = DEFINITIONAL_REPRESENTATION('',(#14265),#14268);
#14265 = B_SPLINE_CURVE_WITH_KNOTS('',1,(#14266,#14267),.UNSPECIFIED.,
  .F.,.F.,(2,2),(-7.5,22.5),.PIECEWISE_BEZIER_KNOTS.);
#14266 = CARTESIAN_POINT('',(-15.,15.));
#14267 = CARTESIAN_POINT('',(-15.,-15.));
#14268 = ( GEOMETRIC_REPRESENTATION_CONTEXT(2) 
PARAMETRIC_REPRESENTATION_CONTEXT() REPRESENTATION_CONTEXT('2D SPACE',''
  ) );
#14269 = FACE_BOUND('',#14270,.T.);
#14270 = EDGE_LOOP('',(#14271));
#14271 = ORIENTED_EDGE('',*,*,#14272,.T.);
#14272 = EDGE_CURVE('',#14273,#14273,#14275,.T.);
#14273 = VERTEX_POINT('',#14274);
#14274 = CARTESIAN_POINT('',(-15.,2.2,15.));
#14275 = SURFACE_CURVE('',#14276,(#14281,#14292),.PCURVE_S1.);
#14276 = CIRCLE('',#14277,2.2);
#14277 = AXIS2_PLACEMENT_3D('',#14278,#14279,#14280);
#14278 = CARTESIAN_POINT('',(-15.,0.,15.));
#14279 = DIRECTION('',(-1.,0.,0.));
#14280 = DIRECTION('',(0.,1.,0.));
#14281 = PCURVE('',#13303,#14282);
#14282 = DEFINITIONAL_REPRESENTATION('',(#14283),#14291);
#14283 = ( BOUNDED_CURVE() B_SPLINE_CURVE(2,(#14284,#14285,#14286,#14287
    ,#14288,#14289,#14290),.UNSPECIFIED.,.T.,.F.) 
B_SPLINE_CURVE_WITH_KNOTS((1,2,2,2,2,1),(-2.094395102393,0.,
    2.094395102393,4.188790204786,6.28318530718,8.377580409573),
.UNSPECIFIED.) CURVE() GEOMETRIC_REPRESENTATION_ITEM() 
RATIONAL_B_SPLINE_CURVE((1.,0.5,1.,0.5,1.,0.5,1.)) REPRESENTATION_ITEM(
  '') );
#14284 = CARTESIAN_POINT('',(12.8,-19.0000002));
#14285 = CARTESIAN_POINT('',(12.8,-15.18948842334));
#14286 = CARTESIAN_POINT('',(16.1,-17.09474431167));
#14287 = CARTESIAN_POINT('',(19.4,-19.0000002));
#14288 = CARTESIAN_POINT('',(16.1,-20.90525608832));
#14289 = CARTESIAN_POINT('',(12.8,-22.81051197665));
#14290 = CARTESIAN_POINT('',(12.8,-19.0000002));
#14291 = ( GEOMETRIC_REPRESENTATION_CONTEXT(2) 
PARAMETRIC_REPRESENTATION_CONTEXT() REPRESENTATION_CONTEXT('2D SPACE',''
  ) );
#14292 = PCURVE('',#13414,#14293);
#14293 = DEFINITIONAL_REPRESENTATION('',(#14294),#14298);
#14294 = LINE('',#14295,#14296);
#14295 = CARTESIAN_POINT('',(-6.28318530718,-25.));
#14296 = VECTOR('',#14297,1.);
#14297 = DIRECTION('',(1.,-0.));
#14298 = ( GEOMETRIC_REPRESENTATION_CONTEXT(2) 
PARAMETRIC_REPRESENTATION_CONTEXT() REPRESENTATION_CONTEXT('2D SPACE',''
  ) );
#14299 = ADVANCED_FACE('',(#14300,#14503,#14534,#14565,#14596),#13359,
  .F.);
#14300 = FACE_BOUND('',#14301,.F.);
#14301 = EDGE_LOOP('',(#14302,#14330,#14358,#14387,#14415,#14448,#14476,
    #14498,#14499,#14500,#14501,#14502));
#14302 = ORIENTED_EDGE('',*,*,#14303,.F.);
#14303 = EDGE_CURVE('',#14304,#13746,#14306,.T.);
#14304 = VERTEX_POINT('',#14305);
#14305 = CARTESIAN_POINT('',(-45.95,21.763235981506,3.926508733791));
#14306 = SURFACE_CURVE('',#14307,(#14312,#14323),.PCURVE_S1.);
#14307 = CIRCLE('',#14308,4.);
#14308 = AXIS2_PLACEMENT_3D('',#14309,#14310,#14311);
#14309 = CARTESIAN_POINT('',(-41.95,21.763235981506,3.926508733791));
#14310 = DIRECTION('',(0.,-0.981627183448,0.190808995377));
#14311 = DIRECTION('',(0.,-0.190808995377,-0.981627183448));
#14312 = PCURVE('',#13359,#14313);
#14313 = DEFINITIONAL_REPRESENTATION('',(#14314),#14322);
#14314 = ( BOUNDED_CURVE() B_SPLINE_CURVE(2,(#14315,#14316,#14317,#14318
    ,#14319,#14320,#14321),.UNSPECIFIED.,.T.,.F.) 
B_SPLINE_CURVE_WITH_KNOTS((1,2,2,2,2,1),(-2.094395102393,0.,
    2.094395102393,4.188790204786,6.28318530718,8.377580409573),
.UNSPECIFIED.) CURVE() GEOMETRIC_REPRESENTATION_ITEM() 
RATIONAL_B_SPLINE_CURVE((1.,0.5,1.,0.5,1.,0.5,1.)) REPRESENTATION_ITEM(
  '') );
#14315 = CARTESIAN_POINT('',(4.,4.440892098501E-16));
#14316 = CARTESIAN_POINT('',(10.928203230276,4.440892098501E-16));
#14317 = CARTESIAN_POINT('',(7.464101615138,-6.));
#14318 = CARTESIAN_POINT('',(4.,-12.));
#14319 = CARTESIAN_POINT('',(0.535898384862,-6.));
#14320 = CARTESIAN_POINT('',(-2.928203230276,-5.773159728051E-15));
#14321 = CARTESIAN_POINT('',(4.,4.440892098501E-16));
#14322 = ( GEOMETRIC_REPRESENTATION_CONTEXT(2) 
PARAMETRIC_REPRESENTATION_CONTEXT() REPRESENTATION_CONTEXT('2D SPACE',''
  ) );
#14323 = PCURVE('',#13862,#14324);
#14324 = DEFINITIONAL_REPRESENTATION('',(#14325),#14329);
#14325 = LINE('',#14326,#14327);
#14326 = CARTESIAN_POINT('',(-4.712388980385,6.));
#14327 = VECTOR('',#14328,1.);
#14328 = DIRECTION('',(1.,0.));
#14329 = ( GEOMETRIC_REPRESENTATION_CONTEXT(2) 
PARAMETRIC_REPRESENTATION_CONTEXT() REPRESENTATION_CONTEXT('2D SPACE',''
  ) );
#14330 = ORIENTED_EDGE('',*,*,#14331,.T.);
#14331 = EDGE_CURVE('',#14304,#14332,#14334,.T.);
#14332 = VERTEX_POINT('',#14333);
#14333 = CARTESIAN_POINT('',(-45.95,29.777213787321,45.154850438593));
#14334 = SURFACE_CURVE('',#14335,(#14339,#14346),.PCURVE_S1.);
#14335 = LINE('',#14336,#14337);
#14336 = CARTESIAN_POINT('',(-45.95,21.,0.));
#14337 = VECTOR('',#14338,1.);
#14338 = DIRECTION('',(0.,0.190808995377,0.981627183448));
#14339 = PCURVE('',#13359,#14340);
#14340 = DEFINITIONAL_REPRESENTATION('',(#14341),#14345);
#14341 = LINE('',#14342,#14343);
#14342 = CARTESIAN_POINT('',(0.,0.));
#14343 = VECTOR('',#14344,1.);
#14344 = DIRECTION('',(0.,-1.));
#14345 = ( GEOMETRIC_REPRESENTATION_CONTEXT(2) 
PARAMETRIC_REPRESENTATION_CONTEXT() REPRESENTATION_CONTEXT('2D SPACE',''
  ) );
#14346 = PCURVE('',#14347,#14352);
#14347 = PLANE('',#14348);
#14348 = AXIS2_PLACEMENT_3D('',#14349,#14350,#14351);
#14349 = CARTESIAN_POINT('',(-45.95,26.889763100686,-1.144853972259));
#14350 = DIRECTION('',(1.,0.,0.));
#14351 = DIRECTION('',(0.,-0.981627183448,0.190808995377));
#14352 = DEFINITIONAL_REPRESENTATION('',(#14353),#14357);
#14353 = LINE('',#14354,#14355);
#14354 = CARTESIAN_POINT('',(6.,-1.520186781294E-16));
#14355 = VECTOR('',#14356,1.);
#14356 = DIRECTION('',(6.66274657812E-18,-1.));
#14357 = ( GEOMETRIC_REPRESENTATION_CONTEXT(2) 
PARAMETRIC_REPRESENTATION_CONTEXT() REPRESENTATION_CONTEXT('2D SPACE',''
  ) );
#14358 = ORIENTED_EDGE('',*,*,#14359,.T.);
#14359 = EDGE_CURVE('',#14332,#14360,#14362,.T.);
#14360 = VERTEX_POINT('',#14361);
#14361 = CARTESIAN_POINT('',(-41.95,30.540449768827,49.081359172383));
#14362 = SURFACE_CURVE('',#14363,(#14368,#14375),.PCURVE_S1.);
#14363 = CIRCLE('',#14364,4.);
#14364 = AXIS2_PLACEMENT_3D('',#14365,#14366,#14367);
#14365 = CARTESIAN_POINT('',(-41.95,29.777213787321,45.154850438593));
#14366 = DIRECTION('',(-0.,0.981627183448,-0.190808995377));
#14367 = DIRECTION('',(0.,-0.190808995377,-0.981627183448));
#14368 = PCURVE('',#13359,#14369);
#14369 = DEFINITIONAL_REPRESENTATION('',(#14370),#14374);
#14370 = CIRCLE('',#14371,4.);
#14371 = AXIS2_PLACEMENT_2D('',#14372,#14373);
#14372 = CARTESIAN_POINT('',(4.,-46.));
#14373 = DIRECTION('',(0.,1.));
#14374 = ( GEOMETRIC_REPRESENTATION_CONTEXT(2) 
PARAMETRIC_REPRESENTATION_CONTEXT() REPRESENTATION_CONTEXT('2D SPACE',''
  ) );
#14375 = PCURVE('',#14376,#14381);
#14376 = CYLINDRICAL_SURFACE('',#14377,4.);
#14377 = AXIS2_PLACEMENT_3D('',#14378,#14379,#14380);
#14378 = CARTESIAN_POINT('',(-41.95,35.666976888007,44.009996466333));
#14379 = DIRECTION('',(0.,-0.981627183448,0.190808995377));
#14380 = DIRECTION('',(-1.,0.,0.));
#14381 = DEFINITIONAL_REPRESENTATION('',(#14382),#14386);
#14382 = LINE('',#14383,#14384);
#14383 = CARTESIAN_POINT('',(1.570796326795,6.));
#14384 = VECTOR('',#14385,1.);
#14385 = DIRECTION('',(-1.,0.));
#14386 = ( GEOMETRIC_REPRESENTATION_CONTEXT(2) 
PARAMETRIC_REPRESENTATION_CONTEXT() REPRESENTATION_CONTEXT('2D SPACE',''
  ) );
#14387 = ORIENTED_EDGE('',*,*,#14388,.T.);
#14388 = EDGE_CURVE('',#14360,#14389,#14391,.T.);
#14389 = VERTEX_POINT('',#14390);
#14390 = CARTESIAN_POINT('',(41.95,30.540449768827,49.081359172383));
#14391 = SURFACE_CURVE('',#14392,(#14396,#14403),.PCURVE_S1.);
#14392 = LINE('',#14393,#14394);
#14393 = CARTESIAN_POINT('',(-45.95,30.540449768827,49.081359172383));
#14394 = VECTOR('',#14395,1.);
#14395 = DIRECTION('',(1.,0.,0.));
#14396 = PCURVE('',#13359,#14397);
#14397 = DEFINITIONAL_REPRESENTATION('',(#14398),#14402);
#14398 = LINE('',#14399,#14400);
#14399 = CARTESIAN_POINT('',(0.,-50.));
#14400 = VECTOR('',#14401,1.);
#14401 = DIRECTION('',(1.,0.));
#14402 = ( GEOMETRIC_REPRESENTATION_CONTEXT(2) 
PARAMETRIC_REPRESENTATION_CONTEXT() REPRESENTATION_CONTEXT('2D SPACE',''
  ) );
#14403 = PCURVE('',#14404,#14409);
#14404 = PLANE('',#14405);
#14405 = AXIS2_PLACEMENT_3D('',#14406,#14407,#14408);
#14406 = CARTESIAN_POINT('',(-1.161254726472E-15,33.48533131917,
    48.508932186254));
#14407 = DIRECTION('',(0.,0.190808995377,0.981627183448));
#14408 = DIRECTION('',(1.,0.,0.));
#14409 = DEFINITIONAL_REPRESENTATION('',(#14410),#14414);
#14410 = LINE('',#14411,#14412);
#14411 = CARTESIAN_POINT('',(-45.95,-3.));
#14412 = VECTOR('',#14413,1.);
#14413 = DIRECTION('',(1.,0.));
#14414 = ( GEOMETRIC_REPRESENTATION_CONTEXT(2) 
PARAMETRIC_REPRESENTATION_CONTEXT() REPRESENTATION_CONTEXT('2D SPACE',''
  ) );
#14415 = ORIENTED_EDGE('',*,*,#14416,.F.);
#14416 = EDGE_CURVE('',#14417,#14389,#14419,.T.);
#14417 = VERTEX_POINT('',#14418);
#14418 = CARTESIAN_POINT('',(45.95,29.777213787321,45.154850438593));
#14419 = SURFACE_CURVE('',#14420,(#14425,#14436),.PCURVE_S1.);
#14420 = CIRCLE('',#14421,4.);
#14421 = AXIS2_PLACEMENT_3D('',#14422,#14423,#14424);
#14422 = CARTESIAN_POINT('',(41.95,29.777213787321,45.154850438593));
#14423 = DIRECTION('',(0.,-0.981627183448,0.190808995377));
#14424 = DIRECTION('',(0.,0.190808995377,0.981627183448));
#14425 = PCURVE('',#13359,#14426);
#14426 = DEFINITIONAL_REPRESENTATION('',(#14427),#14435);
#14427 = ( BOUNDED_CURVE() B_SPLINE_CURVE(2,(#14428,#14429,#14430,#14431
    ,#14432,#14433,#14434),.UNSPECIFIED.,.T.,.F.) 
B_SPLINE_CURVE_WITH_KNOTS((1,2,2,2,2,1),(-2.094395102393,0.,
    2.094395102393,4.188790204786,6.28318530718,8.377580409573),
.UNSPECIFIED.) CURVE() GEOMETRIC_REPRESENTATION_ITEM() 
RATIONAL_B_SPLINE_CURVE((1.,0.5,1.,0.5,1.,0.5,1.)) REPRESENTATION_ITEM(
  '') );
#14428 = CARTESIAN_POINT('',(87.9,-50.));
#14429 = CARTESIAN_POINT('',(80.971796769725,-50.));
#14430 = CARTESIAN_POINT('',(84.435898384862,-44.));
#14431 = CARTESIAN_POINT('',(87.9,-38.));
#14432 = CARTESIAN_POINT('',(91.364101615138,-44.));
#14433 = CARTESIAN_POINT('',(94.828203230276,-50.));
#14434 = CARTESIAN_POINT('',(87.9,-50.));
#14435 = ( GEOMETRIC_REPRESENTATION_CONTEXT(2) 
PARAMETRIC_REPRESENTATION_CONTEXT() REPRESENTATION_CONTEXT('2D SPACE',''
  ) );
#14436 = PCURVE('',#14437,#14442);
#14437 = CYLINDRICAL_SURFACE('',#14438,4.);
#14438 = AXIS2_PLACEMENT_3D('',#14439,#14440,#14441);
#14439 = CARTESIAN_POINT('',(41.95,29.777213787321,45.154850438593));
#14440 = DIRECTION('',(0.,0.981627183448,-0.190808995377));
#14441 = DIRECTION('',(1.,0.,0.));
#14442 = DEFINITIONAL_REPRESENTATION('',(#14443),#14447);
#14443 = LINE('',#14444,#14445);
#14444 = CARTESIAN_POINT('',(4.712388980385,-0.));
#14445 = VECTOR('',#14446,1.);
#14446 = DIRECTION('',(-1.,0.));
#14447 = ( GEOMETRIC_REPRESENTATION_CONTEXT(2) 
PARAMETRIC_REPRESENTATION_CONTEXT() REPRESENTATION_CONTEXT('2D SPACE',''
  ) );
#14448 = ORIENTED_EDGE('',*,*,#14449,.F.);
#14449 = EDGE_CURVE('',#14450,#14417,#14452,.T.);
#14450 = VERTEX_POINT('',#14451);
#14451 = CARTESIAN_POINT('',(45.95,21.763235981506,3.926508733791));
#14452 = SURFACE_CURVE('',#14453,(#14457,#14464),.PCURVE_S1.);
#14453 = LINE('',#14454,#14455);
#14454 = CARTESIAN_POINT('',(45.95,21.,0.));
#14455 = VECTOR('',#14456,1.);
#14456 = DIRECTION('',(0.,0.190808995377,0.981627183448));
#14457 = PCURVE('',#13359,#14458);
#14458 = DEFINITIONAL_REPRESENTATION('',(#14459),#14463);
#14459 = LINE('',#14460,#14461);
#14460 = CARTESIAN_POINT('',(91.9,0.));
#14461 = VECTOR('',#14462,1.);
#14462 = DIRECTION('',(0.,-1.));
#14463 = ( GEOMETRIC_REPRESENTATION_CONTEXT(2) 
PARAMETRIC_REPRESENTATION_CONTEXT() REPRESENTATION_CONTEXT('2D SPACE',''
  ) );
#14464 = PCURVE('',#14465,#14470);
#14465 = PLANE('',#14466);
#14466 = AXIS2_PLACEMENT_3D('',#14467,#14468,#14469);
#14467 = CARTESIAN_POINT('',(45.95,21.,0.));
#14468 = DIRECTION('',(-1.,0.,0.));
#14469 = DIRECTION('',(0.,0.981627183448,-0.190808995377));
#14470 = DEFINITIONAL_REPRESENTATION('',(#14471),#14475);
#14471 = LINE('',#14472,#14473);
#14472 = CARTESIAN_POINT('',(0.,0.));
#14473 = VECTOR('',#14474,1.);
#14474 = DIRECTION('',(-6.66274657812E-18,-1.));
#14475 = ( GEOMETRIC_REPRESENTATION_CONTEXT(2) 
PARAMETRIC_REPRESENTATION_CONTEXT() REPRESENTATION_CONTEXT('2D SPACE',''
  ) );
#14476 = ORIENTED_EDGE('',*,*,#14477,.T.);
#14477 = EDGE_CURVE('',#14450,#13770,#14478,.T.);
#14478 = SURFACE_CURVE('',#14479,(#14484,#14491),.PCURVE_S1.);
#14479 = CIRCLE('',#14480,4.);
#14480 = AXIS2_PLACEMENT_3D('',#14481,#14482,#14483);
#14481 = CARTESIAN_POINT('',(41.95,21.763235981506,3.926508733791));
#14482 = DIRECTION('',(0.,0.981627183448,-0.190808995377));
#14483 = DIRECTION('',(0.,0.190808995377,0.981627183448));
#14484 = PCURVE('',#13359,#14485);
#14485 = DEFINITIONAL_REPRESENTATION('',(#14486),#14490);
#14486 = CIRCLE('',#14487,4.);
#14487 = AXIS2_PLACEMENT_2D('',#14488,#14489);
#14488 = CARTESIAN_POINT('',(87.9,-4.));
#14489 = DIRECTION('',(0.,-1.));
#14490 = ( GEOMETRIC_REPRESENTATION_CONTEXT(2) 
PARAMETRIC_REPRESENTATION_CONTEXT() REPRESENTATION_CONTEXT('2D SPACE',''
  ) );
#14491 = PCURVE('',#13808,#14492);
#14492 = DEFINITIONAL_REPRESENTATION('',(#14493),#14497);
#14493 = LINE('',#14494,#14495);
#14494 = CARTESIAN_POINT('',(-1.570796326795,0.));
#14495 = VECTOR('',#14496,1.);
#14496 = DIRECTION('',(1.,0.));
#14497 = ( GEOMETRIC_REPRESENTATION_CONTEXT(2) 
PARAMETRIC_REPRESENTATION_CONTEXT() REPRESENTATION_CONTEXT('2D SPACE',''
  ) );
#14498 = ORIENTED_EDGE('',*,*,#13769,.F.);
#14499 = ORIENTED_EDGE('',*,*,#13593,.F.);
#14500 = ORIENTED_EDGE('',*,*,#13568,.T.);
#14501 = ORIENTED_EDGE('',*,*,#13344,.F.);
#14502 = ORIENTED_EDGE('',*,*,#13745,.F.);
#14503 = FACE_BOUND('',#14504,.F.);
#14504 = EDGE_LOOP('',(#14505));
#14505 = ORIENTED_EDGE('',*,*,#14506,.F.);
#14506 = EDGE_CURVE('',#14507,#14507,#14509,.T.);
#14507 = VERTEX_POINT('',#14508);
#14508 = CARTESIAN_POINT('',(-20.3,29.347893547724,42.946189275835));
#14509 = SURFACE_CURVE('',#14510,(#14515,#14522),.PCURVE_S1.);
#14510 = CIRCLE('',#14511,2.2);
#14511 = AXIS2_PLACEMENT_3D('',#14512,#14513,#14514);
#14512 = CARTESIAN_POINT('',(-22.5,29.347893547724,42.946189275835));
#14513 = DIRECTION('',(0.,0.981627183448,-0.190808995377));
#14514 = DIRECTION('',(1.,0.,0.));
#14515 = PCURVE('',#13359,#14516);
#14516 = DEFINITIONAL_REPRESENTATION('',(#14517),#14521);
#14517 = CIRCLE('',#14518,2.2);
#14518 = AXIS2_PLACEMENT_2D('',#14519,#14520);
#14519 = CARTESIAN_POINT('',(23.45,-43.75));
#14520 = DIRECTION('',(1.,0.));
#14521 = ( GEOMETRIC_REPRESENTATION_CONTEXT(2) 
PARAMETRIC_REPRESENTATION_CONTEXT() REPRESENTATION_CONTEXT('2D SPACE',''
  ) );
#14522 = PCURVE('',#14523,#14528);
#14523 = CYLINDRICAL_SURFACE('',#14524,2.2);
#14524 = AXIS2_PLACEMENT_3D('',#14525,#14526,#14527);
#14525 = CARTESIAN_POINT('',(-22.5,36.219283831857,41.610526308199));
#14526 = DIRECTION('',(0.,0.981627183448,-0.190808995377));
#14527 = DIRECTION('',(1.,0.,0.));
#14528 = DEFINITIONAL_REPRESENTATION('',(#14529),#14533);
#14529 = LINE('',#14530,#14531);
#14530 = CARTESIAN_POINT('',(-6.28318530718,-7.));
#14531 = VECTOR('',#14532,1.);
#14532 = DIRECTION('',(1.,-0.));
#14533 = ( GEOMETRIC_REPRESENTATION_CONTEXT(2) 
PARAMETRIC_REPRESENTATION_CONTEXT() REPRESENTATION_CONTEXT('2D SPACE',''
  ) );
#14534 = FACE_BOUND('',#14535,.F.);
#14535 = EDGE_LOOP('',(#14536));
#14536 = ORIENTED_EDGE('',*,*,#14537,.F.);
#14537 = EDGE_CURVE('',#14538,#14538,#14540,.T.);
#14538 = VERTEX_POINT('',#14539);
#14539 = CARTESIAN_POINT('',(24.7,29.347893547724,42.946189275835));
#14540 = SURFACE_CURVE('',#14541,(#14546,#14553),.PCURVE_S1.);
#14541 = CIRCLE('',#14542,2.2);
#14542 = AXIS2_PLACEMENT_3D('',#14543,#14544,#14545);
#14543 = CARTESIAN_POINT('',(22.5,29.347893547724,42.946189275835));
#14544 = DIRECTION('',(0.,0.981627183448,-0.190808995377));
#14545 = DIRECTION('',(1.,0.,0.));
#14546 = PCURVE('',#13359,#14547);
#14547 = DEFINITIONAL_REPRESENTATION('',(#14548),#14552);
#14548 = CIRCLE('',#14549,2.2);
#14549 = AXIS2_PLACEMENT_2D('',#14550,#14551);
#14550 = CARTESIAN_POINT('',(68.45,-43.75));
#14551 = DIRECTION('',(1.,0.));
#14552 = ( GEOMETRIC_REPRESENTATION_CONTEXT(2) 
PARAMETRIC_REPRESENTATION_CONTEXT() REPRESENTATION_CONTEXT('2D SPACE',''
  ) );
#14553 = PCURVE('',#14554,#14559);
#14554 = CYLINDRICAL_SURFACE('',#14555,2.2);
#14555 = AXIS2_PLACEMENT_3D('',#14556,#14557,#14558);
#14556 = CARTESIAN_POINT('',(22.5,36.219283831857,41.610526308199));
#14557 = DIRECTION('',(0.,0.981627183448,-0.190808995377));
#14558 = DIRECTION('',(1.,0.,0.));
#14559 = DEFINITIONAL_REPRESENTATION('',(#14560),#14564);
#14560 = LINE('',#14561,#14562);
#14561 = CARTESIAN_POINT('',(-6.28318530718,-7.));
#14562 = VECTOR('',#14563,1.);
#14563 = DIRECTION('',(1.,-0.));
#14564 = ( GEOMETRIC_REPRESENTATION_CONTEXT(2) 
PARAMETRIC_REPRESENTATION_CONTEXT() REPRESENTATION_CONTEXT('2D SPACE',''
  ) );
#14565 = FACE_BOUND('',#14566,.F.);
#14566 = EDGE_LOOP('',(#14567));
#14567 = ORIENTED_EDGE('',*,*,#14568,.F.);
#14568 = EDGE_CURVE('',#14569,#14569,#14571,.T.);
#14569 = VERTEX_POINT('',#14570);
#14570 = CARTESIAN_POINT('',(-20.3,22.192556221103,6.135169896548));
#14571 = SURFACE_CURVE('',#14572,(#14577,#14584),.PCURVE_S1.);
#14572 = CIRCLE('',#14573,2.2);
#14573 = AXIS2_PLACEMENT_3D('',#14574,#14575,#14576);
#14574 = CARTESIAN_POINT('',(-22.5,22.192556221103,6.135169896548));
#14575 = DIRECTION('',(0.,0.981627183448,-0.190808995377));
#14576 = DIRECTION('',(1.,0.,0.));
#14577 = PCURVE('',#13359,#14578);
#14578 = DEFINITIONAL_REPRESENTATION('',(#14579),#14583);
#14579 = CIRCLE('',#14580,2.2);
#14580 = AXIS2_PLACEMENT_2D('',#14581,#14582);
#14581 = CARTESIAN_POINT('',(23.45,-6.25));
#14582 = DIRECTION('',(1.,0.));
#14583 = ( GEOMETRIC_REPRESENTATION_CONTEXT(2) 
PARAMETRIC_REPRESENTATION_CONTEXT() REPRESENTATION_CONTEXT('2D SPACE',''
  ) );
#14584 = PCURVE('',#14585,#14590);
#14585 = CYLINDRICAL_SURFACE('',#14586,2.2);
#14586 = AXIS2_PLACEMENT_3D('',#14587,#14588,#14589);
#14587 = CARTESIAN_POINT('',(-22.5,29.063946505237,4.799506928912));
#14588 = DIRECTION('',(0.,0.981627183448,-0.190808995377));
#14589 = DIRECTION('',(1.,0.,0.));
#14590 = DEFINITIONAL_REPRESENTATION('',(#14591),#14595);
#14591 = LINE('',#14592,#14593);
#14592 = CARTESIAN_POINT('',(-6.28318530718,-7.));
#14593 = VECTOR('',#14594,1.);
#14594 = DIRECTION('',(1.,-0.));
#14595 = ( GEOMETRIC_REPRESENTATION_CONTEXT(2) 
PARAMETRIC_REPRESENTATION_CONTEXT() REPRESENTATION_CONTEXT('2D SPACE',''
  ) );
#14596 = FACE_BOUND('',#14597,.F.);
#14597 = EDGE_LOOP('',(#14598));
#14598 = ORIENTED_EDGE('',*,*,#14599,.F.);
#14599 = EDGE_CURVE('',#14600,#14600,#14602,.T.);
#14600 = VERTEX_POINT('',#14601);
#14601 = CARTESIAN_POINT('',(24.7,22.192556221103,6.135169896548));
#14602 = SURFACE_CURVE('',#14603,(#14608,#14615),.PCURVE_S1.);
#14603 = CIRCLE('',#14604,2.2);
#14604 = AXIS2_PLACEMENT_3D('',#14605,#14606,#14607);
#14605 = CARTESIAN_POINT('',(22.5,22.192556221103,6.135169896548));
#14606 = DIRECTION('',(0.,0.981627183448,-0.190808995377));
#14607 = DIRECTION('',(1.,0.,0.));
#14608 = PCURVE('',#13359,#14609);
#14609 = DEFINITIONAL_REPRESENTATION('',(#14610),#14614);
#14610 = CIRCLE('',#14611,2.2);
#14611 = AXIS2_PLACEMENT_2D('',#14612,#14613);
#14612 = CARTESIAN_POINT('',(68.45,-6.25));
#14613 = DIRECTION('',(1.,0.));
#14614 = ( GEOMETRIC_REPRESENTATION_CONTEXT(2) 
PARAMETRIC_REPRESENTATION_CONTEXT() REPRESENTATION_CONTEXT('2D SPACE',''
  ) );
#14615 = PCURVE('',#14616,#14621);
#14616 = CYLINDRICAL_SURFACE('',#14617,2.2);
#14617 = AXIS2_PLACEMENT_3D('',#14618,#14619,#14620);
#14618 = CARTESIAN_POINT('',(22.5,29.063946505237,4.799506928912));
#14619 = DIRECTION('',(0.,0.981627183448,-0.190808995377));
#14620 = DIRECTION('',(1.,0.,0.));
#14621 = DEFINITIONAL_REPRESENTATION('',(#14622),#14626);
#14622 = LINE('',#14623,#14624);
#14623 = CARTESIAN_POINT('',(-6.28318530718,-7.));
#14624 = VECTOR('',#14625,1.);
#14625 = DIRECTION('',(1.,-0.));
#14626 = ( GEOMETRIC_REPRESENTATION_CONTEXT(2) 
PARAMETRIC_REPRESENTATION_CONTEXT() REPRESENTATION_CONTEXT('2D SPACE',''
  ) );
#14627 = ADVANCED_FACE('',(#14628),#13414,.F.);
#14628 = FACE_BOUND('',#14629,.T.);
#14629 = EDGE_LOOP('',(#14630,#14631,#14652,#14653));
#14630 = ORIENTED_EDGE('',*,*,#13393,.T.);
#14631 = ORIENTED_EDGE('',*,*,#14632,.T.);
#14632 = EDGE_CURVE('',#13394,#14273,#14633,.T.);
#14633 = SEAM_CURVE('',#14634,(#14638,#14645),.PCURVE_S1.);
#14634 = LINE('',#14635,#14636);
#14635 = CARTESIAN_POINT('',(-40.,2.2,15.));
#14636 = VECTOR('',#14637,1.);
#14637 = DIRECTION('',(1.,0.,0.));
#14638 = PCURVE('',#13414,#14639);
#14639 = DEFINITIONAL_REPRESENTATION('',(#14640),#14644);
#14640 = LINE('',#14641,#14642);
#14641 = CARTESIAN_POINT('',(-6.28318530718,0.));
#14642 = VECTOR('',#14643,1.);
#14643 = DIRECTION('',(-0.,-1.));
#14644 = ( GEOMETRIC_REPRESENTATION_CONTEXT(2) 
PARAMETRIC_REPRESENTATION_CONTEXT() REPRESENTATION_CONTEXT('2D SPACE',''
  ) );
#14645 = PCURVE('',#13414,#14646);
#14646 = DEFINITIONAL_REPRESENTATION('',(#14647),#14651);
#14647 = LINE('',#14648,#14649);
#14648 = CARTESIAN_POINT('',(-0.,0.));
#14649 = VECTOR('',#14650,1.);
#14650 = DIRECTION('',(-0.,-1.));
#14651 = ( GEOMETRIC_REPRESENTATION_CONTEXT(2) 
PARAMETRIC_REPRESENTATION_CONTEXT() REPRESENTATION_CONTEXT('2D SPACE',''
  ) );
#14652 = ORIENTED_EDGE('',*,*,#14272,.F.);
#14653 = ORIENTED_EDGE('',*,*,#14632,.F.);
#14654 = ADVANCED_FACE('',(#14655),#13446,.T.);
#14655 = FACE_BOUND('',#14656,.T.);
#14656 = EDGE_LOOP('',(#14657,#14678,#14679,#14700));
#14657 = ORIENTED_EDGE('',*,*,#14658,.T.);
#14658 = EDGE_CURVE('',#13431,#13646,#14659,.T.);
#14659 = SURFACE_CURVE('',#14660,(#14664,#14671),.PCURVE_S1.);
#14660 = LINE('',#14661,#14662);
#14661 = CARTESIAN_POINT('',(-20.,21.,3.));
#14662 = VECTOR('',#14663,1.);
#14663 = DIRECTION('',(1.,0.,0.));
#14664 = PCURVE('',#13446,#14665);
#14665 = DEFINITIONAL_REPRESENTATION('',(#14666),#14670);
#14666 = LINE('',#14667,#14668);
#14667 = CARTESIAN_POINT('',(7.,-20.));
#14668 = VECTOR('',#14669,1.);
#14669 = DIRECTION('',(0.,1.));
#14670 = ( GEOMETRIC_REPRESENTATION_CONTEXT(2) 
PARAMETRIC_REPRESENTATION_CONTEXT() REPRESENTATION_CONTEXT('2D SPACE',''
  ) );
#14671 = PCURVE('',#13474,#14672);
#14672 = DEFINITIONAL_REPRESENTATION('',(#14673),#14677);
#14673 = LINE('',#14674,#14675);
#14674 = CARTESIAN_POINT('',(0.,0.));
#14675 = VECTOR('',#14676,1.);
#14676 = DIRECTION('',(1.,0.));
#14677 = ( GEOMETRIC_REPRESENTATION_CONTEXT(2) 
PARAMETRIC_REPRESENTATION_CONTEXT() REPRESENTATION_CONTEXT('2D SPACE',''
  ) );
#14678 = ORIENTED_EDGE('',*,*,#13670,.T.);
#14679 = ORIENTED_EDGE('',*,*,#14680,.T.);
#14680 = EDGE_CURVE('',#13671,#13429,#14681,.T.);
#14681 = SURFACE_CURVE('',#14682,(#14686,#14693),.PCURVE_S1.);
#14682 = LINE('',#14683,#14684);
#14683 = CARTESIAN_POINT('',(20.,21.,17.));
#14684 = VECTOR('',#14685,1.);
#14685 = DIRECTION('',(-1.,0.,0.));
#14686 = PCURVE('',#13446,#14687);
#14687 = DEFINITIONAL_REPRESENTATION('',(#14688),#14692);
#14688 = LINE('',#14689,#14690);
#14689 = CARTESIAN_POINT('',(-7.,20.));
#14690 = VECTOR('',#14691,1.);
#14691 = DIRECTION('',(0.,-1.));
#14692 = ( GEOMETRIC_REPRESENTATION_CONTEXT(2) 
PARAMETRIC_REPRESENTATION_CONTEXT() REPRESENTATION_CONTEXT('2D SPACE',''
  ) );
#14693 = PCURVE('',#13528,#14694);
#14694 = DEFINITIONAL_REPRESENTATION('',(#14695),#14699);
#14695 = LINE('',#14696,#14697);
#14696 = CARTESIAN_POINT('',(0.,0.));
#14697 = VECTOR('',#14698,1.);
#14698 = DIRECTION('',(1.,0.));
#14699 = ( GEOMETRIC_REPRESENTATION_CONTEXT(2) 
PARAMETRIC_REPRESENTATION_CONTEXT() REPRESENTATION_CONTEXT('2D SPACE',''
  ) );
#14700 = ORIENTED_EDGE('',*,*,#13428,.T.);
#14701 = ADVANCED_FACE('',(#14702),#13528,.T.);
#14702 = FACE_BOUND('',#14703,.T.);
#14703 = EDGE_LOOP('',(#14704,#14705,#14706,#14727,#14728,#14747,#14748,
    #14769));
#14704 = ORIENTED_EDGE('',*,*,#14680,.F.);
#14705 = ORIENTED_EDGE('',*,*,#13693,.T.);
#14706 = ORIENTED_EDGE('',*,*,#14707,.T.);
#14707 = EDGE_CURVE('',#13694,#13979,#14708,.T.);
#14708 = SURFACE_CURVE('',#14709,(#14713,#14720),.PCURVE_S1.);
#14709 = LINE('',#14710,#14711);
#14710 = CARTESIAN_POINT('',(20.,14.,17.));
#14711 = VECTOR('',#14712,1.);
#14712 = DIRECTION('',(-1.,0.,0.));
#14713 = PCURVE('',#13528,#14714);
#14714 = DEFINITIONAL_REPRESENTATION('',(#14715),#14719);
#14715 = LINE('',#14716,#14717);
#14716 = CARTESIAN_POINT('',(0.,-7.));
#14717 = VECTOR('',#14718,1.);
#14718 = DIRECTION('',(1.,0.));
#14719 = ( GEOMETRIC_REPRESENTATION_CONTEXT(2) 
PARAMETRIC_REPRESENTATION_CONTEXT() REPRESENTATION_CONTEXT('2D SPACE',''
  ) );
#14720 = PCURVE('',#13730,#14721);
#14721 = DEFINITIONAL_REPRESENTATION('',(#14722),#14726);
#14722 = LINE('',#14723,#14724);
#14723 = CARTESIAN_POINT('',(-7.,20.));
#14724 = VECTOR('',#14725,1.);
#14725 = DIRECTION('',(0.,-1.));
#14726 = ( GEOMETRIC_REPRESENTATION_CONTEXT(2) 
PARAMETRIC_REPRESENTATION_CONTEXT() REPRESENTATION_CONTEXT('2D SPACE',''
  ) );
#14727 = ORIENTED_EDGE('',*,*,#13978,.F.);
#14728 = ORIENTED_EDGE('',*,*,#14729,.F.);
#14729 = EDGE_CURVE('',#14208,#13951,#14730,.T.);
#14730 = SURFACE_CURVE('',#14731,(#14735,#14741),.PCURVE_S1.);
#14731 = LINE('',#14732,#14733);
#14732 = CARTESIAN_POINT('',(17.5,15.,17.));
#14733 = VECTOR('',#14734,1.);
#14734 = DIRECTION('',(1.,0.,-0.));
#14735 = PCURVE('',#13528,#14736);
#14736 = DEFINITIONAL_REPRESENTATION('',(#14737),#14740);
#14737 = B_SPLINE_CURVE_WITH_KNOTS('',1,(#14738,#14739),.UNSPECIFIED.,
  .F.,.F.,(2,2),(-32.5,-2.5),.PIECEWISE_BEZIER_KNOTS.);
#14738 = CARTESIAN_POINT('',(35.,-6.));
#14739 = CARTESIAN_POINT('',(5.,-6.));
#14740 = ( GEOMETRIC_REPRESENTATION_CONTEXT(2) 
PARAMETRIC_REPRESENTATION_CONTEXT() REPRESENTATION_CONTEXT('2D SPACE',''
  ) );
#14741 = PCURVE('',#13966,#14742);
#14742 = DEFINITIONAL_REPRESENTATION('',(#14743),#14746);
#14743 = B_SPLINE_CURVE_WITH_KNOTS('',1,(#14744,#14745),.UNSPECIFIED.,
  .F.,.F.,(2,2),(-32.5,-2.5),.PIECEWISE_BEZIER_KNOTS.);
#14744 = CARTESIAN_POINT('',(30.,-21.0000002));
#14745 = CARTESIAN_POINT('',(0.,-21.0000002));
#14746 = ( GEOMETRIC_REPRESENTATION_CONTEXT(2) 
PARAMETRIC_REPRESENTATION_CONTEXT() REPRESENTATION_CONTEXT('2D SPACE',''
  ) );
#14747 = ORIENTED_EDGE('',*,*,#14207,.F.);
#14748 = ORIENTED_EDGE('',*,*,#14749,.T.);
#14749 = EDGE_CURVE('',#14187,#13487,#14750,.T.);
#14750 = SURFACE_CURVE('',#14751,(#14755,#14762),.PCURVE_S1.);
#14751 = LINE('',#14752,#14753);
#14752 = CARTESIAN_POINT('',(20.,14.,17.));
#14753 = VECTOR('',#14754,1.);
#14754 = DIRECTION('',(-1.,0.,0.));
#14755 = PCURVE('',#13528,#14756);
#14756 = DEFINITIONAL_REPRESENTATION('',(#14757),#14761);
#14757 = LINE('',#14758,#14759);
#14758 = CARTESIAN_POINT('',(0.,-7.));
#14759 = VECTOR('',#14760,1.);
#14760 = DIRECTION('',(1.,0.));
#14761 = ( GEOMETRIC_REPRESENTATION_CONTEXT(2) 
PARAMETRIC_REPRESENTATION_CONTEXT() REPRESENTATION_CONTEXT('2D SPACE',''
  ) );
#14762 = PCURVE('',#13502,#14763);
#14763 = DEFINITIONAL_REPRESENTATION('',(#14764),#14768);
#14764 = LINE('',#14765,#14766);
#14765 = CARTESIAN_POINT('',(-7.,20.));
#14766 = VECTOR('',#14767,1.);
#14767 = DIRECTION('',(0.,-1.));
#14768 = ( GEOMETRIC_REPRESENTATION_CONTEXT(2) 
PARAMETRIC_REPRESENTATION_CONTEXT() REPRESENTATION_CONTEXT('2D SPACE',''
  ) );
#14769 = ORIENTED_EDGE('',*,*,#13514,.F.);
#14770 = ADVANCED_FACE('',(#14771),#13502,.F.);
#14771 = FACE_BOUND('',#14772,.F.);
#14772 = EDGE_LOOP('',(#14773,#14774,#14795,#14796));
#14773 = ORIENTED_EDGE('',*,*,#13486,.T.);
#14774 = ORIENTED_EDGE('',*,*,#14775,.T.);
#14775 = EDGE_CURVE('',#13459,#14166,#14776,.T.);
#14776 = SURFACE_CURVE('',#14777,(#14781,#14788),.PCURVE_S1.);
#14777 = LINE('',#14778,#14779);
#14778 = CARTESIAN_POINT('',(-20.,14.,3.));
#14779 = VECTOR('',#14780,1.);
#14780 = DIRECTION('',(1.,0.,0.));
#14781 = PCURVE('',#13502,#14782);
#14782 = DEFINITIONAL_REPRESENTATION('',(#14783),#14787);
#14783 = LINE('',#14784,#14785);
#14784 = CARTESIAN_POINT('',(7.,-20.));
#14785 = VECTOR('',#14786,1.);
#14786 = DIRECTION('',(0.,1.));
#14787 = ( GEOMETRIC_REPRESENTATION_CONTEXT(2) 
PARAMETRIC_REPRESENTATION_CONTEXT() REPRESENTATION_CONTEXT('2D SPACE',''
  ) );
#14788 = PCURVE('',#13474,#14789);
#14789 = DEFINITIONAL_REPRESENTATION('',(#14790),#14794);
#14790 = LINE('',#14791,#14792);
#14791 = CARTESIAN_POINT('',(0.,-7.));
#14792 = VECTOR('',#14793,1.);
#14793 = DIRECTION('',(1.,0.));
#14794 = ( GEOMETRIC_REPRESENTATION_CONTEXT(2) 
PARAMETRIC_REPRESENTATION_CONTEXT() REPRESENTATION_CONTEXT('2D SPACE',''
  ) );
#14795 = ORIENTED_EDGE('',*,*,#14186,.F.);
#14796 = ORIENTED_EDGE('',*,*,#14749,.T.);
#14797 = ADVANCED_FACE('',(#14798),#13474,.T.);
#14798 = FACE_BOUND('',#14799,.T.);
#14799 = EDGE_LOOP('',(#14800,#14801,#14802,#14803,#14804,#14805,#14806,
    #14827));
#14800 = ORIENTED_EDGE('',*,*,#14658,.F.);
#14801 = ORIENTED_EDGE('',*,*,#13458,.T.);
#14802 = ORIENTED_EDGE('',*,*,#14775,.T.);
#14803 = ORIENTED_EDGE('',*,*,#14165,.F.);
#14804 = ORIENTED_EDGE('',*,*,#14093,.F.);
#14805 = ORIENTED_EDGE('',*,*,#14020,.F.);
#14806 = ORIENTED_EDGE('',*,*,#14807,.T.);
#14807 = EDGE_CURVE('',#14000,#13648,#14808,.T.);
#14808 = SURFACE_CURVE('',#14809,(#14813,#14820),.PCURVE_S1.);
#14809 = LINE('',#14810,#14811);
#14810 = CARTESIAN_POINT('',(-20.,14.,3.));
#14811 = VECTOR('',#14812,1.);
#14812 = DIRECTION('',(1.,0.,0.));
#14813 = PCURVE('',#13474,#14814);
#14814 = DEFINITIONAL_REPRESENTATION('',(#14815),#14819);
#14815 = LINE('',#14816,#14817);
#14816 = CARTESIAN_POINT('',(0.,-7.));
#14817 = VECTOR('',#14818,1.);
#14818 = DIRECTION('',(1.,0.));
#14819 = ( GEOMETRIC_REPRESENTATION_CONTEXT(2) 
PARAMETRIC_REPRESENTATION_CONTEXT() REPRESENTATION_CONTEXT('2D SPACE',''
  ) );
#14820 = PCURVE('',#13730,#14821);
#14821 = DEFINITIONAL_REPRESENTATION('',(#14822),#14826);
#14822 = LINE('',#14823,#14824);
#14823 = CARTESIAN_POINT('',(7.,-20.));
#14824 = VECTOR('',#14825,1.);
#14825 = DIRECTION('',(0.,1.));
#14826 = ( GEOMETRIC_REPRESENTATION_CONTEXT(2) 
PARAMETRIC_REPRESENTATION_CONTEXT() REPRESENTATION_CONTEXT('2D SPACE',''
  ) );
#14827 = ORIENTED_EDGE('',*,*,#13645,.F.);
#14828 = ADVANCED_FACE('',(#14829),#13631,.F.);
#14829 = FACE_BOUND('',#14830,.T.);
#14830 = EDGE_LOOP('',(#14831,#14832,#14853,#14854));
#14831 = ORIENTED_EDGE('',*,*,#14041,.T.);
#14832 = ORIENTED_EDGE('',*,*,#14833,.T.);
#14833 = EDGE_CURVE('',#14042,#13615,#14834,.T.);
#14834 = SEAM_CURVE('',#14835,(#14839,#14846),.PCURVE_S1.);
#14835 = LINE('',#14836,#14837);
#14836 = CARTESIAN_POINT('',(-40.,2.2,15.));
#14837 = VECTOR('',#14838,1.);
#14838 = DIRECTION('',(1.,0.,0.));
#14839 = PCURVE('',#13631,#14840);
#14840 = DEFINITIONAL_REPRESENTATION('',(#14841),#14845);
#14841 = LINE('',#14842,#14843);
#14842 = CARTESIAN_POINT('',(-6.28318530718,0.));
#14843 = VECTOR('',#14844,1.);
#14844 = DIRECTION('',(-0.,-1.));
#14845 = ( GEOMETRIC_REPRESENTATION_CONTEXT(2) 
PARAMETRIC_REPRESENTATION_CONTEXT() REPRESENTATION_CONTEXT('2D SPACE',''
  ) );
#14846 = PCURVE('',#13631,#14847);
#14847 = DEFINITIONAL_REPRESENTATION('',(#14848),#14852);
#14848 = LINE('',#14849,#14850);
#14849 = CARTESIAN_POINT('',(-0.,0.));
#14850 = VECTOR('',#14851,1.);
#14851 = DIRECTION('',(-0.,-1.));
#14852 = ( GEOMETRIC_REPRESENTATION_CONTEXT(2) 
PARAMETRIC_REPRESENTATION_CONTEXT() REPRESENTATION_CONTEXT('2D SPACE',''
  ) );
#14853 = ORIENTED_EDGE('',*,*,#13614,.F.);
#14854 = ORIENTED_EDGE('',*,*,#14833,.F.);
#14855 = ADVANCED_FACE('',(#14856),#13730,.F.);
#14856 = FACE_BOUND('',#14857,.F.);
#14857 = EDGE_LOOP('',(#14858,#14859,#14860,#14861));
#14858 = ORIENTED_EDGE('',*,*,#13999,.F.);
#14859 = ORIENTED_EDGE('',*,*,#14807,.T.);
#14860 = ORIENTED_EDGE('',*,*,#13716,.T.);
#14861 = ORIENTED_EDGE('',*,*,#14707,.T.);
#14862 = ADVANCED_FACE('',(#14863),#13862,.T.);
#14863 = FACE_BOUND('',#14864,.T.);
#14864 = EDGE_LOOP('',(#14865,#14889,#14890,#14891));
#14865 = ORIENTED_EDGE('',*,*,#14866,.T.);
#14866 = EDGE_CURVE('',#14867,#13821,#14869,.T.);
#14867 = VERTEX_POINT('',#14868);
#14868 = CARTESIAN_POINT('',(-45.95,27.652999082192,2.781654761531));
#14869 = SURFACE_CURVE('',#14870,(#14875,#14882),.PCURVE_S1.);
#14870 = CIRCLE('',#14871,4.);
#14871 = AXIS2_PLACEMENT_3D('',#14872,#14873,#14874);
#14872 = CARTESIAN_POINT('',(-41.95,27.652999082192,2.781654761531));
#14873 = DIRECTION('',(0.,-0.981627183448,0.190808995377));
#14874 = DIRECTION('',(0.,-0.190808995377,-0.981627183448));
#14875 = PCURVE('',#13862,#14876);
#14876 = DEFINITIONAL_REPRESENTATION('',(#14877),#14881);
#14877 = LINE('',#14878,#14879);
#14878 = CARTESIAN_POINT('',(-4.712388980385,0.));
#14879 = VECTOR('',#14880,1.);
#14880 = DIRECTION('',(1.,0.));
#14881 = ( GEOMETRIC_REPRESENTATION_CONTEXT(2) 
PARAMETRIC_REPRESENTATION_CONTEXT() REPRESENTATION_CONTEXT('2D SPACE',''
  ) );
#14882 = PCURVE('',#13836,#14883);
#14883 = DEFINITIONAL_REPRESENTATION('',(#14884),#14888);
#14884 = CIRCLE('',#14885,4.);
#14885 = AXIS2_PLACEMENT_2D('',#14886,#14887);
#14886 = CARTESIAN_POINT('',(87.9,-4.));
#14887 = DIRECTION('',(-0.,1.));
#14888 = ( GEOMETRIC_REPRESENTATION_CONTEXT(2) 
PARAMETRIC_REPRESENTATION_CONTEXT() REPRESENTATION_CONTEXT('2D SPACE',''
  ) );
#14889 = ORIENTED_EDGE('',*,*,#13848,.T.);
#14890 = ORIENTED_EDGE('',*,*,#14303,.F.);
#14891 = ORIENTED_EDGE('',*,*,#14892,.F.);
#14892 = EDGE_CURVE('',#14867,#14304,#14893,.T.);
#14893 = SURFACE_CURVE('',#14894,(#14898,#14905),.PCURVE_S1.);
#14894 = LINE('',#14895,#14896);
#14895 = CARTESIAN_POINT('',(-45.95,27.652999082192,2.781654761531));
#14896 = VECTOR('',#14897,1.);
#14897 = DIRECTION('',(0.,-0.981627183448,0.190808995377));
#14898 = PCURVE('',#13862,#14899);
#14899 = DEFINITIONAL_REPRESENTATION('',(#14900),#14904);
#14900 = LINE('',#14901,#14902);
#14901 = CARTESIAN_POINT('',(0.,0.));
#14902 = VECTOR('',#14903,1.);
#14903 = DIRECTION('',(0.,1.));
#14904 = ( GEOMETRIC_REPRESENTATION_CONTEXT(2) 
PARAMETRIC_REPRESENTATION_CONTEXT() REPRESENTATION_CONTEXT('2D SPACE',''
  ) );
#14905 = PCURVE('',#14347,#14906);
#14906 = DEFINITIONAL_REPRESENTATION('',(#14907),#14911);
#14907 = LINE('',#14908,#14909);
#14908 = CARTESIAN_POINT('',(-2.030200587528E-15,-4.));
#14909 = VECTOR('',#14910,1.);
#14910 = DIRECTION('',(1.,-6.66274657812E-18));
#14911 = ( GEOMETRIC_REPRESENTATION_CONTEXT(2) 
PARAMETRIC_REPRESENTATION_CONTEXT() REPRESENTATION_CONTEXT('2D SPACE',''
  ) );
#14912 = ADVANCED_FACE('',(#14913),#13808,.T.);
#14913 = FACE_BOUND('',#14914,.T.);
#14914 = EDGE_LOOP('',(#14915,#14916,#14917,#14945));
#14915 = ORIENTED_EDGE('',*,*,#14477,.T.);
#14916 = ORIENTED_EDGE('',*,*,#13792,.T.);
#14917 = ORIENTED_EDGE('',*,*,#14918,.F.);
#14918 = EDGE_CURVE('',#14919,#13793,#14921,.T.);
#14919 = VERTEX_POINT('',#14920);
#14920 = CARTESIAN_POINT('',(45.95,27.652999082192,2.781654761531));
#14921 = SURFACE_CURVE('',#14922,(#14927,#14934),.PCURVE_S1.);
#14922 = CIRCLE('',#14923,4.);
#14923 = AXIS2_PLACEMENT_3D('',#14924,#14925,#14926);
#14924 = CARTESIAN_POINT('',(41.95,27.652999082192,2.781654761531));
#14925 = DIRECTION('',(0.,0.981627183448,-0.190808995377));
#14926 = DIRECTION('',(0.,0.190808995377,0.981627183448));
#14927 = PCURVE('',#13808,#14928);
#14928 = DEFINITIONAL_REPRESENTATION('',(#14929),#14933);
#14929 = LINE('',#14930,#14931);
#14930 = CARTESIAN_POINT('',(-1.570796326795,6.));
#14931 = VECTOR('',#14932,1.);
#14932 = DIRECTION('',(1.,0.));
#14933 = ( GEOMETRIC_REPRESENTATION_CONTEXT(2) 
PARAMETRIC_REPRESENTATION_CONTEXT() REPRESENTATION_CONTEXT('2D SPACE',''
  ) );
#14934 = PCURVE('',#13836,#14935);
#14935 = DEFINITIONAL_REPRESENTATION('',(#14936),#14944);
#14936 = ( BOUNDED_CURVE() B_SPLINE_CURVE(2,(#14937,#14938,#14939,#14940
    ,#14941,#14942,#14943),.UNSPECIFIED.,.T.,.F.) 
B_SPLINE_CURVE_WITH_KNOTS((1,2,2,2,2,1),(-2.094395102393,0.,
    2.094395102393,4.188790204786,6.28318530718,8.377580409573),
.UNSPECIFIED.) CURVE() GEOMETRIC_REPRESENTATION_ITEM() 
RATIONAL_B_SPLINE_CURVE((1.,0.5,1.,0.5,1.,0.5,1.)) REPRESENTATION_ITEM(
  '') );
#14937 = CARTESIAN_POINT('',(4.,-8.));
#14938 = CARTESIAN_POINT('',(-2.928203230276,-8.));
#14939 = CARTESIAN_POINT('',(0.535898384862,-2.));
#14940 = CARTESIAN_POINT('',(4.,4.));
#14941 = CARTESIAN_POINT('',(7.464101615138,-2.));
#14942 = CARTESIAN_POINT('',(10.928203230276,-8.));
#14943 = CARTESIAN_POINT('',(4.,-8.));
#14944 = ( GEOMETRIC_REPRESENTATION_CONTEXT(2) 
PARAMETRIC_REPRESENTATION_CONTEXT() REPRESENTATION_CONTEXT('2D SPACE',''
  ) );
#14945 = ORIENTED_EDGE('',*,*,#14946,.F.);
#14946 = EDGE_CURVE('',#14450,#14919,#14947,.T.);
#14947 = SURFACE_CURVE('',#14948,(#14952,#14959),.PCURVE_S1.);
#14948 = LINE('',#14949,#14950);
#14949 = CARTESIAN_POINT('',(45.95,21.763235981506,3.926508733791));
#14950 = VECTOR('',#14951,1.);
#14951 = DIRECTION('',(0.,0.981627183448,-0.190808995377));
#14952 = PCURVE('',#13808,#14953);
#14953 = DEFINITIONAL_REPRESENTATION('',(#14954),#14958);
#14954 = LINE('',#14955,#14956);
#14955 = CARTESIAN_POINT('',(0.,0.));
#14956 = VECTOR('',#14957,1.);
#14957 = DIRECTION('',(0.,1.));
#14958 = ( GEOMETRIC_REPRESENTATION_CONTEXT(2) 
PARAMETRIC_REPRESENTATION_CONTEXT() REPRESENTATION_CONTEXT('2D SPACE',''
  ) );
#14959 = PCURVE('',#14465,#14960);
#14960 = DEFINITIONAL_REPRESENTATION('',(#14961),#14965);
#14961 = LINE('',#14962,#14963);
#14962 = CARTESIAN_POINT('',(-1.41149078881E-15,-4.));
#14963 = VECTOR('',#14964,1.);
#14964 = DIRECTION('',(1.,6.66274657812E-18));
#14965 = ( GEOMETRIC_REPRESENTATION_CONTEXT(2) 
PARAMETRIC_REPRESENTATION_CONTEXT() REPRESENTATION_CONTEXT('2D SPACE',''
  ) );
#14966 = ADVANCED_FACE('',(#14967,#15091,#15121,#15151,#15181),#13836,
  .F.);
#14967 = FACE_BOUND('',#14968,.F.);
#14968 = EDGE_LOOP('',(#14969,#14992,#15016,#15039,#15067,#15088,#15089,
    #15090));
#14969 = ORIENTED_EDGE('',*,*,#14970,.T.);
#14970 = EDGE_CURVE('',#14919,#14971,#14973,.T.);
#14971 = VERTEX_POINT('',#14972);
#14972 = CARTESIAN_POINT('',(45.95,35.666976888007,44.009996466333));
#14973 = SURFACE_CURVE('',#14974,(#14978,#14985),.PCURVE_S1.);
#14974 = LINE('',#14975,#14976);
#14975 = CARTESIAN_POINT('',(45.95,26.889763100686,-1.144853972259));
#14976 = VECTOR('',#14977,1.);
#14977 = DIRECTION('',(0.,0.190808995377,0.981627183448));
#14978 = PCURVE('',#13836,#14979);
#14979 = DEFINITIONAL_REPRESENTATION('',(#14980),#14984);
#14980 = LINE('',#14981,#14982);
#14981 = CARTESIAN_POINT('',(0.,-0.));
#14982 = VECTOR('',#14983,1.);
#14983 = DIRECTION('',(0.,-1.));
#14984 = ( GEOMETRIC_REPRESENTATION_CONTEXT(2) 
PARAMETRIC_REPRESENTATION_CONTEXT() REPRESENTATION_CONTEXT('2D SPACE',''
  ) );
#14985 = PCURVE('',#14465,#14986);
#14986 = DEFINITIONAL_REPRESENTATION('',(#14987),#14991);
#14987 = LINE('',#14988,#14989);
#14988 = CARTESIAN_POINT('',(6.,1.520186781294E-16));
#14989 = VECTOR('',#14990,1.);
#14990 = DIRECTION('',(-6.66274657812E-18,-1.));
#14991 = ( GEOMETRIC_REPRESENTATION_CONTEXT(2) 
PARAMETRIC_REPRESENTATION_CONTEXT() REPRESENTATION_CONTEXT('2D SPACE',''
  ) );
#14992 = ORIENTED_EDGE('',*,*,#14993,.T.);
#14993 = EDGE_CURVE('',#14971,#14994,#14996,.T.);
#14994 = VERTEX_POINT('',#14995);
#14995 = CARTESIAN_POINT('',(41.95,36.430212869513,47.936505200124));
#14996 = SURFACE_CURVE('',#14997,(#15002,#15009),.PCURVE_S1.);
#14997 = CIRCLE('',#14998,4.);
#14998 = AXIS2_PLACEMENT_3D('',#14999,#15000,#15001);
#14999 = CARTESIAN_POINT('',(41.95,35.666976888007,44.009996466333));
#15000 = DIRECTION('',(0.,-0.981627183448,0.190808995377));
#15001 = DIRECTION('',(0.,0.190808995377,0.981627183448));
#15002 = PCURVE('',#13836,#15003);
#15003 = DEFINITIONAL_REPRESENTATION('',(#15004),#15008);
#15004 = CIRCLE('',#15005,4.);
#15005 = AXIS2_PLACEMENT_2D('',#15006,#15007);
#15006 = CARTESIAN_POINT('',(4.,-46.));
#15007 = DIRECTION('',(0.,-1.));
#15008 = ( GEOMETRIC_REPRESENTATION_CONTEXT(2) 
PARAMETRIC_REPRESENTATION_CONTEXT() REPRESENTATION_CONTEXT('2D SPACE',''
  ) );
#15009 = PCURVE('',#14437,#15010);
#15010 = DEFINITIONAL_REPRESENTATION('',(#15011),#15015);
#15011 = LINE('',#15012,#15013);
#15012 = CARTESIAN_POINT('',(4.712388980385,6.));
#15013 = VECTOR('',#15014,1.);
#15014 = DIRECTION('',(-1.,0.));
#15015 = ( GEOMETRIC_REPRESENTATION_CONTEXT(2) 
PARAMETRIC_REPRESENTATION_CONTEXT() REPRESENTATION_CONTEXT('2D SPACE',''
  ) );
#15016 = ORIENTED_EDGE('',*,*,#15017,.T.);
#15017 = EDGE_CURVE('',#14994,#15018,#15020,.T.);
#15018 = VERTEX_POINT('',#15019);
#15019 = CARTESIAN_POINT('',(-41.95,36.430212869513,47.936505200124));
#15020 = SURFACE_CURVE('',#15021,(#15025,#15032),.PCURVE_S1.);
#15021 = LINE('',#15022,#15023);
#15022 = CARTESIAN_POINT('',(45.95,36.430212869513,47.936505200124));
#15023 = VECTOR('',#15024,1.);
#15024 = DIRECTION('',(-1.,0.,0.));
#15025 = PCURVE('',#13836,#15026);
#15026 = DEFINITIONAL_REPRESENTATION('',(#15027),#15031);
#15027 = LINE('',#15028,#15029);
#15028 = CARTESIAN_POINT('',(0.,-50.));
#15029 = VECTOR('',#15030,1.);
#15030 = DIRECTION('',(1.,0.));
#15031 = ( GEOMETRIC_REPRESENTATION_CONTEXT(2) 
PARAMETRIC_REPRESENTATION_CONTEXT() REPRESENTATION_CONTEXT('2D SPACE',''
  ) );
#15032 = PCURVE('',#14404,#15033);
#15033 = DEFINITIONAL_REPRESENTATION('',(#15034),#15038);
#15034 = LINE('',#15035,#15036);
#15035 = CARTESIAN_POINT('',(45.95,3.));
#15036 = VECTOR('',#15037,1.);
#15037 = DIRECTION('',(-1.,0.));
#15038 = ( GEOMETRIC_REPRESENTATION_CONTEXT(2) 
PARAMETRIC_REPRESENTATION_CONTEXT() REPRESENTATION_CONTEXT('2D SPACE',''
  ) );
#15039 = ORIENTED_EDGE('',*,*,#15040,.F.);
#15040 = EDGE_CURVE('',#15041,#15018,#15043,.T.);
#15041 = VERTEX_POINT('',#15042);
#15042 = CARTESIAN_POINT('',(-45.95,35.666976888007,44.009996466333));
#15043 = SURFACE_CURVE('',#15044,(#15049,#15060),.PCURVE_S1.);
#15044 = CIRCLE('',#15045,4.);
#15045 = AXIS2_PLACEMENT_3D('',#15046,#15047,#15048);
#15046 = CARTESIAN_POINT('',(-41.95,35.666976888007,44.009996466333));
#15047 = DIRECTION('',(-0.,0.981627183448,-0.190808995377));
#15048 = DIRECTION('',(0.,-0.190808995377,-0.981627183448));
#15049 = PCURVE('',#13836,#15050);
#15050 = DEFINITIONAL_REPRESENTATION('',(#15051),#15059);
#15051 = ( BOUNDED_CURVE() B_SPLINE_CURVE(2,(#15052,#15053,#15054,#15055
    ,#15056,#15057,#15058),.UNSPECIFIED.,.T.,.F.) 
B_SPLINE_CURVE_WITH_KNOTS((1,2,2,2,2,1),(-2.094395102393,0.,
    2.094395102393,4.188790204786,6.28318530718,8.377580409573),
.UNSPECIFIED.) CURVE() GEOMETRIC_REPRESENTATION_ITEM() 
RATIONAL_B_SPLINE_CURVE((1.,0.5,1.,0.5,1.,0.5,1.)) REPRESENTATION_ITEM(
  '') );
#15052 = CARTESIAN_POINT('',(87.9,-42.));
#15053 = CARTESIAN_POINT('',(94.828203230276,-42.));
#15054 = CARTESIAN_POINT('',(91.364101615138,-48.));
#15055 = CARTESIAN_POINT('',(87.9,-54.));
#15056 = CARTESIAN_POINT('',(84.435898384862,-48.));
#15057 = CARTESIAN_POINT('',(80.971796769724,-42.));
#15058 = CARTESIAN_POINT('',(87.9,-42.));
#15059 = ( GEOMETRIC_REPRESENTATION_CONTEXT(2) 
PARAMETRIC_REPRESENTATION_CONTEXT() REPRESENTATION_CONTEXT('2D SPACE',''
  ) );
#15060 = PCURVE('',#14376,#15061);
#15061 = DEFINITIONAL_REPRESENTATION('',(#15062),#15066);
#15062 = LINE('',#15063,#15064);
#15063 = CARTESIAN_POINT('',(1.570796326795,-0.));
#15064 = VECTOR('',#15065,1.);
#15065 = DIRECTION('',(-1.,0.));
#15066 = ( GEOMETRIC_REPRESENTATION_CONTEXT(2) 
PARAMETRIC_REPRESENTATION_CONTEXT() REPRESENTATION_CONTEXT('2D SPACE',''
  ) );
#15067 = ORIENTED_EDGE('',*,*,#15068,.F.);
#15068 = EDGE_CURVE('',#14867,#15041,#15069,.T.);
#15069 = SURFACE_CURVE('',#15070,(#15074,#15081),.PCURVE_S1.);
#15070 = LINE('',#15071,#15072);
#15071 = CARTESIAN_POINT('',(-45.95,26.889763100686,-1.144853972259));
#15072 = VECTOR('',#15073,1.);
#15073 = DIRECTION('',(0.,0.190808995377,0.981627183448));
#15074 = PCURVE('',#13836,#15075);
#15075 = DEFINITIONAL_REPRESENTATION('',(#15076),#15080);
#15076 = LINE('',#15077,#15078);
#15077 = CARTESIAN_POINT('',(91.9,0.));
#15078 = VECTOR('',#15079,1.);
#15079 = DIRECTION('',(0.,-1.));
#15080 = ( GEOMETRIC_REPRESENTATION_CONTEXT(2) 
PARAMETRIC_REPRESENTATION_CONTEXT() REPRESENTATION_CONTEXT('2D SPACE',''
  ) );
#15081 = PCURVE('',#14347,#15082);
#15082 = DEFINITIONAL_REPRESENTATION('',(#15083),#15087);
#15083 = LINE('',#15084,#15085);
#15084 = CARTESIAN_POINT('',(0.,0.));
#15085 = VECTOR('',#15086,1.);
#15086 = DIRECTION('',(6.66274657812E-18,-1.));
#15087 = ( GEOMETRIC_REPRESENTATION_CONTEXT(2) 
PARAMETRIC_REPRESENTATION_CONTEXT() REPRESENTATION_CONTEXT('2D SPACE',''
  ) );
#15088 = ORIENTED_EDGE('',*,*,#14866,.T.);
#15089 = ORIENTED_EDGE('',*,*,#13820,.F.);
#15090 = ORIENTED_EDGE('',*,*,#14918,.F.);
#15091 = FACE_BOUND('',#15092,.F.);
#15092 = EDGE_LOOP('',(#15093));
#15093 = ORIENTED_EDGE('',*,*,#15094,.T.);
#15094 = EDGE_CURVE('',#15095,#15095,#15097,.T.);
#15095 = VERTEX_POINT('',#15096);
#15096 = CARTESIAN_POINT('',(24.7,35.23765664841,41.801335303576));
#15097 = SURFACE_CURVE('',#15098,(#15103,#15114),.PCURVE_S1.);
#15098 = CIRCLE('',#15099,2.2);
#15099 = AXIS2_PLACEMENT_3D('',#15100,#15101,#15102);
#15100 = CARTESIAN_POINT('',(22.5,35.23765664841,41.801335303576));
#15101 = DIRECTION('',(0.,0.981627183448,-0.190808995377));
#15102 = DIRECTION('',(1.,0.,0.));
#15103 = PCURVE('',#13836,#15104);
#15104 = DEFINITIONAL_REPRESENTATION('',(#15105),#15113);
#15105 = ( BOUNDED_CURVE() B_SPLINE_CURVE(2,(#15106,#15107,#15108,#15109
    ,#15110,#15111,#15112),.UNSPECIFIED.,.T.,.F.) 
B_SPLINE_CURVE_WITH_KNOTS((1,2,2,2,2,1),(-2.094395102393,0.,
    2.094395102393,4.188790204786,6.28318530718,8.377580409573),
.UNSPECIFIED.) CURVE() GEOMETRIC_REPRESENTATION_ITEM() 
RATIONAL_B_SPLINE_CURVE((1.,0.5,1.,0.5,1.,0.5,1.)) REPRESENTATION_ITEM(
  '') );
#15106 = CARTESIAN_POINT('',(21.25,-43.75));
#15107 = CARTESIAN_POINT('',(21.25,-39.93948822334));
#15108 = CARTESIAN_POINT('',(24.55,-41.84474411167));
#15109 = CARTESIAN_POINT('',(27.85,-43.75));
#15110 = CARTESIAN_POINT('',(24.55,-45.65525588832));
#15111 = CARTESIAN_POINT('',(21.25,-47.56051177665));
#15112 = CARTESIAN_POINT('',(21.25,-43.75));
#15113 = ( GEOMETRIC_REPRESENTATION_CONTEXT(2) 
PARAMETRIC_REPRESENTATION_CONTEXT() REPRESENTATION_CONTEXT('2D SPACE',''
  ) );
#15114 = PCURVE('',#14554,#15115);
#15115 = DEFINITIONAL_REPRESENTATION('',(#15116),#15120);
#15116 = LINE('',#15117,#15118);
#15117 = CARTESIAN_POINT('',(-6.28318530718,-1.));
#15118 = VECTOR('',#15119,1.);
#15119 = DIRECTION('',(1.,-0.));
#15120 = ( GEOMETRIC_REPRESENTATION_CONTEXT(2) 
PARAMETRIC_REPRESENTATION_CONTEXT() REPRESENTATION_CONTEXT('2D SPACE',''
  ) );
#15121 = FACE_BOUND('',#15122,.F.);
#15122 = EDGE_LOOP('',(#15123));
#15123 = ORIENTED_EDGE('',*,*,#15124,.T.);
#15124 = EDGE_CURVE('',#15125,#15125,#15127,.T.);
#15125 = VERTEX_POINT('',#15126);
#15126 = CARTESIAN_POINT('',(-20.3,35.23765664841,41.801335303576));
#15127 = SURFACE_CURVE('',#15128,(#15133,#15144),.PCURVE_S1.);
#15128 = CIRCLE('',#15129,2.2);
#15129 = AXIS2_PLACEMENT_3D('',#15130,#15131,#15132);
#15130 = CARTESIAN_POINT('',(-22.5,35.23765664841,41.801335303576));
#15131 = DIRECTION('',(0.,0.981627183448,-0.190808995377));
#15132 = DIRECTION('',(1.,0.,0.));
#15133 = PCURVE('',#13836,#15134);
#15134 = DEFINITIONAL_REPRESENTATION('',(#15135),#15143);
#15135 = ( BOUNDED_CURVE() B_SPLINE_CURVE(2,(#15136,#15137,#15138,#15139
    ,#15140,#15141,#15142),.UNSPECIFIED.,.T.,.F.) 
B_SPLINE_CURVE_WITH_KNOTS((1,2,2,2,2,1),(-2.094395102393,0.,
    2.094395102393,4.188790204786,6.28318530718,8.377580409573),
.UNSPECIFIED.) CURVE() GEOMETRIC_REPRESENTATION_ITEM() 
RATIONAL_B_SPLINE_CURVE((1.,0.5,1.,0.5,1.,0.5,1.)) REPRESENTATION_ITEM(
  '') );
#15136 = CARTESIAN_POINT('',(66.25,-43.75));
#15137 = CARTESIAN_POINT('',(66.25,-39.93948822334));
#15138 = CARTESIAN_POINT('',(69.55,-41.84474411167));
#15139 = CARTESIAN_POINT('',(72.85,-43.75));
#15140 = CARTESIAN_POINT('',(69.55,-45.65525588832));
#15141 = CARTESIAN_POINT('',(66.25,-47.56051177665));
#15142 = CARTESIAN_POINT('',(66.25,-43.75));
#15143 = ( GEOMETRIC_REPRESENTATION_CONTEXT(2) 
PARAMETRIC_REPRESENTATION_CONTEXT() REPRESENTATION_CONTEXT('2D SPACE',''
  ) );
#15144 = PCURVE('',#14523,#15145);
#15145 = DEFINITIONAL_REPRESENTATION('',(#15146),#15150);
#15146 = LINE('',#15147,#15148);
#15147 = CARTESIAN_POINT('',(-6.28318530718,-1.));
#15148 = VECTOR('',#15149,1.);
#15149 = DIRECTION('',(1.,-0.));
#15150 = ( GEOMETRIC_REPRESENTATION_CONTEXT(2) 
PARAMETRIC_REPRESENTATION_CONTEXT() REPRESENTATION_CONTEXT('2D SPACE',''
  ) );
#15151 = FACE_BOUND('',#15152,.F.);
#15152 = EDGE_LOOP('',(#15153));
#15153 = ORIENTED_EDGE('',*,*,#15154,.T.);
#15154 = EDGE_CURVE('',#15155,#15155,#15157,.T.);
#15155 = VERTEX_POINT('',#15156);
#15156 = CARTESIAN_POINT('',(24.7,28.082319321789,4.990315924289));
#15157 = SURFACE_CURVE('',#15158,(#15163,#15174),.PCURVE_S1.);
#15158 = CIRCLE('',#15159,2.2);
#15159 = AXIS2_PLACEMENT_3D('',#15160,#15161,#15162);
#15160 = CARTESIAN_POINT('',(22.5,28.082319321789,4.990315924289));
#15161 = DIRECTION('',(0.,0.981627183448,-0.190808995377));
#15162 = DIRECTION('',(1.,0.,0.));
#15163 = PCURVE('',#13836,#15164);
#15164 = DEFINITIONAL_REPRESENTATION('',(#15165),#15173);
#15165 = ( BOUNDED_CURVE() B_SPLINE_CURVE(2,(#15166,#15167,#15168,#15169
    ,#15170,#15171,#15172),.UNSPECIFIED.,.T.,.F.) 
B_SPLINE_CURVE_WITH_KNOTS((1,2,2,2,2,1),(-2.094395102393,0.,
    2.094395102393,4.188790204786,6.28318530718,8.377580409573),
.UNSPECIFIED.) CURVE() GEOMETRIC_REPRESENTATION_ITEM() 
RATIONAL_B_SPLINE_CURVE((1.,0.5,1.,0.5,1.,0.5,1.)) REPRESENTATION_ITEM(
  '') );
#15166 = CARTESIAN_POINT('',(21.25,-6.25));
#15167 = CARTESIAN_POINT('',(21.25,-2.439488223348));
#15168 = CARTESIAN_POINT('',(24.55,-4.344744111674));
#15169 = CARTESIAN_POINT('',(27.85,-6.25));
#15170 = CARTESIAN_POINT('',(24.55,-8.155255888326));
#15171 = CARTESIAN_POINT('',(21.25,-10.06051177665));
#15172 = CARTESIAN_POINT('',(21.25,-6.25));
#15173 = ( GEOMETRIC_REPRESENTATION_CONTEXT(2) 
PARAMETRIC_REPRESENTATION_CONTEXT() REPRESENTATION_CONTEXT('2D SPACE',''
  ) );
#15174 = PCURVE('',#14616,#15175);
#15175 = DEFINITIONAL_REPRESENTATION('',(#15176),#15180);
#15176 = LINE('',#15177,#15178);
#15177 = CARTESIAN_POINT('',(-6.28318530718,-1.));
#15178 = VECTOR('',#15179,1.);
#15179 = DIRECTION('',(1.,-0.));
#15180 = ( GEOMETRIC_REPRESENTATION_CONTEXT(2) 
PARAMETRIC_REPRESENTATION_CONTEXT() REPRESENTATION_CONTEXT('2D SPACE',''
  ) );
#15181 = FACE_BOUND('',#15182,.F.);
#15182 = EDGE_LOOP('',(#15183));
#15183 = ORIENTED_EDGE('',*,*,#15184,.T.);
#15184 = EDGE_CURVE('',#15185,#15185,#15187,.T.);
#15185 = VERTEX_POINT('',#15186);
#15186 = CARTESIAN_POINT('',(-20.3,28.082319321789,4.990315924289));
#15187 = SURFACE_CURVE('',#15188,(#15193,#15204),.PCURVE_S1.);
#15188 = CIRCLE('',#15189,2.2);
#15189 = AXIS2_PLACEMENT_3D('',#15190,#15191,#15192);
#15190 = CARTESIAN_POINT('',(-22.5,28.082319321789,4.990315924289));
#15191 = DIRECTION('',(0.,0.981627183448,-0.190808995377));
#15192 = DIRECTION('',(1.,0.,0.));
#15193 = PCURVE('',#13836,#15194);
#15194 = DEFINITIONAL_REPRESENTATION('',(#15195),#15203);
#15195 = ( BOUNDED_CURVE() B_SPLINE_CURVE(2,(#15196,#15197,#15198,#15199
    ,#15200,#15201,#15202),.UNSPECIFIED.,.T.,.F.) 
B_SPLINE_CURVE_WITH_KNOTS((1,2,2,2,2,1),(-2.094395102393,0.,
    2.094395102393,4.188790204786,6.28318530718,8.377580409573),
.UNSPECIFIED.) CURVE() GEOMETRIC_REPRESENTATION_ITEM() 
RATIONAL_B_SPLINE_CURVE((1.,0.5,1.,0.5,1.,0.5,1.)) REPRESENTATION_ITEM(
  '') );
#15196 = CARTESIAN_POINT('',(66.25,-6.25));
#15197 = CARTESIAN_POINT('',(66.25,-2.439488223348));
#15198 = CARTESIAN_POINT('',(69.55,-4.344744111674));
#15199 = CARTESIAN_POINT('',(72.85,-6.25));
#15200 = CARTESIAN_POINT('',(69.55,-8.155255888326));
#15201 = CARTESIAN_POINT('',(66.25,-10.06051177665));
#15202 = CARTESIAN_POINT('',(66.25,-6.25));
#15203 = ( GEOMETRIC_REPRESENTATION_CONTEXT(2) 
PARAMETRIC_REPRESENTATION_CONTEXT() REPRESENTATION_CONTEXT('2D SPACE',''
  ) );
#15204 = PCURVE('',#14585,#15205);
#15205 = DEFINITIONAL_REPRESENTATION('',(#15206),#15210);
#15206 = LINE('',#15207,#15208);
#15207 = CARTESIAN_POINT('',(-6.28318530718,-1.));
#15208 = VECTOR('',#15209,1.);
#15209 = DIRECTION('',(1.,-0.));
#15210 = ( GEOMETRIC_REPRESENTATION_CONTEXT(2) 
PARAMETRIC_REPRESENTATION_CONTEXT() REPRESENTATION_CONTEXT('2D SPACE',''
  ) );
#15211 = ADVANCED_FACE('',(#15212),#13966,.T.);
#15212 = FACE_BOUND('',#15213,.T.);
#15213 = EDGE_LOOP('',(#15214,#15215,#15216,#15217));
#15214 = ORIENTED_EDGE('',*,*,#14228,.F.);
#15215 = ORIENTED_EDGE('',*,*,#14729,.T.);
#15216 = ORIENTED_EDGE('',*,*,#13950,.T.);
#15217 = ORIENTED_EDGE('',*,*,#15218,.T.);
#15218 = EDGE_CURVE('',#13925,#14229,#15219,.T.);
#15219 = SURFACE_CURVE('',#15220,(#15224,#15230),.PCURVE_S1.);
#15220 = LINE('',#15221,#15222);
#15221 = CARTESIAN_POINT('',(7.5,15.,30.));
#15222 = VECTOR('',#15223,1.);
#15223 = DIRECTION('',(-1.,0.,0.));
#15224 = PCURVE('',#13966,#15225);
#15225 = DEFINITIONAL_REPRESENTATION('',(#15226),#15229);
#15226 = B_SPLINE_CURVE_WITH_KNOTS('',1,(#15227,#15228),.UNSPECIFIED.,
  .F.,.F.,(2,2),(-7.5,22.5),.PIECEWISE_BEZIER_KNOTS.);
#15227 = CARTESIAN_POINT('',(0.,-34.0000002));
#15228 = CARTESIAN_POINT('',(30.,-34.0000002));
#15229 = ( GEOMETRIC_REPRESENTATION_CONTEXT(2) 
PARAMETRIC_REPRESENTATION_CONTEXT() REPRESENTATION_CONTEXT('2D SPACE',''
  ) );
#15230 = PCURVE('',#13939,#15231);
#15231 = DEFINITIONAL_REPRESENTATION('',(#15232),#15235);
#15232 = B_SPLINE_CURVE_WITH_KNOTS('',1,(#15233,#15234),.UNSPECIFIED.,
  .F.,.F.,(2,2),(-7.5,22.5),.PIECEWISE_BEZIER_KNOTS.);
#15233 = CARTESIAN_POINT('',(15.,15.));
#15234 = CARTESIAN_POINT('',(-15.,15.));
#15235 = ( GEOMETRIC_REPRESENTATION_CONTEXT(2) 
PARAMETRIC_REPRESENTATION_CONTEXT() REPRESENTATION_CONTEXT('2D SPACE',''
  ) );
#15236 = ADVANCED_FACE('',(#15237),#13939,.F.);
#15237 = FACE_BOUND('',#15238,.F.);
#15238 = EDGE_LOOP('',(#15239,#15240,#15241,#15242));
#15239 = ORIENTED_EDGE('',*,*,#14140,.T.);
#15240 = ORIENTED_EDGE('',*,*,#13924,.T.);
#15241 = ORIENTED_EDGE('',*,*,#15218,.T.);
#15242 = ORIENTED_EDGE('',*,*,#14251,.T.);
#15243 = ADVANCED_FACE('',(#15244),#14465,.F.);
#15244 = FACE_BOUND('',#15245,.F.);
#15245 = EDGE_LOOP('',(#15246,#15247,#15268,#15269));
#15246 = ORIENTED_EDGE('',*,*,#14449,.T.);
#15247 = ORIENTED_EDGE('',*,*,#15248,.T.);
#15248 = EDGE_CURVE('',#14417,#14971,#15249,.T.);
#15249 = SURFACE_CURVE('',#15250,(#15254,#15261),.PCURVE_S1.);
#15250 = LINE('',#15251,#15252);
#15251 = CARTESIAN_POINT('',(45.95,29.777213787321,45.154850438593));
#15252 = VECTOR('',#15253,1.);
#15253 = DIRECTION('',(0.,0.981627183448,-0.190808995377));
#15254 = PCURVE('',#14465,#15255);
#15255 = DEFINITIONAL_REPRESENTATION('',(#15256),#15260);
#15256 = LINE('',#15257,#15258);
#15257 = CARTESIAN_POINT('',(-9.900893089891E-16,-46.));
#15258 = VECTOR('',#15259,1.);
#15259 = DIRECTION('',(1.,6.66274657812E-18));
#15260 = ( GEOMETRIC_REPRESENTATION_CONTEXT(2) 
PARAMETRIC_REPRESENTATION_CONTEXT() REPRESENTATION_CONTEXT('2D SPACE',''
  ) );
#15261 = PCURVE('',#14437,#15262);
#15262 = DEFINITIONAL_REPRESENTATION('',(#15263),#15267);
#15263 = LINE('',#15264,#15265);
#15264 = CARTESIAN_POINT('',(-0.,0.));
#15265 = VECTOR('',#15266,1.);
#15266 = DIRECTION('',(-0.,1.));
#15267 = ( GEOMETRIC_REPRESENTATION_CONTEXT(2) 
PARAMETRIC_REPRESENTATION_CONTEXT() REPRESENTATION_CONTEXT('2D SPACE',''
  ) );
#15268 = ORIENTED_EDGE('',*,*,#14970,.F.);
#15269 = ORIENTED_EDGE('',*,*,#14946,.F.);
#15270 = ADVANCED_FACE('',(#15271),#14437,.T.);
#15271 = FACE_BOUND('',#15272,.F.);
#15272 = EDGE_LOOP('',(#15273,#15274,#15295,#15296));
#15273 = ORIENTED_EDGE('',*,*,#14416,.T.);
#15274 = ORIENTED_EDGE('',*,*,#15275,.T.);
#15275 = EDGE_CURVE('',#14389,#14994,#15276,.T.);
#15276 = SURFACE_CURVE('',#15277,(#15281,#15288),.PCURVE_S1.);
#15277 = LINE('',#15278,#15279);
#15278 = CARTESIAN_POINT('',(41.95,30.540449768827,49.081359172383));
#15279 = VECTOR('',#15280,1.);
#15280 = DIRECTION('',(0.,0.981627183448,-0.190808995377));
#15281 = PCURVE('',#14437,#15282);
#15282 = DEFINITIONAL_REPRESENTATION('',(#15283),#15287);
#15283 = LINE('',#15284,#15285);
#15284 = CARTESIAN_POINT('',(-1.570796326795,0.));
#15285 = VECTOR('',#15286,1.);
#15286 = DIRECTION('',(-0.,1.));
#15287 = ( GEOMETRIC_REPRESENTATION_CONTEXT(2) 
PARAMETRIC_REPRESENTATION_CONTEXT() REPRESENTATION_CONTEXT('2D SPACE',''
  ) );
#15288 = PCURVE('',#14404,#15289);
#15289 = DEFINITIONAL_REPRESENTATION('',(#15290),#15294);
#15290 = LINE('',#15291,#15292);
#15291 = CARTESIAN_POINT('',(41.95,-3.));
#15292 = VECTOR('',#15293,1.);
#15293 = DIRECTION('',(0.,1.));
#15294 = ( GEOMETRIC_REPRESENTATION_CONTEXT(2) 
PARAMETRIC_REPRESENTATION_CONTEXT() REPRESENTATION_CONTEXT('2D SPACE',''
  ) );
#15295 = ORIENTED_EDGE('',*,*,#14993,.F.);
#15296 = ORIENTED_EDGE('',*,*,#15248,.F.);
#15297 = ADVANCED_FACE('',(#15298),#14404,.T.);
#15298 = FACE_BOUND('',#15299,.T.);
#15299 = EDGE_LOOP('',(#15300,#15301,#15302,#15303));
#15300 = ORIENTED_EDGE('',*,*,#14388,.T.);
#15301 = ORIENTED_EDGE('',*,*,#15275,.T.);
#15302 = ORIENTED_EDGE('',*,*,#15017,.T.);
#15303 = ORIENTED_EDGE('',*,*,#15304,.T.);
#15304 = EDGE_CURVE('',#15018,#14360,#15305,.T.);
#15305 = SURFACE_CURVE('',#15306,(#15310,#15317),.PCURVE_S1.);
#15306 = LINE('',#15307,#15308);
#15307 = CARTESIAN_POINT('',(-41.95,36.430212869513,47.936505200124));
#15308 = VECTOR('',#15309,1.);
#15309 = DIRECTION('',(0.,-0.981627183448,0.190808995377));
#15310 = PCURVE('',#14404,#15311);
#15311 = DEFINITIONAL_REPRESENTATION('',(#15312),#15316);
#15312 = LINE('',#15313,#15314);
#15313 = CARTESIAN_POINT('',(-41.95,3.));
#15314 = VECTOR('',#15315,1.);
#15315 = DIRECTION('',(0.,-1.));
#15316 = ( GEOMETRIC_REPRESENTATION_CONTEXT(2) 
PARAMETRIC_REPRESENTATION_CONTEXT() REPRESENTATION_CONTEXT('2D SPACE',''
  ) );
#15317 = PCURVE('',#14376,#15318);
#15318 = DEFINITIONAL_REPRESENTATION('',(#15319),#15323);
#15319 = LINE('',#15320,#15321);
#15320 = CARTESIAN_POINT('',(-1.570796326795,0.));
#15321 = VECTOR('',#15322,1.);
#15322 = DIRECTION('',(-0.,1.));
#15323 = ( GEOMETRIC_REPRESENTATION_CONTEXT(2) 
PARAMETRIC_REPRESENTATION_CONTEXT() REPRESENTATION_CONTEXT('2D SPACE',''
  ) );
#15324 = ADVANCED_FACE('',(#15325),#14376,.T.);
#15325 = FACE_BOUND('',#15326,.F.);
#15326 = EDGE_LOOP('',(#15327,#15328,#15329,#15330));
#15327 = ORIENTED_EDGE('',*,*,#15040,.T.);
#15328 = ORIENTED_EDGE('',*,*,#15304,.T.);
#15329 = ORIENTED_EDGE('',*,*,#14359,.F.);
#15330 = ORIENTED_EDGE('',*,*,#15331,.F.);
#15331 = EDGE_CURVE('',#15041,#14332,#15332,.T.);
#15332 = SURFACE_CURVE('',#15333,(#15337,#15344),.PCURVE_S1.);
#15333 = LINE('',#15334,#15335);
#15334 = CARTESIAN_POINT('',(-45.95,35.666976888007,44.009996466333));
#15335 = VECTOR('',#15336,1.);
#15336 = DIRECTION('',(0.,-0.981627183448,0.190808995377));
#15337 = PCURVE('',#14376,#15338);
#15338 = DEFINITIONAL_REPRESENTATION('',(#15339),#15343);
#15339 = LINE('',#15340,#15341);
#15340 = CARTESIAN_POINT('',(-0.,0.));
#15341 = VECTOR('',#15342,1.);
#15342 = DIRECTION('',(-0.,1.));
#15343 = ( GEOMETRIC_REPRESENTATION_CONTEXT(2) 
PARAMETRIC_REPRESENTATION_CONTEXT() REPRESENTATION_CONTEXT('2D SPACE',''
  ) );
#15344 = PCURVE('',#14347,#15345);
#15345 = DEFINITIONAL_REPRESENTATION('',(#15346),#15350);
#15346 = LINE('',#15347,#15348);
#15347 = CARTESIAN_POINT('',(2.345868764814E-15,-46.));
#15348 = VECTOR('',#15349,1.);
#15349 = DIRECTION('',(1.,-6.66274657812E-18));
#15350 = ( GEOMETRIC_REPRESENTATION_CONTEXT(2) 
PARAMETRIC_REPRESENTATION_CONTEXT() REPRESENTATION_CONTEXT('2D SPACE',''
  ) );
#15351 = ADVANCED_FACE('',(#15352),#14347,.F.);
#15352 = FACE_BOUND('',#15353,.F.);
#15353 = EDGE_LOOP('',(#15354,#15355,#15356,#15357));
#15354 = ORIENTED_EDGE('',*,*,#15068,.T.);
#15355 = ORIENTED_EDGE('',*,*,#15331,.T.);
#15356 = ORIENTED_EDGE('',*,*,#14331,.F.);
#15357 = ORIENTED_EDGE('',*,*,#14892,.F.);
#15358 = ADVANCED_FACE('',(#15359),#14523,.F.);
#15359 = FACE_BOUND('',#15360,.T.);
#15360 = EDGE_LOOP('',(#15361,#15362,#15383,#15384));
#15361 = ORIENTED_EDGE('',*,*,#15124,.T.);
#15362 = ORIENTED_EDGE('',*,*,#15363,.T.);
#15363 = EDGE_CURVE('',#15125,#14507,#15364,.T.);
#15364 = SEAM_CURVE('',#15365,(#15369,#15376),.PCURVE_S1.);
#15365 = LINE('',#15366,#15367);
#15366 = CARTESIAN_POINT('',(-20.3,36.219283831857,41.610526308199));
#15367 = VECTOR('',#15368,1.);
#15368 = DIRECTION('',(0.,-0.981627183448,0.190808995377));
#15369 = PCURVE('',#14523,#15370);
#15370 = DEFINITIONAL_REPRESENTATION('',(#15371),#15375);
#15371 = LINE('',#15372,#15373);
#15372 = CARTESIAN_POINT('',(-6.28318530718,0.));
#15373 = VECTOR('',#15374,1.);
#15374 = DIRECTION('',(-0.,-1.));
#15375 = ( GEOMETRIC_REPRESENTATION_CONTEXT(2) 
PARAMETRIC_REPRESENTATION_CONTEXT() REPRESENTATION_CONTEXT('2D SPACE',''
  ) );
#15376 = PCURVE('',#14523,#15377);
#15377 = DEFINITIONAL_REPRESENTATION('',(#15378),#15382);
#15378 = LINE('',#15379,#15380);
#15379 = CARTESIAN_POINT('',(-0.,0.));
#15380 = VECTOR('',#15381,1.);
#15381 = DIRECTION('',(-0.,-1.));
#15382 = ( GEOMETRIC_REPRESENTATION_CONTEXT(2) 
PARAMETRIC_REPRESENTATION_CONTEXT() REPRESENTATION_CONTEXT('2D SPACE',''
  ) );
#15383 = ORIENTED_EDGE('',*,*,#14506,.F.);
#15384 = ORIENTED_EDGE('',*,*,#15363,.F.);
#15385 = ADVANCED_FACE('',(#15386),#14554,.F.);
#15386 = FACE_BOUND('',#15387,.T.);
#15387 = EDGE_LOOP('',(#15388,#15389,#15410,#15411));
#15388 = ORIENTED_EDGE('',*,*,#15094,.T.);
#15389 = ORIENTED_EDGE('',*,*,#15390,.T.);
#15390 = EDGE_CURVE('',#15095,#14538,#15391,.T.);
#15391 = SEAM_CURVE('',#15392,(#15396,#15403),.PCURVE_S1.);
#15392 = LINE('',#15393,#15394);
#15393 = CARTESIAN_POINT('',(24.7,36.219283831857,41.610526308199));
#15394 = VECTOR('',#15395,1.);
#15395 = DIRECTION('',(0.,-0.981627183448,0.190808995377));
#15396 = PCURVE('',#14554,#15397);
#15397 = DEFINITIONAL_REPRESENTATION('',(#15398),#15402);
#15398 = LINE('',#15399,#15400);
#15399 = CARTESIAN_POINT('',(-6.28318530718,0.));
#15400 = VECTOR('',#15401,1.);
#15401 = DIRECTION('',(-0.,-1.));
#15402 = ( GEOMETRIC_REPRESENTATION_CONTEXT(2) 
PARAMETRIC_REPRESENTATION_CONTEXT() REPRESENTATION_CONTEXT('2D SPACE',''
  ) );
#15403 = PCURVE('',#14554,#15404);
#15404 = DEFINITIONAL_REPRESENTATION('',(#15405),#15409);
#15405 = LINE('',#15406,#15407);
#15406 = CARTESIAN_POINT('',(-0.,0.));
#15407 = VECTOR('',#15408,1.);
#15408 = DIRECTION('',(-0.,-1.));
#15409 = ( GEOMETRIC_REPRESENTATION_CONTEXT(2) 
PARAMETRIC_REPRESENTATION_CONTEXT() REPRESENTATION_CONTEXT('2D SPACE',''
  ) );
#15410 = ORIENTED_EDGE('',*,*,#14537,.F.);
#15411 = ORIENTED_EDGE('',*,*,#15390,.F.);
#15412 = ADVANCED_FACE('',(#15413),#14585,.F.);
#15413 = FACE_BOUND('',#15414,.T.);
#15414 = EDGE_LOOP('',(#15415,#15416,#15437,#15438));
#15415 = ORIENTED_EDGE('',*,*,#15184,.T.);
#15416 = ORIENTED_EDGE('',*,*,#15417,.T.);
#15417 = EDGE_CURVE('',#15185,#14569,#15418,.T.);
#15418 = SEAM_CURVE('',#15419,(#15423,#15430),.PCURVE_S1.);
#15419 = LINE('',#15420,#15421);
#15420 = CARTESIAN_POINT('',(-20.3,29.063946505237,4.799506928912));
#15421 = VECTOR('',#15422,1.);
#15422 = DIRECTION('',(0.,-0.981627183448,0.190808995377));
#15423 = PCURVE('',#14585,#15424);
#15424 = DEFINITIONAL_REPRESENTATION('',(#15425),#15429);
#15425 = LINE('',#15426,#15427);
#15426 = CARTESIAN_POINT('',(-6.28318530718,0.));
#15427 = VECTOR('',#15428,1.);
#15428 = DIRECTION('',(-0.,-1.));
#15429 = ( GEOMETRIC_REPRESENTATION_CONTEXT(2) 
PARAMETRIC_REPRESENTATION_CONTEXT() REPRESENTATION_CONTEXT('2D SPACE',''
  ) );
#15430 = PCURVE('',#14585,#15431);
#15431 = DEFINITIONAL_REPRESENTATION('',(#15432),#15436);
#15432 = LINE('',#15433,#15434);
#15433 = CARTESIAN_POINT('',(-0.,0.));
#15434 = VECTOR('',#15435,1.);
#15435 = DIRECTION('',(-0.,-1.));
#15436 = ( GEOMETRIC_REPRESENTATION_CONTEXT(2) 
PARAMETRIC_REPRESENTATION_CONTEXT() REPRESENTATION_CONTEXT('2D SPACE',''
  ) );
#15437 = ORIENTED_EDGE('',*,*,#14568,.F.);
#15438 = ORIENTED_EDGE('',*,*,#15417,.F.);
#15439 = ADVANCED_FACE('',(#15440),#14616,.F.);
#15440 = FACE_BOUND('',#15441,.T.);
#15441 = EDGE_LOOP('',(#15442,#15443,#15464,#15465));
#15442 = ORIENTED_EDGE('',*,*,#15154,.T.);
#15443 = ORIENTED_EDGE('',*,*,#15444,.T.);
#15444 = EDGE_CURVE('',#15155,#14600,#15445,.T.);
#15445 = SEAM_CURVE('',#15446,(#15450,#15457),.PCURVE_S1.);
#15446 = LINE('',#15447,#15448);
#15447 = CARTESIAN_POINT('',(24.7,29.063946505237,4.799506928912));
#15448 = VECTOR('',#15449,1.);
#15449 = DIRECTION('',(0.,-0.981627183448,0.190808995377));
#15450 = PCURVE('',#14616,#15451);
#15451 = DEFINITIONAL_REPRESENTATION('',(#15452),#15456);
#15452 = LINE('',#15453,#15454);
#15453 = CARTESIAN_POINT('',(-6.28318530718,0.));
#15454 = VECTOR('',#15455,1.);
#15455 = DIRECTION('',(-0.,-1.));
#15456 = ( GEOMETRIC_REPRESENTATION_CONTEXT(2) 
PARAMETRIC_REPRESENTATION_CONTEXT() REPRESENTATION_CONTEXT('2D SPACE',''
  ) );
#15457 = PCURVE('',#14616,#15458);
#15458 = DEFINITIONAL_REPRESENTATION('',(#15459),#15463);
#15459 = LINE('',#15460,#15461);
#15460 = CARTESIAN_POINT('',(-0.,0.));
#15461 = VECTOR('',#15462,1.);
#15462 = DIRECTION('',(-0.,-1.));
#15463 = ( GEOMETRIC_REPRESENTATION_CONTEXT(2) 
PARAMETRIC_REPRESENTATION_CONTEXT() REPRESENTATION_CONTEXT('2D SPACE',''
  ) );
#15464 = ORIENTED_EDGE('',*,*,#14599,.F.);
#15465 = ORIENTED_EDGE('',*,*,#15444,.F.);
#15466 = ( GEOMETRIC_REPRESENTATION_CONTEXT(3) 
GLOBAL_UNCERTAINTY_ASSIGNED_CONTEXT((#15470)) 
GLOBAL_UNIT_ASSIGNED_CONTEXT((#15467,#15468,#15469)) 
REPRESENTATION_CONTEXT('Context #1',
  '3D Context with UNIT and UNCERTAINTY') );
#15467 = ( LENGTH_UNIT() NAMED_UNIT(*) SI_UNIT(.MILLI.,.METRE.) );
#15468 = ( NAMED_UNIT(*) PLANE_ANGLE_UNIT() SI_UNIT($,.RADIAN.) );
#15469 = ( NAMED_UNIT(*) SI_UNIT($,.STERADIAN.) SOLID_ANGLE_UNIT() );
#15470 = UNCERTAINTY_MEASURE_WITH_UNIT(LENGTH_MEASURE(1.E-07),#15467,
  'distance_accuracy_value','confusion accuracy');
#15471 = CONTEXT_DEPENDENT_SHAPE_REPRESENTATION(#15472,#15474);
#15472 = ( REPRESENTATION_RELATIONSHIP('','',#13029,#13006) 
REPRESENTATION_RELATIONSHIP_WITH_TRANSFORMATION(#15473) 
SHAPE_REPRESENTATION_RELATIONSHIP() );
#15473 = ITEM_DEFINED_TRANSFORMATION('','',#11,#13007);
#15474 = PRODUCT_DEFINITION_SHAPE('Placement','Placement of an item',
  #15475);
#15475 = NEXT_ASSEMBLY_USAGE_OCCURRENCE('7','','',#13001,#13024,$);
#15476 = PRODUCT_RELATED_PRODUCT_CATEGORY('part',$,(#13026));
#15477 = SHAPE_DEFINITION_REPRESENTATION(#15478,#15484);
#15478 = PRODUCT_DEFINITION_SHAPE('','',#15479);
#15479 = PRODUCT_DEFINITION('design','',#15480,#15483);
#15480 = PRODUCT_DEFINITION_FORMATION('','',#15481);
#15481 = PRODUCT('D455_dummy','D455_dummy','',(#15482));
#15482 = PRODUCT_CONTEXT('',#2,'mechanical');
#15483 = PRODUCT_DEFINITION_CONTEXT('part definition',#2,'design');
#15484 = SHAPE_REPRESENTATION('',(#11,#15485),#15489);
#15485 = AXIS2_PLACEMENT_3D('',#15486,#15487,#15488);
#15486 = CARTESIAN_POINT('',(0.,0.,0.));
#15487 = DIRECTION('',(0.,0.,1.));
#15488 = DIRECTION('',(1.,0.,-0.));
#15489 = ( GEOMETRIC_REPRESENTATION_CONTEXT(3) 
GLOBAL_UNCERTAINTY_ASSIGNED_CONTEXT((#15493)) 
GLOBAL_UNIT_ASSIGNED_CONTEXT((#15490,#15491,#15492)) 
REPRESENTATION_CONTEXT('Context #1',
  '3D Context with UNIT and UNCERTAINTY') );
#15490 = ( LENGTH_UNIT() NAMED_UNIT(*) SI_UNIT(.MILLI.,.METRE.) );
#15491 = ( NAMED_UNIT(*) PLANE_ANGLE_UNIT() SI_UNIT($,.RADIAN.) );
#15492 = ( NAMED_UNIT(*) SI_UNIT($,.STERADIAN.) SOLID_ANGLE_UNIT() );
#15493 = UNCERTAINTY_MEASURE_WITH_UNIT(LENGTH_MEASURE(1.E-07),#15490,
  'distance_accuracy_value','confusion accuracy');
#15494 = CONTEXT_DEPENDENT_SHAPE_REPRESENTATION(#15495,#15497);
#15495 = ( REPRESENTATION_RELATIONSHIP('','',#15484,#32) 
REPRESENTATION_RELATIONSHIP_WITH_TRANSFORMATION(#15496) 
SHAPE_REPRESENTATION_RELATIONSHIP() );
#15496 = ITEM_DEFINED_TRANSFORMATION('','',#11,#49);
#15497 = PRODUCT_DEFINITION_SHAPE('Placement','Placement of an item',
  #15498);
#15498 = NEXT_ASSEMBLY_USAGE_OCCURRENCE('10','','',#27,#15479,$);
#15499 = PRODUCT_RELATED_PRODUCT_CATEGORY('part',$,(#15481));
#15500 = SHAPE_DEFINITION_REPRESENTATION(#15501,#15507);
#15501 = PRODUCT_DEFINITION_SHAPE('','',#15502);
#15502 = PRODUCT_DEFINITION('design','',#15503,#15506);
#15503 = PRODUCT_DEFINITION_FORMATION('','',#15504);
#15504 = PRODUCT('D455_dummy_part','D455_dummy_part','',(#15505));
#15505 = PRODUCT_CONTEXT('',#2,'mechanical');
#15506 = PRODUCT_DEFINITION_CONTEXT('part definition',#2,'design');
#15507 = ADVANCED_BREP_SHAPE_REPRESENTATION('',(#11,#15508),#16160);
#15508 = MANIFOLD_SOLID_BREP('',#15509);
#15509 = CLOSED_SHELL('',(#15510,#15630,#15706,#15755,#15804,#15945,
    #15952,#16028,#16077,#16126,#16153));
#15510 = ADVANCED_FACE('',(#15511),#15525,.F.);
#15511 = FACE_BOUND('',#15512,.F.);
#15512 = EDGE_LOOP('',(#15513,#15548,#15576,#15604));
#15513 = ORIENTED_EDGE('',*,*,#15514,.F.);
#15514 = EDGE_CURVE('',#15515,#15517,#15519,.T.);
#15515 = VERTEX_POINT('',#15516);
#15516 = CARTESIAN_POINT('',(-62.,23.008604630037,56.182342203091));
#15517 = VERTEX_POINT('',#15518);
#15518 = CARTESIAN_POINT('',(-62.,30.51435693801,84.194191165474));
#15519 = SURFACE_CURVE('',#15520,(#15524,#15536),.PCURVE_S1.);
#15520 = LINE('',#15521,#15522);
#15521 = CARTESIAN_POINT('',(-62.,23.008604630037,56.182342203091));
#15522 = VECTOR('',#15523,1.);
#15523 = DIRECTION('',(0.,0.258819045103,0.965925826289));
#15524 = PCURVE('',#15525,#15530);
#15525 = PLANE('',#15526);
#15526 = AXIS2_PLACEMENT_3D('',#15527,#15528,#15529);
#15527 = CARTESIAN_POINT('',(-62.,23.008604630037,56.182342203091));
#15528 = DIRECTION('',(1.,0.,0.));
#15529 = DIRECTION('',(0.,0.258819045103,0.965925826289));
#15530 = DEFINITIONAL_REPRESENTATION('',(#15531),#15535);
#15531 = LINE('',#15532,#15533);
#15532 = CARTESIAN_POINT('',(0.,0.));
#15533 = VECTOR('',#15534,1.);
#15534 = DIRECTION('',(1.,1.225300278295E-17));
#15535 = ( GEOMETRIC_REPRESENTATION_CONTEXT(2) 
PARAMETRIC_REPRESENTATION_CONTEXT() REPRESENTATION_CONTEXT('2D SPACE',''
  ) );
#15536 = PCURVE('',#15537,#15542);
#15537 = PLANE('',#15538);
#15538 = AXIS2_PLACEMENT_3D('',#15539,#15540,#15541);
#15539 = CARTESIAN_POINT('',(-62.,23.008604630037,56.182342203091));
#15540 = DIRECTION('',(0.,0.965925826289,-0.258819045103));
#15541 = DIRECTION('',(0.,0.258819045103,0.965925826289));
#15542 = DEFINITIONAL_REPRESENTATION('',(#15543),#15547);
#15543 = LINE('',#15544,#15545);
#15544 = CARTESIAN_POINT('',(0.,0.));
#15545 = VECTOR('',#15546,1.);
#15546 = DIRECTION('',(1.,0.));
#15547 = ( GEOMETRIC_REPRESENTATION_CONTEXT(2) 
PARAMETRIC_REPRESENTATION_CONTEXT() REPRESENTATION_CONTEXT('2D SPACE',''
  ) );
#15548 = ORIENTED_EDGE('',*,*,#15549,.T.);
#15549 = EDGE_CURVE('',#15515,#15550,#15552,.T.);
#15550 = VERTEX_POINT('',#15551);
#15551 = CARTESIAN_POINT('',(-62.,48.122676113553,49.453047030425));
#15552 = SURFACE_CURVE('',#15553,(#15557,#15564),.PCURVE_S1.);
#15553 = LINE('',#15554,#15555);
#15554 = CARTESIAN_POINT('',(-62.,23.008604630037,56.182342203091));
#15555 = VECTOR('',#15556,1.);
#15556 = DIRECTION('',(0.,0.965925826289,-0.258819045103));
#15557 = PCURVE('',#15525,#15558);
#15558 = DEFINITIONAL_REPRESENTATION('',(#15559),#15563);
#15559 = LINE('',#15560,#15561);
#15560 = CARTESIAN_POINT('',(0.,0.));
#15561 = VECTOR('',#15562,1.);
#15562 = DIRECTION('',(-1.225300278295E-17,-1.));
#15563 = ( GEOMETRIC_REPRESENTATION_CONTEXT(2) 
PARAMETRIC_REPRESENTATION_CONTEXT() REPRESENTATION_CONTEXT('2D SPACE',''
  ) );
#15564 = PCURVE('',#15565,#15570);
#15565 = PLANE('',#15566);
#15566 = AXIS2_PLACEMENT_3D('',#15567,#15568,#15569);
#15567 = CARTESIAN_POINT('',(-62.,23.008604630037,56.182342203091));
#15568 = DIRECTION('',(0.,0.258819045103,0.965925826289));
#15569 = DIRECTION('',(1.,0.,0.));
#15570 = DEFINITIONAL_REPRESENTATION('',(#15571),#15575);
#15571 = LINE('',#15572,#15573);
#15572 = CARTESIAN_POINT('',(0.,0.));
#15573 = VECTOR('',#15574,1.);
#15574 = DIRECTION('',(0.,1.));
#15575 = ( GEOMETRIC_REPRESENTATION_CONTEXT(2) 
PARAMETRIC_REPRESENTATION_CONTEXT() REPRESENTATION_CONTEXT('2D SPACE',''
  ) );
#15576 = ORIENTED_EDGE('',*,*,#15577,.T.);
#15577 = EDGE_CURVE('',#15550,#15578,#15580,.T.);
#15578 = VERTEX_POINT('',#15579);
#15579 = CARTESIAN_POINT('',(-62.,55.628428421526,77.464895992808));
#15580 = SURFACE_CURVE('',#15581,(#15585,#15592),.PCURVE_S1.);
#15581 = LINE('',#15582,#15583);
#15582 = CARTESIAN_POINT('',(-62.,48.122676113553,49.453047030425));
#15583 = VECTOR('',#15584,1.);
#15584 = DIRECTION('',(0.,0.258819045103,0.965925826289));
#15585 = PCURVE('',#15525,#15586);
#15586 = DEFINITIONAL_REPRESENTATION('',(#15587),#15591);
#15587 = LINE('',#15588,#15589);
#15588 = CARTESIAN_POINT('',(3.425390021313E-16,-26.));
#15589 = VECTOR('',#15590,1.);
#15590 = DIRECTION('',(1.,1.225300278295E-17));
#15591 = ( GEOMETRIC_REPRESENTATION_CONTEXT(2) 
PARAMETRIC_REPRESENTATION_CONTEXT() REPRESENTATION_CONTEXT('2D SPACE',''
  ) );
#15592 = PCURVE('',#15593,#15598);
#15593 = PLANE('',#15594);
#15594 = AXIS2_PLACEMENT_3D('',#15595,#15596,#15597);
#15595 = CARTESIAN_POINT('',(-62.,48.122676113553,49.453047030425));
#15596 = DIRECTION('',(0.,0.965925826289,-0.258819045103));
#15597 = DIRECTION('',(0.,0.258819045103,0.965925826289));
#15598 = DEFINITIONAL_REPRESENTATION('',(#15599),#15603);
#15599 = LINE('',#15600,#15601);
#15600 = CARTESIAN_POINT('',(0.,0.));
#15601 = VECTOR('',#15602,1.);
#15602 = DIRECTION('',(1.,0.));
#15603 = ( GEOMETRIC_REPRESENTATION_CONTEXT(2) 
PARAMETRIC_REPRESENTATION_CONTEXT() REPRESENTATION_CONTEXT('2D SPACE',''
  ) );
#15604 = ORIENTED_EDGE('',*,*,#15605,.F.);
#15605 = EDGE_CURVE('',#15517,#15578,#15606,.T.);
#15606 = SURFACE_CURVE('',#15607,(#15611,#15618),.PCURVE_S1.);
#15607 = LINE('',#15608,#15609);
#15608 = CARTESIAN_POINT('',(-62.,30.51435693801,84.194191165474));
#15609 = VECTOR('',#15610,1.);
#15610 = DIRECTION('',(0.,0.965925826289,-0.258819045103));
#15611 = PCURVE('',#15525,#15612);
#15612 = DEFINITIONAL_REPRESENTATION('',(#15613),#15617);
#15613 = LINE('',#15614,#15615);
#15614 = CARTESIAN_POINT('',(29.,4.882092761914E-15));
#15615 = VECTOR('',#15616,1.);
#15616 = DIRECTION('',(-1.225300278295E-17,-1.));
#15617 = ( GEOMETRIC_REPRESENTATION_CONTEXT(2) 
PARAMETRIC_REPRESENTATION_CONTEXT() REPRESENTATION_CONTEXT('2D SPACE',''
  ) );
#15618 = PCURVE('',#15619,#15624);
#15619 = PLANE('',#15620);
#15620 = AXIS2_PLACEMENT_3D('',#15621,#15622,#15623);
#15621 = CARTESIAN_POINT('',(-62.,30.51435693801,84.194191165474));
#15622 = DIRECTION('',(0.,0.258819045103,0.965925826289));
#15623 = DIRECTION('',(1.,0.,0.));
#15624 = DEFINITIONAL_REPRESENTATION('',(#15625),#15629);
#15625 = LINE('',#15626,#15627);
#15626 = CARTESIAN_POINT('',(0.,0.));
#15627 = VECTOR('',#15628,1.);
#15628 = DIRECTION('',(0.,1.));
#15629 = ( GEOMETRIC_REPRESENTATION_CONTEXT(2) 
PARAMETRIC_REPRESENTATION_CONTEXT() REPRESENTATION_CONTEXT('2D SPACE',''
  ) );
#15630 = ADVANCED_FACE('',(#15631),#15537,.F.);
#15631 = FACE_BOUND('',#15632,.F.);
#15632 = EDGE_LOOP('',(#15633,#15656,#15657,#15680));
#15633 = ORIENTED_EDGE('',*,*,#15634,.F.);
#15634 = EDGE_CURVE('',#15515,#15635,#15637,.T.);
#15635 = VERTEX_POINT('',#15636);
#15636 = CARTESIAN_POINT('',(62.,23.008604630037,56.182342203091));
#15637 = SURFACE_CURVE('',#15638,(#15642,#15649),.PCURVE_S1.);
#15638 = LINE('',#15639,#15640);
#15639 = CARTESIAN_POINT('',(-62.,23.008604630037,56.182342203091));
#15640 = VECTOR('',#15641,1.);
#15641 = DIRECTION('',(1.,0.,0.));
#15642 = PCURVE('',#15537,#15643);
#15643 = DEFINITIONAL_REPRESENTATION('',(#15644),#15648);
#15644 = LINE('',#15645,#15646);
#15645 = CARTESIAN_POINT('',(0.,0.));
#15646 = VECTOR('',#15647,1.);
#15647 = DIRECTION('',(0.,1.));
#15648 = ( GEOMETRIC_REPRESENTATION_CONTEXT(2) 
PARAMETRIC_REPRESENTATION_CONTEXT() REPRESENTATION_CONTEXT('2D SPACE',''
  ) );
#15649 = PCURVE('',#15565,#15650);
#15650 = DEFINITIONAL_REPRESENTATION('',(#15651),#15655);
#15651 = LINE('',#15652,#15653);
#15652 = CARTESIAN_POINT('',(0.,0.));
#15653 = VECTOR('',#15654,1.);
#15654 = DIRECTION('',(1.,0.));
#15655 = ( GEOMETRIC_REPRESENTATION_CONTEXT(2) 
PARAMETRIC_REPRESENTATION_CONTEXT() REPRESENTATION_CONTEXT('2D SPACE',''
  ) );
#15656 = ORIENTED_EDGE('',*,*,#15514,.T.);
#15657 = ORIENTED_EDGE('',*,*,#15658,.T.);
#15658 = EDGE_CURVE('',#15517,#15659,#15661,.T.);
#15659 = VERTEX_POINT('',#15660);
#15660 = CARTESIAN_POINT('',(62.,30.51435693801,84.194191165474));
#15661 = SURFACE_CURVE('',#15662,(#15666,#15673),.PCURVE_S1.);
#15662 = LINE('',#15663,#15664);
#15663 = CARTESIAN_POINT('',(-62.,30.51435693801,84.194191165474));
#15664 = VECTOR('',#15665,1.);
#15665 = DIRECTION('',(1.,0.,0.));
#15666 = PCURVE('',#15537,#15667);
#15667 = DEFINITIONAL_REPRESENTATION('',(#15668),#15672);
#15668 = LINE('',#15669,#15670);
#15669 = CARTESIAN_POINT('',(29.,0.));
#15670 = VECTOR('',#15671,1.);
#15671 = DIRECTION('',(0.,1.));
#15672 = ( GEOMETRIC_REPRESENTATION_CONTEXT(2) 
PARAMETRIC_REPRESENTATION_CONTEXT() REPRESENTATION_CONTEXT('2D SPACE',''
  ) );
#15673 = PCURVE('',#15619,#15674);
#15674 = DEFINITIONAL_REPRESENTATION('',(#15675),#15679);
#15675 = LINE('',#15676,#15677);
#15676 = CARTESIAN_POINT('',(0.,0.));
#15677 = VECTOR('',#15678,1.);
#15678 = DIRECTION('',(1.,0.));
#15679 = ( GEOMETRIC_REPRESENTATION_CONTEXT(2) 
PARAMETRIC_REPRESENTATION_CONTEXT() REPRESENTATION_CONTEXT('2D SPACE',''
  ) );
#15680 = ORIENTED_EDGE('',*,*,#15681,.F.);
#15681 = EDGE_CURVE('',#15635,#15659,#15682,.T.);
#15682 = SURFACE_CURVE('',#15683,(#15687,#15694),.PCURVE_S1.);
#15683 = LINE('',#15684,#15685);
#15684 = CARTESIAN_POINT('',(62.,23.008604630037,56.182342203091));
#15685 = VECTOR('',#15686,1.);
#15686 = DIRECTION('',(0.,0.258819045103,0.965925826289));
#15687 = PCURVE('',#15537,#15688);
#15688 = DEFINITIONAL_REPRESENTATION('',(#15689),#15693);
#15689 = LINE('',#15690,#15691);
#15690 = CARTESIAN_POINT('',(0.,124.));
#15691 = VECTOR('',#15692,1.);
#15692 = DIRECTION('',(1.,0.));
#15693 = ( GEOMETRIC_REPRESENTATION_CONTEXT(2) 
PARAMETRIC_REPRESENTATION_CONTEXT() REPRESENTATION_CONTEXT('2D SPACE',''
  ) );
#15694 = PCURVE('',#15695,#15700);
#15695 = PLANE('',#15696);
#15696 = AXIS2_PLACEMENT_3D('',#15697,#15698,#15699);
#15697 = CARTESIAN_POINT('',(62.,23.008604630037,56.182342203091));
#15698 = DIRECTION('',(1.,0.,0.));
#15699 = DIRECTION('',(0.,0.258819045103,0.965925826289));
#15700 = DEFINITIONAL_REPRESENTATION('',(#15701),#15705);
#15701 = LINE('',#15702,#15703);
#15702 = CARTESIAN_POINT('',(0.,0.));
#15703 = VECTOR('',#15704,1.);
#15704 = DIRECTION('',(1.,1.225300278295E-17));
#15705 = ( GEOMETRIC_REPRESENTATION_CONTEXT(2) 
PARAMETRIC_REPRESENTATION_CONTEXT() REPRESENTATION_CONTEXT('2D SPACE',''
  ) );
#15706 = ADVANCED_FACE('',(#15707),#15619,.T.);
#15707 = FACE_BOUND('',#15708,.T.);
#15708 = EDGE_LOOP('',(#15709,#15710,#15711,#15734));
#15709 = ORIENTED_EDGE('',*,*,#15605,.F.);
#15710 = ORIENTED_EDGE('',*,*,#15658,.T.);
#15711 = ORIENTED_EDGE('',*,*,#15712,.T.);
#15712 = EDGE_CURVE('',#15659,#15713,#15715,.T.);
#15713 = VERTEX_POINT('',#15714);
#15714 = CARTESIAN_POINT('',(62.,55.628428421526,77.464895992808));
#15715 = SURFACE_CURVE('',#15716,(#15720,#15727),.PCURVE_S1.);
#15716 = LINE('',#15717,#15718);
#15717 = CARTESIAN_POINT('',(62.,30.51435693801,84.194191165474));
#15718 = VECTOR('',#15719,1.);
#15719 = DIRECTION('',(0.,0.965925826289,-0.258819045103));
#15720 = PCURVE('',#15619,#15721);
#15721 = DEFINITIONAL_REPRESENTATION('',(#15722),#15726);
#15722 = LINE('',#15723,#15724);
#15723 = CARTESIAN_POINT('',(124.,0.));
#15724 = VECTOR('',#15725,1.);
#15725 = DIRECTION('',(0.,1.));
#15726 = ( GEOMETRIC_REPRESENTATION_CONTEXT(2) 
PARAMETRIC_REPRESENTATION_CONTEXT() REPRESENTATION_CONTEXT('2D SPACE',''
  ) );
#15727 = PCURVE('',#15695,#15728);
#15728 = DEFINITIONAL_REPRESENTATION('',(#15729),#15733);
#15729 = LINE('',#15730,#15731);
#15730 = CARTESIAN_POINT('',(29.,4.882092761914E-15));
#15731 = VECTOR('',#15732,1.);
#15732 = DIRECTION('',(-1.225300278295E-17,-1.));
#15733 = ( GEOMETRIC_REPRESENTATION_CONTEXT(2) 
PARAMETRIC_REPRESENTATION_CONTEXT() REPRESENTATION_CONTEXT('2D SPACE',''
  ) );
#15734 = ORIENTED_EDGE('',*,*,#15735,.F.);
#15735 = EDGE_CURVE('',#15578,#15713,#15736,.T.);
#15736 = SURFACE_CURVE('',#15737,(#15741,#15748),.PCURVE_S1.);
#15737 = LINE('',#15738,#15739);
#15738 = CARTESIAN_POINT('',(-62.,55.628428421526,77.464895992808));
#15739 = VECTOR('',#15740,1.);
#15740 = DIRECTION('',(1.,0.,0.));
#15741 = PCURVE('',#15619,#15742);
#15742 = DEFINITIONAL_REPRESENTATION('',(#15743),#15747);
#15743 = LINE('',#15744,#15745);
#15744 = CARTESIAN_POINT('',(0.,26.));
#15745 = VECTOR('',#15746,1.);
#15746 = DIRECTION('',(1.,0.));
#15747 = ( GEOMETRIC_REPRESENTATION_CONTEXT(2) 
PARAMETRIC_REPRESENTATION_CONTEXT() REPRESENTATION_CONTEXT('2D SPACE',''
  ) );
#15748 = PCURVE('',#15593,#15749);
#15749 = DEFINITIONAL_REPRESENTATION('',(#15750),#15754);
#15750 = LINE('',#15751,#15752);
#15751 = CARTESIAN_POINT('',(29.,0.));
#15752 = VECTOR('',#15753,1.);
#15753 = DIRECTION('',(0.,1.));
#15754 = ( GEOMETRIC_REPRESENTATION_CONTEXT(2) 
PARAMETRIC_REPRESENTATION_CONTEXT() REPRESENTATION_CONTEXT('2D SPACE',''
  ) );
#15755 = ADVANCED_FACE('',(#15756),#15593,.T.);
#15756 = FACE_BOUND('',#15757,.T.);
#15757 = EDGE_LOOP('',(#15758,#15781,#15782,#15783));
#15758 = ORIENTED_EDGE('',*,*,#15759,.F.);
#15759 = EDGE_CURVE('',#15550,#15760,#15762,.T.);
#15760 = VERTEX_POINT('',#15761);
#15761 = CARTESIAN_POINT('',(62.,48.122676113553,49.453047030425));
#15762 = SURFACE_CURVE('',#15763,(#15767,#15774),.PCURVE_S1.);
#15763 = LINE('',#15764,#15765);
#15764 = CARTESIAN_POINT('',(-62.,48.122676113553,49.453047030425));
#15765 = VECTOR('',#15766,1.);
#15766 = DIRECTION('',(1.,0.,0.));
#15767 = PCURVE('',#15593,#15768);
#15768 = DEFINITIONAL_REPRESENTATION('',(#15769),#15773);
#15769 = LINE('',#15770,#15771);
#15770 = CARTESIAN_POINT('',(0.,0.));
#15771 = VECTOR('',#15772,1.);
#15772 = DIRECTION('',(0.,1.));
#15773 = ( GEOMETRIC_REPRESENTATION_CONTEXT(2) 
PARAMETRIC_REPRESENTATION_CONTEXT() REPRESENTATION_CONTEXT('2D SPACE',''
  ) );
#15774 = PCURVE('',#15565,#15775);
#15775 = DEFINITIONAL_REPRESENTATION('',(#15776),#15780);
#15776 = LINE('',#15777,#15778);
#15777 = CARTESIAN_POINT('',(0.,26.));
#15778 = VECTOR('',#15779,1.);
#15779 = DIRECTION('',(1.,0.));
#15780 = ( GEOMETRIC_REPRESENTATION_CONTEXT(2) 
PARAMETRIC_REPRESENTATION_CONTEXT() REPRESENTATION_CONTEXT('2D SPACE',''
  ) );
#15781 = ORIENTED_EDGE('',*,*,#15577,.T.);
#15782 = ORIENTED_EDGE('',*,*,#15735,.T.);
#15783 = ORIENTED_EDGE('',*,*,#15784,.F.);
#15784 = EDGE_CURVE('',#15760,#15713,#15785,.T.);
#15785 = SURFACE_CURVE('',#15786,(#15790,#15797),.PCURVE_S1.);
#15786 = LINE('',#15787,#15788);
#15787 = CARTESIAN_POINT('',(62.,48.122676113553,49.453047030425));
#15788 = VECTOR('',#15789,1.);
#15789 = DIRECTION('',(0.,0.258819045103,0.965925826289));
#15790 = PCURVE('',#15593,#15791);
#15791 = DEFINITIONAL_REPRESENTATION('',(#15792),#15796);
#15792 = LINE('',#15793,#15794);
#15793 = CARTESIAN_POINT('',(0.,124.));
#15794 = VECTOR('',#15795,1.);
#15795 = DIRECTION('',(1.,0.));
#15796 = ( GEOMETRIC_REPRESENTATION_CONTEXT(2) 
PARAMETRIC_REPRESENTATION_CONTEXT() REPRESENTATION_CONTEXT('2D SPACE',''
  ) );
#15797 = PCURVE('',#15695,#15798);
#15798 = DEFINITIONAL_REPRESENTATION('',(#15799),#15803);
#15799 = LINE('',#15800,#15801);
#15800 = CARTESIAN_POINT('',(3.425390021313E-16,-26.));
#15801 = VECTOR('',#15802,1.);
#15802 = DIRECTION('',(1.,1.225300278295E-17));
#15803 = ( GEOMETRIC_REPRESENTATION_CONTEXT(2) 
PARAMETRIC_REPRESENTATION_CONTEXT() REPRESENTATION_CONTEXT('2D SPACE',''
  ) );
#15804 = ADVANCED_FACE('',(#15805,#15831),#15565,.F.);
#15805 = FACE_BOUND('',#15806,.F.);
#15806 = EDGE_LOOP('',(#15807,#15808,#15809,#15830));
#15807 = ORIENTED_EDGE('',*,*,#15549,.F.);
#15808 = ORIENTED_EDGE('',*,*,#15634,.T.);
#15809 = ORIENTED_EDGE('',*,*,#15810,.T.);
#15810 = EDGE_CURVE('',#15635,#15760,#15811,.T.);
#15811 = SURFACE_CURVE('',#15812,(#15816,#15823),.PCURVE_S1.);
#15812 = LINE('',#15813,#15814);
#15813 = CARTESIAN_POINT('',(62.,23.008604630037,56.182342203091));
#15814 = VECTOR('',#15815,1.);
#15815 = DIRECTION('',(0.,0.965925826289,-0.258819045103));
#15816 = PCURVE('',#15565,#15817);
#15817 = DEFINITIONAL_REPRESENTATION('',(#15818),#15822);
#15818 = LINE('',#15819,#15820);
#15819 = CARTESIAN_POINT('',(124.,0.));
#15820 = VECTOR('',#15821,1.);
#15821 = DIRECTION('',(0.,1.));
#15822 = ( GEOMETRIC_REPRESENTATION_CONTEXT(2) 
PARAMETRIC_REPRESENTATION_CONTEXT() REPRESENTATION_CONTEXT('2D SPACE',''
  ) );
#15823 = PCURVE('',#15695,#15824);
#15824 = DEFINITIONAL_REPRESENTATION('',(#15825),#15829);
#15825 = LINE('',#15826,#15827);
#15826 = CARTESIAN_POINT('',(0.,0.));
#15827 = VECTOR('',#15828,1.);
#15828 = DIRECTION('',(-1.225300278295E-17,-1.));
#15829 = ( GEOMETRIC_REPRESENTATION_CONTEXT(2) 
PARAMETRIC_REPRESENTATION_CONTEXT() REPRESENTATION_CONTEXT('2D SPACE',''
  ) );
#15830 = ORIENTED_EDGE('',*,*,#15759,.F.);
#15831 = FACE_BOUND('',#15832,.F.);
#15832 = EDGE_LOOP('',(#15833,#15863,#15891,#15919));
#15833 = ORIENTED_EDGE('',*,*,#15834,.T.);
#15834 = EDGE_CURVE('',#15835,#15837,#15839,.T.);
#15835 = VERTEX_POINT('',#15836);
#15836 = CARTESIAN_POINT('',(32.,31.701937066639,53.852970797168));
#15837 = VERTEX_POINT('',#15838);
#15838 = CARTESIAN_POINT('',(32.,39.429343676951,51.782418436348));
#15839 = SURFACE_CURVE('',#15840,(#15844,#15851),.PCURVE_S1.);
#15840 = LINE('',#15841,#15842);
#15841 = CARTESIAN_POINT('',(32.,31.701937066639,53.852970797168));
#15842 = VECTOR('',#15843,1.);
#15843 = DIRECTION('',(0.,0.965925826289,-0.258819045103));
#15844 = PCURVE('',#15565,#15845);
#15845 = DEFINITIONAL_REPRESENTATION('',(#15846),#15850);
#15846 = LINE('',#15847,#15848);
#15847 = CARTESIAN_POINT('',(94.,9.));
#15848 = VECTOR('',#15849,1.);
#15849 = DIRECTION('',(0.,1.));
#15850 = ( GEOMETRIC_REPRESENTATION_CONTEXT(2) 
PARAMETRIC_REPRESENTATION_CONTEXT() REPRESENTATION_CONTEXT('2D SPACE',''
  ) );
#15851 = PCURVE('',#15852,#15857);
#15852 = PLANE('',#15853);
#15853 = AXIS2_PLACEMENT_3D('',#15854,#15855,#15856);
#15854 = CARTESIAN_POINT('',(32.,25.231460939076,29.704825139941));
#15855 = DIRECTION('',(1.,0.,0.));
#15856 = DIRECTION('',(0.,0.258819045103,0.965925826289));
#15857 = DEFINITIONAL_REPRESENTATION('',(#15858),#15862);
#15858 = LINE('',#15859,#15860);
#15859 = CARTESIAN_POINT('',(25.,1.270631768735E-16));
#15860 = VECTOR('',#15861,1.);
#15861 = DIRECTION('',(-1.225300278295E-17,-1.));
#15862 = ( GEOMETRIC_REPRESENTATION_CONTEXT(2) 
PARAMETRIC_REPRESENTATION_CONTEXT() REPRESENTATION_CONTEXT('2D SPACE',''
  ) );
#15863 = ORIENTED_EDGE('',*,*,#15864,.T.);
#15864 = EDGE_CURVE('',#15837,#15865,#15867,.T.);
#15865 = VERTEX_POINT('',#15866);
#15866 = CARTESIAN_POINT('',(42.,39.429343676951,51.782418436348));
#15867 = SURFACE_CURVE('',#15868,(#15872,#15879),.PCURVE_S1.);
#15868 = LINE('',#15869,#15870);
#15869 = CARTESIAN_POINT('',(32.,39.429343676951,51.782418436348));
#15870 = VECTOR('',#15871,1.);
#15871 = DIRECTION('',(1.,0.,0.));
#15872 = PCURVE('',#15565,#15873);
#15873 = DEFINITIONAL_REPRESENTATION('',(#15874),#15878);
#15874 = LINE('',#15875,#15876);
#15875 = CARTESIAN_POINT('',(94.,17.));
#15876 = VECTOR('',#15877,1.);
#15877 = DIRECTION('',(1.,0.));
#15878 = ( GEOMETRIC_REPRESENTATION_CONTEXT(2) 
PARAMETRIC_REPRESENTATION_CONTEXT() REPRESENTATION_CONTEXT('2D SPACE',''
  ) );
#15879 = PCURVE('',#15880,#15885);
#15880 = PLANE('',#15881);
#15881 = AXIS2_PLACEMENT_3D('',#15882,#15883,#15884);
#15882 = CARTESIAN_POINT('',(32.,32.958867549388,27.634272779121));
#15883 = DIRECTION('',(0.,0.965925826289,-0.258819045103));
#15884 = DIRECTION('',(0.,0.258819045103,0.965925826289));
#15885 = DEFINITIONAL_REPRESENTATION('',(#15886),#15890);
#15886 = LINE('',#15887,#15888);
#15887 = CARTESIAN_POINT('',(25.,0.));
#15888 = VECTOR('',#15889,1.);
#15889 = DIRECTION('',(0.,1.));
#15890 = ( GEOMETRIC_REPRESENTATION_CONTEXT(2) 
PARAMETRIC_REPRESENTATION_CONTEXT() REPRESENTATION_CONTEXT('2D SPACE',''
  ) );
#15891 = ORIENTED_EDGE('',*,*,#15892,.F.);
#15892 = EDGE_CURVE('',#15893,#15865,#15895,.T.);
#15893 = VERTEX_POINT('',#15894);
#15894 = CARTESIAN_POINT('',(42.,31.701937066639,53.852970797168));
#15895 = SURFACE_CURVE('',#15896,(#15900,#15907),.PCURVE_S1.);
#15896 = LINE('',#15897,#15898);
#15897 = CARTESIAN_POINT('',(42.,31.701937066639,53.852970797168));
#15898 = VECTOR('',#15899,1.);
#15899 = DIRECTION('',(0.,0.965925826289,-0.258819045103));
#15900 = PCURVE('',#15565,#15901);
#15901 = DEFINITIONAL_REPRESENTATION('',(#15902),#15906);
#15902 = LINE('',#15903,#15904);
#15903 = CARTESIAN_POINT('',(104.,9.));
#15904 = VECTOR('',#15905,1.);
#15905 = DIRECTION('',(0.,1.));
#15906 = ( GEOMETRIC_REPRESENTATION_CONTEXT(2) 
PARAMETRIC_REPRESENTATION_CONTEXT() REPRESENTATION_CONTEXT('2D SPACE',''
  ) );
#15907 = PCURVE('',#15908,#15913);
#15908 = PLANE('',#15909);
#15909 = AXIS2_PLACEMENT_3D('',#15910,#15911,#15912);
#15910 = CARTESIAN_POINT('',(42.,25.231460939076,29.704825139941));
#15911 = DIRECTION('',(1.,0.,0.));
#15912 = DIRECTION('',(0.,0.258819045103,0.965925826289));
#15913 = DEFINITIONAL_REPRESENTATION('',(#15914),#15918);
#15914 = LINE('',#15915,#15916);
#15915 = CARTESIAN_POINT('',(25.,1.270631768735E-16));
#15916 = VECTOR('',#15917,1.);
#15917 = DIRECTION('',(-1.225300278295E-17,-1.));
#15918 = ( GEOMETRIC_REPRESENTATION_CONTEXT(2) 
PARAMETRIC_REPRESENTATION_CONTEXT() REPRESENTATION_CONTEXT('2D SPACE',''
  ) );
#15919 = ORIENTED_EDGE('',*,*,#15920,.F.);
#15920 = EDGE_CURVE('',#15835,#15893,#15921,.T.);
#15921 = SURFACE_CURVE('',#15922,(#15926,#15933),.PCURVE_S1.);
#15922 = LINE('',#15923,#15924);
#15923 = CARTESIAN_POINT('',(32.,31.701937066639,53.852970797168));
#15924 = VECTOR('',#15925,1.);
#15925 = DIRECTION('',(1.,0.,0.));
#15926 = PCURVE('',#15565,#15927);
#15927 = DEFINITIONAL_REPRESENTATION('',(#15928),#15932);
#15928 = LINE('',#15929,#15930);
#15929 = CARTESIAN_POINT('',(94.,9.));
#15930 = VECTOR('',#15931,1.);
#15931 = DIRECTION('',(1.,0.));
#15932 = ( GEOMETRIC_REPRESENTATION_CONTEXT(2) 
PARAMETRIC_REPRESENTATION_CONTEXT() REPRESENTATION_CONTEXT('2D SPACE',''
  ) );
#15933 = PCURVE('',#15934,#15939);
#15934 = PLANE('',#15935);
#15935 = AXIS2_PLACEMENT_3D('',#15936,#15937,#15938);
#15936 = CARTESIAN_POINT('',(32.,25.231460939076,29.704825139941));
#15937 = DIRECTION('',(0.,0.965925826289,-0.258819045103));
#15938 = DIRECTION('',(0.,0.258819045103,0.965925826289));
#15939 = DEFINITIONAL_REPRESENTATION('',(#15940),#15944);
#15940 = LINE('',#15941,#15942);
#15941 = CARTESIAN_POINT('',(25.,0.));
#15942 = VECTOR('',#15943,1.);
#15943 = DIRECTION('',(0.,1.));
#15944 = ( GEOMETRIC_REPRESENTATION_CONTEXT(2) 
PARAMETRIC_REPRESENTATION_CONTEXT() REPRESENTATION_CONTEXT('2D SPACE',''
  ) );
#15945 = ADVANCED_FACE('',(#15946),#15695,.T.);
#15946 = FACE_BOUND('',#15947,.T.);
#15947 = EDGE_LOOP('',(#15948,#15949,#15950,#15951));
#15948 = ORIENTED_EDGE('',*,*,#15681,.F.);
#15949 = ORIENTED_EDGE('',*,*,#15810,.T.);
#15950 = ORIENTED_EDGE('',*,*,#15784,.T.);
#15951 = ORIENTED_EDGE('',*,*,#15712,.F.);
#15952 = ADVANCED_FACE('',(#15953),#15852,.F.);
#15953 = FACE_BOUND('',#15954,.F.);
#15954 = EDGE_LOOP('',(#15955,#15978,#16006,#16027));
#15955 = ORIENTED_EDGE('',*,*,#15956,.F.);
#15956 = EDGE_CURVE('',#15957,#15835,#15959,.T.);
#15957 = VERTEX_POINT('',#15958);
#15958 = CARTESIAN_POINT('',(32.,25.231460939076,29.704825139941));
#15959 = SURFACE_CURVE('',#15960,(#15964,#15971),.PCURVE_S1.);
#15960 = LINE('',#15961,#15962);
#15961 = CARTESIAN_POINT('',(32.,25.231460939076,29.704825139941));
#15962 = VECTOR('',#15963,1.);
#15963 = DIRECTION('',(0.,0.258819045103,0.965925826289));
#15964 = PCURVE('',#15852,#15965);
#15965 = DEFINITIONAL_REPRESENTATION('',(#15966),#15970);
#15966 = LINE('',#15967,#15968);
#15967 = CARTESIAN_POINT('',(0.,0.));
#15968 = VECTOR('',#15969,1.);
#15969 = DIRECTION('',(1.,1.225300278295E-17));
#15970 = ( GEOMETRIC_REPRESENTATION_CONTEXT(2) 
PARAMETRIC_REPRESENTATION_CONTEXT() REPRESENTATION_CONTEXT('2D SPACE',''
  ) );
#15971 = PCURVE('',#15934,#15972);
#15972 = DEFINITIONAL_REPRESENTATION('',(#15973),#15977);
#15973 = LINE('',#15974,#15975);
#15974 = CARTESIAN_POINT('',(0.,0.));
#15975 = VECTOR('',#15976,1.);
#15976 = DIRECTION('',(1.,0.));
#15977 = ( GEOMETRIC_REPRESENTATION_CONTEXT(2) 
PARAMETRIC_REPRESENTATION_CONTEXT() REPRESENTATION_CONTEXT('2D SPACE',''
  ) );
#15978 = ORIENTED_EDGE('',*,*,#15979,.T.);
#15979 = EDGE_CURVE('',#15957,#15980,#15982,.T.);
#15980 = VERTEX_POINT('',#15981);
#15981 = CARTESIAN_POINT('',(32.,32.958867549388,27.634272779121));
#15982 = SURFACE_CURVE('',#15983,(#15987,#15994),.PCURVE_S1.);
#15983 = LINE('',#15984,#15985);
#15984 = CARTESIAN_POINT('',(32.,25.231460939076,29.704825139941));
#15985 = VECTOR('',#15986,1.);
#15986 = DIRECTION('',(0.,0.965925826289,-0.258819045103));
#15987 = PCURVE('',#15852,#15988);
#15988 = DEFINITIONAL_REPRESENTATION('',(#15989),#15993);
#15989 = LINE('',#15990,#15991);
#15990 = CARTESIAN_POINT('',(0.,0.));
#15991 = VECTOR('',#15992,1.);
#15992 = DIRECTION('',(-1.225300278295E-17,-1.));
#15993 = ( GEOMETRIC_REPRESENTATION_CONTEXT(2) 
PARAMETRIC_REPRESENTATION_CONTEXT() REPRESENTATION_CONTEXT('2D SPACE',''
  ) );
#15994 = PCURVE('',#15995,#16000);
#15995 = PLANE('',#15996);
#15996 = AXIS2_PLACEMENT_3D('',#15997,#15998,#15999);
#15997 = CARTESIAN_POINT('',(32.,25.231460939076,29.704825139941));
#15998 = DIRECTION('',(0.,0.258819045103,0.965925826289));
#15999 = DIRECTION('',(1.,0.,0.));
#16000 = DEFINITIONAL_REPRESENTATION('',(#16001),#16005);
#16001 = LINE('',#16002,#16003);
#16002 = CARTESIAN_POINT('',(0.,0.));
#16003 = VECTOR('',#16004,1.);
#16004 = DIRECTION('',(0.,1.));
#16005 = ( GEOMETRIC_REPRESENTATION_CONTEXT(2) 
PARAMETRIC_REPRESENTATION_CONTEXT() REPRESENTATION_CONTEXT('2D SPACE',''
  ) );
#16006 = ORIENTED_EDGE('',*,*,#16007,.T.);
#16007 = EDGE_CURVE('',#15980,#15837,#16008,.T.);
#16008 = SURFACE_CURVE('',#16009,(#16013,#16020),.PCURVE_S1.);
#16009 = LINE('',#16010,#16011);
#16010 = CARTESIAN_POINT('',(32.,32.958867549388,27.634272779121));
#16011 = VECTOR('',#16012,1.);
#16012 = DIRECTION('',(0.,0.258819045103,0.965925826289));
#16013 = PCURVE('',#15852,#16014);
#16014 = DEFINITIONAL_REPRESENTATION('',(#16015),#16019);
#16015 = LINE('',#16016,#16017);
#16016 = CARTESIAN_POINT('',(-1.208247046889E-15,-8.));
#16017 = VECTOR('',#16018,1.);
#16018 = DIRECTION('',(1.,1.225300278295E-17));
#16019 = ( GEOMETRIC_REPRESENTATION_CONTEXT(2) 
PARAMETRIC_REPRESENTATION_CONTEXT() REPRESENTATION_CONTEXT('2D SPACE',''
  ) );
#16020 = PCURVE('',#15880,#16021);
#16021 = DEFINITIONAL_REPRESENTATION('',(#16022),#16026);
#16022 = LINE('',#16023,#16024);
#16023 = CARTESIAN_POINT('',(0.,0.));
#16024 = VECTOR('',#16025,1.);
#16025 = DIRECTION('',(1.,0.));
#16026 = ( GEOMETRIC_REPRESENTATION_CONTEXT(2) 
PARAMETRIC_REPRESENTATION_CONTEXT() REPRESENTATION_CONTEXT('2D SPACE',''
  ) );
#16027 = ORIENTED_EDGE('',*,*,#15834,.F.);
#16028 = ADVANCED_FACE('',(#16029),#15934,.F.);
#16029 = FACE_BOUND('',#16030,.F.);
#16030 = EDGE_LOOP('',(#16031,#16054,#16055,#16056));
#16031 = ORIENTED_EDGE('',*,*,#16032,.F.);
#16032 = EDGE_CURVE('',#15957,#16033,#16035,.T.);
#16033 = VERTEX_POINT('',#16034);
#16034 = CARTESIAN_POINT('',(42.,25.231460939076,29.704825139941));
#16035 = SURFACE_CURVE('',#16036,(#16040,#16047),.PCURVE_S1.);
#16036 = LINE('',#16037,#16038);
#16037 = CARTESIAN_POINT('',(32.,25.231460939076,29.704825139941));
#16038 = VECTOR('',#16039,1.);
#16039 = DIRECTION('',(1.,0.,0.));
#16040 = PCURVE('',#15934,#16041);
#16041 = DEFINITIONAL_REPRESENTATION('',(#16042),#16046);
#16042 = LINE('',#16043,#16044);
#16043 = CARTESIAN_POINT('',(0.,0.));
#16044 = VECTOR('',#16045,1.);
#16045 = DIRECTION('',(0.,1.));
#16046 = ( GEOMETRIC_REPRESENTATION_CONTEXT(2) 
PARAMETRIC_REPRESENTATION_CONTEXT() REPRESENTATION_CONTEXT('2D SPACE',''
  ) );
#16047 = PCURVE('',#15995,#16048);
#16048 = DEFINITIONAL_REPRESENTATION('',(#16049),#16053);
#16049 = LINE('',#16050,#16051);
#16050 = CARTESIAN_POINT('',(0.,0.));
#16051 = VECTOR('',#16052,1.);
#16052 = DIRECTION('',(1.,0.));
#16053 = ( GEOMETRIC_REPRESENTATION_CONTEXT(2) 
PARAMETRIC_REPRESENTATION_CONTEXT() REPRESENTATION_CONTEXT('2D SPACE',''
  ) );
#16054 = ORIENTED_EDGE('',*,*,#15956,.T.);
#16055 = ORIENTED_EDGE('',*,*,#15920,.T.);
#16056 = ORIENTED_EDGE('',*,*,#16057,.F.);
#16057 = EDGE_CURVE('',#16033,#15893,#16058,.T.);
#16058 = SURFACE_CURVE('',#16059,(#16063,#16070),.PCURVE_S1.);
#16059 = LINE('',#16060,#16061);
#16060 = CARTESIAN_POINT('',(42.,25.231460939076,29.704825139941));
#16061 = VECTOR('',#16062,1.);
#16062 = DIRECTION('',(0.,0.258819045103,0.965925826289));
#16063 = PCURVE('',#15934,#16064);
#16064 = DEFINITIONAL_REPRESENTATION('',(#16065),#16069);
#16065 = LINE('',#16066,#16067);
#16066 = CARTESIAN_POINT('',(0.,10.));
#16067 = VECTOR('',#16068,1.);
#16068 = DIRECTION('',(1.,0.));
#16069 = ( GEOMETRIC_REPRESENTATION_CONTEXT(2) 
PARAMETRIC_REPRESENTATION_CONTEXT() REPRESENTATION_CONTEXT('2D SPACE',''
  ) );
#16070 = PCURVE('',#15908,#16071);
#16071 = DEFINITIONAL_REPRESENTATION('',(#16072),#16076);
#16072 = LINE('',#16073,#16074);
#16073 = CARTESIAN_POINT('',(0.,0.));
#16074 = VECTOR('',#16075,1.);
#16075 = DIRECTION('',(1.,1.225300278295E-17));
#16076 = ( GEOMETRIC_REPRESENTATION_CONTEXT(2) 
PARAMETRIC_REPRESENTATION_CONTEXT() REPRESENTATION_CONTEXT('2D SPACE',''
  ) );
#16077 = ADVANCED_FACE('',(#16078),#15908,.T.);
#16078 = FACE_BOUND('',#16079,.T.);
#16079 = EDGE_LOOP('',(#16080,#16081,#16104,#16125));
#16080 = ORIENTED_EDGE('',*,*,#16057,.F.);
#16081 = ORIENTED_EDGE('',*,*,#16082,.T.);
#16082 = EDGE_CURVE('',#16033,#16083,#16085,.T.);
#16083 = VERTEX_POINT('',#16084);
#16084 = CARTESIAN_POINT('',(42.,32.958867549388,27.634272779121));
#16085 = SURFACE_CURVE('',#16086,(#16090,#16097),.PCURVE_S1.);
#16086 = LINE('',#16087,#16088);
#16087 = CARTESIAN_POINT('',(42.,25.231460939076,29.704825139941));
#16088 = VECTOR('',#16089,1.);
#16089 = DIRECTION('',(0.,0.965925826289,-0.258819045103));
#16090 = PCURVE('',#15908,#16091);
#16091 = DEFINITIONAL_REPRESENTATION('',(#16092),#16096);
#16092 = LINE('',#16093,#16094);
#16093 = CARTESIAN_POINT('',(0.,0.));
#16094 = VECTOR('',#16095,1.);
#16095 = DIRECTION('',(-1.225300278295E-17,-1.));
#16096 = ( GEOMETRIC_REPRESENTATION_CONTEXT(2) 
PARAMETRIC_REPRESENTATION_CONTEXT() REPRESENTATION_CONTEXT('2D SPACE',''
  ) );
#16097 = PCURVE('',#15995,#16098);
#16098 = DEFINITIONAL_REPRESENTATION('',(#16099),#16103);
#16099 = LINE('',#16100,#16101);
#16100 = CARTESIAN_POINT('',(10.,0.));
#16101 = VECTOR('',#16102,1.);
#16102 = DIRECTION('',(0.,1.));
#16103 = ( GEOMETRIC_REPRESENTATION_CONTEXT(2) 
PARAMETRIC_REPRESENTATION_CONTEXT() REPRESENTATION_CONTEXT('2D SPACE',''
  ) );
#16104 = ORIENTED_EDGE('',*,*,#16105,.T.);
#16105 = EDGE_CURVE('',#16083,#15865,#16106,.T.);
#16106 = SURFACE_CURVE('',#16107,(#16111,#16118),.PCURVE_S1.);
#16107 = LINE('',#16108,#16109);
#16108 = CARTESIAN_POINT('',(42.,32.958867549388,27.634272779121));
#16109 = VECTOR('',#16110,1.);
#16110 = DIRECTION('',(0.,0.258819045103,0.965925826289));
#16111 = PCURVE('',#15908,#16112);
#16112 = DEFINITIONAL_REPRESENTATION('',(#16113),#16117);
#16113 = LINE('',#16114,#16115);
#16114 = CARTESIAN_POINT('',(-1.208247046889E-15,-8.));
#16115 = VECTOR('',#16116,1.);
#16116 = DIRECTION('',(1.,1.225300278295E-17));
#16117 = ( GEOMETRIC_REPRESENTATION_CONTEXT(2) 
PARAMETRIC_REPRESENTATION_CONTEXT() REPRESENTATION_CONTEXT('2D SPACE',''
  ) );
#16118 = PCURVE('',#15880,#16119);
#16119 = DEFINITIONAL_REPRESENTATION('',(#16120),#16124);
#16120 = LINE('',#16121,#16122);
#16121 = CARTESIAN_POINT('',(0.,10.));
#16122 = VECTOR('',#16123,1.);
#16123 = DIRECTION('',(1.,0.));
#16124 = ( GEOMETRIC_REPRESENTATION_CONTEXT(2) 
PARAMETRIC_REPRESENTATION_CONTEXT() REPRESENTATION_CONTEXT('2D SPACE',''
  ) );
#16125 = ORIENTED_EDGE('',*,*,#15892,.F.);
#16126 = ADVANCED_FACE('',(#16127),#15880,.T.);
#16127 = FACE_BOUND('',#16128,.T.);
#16128 = EDGE_LOOP('',(#16129,#16150,#16151,#16152));
#16129 = ORIENTED_EDGE('',*,*,#16130,.F.);
#16130 = EDGE_CURVE('',#15980,#16083,#16131,.T.);
#16131 = SURFACE_CURVE('',#16132,(#16136,#16143),.PCURVE_S1.);
#16132 = LINE('',#16133,#16134);
#16133 = CARTESIAN_POINT('',(32.,32.958867549388,27.634272779121));
#16134 = VECTOR('',#16135,1.);
#16135 = DIRECTION('',(1.,0.,0.));
#16136 = PCURVE('',#15880,#16137);
#16137 = DEFINITIONAL_REPRESENTATION('',(#16138),#16142);
#16138 = LINE('',#16139,#16140);
#16139 = CARTESIAN_POINT('',(0.,0.));
#16140 = VECTOR('',#16141,1.);
#16141 = DIRECTION('',(0.,1.));
#16142 = ( GEOMETRIC_REPRESENTATION_CONTEXT(2) 
PARAMETRIC_REPRESENTATION_CONTEXT() REPRESENTATION_CONTEXT('2D SPACE',''
  ) );
#16143 = PCURVE('',#15995,#16144);
#16144 = DEFINITIONAL_REPRESENTATION('',(#16145),#16149);
#16145 = LINE('',#16146,#16147);
#16146 = CARTESIAN_POINT('',(0.,8.));
#16147 = VECTOR('',#16148,1.);
#16148 = DIRECTION('',(1.,0.));
#16149 = ( GEOMETRIC_REPRESENTATION_CONTEXT(2) 
PARAMETRIC_REPRESENTATION_CONTEXT() REPRESENTATION_CONTEXT('2D SPACE',''
  ) );
#16150 = ORIENTED_EDGE('',*,*,#16007,.T.);
#16151 = ORIENTED_EDGE('',*,*,#15864,.T.);
#16152 = ORIENTED_EDGE('',*,*,#16105,.F.);
#16153 = ADVANCED_FACE('',(#16154),#15995,.F.);
#16154 = FACE_BOUND('',#16155,.F.);
#16155 = EDGE_LOOP('',(#16156,#16157,#16158,#16159));
#16156 = ORIENTED_EDGE('',*,*,#15979,.F.);
#16157 = ORIENTED_EDGE('',*,*,#16032,.T.);
#16158 = ORIENTED_EDGE('',*,*,#16082,.T.);
#16159 = ORIENTED_EDGE('',*,*,#16130,.F.);
#16160 = ( GEOMETRIC_REPRESENTATION_CONTEXT(3) 
GLOBAL_UNCERTAINTY_ASSIGNED_CONTEXT((#16164)) 
GLOBAL_UNIT_ASSIGNED_CONTEXT((#16161,#16162,#16163)) 
REPRESENTATION_CONTEXT('Context #1',
  '3D Context with UNIT and UNCERTAINTY') );
#16161 = ( LENGTH_UNIT() NAMED_UNIT(*) SI_UNIT(.MILLI.,.METRE.) );
#16162 = ( NAMED_UNIT(*) PLANE_ANGLE_UNIT() SI_UNIT($,.RADIAN.) );
#16163 = ( NAMED_UNIT(*) SI_UNIT($,.STERADIAN.) SOLID_ANGLE_UNIT() );
#16164 = UNCERTAINTY_MEASURE_WITH_UNIT(LENGTH_MEASURE(1.E-07),#16161,
  'distance_accuracy_value','confusion accuracy');
#16165 = CONTEXT_DEPENDENT_SHAPE_REPRESENTATION(#16166,#16168);
#16166 = ( REPRESENTATION_RELATIONSHIP('','',#15507,#15484) 
REPRESENTATION_RELATIONSHIP_WITH_TRANSFORMATION(#16167) 
SHAPE_REPRESENTATION_RELATIONSHIP() );
#16167 = ITEM_DEFINED_TRANSFORMATION('','',#11,#15485);
#16168 = PRODUCT_DEFINITION_SHAPE('Placement','Placement of an item',
  #16169);
#16169 = NEXT_ASSEMBLY_USAGE_OCCURRENCE('9','','',#15479,#15502,$);
#16170 = PRODUCT_RELATED_PRODUCT_CATEGORY('part',$,(#15504));
#16171 = SHAPE_DEFINITION_REPRESENTATION(#16172,#16178);
#16172 = PRODUCT_DEFINITION_SHAPE('','',#16173);
#16173 = PRODUCT_DEFINITION('design','',#16174,#16177);
#16174 = PRODUCT_DEFINITION_FORMATION('','',#16175);
#16175 = PRODUCT('OAK_dummy','OAK_dummy','',(#16176));
#16176 = PRODUCT_CONTEXT('',#2,'mechanical');
#16177 = PRODUCT_DEFINITION_CONTEXT('part definition',#2,'design');
#16178 = SHAPE_REPRESENTATION('',(#11,#16179),#16183);
#16179 = AXIS2_PLACEMENT_3D('',#16180,#16181,#16182);
#16180 = CARTESIAN_POINT('',(0.,0.,0.));
#16181 = DIRECTION('',(0.,0.,1.));
#16182 = DIRECTION('',(1.,0.,-0.));
#16183 = ( GEOMETRIC_REPRESENTATION_CONTEXT(3) 
GLOBAL_UNCERTAINTY_ASSIGNED_CONTEXT((#16187)) 
GLOBAL_UNIT_ASSIGNED_CONTEXT((#16184,#16185,#16186)) 
REPRESENTATION_CONTEXT('Context #1',
  '3D Context with UNIT and UNCERTAINTY') );
#16184 = ( LENGTH_UNIT() NAMED_UNIT(*) SI_UNIT(.MILLI.,.METRE.) );
#16185 = ( NAMED_UNIT(*) PLANE_ANGLE_UNIT() SI_UNIT($,.RADIAN.) );
#16186 = ( NAMED_UNIT(*) SI_UNIT($,.STERADIAN.) SOLID_ANGLE_UNIT() );
#16187 = UNCERTAINTY_MEASURE_WITH_UNIT(LENGTH_MEASURE(1.E-07),#16184,
  'distance_accuracy_value','confusion accuracy');
#16188 = CONTEXT_DEPENDENT_SHAPE_REPRESENTATION(#16189,#16191);
#16189 = ( REPRESENTATION_RELATIONSHIP('','',#16178,#32) 
REPRESENTATION_RELATIONSHIP_WITH_TRANSFORMATION(#16190) 
SHAPE_REPRESENTATION_RELATIONSHIP() );
#16190 = ITEM_DEFINED_TRANSFORMATION('','',#11,#53);
#16191 = PRODUCT_DEFINITION_SHAPE('Placement','Placement of an item',
  #16192);
#16192 = NEXT_ASSEMBLY_USAGE_OCCURRENCE('12','','',#27,#16173,$);
#16193 = PRODUCT_RELATED_PRODUCT_CATEGORY('part',$,(#16175));
#16194 = SHAPE_DEFINITION_REPRESENTATION(#16195,#16201);
#16195 = PRODUCT_DEFINITION_SHAPE('','',#16196);
#16196 = PRODUCT_DEFINITION('design','',#16197,#16200);
#16197 = PRODUCT_DEFINITION_FORMATION('','',#16198);
#16198 = PRODUCT('OAK_dummy_part','OAK_dummy_part','',(#16199));
#16199 = PRODUCT_CONTEXT('',#2,'mechanical');
#16200 = PRODUCT_DEFINITION_CONTEXT('part definition',#2,'design');
#16201 = ADVANCED_BREP_SHAPE_REPRESENTATION('',(#11,#16202),#16854);
#16202 = MANIFOLD_SOLID_BREP('',#16203);
#16203 = CLOSED_SHELL('',(#16204,#16324,#16400,#16449,#16498,#16639,
    #16646,#16722,#16771,#16820,#16847));
#16204 = ADVANCED_FACE('',(#16205),#16219,.F.);
#16205 = FACE_BOUND('',#16206,.F.);
#16206 = EDGE_LOOP('',(#16207,#16242,#16270,#16298));
#16207 = ORIENTED_EDGE('',*,*,#16208,.F.);
#16208 = EDGE_CURVE('',#16209,#16211,#16213,.T.);
#16209 = VERTEX_POINT('',#16210);
#16210 = CARTESIAN_POINT('',(-40.95,23.84635962443,133.19819245175));
#16211 = VERTEX_POINT('',#16212);
#16212 = CARTESIAN_POINT('',(-40.95,39.473616345769,213.59345877611));
#16213 = SURFACE_CURVE('',#16214,(#16218,#16230),.PCURVE_S1.);
#16214 = LINE('',#16215,#16216);
#16215 = CARTESIAN_POINT('',(-40.95,23.84635962443,133.19819245175));
#16216 = VECTOR('',#16217,1.);
#16217 = DIRECTION('',(0.,0.190808995377,0.981627183448));
#16218 = PCURVE('',#16219,#16224);
#16219 = PLANE('',#16220);
#16220 = AXIS2_PLACEMENT_3D('',#16221,#16222,#16223);
#16221 = CARTESIAN_POINT('',(-40.95,23.84635962443,133.19819245175));
#16222 = DIRECTION('',(1.,0.,0.));
#16223 = DIRECTION('',(0.,0.190808995377,0.981627183448));
#16224 = DEFINITIONAL_REPRESENTATION('',(#16225),#16229);
#16225 = LINE('',#16226,#16227);
#16226 = CARTESIAN_POINT('',(0.,0.));
#16227 = VECTOR('',#16228,1.);
#16228 = DIRECTION('',(1.,6.66274657812E-18));
#16229 = ( GEOMETRIC_REPRESENTATION_CONTEXT(2) 
PARAMETRIC_REPRESENTATION_CONTEXT() REPRESENTATION_CONTEXT('2D SPACE',''
  ) );
#16230 = PCURVE('',#16231,#16236);
#16231 = PLANE('',#16232);
#16232 = AXIS2_PLACEMENT_3D('',#16233,#16234,#16235);
#16233 = CARTESIAN_POINT('',(-40.95,23.84635962443,133.19819245175));
#16234 = DIRECTION('',(0.,0.981627183448,-0.190808995377));
#16235 = DIRECTION('',(0.,0.190808995377,0.981627183448));
#16236 = DEFINITIONAL_REPRESENTATION('',(#16237),#16241);
#16237 = LINE('',#16238,#16239);
#16238 = CARTESIAN_POINT('',(0.,0.));
#16239 = VECTOR('',#16240,1.);
#16240 = DIRECTION('',(1.,0.));
#16241 = ( GEOMETRIC_REPRESENTATION_CONTEXT(2) 
PARAMETRIC_REPRESENTATION_CONTEXT() REPRESENTATION_CONTEXT('2D SPACE',''
  ) );
#16242 = ORIENTED_EDGE('',*,*,#16243,.T.);
#16243 = EDGE_CURVE('',#16209,#16244,#16246,.T.);
#16244 = VERTEX_POINT('',#16245);
#16245 = CARTESIAN_POINT('',(-40.95,54.276802311308,127.28311359507));
#16246 = SURFACE_CURVE('',#16247,(#16251,#16258),.PCURVE_S1.);
#16247 = LINE('',#16248,#16249);
#16248 = CARTESIAN_POINT('',(-40.95,23.84635962443,133.19819245175));
#16249 = VECTOR('',#16250,1.);
#16250 = DIRECTION('',(0.,0.981627183448,-0.190808995377));
#16251 = PCURVE('',#16219,#16252);
#16252 = DEFINITIONAL_REPRESENTATION('',(#16253),#16257);
#16253 = LINE('',#16254,#16255);
#16254 = CARTESIAN_POINT('',(0.,0.));
#16255 = VECTOR('',#16256,1.);
#16256 = DIRECTION('',(-6.66274657812E-18,-1.));
#16257 = ( GEOMETRIC_REPRESENTATION_CONTEXT(2) 
PARAMETRIC_REPRESENTATION_CONTEXT() REPRESENTATION_CONTEXT('2D SPACE',''
  ) );
#16258 = PCURVE('',#16259,#16264);
#16259 = PLANE('',#16260);
#16260 = AXIS2_PLACEMENT_3D('',#16261,#16262,#16263);
#16261 = CARTESIAN_POINT('',(-40.95,23.84635962443,133.19819245175));
#16262 = DIRECTION('',(0.,0.190808995377,0.981627183448));
#16263 = DIRECTION('',(1.,0.,0.));
#16264 = DEFINITIONAL_REPRESENTATION('',(#16265),#16269);
#16265 = LINE('',#16266,#16267);
#16266 = CARTESIAN_POINT('',(0.,0.));
#16267 = VECTOR('',#16268,1.);
#16268 = DIRECTION('',(0.,1.));
#16269 = ( GEOMETRIC_REPRESENTATION_CONTEXT(2) 
PARAMETRIC_REPRESENTATION_CONTEXT() REPRESENTATION_CONTEXT('2D SPACE',''
  ) );
#16270 = ORIENTED_EDGE('',*,*,#16271,.T.);
#16271 = EDGE_CURVE('',#16244,#16272,#16274,.T.);
#16272 = VERTEX_POINT('',#16273);
#16273 = CARTESIAN_POINT('',(-40.95,69.904059032647,207.67837991944));
#16274 = SURFACE_CURVE('',#16275,(#16279,#16286),.PCURVE_S1.);
#16275 = LINE('',#16276,#16277);
#16276 = CARTESIAN_POINT('',(-40.95,54.276802311308,127.28311359507));
#16277 = VECTOR('',#16278,1.);
#16278 = DIRECTION('',(0.,0.190808995377,0.981627183448));
#16279 = PCURVE('',#16219,#16280);
#16280 = DEFINITIONAL_REPRESENTATION('',(#16281),#16285);
#16281 = LINE('',#16282,#16283);
#16282 = CARTESIAN_POINT('',(-3.203054222642E-15,-31.));
#16283 = VECTOR('',#16284,1.);
#16284 = DIRECTION('',(1.,6.66274657812E-18));
#16285 = ( GEOMETRIC_REPRESENTATION_CONTEXT(2) 
PARAMETRIC_REPRESENTATION_CONTEXT() REPRESENTATION_CONTEXT('2D SPACE',''
  ) );
#16286 = PCURVE('',#16287,#16292);
#16287 = PLANE('',#16288);
#16288 = AXIS2_PLACEMENT_3D('',#16289,#16290,#16291);
#16289 = CARTESIAN_POINT('',(-40.95,54.276802311308,127.28311359507));
#16290 = DIRECTION('',(0.,0.981627183448,-0.190808995377));
#16291 = DIRECTION('',(0.,0.190808995377,0.981627183448));
#16292 = DEFINITIONAL_REPRESENTATION('',(#16293),#16297);
#16293 = LINE('',#16294,#16295);
#16294 = CARTESIAN_POINT('',(0.,0.));
#16295 = VECTOR('',#16296,1.);
#16296 = DIRECTION('',(1.,0.));
#16297 = ( GEOMETRIC_REPRESENTATION_CONTEXT(2) 
PARAMETRIC_REPRESENTATION_CONTEXT() REPRESENTATION_CONTEXT('2D SPACE',''
  ) );
#16298 = ORIENTED_EDGE('',*,*,#16299,.F.);
#16299 = EDGE_CURVE('',#16211,#16272,#16300,.T.);
#16300 = SURFACE_CURVE('',#16301,(#16305,#16312),.PCURVE_S1.);
#16301 = LINE('',#16302,#16303);
#16302 = CARTESIAN_POINT('',(-40.95,39.473616345769,213.59345877611));
#16303 = VECTOR('',#16304,1.);
#16304 = DIRECTION('',(0.,0.981627183448,-0.190808995377));
#16305 = PCURVE('',#16219,#16306);
#16306 = DEFINITIONAL_REPRESENTATION('',(#16307),#16311);
#16307 = LINE('',#16308,#16309);
#16308 = CARTESIAN_POINT('',(81.9,-1.047889465448E-15));
#16309 = VECTOR('',#16310,1.);
#16310 = DIRECTION('',(-6.66274657812E-18,-1.));
#16311 = ( GEOMETRIC_REPRESENTATION_CONTEXT(2) 
PARAMETRIC_REPRESENTATION_CONTEXT() REPRESENTATION_CONTEXT('2D SPACE',''
  ) );
#16312 = PCURVE('',#16313,#16318);
#16313 = PLANE('',#16314);
#16314 = AXIS2_PLACEMENT_3D('',#16315,#16316,#16317);
#16315 = CARTESIAN_POINT('',(-40.95,39.473616345769,213.59345877611));
#16316 = DIRECTION('',(0.,0.190808995377,0.981627183448));
#16317 = DIRECTION('',(1.,0.,0.));
#16318 = DEFINITIONAL_REPRESENTATION('',(#16319),#16323);
#16319 = LINE('',#16320,#16321);
#16320 = CARTESIAN_POINT('',(0.,0.));
#16321 = VECTOR('',#16322,1.);
#16322 = DIRECTION('',(0.,1.));
#16323 = ( GEOMETRIC_REPRESENTATION_CONTEXT(2) 
PARAMETRIC_REPRESENTATION_CONTEXT() REPRESENTATION_CONTEXT('2D SPACE',''
  ) );
#16324 = ADVANCED_FACE('',(#16325),#16231,.F.);
#16325 = FACE_BOUND('',#16326,.F.);
#16326 = EDGE_LOOP('',(#16327,#16350,#16351,#16374));
#16327 = ORIENTED_EDGE('',*,*,#16328,.F.);
#16328 = EDGE_CURVE('',#16209,#16329,#16331,.T.);
#16329 = VERTEX_POINT('',#16330);
#16330 = CARTESIAN_POINT('',(40.95,23.84635962443,133.19819245175));
#16331 = SURFACE_CURVE('',#16332,(#16336,#16343),.PCURVE_S1.);
#16332 = LINE('',#16333,#16334);
#16333 = CARTESIAN_POINT('',(-40.95,23.84635962443,133.19819245175));
#16334 = VECTOR('',#16335,1.);
#16335 = DIRECTION('',(1.,0.,0.));
#16336 = PCURVE('',#16231,#16337);
#16337 = DEFINITIONAL_REPRESENTATION('',(#16338),#16342);
#16338 = LINE('',#16339,#16340);
#16339 = CARTESIAN_POINT('',(0.,0.));
#16340 = VECTOR('',#16341,1.);
#16341 = DIRECTION('',(0.,1.));
#16342 = ( GEOMETRIC_REPRESENTATION_CONTEXT(2) 
PARAMETRIC_REPRESENTATION_CONTEXT() REPRESENTATION_CONTEXT('2D SPACE',''
  ) );
#16343 = PCURVE('',#16259,#16344);
#16344 = DEFINITIONAL_REPRESENTATION('',(#16345),#16349);
#16345 = LINE('',#16346,#16347);
#16346 = CARTESIAN_POINT('',(0.,0.));
#16347 = VECTOR('',#16348,1.);
#16348 = DIRECTION('',(1.,0.));
#16349 = ( GEOMETRIC_REPRESENTATION_CONTEXT(2) 
PARAMETRIC_REPRESENTATION_CONTEXT() REPRESENTATION_CONTEXT('2D SPACE',''
  ) );
#16350 = ORIENTED_EDGE('',*,*,#16208,.T.);
#16351 = ORIENTED_EDGE('',*,*,#16352,.T.);
#16352 = EDGE_CURVE('',#16211,#16353,#16355,.T.);
#16353 = VERTEX_POINT('',#16354);
#16354 = CARTESIAN_POINT('',(40.95,39.473616345769,213.59345877611));
#16355 = SURFACE_CURVE('',#16356,(#16360,#16367),.PCURVE_S1.);
#16356 = LINE('',#16357,#16358);
#16357 = CARTESIAN_POINT('',(-40.95,39.473616345769,213.59345877611));
#16358 = VECTOR('',#16359,1.);
#16359 = DIRECTION('',(1.,0.,0.));
#16360 = PCURVE('',#16231,#16361);
#16361 = DEFINITIONAL_REPRESENTATION('',(#16362),#16366);
#16362 = LINE('',#16363,#16364);
#16363 = CARTESIAN_POINT('',(81.9,0.));
#16364 = VECTOR('',#16365,1.);
#16365 = DIRECTION('',(0.,1.));
#16366 = ( GEOMETRIC_REPRESENTATION_CONTEXT(2) 
PARAMETRIC_REPRESENTATION_CONTEXT() REPRESENTATION_CONTEXT('2D SPACE',''
  ) );
#16367 = PCURVE('',#16313,#16368);
#16368 = DEFINITIONAL_REPRESENTATION('',(#16369),#16373);
#16369 = LINE('',#16370,#16371);
#16370 = CARTESIAN_POINT('',(0.,0.));
#16371 = VECTOR('',#16372,1.);
#16372 = DIRECTION('',(1.,0.));
#16373 = ( GEOMETRIC_REPRESENTATION_CONTEXT(2) 
PARAMETRIC_REPRESENTATION_CONTEXT() REPRESENTATION_CONTEXT('2D SPACE',''
  ) );
#16374 = ORIENTED_EDGE('',*,*,#16375,.F.);
#16375 = EDGE_CURVE('',#16329,#16353,#16376,.T.);
#16376 = SURFACE_CURVE('',#16377,(#16381,#16388),.PCURVE_S1.);
#16377 = LINE('',#16378,#16379);
#16378 = CARTESIAN_POINT('',(40.95,23.84635962443,133.19819245175));
#16379 = VECTOR('',#16380,1.);
#16380 = DIRECTION('',(0.,0.190808995377,0.981627183448));
#16381 = PCURVE('',#16231,#16382);
#16382 = DEFINITIONAL_REPRESENTATION('',(#16383),#16387);
#16383 = LINE('',#16384,#16385);
#16384 = CARTESIAN_POINT('',(0.,81.9));
#16385 = VECTOR('',#16386,1.);
#16386 = DIRECTION('',(1.,0.));
#16387 = ( GEOMETRIC_REPRESENTATION_CONTEXT(2) 
PARAMETRIC_REPRESENTATION_CONTEXT() REPRESENTATION_CONTEXT('2D SPACE',''
  ) );
#16388 = PCURVE('',#16389,#16394);
#16389 = PLANE('',#16390);
#16390 = AXIS2_PLACEMENT_3D('',#16391,#16392,#16393);
#16391 = CARTESIAN_POINT('',(40.95,23.84635962443,133.19819245175));
#16392 = DIRECTION('',(1.,0.,0.));
#16393 = DIRECTION('',(0.,0.190808995377,0.981627183448));
#16394 = DEFINITIONAL_REPRESENTATION('',(#16395),#16399);
#16395 = LINE('',#16396,#16397);
#16396 = CARTESIAN_POINT('',(0.,0.));
#16397 = VECTOR('',#16398,1.);
#16398 = DIRECTION('',(1.,6.66274657812E-18));
#16399 = ( GEOMETRIC_REPRESENTATION_CONTEXT(2) 
PARAMETRIC_REPRESENTATION_CONTEXT() REPRESENTATION_CONTEXT('2D SPACE',''
  ) );
#16400 = ADVANCED_FACE('',(#16401),#16313,.T.);
#16401 = FACE_BOUND('',#16402,.T.);
#16402 = EDGE_LOOP('',(#16403,#16404,#16405,#16428));
#16403 = ORIENTED_EDGE('',*,*,#16299,.F.);
#16404 = ORIENTED_EDGE('',*,*,#16352,.T.);
#16405 = ORIENTED_EDGE('',*,*,#16406,.T.);
#16406 = EDGE_CURVE('',#16353,#16407,#16409,.T.);
#16407 = VERTEX_POINT('',#16408);
#16408 = CARTESIAN_POINT('',(40.95,69.904059032647,207.67837991944));
#16409 = SURFACE_CURVE('',#16410,(#16414,#16421),.PCURVE_S1.);
#16410 = LINE('',#16411,#16412);
#16411 = CARTESIAN_POINT('',(40.95,39.473616345769,213.59345877611));
#16412 = VECTOR('',#16413,1.);
#16413 = DIRECTION('',(0.,0.981627183448,-0.190808995377));
#16414 = PCURVE('',#16313,#16415);
#16415 = DEFINITIONAL_REPRESENTATION('',(#16416),#16420);
#16416 = LINE('',#16417,#16418);
#16417 = CARTESIAN_POINT('',(81.9,0.));
#16418 = VECTOR('',#16419,1.);
#16419 = DIRECTION('',(0.,1.));
#16420 = ( GEOMETRIC_REPRESENTATION_CONTEXT(2) 
PARAMETRIC_REPRESENTATION_CONTEXT() REPRESENTATION_CONTEXT('2D SPACE',''
  ) );
#16421 = PCURVE('',#16389,#16422);
#16422 = DEFINITIONAL_REPRESENTATION('',(#16423),#16427);
#16423 = LINE('',#16424,#16425);
#16424 = CARTESIAN_POINT('',(81.9,-1.047889465448E-15));
#16425 = VECTOR('',#16426,1.);
#16426 = DIRECTION('',(-6.66274657812E-18,-1.));
#16427 = ( GEOMETRIC_REPRESENTATION_CONTEXT(2) 
PARAMETRIC_REPRESENTATION_CONTEXT() REPRESENTATION_CONTEXT('2D SPACE',''
  ) );
#16428 = ORIENTED_EDGE('',*,*,#16429,.F.);
#16429 = EDGE_CURVE('',#16272,#16407,#16430,.T.);
#16430 = SURFACE_CURVE('',#16431,(#16435,#16442),.PCURVE_S1.);
#16431 = LINE('',#16432,#16433);
#16432 = CARTESIAN_POINT('',(-40.95,69.904059032647,207.67837991944));
#16433 = VECTOR('',#16434,1.);
#16434 = DIRECTION('',(1.,0.,0.));
#16435 = PCURVE('',#16313,#16436);
#16436 = DEFINITIONAL_REPRESENTATION('',(#16437),#16441);
#16437 = LINE('',#16438,#16439);
#16438 = CARTESIAN_POINT('',(0.,31.));
#16439 = VECTOR('',#16440,1.);
#16440 = DIRECTION('',(1.,0.));
#16441 = ( GEOMETRIC_REPRESENTATION_CONTEXT(2) 
PARAMETRIC_REPRESENTATION_CONTEXT() REPRESENTATION_CONTEXT('2D SPACE',''
  ) );
#16442 = PCURVE('',#16287,#16443);
#16443 = DEFINITIONAL_REPRESENTATION('',(#16444),#16448);
#16444 = LINE('',#16445,#16446);
#16445 = CARTESIAN_POINT('',(81.9,0.));
#16446 = VECTOR('',#16447,1.);
#16447 = DIRECTION('',(0.,1.));
#16448 = ( GEOMETRIC_REPRESENTATION_CONTEXT(2) 
PARAMETRIC_REPRESENTATION_CONTEXT() REPRESENTATION_CONTEXT('2D SPACE',''
  ) );
#16449 = ADVANCED_FACE('',(#16450),#16287,.T.);
#16450 = FACE_BOUND('',#16451,.T.);
#16451 = EDGE_LOOP('',(#16452,#16475,#16476,#16477));
#16452 = ORIENTED_EDGE('',*,*,#16453,.F.);
#16453 = EDGE_CURVE('',#16244,#16454,#16456,.T.);
#16454 = VERTEX_POINT('',#16455);
#16455 = CARTESIAN_POINT('',(40.95,54.276802311308,127.28311359507));
#16456 = SURFACE_CURVE('',#16457,(#16461,#16468),.PCURVE_S1.);
#16457 = LINE('',#16458,#16459);
#16458 = CARTESIAN_POINT('',(-40.95,54.276802311308,127.28311359507));
#16459 = VECTOR('',#16460,1.);
#16460 = DIRECTION('',(1.,0.,0.));
#16461 = PCURVE('',#16287,#16462);
#16462 = DEFINITIONAL_REPRESENTATION('',(#16463),#16467);
#16463 = LINE('',#16464,#16465);
#16464 = CARTESIAN_POINT('',(0.,0.));
#16465 = VECTOR('',#16466,1.);
#16466 = DIRECTION('',(0.,1.));
#16467 = ( GEOMETRIC_REPRESENTATION_CONTEXT(2) 
PARAMETRIC_REPRESENTATION_CONTEXT() REPRESENTATION_CONTEXT('2D SPACE',''
  ) );
#16468 = PCURVE('',#16259,#16469);
#16469 = DEFINITIONAL_REPRESENTATION('',(#16470),#16474);
#16470 = LINE('',#16471,#16472);
#16471 = CARTESIAN_POINT('',(0.,31.));
#16472 = VECTOR('',#16473,1.);
#16473 = DIRECTION('',(1.,0.));
#16474 = ( GEOMETRIC_REPRESENTATION_CONTEXT(2) 
PARAMETRIC_REPRESENTATION_CONTEXT() REPRESENTATION_CONTEXT('2D SPACE',''
  ) );
#16475 = ORIENTED_EDGE('',*,*,#16271,.T.);
#16476 = ORIENTED_EDGE('',*,*,#16429,.T.);
#16477 = ORIENTED_EDGE('',*,*,#16478,.F.);
#16478 = EDGE_CURVE('',#16454,#16407,#16479,.T.);
#16479 = SURFACE_CURVE('',#16480,(#16484,#16491),.PCURVE_S1.);
#16480 = LINE('',#16481,#16482);
#16481 = CARTESIAN_POINT('',(40.95,54.276802311308,127.28311359507));
#16482 = VECTOR('',#16483,1.);
#16483 = DIRECTION('',(0.,0.190808995377,0.981627183448));
#16484 = PCURVE('',#16287,#16485);
#16485 = DEFINITIONAL_REPRESENTATION('',(#16486),#16490);
#16486 = LINE('',#16487,#16488);
#16487 = CARTESIAN_POINT('',(0.,81.9));
#16488 = VECTOR('',#16489,1.);
#16489 = DIRECTION('',(1.,0.));
#16490 = ( GEOMETRIC_REPRESENTATION_CONTEXT(2) 
PARAMETRIC_REPRESENTATION_CONTEXT() REPRESENTATION_CONTEXT('2D SPACE',''
  ) );
#16491 = PCURVE('',#16389,#16492);
#16492 = DEFINITIONAL_REPRESENTATION('',(#16493),#16497);
#16493 = LINE('',#16494,#16495);
#16494 = CARTESIAN_POINT('',(-3.203054222642E-15,-31.));
#16495 = VECTOR('',#16496,1.);
#16496 = DIRECTION('',(1.,6.66274657812E-18));
#16497 = ( GEOMETRIC_REPRESENTATION_CONTEXT(2) 
PARAMETRIC_REPRESENTATION_CONTEXT() REPRESENTATION_CONTEXT('2D SPACE',''
  ) );
#16498 = ADVANCED_FACE('',(#16499,#16525),#16259,.F.);
#16499 = FACE_BOUND('',#16500,.F.);
#16500 = EDGE_LOOP('',(#16501,#16502,#16503,#16524));
#16501 = ORIENTED_EDGE('',*,*,#16243,.F.);
#16502 = ORIENTED_EDGE('',*,*,#16328,.T.);
#16503 = ORIENTED_EDGE('',*,*,#16504,.T.);
#16504 = EDGE_CURVE('',#16329,#16454,#16505,.T.);
#16505 = SURFACE_CURVE('',#16506,(#16510,#16517),.PCURVE_S1.);
#16506 = LINE('',#16507,#16508);
#16507 = CARTESIAN_POINT('',(40.95,23.84635962443,133.19819245175));
#16508 = VECTOR('',#16509,1.);
#16509 = DIRECTION('',(0.,0.981627183448,-0.190808995377));
#16510 = PCURVE('',#16259,#16511);
#16511 = DEFINITIONAL_REPRESENTATION('',(#16512),#16516);
#16512 = LINE('',#16513,#16514);
#16513 = CARTESIAN_POINT('',(81.9,0.));
#16514 = VECTOR('',#16515,1.);
#16515 = DIRECTION('',(0.,1.));
#16516 = ( GEOMETRIC_REPRESENTATION_CONTEXT(2) 
PARAMETRIC_REPRESENTATION_CONTEXT() REPRESENTATION_CONTEXT('2D SPACE',''
  ) );
#16517 = PCURVE('',#16389,#16518);
#16518 = DEFINITIONAL_REPRESENTATION('',(#16519),#16523);
#16519 = LINE('',#16520,#16521);
#16520 = CARTESIAN_POINT('',(0.,0.));
#16521 = VECTOR('',#16522,1.);
#16522 = DIRECTION('',(-6.66274657812E-18,-1.));
#16523 = ( GEOMETRIC_REPRESENTATION_CONTEXT(2) 
PARAMETRIC_REPRESENTATION_CONTEXT() REPRESENTATION_CONTEXT('2D SPACE',''
  ) );
#16524 = ORIENTED_EDGE('',*,*,#16453,.F.);
#16525 = FACE_BOUND('',#16526,.F.);
#16526 = EDGE_LOOP('',(#16527,#16557,#16585,#16613));
#16527 = ORIENTED_EDGE('',*,*,#16528,.T.);
#16528 = EDGE_CURVE('',#16529,#16531,#16533,.T.);
#16529 = VERTEX_POINT('',#16530);
#16530 = CARTESIAN_POINT('',(-13.5,31.208563500288,131.76712498642));
#16531 = VERTEX_POINT('',#16532);
#16532 = CARTESIAN_POINT('',(-13.5,46.91459843545,128.7141810604));
#16533 = SURFACE_CURVE('',#16534,(#16538,#16545),.PCURVE_S1.);
#16534 = LINE('',#16535,#16536);
#16535 = CARTESIAN_POINT('',(-13.5,31.208563500288,131.76712498642));
#16536 = VECTOR('',#16537,1.);
#16537 = DIRECTION('',(0.,0.981627183448,-0.190808995377));
#16538 = PCURVE('',#16259,#16539);
#16539 = DEFINITIONAL_REPRESENTATION('',(#16540),#16544);
#16540 = LINE('',#16541,#16542);
#16541 = CARTESIAN_POINT('',(27.45,7.5));
#16542 = VECTOR('',#16543,1.);
#16543 = DIRECTION('',(0.,1.));
#16544 = ( GEOMETRIC_REPRESENTATION_CONTEXT(2) 
PARAMETRIC_REPRESENTATION_CONTEXT() REPRESENTATION_CONTEXT('2D SPACE',''
  ) );
#16545 = PCURVE('',#16546,#16551);
#16546 = PLANE('',#16547);
#16547 = AXIS2_PLACEMENT_3D('',#16548,#16549,#16550);
#16548 = CARTESIAN_POINT('',(-13.5,24.530248662109,97.410173565758));
#16549 = DIRECTION('',(1.,0.,0.));
#16550 = DIRECTION('',(0.,0.190808995377,0.981627183448));
#16551 = DEFINITIONAL_REPRESENTATION('',(#16552),#16556);
#16552 = LINE('',#16553,#16554);
#16553 = CARTESIAN_POINT('',(35.,1.124560605347E-15));
#16554 = VECTOR('',#16555,1.);
#16555 = DIRECTION('',(-6.66274657812E-18,-1.));
#16556 = ( GEOMETRIC_REPRESENTATION_CONTEXT(2) 
PARAMETRIC_REPRESENTATION_CONTEXT() REPRESENTATION_CONTEXT('2D SPACE',''
  ) );
#16557 = ORIENTED_EDGE('',*,*,#16558,.T.);
#16558 = EDGE_CURVE('',#16531,#16559,#16561,.T.);
#16559 = VERTEX_POINT('',#16560);
#16560 = CARTESIAN_POINT('',(13.5,46.91459843545,128.7141810604));
#16561 = SURFACE_CURVE('',#16562,(#16566,#16573),.PCURVE_S1.);
#16562 = LINE('',#16563,#16564);
#16563 = CARTESIAN_POINT('',(-13.5,46.91459843545,128.7141810604));
#16564 = VECTOR('',#16565,1.);
#16565 = DIRECTION('',(1.,0.,0.));
#16566 = PCURVE('',#16259,#16567);
#16567 = DEFINITIONAL_REPRESENTATION('',(#16568),#16572);
#16568 = LINE('',#16569,#16570);
#16569 = CARTESIAN_POINT('',(27.45,23.5));
#16570 = VECTOR('',#16571,1.);
#16571 = DIRECTION('',(1.,0.));
#16572 = ( GEOMETRIC_REPRESENTATION_CONTEXT(2) 
PARAMETRIC_REPRESENTATION_CONTEXT() REPRESENTATION_CONTEXT('2D SPACE',''
  ) );
#16573 = PCURVE('',#16574,#16579);
#16574 = PLANE('',#16575);
#16575 = AXIS2_PLACEMENT_3D('',#16576,#16577,#16578);
#16576 = CARTESIAN_POINT('',(-13.5,40.236283597271,94.357229639733));
#16577 = DIRECTION('',(0.,0.981627183448,-0.190808995377));
#16578 = DIRECTION('',(0.,0.190808995377,0.981627183448));
#16579 = DEFINITIONAL_REPRESENTATION('',(#16580),#16584);
#16580 = LINE('',#16581,#16582);
#16581 = CARTESIAN_POINT('',(35.,0.));
#16582 = VECTOR('',#16583,1.);
#16583 = DIRECTION('',(0.,1.));
#16584 = ( GEOMETRIC_REPRESENTATION_CONTEXT(2) 
PARAMETRIC_REPRESENTATION_CONTEXT() REPRESENTATION_CONTEXT('2D SPACE',''
  ) );
#16585 = ORIENTED_EDGE('',*,*,#16586,.F.);
#16586 = EDGE_CURVE('',#16587,#16559,#16589,.T.);
#16587 = VERTEX_POINT('',#16588);
#16588 = CARTESIAN_POINT('',(13.5,31.208563500288,131.76712498642));
#16589 = SURFACE_CURVE('',#16590,(#16594,#16601),.PCURVE_S1.);
#16590 = LINE('',#16591,#16592);
#16591 = CARTESIAN_POINT('',(13.5,31.208563500288,131.76712498642));
#16592 = VECTOR('',#16593,1.);
#16593 = DIRECTION('',(0.,0.981627183448,-0.190808995377));
#16594 = PCURVE('',#16259,#16595);
#16595 = DEFINITIONAL_REPRESENTATION('',(#16596),#16600);
#16596 = LINE('',#16597,#16598);
#16597 = CARTESIAN_POINT('',(54.45,7.5));
#16598 = VECTOR('',#16599,1.);
#16599 = DIRECTION('',(0.,1.));
#16600 = ( GEOMETRIC_REPRESENTATION_CONTEXT(2) 
PARAMETRIC_REPRESENTATION_CONTEXT() REPRESENTATION_CONTEXT('2D SPACE',''
  ) );
#16601 = PCURVE('',#16602,#16607);
#16602 = PLANE('',#16603);
#16603 = AXIS2_PLACEMENT_3D('',#16604,#16605,#16606);
#16604 = CARTESIAN_POINT('',(13.5,24.530248662109,97.410173565758));
#16605 = DIRECTION('',(1.,0.,0.));
#16606 = DIRECTION('',(0.,0.190808995377,0.981627183448));
#16607 = DEFINITIONAL_REPRESENTATION('',(#16608),#16612);
#16608 = LINE('',#16609,#16610);
#16609 = CARTESIAN_POINT('',(35.,1.124560605347E-15));
#16610 = VECTOR('',#16611,1.);
#16611 = DIRECTION('',(-6.66274657812E-18,-1.));
#16612 = ( GEOMETRIC_REPRESENTATION_CONTEXT(2) 
PARAMETRIC_REPRESENTATION_CONTEXT() REPRESENTATION_CONTEXT('2D SPACE',''
  ) );
#16613 = ORIENTED_EDGE('',*,*,#16614,.F.);
#16614 = EDGE_CURVE('',#16529,#16587,#16615,.T.);
#16615 = SURFACE_CURVE('',#16616,(#16620,#16627),.PCURVE_S1.);
#16616 = LINE('',#16617,#16618);
#16617 = CARTESIAN_POINT('',(-13.5,31.208563500288,131.76712498642));
#16618 = VECTOR('',#16619,1.);
#16619 = DIRECTION('',(1.,0.,0.));
#16620 = PCURVE('',#16259,#16621);
#16621 = DEFINITIONAL_REPRESENTATION('',(#16622),#16626);
#16622 = LINE('',#16623,#16624);
#16623 = CARTESIAN_POINT('',(27.45,7.5));
#16624 = VECTOR('',#16625,1.);
#16625 = DIRECTION('',(1.,0.));
#16626 = ( GEOMETRIC_REPRESENTATION_CONTEXT(2) 
PARAMETRIC_REPRESENTATION_CONTEXT() REPRESENTATION_CONTEXT('2D SPACE',''
  ) );
#16627 = PCURVE('',#16628,#16633);
#16628 = PLANE('',#16629);
#16629 = AXIS2_PLACEMENT_3D('',#16630,#16631,#16632);
#16630 = CARTESIAN_POINT('',(-13.5,24.530248662109,97.410173565758));
#16631 = DIRECTION('',(0.,0.981627183448,-0.190808995377));
#16632 = DIRECTION('',(0.,0.190808995377,0.981627183448));
#16633 = DEFINITIONAL_REPRESENTATION('',(#16634),#16638);
#16634 = LINE('',#16635,#16636);
#16635 = CARTESIAN_POINT('',(35.,0.));
#16636 = VECTOR('',#16637,1.);
#16637 = DIRECTION('',(0.,1.));
#16638 = ( GEOMETRIC_REPRESENTATION_CONTEXT(2) 
PARAMETRIC_REPRESENTATION_CONTEXT() REPRESENTATION_CONTEXT('2D SPACE',''
  ) );
#16639 = ADVANCED_FACE('',(#16640),#16389,.T.);
#16640 = FACE_BOUND('',#16641,.T.);
#16641 = EDGE_LOOP('',(#16642,#16643,#16644,#16645));
#16642 = ORIENTED_EDGE('',*,*,#16375,.F.);
#16643 = ORIENTED_EDGE('',*,*,#16504,.T.);
#16644 = ORIENTED_EDGE('',*,*,#16478,.T.);
#16645 = ORIENTED_EDGE('',*,*,#16406,.F.);
#16646 = ADVANCED_FACE('',(#16647),#16546,.F.);
#16647 = FACE_BOUND('',#16648,.F.);
#16648 = EDGE_LOOP('',(#16649,#16672,#16700,#16721));
#16649 = ORIENTED_EDGE('',*,*,#16650,.F.);
#16650 = EDGE_CURVE('',#16651,#16529,#16653,.T.);
#16651 = VERTEX_POINT('',#16652);
#16652 = CARTESIAN_POINT('',(-13.5,24.530248662109,97.410173565758));
#16653 = SURFACE_CURVE('',#16654,(#16658,#16665),.PCURVE_S1.);
#16654 = LINE('',#16655,#16656);
#16655 = CARTESIAN_POINT('',(-13.5,24.530248662109,97.410173565758));
#16656 = VECTOR('',#16657,1.);
#16657 = DIRECTION('',(0.,0.190808995377,0.981627183448));
#16658 = PCURVE('',#16546,#16659);
#16659 = DEFINITIONAL_REPRESENTATION('',(#16660),#16664);
#16660 = LINE('',#16661,#16662);
#16661 = CARTESIAN_POINT('',(0.,0.));
#16662 = VECTOR('',#16663,1.);
#16663 = DIRECTION('',(1.,6.66274657812E-18));
#16664 = ( GEOMETRIC_REPRESENTATION_CONTEXT(2) 
PARAMETRIC_REPRESENTATION_CONTEXT() REPRESENTATION_CONTEXT('2D SPACE',''
  ) );
#16665 = PCURVE('',#16628,#16666);
#16666 = DEFINITIONAL_REPRESENTATION('',(#16667),#16671);
#16667 = LINE('',#16668,#16669);
#16668 = CARTESIAN_POINT('',(0.,0.));
#16669 = VECTOR('',#16670,1.);
#16670 = DIRECTION('',(1.,0.));
#16671 = ( GEOMETRIC_REPRESENTATION_CONTEXT(2) 
PARAMETRIC_REPRESENTATION_CONTEXT() REPRESENTATION_CONTEXT('2D SPACE',''
  ) );
#16672 = ORIENTED_EDGE('',*,*,#16673,.T.);
#16673 = EDGE_CURVE('',#16651,#16674,#16676,.T.);
#16674 = VERTEX_POINT('',#16675);
#16675 = CARTESIAN_POINT('',(-13.5,40.236283597271,94.357229639733));
#16676 = SURFACE_CURVE('',#16677,(#16681,#16688),.PCURVE_S1.);
#16677 = LINE('',#16678,#16679);
#16678 = CARTESIAN_POINT('',(-13.5,24.530248662109,97.410173565758));
#16679 = VECTOR('',#16680,1.);
#16680 = DIRECTION('',(0.,0.981627183448,-0.190808995377));
#16681 = PCURVE('',#16546,#16682);
#16682 = DEFINITIONAL_REPRESENTATION('',(#16683),#16687);
#16683 = LINE('',#16684,#16685);
#16684 = CARTESIAN_POINT('',(0.,0.));
#16685 = VECTOR('',#16686,1.);
#16686 = DIRECTION('',(-6.66274657812E-18,-1.));
#16687 = ( GEOMETRIC_REPRESENTATION_CONTEXT(2) 
PARAMETRIC_REPRESENTATION_CONTEXT() REPRESENTATION_CONTEXT('2D SPACE',''
  ) );
#16688 = PCURVE('',#16689,#16694);
#16689 = PLANE('',#16690);
#16690 = AXIS2_PLACEMENT_3D('',#16691,#16692,#16693);
#16691 = CARTESIAN_POINT('',(-13.5,24.530248662109,97.410173565758));
#16692 = DIRECTION('',(0.,0.190808995377,0.981627183448));
#16693 = DIRECTION('',(1.,0.,0.));
#16694 = DEFINITIONAL_REPRESENTATION('',(#16695),#16699);
#16695 = LINE('',#16696,#16697);
#16696 = CARTESIAN_POINT('',(0.,0.));
#16697 = VECTOR('',#16698,1.);
#16698 = DIRECTION('',(0.,1.));
#16699 = ( GEOMETRIC_REPRESENTATION_CONTEXT(2) 
PARAMETRIC_REPRESENTATION_CONTEXT() REPRESENTATION_CONTEXT('2D SPACE',''
  ) );
#16700 = ORIENTED_EDGE('',*,*,#16701,.T.);
#16701 = EDGE_CURVE('',#16674,#16531,#16702,.T.);
#16702 = SURFACE_CURVE('',#16703,(#16707,#16714),.PCURVE_S1.);
#16703 = LINE('',#16704,#16705);
#16704 = CARTESIAN_POINT('',(-13.5,40.236283597271,94.357229639733));
#16705 = VECTOR('',#16706,1.);
#16706 = DIRECTION('',(0.,0.190808995377,0.981627183448));
#16707 = PCURVE('',#16546,#16708);
#16708 = DEFINITIONAL_REPRESENTATION('',(#16709),#16713);
#16709 = LINE('',#16710,#16711);
#16710 = CARTESIAN_POINT('',(5.988257448869E-15,-16.));
#16711 = VECTOR('',#16712,1.);
#16712 = DIRECTION('',(1.,6.66274657812E-18));
#16713 = ( GEOMETRIC_REPRESENTATION_CONTEXT(2) 
PARAMETRIC_REPRESENTATION_CONTEXT() REPRESENTATION_CONTEXT('2D SPACE',''
  ) );
#16714 = PCURVE('',#16574,#16715);
#16715 = DEFINITIONAL_REPRESENTATION('',(#16716),#16720);
#16716 = LINE('',#16717,#16718);
#16717 = CARTESIAN_POINT('',(0.,0.));
#16718 = VECTOR('',#16719,1.);
#16719 = DIRECTION('',(1.,0.));
#16720 = ( GEOMETRIC_REPRESENTATION_CONTEXT(2) 
PARAMETRIC_REPRESENTATION_CONTEXT() REPRESENTATION_CONTEXT('2D SPACE',''
  ) );
#16721 = ORIENTED_EDGE('',*,*,#16528,.F.);
#16722 = ADVANCED_FACE('',(#16723),#16628,.F.);
#16723 = FACE_BOUND('',#16724,.F.);
#16724 = EDGE_LOOP('',(#16725,#16748,#16749,#16750));
#16725 = ORIENTED_EDGE('',*,*,#16726,.F.);
#16726 = EDGE_CURVE('',#16651,#16727,#16729,.T.);
#16727 = VERTEX_POINT('',#16728);
#16728 = CARTESIAN_POINT('',(13.5,24.530248662109,97.410173565758));
#16729 = SURFACE_CURVE('',#16730,(#16734,#16741),.PCURVE_S1.);
#16730 = LINE('',#16731,#16732);
#16731 = CARTESIAN_POINT('',(-13.5,24.530248662109,97.410173565758));
#16732 = VECTOR('',#16733,1.);
#16733 = DIRECTION('',(1.,0.,0.));
#16734 = PCURVE('',#16628,#16735);
#16735 = DEFINITIONAL_REPRESENTATION('',(#16736),#16740);
#16736 = LINE('',#16737,#16738);
#16737 = CARTESIAN_POINT('',(0.,0.));
#16738 = VECTOR('',#16739,1.);
#16739 = DIRECTION('',(0.,1.));
#16740 = ( GEOMETRIC_REPRESENTATION_CONTEXT(2) 
PARAMETRIC_REPRESENTATION_CONTEXT() REPRESENTATION_CONTEXT('2D SPACE',''
  ) );
#16741 = PCURVE('',#16689,#16742);
#16742 = DEFINITIONAL_REPRESENTATION('',(#16743),#16747);
#16743 = LINE('',#16744,#16745);
#16744 = CARTESIAN_POINT('',(0.,0.));
#16745 = VECTOR('',#16746,1.);
#16746 = DIRECTION('',(1.,0.));
#16747 = ( GEOMETRIC_REPRESENTATION_CONTEXT(2) 
PARAMETRIC_REPRESENTATION_CONTEXT() REPRESENTATION_CONTEXT('2D SPACE',''
  ) );
#16748 = ORIENTED_EDGE('',*,*,#16650,.T.);
#16749 = ORIENTED_EDGE('',*,*,#16614,.T.);
#16750 = ORIENTED_EDGE('',*,*,#16751,.F.);
#16751 = EDGE_CURVE('',#16727,#16587,#16752,.T.);
#16752 = SURFACE_CURVE('',#16753,(#16757,#16764),.PCURVE_S1.);
#16753 = LINE('',#16754,#16755);
#16754 = CARTESIAN_POINT('',(13.5,24.530248662109,97.410173565758));
#16755 = VECTOR('',#16756,1.);
#16756 = DIRECTION('',(0.,0.190808995377,0.981627183448));
#16757 = PCURVE('',#16628,#16758);
#16758 = DEFINITIONAL_REPRESENTATION('',(#16759),#16763);
#16759 = LINE('',#16760,#16761);
#16760 = CARTESIAN_POINT('',(0.,27.));
#16761 = VECTOR('',#16762,1.);
#16762 = DIRECTION('',(1.,0.));
#16763 = ( GEOMETRIC_REPRESENTATION_CONTEXT(2) 
PARAMETRIC_REPRESENTATION_CONTEXT() REPRESENTATION_CONTEXT('2D SPACE',''
  ) );
#16764 = PCURVE('',#16602,#16765);
#16765 = DEFINITIONAL_REPRESENTATION('',(#16766),#16770);
#16766 = LINE('',#16767,#16768);
#16767 = CARTESIAN_POINT('',(0.,0.));
#16768 = VECTOR('',#16769,1.);
#16769 = DIRECTION('',(1.,6.66274657812E-18));
#16770 = ( GEOMETRIC_REPRESENTATION_CONTEXT(2) 
PARAMETRIC_REPRESENTATION_CONTEXT() REPRESENTATION_CONTEXT('2D SPACE',''
  ) );
#16771 = ADVANCED_FACE('',(#16772),#16602,.T.);
#16772 = FACE_BOUND('',#16773,.T.);
#16773 = EDGE_LOOP('',(#16774,#16775,#16798,#16819));
#16774 = ORIENTED_EDGE('',*,*,#16751,.F.);
#16775 = ORIENTED_EDGE('',*,*,#16776,.T.);
#16776 = EDGE_CURVE('',#16727,#16777,#16779,.T.);
#16777 = VERTEX_POINT('',#16778);
#16778 = CARTESIAN_POINT('',(13.5,40.236283597271,94.357229639733));
#16779 = SURFACE_CURVE('',#16780,(#16784,#16791),.PCURVE_S1.);
#16780 = LINE('',#16781,#16782);
#16781 = CARTESIAN_POINT('',(13.5,24.530248662109,97.410173565758));
#16782 = VECTOR('',#16783,1.);
#16783 = DIRECTION('',(0.,0.981627183448,-0.190808995377));
#16784 = PCURVE('',#16602,#16785);
#16785 = DEFINITIONAL_REPRESENTATION('',(#16786),#16790);
#16786 = LINE('',#16787,#16788);
#16787 = CARTESIAN_POINT('',(0.,0.));
#16788 = VECTOR('',#16789,1.);
#16789 = DIRECTION('',(-6.66274657812E-18,-1.));
#16790 = ( GEOMETRIC_REPRESENTATION_CONTEXT(2) 
PARAMETRIC_REPRESENTATION_CONTEXT() REPRESENTATION_CONTEXT('2D SPACE',''
  ) );
#16791 = PCURVE('',#16689,#16792);
#16792 = DEFINITIONAL_REPRESENTATION('',(#16793),#16797);
#16793 = LINE('',#16794,#16795);
#16794 = CARTESIAN_POINT('',(27.,0.));
#16795 = VECTOR('',#16796,1.);
#16796 = DIRECTION('',(0.,1.));
#16797 = ( GEOMETRIC_REPRESENTATION_CONTEXT(2) 
PARAMETRIC_REPRESENTATION_CONTEXT() REPRESENTATION_CONTEXT('2D SPACE',''
  ) );
#16798 = ORIENTED_EDGE('',*,*,#16799,.T.);
#16799 = EDGE_CURVE('',#16777,#16559,#16800,.T.);
#16800 = SURFACE_CURVE('',#16801,(#16805,#16812),.PCURVE_S1.);
#16801 = LINE('',#16802,#16803);
#16802 = CARTESIAN_POINT('',(13.5,40.236283597271,94.357229639733));
#16803 = VECTOR('',#16804,1.);
#16804 = DIRECTION('',(0.,0.190808995377,0.981627183448));
#16805 = PCURVE('',#16602,#16806);
#16806 = DEFINITIONAL_REPRESENTATION('',(#16807),#16811);
#16807 = LINE('',#16808,#16809);
#16808 = CARTESIAN_POINT('',(5.988257448869E-15,-16.));
#16809 = VECTOR('',#16810,1.);
#16810 = DIRECTION('',(1.,6.66274657812E-18));
#16811 = ( GEOMETRIC_REPRESENTATION_CONTEXT(2) 
PARAMETRIC_REPRESENTATION_CONTEXT() REPRESENTATION_CONTEXT('2D SPACE',''
  ) );
#16812 = PCURVE('',#16574,#16813);
#16813 = DEFINITIONAL_REPRESENTATION('',(#16814),#16818);
#16814 = LINE('',#16815,#16816);
#16815 = CARTESIAN_POINT('',(0.,27.));
#16816 = VECTOR('',#16817,1.);
#16817 = DIRECTION('',(1.,0.));
#16818 = ( GEOMETRIC_REPRESENTATION_CONTEXT(2) 
PARAMETRIC_REPRESENTATION_CONTEXT() REPRESENTATION_CONTEXT('2D SPACE',''
  ) );
#16819 = ORIENTED_EDGE('',*,*,#16586,.F.);
#16820 = ADVANCED_FACE('',(#16821),#16574,.T.);
#16821 = FACE_BOUND('',#16822,.T.);
#16822 = EDGE_LOOP('',(#16823,#16844,#16845,#16846));
#16823 = ORIENTED_EDGE('',*,*,#16824,.F.);
#16824 = EDGE_CURVE('',#16674,#16777,#16825,.T.);
#16825 = SURFACE_CURVE('',#16826,(#16830,#16837),.PCURVE_S1.);
#16826 = LINE('',#16827,#16828);
#16827 = CARTESIAN_POINT('',(-13.5,40.236283597271,94.357229639733));
#16828 = VECTOR('',#16829,1.);
#16829 = DIRECTION('',(1.,0.,0.));
#16830 = PCURVE('',#16574,#16831);
#16831 = DEFINITIONAL_REPRESENTATION('',(#16832),#16836);
#16832 = LINE('',#16833,#16834);
#16833 = CARTESIAN_POINT('',(0.,0.));
#16834 = VECTOR('',#16835,1.);
#16835 = DIRECTION('',(0.,1.));
#16836 = ( GEOMETRIC_REPRESENTATION_CONTEXT(2) 
PARAMETRIC_REPRESENTATION_CONTEXT() REPRESENTATION_CONTEXT('2D SPACE',''
  ) );
#16837 = PCURVE('',#16689,#16838);
#16838 = DEFINITIONAL_REPRESENTATION('',(#16839),#16843);
#16839 = LINE('',#16840,#16841);
#16840 = CARTESIAN_POINT('',(0.,16.));
#16841 = VECTOR('',#16842,1.);
#16842 = DIRECTION('',(1.,0.));
#16843 = ( GEOMETRIC_REPRESENTATION_CONTEXT(2) 
PARAMETRIC_REPRESENTATION_CONTEXT() REPRESENTATION_CONTEXT('2D SPACE',''
  ) );
#16844 = ORIENTED_EDGE('',*,*,#16701,.T.);
#16845 = ORIENTED_EDGE('',*,*,#16558,.T.);
#16846 = ORIENTED_EDGE('',*,*,#16799,.F.);
#16847 = ADVANCED_FACE('',(#16848),#16689,.F.);
#16848 = FACE_BOUND('',#16849,.F.);
#16849 = EDGE_LOOP('',(#16850,#16851,#16852,#16853));
#16850 = ORIENTED_EDGE('',*,*,#16673,.F.);
#16851 = ORIENTED_EDGE('',*,*,#16726,.T.);
#16852 = ORIENTED_EDGE('',*,*,#16776,.T.);
#16853 = ORIENTED_EDGE('',*,*,#16824,.F.);
#16854 = ( GEOMETRIC_REPRESENTATION_CONTEXT(3) 
GLOBAL_UNCERTAINTY_ASSIGNED_CONTEXT((#16858)) 
GLOBAL_UNIT_ASSIGNED_CONTEXT((#16855,#16856,#16857)) 
REPRESENTATION_CONTEXT('Context #1',
  '3D Context with UNIT and UNCERTAINTY') );
#16855 = ( LENGTH_UNIT() NAMED_UNIT(*) SI_UNIT(.MILLI.,.METRE.) );
#16856 = ( NAMED_UNIT(*) PLANE_ANGLE_UNIT() SI_UNIT($,.RADIAN.) );
#16857 = ( NAMED_UNIT(*) SI_UNIT($,.STERADIAN.) SOLID_ANGLE_UNIT() );
#16858 = UNCERTAINTY_MEASURE_WITH_UNIT(LENGTH_MEASURE(1.E-07),#16855,
  'distance_accuracy_value','confusion accuracy');
#16859 = CONTEXT_DEPENDENT_SHAPE_REPRESENTATION(#16860,#16862);
#16860 = ( REPRESENTATION_RELATIONSHIP('','',#16201,#16178) 
REPRESENTATION_RELATIONSHIP_WITH_TRANSFORMATION(#16861) 
SHAPE_REPRESENTATION_RELATIONSHIP() );
#16861 = ITEM_DEFINED_TRANSFORMATION('','',#11,#16179);
#16862 = PRODUCT_DEFINITION_SHAPE('Placement','Placement of an item',
  #16863);
#16863 = NEXT_ASSEMBLY_USAGE_OCCURRENCE('11','','',#16173,#16196,$);
#16864 = PRODUCT_RELATED_PRODUCT_CATEGORY('part',$,(#16198));
#16865 = SHAPE_DEFINITION_REPRESENTATION(#16866,#16872);
#16866 = PRODUCT_DEFINITION_SHAPE('','',#16867);
#16867 = PRODUCT_DEFINITION('design','',#16868,#16871);
#16868 = PRODUCT_DEFINITION_FORMATION('','',#16869);
#16869 = PRODUCT('IMU_dummy','IMU_dummy','',(#16870));
#16870 = PRODUCT_CONTEXT('',#2,'mechanical');
#16871 = PRODUCT_DEFINITION_CONTEXT('part definition',#2,'design');
#16872 = SHAPE_REPRESENTATION('',(#11,#16873),#16877);
#16873 = AXIS2_PLACEMENT_3D('',#16874,#16875,#16876);
#16874 = CARTESIAN_POINT('',(0.,0.,0.));
#16875 = DIRECTION('',(0.,0.,1.));
#16876 = DIRECTION('',(1.,0.,-0.));
#16877 = ( GEOMETRIC_REPRESENTATION_CONTEXT(3) 
GLOBAL_UNCERTAINTY_ASSIGNED_CONTEXT((#16881)) 
GLOBAL_UNIT_ASSIGNED_CONTEXT((#16878,#16879,#16880)) 
REPRESENTATION_CONTEXT('Context #1',
  '3D Context with UNIT and UNCERTAINTY') );
#16878 = ( LENGTH_UNIT() NAMED_UNIT(*) SI_UNIT(.MILLI.,.METRE.) );
#16879 = ( NAMED_UNIT(*) PLANE_ANGLE_UNIT() SI_UNIT($,.RADIAN.) );
#16880 = ( NAMED_UNIT(*) SI_UNIT($,.STERADIAN.) SOLID_ANGLE_UNIT() );
#16881 = UNCERTAINTY_MEASURE_WITH_UNIT(LENGTH_MEASURE(1.E-07),#16878,
  'distance_accuracy_value','confusion accuracy');
#16882 = CONTEXT_DEPENDENT_SHAPE_REPRESENTATION(#16883,#16885);
#16883 = ( REPRESENTATION_RELATIONSHIP('','',#16872,#32) 
REPRESENTATION_RELATIONSHIP_WITH_TRANSFORMATION(#16884) 
SHAPE_REPRESENTATION_RELATIONSHIP() );
#16884 = ITEM_DEFINED_TRANSFORMATION('','',#11,#57);
#16885 = PRODUCT_DEFINITION_SHAPE('Placement','Placement of an item',
  #16886);
#16886 = NEXT_ASSEMBLY_USAGE_OCCURRENCE('14','','',#27,#16867,$);
#16887 = PRODUCT_RELATED_PRODUCT_CATEGORY('part',$,(#16869));
#16888 = SHAPE_DEFINITION_REPRESENTATION(#16889,#16895);
#16889 = PRODUCT_DEFINITION_SHAPE('','',#16890);
#16890 = PRODUCT_DEFINITION('design','',#16891,#16894);
#16891 = PRODUCT_DEFINITION_FORMATION('','',#16892);
#16892 = PRODUCT('IMU_dummy_part','IMU_dummy_part','',(#16893));
#16893 = PRODUCT_CONTEXT('',#2,'mechanical');
#16894 = PRODUCT_DEFINITION_CONTEXT('part definition',#2,'design');
#16895 = ADVANCED_BREP_SHAPE_REPRESENTATION('',(#11,#16896),#17226);
#16896 = MANIFOLD_SOLID_BREP('',#16897);
#16897 = CLOSED_SHELL('',(#16898,#17018,#17118,#17165,#17212,#17219));
#16898 = ADVANCED_FACE('',(#16899),#16913,.F.);
#16899 = FACE_BOUND('',#16900,.F.);
#16900 = EDGE_LOOP('',(#16901,#16936,#16964,#16992));
#16901 = ORIENTED_EDGE('',*,*,#16902,.F.);
#16902 = EDGE_CURVE('',#16903,#16905,#16907,.T.);
#16903 = VERTEX_POINT('',#16904);
#16904 = CARTESIAN_POINT('',(-87.4,-17.5,6.5));
#16905 = VERTEX_POINT('',#16906);
#16906 = CARTESIAN_POINT('',(-87.4,-17.5,16.5));
#16907 = SURFACE_CURVE('',#16908,(#16912,#16924),.PCURVE_S1.);
#16908 = LINE('',#16909,#16910);
#16909 = CARTESIAN_POINT('',(-87.4,-17.5,6.5));
#16910 = VECTOR('',#16911,1.);
#16911 = DIRECTION('',(0.,0.,1.));
#16912 = PCURVE('',#16913,#16918);
#16913 = PLANE('',#16914);
#16914 = AXIS2_PLACEMENT_3D('',#16915,#16916,#16917);
#16915 = CARTESIAN_POINT('',(-87.4,-17.5,6.5));
#16916 = DIRECTION('',(1.,0.,0.));
#16917 = DIRECTION('',(0.,0.,1.));
#16918 = DEFINITIONAL_REPRESENTATION('',(#16919),#16923);
#16919 = LINE('',#16920,#16921);
#16920 = CARTESIAN_POINT('',(0.,0.));
#16921 = VECTOR('',#16922,1.);
#16922 = DIRECTION('',(1.,0.));
#16923 = ( GEOMETRIC_REPRESENTATION_CONTEXT(2) 
PARAMETRIC_REPRESENTATION_CONTEXT() REPRESENTATION_CONTEXT('2D SPACE',''
  ) );
#16924 = PCURVE('',#16925,#16930);
#16925 = PLANE('',#16926);
#16926 = AXIS2_PLACEMENT_3D('',#16927,#16928,#16929);
#16927 = CARTESIAN_POINT('',(-87.4,-17.5,6.5));
#16928 = DIRECTION('',(0.,1.,0.));
#16929 = DIRECTION('',(0.,0.,1.));
#16930 = DEFINITIONAL_REPRESENTATION('',(#16931),#16935);
#16931 = LINE('',#16932,#16933);
#16932 = CARTESIAN_POINT('',(0.,0.));
#16933 = VECTOR('',#16934,1.);
#16934 = DIRECTION('',(1.,0.));
#16935 = ( GEOMETRIC_REPRESENTATION_CONTEXT(2) 
PARAMETRIC_REPRESENTATION_CONTEXT() REPRESENTATION_CONTEXT('2D SPACE',''
  ) );
#16936 = ORIENTED_EDGE('',*,*,#16937,.T.);
#16937 = EDGE_CURVE('',#16903,#16938,#16940,.T.);
#16938 = VERTEX_POINT('',#16939);
#16939 = CARTESIAN_POINT('',(-87.4,17.5,6.5));
#16940 = SURFACE_CURVE('',#16941,(#16945,#16952),.PCURVE_S1.);
#16941 = LINE('',#16942,#16943);
#16942 = CARTESIAN_POINT('',(-87.4,-17.5,6.5));
#16943 = VECTOR('',#16944,1.);
#16944 = DIRECTION('',(0.,1.,0.));
#16945 = PCURVE('',#16913,#16946);
#16946 = DEFINITIONAL_REPRESENTATION('',(#16947),#16951);
#16947 = LINE('',#16948,#16949);
#16948 = CARTESIAN_POINT('',(0.,0.));
#16949 = VECTOR('',#16950,1.);
#16950 = DIRECTION('',(0.,-1.));
#16951 = ( GEOMETRIC_REPRESENTATION_CONTEXT(2) 
PARAMETRIC_REPRESENTATION_CONTEXT() REPRESENTATION_CONTEXT('2D SPACE',''
  ) );
#16952 = PCURVE('',#16953,#16958);
#16953 = PLANE('',#16954);
#16954 = AXIS2_PLACEMENT_3D('',#16955,#16956,#16957);
#16955 = CARTESIAN_POINT('',(-87.4,-17.5,6.5));
#16956 = DIRECTION('',(0.,0.,1.));
#16957 = DIRECTION('',(1.,0.,0.));
#16958 = DEFINITIONAL_REPRESENTATION('',(#16959),#16963);
#16959 = LINE('',#16960,#16961);
#16960 = CARTESIAN_POINT('',(0.,0.));
#16961 = VECTOR('',#16962,1.);
#16962 = DIRECTION('',(0.,1.));
#16963 = ( GEOMETRIC_REPRESENTATION_CONTEXT(2) 
PARAMETRIC_REPRESENTATION_CONTEXT() REPRESENTATION_CONTEXT('2D SPACE',''
  ) );
#16964 = ORIENTED_EDGE('',*,*,#16965,.T.);
#16965 = EDGE_CURVE('',#16938,#16966,#16968,.T.);
#16966 = VERTEX_POINT('',#16967);
#16967 = CARTESIAN_POINT('',(-87.4,17.5,16.5));
#16968 = SURFACE_CURVE('',#16969,(#16973,#16980),.PCURVE_S1.);
#16969 = LINE('',#16970,#16971);
#16970 = CARTESIAN_POINT('',(-87.4,17.5,6.5));
#16971 = VECTOR('',#16972,1.);
#16972 = DIRECTION('',(0.,0.,1.));
#16973 = PCURVE('',#16913,#16974);
#16974 = DEFINITIONAL_REPRESENTATION('',(#16975),#16979);
#16975 = LINE('',#16976,#16977);
#16976 = CARTESIAN_POINT('',(0.,-35.));
#16977 = VECTOR('',#16978,1.);
#16978 = DIRECTION('',(1.,0.));
#16979 = ( GEOMETRIC_REPRESENTATION_CONTEXT(2) 
PARAMETRIC_REPRESENTATION_CONTEXT() REPRESENTATION_CONTEXT('2D SPACE',''
  ) );
#16980 = PCURVE('',#16981,#16986);
#16981 = PLANE('',#16982);
#16982 = AXIS2_PLACEMENT_3D('',#16983,#16984,#16985);
#16983 = CARTESIAN_POINT('',(-87.4,17.5,6.5));
#16984 = DIRECTION('',(0.,1.,0.));
#16985 = DIRECTION('',(0.,0.,1.));
#16986 = DEFINITIONAL_REPRESENTATION('',(#16987),#16991);
#16987 = LINE('',#16988,#16989);
#16988 = CARTESIAN_POINT('',(0.,0.));
#16989 = VECTOR('',#16990,1.);
#16990 = DIRECTION('',(1.,0.));
#16991 = ( GEOMETRIC_REPRESENTATION_CONTEXT(2) 
PARAMETRIC_REPRESENTATION_CONTEXT() REPRESENTATION_CONTEXT('2D SPACE',''
  ) );
#16992 = ORIENTED_EDGE('',*,*,#16993,.F.);
#16993 = EDGE_CURVE('',#16905,#16966,#16994,.T.);
#16994 = SURFACE_CURVE('',#16995,(#16999,#17006),.PCURVE_S1.);
#16995 = LINE('',#16996,#16997);
#16996 = CARTESIAN_POINT('',(-87.4,-17.5,16.5));
#16997 = VECTOR('',#16998,1.);
#16998 = DIRECTION('',(0.,1.,0.));
#16999 = PCURVE('',#16913,#17000);
#17000 = DEFINITIONAL_REPRESENTATION('',(#17001),#17005);
#17001 = LINE('',#17002,#17003);
#17002 = CARTESIAN_POINT('',(10.,0.));
#17003 = VECTOR('',#17004,1.);
#17004 = DIRECTION('',(0.,-1.));
#17005 = ( GEOMETRIC_REPRESENTATION_CONTEXT(2) 
PARAMETRIC_REPRESENTATION_CONTEXT() REPRESENTATION_CONTEXT('2D SPACE',''
  ) );
#17006 = PCURVE('',#17007,#17012);
#17007 = PLANE('',#17008);
#17008 = AXIS2_PLACEMENT_3D('',#17009,#17010,#17011);
#17009 = CARTESIAN_POINT('',(-87.4,-17.5,16.5));
#17010 = DIRECTION('',(0.,0.,1.));
#17011 = DIRECTION('',(1.,0.,0.));
#17012 = DEFINITIONAL_REPRESENTATION('',(#17013),#17017);
#17013 = LINE('',#17014,#17015);
#17014 = CARTESIAN_POINT('',(0.,0.));
#17015 = VECTOR('',#17016,1.);
#17016 = DIRECTION('',(0.,1.));
#17017 = ( GEOMETRIC_REPRESENTATION_CONTEXT(2) 
PARAMETRIC_REPRESENTATION_CONTEXT() REPRESENTATION_CONTEXT('2D SPACE',''
  ) );
#17018 = ADVANCED_FACE('',(#17019),#17033,.T.);
#17019 = FACE_BOUND('',#17020,.T.);
#17020 = EDGE_LOOP('',(#17021,#17051,#17074,#17097));
#17021 = ORIENTED_EDGE('',*,*,#17022,.F.);
#17022 = EDGE_CURVE('',#17023,#17025,#17027,.T.);
#17023 = VERTEX_POINT('',#17024);
#17024 = CARTESIAN_POINT('',(-52.4,-17.5,6.5));
#17025 = VERTEX_POINT('',#17026);
#17026 = CARTESIAN_POINT('',(-52.4,-17.5,16.5));
#17027 = SURFACE_CURVE('',#17028,(#17032,#17044),.PCURVE_S1.);
#17028 = LINE('',#17029,#17030);
#17029 = CARTESIAN_POINT('',(-52.4,-17.5,6.5));
#17030 = VECTOR('',#17031,1.);
#17031 = DIRECTION('',(0.,0.,1.));
#17032 = PCURVE('',#17033,#17038);
#17033 = PLANE('',#17034);
#17034 = AXIS2_PLACEMENT_3D('',#17035,#17036,#17037);
#17035 = CARTESIAN_POINT('',(-52.4,-17.5,6.5));
#17036 = DIRECTION('',(1.,0.,0.));
#17037 = DIRECTION('',(0.,0.,1.));
#17038 = DEFINITIONAL_REPRESENTATION('',(#17039),#17043);
#17039 = LINE('',#17040,#17041);
#17040 = CARTESIAN_POINT('',(0.,0.));
#17041 = VECTOR('',#17042,1.);
#17042 = DIRECTION('',(1.,0.));
#17043 = ( GEOMETRIC_REPRESENTATION_CONTEXT(2) 
PARAMETRIC_REPRESENTATION_CONTEXT() REPRESENTATION_CONTEXT('2D SPACE',''
  ) );
#17044 = PCURVE('',#16925,#17045);
#17045 = DEFINITIONAL_REPRESENTATION('',(#17046),#17050);
#17046 = LINE('',#17047,#17048);
#17047 = CARTESIAN_POINT('',(0.,35.));
#17048 = VECTOR('',#17049,1.);
#17049 = DIRECTION('',(1.,0.));
#17050 = ( GEOMETRIC_REPRESENTATION_CONTEXT(2) 
PARAMETRIC_REPRESENTATION_CONTEXT() REPRESENTATION_CONTEXT('2D SPACE',''
  ) );
#17051 = ORIENTED_EDGE('',*,*,#17052,.T.);
#17052 = EDGE_CURVE('',#17023,#17053,#17055,.T.);
#17053 = VERTEX_POINT('',#17054);
#17054 = CARTESIAN_POINT('',(-52.4,17.5,6.5));
#17055 = SURFACE_CURVE('',#17056,(#17060,#17067),.PCURVE_S1.);
#17056 = LINE('',#17057,#17058);
#17057 = CARTESIAN_POINT('',(-52.4,-17.5,6.5));
#17058 = VECTOR('',#17059,1.);
#17059 = DIRECTION('',(0.,1.,0.));
#17060 = PCURVE('',#17033,#17061);
#17061 = DEFINITIONAL_REPRESENTATION('',(#17062),#17066);
#17062 = LINE('',#17063,#17064);
#17063 = CARTESIAN_POINT('',(0.,0.));
#17064 = VECTOR('',#17065,1.);
#17065 = DIRECTION('',(0.,-1.));
#17066 = ( GEOMETRIC_REPRESENTATION_CONTEXT(2) 
PARAMETRIC_REPRESENTATION_CONTEXT() REPRESENTATION_CONTEXT('2D SPACE',''
  ) );
#17067 = PCURVE('',#16953,#17068);
#17068 = DEFINITIONAL_REPRESENTATION('',(#17069),#17073);
#17069 = LINE('',#17070,#17071);
#17070 = CARTESIAN_POINT('',(35.,0.));
#17071 = VECTOR('',#17072,1.);
#17072 = DIRECTION('',(0.,1.));
#17073 = ( GEOMETRIC_REPRESENTATION_CONTEXT(2) 
PARAMETRIC_REPRESENTATION_CONTEXT() REPRESENTATION_CONTEXT('2D SPACE',''
  ) );
#17074 = ORIENTED_EDGE('',*,*,#17075,.T.);
#17075 = EDGE_CURVE('',#17053,#17076,#17078,.T.);
#17076 = VERTEX_POINT('',#17077);
#17077 = CARTESIAN_POINT('',(-52.4,17.5,16.5));
#17078 = SURFACE_CURVE('',#17079,(#17083,#17090),.PCURVE_S1.);
#17079 = LINE('',#17080,#17081);
#17080 = CARTESIAN_POINT('',(-52.4,17.5,6.5));
#17081 = VECTOR('',#17082,1.);
#17082 = DIRECTION('',(0.,0.,1.));
#17083 = PCURVE('',#17033,#17084);
#17084 = DEFINITIONAL_REPRESENTATION('',(#17085),#17089);
#17085 = LINE('',#17086,#17087);
#17086 = CARTESIAN_POINT('',(0.,-35.));
#17087 = VECTOR('',#17088,1.);
#17088 = DIRECTION('',(1.,0.));
#17089 = ( GEOMETRIC_REPRESENTATION_CONTEXT(2) 
PARAMETRIC_REPRESENTATION_CONTEXT() REPRESENTATION_CONTEXT('2D SPACE',''
  ) );
#17090 = PCURVE('',#16981,#17091);
#17091 = DEFINITIONAL_REPRESENTATION('',(#17092),#17096);
#17092 = LINE('',#17093,#17094);
#17093 = CARTESIAN_POINT('',(0.,35.));
#17094 = VECTOR('',#17095,1.);
#17095 = DIRECTION('',(1.,0.));
#17096 = ( GEOMETRIC_REPRESENTATION_CONTEXT(2) 
PARAMETRIC_REPRESENTATION_CONTEXT() REPRESENTATION_CONTEXT('2D SPACE',''
  ) );
#17097 = ORIENTED_EDGE('',*,*,#17098,.F.);
#17098 = EDGE_CURVE('',#17025,#17076,#17099,.T.);
#17099 = SURFACE_CURVE('',#17100,(#17104,#17111),.PCURVE_S1.);
#17100 = LINE('',#17101,#17102);
#17101 = CARTESIAN_POINT('',(-52.4,-17.5,16.5));
#17102 = VECTOR('',#17103,1.);
#17103 = DIRECTION('',(0.,1.,0.));
#17104 = PCURVE('',#17033,#17105);
#17105 = DEFINITIONAL_REPRESENTATION('',(#17106),#17110);
#17106 = LINE('',#17107,#17108);
#17107 = CARTESIAN_POINT('',(10.,0.));
#17108 = VECTOR('',#17109,1.);
#17109 = DIRECTION('',(0.,-1.));
#17110 = ( GEOMETRIC_REPRESENTATION_CONTEXT(2) 
PARAMETRIC_REPRESENTATION_CONTEXT() REPRESENTATION_CONTEXT('2D SPACE',''
  ) );
#17111 = PCURVE('',#17007,#17112);
#17112 = DEFINITIONAL_REPRESENTATION('',(#17113),#17117);
#17113 = LINE('',#17114,#17115);
#17114 = CARTESIAN_POINT('',(35.,0.));
#17115 = VECTOR('',#17116,1.);
#17116 = DIRECTION('',(0.,1.));
#17117 = ( GEOMETRIC_REPRESENTATION_CONTEXT(2) 
PARAMETRIC_REPRESENTATION_CONTEXT() REPRESENTATION_CONTEXT('2D SPACE',''
  ) );
#17118 = ADVANCED_FACE('',(#17119),#16925,.F.);
#17119 = FACE_BOUND('',#17120,.F.);
#17120 = EDGE_LOOP('',(#17121,#17142,#17143,#17164));
#17121 = ORIENTED_EDGE('',*,*,#17122,.F.);
#17122 = EDGE_CURVE('',#16903,#17023,#17123,.T.);
#17123 = SURFACE_CURVE('',#17124,(#17128,#17135),.PCURVE_S1.);
#17124 = LINE('',#17125,#17126);
#17125 = CARTESIAN_POINT('',(-87.4,-17.5,6.5));
#17126 = VECTOR('',#17127,1.);
#17127 = DIRECTION('',(1.,0.,0.));
#17128 = PCURVE('',#16925,#17129);
#17129 = DEFINITIONAL_REPRESENTATION('',(#17130),#17134);
#17130 = LINE('',#17131,#17132);
#17131 = CARTESIAN_POINT('',(0.,0.));
#17132 = VECTOR('',#17133,1.);
#17133 = DIRECTION('',(0.,1.));
#17134 = ( GEOMETRIC_REPRESENTATION_CONTEXT(2) 
PARAMETRIC_REPRESENTATION_CONTEXT() REPRESENTATION_CONTEXT('2D SPACE',''
  ) );
#17135 = PCURVE('',#16953,#17136);
#17136 = DEFINITIONAL_REPRESENTATION('',(#17137),#17141);
#17137 = LINE('',#17138,#17139);
#17138 = CARTESIAN_POINT('',(0.,0.));
#17139 = VECTOR('',#17140,1.);
#17140 = DIRECTION('',(1.,0.));
#17141 = ( GEOMETRIC_REPRESENTATION_CONTEXT(2) 
PARAMETRIC_REPRESENTATION_CONTEXT() REPRESENTATION_CONTEXT('2D SPACE',''
  ) );
#17142 = ORIENTED_EDGE('',*,*,#16902,.T.);
#17143 = ORIENTED_EDGE('',*,*,#17144,.T.);
#17144 = EDGE_CURVE('',#16905,#17025,#17145,.T.);
#17145 = SURFACE_CURVE('',#17146,(#17150,#17157),.PCURVE_S1.);
#17146 = LINE('',#17147,#17148);
#17147 = CARTESIAN_POINT('',(-87.4,-17.5,16.5));
#17148 = VECTOR('',#17149,1.);
#17149 = DIRECTION('',(1.,0.,0.));
#17150 = PCURVE('',#16925,#17151);
#17151 = DEFINITIONAL_REPRESENTATION('',(#17152),#17156);
#17152 = LINE('',#17153,#17154);
#17153 = CARTESIAN_POINT('',(10.,0.));
#17154 = VECTOR('',#17155,1.);
#17155 = DIRECTION('',(0.,1.));
#17156 = ( GEOMETRIC_REPRESENTATION_CONTEXT(2) 
PARAMETRIC_REPRESENTATION_CONTEXT() REPRESENTATION_CONTEXT('2D SPACE',''
  ) );
#17157 = PCURVE('',#17007,#17158);
#17158 = DEFINITIONAL_REPRESENTATION('',(#17159),#17163);
#17159 = LINE('',#17160,#17161);
#17160 = CARTESIAN_POINT('',(0.,0.));
#17161 = VECTOR('',#17162,1.);
#17162 = DIRECTION('',(1.,0.));
#17163 = ( GEOMETRIC_REPRESENTATION_CONTEXT(2) 
PARAMETRIC_REPRESENTATION_CONTEXT() REPRESENTATION_CONTEXT('2D SPACE',''
  ) );
#17164 = ORIENTED_EDGE('',*,*,#17022,.F.);
#17165 = ADVANCED_FACE('',(#17166),#16981,.T.);
#17166 = FACE_BOUND('',#17167,.T.);
#17167 = EDGE_LOOP('',(#17168,#17189,#17190,#17211));
#17168 = ORIENTED_EDGE('',*,*,#17169,.F.);
#17169 = EDGE_CURVE('',#16938,#17053,#17170,.T.);
#17170 = SURFACE_CURVE('',#17171,(#17175,#17182),.PCURVE_S1.);
#17171 = LINE('',#17172,#17173);
#17172 = CARTESIAN_POINT('',(-87.4,17.5,6.5));
#17173 = VECTOR('',#17174,1.);
#17174 = DIRECTION('',(1.,0.,0.));
#17175 = PCURVE('',#16981,#17176);
#17176 = DEFINITIONAL_REPRESENTATION('',(#17177),#17181);
#17177 = LINE('',#17178,#17179);
#17178 = CARTESIAN_POINT('',(0.,0.));
#17179 = VECTOR('',#17180,1.);
#17180 = DIRECTION('',(0.,1.));
#17181 = ( GEOMETRIC_REPRESENTATION_CONTEXT(2) 
PARAMETRIC_REPRESENTATION_CONTEXT() REPRESENTATION_CONTEXT('2D SPACE',''
  ) );
#17182 = PCURVE('',#16953,#17183);
#17183 = DEFINITIONAL_REPRESENTATION('',(#17184),#17188);
#17184 = LINE('',#17185,#17186);
#17185 = CARTESIAN_POINT('',(0.,35.));
#17186 = VECTOR('',#17187,1.);
#17187 = DIRECTION('',(1.,0.));
#17188 = ( GEOMETRIC_REPRESENTATION_CONTEXT(2) 
PARAMETRIC_REPRESENTATION_CONTEXT() REPRESENTATION_CONTEXT('2D SPACE',''
  ) );
#17189 = ORIENTED_EDGE('',*,*,#16965,.T.);
#17190 = ORIENTED_EDGE('',*,*,#17191,.T.);
#17191 = EDGE_CURVE('',#16966,#17076,#17192,.T.);
#17192 = SURFACE_CURVE('',#17193,(#17197,#17204),.PCURVE_S1.);
#17193 = LINE('',#17194,#17195);
#17194 = CARTESIAN_POINT('',(-87.4,17.5,16.5));
#17195 = VECTOR('',#17196,1.);
#17196 = DIRECTION('',(1.,0.,0.));
#17197 = PCURVE('',#16981,#17198);
#17198 = DEFINITIONAL_REPRESENTATION('',(#17199),#17203);
#17199 = LINE('',#17200,#17201);
#17200 = CARTESIAN_POINT('',(10.,0.));
#17201 = VECTOR('',#17202,1.);
#17202 = DIRECTION('',(0.,1.));
#17203 = ( GEOMETRIC_REPRESENTATION_CONTEXT(2) 
PARAMETRIC_REPRESENTATION_CONTEXT() REPRESENTATION_CONTEXT('2D SPACE',''
  ) );
#17204 = PCURVE('',#17007,#17205);
#17205 = DEFINITIONAL_REPRESENTATION('',(#17206),#17210);
#17206 = LINE('',#17207,#17208);
#17207 = CARTESIAN_POINT('',(0.,35.));
#17208 = VECTOR('',#17209,1.);
#17209 = DIRECTION('',(1.,0.));
#17210 = ( GEOMETRIC_REPRESENTATION_CONTEXT(2) 
PARAMETRIC_REPRESENTATION_CONTEXT() REPRESENTATION_CONTEXT('2D SPACE',''
  ) );
#17211 = ORIENTED_EDGE('',*,*,#17075,.F.);
#17212 = ADVANCED_FACE('',(#17213),#16953,.F.);
#17213 = FACE_BOUND('',#17214,.F.);
#17214 = EDGE_LOOP('',(#17215,#17216,#17217,#17218));
#17215 = ORIENTED_EDGE('',*,*,#16937,.F.);
#17216 = ORIENTED_EDGE('',*,*,#17122,.T.);
#17217 = ORIENTED_EDGE('',*,*,#17052,.T.);
#17218 = ORIENTED_EDGE('',*,*,#17169,.F.);
#17219 = ADVANCED_FACE('',(#17220),#17007,.T.);
#17220 = FACE_BOUND('',#17221,.T.);
#17221 = EDGE_LOOP('',(#17222,#17223,#17224,#17225));
#17222 = ORIENTED_EDGE('',*,*,#16993,.F.);
#17223 = ORIENTED_EDGE('',*,*,#17144,.T.);
#17224 = ORIENTED_EDGE('',*,*,#17098,.T.);
#17225 = ORIENTED_EDGE('',*,*,#17191,.F.);
#17226 = ( GEOMETRIC_REPRESENTATION_CONTEXT(3) 
GLOBAL_UNCERTAINTY_ASSIGNED_CONTEXT((#17230)) 
GLOBAL_UNIT_ASSIGNED_CONTEXT((#17227,#17228,#17229)) 
REPRESENTATION_CONTEXT('Context #1',
  '3D Context with UNIT and UNCERTAINTY') );
#17227 = ( LENGTH_UNIT() NAMED_UNIT(*) SI_UNIT(.MILLI.,.METRE.) );
#17228 = ( NAMED_UNIT(*) PLANE_ANGLE_UNIT() SI_UNIT($,.RADIAN.) );
#17229 = ( NAMED_UNIT(*) SI_UNIT($,.STERADIAN.) SOLID_ANGLE_UNIT() );
#17230 = UNCERTAINTY_MEASURE_WITH_UNIT(LENGTH_MEASURE(1.E-07),#17227,
  'distance_accuracy_value','confusion accuracy');
#17231 = CONTEXT_DEPENDENT_SHAPE_REPRESENTATION(#17232,#17234);
#17232 = ( REPRESENTATION_RELATIONSHIP('','',#16895,#16872) 
REPRESENTATION_RELATIONSHIP_WITH_TRANSFORMATION(#17233) 
SHAPE_REPRESENTATION_RELATIONSHIP() );
#17233 = ITEM_DEFINED_TRANSFORMATION('','',#11,#16873);
#17234 = PRODUCT_DEFINITION_SHAPE('Placement','Placement of an item',
  #17235);
#17235 = NEXT_ASSEMBLY_USAGE_OCCURRENCE('13','','',#16867,#16890,$);
#17236 = PRODUCT_RELATED_PRODUCT_CATEGORY('part',$,(#16892));
#17237 = MECHANICAL_DESIGN_GEOMETRIC_PRESENTATION_REPRESENTATION('',(
    #17238),#17226);
#17238 = STYLED_ITEM('color',(#17239),#16896);
#17239 = PRESENTATION_STYLE_ASSIGNMENT((#17240));
#17240 = SURFACE_STYLE_USAGE(.BOTH.,#17241);
#17241 = SURFACE_SIDE_STYLE('',(#17242,#17246));
#17242 = SURFACE_STYLE_FILL_AREA(#17243);
#17243 = FILL_AREA_STYLE('',(#17244));
#17244 = FILL_AREA_STYLE_COLOUR('',#17245);
#17245 = COLOUR_RGB('',0.906331759313,0.484529207832,0.484529207832);
#17246 = SURFACE_STYLE_RENDERING_WITH_PROPERTIES(.NORMAL_SHADING.,#17245
  ,(#17247));
#17247 = SURFACE_STYLE_TRANSPARENT(0.399999976158);
#17248 = MECHANICAL_DESIGN_GEOMETRIC_PRESENTATION_REPRESENTATION('',(
    #17249),#16160);
#17249 = STYLED_ITEM('color',(#17250),#15508);
#17250 = PRESENTATION_STYLE_ASSIGNMENT((#17251));
#17251 = SURFACE_STYLE_USAGE(.BOTH.,#17252);
#17252 = SURFACE_SIDE_STYLE('',(#17253,#17257));
#17253 = SURFACE_STYLE_FILL_AREA(#17254);
#17254 = FILL_AREA_STYLE('',(#17255));
#17255 = FILL_AREA_STYLE_COLOUR('',#17256);
#17256 = COLOUR_RGB('',0.484529207832,0.735356983052,0.954687160741);
#17257 = SURFACE_STYLE_RENDERING_WITH_PROPERTIES(.NORMAL_SHADING.,#17256
  ,(#17258));
#17258 = SURFACE_STYLE_TRANSPARENT(0.5);
#17259 = MECHANICAL_DESIGN_GEOMETRIC_PRESENTATION_REPRESENTATION('',(
    #17260),#16854);
#17260 = STYLED_ITEM('color',(#17261),#16202);
#17261 = PRESENTATION_STYLE_ASSIGNMENT((#17262));
#17262 = SURFACE_STYLE_USAGE(.BOTH.,#17263);
#17263 = SURFACE_SIDE_STYLE('',(#17264,#17268));
#17264 = SURFACE_STYLE_FILL_AREA(#17265);
#17265 = FILL_AREA_STYLE('',(#17266));
#17266 = FILL_AREA_STYLE_COLOUR('',#17267);
#17267 = COLOUR_RGB('',0.954687160741,0.735356983052,0.484529207832);
#17268 = SURFACE_STYLE_RENDERING_WITH_PROPERTIES(.NORMAL_SHADING.,#17267
  ,(#17269));
#17269 = SURFACE_STYLE_TRANSPARENT(0.5);
#17270 = MECHANICAL_DESIGN_GEOMETRIC_PRESENTATION_REPRESENTATION('',(
    #17271),#7652);
#17271 = STYLED_ITEM('color',(#17272),#6344);
#17272 = PRESENTATION_STYLE_ASSIGNMENT((#17273));
#17273 = SURFACE_STYLE_USAGE(.BOTH.,#17274);
#17274 = SURFACE_SIDE_STYLE('',(#17275,#17279));
#17275 = SURFACE_STYLE_FILL_AREA(#17276);
#17276 = FILL_AREA_STYLE('',(#17277));
#17277 = FILL_AREA_STYLE_COLOUR('',#17278);
#17278 = COLOUR_RGB('',0.79773774715,0.906331759313,0.79773774715);
#17279 = SURFACE_STYLE_RENDERING_WITH_PROPERTIES(.NORMAL_SHADING.,#17278
  ,(#17280));
#17280 = SURFACE_STYLE_TRANSPARENT(0.199999988079);
ENDSEC;
END-ISO-10303-21;
