[0.149s] DEBUG:colcon:Command line arguments: ['/usr/bin/colcon', 'build', '--symlink-install']
[0.149s] DEBUG:colcon:Parsed command line arguments: Namespace(log_base=None, log_level=None, verb_name='build', build_base='build', install_base='install', merge_install=False, symlink_install=True, test_result_base=None, continue_on_error=False, executor='parallel', parallel_workers=12, event_handlers=None, ignore_user_meta=False, metas=['./colcon.meta'], base_paths=['.'], packages_ignore=None, packages_ignore_regex=None, paths=None, packages_up_to=None, packages_up_to_regex=None, packages_above=None, packages_above_and_dependencies=None, packages_above_depth=None, packages_select_by_dep=None, packages_skip_by_dep=None, packages_skip_up_to=None, packages_select_build_failed=False, packages_skip_build_finished=False, packages_select_test_failures=False, packages_skip_test_passed=False, packages_select=None, packages_skip=None, packages_select_regex=None, packages_skip_regex=None, packages_start=None, packages_end=None, allow_overriding=[], cmake_args=None, cmake_target=None, cmake_target_skip_unavailable=False, cmake_clean_cache=False, cmake_clean_first=False, cmake_force_configure=False, ament_cmake_args=None, catkin_cmake_args=None, catkin_skip_building_tests=False, mixin_files=None, mixin=None, verb_parser=<colcon_mixin.mixin.mixin_argument.MixinArgumentDecorator object at 0x70043a4e58d0>, verb_extension=<colcon_core.verb.build.BuildVerb object at 0x70043a6b9cc0>, main=<bound method BuildVerb.main of <colcon_core.verb.build.BuildVerb object at 0x70043a6b9cc0>>, mixin_verb=('build',))
[0.351s] Level 1:colcon.colcon_core.package_discovery:discover_packages(colcon_meta) check parameters
[0.351s] Level 1:colcon.colcon_core.package_discovery:discover_packages(recursive) check parameters
[0.351s] Level 1:colcon.colcon_core.package_discovery:discover_packages(ignore) check parameters
[0.351s] Level 1:colcon.colcon_core.package_discovery:discover_packages(path) check parameters
[0.351s] Level 1:colcon.colcon_core.package_discovery:discover_packages(colcon_meta) discover
[0.351s] Level 1:colcon.colcon_core.package_discovery:discover_packages(recursive) discover
[0.351s] INFO:colcon.colcon_core.package_discovery:Crawling recursively for packages in '/home/ssfa/ros2_ws'
[0.351s] Level 1:colcon.colcon_core.package_identification:_identify(.) by extensions ['ignore', 'ignore_ament_install']
[0.351s] Level 1:colcon.colcon_core.package_identification:_identify(.) by extension 'ignore'
[0.351s] Level 1:colcon.colcon_core.package_identification:_identify(.) by extension 'ignore_ament_install'
[0.352s] Level 1:colcon.colcon_core.package_identification:_identify(.) by extensions ['colcon_pkg']
[0.352s] Level 1:colcon.colcon_core.package_identification:_identify(.) by extension 'colcon_pkg'
[0.352s] Level 1:colcon.colcon_core.package_identification:_identify(.) by extensions ['colcon_meta']
[0.352s] Level 1:colcon.colcon_core.package_identification:_identify(.) by extension 'colcon_meta'
[0.352s] Level 1:colcon.colcon_core.package_identification:_identify(.) by extensions ['ros']
[0.352s] Level 1:colcon.colcon_core.package_identification:_identify(.) by extension 'ros'
[0.367s] Level 1:colcon.colcon_core.package_identification:_identify(.) by extensions ['cmake', 'python']
[0.367s] Level 1:colcon.colcon_core.package_identification:_identify(.) by extension 'cmake'
[0.367s] Level 1:colcon.colcon_core.package_identification:_identify(.) by extension 'python'
[0.367s] Level 1:colcon.colcon_core.package_identification:_identify(.) by extensions ['python_setup_py']
[0.367s] Level 1:colcon.colcon_core.package_identification:_identify(.) by extension 'python_setup_py'
[0.367s] Level 1:colcon.colcon_core.package_identification:_identify(build) by extensions ['ignore', 'ignore_ament_install']
[0.367s] Level 1:colcon.colcon_core.package_identification:_identify(build) by extension 'ignore'
[0.368s] Level 1:colcon.colcon_core.package_identification:_identify(build) ignored
[0.368s] Level 1:colcon.colcon_core.package_identification:_identify(install) by extensions ['ignore', 'ignore_ament_install']
[0.368s] Level 1:colcon.colcon_core.package_identification:_identify(install) by extension 'ignore'
[0.368s] Level 1:colcon.colcon_core.package_identification:_identify(install) ignored
[0.368s] Level 1:colcon.colcon_core.package_identification:_identify(log) by extensions ['ignore', 'ignore_ament_install']
[0.368s] Level 1:colcon.colcon_core.package_identification:_identify(log) by extension 'ignore'
[0.368s] Level 1:colcon.colcon_core.package_identification:_identify(log) ignored
[0.368s] Level 1:colcon.colcon_core.package_identification:_identify(opencv_tools) by extensions ['ignore', 'ignore_ament_install']
[0.368s] Level 1:colcon.colcon_core.package_identification:_identify(opencv_tools) by extension 'ignore'
[0.368s] Level 1:colcon.colcon_core.package_identification:_identify(opencv_tools) by extension 'ignore_ament_install'
[0.368s] Level 1:colcon.colcon_core.package_identification:_identify(opencv_tools) by extensions ['colcon_pkg']
[0.368s] Level 1:colcon.colcon_core.package_identification:_identify(opencv_tools) by extension 'colcon_pkg'
[0.369s] Level 1:colcon.colcon_core.package_identification:_identify(opencv_tools) by extensions ['colcon_meta']
[0.369s] Level 1:colcon.colcon_core.package_identification:_identify(opencv_tools) by extension 'colcon_meta'
[0.369s] Level 1:colcon.colcon_core.package_identification:_identify(opencv_tools) by extensions ['ros']
[0.369s] Level 1:colcon.colcon_core.package_identification:_identify(opencv_tools) by extension 'ros'
[0.372s] DEBUG:colcon.colcon_core.package_identification:Package 'opencv_tools' with type 'ros.ament_python' and name 'opencv_tools'
[0.373s] Level 1:colcon.colcon_core.package_identification:_identify(src) by extensions ['ignore', 'ignore_ament_install']
[0.373s] Level 1:colcon.colcon_core.package_identification:_identify(src) by extension 'ignore'
[0.373s] Level 1:colcon.colcon_core.package_identification:_identify(src) by extension 'ignore_ament_install'
[0.373s] Level 1:colcon.colcon_core.package_identification:_identify(src) by extensions ['colcon_pkg']
[0.373s] Level 1:colcon.colcon_core.package_identification:_identify(src) by extension 'colcon_pkg'
[0.373s] Level 1:colcon.colcon_core.package_identification:_identify(src) by extensions ['colcon_meta']
[0.373s] Level 1:colcon.colcon_core.package_identification:_identify(src) by extension 'colcon_meta'
[0.373s] Level 1:colcon.colcon_core.package_identification:_identify(src) by extensions ['ros']
[0.373s] Level 1:colcon.colcon_core.package_identification:_identify(src) by extension 'ros'
[0.373s] Level 1:colcon.colcon_core.package_identification:_identify(src) by extensions ['cmake', 'python']
[0.373s] Level 1:colcon.colcon_core.package_identification:_identify(src) by extension 'cmake'
[0.373s] Level 1:colcon.colcon_core.package_identification:_identify(src) by extension 'python'
[0.373s] Level 1:colcon.colcon_core.package_identification:_identify(src) by extensions ['python_setup_py']
[0.373s] Level 1:colcon.colcon_core.package_identification:_identify(src) by extension 'python_setup_py'
[0.373s] Level 1:colcon.colcon_core.package_identification:_identify(src/client_pkg) by extensions ['ignore', 'ignore_ament_install']
[0.374s] Level 1:colcon.colcon_core.package_identification:_identify(src/client_pkg) by extension 'ignore'
[0.374s] Level 1:colcon.colcon_core.package_identification:_identify(src/client_pkg) by extension 'ignore_ament_install'
[0.374s] Level 1:colcon.colcon_core.package_identification:_identify(src/client_pkg) by extensions ['colcon_pkg']
[0.374s] Level 1:colcon.colcon_core.package_identification:_identify(src/client_pkg) by extension 'colcon_pkg'
[0.374s] Level 1:colcon.colcon_core.package_identification:_identify(src/client_pkg) by extensions ['colcon_meta']
[0.374s] Level 1:colcon.colcon_core.package_identification:_identify(src/client_pkg) by extension 'colcon_meta'
[0.374s] Level 1:colcon.colcon_core.package_identification:_identify(src/client_pkg) by extensions ['ros']
[0.374s] Level 1:colcon.colcon_core.package_identification:_identify(src/client_pkg) by extension 'ros'
[0.375s] DEBUG:colcon.colcon_core.package_identification:Package 'src/client_pkg' with type 'ros.ament_python' and name 'client_pkg'
[0.375s] Level 1:colcon.colcon_core.package_identification:_identify(src/custom_interface_example) by extensions ['ignore', 'ignore_ament_install']
[0.375s] Level 1:colcon.colcon_core.package_identification:_identify(src/custom_interface_example) by extension 'ignore'
[0.375s] Level 1:colcon.colcon_core.package_identification:_identify(src/custom_interface_example) by extension 'ignore_ament_install'
[0.375s] Level 1:colcon.colcon_core.package_identification:_identify(src/custom_interface_example) by extensions ['colcon_pkg']
[0.375s] Level 1:colcon.colcon_core.package_identification:_identify(src/custom_interface_example) by extension 'colcon_pkg'
[0.375s] Level 1:colcon.colcon_core.package_identification:_identify(src/custom_interface_example) by extensions ['colcon_meta']
[0.375s] Level 1:colcon.colcon_core.package_identification:_identify(src/custom_interface_example) by extension 'colcon_meta'
[0.375s] Level 1:colcon.colcon_core.package_identification:_identify(src/custom_interface_example) by extensions ['ros']
[0.376s] Level 1:colcon.colcon_core.package_identification:_identify(src/custom_interface_example) by extension 'ros'
[0.376s] DEBUG:colcon.colcon_core.package_identification:Package 'src/custom_interface_example' with type 'ros.ament_python' and name 'custom_interface_example'
[0.377s] Level 1:colcon.colcon_core.package_identification:_identify(src/custom_interfaces) by extensions ['ignore', 'ignore_ament_install']
[0.377s] Level 1:colcon.colcon_core.package_identification:_identify(src/custom_interfaces) by extension 'ignore'
[0.377s] Level 1:colcon.colcon_core.package_identification:_identify(src/custom_interfaces) by extension 'ignore_ament_install'
[0.377s] Level 1:colcon.colcon_core.package_identification:_identify(src/custom_interfaces) by extensions ['colcon_pkg']
[0.377s] Level 1:colcon.colcon_core.package_identification:_identify(src/custom_interfaces) by extension 'colcon_pkg'
[0.377s] Level 1:colcon.colcon_core.package_identification:_identify(src/custom_interfaces) by extensions ['colcon_meta']
[0.377s] Level 1:colcon.colcon_core.package_identification:_identify(src/custom_interfaces) by extension 'colcon_meta'
[0.377s] Level 1:colcon.colcon_core.package_identification:_identify(src/custom_interfaces) by extensions ['ros']
[0.377s] Level 1:colcon.colcon_core.package_identification:_identify(src/custom_interfaces) by extension 'ros'
[0.378s] DEBUG:colcon.colcon_core.package_identification:Package 'src/custom_interfaces' with type 'ros.ament_cmake' and name 'custom_interfaces'
[0.378s] Level 1:colcon.colcon_core.package_identification:_identify(src/exercise_pkg) by extensions ['ignore', 'ignore_ament_install']
[0.378s] Level 1:colcon.colcon_core.package_identification:_identify(src/exercise_pkg) by extension 'ignore'
[0.378s] Level 1:colcon.colcon_core.package_identification:_identify(src/exercise_pkg) by extension 'ignore_ament_install'
[0.378s] Level 1:colcon.colcon_core.package_identification:_identify(src/exercise_pkg) by extensions ['colcon_pkg']
[0.378s] Level 1:colcon.colcon_core.package_identification:_identify(src/exercise_pkg) by extension 'colcon_pkg'
[0.378s] Level 1:colcon.colcon_core.package_identification:_identify(src/exercise_pkg) by extensions ['colcon_meta']
[0.378s] Level 1:colcon.colcon_core.package_identification:_identify(src/exercise_pkg) by extension 'colcon_meta'
[0.378s] Level 1:colcon.colcon_core.package_identification:_identify(src/exercise_pkg) by extensions ['ros']
[0.379s] Level 1:colcon.colcon_core.package_identification:_identify(src/exercise_pkg) by extension 'ros'
[0.379s] DEBUG:colcon.colcon_core.package_identification:Package 'src/exercise_pkg' with type 'ros.ament_python' and name 'exercise_pkg'
[0.380s] Level 1:colcon.colcon_core.package_identification:_identify(src/movement_pkg) by extensions ['ignore', 'ignore_ament_install']
[0.380s] Level 1:colcon.colcon_core.package_identification:_identify(src/movement_pkg) by extension 'ignore'
[0.380s] Level 1:colcon.colcon_core.package_identification:_identify(src/movement_pkg) by extension 'ignore_ament_install'
[0.380s] Level 1:colcon.colcon_core.package_identification:_identify(src/movement_pkg) by extensions ['colcon_pkg']
[0.380s] Level 1:colcon.colcon_core.package_identification:_identify(src/movement_pkg) by extension 'colcon_pkg'
[0.380s] Level 1:colcon.colcon_core.package_identification:_identify(src/movement_pkg) by extensions ['colcon_meta']
[0.380s] Level 1:colcon.colcon_core.package_identification:_identify(src/movement_pkg) by extension 'colcon_meta'
[0.380s] Level 1:colcon.colcon_core.package_identification:_identify(src/movement_pkg) by extensions ['ros']
[0.380s] Level 1:colcon.colcon_core.package_identification:_identify(src/movement_pkg) by extension 'ros'
[0.381s] DEBUG:colcon.colcon_core.package_identification:Package 'src/movement_pkg' with type 'ros.ament_python' and name 'movement_pkg'
[0.381s] Level 1:colcon.colcon_core.package_identification:_identify(src/my_package) by extensions ['ignore', 'ignore_ament_install']
[0.381s] Level 1:colcon.colcon_core.package_identification:_identify(src/my_package) by extension 'ignore'
[0.381s] Level 1:colcon.colcon_core.package_identification:_identify(src/my_package) by extension 'ignore_ament_install'
[0.381s] Level 1:colcon.colcon_core.package_identification:_identify(src/my_package) by extensions ['colcon_pkg']
[0.381s] Level 1:colcon.colcon_core.package_identification:_identify(src/my_package) by extension 'colcon_pkg'
[0.381s] Level 1:colcon.colcon_core.package_identification:_identify(src/my_package) by extensions ['colcon_meta']
[0.381s] Level 1:colcon.colcon_core.package_identification:_identify(src/my_package) by extension 'colcon_meta'
[0.381s] Level 1:colcon.colcon_core.package_identification:_identify(src/my_package) by extensions ['ros']
[0.381s] Level 1:colcon.colcon_core.package_identification:_identify(src/my_package) by extension 'ros'
[0.382s] DEBUG:colcon.colcon_core.package_identification:Package 'src/my_package' with type 'ros.ament_python' and name 'my_package'
[0.382s] Level 1:colcon.colcon_core.package_identification:_identify(src/opencv_cam) by extensions ['ignore', 'ignore_ament_install']
[0.382s] Level 1:colcon.colcon_core.package_identification:_identify(src/opencv_cam) by extension 'ignore'
[0.382s] Level 1:colcon.colcon_core.package_identification:_identify(src/opencv_cam) by extension 'ignore_ament_install'
[0.382s] Level 1:colcon.colcon_core.package_identification:_identify(src/opencv_cam) by extensions ['colcon_pkg']
[0.382s] Level 1:colcon.colcon_core.package_identification:_identify(src/opencv_cam) by extension 'colcon_pkg'
[0.383s] Level 1:colcon.colcon_core.package_identification:_identify(src/opencv_cam) by extensions ['colcon_meta']
[0.383s] Level 1:colcon.colcon_core.package_identification:_identify(src/opencv_cam) by extension 'colcon_meta'
[0.383s] Level 1:colcon.colcon_core.package_identification:_identify(src/opencv_cam) by extensions ['ros']
[0.383s] Level 1:colcon.colcon_core.package_identification:_identify(src/opencv_cam) by extension 'ros'
[0.383s] Level 1:colcon.colcon_core.package_identification:_identify(src/opencv_cam) by extensions ['cmake', 'python']
[0.383s] Level 1:colcon.colcon_core.package_identification:_identify(src/opencv_cam) by extension 'cmake'
[0.383s] Level 1:colcon.colcon_core.package_identification:_identify(src/opencv_cam) by extension 'python'
[0.383s] Level 1:colcon.colcon_core.package_identification:_identify(src/opencv_cam) by extensions ['python_setup_py']
[0.383s] Level 1:colcon.colcon_core.package_identification:_identify(src/opencv_cam) by extension 'python_setup_py'
[0.383s] Level 1:colcon.colcon_core.package_identification:_identify(src/publisher_pkg) by extensions ['ignore', 'ignore_ament_install']
[0.383s] Level 1:colcon.colcon_core.package_identification:_identify(src/publisher_pkg) by extension 'ignore'
[0.383s] Level 1:colcon.colcon_core.package_identification:_identify(src/publisher_pkg) by extension 'ignore_ament_install'
[0.383s] Level 1:colcon.colcon_core.package_identification:_identify(src/publisher_pkg) by extensions ['colcon_pkg']
[0.383s] Level 1:colcon.colcon_core.package_identification:_identify(src/publisher_pkg) by extension 'colcon_pkg'
[0.383s] Level 1:colcon.colcon_core.package_identification:_identify(src/publisher_pkg) by extensions ['colcon_meta']
[0.383s] Level 1:colcon.colcon_core.package_identification:_identify(src/publisher_pkg) by extension 'colcon_meta'
[0.383s] Level 1:colcon.colcon_core.package_identification:_identify(src/publisher_pkg) by extensions ['ros']
[0.383s] Level 1:colcon.colcon_core.package_identification:_identify(src/publisher_pkg) by extension 'ros'
[0.384s] DEBUG:colcon.colcon_core.package_identification:Package 'src/publisher_pkg' with type 'ros.ament_python' and name 'publisher_pkg'
[0.384s] Level 1:colcon.colcon_core.package_identification:_identify(src/subscriber_pkg) by extensions ['ignore', 'ignore_ament_install']
[0.385s] Level 1:colcon.colcon_core.package_identification:_identify(src/subscriber_pkg) by extension 'ignore'
[0.385s] Level 1:colcon.colcon_core.package_identification:_identify(src/subscriber_pkg) by extension 'ignore_ament_install'
[0.385s] Level 1:colcon.colcon_core.package_identification:_identify(src/subscriber_pkg) by extensions ['colcon_pkg']
[0.385s] Level 1:colcon.colcon_core.package_identification:_identify(src/subscriber_pkg) by extension 'colcon_pkg'
[0.385s] Level 1:colcon.colcon_core.package_identification:_identify(src/subscriber_pkg) by extensions ['colcon_meta']
[0.385s] Level 1:colcon.colcon_core.package_identification:_identify(src/subscriber_pkg) by extension 'colcon_meta'
[0.385s] Level 1:colcon.colcon_core.package_identification:_identify(src/subscriber_pkg) by extensions ['ros']
[0.385s] Level 1:colcon.colcon_core.package_identification:_identify(src/subscriber_pkg) by extension 'ros'
[0.386s] DEBUG:colcon.colcon_core.package_identification:Package 'src/subscriber_pkg' with type 'ros.ament_python' and name 'subscriber_pkg'
[0.386s] Level 1:colcon.colcon_core.package_identification:_identify(src/t3) by extensions ['ignore', 'ignore_ament_install']
[0.386s] Level 1:colcon.colcon_core.package_identification:_identify(src/t3) by extension 'ignore'
[0.386s] Level 1:colcon.colcon_core.package_identification:_identify(src/t3) by extension 'ignore_ament_install'
[0.386s] Level 1:colcon.colcon_core.package_identification:_identify(src/t3) by extensions ['colcon_pkg']
[0.386s] Level 1:colcon.colcon_core.package_identification:_identify(src/t3) by extension 'colcon_pkg'
[0.386s] Level 1:colcon.colcon_core.package_identification:_identify(src/t3) by extensions ['colcon_meta']
[0.386s] Level 1:colcon.colcon_core.package_identification:_identify(src/t3) by extension 'colcon_meta'
[0.386s] Level 1:colcon.colcon_core.package_identification:_identify(src/t3) by extensions ['ros']
[0.386s] Level 1:colcon.colcon_core.package_identification:_identify(src/t3) by extension 'ros'
[0.386s] Level 1:colcon.colcon_core.package_identification:_identify(src/t3) by extensions ['cmake', 'python']
[0.386s] Level 1:colcon.colcon_core.package_identification:_identify(src/t3) by extension 'cmake'
[0.386s] Level 1:colcon.colcon_core.package_identification:_identify(src/t3) by extension 'python'
[0.387s] Level 1:colcon.colcon_core.package_identification:_identify(src/t3) by extensions ['python_setup_py']
[0.387s] Level 1:colcon.colcon_core.package_identification:_identify(src/t3) by extension 'python_setup_py'
[0.387s] Level 1:colcon.colcon_core.package_identification:_identify(src/t3/DynamixelSDK) by extensions ['ignore', 'ignore_ament_install']
[0.387s] Level 1:colcon.colcon_core.package_identification:_identify(src/t3/DynamixelSDK) by extension 'ignore'
[0.387s] Level 1:colcon.colcon_core.package_identification:_identify(src/t3/DynamixelSDK) by extension 'ignore_ament_install'
[0.387s] Level 1:colcon.colcon_core.package_identification:_identify(src/t3/DynamixelSDK) by extensions ['colcon_pkg']
[0.387s] Level 1:colcon.colcon_core.package_identification:_identify(src/t3/DynamixelSDK) by extension 'colcon_pkg'
[0.387s] Level 1:colcon.colcon_core.package_identification:_identify(src/t3/DynamixelSDK) by extensions ['colcon_meta']
[0.387s] Level 1:colcon.colcon_core.package_identification:_identify(src/t3/DynamixelSDK) by extension 'colcon_meta'
[0.387s] Level 1:colcon.colcon_core.package_identification:_identify(src/t3/DynamixelSDK) by extensions ['ros']
[0.387s] Level 1:colcon.colcon_core.package_identification:_identify(src/t3/DynamixelSDK) by extension 'ros'
[0.387s] Level 1:colcon.colcon_core.package_identification:_identify(src/t3/DynamixelSDK) by extensions ['cmake', 'python']
[0.387s] Level 1:colcon.colcon_core.package_identification:_identify(src/t3/DynamixelSDK) by extension 'cmake'
[0.387s] Level 1:colcon.colcon_core.package_identification:_identify(src/t3/DynamixelSDK) by extension 'python'
[0.387s] Level 1:colcon.colcon_core.package_identification:_identify(src/t3/DynamixelSDK) by extensions ['python_setup_py']
[0.387s] Level 1:colcon.colcon_core.package_identification:_identify(src/t3/DynamixelSDK) by extension 'python_setup_py'
[0.387s] Level 1:colcon.colcon_core.package_identification:_identify(src/t3/DynamixelSDK/dynamixel_sdk) by extensions ['ignore', 'ignore_ament_install']
[0.387s] Level 1:colcon.colcon_core.package_identification:_identify(src/t3/DynamixelSDK/dynamixel_sdk) by extension 'ignore'
[0.388s] Level 1:colcon.colcon_core.package_identification:_identify(src/t3/DynamixelSDK/dynamixel_sdk) by extension 'ignore_ament_install'
[0.388s] Level 1:colcon.colcon_core.package_identification:_identify(src/t3/DynamixelSDK/dynamixel_sdk) by extensions ['colcon_pkg']
[0.388s] Level 1:colcon.colcon_core.package_identification:_identify(src/t3/DynamixelSDK/dynamixel_sdk) by extension 'colcon_pkg'
[0.388s] Level 1:colcon.colcon_core.package_identification:_identify(src/t3/DynamixelSDK/dynamixel_sdk) by extensions ['colcon_meta']
[0.388s] Level 1:colcon.colcon_core.package_identification:_identify(src/t3/DynamixelSDK/dynamixel_sdk) by extension 'colcon_meta'
[0.388s] Level 1:colcon.colcon_core.package_identification:_identify(src/t3/DynamixelSDK/dynamixel_sdk) by extensions ['ros']
[0.388s] Level 1:colcon.colcon_core.package_identification:_identify(src/t3/DynamixelSDK/dynamixel_sdk) by extension 'ros'
[0.388s] DEBUG:colcon.colcon_core.package_identification:Package 'src/t3/DynamixelSDK/dynamixel_sdk' with type 'ros.ament_cmake' and name 'dynamixel_sdk'
[0.389s] Level 1:colcon.colcon_core.package_identification:_identify(src/t3/services_pkg) by extensions ['ignore', 'ignore_ament_install']
[0.389s] Level 1:colcon.colcon_core.package_identification:_identify(src/t3/services_pkg) by extension 'ignore'
[0.389s] Level 1:colcon.colcon_core.package_identification:_identify(src/t3/services_pkg) by extension 'ignore_ament_install'
[0.389s] Level 1:colcon.colcon_core.package_identification:_identify(src/t3/services_pkg) by extensions ['colcon_pkg']
[0.389s] Level 1:colcon.colcon_core.package_identification:_identify(src/t3/services_pkg) by extension 'colcon_pkg'
[0.389s] Level 1:colcon.colcon_core.package_identification:_identify(src/t3/services_pkg) by extensions ['colcon_meta']
[0.389s] Level 1:colcon.colcon_core.package_identification:_identify(src/t3/services_pkg) by extension 'colcon_meta'
[0.389s] Level 1:colcon.colcon_core.package_identification:_identify(src/t3/services_pkg) by extensions ['ros']
[0.389s] Level 1:colcon.colcon_core.package_identification:_identify(src/t3/services_pkg) by extension 'ros'
[0.390s] DEBUG:colcon.colcon_core.package_identification:Package 'src/t3/services_pkg' with type 'ros.ament_python' and name 'services_pkg'
[0.390s] Level 1:colcon.colcon_core.package_identification:_identify(src/t3/t3_action_msg) by extensions ['ignore', 'ignore_ament_install']
[0.390s] Level 1:colcon.colcon_core.package_identification:_identify(src/t3/t3_action_msg) by extension 'ignore'
[0.390s] Level 1:colcon.colcon_core.package_identification:_identify(src/t3/t3_action_msg) by extension 'ignore_ament_install'
[0.390s] Level 1:colcon.colcon_core.package_identification:_identify(src/t3/t3_action_msg) by extensions ['colcon_pkg']
[0.390s] Level 1:colcon.colcon_core.package_identification:_identify(src/t3/t3_action_msg) by extension 'colcon_pkg'
[0.390s] Level 1:colcon.colcon_core.package_identification:_identify(src/t3/t3_action_msg) by extensions ['colcon_meta']
[0.390s] Level 1:colcon.colcon_core.package_identification:_identify(src/t3/t3_action_msg) by extension 'colcon_meta'
[0.390s] Level 1:colcon.colcon_core.package_identification:_identify(src/t3/t3_action_msg) by extensions ['ros']
[0.390s] Level 1:colcon.colcon_core.package_identification:_identify(src/t3/t3_action_msg) by extension 'ros'
[0.391s] DEBUG:colcon.colcon_core.package_identification:Package 'src/t3/t3_action_msg' with type 'ros.ament_cmake' and name 't3_action_msg'
[0.391s] Level 1:colcon.colcon_core.package_identification:_identify(src/t3/turtlebot3) by extensions ['ignore', 'ignore_ament_install']
[0.391s] Level 1:colcon.colcon_core.package_identification:_identify(src/t3/turtlebot3) by extension 'ignore'
[0.391s] Level 1:colcon.colcon_core.package_identification:_identify(src/t3/turtlebot3) by extension 'ignore_ament_install'
[0.392s] Level 1:colcon.colcon_core.package_identification:_identify(src/t3/turtlebot3) by extensions ['colcon_pkg']
[0.392s] Level 1:colcon.colcon_core.package_identification:_identify(src/t3/turtlebot3) by extension 'colcon_pkg'
[0.392s] Level 1:colcon.colcon_core.package_identification:_identify(src/t3/turtlebot3) by extensions ['colcon_meta']
[0.392s] Level 1:colcon.colcon_core.package_identification:_identify(src/t3/turtlebot3) by extension 'colcon_meta'
[0.392s] Level 1:colcon.colcon_core.package_identification:_identify(src/t3/turtlebot3) by extensions ['ros']
[0.392s] Level 1:colcon.colcon_core.package_identification:_identify(src/t3/turtlebot3) by extension 'ros'
[0.392s] Level 1:colcon.colcon_core.package_identification:_identify(src/t3/turtlebot3) by extensions ['cmake', 'python']
[0.392s] Level 1:colcon.colcon_core.package_identification:_identify(src/t3/turtlebot3) by extension 'cmake'
[0.392s] Level 1:colcon.colcon_core.package_identification:_identify(src/t3/turtlebot3) by extension 'python'
[0.392s] Level 1:colcon.colcon_core.package_identification:_identify(src/t3/turtlebot3) by extensions ['python_setup_py']
[0.392s] Level 1:colcon.colcon_core.package_identification:_identify(src/t3/turtlebot3) by extension 'python_setup_py'
[0.392s] Level 1:colcon.colcon_core.package_identification:_identify(src/t3/turtlebot3/turtlebot3) by extensions ['ignore', 'ignore_ament_install']
[0.392s] Level 1:colcon.colcon_core.package_identification:_identify(src/t3/turtlebot3/turtlebot3) by extension 'ignore'
[0.392s] Level 1:colcon.colcon_core.package_identification:_identify(src/t3/turtlebot3/turtlebot3) by extension 'ignore_ament_install'
[0.392s] Level 1:colcon.colcon_core.package_identification:_identify(src/t3/turtlebot3/turtlebot3) by extensions ['colcon_pkg']
[0.392s] Level 1:colcon.colcon_core.package_identification:_identify(src/t3/turtlebot3/turtlebot3) by extension 'colcon_pkg'
[0.392s] Level 1:colcon.colcon_core.package_identification:_identify(src/t3/turtlebot3/turtlebot3) by extensions ['colcon_meta']
[0.392s] Level 1:colcon.colcon_core.package_identification:_identify(src/t3/turtlebot3/turtlebot3) by extension 'colcon_meta'
[0.392s] Level 1:colcon.colcon_core.package_identification:_identify(src/t3/turtlebot3/turtlebot3) by extensions ['ros']
[0.392s] Level 1:colcon.colcon_core.package_identification:_identify(src/t3/turtlebot3/turtlebot3) by extension 'ros'
[0.393s] Level 1:colcon.colcon_core.package_identification:_identify(src/t3/turtlebot3/turtlebot3) by extensions ['cmake', 'python']
[0.393s] Level 1:colcon.colcon_core.package_identification:_identify(src/t3/turtlebot3/turtlebot3) by extension 'cmake'
[0.393s] Level 1:colcon.colcon_core.package_identification:_identify(src/t3/turtlebot3/turtlebot3) by extension 'python'
[0.393s] Level 1:colcon.colcon_core.package_identification:_identify(src/t3/turtlebot3/turtlebot3) by extensions ['python_setup_py']
[0.393s] Level 1:colcon.colcon_core.package_identification:_identify(src/t3/turtlebot3/turtlebot3) by extension 'python_setup_py'
[0.393s] Level 1:colcon.colcon_core.package_identification:_identify(src/t3/turtlebot3/turtlebot3/turtlebot3) by extensions ['ignore', 'ignore_ament_install']
[0.393s] Level 1:colcon.colcon_core.package_identification:_identify(src/t3/turtlebot3/turtlebot3/turtlebot3) by extension 'ignore'
[0.393s] Level 1:colcon.colcon_core.package_identification:_identify(src/t3/turtlebot3/turtlebot3/turtlebot3) by extension 'ignore_ament_install'
[0.393s] Level 1:colcon.colcon_core.package_identification:_identify(src/t3/turtlebot3/turtlebot3/turtlebot3) by extensions ['colcon_pkg']
[0.393s] Level 1:colcon.colcon_core.package_identification:_identify(src/t3/turtlebot3/turtlebot3/turtlebot3) by extension 'colcon_pkg'
[0.393s] Level 1:colcon.colcon_core.package_identification:_identify(src/t3/turtlebot3/turtlebot3/turtlebot3) by extensions ['colcon_meta']
[0.393s] Level 1:colcon.colcon_core.package_identification:_identify(src/t3/turtlebot3/turtlebot3/turtlebot3) by extension 'colcon_meta'
[0.393s] Level 1:colcon.colcon_core.package_identification:_identify(src/t3/turtlebot3/turtlebot3/turtlebot3) by extensions ['ros']
[0.393s] Level 1:colcon.colcon_core.package_identification:_identify(src/t3/turtlebot3/turtlebot3/turtlebot3) by extension 'ros'
[0.394s] DEBUG:colcon.colcon_core.package_identification:Package 'src/t3/turtlebot3/turtlebot3/turtlebot3' with type 'ros.ament_cmake' and name 'turtlebot3'
[0.394s] Level 1:colcon.colcon_core.package_identification:_identify(src/t3/turtlebot3/turtlebot3/turtlebot3_bringup) by extensions ['ignore', 'ignore_ament_install']
[0.394s] Level 1:colcon.colcon_core.package_identification:_identify(src/t3/turtlebot3/turtlebot3/turtlebot3_bringup) by extension 'ignore'
[0.394s] Level 1:colcon.colcon_core.package_identification:_identify(src/t3/turtlebot3/turtlebot3/turtlebot3_bringup) by extension 'ignore_ament_install'
[0.394s] Level 1:colcon.colcon_core.package_identification:_identify(src/t3/turtlebot3/turtlebot3/turtlebot3_bringup) by extensions ['colcon_pkg']
[0.394s] Level 1:colcon.colcon_core.package_identification:_identify(src/t3/turtlebot3/turtlebot3/turtlebot3_bringup) by extension 'colcon_pkg'
[0.394s] Level 1:colcon.colcon_core.package_identification:_identify(src/t3/turtlebot3/turtlebot3/turtlebot3_bringup) by extensions ['colcon_meta']
[0.394s] Level 1:colcon.colcon_core.package_identification:_identify(src/t3/turtlebot3/turtlebot3/turtlebot3_bringup) by extension 'colcon_meta'
[0.394s] Level 1:colcon.colcon_core.package_identification:_identify(src/t3/turtlebot3/turtlebot3/turtlebot3_bringup) by extensions ['ros']
[0.395s] Level 1:colcon.colcon_core.package_identification:_identify(src/t3/turtlebot3/turtlebot3/turtlebot3_bringup) by extension 'ros'
[0.395s] DEBUG:colcon.colcon_core.package_identification:Package 'src/t3/turtlebot3/turtlebot3/turtlebot3_bringup' with type 'ros.ament_cmake' and name 'turtlebot3_bringup'
[0.396s] Level 1:colcon.colcon_core.package_identification:_identify(src/t3/turtlebot3/turtlebot3/turtlebot3_cartographer) by extensions ['ignore', 'ignore_ament_install']
[0.396s] Level 1:colcon.colcon_core.package_identification:_identify(src/t3/turtlebot3/turtlebot3/turtlebot3_cartographer) by extension 'ignore'
[0.396s] Level 1:colcon.colcon_core.package_identification:_identify(src/t3/turtlebot3/turtlebot3/turtlebot3_cartographer) by extension 'ignore_ament_install'
[0.396s] Level 1:colcon.colcon_core.package_identification:_identify(src/t3/turtlebot3/turtlebot3/turtlebot3_cartographer) by extensions ['colcon_pkg']
[0.396s] Level 1:colcon.colcon_core.package_identification:_identify(src/t3/turtlebot3/turtlebot3/turtlebot3_cartographer) by extension 'colcon_pkg'
[0.396s] Level 1:colcon.colcon_core.package_identification:_identify(src/t3/turtlebot3/turtlebot3/turtlebot3_cartographer) by extensions ['colcon_meta']
[0.396s] Level 1:colcon.colcon_core.package_identification:_identify(src/t3/turtlebot3/turtlebot3/turtlebot3_cartographer) by extension 'colcon_meta'
[0.396s] Level 1:colcon.colcon_core.package_identification:_identify(src/t3/turtlebot3/turtlebot3/turtlebot3_cartographer) by extensions ['ros']
[0.396s] Level 1:colcon.colcon_core.package_identification:_identify(src/t3/turtlebot3/turtlebot3/turtlebot3_cartographer) by extension 'ros'
[0.397s] DEBUG:colcon.colcon_core.package_identification:Package 'src/t3/turtlebot3/turtlebot3/turtlebot3_cartographer' with type 'ros.ament_cmake' and name 'turtlebot3_cartographer'
[0.397s] Level 1:colcon.colcon_core.package_identification:_identify(src/t3/turtlebot3/turtlebot3/turtlebot3_description) by extensions ['ignore', 'ignore_ament_install']
[0.397s] Level 1:colcon.colcon_core.package_identification:_identify(src/t3/turtlebot3/turtlebot3/turtlebot3_description) by extension 'ignore'
[0.397s] Level 1:colcon.colcon_core.package_identification:_identify(src/t3/turtlebot3/turtlebot3/turtlebot3_description) by extension 'ignore_ament_install'
[0.397s] Level 1:colcon.colcon_core.package_identification:_identify(src/t3/turtlebot3/turtlebot3/turtlebot3_description) by extensions ['colcon_pkg']
[0.397s] Level 1:colcon.colcon_core.package_identification:_identify(src/t3/turtlebot3/turtlebot3/turtlebot3_description) by extension 'colcon_pkg'
[0.397s] Level 1:colcon.colcon_core.package_identification:_identify(src/t3/turtlebot3/turtlebot3/turtlebot3_description) by extensions ['colcon_meta']
[0.397s] Level 1:colcon.colcon_core.package_identification:_identify(src/t3/turtlebot3/turtlebot3/turtlebot3_description) by extension 'colcon_meta'
[0.397s] Level 1:colcon.colcon_core.package_identification:_identify(src/t3/turtlebot3/turtlebot3/turtlebot3_description) by extensions ['ros']
[0.397s] Level 1:colcon.colcon_core.package_identification:_identify(src/t3/turtlebot3/turtlebot3/turtlebot3_description) by extension 'ros'
[0.398s] DEBUG:colcon.colcon_core.package_identification:Package 'src/t3/turtlebot3/turtlebot3/turtlebot3_description' with type 'ros.ament_cmake' and name 'turtlebot3_description'
[0.398s] Level 1:colcon.colcon_core.package_identification:_identify(src/t3/turtlebot3/turtlebot3/turtlebot3_example) by extensions ['ignore', 'ignore_ament_install']
[0.398s] Level 1:colcon.colcon_core.package_identification:_identify(src/t3/turtlebot3/turtlebot3/turtlebot3_example) by extension 'ignore'
[0.398s] Level 1:colcon.colcon_core.package_identification:_identify(src/t3/turtlebot3/turtlebot3/turtlebot3_example) by extension 'ignore_ament_install'
[0.398s] Level 1:colcon.colcon_core.package_identification:_identify(src/t3/turtlebot3/turtlebot3/turtlebot3_example) by extensions ['colcon_pkg']
[0.398s] Level 1:colcon.colcon_core.package_identification:_identify(src/t3/turtlebot3/turtlebot3/turtlebot3_example) by extension 'colcon_pkg'
[0.398s] Level 1:colcon.colcon_core.package_identification:_identify(src/t3/turtlebot3/turtlebot3/turtlebot3_example) by extensions ['colcon_meta']
[0.398s] Level 1:colcon.colcon_core.package_identification:_identify(src/t3/turtlebot3/turtlebot3/turtlebot3_example) by extension 'colcon_meta'
[0.399s] Level 1:colcon.colcon_core.package_identification:_identify(src/t3/turtlebot3/turtlebot3/turtlebot3_example) by extensions ['ros']
[0.399s] Level 1:colcon.colcon_core.package_identification:_identify(src/t3/turtlebot3/turtlebot3/turtlebot3_example) by extension 'ros'
[0.400s] DEBUG:colcon.colcon_core.package_identification:Package 'src/t3/turtlebot3/turtlebot3/turtlebot3_example' with type 'ros.ament_python' and name 'turtlebot3_example'
[0.400s] Level 1:colcon.colcon_core.package_identification:_identify(src/t3/turtlebot3/turtlebot3/turtlebot3_navigation2) by extensions ['ignore', 'ignore_ament_install']
[0.400s] Level 1:colcon.colcon_core.package_identification:_identify(src/t3/turtlebot3/turtlebot3/turtlebot3_navigation2) by extension 'ignore'
[0.400s] Level 1:colcon.colcon_core.package_identification:_identify(src/t3/turtlebot3/turtlebot3/turtlebot3_navigation2) by extension 'ignore_ament_install'
[0.400s] Level 1:colcon.colcon_core.package_identification:_identify(src/t3/turtlebot3/turtlebot3/turtlebot3_navigation2) by extensions ['colcon_pkg']
[0.400s] Level 1:colcon.colcon_core.package_identification:_identify(src/t3/turtlebot3/turtlebot3/turtlebot3_navigation2) by extension 'colcon_pkg'
[0.400s] Level 1:colcon.colcon_core.package_identification:_identify(src/t3/turtlebot3/turtlebot3/turtlebot3_navigation2) by extensions ['colcon_meta']
[0.400s] Level 1:colcon.colcon_core.package_identification:_identify(src/t3/turtlebot3/turtlebot3/turtlebot3_navigation2) by extension 'colcon_meta'
[0.400s] Level 1:colcon.colcon_core.package_identification:_identify(src/t3/turtlebot3/turtlebot3/turtlebot3_navigation2) by extensions ['ros']
[0.400s] Level 1:colcon.colcon_core.package_identification:_identify(src/t3/turtlebot3/turtlebot3/turtlebot3_navigation2) by extension 'ros'
[0.401s] DEBUG:colcon.colcon_core.package_identification:Package 'src/t3/turtlebot3/turtlebot3/turtlebot3_navigation2' with type 'ros.ament_cmake' and name 'turtlebot3_navigation2'
[0.401s] Level 1:colcon.colcon_core.package_identification:_identify(src/t3/turtlebot3/turtlebot3/turtlebot3_node) by extensions ['ignore', 'ignore_ament_install']
[0.401s] Level 1:colcon.colcon_core.package_identification:_identify(src/t3/turtlebot3/turtlebot3/turtlebot3_node) by extension 'ignore'
[0.401s] Level 1:colcon.colcon_core.package_identification:_identify(src/t3/turtlebot3/turtlebot3/turtlebot3_node) ignored
[0.401s] Level 1:colcon.colcon_core.package_identification:_identify(src/t3/turtlebot3/turtlebot3/turtlebot3_teleop) by extensions ['ignore', 'ignore_ament_install']
[0.401s] Level 1:colcon.colcon_core.package_identification:_identify(src/t3/turtlebot3/turtlebot3/turtlebot3_teleop) by extension 'ignore'
[0.401s] Level 1:colcon.colcon_core.package_identification:_identify(src/t3/turtlebot3/turtlebot3/turtlebot3_teleop) by extension 'ignore_ament_install'
[0.402s] Level 1:colcon.colcon_core.package_identification:_identify(src/t3/turtlebot3/turtlebot3/turtlebot3_teleop) by extensions ['colcon_pkg']
[0.402s] Level 1:colcon.colcon_core.package_identification:_identify(src/t3/turtlebot3/turtlebot3/turtlebot3_teleop) by extension 'colcon_pkg'
[0.402s] Level 1:colcon.colcon_core.package_identification:_identify(src/t3/turtlebot3/turtlebot3/turtlebot3_teleop) by extensions ['colcon_meta']
[0.402s] Level 1:colcon.colcon_core.package_identification:_identify(src/t3/turtlebot3/turtlebot3/turtlebot3_teleop) by extension 'colcon_meta'
[0.402s] Level 1:colcon.colcon_core.package_identification:_identify(src/t3/turtlebot3/turtlebot3/turtlebot3_teleop) by extensions ['ros']
[0.402s] Level 1:colcon.colcon_core.package_identification:_identify(src/t3/turtlebot3/turtlebot3/turtlebot3_teleop) by extension 'ros'
[0.402s] DEBUG:colcon.colcon_core.package_identification:Package 'src/t3/turtlebot3/turtlebot3/turtlebot3_teleop' with type 'ros.ament_python' and name 'turtlebot3_teleop'
[0.402s] Level 1:colcon.colcon_core.package_identification:_identify(src/t3/turtlebot3_as) by extensions ['ignore', 'ignore_ament_install']
[0.403s] Level 1:colcon.colcon_core.package_identification:_identify(src/t3/turtlebot3_as) by extension 'ignore'
[0.403s] Level 1:colcon.colcon_core.package_identification:_identify(src/t3/turtlebot3_as) by extension 'ignore_ament_install'
[0.403s] Level 1:colcon.colcon_core.package_identification:_identify(src/t3/turtlebot3_as) by extensions ['colcon_pkg']
[0.403s] Level 1:colcon.colcon_core.package_identification:_identify(src/t3/turtlebot3_as) by extension 'colcon_pkg'
[0.403s] Level 1:colcon.colcon_core.package_identification:_identify(src/t3/turtlebot3_as) by extensions ['colcon_meta']
[0.403s] Level 1:colcon.colcon_core.package_identification:_identify(src/t3/turtlebot3_as) by extension 'colcon_meta'
[0.403s] Level 1:colcon.colcon_core.package_identification:_identify(src/t3/turtlebot3_as) by extensions ['ros']
[0.403s] Level 1:colcon.colcon_core.package_identification:_identify(src/t3/turtlebot3_as) by extension 'ros'
[0.404s] DEBUG:colcon.colcon_core.package_identification:Package 'src/t3/turtlebot3_as' with type 'ros.ament_cmake' and name 'turtlebot3_as'
[0.404s] Level 1:colcon.colcon_core.package_identification:_identify(src/t3/turtlebot3_msgs) by extensions ['ignore', 'ignore_ament_install']
[0.404s] Level 1:colcon.colcon_core.package_identification:_identify(src/t3/turtlebot3_msgs) by extension 'ignore'
[0.404s] Level 1:colcon.colcon_core.package_identification:_identify(src/t3/turtlebot3_msgs) by extension 'ignore_ament_install'
[0.404s] Level 1:colcon.colcon_core.package_identification:_identify(src/t3/turtlebot3_msgs) by extensions ['colcon_pkg']
[0.404s] Level 1:colcon.colcon_core.package_identification:_identify(src/t3/turtlebot3_msgs) by extension 'colcon_pkg'
[0.404s] Level 1:colcon.colcon_core.package_identification:_identify(src/t3/turtlebot3_msgs) by extensions ['colcon_meta']
[0.404s] Level 1:colcon.colcon_core.package_identification:_identify(src/t3/turtlebot3_msgs) by extension 'colcon_meta'
[0.404s] Level 1:colcon.colcon_core.package_identification:_identify(src/t3/turtlebot3_msgs) by extensions ['ros']
[0.404s] Level 1:colcon.colcon_core.package_identification:_identify(src/t3/turtlebot3_msgs) by extension 'ros'
[0.405s] DEBUG:colcon.colcon_core.package_identification:Package 'src/t3/turtlebot3_msgs' with type 'ros.ament_cmake' and name 'turtlebot3_msgs'
[0.405s] Level 1:colcon.colcon_core.package_identification:_identify(src/t3/turtlebot3_simulations) by extensions ['ignore', 'ignore_ament_install']
[0.406s] Level 1:colcon.colcon_core.package_identification:_identify(src/t3/turtlebot3_simulations) by extension 'ignore'
[0.406s] Level 1:colcon.colcon_core.package_identification:_identify(src/t3/turtlebot3_simulations) by extension 'ignore_ament_install'
[0.406s] Level 1:colcon.colcon_core.package_identification:_identify(src/t3/turtlebot3_simulations) by extensions ['colcon_pkg']
[0.406s] Level 1:colcon.colcon_core.package_identification:_identify(src/t3/turtlebot3_simulations) by extension 'colcon_pkg'
[0.406s] Level 1:colcon.colcon_core.package_identification:_identify(src/t3/turtlebot3_simulations) by extensions ['colcon_meta']
[0.406s] Level 1:colcon.colcon_core.package_identification:_identify(src/t3/turtlebot3_simulations) by extension 'colcon_meta'
[0.406s] Level 1:colcon.colcon_core.package_identification:_identify(src/t3/turtlebot3_simulations) by extensions ['ros']
[0.406s] Level 1:colcon.colcon_core.package_identification:_identify(src/t3/turtlebot3_simulations) by extension 'ros'
[0.406s] Level 1:colcon.colcon_core.package_identification:_identify(src/t3/turtlebot3_simulations) by extensions ['cmake', 'python']
[0.406s] Level 1:colcon.colcon_core.package_identification:_identify(src/t3/turtlebot3_simulations) by extension 'cmake'
[0.406s] Level 1:colcon.colcon_core.package_identification:_identify(src/t3/turtlebot3_simulations) by extension 'python'
[0.406s] Level 1:colcon.colcon_core.package_identification:_identify(src/t3/turtlebot3_simulations) by extensions ['python_setup_py']
[0.406s] Level 1:colcon.colcon_core.package_identification:_identify(src/t3/turtlebot3_simulations) by extension 'python_setup_py'
[0.406s] Level 1:colcon.colcon_core.package_identification:_identify(src/t3/turtlebot3_simulations/turtlebot3_gazebo) by extensions ['ignore', 'ignore_ament_install']
[0.406s] Level 1:colcon.colcon_core.package_identification:_identify(src/t3/turtlebot3_simulations/turtlebot3_gazebo) by extension 'ignore'
[0.406s] Level 1:colcon.colcon_core.package_identification:_identify(src/t3/turtlebot3_simulations/turtlebot3_gazebo) by extension 'ignore_ament_install'
[0.406s] Level 1:colcon.colcon_core.package_identification:_identify(src/t3/turtlebot3_simulations/turtlebot3_gazebo) by extensions ['colcon_pkg']
[0.406s] Level 1:colcon.colcon_core.package_identification:_identify(src/t3/turtlebot3_simulations/turtlebot3_gazebo) by extension 'colcon_pkg'
[0.407s] Level 1:colcon.colcon_core.package_identification:_identify(src/t3/turtlebot3_simulations/turtlebot3_gazebo) by extensions ['colcon_meta']
[0.407s] Level 1:colcon.colcon_core.package_identification:_identify(src/t3/turtlebot3_simulations/turtlebot3_gazebo) by extension 'colcon_meta'
[0.407s] Level 1:colcon.colcon_core.package_identification:_identify(src/t3/turtlebot3_simulations/turtlebot3_gazebo) by extensions ['ros']
[0.407s] Level 1:colcon.colcon_core.package_identification:_identify(src/t3/turtlebot3_simulations/turtlebot3_gazebo) by extension 'ros'
[0.407s] DEBUG:colcon.colcon_core.package_identification:Package 'src/t3/turtlebot3_simulations/turtlebot3_gazebo' with type 'ros.ament_cmake' and name 'turtlebot3_gazebo'
[0.408s] Level 1:colcon.colcon_core.package_identification:_identify(src/t3/turtlebot3_simulations/turtlebot3_simulations) by extensions ['ignore', 'ignore_ament_install']
[0.408s] Level 1:colcon.colcon_core.package_identification:_identify(src/t3/turtlebot3_simulations/turtlebot3_simulations) by extension 'ignore'
[0.408s] Level 1:colcon.colcon_core.package_identification:_identify(src/t3/turtlebot3_simulations/turtlebot3_simulations) by extension 'ignore_ament_install'
[0.408s] Level 1:colcon.colcon_core.package_identification:_identify(src/t3/turtlebot3_simulations/turtlebot3_simulations) by extensions ['colcon_pkg']
[0.408s] Level 1:colcon.colcon_core.package_identification:_identify(src/t3/turtlebot3_simulations/turtlebot3_simulations) by extension 'colcon_pkg'
[0.408s] Level 1:colcon.colcon_core.package_identification:_identify(src/t3/turtlebot3_simulations/turtlebot3_simulations) by extensions ['colcon_meta']
[0.408s] Level 1:colcon.colcon_core.package_identification:_identify(src/t3/turtlebot3_simulations/turtlebot3_simulations) by extension 'colcon_meta'
[0.408s] Level 1:colcon.colcon_core.package_identification:_identify(src/t3/turtlebot3_simulations/turtlebot3_simulations) by extensions ['ros']
[0.408s] Level 1:colcon.colcon_core.package_identification:_identify(src/t3/turtlebot3_simulations/turtlebot3_simulations) by extension 'ros'
[0.409s] DEBUG:colcon.colcon_core.package_identification:Package 'src/t3/turtlebot3_simulations/turtlebot3_simulations' with type 'ros.ament_cmake' and name 'turtlebot3_simulations'
[0.409s] Level 1:colcon.colcon_core.package_identification:_identify(src/topic_exercise) by extensions ['ignore', 'ignore_ament_install']
[0.409s] Level 1:colcon.colcon_core.package_identification:_identify(src/topic_exercise) by extension 'ignore'
[0.409s] Level 1:colcon.colcon_core.package_identification:_identify(src/topic_exercise) by extension 'ignore_ament_install'
[0.409s] Level 1:colcon.colcon_core.package_identification:_identify(src/topic_exercise) by extensions ['colcon_pkg']
[0.409s] Level 1:colcon.colcon_core.package_identification:_identify(src/topic_exercise) by extension 'colcon_pkg'
[0.409s] Level 1:colcon.colcon_core.package_identification:_identify(src/topic_exercise) by extensions ['colcon_meta']
[0.409s] Level 1:colcon.colcon_core.package_identification:_identify(src/topic_exercise) by extension 'colcon_meta'
[0.409s] Level 1:colcon.colcon_core.package_identification:_identify(src/topic_exercise) by extensions ['ros']
[0.409s] Level 1:colcon.colcon_core.package_identification:_identify(src/topic_exercise) by extension 'ros'
[0.410s] DEBUG:colcon.colcon_core.package_identification:Package 'src/topic_exercise' with type 'ros.ament_python' and name 'topic_exercise'
[0.410s] Level 1:colcon.colcon_core.package_discovery:discover_packages(recursive) using defaults
[0.411s] Level 1:colcon.colcon_core.package_discovery:discover_packages(ignore) discover
[0.411s] Level 1:colcon.colcon_core.package_discovery:discover_packages(ignore) using defaults
[0.411s] Level 1:colcon.colcon_core.package_discovery:discover_packages(path) discover
[0.411s] Level 1:colcon.colcon_core.package_discovery:discover_packages(path) using defaults
[0.461s] Level 1:colcon.colcon_core.package_discovery:discover_packages(prefix_path) check parameters
[0.461s] Level 1:colcon.colcon_core.package_discovery:discover_packages(prefix_path) discover
[0.465s] DEBUG:colcon.colcon_installed_package_information.package_discovery:Found 25 installed packages in /home/ssfa/ros2_ws/install
[0.467s] DEBUG:colcon.colcon_installed_package_information.package_discovery:Found 276 installed packages in /opt/ros/humble
[0.468s] Level 1:colcon.colcon_core.package_discovery:discover_packages(prefix_path) using defaults
[0.513s] Level 5:colcon.colcon_core.verb:set package 'client_pkg' build argument 'cmake_args' from command line to 'None'
[0.513s] Level 5:colcon.colcon_core.verb:set package 'client_pkg' build argument 'cmake_target' from command line to 'None'
[0.513s] Level 5:colcon.colcon_core.verb:set package 'client_pkg' build argument 'cmake_target_skip_unavailable' from command line to 'False'
[0.513s] Level 5:colcon.colcon_core.verb:set package 'client_pkg' build argument 'cmake_clean_cache' from command line to 'False'
[0.513s] Level 5:colcon.colcon_core.verb:set package 'client_pkg' build argument 'cmake_clean_first' from command line to 'False'
[0.513s] Level 5:colcon.colcon_core.verb:set package 'client_pkg' build argument 'cmake_force_configure' from command line to 'False'
[0.513s] Level 5:colcon.colcon_core.verb:set package 'client_pkg' build argument 'ament_cmake_args' from command line to 'None'
[0.513s] Level 5:colcon.colcon_core.verb:set package 'client_pkg' build argument 'catkin_cmake_args' from command line to 'None'
[0.513s] Level 5:colcon.colcon_core.verb:set package 'client_pkg' build argument 'catkin_skip_building_tests' from command line to 'False'
[0.513s] DEBUG:colcon.colcon_core.verb:Building package 'client_pkg' with the following arguments: {'ament_cmake_args': None, 'build_base': '/home/ssfa/ros2_ws/build/client_pkg', 'catkin_cmake_args': None, 'catkin_skip_building_tests': False, 'cmake_args': None, 'cmake_clean_cache': False, 'cmake_clean_first': False, 'cmake_force_configure': False, 'cmake_target': None, 'cmake_target_skip_unavailable': False, 'install_base': '/home/ssfa/ros2_ws/install/client_pkg', 'merge_install': False, 'path': '/home/ssfa/ros2_ws/src/client_pkg', 'symlink_install': True, 'test_result_base': None}
[0.514s] Level 5:colcon.colcon_core.verb:set package 'custom_interfaces' build argument 'cmake_args' from command line to 'None'
[0.514s] Level 5:colcon.colcon_core.verb:set package 'custom_interfaces' build argument 'cmake_target' from command line to 'None'
[0.514s] Level 5:colcon.colcon_core.verb:set package 'custom_interfaces' build argument 'cmake_target_skip_unavailable' from command line to 'False'
[0.514s] Level 5:colcon.colcon_core.verb:set package 'custom_interfaces' build argument 'cmake_clean_cache' from command line to 'False'
[0.514s] Level 5:colcon.colcon_core.verb:set package 'custom_interfaces' build argument 'cmake_clean_first' from command line to 'False'
[0.514s] Level 5:colcon.colcon_core.verb:set package 'custom_interfaces' build argument 'cmake_force_configure' from command line to 'False'
[0.514s] Level 5:colcon.colcon_core.verb:set package 'custom_interfaces' build argument 'ament_cmake_args' from command line to 'None'
[0.514s] Level 5:colcon.colcon_core.verb:set package 'custom_interfaces' build argument 'catkin_cmake_args' from command line to 'None'
[0.514s] Level 5:colcon.colcon_core.verb:set package 'custom_interfaces' build argument 'catkin_skip_building_tests' from command line to 'False'
[0.514s] DEBUG:colcon.colcon_core.verb:Building package 'custom_interfaces' with the following arguments: {'ament_cmake_args': None, 'build_base': '/home/ssfa/ros2_ws/build/custom_interfaces', 'catkin_cmake_args': None, 'catkin_skip_building_tests': False, 'cmake_args': None, 'cmake_clean_cache': False, 'cmake_clean_first': False, 'cmake_force_configure': False, 'cmake_target': None, 'cmake_target_skip_unavailable': False, 'install_base': '/home/ssfa/ros2_ws/install/custom_interfaces', 'merge_install': False, 'path': '/home/ssfa/ros2_ws/src/custom_interfaces', 'symlink_install': True, 'test_result_base': None}
[0.515s] Level 5:colcon.colcon_core.verb:set package 'dynamixel_sdk' build argument 'cmake_args' from command line to 'None'
[0.515s] Level 5:colcon.colcon_core.verb:set package 'dynamixel_sdk' build argument 'cmake_target' from command line to 'None'
[0.515s] Level 5:colcon.colcon_core.verb:set package 'dynamixel_sdk' build argument 'cmake_target_skip_unavailable' from command line to 'False'
[0.515s] Level 5:colcon.colcon_core.verb:set package 'dynamixel_sdk' build argument 'cmake_clean_cache' from command line to 'False'
[0.515s] Level 5:colcon.colcon_core.verb:set package 'dynamixel_sdk' build argument 'cmake_clean_first' from command line to 'False'
[0.515s] Level 5:colcon.colcon_core.verb:set package 'dynamixel_sdk' build argument 'cmake_force_configure' from command line to 'False'
[0.515s] Level 5:colcon.colcon_core.verb:set package 'dynamixel_sdk' build argument 'ament_cmake_args' from command line to 'None'
[0.515s] Level 5:colcon.colcon_core.verb:set package 'dynamixel_sdk' build argument 'catkin_cmake_args' from command line to 'None'
[0.515s] Level 5:colcon.colcon_core.verb:set package 'dynamixel_sdk' build argument 'catkin_skip_building_tests' from command line to 'False'
[0.515s] DEBUG:colcon.colcon_core.verb:Building package 'dynamixel_sdk' with the following arguments: {'ament_cmake_args': None, 'build_base': '/home/ssfa/ros2_ws/build/dynamixel_sdk', 'catkin_cmake_args': None, 'catkin_skip_building_tests': False, 'cmake_args': None, 'cmake_clean_cache': False, 'cmake_clean_first': False, 'cmake_force_configure': False, 'cmake_target': None, 'cmake_target_skip_unavailable': False, 'install_base': '/home/ssfa/ros2_ws/install/dynamixel_sdk', 'merge_install': False, 'path': '/home/ssfa/ros2_ws/src/t3/DynamixelSDK/dynamixel_sdk', 'symlink_install': True, 'test_result_base': None}
[0.515s] Level 5:colcon.colcon_core.verb:set package 'exercise_pkg' build argument 'cmake_args' from command line to 'None'
[0.515s] Level 5:colcon.colcon_core.verb:set package 'exercise_pkg' build argument 'cmake_target' from command line to 'None'
[0.515s] Level 5:colcon.colcon_core.verb:set package 'exercise_pkg' build argument 'cmake_target_skip_unavailable' from command line to 'False'
[0.515s] Level 5:colcon.colcon_core.verb:set package 'exercise_pkg' build argument 'cmake_clean_cache' from command line to 'False'
[0.515s] Level 5:colcon.colcon_core.verb:set package 'exercise_pkg' build argument 'cmake_clean_first' from command line to 'False'
[0.515s] Level 5:colcon.colcon_core.verb:set package 'exercise_pkg' build argument 'cmake_force_configure' from command line to 'False'
[0.515s] Level 5:colcon.colcon_core.verb:set package 'exercise_pkg' build argument 'ament_cmake_args' from command line to 'None'
[0.515s] Level 5:colcon.colcon_core.verb:set package 'exercise_pkg' build argument 'catkin_cmake_args' from command line to 'None'
[0.515s] Level 5:colcon.colcon_core.verb:set package 'exercise_pkg' build argument 'catkin_skip_building_tests' from command line to 'False'
[0.515s] DEBUG:colcon.colcon_core.verb:Building package 'exercise_pkg' with the following arguments: {'ament_cmake_args': None, 'build_base': '/home/ssfa/ros2_ws/build/exercise_pkg', 'catkin_cmake_args': None, 'catkin_skip_building_tests': False, 'cmake_args': None, 'cmake_clean_cache': False, 'cmake_clean_first': False, 'cmake_force_configure': False, 'cmake_target': None, 'cmake_target_skip_unavailable': False, 'install_base': '/home/ssfa/ros2_ws/install/exercise_pkg', 'merge_install': False, 'path': '/home/ssfa/ros2_ws/src/exercise_pkg', 'symlink_install': True, 'test_result_base': None}
[0.516s] Level 5:colcon.colcon_core.verb:set package 'my_package' build argument 'cmake_args' from command line to 'None'
[0.516s] Level 5:colcon.colcon_core.verb:set package 'my_package' build argument 'cmake_target' from command line to 'None'
[0.516s] Level 5:colcon.colcon_core.verb:set package 'my_package' build argument 'cmake_target_skip_unavailable' from command line to 'False'
[0.516s] Level 5:colcon.colcon_core.verb:set package 'my_package' build argument 'cmake_clean_cache' from command line to 'False'
[0.516s] Level 5:colcon.colcon_core.verb:set package 'my_package' build argument 'cmake_clean_first' from command line to 'False'
[0.516s] Level 5:colcon.colcon_core.verb:set package 'my_package' build argument 'cmake_force_configure' from command line to 'False'
[0.516s] Level 5:colcon.colcon_core.verb:set package 'my_package' build argument 'ament_cmake_args' from command line to 'None'
[0.516s] Level 5:colcon.colcon_core.verb:set package 'my_package' build argument 'catkin_cmake_args' from command line to 'None'
[0.516s] Level 5:colcon.colcon_core.verb:set package 'my_package' build argument 'catkin_skip_building_tests' from command line to 'False'
[0.516s] DEBUG:colcon.colcon_core.verb:Building package 'my_package' with the following arguments: {'ament_cmake_args': None, 'build_base': '/home/ssfa/ros2_ws/build/my_package', 'catkin_cmake_args': None, 'catkin_skip_building_tests': False, 'cmake_args': None, 'cmake_clean_cache': False, 'cmake_clean_first': False, 'cmake_force_configure': False, 'cmake_target': None, 'cmake_target_skip_unavailable': False, 'install_base': '/home/ssfa/ros2_ws/install/my_package', 'merge_install': False, 'path': '/home/ssfa/ros2_ws/src/my_package', 'symlink_install': True, 'test_result_base': None}
[0.516s] Level 5:colcon.colcon_core.verb:set package 'opencv_tools' build argument 'cmake_args' from command line to 'None'
[0.516s] Level 5:colcon.colcon_core.verb:set package 'opencv_tools' build argument 'cmake_target' from command line to 'None'
[0.516s] Level 5:colcon.colcon_core.verb:set package 'opencv_tools' build argument 'cmake_target_skip_unavailable' from command line to 'False'
[0.516s] Level 5:colcon.colcon_core.verb:set package 'opencv_tools' build argument 'cmake_clean_cache' from command line to 'False'
[0.516s] Level 5:colcon.colcon_core.verb:set package 'opencv_tools' build argument 'cmake_clean_first' from command line to 'False'
[0.517s] Level 5:colcon.colcon_core.verb:set package 'opencv_tools' build argument 'cmake_force_configure' from command line to 'False'
[0.517s] Level 5:colcon.colcon_core.verb:set package 'opencv_tools' build argument 'ament_cmake_args' from command line to 'None'
[0.517s] Level 5:colcon.colcon_core.verb:set package 'opencv_tools' build argument 'catkin_cmake_args' from command line to 'None'
[0.517s] Level 5:colcon.colcon_core.verb:set package 'opencv_tools' build argument 'catkin_skip_building_tests' from command line to 'False'
[0.517s] DEBUG:colcon.colcon_core.verb:Building package 'opencv_tools' with the following arguments: {'ament_cmake_args': None, 'build_base': '/home/ssfa/ros2_ws/build/opencv_tools', 'catkin_cmake_args': None, 'catkin_skip_building_tests': False, 'cmake_args': None, 'cmake_clean_cache': False, 'cmake_clean_first': False, 'cmake_force_configure': False, 'cmake_target': None, 'cmake_target_skip_unavailable': False, 'install_base': '/home/ssfa/ros2_ws/install/opencv_tools', 'merge_install': False, 'path': '/home/ssfa/ros2_ws/opencv_tools', 'symlink_install': True, 'test_result_base': None}
[0.517s] Level 5:colcon.colcon_core.verb:set package 'publisher_pkg' build argument 'cmake_args' from command line to 'None'
[0.517s] Level 5:colcon.colcon_core.verb:set package 'publisher_pkg' build argument 'cmake_target' from command line to 'None'
[0.517s] Level 5:colcon.colcon_core.verb:set package 'publisher_pkg' build argument 'cmake_target_skip_unavailable' from command line to 'False'
[0.517s] Level 5:colcon.colcon_core.verb:set package 'publisher_pkg' build argument 'cmake_clean_cache' from command line to 'False'
[0.517s] Level 5:colcon.colcon_core.verb:set package 'publisher_pkg' build argument 'cmake_clean_first' from command line to 'False'
[0.517s] Level 5:colcon.colcon_core.verb:set package 'publisher_pkg' build argument 'cmake_force_configure' from command line to 'False'
[0.517s] Level 5:colcon.colcon_core.verb:set package 'publisher_pkg' build argument 'ament_cmake_args' from command line to 'None'
[0.517s] Level 5:colcon.colcon_core.verb:set package 'publisher_pkg' build argument 'catkin_cmake_args' from command line to 'None'
[0.517s] Level 5:colcon.colcon_core.verb:set package 'publisher_pkg' build argument 'catkin_skip_building_tests' from command line to 'False'
[0.517s] DEBUG:colcon.colcon_core.verb:Building package 'publisher_pkg' with the following arguments: {'ament_cmake_args': None, 'build_base': '/home/ssfa/ros2_ws/build/publisher_pkg', 'catkin_cmake_args': None, 'catkin_skip_building_tests': False, 'cmake_args': None, 'cmake_clean_cache': False, 'cmake_clean_first': False, 'cmake_force_configure': False, 'cmake_target': None, 'cmake_target_skip_unavailable': False, 'install_base': '/home/ssfa/ros2_ws/install/publisher_pkg', 'merge_install': False, 'path': '/home/ssfa/ros2_ws/src/publisher_pkg', 'symlink_install': True, 'test_result_base': None}
[0.518s] Level 5:colcon.colcon_core.verb:set package 'services_pkg' build argument 'cmake_args' from command line to 'None'
[0.518s] Level 5:colcon.colcon_core.verb:set package 'services_pkg' build argument 'cmake_target' from command line to 'None'
[0.518s] Level 5:colcon.colcon_core.verb:set package 'services_pkg' build argument 'cmake_target_skip_unavailable' from command line to 'False'
[0.518s] Level 5:colcon.colcon_core.verb:set package 'services_pkg' build argument 'cmake_clean_cache' from command line to 'False'
[0.518s] Level 5:colcon.colcon_core.verb:set package 'services_pkg' build argument 'cmake_clean_first' from command line to 'False'
[0.518s] Level 5:colcon.colcon_core.verb:set package 'services_pkg' build argument 'cmake_force_configure' from command line to 'False'
[0.518s] Level 5:colcon.colcon_core.verb:set package 'services_pkg' build argument 'ament_cmake_args' from command line to 'None'
[0.518s] Level 5:colcon.colcon_core.verb:set package 'services_pkg' build argument 'catkin_cmake_args' from command line to 'None'
[0.518s] Level 5:colcon.colcon_core.verb:set package 'services_pkg' build argument 'catkin_skip_building_tests' from command line to 'False'
[0.518s] DEBUG:colcon.colcon_core.verb:Building package 'services_pkg' with the following arguments: {'ament_cmake_args': None, 'build_base': '/home/ssfa/ros2_ws/build/services_pkg', 'catkin_cmake_args': None, 'catkin_skip_building_tests': False, 'cmake_args': None, 'cmake_clean_cache': False, 'cmake_clean_first': False, 'cmake_force_configure': False, 'cmake_target': None, 'cmake_target_skip_unavailable': False, 'install_base': '/home/ssfa/ros2_ws/install/services_pkg', 'merge_install': False, 'path': '/home/ssfa/ros2_ws/src/t3/services_pkg', 'symlink_install': True, 'test_result_base': None}
[0.518s] Level 5:colcon.colcon_core.verb:set package 'subscriber_pkg' build argument 'cmake_args' from command line to 'None'
[0.518s] Level 5:colcon.colcon_core.verb:set package 'subscriber_pkg' build argument 'cmake_target' from command line to 'None'
[0.518s] Level 5:colcon.colcon_core.verb:set package 'subscriber_pkg' build argument 'cmake_target_skip_unavailable' from command line to 'False'
[0.518s] Level 5:colcon.colcon_core.verb:set package 'subscriber_pkg' build argument 'cmake_clean_cache' from command line to 'False'
[0.518s] Level 5:colcon.colcon_core.verb:set package 'subscriber_pkg' build argument 'cmake_clean_first' from command line to 'False'
[0.519s] Level 5:colcon.colcon_core.verb:set package 'subscriber_pkg' build argument 'cmake_force_configure' from command line to 'False'
[0.519s] Level 5:colcon.colcon_core.verb:set package 'subscriber_pkg' build argument 'ament_cmake_args' from command line to 'None'
[0.519s] Level 5:colcon.colcon_core.verb:set package 'subscriber_pkg' build argument 'catkin_cmake_args' from command line to 'None'
[0.519s] Level 5:colcon.colcon_core.verb:set package 'subscriber_pkg' build argument 'catkin_skip_building_tests' from command line to 'False'
[0.519s] DEBUG:colcon.colcon_core.verb:Building package 'subscriber_pkg' with the following arguments: {'ament_cmake_args': None, 'build_base': '/home/ssfa/ros2_ws/build/subscriber_pkg', 'catkin_cmake_args': None, 'catkin_skip_building_tests': False, 'cmake_args': None, 'cmake_clean_cache': False, 'cmake_clean_first': False, 'cmake_force_configure': False, 'cmake_target': None, 'cmake_target_skip_unavailable': False, 'install_base': '/home/ssfa/ros2_ws/install/subscriber_pkg', 'merge_install': False, 'path': '/home/ssfa/ros2_ws/src/subscriber_pkg', 'symlink_install': True, 'test_result_base': None}
[0.519s] Level 5:colcon.colcon_core.verb:set package 't3_action_msg' build argument 'cmake_args' from command line to 'None'
[0.519s] Level 5:colcon.colcon_core.verb:set package 't3_action_msg' build argument 'cmake_target' from command line to 'None'
[0.519s] Level 5:colcon.colcon_core.verb:set package 't3_action_msg' build argument 'cmake_target_skip_unavailable' from command line to 'False'
[0.519s] Level 5:colcon.colcon_core.verb:set package 't3_action_msg' build argument 'cmake_clean_cache' from command line to 'False'
[0.519s] Level 5:colcon.colcon_core.verb:set package 't3_action_msg' build argument 'cmake_clean_first' from command line to 'False'
[0.519s] Level 5:colcon.colcon_core.verb:set package 't3_action_msg' build argument 'cmake_force_configure' from command line to 'False'
[0.519s] Level 5:colcon.colcon_core.verb:set package 't3_action_msg' build argument 'ament_cmake_args' from command line to 'None'
[0.519s] Level 5:colcon.colcon_core.verb:set package 't3_action_msg' build argument 'catkin_cmake_args' from command line to 'None'
[0.519s] Level 5:colcon.colcon_core.verb:set package 't3_action_msg' build argument 'catkin_skip_building_tests' from command line to 'False'
[0.519s] DEBUG:colcon.colcon_core.verb:Building package 't3_action_msg' with the following arguments: {'ament_cmake_args': None, 'build_base': '/home/ssfa/ros2_ws/build/t3_action_msg', 'catkin_cmake_args': None, 'catkin_skip_building_tests': False, 'cmake_args': None, 'cmake_clean_cache': False, 'cmake_clean_first': False, 'cmake_force_configure': False, 'cmake_target': None, 'cmake_target_skip_unavailable': False, 'install_base': '/home/ssfa/ros2_ws/install/t3_action_msg', 'merge_install': False, 'path': '/home/ssfa/ros2_ws/src/t3/t3_action_msg', 'symlink_install': True, 'test_result_base': None}
[0.520s] Level 5:colcon.colcon_core.verb:set package 'topic_exercise' build argument 'cmake_args' from command line to 'None'
[0.520s] Level 5:colcon.colcon_core.verb:set package 'topic_exercise' build argument 'cmake_target' from command line to 'None'
[0.520s] Level 5:colcon.colcon_core.verb:set package 'topic_exercise' build argument 'cmake_target_skip_unavailable' from command line to 'False'
[0.520s] Level 5:colcon.colcon_core.verb:set package 'topic_exercise' build argument 'cmake_clean_cache' from command line to 'False'
[0.520s] Level 5:colcon.colcon_core.verb:set package 'topic_exercise' build argument 'cmake_clean_first' from command line to 'False'
[0.520s] Level 5:colcon.colcon_core.verb:set package 'topic_exercise' build argument 'cmake_force_configure' from command line to 'False'
[0.520s] Level 5:colcon.colcon_core.verb:set package 'topic_exercise' build argument 'ament_cmake_args' from command line to 'None'
[0.520s] Level 5:colcon.colcon_core.verb:set package 'topic_exercise' build argument 'catkin_cmake_args' from command line to 'None'
[0.520s] Level 5:colcon.colcon_core.verb:set package 'topic_exercise' build argument 'catkin_skip_building_tests' from command line to 'False'
[0.520s] DEBUG:colcon.colcon_core.verb:Building package 'topic_exercise' with the following arguments: {'ament_cmake_args': None, 'build_base': '/home/ssfa/ros2_ws/build/topic_exercise', 'catkin_cmake_args': None, 'catkin_skip_building_tests': False, 'cmake_args': None, 'cmake_clean_cache': False, 'cmake_clean_first': False, 'cmake_force_configure': False, 'cmake_target': None, 'cmake_target_skip_unavailable': False, 'install_base': '/home/ssfa/ros2_ws/install/topic_exercise', 'merge_install': False, 'path': '/home/ssfa/ros2_ws/src/topic_exercise', 'symlink_install': True, 'test_result_base': None}
[0.520s] Level 5:colcon.colcon_core.verb:set package 'turtlebot3_cartographer' build argument 'cmake_args' from command line to 'None'
[0.520s] Level 5:colcon.colcon_core.verb:set package 'turtlebot3_cartographer' build argument 'cmake_target' from command line to 'None'
[0.520s] Level 5:colcon.colcon_core.verb:set package 'turtlebot3_cartographer' build argument 'cmake_target_skip_unavailable' from command line to 'False'
[0.520s] Level 5:colcon.colcon_core.verb:set package 'turtlebot3_cartographer' build argument 'cmake_clean_cache' from command line to 'False'
[0.520s] Level 5:colcon.colcon_core.verb:set package 'turtlebot3_cartographer' build argument 'cmake_clean_first' from command line to 'False'
[0.520s] Level 5:colcon.colcon_core.verb:set package 'turtlebot3_cartographer' build argument 'cmake_force_configure' from command line to 'False'
[0.520s] Level 5:colcon.colcon_core.verb:set package 'turtlebot3_cartographer' build argument 'ament_cmake_args' from command line to 'None'
[0.520s] Level 5:colcon.colcon_core.verb:set package 'turtlebot3_cartographer' build argument 'catkin_cmake_args' from command line to 'None'
[0.520s] Level 5:colcon.colcon_core.verb:set package 'turtlebot3_cartographer' build argument 'catkin_skip_building_tests' from command line to 'False'
[0.520s] DEBUG:colcon.colcon_core.verb:Building package 'turtlebot3_cartographer' with the following arguments: {'ament_cmake_args': None, 'build_base': '/home/ssfa/ros2_ws/build/turtlebot3_cartographer', 'catkin_cmake_args': None, 'catkin_skip_building_tests': False, 'cmake_args': None, 'cmake_clean_cache': False, 'cmake_clean_first': False, 'cmake_force_configure': False, 'cmake_target': None, 'cmake_target_skip_unavailable': False, 'install_base': '/home/ssfa/ros2_ws/install/turtlebot3_cartographer', 'merge_install': False, 'path': '/home/ssfa/ros2_ws/src/t3/turtlebot3/turtlebot3/turtlebot3_cartographer', 'symlink_install': True, 'test_result_base': None}
[0.521s] Level 5:colcon.colcon_core.verb:set package 'turtlebot3_description' build argument 'cmake_args' from command line to 'None'
[0.521s] Level 5:colcon.colcon_core.verb:set package 'turtlebot3_description' build argument 'cmake_target' from command line to 'None'
[0.521s] Level 5:colcon.colcon_core.verb:set package 'turtlebot3_description' build argument 'cmake_target_skip_unavailable' from command line to 'False'
[0.521s] Level 5:colcon.colcon_core.verb:set package 'turtlebot3_description' build argument 'cmake_clean_cache' from command line to 'False'
[0.521s] Level 5:colcon.colcon_core.verb:set package 'turtlebot3_description' build argument 'cmake_clean_first' from command line to 'False'
[0.521s] Level 5:colcon.colcon_core.verb:set package 'turtlebot3_description' build argument 'cmake_force_configure' from command line to 'False'
[0.521s] Level 5:colcon.colcon_core.verb:set package 'turtlebot3_description' build argument 'ament_cmake_args' from command line to 'None'
[0.521s] Level 5:colcon.colcon_core.verb:set package 'turtlebot3_description' build argument 'catkin_cmake_args' from command line to 'None'
[0.521s] Level 5:colcon.colcon_core.verb:set package 'turtlebot3_description' build argument 'catkin_skip_building_tests' from command line to 'False'
[0.521s] DEBUG:colcon.colcon_core.verb:Building package 'turtlebot3_description' with the following arguments: {'ament_cmake_args': None, 'build_base': '/home/ssfa/ros2_ws/build/turtlebot3_description', 'catkin_cmake_args': None, 'catkin_skip_building_tests': False, 'cmake_args': None, 'cmake_clean_cache': False, 'cmake_clean_first': False, 'cmake_force_configure': False, 'cmake_target': None, 'cmake_target_skip_unavailable': False, 'install_base': '/home/ssfa/ros2_ws/install/turtlebot3_description', 'merge_install': False, 'path': '/home/ssfa/ros2_ws/src/t3/turtlebot3/turtlebot3/turtlebot3_description', 'symlink_install': True, 'test_result_base': None}
[0.521s] Level 5:colcon.colcon_core.verb:set package 'turtlebot3_msgs' build argument 'cmake_args' from command line to 'None'
[0.521s] Level 5:colcon.colcon_core.verb:set package 'turtlebot3_msgs' build argument 'cmake_target' from command line to 'None'
[0.521s] Level 5:colcon.colcon_core.verb:set package 'turtlebot3_msgs' build argument 'cmake_target_skip_unavailable' from command line to 'False'
[0.521s] Level 5:colcon.colcon_core.verb:set package 'turtlebot3_msgs' build argument 'cmake_clean_cache' from command line to 'False'
[0.521s] Level 5:colcon.colcon_core.verb:set package 'turtlebot3_msgs' build argument 'cmake_clean_first' from command line to 'False'
[0.521s] Level 5:colcon.colcon_core.verb:set package 'turtlebot3_msgs' build argument 'cmake_force_configure' from command line to 'False'
[0.522s] Level 5:colcon.colcon_core.verb:set package 'turtlebot3_msgs' build argument 'ament_cmake_args' from command line to 'None'
[0.522s] Level 5:colcon.colcon_core.verb:set package 'turtlebot3_msgs' build argument 'catkin_cmake_args' from command line to 'None'
[0.522s] Level 5:colcon.colcon_core.verb:set package 'turtlebot3_msgs' build argument 'catkin_skip_building_tests' from command line to 'False'
[0.522s] DEBUG:colcon.colcon_core.verb:Building package 'turtlebot3_msgs' with the following arguments: {'ament_cmake_args': None, 'build_base': '/home/ssfa/ros2_ws/build/turtlebot3_msgs', 'catkin_cmake_args': None, 'catkin_skip_building_tests': False, 'cmake_args': None, 'cmake_clean_cache': False, 'cmake_clean_first': False, 'cmake_force_configure': False, 'cmake_target': None, 'cmake_target_skip_unavailable': False, 'install_base': '/home/ssfa/ros2_ws/install/turtlebot3_msgs', 'merge_install': False, 'path': '/home/ssfa/ros2_ws/src/t3/turtlebot3_msgs', 'symlink_install': True, 'test_result_base': None}
[0.522s] Level 5:colcon.colcon_core.verb:set package 'turtlebot3_navigation2' build argument 'cmake_args' from command line to 'None'
[0.522s] Level 5:colcon.colcon_core.verb:set package 'turtlebot3_navigation2' build argument 'cmake_target' from command line to 'None'
[0.522s] Level 5:colcon.colcon_core.verb:set package 'turtlebot3_navigation2' build argument 'cmake_target_skip_unavailable' from command line to 'False'
[0.522s] Level 5:colcon.colcon_core.verb:set package 'turtlebot3_navigation2' build argument 'cmake_clean_cache' from command line to 'False'
[0.522s] Level 5:colcon.colcon_core.verb:set package 'turtlebot3_navigation2' build argument 'cmake_clean_first' from command line to 'False'
[0.522s] Level 5:colcon.colcon_core.verb:set package 'turtlebot3_navigation2' build argument 'cmake_force_configure' from command line to 'False'
[0.522s] Level 5:colcon.colcon_core.verb:set package 'turtlebot3_navigation2' build argument 'ament_cmake_args' from command line to 'None'
[0.522s] Level 5:colcon.colcon_core.verb:set package 'turtlebot3_navigation2' build argument 'catkin_cmake_args' from command line to 'None'
[0.522s] Level 5:colcon.colcon_core.verb:set package 'turtlebot3_navigation2' build argument 'catkin_skip_building_tests' from command line to 'False'
[0.522s] DEBUG:colcon.colcon_core.verb:Building package 'turtlebot3_navigation2' with the following arguments: {'ament_cmake_args': None, 'build_base': '/home/ssfa/ros2_ws/build/turtlebot3_navigation2', 'catkin_cmake_args': None, 'catkin_skip_building_tests': False, 'cmake_args': None, 'cmake_clean_cache': False, 'cmake_clean_first': False, 'cmake_force_configure': False, 'cmake_target': None, 'cmake_target_skip_unavailable': False, 'install_base': '/home/ssfa/ros2_ws/install/turtlebot3_navigation2', 'merge_install': False, 'path': '/home/ssfa/ros2_ws/src/t3/turtlebot3/turtlebot3/turtlebot3_navigation2', 'symlink_install': True, 'test_result_base': None}
[0.523s] Level 5:colcon.colcon_core.verb:set package 'turtlebot3_teleop' build argument 'cmake_args' from command line to 'None'
[0.523s] Level 5:colcon.colcon_core.verb:set package 'turtlebot3_teleop' build argument 'cmake_target' from command line to 'None'
[0.523s] Level 5:colcon.colcon_core.verb:set package 'turtlebot3_teleop' build argument 'cmake_target_skip_unavailable' from command line to 'False'
[0.523s] Level 5:colcon.colcon_core.verb:set package 'turtlebot3_teleop' build argument 'cmake_clean_cache' from command line to 'False'
[0.523s] Level 5:colcon.colcon_core.verb:set package 'turtlebot3_teleop' build argument 'cmake_clean_first' from command line to 'False'
[0.523s] Level 5:colcon.colcon_core.verb:set package 'turtlebot3_teleop' build argument 'cmake_force_configure' from command line to 'False'
[0.523s] Level 5:colcon.colcon_core.verb:set package 'turtlebot3_teleop' build argument 'ament_cmake_args' from command line to 'None'
[0.523s] Level 5:colcon.colcon_core.verb:set package 'turtlebot3_teleop' build argument 'catkin_cmake_args' from command line to 'None'
[0.523s] Level 5:colcon.colcon_core.verb:set package 'turtlebot3_teleop' build argument 'catkin_skip_building_tests' from command line to 'False'
[0.523s] DEBUG:colcon.colcon_core.verb:Building package 'turtlebot3_teleop' with the following arguments: {'ament_cmake_args': None, 'build_base': '/home/ssfa/ros2_ws/build/turtlebot3_teleop', 'catkin_cmake_args': None, 'catkin_skip_building_tests': False, 'cmake_args': None, 'cmake_clean_cache': False, 'cmake_clean_first': False, 'cmake_force_configure': False, 'cmake_target': None, 'cmake_target_skip_unavailable': False, 'install_base': '/home/ssfa/ros2_ws/install/turtlebot3_teleop', 'merge_install': False, 'path': '/home/ssfa/ros2_ws/src/t3/turtlebot3/turtlebot3/turtlebot3_teleop', 'symlink_install': True, 'test_result_base': None}
[0.523s] Level 5:colcon.colcon_core.verb:set package 'custom_interface_example' build argument 'cmake_args' from command line to 'None'
[0.523s] Level 5:colcon.colcon_core.verb:set package 'custom_interface_example' build argument 'cmake_target' from command line to 'None'
[0.523s] Level 5:colcon.colcon_core.verb:set package 'custom_interface_example' build argument 'cmake_target_skip_unavailable' from command line to 'False'
[0.523s] Level 5:colcon.colcon_core.verb:set package 'custom_interface_example' build argument 'cmake_clean_cache' from command line to 'False'
[0.523s] Level 5:colcon.colcon_core.verb:set package 'custom_interface_example' build argument 'cmake_clean_first' from command line to 'False'
[0.523s] Level 5:colcon.colcon_core.verb:set package 'custom_interface_example' build argument 'cmake_force_configure' from command line to 'False'
[0.523s] Level 5:colcon.colcon_core.verb:set package 'custom_interface_example' build argument 'ament_cmake_args' from command line to 'None'
[0.523s] Level 5:colcon.colcon_core.verb:set package 'custom_interface_example' build argument 'catkin_cmake_args' from command line to 'None'
[0.523s] Level 5:colcon.colcon_core.verb:set package 'custom_interface_example' build argument 'catkin_skip_building_tests' from command line to 'False'
[0.523s] DEBUG:colcon.colcon_core.verb:Building package 'custom_interface_example' with the following arguments: {'ament_cmake_args': None, 'build_base': '/home/ssfa/ros2_ws/build/custom_interface_example', 'catkin_cmake_args': None, 'catkin_skip_building_tests': False, 'cmake_args': None, 'cmake_clean_cache': False, 'cmake_clean_first': False, 'cmake_force_configure': False, 'cmake_target': None, 'cmake_target_skip_unavailable': False, 'install_base': '/home/ssfa/ros2_ws/install/custom_interface_example', 'merge_install': False, 'path': '/home/ssfa/ros2_ws/src/custom_interface_example', 'symlink_install': True, 'test_result_base': None}
[0.524s] Level 5:colcon.colcon_core.verb:set package 'movement_pkg' build argument 'cmake_args' from command line to 'None'
[0.524s] Level 5:colcon.colcon_core.verb:set package 'movement_pkg' build argument 'cmake_target' from command line to 'None'
[0.524s] Level 5:colcon.colcon_core.verb:set package 'movement_pkg' build argument 'cmake_target_skip_unavailable' from command line to 'False'
[0.524s] Level 5:colcon.colcon_core.verb:set package 'movement_pkg' build argument 'cmake_clean_cache' from command line to 'False'
[0.524s] Level 5:colcon.colcon_core.verb:set package 'movement_pkg' build argument 'cmake_clean_first' from command line to 'False'
[0.524s] Level 5:colcon.colcon_core.verb:set package 'movement_pkg' build argument 'cmake_force_configure' from command line to 'False'
[0.524s] Level 5:colcon.colcon_core.verb:set package 'movement_pkg' build argument 'ament_cmake_args' from command line to 'None'
[0.524s] Level 5:colcon.colcon_core.verb:set package 'movement_pkg' build argument 'catkin_cmake_args' from command line to 'None'
[0.524s] Level 5:colcon.colcon_core.verb:set package 'movement_pkg' build argument 'catkin_skip_building_tests' from command line to 'False'
[0.524s] DEBUG:colcon.colcon_core.verb:Building package 'movement_pkg' with the following arguments: {'ament_cmake_args': None, 'build_base': '/home/ssfa/ros2_ws/build/movement_pkg', 'catkin_cmake_args': None, 'catkin_skip_building_tests': False, 'cmake_args': None, 'cmake_clean_cache': False, 'cmake_clean_first': False, 'cmake_force_configure': False, 'cmake_target': None, 'cmake_target_skip_unavailable': False, 'install_base': '/home/ssfa/ros2_ws/install/movement_pkg', 'merge_install': False, 'path': '/home/ssfa/ros2_ws/src/movement_pkg', 'symlink_install': True, 'test_result_base': None}
[0.524s] Level 5:colcon.colcon_core.verb:set package 'turtlebot3_as' build argument 'cmake_args' from command line to 'None'
[0.524s] Level 5:colcon.colcon_core.verb:set package 'turtlebot3_as' build argument 'cmake_target' from command line to 'None'
[0.524s] Level 5:colcon.colcon_core.verb:set package 'turtlebot3_as' build argument 'cmake_target_skip_unavailable' from command line to 'False'
[0.524s] Level 5:colcon.colcon_core.verb:set package 'turtlebot3_as' build argument 'cmake_clean_cache' from command line to 'False'
[0.524s] Level 5:colcon.colcon_core.verb:set package 'turtlebot3_as' build argument 'cmake_clean_first' from command line to 'False'
[0.524s] Level 5:colcon.colcon_core.verb:set package 'turtlebot3_as' build argument 'cmake_force_configure' from command line to 'False'
[0.524s] Level 5:colcon.colcon_core.verb:set package 'turtlebot3_as' build argument 'ament_cmake_args' from command line to 'None'
[0.524s] Level 5:colcon.colcon_core.verb:set package 'turtlebot3_as' build argument 'catkin_cmake_args' from command line to 'None'
[0.525s] Level 5:colcon.colcon_core.verb:set package 'turtlebot3_as' build argument 'catkin_skip_building_tests' from command line to 'False'
[0.525s] DEBUG:colcon.colcon_core.verb:Building package 'turtlebot3_as' with the following arguments: {'ament_cmake_args': None, 'build_base': '/home/ssfa/ros2_ws/build/turtlebot3_as', 'catkin_cmake_args': None, 'catkin_skip_building_tests': False, 'cmake_args': None, 'cmake_clean_cache': False, 'cmake_clean_first': False, 'cmake_force_configure': False, 'cmake_target': None, 'cmake_target_skip_unavailable': False, 'install_base': '/home/ssfa/ros2_ws/install/turtlebot3_as', 'merge_install': False, 'path': '/home/ssfa/ros2_ws/src/t3/turtlebot3_as', 'symlink_install': True, 'test_result_base': None}
[0.525s] Level 5:colcon.colcon_core.verb:set package 'turtlebot3_bringup' build argument 'cmake_args' from command line to 'None'
[0.525s] Level 5:colcon.colcon_core.verb:set package 'turtlebot3_bringup' build argument 'cmake_target' from command line to 'None'
[0.525s] Level 5:colcon.colcon_core.verb:set package 'turtlebot3_bringup' build argument 'cmake_target_skip_unavailable' from command line to 'False'
[0.525s] Level 5:colcon.colcon_core.verb:set package 'turtlebot3_bringup' build argument 'cmake_clean_cache' from command line to 'False'
[0.525s] Level 5:colcon.colcon_core.verb:set package 'turtlebot3_bringup' build argument 'cmake_clean_first' from command line to 'False'
[0.525s] Level 5:colcon.colcon_core.verb:set package 'turtlebot3_bringup' build argument 'cmake_force_configure' from command line to 'False'
[0.525s] Level 5:colcon.colcon_core.verb:set package 'turtlebot3_bringup' build argument 'ament_cmake_args' from command line to 'None'
[0.525s] Level 5:colcon.colcon_core.verb:set package 'turtlebot3_bringup' build argument 'catkin_cmake_args' from command line to 'None'
[0.525s] Level 5:colcon.colcon_core.verb:set package 'turtlebot3_bringup' build argument 'catkin_skip_building_tests' from command line to 'False'
[0.525s] DEBUG:colcon.colcon_core.verb:Building package 'turtlebot3_bringup' with the following arguments: {'ament_cmake_args': None, 'build_base': '/home/ssfa/ros2_ws/build/turtlebot3_bringup', 'catkin_cmake_args': None, 'catkin_skip_building_tests': False, 'cmake_args': None, 'cmake_clean_cache': False, 'cmake_clean_first': False, 'cmake_force_configure': False, 'cmake_target': None, 'cmake_target_skip_unavailable': False, 'install_base': '/home/ssfa/ros2_ws/install/turtlebot3_bringup', 'merge_install': False, 'path': '/home/ssfa/ros2_ws/src/t3/turtlebot3/turtlebot3/turtlebot3_bringup', 'symlink_install': True, 'test_result_base': None}
[0.525s] Level 5:colcon.colcon_core.verb:set package 'turtlebot3_example' build argument 'cmake_args' from command line to 'None'
[0.526s] Level 5:colcon.colcon_core.verb:set package 'turtlebot3_example' build argument 'cmake_target' from command line to 'None'
[0.526s] Level 5:colcon.colcon_core.verb:set package 'turtlebot3_example' build argument 'cmake_target_skip_unavailable' from command line to 'False'
[0.526s] Level 5:colcon.colcon_core.verb:set package 'turtlebot3_example' build argument 'cmake_clean_cache' from command line to 'False'
[0.526s] Level 5:colcon.colcon_core.verb:set package 'turtlebot3_example' build argument 'cmake_clean_first' from command line to 'False'
[0.526s] Level 5:colcon.colcon_core.verb:set package 'turtlebot3_example' build argument 'cmake_force_configure' from command line to 'False'
[0.526s] Level 5:colcon.colcon_core.verb:set package 'turtlebot3_example' build argument 'ament_cmake_args' from command line to 'None'
[0.526s] Level 5:colcon.colcon_core.verb:set package 'turtlebot3_example' build argument 'catkin_cmake_args' from command line to 'None'
[0.526s] Level 5:colcon.colcon_core.verb:set package 'turtlebot3_example' build argument 'catkin_skip_building_tests' from command line to 'False'
[0.526s] DEBUG:colcon.colcon_core.verb:Building package 'turtlebot3_example' with the following arguments: {'ament_cmake_args': None, 'build_base': '/home/ssfa/ros2_ws/build/turtlebot3_example', 'catkin_cmake_args': None, 'catkin_skip_building_tests': False, 'cmake_args': None, 'cmake_clean_cache': False, 'cmake_clean_first': False, 'cmake_force_configure': False, 'cmake_target': None, 'cmake_target_skip_unavailable': False, 'install_base': '/home/ssfa/ros2_ws/install/turtlebot3_example', 'merge_install': False, 'path': '/home/ssfa/ros2_ws/src/t3/turtlebot3/turtlebot3/turtlebot3_example', 'symlink_install': True, 'test_result_base': None}
[0.526s] Level 5:colcon.colcon_core.verb:set package 'turtlebot3_gazebo' build argument 'cmake_args' from command line to 'None'
[0.526s] Level 5:colcon.colcon_core.verb:set package 'turtlebot3_gazebo' build argument 'cmake_target' from command line to 'None'
[0.526s] Level 5:colcon.colcon_core.verb:set package 'turtlebot3_gazebo' build argument 'cmake_target_skip_unavailable' from command line to 'False'
[0.526s] Level 5:colcon.colcon_core.verb:set package 'turtlebot3_gazebo' build argument 'cmake_clean_cache' from command line to 'False'
[0.526s] Level 5:colcon.colcon_core.verb:set package 'turtlebot3_gazebo' build argument 'cmake_clean_first' from command line to 'False'
[0.526s] Level 5:colcon.colcon_core.verb:set package 'turtlebot3_gazebo' build argument 'cmake_force_configure' from command line to 'False'
[0.526s] Level 5:colcon.colcon_core.verb:set package 'turtlebot3_gazebo' build argument 'ament_cmake_args' from command line to 'None'
[0.526s] Level 5:colcon.colcon_core.verb:set package 'turtlebot3_gazebo' build argument 'catkin_cmake_args' from command line to 'None'
[0.526s] Level 5:colcon.colcon_core.verb:set package 'turtlebot3_gazebo' build argument 'catkin_skip_building_tests' from command line to 'False'
[0.526s] DEBUG:colcon.colcon_core.verb:Building package 'turtlebot3_gazebo' with the following arguments: {'ament_cmake_args': None, 'build_base': '/home/ssfa/ros2_ws/build/turtlebot3_gazebo', 'catkin_cmake_args': None, 'catkin_skip_building_tests': False, 'cmake_args': None, 'cmake_clean_cache': False, 'cmake_clean_first': False, 'cmake_force_configure': False, 'cmake_target': None, 'cmake_target_skip_unavailable': False, 'install_base': '/home/ssfa/ros2_ws/install/turtlebot3_gazebo', 'merge_install': False, 'path': '/home/ssfa/ros2_ws/src/t3/turtlebot3_simulations/turtlebot3_gazebo', 'symlink_install': True, 'test_result_base': None}
[0.527s] Level 5:colcon.colcon_core.verb:set package 'turtlebot3' build argument 'cmake_args' from command line to 'None'
[0.527s] Level 5:colcon.colcon_core.verb:set package 'turtlebot3' build argument 'cmake_target' from command line to 'None'
[0.527s] Level 5:colcon.colcon_core.verb:set package 'turtlebot3' build argument 'cmake_target_skip_unavailable' from command line to 'False'
[0.527s] Level 5:colcon.colcon_core.verb:set package 'turtlebot3' build argument 'cmake_clean_cache' from command line to 'False'
[0.527s] Level 5:colcon.colcon_core.verb:set package 'turtlebot3' build argument 'cmake_clean_first' from command line to 'False'
[0.527s] Level 5:colcon.colcon_core.verb:set package 'turtlebot3' build argument 'cmake_force_configure' from command line to 'False'
[0.527s] Level 5:colcon.colcon_core.verb:set package 'turtlebot3' build argument 'ament_cmake_args' from command line to 'None'
[0.527s] Level 5:colcon.colcon_core.verb:set package 'turtlebot3' build argument 'catkin_cmake_args' from command line to 'None'
[0.527s] Level 5:colcon.colcon_core.verb:set package 'turtlebot3' build argument 'catkin_skip_building_tests' from command line to 'False'
[0.527s] DEBUG:colcon.colcon_core.verb:Building package 'turtlebot3' with the following arguments: {'ament_cmake_args': None, 'build_base': '/home/ssfa/ros2_ws/build/turtlebot3', 'catkin_cmake_args': None, 'catkin_skip_building_tests': False, 'cmake_args': None, 'cmake_clean_cache': False, 'cmake_clean_first': False, 'cmake_force_configure': False, 'cmake_target': None, 'cmake_target_skip_unavailable': False, 'install_base': '/home/ssfa/ros2_ws/install/turtlebot3', 'merge_install': False, 'path': '/home/ssfa/ros2_ws/src/t3/turtlebot3/turtlebot3/turtlebot3', 'symlink_install': True, 'test_result_base': None}
[0.527s] Level 5:colcon.colcon_core.verb:set package 'turtlebot3_simulations' build argument 'cmake_args' from command line to 'None'
[0.527s] Level 5:colcon.colcon_core.verb:set package 'turtlebot3_simulations' build argument 'cmake_target' from command line to 'None'
[0.527s] Level 5:colcon.colcon_core.verb:set package 'turtlebot3_simulations' build argument 'cmake_target_skip_unavailable' from command line to 'False'
[0.527s] Level 5:colcon.colcon_core.verb:set package 'turtlebot3_simulations' build argument 'cmake_clean_cache' from command line to 'False'
[0.527s] Level 5:colcon.colcon_core.verb:set package 'turtlebot3_simulations' build argument 'cmake_clean_first' from command line to 'False'
[0.527s] Level 5:colcon.colcon_core.verb:set package 'turtlebot3_simulations' build argument 'cmake_force_configure' from command line to 'False'
[0.527s] Level 5:colcon.colcon_core.verb:set package 'turtlebot3_simulations' build argument 'ament_cmake_args' from command line to 'None'
[0.527s] Level 5:colcon.colcon_core.verb:set package 'turtlebot3_simulations' build argument 'catkin_cmake_args' from command line to 'None'
[0.528s] Level 5:colcon.colcon_core.verb:set package 'turtlebot3_simulations' build argument 'catkin_skip_building_tests' from command line to 'False'
[0.528s] DEBUG:colcon.colcon_core.verb:Building package 'turtlebot3_simulations' with the following arguments: {'ament_cmake_args': None, 'build_base': '/home/ssfa/ros2_ws/build/turtlebot3_simulations', 'catkin_cmake_args': None, 'catkin_skip_building_tests': False, 'cmake_args': None, 'cmake_clean_cache': False, 'cmake_clean_first': False, 'cmake_force_configure': False, 'cmake_target': None, 'cmake_target_skip_unavailable': False, 'install_base': '/home/ssfa/ros2_ws/install/turtlebot3_simulations', 'merge_install': False, 'path': '/home/ssfa/ros2_ws/src/t3/turtlebot3_simulations/turtlebot3_simulations', 'symlink_install': True, 'test_result_base': None}
[0.528s] INFO:colcon.colcon_core.executor:Executing jobs using 'parallel' executor
[0.529s] DEBUG:colcon.colcon_parallel_executor.executor.parallel:run_until_complete
[0.530s] INFO:colcon.colcon_ros.task.ament_cmake.build:Building ROS package in '/home/ssfa/ros2_ws/src/t3/turtlebot3/turtlebot3/turtlebot3_description' with build type 'ament_cmake'
[0.530s] INFO:colcon.colcon_cmake.task.cmake.build:Building CMake package in '/home/ssfa/ros2_ws/src/t3/turtlebot3/turtlebot3/turtlebot3_description'
[0.534s] INFO:colcon.colcon_core.plugin_system:Skipping extension 'colcon_core.shell.bat': Not used on non-Windows systems
[0.534s] INFO:colcon.colcon_core.shell:Skip shell extension 'powershell' for command environment: Not usable outside of PowerShell
[0.534s] DEBUG:colcon.colcon_core.shell:Skip shell extension 'dsv' for command environment
[0.539s] INFO:colcon.colcon_ros.task.ament_cmake.build:Building ROS package in '/home/ssfa/ros2_ws/src/custom_interfaces' with build type 'ament_cmake'
[0.540s] INFO:colcon.colcon_cmake.task.cmake.build:Building CMake package in '/home/ssfa/ros2_ws/src/custom_interfaces'
[0.540s] INFO:colcon.colcon_core.shell:Skip shell extension 'powershell' for command environment: Not usable outside of PowerShell
[0.540s] DEBUG:colcon.colcon_core.shell:Skip shell extension 'dsv' for command environment
[0.545s] INFO:colcon.colcon_ros.task.ament_cmake.build:Building ROS package in '/home/ssfa/ros2_ws/src/t3/turtlebot3_msgs' with build type 'ament_cmake'
[0.545s] INFO:colcon.colcon_cmake.task.cmake.build:Building CMake package in '/home/ssfa/ros2_ws/src/t3/turtlebot3_msgs'
[0.546s] INFO:colcon.colcon_core.shell:Skip shell extension 'powershell' for command environment: Not usable outside of PowerShell
[0.546s] DEBUG:colcon.colcon_core.shell:Skip shell extension 'dsv' for command environment
[0.554s] INFO:colcon.colcon_ros.task.ament_cmake.build:Building ROS package in '/home/ssfa/ros2_ws/src/t3/t3_action_msg' with build type 'ament_cmake'
[0.555s] INFO:colcon.colcon_cmake.task.cmake.build:Building CMake package in '/home/ssfa/ros2_ws/src/t3/t3_action_msg'
[0.555s] INFO:colcon.colcon_core.shell:Skip shell extension 'powershell' for command environment: Not usable outside of PowerShell
[0.555s] DEBUG:colcon.colcon_core.shell:Skip shell extension 'dsv' for command environment
[0.560s] INFO:colcon.colcon_ros.task.ament_cmake.build:Building ROS package in '/home/ssfa/ros2_ws/src/t3/turtlebot3/turtlebot3/turtlebot3_cartographer' with build type 'ament_cmake'
[0.560s] INFO:colcon.colcon_cmake.task.cmake.build:Building CMake package in '/home/ssfa/ros2_ws/src/t3/turtlebot3/turtlebot3/turtlebot3_cartographer'
[0.560s] INFO:colcon.colcon_core.shell:Skip shell extension 'powershell' for command environment: Not usable outside of PowerShell
[0.561s] DEBUG:colcon.colcon_core.shell:Skip shell extension 'dsv' for command environment
[0.566s] INFO:colcon.colcon_ros.task.ament_cmake.build:Building ROS package in '/home/ssfa/ros2_ws/src/t3/turtlebot3/turtlebot3/turtlebot3_navigation2' with build type 'ament_cmake'
[0.566s] INFO:colcon.colcon_cmake.task.cmake.build:Building CMake package in '/home/ssfa/ros2_ws/src/t3/turtlebot3/turtlebot3/turtlebot3_navigation2'
[0.566s] INFO:colcon.colcon_core.shell:Skip shell extension 'powershell' for command environment: Not usable outside of PowerShell
[0.567s] DEBUG:colcon.colcon_core.shell:Skip shell extension 'dsv' for command environment
[0.572s] INFO:colcon.colcon_ros.task.ament_python.build:Building ROS package in '/home/ssfa/ros2_ws/src/t3/turtlebot3/turtlebot3/turtlebot3_teleop' with build type 'ament_python'
[0.573s] Level 1:colcon.colcon_core.shell:create_environment_hook('turtlebot3_teleop', 'ament_prefix_path')
[0.573s] INFO:colcon.colcon_core.shell:Creating environment hook '/home/ssfa/ros2_ws/install/turtlebot3_teleop/share/turtlebot3_teleop/hook/ament_prefix_path.ps1'
[0.574s] INFO:colcon.colcon_core.shell:Creating environment descriptor '/home/ssfa/ros2_ws/install/turtlebot3_teleop/share/turtlebot3_teleop/hook/ament_prefix_path.dsv'
[0.575s] INFO:colcon.colcon_core.shell:Creating environment hook '/home/ssfa/ros2_ws/install/turtlebot3_teleop/share/turtlebot3_teleop/hook/ament_prefix_path.sh'
[0.576s] INFO:colcon.colcon_core.shell:Skip shell extension 'powershell' for command environment: Not usable outside of PowerShell
[0.576s] DEBUG:colcon.colcon_core.shell:Skip shell extension 'dsv' for command environment
[0.581s] INFO:colcon.colcon_ros.task.ament_python.build:Building ROS package in '/home/ssfa/ros2_ws/src/client_pkg' with build type 'ament_python'
[0.581s] Level 1:colcon.colcon_core.shell:create_environment_hook('client_pkg', 'ament_prefix_path')
[0.582s] INFO:colcon.colcon_core.shell:Creating environment hook '/home/ssfa/ros2_ws/install/client_pkg/share/client_pkg/hook/ament_prefix_path.ps1'
[0.582s] INFO:colcon.colcon_core.shell:Creating environment descriptor '/home/ssfa/ros2_ws/install/client_pkg/share/client_pkg/hook/ament_prefix_path.dsv'
[0.583s] INFO:colcon.colcon_core.shell:Creating environment hook '/home/ssfa/ros2_ws/install/client_pkg/share/client_pkg/hook/ament_prefix_path.sh'
[0.583s] INFO:colcon.colcon_core.shell:Skip shell extension 'powershell' for command environment: Not usable outside of PowerShell
[0.583s] DEBUG:colcon.colcon_core.shell:Skip shell extension 'dsv' for command environment
[0.588s] INFO:colcon.colcon_ros.task.ament_cmake.build:Building ROS package in '/home/ssfa/ros2_ws/src/t3/DynamixelSDK/dynamixel_sdk' with build type 'ament_cmake'
[0.588s] INFO:colcon.colcon_cmake.task.cmake.build:Building CMake package in '/home/ssfa/ros2_ws/src/t3/DynamixelSDK/dynamixel_sdk'
[0.589s] INFO:colcon.colcon_core.shell:Skip shell extension 'powershell' for command environment: Not usable outside of PowerShell
[0.589s] DEBUG:colcon.colcon_core.shell:Skip shell extension 'dsv' for command environment
[0.593s] INFO:colcon.colcon_ros.task.ament_python.build:Building ROS package in '/home/ssfa/ros2_ws/src/exercise_pkg' with build type 'ament_python'
[0.594s] Level 1:colcon.colcon_core.shell:create_environment_hook('exercise_pkg', 'ament_prefix_path')
[0.594s] INFO:colcon.colcon_core.shell:Creating environment hook '/home/ssfa/ros2_ws/install/exercise_pkg/share/exercise_pkg/hook/ament_prefix_path.ps1'
[0.595s] INFO:colcon.colcon_core.shell:Creating environment descriptor '/home/ssfa/ros2_ws/install/exercise_pkg/share/exercise_pkg/hook/ament_prefix_path.dsv'
[0.595s] INFO:colcon.colcon_core.shell:Creating environment hook '/home/ssfa/ros2_ws/install/exercise_pkg/share/exercise_pkg/hook/ament_prefix_path.sh'
[0.596s] INFO:colcon.colcon_core.shell:Skip shell extension 'powershell' for command environment: Not usable outside of PowerShell
[0.596s] DEBUG:colcon.colcon_core.shell:Skip shell extension 'dsv' for command environment
[0.602s] INFO:colcon.colcon_ros.task.ament_python.build:Building ROS package in '/home/ssfa/ros2_ws/src/my_package' with build type 'ament_python'
[0.602s] Level 1:colcon.colcon_core.shell:create_environment_hook('my_package', 'ament_prefix_path')
[0.602s] INFO:colcon.colcon_core.shell:Creating environment hook '/home/ssfa/ros2_ws/install/my_package/share/my_package/hook/ament_prefix_path.ps1'
[0.603s] INFO:colcon.colcon_core.shell:Creating environment descriptor '/home/ssfa/ros2_ws/install/my_package/share/my_package/hook/ament_prefix_path.dsv'
[0.604s] INFO:colcon.colcon_core.shell:Creating environment hook '/home/ssfa/ros2_ws/install/my_package/share/my_package/hook/ament_prefix_path.sh'
[0.605s] INFO:colcon.colcon_core.shell:Skip shell extension 'powershell' for command environment: Not usable outside of PowerShell
[0.605s] DEBUG:colcon.colcon_core.shell:Skip shell extension 'dsv' for command environment
[0.610s] INFO:colcon.colcon_ros.task.ament_python.build:Building ROS package in '/home/ssfa/ros2_ws/opencv_tools' with build type 'ament_python'
[0.610s] Level 1:colcon.colcon_core.shell:create_environment_hook('opencv_tools', 'ament_prefix_path')
[0.610s] INFO:colcon.colcon_core.shell:Creating environment hook '/home/ssfa/ros2_ws/install/opencv_tools/share/opencv_tools/hook/ament_prefix_path.ps1'
[0.611s] INFO:colcon.colcon_core.shell:Creating environment descriptor '/home/ssfa/ros2_ws/install/opencv_tools/share/opencv_tools/hook/ament_prefix_path.dsv'
[0.611s] INFO:colcon.colcon_core.shell:Creating environment hook '/home/ssfa/ros2_ws/install/opencv_tools/share/opencv_tools/hook/ament_prefix_path.sh'
[0.612s] INFO:colcon.colcon_core.shell:Skip shell extension 'powershell' for command environment: Not usable outside of PowerShell
[0.612s] DEBUG:colcon.colcon_core.shell:Skip shell extension 'dsv' for command environment
[0.635s] DEBUG:colcon.colcon_core.event_handler.log_command:Invoking command in '/home/ssfa/ros2_ws/build/turtlebot3_description': CMAKE_PREFIX_PATH=${CMAKE_PREFIX_PATH}:/home/ssfa/ros2_ws/install/visionsensor:/home/ssfa/ros2_ws/install/turtlebot3_teleop:/home/ssfa/ros2_ws/install/turtlebot3_example:/home/ssfa/ros2_ws/install/topic_exercise:/home/ssfa/ros2_ws/install/subscriber_pkg:/home/ssfa/ros2_ws/install/services_pkg:/home/ssfa/ros2_ws/install/publisher_pkg:/home/ssfa/ros2_ws/install/opencv_tools:/home/ssfa/ros2_ws/install/my_package:/home/ssfa/ros2_ws/install/movement_pkg:/home/ssfa/ros2_ws/install/exercise_pkg:/home/ssfa/ros2_ws/install/custom_interface_example:/home/ssfa/ros2_ws/install/client_pkg:/opt/ros/humble /usr/bin/cmake --build /home/ssfa/ros2_ws/build/turtlebot3_description -- -j12 -l12
[0.641s] DEBUG:colcon.colcon_core.event_handler.log_command:Invoking command in '/home/ssfa/ros2_ws/build/custom_interfaces': CMAKE_PREFIX_PATH=${CMAKE_PREFIX_PATH}:/home/ssfa/ros2_ws/install/visionsensor:/home/ssfa/ros2_ws/install/turtlebot3_teleop:/home/ssfa/ros2_ws/install/turtlebot3_example:/home/ssfa/ros2_ws/install/topic_exercise:/home/ssfa/ros2_ws/install/subscriber_pkg:/home/ssfa/ros2_ws/install/services_pkg:/home/ssfa/ros2_ws/install/publisher_pkg:/home/ssfa/ros2_ws/install/opencv_tools:/home/ssfa/ros2_ws/install/my_package:/home/ssfa/ros2_ws/install/movement_pkg:/home/ssfa/ros2_ws/install/exercise_pkg:/home/ssfa/ros2_ws/install/custom_interface_example:/home/ssfa/ros2_ws/install/client_pkg:/opt/ros/humble /usr/bin/cmake --build /home/ssfa/ros2_ws/build/custom_interfaces -- -j12 -l12
[0.648s] DEBUG:colcon.colcon_core.event_handler.log_command:Invoking command in '/home/ssfa/ros2_ws/build/turtlebot3_msgs': CMAKE_PREFIX_PATH=${CMAKE_PREFIX_PATH}:/home/ssfa/ros2_ws/install/visionsensor:/home/ssfa/ros2_ws/install/turtlebot3_teleop:/home/ssfa/ros2_ws/install/turtlebot3_example:/home/ssfa/ros2_ws/install/topic_exercise:/home/ssfa/ros2_ws/install/subscriber_pkg:/home/ssfa/ros2_ws/install/services_pkg:/home/ssfa/ros2_ws/install/publisher_pkg:/home/ssfa/ros2_ws/install/opencv_tools:/home/ssfa/ros2_ws/install/my_package:/home/ssfa/ros2_ws/install/movement_pkg:/home/ssfa/ros2_ws/install/exercise_pkg:/home/ssfa/ros2_ws/install/custom_interface_example:/home/ssfa/ros2_ws/install/client_pkg:/opt/ros/humble /usr/bin/cmake --build /home/ssfa/ros2_ws/build/turtlebot3_msgs -- -j12 -l12
[0.653s] DEBUG:colcon.colcon_core.event_handler.log_command:Invoking command in '/home/ssfa/ros2_ws/build/t3_action_msg': CMAKE_PREFIX_PATH=${CMAKE_PREFIX_PATH}:/home/ssfa/ros2_ws/install/visionsensor:/home/ssfa/ros2_ws/install/turtlebot3_teleop:/home/ssfa/ros2_ws/install/turtlebot3_example:/home/ssfa/ros2_ws/install/topic_exercise:/home/ssfa/ros2_ws/install/subscriber_pkg:/home/ssfa/ros2_ws/install/services_pkg:/home/ssfa/ros2_ws/install/publisher_pkg:/home/ssfa/ros2_ws/install/opencv_tools:/home/ssfa/ros2_ws/install/my_package:/home/ssfa/ros2_ws/install/movement_pkg:/home/ssfa/ros2_ws/install/exercise_pkg:/home/ssfa/ros2_ws/install/custom_interface_example:/home/ssfa/ros2_ws/install/client_pkg:/opt/ros/humble /usr/bin/cmake --build /home/ssfa/ros2_ws/build/t3_action_msg -- -j12 -l12
[0.658s] DEBUG:colcon.colcon_core.event_handler.log_command:Invoking command in '/home/ssfa/ros2_ws/build/turtlebot3_cartographer': CMAKE_PREFIX_PATH=${CMAKE_PREFIX_PATH}:/home/ssfa/ros2_ws/install/visionsensor:/home/ssfa/ros2_ws/install/turtlebot3_teleop:/home/ssfa/ros2_ws/install/turtlebot3_example:/home/ssfa/ros2_ws/install/topic_exercise:/home/ssfa/ros2_ws/install/subscriber_pkg:/home/ssfa/ros2_ws/install/services_pkg:/home/ssfa/ros2_ws/install/publisher_pkg:/home/ssfa/ros2_ws/install/opencv_tools:/home/ssfa/ros2_ws/install/my_package:/home/ssfa/ros2_ws/install/movement_pkg:/home/ssfa/ros2_ws/install/exercise_pkg:/home/ssfa/ros2_ws/install/custom_interface_example:/home/ssfa/ros2_ws/install/client_pkg:/opt/ros/humble /usr/bin/cmake --build /home/ssfa/ros2_ws/build/turtlebot3_cartographer -- -j12 -l12
[0.665s] DEBUG:colcon.colcon_core.event_handler.log_command:Invoking command in '/home/ssfa/ros2_ws/build/turtlebot3_navigation2': CMAKE_PREFIX_PATH=${CMAKE_PREFIX_PATH}:/home/ssfa/ros2_ws/install/visionsensor:/home/ssfa/ros2_ws/install/turtlebot3_teleop:/home/ssfa/ros2_ws/install/turtlebot3_example:/home/ssfa/ros2_ws/install/topic_exercise:/home/ssfa/ros2_ws/install/subscriber_pkg:/home/ssfa/ros2_ws/install/services_pkg:/home/ssfa/ros2_ws/install/publisher_pkg:/home/ssfa/ros2_ws/install/opencv_tools:/home/ssfa/ros2_ws/install/my_package:/home/ssfa/ros2_ws/install/movement_pkg:/home/ssfa/ros2_ws/install/exercise_pkg:/home/ssfa/ros2_ws/install/custom_interface_example:/home/ssfa/ros2_ws/install/client_pkg:/opt/ros/humble /usr/bin/cmake --build /home/ssfa/ros2_ws/build/turtlebot3_navigation2 -- -j12 -l12
[1.266s] INFO:colcon.colcon_core.task.python.build:Building Python package in '/home/ssfa/ros2_ws/src/t3/turtlebot3/turtlebot3/turtlebot3_teleop'
[1.266s] INFO:colcon.colcon_core.shell:Skip shell extension 'powershell' for command environment: Not usable outside of PowerShell
[1.266s] DEBUG:colcon.colcon_core.shell:Skip shell extension 'dsv' for command environment
[1.632s] INFO:colcon.colcon_core.task.python.build:Building Python package in '/home/ssfa/ros2_ws/src/client_pkg'
[1.632s] INFO:colcon.colcon_core.shell:Skip shell extension 'powershell' for command environment: Not usable outside of PowerShell
[1.632s] DEBUG:colcon.colcon_core.shell:Skip shell extension 'dsv' for command environment
[1.647s] DEBUG:colcon.colcon_core.event_handler.log_command:Invoking command in '/home/ssfa/ros2_ws/build/dynamixel_sdk': CMAKE_PREFIX_PATH=${CMAKE_PREFIX_PATH}:/home/ssfa/ros2_ws/install/visionsensor:/home/ssfa/ros2_ws/install/turtlebot3_teleop:/home/ssfa/ros2_ws/install/turtlebot3_example:/home/ssfa/ros2_ws/install/topic_exercise:/home/ssfa/ros2_ws/install/subscriber_pkg:/home/ssfa/ros2_ws/install/services_pkg:/home/ssfa/ros2_ws/install/publisher_pkg:/home/ssfa/ros2_ws/install/opencv_tools:/home/ssfa/ros2_ws/install/my_package:/home/ssfa/ros2_ws/install/movement_pkg:/home/ssfa/ros2_ws/install/exercise_pkg:/home/ssfa/ros2_ws/install/custom_interface_example:/home/ssfa/ros2_ws/install/client_pkg:/opt/ros/humble /usr/bin/cmake --build /home/ssfa/ros2_ws/build/dynamixel_sdk -- -j12 -l12
[1.980s] INFO:colcon.colcon_core.task.python.build:Building Python package in '/home/ssfa/ros2_ws/src/exercise_pkg'
[1.980s] INFO:colcon.colcon_core.shell:Skip shell extension 'powershell' for command environment: Not usable outside of PowerShell
[1.981s] DEBUG:colcon.colcon_core.shell:Skip shell extension 'dsv' for command environment
[2.574s] INFO:colcon.colcon_core.task.python.build:Building Python package in '/home/ssfa/ros2_ws/src/my_package'
[2.575s] INFO:colcon.colcon_core.shell:Skip shell extension 'powershell' for command environment: Not usable outside of PowerShell
[2.575s] DEBUG:colcon.colcon_core.shell:Skip shell extension 'dsv' for command environment
[2.927s] INFO:colcon.colcon_core.task.python.build:Building Python package in '/home/ssfa/ros2_ws/opencv_tools'
[2.927s] INFO:colcon.colcon_core.shell:Skip shell extension 'powershell' for command environment: Not usable outside of PowerShell
[2.928s] DEBUG:colcon.colcon_core.shell:Skip shell extension 'dsv' for command environment
[2.951s] DEBUG:colcon.colcon_core.event_handler.log_command:Invoked command in '/home/ssfa/ros2_ws/build/turtlebot3_description' returned '0': CMAKE_PREFIX_PATH=${CMAKE_PREFIX_PATH}:/home/ssfa/ros2_ws/install/visionsensor:/home/ssfa/ros2_ws/install/turtlebot3_teleop:/home/ssfa/ros2_ws/install/turtlebot3_example:/home/ssfa/ros2_ws/install/topic_exercise:/home/ssfa/ros2_ws/install/subscriber_pkg:/home/ssfa/ros2_ws/install/services_pkg:/home/ssfa/ros2_ws/install/publisher_pkg:/home/ssfa/ros2_ws/install/opencv_tools:/home/ssfa/ros2_ws/install/my_package:/home/ssfa/ros2_ws/install/movement_pkg:/home/ssfa/ros2_ws/install/exercise_pkg:/home/ssfa/ros2_ws/install/custom_interface_example:/home/ssfa/ros2_ws/install/client_pkg:/opt/ros/humble /usr/bin/cmake --build /home/ssfa/ros2_ws/build/turtlebot3_description -- -j12 -l12
[2.953s] DEBUG:colcon.colcon_core.event_handler.log_command:Invoked command in '/home/ssfa/ros2_ws/build/turtlebot3_cartographer' returned '0': CMAKE_PREFIX_PATH=${CMAKE_PREFIX_PATH}:/home/ssfa/ros2_ws/install/visionsensor:/home/ssfa/ros2_ws/install/turtlebot3_teleop:/home/ssfa/ros2_ws/install/turtlebot3_example:/home/ssfa/ros2_ws/install/topic_exercise:/home/ssfa/ros2_ws/install/subscriber_pkg:/home/ssfa/ros2_ws/install/services_pkg:/home/ssfa/ros2_ws/install/publisher_pkg:/home/ssfa/ros2_ws/install/opencv_tools:/home/ssfa/ros2_ws/install/my_package:/home/ssfa/ros2_ws/install/movement_pkg:/home/ssfa/ros2_ws/install/exercise_pkg:/home/ssfa/ros2_ws/install/custom_interface_example:/home/ssfa/ros2_ws/install/client_pkg:/opt/ros/humble /usr/bin/cmake --build /home/ssfa/ros2_ws/build/turtlebot3_cartographer -- -j12 -l12
[2.954s] DEBUG:colcon.colcon_core.event_handler.log_command:Invoked command in '/home/ssfa/ros2_ws/build/turtlebot3_navigation2' returned '0': CMAKE_PREFIX_PATH=${CMAKE_PREFIX_PATH}:/home/ssfa/ros2_ws/install/visionsensor:/home/ssfa/ros2_ws/install/turtlebot3_teleop:/home/ssfa/ros2_ws/install/turtlebot3_example:/home/ssfa/ros2_ws/install/topic_exercise:/home/ssfa/ros2_ws/install/subscriber_pkg:/home/ssfa/ros2_ws/install/services_pkg:/home/ssfa/ros2_ws/install/publisher_pkg:/home/ssfa/ros2_ws/install/opencv_tools:/home/ssfa/ros2_ws/install/my_package:/home/ssfa/ros2_ws/install/movement_pkg:/home/ssfa/ros2_ws/install/exercise_pkg:/home/ssfa/ros2_ws/install/custom_interface_example:/home/ssfa/ros2_ws/install/client_pkg:/opt/ros/humble /usr/bin/cmake --build /home/ssfa/ros2_ws/build/turtlebot3_navigation2 -- -j12 -l12
[2.955s] DEBUG:colcon.colcon_core.event_handler.log_command:Invoked command in '/home/ssfa/ros2_ws/build/t3_action_msg' returned '0': CMAKE_PREFIX_PATH=${CMAKE_PREFIX_PATH}:/home/ssfa/ros2_ws/install/visionsensor:/home/ssfa/ros2_ws/install/turtlebot3_teleop:/home/ssfa/ros2_ws/install/turtlebot3_example:/home/ssfa/ros2_ws/install/topic_exercise:/home/ssfa/ros2_ws/install/subscriber_pkg:/home/ssfa/ros2_ws/install/services_pkg:/home/ssfa/ros2_ws/install/publisher_pkg:/home/ssfa/ros2_ws/install/opencv_tools:/home/ssfa/ros2_ws/install/my_package:/home/ssfa/ros2_ws/install/movement_pkg:/home/ssfa/ros2_ws/install/exercise_pkg:/home/ssfa/ros2_ws/install/custom_interface_example:/home/ssfa/ros2_ws/install/client_pkg:/opt/ros/humble /usr/bin/cmake --build /home/ssfa/ros2_ws/build/t3_action_msg -- -j12 -l12
[2.957s] DEBUG:colcon.colcon_core.event_handler.log_command:Invoked command in '/home/ssfa/ros2_ws/build/custom_interfaces' returned '0': CMAKE_PREFIX_PATH=${CMAKE_PREFIX_PATH}:/home/ssfa/ros2_ws/install/visionsensor:/home/ssfa/ros2_ws/install/turtlebot3_teleop:/home/ssfa/ros2_ws/install/turtlebot3_example:/home/ssfa/ros2_ws/install/topic_exercise:/home/ssfa/ros2_ws/install/subscriber_pkg:/home/ssfa/ros2_ws/install/services_pkg:/home/ssfa/ros2_ws/install/publisher_pkg:/home/ssfa/ros2_ws/install/opencv_tools:/home/ssfa/ros2_ws/install/my_package:/home/ssfa/ros2_ws/install/movement_pkg:/home/ssfa/ros2_ws/install/exercise_pkg:/home/ssfa/ros2_ws/install/custom_interface_example:/home/ssfa/ros2_ws/install/client_pkg:/opt/ros/humble /usr/bin/cmake --build /home/ssfa/ros2_ws/build/custom_interfaces -- -j12 -l12
[2.960s] DEBUG:colcon.colcon_core.event_handler.log_command:Invoked command in '/home/ssfa/ros2_ws/build/turtlebot3_msgs' returned '0': CMAKE_PREFIX_PATH=${CMAKE_PREFIX_PATH}:/home/ssfa/ros2_ws/install/visionsensor:/home/ssfa/ros2_ws/install/turtlebot3_teleop:/home/ssfa/ros2_ws/install/turtlebot3_example:/home/ssfa/ros2_ws/install/topic_exercise:/home/ssfa/ros2_ws/install/subscriber_pkg:/home/ssfa/ros2_ws/install/services_pkg:/home/ssfa/ros2_ws/install/publisher_pkg:/home/ssfa/ros2_ws/install/opencv_tools:/home/ssfa/ros2_ws/install/my_package:/home/ssfa/ros2_ws/install/movement_pkg:/home/ssfa/ros2_ws/install/exercise_pkg:/home/ssfa/ros2_ws/install/custom_interface_example:/home/ssfa/ros2_ws/install/client_pkg:/opt/ros/humble /usr/bin/cmake --build /home/ssfa/ros2_ws/build/turtlebot3_msgs -- -j12 -l12
[2.962s] DEBUG:colcon.colcon_core.event_handler.log_command:Invoked command in '/home/ssfa/ros2_ws/build/dynamixel_sdk' returned '0': CMAKE_PREFIX_PATH=${CMAKE_PREFIX_PATH}:/home/ssfa/ros2_ws/install/visionsensor:/home/ssfa/ros2_ws/install/turtlebot3_teleop:/home/ssfa/ros2_ws/install/turtlebot3_example:/home/ssfa/ros2_ws/install/topic_exercise:/home/ssfa/ros2_ws/install/subscriber_pkg:/home/ssfa/ros2_ws/install/services_pkg:/home/ssfa/ros2_ws/install/publisher_pkg:/home/ssfa/ros2_ws/install/opencv_tools:/home/ssfa/ros2_ws/install/my_package:/home/ssfa/ros2_ws/install/movement_pkg:/home/ssfa/ros2_ws/install/exercise_pkg:/home/ssfa/ros2_ws/install/custom_interface_example:/home/ssfa/ros2_ws/install/client_pkg:/opt/ros/humble /usr/bin/cmake --build /home/ssfa/ros2_ws/build/dynamixel_sdk -- -j12 -l12
[3.009s] DEBUG:colcon.colcon_core.event_handler.log_command:Invoking command in '/home/ssfa/ros2_ws/build/turtlebot3_description': CMAKE_PREFIX_PATH=${CMAKE_PREFIX_PATH}:/home/ssfa/ros2_ws/install/visionsensor:/home/ssfa/ros2_ws/install/turtlebot3_teleop:/home/ssfa/ros2_ws/install/turtlebot3_example:/home/ssfa/ros2_ws/install/topic_exercise:/home/ssfa/ros2_ws/install/subscriber_pkg:/home/ssfa/ros2_ws/install/services_pkg:/home/ssfa/ros2_ws/install/publisher_pkg:/home/ssfa/ros2_ws/install/opencv_tools:/home/ssfa/ros2_ws/install/my_package:/home/ssfa/ros2_ws/install/movement_pkg:/home/ssfa/ros2_ws/install/exercise_pkg:/home/ssfa/ros2_ws/install/custom_interface_example:/home/ssfa/ros2_ws/install/client_pkg:/opt/ros/humble /usr/bin/cmake --install /home/ssfa/ros2_ws/build/turtlebot3_description
[3.020s] DEBUG:colcon.colcon_core.event_handler.log_command:Invoking command in '/home/ssfa/ros2_ws/build/turtlebot3_cartographer': CMAKE_PREFIX_PATH=${CMAKE_PREFIX_PATH}:/home/ssfa/ros2_ws/install/visionsensor:/home/ssfa/ros2_ws/install/turtlebot3_teleop:/home/ssfa/ros2_ws/install/turtlebot3_example:/home/ssfa/ros2_ws/install/topic_exercise:/home/ssfa/ros2_ws/install/subscriber_pkg:/home/ssfa/ros2_ws/install/services_pkg:/home/ssfa/ros2_ws/install/publisher_pkg:/home/ssfa/ros2_ws/install/opencv_tools:/home/ssfa/ros2_ws/install/my_package:/home/ssfa/ros2_ws/install/movement_pkg:/home/ssfa/ros2_ws/install/exercise_pkg:/home/ssfa/ros2_ws/install/custom_interface_example:/home/ssfa/ros2_ws/install/client_pkg:/opt/ros/humble /usr/bin/cmake --install /home/ssfa/ros2_ws/build/turtlebot3_cartographer
[3.023s] DEBUG:colcon.colcon_core.event_handler.log_command:Invoking command in '/home/ssfa/ros2_ws/build/turtlebot3_navigation2': CMAKE_PREFIX_PATH=${CMAKE_PREFIX_PATH}:/home/ssfa/ros2_ws/install/visionsensor:/home/ssfa/ros2_ws/install/turtlebot3_teleop:/home/ssfa/ros2_ws/install/turtlebot3_example:/home/ssfa/ros2_ws/install/topic_exercise:/home/ssfa/ros2_ws/install/subscriber_pkg:/home/ssfa/ros2_ws/install/services_pkg:/home/ssfa/ros2_ws/install/publisher_pkg:/home/ssfa/ros2_ws/install/opencv_tools:/home/ssfa/ros2_ws/install/my_package:/home/ssfa/ros2_ws/install/movement_pkg:/home/ssfa/ros2_ws/install/exercise_pkg:/home/ssfa/ros2_ws/install/custom_interface_example:/home/ssfa/ros2_ws/install/client_pkg:/opt/ros/humble /usr/bin/cmake --install /home/ssfa/ros2_ws/build/turtlebot3_navigation2
[3.056s] DEBUG:colcon.colcon_core.event_handler.log_command:Invoking command in '/home/ssfa/ros2_ws/build/dynamixel_sdk': CMAKE_PREFIX_PATH=${CMAKE_PREFIX_PATH}:/home/ssfa/ros2_ws/install/visionsensor:/home/ssfa/ros2_ws/install/turtlebot3_teleop:/home/ssfa/ros2_ws/install/turtlebot3_example:/home/ssfa/ros2_ws/install/topic_exercise:/home/ssfa/ros2_ws/install/subscriber_pkg:/home/ssfa/ros2_ws/install/services_pkg:/home/ssfa/ros2_ws/install/publisher_pkg:/home/ssfa/ros2_ws/install/opencv_tools:/home/ssfa/ros2_ws/install/my_package:/home/ssfa/ros2_ws/install/movement_pkg:/home/ssfa/ros2_ws/install/exercise_pkg:/home/ssfa/ros2_ws/install/custom_interface_example:/home/ssfa/ros2_ws/install/client_pkg:/opt/ros/humble /usr/bin/cmake --install /home/ssfa/ros2_ws/build/dynamixel_sdk
[3.081s] Level 1:colcon.colcon_core.environment:create_environment_scripts_only(turtlebot3_navigation2)
[3.084s] DEBUG:colcon.colcon_core.event_handler.log_command:Invoked command in '/home/ssfa/ros2_ws/build/turtlebot3_navigation2' returned '0': CMAKE_PREFIX_PATH=${CMAKE_PREFIX_PATH}:/home/ssfa/ros2_ws/install/visionsensor:/home/ssfa/ros2_ws/install/turtlebot3_teleop:/home/ssfa/ros2_ws/install/turtlebot3_example:/home/ssfa/ros2_ws/install/topic_exercise:/home/ssfa/ros2_ws/install/subscriber_pkg:/home/ssfa/ros2_ws/install/services_pkg:/home/ssfa/ros2_ws/install/publisher_pkg:/home/ssfa/ros2_ws/install/opencv_tools:/home/ssfa/ros2_ws/install/my_package:/home/ssfa/ros2_ws/install/movement_pkg:/home/ssfa/ros2_ws/install/exercise_pkg:/home/ssfa/ros2_ws/install/custom_interface_example:/home/ssfa/ros2_ws/install/client_pkg:/opt/ros/humble /usr/bin/cmake --install /home/ssfa/ros2_ws/build/turtlebot3_navigation2
[3.089s] Level 1:colcon.colcon_core.environment:checking '/home/ssfa/ros2_ws/install/turtlebot3_navigation2' for CMake module files
[3.090s] Level 1:colcon.colcon_core.environment:checking '/home/ssfa/ros2_ws/install/turtlebot3_navigation2' for CMake config files
[3.091s] Level 1:colcon.colcon_core.shell:create_environment_hook('turtlebot3_navigation2', 'cmake_prefix_path')
[3.091s] INFO:colcon.colcon_core.shell:Creating environment hook '/home/ssfa/ros2_ws/install/turtlebot3_navigation2/share/turtlebot3_navigation2/hook/cmake_prefix_path.ps1'
[3.092s] INFO:colcon.colcon_core.shell:Creating environment descriptor '/home/ssfa/ros2_ws/install/turtlebot3_navigation2/share/turtlebot3_navigation2/hook/cmake_prefix_path.dsv'
[3.093s] INFO:colcon.colcon_core.shell:Creating environment hook '/home/ssfa/ros2_ws/install/turtlebot3_navigation2/share/turtlebot3_navigation2/hook/cmake_prefix_path.sh'
[3.094s] Level 1:colcon.colcon_core.environment:checking '/home/ssfa/ros2_ws/install/turtlebot3_navigation2/bin'
[3.094s] Level 1:colcon.colcon_core.environment:checking '/home/ssfa/ros2_ws/install/turtlebot3_navigation2/lib/pkgconfig/turtlebot3_navigation2.pc'
[3.095s] Level 1:colcon.colcon_core.environment:checking '/home/ssfa/ros2_ws/install/turtlebot3_navigation2/lib/python3.10/site-packages'
[3.095s] Level 1:colcon.colcon_core.environment:checking '/home/ssfa/ros2_ws/install/turtlebot3_navigation2/bin'
[3.096s] INFO:colcon.colcon_core.shell:Creating package script '/home/ssfa/ros2_ws/install/turtlebot3_navigation2/share/turtlebot3_navigation2/package.ps1'
[3.097s] INFO:colcon.colcon_core.shell:Creating package descriptor '/home/ssfa/ros2_ws/install/turtlebot3_navigation2/share/turtlebot3_navigation2/package.dsv'
[3.098s] INFO:colcon.colcon_core.shell:Creating package script '/home/ssfa/ros2_ws/install/turtlebot3_navigation2/share/turtlebot3_navigation2/package.sh'
[3.100s] INFO:colcon.colcon_core.shell:Creating package script '/home/ssfa/ros2_ws/install/turtlebot3_navigation2/share/turtlebot3_navigation2/package.bash'
[3.101s] INFO:colcon.colcon_core.shell:Creating package script '/home/ssfa/ros2_ws/install/turtlebot3_navigation2/share/turtlebot3_navigation2/package.zsh'
[3.102s] Level 1:colcon.colcon_core.environment:create_file_with_runtime_dependencies(/home/ssfa/ros2_ws/install/turtlebot3_navigation2/share/colcon-core/packages/turtlebot3_navigation2)
[3.105s] Level 1:colcon.colcon_core.environment:create_environment_scripts_only(turtlebot3_description)
[3.106s] DEBUG:colcon.colcon_core.event_handler.log_command:Invoked command in '/home/ssfa/ros2_ws/build/turtlebot3_description' returned '0': CMAKE_PREFIX_PATH=${CMAKE_PREFIX_PATH}:/home/ssfa/ros2_ws/install/visionsensor:/home/ssfa/ros2_ws/install/turtlebot3_teleop:/home/ssfa/ros2_ws/install/turtlebot3_example:/home/ssfa/ros2_ws/install/topic_exercise:/home/ssfa/ros2_ws/install/subscriber_pkg:/home/ssfa/ros2_ws/install/services_pkg:/home/ssfa/ros2_ws/install/publisher_pkg:/home/ssfa/ros2_ws/install/opencv_tools:/home/ssfa/ros2_ws/install/my_package:/home/ssfa/ros2_ws/install/movement_pkg:/home/ssfa/ros2_ws/install/exercise_pkg:/home/ssfa/ros2_ws/install/custom_interface_example:/home/ssfa/ros2_ws/install/client_pkg:/opt/ros/humble /usr/bin/cmake --install /home/ssfa/ros2_ws/build/turtlebot3_description
[3.106s] Level 1:colcon.colcon_core.environment:checking '/home/ssfa/ros2_ws/install/turtlebot3_description' for CMake module files
[3.108s] Level 1:colcon.colcon_core.environment:checking '/home/ssfa/ros2_ws/install/turtlebot3_description' for CMake config files
[3.109s] Level 1:colcon.colcon_core.shell:create_environment_hook('turtlebot3_description', 'cmake_prefix_path')
[3.109s] INFO:colcon.colcon_core.shell:Creating environment hook '/home/ssfa/ros2_ws/install/turtlebot3_description/share/turtlebot3_description/hook/cmake_prefix_path.ps1'
[3.109s] INFO:colcon.colcon_core.shell:Creating environment descriptor '/home/ssfa/ros2_ws/install/turtlebot3_description/share/turtlebot3_description/hook/cmake_prefix_path.dsv'
[3.110s] INFO:colcon.colcon_core.shell:Creating environment hook '/home/ssfa/ros2_ws/install/turtlebot3_description/share/turtlebot3_description/hook/cmake_prefix_path.sh'
[3.111s] Level 1:colcon.colcon_core.environment:checking '/home/ssfa/ros2_ws/install/turtlebot3_description/bin'
[3.111s] Level 1:colcon.colcon_core.environment:checking '/home/ssfa/ros2_ws/install/turtlebot3_description/lib/pkgconfig/turtlebot3_description.pc'
[3.112s] Level 1:colcon.colcon_core.environment:checking '/home/ssfa/ros2_ws/install/turtlebot3_description/lib/python3.10/site-packages'
[3.112s] Level 1:colcon.colcon_core.environment:checking '/home/ssfa/ros2_ws/install/turtlebot3_description/bin'
[3.112s] INFO:colcon.colcon_core.shell:Creating package script '/home/ssfa/ros2_ws/install/turtlebot3_description/share/turtlebot3_description/package.ps1'
[3.113s] INFO:colcon.colcon_core.shell:Creating package descriptor '/home/ssfa/ros2_ws/install/turtlebot3_description/share/turtlebot3_description/package.dsv'
[3.114s] INFO:colcon.colcon_core.shell:Creating package script '/home/ssfa/ros2_ws/install/turtlebot3_description/share/turtlebot3_description/package.sh'
[3.115s] INFO:colcon.colcon_core.shell:Creating package script '/home/ssfa/ros2_ws/install/turtlebot3_description/share/turtlebot3_description/package.bash'
[3.115s] INFO:colcon.colcon_core.shell:Creating package script '/home/ssfa/ros2_ws/install/turtlebot3_description/share/turtlebot3_description/package.zsh'
[3.115s] Level 1:colcon.colcon_core.environment:create_file_with_runtime_dependencies(/home/ssfa/ros2_ws/install/turtlebot3_description/share/colcon-core/packages/turtlebot3_description)
[3.117s] Level 1:colcon.colcon_core.environment:create_environment_scripts_only(turtlebot3_cartographer)
[3.118s] Level 1:colcon.colcon_core.environment:checking '/home/ssfa/ros2_ws/install/turtlebot3_cartographer' for CMake module files
[3.119s] DEBUG:colcon.colcon_core.event_handler.log_command:Invoked command in '/home/ssfa/ros2_ws/build/turtlebot3_cartographer' returned '0': CMAKE_PREFIX_PATH=${CMAKE_PREFIX_PATH}:/home/ssfa/ros2_ws/install/visionsensor:/home/ssfa/ros2_ws/install/turtlebot3_teleop:/home/ssfa/ros2_ws/install/turtlebot3_example:/home/ssfa/ros2_ws/install/topic_exercise:/home/ssfa/ros2_ws/install/subscriber_pkg:/home/ssfa/ros2_ws/install/services_pkg:/home/ssfa/ros2_ws/install/publisher_pkg:/home/ssfa/ros2_ws/install/opencv_tools:/home/ssfa/ros2_ws/install/my_package:/home/ssfa/ros2_ws/install/movement_pkg:/home/ssfa/ros2_ws/install/exercise_pkg:/home/ssfa/ros2_ws/install/custom_interface_example:/home/ssfa/ros2_ws/install/client_pkg:/opt/ros/humble /usr/bin/cmake --install /home/ssfa/ros2_ws/build/turtlebot3_cartographer
[3.120s] Level 1:colcon.colcon_core.environment:checking '/home/ssfa/ros2_ws/install/turtlebot3_cartographer' for CMake config files
[3.120s] Level 1:colcon.colcon_core.shell:create_environment_hook('turtlebot3_cartographer', 'cmake_prefix_path')
[3.121s] INFO:colcon.colcon_core.shell:Creating environment hook '/home/ssfa/ros2_ws/install/turtlebot3_cartographer/share/turtlebot3_cartographer/hook/cmake_prefix_path.ps1'
[3.122s] INFO:colcon.colcon_core.shell:Creating environment descriptor '/home/ssfa/ros2_ws/install/turtlebot3_cartographer/share/turtlebot3_cartographer/hook/cmake_prefix_path.dsv'
[3.122s] INFO:colcon.colcon_core.shell:Creating environment hook '/home/ssfa/ros2_ws/install/turtlebot3_cartographer/share/turtlebot3_cartographer/hook/cmake_prefix_path.sh'
[3.123s] Level 1:colcon.colcon_core.environment:checking '/home/ssfa/ros2_ws/install/turtlebot3_cartographer/bin'
[3.123s] Level 1:colcon.colcon_core.environment:checking '/home/ssfa/ros2_ws/install/turtlebot3_cartographer/lib/pkgconfig/turtlebot3_cartographer.pc'
[3.124s] Level 1:colcon.colcon_core.environment:checking '/home/ssfa/ros2_ws/install/turtlebot3_cartographer/lib/python3.10/site-packages'
[3.124s] Level 1:colcon.colcon_core.environment:checking '/home/ssfa/ros2_ws/install/turtlebot3_cartographer/bin'
[3.125s] INFO:colcon.colcon_core.shell:Creating package script '/home/ssfa/ros2_ws/install/turtlebot3_cartographer/share/turtlebot3_cartographer/package.ps1'
[3.125s] INFO:colcon.colcon_core.shell:Creating package descriptor '/home/ssfa/ros2_ws/install/turtlebot3_cartographer/share/turtlebot3_cartographer/package.dsv'
[3.126s] INFO:colcon.colcon_core.shell:Creating package script '/home/ssfa/ros2_ws/install/turtlebot3_cartographer/share/turtlebot3_cartographer/package.sh'
[3.127s] INFO:colcon.colcon_core.shell:Creating package script '/home/ssfa/ros2_ws/install/turtlebot3_cartographer/share/turtlebot3_cartographer/package.bash'
[3.127s] INFO:colcon.colcon_core.shell:Creating package script '/home/ssfa/ros2_ws/install/turtlebot3_cartographer/share/turtlebot3_cartographer/package.zsh'
[3.128s] Level 1:colcon.colcon_core.environment:create_file_with_runtime_dependencies(/home/ssfa/ros2_ws/install/turtlebot3_cartographer/share/colcon-core/packages/turtlebot3_cartographer)
[3.133s] DEBUG:colcon.colcon_core.event_handler.log_command:Invoking command in '/home/ssfa/ros2_ws/build/t3_action_msg': CMAKE_PREFIX_PATH=${CMAKE_PREFIX_PATH}:/home/ssfa/ros2_ws/install/visionsensor:/home/ssfa/ros2_ws/install/turtlebot3_teleop:/home/ssfa/ros2_ws/install/turtlebot3_example:/home/ssfa/ros2_ws/install/topic_exercise:/home/ssfa/ros2_ws/install/subscriber_pkg:/home/ssfa/ros2_ws/install/services_pkg:/home/ssfa/ros2_ws/install/publisher_pkg:/home/ssfa/ros2_ws/install/opencv_tools:/home/ssfa/ros2_ws/install/my_package:/home/ssfa/ros2_ws/install/movement_pkg:/home/ssfa/ros2_ws/install/exercise_pkg:/home/ssfa/ros2_ws/install/custom_interface_example:/home/ssfa/ros2_ws/install/client_pkg:/opt/ros/humble /usr/bin/cmake --install /home/ssfa/ros2_ws/build/t3_action_msg
[3.135s] Level 1:colcon.colcon_core.environment:create_environment_scripts_only(dynamixel_sdk)
[3.135s] Level 1:colcon.colcon_core.environment:checking '/home/ssfa/ros2_ws/install/dynamixel_sdk' for CMake module files
[3.137s] DEBUG:colcon.colcon_core.event_handler.log_command:Invoked command in '/home/ssfa/ros2_ws/build/dynamixel_sdk' returned '0': CMAKE_PREFIX_PATH=${CMAKE_PREFIX_PATH}:/home/ssfa/ros2_ws/install/visionsensor:/home/ssfa/ros2_ws/install/turtlebot3_teleop:/home/ssfa/ros2_ws/install/turtlebot3_example:/home/ssfa/ros2_ws/install/topic_exercise:/home/ssfa/ros2_ws/install/subscriber_pkg:/home/ssfa/ros2_ws/install/services_pkg:/home/ssfa/ros2_ws/install/publisher_pkg:/home/ssfa/ros2_ws/install/opencv_tools:/home/ssfa/ros2_ws/install/my_package:/home/ssfa/ros2_ws/install/movement_pkg:/home/ssfa/ros2_ws/install/exercise_pkg:/home/ssfa/ros2_ws/install/custom_interface_example:/home/ssfa/ros2_ws/install/client_pkg:/opt/ros/humble /usr/bin/cmake --install /home/ssfa/ros2_ws/build/dynamixel_sdk
[3.137s] Level 1:colcon.colcon_core.environment:checking '/home/ssfa/ros2_ws/install/dynamixel_sdk' for CMake config files
[3.137s] Level 1:colcon.colcon_core.shell:create_environment_hook('dynamixel_sdk', 'cmake_prefix_path')
[3.138s] INFO:colcon.colcon_core.shell:Creating environment hook '/home/ssfa/ros2_ws/install/dynamixel_sdk/share/dynamixel_sdk/hook/cmake_prefix_path.ps1'
[3.138s] INFO:colcon.colcon_core.shell:Creating environment descriptor '/home/ssfa/ros2_ws/install/dynamixel_sdk/share/dynamixel_sdk/hook/cmake_prefix_path.dsv'
[3.139s] INFO:colcon.colcon_core.shell:Creating environment hook '/home/ssfa/ros2_ws/install/dynamixel_sdk/share/dynamixel_sdk/hook/cmake_prefix_path.sh'
[3.139s] Level 1:colcon.colcon_core.environment:checking '/home/ssfa/ros2_ws/install/dynamixel_sdk/lib'
[3.140s] Level 1:colcon.colcon_core.shell:create_environment_hook('dynamixel_sdk', 'ld_library_path_lib')
[3.140s] INFO:colcon.colcon_core.shell:Creating environment hook '/home/ssfa/ros2_ws/install/dynamixel_sdk/share/dynamixel_sdk/hook/ld_library_path_lib.ps1'
[3.141s] INFO:colcon.colcon_core.shell:Creating environment descriptor '/home/ssfa/ros2_ws/install/dynamixel_sdk/share/dynamixel_sdk/hook/ld_library_path_lib.dsv'
[3.143s] INFO:colcon.colcon_core.shell:Creating environment hook '/home/ssfa/ros2_ws/install/dynamixel_sdk/share/dynamixel_sdk/hook/ld_library_path_lib.sh'
[3.143s] Level 1:colcon.colcon_core.environment:checking '/home/ssfa/ros2_ws/install/dynamixel_sdk/bin'
[3.144s] Level 1:colcon.colcon_core.environment:checking '/home/ssfa/ros2_ws/install/dynamixel_sdk/lib/pkgconfig/dynamixel_sdk.pc'
[3.146s] Level 1:colcon.colcon_core.environment:checking '/home/ssfa/ros2_ws/install/dynamixel_sdk/lib/python3.10/site-packages'
[3.146s] Level 1:colcon.colcon_core.environment:checking '/home/ssfa/ros2_ws/install/dynamixel_sdk/bin'
[3.147s] INFO:colcon.colcon_core.shell:Creating package script '/home/ssfa/ros2_ws/install/dynamixel_sdk/share/dynamixel_sdk/package.ps1'
[3.148s] INFO:colcon.colcon_core.shell:Creating package descriptor '/home/ssfa/ros2_ws/install/dynamixel_sdk/share/dynamixel_sdk/package.dsv'
[3.149s] INFO:colcon.colcon_core.shell:Creating package script '/home/ssfa/ros2_ws/install/dynamixel_sdk/share/dynamixel_sdk/package.sh'
[3.150s] INFO:colcon.colcon_core.shell:Creating package script '/home/ssfa/ros2_ws/install/dynamixel_sdk/share/dynamixel_sdk/package.bash'
[3.151s] INFO:colcon.colcon_core.shell:Creating package script '/home/ssfa/ros2_ws/install/dynamixel_sdk/share/dynamixel_sdk/package.zsh'
[3.151s] Level 1:colcon.colcon_core.environment:create_file_with_runtime_dependencies(/home/ssfa/ros2_ws/install/dynamixel_sdk/share/colcon-core/packages/dynamixel_sdk)
[3.160s] DEBUG:colcon.colcon_core.event_handler.log_command:Invoking command in '/home/ssfa/ros2_ws/build/custom_interfaces': CMAKE_PREFIX_PATH=${CMAKE_PREFIX_PATH}:/home/ssfa/ros2_ws/install/visionsensor:/home/ssfa/ros2_ws/install/turtlebot3_teleop:/home/ssfa/ros2_ws/install/turtlebot3_example:/home/ssfa/ros2_ws/install/topic_exercise:/home/ssfa/ros2_ws/install/subscriber_pkg:/home/ssfa/ros2_ws/install/services_pkg:/home/ssfa/ros2_ws/install/publisher_pkg:/home/ssfa/ros2_ws/install/opencv_tools:/home/ssfa/ros2_ws/install/my_package:/home/ssfa/ros2_ws/install/movement_pkg:/home/ssfa/ros2_ws/install/exercise_pkg:/home/ssfa/ros2_ws/install/custom_interface_example:/home/ssfa/ros2_ws/install/client_pkg:/opt/ros/humble /usr/bin/cmake --install /home/ssfa/ros2_ws/build/custom_interfaces
[3.163s] Level 1:colcon.colcon_core.environment:create_environment_scripts_only(turtlebot3_navigation2)
[3.164s] Level 1:colcon.colcon_core.environment:checking '/home/ssfa/ros2_ws/install/turtlebot3_navigation2' for CMake module files
[3.165s] Level 1:colcon.colcon_core.environment:checking '/home/ssfa/ros2_ws/install/turtlebot3_navigation2' for CMake config files
[3.165s] Level 1:colcon.colcon_core.shell:create_environment_hook('turtlebot3_navigation2', 'cmake_prefix_path')
[3.166s] INFO:colcon.colcon_core.shell:Creating environment hook '/home/ssfa/ros2_ws/install/turtlebot3_navigation2/share/turtlebot3_navigation2/hook/cmake_prefix_path.ps1'
[3.167s] INFO:colcon.colcon_core.shell:Creating environment descriptor '/home/ssfa/ros2_ws/install/turtlebot3_navigation2/share/turtlebot3_navigation2/hook/cmake_prefix_path.dsv'
[3.168s] INFO:colcon.colcon_core.shell:Creating environment hook '/home/ssfa/ros2_ws/install/turtlebot3_navigation2/share/turtlebot3_navigation2/hook/cmake_prefix_path.sh'
[3.175s] Level 1:colcon.colcon_core.environment:checking '/home/ssfa/ros2_ws/install/turtlebot3_navigation2/bin'
[3.175s] Level 1:colcon.colcon_core.environment:checking '/home/ssfa/ros2_ws/install/turtlebot3_navigation2/lib/pkgconfig/turtlebot3_navigation2.pc'
[3.175s] Level 1:colcon.colcon_core.environment:checking '/home/ssfa/ros2_ws/install/turtlebot3_navigation2/lib/python3.10/site-packages'
[3.176s] Level 1:colcon.colcon_core.environment:checking '/home/ssfa/ros2_ws/install/turtlebot3_navigation2/bin'
[3.176s] INFO:colcon.colcon_core.shell:Creating package script '/home/ssfa/ros2_ws/install/turtlebot3_navigation2/share/turtlebot3_navigation2/package.ps1'
[3.178s] INFO:colcon.colcon_core.shell:Creating package descriptor '/home/ssfa/ros2_ws/install/turtlebot3_navigation2/share/turtlebot3_navigation2/package.dsv'
[3.179s] INFO:colcon.colcon_core.shell:Creating package script '/home/ssfa/ros2_ws/install/turtlebot3_navigation2/share/turtlebot3_navigation2/package.sh'
[3.180s] INFO:colcon.colcon_core.shell:Creating package script '/home/ssfa/ros2_ws/install/turtlebot3_navigation2/share/turtlebot3_navigation2/package.bash'
[3.181s] INFO:colcon.colcon_core.shell:Creating package script '/home/ssfa/ros2_ws/install/turtlebot3_navigation2/share/turtlebot3_navigation2/package.zsh'
[3.181s] Level 1:colcon.colcon_core.environment:create_file_with_runtime_dependencies(/home/ssfa/ros2_ws/install/turtlebot3_navigation2/share/colcon-core/packages/turtlebot3_navigation2)
[3.193s] Level 1:colcon.colcon_core.environment:create_environment_scripts_only(turtlebot3_description)
[3.193s] Level 1:colcon.colcon_core.environment:checking '/home/ssfa/ros2_ws/install/turtlebot3_description' for CMake module files
[3.200s] Level 1:colcon.colcon_core.environment:checking '/home/ssfa/ros2_ws/install/turtlebot3_description' for CMake config files
[3.201s] Level 1:colcon.colcon_core.shell:create_environment_hook('turtlebot3_description', 'cmake_prefix_path')
[3.203s] INFO:colcon.colcon_core.shell:Creating environment hook '/home/ssfa/ros2_ws/install/turtlebot3_description/share/turtlebot3_description/hook/cmake_prefix_path.ps1'
[3.205s] INFO:colcon.colcon_core.shell:Creating environment descriptor '/home/ssfa/ros2_ws/install/turtlebot3_description/share/turtlebot3_description/hook/cmake_prefix_path.dsv'
[3.206s] INFO:colcon.colcon_core.shell:Creating environment hook '/home/ssfa/ros2_ws/install/turtlebot3_description/share/turtlebot3_description/hook/cmake_prefix_path.sh'
[3.208s] Level 1:colcon.colcon_core.environment:checking '/home/ssfa/ros2_ws/install/turtlebot3_description/bin'
[3.208s] Level 1:colcon.colcon_core.environment:checking '/home/ssfa/ros2_ws/install/turtlebot3_description/lib/pkgconfig/turtlebot3_description.pc'
[3.208s] Level 1:colcon.colcon_core.environment:checking '/home/ssfa/ros2_ws/install/turtlebot3_description/lib/python3.10/site-packages'
[3.209s] Level 1:colcon.colcon_core.environment:checking '/home/ssfa/ros2_ws/install/turtlebot3_description/bin'
[3.209s] INFO:colcon.colcon_core.shell:Creating package script '/home/ssfa/ros2_ws/install/turtlebot3_description/share/turtlebot3_description/package.ps1'
[3.213s] INFO:colcon.colcon_core.shell:Creating package descriptor '/home/ssfa/ros2_ws/install/turtlebot3_description/share/turtlebot3_description/package.dsv'
[3.217s] INFO:colcon.colcon_core.shell:Creating package script '/home/ssfa/ros2_ws/install/turtlebot3_description/share/turtlebot3_description/package.sh'
[3.219s] INFO:colcon.colcon_core.shell:Creating package script '/home/ssfa/ros2_ws/install/turtlebot3_description/share/turtlebot3_description/package.bash'
[3.222s] INFO:colcon.colcon_core.shell:Creating package script '/home/ssfa/ros2_ws/install/turtlebot3_description/share/turtlebot3_description/package.zsh'
[3.228s] Level 1:colcon.colcon_core.environment:create_file_with_runtime_dependencies(/home/ssfa/ros2_ws/install/turtlebot3_description/share/colcon-core/packages/turtlebot3_description)
[3.229s] INFO:colcon.colcon_ros.task.ament_python.build:Building ROS package in '/home/ssfa/ros2_ws/src/publisher_pkg' with build type 'ament_python'
[3.229s] Level 1:colcon.colcon_core.shell:create_environment_hook('publisher_pkg', 'ament_prefix_path')
[3.229s] INFO:colcon.colcon_core.shell:Creating environment hook '/home/ssfa/ros2_ws/install/publisher_pkg/share/publisher_pkg/hook/ament_prefix_path.ps1'
[3.231s] INFO:colcon.colcon_core.shell:Creating environment descriptor '/home/ssfa/ros2_ws/install/publisher_pkg/share/publisher_pkg/hook/ament_prefix_path.dsv'
[3.231s] INFO:colcon.colcon_core.shell:Creating environment hook '/home/ssfa/ros2_ws/install/publisher_pkg/share/publisher_pkg/hook/ament_prefix_path.sh'
[3.233s] INFO:colcon.colcon_core.shell:Skip shell extension 'powershell' for command environment: Not usable outside of PowerShell
[3.233s] DEBUG:colcon.colcon_core.shell:Skip shell extension 'dsv' for command environment
[3.249s] INFO:colcon.colcon_ros.task.ament_cmake.build:Building ROS package in '/home/ssfa/ros2_ws/src/t3/turtlebot3/turtlebot3/turtlebot3_bringup' with build type 'ament_cmake'
[3.249s] INFO:colcon.colcon_cmake.task.cmake.build:Building CMake package in '/home/ssfa/ros2_ws/src/t3/turtlebot3/turtlebot3/turtlebot3_bringup'
[3.251s] INFO:colcon.colcon_core.shell:Skip shell extension 'powershell' for command environment: Not usable outside of PowerShell
[3.252s] DEBUG:colcon.colcon_core.shell:Skip shell extension 'dsv' for command environment
[3.266s] Level 1:colcon.colcon_core.environment:create_environment_scripts_only(turtlebot3_cartographer)
[3.266s] Level 1:colcon.colcon_core.environment:checking '/home/ssfa/ros2_ws/install/turtlebot3_cartographer' for CMake module files
[3.267s] Level 1:colcon.colcon_core.environment:checking '/home/ssfa/ros2_ws/install/turtlebot3_cartographer' for CMake config files
[3.268s] Level 1:colcon.colcon_core.shell:create_environment_hook('turtlebot3_cartographer', 'cmake_prefix_path')
[3.268s] INFO:colcon.colcon_core.shell:Creating environment hook '/home/ssfa/ros2_ws/install/turtlebot3_cartographer/share/turtlebot3_cartographer/hook/cmake_prefix_path.ps1'
[3.269s] INFO:colcon.colcon_core.shell:Creating environment descriptor '/home/ssfa/ros2_ws/install/turtlebot3_cartographer/share/turtlebot3_cartographer/hook/cmake_prefix_path.dsv'
[3.269s] INFO:colcon.colcon_core.shell:Creating environment hook '/home/ssfa/ros2_ws/install/turtlebot3_cartographer/share/turtlebot3_cartographer/hook/cmake_prefix_path.sh'
[3.270s] Level 1:colcon.colcon_core.environment:checking '/home/ssfa/ros2_ws/install/turtlebot3_cartographer/bin'
[3.271s] Level 1:colcon.colcon_core.environment:checking '/home/ssfa/ros2_ws/install/turtlebot3_cartographer/lib/pkgconfig/turtlebot3_cartographer.pc'
[3.271s] Level 1:colcon.colcon_core.environment:checking '/home/ssfa/ros2_ws/install/turtlebot3_cartographer/lib/python3.10/site-packages'
[3.271s] Level 1:colcon.colcon_core.environment:checking '/home/ssfa/ros2_ws/install/turtlebot3_cartographer/bin'
[3.272s] INFO:colcon.colcon_core.shell:Creating package script '/home/ssfa/ros2_ws/install/turtlebot3_cartographer/share/turtlebot3_cartographer/package.ps1'
[3.274s] INFO:colcon.colcon_core.shell:Creating package descriptor '/home/ssfa/ros2_ws/install/turtlebot3_cartographer/share/turtlebot3_cartographer/package.dsv'
[3.275s] INFO:colcon.colcon_core.shell:Creating package script '/home/ssfa/ros2_ws/install/turtlebot3_cartographer/share/turtlebot3_cartographer/package.sh'
[3.276s] INFO:colcon.colcon_core.shell:Creating package script '/home/ssfa/ros2_ws/install/turtlebot3_cartographer/share/turtlebot3_cartographer/package.bash'
[3.276s] INFO:colcon.colcon_core.shell:Creating package script '/home/ssfa/ros2_ws/install/turtlebot3_cartographer/share/turtlebot3_cartographer/package.zsh'
[3.277s] Level 1:colcon.colcon_core.environment:create_file_with_runtime_dependencies(/home/ssfa/ros2_ws/install/turtlebot3_cartographer/share/colcon-core/packages/turtlebot3_cartographer)
[3.279s] INFO:colcon.colcon_ros.task.ament_cmake.build:Building ROS package in '/home/ssfa/ros2_ws/src/t3/turtlebot3_simulations/turtlebot3_gazebo' with build type 'ament_cmake'
[3.279s] INFO:colcon.colcon_cmake.task.cmake.build:Building CMake package in '/home/ssfa/ros2_ws/src/t3/turtlebot3_simulations/turtlebot3_gazebo'
[3.280s] INFO:colcon.colcon_core.shell:Skip shell extension 'powershell' for command environment: Not usable outside of PowerShell
[3.280s] DEBUG:colcon.colcon_core.shell:Skip shell extension 'dsv' for command environment
[3.289s] Level 1:colcon.colcon_core.environment:create_environment_scripts_only(dynamixel_sdk)
[3.289s] Level 1:colcon.colcon_core.environment:checking '/home/ssfa/ros2_ws/install/dynamixel_sdk' for CMake module files
[3.290s] Level 1:colcon.colcon_core.environment:checking '/home/ssfa/ros2_ws/install/dynamixel_sdk' for CMake config files
[3.291s] Level 1:colcon.colcon_core.shell:create_environment_hook('dynamixel_sdk', 'cmake_prefix_path')
[3.292s] INFO:colcon.colcon_core.shell:Creating environment hook '/home/ssfa/ros2_ws/install/dynamixel_sdk/share/dynamixel_sdk/hook/cmake_prefix_path.ps1'
[3.292s] INFO:colcon.colcon_core.shell:Creating environment descriptor '/home/ssfa/ros2_ws/install/dynamixel_sdk/share/dynamixel_sdk/hook/cmake_prefix_path.dsv'
[3.293s] INFO:colcon.colcon_core.shell:Creating environment hook '/home/ssfa/ros2_ws/install/dynamixel_sdk/share/dynamixel_sdk/hook/cmake_prefix_path.sh'
[3.294s] Level 1:colcon.colcon_core.environment:checking '/home/ssfa/ros2_ws/install/dynamixel_sdk/lib'
[3.295s] Level 1:colcon.colcon_core.shell:create_environment_hook('dynamixel_sdk', 'ld_library_path_lib')
[3.295s] INFO:colcon.colcon_core.shell:Creating environment hook '/home/ssfa/ros2_ws/install/dynamixel_sdk/share/dynamixel_sdk/hook/ld_library_path_lib.ps1'
[3.296s] INFO:colcon.colcon_core.shell:Creating environment descriptor '/home/ssfa/ros2_ws/install/dynamixel_sdk/share/dynamixel_sdk/hook/ld_library_path_lib.dsv'
[3.296s] INFO:colcon.colcon_core.shell:Creating environment hook '/home/ssfa/ros2_ws/install/dynamixel_sdk/share/dynamixel_sdk/hook/ld_library_path_lib.sh'
[3.297s] Level 1:colcon.colcon_core.environment:checking '/home/ssfa/ros2_ws/install/dynamixel_sdk/bin'
[3.297s] Level 1:colcon.colcon_core.environment:checking '/home/ssfa/ros2_ws/install/dynamixel_sdk/lib/pkgconfig/dynamixel_sdk.pc'
[3.298s] Level 1:colcon.colcon_core.environment:checking '/home/ssfa/ros2_ws/install/dynamixel_sdk/lib/python3.10/site-packages'
[3.298s] Level 1:colcon.colcon_core.environment:checking '/home/ssfa/ros2_ws/install/dynamixel_sdk/bin'
[3.299s] INFO:colcon.colcon_core.shell:Creating package script '/home/ssfa/ros2_ws/install/dynamixel_sdk/share/dynamixel_sdk/package.ps1'
[3.300s] INFO:colcon.colcon_core.shell:Creating package descriptor '/home/ssfa/ros2_ws/install/dynamixel_sdk/share/dynamixel_sdk/package.dsv'
[3.301s] INFO:colcon.colcon_core.shell:Creating package script '/home/ssfa/ros2_ws/install/dynamixel_sdk/share/dynamixel_sdk/package.sh'
[3.302s] INFO:colcon.colcon_core.shell:Creating package script '/home/ssfa/ros2_ws/install/dynamixel_sdk/share/dynamixel_sdk/package.bash'
[3.303s] INFO:colcon.colcon_core.shell:Creating package script '/home/ssfa/ros2_ws/install/dynamixel_sdk/share/dynamixel_sdk/package.zsh'
[3.304s] Level 1:colcon.colcon_core.environment:create_file_with_runtime_dependencies(/home/ssfa/ros2_ws/install/dynamixel_sdk/share/colcon-core/packages/dynamixel_sdk)
[3.750s] INFO:colcon.colcon_core.task.python.build:Building Python package in '/home/ssfa/ros2_ws/src/publisher_pkg'
[3.751s] INFO:colcon.colcon_core.shell:Skip shell extension 'powershell' for command environment: Not usable outside of PowerShell
[3.751s] DEBUG:colcon.colcon_core.shell:Skip shell extension 'dsv' for command environment
[3.760s] INFO:colcon.colcon_ros.task.ament_python.build:Building ROS package in '/home/ssfa/ros2_ws/src/t3/services_pkg' with build type 'ament_python'
[3.760s] Level 1:colcon.colcon_core.shell:create_environment_hook('services_pkg', 'ament_prefix_path')
[3.760s] INFO:colcon.colcon_core.shell:Creating environment hook '/home/ssfa/ros2_ws/install/services_pkg/share/services_pkg/hook/ament_prefix_path.ps1'
[3.761s] INFO:colcon.colcon_core.shell:Creating environment descriptor '/home/ssfa/ros2_ws/install/services_pkg/share/services_pkg/hook/ament_prefix_path.dsv'
[3.761s] INFO:colcon.colcon_core.shell:Creating environment hook '/home/ssfa/ros2_ws/install/services_pkg/share/services_pkg/hook/ament_prefix_path.sh'
[3.762s] INFO:colcon.colcon_core.shell:Skip shell extension 'powershell' for command environment: Not usable outside of PowerShell
[3.762s] DEBUG:colcon.colcon_core.shell:Skip shell extension 'dsv' for command environment
[3.776s] DEBUG:colcon.colcon_core.event_handler.log_command:Invoking command in '/home/ssfa/ros2_ws/build/turtlebot3_bringup': CMAKE_PREFIX_PATH=/home/ssfa/ros2_ws/install/turtlebot3_description:/home/ssfa/ros2_ws/install/turtlebot3:/home/ssfa/ros2_ws/install/turtlebot3_simulations:/home/ssfa/ros2_ws/install/turtlebot3_navigation2:/home/ssfa/ros2_ws/install/turtlebot3_msgs:/home/ssfa/ros2_ws/install/turtlebot3_gazebo:/home/ssfa/ros2_ws/install/turtlebot3_bringup:/home/ssfa/ros2_ws/install/turtlebot3_cartographer:/home/ssfa/ros2_ws/install/turtlebot3_as:/home/ssfa/ros2_ws/install/t3_action_msg:/home/ssfa/ros2_ws/install/dynamixel_sdk:/home/ssfa/ros2_ws/install/custom_interfaces:/home/ssfa/ros2_ws/install/visionsensor:/home/ssfa/ros2_ws/install/turtlebot3_teleop:/home/ssfa/ros2_ws/install/turtlebot3_example:/home/ssfa/ros2_ws/install/topic_exercise:/home/ssfa/ros2_ws/install/subscriber_pkg:/home/ssfa/ros2_ws/install/services_pkg:/home/ssfa/ros2_ws/install/publisher_pkg:/home/ssfa/ros2_ws/install/opencv_tools:/home/ssfa/ros2_ws/install/my_package:/home/ssfa/ros2_ws/install/movement_pkg:/home/ssfa/ros2_ws/install/exercise_pkg:/home/ssfa/ros2_ws/install/custom_interface_example:/home/ssfa/ros2_ws/install/client_pkg:/opt/ros/humble /usr/bin/cmake --build /home/ssfa/ros2_ws/build/turtlebot3_bringup -- -j12 -l12
[3.782s] DEBUG:colcon.colcon_core.event_handler.log_command:Invoking command in '/home/ssfa/ros2_ws/build/turtlebot3_gazebo': CMAKE_PREFIX_PATH=/home/ssfa/ros2_ws/install/turtlebot3_description:/home/ssfa/ros2_ws/install/turtlebot3:/home/ssfa/ros2_ws/install/turtlebot3_simulations:/home/ssfa/ros2_ws/install/turtlebot3_navigation2:/home/ssfa/ros2_ws/install/turtlebot3_msgs:/home/ssfa/ros2_ws/install/turtlebot3_gazebo:/home/ssfa/ros2_ws/install/turtlebot3_bringup:/home/ssfa/ros2_ws/install/turtlebot3_cartographer:/home/ssfa/ros2_ws/install/turtlebot3_as:/home/ssfa/ros2_ws/install/t3_action_msg:/home/ssfa/ros2_ws/install/dynamixel_sdk:/home/ssfa/ros2_ws/install/custom_interfaces:/home/ssfa/ros2_ws/install/visionsensor:/home/ssfa/ros2_ws/install/turtlebot3_teleop:/home/ssfa/ros2_ws/install/turtlebot3_example:/home/ssfa/ros2_ws/install/topic_exercise:/home/ssfa/ros2_ws/install/subscriber_pkg:/home/ssfa/ros2_ws/install/services_pkg:/home/ssfa/ros2_ws/install/publisher_pkg:/home/ssfa/ros2_ws/install/opencv_tools:/home/ssfa/ros2_ws/install/my_package:/home/ssfa/ros2_ws/install/movement_pkg:/home/ssfa/ros2_ws/install/exercise_pkg:/home/ssfa/ros2_ws/install/custom_interface_example:/home/ssfa/ros2_ws/install/client_pkg:/opt/ros/humble /usr/bin/cmake --build /home/ssfa/ros2_ws/build/turtlebot3_gazebo -- -j12 -l12
[3.783s] DEBUG:colcon.colcon_core.event_handler.log_command:Invoking command in '/home/ssfa/ros2_ws/build/turtlebot3_msgs': CMAKE_PREFIX_PATH=${CMAKE_PREFIX_PATH}:/home/ssfa/ros2_ws/install/visionsensor:/home/ssfa/ros2_ws/install/turtlebot3_teleop:/home/ssfa/ros2_ws/install/turtlebot3_example:/home/ssfa/ros2_ws/install/topic_exercise:/home/ssfa/ros2_ws/install/subscriber_pkg:/home/ssfa/ros2_ws/install/services_pkg:/home/ssfa/ros2_ws/install/publisher_pkg:/home/ssfa/ros2_ws/install/opencv_tools:/home/ssfa/ros2_ws/install/my_package:/home/ssfa/ros2_ws/install/movement_pkg:/home/ssfa/ros2_ws/install/exercise_pkg:/home/ssfa/ros2_ws/install/custom_interface_example:/home/ssfa/ros2_ws/install/client_pkg:/opt/ros/humble /usr/bin/cmake --install /home/ssfa/ros2_ws/build/turtlebot3_msgs
[3.786s] DEBUG:colcon.colcon_core.event_handler.log_command:Invoking command in '/home/ssfa/ros2_ws/build/opencv_tools': PYTHONPATH=/home/ssfa/ros2_ws/build/opencv_tools/prefix_override:/usr/lib/python3/dist-packages/colcon_core/task/python/colcon_distutils_commands:/home/ssfa/ros2_ws/install/opencv_tools/lib/python3.10/site-packages:${PYTHONPATH} /usr/bin/python3 -W ignore:setup.py install is deprecated setup.py develop --editable --build-directory /home/ssfa/ros2_ws/build/opencv_tools/build --no-deps symlink_data
[3.789s] DEBUG:colcon.colcon_core.event_handler.log_command:Invoking command in '/home/ssfa/ros2_ws/build/exercise_pkg': PYTHONPATH=/home/ssfa/ros2_ws/build/exercise_pkg/prefix_override:/usr/lib/python3/dist-packages/colcon_core/task/python/colcon_distutils_commands:/home/ssfa/ros2_ws/install/exercise_pkg/lib/python3.10/site-packages:${PYTHONPATH} /usr/bin/python3 -W ignore:setup.py install is deprecated setup.py develop --editable --build-directory /home/ssfa/ros2_ws/build/exercise_pkg/build --no-deps symlink_data
[3.792s] DEBUG:colcon.colcon_core.event_handler.log_command:Invoking command in '/home/ssfa/ros2_ws/build/client_pkg': PYTHONPATH=/home/ssfa/ros2_ws/build/client_pkg/prefix_override:/usr/lib/python3/dist-packages/colcon_core/task/python/colcon_distutils_commands:/home/ssfa/ros2_ws/install/client_pkg/lib/python3.10/site-packages:${PYTHONPATH} /usr/bin/python3 -W ignore:setup.py install is deprecated setup.py develop --editable --build-directory /home/ssfa/ros2_ws/build/client_pkg/build --no-deps symlink_data
[3.795s] DEBUG:colcon.colcon_core.event_handler.log_command:Invoking command in '/home/ssfa/ros2_ws/build/turtlebot3_teleop': PYTHONPATH=/home/ssfa/ros2_ws/build/turtlebot3_teleop/prefix_override:/usr/lib/python3/dist-packages/colcon_core/task/python/colcon_distutils_commands:/home/ssfa/ros2_ws/install/turtlebot3_teleop/lib/python3.10/site-packages:${PYTHONPATH} /usr/bin/python3 -W ignore:setup.py install is deprecated setup.py develop --editable --build-directory /home/ssfa/ros2_ws/build/turtlebot3_teleop/build --no-deps symlink_data
[3.795s] Level 1:colcon.colcon_core.environment:create_environment_scripts_only(t3_action_msg)
[3.796s] Level 1:colcon.colcon_core.environment:checking '/home/ssfa/ros2_ws/install/t3_action_msg' for CMake module files
[3.797s] Level 1:colcon.colcon_core.environment:checking '/home/ssfa/ros2_ws/install/t3_action_msg' for CMake config files
[3.797s] Level 1:colcon.colcon_core.shell:create_environment_hook('t3_action_msg', 'cmake_prefix_path')
[3.798s] INFO:colcon.colcon_core.shell:Creating environment hook '/home/ssfa/ros2_ws/install/t3_action_msg/share/t3_action_msg/hook/cmake_prefix_path.ps1'
[3.799s] INFO:colcon.colcon_core.shell:Creating environment descriptor '/home/ssfa/ros2_ws/install/t3_action_msg/share/t3_action_msg/hook/cmake_prefix_path.dsv'
[3.800s] INFO:colcon.colcon_core.shell:Creating environment hook '/home/ssfa/ros2_ws/install/t3_action_msg/share/t3_action_msg/hook/cmake_prefix_path.sh'
[3.801s] DEBUG:colcon.colcon_core.event_handler.log_command:Invoked command in '/home/ssfa/ros2_ws/build/t3_action_msg' returned '0': CMAKE_PREFIX_PATH=${CMAKE_PREFIX_PATH}:/home/ssfa/ros2_ws/install/visionsensor:/home/ssfa/ros2_ws/install/turtlebot3_teleop:/home/ssfa/ros2_ws/install/turtlebot3_example:/home/ssfa/ros2_ws/install/topic_exercise:/home/ssfa/ros2_ws/install/subscriber_pkg:/home/ssfa/ros2_ws/install/services_pkg:/home/ssfa/ros2_ws/install/publisher_pkg:/home/ssfa/ros2_ws/install/opencv_tools:/home/ssfa/ros2_ws/install/my_package:/home/ssfa/ros2_ws/install/movement_pkg:/home/ssfa/ros2_ws/install/exercise_pkg:/home/ssfa/ros2_ws/install/custom_interface_example:/home/ssfa/ros2_ws/install/client_pkg:/opt/ros/humble /usr/bin/cmake --install /home/ssfa/ros2_ws/build/t3_action_msg
[3.802s] Level 1:colcon.colcon_core.environment:checking '/home/ssfa/ros2_ws/install/t3_action_msg/lib'
[3.802s] Level 1:colcon.colcon_core.shell:create_environment_hook('t3_action_msg', 'ld_library_path_lib')
[3.802s] INFO:colcon.colcon_core.shell:Creating environment hook '/home/ssfa/ros2_ws/install/t3_action_msg/share/t3_action_msg/hook/ld_library_path_lib.ps1'
[3.803s] INFO:colcon.colcon_core.shell:Creating environment descriptor '/home/ssfa/ros2_ws/install/t3_action_msg/share/t3_action_msg/hook/ld_library_path_lib.dsv'
[3.804s] INFO:colcon.colcon_core.shell:Creating environment hook '/home/ssfa/ros2_ws/install/t3_action_msg/share/t3_action_msg/hook/ld_library_path_lib.sh'
[3.805s] Level 1:colcon.colcon_core.environment:checking '/home/ssfa/ros2_ws/install/t3_action_msg/bin'
[3.805s] Level 1:colcon.colcon_core.environment:checking '/home/ssfa/ros2_ws/install/t3_action_msg/lib/pkgconfig/t3_action_msg.pc'
[3.805s] Level 1:colcon.colcon_core.environment:checking '/home/ssfa/ros2_ws/install/t3_action_msg/lib/python3.10/site-packages'
[3.806s] Level 1:colcon.colcon_core.environment:checking '/home/ssfa/ros2_ws/install/t3_action_msg/bin'
[3.807s] INFO:colcon.colcon_core.shell:Creating package script '/home/ssfa/ros2_ws/install/t3_action_msg/share/t3_action_msg/package.ps1'
[3.808s] INFO:colcon.colcon_core.shell:Creating package descriptor '/home/ssfa/ros2_ws/install/t3_action_msg/share/t3_action_msg/package.dsv'
[3.808s] INFO:colcon.colcon_core.shell:Creating package script '/home/ssfa/ros2_ws/install/t3_action_msg/share/t3_action_msg/package.sh'
[3.809s] INFO:colcon.colcon_core.shell:Creating package script '/home/ssfa/ros2_ws/install/t3_action_msg/share/t3_action_msg/package.bash'
[3.810s] INFO:colcon.colcon_core.shell:Creating package script '/home/ssfa/ros2_ws/install/t3_action_msg/share/t3_action_msg/package.zsh'
[3.810s] Level 1:colcon.colcon_core.environment:create_file_with_runtime_dependencies(/home/ssfa/ros2_ws/install/t3_action_msg/share/colcon-core/packages/t3_action_msg)
[3.813s] Level 1:colcon.colcon_core.environment:create_environment_scripts_only(custom_interfaces)
[3.813s] Level 1:colcon.colcon_core.environment:checking '/home/ssfa/ros2_ws/install/custom_interfaces' for CMake module files
[3.814s] DEBUG:colcon.colcon_core.event_handler.log_command:Invoked command in '/home/ssfa/ros2_ws/build/custom_interfaces' returned '0': CMAKE_PREFIX_PATH=${CMAKE_PREFIX_PATH}:/home/ssfa/ros2_ws/install/visionsensor:/home/ssfa/ros2_ws/install/turtlebot3_teleop:/home/ssfa/ros2_ws/install/turtlebot3_example:/home/ssfa/ros2_ws/install/topic_exercise:/home/ssfa/ros2_ws/install/subscriber_pkg:/home/ssfa/ros2_ws/install/services_pkg:/home/ssfa/ros2_ws/install/publisher_pkg:/home/ssfa/ros2_ws/install/opencv_tools:/home/ssfa/ros2_ws/install/my_package:/home/ssfa/ros2_ws/install/movement_pkg:/home/ssfa/ros2_ws/install/exercise_pkg:/home/ssfa/ros2_ws/install/custom_interface_example:/home/ssfa/ros2_ws/install/client_pkg:/opt/ros/humble /usr/bin/cmake --install /home/ssfa/ros2_ws/build/custom_interfaces
[3.815s] Level 1:colcon.colcon_core.environment:checking '/home/ssfa/ros2_ws/install/custom_interfaces' for CMake config files
[3.816s] Level 1:colcon.colcon_core.shell:create_environment_hook('custom_interfaces', 'cmake_prefix_path')
[3.817s] INFO:colcon.colcon_core.shell:Creating environment hook '/home/ssfa/ros2_ws/install/custom_interfaces/share/custom_interfaces/hook/cmake_prefix_path.ps1'
[3.818s] INFO:colcon.colcon_core.shell:Creating environment descriptor '/home/ssfa/ros2_ws/install/custom_interfaces/share/custom_interfaces/hook/cmake_prefix_path.dsv'
[3.819s] INFO:colcon.colcon_core.shell:Creating environment hook '/home/ssfa/ros2_ws/install/custom_interfaces/share/custom_interfaces/hook/cmake_prefix_path.sh'
[3.820s] Level 1:colcon.colcon_core.environment:checking '/home/ssfa/ros2_ws/install/custom_interfaces/lib'
[3.820s] Level 1:colcon.colcon_core.shell:create_environment_hook('custom_interfaces', 'ld_library_path_lib')
[3.821s] INFO:colcon.colcon_core.shell:Creating environment hook '/home/ssfa/ros2_ws/install/custom_interfaces/share/custom_interfaces/hook/ld_library_path_lib.ps1'
[3.822s] INFO:colcon.colcon_core.shell:Creating environment descriptor '/home/ssfa/ros2_ws/install/custom_interfaces/share/custom_interfaces/hook/ld_library_path_lib.dsv'
[3.822s] INFO:colcon.colcon_core.shell:Creating environment hook '/home/ssfa/ros2_ws/install/custom_interfaces/share/custom_interfaces/hook/ld_library_path_lib.sh'
[3.824s] Level 1:colcon.colcon_core.environment:checking '/home/ssfa/ros2_ws/install/custom_interfaces/bin'
[3.824s] Level 1:colcon.colcon_core.environment:checking '/home/ssfa/ros2_ws/install/custom_interfaces/lib/pkgconfig/custom_interfaces.pc'
[3.825s] Level 1:colcon.colcon_core.environment:checking '/home/ssfa/ros2_ws/install/custom_interfaces/lib/python3.10/site-packages'
[3.826s] Level 1:colcon.colcon_core.environment:checking '/home/ssfa/ros2_ws/install/custom_interfaces/bin'
[3.826s] INFO:colcon.colcon_core.shell:Creating package script '/home/ssfa/ros2_ws/install/custom_interfaces/share/custom_interfaces/package.ps1'
[3.828s] INFO:colcon.colcon_core.shell:Creating package descriptor '/home/ssfa/ros2_ws/install/custom_interfaces/share/custom_interfaces/package.dsv'
[3.829s] INFO:colcon.colcon_core.shell:Creating package script '/home/ssfa/ros2_ws/install/custom_interfaces/share/custom_interfaces/package.sh'
[3.830s] INFO:colcon.colcon_core.shell:Creating package script '/home/ssfa/ros2_ws/install/custom_interfaces/share/custom_interfaces/package.bash'
[3.831s] INFO:colcon.colcon_core.shell:Creating package script '/home/ssfa/ros2_ws/install/custom_interfaces/share/custom_interfaces/package.zsh'
[3.831s] Level 1:colcon.colcon_core.environment:create_file_with_runtime_dependencies(/home/ssfa/ros2_ws/install/custom_interfaces/share/colcon-core/packages/custom_interfaces)
[4.473s] INFO:colcon.colcon_core.task.python.build:Building Python package in '/home/ssfa/ros2_ws/src/t3/services_pkg'
[4.474s] INFO:colcon.colcon_core.shell:Skip shell extension 'powershell' for command environment: Not usable outside of PowerShell
[4.474s] DEBUG:colcon.colcon_core.shell:Skip shell extension 'dsv' for command environment
[4.486s] Level 1:colcon.colcon_core.environment:create_environment_scripts_only(custom_interfaces)
[4.487s] Level 1:colcon.colcon_core.environment:checking '/home/ssfa/ros2_ws/install/custom_interfaces' for CMake module files
[4.488s] DEBUG:colcon.colcon_core.event_handler.log_command:Invoking command in '/home/ssfa/ros2_ws/build/my_package': PYTHONPATH=/home/ssfa/ros2_ws/build/my_package/prefix_override:/usr/lib/python3/dist-packages/colcon_core/task/python/colcon_distutils_commands:/home/ssfa/ros2_ws/install/my_package/lib/python3.10/site-packages:${PYTHONPATH} /usr/bin/python3 -W ignore:setup.py install is deprecated setup.py develop --editable --build-directory /home/ssfa/ros2_ws/build/my_package/build --no-deps symlink_data
[4.489s] DEBUG:colcon.colcon_core.event_handler.log_command:Invoked command in '/home/ssfa/ros2_ws/build/turtlebot3_gazebo' returned '0': CMAKE_PREFIX_PATH=/home/ssfa/ros2_ws/install/turtlebot3_description:/home/ssfa/ros2_ws/install/turtlebot3:/home/ssfa/ros2_ws/install/turtlebot3_simulations:/home/ssfa/ros2_ws/install/turtlebot3_navigation2:/home/ssfa/ros2_ws/install/turtlebot3_msgs:/home/ssfa/ros2_ws/install/turtlebot3_gazebo:/home/ssfa/ros2_ws/install/turtlebot3_bringup:/home/ssfa/ros2_ws/install/turtlebot3_cartographer:/home/ssfa/ros2_ws/install/turtlebot3_as:/home/ssfa/ros2_ws/install/t3_action_msg:/home/ssfa/ros2_ws/install/dynamixel_sdk:/home/ssfa/ros2_ws/install/custom_interfaces:/home/ssfa/ros2_ws/install/visionsensor:/home/ssfa/ros2_ws/install/turtlebot3_teleop:/home/ssfa/ros2_ws/install/turtlebot3_example:/home/ssfa/ros2_ws/install/topic_exercise:/home/ssfa/ros2_ws/install/subscriber_pkg:/home/ssfa/ros2_ws/install/services_pkg:/home/ssfa/ros2_ws/install/publisher_pkg:/home/ssfa/ros2_ws/install/opencv_tools:/home/ssfa/ros2_ws/install/my_package:/home/ssfa/ros2_ws/install/movement_pkg:/home/ssfa/ros2_ws/install/exercise_pkg:/home/ssfa/ros2_ws/install/custom_interface_example:/home/ssfa/ros2_ws/install/client_pkg:/opt/ros/humble /usr/bin/cmake --build /home/ssfa/ros2_ws/build/turtlebot3_gazebo -- -j12 -l12
[4.490s] Level 1:colcon.colcon_core.environment:checking '/home/ssfa/ros2_ws/install/custom_interfaces' for CMake config files
[4.491s] Level 1:colcon.colcon_core.shell:create_environment_hook('custom_interfaces', 'cmake_prefix_path')
[4.492s] INFO:colcon.colcon_core.shell:Creating environment hook '/home/ssfa/ros2_ws/install/custom_interfaces/share/custom_interfaces/hook/cmake_prefix_path.ps1'
[4.493s] INFO:colcon.colcon_core.shell:Creating environment descriptor '/home/ssfa/ros2_ws/install/custom_interfaces/share/custom_interfaces/hook/cmake_prefix_path.dsv'
[4.493s] INFO:colcon.colcon_core.shell:Creating environment hook '/home/ssfa/ros2_ws/install/custom_interfaces/share/custom_interfaces/hook/cmake_prefix_path.sh'
[4.495s] Level 1:colcon.colcon_core.environment:checking '/home/ssfa/ros2_ws/install/custom_interfaces/lib'
[4.495s] Level 1:colcon.colcon_core.shell:create_environment_hook('custom_interfaces', 'ld_library_path_lib')
[4.495s] INFO:colcon.colcon_core.shell:Creating environment hook '/home/ssfa/ros2_ws/install/custom_interfaces/share/custom_interfaces/hook/ld_library_path_lib.ps1'
[4.496s] INFO:colcon.colcon_core.shell:Creating environment descriptor '/home/ssfa/ros2_ws/install/custom_interfaces/share/custom_interfaces/hook/ld_library_path_lib.dsv'
[4.497s] INFO:colcon.colcon_core.shell:Creating environment hook '/home/ssfa/ros2_ws/install/custom_interfaces/share/custom_interfaces/hook/ld_library_path_lib.sh'
[4.497s] Level 1:colcon.colcon_core.environment:checking '/home/ssfa/ros2_ws/install/custom_interfaces/bin'
[4.498s] Level 1:colcon.colcon_core.environment:checking '/home/ssfa/ros2_ws/install/custom_interfaces/lib/pkgconfig/custom_interfaces.pc'
[4.498s] Level 1:colcon.colcon_core.environment:checking '/home/ssfa/ros2_ws/install/custom_interfaces/lib/python3.10/site-packages'
[4.499s] Level 1:colcon.colcon_core.environment:checking '/home/ssfa/ros2_ws/install/custom_interfaces/bin'
[4.499s] INFO:colcon.colcon_core.shell:Creating package script '/home/ssfa/ros2_ws/install/custom_interfaces/share/custom_interfaces/package.ps1'
[4.501s] INFO:colcon.colcon_core.shell:Creating package descriptor '/home/ssfa/ros2_ws/install/custom_interfaces/share/custom_interfaces/package.dsv'
[4.502s] INFO:colcon.colcon_core.shell:Creating package script '/home/ssfa/ros2_ws/install/custom_interfaces/share/custom_interfaces/package.sh'
[4.502s] INFO:colcon.colcon_core.shell:Creating package script '/home/ssfa/ros2_ws/install/custom_interfaces/share/custom_interfaces/package.bash'
[4.503s] INFO:colcon.colcon_core.shell:Creating package script '/home/ssfa/ros2_ws/install/custom_interfaces/share/custom_interfaces/package.zsh'
[4.504s] Level 1:colcon.colcon_core.environment:create_file_with_runtime_dependencies(/home/ssfa/ros2_ws/install/custom_interfaces/share/colcon-core/packages/custom_interfaces)
[4.505s] Level 1:colcon.colcon_core.environment:create_environment_scripts_only(t3_action_msg)
[4.506s] Level 1:colcon.colcon_core.environment:checking '/home/ssfa/ros2_ws/install/t3_action_msg' for CMake module files
[4.509s] Level 1:colcon.colcon_core.environment:checking '/home/ssfa/ros2_ws/install/t3_action_msg' for CMake config files
[4.510s] Level 1:colcon.colcon_core.shell:create_environment_hook('t3_action_msg', 'cmake_prefix_path')
[4.510s] INFO:colcon.colcon_core.shell:Creating environment hook '/home/ssfa/ros2_ws/install/t3_action_msg/share/t3_action_msg/hook/cmake_prefix_path.ps1'
[4.511s] INFO:colcon.colcon_core.shell:Creating environment descriptor '/home/ssfa/ros2_ws/install/t3_action_msg/share/t3_action_msg/hook/cmake_prefix_path.dsv'
[4.512s] INFO:colcon.colcon_core.shell:Creating environment hook '/home/ssfa/ros2_ws/install/t3_action_msg/share/t3_action_msg/hook/cmake_prefix_path.sh'
[4.514s] Level 1:colcon.colcon_core.environment:checking '/home/ssfa/ros2_ws/install/t3_action_msg/lib'
[4.514s] Level 1:colcon.colcon_core.shell:create_environment_hook('t3_action_msg', 'ld_library_path_lib')
[4.515s] INFO:colcon.colcon_core.shell:Creating environment hook '/home/ssfa/ros2_ws/install/t3_action_msg/share/t3_action_msg/hook/ld_library_path_lib.ps1'
[4.516s] INFO:colcon.colcon_core.shell:Creating environment descriptor '/home/ssfa/ros2_ws/install/t3_action_msg/share/t3_action_msg/hook/ld_library_path_lib.dsv'
[4.517s] INFO:colcon.colcon_core.shell:Creating environment hook '/home/ssfa/ros2_ws/install/t3_action_msg/share/t3_action_msg/hook/ld_library_path_lib.sh'
[4.519s] Level 1:colcon.colcon_core.environment:checking '/home/ssfa/ros2_ws/install/t3_action_msg/bin'
[4.519s] Level 1:colcon.colcon_core.environment:checking '/home/ssfa/ros2_ws/install/t3_action_msg/lib/pkgconfig/t3_action_msg.pc'
[4.520s] Level 1:colcon.colcon_core.environment:checking '/home/ssfa/ros2_ws/install/t3_action_msg/lib/python3.10/site-packages'
[4.520s] Level 1:colcon.colcon_core.environment:checking '/home/ssfa/ros2_ws/install/t3_action_msg/bin'
[4.521s] INFO:colcon.colcon_core.shell:Creating package script '/home/ssfa/ros2_ws/install/t3_action_msg/share/t3_action_msg/package.ps1'
[4.522s] INFO:colcon.colcon_core.shell:Creating package descriptor '/home/ssfa/ros2_ws/install/t3_action_msg/share/t3_action_msg/package.dsv'
[4.523s] INFO:colcon.colcon_core.shell:Creating package script '/home/ssfa/ros2_ws/install/t3_action_msg/share/t3_action_msg/package.sh'
[4.524s] INFO:colcon.colcon_core.shell:Creating package script '/home/ssfa/ros2_ws/install/t3_action_msg/share/t3_action_msg/package.bash'
[4.525s] INFO:colcon.colcon_core.shell:Creating package script '/home/ssfa/ros2_ws/install/t3_action_msg/share/t3_action_msg/package.zsh'
[4.526s] Level 1:colcon.colcon_core.environment:create_file_with_runtime_dependencies(/home/ssfa/ros2_ws/install/t3_action_msg/share/colcon-core/packages/t3_action_msg)
[4.527s] Level 1:colcon.colcon_core.environment:create_environment_scripts_only(turtlebot3_msgs)
[4.528s] Level 1:colcon.colcon_core.environment:checking '/home/ssfa/ros2_ws/install/turtlebot3_msgs' for CMake module files
[4.529s] DEBUG:colcon.colcon_core.event_handler.log_command:Invoked command in '/home/ssfa/ros2_ws/build/turtlebot3_msgs' returned '0': CMAKE_PREFIX_PATH=${CMAKE_PREFIX_PATH}:/home/ssfa/ros2_ws/install/visionsensor:/home/ssfa/ros2_ws/install/turtlebot3_teleop:/home/ssfa/ros2_ws/install/turtlebot3_example:/home/ssfa/ros2_ws/install/topic_exercise:/home/ssfa/ros2_ws/install/subscriber_pkg:/home/ssfa/ros2_ws/install/services_pkg:/home/ssfa/ros2_ws/install/publisher_pkg:/home/ssfa/ros2_ws/install/opencv_tools:/home/ssfa/ros2_ws/install/my_package:/home/ssfa/ros2_ws/install/movement_pkg:/home/ssfa/ros2_ws/install/exercise_pkg:/home/ssfa/ros2_ws/install/custom_interface_example:/home/ssfa/ros2_ws/install/client_pkg:/opt/ros/humble /usr/bin/cmake --install /home/ssfa/ros2_ws/build/turtlebot3_msgs
[4.530s] Level 1:colcon.colcon_core.environment:checking '/home/ssfa/ros2_ws/install/turtlebot3_msgs' for CMake config files
[4.530s] Level 1:colcon.colcon_core.shell:create_environment_hook('turtlebot3_msgs', 'cmake_prefix_path')
[4.531s] INFO:colcon.colcon_core.shell:Creating environment hook '/home/ssfa/ros2_ws/install/turtlebot3_msgs/share/turtlebot3_msgs/hook/cmake_prefix_path.ps1'
[4.531s] INFO:colcon.colcon_core.shell:Creating environment descriptor '/home/ssfa/ros2_ws/install/turtlebot3_msgs/share/turtlebot3_msgs/hook/cmake_prefix_path.dsv'
[4.532s] INFO:colcon.colcon_core.shell:Creating environment hook '/home/ssfa/ros2_ws/install/turtlebot3_msgs/share/turtlebot3_msgs/hook/cmake_prefix_path.sh'
[4.532s] Level 1:colcon.colcon_core.environment:checking '/home/ssfa/ros2_ws/install/turtlebot3_msgs/lib'
[4.532s] Level 1:colcon.colcon_core.shell:create_environment_hook('turtlebot3_msgs', 'ld_library_path_lib')
[4.533s] INFO:colcon.colcon_core.shell:Creating environment hook '/home/ssfa/ros2_ws/install/turtlebot3_msgs/share/turtlebot3_msgs/hook/ld_library_path_lib.ps1'
[4.533s] INFO:colcon.colcon_core.shell:Creating environment descriptor '/home/ssfa/ros2_ws/install/turtlebot3_msgs/share/turtlebot3_msgs/hook/ld_library_path_lib.dsv'
[4.534s] INFO:colcon.colcon_core.shell:Creating environment hook '/home/ssfa/ros2_ws/install/turtlebot3_msgs/share/turtlebot3_msgs/hook/ld_library_path_lib.sh'
[4.534s] Level 1:colcon.colcon_core.environment:checking '/home/ssfa/ros2_ws/install/turtlebot3_msgs/bin'
[4.534s] Level 1:colcon.colcon_core.environment:checking '/home/ssfa/ros2_ws/install/turtlebot3_msgs/lib/pkgconfig/turtlebot3_msgs.pc'
[4.535s] Level 1:colcon.colcon_core.environment:checking '/home/ssfa/ros2_ws/install/turtlebot3_msgs/lib/python3.10/site-packages'
[4.535s] Level 1:colcon.colcon_core.environment:checking '/home/ssfa/ros2_ws/install/turtlebot3_msgs/bin'
[4.536s] INFO:colcon.colcon_core.shell:Creating package script '/home/ssfa/ros2_ws/install/turtlebot3_msgs/share/turtlebot3_msgs/package.ps1'
[4.537s] INFO:colcon.colcon_core.shell:Creating package descriptor '/home/ssfa/ros2_ws/install/turtlebot3_msgs/share/turtlebot3_msgs/package.dsv'
[4.537s] INFO:colcon.colcon_core.shell:Creating package script '/home/ssfa/ros2_ws/install/turtlebot3_msgs/share/turtlebot3_msgs/package.sh'
[4.538s] INFO:colcon.colcon_core.shell:Creating package script '/home/ssfa/ros2_ws/install/turtlebot3_msgs/share/turtlebot3_msgs/package.bash'
[4.539s] INFO:colcon.colcon_core.shell:Creating package script '/home/ssfa/ros2_ws/install/turtlebot3_msgs/share/turtlebot3_msgs/package.zsh'
[4.539s] Level 1:colcon.colcon_core.environment:create_file_with_runtime_dependencies(/home/ssfa/ros2_ws/install/turtlebot3_msgs/share/colcon-core/packages/turtlebot3_msgs)
[4.546s] INFO:colcon.colcon_ros.task.ament_python.build:Building ROS package in '/home/ssfa/ros2_ws/src/subscriber_pkg' with build type 'ament_python'
[4.546s] Level 1:colcon.colcon_core.shell:create_environment_hook('subscriber_pkg', 'ament_prefix_path')
[4.547s] INFO:colcon.colcon_core.shell:Creating environment hook '/home/ssfa/ros2_ws/install/subscriber_pkg/share/subscriber_pkg/hook/ament_prefix_path.ps1'
[4.548s] DEBUG:colcon.colcon_core.event_handler.log_command:Invoking command in '/home/ssfa/ros2_ws/build/publisher_pkg': PYTHONPATH=/home/ssfa/ros2_ws/build/publisher_pkg/prefix_override:/usr/lib/python3/dist-packages/colcon_core/task/python/colcon_distutils_commands:/home/ssfa/ros2_ws/install/publisher_pkg/lib/python3.10/site-packages:${PYTHONPATH} /usr/bin/python3 -W ignore:setup.py install is deprecated setup.py develop --editable --build-directory /home/ssfa/ros2_ws/build/publisher_pkg/build --no-deps symlink_data
[4.549s] INFO:colcon.colcon_core.shell:Creating environment descriptor '/home/ssfa/ros2_ws/install/subscriber_pkg/share/subscriber_pkg/hook/ament_prefix_path.dsv'
[4.550s] DEBUG:colcon.colcon_core.event_handler.log_command:Invoked command in '/home/ssfa/ros2_ws/build/turtlebot3_bringup' returned '0': CMAKE_PREFIX_PATH=/home/ssfa/ros2_ws/install/turtlebot3_description:/home/ssfa/ros2_ws/install/turtlebot3:/home/ssfa/ros2_ws/install/turtlebot3_simulations:/home/ssfa/ros2_ws/install/turtlebot3_navigation2:/home/ssfa/ros2_ws/install/turtlebot3_msgs:/home/ssfa/ros2_ws/install/turtlebot3_gazebo:/home/ssfa/ros2_ws/install/turtlebot3_bringup:/home/ssfa/ros2_ws/install/turtlebot3_cartographer:/home/ssfa/ros2_ws/install/turtlebot3_as:/home/ssfa/ros2_ws/install/t3_action_msg:/home/ssfa/ros2_ws/install/dynamixel_sdk:/home/ssfa/ros2_ws/install/custom_interfaces:/home/ssfa/ros2_ws/install/visionsensor:/home/ssfa/ros2_ws/install/turtlebot3_teleop:/home/ssfa/ros2_ws/install/turtlebot3_example:/home/ssfa/ros2_ws/install/topic_exercise:/home/ssfa/ros2_ws/install/subscriber_pkg:/home/ssfa/ros2_ws/install/services_pkg:/home/ssfa/ros2_ws/install/publisher_pkg:/home/ssfa/ros2_ws/install/opencv_tools:/home/ssfa/ros2_ws/install/my_package:/home/ssfa/ros2_ws/install/movement_pkg:/home/ssfa/ros2_ws/install/exercise_pkg:/home/ssfa/ros2_ws/install/custom_interface_example:/home/ssfa/ros2_ws/install/client_pkg:/opt/ros/humble /usr/bin/cmake --build /home/ssfa/ros2_ws/build/turtlebot3_bringup -- -j12 -l12
[4.551s] INFO:colcon.colcon_core.shell:Creating environment hook '/home/ssfa/ros2_ws/install/subscriber_pkg/share/subscriber_pkg/hook/ament_prefix_path.sh'
[4.554s] INFO:colcon.colcon_core.shell:Skip shell extension 'powershell' for command environment: Not usable outside of PowerShell
[4.554s] DEBUG:colcon.colcon_core.shell:Skip shell extension 'dsv' for command environment
[4.569s] INFO:colcon.colcon_ros.task.ament_python.build:Building ROS package in '/home/ssfa/ros2_ws/src/topic_exercise' with build type 'ament_python'
[4.570s] Level 1:colcon.colcon_core.shell:create_environment_hook('topic_exercise', 'ament_prefix_path')
[4.571s] INFO:colcon.colcon_core.shell:Creating environment hook '/home/ssfa/ros2_ws/install/topic_exercise/share/topic_exercise/hook/ament_prefix_path.ps1'
[4.573s] INFO:colcon.colcon_core.shell:Creating environment descriptor '/home/ssfa/ros2_ws/install/topic_exercise/share/topic_exercise/hook/ament_prefix_path.dsv'
[4.574s] INFO:colcon.colcon_core.shell:Creating environment hook '/home/ssfa/ros2_ws/install/topic_exercise/share/topic_exercise/hook/ament_prefix_path.sh'
[4.575s] INFO:colcon.colcon_core.shell:Skip shell extension 'powershell' for command environment: Not usable outside of PowerShell
[4.575s] DEBUG:colcon.colcon_core.shell:Skip shell extension 'dsv' for command environment
[4.591s] Level 1:colcon.colcon_core.shell:create_environment_hook('opencv_tools', 'pythonpath_develop')
[4.591s] INFO:colcon.colcon_core.shell:Creating environment hook '/home/ssfa/ros2_ws/build/opencv_tools/share/opencv_tools/hook/pythonpath_develop.ps1'
[4.592s] DEBUG:colcon.colcon_core.event_handler.log_command:Invoked command in '/home/ssfa/ros2_ws/build/opencv_tools' returned '0': PYTHONPATH=/home/ssfa/ros2_ws/build/opencv_tools/prefix_override:/usr/lib/python3/dist-packages/colcon_core/task/python/colcon_distutils_commands:/home/ssfa/ros2_ws/install/opencv_tools/lib/python3.10/site-packages:${PYTHONPATH} /usr/bin/python3 -W ignore:setup.py install is deprecated setup.py develop --editable --build-directory /home/ssfa/ros2_ws/build/opencv_tools/build --no-deps symlink_data
[4.593s] INFO:colcon.colcon_core.shell:Creating environment descriptor '/home/ssfa/ros2_ws/build/opencv_tools/share/opencv_tools/hook/pythonpath_develop.dsv'
[4.594s] INFO:colcon.colcon_core.shell:Creating environment hook '/home/ssfa/ros2_ws/build/opencv_tools/share/opencv_tools/hook/pythonpath_develop.sh'
[4.596s] Level 1:colcon.colcon_core.environment:checking '/home/ssfa/ros2_ws/install/opencv_tools' for CMake module files
[4.597s] Level 1:colcon.colcon_core.environment:checking '/home/ssfa/ros2_ws/install/opencv_tools' for CMake config files
[4.597s] Level 1:colcon.colcon_core.environment:checking '/home/ssfa/ros2_ws/install/opencv_tools/lib'
[4.597s] Level 1:colcon.colcon_core.environment:checking '/home/ssfa/ros2_ws/install/opencv_tools/bin'
[4.597s] Level 1:colcon.colcon_core.environment:checking '/home/ssfa/ros2_ws/install/opencv_tools/lib/pkgconfig/opencv_tools.pc'
[4.598s] Level 1:colcon.colcon_core.environment:checking '/home/ssfa/ros2_ws/install/opencv_tools/lib/python3.10/site-packages'
[4.598s] Level 1:colcon.colcon_core.shell:create_environment_hook('opencv_tools', 'pythonpath')
[4.598s] INFO:colcon.colcon_core.shell:Creating environment hook '/home/ssfa/ros2_ws/install/opencv_tools/share/opencv_tools/hook/pythonpath.ps1'
[4.599s] INFO:colcon.colcon_core.shell:Creating environment descriptor '/home/ssfa/ros2_ws/install/opencv_tools/share/opencv_tools/hook/pythonpath.dsv'
[4.599s] INFO:colcon.colcon_core.shell:Creating environment hook '/home/ssfa/ros2_ws/install/opencv_tools/share/opencv_tools/hook/pythonpath.sh'
[4.601s] Level 1:colcon.colcon_core.environment:checking '/home/ssfa/ros2_ws/install/opencv_tools/bin'
[4.601s] Level 1:colcon.colcon_core.environment:create_environment_scripts_only(opencv_tools)
[4.602s] INFO:colcon.colcon_core.shell:Creating package script '/home/ssfa/ros2_ws/install/opencv_tools/share/opencv_tools/package.ps1'
[4.603s] INFO:colcon.colcon_core.shell:Creating package descriptor '/home/ssfa/ros2_ws/install/opencv_tools/share/opencv_tools/package.dsv'
[4.604s] INFO:colcon.colcon_core.shell:Creating package script '/home/ssfa/ros2_ws/install/opencv_tools/share/opencv_tools/package.sh'
[4.605s] INFO:colcon.colcon_core.shell:Creating package script '/home/ssfa/ros2_ws/install/opencv_tools/share/opencv_tools/package.bash'
[4.605s] INFO:colcon.colcon_core.shell:Creating package script '/home/ssfa/ros2_ws/install/opencv_tools/share/opencv_tools/package.zsh'
[4.605s] Level 1:colcon.colcon_core.environment:create_file_with_runtime_dependencies(/home/ssfa/ros2_ws/install/opencv_tools/share/colcon-core/packages/opencv_tools)
[4.611s] DEBUG:colcon.colcon_core.event_handler.log_command:Invoking command in '/home/ssfa/ros2_ws/build/turtlebot3_gazebo': CMAKE_PREFIX_PATH=/home/ssfa/ros2_ws/install/turtlebot3_description:/home/ssfa/ros2_ws/install/turtlebot3:/home/ssfa/ros2_ws/install/turtlebot3_simulations:/home/ssfa/ros2_ws/install/turtlebot3_navigation2:/home/ssfa/ros2_ws/install/turtlebot3_msgs:/home/ssfa/ros2_ws/install/turtlebot3_gazebo:/home/ssfa/ros2_ws/install/turtlebot3_bringup:/home/ssfa/ros2_ws/install/turtlebot3_cartographer:/home/ssfa/ros2_ws/install/turtlebot3_as:/home/ssfa/ros2_ws/install/t3_action_msg:/home/ssfa/ros2_ws/install/dynamixel_sdk:/home/ssfa/ros2_ws/install/custom_interfaces:/home/ssfa/ros2_ws/install/visionsensor:/home/ssfa/ros2_ws/install/turtlebot3_teleop:/home/ssfa/ros2_ws/install/turtlebot3_example:/home/ssfa/ros2_ws/install/topic_exercise:/home/ssfa/ros2_ws/install/subscriber_pkg:/home/ssfa/ros2_ws/install/services_pkg:/home/ssfa/ros2_ws/install/publisher_pkg:/home/ssfa/ros2_ws/install/opencv_tools:/home/ssfa/ros2_ws/install/my_package:/home/ssfa/ros2_ws/install/movement_pkg:/home/ssfa/ros2_ws/install/exercise_pkg:/home/ssfa/ros2_ws/install/custom_interface_example:/home/ssfa/ros2_ws/install/client_pkg:/opt/ros/humble /usr/bin/cmake --install /home/ssfa/ros2_ws/build/turtlebot3_gazebo
[4.611s] Level 1:colcon.colcon_core.shell:create_environment_hook('client_pkg', 'pythonpath_develop')
[4.612s] INFO:colcon.colcon_core.shell:Creating environment hook '/home/ssfa/ros2_ws/build/client_pkg/share/client_pkg/hook/pythonpath_develop.ps1'
[4.612s] DEBUG:colcon.colcon_core.event_handler.log_command:Invoked command in '/home/ssfa/ros2_ws/build/client_pkg' returned '0': PYTHONPATH=/home/ssfa/ros2_ws/build/client_pkg/prefix_override:/usr/lib/python3/dist-packages/colcon_core/task/python/colcon_distutils_commands:/home/ssfa/ros2_ws/install/client_pkg/lib/python3.10/site-packages:${PYTHONPATH} /usr/bin/python3 -W ignore:setup.py install is deprecated setup.py develop --editable --build-directory /home/ssfa/ros2_ws/build/client_pkg/build --no-deps symlink_data
[4.613s] INFO:colcon.colcon_core.shell:Creating environment descriptor '/home/ssfa/ros2_ws/build/client_pkg/share/client_pkg/hook/pythonpath_develop.dsv'
[4.614s] INFO:colcon.colcon_core.shell:Creating environment hook '/home/ssfa/ros2_ws/build/client_pkg/share/client_pkg/hook/pythonpath_develop.sh'
[4.615s] Level 1:colcon.colcon_core.environment:checking '/home/ssfa/ros2_ws/install/client_pkg' for CMake module files
[4.616s] Level 1:colcon.colcon_core.environment:checking '/home/ssfa/ros2_ws/install/client_pkg' for CMake config files
[4.617s] Level 1:colcon.colcon_core.environment:checking '/home/ssfa/ros2_ws/install/client_pkg/lib'
[4.617s] Level 1:colcon.colcon_core.environment:checking '/home/ssfa/ros2_ws/install/client_pkg/bin'
[4.617s] Level 1:colcon.colcon_core.environment:checking '/home/ssfa/ros2_ws/install/client_pkg/lib/pkgconfig/client_pkg.pc'
[4.617s] Level 1:colcon.colcon_core.environment:checking '/home/ssfa/ros2_ws/install/client_pkg/lib/python3.10/site-packages'
[4.617s] Level 1:colcon.colcon_core.shell:create_environment_hook('client_pkg', 'pythonpath')
[4.618s] INFO:colcon.colcon_core.shell:Creating environment hook '/home/ssfa/ros2_ws/install/client_pkg/share/client_pkg/hook/pythonpath.ps1'
[4.619s] INFO:colcon.colcon_core.shell:Creating environment descriptor '/home/ssfa/ros2_ws/install/client_pkg/share/client_pkg/hook/pythonpath.dsv'
[4.619s] INFO:colcon.colcon_core.shell:Creating environment hook '/home/ssfa/ros2_ws/install/client_pkg/share/client_pkg/hook/pythonpath.sh'
[4.620s] Level 1:colcon.colcon_core.environment:checking '/home/ssfa/ros2_ws/install/client_pkg/bin'
[4.620s] Level 1:colcon.colcon_core.environment:create_environment_scripts_only(client_pkg)
[4.621s] INFO:colcon.colcon_core.shell:Creating package script '/home/ssfa/ros2_ws/install/client_pkg/share/client_pkg/package.ps1'
[4.622s] INFO:colcon.colcon_core.shell:Creating package descriptor '/home/ssfa/ros2_ws/install/client_pkg/share/client_pkg/package.dsv'
[4.622s] INFO:colcon.colcon_core.shell:Creating package script '/home/ssfa/ros2_ws/install/client_pkg/share/client_pkg/package.sh'
[4.623s] INFO:colcon.colcon_core.shell:Creating package script '/home/ssfa/ros2_ws/install/client_pkg/share/client_pkg/package.bash'
[4.624s] INFO:colcon.colcon_core.shell:Creating package script '/home/ssfa/ros2_ws/install/client_pkg/share/client_pkg/package.zsh'
[4.625s] Level 1:colcon.colcon_core.environment:create_file_with_runtime_dependencies(/home/ssfa/ros2_ws/install/client_pkg/share/colcon-core/packages/client_pkg)
[4.626s] INFO:colcon.colcon_ros.task.ament_python.build:Building ROS package in '/home/ssfa/ros2_ws/src/custom_interface_example' with build type 'ament_python'
[4.626s] Level 1:colcon.colcon_core.shell:create_environment_hook('custom_interface_example', 'ament_prefix_path')
[4.627s] INFO:colcon.colcon_core.shell:Creating environment hook '/home/ssfa/ros2_ws/install/custom_interface_example/share/custom_interface_example/hook/ament_prefix_path.ps1'
[4.628s] INFO:colcon.colcon_core.shell:Creating environment descriptor '/home/ssfa/ros2_ws/install/custom_interface_example/share/custom_interface_example/hook/ament_prefix_path.dsv'
[4.629s] INFO:colcon.colcon_core.shell:Creating environment hook '/home/ssfa/ros2_ws/install/custom_interface_example/share/custom_interface_example/hook/ament_prefix_path.sh'
[4.629s] INFO:colcon.colcon_core.shell:Skip shell extension 'powershell' for command environment: Not usable outside of PowerShell
[4.630s] DEBUG:colcon.colcon_core.shell:Skip shell extension 'dsv' for command environment
[4.638s] INFO:colcon.colcon_ros.task.ament_python.build:Building ROS package in '/home/ssfa/ros2_ws/src/movement_pkg' with build type 'ament_python'
[4.638s] Level 1:colcon.colcon_core.shell:create_environment_hook('movement_pkg', 'ament_prefix_path')
[4.639s] INFO:colcon.colcon_core.shell:Creating environment hook '/home/ssfa/ros2_ws/install/movement_pkg/share/movement_pkg/hook/ament_prefix_path.ps1'
[4.642s] INFO:colcon.colcon_core.shell:Creating environment descriptor '/home/ssfa/ros2_ws/install/movement_pkg/share/movement_pkg/hook/ament_prefix_path.dsv'
[4.647s] INFO:colcon.colcon_core.shell:Creating environment hook '/home/ssfa/ros2_ws/install/movement_pkg/share/movement_pkg/hook/ament_prefix_path.sh'
[4.652s] INFO:colcon.colcon_core.shell:Skip shell extension 'powershell' for command environment: Not usable outside of PowerShell
[4.653s] DEBUG:colcon.colcon_core.shell:Skip shell extension 'dsv' for command environment
[4.695s] DEBUG:colcon.colcon_core.event_handler.log_command:Invoking command in '/home/ssfa/ros2_ws/build/turtlebot3_bringup': CMAKE_PREFIX_PATH=/home/ssfa/ros2_ws/install/turtlebot3_description:/home/ssfa/ros2_ws/install/turtlebot3:/home/ssfa/ros2_ws/install/turtlebot3_simulations:/home/ssfa/ros2_ws/install/turtlebot3_navigation2:/home/ssfa/ros2_ws/install/turtlebot3_msgs:/home/ssfa/ros2_ws/install/turtlebot3_gazebo:/home/ssfa/ros2_ws/install/turtlebot3_bringup:/home/ssfa/ros2_ws/install/turtlebot3_cartographer:/home/ssfa/ros2_ws/install/turtlebot3_as:/home/ssfa/ros2_ws/install/t3_action_msg:/home/ssfa/ros2_ws/install/dynamixel_sdk:/home/ssfa/ros2_ws/install/custom_interfaces:/home/ssfa/ros2_ws/install/visionsensor:/home/ssfa/ros2_ws/install/turtlebot3_teleop:/home/ssfa/ros2_ws/install/turtlebot3_example:/home/ssfa/ros2_ws/install/topic_exercise:/home/ssfa/ros2_ws/install/subscriber_pkg:/home/ssfa/ros2_ws/install/services_pkg:/home/ssfa/ros2_ws/install/publisher_pkg:/home/ssfa/ros2_ws/install/opencv_tools:/home/ssfa/ros2_ws/install/my_package:/home/ssfa/ros2_ws/install/movement_pkg:/home/ssfa/ros2_ws/install/exercise_pkg:/home/ssfa/ros2_ws/install/custom_interface_example:/home/ssfa/ros2_ws/install/client_pkg:/opt/ros/humble /usr/bin/cmake --install /home/ssfa/ros2_ws/build/turtlebot3_bringup
[5.108s] INFO:colcon.colcon_core.task.python.build:Building Python package in '/home/ssfa/ros2_ws/src/subscriber_pkg'
[5.109s] INFO:colcon.colcon_core.shell:Skip shell extension 'powershell' for command environment: Not usable outside of PowerShell
[5.109s] DEBUG:colcon.colcon_core.shell:Skip shell extension 'dsv' for command environment
[5.491s] INFO:colcon.colcon_core.task.python.build:Building Python package in '/home/ssfa/ros2_ws/src/topic_exercise'
[5.491s] INFO:colcon.colcon_core.shell:Skip shell extension 'powershell' for command environment: Not usable outside of PowerShell
[5.491s] DEBUG:colcon.colcon_core.shell:Skip shell extension 'dsv' for command environment
[5.499s] Level 1:colcon.colcon_core.shell:create_environment_hook('turtlebot3_teleop', 'pythonpath_develop')
[5.499s] INFO:colcon.colcon_core.shell:Creating environment hook '/home/ssfa/ros2_ws/build/turtlebot3_teleop/share/turtlebot3_teleop/hook/pythonpath_develop.ps1'
[5.501s] DEBUG:colcon.colcon_core.event_handler.log_command:Invoked command in '/home/ssfa/ros2_ws/build/turtlebot3_teleop' returned '0': PYTHONPATH=/home/ssfa/ros2_ws/build/turtlebot3_teleop/prefix_override:/usr/lib/python3/dist-packages/colcon_core/task/python/colcon_distutils_commands:/home/ssfa/ros2_ws/install/turtlebot3_teleop/lib/python3.10/site-packages:${PYTHONPATH} /usr/bin/python3 -W ignore:setup.py install is deprecated setup.py develop --editable --build-directory /home/ssfa/ros2_ws/build/turtlebot3_teleop/build --no-deps symlink_data
[5.502s] INFO:colcon.colcon_core.shell:Creating environment descriptor '/home/ssfa/ros2_ws/build/turtlebot3_teleop/share/turtlebot3_teleop/hook/pythonpath_develop.dsv'
[5.502s] INFO:colcon.colcon_core.shell:Creating environment hook '/home/ssfa/ros2_ws/build/turtlebot3_teleop/share/turtlebot3_teleop/hook/pythonpath_develop.sh'
[5.504s] Level 1:colcon.colcon_core.environment:checking '/home/ssfa/ros2_ws/install/turtlebot3_teleop' for CMake module files
[5.505s] Level 1:colcon.colcon_core.environment:checking '/home/ssfa/ros2_ws/install/turtlebot3_teleop' for CMake config files
[5.508s] Level 1:colcon.colcon_core.environment:checking '/home/ssfa/ros2_ws/install/turtlebot3_teleop/lib'
[5.508s] Level 1:colcon.colcon_core.environment:checking '/home/ssfa/ros2_ws/install/turtlebot3_teleop/bin'
[5.508s] Level 1:colcon.colcon_core.environment:checking '/home/ssfa/ros2_ws/install/turtlebot3_teleop/lib/pkgconfig/turtlebot3_teleop.pc'
[5.508s] Level 1:colcon.colcon_core.environment:checking '/home/ssfa/ros2_ws/install/turtlebot3_teleop/lib/python3.10/site-packages'
[5.508s] Level 1:colcon.colcon_core.shell:create_environment_hook('turtlebot3_teleop', 'pythonpath')
[5.508s] INFO:colcon.colcon_core.shell:Creating environment hook '/home/ssfa/ros2_ws/install/turtlebot3_teleop/share/turtlebot3_teleop/hook/pythonpath.ps1'
[5.509s] INFO:colcon.colcon_core.shell:Creating environment descriptor '/home/ssfa/ros2_ws/install/turtlebot3_teleop/share/turtlebot3_teleop/hook/pythonpath.dsv'
[5.509s] INFO:colcon.colcon_core.shell:Creating environment hook '/home/ssfa/ros2_ws/install/turtlebot3_teleop/share/turtlebot3_teleop/hook/pythonpath.sh'
[5.510s] Level 1:colcon.colcon_core.environment:checking '/home/ssfa/ros2_ws/install/turtlebot3_teleop/bin'
[5.510s] Level 1:colcon.colcon_core.environment:create_environment_scripts_only(turtlebot3_teleop)
[5.511s] INFO:colcon.colcon_core.shell:Creating package script '/home/ssfa/ros2_ws/install/turtlebot3_teleop/share/turtlebot3_teleop/package.ps1'
[5.511s] INFO:colcon.colcon_core.shell:Creating package descriptor '/home/ssfa/ros2_ws/install/turtlebot3_teleop/share/turtlebot3_teleop/package.dsv'
[5.512s] INFO:colcon.colcon_core.shell:Creating package script '/home/ssfa/ros2_ws/install/turtlebot3_teleop/share/turtlebot3_teleop/package.sh'
[5.512s] INFO:colcon.colcon_core.shell:Creating package script '/home/ssfa/ros2_ws/install/turtlebot3_teleop/share/turtlebot3_teleop/package.bash'
[5.513s] INFO:colcon.colcon_core.shell:Creating package script '/home/ssfa/ros2_ws/install/turtlebot3_teleop/share/turtlebot3_teleop/package.zsh'
[5.513s] Level 1:colcon.colcon_core.environment:create_file_with_runtime_dependencies(/home/ssfa/ros2_ws/install/turtlebot3_teleop/share/colcon-core/packages/turtlebot3_teleop)
[5.516s] INFO:colcon.colcon_ros.task.ament_cmake.build:Building ROS package in '/home/ssfa/ros2_ws/src/t3/turtlebot3_as' with build type 'ament_cmake'
[5.517s] INFO:colcon.colcon_cmake.task.cmake.build:Building CMake package in '/home/ssfa/ros2_ws/src/t3/turtlebot3_as'
[5.517s] INFO:colcon.colcon_core.shell:Skip shell extension 'powershell' for command environment: Not usable outside of PowerShell
[5.517s] DEBUG:colcon.colcon_core.shell:Skip shell extension 'dsv' for command environment
[5.523s] Level 1:colcon.colcon_core.environment:create_environment_scripts_only(turtlebot3_bringup)
[5.523s] Level 1:colcon.colcon_core.environment:checking '/home/ssfa/ros2_ws/install/turtlebot3_bringup' for CMake module files
[5.524s] DEBUG:colcon.colcon_core.event_handler.log_command:Invoked command in '/home/ssfa/ros2_ws/build/turtlebot3_bringup' returned '0': CMAKE_PREFIX_PATH=/home/ssfa/ros2_ws/install/turtlebot3_description:/home/ssfa/ros2_ws/install/turtlebot3:/home/ssfa/ros2_ws/install/turtlebot3_simulations:/home/ssfa/ros2_ws/install/turtlebot3_navigation2:/home/ssfa/ros2_ws/install/turtlebot3_msgs:/home/ssfa/ros2_ws/install/turtlebot3_gazebo:/home/ssfa/ros2_ws/install/turtlebot3_bringup:/home/ssfa/ros2_ws/install/turtlebot3_cartographer:/home/ssfa/ros2_ws/install/turtlebot3_as:/home/ssfa/ros2_ws/install/t3_action_msg:/home/ssfa/ros2_ws/install/dynamixel_sdk:/home/ssfa/ros2_ws/install/custom_interfaces:/home/ssfa/ros2_ws/install/visionsensor:/home/ssfa/ros2_ws/install/turtlebot3_teleop:/home/ssfa/ros2_ws/install/turtlebot3_example:/home/ssfa/ros2_ws/install/topic_exercise:/home/ssfa/ros2_ws/install/subscriber_pkg:/home/ssfa/ros2_ws/install/services_pkg:/home/ssfa/ros2_ws/install/publisher_pkg:/home/ssfa/ros2_ws/install/opencv_tools:/home/ssfa/ros2_ws/install/my_package:/home/ssfa/ros2_ws/install/movement_pkg:/home/ssfa/ros2_ws/install/exercise_pkg:/home/ssfa/ros2_ws/install/custom_interface_example:/home/ssfa/ros2_ws/install/client_pkg:/opt/ros/humble /usr/bin/cmake --install /home/ssfa/ros2_ws/build/turtlebot3_bringup
[5.525s] Level 1:colcon.colcon_core.environment:checking '/home/ssfa/ros2_ws/install/turtlebot3_bringup' for CMake config files
[5.525s] Level 1:colcon.colcon_core.shell:create_environment_hook('turtlebot3_bringup', 'cmake_prefix_path')
[5.526s] INFO:colcon.colcon_core.shell:Creating environment hook '/home/ssfa/ros2_ws/install/turtlebot3_bringup/share/turtlebot3_bringup/hook/cmake_prefix_path.ps1'
[5.526s] INFO:colcon.colcon_core.shell:Creating environment descriptor '/home/ssfa/ros2_ws/install/turtlebot3_bringup/share/turtlebot3_bringup/hook/cmake_prefix_path.dsv'
[5.527s] INFO:colcon.colcon_core.shell:Creating environment hook '/home/ssfa/ros2_ws/install/turtlebot3_bringup/share/turtlebot3_bringup/hook/cmake_prefix_path.sh'
[5.527s] Level 1:colcon.colcon_core.environment:checking '/home/ssfa/ros2_ws/install/turtlebot3_bringup/bin'
[5.528s] Level 1:colcon.colcon_core.environment:checking '/home/ssfa/ros2_ws/install/turtlebot3_bringup/lib/pkgconfig/turtlebot3_bringup.pc'
[5.528s] Level 1:colcon.colcon_core.environment:checking '/home/ssfa/ros2_ws/install/turtlebot3_bringup/lib/python3.10/site-packages'
[5.528s] Level 1:colcon.colcon_core.environment:checking '/home/ssfa/ros2_ws/install/turtlebot3_bringup/bin'
[5.529s] INFO:colcon.colcon_core.shell:Creating package script '/home/ssfa/ros2_ws/install/turtlebot3_bringup/share/turtlebot3_bringup/package.ps1'
[5.530s] INFO:colcon.colcon_core.shell:Creating package descriptor '/home/ssfa/ros2_ws/install/turtlebot3_bringup/share/turtlebot3_bringup/package.dsv'
[5.530s] INFO:colcon.colcon_core.shell:Creating package script '/home/ssfa/ros2_ws/install/turtlebot3_bringup/share/turtlebot3_bringup/package.sh'
[5.530s] INFO:colcon.colcon_core.shell:Creating package script '/home/ssfa/ros2_ws/install/turtlebot3_bringup/share/turtlebot3_bringup/package.bash'
[5.531s] INFO:colcon.colcon_core.shell:Creating package script '/home/ssfa/ros2_ws/install/turtlebot3_bringup/share/turtlebot3_bringup/package.zsh'
[5.532s] Level 1:colcon.colcon_core.environment:create_file_with_runtime_dependencies(/home/ssfa/ros2_ws/install/turtlebot3_bringup/share/colcon-core/packages/turtlebot3_bringup)
[5.910s] INFO:colcon.colcon_core.task.python.build:Building Python package in '/home/ssfa/ros2_ws/src/custom_interface_example'
[5.910s] INFO:colcon.colcon_core.shell:Skip shell extension 'powershell' for command environment: Not usable outside of PowerShell
[5.910s] DEBUG:colcon.colcon_core.shell:Skip shell extension 'dsv' for command environment
[5.917s] Level 1:colcon.colcon_core.environment:create_environment_scripts_only(turtlebot3_msgs)
[5.917s] Level 1:colcon.colcon_core.environment:checking '/home/ssfa/ros2_ws/install/turtlebot3_msgs' for CMake module files
[5.918s] Level 1:colcon.colcon_core.environment:checking '/home/ssfa/ros2_ws/install/turtlebot3_msgs' for CMake config files
[5.919s] Level 1:colcon.colcon_core.shell:create_environment_hook('turtlebot3_msgs', 'cmake_prefix_path')
[5.919s] INFO:colcon.colcon_core.shell:Creating environment hook '/home/ssfa/ros2_ws/install/turtlebot3_msgs/share/turtlebot3_msgs/hook/cmake_prefix_path.ps1'
[5.919s] INFO:colcon.colcon_core.shell:Creating environment descriptor '/home/ssfa/ros2_ws/install/turtlebot3_msgs/share/turtlebot3_msgs/hook/cmake_prefix_path.dsv'
[5.920s] INFO:colcon.colcon_core.shell:Creating environment hook '/home/ssfa/ros2_ws/install/turtlebot3_msgs/share/turtlebot3_msgs/hook/cmake_prefix_path.sh'
[5.920s] Level 1:colcon.colcon_core.environment:checking '/home/ssfa/ros2_ws/install/turtlebot3_msgs/lib'
[5.920s] Level 1:colcon.colcon_core.shell:create_environment_hook('turtlebot3_msgs', 'ld_library_path_lib')
[5.921s] INFO:colcon.colcon_core.shell:Creating environment hook '/home/ssfa/ros2_ws/install/turtlebot3_msgs/share/turtlebot3_msgs/hook/ld_library_path_lib.ps1'
[5.921s] INFO:colcon.colcon_core.shell:Creating environment descriptor '/home/ssfa/ros2_ws/install/turtlebot3_msgs/share/turtlebot3_msgs/hook/ld_library_path_lib.dsv'
[5.921s] INFO:colcon.colcon_core.shell:Creating environment hook '/home/ssfa/ros2_ws/install/turtlebot3_msgs/share/turtlebot3_msgs/hook/ld_library_path_lib.sh'
[5.922s] Level 1:colcon.colcon_core.environment:checking '/home/ssfa/ros2_ws/install/turtlebot3_msgs/bin'
[5.922s] Level 1:colcon.colcon_core.environment:checking '/home/ssfa/ros2_ws/install/turtlebot3_msgs/lib/pkgconfig/turtlebot3_msgs.pc'
[5.922s] Level 1:colcon.colcon_core.environment:checking '/home/ssfa/ros2_ws/install/turtlebot3_msgs/lib/python3.10/site-packages'
[5.922s] Level 1:colcon.colcon_core.environment:checking '/home/ssfa/ros2_ws/install/turtlebot3_msgs/bin'
[5.923s] INFO:colcon.colcon_core.shell:Creating package script '/home/ssfa/ros2_ws/install/turtlebot3_msgs/share/turtlebot3_msgs/package.ps1'
[5.923s] INFO:colcon.colcon_core.shell:Creating package descriptor '/home/ssfa/ros2_ws/install/turtlebot3_msgs/share/turtlebot3_msgs/package.dsv'
[5.924s] INFO:colcon.colcon_core.shell:Creating package script '/home/ssfa/ros2_ws/install/turtlebot3_msgs/share/turtlebot3_msgs/package.sh'
[5.924s] INFO:colcon.colcon_core.shell:Creating package script '/home/ssfa/ros2_ws/install/turtlebot3_msgs/share/turtlebot3_msgs/package.bash'
[5.925s] INFO:colcon.colcon_core.shell:Creating package script '/home/ssfa/ros2_ws/install/turtlebot3_msgs/share/turtlebot3_msgs/package.zsh'
[5.925s] Level 1:colcon.colcon_core.environment:create_file_with_runtime_dependencies(/home/ssfa/ros2_ws/install/turtlebot3_msgs/share/colcon-core/packages/turtlebot3_msgs)
[5.925s] Level 1:colcon.colcon_core.environment:create_environment_scripts_only(turtlebot3_gazebo)
[5.925s] Level 1:colcon.colcon_core.environment:checking '/home/ssfa/ros2_ws/install/turtlebot3_gazebo' for CMake module files
[5.927s] DEBUG:colcon.colcon_core.event_handler.log_command:Invoked command in '/home/ssfa/ros2_ws/build/turtlebot3_gazebo' returned '0': CMAKE_PREFIX_PATH=/home/ssfa/ros2_ws/install/turtlebot3_description:/home/ssfa/ros2_ws/install/turtlebot3:/home/ssfa/ros2_ws/install/turtlebot3_simulations:/home/ssfa/ros2_ws/install/turtlebot3_navigation2:/home/ssfa/ros2_ws/install/turtlebot3_msgs:/home/ssfa/ros2_ws/install/turtlebot3_gazebo:/home/ssfa/ros2_ws/install/turtlebot3_bringup:/home/ssfa/ros2_ws/install/turtlebot3_cartographer:/home/ssfa/ros2_ws/install/turtlebot3_as:/home/ssfa/ros2_ws/install/t3_action_msg:/home/ssfa/ros2_ws/install/dynamixel_sdk:/home/ssfa/ros2_ws/install/custom_interfaces:/home/ssfa/ros2_ws/install/visionsensor:/home/ssfa/ros2_ws/install/turtlebot3_teleop:/home/ssfa/ros2_ws/install/turtlebot3_example:/home/ssfa/ros2_ws/install/topic_exercise:/home/ssfa/ros2_ws/install/subscriber_pkg:/home/ssfa/ros2_ws/install/services_pkg:/home/ssfa/ros2_ws/install/publisher_pkg:/home/ssfa/ros2_ws/install/opencv_tools:/home/ssfa/ros2_ws/install/my_package:/home/ssfa/ros2_ws/install/movement_pkg:/home/ssfa/ros2_ws/install/exercise_pkg:/home/ssfa/ros2_ws/install/custom_interface_example:/home/ssfa/ros2_ws/install/client_pkg:/opt/ros/humble /usr/bin/cmake --install /home/ssfa/ros2_ws/build/turtlebot3_gazebo
[5.928s] Level 1:colcon.colcon_core.environment:checking '/home/ssfa/ros2_ws/install/turtlebot3_gazebo' for CMake config files
[5.930s] Level 1:colcon.colcon_core.shell:create_environment_hook('turtlebot3_gazebo', 'cmake_prefix_path')
[5.931s] INFO:colcon.colcon_core.shell:Creating environment hook '/home/ssfa/ros2_ws/install/turtlebot3_gazebo/share/turtlebot3_gazebo/hook/cmake_prefix_path.ps1'
[5.931s] INFO:colcon.colcon_core.shell:Creating environment descriptor '/home/ssfa/ros2_ws/install/turtlebot3_gazebo/share/turtlebot3_gazebo/hook/cmake_prefix_path.dsv'
[5.932s] INFO:colcon.colcon_core.shell:Creating environment hook '/home/ssfa/ros2_ws/install/turtlebot3_gazebo/share/turtlebot3_gazebo/hook/cmake_prefix_path.sh'
[5.932s] Level 1:colcon.colcon_core.environment:checking '/home/ssfa/ros2_ws/install/turtlebot3_gazebo/bin'
[5.932s] Level 1:colcon.colcon_core.environment:checking '/home/ssfa/ros2_ws/install/turtlebot3_gazebo/lib/pkgconfig/turtlebot3_gazebo.pc'
[5.933s] Level 1:colcon.colcon_core.environment:checking '/home/ssfa/ros2_ws/install/turtlebot3_gazebo/lib/python3.10/site-packages'
[5.933s] Level 1:colcon.colcon_core.environment:checking '/home/ssfa/ros2_ws/install/turtlebot3_gazebo/bin'
[5.933s] INFO:colcon.colcon_core.shell:Creating package script '/home/ssfa/ros2_ws/install/turtlebot3_gazebo/share/turtlebot3_gazebo/package.ps1'
[5.934s] INFO:colcon.colcon_core.shell:Creating package descriptor '/home/ssfa/ros2_ws/install/turtlebot3_gazebo/share/turtlebot3_gazebo/package.dsv'
[5.934s] INFO:colcon.colcon_core.shell:Creating package script '/home/ssfa/ros2_ws/install/turtlebot3_gazebo/share/turtlebot3_gazebo/package.sh'
[5.934s] INFO:colcon.colcon_core.shell:Creating package script '/home/ssfa/ros2_ws/install/turtlebot3_gazebo/share/turtlebot3_gazebo/package.bash'
[5.935s] INFO:colcon.colcon_core.shell:Creating package script '/home/ssfa/ros2_ws/install/turtlebot3_gazebo/share/turtlebot3_gazebo/package.zsh'
[5.935s] Level 1:colcon.colcon_core.environment:create_file_with_runtime_dependencies(/home/ssfa/ros2_ws/install/turtlebot3_gazebo/share/colcon-core/packages/turtlebot3_gazebo)
[5.936s] Level 1:colcon.colcon_core.shell:create_environment_hook('exercise_pkg', 'pythonpath_develop')
[5.937s] INFO:colcon.colcon_core.shell:Creating environment hook '/home/ssfa/ros2_ws/build/exercise_pkg/share/exercise_pkg/hook/pythonpath_develop.ps1'
[5.938s] DEBUG:colcon.colcon_core.event_handler.log_command:Invoked command in '/home/ssfa/ros2_ws/build/exercise_pkg' returned '0': PYTHONPATH=/home/ssfa/ros2_ws/build/exercise_pkg/prefix_override:/usr/lib/python3/dist-packages/colcon_core/task/python/colcon_distutils_commands:/home/ssfa/ros2_ws/install/exercise_pkg/lib/python3.10/site-packages:${PYTHONPATH} /usr/bin/python3 -W ignore:setup.py install is deprecated setup.py develop --editable --build-directory /home/ssfa/ros2_ws/build/exercise_pkg/build --no-deps symlink_data
[5.938s] INFO:colcon.colcon_core.shell:Creating environment descriptor '/home/ssfa/ros2_ws/build/exercise_pkg/share/exercise_pkg/hook/pythonpath_develop.dsv'
[5.938s] INFO:colcon.colcon_core.shell:Creating environment hook '/home/ssfa/ros2_ws/build/exercise_pkg/share/exercise_pkg/hook/pythonpath_develop.sh'
[5.939s] Level 1:colcon.colcon_core.environment:checking '/home/ssfa/ros2_ws/install/exercise_pkg' for CMake module files
[5.939s] Level 1:colcon.colcon_core.environment:checking '/home/ssfa/ros2_ws/install/exercise_pkg' for CMake config files
[5.940s] Level 1:colcon.colcon_core.environment:checking '/home/ssfa/ros2_ws/install/exercise_pkg/lib'
[5.940s] Level 1:colcon.colcon_core.environment:checking '/home/ssfa/ros2_ws/install/exercise_pkg/bin'
[5.940s] Level 1:colcon.colcon_core.environment:checking '/home/ssfa/ros2_ws/install/exercise_pkg/lib/pkgconfig/exercise_pkg.pc'
[5.941s] Level 1:colcon.colcon_core.environment:checking '/home/ssfa/ros2_ws/install/exercise_pkg/lib/python3.10/site-packages'
[5.941s] Level 1:colcon.colcon_core.shell:create_environment_hook('exercise_pkg', 'pythonpath')
[5.941s] INFO:colcon.colcon_core.shell:Creating environment hook '/home/ssfa/ros2_ws/install/exercise_pkg/share/exercise_pkg/hook/pythonpath.ps1'
[5.941s] INFO:colcon.colcon_core.shell:Creating environment descriptor '/home/ssfa/ros2_ws/install/exercise_pkg/share/exercise_pkg/hook/pythonpath.dsv'
[5.942s] INFO:colcon.colcon_core.shell:Creating environment hook '/home/ssfa/ros2_ws/install/exercise_pkg/share/exercise_pkg/hook/pythonpath.sh'
[5.942s] Level 1:colcon.colcon_core.environment:checking '/home/ssfa/ros2_ws/install/exercise_pkg/bin'
[5.942s] Level 1:colcon.colcon_core.environment:create_environment_scripts_only(exercise_pkg)
[5.943s] INFO:colcon.colcon_core.shell:Creating package script '/home/ssfa/ros2_ws/install/exercise_pkg/share/exercise_pkg/package.ps1'
[5.944s] INFO:colcon.colcon_core.shell:Creating package descriptor '/home/ssfa/ros2_ws/install/exercise_pkg/share/exercise_pkg/package.dsv'
[5.944s] INFO:colcon.colcon_core.shell:Creating package script '/home/ssfa/ros2_ws/install/exercise_pkg/share/exercise_pkg/package.sh'
[5.945s] INFO:colcon.colcon_core.shell:Creating package script '/home/ssfa/ros2_ws/install/exercise_pkg/share/exercise_pkg/package.bash'
[5.945s] INFO:colcon.colcon_core.shell:Creating package script '/home/ssfa/ros2_ws/install/exercise_pkg/share/exercise_pkg/package.zsh'
[5.945s] Level 1:colcon.colcon_core.environment:create_file_with_runtime_dependencies(/home/ssfa/ros2_ws/install/exercise_pkg/share/colcon-core/packages/exercise_pkg)
[5.948s] Level 1:colcon.colcon_core.shell:create_environment_hook('publisher_pkg', 'pythonpath_develop')
[5.948s] INFO:colcon.colcon_core.shell:Creating environment hook '/home/ssfa/ros2_ws/build/publisher_pkg/share/publisher_pkg/hook/pythonpath_develop.ps1'
[5.949s] INFO:colcon.colcon_core.shell:Creating environment descriptor '/home/ssfa/ros2_ws/build/publisher_pkg/share/publisher_pkg/hook/pythonpath_develop.dsv'
[5.949s] DEBUG:colcon.colcon_core.event_handler.log_command:Invoking command in '/home/ssfa/ros2_ws/build/services_pkg': PYTHONPATH=/home/ssfa/ros2_ws/build/services_pkg/prefix_override:/usr/lib/python3/dist-packages/colcon_core/task/python/colcon_distutils_commands:/home/ssfa/ros2_ws/install/services_pkg/lib/python3.10/site-packages:${PYTHONPATH} /usr/bin/python3 -W ignore:setup.py install is deprecated setup.py develop --editable --build-directory /home/ssfa/ros2_ws/build/services_pkg/build --no-deps symlink_data
[5.950s] DEBUG:colcon.colcon_core.event_handler.log_command:Invoked command in '/home/ssfa/ros2_ws/build/publisher_pkg' returned '0': PYTHONPATH=/home/ssfa/ros2_ws/build/publisher_pkg/prefix_override:/usr/lib/python3/dist-packages/colcon_core/task/python/colcon_distutils_commands:/home/ssfa/ros2_ws/install/publisher_pkg/lib/python3.10/site-packages:${PYTHONPATH} /usr/bin/python3 -W ignore:setup.py install is deprecated setup.py develop --editable --build-directory /home/ssfa/ros2_ws/build/publisher_pkg/build --no-deps symlink_data
[5.951s] INFO:colcon.colcon_core.shell:Creating environment hook '/home/ssfa/ros2_ws/build/publisher_pkg/share/publisher_pkg/hook/pythonpath_develop.sh'
[5.951s] Level 1:colcon.colcon_core.environment:checking '/home/ssfa/ros2_ws/install/publisher_pkg' for CMake module files
[5.952s] Level 1:colcon.colcon_core.environment:checking '/home/ssfa/ros2_ws/install/publisher_pkg' for CMake config files
[5.953s] Level 1:colcon.colcon_core.environment:checking '/home/ssfa/ros2_ws/install/publisher_pkg/lib'
[5.953s] Level 1:colcon.colcon_core.environment:checking '/home/ssfa/ros2_ws/install/publisher_pkg/bin'
[5.953s] Level 1:colcon.colcon_core.environment:checking '/home/ssfa/ros2_ws/install/publisher_pkg/lib/pkgconfig/publisher_pkg.pc'
[5.954s] Level 1:colcon.colcon_core.environment:checking '/home/ssfa/ros2_ws/install/publisher_pkg/lib/python3.10/site-packages'
[5.954s] Level 1:colcon.colcon_core.shell:create_environment_hook('publisher_pkg', 'pythonpath')
[5.954s] INFO:colcon.colcon_core.shell:Creating environment hook '/home/ssfa/ros2_ws/install/publisher_pkg/share/publisher_pkg/hook/pythonpath.ps1'
[5.954s] INFO:colcon.colcon_core.shell:Creating environment descriptor '/home/ssfa/ros2_ws/install/publisher_pkg/share/publisher_pkg/hook/pythonpath.dsv'
[5.955s] INFO:colcon.colcon_core.shell:Creating environment hook '/home/ssfa/ros2_ws/install/publisher_pkg/share/publisher_pkg/hook/pythonpath.sh'
[5.955s] Level 1:colcon.colcon_core.environment:checking '/home/ssfa/ros2_ws/install/publisher_pkg/bin'
[5.955s] Level 1:colcon.colcon_core.environment:create_environment_scripts_only(publisher_pkg)
[5.956s] INFO:colcon.colcon_core.shell:Creating package script '/home/ssfa/ros2_ws/install/publisher_pkg/share/publisher_pkg/package.ps1'
[5.956s] INFO:colcon.colcon_core.shell:Creating package descriptor '/home/ssfa/ros2_ws/install/publisher_pkg/share/publisher_pkg/package.dsv'
[5.957s] INFO:colcon.colcon_core.shell:Creating package script '/home/ssfa/ros2_ws/install/publisher_pkg/share/publisher_pkg/package.sh'
[5.957s] INFO:colcon.colcon_core.shell:Creating package script '/home/ssfa/ros2_ws/install/publisher_pkg/share/publisher_pkg/package.bash'
[5.958s] INFO:colcon.colcon_core.shell:Creating package script '/home/ssfa/ros2_ws/install/publisher_pkg/share/publisher_pkg/package.zsh'
[5.959s] Level 1:colcon.colcon_core.environment:create_file_with_runtime_dependencies(/home/ssfa/ros2_ws/install/publisher_pkg/share/colcon-core/packages/publisher_pkg)
[5.959s] Level 1:colcon.colcon_core.shell:create_environment_hook('my_package', 'pythonpath_develop')
[5.959s] INFO:colcon.colcon_core.shell:Creating environment hook '/home/ssfa/ros2_ws/build/my_package/share/my_package/hook/pythonpath_develop.ps1'
[5.961s] INFO:colcon.colcon_core.shell:Creating environment descriptor '/home/ssfa/ros2_ws/build/my_package/share/my_package/hook/pythonpath_develop.dsv'
[5.962s] DEBUG:colcon.colcon_core.event_handler.log_command:Invoked command in '/home/ssfa/ros2_ws/build/my_package' returned '0': PYTHONPATH=/home/ssfa/ros2_ws/build/my_package/prefix_override:/usr/lib/python3/dist-packages/colcon_core/task/python/colcon_distutils_commands:/home/ssfa/ros2_ws/install/my_package/lib/python3.10/site-packages:${PYTHONPATH} /usr/bin/python3 -W ignore:setup.py install is deprecated setup.py develop --editable --build-directory /home/ssfa/ros2_ws/build/my_package/build --no-deps symlink_data
[5.962s] INFO:colcon.colcon_core.shell:Creating environment hook '/home/ssfa/ros2_ws/build/my_package/share/my_package/hook/pythonpath_develop.sh'
[5.963s] Level 1:colcon.colcon_core.environment:checking '/home/ssfa/ros2_ws/install/my_package' for CMake module files
[5.963s] Level 1:colcon.colcon_core.environment:checking '/home/ssfa/ros2_ws/install/my_package' for CMake config files
[5.964s] Level 1:colcon.colcon_core.environment:checking '/home/ssfa/ros2_ws/install/my_package/lib'
[5.964s] Level 1:colcon.colcon_core.environment:checking '/home/ssfa/ros2_ws/install/my_package/bin'
[5.965s] Level 1:colcon.colcon_core.environment:checking '/home/ssfa/ros2_ws/install/my_package/lib/pkgconfig/my_package.pc'
[5.965s] Level 1:colcon.colcon_core.environment:checking '/home/ssfa/ros2_ws/install/my_package/lib/python3.10/site-packages'
[5.965s] Level 1:colcon.colcon_core.shell:create_environment_hook('my_package', 'pythonpath')
[5.965s] INFO:colcon.colcon_core.shell:Creating environment hook '/home/ssfa/ros2_ws/install/my_package/share/my_package/hook/pythonpath.ps1'
[5.966s] INFO:colcon.colcon_core.shell:Creating environment descriptor '/home/ssfa/ros2_ws/install/my_package/share/my_package/hook/pythonpath.dsv'
[5.966s] INFO:colcon.colcon_core.shell:Creating environment hook '/home/ssfa/ros2_ws/install/my_package/share/my_package/hook/pythonpath.sh'
[5.967s] Level 1:colcon.colcon_core.environment:checking '/home/ssfa/ros2_ws/install/my_package/bin'
[5.967s] Level 1:colcon.colcon_core.environment:create_environment_scripts_only(my_package)
[5.968s] INFO:colcon.colcon_core.shell:Creating package script '/home/ssfa/ros2_ws/install/my_package/share/my_package/package.ps1'
[5.968s] INFO:colcon.colcon_core.shell:Creating package descriptor '/home/ssfa/ros2_ws/install/my_package/share/my_package/package.dsv'
[5.969s] INFO:colcon.colcon_core.shell:Creating package script '/home/ssfa/ros2_ws/install/my_package/share/my_package/package.sh'
[5.969s] INFO:colcon.colcon_core.shell:Creating package script '/home/ssfa/ros2_ws/install/my_package/share/my_package/package.bash'
[5.970s] INFO:colcon.colcon_core.shell:Creating package script '/home/ssfa/ros2_ws/install/my_package/share/my_package/package.zsh'
[5.970s] Level 1:colcon.colcon_core.environment:create_file_with_runtime_dependencies(/home/ssfa/ros2_ws/install/my_package/share/colcon-core/packages/my_package)
[6.339s] INFO:colcon.colcon_core.task.python.build:Building Python package in '/home/ssfa/ros2_ws/src/movement_pkg'
[6.340s] INFO:colcon.colcon_core.shell:Skip shell extension 'powershell' for command environment: Not usable outside of PowerShell
[6.340s] DEBUG:colcon.colcon_core.shell:Skip shell extension 'dsv' for command environment
[6.346s] INFO:colcon.colcon_ros.task.ament_python.build:Building ROS package in '/home/ssfa/ros2_ws/src/t3/turtlebot3/turtlebot3/turtlebot3_example' with build type 'ament_python'
[6.346s] Level 1:colcon.colcon_core.shell:create_environment_hook('turtlebot3_example', 'ament_prefix_path')
[6.346s] INFO:colcon.colcon_core.shell:Creating environment hook '/home/ssfa/ros2_ws/install/turtlebot3_example/share/turtlebot3_example/hook/ament_prefix_path.ps1'
[6.347s] INFO:colcon.colcon_core.shell:Creating environment descriptor '/home/ssfa/ros2_ws/install/turtlebot3_example/share/turtlebot3_example/hook/ament_prefix_path.dsv'
[6.348s] INFO:colcon.colcon_core.shell:Creating environment hook '/home/ssfa/ros2_ws/install/turtlebot3_example/share/turtlebot3_example/hook/ament_prefix_path.sh'
[6.348s] INFO:colcon.colcon_core.shell:Skip shell extension 'powershell' for command environment: Not usable outside of PowerShell
[6.348s] DEBUG:colcon.colcon_core.shell:Skip shell extension 'dsv' for command environment
[6.368s] Level 1:colcon.colcon_core.environment:create_environment_scripts_only(turtlebot3_bringup)
[6.369s] Level 1:colcon.colcon_core.environment:checking '/home/ssfa/ros2_ws/install/turtlebot3_bringup' for CMake module files
[6.370s] DEBUG:colcon.colcon_core.event_handler.log_command:Invoking command in '/home/ssfa/ros2_ws/build/turtlebot3_as': CMAKE_PREFIX_PATH=/home/ssfa/ros2_ws/install/t3_action_msg:/home/ssfa/ros2_ws/install/turtlebot3:/home/ssfa/ros2_ws/install/turtlebot3_simulations:/home/ssfa/ros2_ws/install/turtlebot3_navigation2:/home/ssfa/ros2_ws/install/turtlebot3_msgs:/home/ssfa/ros2_ws/install/turtlebot3_gazebo:/home/ssfa/ros2_ws/install/turtlebot3_bringup:/home/ssfa/ros2_ws/install/turtlebot3_description:/home/ssfa/ros2_ws/install/turtlebot3_cartographer:/home/ssfa/ros2_ws/install/turtlebot3_as:/home/ssfa/ros2_ws/install/dynamixel_sdk:/home/ssfa/ros2_ws/install/custom_interfaces:/home/ssfa/ros2_ws/install/visionsensor:/home/ssfa/ros2_ws/install/turtlebot3_teleop:/home/ssfa/ros2_ws/install/turtlebot3_example:/home/ssfa/ros2_ws/install/topic_exercise:/home/ssfa/ros2_ws/install/subscriber_pkg:/home/ssfa/ros2_ws/install/services_pkg:/home/ssfa/ros2_ws/install/publisher_pkg:/home/ssfa/ros2_ws/install/opencv_tools:/home/ssfa/ros2_ws/install/my_package:/home/ssfa/ros2_ws/install/movement_pkg:/home/ssfa/ros2_ws/install/exercise_pkg:/home/ssfa/ros2_ws/install/custom_interface_example:/home/ssfa/ros2_ws/install/client_pkg:/opt/ros/humble LD_LIBRARY_PATH=/home/ssfa/ros2_ws/install/t3_action_msg/lib:/home/ssfa/ros2_ws/install/turtlebot3_msgs/lib:/home/ssfa/ros2_ws/install/dynamixel_sdk/lib:/home/ssfa/ros2_ws/install/custom_interfaces/lib:/usr/lib/x86_64-linux-gnu/gazebo-11/plugins:/opt/ros/humble/opt/rviz_ogre_vendor/lib:/opt/ros/humble/lib/x86_64-linux-gnu:/opt/ros/humble/lib /usr/bin/cmake --build /home/ssfa/ros2_ws/build/turtlebot3_as -- -j12 -l12
[6.371s] Level 1:colcon.colcon_core.environment:checking '/home/ssfa/ros2_ws/install/turtlebot3_bringup' for CMake config files
[6.372s] Level 1:colcon.colcon_core.shell:create_environment_hook('turtlebot3_bringup', 'cmake_prefix_path')
[6.372s] INFO:colcon.colcon_core.shell:Creating environment hook '/home/ssfa/ros2_ws/install/turtlebot3_bringup/share/turtlebot3_bringup/hook/cmake_prefix_path.ps1'
[6.373s] INFO:colcon.colcon_core.shell:Creating environment descriptor '/home/ssfa/ros2_ws/install/turtlebot3_bringup/share/turtlebot3_bringup/hook/cmake_prefix_path.dsv'
[6.374s] INFO:colcon.colcon_core.shell:Creating environment hook '/home/ssfa/ros2_ws/install/turtlebot3_bringup/share/turtlebot3_bringup/hook/cmake_prefix_path.sh'
[6.376s] Level 1:colcon.colcon_core.environment:checking '/home/ssfa/ros2_ws/install/turtlebot3_bringup/bin'
[6.376s] Level 1:colcon.colcon_core.environment:checking '/home/ssfa/ros2_ws/install/turtlebot3_bringup/lib/pkgconfig/turtlebot3_bringup.pc'
[6.377s] Level 1:colcon.colcon_core.environment:checking '/home/ssfa/ros2_ws/install/turtlebot3_bringup/lib/python3.10/site-packages'
[6.377s] Level 1:colcon.colcon_core.environment:checking '/home/ssfa/ros2_ws/install/turtlebot3_bringup/bin'
[6.378s] INFO:colcon.colcon_core.shell:Creating package script '/home/ssfa/ros2_ws/install/turtlebot3_bringup/share/turtlebot3_bringup/package.ps1'
[6.379s] INFO:colcon.colcon_core.shell:Creating package descriptor '/home/ssfa/ros2_ws/install/turtlebot3_bringup/share/turtlebot3_bringup/package.dsv'
[6.380s] INFO:colcon.colcon_core.shell:Creating package script '/home/ssfa/ros2_ws/install/turtlebot3_bringup/share/turtlebot3_bringup/package.sh'
[6.381s] INFO:colcon.colcon_core.shell:Creating package script '/home/ssfa/ros2_ws/install/turtlebot3_bringup/share/turtlebot3_bringup/package.bash'
[6.381s] INFO:colcon.colcon_core.shell:Creating package script '/home/ssfa/ros2_ws/install/turtlebot3_bringup/share/turtlebot3_bringup/package.zsh'
[6.382s] Level 1:colcon.colcon_core.environment:create_file_with_runtime_dependencies(/home/ssfa/ros2_ws/install/turtlebot3_bringup/share/colcon-core/packages/turtlebot3_bringup)
[6.386s] Level 1:colcon.colcon_core.environment:create_environment_scripts_only(turtlebot3_gazebo)
[6.387s] Level 1:colcon.colcon_core.environment:checking '/home/ssfa/ros2_ws/install/turtlebot3_gazebo' for CMake module files
[6.387s] Level 1:colcon.colcon_core.environment:checking '/home/ssfa/ros2_ws/install/turtlebot3_gazebo' for CMake config files
[6.390s] Level 1:colcon.colcon_core.shell:create_environment_hook('turtlebot3_gazebo', 'cmake_prefix_path')
[6.390s] INFO:colcon.colcon_core.shell:Creating environment hook '/home/ssfa/ros2_ws/install/turtlebot3_gazebo/share/turtlebot3_gazebo/hook/cmake_prefix_path.ps1'
[6.391s] INFO:colcon.colcon_core.shell:Creating environment descriptor '/home/ssfa/ros2_ws/install/turtlebot3_gazebo/share/turtlebot3_gazebo/hook/cmake_prefix_path.dsv'
[6.391s] INFO:colcon.colcon_core.shell:Creating environment hook '/home/ssfa/ros2_ws/install/turtlebot3_gazebo/share/turtlebot3_gazebo/hook/cmake_prefix_path.sh'
[6.392s] Level 1:colcon.colcon_core.environment:checking '/home/ssfa/ros2_ws/install/turtlebot3_gazebo/bin'
[6.392s] Level 1:colcon.colcon_core.environment:checking '/home/ssfa/ros2_ws/install/turtlebot3_gazebo/lib/pkgconfig/turtlebot3_gazebo.pc'
[6.393s] Level 1:colcon.colcon_core.environment:checking '/home/ssfa/ros2_ws/install/turtlebot3_gazebo/lib/python3.10/site-packages'
[6.393s] Level 1:colcon.colcon_core.environment:checking '/home/ssfa/ros2_ws/install/turtlebot3_gazebo/bin'
[6.394s] INFO:colcon.colcon_core.shell:Creating package script '/home/ssfa/ros2_ws/install/turtlebot3_gazebo/share/turtlebot3_gazebo/package.ps1'
[6.395s] INFO:colcon.colcon_core.shell:Creating package descriptor '/home/ssfa/ros2_ws/install/turtlebot3_gazebo/share/turtlebot3_gazebo/package.dsv'
[6.395s] INFO:colcon.colcon_core.shell:Creating package script '/home/ssfa/ros2_ws/install/turtlebot3_gazebo/share/turtlebot3_gazebo/package.sh'
[6.396s] INFO:colcon.colcon_core.shell:Creating package script '/home/ssfa/ros2_ws/install/turtlebot3_gazebo/share/turtlebot3_gazebo/package.bash'
[6.396s] INFO:colcon.colcon_core.shell:Creating package script '/home/ssfa/ros2_ws/install/turtlebot3_gazebo/share/turtlebot3_gazebo/package.zsh'
[6.397s] Level 1:colcon.colcon_core.environment:create_file_with_runtime_dependencies(/home/ssfa/ros2_ws/install/turtlebot3_gazebo/share/colcon-core/packages/turtlebot3_gazebo)
[6.398s] INFO:colcon.colcon_ros.task.ament_cmake.build:Building ROS package in '/home/ssfa/ros2_ws/src/t3/turtlebot3_simulations/turtlebot3_simulations' with build type 'ament_cmake'
[6.398s] INFO:colcon.colcon_cmake.task.cmake.build:Building CMake package in '/home/ssfa/ros2_ws/src/t3/turtlebot3_simulations/turtlebot3_simulations'
[6.399s] INFO:colcon.colcon_core.shell:Skip shell extension 'powershell' for command environment: Not usable outside of PowerShell
[6.399s] DEBUG:colcon.colcon_core.shell:Skip shell extension 'dsv' for command environment
[6.835s] INFO:colcon.colcon_core.task.python.build:Building Python package in '/home/ssfa/ros2_ws/src/t3/turtlebot3/turtlebot3/turtlebot3_example'
[6.836s] INFO:colcon.colcon_core.shell:Skip shell extension 'powershell' for command environment: Not usable outside of PowerShell
[6.836s] DEBUG:colcon.colcon_core.shell:Skip shell extension 'dsv' for command environment
[6.848s] Level 1:colcon.colcon_core.shell:create_environment_hook('services_pkg', 'pythonpath_develop')
[6.849s] INFO:colcon.colcon_core.shell:Creating environment hook '/home/ssfa/ros2_ws/build/services_pkg/share/services_pkg/hook/pythonpath_develop.ps1'
[6.850s] DEBUG:colcon.colcon_core.event_handler.log_command:Invoked command in '/home/ssfa/ros2_ws/build/services_pkg' returned '0': PYTHONPATH=/home/ssfa/ros2_ws/build/services_pkg/prefix_override:/usr/lib/python3/dist-packages/colcon_core/task/python/colcon_distutils_commands:/home/ssfa/ros2_ws/install/services_pkg/lib/python3.10/site-packages:${PYTHONPATH} /usr/bin/python3 -W ignore:setup.py install is deprecated setup.py develop --editable --build-directory /home/ssfa/ros2_ws/build/services_pkg/build --no-deps symlink_data
[6.851s] INFO:colcon.colcon_core.shell:Creating environment descriptor '/home/ssfa/ros2_ws/build/services_pkg/share/services_pkg/hook/pythonpath_develop.dsv'
[6.851s] INFO:colcon.colcon_core.shell:Creating environment hook '/home/ssfa/ros2_ws/build/services_pkg/share/services_pkg/hook/pythonpath_develop.sh'
[6.853s] Level 1:colcon.colcon_core.environment:checking '/home/ssfa/ros2_ws/install/services_pkg' for CMake module files
[6.854s] Level 1:colcon.colcon_core.environment:checking '/home/ssfa/ros2_ws/install/services_pkg' for CMake config files
[6.855s] Level 1:colcon.colcon_core.environment:checking '/home/ssfa/ros2_ws/install/services_pkg/lib'
[6.855s] Level 1:colcon.colcon_core.environment:checking '/home/ssfa/ros2_ws/install/services_pkg/bin'
[6.855s] Level 1:colcon.colcon_core.environment:checking '/home/ssfa/ros2_ws/install/services_pkg/lib/pkgconfig/services_pkg.pc'
[6.856s] Level 1:colcon.colcon_core.environment:checking '/home/ssfa/ros2_ws/install/services_pkg/lib/python3.10/site-packages'
[6.856s] Level 1:colcon.colcon_core.shell:create_environment_hook('services_pkg', 'pythonpath')
[6.856s] INFO:colcon.colcon_core.shell:Creating environment hook '/home/ssfa/ros2_ws/install/services_pkg/share/services_pkg/hook/pythonpath.ps1'
[6.857s] INFO:colcon.colcon_core.shell:Creating environment descriptor '/home/ssfa/ros2_ws/install/services_pkg/share/services_pkg/hook/pythonpath.dsv'
[6.858s] INFO:colcon.colcon_core.shell:Creating environment hook '/home/ssfa/ros2_ws/install/services_pkg/share/services_pkg/hook/pythonpath.sh'
[6.859s] Level 1:colcon.colcon_core.environment:checking '/home/ssfa/ros2_ws/install/services_pkg/bin'
[6.859s] Level 1:colcon.colcon_core.environment:create_environment_scripts_only(services_pkg)
[6.859s] INFO:colcon.colcon_core.shell:Creating package script '/home/ssfa/ros2_ws/install/services_pkg/share/services_pkg/package.ps1'
[6.860s] INFO:colcon.colcon_core.shell:Creating package descriptor '/home/ssfa/ros2_ws/install/services_pkg/share/services_pkg/package.dsv'
[6.860s] INFO:colcon.colcon_core.shell:Creating package script '/home/ssfa/ros2_ws/install/services_pkg/share/services_pkg/package.sh'
[6.861s] INFO:colcon.colcon_core.shell:Creating package script '/home/ssfa/ros2_ws/install/services_pkg/share/services_pkg/package.bash'
[6.861s] INFO:colcon.colcon_core.shell:Creating package script '/home/ssfa/ros2_ws/install/services_pkg/share/services_pkg/package.zsh'
[6.862s] Level 1:colcon.colcon_core.environment:create_file_with_runtime_dependencies(/home/ssfa/ros2_ws/install/services_pkg/share/colcon-core/packages/services_pkg)
[6.865s] DEBUG:colcon.colcon_core.event_handler.log_command:Invoked command in '/home/ssfa/ros2_ws/build/turtlebot3_as' returned '0': CMAKE_PREFIX_PATH=/home/ssfa/ros2_ws/install/t3_action_msg:/home/ssfa/ros2_ws/install/turtlebot3:/home/ssfa/ros2_ws/install/turtlebot3_simulations:/home/ssfa/ros2_ws/install/turtlebot3_navigation2:/home/ssfa/ros2_ws/install/turtlebot3_msgs:/home/ssfa/ros2_ws/install/turtlebot3_gazebo:/home/ssfa/ros2_ws/install/turtlebot3_bringup:/home/ssfa/ros2_ws/install/turtlebot3_description:/home/ssfa/ros2_ws/install/turtlebot3_cartographer:/home/ssfa/ros2_ws/install/turtlebot3_as:/home/ssfa/ros2_ws/install/dynamixel_sdk:/home/ssfa/ros2_ws/install/custom_interfaces:/home/ssfa/ros2_ws/install/visionsensor:/home/ssfa/ros2_ws/install/turtlebot3_teleop:/home/ssfa/ros2_ws/install/turtlebot3_example:/home/ssfa/ros2_ws/install/topic_exercise:/home/ssfa/ros2_ws/install/subscriber_pkg:/home/ssfa/ros2_ws/install/services_pkg:/home/ssfa/ros2_ws/install/publisher_pkg:/home/ssfa/ros2_ws/install/opencv_tools:/home/ssfa/ros2_ws/install/my_package:/home/ssfa/ros2_ws/install/movement_pkg:/home/ssfa/ros2_ws/install/exercise_pkg:/home/ssfa/ros2_ws/install/custom_interface_example:/home/ssfa/ros2_ws/install/client_pkg:/opt/ros/humble LD_LIBRARY_PATH=/home/ssfa/ros2_ws/install/t3_action_msg/lib:/home/ssfa/ros2_ws/install/turtlebot3_msgs/lib:/home/ssfa/ros2_ws/install/dynamixel_sdk/lib:/home/ssfa/ros2_ws/install/custom_interfaces/lib:/usr/lib/x86_64-linux-gnu/gazebo-11/plugins:/opt/ros/humble/opt/rviz_ogre_vendor/lib:/opt/ros/humble/lib/x86_64-linux-gnu:/opt/ros/humble/lib /usr/bin/cmake --build /home/ssfa/ros2_ws/build/turtlebot3_as -- -j12 -l12
[6.872s] DEBUG:colcon.colcon_core.event_handler.log_command:Invoking command in '/home/ssfa/ros2_ws/build/turtlebot3_simulations': CMAKE_PREFIX_PATH=/home/ssfa/ros2_ws/install/turtlebot3_gazebo:/home/ssfa/ros2_ws/install/turtlebot3_description:/home/ssfa/ros2_ws/install/turtlebot3:/home/ssfa/ros2_ws/install/turtlebot3_simulations:/home/ssfa/ros2_ws/install/turtlebot3_navigation2:/home/ssfa/ros2_ws/install/turtlebot3_msgs:/home/ssfa/ros2_ws/install/turtlebot3_bringup:/home/ssfa/ros2_ws/install/turtlebot3_cartographer:/home/ssfa/ros2_ws/install/turtlebot3_as:/home/ssfa/ros2_ws/install/t3_action_msg:/home/ssfa/ros2_ws/install/dynamixel_sdk:/home/ssfa/ros2_ws/install/custom_interfaces:/home/ssfa/ros2_ws/install/visionsensor:/home/ssfa/ros2_ws/install/turtlebot3_teleop:/home/ssfa/ros2_ws/install/turtlebot3_example:/home/ssfa/ros2_ws/install/topic_exercise:/home/ssfa/ros2_ws/install/subscriber_pkg:/home/ssfa/ros2_ws/install/services_pkg:/home/ssfa/ros2_ws/install/publisher_pkg:/home/ssfa/ros2_ws/install/opencv_tools:/home/ssfa/ros2_ws/install/my_package:/home/ssfa/ros2_ws/install/movement_pkg:/home/ssfa/ros2_ws/install/exercise_pkg:/home/ssfa/ros2_ws/install/custom_interface_example:/home/ssfa/ros2_ws/install/client_pkg:/opt/ros/humble /usr/bin/cmake --build /home/ssfa/ros2_ws/build/turtlebot3_simulations -- -j12 -l12
[6.874s] DEBUG:colcon.colcon_core.event_handler.log_command:Invoking command in '/home/ssfa/ros2_ws/build/topic_exercise': PYTHONPATH=/home/ssfa/ros2_ws/build/topic_exercise/prefix_override:/usr/lib/python3/dist-packages/colcon_core/task/python/colcon_distutils_commands:/home/ssfa/ros2_ws/install/topic_exercise/lib/python3.10/site-packages:${PYTHONPATH} /usr/bin/python3 -W ignore:setup.py install is deprecated setup.py develop --editable --build-directory /home/ssfa/ros2_ws/build/topic_exercise/build --no-deps symlink_data
[6.878s] DEBUG:colcon.colcon_core.event_handler.log_command:Invoking command in '/home/ssfa/ros2_ws/build/subscriber_pkg': PYTHONPATH=/home/ssfa/ros2_ws/build/subscriber_pkg/prefix_override:/usr/lib/python3/dist-packages/colcon_core/task/python/colcon_distutils_commands:/home/ssfa/ros2_ws/install/subscriber_pkg/lib/python3.10/site-packages:${PYTHONPATH} /usr/bin/python3 -W ignore:setup.py install is deprecated setup.py develop --editable --build-directory /home/ssfa/ros2_ws/build/subscriber_pkg/build --no-deps symlink_data
[6.916s] DEBUG:colcon.colcon_core.event_handler.log_command:Invoking command in '/home/ssfa/ros2_ws/build/turtlebot3_as': CMAKE_PREFIX_PATH=/home/ssfa/ros2_ws/install/t3_action_msg:/home/ssfa/ros2_ws/install/turtlebot3:/home/ssfa/ros2_ws/install/turtlebot3_simulations:/home/ssfa/ros2_ws/install/turtlebot3_navigation2:/home/ssfa/ros2_ws/install/turtlebot3_msgs:/home/ssfa/ros2_ws/install/turtlebot3_gazebo:/home/ssfa/ros2_ws/install/turtlebot3_bringup:/home/ssfa/ros2_ws/install/turtlebot3_description:/home/ssfa/ros2_ws/install/turtlebot3_cartographer:/home/ssfa/ros2_ws/install/turtlebot3_as:/home/ssfa/ros2_ws/install/dynamixel_sdk:/home/ssfa/ros2_ws/install/custom_interfaces:/home/ssfa/ros2_ws/install/visionsensor:/home/ssfa/ros2_ws/install/turtlebot3_teleop:/home/ssfa/ros2_ws/install/turtlebot3_example:/home/ssfa/ros2_ws/install/topic_exercise:/home/ssfa/ros2_ws/install/subscriber_pkg:/home/ssfa/ros2_ws/install/services_pkg:/home/ssfa/ros2_ws/install/publisher_pkg:/home/ssfa/ros2_ws/install/opencv_tools:/home/ssfa/ros2_ws/install/my_package:/home/ssfa/ros2_ws/install/movement_pkg:/home/ssfa/ros2_ws/install/exercise_pkg:/home/ssfa/ros2_ws/install/custom_interface_example:/home/ssfa/ros2_ws/install/client_pkg:/opt/ros/humble LD_LIBRARY_PATH=/home/ssfa/ros2_ws/install/t3_action_msg/lib:/home/ssfa/ros2_ws/install/turtlebot3_msgs/lib:/home/ssfa/ros2_ws/install/dynamixel_sdk/lib:/home/ssfa/ros2_ws/install/custom_interfaces/lib:/usr/lib/x86_64-linux-gnu/gazebo-11/plugins:/opt/ros/humble/opt/rviz_ogre_vendor/lib:/opt/ros/humble/lib/x86_64-linux-gnu:/opt/ros/humble/lib /usr/bin/cmake --install /home/ssfa/ros2_ws/build/turtlebot3_as
[6.924s] DEBUG:colcon.colcon_core.event_handler.log_command:Invoking command in '/home/ssfa/ros2_ws/build/custom_interface_example': CMAKE_PREFIX_PATH=/home/ssfa/ros2_ws/install/custom_interfaces:/home/ssfa/ros2_ws/install/turtlebot3:/home/ssfa/ros2_ws/install/turtlebot3_simulations:/home/ssfa/ros2_ws/install/turtlebot3_navigation2:/home/ssfa/ros2_ws/install/turtlebot3_msgs:/home/ssfa/ros2_ws/install/turtlebot3_gazebo:/home/ssfa/ros2_ws/install/turtlebot3_bringup:/home/ssfa/ros2_ws/install/turtlebot3_description:/home/ssfa/ros2_ws/install/turtlebot3_cartographer:/home/ssfa/ros2_ws/install/turtlebot3_as:/home/ssfa/ros2_ws/install/t3_action_msg:/home/ssfa/ros2_ws/install/dynamixel_sdk LD_LIBRARY_PATH=/home/ssfa/ros2_ws/install/custom_interfaces/lib:/home/ssfa/ros2_ws/install/turtlebot3_msgs/lib:/home/ssfa/ros2_ws/install/t3_action_msg/lib:/home/ssfa/ros2_ws/install/dynamixel_sdk/lib:/usr/lib/x86_64-linux-gnu/gazebo-11/plugins:/opt/ros/humble/opt/rviz_ogre_vendor/lib:/opt/ros/humble/lib/x86_64-linux-gnu:/opt/ros/humble/lib PYTHONPATH=/home/ssfa/ros2_ws/build/custom_interface_example/prefix_override:/usr/lib/python3/dist-packages/colcon_core/task/python/colcon_distutils_commands:/home/ssfa/ros2_ws/install/custom_interface_example/lib/python3.10/site-packages:${PYTHONPATH} /usr/bin/python3 -W ignore:setup.py install is deprecated setup.py develop --editable --build-directory /home/ssfa/ros2_ws/build/custom_interface_example/build --no-deps symlink_data
[6.931s] DEBUG:colcon.colcon_core.event_handler.log_command:Invoked command in '/home/ssfa/ros2_ws/build/turtlebot3_simulations' returned '0': CMAKE_PREFIX_PATH=/home/ssfa/ros2_ws/install/turtlebot3_gazebo:/home/ssfa/ros2_ws/install/turtlebot3_description:/home/ssfa/ros2_ws/install/turtlebot3:/home/ssfa/ros2_ws/install/turtlebot3_simulations:/home/ssfa/ros2_ws/install/turtlebot3_navigation2:/home/ssfa/ros2_ws/install/turtlebot3_msgs:/home/ssfa/ros2_ws/install/turtlebot3_bringup:/home/ssfa/ros2_ws/install/turtlebot3_cartographer:/home/ssfa/ros2_ws/install/turtlebot3_as:/home/ssfa/ros2_ws/install/t3_action_msg:/home/ssfa/ros2_ws/install/dynamixel_sdk:/home/ssfa/ros2_ws/install/custom_interfaces:/home/ssfa/ros2_ws/install/visionsensor:/home/ssfa/ros2_ws/install/turtlebot3_teleop:/home/ssfa/ros2_ws/install/turtlebot3_example:/home/ssfa/ros2_ws/install/topic_exercise:/home/ssfa/ros2_ws/install/subscriber_pkg:/home/ssfa/ros2_ws/install/services_pkg:/home/ssfa/ros2_ws/install/publisher_pkg:/home/ssfa/ros2_ws/install/opencv_tools:/home/ssfa/ros2_ws/install/my_package:/home/ssfa/ros2_ws/install/movement_pkg:/home/ssfa/ros2_ws/install/exercise_pkg:/home/ssfa/ros2_ws/install/custom_interface_example:/home/ssfa/ros2_ws/install/client_pkg:/opt/ros/humble /usr/bin/cmake --build /home/ssfa/ros2_ws/build/turtlebot3_simulations -- -j12 -l12
[6.956s] Level 1:colcon.colcon_core.environment:create_environment_scripts_only(turtlebot3_as)
[6.956s] Level 1:colcon.colcon_core.environment:checking '/home/ssfa/ros2_ws/install/turtlebot3_as' for CMake module files
[6.957s] DEBUG:colcon.colcon_core.event_handler.log_command:Invoked command in '/home/ssfa/ros2_ws/build/turtlebot3_as' returned '0': CMAKE_PREFIX_PATH=/home/ssfa/ros2_ws/install/t3_action_msg:/home/ssfa/ros2_ws/install/turtlebot3:/home/ssfa/ros2_ws/install/turtlebot3_simulations:/home/ssfa/ros2_ws/install/turtlebot3_navigation2:/home/ssfa/ros2_ws/install/turtlebot3_msgs:/home/ssfa/ros2_ws/install/turtlebot3_gazebo:/home/ssfa/ros2_ws/install/turtlebot3_bringup:/home/ssfa/ros2_ws/install/turtlebot3_description:/home/ssfa/ros2_ws/install/turtlebot3_cartographer:/home/ssfa/ros2_ws/install/turtlebot3_as:/home/ssfa/ros2_ws/install/dynamixel_sdk:/home/ssfa/ros2_ws/install/custom_interfaces:/home/ssfa/ros2_ws/install/visionsensor:/home/ssfa/ros2_ws/install/turtlebot3_teleop:/home/ssfa/ros2_ws/install/turtlebot3_example:/home/ssfa/ros2_ws/install/topic_exercise:/home/ssfa/ros2_ws/install/subscriber_pkg:/home/ssfa/ros2_ws/install/services_pkg:/home/ssfa/ros2_ws/install/publisher_pkg:/home/ssfa/ros2_ws/install/opencv_tools:/home/ssfa/ros2_ws/install/my_package:/home/ssfa/ros2_ws/install/movement_pkg:/home/ssfa/ros2_ws/install/exercise_pkg:/home/ssfa/ros2_ws/install/custom_interface_example:/home/ssfa/ros2_ws/install/client_pkg:/opt/ros/humble LD_LIBRARY_PATH=/home/ssfa/ros2_ws/install/t3_action_msg/lib:/home/ssfa/ros2_ws/install/turtlebot3_msgs/lib:/home/ssfa/ros2_ws/install/dynamixel_sdk/lib:/home/ssfa/ros2_ws/install/custom_interfaces/lib:/usr/lib/x86_64-linux-gnu/gazebo-11/plugins:/opt/ros/humble/opt/rviz_ogre_vendor/lib:/opt/ros/humble/lib/x86_64-linux-gnu:/opt/ros/humble/lib /usr/bin/cmake --install /home/ssfa/ros2_ws/build/turtlebot3_as
[6.958s] Level 1:colcon.colcon_core.environment:checking '/home/ssfa/ros2_ws/install/turtlebot3_as' for CMake config files
[6.959s] Level 1:colcon.colcon_core.shell:create_environment_hook('turtlebot3_as', 'cmake_prefix_path')
[6.959s] INFO:colcon.colcon_core.shell:Creating environment hook '/home/ssfa/ros2_ws/install/turtlebot3_as/share/turtlebot3_as/hook/cmake_prefix_path.ps1'
[6.960s] INFO:colcon.colcon_core.shell:Creating environment descriptor '/home/ssfa/ros2_ws/install/turtlebot3_as/share/turtlebot3_as/hook/cmake_prefix_path.dsv'
[6.961s] INFO:colcon.colcon_core.shell:Creating environment hook '/home/ssfa/ros2_ws/install/turtlebot3_as/share/turtlebot3_as/hook/cmake_prefix_path.sh'
[6.962s] Level 1:colcon.colcon_core.environment:checking '/home/ssfa/ros2_ws/install/turtlebot3_as/lib'
[6.962s] Level 1:colcon.colcon_core.environment:checking '/home/ssfa/ros2_ws/install/turtlebot3_as/bin'
[6.962s] Level 1:colcon.colcon_core.environment:checking '/home/ssfa/ros2_ws/install/turtlebot3_as/lib/pkgconfig/turtlebot3_as.pc'
[6.963s] Level 1:colcon.colcon_core.environment:checking '/home/ssfa/ros2_ws/install/turtlebot3_as/lib/python3.10/site-packages'
[6.963s] Level 1:colcon.colcon_core.environment:checking '/home/ssfa/ros2_ws/install/turtlebot3_as/bin'
[6.964s] INFO:colcon.colcon_core.shell:Creating package script '/home/ssfa/ros2_ws/install/turtlebot3_as/share/turtlebot3_as/package.ps1'
[6.965s] INFO:colcon.colcon_core.shell:Creating package descriptor '/home/ssfa/ros2_ws/install/turtlebot3_as/share/turtlebot3_as/package.dsv'
[6.966s] INFO:colcon.colcon_core.shell:Creating package script '/home/ssfa/ros2_ws/install/turtlebot3_as/share/turtlebot3_as/package.sh'
[6.967s] INFO:colcon.colcon_core.shell:Creating package script '/home/ssfa/ros2_ws/install/turtlebot3_as/share/turtlebot3_as/package.bash'
[6.968s] INFO:colcon.colcon_core.shell:Creating package script '/home/ssfa/ros2_ws/install/turtlebot3_as/share/turtlebot3_as/package.zsh'
[6.968s] Level 1:colcon.colcon_core.environment:create_file_with_runtime_dependencies(/home/ssfa/ros2_ws/install/turtlebot3_as/share/colcon-core/packages/turtlebot3_as)
[6.973s] DEBUG:colcon.colcon_core.event_handler.log_command:Invoking command in '/home/ssfa/ros2_ws/build/turtlebot3_simulations': CMAKE_PREFIX_PATH=/home/ssfa/ros2_ws/install/turtlebot3_gazebo:/home/ssfa/ros2_ws/install/turtlebot3_description:/home/ssfa/ros2_ws/install/turtlebot3:/home/ssfa/ros2_ws/install/turtlebot3_simulations:/home/ssfa/ros2_ws/install/turtlebot3_navigation2:/home/ssfa/ros2_ws/install/turtlebot3_msgs:/home/ssfa/ros2_ws/install/turtlebot3_bringup:/home/ssfa/ros2_ws/install/turtlebot3_cartographer:/home/ssfa/ros2_ws/install/turtlebot3_as:/home/ssfa/ros2_ws/install/t3_action_msg:/home/ssfa/ros2_ws/install/dynamixel_sdk:/home/ssfa/ros2_ws/install/custom_interfaces:/home/ssfa/ros2_ws/install/visionsensor:/home/ssfa/ros2_ws/install/turtlebot3_teleop:/home/ssfa/ros2_ws/install/turtlebot3_example:/home/ssfa/ros2_ws/install/topic_exercise:/home/ssfa/ros2_ws/install/subscriber_pkg:/home/ssfa/ros2_ws/install/services_pkg:/home/ssfa/ros2_ws/install/publisher_pkg:/home/ssfa/ros2_ws/install/opencv_tools:/home/ssfa/ros2_ws/install/my_package:/home/ssfa/ros2_ws/install/movement_pkg:/home/ssfa/ros2_ws/install/exercise_pkg:/home/ssfa/ros2_ws/install/custom_interface_example:/home/ssfa/ros2_ws/install/client_pkg:/opt/ros/humble /usr/bin/cmake --install /home/ssfa/ros2_ws/build/turtlebot3_simulations
[7.008s] Level 1:colcon.colcon_core.environment:create_environment_scripts_only(turtlebot3_as)
[7.008s] Level 1:colcon.colcon_core.environment:checking '/home/ssfa/ros2_ws/install/turtlebot3_as' for CMake module files
[7.009s] Level 1:colcon.colcon_core.environment:checking '/home/ssfa/ros2_ws/install/turtlebot3_as' for CMake config files
[7.009s] Level 1:colcon.colcon_core.shell:create_environment_hook('turtlebot3_as', 'cmake_prefix_path')
[7.009s] INFO:colcon.colcon_core.shell:Creating environment hook '/home/ssfa/ros2_ws/install/turtlebot3_as/share/turtlebot3_as/hook/cmake_prefix_path.ps1'
[7.010s] INFO:colcon.colcon_core.shell:Creating environment descriptor '/home/ssfa/ros2_ws/install/turtlebot3_as/share/turtlebot3_as/hook/cmake_prefix_path.dsv'
[7.011s] INFO:colcon.colcon_core.shell:Creating environment hook '/home/ssfa/ros2_ws/install/turtlebot3_as/share/turtlebot3_as/hook/cmake_prefix_path.sh'
[7.011s] Level 1:colcon.colcon_core.environment:checking '/home/ssfa/ros2_ws/install/turtlebot3_as/lib'
[7.011s] Level 1:colcon.colcon_core.environment:checking '/home/ssfa/ros2_ws/install/turtlebot3_as/bin'
[7.011s] Level 1:colcon.colcon_core.environment:checking '/home/ssfa/ros2_ws/install/turtlebot3_as/lib/pkgconfig/turtlebot3_as.pc'
[7.012s] Level 1:colcon.colcon_core.environment:checking '/home/ssfa/ros2_ws/install/turtlebot3_as/lib/python3.10/site-packages'
[7.012s] Level 1:colcon.colcon_core.environment:checking '/home/ssfa/ros2_ws/install/turtlebot3_as/bin'
[7.012s] INFO:colcon.colcon_core.shell:Creating package script '/home/ssfa/ros2_ws/install/turtlebot3_as/share/turtlebot3_as/package.ps1'
[7.013s] INFO:colcon.colcon_core.shell:Creating package descriptor '/home/ssfa/ros2_ws/install/turtlebot3_as/share/turtlebot3_as/package.dsv'
[7.014s] INFO:colcon.colcon_core.shell:Creating package script '/home/ssfa/ros2_ws/install/turtlebot3_as/share/turtlebot3_as/package.sh'
[7.014s] INFO:colcon.colcon_core.shell:Creating package script '/home/ssfa/ros2_ws/install/turtlebot3_as/share/turtlebot3_as/package.bash'
[7.015s] INFO:colcon.colcon_core.shell:Creating package script '/home/ssfa/ros2_ws/install/turtlebot3_as/share/turtlebot3_as/package.zsh'
[7.015s] Level 1:colcon.colcon_core.environment:create_file_with_runtime_dependencies(/home/ssfa/ros2_ws/install/turtlebot3_as/share/colcon-core/packages/turtlebot3_as)
[7.017s] Level 1:colcon.colcon_core.environment:create_environment_scripts_only(turtlebot3_simulations)
[7.018s] Level 1:colcon.colcon_core.environment:checking '/home/ssfa/ros2_ws/install/turtlebot3_simulations' for CMake module files
[7.019s] DEBUG:colcon.colcon_core.event_handler.log_command:Invoked command in '/home/ssfa/ros2_ws/build/turtlebot3_simulations' returned '0': CMAKE_PREFIX_PATH=/home/ssfa/ros2_ws/install/turtlebot3_gazebo:/home/ssfa/ros2_ws/install/turtlebot3_description:/home/ssfa/ros2_ws/install/turtlebot3:/home/ssfa/ros2_ws/install/turtlebot3_simulations:/home/ssfa/ros2_ws/install/turtlebot3_navigation2:/home/ssfa/ros2_ws/install/turtlebot3_msgs:/home/ssfa/ros2_ws/install/turtlebot3_bringup:/home/ssfa/ros2_ws/install/turtlebot3_cartographer:/home/ssfa/ros2_ws/install/turtlebot3_as:/home/ssfa/ros2_ws/install/t3_action_msg:/home/ssfa/ros2_ws/install/dynamixel_sdk:/home/ssfa/ros2_ws/install/custom_interfaces:/home/ssfa/ros2_ws/install/visionsensor:/home/ssfa/ros2_ws/install/turtlebot3_teleop:/home/ssfa/ros2_ws/install/turtlebot3_example:/home/ssfa/ros2_ws/install/topic_exercise:/home/ssfa/ros2_ws/install/subscriber_pkg:/home/ssfa/ros2_ws/install/services_pkg:/home/ssfa/ros2_ws/install/publisher_pkg:/home/ssfa/ros2_ws/install/opencv_tools:/home/ssfa/ros2_ws/install/my_package:/home/ssfa/ros2_ws/install/movement_pkg:/home/ssfa/ros2_ws/install/exercise_pkg:/home/ssfa/ros2_ws/install/custom_interface_example:/home/ssfa/ros2_ws/install/client_pkg:/opt/ros/humble /usr/bin/cmake --install /home/ssfa/ros2_ws/build/turtlebot3_simulations
[7.020s] Level 1:colcon.colcon_core.environment:checking '/home/ssfa/ros2_ws/install/turtlebot3_simulations' for CMake config files
[7.020s] Level 1:colcon.colcon_core.shell:create_environment_hook('turtlebot3_simulations', 'cmake_prefix_path')
[7.021s] INFO:colcon.colcon_core.shell:Creating environment hook '/home/ssfa/ros2_ws/install/turtlebot3_simulations/share/turtlebot3_simulations/hook/cmake_prefix_path.ps1'
[7.022s] INFO:colcon.colcon_core.shell:Creating environment descriptor '/home/ssfa/ros2_ws/install/turtlebot3_simulations/share/turtlebot3_simulations/hook/cmake_prefix_path.dsv'
[7.022s] INFO:colcon.colcon_core.shell:Creating environment hook '/home/ssfa/ros2_ws/install/turtlebot3_simulations/share/turtlebot3_simulations/hook/cmake_prefix_path.sh'
[7.023s] Level 1:colcon.colcon_core.environment:checking '/home/ssfa/ros2_ws/install/turtlebot3_simulations/bin'
[7.024s] Level 1:colcon.colcon_core.environment:checking '/home/ssfa/ros2_ws/install/turtlebot3_simulations/lib/pkgconfig/turtlebot3_simulations.pc'
[7.024s] Level 1:colcon.colcon_core.environment:checking '/home/ssfa/ros2_ws/install/turtlebot3_simulations/lib/python3.10/site-packages'
[7.025s] Level 1:colcon.colcon_core.environment:checking '/home/ssfa/ros2_ws/install/turtlebot3_simulations/bin'
[7.025s] INFO:colcon.colcon_core.shell:Creating package script '/home/ssfa/ros2_ws/install/turtlebot3_simulations/share/turtlebot3_simulations/package.ps1'
[7.026s] INFO:colcon.colcon_core.shell:Creating package descriptor '/home/ssfa/ros2_ws/install/turtlebot3_simulations/share/turtlebot3_simulations/package.dsv'
[7.027s] INFO:colcon.colcon_core.shell:Creating package script '/home/ssfa/ros2_ws/install/turtlebot3_simulations/share/turtlebot3_simulations/package.sh'
[7.028s] INFO:colcon.colcon_core.shell:Creating package script '/home/ssfa/ros2_ws/install/turtlebot3_simulations/share/turtlebot3_simulations/package.bash'
[7.028s] INFO:colcon.colcon_core.shell:Creating package script '/home/ssfa/ros2_ws/install/turtlebot3_simulations/share/turtlebot3_simulations/package.zsh'
[7.029s] Level 1:colcon.colcon_core.environment:create_file_with_runtime_dependencies(/home/ssfa/ros2_ws/install/turtlebot3_simulations/share/colcon-core/packages/turtlebot3_simulations)
[7.070s] Level 1:colcon.colcon_core.environment:create_environment_scripts_only(turtlebot3_simulations)
[7.071s] Level 1:colcon.colcon_core.environment:checking '/home/ssfa/ros2_ws/install/turtlebot3_simulations' for CMake module files
[7.072s] Level 1:colcon.colcon_core.environment:checking '/home/ssfa/ros2_ws/install/turtlebot3_simulations' for CMake config files
[7.072s] Level 1:colcon.colcon_core.shell:create_environment_hook('turtlebot3_simulations', 'cmake_prefix_path')
[7.073s] INFO:colcon.colcon_core.shell:Creating environment hook '/home/ssfa/ros2_ws/install/turtlebot3_simulations/share/turtlebot3_simulations/hook/cmake_prefix_path.ps1'
[7.073s] INFO:colcon.colcon_core.shell:Creating environment descriptor '/home/ssfa/ros2_ws/install/turtlebot3_simulations/share/turtlebot3_simulations/hook/cmake_prefix_path.dsv'
[7.074s] INFO:colcon.colcon_core.shell:Creating environment hook '/home/ssfa/ros2_ws/install/turtlebot3_simulations/share/turtlebot3_simulations/hook/cmake_prefix_path.sh'
[7.075s] Level 1:colcon.colcon_core.environment:checking '/home/ssfa/ros2_ws/install/turtlebot3_simulations/bin'
[7.075s] Level 1:colcon.colcon_core.environment:checking '/home/ssfa/ros2_ws/install/turtlebot3_simulations/lib/pkgconfig/turtlebot3_simulations.pc'
[7.076s] Level 1:colcon.colcon_core.environment:checking '/home/ssfa/ros2_ws/install/turtlebot3_simulations/lib/python3.10/site-packages'
[7.076s] Level 1:colcon.colcon_core.environment:checking '/home/ssfa/ros2_ws/install/turtlebot3_simulations/bin'
[7.077s] INFO:colcon.colcon_core.shell:Creating package script '/home/ssfa/ros2_ws/install/turtlebot3_simulations/share/turtlebot3_simulations/package.ps1'
[7.079s] INFO:colcon.colcon_core.shell:Creating package descriptor '/home/ssfa/ros2_ws/install/turtlebot3_simulations/share/turtlebot3_simulations/package.dsv'
[7.080s] INFO:colcon.colcon_core.shell:Creating package script '/home/ssfa/ros2_ws/install/turtlebot3_simulations/share/turtlebot3_simulations/package.sh'
[7.081s] INFO:colcon.colcon_core.shell:Creating package script '/home/ssfa/ros2_ws/install/turtlebot3_simulations/share/turtlebot3_simulations/package.bash'
[7.082s] INFO:colcon.colcon_core.shell:Creating package script '/home/ssfa/ros2_ws/install/turtlebot3_simulations/share/turtlebot3_simulations/package.zsh'
[7.083s] Level 1:colcon.colcon_core.environment:create_file_with_runtime_dependencies(/home/ssfa/ros2_ws/install/turtlebot3_simulations/share/colcon-core/packages/turtlebot3_simulations)
[7.095s] DEBUG:colcon.colcon_core.event_handler.log_command:Invoking command in '/home/ssfa/ros2_ws/build/movement_pkg': CMAKE_PREFIX_PATH=/home/ssfa/ros2_ws/install/custom_interfaces:/home/ssfa/ros2_ws/install/turtlebot3:/home/ssfa/ros2_ws/install/turtlebot3_simulations:/home/ssfa/ros2_ws/install/turtlebot3_navigation2:/home/ssfa/ros2_ws/install/turtlebot3_msgs:/home/ssfa/ros2_ws/install/turtlebot3_gazebo:/home/ssfa/ros2_ws/install/turtlebot3_bringup:/home/ssfa/ros2_ws/install/turtlebot3_description:/home/ssfa/ros2_ws/install/turtlebot3_cartographer:/home/ssfa/ros2_ws/install/turtlebot3_as:/home/ssfa/ros2_ws/install/t3_action_msg:/home/ssfa/ros2_ws/install/dynamixel_sdk LD_LIBRARY_PATH=/home/ssfa/ros2_ws/install/custom_interfaces/lib:/home/ssfa/ros2_ws/install/turtlebot3_msgs/lib:/home/ssfa/ros2_ws/install/t3_action_msg/lib:/home/ssfa/ros2_ws/install/dynamixel_sdk/lib:/usr/lib/x86_64-linux-gnu/gazebo-11/plugins:/opt/ros/humble/opt/rviz_ogre_vendor/lib:/opt/ros/humble/lib/x86_64-linux-gnu:/opt/ros/humble/lib PYTHONPATH=/home/ssfa/ros2_ws/build/movement_pkg/prefix_override:/usr/lib/python3/dist-packages/colcon_core/task/python/colcon_distutils_commands:/home/ssfa/ros2_ws/install/movement_pkg/lib/python3.10/site-packages:${PYTHONPATH} /usr/bin/python3 -W ignore:setup.py install is deprecated setup.py develop --editable --build-directory /home/ssfa/ros2_ws/build/movement_pkg/build --no-deps symlink_data
[7.413s] DEBUG:colcon.colcon_core.event_handler.log_command:Invoking command in '/home/ssfa/ros2_ws/build/turtlebot3_example': CMAKE_PREFIX_PATH=/home/ssfa/ros2_ws/install/turtlebot3_msgs:/home/ssfa/ros2_ws/install/turtlebot3:/home/ssfa/ros2_ws/install/turtlebot3_simulations:/home/ssfa/ros2_ws/install/turtlebot3_navigation2:/home/ssfa/ros2_ws/install/turtlebot3_gazebo:/home/ssfa/ros2_ws/install/turtlebot3_bringup:/home/ssfa/ros2_ws/install/turtlebot3_description:/home/ssfa/ros2_ws/install/turtlebot3_cartographer:/home/ssfa/ros2_ws/install/turtlebot3_as:/home/ssfa/ros2_ws/install/t3_action_msg:/home/ssfa/ros2_ws/install/dynamixel_sdk:/home/ssfa/ros2_ws/install/custom_interfaces PYTHONPATH=/home/ssfa/ros2_ws/build/turtlebot3_example/prefix_override:/usr/lib/python3/dist-packages/colcon_core/task/python/colcon_distutils_commands:/home/ssfa/ros2_ws/install/turtlebot3_example/lib/python3.10/site-packages:${PYTHONPATH} /usr/bin/python3 -W ignore:setup.py install is deprecated setup.py develop --editable --build-directory /home/ssfa/ros2_ws/build/turtlebot3_example/build --no-deps symlink_data
[7.551s] Level 1:colcon.colcon_core.shell:create_environment_hook('subscriber_pkg', 'pythonpath_develop')
[7.551s] INFO:colcon.colcon_core.shell:Creating environment hook '/home/ssfa/ros2_ws/build/subscriber_pkg/share/subscriber_pkg/hook/pythonpath_develop.ps1'
[7.552s] DEBUG:colcon.colcon_core.event_handler.log_command:Invoked command in '/home/ssfa/ros2_ws/build/subscriber_pkg' returned '0': PYTHONPATH=/home/ssfa/ros2_ws/build/subscriber_pkg/prefix_override:/usr/lib/python3/dist-packages/colcon_core/task/python/colcon_distutils_commands:/home/ssfa/ros2_ws/install/subscriber_pkg/lib/python3.10/site-packages:${PYTHONPATH} /usr/bin/python3 -W ignore:setup.py install is deprecated setup.py develop --editable --build-directory /home/ssfa/ros2_ws/build/subscriber_pkg/build --no-deps symlink_data
[7.553s] INFO:colcon.colcon_core.shell:Creating environment descriptor '/home/ssfa/ros2_ws/build/subscriber_pkg/share/subscriber_pkg/hook/pythonpath_develop.dsv'
[7.553s] INFO:colcon.colcon_core.shell:Creating environment hook '/home/ssfa/ros2_ws/build/subscriber_pkg/share/subscriber_pkg/hook/pythonpath_develop.sh'
[7.554s] Level 1:colcon.colcon_core.environment:checking '/home/ssfa/ros2_ws/install/subscriber_pkg' for CMake module files
[7.556s] Level 1:colcon.colcon_core.environment:checking '/home/ssfa/ros2_ws/install/subscriber_pkg' for CMake config files
[7.557s] Level 1:colcon.colcon_core.environment:checking '/home/ssfa/ros2_ws/install/subscriber_pkg/lib'
[7.557s] Level 1:colcon.colcon_core.environment:checking '/home/ssfa/ros2_ws/install/subscriber_pkg/bin'
[7.557s] Level 1:colcon.colcon_core.environment:checking '/home/ssfa/ros2_ws/install/subscriber_pkg/lib/pkgconfig/subscriber_pkg.pc'
[7.558s] Level 1:colcon.colcon_core.environment:checking '/home/ssfa/ros2_ws/install/subscriber_pkg/lib/python3.10/site-packages'
[7.558s] Level 1:colcon.colcon_core.shell:create_environment_hook('subscriber_pkg', 'pythonpath')
[7.558s] INFO:colcon.colcon_core.shell:Creating environment hook '/home/ssfa/ros2_ws/install/subscriber_pkg/share/subscriber_pkg/hook/pythonpath.ps1'
[7.560s] INFO:colcon.colcon_core.shell:Creating environment descriptor '/home/ssfa/ros2_ws/install/subscriber_pkg/share/subscriber_pkg/hook/pythonpath.dsv'
[7.560s] INFO:colcon.colcon_core.shell:Creating environment hook '/home/ssfa/ros2_ws/install/subscriber_pkg/share/subscriber_pkg/hook/pythonpath.sh'
[7.562s] Level 1:colcon.colcon_core.environment:checking '/home/ssfa/ros2_ws/install/subscriber_pkg/bin'
[7.562s] Level 1:colcon.colcon_core.environment:create_environment_scripts_only(subscriber_pkg)
[7.563s] INFO:colcon.colcon_core.shell:Creating package script '/home/ssfa/ros2_ws/install/subscriber_pkg/share/subscriber_pkg/package.ps1'
[7.564s] INFO:colcon.colcon_core.shell:Creating package descriptor '/home/ssfa/ros2_ws/install/subscriber_pkg/share/subscriber_pkg/package.dsv'
[7.565s] INFO:colcon.colcon_core.shell:Creating package script '/home/ssfa/ros2_ws/install/subscriber_pkg/share/subscriber_pkg/package.sh'
[7.566s] INFO:colcon.colcon_core.shell:Creating package script '/home/ssfa/ros2_ws/install/subscriber_pkg/share/subscriber_pkg/package.bash'
[7.567s] INFO:colcon.colcon_core.shell:Creating package script '/home/ssfa/ros2_ws/install/subscriber_pkg/share/subscriber_pkg/package.zsh'
[7.567s] Level 1:colcon.colcon_core.environment:create_file_with_runtime_dependencies(/home/ssfa/ros2_ws/install/subscriber_pkg/share/colcon-core/packages/subscriber_pkg)
[7.639s] Level 1:colcon.colcon_core.shell:create_environment_hook('custom_interface_example', 'pythonpath_develop')
[7.640s] INFO:colcon.colcon_core.shell:Creating environment hook '/home/ssfa/ros2_ws/build/custom_interface_example/share/custom_interface_example/hook/pythonpath_develop.ps1'
[7.641s] DEBUG:colcon.colcon_core.event_handler.log_command:Invoked command in '/home/ssfa/ros2_ws/build/custom_interface_example' returned '0': CMAKE_PREFIX_PATH=/home/ssfa/ros2_ws/install/custom_interfaces:/home/ssfa/ros2_ws/install/turtlebot3:/home/ssfa/ros2_ws/install/turtlebot3_simulations:/home/ssfa/ros2_ws/install/turtlebot3_navigation2:/home/ssfa/ros2_ws/install/turtlebot3_msgs:/home/ssfa/ros2_ws/install/turtlebot3_gazebo:/home/ssfa/ros2_ws/install/turtlebot3_bringup:/home/ssfa/ros2_ws/install/turtlebot3_description:/home/ssfa/ros2_ws/install/turtlebot3_cartographer:/home/ssfa/ros2_ws/install/turtlebot3_as:/home/ssfa/ros2_ws/install/t3_action_msg:/home/ssfa/ros2_ws/install/dynamixel_sdk LD_LIBRARY_PATH=/home/ssfa/ros2_ws/install/custom_interfaces/lib:/home/ssfa/ros2_ws/install/turtlebot3_msgs/lib:/home/ssfa/ros2_ws/install/t3_action_msg/lib:/home/ssfa/ros2_ws/install/dynamixel_sdk/lib:/usr/lib/x86_64-linux-gnu/gazebo-11/plugins:/opt/ros/humble/opt/rviz_ogre_vendor/lib:/opt/ros/humble/lib/x86_64-linux-gnu:/opt/ros/humble/lib PYTHONPATH=/home/ssfa/ros2_ws/build/custom_interface_example/prefix_override:/usr/lib/python3/dist-packages/colcon_core/task/python/colcon_distutils_commands:/home/ssfa/ros2_ws/install/custom_interface_example/lib/python3.10/site-packages:${PYTHONPATH} /usr/bin/python3 -W ignore:setup.py install is deprecated setup.py develop --editable --build-directory /home/ssfa/ros2_ws/build/custom_interface_example/build --no-deps symlink_data
[7.641s] INFO:colcon.colcon_core.shell:Creating environment descriptor '/home/ssfa/ros2_ws/build/custom_interface_example/share/custom_interface_example/hook/pythonpath_develop.dsv'
[7.642s] INFO:colcon.colcon_core.shell:Creating environment hook '/home/ssfa/ros2_ws/build/custom_interface_example/share/custom_interface_example/hook/pythonpath_develop.sh'
[7.643s] Level 1:colcon.colcon_core.environment:checking '/home/ssfa/ros2_ws/install/custom_interface_example' for CMake module files
[7.644s] Level 1:colcon.colcon_core.environment:checking '/home/ssfa/ros2_ws/install/custom_interface_example' for CMake config files
[7.645s] Level 1:colcon.colcon_core.environment:checking '/home/ssfa/ros2_ws/install/custom_interface_example/lib'
[7.645s] Level 1:colcon.colcon_core.environment:checking '/home/ssfa/ros2_ws/install/custom_interface_example/bin'
[7.645s] Level 1:colcon.colcon_core.environment:checking '/home/ssfa/ros2_ws/install/custom_interface_example/lib/pkgconfig/custom_interface_example.pc'
[7.645s] Level 1:colcon.colcon_core.environment:checking '/home/ssfa/ros2_ws/install/custom_interface_example/lib/python3.10/site-packages'
[7.645s] Level 1:colcon.colcon_core.shell:create_environment_hook('custom_interface_example', 'pythonpath')
[7.646s] INFO:colcon.colcon_core.shell:Creating environment hook '/home/ssfa/ros2_ws/install/custom_interface_example/share/custom_interface_example/hook/pythonpath.ps1'
[7.646s] INFO:colcon.colcon_core.shell:Creating environment descriptor '/home/ssfa/ros2_ws/install/custom_interface_example/share/custom_interface_example/hook/pythonpath.dsv'
[7.647s] INFO:colcon.colcon_core.shell:Creating environment hook '/home/ssfa/ros2_ws/install/custom_interface_example/share/custom_interface_example/hook/pythonpath.sh'
[7.647s] Level 1:colcon.colcon_core.environment:checking '/home/ssfa/ros2_ws/install/custom_interface_example/bin'
[7.647s] Level 1:colcon.colcon_core.environment:create_environment_scripts_only(custom_interface_example)
[7.648s] INFO:colcon.colcon_core.shell:Creating package script '/home/ssfa/ros2_ws/install/custom_interface_example/share/custom_interface_example/package.ps1'
[7.649s] INFO:colcon.colcon_core.shell:Creating package descriptor '/home/ssfa/ros2_ws/install/custom_interface_example/share/custom_interface_example/package.dsv'
[7.650s] INFO:colcon.colcon_core.shell:Creating package script '/home/ssfa/ros2_ws/install/custom_interface_example/share/custom_interface_example/package.sh'
[7.651s] INFO:colcon.colcon_core.shell:Creating package script '/home/ssfa/ros2_ws/install/custom_interface_example/share/custom_interface_example/package.bash'
[7.652s] INFO:colcon.colcon_core.shell:Creating package script '/home/ssfa/ros2_ws/install/custom_interface_example/share/custom_interface_example/package.zsh'
[7.652s] Level 1:colcon.colcon_core.environment:create_file_with_runtime_dependencies(/home/ssfa/ros2_ws/install/custom_interface_example/share/colcon-core/packages/custom_interface_example)
[7.769s] Level 1:colcon.colcon_core.shell:create_environment_hook('movement_pkg', 'pythonpath_develop')
[7.770s] INFO:colcon.colcon_core.shell:Creating environment hook '/home/ssfa/ros2_ws/build/movement_pkg/share/movement_pkg/hook/pythonpath_develop.ps1'
[7.771s] DEBUG:colcon.colcon_core.event_handler.log_command:Invoked command in '/home/ssfa/ros2_ws/build/movement_pkg' returned '0': CMAKE_PREFIX_PATH=/home/ssfa/ros2_ws/install/custom_interfaces:/home/ssfa/ros2_ws/install/turtlebot3:/home/ssfa/ros2_ws/install/turtlebot3_simulations:/home/ssfa/ros2_ws/install/turtlebot3_navigation2:/home/ssfa/ros2_ws/install/turtlebot3_msgs:/home/ssfa/ros2_ws/install/turtlebot3_gazebo:/home/ssfa/ros2_ws/install/turtlebot3_bringup:/home/ssfa/ros2_ws/install/turtlebot3_description:/home/ssfa/ros2_ws/install/turtlebot3_cartographer:/home/ssfa/ros2_ws/install/turtlebot3_as:/home/ssfa/ros2_ws/install/t3_action_msg:/home/ssfa/ros2_ws/install/dynamixel_sdk LD_LIBRARY_PATH=/home/ssfa/ros2_ws/install/custom_interfaces/lib:/home/ssfa/ros2_ws/install/turtlebot3_msgs/lib:/home/ssfa/ros2_ws/install/t3_action_msg/lib:/home/ssfa/ros2_ws/install/dynamixel_sdk/lib:/usr/lib/x86_64-linux-gnu/gazebo-11/plugins:/opt/ros/humble/opt/rviz_ogre_vendor/lib:/opt/ros/humble/lib/x86_64-linux-gnu:/opt/ros/humble/lib PYTHONPATH=/home/ssfa/ros2_ws/build/movement_pkg/prefix_override:/usr/lib/python3/dist-packages/colcon_core/task/python/colcon_distutils_commands:/home/ssfa/ros2_ws/install/movement_pkg/lib/python3.10/site-packages:${PYTHONPATH} /usr/bin/python3 -W ignore:setup.py install is deprecated setup.py develop --editable --build-directory /home/ssfa/ros2_ws/build/movement_pkg/build --no-deps symlink_data
[7.772s] INFO:colcon.colcon_core.shell:Creating environment descriptor '/home/ssfa/ros2_ws/build/movement_pkg/share/movement_pkg/hook/pythonpath_develop.dsv'
[7.772s] INFO:colcon.colcon_core.shell:Creating environment hook '/home/ssfa/ros2_ws/build/movement_pkg/share/movement_pkg/hook/pythonpath_develop.sh'
[7.773s] Level 1:colcon.colcon_core.environment:checking '/home/ssfa/ros2_ws/install/movement_pkg' for CMake module files
[7.775s] Level 1:colcon.colcon_core.environment:checking '/home/ssfa/ros2_ws/install/movement_pkg' for CMake config files
[7.776s] Level 1:colcon.colcon_core.environment:checking '/home/ssfa/ros2_ws/install/movement_pkg/lib'
[7.776s] Level 1:colcon.colcon_core.environment:checking '/home/ssfa/ros2_ws/install/movement_pkg/bin'
[7.776s] Level 1:colcon.colcon_core.environment:checking '/home/ssfa/ros2_ws/install/movement_pkg/lib/pkgconfig/movement_pkg.pc'
[7.777s] Level 1:colcon.colcon_core.environment:checking '/home/ssfa/ros2_ws/install/movement_pkg/lib/python3.10/site-packages'
[7.777s] Level 1:colcon.colcon_core.shell:create_environment_hook('movement_pkg', 'pythonpath')
[7.777s] INFO:colcon.colcon_core.shell:Creating environment hook '/home/ssfa/ros2_ws/install/movement_pkg/share/movement_pkg/hook/pythonpath.ps1'
[7.778s] INFO:colcon.colcon_core.shell:Creating environment descriptor '/home/ssfa/ros2_ws/install/movement_pkg/share/movement_pkg/hook/pythonpath.dsv'
[7.779s] INFO:colcon.colcon_core.shell:Creating environment hook '/home/ssfa/ros2_ws/install/movement_pkg/share/movement_pkg/hook/pythonpath.sh'
[7.780s] Level 1:colcon.colcon_core.environment:checking '/home/ssfa/ros2_ws/install/movement_pkg/bin'
[7.780s] Level 1:colcon.colcon_core.environment:create_environment_scripts_only(movement_pkg)
[7.781s] INFO:colcon.colcon_core.shell:Creating package script '/home/ssfa/ros2_ws/install/movement_pkg/share/movement_pkg/package.ps1'
[7.782s] INFO:colcon.colcon_core.shell:Creating package descriptor '/home/ssfa/ros2_ws/install/movement_pkg/share/movement_pkg/package.dsv'
[7.783s] INFO:colcon.colcon_core.shell:Creating package script '/home/ssfa/ros2_ws/install/movement_pkg/share/movement_pkg/package.sh'
[7.783s] INFO:colcon.colcon_core.shell:Creating package script '/home/ssfa/ros2_ws/install/movement_pkg/share/movement_pkg/package.bash'
[7.784s] INFO:colcon.colcon_core.shell:Creating package script '/home/ssfa/ros2_ws/install/movement_pkg/share/movement_pkg/package.zsh'
[7.784s] Level 1:colcon.colcon_core.environment:create_file_with_runtime_dependencies(/home/ssfa/ros2_ws/install/movement_pkg/share/colcon-core/packages/movement_pkg)
[7.786s] Level 1:colcon.colcon_core.shell:create_environment_hook('topic_exercise', 'pythonpath_develop')
[7.786s] INFO:colcon.colcon_core.shell:Creating environment hook '/home/ssfa/ros2_ws/build/topic_exercise/share/topic_exercise/hook/pythonpath_develop.ps1'
[7.787s] DEBUG:colcon.colcon_core.event_handler.log_command:Invoked command in '/home/ssfa/ros2_ws/build/topic_exercise' returned '0': PYTHONPATH=/home/ssfa/ros2_ws/build/topic_exercise/prefix_override:/usr/lib/python3/dist-packages/colcon_core/task/python/colcon_distutils_commands:/home/ssfa/ros2_ws/install/topic_exercise/lib/python3.10/site-packages:${PYTHONPATH} /usr/bin/python3 -W ignore:setup.py install is deprecated setup.py develop --editable --build-directory /home/ssfa/ros2_ws/build/topic_exercise/build --no-deps symlink_data
[7.788s] INFO:colcon.colcon_core.shell:Creating environment descriptor '/home/ssfa/ros2_ws/build/topic_exercise/share/topic_exercise/hook/pythonpath_develop.dsv'
[7.788s] INFO:colcon.colcon_core.shell:Creating environment hook '/home/ssfa/ros2_ws/build/topic_exercise/share/topic_exercise/hook/pythonpath_develop.sh'
[7.789s] Level 1:colcon.colcon_core.environment:checking '/home/ssfa/ros2_ws/install/topic_exercise' for CMake module files
[7.789s] Level 1:colcon.colcon_core.environment:checking '/home/ssfa/ros2_ws/install/topic_exercise' for CMake config files
[7.790s] Level 1:colcon.colcon_core.environment:checking '/home/ssfa/ros2_ws/install/topic_exercise/lib'
[7.790s] Level 1:colcon.colcon_core.environment:checking '/home/ssfa/ros2_ws/install/topic_exercise/bin'
[7.790s] Level 1:colcon.colcon_core.environment:checking '/home/ssfa/ros2_ws/install/topic_exercise/lib/pkgconfig/topic_exercise.pc'
[7.791s] Level 1:colcon.colcon_core.environment:checking '/home/ssfa/ros2_ws/install/topic_exercise/lib/python3.10/site-packages'
[7.791s] Level 1:colcon.colcon_core.shell:create_environment_hook('topic_exercise', 'pythonpath')
[7.791s] INFO:colcon.colcon_core.shell:Creating environment hook '/home/ssfa/ros2_ws/install/topic_exercise/share/topic_exercise/hook/pythonpath.ps1'
[7.791s] INFO:colcon.colcon_core.shell:Creating environment descriptor '/home/ssfa/ros2_ws/install/topic_exercise/share/topic_exercise/hook/pythonpath.dsv'
[7.792s] INFO:colcon.colcon_core.shell:Creating environment hook '/home/ssfa/ros2_ws/install/topic_exercise/share/topic_exercise/hook/pythonpath.sh'
[7.792s] Level 1:colcon.colcon_core.environment:checking '/home/ssfa/ros2_ws/install/topic_exercise/bin'
[7.792s] Level 1:colcon.colcon_core.environment:create_environment_scripts_only(topic_exercise)
[7.793s] INFO:colcon.colcon_core.shell:Creating package script '/home/ssfa/ros2_ws/install/topic_exercise/share/topic_exercise/package.ps1'
[7.793s] INFO:colcon.colcon_core.shell:Creating package descriptor '/home/ssfa/ros2_ws/install/topic_exercise/share/topic_exercise/package.dsv'
[7.794s] INFO:colcon.colcon_core.shell:Creating package script '/home/ssfa/ros2_ws/install/topic_exercise/share/topic_exercise/package.sh'
[7.794s] INFO:colcon.colcon_core.shell:Creating package script '/home/ssfa/ros2_ws/install/topic_exercise/share/topic_exercise/package.bash'
[7.794s] INFO:colcon.colcon_core.shell:Creating package script '/home/ssfa/ros2_ws/install/topic_exercise/share/topic_exercise/package.zsh'
[7.795s] Level 1:colcon.colcon_core.environment:create_file_with_runtime_dependencies(/home/ssfa/ros2_ws/install/topic_exercise/share/colcon-core/packages/topic_exercise)
[8.039s] Level 1:colcon.colcon_core.shell:create_environment_hook('turtlebot3_example', 'pythonpath_develop')
[8.040s] DEBUG:colcon.colcon_core.event_handler.log_command:Invoked command in '/home/ssfa/ros2_ws/build/turtlebot3_example' returned '0': CMAKE_PREFIX_PATH=/home/ssfa/ros2_ws/install/turtlebot3_msgs:/home/ssfa/ros2_ws/install/turtlebot3:/home/ssfa/ros2_ws/install/turtlebot3_simulations:/home/ssfa/ros2_ws/install/turtlebot3_navigation2:/home/ssfa/ros2_ws/install/turtlebot3_gazebo:/home/ssfa/ros2_ws/install/turtlebot3_bringup:/home/ssfa/ros2_ws/install/turtlebot3_description:/home/ssfa/ros2_ws/install/turtlebot3_cartographer:/home/ssfa/ros2_ws/install/turtlebot3_as:/home/ssfa/ros2_ws/install/t3_action_msg:/home/ssfa/ros2_ws/install/dynamixel_sdk:/home/ssfa/ros2_ws/install/custom_interfaces PYTHONPATH=/home/ssfa/ros2_ws/build/turtlebot3_example/prefix_override:/usr/lib/python3/dist-packages/colcon_core/task/python/colcon_distutils_commands:/home/ssfa/ros2_ws/install/turtlebot3_example/lib/python3.10/site-packages:${PYTHONPATH} /usr/bin/python3 -W ignore:setup.py install is deprecated setup.py develop --editable --build-directory /home/ssfa/ros2_ws/build/turtlebot3_example/build --no-deps symlink_data
[8.041s] INFO:colcon.colcon_core.shell:Creating environment hook '/home/ssfa/ros2_ws/build/turtlebot3_example/share/turtlebot3_example/hook/pythonpath_develop.ps1'
[8.042s] INFO:colcon.colcon_core.shell:Creating environment descriptor '/home/ssfa/ros2_ws/build/turtlebot3_example/share/turtlebot3_example/hook/pythonpath_develop.dsv'
[8.043s] INFO:colcon.colcon_core.shell:Creating environment hook '/home/ssfa/ros2_ws/build/turtlebot3_example/share/turtlebot3_example/hook/pythonpath_develop.sh'
[8.043s] Level 1:colcon.colcon_core.environment:checking '/home/ssfa/ros2_ws/install/turtlebot3_example' for CMake module files
[8.044s] Level 1:colcon.colcon_core.environment:checking '/home/ssfa/ros2_ws/install/turtlebot3_example' for CMake config files
[8.044s] Level 1:colcon.colcon_core.environment:checking '/home/ssfa/ros2_ws/install/turtlebot3_example/lib'
[8.044s] Level 1:colcon.colcon_core.environment:checking '/home/ssfa/ros2_ws/install/turtlebot3_example/bin'
[8.045s] Level 1:colcon.colcon_core.environment:checking '/home/ssfa/ros2_ws/install/turtlebot3_example/lib/pkgconfig/turtlebot3_example.pc'
[8.045s] Level 1:colcon.colcon_core.environment:checking '/home/ssfa/ros2_ws/install/turtlebot3_example/lib/python3.10/site-packages'
[8.045s] Level 1:colcon.colcon_core.shell:create_environment_hook('turtlebot3_example', 'pythonpath')
[8.045s] INFO:colcon.colcon_core.shell:Creating environment hook '/home/ssfa/ros2_ws/install/turtlebot3_example/share/turtlebot3_example/hook/pythonpath.ps1'
[8.046s] INFO:colcon.colcon_core.shell:Creating environment descriptor '/home/ssfa/ros2_ws/install/turtlebot3_example/share/turtlebot3_example/hook/pythonpath.dsv'
[8.046s] INFO:colcon.colcon_core.shell:Creating environment hook '/home/ssfa/ros2_ws/install/turtlebot3_example/share/turtlebot3_example/hook/pythonpath.sh'
[8.047s] Level 1:colcon.colcon_core.environment:checking '/home/ssfa/ros2_ws/install/turtlebot3_example/bin'
[8.047s] Level 1:colcon.colcon_core.environment:create_environment_scripts_only(turtlebot3_example)
[8.047s] INFO:colcon.colcon_core.shell:Creating package script '/home/ssfa/ros2_ws/install/turtlebot3_example/share/turtlebot3_example/package.ps1'
[8.048s] INFO:colcon.colcon_core.shell:Creating package descriptor '/home/ssfa/ros2_ws/install/turtlebot3_example/share/turtlebot3_example/package.dsv'
[8.048s] INFO:colcon.colcon_core.shell:Creating package script '/home/ssfa/ros2_ws/install/turtlebot3_example/share/turtlebot3_example/package.sh'
[8.049s] INFO:colcon.colcon_core.shell:Creating package script '/home/ssfa/ros2_ws/install/turtlebot3_example/share/turtlebot3_example/package.bash'
[8.049s] INFO:colcon.colcon_core.shell:Creating package script '/home/ssfa/ros2_ws/install/turtlebot3_example/share/turtlebot3_example/package.zsh'
[8.049s] Level 1:colcon.colcon_core.environment:create_file_with_runtime_dependencies(/home/ssfa/ros2_ws/install/turtlebot3_example/share/colcon-core/packages/turtlebot3_example)
[8.049s] INFO:colcon.colcon_ros.task.ament_cmake.build:Building ROS package in '/home/ssfa/ros2_ws/src/t3/turtlebot3/turtlebot3/turtlebot3' with build type 'ament_cmake'
[8.050s] INFO:colcon.colcon_cmake.task.cmake.build:Building CMake package in '/home/ssfa/ros2_ws/src/t3/turtlebot3/turtlebot3/turtlebot3'
[8.050s] INFO:colcon.colcon_core.shell:Skip shell extension 'powershell' for command environment: Not usable outside of PowerShell
[8.050s] DEBUG:colcon.colcon_core.shell:Skip shell extension 'dsv' for command environment
[8.075s] DEBUG:colcon.colcon_core.event_handler.log_command:Invoking command in '/home/ssfa/ros2_ws/build/turtlebot3': AMENT_PREFIX_PATH=/home/ssfa/ros2_ws/install/turtlebot3_example:/home/ssfa/ros2_ws/install/turtlebot3_teleop:/home/ssfa/ros2_ws/install/visionsensor:/home/ssfa/ros2_ws/install/turtlebot3:/home/ssfa/ros2_ws/install/turtlebot3_simulations:/home/ssfa/ros2_ws/install/turtlebot3_navigation2:/home/ssfa/ros2_ws/install/turtlebot3_msgs:/home/ssfa/ros2_ws/install/turtlebot3_gazebo:/home/ssfa/ros2_ws/install/turtlebot3_bringup:/home/ssfa/ros2_ws/install/turtlebot3_description:/home/ssfa/ros2_ws/install/turtlebot3_cartographer:/home/ssfa/ros2_ws/install/turtlebot3_as:/home/ssfa/ros2_ws/install/topic_exercise:/home/ssfa/ros2_ws/install/t3_action_msg:/home/ssfa/ros2_ws/install/subscriber_pkg:/home/ssfa/ros2_ws/install/services_pkg:/home/ssfa/ros2_ws/install/publisher_pkg:/home/ssfa/ros2_ws/install/opencv_tools:/home/ssfa/ros2_ws/install/my_package:/home/ssfa/ros2_ws/install/movement_pkg:/home/ssfa/ros2_ws/install/exercise_pkg:/home/ssfa/ros2_ws/install/dynamixel_sdk:/home/ssfa/ros2_ws/install/custom_interface_example:/home/ssfa/ros2_ws/install/custom_interfaces:/home/ssfa/ros2_ws/install/client_pkg:/opt/ros/humble CMAKE_PREFIX_PATH=/home/ssfa/ros2_ws/install/turtlebot3_bringup:/home/ssfa/ros2_ws/install/turtlebot3_navigation2:/home/ssfa/ros2_ws/install/turtlebot3_msgs:/home/ssfa/ros2_ws/install/turtlebot3_description:/home/ssfa/ros2_ws/install/turtlebot3_cartographer:/home/ssfa/ros2_ws/install/turtlebot3:/home/ssfa/ros2_ws/install/turtlebot3_simulations:/home/ssfa/ros2_ws/install/turtlebot3_gazebo:/home/ssfa/ros2_ws/install/turtlebot3_as:/home/ssfa/ros2_ws/install/t3_action_msg:/home/ssfa/ros2_ws/install/dynamixel_sdk:/home/ssfa/ros2_ws/install/custom_interfaces:/home/ssfa/ros2_ws/install/visionsensor:/home/ssfa/ros2_ws/install/turtlebot3_teleop:/home/ssfa/ros2_ws/install/turtlebot3_example:/home/ssfa/ros2_ws/install/topic_exercise:/home/ssfa/ros2_ws/install/subscriber_pkg:/home/ssfa/ros2_ws/install/services_pkg:/home/ssfa/ros2_ws/install/publisher_pkg:/home/ssfa/ros2_ws/install/opencv_tools:/home/ssfa/ros2_ws/install/my_package:/home/ssfa/ros2_ws/install/movement_pkg:/home/ssfa/ros2_ws/install/exercise_pkg:/home/ssfa/ros2_ws/install/custom_interface_example:/home/ssfa/ros2_ws/install/client_pkg:/opt/ros/humble PYTHONPATH=/home/ssfa/ros2_ws/build/turtlebot3_example:/home/ssfa/ros2_ws/install/turtlebot3_example/lib/python3.10/site-packages:/home/ssfa/ros2_ws/build/turtlebot3_teleop:/home/ssfa/ros2_ws/install/turtlebot3_teleop/lib/python3.10/site-packages:/home/ssfa/ros2_ws/build/visionsensor:/home/ssfa/ros2_ws/install/visionsensor/lib/python3.10/site-packages:/home/ssfa/ros2_ws/install/turtlebot3_msgs/local/lib/python3.10/dist-packages:/home/ssfa/ros2_ws/build/topic_exercise:/home/ssfa/ros2_ws/install/topic_exercise/lib/python3.10/site-packages:/home/ssfa/ros2_ws/install/t3_action_msg/local/lib/python3.10/dist-packages:/home/ssfa/ros2_ws/build/subscriber_pkg:/home/ssfa/ros2_ws/install/subscriber_pkg/lib/python3.10/site-packages:/home/ssfa/ros2_ws/build/services_pkg:/home/ssfa/ros2_ws/install/services_pkg/lib/python3.10/site-packages:/home/ssfa/ros2_ws/build/publisher_pkg:/home/ssfa/ros2_ws/install/publisher_pkg/lib/python3.10/site-packages:/home/ssfa/ros2_ws/build/opencv_tools:/home/ssfa/ros2_ws/install/opencv_tools/lib/python3.10/site-packages:/home/ssfa/ros2_ws/build/my_package:/home/ssfa/ros2_ws/install/my_package/lib/python3.10/site-packages:/home/ssfa/ros2_ws/build/movement_pkg:/home/ssfa/ros2_ws/install/movement_pkg/lib/python3.10/site-packages:/home/ssfa/ros2_ws/build/exercise_pkg:/home/ssfa/ros2_ws/install/exercise_pkg/lib/python3.10/site-packages:/home/ssfa/ros2_ws/build/custom_interface_example:/home/ssfa/ros2_ws/install/custom_interface_example/lib/python3.10/site-packages:/home/ssfa/ros2_ws/install/custom_interfaces/local/lib/python3.10/dist-packages:/home/ssfa/ros2_ws/build/client_pkg:/home/ssfa/ros2_ws/install/client_pkg/lib/python3.10/site-packages:/opt/ros/humble/lib/python3.10/site-packages:/opt/ros/humble/local/lib/python3.10/dist-packages /usr/bin/cmake --build /home/ssfa/ros2_ws/build/turtlebot3 -- -j12 -l12
[8.125s] DEBUG:colcon.colcon_core.event_handler.log_command:Invoked command in '/home/ssfa/ros2_ws/build/turtlebot3' returned '0': AMENT_PREFIX_PATH=/home/ssfa/ros2_ws/install/turtlebot3_example:/home/ssfa/ros2_ws/install/turtlebot3_teleop:/home/ssfa/ros2_ws/install/visionsensor:/home/ssfa/ros2_ws/install/turtlebot3:/home/ssfa/ros2_ws/install/turtlebot3_simulations:/home/ssfa/ros2_ws/install/turtlebot3_navigation2:/home/ssfa/ros2_ws/install/turtlebot3_msgs:/home/ssfa/ros2_ws/install/turtlebot3_gazebo:/home/ssfa/ros2_ws/install/turtlebot3_bringup:/home/ssfa/ros2_ws/install/turtlebot3_description:/home/ssfa/ros2_ws/install/turtlebot3_cartographer:/home/ssfa/ros2_ws/install/turtlebot3_as:/home/ssfa/ros2_ws/install/topic_exercise:/home/ssfa/ros2_ws/install/t3_action_msg:/home/ssfa/ros2_ws/install/subscriber_pkg:/home/ssfa/ros2_ws/install/services_pkg:/home/ssfa/ros2_ws/install/publisher_pkg:/home/ssfa/ros2_ws/install/opencv_tools:/home/ssfa/ros2_ws/install/my_package:/home/ssfa/ros2_ws/install/movement_pkg:/home/ssfa/ros2_ws/install/exercise_pkg:/home/ssfa/ros2_ws/install/dynamixel_sdk:/home/ssfa/ros2_ws/install/custom_interface_example:/home/ssfa/ros2_ws/install/custom_interfaces:/home/ssfa/ros2_ws/install/client_pkg:/opt/ros/humble CMAKE_PREFIX_PATH=/home/ssfa/ros2_ws/install/turtlebot3_bringup:/home/ssfa/ros2_ws/install/turtlebot3_navigation2:/home/ssfa/ros2_ws/install/turtlebot3_msgs:/home/ssfa/ros2_ws/install/turtlebot3_description:/home/ssfa/ros2_ws/install/turtlebot3_cartographer:/home/ssfa/ros2_ws/install/turtlebot3:/home/ssfa/ros2_ws/install/turtlebot3_simulations:/home/ssfa/ros2_ws/install/turtlebot3_gazebo:/home/ssfa/ros2_ws/install/turtlebot3_as:/home/ssfa/ros2_ws/install/t3_action_msg:/home/ssfa/ros2_ws/install/dynamixel_sdk:/home/ssfa/ros2_ws/install/custom_interfaces:/home/ssfa/ros2_ws/install/visionsensor:/home/ssfa/ros2_ws/install/turtlebot3_teleop:/home/ssfa/ros2_ws/install/turtlebot3_example:/home/ssfa/ros2_ws/install/topic_exercise:/home/ssfa/ros2_ws/install/subscriber_pkg:/home/ssfa/ros2_ws/install/services_pkg:/home/ssfa/ros2_ws/install/publisher_pkg:/home/ssfa/ros2_ws/install/opencv_tools:/home/ssfa/ros2_ws/install/my_package:/home/ssfa/ros2_ws/install/movement_pkg:/home/ssfa/ros2_ws/install/exercise_pkg:/home/ssfa/ros2_ws/install/custom_interface_example:/home/ssfa/ros2_ws/install/client_pkg:/opt/ros/humble PYTHONPATH=/home/ssfa/ros2_ws/build/turtlebot3_example:/home/ssfa/ros2_ws/install/turtlebot3_example/lib/python3.10/site-packages:/home/ssfa/ros2_ws/build/turtlebot3_teleop:/home/ssfa/ros2_ws/install/turtlebot3_teleop/lib/python3.10/site-packages:/home/ssfa/ros2_ws/build/visionsensor:/home/ssfa/ros2_ws/install/visionsensor/lib/python3.10/site-packages:/home/ssfa/ros2_ws/install/turtlebot3_msgs/local/lib/python3.10/dist-packages:/home/ssfa/ros2_ws/build/topic_exercise:/home/ssfa/ros2_ws/install/topic_exercise/lib/python3.10/site-packages:/home/ssfa/ros2_ws/install/t3_action_msg/local/lib/python3.10/dist-packages:/home/ssfa/ros2_ws/build/subscriber_pkg:/home/ssfa/ros2_ws/install/subscriber_pkg/lib/python3.10/site-packages:/home/ssfa/ros2_ws/build/services_pkg:/home/ssfa/ros2_ws/install/services_pkg/lib/python3.10/site-packages:/home/ssfa/ros2_ws/build/publisher_pkg:/home/ssfa/ros2_ws/install/publisher_pkg/lib/python3.10/site-packages:/home/ssfa/ros2_ws/build/opencv_tools:/home/ssfa/ros2_ws/install/opencv_tools/lib/python3.10/site-packages:/home/ssfa/ros2_ws/build/my_package:/home/ssfa/ros2_ws/install/my_package/lib/python3.10/site-packages:/home/ssfa/ros2_ws/build/movement_pkg:/home/ssfa/ros2_ws/install/movement_pkg/lib/python3.10/site-packages:/home/ssfa/ros2_ws/build/exercise_pkg:/home/ssfa/ros2_ws/install/exercise_pkg/lib/python3.10/site-packages:/home/ssfa/ros2_ws/build/custom_interface_example:/home/ssfa/ros2_ws/install/custom_interface_example/lib/python3.10/site-packages:/home/ssfa/ros2_ws/install/custom_interfaces/local/lib/python3.10/dist-packages:/home/ssfa/ros2_ws/build/client_pkg:/home/ssfa/ros2_ws/install/client_pkg/lib/python3.10/site-packages:/opt/ros/humble/lib/python3.10/site-packages:/opt/ros/humble/local/lib/python3.10/dist-packages /usr/bin/cmake --build /home/ssfa/ros2_ws/build/turtlebot3 -- -j12 -l12
[8.154s] DEBUG:colcon.colcon_core.event_handler.log_command:Invoking command in '/home/ssfa/ros2_ws/build/turtlebot3': AMENT_PREFIX_PATH=/home/ssfa/ros2_ws/install/turtlebot3_example:/home/ssfa/ros2_ws/install/turtlebot3_teleop:/home/ssfa/ros2_ws/install/visionsensor:/home/ssfa/ros2_ws/install/turtlebot3:/home/ssfa/ros2_ws/install/turtlebot3_simulations:/home/ssfa/ros2_ws/install/turtlebot3_navigation2:/home/ssfa/ros2_ws/install/turtlebot3_msgs:/home/ssfa/ros2_ws/install/turtlebot3_gazebo:/home/ssfa/ros2_ws/install/turtlebot3_bringup:/home/ssfa/ros2_ws/install/turtlebot3_description:/home/ssfa/ros2_ws/install/turtlebot3_cartographer:/home/ssfa/ros2_ws/install/turtlebot3_as:/home/ssfa/ros2_ws/install/topic_exercise:/home/ssfa/ros2_ws/install/t3_action_msg:/home/ssfa/ros2_ws/install/subscriber_pkg:/home/ssfa/ros2_ws/install/services_pkg:/home/ssfa/ros2_ws/install/publisher_pkg:/home/ssfa/ros2_ws/install/opencv_tools:/home/ssfa/ros2_ws/install/my_package:/home/ssfa/ros2_ws/install/movement_pkg:/home/ssfa/ros2_ws/install/exercise_pkg:/home/ssfa/ros2_ws/install/dynamixel_sdk:/home/ssfa/ros2_ws/install/custom_interface_example:/home/ssfa/ros2_ws/install/custom_interfaces:/home/ssfa/ros2_ws/install/client_pkg:/opt/ros/humble CMAKE_PREFIX_PATH=/home/ssfa/ros2_ws/install/turtlebot3_bringup:/home/ssfa/ros2_ws/install/turtlebot3_navigation2:/home/ssfa/ros2_ws/install/turtlebot3_msgs:/home/ssfa/ros2_ws/install/turtlebot3_description:/home/ssfa/ros2_ws/install/turtlebot3_cartographer:/home/ssfa/ros2_ws/install/turtlebot3:/home/ssfa/ros2_ws/install/turtlebot3_simulations:/home/ssfa/ros2_ws/install/turtlebot3_gazebo:/home/ssfa/ros2_ws/install/turtlebot3_as:/home/ssfa/ros2_ws/install/t3_action_msg:/home/ssfa/ros2_ws/install/dynamixel_sdk:/home/ssfa/ros2_ws/install/custom_interfaces:/home/ssfa/ros2_ws/install/visionsensor:/home/ssfa/ros2_ws/install/turtlebot3_teleop:/home/ssfa/ros2_ws/install/turtlebot3_example:/home/ssfa/ros2_ws/install/topic_exercise:/home/ssfa/ros2_ws/install/subscriber_pkg:/home/ssfa/ros2_ws/install/services_pkg:/home/ssfa/ros2_ws/install/publisher_pkg:/home/ssfa/ros2_ws/install/opencv_tools:/home/ssfa/ros2_ws/install/my_package:/home/ssfa/ros2_ws/install/movement_pkg:/home/ssfa/ros2_ws/install/exercise_pkg:/home/ssfa/ros2_ws/install/custom_interface_example:/home/ssfa/ros2_ws/install/client_pkg:/opt/ros/humble PYTHONPATH=/home/ssfa/ros2_ws/build/turtlebot3_example:/home/ssfa/ros2_ws/install/turtlebot3_example/lib/python3.10/site-packages:/home/ssfa/ros2_ws/build/turtlebot3_teleop:/home/ssfa/ros2_ws/install/turtlebot3_teleop/lib/python3.10/site-packages:/home/ssfa/ros2_ws/build/visionsensor:/home/ssfa/ros2_ws/install/visionsensor/lib/python3.10/site-packages:/home/ssfa/ros2_ws/install/turtlebot3_msgs/local/lib/python3.10/dist-packages:/home/ssfa/ros2_ws/build/topic_exercise:/home/ssfa/ros2_ws/install/topic_exercise/lib/python3.10/site-packages:/home/ssfa/ros2_ws/install/t3_action_msg/local/lib/python3.10/dist-packages:/home/ssfa/ros2_ws/build/subscriber_pkg:/home/ssfa/ros2_ws/install/subscriber_pkg/lib/python3.10/site-packages:/home/ssfa/ros2_ws/build/services_pkg:/home/ssfa/ros2_ws/install/services_pkg/lib/python3.10/site-packages:/home/ssfa/ros2_ws/build/publisher_pkg:/home/ssfa/ros2_ws/install/publisher_pkg/lib/python3.10/site-packages:/home/ssfa/ros2_ws/build/opencv_tools:/home/ssfa/ros2_ws/install/opencv_tools/lib/python3.10/site-packages:/home/ssfa/ros2_ws/build/my_package:/home/ssfa/ros2_ws/install/my_package/lib/python3.10/site-packages:/home/ssfa/ros2_ws/build/movement_pkg:/home/ssfa/ros2_ws/install/movement_pkg/lib/python3.10/site-packages:/home/ssfa/ros2_ws/build/exercise_pkg:/home/ssfa/ros2_ws/install/exercise_pkg/lib/python3.10/site-packages:/home/ssfa/ros2_ws/build/custom_interface_example:/home/ssfa/ros2_ws/install/custom_interface_example/lib/python3.10/site-packages:/home/ssfa/ros2_ws/install/custom_interfaces/local/lib/python3.10/dist-packages:/home/ssfa/ros2_ws/build/client_pkg:/home/ssfa/ros2_ws/install/client_pkg/lib/python3.10/site-packages:/opt/ros/humble/lib/python3.10/site-packages:/opt/ros/humble/local/lib/python3.10/dist-packages /usr/bin/cmake --install /home/ssfa/ros2_ws/build/turtlebot3
[8.181s] Level 1:colcon.colcon_core.environment:create_environment_scripts_only(turtlebot3)
[8.181s] Level 1:colcon.colcon_core.environment:checking '/home/ssfa/ros2_ws/install/turtlebot3' for CMake module files
[8.183s] DEBUG:colcon.colcon_core.event_handler.log_command:Invoked command in '/home/ssfa/ros2_ws/build/turtlebot3' returned '0': AMENT_PREFIX_PATH=/home/ssfa/ros2_ws/install/turtlebot3_example:/home/ssfa/ros2_ws/install/turtlebot3_teleop:/home/ssfa/ros2_ws/install/visionsensor:/home/ssfa/ros2_ws/install/turtlebot3:/home/ssfa/ros2_ws/install/turtlebot3_simulations:/home/ssfa/ros2_ws/install/turtlebot3_navigation2:/home/ssfa/ros2_ws/install/turtlebot3_msgs:/home/ssfa/ros2_ws/install/turtlebot3_gazebo:/home/ssfa/ros2_ws/install/turtlebot3_bringup:/home/ssfa/ros2_ws/install/turtlebot3_description:/home/ssfa/ros2_ws/install/turtlebot3_cartographer:/home/ssfa/ros2_ws/install/turtlebot3_as:/home/ssfa/ros2_ws/install/topic_exercise:/home/ssfa/ros2_ws/install/t3_action_msg:/home/ssfa/ros2_ws/install/subscriber_pkg:/home/ssfa/ros2_ws/install/services_pkg:/home/ssfa/ros2_ws/install/publisher_pkg:/home/ssfa/ros2_ws/install/opencv_tools:/home/ssfa/ros2_ws/install/my_package:/home/ssfa/ros2_ws/install/movement_pkg:/home/ssfa/ros2_ws/install/exercise_pkg:/home/ssfa/ros2_ws/install/dynamixel_sdk:/home/ssfa/ros2_ws/install/custom_interface_example:/home/ssfa/ros2_ws/install/custom_interfaces:/home/ssfa/ros2_ws/install/client_pkg:/opt/ros/humble CMAKE_PREFIX_PATH=/home/ssfa/ros2_ws/install/turtlebot3_bringup:/home/ssfa/ros2_ws/install/turtlebot3_navigation2:/home/ssfa/ros2_ws/install/turtlebot3_msgs:/home/ssfa/ros2_ws/install/turtlebot3_description:/home/ssfa/ros2_ws/install/turtlebot3_cartographer:/home/ssfa/ros2_ws/install/turtlebot3:/home/ssfa/ros2_ws/install/turtlebot3_simulations:/home/ssfa/ros2_ws/install/turtlebot3_gazebo:/home/ssfa/ros2_ws/install/turtlebot3_as:/home/ssfa/ros2_ws/install/t3_action_msg:/home/ssfa/ros2_ws/install/dynamixel_sdk:/home/ssfa/ros2_ws/install/custom_interfaces:/home/ssfa/ros2_ws/install/visionsensor:/home/ssfa/ros2_ws/install/turtlebot3_teleop:/home/ssfa/ros2_ws/install/turtlebot3_example:/home/ssfa/ros2_ws/install/topic_exercise:/home/ssfa/ros2_ws/install/subscriber_pkg:/home/ssfa/ros2_ws/install/services_pkg:/home/ssfa/ros2_ws/install/publisher_pkg:/home/ssfa/ros2_ws/install/opencv_tools:/home/ssfa/ros2_ws/install/my_package:/home/ssfa/ros2_ws/install/movement_pkg:/home/ssfa/ros2_ws/install/exercise_pkg:/home/ssfa/ros2_ws/install/custom_interface_example:/home/ssfa/ros2_ws/install/client_pkg:/opt/ros/humble PYTHONPATH=/home/ssfa/ros2_ws/build/turtlebot3_example:/home/ssfa/ros2_ws/install/turtlebot3_example/lib/python3.10/site-packages:/home/ssfa/ros2_ws/build/turtlebot3_teleop:/home/ssfa/ros2_ws/install/turtlebot3_teleop/lib/python3.10/site-packages:/home/ssfa/ros2_ws/build/visionsensor:/home/ssfa/ros2_ws/install/visionsensor/lib/python3.10/site-packages:/home/ssfa/ros2_ws/install/turtlebot3_msgs/local/lib/python3.10/dist-packages:/home/ssfa/ros2_ws/build/topic_exercise:/home/ssfa/ros2_ws/install/topic_exercise/lib/python3.10/site-packages:/home/ssfa/ros2_ws/install/t3_action_msg/local/lib/python3.10/dist-packages:/home/ssfa/ros2_ws/build/subscriber_pkg:/home/ssfa/ros2_ws/install/subscriber_pkg/lib/python3.10/site-packages:/home/ssfa/ros2_ws/build/services_pkg:/home/ssfa/ros2_ws/install/services_pkg/lib/python3.10/site-packages:/home/ssfa/ros2_ws/build/publisher_pkg:/home/ssfa/ros2_ws/install/publisher_pkg/lib/python3.10/site-packages:/home/ssfa/ros2_ws/build/opencv_tools:/home/ssfa/ros2_ws/install/opencv_tools/lib/python3.10/site-packages:/home/ssfa/ros2_ws/build/my_package:/home/ssfa/ros2_ws/install/my_package/lib/python3.10/site-packages:/home/ssfa/ros2_ws/build/movement_pkg:/home/ssfa/ros2_ws/install/movement_pkg/lib/python3.10/site-packages:/home/ssfa/ros2_ws/build/exercise_pkg:/home/ssfa/ros2_ws/install/exercise_pkg/lib/python3.10/site-packages:/home/ssfa/ros2_ws/build/custom_interface_example:/home/ssfa/ros2_ws/install/custom_interface_example/lib/python3.10/site-packages:/home/ssfa/ros2_ws/install/custom_interfaces/local/lib/python3.10/dist-packages:/home/ssfa/ros2_ws/build/client_pkg:/home/ssfa/ros2_ws/install/client_pkg/lib/python3.10/site-packages:/opt/ros/humble/lib/python3.10/site-packages:/opt/ros/humble/local/lib/python3.10/dist-packages /usr/bin/cmake --install /home/ssfa/ros2_ws/build/turtlebot3
[8.183s] Level 1:colcon.colcon_core.environment:checking '/home/ssfa/ros2_ws/install/turtlebot3' for CMake config files
[8.183s] Level 1:colcon.colcon_core.shell:create_environment_hook('turtlebot3', 'cmake_prefix_path')
[8.184s] INFO:colcon.colcon_core.shell:Creating environment hook '/home/ssfa/ros2_ws/install/turtlebot3/share/turtlebot3/hook/cmake_prefix_path.ps1'
[8.184s] INFO:colcon.colcon_core.shell:Creating environment descriptor '/home/ssfa/ros2_ws/install/turtlebot3/share/turtlebot3/hook/cmake_prefix_path.dsv'
[8.185s] INFO:colcon.colcon_core.shell:Creating environment hook '/home/ssfa/ros2_ws/install/turtlebot3/share/turtlebot3/hook/cmake_prefix_path.sh'
[8.186s] Level 1:colcon.colcon_core.environment:checking '/home/ssfa/ros2_ws/install/turtlebot3/bin'
[8.186s] Level 1:colcon.colcon_core.environment:checking '/home/ssfa/ros2_ws/install/turtlebot3/lib/pkgconfig/turtlebot3.pc'
[8.186s] Level 1:colcon.colcon_core.environment:checking '/home/ssfa/ros2_ws/install/turtlebot3/lib/python3.10/site-packages'
[8.186s] Level 1:colcon.colcon_core.environment:checking '/home/ssfa/ros2_ws/install/turtlebot3/bin'
[8.187s] INFO:colcon.colcon_core.shell:Creating package script '/home/ssfa/ros2_ws/install/turtlebot3/share/turtlebot3/package.ps1'
[8.187s] INFO:colcon.colcon_core.shell:Creating package descriptor '/home/ssfa/ros2_ws/install/turtlebot3/share/turtlebot3/package.dsv'
[8.188s] INFO:colcon.colcon_core.shell:Creating package script '/home/ssfa/ros2_ws/install/turtlebot3/share/turtlebot3/package.sh'
[8.188s] INFO:colcon.colcon_core.shell:Creating package script '/home/ssfa/ros2_ws/install/turtlebot3/share/turtlebot3/package.bash'
[8.188s] INFO:colcon.colcon_core.shell:Creating package script '/home/ssfa/ros2_ws/install/turtlebot3/share/turtlebot3/package.zsh'
[8.189s] Level 1:colcon.colcon_core.environment:create_file_with_runtime_dependencies(/home/ssfa/ros2_ws/install/turtlebot3/share/colcon-core/packages/turtlebot3)
[8.217s] Level 1:colcon.colcon_core.environment:create_environment_scripts_only(turtlebot3)
[8.217s] Level 1:colcon.colcon_core.environment:checking '/home/ssfa/ros2_ws/install/turtlebot3' for CMake module files
[8.218s] Level 1:colcon.colcon_core.environment:checking '/home/ssfa/ros2_ws/install/turtlebot3' for CMake config files
[8.218s] Level 1:colcon.colcon_core.shell:create_environment_hook('turtlebot3', 'cmake_prefix_path')
[8.218s] INFO:colcon.colcon_core.shell:Creating environment hook '/home/ssfa/ros2_ws/install/turtlebot3/share/turtlebot3/hook/cmake_prefix_path.ps1'
[8.219s] INFO:colcon.colcon_core.shell:Creating environment descriptor '/home/ssfa/ros2_ws/install/turtlebot3/share/turtlebot3/hook/cmake_prefix_path.dsv'
[8.219s] INFO:colcon.colcon_core.shell:Creating environment hook '/home/ssfa/ros2_ws/install/turtlebot3/share/turtlebot3/hook/cmake_prefix_path.sh'
[8.220s] Level 1:colcon.colcon_core.environment:checking '/home/ssfa/ros2_ws/install/turtlebot3/bin'
[8.220s] Level 1:colcon.colcon_core.environment:checking '/home/ssfa/ros2_ws/install/turtlebot3/lib/pkgconfig/turtlebot3.pc'
[8.220s] Level 1:colcon.colcon_core.environment:checking '/home/ssfa/ros2_ws/install/turtlebot3/lib/python3.10/site-packages'
[8.220s] Level 1:colcon.colcon_core.environment:checking '/home/ssfa/ros2_ws/install/turtlebot3/bin'
[8.221s] INFO:colcon.colcon_core.shell:Creating package script '/home/ssfa/ros2_ws/install/turtlebot3/share/turtlebot3/package.ps1'
[8.222s] INFO:colcon.colcon_core.shell:Creating package descriptor '/home/ssfa/ros2_ws/install/turtlebot3/share/turtlebot3/package.dsv'
[8.222s] INFO:colcon.colcon_core.shell:Creating package script '/home/ssfa/ros2_ws/install/turtlebot3/share/turtlebot3/package.sh'
[8.223s] INFO:colcon.colcon_core.shell:Creating package script '/home/ssfa/ros2_ws/install/turtlebot3/share/turtlebot3/package.bash'
[8.223s] INFO:colcon.colcon_core.shell:Creating package script '/home/ssfa/ros2_ws/install/turtlebot3/share/turtlebot3/package.zsh'
[8.223s] Level 1:colcon.colcon_core.environment:create_file_with_runtime_dependencies(/home/ssfa/ros2_ws/install/turtlebot3/share/colcon-core/packages/turtlebot3)
[8.224s] DEBUG:colcon.colcon_parallel_executor.executor.parallel:closing loop
[8.224s] DEBUG:colcon.colcon_parallel_executor.executor.parallel:loop closed
[8.224s] DEBUG:colcon.colcon_parallel_executor.executor.parallel:run_until_complete finished with '0'
[8.224s] DEBUG:colcon.colcon_core.event_reactor:joining thread
[8.235s] INFO:colcon.colcon_core.plugin_system:Skipping extension 'colcon_notification.desktop_notification.terminal_notifier': Not used on non-Darwin systems
[8.235s] INFO:colcon.colcon_core.plugin_system:Skipping extension 'colcon_notification.desktop_notification.win32': Not used on non-Windows systems
[8.235s] INFO:colcon.colcon_notification.desktop_notification:Sending desktop notification using 'notify2'
[8.251s] DEBUG:colcon.colcon_core.event_reactor:joined thread
[8.251s] INFO:colcon.colcon_core.shell:Creating prefix script '/home/ssfa/ros2_ws/install/local_setup.ps1'
[8.253s] INFO:colcon.colcon_core.shell:Creating prefix util module '/home/ssfa/ros2_ws/install/_local_setup_util_ps1.py'
[8.255s] INFO:colcon.colcon_core.shell:Creating prefix chain script '/home/ssfa/ros2_ws/install/setup.ps1'
[8.257s] INFO:colcon.colcon_core.shell:Creating prefix script '/home/ssfa/ros2_ws/install/local_setup.sh'
[8.257s] INFO:colcon.colcon_core.shell:Creating prefix util module '/home/ssfa/ros2_ws/install/_local_setup_util_sh.py'
[8.258s] INFO:colcon.colcon_core.shell:Creating prefix chain script '/home/ssfa/ros2_ws/install/setup.sh'
[8.260s] INFO:colcon.colcon_core.shell:Creating prefix script '/home/ssfa/ros2_ws/install/local_setup.bash'
[8.260s] INFO:colcon.colcon_core.shell:Creating prefix chain script '/home/ssfa/ros2_ws/install/setup.bash'
[8.262s] INFO:colcon.colcon_core.shell:Creating prefix script '/home/ssfa/ros2_ws/install/local_setup.zsh'
[8.262s] INFO:colcon.colcon_core.shell:Creating prefix chain script '/home/ssfa/ros2_ws/install/setup.zsh'
