half_w,phys_w,clr,dd,gate_w,seed,t,hits,h_gate,h_obst,fails,score
0.215,0.215,0.15,2.0,2.0,1,139.9,3,0,2,0,229.9
0.215,0.215,0.15,2.0,2.0,2,139.3,1,0,0,0,169.3
0.215,0.215,0.15,2.0,2.0,3,139.4,2,0,1,0,199.4
0.215,0.215,0.15,2.0,2.0,4,142.7,3,0,2,0,232.7
0.215,0.215,0.15,2.0,2.0,5,139.4,3,0,2,0,229.4
0.215,0.215,0.15,2.0,2.0,6,140.2,3,0,2,0,230.2
0.215,0.215,0.15,2.0,2.0,7,139.4,3,0,2,0,229.4
0.215,0.215,0.15,2.0,2.0,8,140.5,3,0,2,0,230.5
0.215,0.215,0.15,2.0,2.0,9,139.3,1,0,0,0,169.3
0.215,0.215,0.15,2.0,2.0,10,139.3,1,0,0,0,169.3
0.215,0.215,0.15,2.0,2.0,11,139.4,2,0,1,0,199.4
0.215,0.215,0.15,2.0,2.0,12,139.4,2,0,1,0,199.4
0.215,0.215,0.15,2.0,2.0,13,139.4,2,0,1,0,199.4
0.215,0.215,0.15,2.0,2.0,14,139.6,3,0,2,0,229.6
0.215,0.215,0.15,2.0,2.0,15,139.3,1,0,0,0,169.3
0.215,0.215,0.15,2.0,2.0,16,139.3,1,0,0,0,169.3
0.215,0.215,0.15,2.0,2.0,17,139.4,3,0,2,0,229.4
0.215,0.215,0.15,2.0,2.0,18,139.3,1,0,0,0,169.3
0.215,0.215,0.15,2.0,2.0,19,139.5,5,0,4,0,289.5
0.215,0.215,0.15,2.0,2.0,20,139.4,2,0,1,0,199.4
0.215,0.215,0.15,2.0,3.0,1,139.9,3,0,2,0,229.9
0.215,0.215,0.15,2.0,3.0,2,139.3,1,0,0,0,169.3
0.215,0.215,0.15,2.0,3.0,3,139.4,2,0,1,0,199.4
0.215,0.215,0.15,2.0,3.0,4,142.7,3,0,2,0,232.7
0.215,0.215,0.15,2.0,3.0,5,139.4,3,0,2,0,229.4
0.215,0.215,0.15,2.0,3.0,6,140.2,3,0,2,0,230.2
0.215,0.215,0.15,2.0,3.0,7,139.4,3,0,2,0,229.4
0.215,0.215,0.15,2.0,3.0,8,140.5,3,0,2,0,230.5
0.215,0.215,0.15,2.0,3.0,9,139.3,1,0,0,0,169.3
0.215,0.215,0.15,2.0,3.0,10,139.3,1,0,0,0,169.3
0.215,0.215,0.15,2.0,3.0,11,139.4,2,0,1,0,199.4
0.215,0.215,0.15,2.0,3.0,12,139.4,2,0,1,0,199.4
0.215,0.215,0.15,2.0,3.0,13,139.4,2,0,1,0,199.4
0.215,0.215,0.15,2.0,3.0,14,139.6,3,0,2,0,229.6
0.215,0.215,0.15,2.0,3.0,15,139.3,1,0,0,0,169.3
0.215,0.215,0.15,2.0,3.0,16,139.3,1,0,0,0,169.3
0.215,0.215,0.15,2.0,3.0,17,139.4,3,0,2,0,229.4
0.215,0.215,0.15,2.0,3.0,18,139.3,1,0,0,0,169.3
0.215,0.215,0.15,2.0,3.0,19,139.5,5,0,4,0,289.5
0.215,0.215,0.15,2.0,3.0,20,139.4,2,0,1,0,199.4
0.215,0.215,0.15,3.0,2.0,1,139.5,3,0,2,0,229.5
0.215,0.215,0.15,3.0,2.0,2,139.3,1,0,0,0,169.3
0.215,0.215,0.15,3.0,2.0,3,139.4,1,0,0,0,169.4
0.215,0.215,0.15,3.0,2.0,4,140.6,4,0,3,0,260.6
0.215,0.215,0.15,3.0,2.0,5,139.4,1,0,0,0,169.4
0.215,0.215,0.15,3.0,2.0,6,139.5,2,0,1,0,199.5
0.215,0.215,0.15,3.0,2.0,7,139.4,2,0,1,0,199.4
0.215,0.215,0.15,3.0,2.0,8,139.5,3,0,2,0,229.5
0.215,0.215,0.15,3.0,2.0,9,139.3,1,0,0,0,169.3
0.215,0.215,0.15,3.0,2.0,10,139.3,1,0,0,0,169.3
0.215,0.215,0.15,3.0,2.0,11,139.4,1,0,0,0,169.4
0.215,0.215,0.15,3.0,2.0,12,139.4,2,0,1,0,199.4
0.215,0.215,0.15,3.0,2.0,13,139.4,2,0,1,0,199.4
0.215,0.215,0.15,3.0,2.0,14,146.1,2,0,1,0,206.1
0.215,0.215,0.15,3.0,2.0,15,139.3,1,0,0,0,169.3
0.215,0.215,0.15,3.0,2.0,16,139.3,1,0,0,0,169.3
0.215,0.215,0.15,3.0,2.0,17,139.4,2,0,1,0,199.4
0.215,0.215,0.15,3.0,2.0,18,139.3,1,0,0,0,169.3
0.215,0.215,0.15,3.0,2.0,19,139.4,1,0,0,0,169.4
0.215,0.215,0.15,3.0,2.0,20,139.4,1,0,0,0,169.4
0.215,0.215,0.15,3.0,3.0,1,139.5,3,0,2,0,229.5
0.215,0.215,0.15,3.0,3.0,2,139.3,1,0,0,0,169.3
0.215,0.215,0.15,3.0,3.0,3,139.4,1,0,0,0,169.4
0.215,0.215,0.15,3.0,3.0,4,140.6,4,0,3,0,260.6
0.215,0.215,0.15,3.0,3.0,5,139.4,1,0,0,0,169.4
0.215,0.215,0.15,3.0,3.0,6,139.5,2,0,1,0,199.5
0.215,0.215,0.15,3.0,3.0,7,139.4,2,0,1,0,199.4
0.215,0.215,0.15,3.0,3.0,8,139.5,3,0,2,0,229.5
0.215,0.215,0.15,3.0,3.0,9,139.3,1,0,0,0,169.3
0.215,0.215,0.15,3.0,3.0,10,139.3,1,0,0,0,169.3
0.215,0.215,0.15,3.0,3.0,11,139.4,1,0,0,0,169.4
0.215,0.215,0.15,3.0,3.0,12,139.4,2,0,1,0,199.4
0.215,0.215,0.15,3.0,3.0,13,139.4,2,0,1,0,199.4
0.215,0.215,0.15,3.0,3.0,14,146.1,2,0,1,0,206.1
0.215,0.215,0.15,3.0,3.0,15,139.3,1,0,0,0,169.3
0.215,0.215,0.15,3.0,3.0,16,139.3,1,0,0,0,169.3
0.215,0.215,0.15,3.0,3.0,17,139.4,2,0,1,0,199.4
0.215,0.215,0.15,3.0,3.0,18,139.3,1,0,0,0,169.3
0.215,0.215,0.15,3.0,3.0,19,139.4,1,0,0,0,169.4
0.215,0.215,0.15,3.0,3.0,20,139.4,1,0,0,0,169.4
0.215,0.215,0.2,2.0,2.0,1,139.4,2,0,1,0,199.4
0.215,0.215,0.2,2.0,2.0,2,139.3,1,0,0,0,169.3
0.215,0.215,0.2,2.0,2.0,3,139.4,2,0,1,0,199.4
0.215,0.215,0.2,2.0,2.0,4,146.4,3,0,2,0,236.4
0.215,0.215,0.2,2.0,2.0,5,139.4,2,0,1,0,199.4
0.215,0.215,0.2,2.0,2.0,6,140.2,3,0,2,0,230.2
0.215,0.215,0.2,2.0,2.0,7,139.4,3,0,2,0,229.4
0.215,0.215,0.2,2.0,2.0,8,140.5,3,0,2,0,230.5
0.215,0.215,0.2,2.0,2.0,9,139.3,1,0,0,0,169.3
0.215,0.215,0.2,2.0,2.0,10,139.3,1,0,0,0,169.3
0.215,0.215,0.2,2.0,2.0,11,139.4,2,0,1,0,199.4
0.215,0.215,0.2,2.0,2.0,12,139.4,1,0,0,0,169.4
0.215,0.215,0.2,2.0,2.0,13,139.5,2,0,1,0,199.5
0.215,0.215,0.2,2.0,2.0,14,146.5,3,0,2,0,236.5
0.215,0.215,0.2,2.0,2.0,15,139.3,1,0,0,0,169.3
0.215,0.215,0.2,2.0,2.0,16,139.3,1,0,0,0,169.3
0.215,0.215,0.2,2.0,2.0,17,139.4,2,0,1,0,199.4
0.215,0.215,0.2,2.0,2.0,18,139.3,1,0,0,0,169.3
0.215,0.215,0.2,2.0,2.0,19,139.4,2,0,1,0,199.4
0.215,0.215,0.2,2.0,2.0,20,139.4,2,0,1,0,199.4
0.215,0.215,0.2,2.0,3.0,1,139.4,2,0,1,0,199.4
0.215,0.215,0.2,2.0,3.0,2,139.3,1,0,0,0,169.3
0.215,0.215,0.2,2.0,3.0,3,139.4,2,0,1,0,199.4
0.215,0.215,0.2,2.0,3.0,4,146.4,3,0,2,0,236.4
0.215,0.215,0.2,2.0,3.0,5,139.4,2,0,1,0,199.4
0.215,0.215,0.2,2.0,3.0,6,140.2,3,0,2,0,230.2
0.215,0.215,0.2,2.0,3.0,7,139.4,3,0,2,0,229.4
0.215,0.215,0.2,2.0,3.0,8,140.5,3,0,2,0,230.5
0.215,0.215,0.2,2.0,3.0,9,139.3,1,0,0,0,169.3
0.215,0.215,0.2,2.0,3.0,10,139.3,1,0,0,0,169.3
0.215,0.215,0.2,2.0,3.0,11,139.4,2,0,1,0,199.4
0.215,0.215,0.2,2.0,3.0,12,139.4,1,0,0,0,169.4
0.215,0.215,0.2,2.0,3.0,13,139.5,2,0,1,0,199.5
0.215,0.215,0.2,2.0,3.0,14,146.5,3,0,2,0,236.5
0.215,0.215,0.2,2.0,3.0,15,139.3,1,0,0,0,169.3
0.215,0.215,0.2,2.0,3.0,16,139.3,1,0,0,0,169.3
0.215,0.215,0.2,2.0,3.0,17,139.4,2,0,1,0,199.4
0.215,0.215,0.2,2.0,3.0,18,139.3,1,0,0,0,169.3
0.215,0.215,0.2,2.0,3.0,19,139.4,2,0,1,0,199.4
0.215,0.215,0.2,2.0,3.0,20,139.4,2,0,1,0,199.4
0.215,0.215,0.2,3.0,2.0,1,139.6,2,0,2,0,199.6
0.215,0.215,0.2,3.0,2.0,2,139.3,0,0,0,0,139.3
0.215,0.215,0.2,3.0,2.0,3,139.4,0,0,0,0,139.4
0.215,0.215,0.2,3.0,2.0,4,142.1,3,0,3,0,232.1
0.215,0.215,0.2,3.0,2.0,5,139.4,0,0,0,0,139.4
0.215,0.215,0.2,3.0,2.0,6,139.6,1,0,1,0,169.6
0.215,0.215,0.2,3.0,2.0,7,139.4,1,0,1,0,169.4
0.215,0.215,0.2,3.0,2.0,8,139.5,2,0,2,0,199.5
0.215,0.215,0.2,3.0,2.0,9,139.3,0,0,0,0,139.3
0.215,0.215,0.2,3.0,2.0,10,139.3,0,0,0,0,139.3
0.215,0.215,0.2,3.0,2.0,11,139.4,0,0,0,0,139.4
0.215,0.215,0.2,3.0,2.0,12,139.4,0,0,0,0,139.4
0.215,0.215,0.2,3.0,2.0,13,139.4,1,0,1,0,169.4
0.215,0.215,0.2,3.0,2.0,14,141.5,2,0,2,0,201.5
0.215,0.215,0.2,3.0,2.0,15,139.3,0,0,0,0,139.3
0.215,0.215,0.2,3.0,2.0,16,139.3,0,0,0,0,139.3
0.215,0.215,0.2,3.0,2.0,17,139.4,1,0,1,0,169.4
0.215,0.215,0.2,3.0,2.0,18,139.3,0,0,0,0,139.3
0.215,0.215,0.2,3.0,2.0,19,139.4,0,0,0,0,139.4
0.215,0.215,0.2,3.0,2.0,20,139.4,0,0,0,0,139.4
0.215,0.215,0.2,3.0,3.0,1,139.6,2,0,2,0,199.6
0.215,0.215,0.2,3.0,3.0,2,139.3,0,0,0,0,139.3
0.215,0.215,0.2,3.0,3.0,3,139.4,0,0,0,0,139.4
0.215,0.215,0.2,3.0,3.0,4,142.1,3,0,3,0,232.1
0.215,0.215,0.2,3.0,3.0,5,139.4,0,0,0,0,139.4
0.215,0.215,0.2,3.0,3.0,6,139.6,1,0,1,0,169.6
0.215,0.215,0.2,3.0,3.0,7,139.4,1,0,1,0,169.4
0.215,0.215,0.2,3.0,3.0,8,139.5,2,0,2,0,199.5
0.215,0.215,0.2,3.0,3.0,9,139.3,0,0,0,0,139.3
0.215,0.215,0.2,3.0,3.0,10,139.3,0,0,0,0,139.3
0.215,0.215,0.2,3.0,3.0,11,139.4,0,0,0,0,139.4
0.215,0.215,0.2,3.0,3.0,12,139.4,0,0,0,0,139.4
0.215,0.215,0.2,3.0,3.0,13,139.4,1,0,1,0,169.4
0.215,0.215,0.2,3.0,3.0,14,141.5,2,0,2,0,201.5
0.215,0.215,0.2,3.0,3.0,15,139.3,0,0,0,0,139.3
0.215,0.215,0.2,3.0,3.0,16,139.3,0,0,0,0,139.3
0.215,0.215,0.2,3.0,3.0,17,139.4,1,0,1,0,169.4
0.215,0.215,0.2,3.0,3.0,18,139.3,0,0,0,0,139.3
0.215,0.215,0.2,3.0,3.0,19,139.4,0,0,0,0,139.4
0.215,0.215,0.2,3.0,3.0,20,139.4,0,0,0,0,139.4
0.215,0.215,0.25,2.0,2.0,1,139.5,1,0,0,0,169.5
0.215,0.215,0.25,2.0,2.0,2,139.4,1,0,0,0,169.4
0.215,0.215,0.25,2.0,2.0,3,139.6,1,0,0,0,169.6
0.215,0.215,0.25,2.0,2.0,4,140.5,3,0,2,0,230.5
0.215,0.215,0.25,2.0,2.0,5,139.6,2,0,1,0,199.6
0.215,0.215,0.25,2.0,2.0,6,140.3,3,0,2,0,230.3
0.215,0.215,0.25,2.0,2.0,7,144.0,3,0,2,0,234.0
0.215,0.215,0.25,2.0,2.0,8,141.1,3,0,2,0,231.1
0.215,0.215,0.25,2.0,2.0,9,139.4,1,0,0,0,169.4
0.215,0.215,0.25,2.0,2.0,10,139.4,1,0,0,0,169.4
0.215,0.215,0.25,2.0,2.0,11,139.5,2,0,1,0,199.5
0.215,0.215,0.25,2.0,2.0,12,139.5,1,0,0,0,169.5
0.215,0.215,0.25,2.0,2.0,13,139.6,2,0,1,0,199.6
0.215,0.215,0.25,2.0,2.0,14,140.9,3,0,2,0,230.9
0.215,0.215,0.25,2.0,2.0,15,139.4,1,0,0,0,169.4
0.215,0.215,0.25,2.0,2.0,16,139.4,1,0,0,0,169.4
0.215,0.215,0.25,2.0,2.0,17,140.3,3,0,2,0,230.3
0.215,0.215,0.25,2.0,2.0,18,139.4,1,0,0,0,169.4
0.215,0.215,0.25,2.0,2.0,19,139.5,2,0,1,0,199.5
0.215,0.215,0.25,2.0,2.0,20,139.6,1,0,0,0,169.6
0.215,0.215,0.25,2.0,3.0,1,139.5,1,0,0,0,169.5
0.215,0.215,0.25,2.0,3.0,2,139.4,1,0,0,0,169.4
0.215,0.215,0.25,2.0,3.0,3,139.6,1,0,0,0,169.6
0.215,0.215,0.25,2.0,3.0,4,140.5,3,0,2,0,230.5
0.215,0.215,0.25,2.0,3.0,5,139.6,2,0,1,0,199.6
0.215,0.215,0.25,2.0,3.0,6,140.3,3,0,2,0,230.3
0.215,0.215,0.25,2.0,3.0,7,144.0,3,0,2,0,234.0
0.215,0.215,0.25,2.0,3.0,8,141.1,3,0,2,0,231.1
0.215,0.215,0.25,2.0,3.0,9,139.4,1,0,0,0,169.4
0.215,0.215,0.25,2.0,3.0,10,139.4,1,0,0,0,169.4
0.215,0.215,0.25,2.0,3.0,11,139.5,2,0,1,0,199.5
0.215,0.215,0.25,2.0,3.0,12,139.5,1,0,0,0,169.5
0.215,0.215,0.25,2.0,3.0,13,139.6,2,0,1,0,199.6
0.215,0.215,0.25,2.0,3.0,14,140.9,3,0,2,0,230.9
0.215,0.215,0.25,2.0,3.0,15,139.4,1,0,0,0,169.4
0.215,0.215,0.25,2.0,3.0,16,139.4,1,0,0,0,169.4
0.215,0.215,0.25,2.0,3.0,17,140.3,3,0,2,0,230.3
0.215,0.215,0.25,2.0,3.0,18,139.4,1,0,0,0,169.4
0.215,0.215,0.25,2.0,3.0,19,139.5,2,0,1,0,199.5
0.215,0.215,0.25,2.0,3.0,20,139.6,1,0,0,0,169.6
0.215,0.215,0.25,3.0,2.0,1,139.4,0,0,0,0,139.4
0.215,0.215,0.25,3.0,2.0,2,139.3,0,0,0,0,139.3
0.215,0.215,0.25,3.0,2.0,3,139.4,0,0,0,0,139.4
0.215,0.215,0.25,3.0,2.0,4,142.3,2,0,2,0,202.3
0.215,0.215,0.25,3.0,2.0,5,139.4,0,0,0,0,139.4
0.215,0.215,0.25,3.0,2.0,6,139.6,1,0,1,0,169.6
0.215,0.215,0.25,3.0,2.0,7,139.7,1,0,1,0,169.7
0.215,0.215,0.25,3.0,2.0,8,139.6,2,0,2,0,199.6
0.215,0.215,0.25,3.0,2.0,9,139.3,0,0,0,0,139.3
0.215,0.215,0.25,3.0,2.0,10,139.3,0,0,0,0,139.3
0.215,0.215,0.25,3.0,2.0,11,139.4,0,0,0,0,139.4
0.215,0.215,0.25,3.0,2.0,12,139.4,0,0,0,0,139.4
0.215,0.215,0.25,3.0,2.0,13,139.5,0,0,0,0,139.5
0.215,0.215,0.25,3.0,2.0,14,143.4,1,0,1,0,173.4
0.215,0.215,0.25,3.0,2.0,15,139.3,0,0,0,0,139.3
0.215,0.215,0.25,3.0,2.0,16,139.3,0,0,0,0,139.3
0.215,0.215,0.25,3.0,2.0,17,140.2,2,0,2,0,200.2
0.215,0.215,0.25,3.0,2.0,18,139.3,0,0,0,0,139.3
0.215,0.215,0.25,3.0,2.0,19,139.4,0,0,0,0,139.4
0.215,0.215,0.25,3.0,2.0,20,139.4,0,0,0,0,139.4
0.215,0.215,0.25,3.0,3.0,1,139.4,0,0,0,0,139.4
0.215,0.215,0.25,3.0,3.0,2,139.3,0,0,0,0,139.3
0.215,0.215,0.25,3.0,3.0,3,139.4,0,0,0,0,139.4
0.215,0.215,0.25,3.0,3.0,4,142.3,2,0,2,0,202.3
0.215,0.215,0.25,3.0,3.0,5,139.4,0,0,0,0,139.4
0.215,0.215,0.25,3.0,3.0,6,139.6,1,0,1,0,169.6
0.215,0.215,0.25,3.0,3.0,7,139.7,1,0,1,0,169.7
0.215,0.215,0.25,3.0,3.0,8,139.6,2,0,2,0,199.6
0.215,0.215,0.25,3.0,3.0,9,139.3,0,0,0,0,139.3
0.215,0.215,0.25,3.0,3.0,10,139.3,0,0,0,0,139.3
0.215,0.215,0.25,3.0,3.0,11,139.4,0,0,0,0,139.4
0.215,0.215,0.25,3.0,3.0,12,139.4,0,0,0,0,139.4
0.215,0.215,0.25,3.0,3.0,13,139.5,0,0,0,0,139.5
0.215,0.215,0.25,3.0,3.0,14,143.4,1,0,1,0,173.4
0.215,0.215,0.25,3.0,3.0,15,139.3,0,0,0,0,139.3
0.215,0.215,0.25,3.0,3.0,16,139.3,0,0,0,0,139.3
0.215,0.215,0.25,3.0,3.0,17,140.2,2,0,2,0,200.2
0.215,0.215,0.25,3.0,3.0,18,139.3,0,0,0,0,139.3
0.215,0.215,0.25,3.0,3.0,19,139.4,0,0,0,0,139.4
0.215,0.215,0.25,3.0,3.0,20,139.4,0,0,0,0,139.4
0.215,0.215,0.3,2.0,2.0,1,139.5,0,0,0,0,139.5
0.215,0.215,0.3,2.0,2.0,2,139.4,0,0,0,0,139.4
0.215,0.215,0.3,2.0,2.0,3,139.5,0,0,0,0,139.5
0.215,0.215,0.3,2.0,2.0,4,141.0,2,0,2,0,201.0
0.215,0.215,0.3,2.0,2.0,5,139.4,0,0,0,0,139.4
0.215,0.215,0.3,2.0,2.0,6,139.7,1,0,1,0,169.7
0.215,0.215,0.3,2.0,2.0,7,142.6,1,0,1,0,172.6
0.215,0.215,0.3,2.0,2.0,8,141.5,3,0,3,0,231.5
0.215,0.215,0.3,2.0,2.0,9,139.4,0,0,0,0,139.4
0.215,0.215,0.3,2.0,2.0,10,139.4,0,0,0,0,139.4
0.215,0.215,0.3,2.0,2.0,11,139.6,0,0,0,0,139.6
0.215,0.215,0.3,2.0,2.0,12,139.5,0,0,0,0,139.5
0.215,0.215,0.3,2.0,2.0,13,139.5,0,0,0,0,139.5
0.215,0.215,0.3,2.0,2.0,14,144.4,2,0,2,0,204.4
0.215,0.215,0.3,2.0,2.0,15,139.4,0,0,0,0,139.4
0.215,0.215,0.3,2.0,2.0,16,139.4,0,0,0,0,139.4
0.215,0.215,0.3,2.0,2.0,17,150.6,3,0,3,0,240.6
0.215,0.215,0.3,2.0,2.0,18,139.2,0,0,0,0,139.2
0.215,0.215,0.3,2.0,2.0,19,139.5,0,0,0,0,139.5
0.215,0.215,0.3,2.0,2.0,20,139.6,0,0,0,0,139.6
0.215,0.215,0.3,2.0,3.0,1,139.5,0,0,0,0,139.5
0.215,0.215,0.3,2.0,3.0,2,139.4,0,0,0,0,139.4
0.215,0.215,0.3,2.0,3.0,3,139.6,0,0,0,0,139.6
0.215,0.215,0.3,2.0,3.0,4,140.7,2,0,2,0,200.7
0.215,0.215,0.3,2.0,3.0,5,139.6,0,0,0,0,139.6
0.215,0.215,0.3,2.0,3.0,6,139.7,1,0,1,0,169.7
0.215,0.215,0.3,2.0,3.0,7,142.5,1,0,1,0,172.5
0.215,0.215,0.3,2.0,3.0,8,141.2,2,0,2,0,201.2
0.215,0.215,0.3,2.0,3.0,9,139.4,0,0,0,0,139.4
0.215,0.215,0.3,2.0,3.0,10,139.4,0,0,0,0,139.4
0.215,0.215,0.3,2.0,3.0,11,139.6,0,0,0,0,139.6
0.215,0.215,0.3,2.0,3.0,12,139.5,0,0,0,0,139.5
0.215,0.215,0.3,2.0,3.0,13,139.5,0,0,0,0,139.5
0.215,0.215,0.3,2.0,3.0,14,140.9,2,0,2,0,200.9
0.215,0.215,0.3,2.0,3.0,15,139.4,0,0,0,0,139.4
0.215,0.215,0.3,2.0,3.0,16,139.4,0,0,0,0,139.4
0.215,0.215,0.3,2.0,3.0,17,150.4,3,0,3,0,240.4
0.215,0.215,0.3,2.0,3.0,18,139.4,0,0,0,0,139.4
0.215,0.215,0.3,2.0,3.0,19,139.5,0,0,0,0,139.5
0.215,0.215,0.3,2.0,3.0,20,139.6,0,0,0,0,139.6
0.215,0.215,0.3,3.0,2.0,1,139.5,0,0,0,0,139.5
0.215,0.215,0.3,3.0,2.0,2,139.4,0,0,0,0,139.4
0.215,0.215,0.3,3.0,2.0,3,139.5,0,0,0,0,139.5
0.215,0.215,0.3,3.0,2.0,4,140.0,3,0,3,0,230.0
0.215,0.215,0.3,3.0,2.0,5,139.5,0,0,0,0,139.5
0.215,0.215,0.3,3.0,2.0,6,141.1,1,0,1,0,171.1
0.215,0.215,0.3,3.0,2.0,7,139.8,1,0,1,0,169.8
0.215,0.215,0.3,3.0,2.0,8,139.7,1,0,1,0,169.7
0.215,0.215,0.3,3.0,2.0,9,139.4,0,0,0,0,139.4
0.215,0.215,0.3,3.0,2.0,10,139.4,0,0,0,0,139.4
0.215,0.215,0.3,3.0,2.0,11,139.5,0,0,0,0,139.5
0.215,0.215,0.3,3.0,2.0,12,139.5,0,0,0,0,139.5
0.215,0.215,0.3,3.0,2.0,13,139.5,0,0,0,0,139.5
0.215,0.215,0.3,3.0,2.0,14,139.7,0,0,0,0,139.7
0.215,0.215,0.3,3.0,2.0,15,139.4,0,0,0,0,139.4
0.215,0.215,0.3,3.0,2.0,16,139.4,0,0,0,0,139.4
0.215,0.215,0.3,3.0,2.0,17,140.2,1,0,1,0,170.2
0.215,0.215,0.3,3.0,2.0,18,139.4,0,0,0,0,139.4
0.215,0.215,0.3,3.0,2.0,19,139.5,0,0,0,0,139.5
0.215,0.215,0.3,3.0,2.0,20,139.4,0,0,0,0,139.4
0.215,0.215,0.3,3.0,3.0,1,139.4,0,0,0,0,139.4
0.215,0.215,0.3,3.0,3.0,2,139.3,0,0,0,0,139.3
0.215,0.215,0.3,3.0,3.0,3,139.4,0,0,0,0,139.4
0.215,0.215,0.3,3.0,3.0,4,139.9,3,0,3,0,229.9
0.215,0.215,0.3,3.0,3.0,5,139.4,0,0,0,0,139.4
0.215,0.215,0.3,3.0,3.0,6,141.2,2,0,2,0,201.2
0.215,0.215,0.3,3.0,3.0,7,139.7,1,0,1,0,169.7
0.215,0.215,0.3,3.0,3.0,8,139.6,1,0,1,0,169.6
0.215,0.215,0.3,3.0,3.0,9,139.3,0,0,0,0,139.3
0.215,0.215,0.3,3.0,3.0,10,139.3,0,0,0,0,139.3
0.215,0.215,0.3,3.0,3.0,11,139.4,0,0,0,0,139.4
0.215,0.215,0.3,3.0,3.0,12,139.4,0,0,0,0,139.4
0.215,0.215,0.3,3.0,3.0,13,139.5,0,0,0,0,139.5
0.215,0.215,0.3,3.0,3.0,14,139.6,0,0,0,0,139.6
0.215,0.215,0.3,3.0,3.0,15,139.3,0,0,0,0,139.3
0.215,0.215,0.3,3.0,3.0,16,139.3,0,0,0,0,139.3
0.215,0.215,0.3,3.0,3.0,17,140.3,1,0,1,0,170.3
0.215,0.215,0.3,3.0,3.0,18,139.3,0,0,0,0,139.3
0.215,0.215,0.3,3.0,3.0,19,139.4,0,0,0,0,139.4
0.215,0.215,0.3,3.0,3.0,20,139.4,0,0,0,0,139.4
0.215,0.215,0.35,2.0,2.0,1,139.8,0,0,0,0,139.8
0.215,0.215,0.35,2.0,2.0,2,139.7,0,0,0,0,139.7
0.215,0.215,0.35,2.0,2.0,3,139.9,0,0,0,0,139.9
0.215,0.215,0.35,2.0,2.0,4,140.1,0,0,0,0,140.1
0.215,0.215,0.35,2.0,2.0,5,139.9,0,0,0,0,139.9
0.215,0.215,0.35,2.0,2.0,6,140.3,0,0,0,0,140.3
0.215,0.215,0.35,2.0,2.0,7,142.8,1,0,1,0,172.8
0.215,0.215,0.35,2.0,2.0,8,141.7,2,0,2,0,201.7
0.215,0.215,0.35,2.0,2.0,9,139.8,0,0,0,0,139.8
0.215,0.215,0.35,2.0,2.0,10,139.7,0,0,0,0,139.7
0.215,0.215,0.35,2.0,2.0,11,139.9,0,0,0,0,139.9
0.215,0.215,0.35,2.0,2.0,12,139.8,0,0,0,0,139.8
0.215,0.215,0.35,2.0,2.0,13,139.8,0,0,0,0,139.8
0.215,0.215,0.35,2.0,2.0,14,140.7,1,0,1,0,170.7
0.215,0.215,0.35,2.0,2.0,15,139.7,0,0,0,0,139.7
0.215,0.215,0.35,2.0,2.0,16,139.7,0,0,0,0,139.7
0.215,0.215,0.35,2.0,2.0,17,143.4,3,0,3,0,233.4
0.215,0.215,0.35,2.0,2.0,18,139.7,0,0,0,0,139.7
0.215,0.215,0.35,2.0,2.0,19,139.8,0,0,0,0,139.8
0.215,0.215,0.35,2.0,2.0,20,139.9,0,0,0,0,139.9
0.215,0.215,0.35,2.0,3.0,1,139.5,0,0,0,0,139.5
0.215,0.215,0.35,2.0,3.0,2,139.4,0,0,0,0,139.4
0.215,0.215,0.35,2.0,3.0,3,139.6,0,0,0,0,139.6
0.215,0.215,0.35,2.0,3.0,4,139.8,0,0,0,0,139.8
0.215,0.215,0.35,2.0,3.0,5,139.6,0,0,0,0,139.6
0.215,0.215,0.35,2.0,3.0,6,140.0,0,0,0,0,140.0
0.215,0.215,0.35,2.0,3.0,7,142.5,1,0,1,0,172.5
0.215,0.215,0.35,2.0,3.0,8,141.4,3,0,3,0,231.4
0.215,0.215,0.35,2.0,3.0,9,139.5,0,0,0,0,139.5
0.215,0.215,0.35,2.0,3.0,10,139.4,0,0,0,0,139.4
0.215,0.215,0.35,2.0,3.0,11,139.6,0,0,0,0,139.6
0.215,0.215,0.35,2.0,3.0,12,139.5,0,0,0,0,139.5
0.215,0.215,0.35,2.0,3.0,13,139.5,0,0,0,0,139.5
0.215,0.215,0.35,2.0,3.0,14,140.4,1,0,1,0,170.4
0.215,0.215,0.35,2.0,3.0,15,139.4,0,0,0,0,139.4
0.215,0.215,0.35,2.0,3.0,16,139.4,0,0,0,0,139.4
0.215,0.215,0.35,2.0,3.0,17,143.0,3,0,3,0,233.0
0.215,0.215,0.35,2.0,3.0,18,139.4,0,0,0,0,139.4
0.215,0.215,0.35,2.0,3.0,19,139.5,0,0,0,0,139.5
0.215,0.215,0.35,2.0,3.0,20,139.6,0,0,0,0,139.6
0.215,0.215,0.35,3.0,2.0,1,139.5,0,0,0,0,139.5
0.215,0.215,0.35,3.0,2.0,2,139.4,0,0,0,0,139.4
0.215,0.215,0.35,3.0,2.0,3,139.5,0,0,0,0,139.5
0.215,0.215,0.35,3.0,2.0,4,140.1,2,0,2,0,200.1
0.215,0.215,0.35,3.0,2.0,5,139.5,0,0,0,0,139.5
0.215,0.215,0.35,3.0,2.0,6,141.5,1,0,1,0,171.5
0.215,0.215,0.35,3.0,2.0,7,139.8,1,0,1,0,169.8
0.215,0.215,0.35,3.0,2.0,8,139.7,1,0,1,0,169.7
0.215,0.215,0.35,3.0,2.0,9,139.4,0,0,0,0,139.4
0.215,0.215,0.35,3.0,2.0,10,139.4,0,0,0,0,139.4
0.215,0.215,0.35,3.0,2.0,11,139.5,0,0,0,0,139.5
0.215,0.215,0.35,3.0,2.0,12,139.5,0,0,0,0,139.5
0.215,0.215,0.35,3.0,2.0,13,139.5,0,0,0,0,139.5
0.215,0.215,0.35,3.0,2.0,14,139.7,0,0,0,0,139.7
0.215,0.215,0.35,3.0,2.0,15,139.4,0,0,0,0,139.4
0.215,0.215,0.35,3.0,2.0,16,139.4,0,0,0,0,139.4
0.215,0.215,0.35,3.0,2.0,17,139.9,2,0,2,0,199.9
0.215,0.215,0.35,3.0,2.0,18,139.4,0,0,0,0,139.4
0.215,0.215,0.35,3.0,2.0,19,139.5,0,0,0,0,139.5
0.215,0.215,0.35,3.0,2.0,20,139.5,0,0,0,0,139.5
0.215,0.215,0.35,3.0,3.0,1,139.4,0,0,0,0,139.4
0.215,0.215,0.35,3.0,3.0,2,139.3,0,0,0,0,139.3
0.215,0.215,0.35,3.0,3.0,3,139.4,0,0,0,0,139.4
0.215,0.215,0.35,3.0,3.0,4,140.0,2,0,2,0,200.0
0.215,0.215,0.35,3.0,3.0,5,139.4,0,0,0,0,139.4
0.215,0.215,0.35,3.0,3.0,6,141.4,1,0,1,0,171.4
0.215,0.215,0.35,3.0,3.0,7,140.1,1,0,1,0,170.1
0.215,0.215,0.35,3.0,3.0,8,139.6,1,0,1,0,169.6
0.215,0.215,0.35,3.0,3.0,9,139.3,0,0,0,0,139.3
0.215,0.215,0.35,3.0,3.0,10,139.3,0,0,0,0,139.3
0.215,0.215,0.35,3.0,3.0,11,139.4,0,0,0,0,139.4
0.215,0.215,0.35,3.0,3.0,12,139.4,0,0,0,0,139.4
0.215,0.215,0.35,3.0,3.0,13,139.4,0,0,0,0,139.4
0.215,0.215,0.35,3.0,3.0,14,139.6,0,0,0,0,139.6
0.215,0.215,0.35,3.0,3.0,15,139.3,0,0,0,0,139.3
0.215,0.215,0.35,3.0,3.0,16,139.3,0,0,0,0,139.3
0.215,0.215,0.35,3.0,3.0,17,139.7,2,0,2,0,199.7
0.215,0.215,0.35,3.0,3.0,18,139.3,0,0,0,0,139.3
0.215,0.215,0.35,3.0,3.0,19,139.4,0,0,0,0,139.4
0.215,0.215,0.35,3.0,3.0,20,139.4,0,0,0,0,139.4
0.215,0.215,0.45,2.0,2.0,1,1476.6,0,0,0,9,1476.6
0.215,0.215,0.45,2.0,2.0,2,1476.6,0,0,0,9,1476.6
0.215,0.215,0.45,2.0,2.0,3,1476.6,0,0,0,9,1476.6
0.215,0.215,0.45,2.0,2.0,4,1476.6,0,0,0,9,1476.6
0.215,0.215,0.45,2.0,2.0,5,909.0,1,0,0,6,939.0
0.215,0.215,0.45,2.0,2.0,6,1476.6,0,0,0,9,1476.6
0.215,0.215,0.45,2.0,2.0,7,1476.6,0,0,0,9,1476.6
0.215,0.215,0.45,2.0,2.0,8,1476.6,0,0,0,9,1476.6
0.215,0.215,0.45,2.0,2.0,9,1476.6,0,0,0,9,1476.6
0.215,0.215,0.45,2.0,2.0,10,375.5,1,1,0,2,405.5
0.215,0.215,0.45,2.0,2.0,11,1476.6,0,0,0,9,1476.6
0.215,0.215,0.45,2.0,2.0,12,175.5,1,1,0,0,205.5
0.215,0.215,0.45,2.0,2.0,13,1476.6,0,0,0,9,1476.6
0.215,0.215,0.45,2.0,2.0,14,1476.6,0,0,0,9,1476.6
0.215,0.215,0.45,2.0,2.0,15,1476.6,0,0,0,9,1476.6
0.215,0.215,0.45,2.0,2.0,16,1476.6,0,0,0,9,1476.6
0.215,0.215,0.45,2.0,2.0,17,1476.6,0,0,0,9,1476.6
0.215,0.215,0.45,2.0,2.0,18,1476.6,0,0,0,9,1476.6
0.215,0.215,0.45,2.0,2.0,19,1476.6,0,0,0,9,1476.6
0.215,0.215,0.45,2.0,2.0,20,1476.6,0,0,0,9,1476.6
0.215,0.215,0.45,2.0,3.0,1,403.2,0,0,0,1,403.2
0.215,0.215,0.45,2.0,3.0,2,139.4,0,0,0,0,139.4
0.215,0.215,0.45,2.0,3.0,3,139.9,1,0,1,0,169.9
0.215,0.215,0.45,2.0,3.0,4,139.8,0,0,0,0,139.8
0.215,0.215,0.45,2.0,3.0,5,139.7,0,0,0,0,139.7
0.215,0.215,0.45,2.0,3.0,6,140.4,0,0,0,0,140.4
0.215,0.215,0.45,2.0,3.0,7,141.2,1,0,1,0,171.2
0.215,0.215,0.45,2.0,3.0,8,140.7,1,0,1,0,170.7
0.215,0.215,0.45,2.0,3.0,9,139.5,0,0,0,0,139.5
0.215,0.215,0.45,2.0,3.0,10,139.5,0,0,0,0,139.5
0.215,0.215,0.45,2.0,3.0,11,144.7,1,0,1,0,174.7
0.215,0.215,0.45,2.0,3.0,12,139.5,0,0,0,0,139.5
0.215,0.215,0.45,2.0,3.0,13,139.5,0,0,0,0,139.5
0.215,0.215,0.45,2.0,3.0,14,139.9,1,0,1,0,169.9
0.215,0.215,0.45,2.0,3.0,15,139.4,0,0,0,0,139.4
0.215,0.215,0.45,2.0,3.0,16,139.4,0,0,0,0,139.4
0.215,0.215,0.45,2.0,3.0,17,142.6,3,0,3,0,232.6
0.215,0.215,0.45,2.0,3.0,18,139.4,0,0,0,0,139.4
0.215,0.215,0.45,2.0,3.0,19,139.5,0,0,0,0,139.5
0.215,0.215,0.45,2.0,3.0,20,403.2,0,0,0,1,403.2
0.215,0.215,0.45,3.0,2.0,1,907.2,1,0,1,6,937.2
0.215,0.215,0.45,3.0,2.0,2,141.5,3,2,0,0,231.5
0.215,0.215,0.45,3.0,2.0,3,907.1,1,0,1,6,937.1
0.215,0.215,0.45,3.0,2.0,4,907.0,0,0,0,6,907.0
0.215,0.215,0.45,3.0,2.0,5,906.9,0,0,0,6,906.9
0.215,0.215,0.45,3.0,2.0,6,908.9,1,0,1,6,938.9
0.215,0.215,0.45,3.0,2.0,7,906.9,0,0,0,6,906.9
0.215,0.215,0.45,3.0,2.0,8,141.9,4,2,1,0,261.9
0.215,0.215,0.45,3.0,2.0,9,141.6,3,2,0,0,231.6
0.215,0.215,0.45,3.0,2.0,10,141.2,4,2,1,0,261.2
0.215,0.215,0.45,3.0,2.0,11,907.1,0,0,0,6,907.1
0.215,0.215,0.45,3.0,2.0,12,141.2,3,2,0,0,231.2
0.215,0.215,0.45,3.0,2.0,13,908.4,0,0,0,6,908.4
0.215,0.215,0.45,3.0,2.0,14,907.1,0,0,0,6,907.1
0.215,0.215,0.45,3.0,2.0,15,906.8,0,0,0,6,906.8
0.215,0.215,0.45,3.0,2.0,16,906.9,0,0,0,6,906.9
0.215,0.215,0.45,3.0,2.0,17,734.6,1,0,1,5,764.6
0.215,0.215,0.45,3.0,2.0,18,906.9,0,0,0,6,906.9
0.215,0.215,0.45,3.0,2.0,19,906.4,0,0,0,6,906.4
0.215,0.215,0.45,3.0,2.0,20,916.9,1,0,1,6,946.9
0.215,0.215,0.45,3.0,3.0,1,140.7,1,0,1,0,170.7
0.215,0.215,0.45,3.0,3.0,2,139.4,0,0,0,0,139.4
0.215,0.215,0.45,3.0,3.0,3,140.2,1,0,1,0,170.2
0.215,0.215,0.45,3.0,3.0,4,139.7,0,0,0,0,139.7
0.215,0.215,0.45,3.0,3.0,5,139.6,0,0,0,0,139.6
0.215,0.215,0.45,3.0,3.0,6,141.5,1,0,1,0,171.5
0.215,0.215,0.45,3.0,3.0,7,139.8,1,0,1,0,169.8
0.215,0.215,0.45,3.0,3.0,8,139.8,1,0,1,0,169.8
0.215,0.215,0.45,3.0,3.0,9,139.5,0,0,0,0,139.5
0.215,0.215,0.45,3.0,3.0,10,139.5,1,0,1,0,169.5
0.215,0.215,0.45,3.0,3.0,11,139.7,0,0,0,0,139.7
0.215,0.215,0.45,3.0,3.0,12,139.5,0,0,0,0,139.5
0.215,0.215,0.45,3.0,3.0,13,139.5,0,0,0,0,139.5
0.215,0.215,0.45,3.0,3.0,14,139.7,0,0,0,0,139.7
0.215,0.215,0.45,3.0,3.0,15,139.4,0,0,0,0,139.4
0.215,0.215,0.45,3.0,3.0,16,139.4,0,0,0,0,139.4
0.215,0.215,0.45,3.0,3.0,17,140.1,1,0,1,0,170.1
0.215,0.215,0.45,3.0,3.0,18,139.4,0,0,0,0,139.4
0.215,0.215,0.45,3.0,3.0,19,139.5,0,0,0,0,139.5
0.215,0.215,0.45,3.0,3.0,20,142.0,1,0,1,0,172.0
0.25,0.25,0.15,2.0,2.0,1,140.2,3,0,2,0,230.2
0.25,0.25,0.15,2.0,2.0,2,139.3,1,0,0,0,169.3
0.25,0.25,0.15,2.0,2.0,3,139.4,2,0,1,0,199.4
0.25,0.25,0.15,2.0,2.0,4,145.9,5,0,4,0,295.9
0.25,0.25,0.15,2.0,2.0,5,139.4,3,0,2,0,229.4
0.25,0.25,0.15,2.0,2.0,6,140.2,3,0,2,0,230.2
0.25,0.25,0.15,2.0,2.0,7,139.4,3,0,2,0,229.4
0.25,0.25,0.15,2.0,2.0,8,140.5,3,0,2,0,230.5
0.25,0.25,0.15,2.0,2.0,9,139.3,1,0,0,0,169.3
0.25,0.25,0.15,2.0,2.0,10,139.3,1,0,0,0,169.3
0.25,0.25,0.15,2.0,2.0,11,139.4,2,0,1,0,199.4
0.25,0.25,0.15,2.0,2.0,12,139.4,2,0,1,0,199.4
0.25,0.25,0.15,2.0,2.0,13,139.5,2,0,1,0,199.5
0.25,0.25,0.15,2.0,2.0,14,141.6,3,0,2,0,231.6
0.25,0.25,0.15,2.0,2.0,15,139.3,1,0,0,0,169.3
0.25,0.25,0.15,2.0,2.0,16,139.3,1,0,0,0,169.3
0.25,0.25,0.15,2.0,2.0,17,139.4,4,0,3,0,259.4
0.25,0.25,0.15,2.0,2.0,18,139.3,1,0,0,0,169.3
0.25,0.25,0.15,2.0,2.0,19,139.6,5,0,4,0,289.6
0.25,0.25,0.15,2.0,2.0,20,139.4,2,0,1,0,199.4
0.25,0.25,0.15,2.0,3.0,1,140.2,3,0,2,0,230.2
0.25,0.25,0.15,2.0,3.0,2,139.3,1,0,0,0,169.3
0.25,0.25,0.15,2.0,3.0,3,139.4,2,0,1,0,199.4
0.25,0.25,0.15,2.0,3.0,4,145.9,5,0,4,0,295.9
0.25,0.25,0.15,2.0,3.0,5,139.4,3,0,2,0,229.4
0.25,0.25,0.15,2.0,3.0,6,140.2,3,0,2,0,230.2
0.25,0.25,0.15,2.0,3.0,7,139.4,3,0,2,0,229.4
0.25,0.25,0.15,2.0,3.0,8,140.5,3,0,2,0,230.5
0.25,0.25,0.15,2.0,3.0,9,139.3,1,0,0,0,169.3
0.25,0.25,0.15,2.0,3.0,10,139.3,1,0,0,0,169.3
0.25,0.25,0.15,2.0,3.0,11,139.4,2,0,1,0,199.4
0.25,0.25,0.15,2.0,3.0,12,139.4,2,0,1,0,199.4
0.25,0.25,0.15,2.0,3.0,13,139.5,2,0,1,0,199.5
0.25,0.25,0.15,2.0,3.0,14,141.6,3,0,2,0,231.6
0.25,0.25,0.15,2.0,3.0,15,139.3,1,0,0,0,169.3
0.25,0.25,0.15,2.0,3.0,16,139.3,1,0,0,0,169.3
0.25,0.25,0.15,2.0,3.0,17,139.4,4,0,3,0,259.4
0.25,0.25,0.15,2.0,3.0,18,139.3,1,0,0,0,169.3
0.25,0.25,0.15,2.0,3.0,19,139.6,5,0,4,0,289.6
0.25,0.25,0.15,2.0,3.0,20,139.4,2,0,1,0,199.4
0.25,0.25,0.15,3.0,2.0,1,139.5,3,0,2,0,229.5
0.25,0.25,0.15,3.0,2.0,2,139.3,1,0,0,0,169.3
0.25,0.25,0.15,3.0,2.0,3,139.4,1,0,0,0,169.4
0.25,0.25,0.15,3.0,2.0,4,141.4,4,0,3,0,261.4
0.25,0.25,0.15,3.0,2.0,5,139.4,2,0,1,0,199.4
0.25,0.25,0.15,3.0,2.0,6,139.5,2,0,1,0,199.5
0.25,0.25,0.15,3.0,2.0,7,139.4,2,0,1,0,199.4
0.25,0.25,0.15,3.0,2.0,8,139.5,4,0,3,0,259.5
0.25,0.25,0.15,3.0,2.0,9,139.3,1,0,0,0,169.3
0.25,0.25,0.15,3.0,2.0,10,139.3,1,0,0,0,169.3
0.25,0.25,0.15,3.0,2.0,11,139.4,2,0,1,0,199.4
0.25,0.25,0.15,3.0,2.0,12,139.4,1,0,0,0,169.4
0.25,0.25,0.15,3.0,2.0,13,139.4,2,0,1,0,199.4
0.25,0.25,0.15,3.0,2.0,14,141.5,3,0,2,0,231.5
0.25,0.25,0.15,3.0,2.0,15,139.3,1,0,0,0,169.3
0.25,0.25,0.15,3.0,2.0,16,139.3,1,0,0,0,169.3
0.25,0.25,0.15,3.0,2.0,17,139.4,3,0,2,0,229.4
0.25,0.25,0.15,3.0,2.0,18,139.3,1,0,0,0,169.3
0.25,0.25,0.15,3.0,2.0,19,139.5,4,0,3,0,259.5
0.25,0.25,0.15,3.0,2.0,20,139.4,1,0,0,0,169.4
0.25,0.25,0.15,3.0,3.0,1,139.5,3,0,2,0,229.5
0.25,0.25,0.15,3.0,3.0,2,139.3,1,0,0,0,169.3
0.25,0.25,0.15,3.0,3.0,3,139.4,1,0,0,0,169.4
0.25,0.25,0.15,3.0,3.0,4,141.4,4,0,3,0,261.4
0.25,0.25,0.15,3.0,3.0,5,139.4,2,0,1,0,199.4
0.25,0.25,0.15,3.0,3.0,6,139.5,2,0,1,0,199.5
0.25,0.25,0.15,3.0,3.0,7,139.4,2,0,1,0,199.4
0.25,0.25,0.15,3.0,3.0,8,139.5,4,0,3,0,259.5
0.25,0.25,0.15,3.0,3.0,9,139.3,1,0,0,0,169.3
0.25,0.25,0.15,3.0,3.0,10,139.3,1,0,0,0,169.3
0.25,0.25,0.15,3.0,3.0,11,139.4,2,0,1,0,199.4
0.25,0.25,0.15,3.0,3.0,12,139.4,1,0,0,0,169.4
0.25,0.25,0.15,3.0,3.0,13,139.4,2,0,1,0,199.4
0.25,0.25,0.15,3.0,3.0,14,141.5,3,0,2,0,231.5
0.25,0.25,0.15,3.0,3.0,15,139.3,1,0,0,0,169.3
0.25,0.25,0.15,3.0,3.0,16,139.3,1,0,0,0,169.3
0.25,0.25,0.15,3.0,3.0,17,139.4,3,0,2,0,229.4
0.25,0.25,0.15,3.0,3.0,18,139.3,1,0,0,0,169.3
0.25,0.25,0.15,3.0,3.0,19,139.5,4,0,3,0,259.5
0.25,0.25,0.15,3.0,3.0,20,139.4,1,0,0,0,169.4
0.25,0.25,0.2,2.0,2.0,1,139.5,1,0,0,0,169.5
0.25,0.25,0.2,2.0,2.0,2,139.4,1,0,0,0,169.4
0.25,0.25,0.2,2.0,2.0,3,139.6,2,0,1,0,199.6
0.25,0.25,0.2,2.0,2.0,4,140.8,4,0,3,0,260.8
0.25,0.25,0.2,2.0,2.0,5,139.6,3,0,2,0,229.6
0.25,0.25,0.2,2.0,2.0,6,140.5,3,0,2,0,230.5
0.25,0.25,0.2,2.0,2.0,7,147.5,3,0,2,0,237.5
0.25,0.25,0.2,2.0,2.0,8,140.6,3,0,2,0,230.6
0.25,0.25,0.2,2.0,2.0,9,139.4,1,0,0,0,169.4
0.25,0.25,0.2,2.0,2.0,10,139.4,1,0,0,0,169.4
0.25,0.25,0.2,2.0,2.0,11,139.5,2,0,1,0,199.5
0.25,0.25,0.2,2.0,2.0,12,139.5,1,0,0,0,169.5
0.25,0.25,0.2,2.0,2.0,13,139.6,2,0,1,0,199.6
0.25,0.25,0.2,2.0,2.0,14,140.9,3,0,2,0,230.9
0.25,0.25,0.2,2.0,2.0,15,139.4,1,0,0,0,169.4
0.25,0.25,0.2,2.0,2.0,16,139.4,1,0,0,0,169.4
0.25,0.25,0.2,2.0,2.0,17,140.3,4,0,3,0,260.3
0.25,0.25,0.2,2.0,2.0,18,139.4,1,0,0,0,169.4
0.25,0.25,0.2,2.0,2.0,19,139.5,2,0,1,0,199.5
0.25,0.25,0.2,2.0,2.0,20,139.6,2,0,1,0,199.6
0.25,0.25,0.2,2.0,3.0,1,139.5,1,0,0,0,169.5
0.25,0.25,0.2,2.0,3.0,2,139.4,1,0,0,0,169.4
0.25,0.25,0.2,2.0,3.0,3,139.6,2,0,1,0,199.6
0.25,0.25,0.2,2.0,3.0,4,140.8,4,0,3,0,260.8
0.25,0.25,0.2,2.0,3.0,5,139.6,3,0,2,0,229.6
0.25,0.25,0.2,2.0,3.0,6,140.5,3,0,2,0,230.5
0.25,0.25,0.2,2.0,3.0,7,147.5,3,0,2,0,237.5
0.25,0.25,0.2,2.0,3.0,8,140.6,3,0,2,0,230.6
0.25,0.25,0.2,2.0,3.0,9,139.4,1,0,0,0,169.4
0.25,0.25,0.2,2.0,3.0,10,139.4,1,0,0,0,169.4
0.25,0.25,0.2,2.0,3.0,11,139.5,2,0,1,0,199.5
0.25,0.25,0.2,2.0,3.0,12,139.5,1,0,0,0,169.5
0.25,0.25,0.2,2.0,3.0,13,139.6,2,0,1,0,199.6
0.25,0.25,0.2,2.0,3.0,14,140.9,3,0,2,0,230.9
0.25,0.25,0.2,2.0,3.0,15,139.4,1,0,0,0,169.4
0.25,0.25,0.2,2.0,3.0,16,139.4,1,0,0,0,169.4
0.25,0.25,0.2,2.0,3.0,17,140.3,4,0,3,0,260.3
0.25,0.25,0.2,2.0,3.0,18,139.4,1,0,0,0,169.4
0.25,0.25,0.2,2.0,3.0,19,139.5,2,0,1,0,199.5
0.25,0.25,0.2,2.0,3.0,20,139.6,2,0,1,0,199.6
0.25,0.25,0.2,3.0,2.0,1,139.4,0,0,0,0,139.4
0.25,0.25,0.2,3.0,2.0,2,139.3,0,0,0,0,139.3
0.25,0.25,0.2,3.0,2.0,3,139.4,0,0,0,0,139.4
0.25,0.25,0.2,3.0,2.0,4,142.4,3,0,3,0,232.4
0.25,0.25,0.2,3.0,2.0,5,139.4,0,0,0,0,139.4
0.25,0.25,0.2,3.0,2.0,6,139.6,1,0,1,0,169.6
0.25,0.25,0.2,3.0,2.0,7,139.7,1,0,1,0,169.7
0.25,0.25,0.2,3.0,2.0,8,139.6,2,0,2,0,199.6
0.25,0.25,0.2,3.0,2.0,9,139.3,0,0,0,0,139.3
0.25,0.25,0.2,3.0,2.0,10,139.3,0,0,0,0,139.3
0.25,0.25,0.2,3.0,2.0,11,139.4,0,0,0,0,139.4
0.25,0.25,0.2,3.0,2.0,12,139.4,0,0,0,0,139.4
0.25,0.25,0.2,3.0,2.0,13,139.4,1,0,1,0,169.4
0.25,0.25,0.2,3.0,2.0,14,146.6,1,0,1,0,176.6
0.25,0.25,0.2,3.0,2.0,15,139.3,0,0,0,0,139.3
0.25,0.25,0.2,3.0,2.0,16,139.3,0,0,0,0,139.3
0.25,0.25,0.2,3.0,2.0,17,139.5,2,0,2,0,199.5
0.25,0.25,0.2,3.0,2.0,18,139.3,0,0,0,0,139.3
0.25,0.25,0.2,3.0,2.0,19,139.4,0,0,0,0,139.4
0.25,0.25,0.2,3.0,2.0,20,139.4,0,0,0,0,139.4
0.25,0.25,0.2,3.0,3.0,1,139.4,0,0,0,0,139.4
0.25,0.25,0.2,3.0,3.0,2,139.3,0,0,0,0,139.3
0.25,0.25,0.2,3.0,3.0,3,139.4,0,0,0,0,139.4
0.25,0.25,0.2,3.0,3.0,4,142.4,3,0,3,0,232.4
0.25,0.25,0.2,3.0,3.0,5,139.4,0,0,0,0,139.4
0.25,0.25,0.2,3.0,3.0,6,139.6,1,0,1,0,169.6
0.25,0.25,0.2,3.0,3.0,7,139.7,1,0,1,0,169.7
0.25,0.25,0.2,3.0,3.0,8,139.6,2,0,2,0,199.6
0.25,0.25,0.2,3.0,3.0,9,139.3,0,0,0,0,139.3
0.25,0.25,0.2,3.0,3.0,10,139.3,0,0,0,0,139.3
0.25,0.25,0.2,3.0,3.0,11,139.4,0,0,0,0,139.4
0.25,0.25,0.2,3.0,3.0,12,139.4,0,0,0,0,139.4
0.25,0.25,0.2,3.0,3.0,13,139.4,1,0,1,0,169.4
0.25,0.25,0.2,3.0,3.0,14,146.6,1,0,1,0,176.6
0.25,0.25,0.2,3.0,3.0,15,139.3,0,0,0,0,139.3
0.25,0.25,0.2,3.0,3.0,16,139.3,0,0,0,0,139.3
0.25,0.25,0.2,3.0,3.0,17,139.5,2,0,2,0,199.5
0.25,0.25,0.2,3.0,3.0,18,139.3,0,0,0,0,139.3
0.25,0.25,0.2,3.0,3.0,19,139.4,0,0,0,0,139.4
0.25,0.25,0.2,3.0,3.0,20,139.4,0,0,0,0,139.4
0.25,0.25,0.25,2.0,2.0,1,139.5,0,0,0,0,139.5
0.25,0.25,0.25,2.0,2.0,2,139.4,0,0,0,0,139.4
0.25,0.25,0.25,2.0,2.0,3,139.5,0,0,0,0,139.5
0.25,0.25,0.25,2.0,2.0,4,140.5,2,0,2,0,200.5
0.25,0.25,0.25,2.0,2.0,5,139.6,2,0,2,0,199.6
0.25,0.25,0.25,2.0,2.0,6,139.7,2,0,2,0,199.7
0.25,0.25,0.25,2.0,2.0,7,142.6,2,0,2,0,202.6
0.25,0.25,0.25,2.0,2.0,8,141.1,3,0,3,0,231.1
0.25,0.25,0.25,2.0,2.0,9,139.4,0,0,0,0,139.4
0.25,0.25,0.25,2.0,2.0,10,139.4,0,0,0,0,139.4
0.25,0.25,0.25,2.0,2.0,11,139.5,1,0,1,0,169.5
0.25,0.25,0.25,2.0,2.0,12,139.5,0,0,0,0,139.5
0.25,0.25,0.25,2.0,2.0,13,139.4,0,0,0,0,139.4
0.25,0.25,0.25,2.0,2.0,14,143.9,2,0,2,0,203.9
0.25,0.25,0.25,2.0,2.0,15,139.4,0,0,0,0,139.4
0.25,0.25,0.25,2.0,2.0,16,139.4,0,0,0,0,139.4
0.25,0.25,0.25,2.0,2.0,17,149.8,3,0,3,0,239.8
0.25,0.25,0.25,2.0,2.0,18,139.2,0,0,0,0,139.2
0.25,0.25,0.25,2.0,2.0,19,139.5,1,0,1,0,169.5
0.25,0.25,0.25,2.0,2.0,20,139.5,1,0,1,0,169.5
0.25,0.25,0.25,2.0,3.0,1,139.5,1,0,0,0,169.5
0.25,0.25,0.25,2.0,3.0,2,139.4,1,0,0,0,169.4
0.25,0.25,0.25,2.0,3.0,3,139.6,1,0,0,0,169.6
0.25,0.25,0.25,2.0,3.0,4,140.5,3,0,2,0,230.5
0.25,0.25,0.25,2.0,3.0,5,139.6,3,0,2,0,229.6
0.25,0.25,0.25,2.0,3.0,6,139.7,3,0,2,0,229.7
0.25,0.25,0.25,2.0,3.0,7,142.5,3,0,2,0,232.5
0.25,0.25,0.25,2.0,3.0,8,141.2,4,0,3,0,261.2
0.25,0.25,0.25,2.0,3.0,9,139.4,1,0,0,0,169.4
0.25,0.25,0.25,2.0,3.0,10,139.4,1,0,0,0,169.4
0.25,0.25,0.25,2.0,3.0,11,139.6,2,0,1,0,199.6
0.25,0.25,0.25,2.0,3.0,12,139.5,1,0,0,0,169.5
0.25,0.25,0.25,2.0,3.0,13,139.5,1,0,0,0,169.5
0.25,0.25,0.25,2.0,3.0,14,140.9,3,0,2,0,230.9
0.25,0.25,0.25,2.0,3.0,15,139.4,1,0,0,0,169.4
0.25,0.25,0.25,2.0,3.0,16,139.4,1,0,0,0,169.4
0.25,0.25,0.25,2.0,3.0,17,147.1,4,0,3,0,267.1
0.25,0.25,0.25,2.0,3.0,18,139.4,1,0,0,0,169.4
0.25,0.25,0.25,2.0,3.0,19,139.5,2,0,1,0,199.5
0.25,0.25,0.25,2.0,3.0,20,139.6,2,0,1,0,199.6
0.25,0.25,0.25,3.0,2.0,1,139.4,0,0,0,0,139.4
0.25,0.25,0.25,3.0,2.0,2,139.3,0,0,0,0,139.3
0.25,0.25,0.25,3.0,2.0,3,139.4,0,0,0,0,139.4
0.25,0.25,0.25,3.0,2.0,4,139.8,3,0,3,0,229.8
0.25,0.25,0.25,3.0,2.0,5,139.4,0,0,0,0,139.4
0.25,0.25,0.25,3.0,2.0,6,139.6,1,0,1,0,169.6
0.25,0.25,0.25,3.0,2.0,7,139.7,1,0,1,0,169.7
0.25,0.25,0.25,3.0,2.0,8,139.5,2,0,2,0,199.5
0.25,0.25,0.25,3.0,2.0,9,139.3,0,0,0,0,139.3
0.25,0.25,0.25,3.0,2.0,10,139.2,0,0,0,0,139.2
0.25,0.25,0.25,3.0,2.0,11,139.4,0,0,0,0,139.4
0.25,0.25,0.25,3.0,2.0,12,139.3,0,0,0,0,139.3
0.25,0.25,0.25,3.0,2.0,13,139.4,1,0,1,0,169.4
0.25,0.25,0.25,3.0,2.0,14,139.5,1,0,1,0,169.5
0.25,0.25,0.25,3.0,2.0,15,139.2,0,0,0,0,139.2
0.25,0.25,0.25,3.0,2.0,16,139.3,0,0,0,0,139.3
0.25,0.25,0.25,3.0,2.0,17,140.7,2,0,2,0,200.7
0.25,0.25,0.25,3.0,2.0,18,139.2,0,0,0,0,139.2
0.25,0.25,0.25,3.0,2.0,19,139.3,0,0,0,0,139.3
0.25,0.25,0.25,3.0,2.0,20,139.6,0,0,0,0,139.6
0.25,0.25,0.25,3.0,3.0,1,139.4,0,0,0,0,139.4
0.25,0.25,0.25,3.0,3.0,2,139.3,0,0,0,0,139.3
0.25,0.25,0.25,3.0,3.0,3,139.4,0,0,0,0,139.4
0.25,0.25,0.25,3.0,3.0,4,139.9,3,0,3,0,229.9
0.25,0.25,0.25,3.0,3.0,5,139.4,0,0,0,0,139.4
0.25,0.25,0.25,3.0,3.0,6,141.2,2,0,2,0,201.2
0.25,0.25,0.25,3.0,3.0,7,139.7,1,0,1,0,169.7
0.25,0.25,0.25,3.0,3.0,8,139.6,2,0,2,0,199.6
0.25,0.25,0.25,3.0,3.0,9,139.3,0,0,0,0,139.3
0.25,0.25,0.25,3.0,3.0,10,139.3,0,0,0,0,139.3
0.25,0.25,0.25,3.0,3.0,11,139.4,0,0,0,0,139.4
0.25,0.25,0.25,3.0,3.0,12,139.4,0,0,0,0,139.4
0.25,0.25,0.25,3.0,3.0,13,139.5,0,0,0,0,139.5
0.25,0.25,0.25,3.0,3.0,14,139.6,1,0,1,0,169.6
0.25,0.25,0.25,3.0,3.0,15,139.3,0,0,0,0,139.3
0.25,0.25,0.25,3.0,3.0,16,139.3,0,0,0,0,139.3
0.25,0.25,0.25,3.0,3.0,17,140.4,2,0,2,0,200.4
0.25,0.25,0.25,3.0,3.0,18,139.3,0,0,0,0,139.3
0.25,0.25,0.25,3.0,3.0,19,139.4,0,0,0,0,139.4
0.25,0.25,0.25,3.0,3.0,20,139.4,0,0,0,0,139.4
0.25,0.25,0.3,2.0,2.0,1,139.6,0,0,0,0,139.6
0.25,0.25,0.3,2.0,2.0,2,139.5,0,0,0,0,139.5
0.25,0.25,0.3,2.0,2.0,3,139.7,0,0,0,0,139.7
0.25,0.25,0.3,2.0,2.0,4,139.9,1,0,1,0,169.9
0.25,0.25,0.3,2.0,2.0,5,139.7,1,0,1,0,169.7
0.25,0.25,0.3,2.0,2.0,6,140.1,1,0,1,0,170.1
0.25,0.25,0.3,2.0,2.0,7,142.7,2,0,2,0,202.7
0.25,0.25,0.3,2.0,2.0,8,141.5,2,0,2,0,201.5
0.25,0.25,0.3,2.0,2.0,9,139.6,0,0,0,0,139.6
0.25,0.25,0.3,2.0,2.0,10,139.5,0,0,0,0,139.5
0.25,0.25,0.3,2.0,2.0,11,139.7,1,0,1,0,169.7
0.25,0.25,0.3,2.0,2.0,12,139.6,0,0,0,0,139.6
0.25,0.25,0.3,2.0,2.0,13,139.6,0,0,0,0,139.6
0.25,0.25,0.3,2.0,2.0,14,140.5,2,0,2,0,200.5
0.25,0.25,0.3,2.0,2.0,15,139.5,0,0,0,0,139.5
0.25,0.25,0.3,2.0,2.0,16,139.5,0,0,0,0,139.5
0.25,0.25,0.3,2.0,2.0,17,143.2,3,0,3,0,233.2
0.25,0.25,0.3,2.0,2.0,18,139.5,0,0,0,0,139.5
0.25,0.25,0.3,2.0,2.0,19,139.6,0,0,0,0,139.6
0.25,0.25,0.3,2.0,2.0,20,139.7,0,0,0,0,139.7
0.25,0.25,0.3,2.0,3.0,1,139.5,1,0,0,0,169.5
0.25,0.25,0.3,2.0,3.0,2,139.4,1,0,0,0,169.4
0.25,0.25,0.3,2.0,3.0,3,139.6,2,0,1,0,199.6
0.25,0.25,0.3,2.0,3.0,4,139.8,2,0,1,0,199.8
0.25,0.25,0.3,2.0,3.0,5,139.6,2,0,1,0,199.6
0.25,0.25,0.3,2.0,3.0,6,140.0,3,0,2,0,230.0
0.25,0.25,0.3,2.0,3.0,7,142.6,3,0,2,0,232.6
0.25,0.25,0.3,2.0,3.0,8,141.4,3,0,2,0,231.4
0.25,0.25,0.3,2.0,3.0,9,139.5,1,0,0,0,169.5
0.25,0.25,0.3,2.0,3.0,10,139.4,1,0,0,0,169.4
0.25,0.25,0.3,2.0,3.0,11,139.6,2,0,1,0,199.6
0.25,0.25,0.3,2.0,3.0,12,139.5,1,0,0,0,169.5
0.25,0.25,0.3,2.0,3.0,13,139.5,1,0,0,0,169.5
0.25,0.25,0.3,2.0,3.0,14,140.4,3,0,2,0,230.4
0.25,0.25,0.3,2.0,3.0,15,139.4,1,0,0,0,169.4
0.25,0.25,0.3,2.0,3.0,16,139.4,1,0,0,0,169.4
0.25,0.25,0.3,2.0,3.0,17,143.3,4,0,3,0,263.3
0.25,0.25,0.3,2.0,3.0,18,139.4,1,0,0,0,169.4
0.25,0.25,0.3,2.0,3.0,19,139.5,1,0,0,0,169.5
0.25,0.25,0.3,2.0,3.0,20,139.6,1,0,0,0,169.6
0.25,0.25,0.3,3.0,2.0,1,139.4,0,0,0,0,139.4
0.25,0.25,0.3,3.0,2.0,2,139.3,0,0,0,0,139.3
0.25,0.25,0.3,3.0,2.0,3,139.4,0,0,0,0,139.4
0.25,0.25,0.3,3.0,2.0,4,140.0,2,0,2,0,200.0
0.25,0.25,0.3,3.0,2.0,5,139.4,0,0,0,0,139.4
0.25,0.25,0.3,3.0,2.0,6,141.2,1,0,1,0,171.2
0.25,0.25,0.3,3.0,2.0,7,139.7,1,0,1,0,169.7
0.25,0.25,0.3,3.0,2.0,8,139.6,2,0,2,0,199.6
0.25,0.25,0.3,3.0,2.0,9,139.3,0,0,0,0,139.3
0.25,0.25,0.3,3.0,2.0,10,139.3,0,0,0,0,139.3
0.25,0.25,0.3,3.0,2.0,11,139.4,0,0,0,0,139.4
0.25,0.25,0.3,3.0,2.0,12,139.4,0,0,0,0,139.4
0.25,0.25,0.3,3.0,2.0,13,139.4,0,0,0,0,139.4
0.25,0.25,0.3,3.0,2.0,14,139.6,1,0,1,0,169.6
0.25,0.25,0.3,3.0,2.0,15,139.3,0,0,0,0,139.3
0.25,0.25,0.3,3.0,2.0,16,139.3,0,0,0,0,139.3
0.25,0.25,0.3,3.0,2.0,17,139.7,3,0,3,0,229.7
0.25,0.25,0.3,3.0,2.0,18,139.3,0,0,0,0,139.3
0.25,0.25,0.3,3.0,2.0,19,139.4,0,0,0,0,139.4
0.25,0.25,0.3,3.0,2.0,20,139.4,0,0,0,0,139.4
0.25,0.25,0.3,3.0,3.0,1,139.4,0,0,0,0,139.4
0.25,0.25,0.3,3.0,3.0,2,139.3,0,0,0,0,139.3
0.25,0.25,0.3,3.0,3.0,3,139.4,0,0,0,0,139.4
0.25,0.25,0.3,3.0,3.0,4,140.0,2,0,2,0,200.0
0.25,0.25,0.3,3.0,3.0,5,139.4,0,0,0,0,139.4
0.25,0.25,0.3,3.0,3.0,6,141.2,1,0,1,0,171.2
0.25,0.25,0.3,3.0,3.0,7,139.7,1,0,1,0,169.7
0.25,0.25,0.3,3.0,3.0,8,139.6,2,0,2,0,199.6
0.25,0.25,0.3,3.0,3.0,9,139.3,0,0,0,0,139.3
0.25,0.25,0.3,3.0,3.0,10,139.3,0,0,0,0,139.3
0.25,0.25,0.3,3.0,3.0,11,139.4,0,0,0,0,139.4
0.25,0.25,0.3,3.0,3.0,12,139.4,0,0,0,0,139.4
0.25,0.25,0.3,3.0,3.0,13,139.4,0,0,0,0,139.4
0.25,0.25,0.3,3.0,3.0,14,139.6,1,0,1,0,169.6
0.25,0.25,0.3,3.0,3.0,15,139.3,0,0,0,0,139.3
0.25,0.25,0.3,3.0,3.0,16,139.3,0,0,0,0,139.3
0.25,0.25,0.3,3.0,3.0,17,139.7,3,0,3,0,229.7
0.25,0.25,0.3,3.0,3.0,18,139.3,0,0,0,0,139.3
0.25,0.25,0.3,3.0,3.0,19,139.4,0,0,0,0,139.4
0.25,0.25,0.3,3.0,3.0,20,139.4,0,0,0,0,139.4
0.25,0.25,0.35,2.0,2.0,1,141.1,1,1,0,0,171.1
0.25,0.25,0.35,2.0,2.0,2,140.5,1,1,0,0,170.5
0.25,0.25,0.35,2.0,2.0,3,141.5,1,0,1,0,171.5
0.25,0.25,0.35,2.0,2.0,4,140.9,1,1,0,0,170.9
0.25,0.25,0.35,2.0,2.0,5,141.2,0,0,0,0,141.2
0.25,0.25,0.35,2.0,2.0,6,141.7,1,1,0,0,171.7
0.25,0.25,0.35,2.0,2.0,7,143.6,2,1,1,0,203.6
0.25,0.25,0.35,2.0,2.0,8,141.7,2,1,1,0,201.7
0.25,0.25,0.35,2.0,2.0,9,140.5,1,1,0,0,170.5
0.25,0.25,0.35,2.0,2.0,10,140.5,1,1,0,0,170.5
0.25,0.25,0.35,2.0,2.0,11,146.7,2,1,1,0,206.7
0.25,0.25,0.35,2.0,2.0,12,141.9,1,1,0,0,171.9
0.25,0.25,0.35,2.0,2.0,13,140.6,1,1,0,0,170.6
0.25,0.25,0.35,2.0,2.0,14,141.5,1,0,1,0,171.5
0.25,0.25,0.35,2.0,2.0,15,140.5,1,1,0,0,170.5
0.25,0.25,0.35,2.0,2.0,16,141.0,1,1,0,0,171.0
0.25,0.25,0.35,2.0,2.0,17,144.0,4,1,3,0,264.0
0.25,0.25,0.35,2.0,2.0,18,140.9,1,1,0,0,170.9
0.25,0.25,0.35,2.0,2.0,19,140.6,1,1,0,0,170.6
0.25,0.25,0.35,2.0,2.0,20,404.3,1,1,0,1,434.3
0.25,0.25,0.35,2.0,3.0,1,140.0,0,0,0,0,140.0
0.25,0.25,0.35,2.0,3.0,2,139.4,0,0,0,0,139.4
0.25,0.25,0.35,2.0,3.0,3,139.7,1,0,1,0,169.7
0.25,0.25,0.35,2.0,3.0,4,139.8,0,0,0,0,139.8
0.25,0.25,0.35,2.0,3.0,5,139.6,0,0,0,0,139.6
0.25,0.25,0.35,2.0,3.0,6,140.1,0,0,0,0,140.1
0.25,0.25,0.35,2.0,3.0,7,142.4,1,0,1,0,172.4
0.25,0.25,0.35,2.0,3.0,8,140.6,1,0,1,0,170.6
0.25,0.25,0.35,2.0,3.0,9,139.5,0,0,0,0,139.5
0.25,0.25,0.35,2.0,3.0,10,139.4,0,0,0,0,139.4
0.25,0.25,0.35,2.0,3.0,11,140.5,1,0,1,0,170.5
0.25,0.25,0.35,2.0,3.0,12,139.5,0,0,0,0,139.5
0.25,0.25,0.35,2.0,3.0,13,139.5,0,0,0,0,139.5
0.25,0.25,0.35,2.0,3.0,14,139.9,1,0,1,0,169.9
0.25,0.25,0.35,2.0,3.0,15,139.4,0,0,0,0,139.4
0.25,0.25,0.35,2.0,3.0,16,139.4,0,0,0,0,139.4
0.25,0.25,0.35,2.0,3.0,17,142.9,3,0,3,0,232.9
0.25,0.25,0.35,2.0,3.0,18,139.4,0,0,0,0,139.4
0.25,0.25,0.35,2.0,3.0,19,139.5,0,0,0,0,139.5
0.25,0.25,0.35,2.0,3.0,20,403.2,0,0,0,1,403.2
0.25,0.25,0.35,3.0,2.0,1,139.4,0,0,0,0,139.4
0.25,0.25,0.35,3.0,2.0,2,139.3,0,0,0,0,139.3
0.25,0.25,0.35,3.0,2.0,3,139.4,1,0,1,0,169.4
0.25,0.25,0.35,3.0,2.0,4,139.6,0,0,0,0,139.6
0.25,0.25,0.35,3.0,2.0,5,139.4,0,0,0,0,139.4
0.25,0.25,0.35,3.0,2.0,6,141.2,1,0,1,0,171.2
0.25,0.25,0.35,3.0,2.0,7,139.7,1,0,1,0,169.7
0.25,0.25,0.35,3.0,2.0,8,139.6,1,0,1,0,169.6
0.25,0.25,0.35,3.0,2.0,9,139.3,0,0,0,0,139.3
0.25,0.25,0.35,3.0,2.0,10,139.3,0,0,0,0,139.3
0.25,0.25,0.35,3.0,2.0,11,139.4,1,0,1,0,169.4
0.25,0.25,0.35,3.0,2.0,12,139.4,0,0,0,0,139.4
0.25,0.25,0.35,3.0,2.0,13,139.4,0,0,0,0,139.4
0.25,0.25,0.35,3.0,2.0,14,139.6,0,0,0,0,139.6
0.25,0.25,0.35,3.0,2.0,15,139.2,0,0,0,0,139.2
0.25,0.25,0.35,3.0,2.0,16,139.3,0,0,0,0,139.3
0.25,0.25,0.35,3.0,2.0,17,139.8,2,0,2,0,199.8
0.25,0.25,0.35,3.0,2.0,18,139.2,0,0,0,0,139.2
0.25,0.25,0.35,3.0,2.0,19,139.4,0,0,0,0,139.4
0.25,0.25,0.35,3.0,2.0,20,139.4,0,0,0,0,139.4
0.25,0.25,0.35,3.0,3.0,1,139.5,0,0,0,0,139.5
0.25,0.25,0.35,3.0,3.0,2,139.4,0,0,0,0,139.4
0.25,0.25,0.35,3.0,3.0,3,139.6,1,0,1,0,169.6
0.25,0.25,0.35,3.0,3.0,4,139.7,0,0,0,0,139.7
0.25,0.25,0.35,3.0,3.0,5,139.6,0,0,0,0,139.6
0.25,0.25,0.35,3.0,3.0,6,141.5,1,0,1,0,171.5
0.25,0.25,0.35,3.0,3.0,7,139.9,1,0,1,0,169.9
0.25,0.25,0.35,3.0,3.0,8,139.8,1,0,1,0,169.8
0.25,0.25,0.35,3.0,3.0,9,139.5,0,0,0,0,139.5
0.25,0.25,0.35,3.0,3.0,10,139.5,0,0,0,0,139.5
0.25,0.25,0.35,3.0,3.0,11,139.6,1,0,1,0,169.6
0.25,0.25,0.35,3.0,3.0,12,139.5,0,0,0,0,139.5
0.25,0.25,0.35,3.0,3.0,13,139.5,0,0,0,0,139.5
0.25,0.25,0.35,3.0,3.0,14,139.7,0,0,0,0,139.7
0.25,0.25,0.35,3.0,3.0,15,139.4,0,0,0,0,139.4
0.25,0.25,0.35,3.0,3.0,16,139.4,0,0,0,0,139.4
0.25,0.25,0.35,3.0,3.0,17,139.9,3,0,3,0,229.9
0.25,0.25,0.35,3.0,3.0,18,139.4,0,0,0,0,139.4
0.25,0.25,0.35,3.0,3.0,19,139.5,0,0,0,0,139.5
0.25,0.25,0.35,3.0,3.0,20,139.6,0,0,0,0,139.6
0.25,0.25,0.45,2.0,2.0,1,1476.6,0,0,0,9,1476.6
0.25,0.25,0.45,2.0,2.0,2,1476.6,0,0,0,9,1476.6
0.25,0.25,0.45,2.0,2.0,3,1207.5,1,0,1,8,1237.5
0.25,0.25,0.45,2.0,2.0,4,1476.6,0,0,0,9,1476.6
0.25,0.25,0.45,2.0,2.0,5,1476.6,0,0,0,9,1476.6
0.25,0.25,0.45,2.0,2.0,6,1476.6,0,0,0,9,1476.6
0.25,0.25,0.45,2.0,2.0,7,1193.7,1,0,1,8,1223.7
0.25,0.25,0.45,2.0,2.0,8,1476.6,0,0,0,9,1476.6
0.25,0.25,0.45,2.0,2.0,9,1476.6,0,0,0,9,1476.6
0.25,0.25,0.45,2.0,2.0,10,1476.6,0,0,0,9,1476.6
0.25,0.25,0.45,2.0,2.0,11,1194.3,1,0,1,8,1224.3
0.25,0.25,0.45,2.0,2.0,12,1476.6,0,0,0,9,1476.6
0.25,0.25,0.45,2.0,2.0,13,748.3,1,0,0,5,778.3
0.25,0.25,0.45,2.0,2.0,14,1476.6,0,0,0,9,1476.6
0.25,0.25,0.45,2.0,2.0,15,1476.6,0,0,0,9,1476.6
0.25,0.25,0.45,2.0,2.0,16,1476.6,0,0,0,9,1476.6
0.25,0.25,0.45,2.0,2.0,17,544.5,1,1,0,3,574.5
0.25,0.25,0.45,2.0,2.0,18,1476.6,0,0,0,9,1476.6
0.25,0.25,0.45,2.0,2.0,19,871.2,1,0,0,6,901.2
0.25,0.25,0.45,2.0,2.0,20,1476.6,0,0,0,9,1476.6
0.25,0.25,0.45,2.0,3.0,1,403.2,0,0,0,1,403.2
0.25,0.25,0.45,2.0,3.0,2,139.4,0,0,0,0,139.4
0.25,0.25,0.45,2.0,3.0,3,139.9,1,0,1,0,169.9
0.25,0.25,0.45,2.0,3.0,4,139.8,0,0,0,0,139.8
0.25,0.25,0.45,2.0,3.0,5,139.7,0,0,0,0,139.7
0.25,0.25,0.45,2.0,3.0,6,141.8,0,0,0,0,141.8
0.25,0.25,0.45,2.0,3.0,7,142.9,1,0,1,0,172.9
0.25,0.25,0.45,2.0,3.0,8,140.7,1,0,1,0,170.7
0.25,0.25,0.45,2.0,3.0,9,139.5,0,0,0,0,139.5
0.25,0.25,0.45,2.0,3.0,10,139.6,0,0,0,0,139.6
0.25,0.25,0.45,2.0,3.0,11,143.9,1,0,1,0,173.9
0.25,0.25,0.45,2.0,3.0,12,139.5,0,0,0,0,139.5
0.25,0.25,0.45,2.0,3.0,13,139.5,0,0,0,0,139.5
0.25,0.25,0.45,2.0,3.0,14,139.9,1,0,1,0,169.9
0.25,0.25,0.45,2.0,3.0,15,139.4,0,0,0,0,139.4
0.25,0.25,0.45,2.0,3.0,16,139.4,0,0,0,0,139.4
0.25,0.25,0.45,2.0,3.0,17,139.7,0,0,0,0,139.7
0.25,0.25,0.45,2.0,3.0,18,139.4,0,0,0,0,139.4
0.25,0.25,0.45,2.0,3.0,19,139.5,0,0,0,0,139.5
0.25,0.25,0.45,2.0,3.0,20,403.2,0,0,0,1,403.2
0.25,0.25,0.45,3.0,2.0,1,141.1,5,3,1,0,291.1
0.25,0.25,0.45,3.0,2.0,2,140.5,4,3,0,0,260.5
0.25,0.25,0.45,3.0,2.0,3,140.7,6,3,2,0,320.7
0.25,0.25,0.45,3.0,2.0,4,141.1,4,3,0,0,261.1
0.25,0.25,0.45,3.0,2.0,5,140.7,4,3,0,0,260.7
0.25,0.25,0.45,3.0,2.0,6,142.7,5,3,1,0,292.7
0.25,0.25,0.45,3.0,2.0,7,140.9,5,3,1,0,290.9
0.25,0.25,0.45,3.0,2.0,8,140.8,5,3,1,0,290.8
0.25,0.25,0.45,3.0,2.0,9,140.5,4,3,0,0,260.5
0.25,0.25,0.45,3.0,2.0,10,140.5,5,3,1,0,290.5
0.25,0.25,0.45,3.0,2.0,11,140.8,5,3,1,0,290.8
0.25,0.25,0.45,3.0,2.0,12,140.6,4,3,0,0,260.6
0.25,0.25,0.45,3.0,2.0,13,148.3,5,3,1,0,298.3
0.25,0.25,0.45,3.0,2.0,14,140.8,4,3,0,0,260.8
0.25,0.25,0.45,3.0,2.0,15,140.4,4,3,0,0,260.4
0.25,0.25,0.45,3.0,2.0,16,140.5,4,3,0,0,260.5
0.25,0.25,0.45,3.0,2.0,17,141.0,5,3,1,0,291.0
0.25,0.25,0.45,3.0,2.0,18,140.4,4,3,0,0,260.4
0.25,0.25,0.45,3.0,2.0,19,140.6,4,3,0,0,260.6
0.25,0.25,0.45,3.0,2.0,20,141.5,5,3,1,0,291.5
0.25,0.25,0.45,3.0,3.0,1,140.7,1,0,1,0,170.7
0.25,0.25,0.45,3.0,3.0,2,139.4,0,0,0,0,139.4
0.25,0.25,0.45,3.0,3.0,3,139.6,2,0,2,0,199.6
0.25,0.25,0.45,3.0,3.0,4,139.8,0,0,0,0,139.8
0.25,0.25,0.45,3.0,3.0,5,139.6,0,0,0,0,139.6
0.25,0.25,0.45,3.0,3.0,6,141.4,1,0,1,0,171.4
0.25,0.25,0.45,3.0,3.0,7,139.9,1,0,1,0,169.9
0.25,0.25,0.45,3.0,3.0,8,139.8,1,0,1,0,169.8
0.25,0.25,0.45,3.0,3.0,9,139.5,0,0,0,0,139.5
0.25,0.25,0.45,3.0,3.0,10,139.5,1,0,1,0,169.5
0.25,0.25,0.45,3.0,3.0,11,139.7,1,0,1,0,169.7
0.25,0.25,0.45,3.0,3.0,12,139.5,0,0,0,0,139.5
0.25,0.25,0.45,3.0,3.0,13,146.1,1,0,1,0,176.1
0.25,0.25,0.45,3.0,3.0,14,139.7,0,0,0,0,139.7
0.25,0.25,0.45,3.0,3.0,15,139.4,0,0,0,0,139.4
0.25,0.25,0.45,3.0,3.0,16,139.4,0,0,0,0,139.4
0.25,0.25,0.45,3.0,3.0,17,139.9,1,0,1,0,169.9
0.25,0.25,0.45,3.0,3.0,18,139.4,0,0,0,0,139.4
0.25,0.25,0.45,3.0,3.0,19,139.5,0,0,0,0,139.5
0.25,0.25,0.45,3.0,3.0,20,140.3,1,0,1,0,170.3
0.29,0.29,0.15,2.0,2.0,1,139.4,2,0,1,0,199.4
0.29,0.29,0.15,2.0,2.0,2,139.3,2,0,1,0,199.3
0.29,0.29,0.15,2.0,2.0,3,139.4,2,0,1,0,199.4
0.29,0.29,0.15,2.0,2.0,4,146.5,5,0,4,0,296.5
0.29,0.29,0.15,2.0,2.0,5,139.4,3,0,2,0,229.4
0.29,0.29,0.15,2.0,2.0,6,140.4,3,0,2,0,230.4
0.29,0.29,0.15,2.0,2.0,7,146.1,4,0,3,0,266.1
0.29,0.29,0.15,2.0,2.0,8,140.5,3,0,2,0,230.5
0.29,0.29,0.15,2.0,2.0,9,139.3,1,0,0,0,169.3
0.29,0.29,0.15,2.0,2.0,10,139.3,1,0,0,0,169.3
0.29,0.29,0.15,2.0,2.0,11,139.4,2,0,1,0,199.4
0.29,0.29,0.15,2.0,2.0,12,139.4,3,0,2,0,229.4
0.29,0.29,0.15,2.0,2.0,13,139.5,2,0,1,0,199.5
0.29,0.29,0.15,2.0,2.0,14,144.7,3,0,2,0,234.7
0.29,0.29,0.15,2.0,2.0,15,139.3,1,0,0,0,169.3
0.29,0.29,0.15,2.0,2.0,16,139.3,1,0,0,0,169.3
0.29,0.29,0.15,2.0,2.0,17,139.5,4,0,3,0,259.5
0.29,0.29,0.15,2.0,2.0,18,139.3,1,0,0,0,169.3
0.29,0.29,0.15,2.0,2.0,19,139.4,2,0,1,0,199.4
0.29,0.29,0.15,2.0,2.0,20,139.4,2,0,1,0,199.4
0.29,0.29,0.15,2.0,3.0,1,139.4,2,0,1,0,199.4
0.29,0.29,0.15,2.0,3.0,2,139.3,2,0,1,0,199.3
0.29,0.29,0.15,2.0,3.0,3,139.4,2,0,1,0,199.4
0.29,0.29,0.15,2.0,3.0,4,146.5,5,0,4,0,296.5
0.29,0.29,0.15,2.0,3.0,5,139.4,3,0,2,0,229.4
0.29,0.29,0.15,2.0,3.0,6,140.4,3,0,2,0,230.4
0.29,0.29,0.15,2.0,3.0,7,146.1,4,0,3,0,266.1
0.29,0.29,0.15,2.0,3.0,8,140.5,3,0,2,0,230.5
0.29,0.29,0.15,2.0,3.0,9,139.3,1,0,0,0,169.3
0.29,0.29,0.15,2.0,3.0,10,139.3,1,0,0,0,169.3
0.29,0.29,0.15,2.0,3.0,11,139.4,2,0,1,0,199.4
0.29,0.29,0.15,2.0,3.0,12,139.4,3,0,2,0,229.4
0.29,0.29,0.15,2.0,3.0,13,139.5,2,0,1,0,199.5
0.29,0.29,0.15,2.0,3.0,14,144.7,3,0,2,0,234.7
0.29,0.29,0.15,2.0,3.0,15,139.3,1,0,0,0,169.3
0.29,0.29,0.15,2.0,3.0,16,139.3,1,0,0,0,169.3
0.29,0.29,0.15,2.0,3.0,17,139.5,4,0,3,0,259.5
0.29,0.29,0.15,2.0,3.0,18,139.3,1,0,0,0,169.3
0.29,0.29,0.15,2.0,3.0,19,139.4,2,0,1,0,199.4
0.29,0.29,0.15,2.0,3.0,20,139.4,2,0,1,0,199.4
0.29,0.29,0.15,3.0,2.0,1,139.4,2,0,1,0,199.4
0.29,0.29,0.15,3.0,2.0,2,139.3,1,0,0,0,169.3
0.29,0.29,0.15,3.0,2.0,3,139.4,2,0,1,0,199.4
0.29,0.29,0.15,3.0,2.0,4,142.5,4,0,3,0,262.5
0.29,0.29,0.15,3.0,2.0,5,139.4,2,0,1,0,199.4
0.29,0.29,0.15,3.0,2.0,6,139.6,3,0,2,0,229.6
0.29,0.29,0.15,3.0,2.0,7,140.1,2,0,1,0,200.1
0.29,0.29,0.15,3.0,2.0,8,139.6,4,0,3,0,259.6
0.29,0.29,0.15,3.0,2.0,9,139.3,1,0,0,0,169.3
0.29,0.29,0.15,3.0,2.0,10,139.3,1,0,0,0,169.3
0.29,0.29,0.15,3.0,2.0,11,139.4,2,0,1,0,199.4
0.29,0.29,0.15,3.0,2.0,12,139.4,1,0,0,0,169.4
0.29,0.29,0.15,3.0,2.0,13,139.4,2,0,1,0,199.4
0.29,0.29,0.15,3.0,2.0,14,141.3,4,0,3,0,261.3
0.29,0.29,0.15,3.0,2.0,15,139.3,1,0,0,0,169.3
0.29,0.29,0.15,3.0,2.0,16,139.3,1,0,0,0,169.3
0.29,0.29,0.15,3.0,2.0,17,139.5,3,0,2,0,229.5
0.29,0.29,0.15,3.0,2.0,18,139.3,1,0,0,0,169.3
0.29,0.29,0.15,3.0,2.0,19,139.4,1,0,0,0,169.4
0.29,0.29,0.15,3.0,2.0,20,139.4,2,0,1,0,199.4
0.29,0.29,0.15,3.0,3.0,1,139.4,2,0,1,0,199.4
0.29,0.29,0.15,3.0,3.0,2,139.3,1,0,0,0,169.3
0.29,0.29,0.15,3.0,3.0,3,139.4,2,0,1,0,199.4
0.29,0.29,0.15,3.0,3.0,4,142.5,4,0,3,0,262.5
0.29,0.29,0.15,3.0,3.0,5,139.4,2,0,1,0,199.4
0.29,0.29,0.15,3.0,3.0,6,139.6,3,0,2,0,229.6
0.29,0.29,0.15,3.0,3.0,7,140.1,2,0,1,0,200.1
0.29,0.29,0.15,3.0,3.0,8,139.6,4,0,3,0,259.6
0.29,0.29,0.15,3.0,3.0,9,139.3,1,0,0,0,169.3
0.29,0.29,0.15,3.0,3.0,10,139.3,1,0,0,0,169.3
0.29,0.29,0.15,3.0,3.0,11,139.4,2,0,1,0,199.4
0.29,0.29,0.15,3.0,3.0,12,139.4,1,0,0,0,169.4
0.29,0.29,0.15,3.0,3.0,13,139.4,2,0,1,0,199.4
0.29,0.29,0.15,3.0,3.0,14,141.3,4,0,3,0,261.3
0.29,0.29,0.15,3.0,3.0,15,139.3,1,0,0,0,169.3
0.29,0.29,0.15,3.0,3.0,16,139.3,1,0,0,0,169.3
0.29,0.29,0.15,3.0,3.0,17,139.5,3,0,2,0,229.5
0.29,0.29,0.15,3.0,3.0,18,139.3,1,0,0,0,169.3
0.29,0.29,0.15,3.0,3.0,19,139.4,1,0,0,0,169.4
0.29,0.29,0.15,3.0,3.0,20,139.4,2,0,1,0,199.4
0.29,0.29,0.2,2.0,2.0,1,139.5,1,0,0,0,169.5
0.29,0.29,0.2,2.0,2.0,2,139.4,1,0,0,0,169.4
0.29,0.29,0.2,2.0,2.0,3,139.5,2,0,1,0,199.5
0.29,0.29,0.2,2.0,2.0,4,140.6,5,0,4,0,290.6
0.29,0.29,0.2,2.0,2.0,5,139.6,3,0,2,0,229.6
0.29,0.29,0.2,2.0,2.0,6,139.7,4,0,3,0,259.7
0.29,0.29,0.2,2.0,2.0,7,142.9,4,0,3,0,262.9
0.29,0.29,0.2,2.0,2.0,8,141.1,4,0,3,0,261.1
0.29,0.29,0.2,2.0,2.0,9,139.4,1,0,0,0,169.4
0.29,0.29,0.2,2.0,2.0,10,139.4,1,0,0,0,169.4
0.29,0.29,0.2,2.0,2.0,11,139.6,3,0,2,0,229.6
0.29,0.29,0.2,2.0,2.0,12,139.5,1,0,0,0,169.5
0.29,0.29,0.2,2.0,2.0,13,139.4,2,0,1,0,199.4
0.29,0.29,0.2,2.0,2.0,14,143.8,3,0,2,0,233.8
0.29,0.29,0.2,2.0,2.0,15,139.4,1,0,0,0,169.4
0.29,0.29,0.2,2.0,2.0,16,139.4,1,0,0,0,169.4
0.29,0.29,0.2,2.0,2.0,17,147.9,5,0,4,0,297.9
0.29,0.29,0.2,2.0,2.0,18,139.4,1,0,0,0,169.4
0.29,0.29,0.2,2.0,2.0,19,139.5,2,0,1,0,199.5
0.29,0.29,0.2,2.0,2.0,20,139.5,2,0,1,0,199.5
0.29,0.29,0.2,2.0,3.0,1,139.5,1,0,0,0,169.5
0.29,0.29,0.2,2.0,3.0,2,139.4,1,0,0,0,169.4
0.29,0.29,0.2,2.0,3.0,3,139.6,2,0,1,0,199.6
0.29,0.29,0.2,2.0,3.0,4,140.7,5,0,4,0,290.7
0.29,0.29,0.2,2.0,3.0,5,139.6,3,0,2,0,229.6
0.29,0.29,0.2,2.0,3.0,6,139.9,4,0,3,0,259.9
0.29,0.29,0.2,2.0,3.0,7,142.6,4,0,3,0,262.6
0.29,0.29,0.2,2.0,3.0,8,140.6,3,0,2,0,230.6
0.29,0.29,0.2,2.0,3.0,9,139.4,1,0,0,0,169.4
0.29,0.29,0.2,2.0,3.0,10,139.4,1,0,0,0,169.4
0.29,0.29,0.2,2.0,3.0,11,139.6,3,0,2,0,229.6
0.29,0.29,0.2,2.0,3.0,12,139.5,1,0,0,0,169.5
0.29,0.29,0.2,2.0,3.0,13,139.5,2,0,1,0,199.5
0.29,0.29,0.2,2.0,3.0,14,141.1,3,0,2,0,231.1
0.29,0.29,0.2,2.0,3.0,15,139.4,1,0,0,0,169.4
0.29,0.29,0.2,2.0,3.0,16,139.4,1,0,0,0,169.4
0.29,0.29,0.2,2.0,3.0,17,149.5,5,0,4,0,299.5
0.29,0.29,0.2,2.0,3.0,18,139.4,1,0,0,0,169.4
0.29,0.29,0.2,2.0,3.0,19,139.5,2,0,1,0,199.5
0.29,0.29,0.2,2.0,3.0,20,139.6,2,0,1,0,199.6
0.29,0.29,0.2,3.0,2.0,1,139.5,1,0,0,0,169.5
0.29,0.29,0.2,3.0,2.0,2,139.4,1,0,0,0,169.4
0.29,0.29,0.2,3.0,2.0,3,139.6,1,0,0,0,169.6
0.29,0.29,0.2,3.0,2.0,4,141.8,4,0,3,0,261.8
0.29,0.29,0.2,3.0,2.0,5,139.5,1,0,0,0,169.5
0.29,0.29,0.2,3.0,2.0,6,139.7,2,0,1,0,199.7
0.29,0.29,0.2,3.0,2.0,7,139.8,2,0,1,0,199.8
0.29,0.29,0.2,3.0,2.0,8,139.7,3,0,2,0,229.7
0.29,0.29,0.2,3.0,2.0,9,139.4,1,0,0,0,169.4
0.29,0.29,0.2,3.0,2.0,10,139.4,1,0,0,0,169.4
0.29,0.29,0.2,3.0,2.0,11,139.5,1,0,0,0,169.5
0.29,0.29,0.2,3.0,2.0,12,139.5,1,0,0,0,169.5
0.29,0.29,0.2,3.0,2.0,13,139.6,2,0,1,0,199.6
0.29,0.29,0.2,3.0,2.0,14,139.7,2,0,1,0,199.7
0.29,0.29,0.2,3.0,2.0,15,139.4,1,0,0,0,169.4
0.29,0.29,0.2,3.0,2.0,16,139.4,1,0,0,0,169.4
0.29,0.29,0.2,3.0,2.0,17,140.4,4,0,3,0,260.4
0.29,0.29,0.2,3.0,2.0,18,139.4,1,0,0,0,169.4
0.29,0.29,0.2,3.0,2.0,19,139.5,1,0,0,0,169.5
0.29,0.29,0.2,3.0,2.0,20,139.4,0,0,0,0,139.4
0.29,0.29,0.2,3.0,3.0,1,139.4,1,0,0,0,169.4
0.29,0.29,0.2,3.0,3.0,2,139.3,1,0,0,0,169.3
0.29,0.29,0.2,3.0,3.0,3,139.4,1,0,0,0,169.4
0.29,0.29,0.2,3.0,3.0,4,141.7,4,0,3,0,261.7
0.29,0.29,0.2,3.0,3.0,5,139.4,1,0,0,0,169.4
0.29,0.29,0.2,3.0,3.0,6,139.6,2,0,1,0,199.6
0.29,0.29,0.2,3.0,3.0,7,139.7,2,0,1,0,199.7
0.29,0.29,0.2,3.0,3.0,8,139.6,3,0,2,0,229.6
0.29,0.29,0.2,3.0,3.0,9,139.3,1,0,0,0,169.3
0.29,0.29,0.2,3.0,3.0,10,139.3,1,0,0,0,169.3
0.29,0.29,0.2,3.0,3.0,11,139.4,1,0,0,0,169.4
0.29,0.29,0.2,3.0,3.0,12,139.4,1,0,0,0,169.4
0.29,0.29,0.2,3.0,3.0,13,139.5,2,0,1,0,199.5
0.29,0.29,0.2,3.0,3.0,14,139.6,2,0,1,0,199.6
0.29,0.29,0.2,3.0,3.0,15,139.3,1,0,0,0,169.3
0.29,0.29,0.2,3.0,3.0,16,139.3,1,0,0,0,169.3
0.29,0.29,0.2,3.0,3.0,17,140.4,4,0,3,0,260.4
0.29,0.29,0.2,3.0,3.0,18,139.3,1,0,0,0,169.3
0.29,0.29,0.2,3.0,3.0,19,139.4,1,0,0,0,169.4
0.29,0.29,0.2,3.0,3.0,20,139.4,1,0,0,0,169.4
0.29,0.29,0.25,2.0,2.0,1,139.8,1,0,0,0,169.8
0.29,0.29,0.25,2.0,2.0,2,139.7,1,0,0,0,169.7
0.29,0.29,0.25,2.0,2.0,3,139.9,2,0,1,0,199.9
0.29,0.29,0.25,2.0,2.0,4,140.1,3,0,2,0,230.1
0.29,0.29,0.25,2.0,2.0,5,139.9,3,0,2,0,229.9
0.29,0.29,0.25,2.0,2.0,6,140.4,4,0,3,0,260.4
0.29,0.29,0.25,2.0,2.0,7,142.9,3,0,2,0,232.9
0.29,0.29,0.25,2.0,2.0,8,141.6,4,0,3,0,261.6
0.29,0.29,0.25,2.0,2.0,9,139.8,2,0,1,0,199.8
0.29,0.29,0.25,2.0,2.0,10,139.7,1,0,0,0,169.7
0.29,0.29,0.25,2.0,2.0,11,139.9,3,0,2,0,229.9
0.29,0.29,0.25,2.0,2.0,12,139.8,1,0,0,0,169.8
0.29,0.29,0.25,2.0,2.0,13,139.8,2,0,1,0,199.8
0.29,0.29,0.25,2.0,2.0,14,140.9,3,0,2,0,230.9
0.29,0.29,0.25,2.0,2.0,15,139.7,1,0,0,0,169.7
0.29,0.29,0.25,2.0,2.0,16,139.7,1,0,0,0,169.7
0.29,0.29,0.25,2.0,2.0,17,143.3,4,0,3,0,263.3
0.29,0.29,0.25,2.0,2.0,18,139.7,1,0,0,0,169.7
0.29,0.29,0.25,2.0,2.0,19,139.8,2,0,1,0,199.8
0.29,0.29,0.25,2.0,2.0,20,139.9,2,0,1,0,199.9
0.29,0.29,0.25,2.0,3.0,1,139.5,1,0,0,0,169.5
0.29,0.29,0.25,2.0,3.0,2,139.4,1,0,0,0,169.4
0.29,0.29,0.25,2.0,3.0,3,139.6,2,0,1,0,199.6
0.29,0.29,0.25,2.0,3.0,4,139.8,3,0,2,0,229.8
0.29,0.29,0.25,2.0,3.0,5,139.6,3,0,2,0,229.6
0.29,0.29,0.25,2.0,3.0,6,140.1,3,0,2,0,230.1
0.29,0.29,0.25,2.0,3.0,7,142.6,3,0,2,0,232.6
0.29,0.29,0.25,2.0,3.0,8,140.6,3,0,2,0,230.6
0.29,0.29,0.25,2.0,3.0,9,139.5,2,0,1,0,199.5
0.29,0.29,0.25,2.0,3.0,10,139.4,1,0,0,0,169.4
0.29,0.29,0.25,2.0,3.0,11,139.6,3,0,2,0,229.6
0.29,0.29,0.25,2.0,3.0,12,139.5,1,0,0,0,169.5
0.29,0.29,0.25,2.0,3.0,13,139.5,2,0,1,0,199.5
0.29,0.29,0.25,2.0,3.0,14,140.6,3,0,2,0,230.6
0.29,0.29,0.25,2.0,3.0,15,139.4,1,0,0,0,169.4
0.29,0.29,0.25,2.0,3.0,16,139.4,1,0,0,0,169.4
0.29,0.29,0.25,2.0,3.0,17,143.2,4,0,3,0,263.2
0.29,0.29,0.25,2.0,3.0,18,139.4,1,0,0,0,169.4
0.29,0.29,0.25,2.0,3.0,19,139.5,2,0,1,0,199.5
0.29,0.29,0.25,2.0,3.0,20,139.6,2,0,1,0,199.6
0.29,0.29,0.25,3.0,2.0,1,139.4,0,0,0,0,139.4
0.29,0.29,0.25,3.0,2.0,2,139.3,0,0,0,0,139.3
0.29,0.29,0.25,3.0,2.0,3,139.4,0,0,0,0,139.4
0.29,0.29,0.25,3.0,2.0,4,140.0,2,0,2,0,200.0
0.29,0.29,0.25,3.0,2.0,5,139.4,0,0,0,0,139.4
0.29,0.29,0.25,3.0,2.0,6,141.2,1,0,1,0,171.2
0.29,0.29,0.25,3.0,2.0,7,139.7,1,0,1,0,169.7
0.29,0.29,0.25,3.0,2.0,8,139.6,2,0,2,0,199.6
0.29,0.29,0.25,3.0,2.0,9,139.3,0,0,0,0,139.3
0.29,0.29,0.25,3.0,2.0,10,139.3,0,0,0,0,139.3
0.29,0.29,0.25,3.0,2.0,11,139.4,0,0,0,0,139.4
0.29,0.29,0.25,3.0,2.0,12,139.4,0,0,0,0,139.4
0.29,0.29,0.25,3.0,2.0,13,139.4,0,0,0,0,139.4
0.29,0.29,0.25,3.0,2.0,14,139.6,1,0,1,0,169.6
0.29,0.29,0.25,3.0,2.0,15,139.3,0,0,0,0,139.3
0.29,0.29,0.25,3.0,2.0,16,139.3,0,0,0,0,139.3
0.29,0.29,0.25,3.0,2.0,17,139.7,3,0,3,0,229.7
0.29,0.29,0.25,3.0,2.0,18,139.3,0,0,0,0,139.3
0.29,0.29,0.25,3.0,2.0,19,139.4,0,0,0,0,139.4
0.29,0.29,0.25,3.0,2.0,20,139.4,0,0,0,0,139.4
0.29,0.29,0.25,3.0,3.0,1,139.4,0,0,0,0,139.4
0.29,0.29,0.25,3.0,3.0,2,139.3,0,0,0,0,139.3
0.29,0.29,0.25,3.0,3.0,3,139.4,0,0,0,0,139.4
0.29,0.29,0.25,3.0,3.0,4,140.0,2,0,2,0,200.0
0.29,0.29,0.25,3.0,3.0,5,139.4,0,0,0,0,139.4
0.29,0.29,0.25,3.0,3.0,6,141.2,1,0,1,0,171.2
0.29,0.29,0.25,3.0,3.0,7,139.7,1,0,1,0,169.7
0.29,0.29,0.25,3.0,3.0,8,139.6,2,0,2,0,199.6
0.29,0.29,0.25,3.0,3.0,9,139.3,0,0,0,0,139.3
0.29,0.29,0.25,3.0,3.0,10,139.3,0,0,0,0,139.3
0.29,0.29,0.25,3.0,3.0,11,139.4,0,0,0,0,139.4
0.29,0.29,0.25,3.0,3.0,12,139.4,0,0,0,0,139.4
0.29,0.29,0.25,3.0,3.0,13,139.4,0,0,0,0,139.4
0.29,0.29,0.25,3.0,3.0,14,139.6,1,0,1,0,169.6
0.29,0.29,0.25,3.0,3.0,15,139.3,0,0,0,0,139.3
0.29,0.29,0.25,3.0,3.0,16,139.3,0,0,0,0,139.3
0.29,0.29,0.25,3.0,3.0,17,139.7,3,0,3,0,229.7
0.29,0.29,0.25,3.0,3.0,18,139.3,0,0,0,0,139.3
0.29,0.29,0.25,3.0,3.0,19,139.4,0,0,0,0,139.4
0.29,0.29,0.25,3.0,3.0,20,139.4,0,0,0,0,139.4
0.29,0.29,0.3,2.0,2.0,1,143.3,1,1,0,0,173.3
0.29,0.29,0.3,2.0,2.0,2,140.7,1,1,0,0,170.7
0.29,0.29,0.3,2.0,2.0,3,141.6,2,1,1,0,201.6
0.29,0.29,0.3,2.0,2.0,4,141.1,3,1,2,0,231.1
0.29,0.29,0.3,2.0,2.0,5,141.4,3,1,2,0,231.4
0.29,0.29,0.3,2.0,2.0,6,141.6,2,1,1,0,201.6
0.29,0.29,0.3,2.0,2.0,7,144.1,3,1,2,0,234.1
0.29,0.29,0.3,2.0,2.0,8,141.9,3,1,2,0,231.9
0.29,0.29,0.3,2.0,2.0,9,140.7,2,1,1,0,200.7
0.29,0.29,0.3,2.0,2.0,10,140.7,1,1,0,0,170.7
0.29,0.29,0.3,2.0,2.0,11,146.9,2,1,1,0,206.9
0.29,0.29,0.3,2.0,2.0,12,140.8,1,1,0,0,170.8
0.29,0.29,0.3,2.0,2.0,13,140.8,1,1,0,0,170.8
0.29,0.29,0.3,2.0,2.0,14,141.7,3,1,2,0,231.7
0.29,0.29,0.3,2.0,2.0,15,140.7,1,1,0,0,170.7
0.29,0.29,0.3,2.0,2.0,16,141.7,1,1,0,0,171.7
0.29,0.29,0.3,2.0,2.0,17,144.6,4,1,3,0,264.6
0.29,0.29,0.3,2.0,2.0,18,140.7,1,1,0,0,170.7
0.29,0.29,0.3,2.0,2.0,19,140.8,1,1,0,0,170.8
0.29,0.29,0.3,2.0,2.0,20,404.5,1,1,0,1,434.5
0.29,0.29,0.3,2.0,3.0,1,144.0,1,0,0,0,174.0
0.29,0.29,0.3,2.0,3.0,2,139.4,1,0,0,0,169.4
0.29,0.29,0.3,2.0,3.0,3,139.9,2,0,1,0,199.9
0.29,0.29,0.3,2.0,3.0,4,139.8,3,0,2,0,229.8
0.29,0.29,0.3,2.0,3.0,5,139.6,3,0,2,0,229.6
0.29,0.29,0.3,2.0,3.0,6,140.3,2,0,1,0,200.3
0.29,0.29,0.3,2.0,3.0,7,142.6,3,0,2,0,232.6
0.29,0.29,0.3,2.0,3.0,8,140.6,3,0,2,0,230.6
0.29,0.29,0.3,2.0,3.0,9,139.5,2,0,1,0,199.5
0.29,0.29,0.3,2.0,3.0,10,139.4,1,0,0,0,169.4
0.29,0.29,0.3,2.0,3.0,11,140.5,2,0,1,0,200.5
0.29,0.29,0.3,2.0,3.0,12,139.5,1,0,0,0,169.5
0.29,0.29,0.3,2.0,3.0,13,139.5,1,0,0,0,169.5
0.29,0.29,0.3,2.0,3.0,14,139.9,3,0,2,0,229.9
0.29,0.29,0.3,2.0,3.0,15,139.4,1,0,0,0,169.4
0.29,0.29,0.3,2.0,3.0,16,139.4,1,0,0,0,169.4
0.29,0.29,0.3,2.0,3.0,17,142.9,4,0,3,0,262.9
0.29,0.29,0.3,2.0,3.0,18,139.4,1,0,0,0,169.4
0.29,0.29,0.3,2.0,3.0,19,139.5,1,0,0,0,169.5
0.29,0.29,0.3,2.0,3.0,20,403.2,1,0,0,1,433.2
0.29,0.29,0.3,3.0,2.0,1,139.5,1,0,0,0,169.5
0.29,0.29,0.3,3.0,2.0,2,139.4,1,0,0,0,169.4
0.29,0.29,0.3,3.0,2.0,3,139.6,2,0,1,0,199.6
0.29,0.29,0.3,3.0,2.0,4,140.2,3,0,2,0,230.2
0.29,0.29,0.3,3.0,2.0,5,139.5,1,0,0,0,169.5
0.29,0.29,0.3,3.0,2.0,6,141.6,2,0,1,0,201.6
0.29,0.29,0.3,3.0,2.0,7,139.8,2,0,1,0,199.8
0.29,0.29,0.3,3.0,2.0,8,139.7,3,0,2,0,229.7
0.29,0.29,0.3,3.0,2.0,9,139.4,1,0,0,0,169.4
0.29,0.29,0.3,3.0,2.0,10,139.4,2,0,1,0,199.4
0.29,0.29,0.3,3.0,2.0,11,139.6,2,0,1,0,199.6
0.29,0.29,0.3,3.0,2.0,12,139.5,1,0,0,0,169.5
0.29,0.29,0.3,3.0,2.0,13,139.5,1,0,0,0,169.5
0.29,0.29,0.3,3.0,2.0,14,139.7,2,0,1,0,199.7
0.29,0.29,0.3,3.0,2.0,15,139.4,1,0,0,0,169.4
0.29,0.29,0.3,3.0,2.0,16,139.4,1,0,0,0,169.4
0.29,0.29,0.3,3.0,2.0,17,139.9,4,0,3,0,259.9
0.29,0.29,0.3,3.0,2.0,18,139.4,1,0,0,0,169.4
0.29,0.29,0.3,3.0,2.0,19,139.5,1,0,0,0,169.5
0.29,0.29,0.3,3.0,2.0,20,139.6,1,0,0,0,169.6
0.29,0.29,0.3,3.0,3.0,1,139.6,0,0,0,0,139.6
0.29,0.29,0.3,3.0,3.0,2,139.5,0,0,0,0,139.5
0.29,0.29,0.3,3.0,3.0,3,139.6,1,0,1,0,169.6
0.29,0.29,0.3,3.0,3.0,4,139.8,0,0,0,0,139.8
0.29,0.29,0.3,3.0,3.0,5,139.6,0,0,0,0,139.6
0.29,0.29,0.3,3.0,3.0,6,141.5,1,0,1,0,171.5
0.29,0.29,0.3,3.0,3.0,7,139.9,1,0,1,0,169.9
0.29,0.29,0.3,3.0,3.0,8,139.8,2,0,2,0,199.8
0.29,0.29,0.3,3.0,3.0,9,139.5,0,0,0,0,139.5
0.29,0.29,0.3,3.0,3.0,10,139.5,0,0,0,0,139.5
0.29,0.29,0.3,3.0,3.0,11,139.6,1,0,1,0,169.6
0.29,0.29,0.3,3.0,3.0,12,139.5,0,0,0,0,139.5
0.29,0.29,0.3,3.0,3.0,13,139.5,0,0,0,0,139.5
0.29,0.29,0.3,3.0,3.0,14,139.8,1,0,1,0,169.8
0.29,0.29,0.3,3.0,3.0,15,139.4,0,0,0,0,139.4
0.29,0.29,0.3,3.0,3.0,16,139.5,0,0,0,0,139.5
0.29,0.29,0.3,3.0,3.0,17,139.9,3,0,3,0,229.9
0.29,0.29,0.3,3.0,3.0,18,139.4,0,0,0,0,139.4
0.29,0.29,0.3,3.0,3.0,19,139.5,0,0,0,0,139.5
0.29,0.29,0.3,3.0,3.0,20,139.6,0,0,0,0,139.6
0.29,0.29,0.35,2.0,2.0,1,1191.0,1,0,1,8,1221.0
0.29,0.29,0.35,2.0,2.0,2,278.9,1,1,0,1,308.9
0.29,0.29,0.35,2.0,2.0,3,909.6,2,0,1,6,969.6
0.29,0.29,0.35,2.0,2.0,4,1191.3,1,0,1,8,1221.3
0.29,0.29,0.35,2.0,2.0,5,1191.3,1,0,1,8,1221.3
0.29,0.29,0.35,2.0,2.0,6,1191.3,1,0,1,8,1221.3
0.29,0.29,0.35,2.0,2.0,7,906.7,2,0,1,6,966.7
0.29,0.29,0.35,2.0,2.0,8,1476.6,0,0,0,9,1476.6
0.29,0.29,0.35,2.0,2.0,9,1476.6,0,0,0,9,1476.6
0.29,0.29,0.35,2.0,2.0,10,1191.3,1,0,1,8,1221.3
0.29,0.29,0.35,2.0,2.0,11,905.8,2,0,1,6,965.8
0.29,0.29,0.35,2.0,2.0,12,258.3,1,1,0,1,288.3
0.29,0.29,0.35,2.0,2.0,13,913.2,1,0,0,6,943.2
0.29,0.29,0.35,2.0,2.0,14,1191.3,1,0,1,8,1221.3
0.29,0.29,0.35,2.0,2.0,15,1191.3,1,0,1,8,1221.3
0.29,0.29,0.35,2.0,2.0,16,1191.3,1,0,1,8,1221.3
0.29,0.29,0.35,2.0,2.0,17,1191.3,1,0,1,8,1221.3
0.29,0.29,0.35,2.0,2.0,18,1476.6,0,0,0,9,1476.6
0.29,0.29,0.35,2.0,2.0,19,1191.3,1,0,1,8,1221.3
0.29,0.29,0.35,2.0,2.0,20,1172.9,1,0,0,7,1202.9
0.29,0.29,0.35,2.0,3.0,1,403.2,1,0,0,1,433.2
0.29,0.29,0.35,2.0,3.0,2,139.4,1,0,0,0,169.4
0.29,0.29,0.35,2.0,3.0,3,139.9,2,0,1,0,199.9
0.29,0.29,0.35,2.0,3.0,4,139.8,2,0,1,0,199.8
0.29,0.29,0.35,2.0,3.0,5,139.6,3,0,2,0,229.6
0.29,0.29,0.35,2.0,3.0,6,140.6,2,0,1,0,200.6
0.29,0.29,0.35,2.0,3.0,7,148.7,2,0,1,0,208.7
0.29,0.29,0.35,2.0,3.0,8,140.6,3,0,2,0,230.6
0.29,0.29,0.35,2.0,3.0,9,139.5,1,0,0,0,169.5
0.29,0.29,0.35,2.0,3.0,10,139.5,1,0,0,0,169.5
0.29,0.29,0.35,2.0,3.0,11,143.4,2,0,1,0,203.4
0.29,0.29,0.35,2.0,3.0,12,139.5,1,0,0,0,169.5
0.29,0.29,0.35,2.0,3.0,13,139.5,1,0,0,0,169.5
0.29,0.29,0.35,2.0,3.0,14,139.9,3,0,2,0,229.9
0.29,0.29,0.35,2.0,3.0,15,139.4,1,0,0,0,169.4
0.29,0.29,0.35,2.0,3.0,16,139.4,1,0,0,0,169.4
0.29,0.29,0.35,2.0,3.0,17,142.9,4,0,3,0,262.9
0.29,0.29,0.35,2.0,3.0,18,139.4,1,0,0,0,169.4
0.29,0.29,0.35,2.0,3.0,19,139.5,1,0,0,0,169.5
0.29,0.29,0.35,2.0,3.0,20,403.2,1,0,0,1,433.2
0.29,0.29,0.35,3.0,2.0,1,141.7,4,2,1,0,261.7
0.29,0.29,0.35,3.0,2.0,2,140.4,3,2,0,0,230.4
0.29,0.29,0.35,3.0,2.0,3,141.0,4,2,1,0,261.0
0.29,0.29,0.35,3.0,2.0,4,140.7,3,2,0,0,230.7
0.29,0.29,0.35,3.0,2.0,5,140.6,3,2,0,0,230.6
0.29,0.29,0.35,3.0,2.0,6,142.7,4,2,1,0,262.7
0.29,0.29,0.35,3.0,2.0,7,140.8,4,2,1,0,260.8
0.29,0.29,0.35,3.0,2.0,8,140.8,5,2,2,0,290.8
0.29,0.29,0.35,3.0,2.0,9,140.5,3,2,0,0,230.5
0.29,0.29,0.35,3.0,2.0,10,140.5,4,2,1,0,260.5
0.29,0.29,0.35,3.0,2.0,11,140.7,4,2,1,0,260.7
0.29,0.29,0.35,3.0,2.0,12,140.7,3,2,0,0,230.7
0.29,0.29,0.35,3.0,2.0,13,141.0,3,2,0,0,231.0
0.29,0.29,0.35,3.0,2.0,14,140.7,3,2,0,0,230.7
0.29,0.29,0.35,3.0,2.0,15,141.6,3,2,0,0,231.6
0.29,0.29,0.35,3.0,2.0,16,140.4,3,2,0,0,230.4
0.29,0.29,0.35,3.0,2.0,17,141.1,6,2,3,0,321.1
0.29,0.29,0.35,3.0,2.0,18,140.4,3,2,0,0,230.4
0.29,0.29,0.35,3.0,2.0,19,140.5,3,2,0,0,230.5
0.29,0.29,0.35,3.0,2.0,20,141.3,4,2,1,0,261.3
0.29,0.29,0.35,3.0,3.0,1,140.0,1,0,1,0,170.0
0.29,0.29,0.35,3.0,3.0,2,139.4,0,0,0,0,139.4
0.29,0.29,0.35,3.0,3.0,3,140.1,1,0,1,0,170.1
0.29,0.29,0.35,3.0,3.0,4,139.7,0,0,0,0,139.7
0.29,0.29,0.35,3.0,3.0,5,139.6,0,0,0,0,139.6
0.29,0.29,0.35,3.0,3.0,6,141.3,1,0,1,0,171.3
0.29,0.29,0.35,3.0,3.0,7,139.8,1,0,1,0,169.8
0.29,0.29,0.35,3.0,3.0,8,139.8,2,0,2,0,199.8
0.29,0.29,0.35,3.0,3.0,9,139.5,0,0,0,0,139.5
0.29,0.29,0.35,3.0,3.0,10,139.5,1,0,1,0,169.5
0.29,0.29,0.35,3.0,3.0,11,139.7,1,0,1,0,169.7
0.29,0.29,0.35,3.0,3.0,12,139.5,0,0,0,0,139.5
0.29,0.29,0.35,3.0,3.0,13,139.5,0,0,0,0,139.5
0.29,0.29,0.35,3.0,3.0,14,139.7,0,0,0,0,139.7
0.29,0.29,0.35,3.0,3.0,15,139.4,0,0,0,0,139.4
0.29,0.29,0.35,3.0,3.0,16,139.4,0,0,0,0,139.4
0.29,0.29,0.35,3.0,3.0,17,139.9,3,0,3,0,229.9
0.29,0.29,0.35,3.0,3.0,18,139.4,0,0,0,0,139.4
0.29,0.29,0.35,3.0,3.0,19,139.5,0,0,0,0,139.5
0.29,0.29,0.35,3.0,3.0,20,139.6,0,0,0,0,139.6
0.29,0.29,0.45,2.0,2.0,1,1364.4,0,0,0,8,1364.4
0.29,0.29,0.45,2.0,2.0,2,1364.4,0,0,0,8,1364.4
0.29,0.29,0.45,2.0,2.0,3,1364.4,0,0,0,8,1364.4
0.29,0.29,0.45,2.0,2.0,4,1364.4,0,0,0,8,1364.4
0.29,0.29,0.45,2.0,2.0,5,1364.4,0,0,0,8,1364.4
0.29,0.29,0.45,2.0,2.0,6,1364.4,0,0,0,8,1364.4
0.29,0.29,0.45,2.0,2.0,7,1364.4,0,0,0,8,1364.4
0.29,0.29,0.45,2.0,2.0,8,1364.4,0,0,0,8,1364.4
0.29,0.29,0.45,2.0,2.0,9,1264.6,1,1,0,7,1294.6
0.29,0.29,0.45,2.0,2.0,10,1364.4,0,0,0,8,1364.4
0.29,0.29,0.45,2.0,2.0,11,1364.4,0,0,0,8,1364.4
0.29,0.29,0.45,2.0,2.0,12,1273.3,1,1,0,7,1303.3
0.29,0.29,0.45,2.0,2.0,13,1364.4,0,0,0,8,1364.4
0.29,0.29,0.45,2.0,2.0,14,1364.4,0,0,0,8,1364.4
0.29,0.29,0.45,2.0,2.0,15,1364.4,0,0,0,8,1364.4
0.29,0.29,0.45,2.0,2.0,16,1364.4,0,0,0,8,1364.4
0.29,0.29,0.45,2.0,2.0,17,1364.4,0,0,0,8,1364.4
0.29,0.29,0.45,2.0,2.0,18,1364.4,0,0,0,8,1364.4
0.29,0.29,0.45,2.0,2.0,19,1364.4,0,0,0,8,1364.4
0.29,0.29,0.45,2.0,2.0,20,1364.4,0,0,0,8,1364.4
0.29,0.29,0.45,2.0,3.0,1,403.2,0,0,0,1,403.2
0.29,0.29,0.45,2.0,3.0,2,139.4,0,0,0,0,139.4
0.29,0.29,0.45,2.0,3.0,3,140.2,1,0,1,0,170.2
0.29,0.29,0.45,2.0,3.0,4,139.8,1,0,1,0,169.8
0.29,0.29,0.45,2.0,3.0,5,139.7,0,0,0,0,139.7
0.29,0.29,0.45,2.0,3.0,6,142.7,0,0,0,0,142.7
0.29,0.29,0.45,2.0,3.0,7,145.8,2,0,2,0,205.8
0.29,0.29,0.45,2.0,3.0,8,140.8,1,0,1,0,170.8
0.29,0.29,0.45,2.0,3.0,9,139.5,0,0,0,0,139.5
0.29,0.29,0.45,2.0,3.0,10,140.0,1,0,1,0,170.0
0.29,0.29,0.45,2.0,3.0,11,139.9,1,0,1,0,169.9
0.29,0.29,0.45,2.0,3.0,12,139.5,0,0,0,0,139.5
0.29,0.29,0.45,2.0,3.0,13,139.5,0,0,0,0,139.5
0.29,0.29,0.45,2.0,3.0,14,139.9,1,0,1,0,169.9
0.29,0.29,0.45,2.0,3.0,15,139.4,0,0,0,0,139.4
0.29,0.29,0.45,2.0,3.0,16,139.4,0,0,0,0,139.4
0.29,0.29,0.45,2.0,3.0,17,139.7,0,0,0,0,139.7
0.29,0.29,0.45,2.0,3.0,18,139.4,0,0,0,0,139.4
0.29,0.29,0.45,2.0,3.0,19,139.5,0,0,0,0,139.5
0.29,0.29,0.45,2.0,3.0,20,403.2,0,0,0,1,403.2
0.29,0.29,0.45,3.0,2.0,1,287.9,5,3,1,1,437.9
0.29,0.29,0.45,3.0,2.0,2,1379.3,0,0,0,8,1379.3
0.29,0.29,0.45,3.0,2.0,3,190.2,6,3,2,0,370.2
0.29,0.29,0.45,3.0,2.0,4,1379.3,0,0,0,8,1379.3
0.29,0.29,0.45,3.0,2.0,5,214.4,4,3,0,0,334.4
0.29,0.29,0.45,3.0,2.0,6,1379.3,0,0,0,8,1379.3
0.29,0.29,0.45,3.0,2.0,7,1379.3,0,0,0,8,1379.3
0.29,0.29,0.45,3.0,2.0,8,1388.5,0,0,0,8,1388.5
0.29,0.29,0.45,3.0,2.0,9,1379.3,0,0,0,8,1379.3
0.29,0.29,0.45,3.0,2.0,10,1379.3,0,0,0,8,1379.3
0.29,0.29,0.45,3.0,2.0,11,1379.3,0,0,0,8,1379.3
0.29,0.29,0.45,3.0,2.0,12,1379.3,0,0,0,8,1379.3
0.29,0.29,0.45,3.0,2.0,13,1374.7,0,0,0,8,1374.7
0.29,0.29,0.45,3.0,2.0,14,1379.3,0,0,0,8,1379.3
0.29,0.29,0.45,3.0,2.0,15,1379.3,0,0,0,8,1379.3
0.29,0.29,0.45,3.0,2.0,16,1379.3,0,0,0,8,1379.3
0.29,0.29,0.45,3.0,2.0,17,1379.3,0,0,0,8,1379.3
0.29,0.29,0.45,3.0,2.0,18,1379.3,0,0,0,8,1379.3
0.29,0.29,0.45,3.0,2.0,19,1104.7,1,0,1,7,1134.7
0.29,0.29,0.45,3.0,2.0,20,1379.3,0,0,0,8,1379.3
0.29,0.29,0.45,3.0,3.0,1,140.0,1,0,1,0,170.0
0.29,0.29,0.45,3.0,3.0,2,139.5,0,0,0,0,139.5
0.29,0.29,0.45,3.0,3.0,3,140.4,1,0,1,0,170.4
0.29,0.29,0.45,3.0,3.0,4,139.9,0,0,0,0,139.9
0.29,0.29,0.45,3.0,3.0,5,139.7,0,0,0,0,139.7
0.29,0.29,0.45,3.0,3.0,6,140.0,0,0,0,0,140.0
0.29,0.29,0.45,3.0,3.0,7,139.9,1,0,1,0,169.9
0.29,0.29,0.45,3.0,3.0,8,139.9,1,0,1,0,169.9
0.29,0.29,0.45,3.0,3.0,9,139.6,0,0,0,0,139.6
0.29,0.29,0.45,3.0,3.0,10,139.5,1,0,1,0,169.5
0.29,0.29,0.45,3.0,3.0,11,139.8,1,0,1,0,169.8
0.29,0.29,0.45,3.0,3.0,12,139.6,0,0,0,0,139.6
0.29,0.29,0.45,3.0,3.0,13,142.3,1,0,1,0,172.3
0.29,0.29,0.45,3.0,3.0,14,139.8,0,0,0,0,139.8
0.29,0.29,0.45,3.0,3.0,15,139.4,0,0,0,0,139.4
0.29,0.29,0.45,3.0,3.0,16,139.5,0,0,0,0,139.5
0.29,0.29,0.45,3.0,3.0,17,140.0,2,0,2,0,200.0
0.29,0.29,0.45,3.0,3.0,18,139.4,0,0,0,0,139.4
0.29,0.29,0.45,3.0,3.0,19,139.6,0,0,0,0,139.6
0.29,0.29,0.45,3.0,3.0,20,140.4,1,0,1,0,170.4
0.32,0.32,0.15,2.0,2.0,1,139.4,2,0,1,0,199.4
0.32,0.32,0.15,2.0,2.0,2,139.3,2,0,1,0,199.3
0.32,0.32,0.15,2.0,2.0,3,139.4,2,0,1,0,199.4
0.32,0.32,0.15,2.0,2.0,4,141.2,5,0,4,0,291.2
0.32,0.32,0.15,2.0,2.0,5,139.4,3,0,2,0,229.4
0.32,0.32,0.15,2.0,2.0,6,140.4,3,0,2,0,230.4
0.32,0.32,0.15,2.0,2.0,7,142.7,4,0,3,0,262.7
0.32,0.32,0.15,2.0,2.0,8,140.5,3,0,2,0,230.5
0.32,0.32,0.15,2.0,2.0,9,139.3,1,0,0,0,169.3
0.32,0.32,0.15,2.0,2.0,10,139.3,1,0,0,0,169.3
0.32,0.32,0.15,2.0,2.0,11,139.6,3,0,2,0,229.6
0.32,0.32,0.15,2.0,2.0,12,139.4,3,0,2,0,229.4
0.32,0.32,0.15,2.0,2.0,13,139.4,2,0,1,0,199.4
0.32,0.32,0.15,2.0,2.0,14,142.7,3,0,2,0,232.7
0.32,0.32,0.15,2.0,2.0,15,139.3,1,0,0,0,169.3
0.32,0.32,0.15,2.0,2.0,16,139.3,2,0,1,0,199.3
0.32,0.32,0.15,2.0,2.0,17,140.5,4,0,3,0,260.5
0.32,0.32,0.15,2.0,2.0,18,139.3,1,0,0,0,169.3
0.32,0.32,0.15,2.0,2.0,19,139.4,2,0,1,0,199.4
0.32,0.32,0.15,2.0,2.0,20,139.4,2,0,1,0,199.4
0.32,0.32,0.15,2.0,3.0,1,139.5,2,0,1,0,199.5
0.32,0.32,0.15,2.0,3.0,2,139.4,2,0,1,0,199.4
0.32,0.32,0.15,2.0,3.0,3,139.6,2,0,1,0,199.6
0.32,0.32,0.15,2.0,3.0,4,141.0,5,0,4,0,291.0
0.32,0.32,0.15,2.0,3.0,5,139.6,3,0,2,0,229.6
0.32,0.32,0.15,2.0,3.0,6,140.3,4,0,3,0,260.3
0.32,0.32,0.15,2.0,3.0,7,142.8,4,0,3,0,262.8
0.32,0.32,0.15,2.0,3.0,8,140.6,3,0,2,0,230.6
0.32,0.32,0.15,2.0,3.0,9,139.4,1,0,0,0,169.4
0.32,0.32,0.15,2.0,3.0,10,139.4,1,0,0,0,169.4
0.32,0.32,0.15,2.0,3.0,11,139.5,3,0,2,0,229.5
0.32,0.32,0.15,2.0,3.0,12,139.5,3,0,2,0,229.5
0.32,0.32,0.15,2.0,3.0,13,139.5,2,0,1,0,199.5
0.32,0.32,0.15,2.0,3.0,14,141.0,3,0,2,0,231.0
0.32,0.32,0.15,2.0,3.0,15,139.4,1,0,0,0,169.4
0.32,0.32,0.15,2.0,3.0,16,139.4,2,0,1,0,199.4
0.32,0.32,0.15,2.0,3.0,17,140.6,4,0,3,0,260.6
0.32,0.32,0.15,2.0,3.0,18,139.4,1,0,0,0,169.4
0.32,0.32,0.15,2.0,3.0,19,139.5,2,0,1,0,199.5
0.32,0.32,0.15,2.0,3.0,20,139.6,2,0,1,0,199.6
0.32,0.32,0.15,3.0,2.0,1,139.4,2,0,1,0,199.4
0.32,0.32,0.15,3.0,2.0,2,139.3,1,0,0,0,169.3
0.32,0.32,0.15,3.0,2.0,3,139.4,2,0,1,0,199.4
0.32,0.32,0.15,3.0,2.0,4,142.1,4,0,3,0,262.1
0.32,0.32,0.15,3.0,2.0,5,139.4,2,0,1,0,199.4
0.32,0.32,0.15,3.0,2.0,6,141.1,4,0,3,0,261.1
0.32,0.32,0.15,3.0,2.0,7,139.7,2,0,1,0,199.7
0.32,0.32,0.15,3.0,2.0,8,139.5,4,0,3,0,259.5
0.32,0.32,0.15,3.0,2.0,9,139.2,1,0,0,0,169.2
0.32,0.32,0.15,3.0,2.0,10,139.2,1,0,0,0,169.2
0.32,0.32,0.15,3.0,2.0,11,139.3,2,0,1,0,199.3
0.32,0.32,0.15,3.0,2.0,12,139.3,1,0,0,0,169.3
0.32,0.32,0.15,3.0,2.0,13,139.4,2,0,1,0,199.4
0.32,0.32,0.15,3.0,2.0,14,139.5,2,0,1,0,199.5
0.32,0.32,0.15,3.0,2.0,15,139.2,1,0,0,0,169.2
0.32,0.32,0.15,3.0,2.0,16,139.3,1,0,0,0,169.3
0.32,0.32,0.15,3.0,2.0,17,140.9,4,0,3,0,260.9
0.32,0.32,0.15,3.0,2.0,18,139.2,1,0,0,0,169.2
0.32,0.32,0.15,3.0,2.0,19,139.4,1,0,0,0,169.4
0.32,0.32,0.15,3.0,2.0,20,139.5,2,0,1,0,199.5
0.32,0.32,0.15,3.0,3.0,1,139.4,2,0,1,0,199.4
0.32,0.32,0.15,3.0,3.0,2,139.3,1,0,0,0,169.3
0.32,0.32,0.15,3.0,3.0,3,139.4,2,0,1,0,199.4
0.32,0.32,0.15,3.0,3.0,4,141.8,4,0,3,0,261.8
0.32,0.32,0.15,3.0,3.0,5,139.4,2,0,1,0,199.4
0.32,0.32,0.15,3.0,3.0,6,139.6,3,0,2,0,229.6
0.32,0.32,0.15,3.0,3.0,7,139.7,2,0,1,0,199.7
0.32,0.32,0.15,3.0,3.0,8,139.6,4,0,3,0,259.6
0.32,0.32,0.15,3.0,3.0,9,139.3,1,0,0,0,169.3
0.32,0.32,0.15,3.0,3.0,10,139.3,1,0,0,0,169.3
0.32,0.32,0.15,3.0,3.0,11,139.4,2,0,1,0,199.4
0.32,0.32,0.15,3.0,3.0,12,139.4,1,0,0,0,169.4
0.32,0.32,0.15,3.0,3.0,13,139.5,2,0,1,0,199.5
0.32,0.32,0.15,3.0,3.0,14,139.5,2,0,1,0,199.5
0.32,0.32,0.15,3.0,3.0,15,139.3,1,0,0,0,169.3
0.32,0.32,0.15,3.0,3.0,16,139.3,1,0,0,0,169.3
0.32,0.32,0.15,3.0,3.0,17,140.6,4,0,3,0,260.6
0.32,0.32,0.15,3.0,3.0,18,139.3,1,0,0,0,169.3
0.32,0.32,0.15,3.0,3.0,19,139.4,1,0,0,0,169.4
0.32,0.32,0.15,3.0,3.0,20,139.4,2,0,1,0,199.4
0.32,0.32,0.2,2.0,2.0,1,139.8,1,0,0,0,169.8
0.32,0.32,0.2,2.0,2.0,2,139.7,2,0,1,0,199.7
0.32,0.32,0.2,2.0,2.0,3,139.9,3,0,2,0,229.9
0.32,0.32,0.2,2.0,2.0,4,141.0,5,0,4,0,291.0
0.32,0.32,0.2,2.0,2.0,5,139.9,3,0,2,0,229.9
0.32,0.32,0.2,2.0,2.0,6,140.6,4,0,3,0,260.6
0.32,0.32,0.2,2.0,2.0,7,142.9,4,0,3,0,262.9
0.32,0.32,0.2,2.0,2.0,8,140.9,3,0,2,0,230.9
0.32,0.32,0.2,2.0,2.0,9,139.7,2,0,1,0,199.7
0.32,0.32,0.2,2.0,2.0,10,139.7,1,0,0,0,169.7
0.32,0.32,0.2,2.0,2.0,11,139.9,3,0,2,0,229.9
0.32,0.32,0.2,2.0,2.0,12,139.8,1,0,0,0,169.8
0.32,0.32,0.2,2.0,2.0,13,139.8,2,0,1,0,199.8
0.32,0.32,0.2,2.0,2.0,14,140.9,3,0,2,0,230.9
0.32,0.32,0.2,2.0,2.0,15,139.7,1,0,0,0,169.7
0.32,0.32,0.2,2.0,2.0,16,139.7,1,0,0,0,169.7
0.32,0.32,0.2,2.0,2.0,17,143.7,5,0,4,0,293.7
0.32,0.32,0.2,2.0,2.0,18,139.7,1,0,0,0,169.7
0.32,0.32,0.2,2.0,2.0,19,139.8,2,0,1,0,199.8
0.32,0.32,0.2,2.0,2.0,20,139.9,2,0,1,0,199.9
0.32,0.32,0.2,2.0,3.0,1,139.5,1,0,0,0,169.5
0.32,0.32,0.2,2.0,3.0,2,139.4,2,0,1,0,199.4
0.32,0.32,0.2,2.0,3.0,3,139.6,3,0,2,0,229.6
0.32,0.32,0.2,2.0,3.0,4,140.7,5,0,4,0,290.7
0.32,0.32,0.2,2.0,3.0,5,139.6,3,0,2,0,229.6
0.32,0.32,0.2,2.0,3.0,6,140.3,4,0,3,0,260.3
0.32,0.32,0.2,2.0,3.0,7,142.6,4,0,3,0,262.6
0.32,0.32,0.2,2.0,3.0,8,140.6,3,0,2,0,230.6
0.32,0.32,0.2,2.0,3.0,9,139.4,1,0,0,0,169.4
0.32,0.32,0.2,2.0,3.0,10,139.4,1,0,0,0,169.4
0.32,0.32,0.2,2.0,3.0,11,139.6,3,0,2,0,229.6
0.32,0.32,0.2,2.0,3.0,12,139.5,2,0,1,0,199.5
0.32,0.32,0.2,2.0,3.0,13,139.5,2,0,1,0,199.5
0.32,0.32,0.2,2.0,3.0,14,140.6,3,0,2,0,230.6
0.32,0.32,0.2,2.0,3.0,15,139.4,1,0,0,0,169.4
0.32,0.32,0.2,2.0,3.0,16,139.4,1,0,0,0,169.4
0.32,0.32,0.2,2.0,3.0,17,143.4,5,0,4,0,293.4
0.32,0.32,0.2,2.0,3.0,18,139.4,1,0,0,0,169.4
0.32,0.32,0.2,2.0,3.0,19,139.5,2,0,1,0,199.5
0.32,0.32,0.2,2.0,3.0,20,139.6,2,0,1,0,199.6
0.32,0.32,0.2,3.0,2.0,1,139.5,0,0,0,0,139.5
0.32,0.32,0.2,3.0,2.0,2,139.4,0,0,0,0,139.4
0.32,0.32,0.2,3.0,2.0,3,139.5,1,0,1,0,169.5
0.32,0.32,0.2,3.0,2.0,4,140.2,3,0,3,0,230.2
0.32,0.32,0.2,3.0,2.0,5,139.5,1,0,1,0,169.5
0.32,0.32,0.2,3.0,2.0,6,141.3,2,0,2,0,201.3
0.32,0.32,0.2,3.0,2.0,7,139.8,1,0,1,0,169.8
0.32,0.32,0.2,3.0,2.0,8,139.7,2,0,2,0,199.7
0.32,0.32,0.2,3.0,2.0,9,139.4,0,0,0,0,139.4
0.32,0.32,0.2,3.0,2.0,10,139.4,0,0,0,0,139.4
0.32,0.32,0.2,3.0,2.0,11,139.5,1,0,1,0,169.5
0.32,0.32,0.2,3.0,2.0,12,139.5,0,0,0,0,139.5
0.32,0.32,0.2,3.0,2.0,13,139.5,1,0,1,0,169.5
0.32,0.32,0.2,3.0,2.0,14,139.7,1,0,1,0,169.7
0.32,0.32,0.2,3.0,2.0,15,139.4,0,0,0,0,139.4
0.32,0.32,0.2,3.0,2.0,16,139.4,0,0,0,0,139.4
0.32,0.32,0.2,3.0,2.0,17,139.8,3,0,3,0,229.8
0.32,0.32,0.2,3.0,2.0,18,139.4,0,0,0,0,139.4
0.32,0.32,0.2,3.0,2.0,19,139.5,0,0,0,0,139.5
0.32,0.32,0.2,3.0,2.0,20,139.5,0,0,0,0,139.5
0.32,0.32,0.2,3.0,3.0,1,139.4,1,0,0,0,169.4
0.32,0.32,0.2,3.0,3.0,2,139.3,1,0,0,0,169.3
0.32,0.32,0.2,3.0,3.0,3,139.5,1,0,0,0,169.5
0.32,0.32,0.2,3.0,3.0,4,140.0,4,0,3,0,260.0
0.32,0.32,0.2,3.0,3.0,5,139.4,1,0,0,0,169.4
0.32,0.32,0.2,3.0,3.0,6,141.2,3,0,2,0,231.2
0.32,0.32,0.2,3.0,3.0,7,139.7,2,0,1,0,199.7
0.32,0.32,0.2,3.0,3.0,8,139.6,3,0,2,0,229.6
0.32,0.32,0.2,3.0,3.0,9,139.3,1,0,0,0,169.3
0.32,0.32,0.2,3.0,3.0,10,139.3,1,0,0,0,169.3
0.32,0.32,0.2,3.0,3.0,11,139.4,2,0,1,0,199.4
0.32,0.32,0.2,3.0,3.0,12,139.4,1,0,0,0,169.4
0.32,0.32,0.2,3.0,3.0,13,139.5,2,0,1,0,199.5
0.32,0.32,0.2,3.0,3.0,14,139.6,2,0,1,0,199.6
0.32,0.32,0.2,3.0,3.0,15,139.3,1,0,0,0,169.3
0.32,0.32,0.2,3.0,3.0,16,139.3,1,0,0,0,169.3
0.32,0.32,0.2,3.0,3.0,17,140.3,4,0,3,0,260.3
0.32,0.32,0.2,3.0,3.0,18,139.3,1,0,0,0,169.3
0.32,0.32,0.2,3.0,3.0,19,139.4,1,0,0,0,169.4
0.32,0.32,0.2,3.0,3.0,20,139.5,1,0,0,0,169.5
0.32,0.32,0.25,2.0,2.0,1,140.9,1,1,0,0,170.9
0.32,0.32,0.25,2.0,2.0,2,140.1,1,1,0,0,170.1
0.32,0.32,0.25,2.0,2.0,3,141.2,2,1,1,0,201.2
0.32,0.32,0.25,2.0,2.0,4,140.5,4,1,3,0,260.5
0.32,0.32,0.25,2.0,2.0,5,141.1,3,1,2,0,231.1
0.32,0.32,0.25,2.0,2.0,6,140.8,4,1,3,0,260.8
0.32,0.32,0.25,2.0,2.0,7,143.4,4,1,3,0,263.4
0.32,0.32,0.25,2.0,2.0,8,141.3,3,1,2,0,231.3
0.32,0.32,0.25,2.0,2.0,9,140.9,2,1,1,0,200.9
0.32,0.32,0.25,2.0,2.0,10,140.1,1,1,0,0,170.1
0.32,0.32,0.25,2.0,2.0,11,140.8,2,1,1,0,200.8
0.32,0.32,0.25,2.0,2.0,12,140.2,1,1,0,0,170.2
0.32,0.32,0.25,2.0,2.0,13,140.2,2,1,1,0,200.2
0.32,0.32,0.25,2.0,2.0,14,141.3,3,1,2,0,231.3
0.32,0.32,0.25,2.0,2.0,15,140.1,1,1,0,0,170.1
0.32,0.32,0.25,2.0,2.0,16,140.8,1,1,0,0,170.8
0.32,0.32,0.25,2.0,2.0,17,144.0,5,1,4,0,294.0
0.32,0.32,0.25,2.0,2.0,18,140.1,1,1,0,0,170.1
0.32,0.32,0.25,2.0,2.0,19,140.2,2,1,1,0,200.2
0.32,0.32,0.25,2.0,2.0,20,140.4,2,1,1,0,200.4
0.32,0.32,0.25,2.0,3.0,1,139.5,1,0,0,0,169.5
0.32,0.32,0.25,2.0,3.0,2,139.4,1,0,0,0,169.4
0.32,0.32,0.25,2.0,3.0,3,139.7,2,0,1,0,199.7
0.32,0.32,0.25,2.0,3.0,4,139.8,4,0,3,0,259.8
0.32,0.32,0.25,2.0,3.0,5,139.6,3,0,2,0,229.6
0.32,0.32,0.25,2.0,3.0,6,140.3,4,0,3,0,260.3
0.32,0.32,0.25,2.0,3.0,7,142.5,3,0,2,0,232.5
0.32,0.32,0.25,2.0,3.0,8,140.6,3,0,2,0,230.6
0.32,0.32,0.25,2.0,3.0,9,139.5,2,0,1,0,199.5
0.32,0.32,0.25,2.0,3.0,10,139.4,1,0,0,0,169.4
0.32,0.32,0.25,2.0,3.0,11,140.5,2,0,1,0,200.5
0.32,0.32,0.25,2.0,3.0,12,139.5,1,0,0,0,169.5
0.32,0.32,0.25,2.0,3.0,13,139.5,2,0,1,0,199.5
0.32,0.32,0.25,2.0,3.0,14,139.9,3,0,2,0,229.9
0.32,0.32,0.25,2.0,3.0,15,139.4,1,0,0,0,169.4
0.32,0.32,0.25,2.0,3.0,16,139.4,1,0,0,0,169.4
0.32,0.32,0.25,2.0,3.0,17,142.9,5,0,4,0,292.9
0.32,0.32,0.25,2.0,3.0,18,139.4,1,0,0,0,169.4
0.32,0.32,0.25,2.0,3.0,19,139.5,2,0,1,0,199.5
0.32,0.32,0.25,2.0,3.0,20,141.7,2,0,1,0,201.7
0.32,0.32,0.25,3.0,2.0,1,139.6,0,0,0,0,139.6
0.32,0.32,0.25,3.0,2.0,2,139.5,0,0,0,0,139.5
0.32,0.32,0.25,3.0,2.0,3,139.7,1,0,1,0,169.7
0.32,0.32,0.25,3.0,2.0,4,140.4,2,0,2,0,200.4
0.32,0.32,0.25,3.0,2.0,5,139.7,0,0,0,0,139.7
0.32,0.32,0.25,3.0,2.0,6,141.6,1,0,1,0,171.6
0.32,0.32,0.25,3.0,2.0,7,140.6,1,0,1,0,170.6
0.32,0.32,0.25,3.0,2.0,8,139.8,2,0,2,0,199.8
0.32,0.32,0.25,3.0,2.0,9,139.6,0,0,0,0,139.6
0.32,0.32,0.25,3.0,2.0,10,139.6,0,0,0,0,139.6
0.32,0.32,0.25,3.0,2.0,11,139.7,1,0,1,0,169.7
0.32,0.32,0.25,3.0,2.0,12,139.6,0,0,0,0,139.6
0.32,0.32,0.25,3.0,2.0,13,139.6,0,0,0,0,139.6
0.32,0.32,0.25,3.0,2.0,14,139.8,1,0,1,0,169.8
0.32,0.32,0.25,3.0,2.0,15,139.5,0,0,0,0,139.5
0.32,0.32,0.25,3.0,2.0,16,139.5,0,0,0,0,139.5
0.32,0.32,0.25,3.0,2.0,17,140.0,3,0,3,0,230.0
0.32,0.32,0.25,3.0,2.0,18,139.5,0,0,0,0,139.5
0.32,0.32,0.25,3.0,2.0,19,139.6,0,0,0,0,139.6
0.32,0.32,0.25,3.0,2.0,20,139.7,0,0,0,0,139.7
0.32,0.32,0.25,3.0,3.0,1,139.4,0,0,0,0,139.4
0.32,0.32,0.25,3.0,3.0,2,139.3,0,0,0,0,139.3
0.32,0.32,0.25,3.0,3.0,3,139.5,1,0,1,0,169.5
0.32,0.32,0.25,3.0,3.0,4,140.3,3,0,3,0,230.3
0.32,0.32,0.25,3.0,3.0,5,139.4,0,0,0,0,139.4
0.32,0.32,0.25,3.0,3.0,6,141.5,1,0,1,0,171.5
0.32,0.32,0.25,3.0,3.0,7,140.1,1,0,1,0,170.1
0.32,0.32,0.25,3.0,3.0,8,139.6,2,0,2,0,199.6
0.32,0.32,0.25,3.0,3.0,9,139.3,0,0,0,0,139.3
0.32,0.32,0.25,3.0,3.0,10,139.3,1,0,1,0,169.3
0.32,0.32,0.25,3.0,3.0,11,139.5,1,0,1,0,169.5
0.32,0.32,0.25,3.0,3.0,12,139.4,0,0,0,0,139.4
0.32,0.32,0.25,3.0,3.0,13,139.4,0,0,0,0,139.4
0.32,0.32,0.25,3.0,3.0,14,139.6,1,0,1,0,169.6
0.32,0.32,0.25,3.0,3.0,15,139.3,0,0,0,0,139.3
0.32,0.32,0.25,3.0,3.0,16,139.3,0,0,0,0,139.3
0.32,0.32,0.25,3.0,3.0,17,139.8,3,0,3,0,229.8
0.32,0.32,0.25,3.0,3.0,18,139.3,0,0,0,0,139.3
0.32,0.32,0.25,3.0,3.0,19,139.4,0,0,0,0,139.4
0.32,0.32,0.25,3.0,3.0,20,139.4,0,0,0,0,139.4
0.32,0.32,0.3,2.0,2.0,1,406.5,1,1,0,1,436.5
0.32,0.32,0.3,2.0,2.0,2,142.7,1,1,0,0,172.7
0.32,0.32,0.3,2.0,2.0,3,737.7,2,0,1,5,797.7
0.32,0.32,0.3,2.0,2.0,4,143.1,3,1,2,0,233.1
0.32,0.32,0.3,2.0,2.0,5,735.4,3,0,2,5,825.4
0.32,0.32,0.3,2.0,2.0,6,145.0,2,1,1,0,205.0
0.32,0.32,0.3,2.0,2.0,7,406.5,1,1,0,1,436.5
0.32,0.32,0.3,2.0,2.0,8,144.1,3,1,2,0,234.1
0.32,0.32,0.3,2.0,2.0,9,737.5,2,0,1,5,797.5
0.32,0.32,0.3,2.0,2.0,10,735.4,1,0,0,5,765.4
0.32,0.32,0.3,2.0,2.0,11,147.2,2,1,1,0,207.2
0.32,0.32,0.3,2.0,2.0,12,142.8,1,1,0,0,172.8
0.32,0.32,0.3,2.0,2.0,13,142.8,1,1,0,0,172.8
0.32,0.32,0.3,2.0,2.0,14,143.3,3,1,2,0,233.3
0.32,0.32,0.3,2.0,2.0,15,143.7,1,1,0,0,173.7
0.32,0.32,0.3,2.0,2.0,16,737.5,1,0,0,5,767.5
0.32,0.32,0.3,2.0,2.0,17,146.2,4,1,3,0,266.2
0.32,0.32,0.3,2.0,2.0,18,735.1,1,0,0,5,765.1
0.32,0.32,0.3,2.0,2.0,19,142.8,1,1,0,0,172.8
0.32,0.32,0.3,2.0,2.0,20,999.0,1,0,0,6,1029.0
0.32,0.32,0.3,2.0,3.0,1,403.2,1,0,0,1,433.2
0.32,0.32,0.3,2.0,3.0,2,139.4,1,0,0,0,169.4
0.32,0.32,0.3,2.0,3.0,3,139.9,2,0,1,0,199.9
0.32,0.32,0.3,2.0,3.0,4,139.8,3,0,2,0,229.8
0.32,0.32,0.3,2.0,3.0,5,139.6,3,0,2,0,229.6
0.32,0.32,0.3,2.0,3.0,6,140.6,2,0,1,0,200.6
0.32,0.32,0.3,2.0,3.0,7,403.2,1,0,0,1,433.2
0.32,0.32,0.3,2.0,3.0,8,140.6,3,0,2,0,230.6
0.32,0.32,0.3,2.0,3.0,9,139.5,2,0,1,0,199.5
0.32,0.32,0.3,2.0,3.0,10,139.5,1,0,0,0,169.5
0.32,0.32,0.3,2.0,3.0,11,145.4,2,0,1,0,205.4
0.32,0.32,0.3,2.0,3.0,12,139.5,1,0,0,0,169.5
0.32,0.32,0.3,2.0,3.0,13,139.5,1,0,0,0,169.5
0.32,0.32,0.3,2.0,3.0,14,139.9,3,0,2,0,229.9
0.32,0.32,0.3,2.0,3.0,15,139.4,1,0,0,0,169.4
0.32,0.32,0.3,2.0,3.0,16,139.4,1,0,0,0,169.4
0.32,0.32,0.3,2.0,3.0,17,143.1,4,0,3,0,263.1
0.32,0.32,0.3,2.0,3.0,18,139.4,1,0,0,0,169.4
0.32,0.32,0.3,2.0,3.0,19,139.5,1,0,0,0,169.5
0.32,0.32,0.3,2.0,3.0,20,403.2,1,0,0,1,433.2
0.32,0.32,0.3,3.0,2.0,1,141.6,4,2,1,0,261.6
0.32,0.32,0.3,3.0,2.0,2,140.2,3,2,0,0,230.2
0.32,0.32,0.3,3.0,2.0,3,140.4,4,2,1,0,260.4
0.32,0.32,0.3,3.0,2.0,4,140.7,3,2,0,0,230.7
0.32,0.32,0.3,3.0,2.0,5,140.4,3,2,0,0,230.4
0.32,0.32,0.3,3.0,2.0,6,142.7,4,2,1,0,262.7
0.32,0.32,0.3,3.0,2.0,7,140.6,4,2,1,0,260.6
0.32,0.32,0.3,3.0,2.0,8,140.6,5,2,2,0,290.6
0.32,0.32,0.3,3.0,2.0,9,140.3,3,2,0,0,230.3
0.32,0.32,0.3,3.0,2.0,10,140.3,4,2,1,0,260.3
0.32,0.32,0.3,3.0,2.0,11,140.5,5,2,2,0,290.5
0.32,0.32,0.3,3.0,2.0,12,140.3,3,2,0,0,230.3
0.32,0.32,0.3,3.0,2.0,13,140.3,3,2,0,0,230.3
0.32,0.32,0.3,3.0,2.0,14,140.5,4,2,1,0,260.5
0.32,0.32,0.3,3.0,2.0,15,140.2,3,2,0,0,230.2
0.32,0.32,0.3,3.0,2.0,16,140.2,3,2,0,0,230.2
0.32,0.32,0.3,3.0,2.0,17,140.7,6,2,3,0,320.7
0.32,0.32,0.3,3.0,2.0,18,140.2,3,2,0,0,230.2
0.32,0.32,0.3,3.0,2.0,19,140.3,3,2,0,0,230.3
0.32,0.32,0.3,3.0,2.0,20,142.6,4,2,1,0,262.6
0.32,0.32,0.3,3.0,3.0,1,140.7,1,0,1,0,170.7
0.32,0.32,0.3,3.0,3.0,2,139.4,0,0,0,0,139.4
0.32,0.32,0.3,3.0,3.0,3,139.6,1,0,1,0,169.6
0.32,0.32,0.3,3.0,3.0,4,139.7,0,0,0,0,139.7
0.32,0.32,0.3,3.0,3.0,5,139.6,0,0,0,0,139.6
0.32,0.32,0.3,3.0,3.0,6,141.7,1,0,1,0,171.7
0.32,0.32,0.3,3.0,3.0,7,139.9,1,0,1,0,169.9
0.32,0.32,0.3,3.0,3.0,8,139.8,2,0,2,0,199.8
0.32,0.32,0.3,3.0,3.0,9,139.5,0,0,0,0,139.5
0.32,0.32,0.3,3.0,3.0,10,139.5,1,0,1,0,169.5
0.32,0.32,0.3,3.0,3.0,11,139.7,2,0,2,0,199.7
0.32,0.32,0.3,3.0,3.0,12,139.5,0,0,0,0,139.5
0.32,0.32,0.3,3.0,3.0,13,139.5,0,0,0,0,139.5
0.32,0.32,0.3,3.0,3.0,14,139.7,1,0,1,0,169.7
0.32,0.32,0.3,3.0,3.0,15,139.4,0,0,0,0,139.4
0.32,0.32,0.3,3.0,3.0,16,139.4,0,0,0,0,139.4
0.32,0.32,0.3,3.0,3.0,17,139.9,3,0,3,0,229.9
0.32,0.32,0.3,3.0,3.0,18,139.4,0,0,0,0,139.4
0.32,0.32,0.3,3.0,3.0,19,139.5,0,0,0,0,139.5
0.32,0.32,0.3,3.0,3.0,20,141.6,1,0,1,0,171.6
0.32,0.32,0.35,2.0,2.0,1,1476.6,0,0,0,9,1476.6
0.32,0.32,0.35,2.0,2.0,2,1476.6,0,0,0,9,1476.6
0.32,0.32,0.35,2.0,2.0,3,1476.6,0,0,0,9,1476.6
0.32,0.32,0.35,2.0,2.0,4,1476.6,0,0,0,9,1476.6
0.32,0.32,0.35,2.0,2.0,5,1476.6,0,0,0,9,1476.6
0.32,0.32,0.35,2.0,2.0,6,1476.6,0,0,0,9,1476.6
0.32,0.32,0.35,2.0,2.0,7,1476.6,0,0,0,9,1476.6
0.32,0.32,0.35,2.0,2.0,8,1476.6,0,0,0,9,1476.6
0.32,0.32,0.35,2.0,2.0,9,1476.6,0,0,0,9,1476.6
0.32,0.32,0.35,2.0,2.0,10,1476.6,0,0,0,9,1476.6
0.32,0.32,0.35,2.0,2.0,11,1476.6,0,0,0,9,1476.6
0.32,0.32,0.35,2.0,2.0,12,1092.3,1,0,1,7,1122.3
0.32,0.32,0.35,2.0,2.0,13,1476.6,0,0,0,9,1476.6
0.32,0.32,0.35,2.0,2.0,14,1476.6,0,0,0,9,1476.6
0.32,0.32,0.35,2.0,2.0,15,1476.6,0,0,0,9,1476.6
0.32,0.32,0.35,2.0,2.0,16,1476.6,0,0,0,9,1476.6
0.32,0.32,0.35,2.0,2.0,17,1476.6,0,0,0,9,1476.6
0.32,0.32,0.35,2.0,2.0,18,1476.6,0,0,0,9,1476.6
0.32,0.32,0.35,2.0,2.0,19,1190.9,1,0,1,8,1220.9
0.32,0.32,0.35,2.0,2.0,20,1476.6,0,0,0,9,1476.6
0.32,0.32,0.35,2.0,3.0,1,403.2,1,0,0,1,433.2
0.32,0.32,0.35,2.0,3.0,2,139.4,1,0,0,0,169.4
0.32,0.32,0.35,2.0,3.0,3,140.1,2,0,1,0,200.1
0.32,0.32,0.35,2.0,3.0,4,139.8,2,0,1,0,199.8
0.32,0.32,0.35,2.0,3.0,5,139.7,3,0,2,0,229.7
0.32,0.32,0.35,2.0,3.0,6,141.6,2,0,1,0,201.6
0.32,0.32,0.35,2.0,3.0,7,143.5,3,0,2,0,233.5
0.32,0.32,0.35,2.0,3.0,8,140.8,3,0,2,0,230.8
0.32,0.32,0.35,2.0,3.0,9,139.5,2,0,1,0,199.5
0.32,0.32,0.35,2.0,3.0,10,139.8,2,0,1,0,199.8
0.32,0.32,0.35,2.0,3.0,11,143.1,2,0,1,0,203.1
0.32,0.32,0.35,2.0,3.0,12,139.5,1,0,0,0,169.5
0.32,0.32,0.35,2.0,3.0,13,139.5,1,0,0,0,169.5
0.32,0.32,0.35,2.0,3.0,14,139.9,3,0,2,0,229.9
0.32,0.32,0.35,2.0,3.0,15,139.4,1,0,0,0,169.4
0.32,0.32,0.35,2.0,3.0,16,139.4,1,0,0,0,169.4
0.32,0.32,0.35,2.0,3.0,17,142.7,4,0,3,0,262.7
0.32,0.32,0.35,2.0,3.0,18,139.4,1,0,0,0,169.4
0.32,0.32,0.35,2.0,3.0,19,139.5,1,0,0,0,169.5
0.32,0.32,0.35,2.0,3.0,20,403.2,1,0,0,1,433.2
0.32,0.32,0.35,3.0,2.0,1,914.7,1,0,1,6,944.7
0.32,0.32,0.35,3.0,2.0,2,156.8,4,3,0,0,276.8
0.32,0.32,0.35,3.0,2.0,3,913.7,2,0,2,6,973.7
0.32,0.32,0.35,3.0,2.0,4,913.6,0,0,0,6,913.6
0.32,0.32,0.35,3.0,2.0,5,908.9,0,0,0,6,908.9
0.32,0.32,0.35,3.0,2.0,6,1193.1,0,0,0,8,1193.1
0.32,0.32,0.35,3.0,2.0,7,913.5,0,0,0,6,913.5
0.32,0.32,0.35,3.0,2.0,8,145.5,6,3,2,0,325.5
0.32,0.32,0.35,3.0,2.0,9,261.2,3,2,0,1,351.2
0.32,0.32,0.35,3.0,2.0,10,256.4,4,2,1,1,376.4
0.32,0.32,0.35,3.0,2.0,11,909.1,2,0,2,6,969.1
0.32,0.32,0.35,3.0,2.0,12,144.4,3,2,0,0,234.4
0.32,0.32,0.35,3.0,2.0,13,915.7,0,0,0,6,915.7
0.32,0.32,0.35,3.0,2.0,14,913.7,0,0,0,6,913.7
0.32,0.32,0.35,3.0,2.0,15,910.7,0,0,0,6,910.7
0.32,0.32,0.35,3.0,2.0,16,910.7,0,0,0,6,910.7
0.32,0.32,0.35,3.0,2.0,17,741.1,3,0,3,5,831.1
0.32,0.32,0.35,3.0,2.0,18,143.1,3,2,0,0,233.1
0.32,0.32,0.35,3.0,2.0,19,906.3,1,0,0,6,936.3
0.32,0.32,0.35,3.0,2.0,20,1192.5,1,0,1,8,1222.5
0.32,0.32,0.35,3.0,3.0,1,141.2,1,0,1,0,171.2
0.32,0.32,0.35,3.0,3.0,2,139.4,0,0,0,0,139.4
0.32,0.32,0.35,3.0,3.0,3,143.0,2,0,2,0,203.0
0.32,0.32,0.35,3.0,3.0,4,139.8,0,0,0,0,139.8
0.32,0.32,0.35,3.0,3.0,5,139.6,0,0,0,0,139.6
0.32,0.32,0.35,3.0,3.0,6,141.5,1,0,1,0,171.5
0.32,0.32,0.35,3.0,3.0,7,139.8,1,0,1,0,169.8
0.32,0.32,0.35,3.0,3.0,8,139.8,2,0,2,0,199.8
0.32,0.32,0.35,3.0,3.0,9,139.5,0,0,0,0,139.5
0.32,0.32,0.35,3.0,3.0,10,139.5,1,0,1,0,169.5
0.32,0.32,0.35,3.0,3.0,11,139.7,1,0,1,0,169.7
0.32,0.32,0.35,3.0,3.0,12,139.5,0,0,0,0,139.5
0.32,0.32,0.35,3.0,3.0,13,146.3,1,0,1,0,176.3
0.32,0.32,0.35,3.0,3.0,14,139.7,0,0,0,0,139.7
0.32,0.32,0.35,3.0,3.0,15,139.4,0,0,0,0,139.4
0.32,0.32,0.35,3.0,3.0,16,139.4,0,0,0,0,139.4
0.32,0.32,0.35,3.0,3.0,17,140.1,3,0,3,0,230.1
0.32,0.32,0.35,3.0,3.0,18,139.4,0,0,0,0,139.4
0.32,0.32,0.35,3.0,3.0,19,139.5,0,0,0,0,139.5
0.32,0.32,0.35,3.0,3.0,20,141.6,1,0,1,0,171.6
0.32,0.32,0.45,2.0,2.0,1,432.3,3,2,0,1,522.3
0.32,0.32,0.45,2.0,2.0,2,165.6,3,2,0,0,255.6
0.32,0.32,0.45,2.0,2.0,3,744.7,2,0,1,5,804.7
0.32,0.32,0.45,2.0,2.0,4,907.2,1,0,0,6,937.2
0.32,0.32,0.45,2.0,2.0,5,743.2,2,0,1,5,803.2
0.32,0.32,0.45,2.0,2.0,6,911.3,1,0,0,6,941.3
0.32,0.32,0.45,2.0,2.0,7,749.0,3,0,2,5,839.0
0.32,0.32,0.45,2.0,2.0,8,907.2,2,0,1,6,967.2
0.32,0.32,0.45,2.0,2.0,9,907.2,2,0,1,6,967.2
0.32,0.32,0.45,2.0,2.0,10,907.4,2,0,1,6,967.4
0.32,0.32,0.45,2.0,2.0,11,166.9,4,2,1,0,286.9
0.32,0.32,0.45,2.0,2.0,12,907.2,1,0,0,6,937.2
0.32,0.32,0.45,2.0,2.0,13,907.3,1,0,0,6,937.3
0.32,0.32,0.45,2.0,2.0,14,907.4,2,0,1,6,967.4
0.32,0.32,0.45,2.0,2.0,15,907.0,1,0,0,6,937.0
0.32,0.32,0.45,2.0,2.0,16,907.1,1,0,0,6,937.1
0.32,0.32,0.45,2.0,2.0,17,740.2,1,0,0,5,770.2
0.32,0.32,0.45,2.0,2.0,18,907.1,1,0,0,6,937.1
0.32,0.32,0.45,2.0,2.0,19,1476.6,0,0,0,9,1476.6
0.32,0.32,0.45,2.0,2.0,20,1171.1,1,0,0,7,1201.1
0.32,0.32,0.45,2.0,3.0,1,403.2,1,0,0,1,433.2
0.32,0.32,0.45,2.0,3.0,2,139.5,1,0,0,0,169.5
0.32,0.32,0.45,2.0,3.0,3,141.2,2,0,1,0,201.2
0.32,0.32,0.45,2.0,3.0,4,139.8,2,0,1,0,199.8
0.32,0.32,0.45,2.0,3.0,5,139.7,2,0,1,0,199.7
0.32,0.32,0.45,2.0,3.0,6,143.5,1,0,0,0,173.5
0.32,0.32,0.45,2.0,3.0,7,146.1,3,0,2,0,236.1
0.32,0.32,0.45,2.0,3.0,8,141.0,3,0,2,0,231.0
0.32,0.32,0.45,2.0,3.0,9,139.5,2,0,1,0,199.5
0.32,0.32,0.45,2.0,3.0,10,403.2,1,0,0,1,433.2
0.32,0.32,0.45,2.0,3.0,11,139.7,2,0,1,0,199.7
0.32,0.32,0.45,2.0,3.0,12,139.5,1,0,0,0,169.5
0.32,0.32,0.45,2.0,3.0,13,139.5,1,0,0,0,169.5
0.32,0.32,0.45,2.0,3.0,14,139.9,2,0,1,0,199.9
0.32,0.32,0.45,2.0,3.0,15,139.4,1,0,0,0,169.4
0.32,0.32,0.45,2.0,3.0,16,139.5,1,0,0,0,169.5
0.32,0.32,0.45,2.0,3.0,17,139.7,1,0,0,0,169.7
0.32,0.32,0.45,2.0,3.0,18,139.4,1,0,0,0,169.4
0.32,0.32,0.45,2.0,3.0,19,139.5,1,0,0,0,169.5
0.32,0.32,0.45,2.0,3.0,20,403.2,1,0,0,1,433.2
0.32,0.32,0.45,3.0,2.0,1,142.6,5,3,1,0,292.6
0.32,0.32,0.45,3.0,2.0,2,141.3,4,3,0,0,261.3
0.32,0.32,0.45,3.0,2.0,3,144.6,6,3,2,0,324.6
0.32,0.32,0.45,3.0,2.0,4,142.1,5,3,1,0,292.1
0.32,0.32,0.45,3.0,2.0,5,141.4,4,3,0,0,261.4
0.32,0.32,0.45,3.0,2.0,6,141.8,4,3,0,0,261.8
0.32,0.32,0.45,3.0,2.0,7,141.7,5,3,1,0,291.7
0.32,0.32,0.45,3.0,2.0,8,141.7,5,3,1,0,291.7
0.32,0.32,0.45,3.0,2.0,9,141.3,4,3,0,0,261.3
0.32,0.32,0.45,3.0,2.0,10,141.5,5,3,1,0,291.5
0.32,0.32,0.45,3.0,2.0,11,141.6,5,3,1,0,291.6
0.32,0.32,0.45,3.0,2.0,12,141.3,4,3,0,0,261.3
0.32,0.32,0.45,3.0,2.0,13,143.7,5,3,1,0,293.7
0.32,0.32,0.45,3.0,2.0,14,141.6,4,3,0,0,261.6
0.32,0.32,0.45,3.0,2.0,15,141.2,4,3,0,0,261.2
0.32,0.32,0.45,3.0,2.0,16,141.3,4,3,0,0,261.3
0.32,0.32,0.45,3.0,2.0,17,141.8,6,3,2,0,321.8
0.32,0.32,0.45,3.0,2.0,18,141.2,4,3,0,0,261.2
0.32,0.32,0.45,3.0,2.0,19,141.4,4,3,0,0,261.4
0.32,0.32,0.45,3.0,2.0,20,142.2,5,3,1,0,292.2
0.32,0.32,0.45,3.0,3.0,1,140.5,1,0,1,0,170.5
0.32,0.32,0.45,3.0,3.0,2,139.4,0,0,0,0,139.4
0.32,0.32,0.45,3.0,3.0,3,143.0,2,0,2,0,203.0
0.32,0.32,0.45,3.0,3.0,4,140.2,1,0,1,0,170.2
0.32,0.32,0.45,3.0,3.0,5,139.6,0,0,0,0,139.6
0.32,0.32,0.45,3.0,3.0,6,141.5,1,0,1,0,171.5
0.32,0.32,0.45,3.0,3.0,7,139.9,1,0,1,0,169.9
0.32,0.32,0.45,3.0,3.0,8,139.9,1,0,1,0,169.9
0.32,0.32,0.45,3.0,3.0,9,139.5,0,0,0,0,139.5
0.32,0.32,0.45,3.0,3.0,10,139.7,1,0,1,0,169.7
0.32,0.32,0.45,3.0,3.0,11,139.8,1,0,1,0,169.8
0.32,0.32,0.45,3.0,3.0,12,139.5,0,0,0,0,139.5
0.32,0.32,0.45,3.0,3.0,13,143.9,1,0,1,0,173.9
0.32,0.32,0.45,3.0,3.0,14,139.8,0,0,0,0,139.8
0.32,0.32,0.45,3.0,3.0,15,139.4,0,0,0,0,139.4
0.32,0.32,0.45,3.0,3.0,16,139.5,0,0,0,0,139.5
0.32,0.32,0.45,3.0,3.0,17,140.0,2,0,2,0,200.0
0.32,0.32,0.45,3.0,3.0,18,139.4,0,0,0,0,139.4
0.32,0.32,0.45,3.0,3.0,19,139.5,0,0,0,0,139.5
0.32,0.32,0.45,3.0,3.0,20,140.3,1,0,1,0,170.3
0.35,0.35,0.15,2.0,2.0,1,139.4,2,0,1,0,199.4
0.35,0.35,0.15,2.0,2.0,2,139.3,2,0,1,0,199.3
0.35,0.35,0.15,2.0,2.0,3,139.5,3,0,2,0,229.5
0.35,0.35,0.15,2.0,2.0,4,140.6,5,0,4,0,290.6
0.35,0.35,0.15,2.0,2.0,5,139.5,3,0,2,0,229.5
0.35,0.35,0.15,2.0,2.0,6,139.8,5,0,4,0,289.8
0.35,0.35,0.15,2.0,2.0,7,142.6,4,0,3,0,262.6
0.35,0.35,0.15,2.0,2.0,8,140.5,3,0,2,0,230.5
0.35,0.35,0.15,2.0,2.0,9,139.3,1,0,0,0,169.3
0.35,0.35,0.15,2.0,2.0,10,139.3,1,0,0,0,169.3
0.35,0.35,0.15,2.0,2.0,11,139.5,3,0,2,0,229.5
0.35,0.35,0.15,2.0,2.0,12,139.4,3,0,2,0,229.4
0.35,0.35,0.15,2.0,2.0,13,139.5,2,0,1,0,199.5
0.35,0.35,0.15,2.0,2.0,14,140.6,4,0,3,0,260.6
0.35,0.35,0.15,2.0,2.0,15,139.3,1,0,0,0,169.3
0.35,0.35,0.15,2.0,2.0,16,139.3,2,0,1,0,199.3
0.35,0.35,0.15,2.0,2.0,17,148.1,5,0,4,0,298.1
0.35,0.35,0.15,2.0,2.0,18,139.4,1,0,0,0,169.4
0.35,0.35,0.15,2.0,2.0,19,139.4,2,0,1,0,199.4
0.35,0.35,0.15,2.0,2.0,20,139.5,2,0,1,0,199.5
0.35,0.35,0.15,2.0,3.0,1,139.5,2,0,1,0,199.5
0.35,0.35,0.15,2.0,3.0,2,139.4,2,0,1,0,199.4
0.35,0.35,0.15,2.0,3.0,3,139.6,3,0,2,0,229.6
0.35,0.35,0.15,2.0,3.0,4,140.7,5,0,4,0,290.7
0.35,0.35,0.15,2.0,3.0,5,139.6,3,0,2,0,229.6
0.35,0.35,0.15,2.0,3.0,6,140.1,4,0,3,0,260.1
0.35,0.35,0.15,2.0,3.0,7,142.8,4,0,3,0,262.8
0.35,0.35,0.15,2.0,3.0,8,140.6,3,0,2,0,230.6
0.35,0.35,0.15,2.0,3.0,9,139.4,1,0,0,0,169.4
0.35,0.35,0.15,2.0,3.0,10,139.4,1,0,0,0,169.4
0.35,0.35,0.15,2.0,3.0,11,139.6,3,0,2,0,229.6
0.35,0.35,0.15,2.0,3.0,12,139.5,3,0,2,0,229.5
0.35,0.35,0.15,2.0,3.0,13,139.5,2,0,1,0,199.5
0.35,0.35,0.15,2.0,3.0,14,140.5,4,0,3,0,260.5
0.35,0.35,0.15,2.0,3.0,15,139.4,1,0,0,0,169.4
0.35,0.35,0.15,2.0,3.0,16,139.4,2,0,1,0,199.4
0.35,0.35,0.15,2.0,3.0,17,143.4,5,0,4,0,293.4
0.35,0.35,0.15,2.0,3.0,18,139.4,1,0,0,0,169.4
0.35,0.35,0.15,2.0,3.0,19,139.5,2,0,1,0,199.5
0.35,0.35,0.15,2.0,3.0,20,139.6,2,0,1,0,199.6
0.35,0.35,0.15,3.0,2.0,1,139.5,1,0,0,0,169.5
0.35,0.35,0.15,3.0,2.0,2,139.4,1,0,0,0,169.4
0.35,0.35,0.15,3.0,2.0,3,139.5,3,0,2,0,229.5
0.35,0.35,0.15,3.0,2.0,4,140.0,5,0,4,0,290.0
0.35,0.35,0.15,3.0,2.0,5,139.5,3,0,2,0,229.5
0.35,0.35,0.15,3.0,2.0,6,141.3,4,0,3,0,261.3
0.35,0.35,0.15,3.0,2.0,7,139.8,2,0,1,0,199.8
0.35,0.35,0.15,3.0,2.0,8,139.7,4,0,3,0,259.7
0.35,0.35,0.15,3.0,2.0,9,139.4,1,0,0,0,169.4
0.35,0.35,0.15,3.0,2.0,10,139.4,1,0,0,0,169.4
0.35,0.35,0.15,3.0,2.0,11,139.5,2,0,1,0,199.5
0.35,0.35,0.15,3.0,2.0,12,139.5,1,0,0,0,169.5
0.35,0.35,0.15,3.0,2.0,13,139.6,2,0,1,0,199.6
0.35,0.35,0.15,3.0,2.0,14,139.7,3,0,2,0,229.7
0.35,0.35,0.15,3.0,2.0,15,139.4,1,0,0,0,169.4
0.35,0.35,0.15,3.0,2.0,16,139.4,1,0,0,0,169.4
0.35,0.35,0.15,3.0,2.0,17,139.8,4,0,3,0,259.8
0.35,0.35,0.15,3.0,2.0,18,139.4,1,0,0,0,169.4
0.35,0.35,0.15,3.0,2.0,19,139.5,1,0,0,0,169.5
0.35,0.35,0.15,3.0,2.0,20,139.5,2,0,1,0,199.5
0.35,0.35,0.15,3.0,3.0,1,139.4,1,0,0,0,169.4
0.35,0.35,0.15,3.0,3.0,2,139.3,1,0,0,0,169.3
0.35,0.35,0.15,3.0,3.0,3,139.4,2,0,1,0,199.4
0.35,0.35,0.15,3.0,3.0,4,139.9,6,0,5,0,319.9
0.35,0.35,0.15,3.0,3.0,5,139.4,3,0,2,0,229.4
0.35,0.35,0.15,3.0,3.0,6,141.2,4,0,3,0,261.2
0.35,0.35,0.15,3.0,3.0,7,139.7,2,0,1,0,199.7
0.35,0.35,0.15,3.0,3.0,8,139.6,4,0,3,0,259.6
0.35,0.35,0.15,3.0,3.0,9,139.3,1,0,0,0,169.3
0.35,0.35,0.15,3.0,3.0,10,139.3,1,0,0,0,169.3
0.35,0.35,0.15,3.0,3.0,11,139.4,2,0,1,0,199.4
0.35,0.35,0.15,3.0,3.0,12,139.4,1,0,0,0,169.4
0.35,0.35,0.15,3.0,3.0,13,139.5,2,0,1,0,199.5
0.35,0.35,0.15,3.0,3.0,14,139.6,3,0,2,0,229.6
0.35,0.35,0.15,3.0,3.0,15,139.3,1,0,0,0,169.3
0.35,0.35,0.15,3.0,3.0,16,139.3,1,0,0,0,169.3
0.35,0.35,0.15,3.0,3.0,17,140.3,4,0,3,0,260.3
0.35,0.35,0.15,3.0,3.0,18,139.3,1,0,0,0,169.3
0.35,0.35,0.15,3.0,3.0,19,139.4,1,0,0,0,169.4
0.35,0.35,0.15,3.0,3.0,20,139.4,2,0,1,0,199.4
0.35,0.35,0.2,2.0,2.0,1,140.1,1,0,1,0,170.1
0.35,0.35,0.2,2.0,2.0,2,140.1,2,1,1,0,200.1
0.35,0.35,0.2,2.0,2.0,3,140.2,3,1,2,0,230.2
0.35,0.35,0.2,2.0,2.0,4,140.5,4,1,3,0,260.5
0.35,0.35,0.2,2.0,2.0,5,140.5,3,1,2,0,230.5
0.35,0.35,0.2,2.0,2.0,6,141.0,5,1,4,0,291.0
0.35,0.35,0.2,2.0,2.0,7,143.5,4,1,3,0,263.5
0.35,0.35,0.2,2.0,2.0,8,141.5,3,1,2,0,231.5
0.35,0.35,0.2,2.0,2.0,9,140.2,2,0,1,0,200.2
0.35,0.35,0.2,2.0,2.0,10,140.1,1,1,0,0,170.1
0.35,0.35,0.2,2.0,2.0,11,140.8,4,1,3,0,260.8
0.35,0.35,0.2,2.0,2.0,12,140.2,2,1,1,0,200.2
0.35,0.35,0.2,2.0,2.0,13,140.2,2,1,1,0,200.2
0.35,0.35,0.2,2.0,2.0,14,140.6,3,0,2,0,230.6
0.35,0.35,0.2,2.0,2.0,15,140.1,1,1,0,0,170.1
0.35,0.35,0.2,2.0,2.0,16,140.1,2,1,1,0,200.1
0.35,0.35,0.2,2.0,2.0,17,143.8,5,1,4,0,293.8
0.35,0.35,0.2,2.0,2.0,18,140.1,1,1,0,0,170.1
0.35,0.35,0.2,2.0,2.0,19,140.2,2,1,1,0,200.2
0.35,0.35,0.2,2.0,2.0,20,140.3,2,1,1,0,200.3
0.35,0.35,0.2,2.0,3.0,1,139.5,2,0,1,0,199.5
0.35,0.35,0.2,2.0,3.0,2,139.4,2,0,1,0,199.4
0.35,0.35,0.2,2.0,3.0,3,139.6,3,0,2,0,229.6
0.35,0.35,0.2,2.0,3.0,4,140.0,4,0,3,0,260.0
0.35,0.35,0.2,2.0,3.0,5,139.6,3,0,2,0,229.6
0.35,0.35,0.2,2.0,3.0,6,140.3,5,0,4,0,290.3
0.35,0.35,0.2,2.0,3.0,7,142.5,4,0,3,0,262.5
0.35,0.35,0.2,2.0,3.0,8,140.6,3,0,2,0,230.6
0.35,0.35,0.2,2.0,3.0,9,139.5,2,0,1,0,199.5
0.35,0.35,0.2,2.0,3.0,10,139.4,1,0,0,0,169.4
0.35,0.35,0.2,2.0,3.0,11,147.5,3,0,2,0,237.5
0.35,0.35,0.2,2.0,3.0,12,139.5,3,0,2,0,229.5
0.35,0.35,0.2,2.0,3.0,13,139.5,2,0,1,0,199.5
0.35,0.35,0.2,2.0,3.0,14,139.9,3,0,2,0,229.9
0.35,0.35,0.2,2.0,3.0,15,139.4,1,0,0,0,169.4
0.35,0.35,0.2,2.0,3.0,16,139.4,1,0,0,0,169.4
0.35,0.35,0.2,2.0,3.0,17,143.1,5,0,4,0,293.1
0.35,0.35,0.2,2.0,3.0,18,139.4,1,0,0,0,169.4
0.35,0.35,0.2,2.0,3.0,19,139.5,2,0,1,0,199.5
0.35,0.35,0.2,2.0,3.0,20,139.6,2,0,1,0,199.6
0.35,0.35,0.2,3.0,2.0,1,139.5,1,0,0,0,169.5
0.35,0.35,0.2,3.0,2.0,2,139.4,1,0,0,0,169.4
0.35,0.35,0.2,3.0,2.0,3,139.6,2,0,1,0,199.6
0.35,0.35,0.2,3.0,2.0,4,140.1,4,0,3,0,260.1
0.35,0.35,0.2,3.0,2.0,5,139.5,2,0,1,0,199.5
0.35,0.35,0.2,3.0,2.0,6,141.3,4,0,3,0,261.3
0.35,0.35,0.2,3.0,2.0,7,139.8,2,0,1,0,199.8
0.35,0.35,0.2,3.0,2.0,8,139.7,3,0,2,0,229.7
0.35,0.35,0.2,3.0,2.0,9,139.4,1,0,0,0,169.4
0.35,0.35,0.2,3.0,2.0,10,139.4,1,0,0,0,169.4
0.35,0.35,0.2,3.0,2.0,11,139.6,2,0,1,0,199.6
0.35,0.35,0.2,3.0,2.0,12,139.5,1,0,0,0,169.5
0.35,0.35,0.2,3.0,2.0,13,139.5,2,0,1,0,199.5
0.35,0.35,0.2,3.0,2.0,14,139.7,2,0,1,0,199.7
0.35,0.35,0.2,3.0,2.0,15,139.4,1,0,0,0,169.4
0.35,0.35,0.2,3.0,2.0,16,139.4,1,0,0,0,169.4
0.35,0.35,0.2,3.0,2.0,17,139.9,4,0,3,0,259.9
0.35,0.35,0.2,3.0,2.0,18,139.4,1,0,0,0,169.4
0.35,0.35,0.2,3.0,2.0,19,139.5,1,0,0,0,169.5
0.35,0.35,0.2,3.0,2.0,20,139.5,1,0,0,0,169.5
0.35,0.35,0.2,3.0,3.0,1,139.4,1,0,0,0,169.4
0.35,0.35,0.2,3.0,3.0,2,139.3,1,0,0,0,169.3
0.35,0.35,0.2,3.0,3.0,3,139.4,2,0,1,0,199.4
0.35,0.35,0.2,3.0,3.0,4,140.0,4,0,3,0,260.0
0.35,0.35,0.2,3.0,3.0,5,139.4,2,0,1,0,199.4
0.35,0.35,0.2,3.0,3.0,6,141.2,4,0,3,0,261.2
0.35,0.35,0.2,3.0,3.0,7,139.7,2,0,1,0,199.7
0.35,0.35,0.2,3.0,3.0,8,139.6,3,0,2,0,229.6
0.35,0.35,0.2,3.0,3.0,9,139.3,1,0,0,0,169.3
0.35,0.35,0.2,3.0,3.0,10,139.3,1,0,0,0,169.3
0.35,0.35,0.2,3.0,3.0,11,139.4,2,0,1,0,199.4
0.35,0.35,0.2,3.0,3.0,12,139.4,1,0,0,0,169.4
0.35,0.35,0.2,3.0,3.0,13,139.4,1,0,0,0,169.4
0.35,0.35,0.2,3.0,3.0,14,139.6,2,0,1,0,199.6
0.35,0.35,0.2,3.0,3.0,15,139.3,1,0,0,0,169.3
0.35,0.35,0.2,3.0,3.0,16,139.3,1,0,0,0,169.3
0.35,0.35,0.2,3.0,3.0,17,139.7,4,0,3,0,259.7
0.35,0.35,0.2,3.0,3.0,18,139.3,1,0,0,0,169.3
0.35,0.35,0.2,3.0,3.0,19,139.4,1,0,0,0,169.4
0.35,0.35,0.2,3.0,3.0,20,139.4,2,0,1,0,199.4
0.35,0.35,0.25,2.0,2.0,1,407.1,2,2,0,1,467.1
0.35,0.35,0.25,2.0,2.0,2,141.7,2,1,1,0,201.7
0.35,0.35,0.25,2.0,2.0,3,143.3,4,2,2,0,263.3
0.35,0.35,0.25,2.0,2.0,4,142.1,4,1,3,0,262.1
0.35,0.35,0.25,2.0,2.0,5,143.0,4,2,2,0,263.0
0.35,0.35,0.25,2.0,2.0,6,144.8,7,2,4,0,354.8
0.35,0.35,0.25,2.0,2.0,7,405.5,1,1,0,1,435.5
0.35,0.35,0.25,2.0,2.0,8,143.1,3,1,2,0,233.1
0.35,0.35,0.25,2.0,2.0,9,141.7,2,1,1,0,201.7
0.35,0.35,0.25,2.0,2.0,10,141.7,1,1,0,0,171.7
0.35,0.35,0.25,2.0,2.0,11,146.2,3,1,2,0,236.2
0.35,0.35,0.25,2.0,2.0,12,142.9,3,2,0,0,232.9
0.35,0.35,0.25,2.0,2.0,13,141.8,2,1,1,0,201.8
0.35,0.35,0.25,2.0,2.0,14,143.1,3,1,2,0,233.1
0.35,0.35,0.25,2.0,2.0,15,141.7,1,1,0,0,171.7
0.35,0.35,0.25,2.0,2.0,16,142.8,1,1,0,0,172.8
0.35,0.35,0.25,2.0,2.0,17,145.3,5,1,4,0,295.3
0.35,0.35,0.25,2.0,2.0,18,142.6,1,1,0,0,172.6
0.35,0.35,0.25,2.0,2.0,19,141.8,2,1,1,0,201.8
0.35,0.35,0.25,2.0,2.0,20,405.5,1,1,0,1,435.5
0.35,0.35,0.25,2.0,3.0,1,403.2,1,0,0,1,433.2
0.35,0.35,0.25,2.0,3.0,2,139.4,2,0,1,0,199.4
0.35,0.35,0.25,2.0,3.0,3,139.9,3,0,2,0,229.9
0.35,0.35,0.25,2.0,3.0,4,139.8,4,0,3,0,259.8
0.35,0.35,0.25,2.0,3.0,5,139.6,3,0,2,0,229.6
0.35,0.35,0.25,2.0,3.0,6,140.9,5,0,4,0,290.9
0.35,0.35,0.25,2.0,3.0,7,403.2,1,0,0,1,433.2
0.35,0.35,0.25,2.0,3.0,8,140.6,3,0,2,0,230.6
0.35,0.35,0.25,2.0,3.0,9,139.5,2,0,1,0,199.5
0.35,0.35,0.25,2.0,3.0,10,139.5,1,0,0,0,169.5
0.35,0.35,0.25,2.0,3.0,11,146.2,3,0,2,0,236.2
0.35,0.35,0.25,2.0,3.0,12,139.5,2,0,1,0,199.5
0.35,0.35,0.25,2.0,3.0,13,139.5,2,0,1,0,199.5
0.35,0.35,0.25,2.0,3.0,14,139.9,3,0,2,0,229.9
0.35,0.35,0.25,2.0,3.0,15,139.4,1,0,0,0,169.4
0.35,0.35,0.25,2.0,3.0,16,139.4,1,0,0,0,169.4
0.35,0.35,0.25,2.0,3.0,17,143.1,5,0,4,0,293.1
0.35,0.35,0.25,2.0,3.0,18,139.4,1,0,0,0,169.4
0.35,0.35,0.25,2.0,3.0,19,139.5,2,0,1,0,199.5
0.35,0.35,0.25,2.0,3.0,20,403.2,1,0,0,1,433.2
0.35,0.35,0.25,3.0,2.0,1,141.3,4,2,1,0,261.3
0.35,0.35,0.25,3.0,2.0,2,139.9,3,2,0,0,229.9
0.35,0.35,0.25,3.0,2.0,3,140.0,4,2,1,0,260.0
0.35,0.35,0.25,3.0,2.0,4,140.2,3,2,0,0,230.2
0.35,0.35,0.25,3.0,2.0,5,140.0,3,2,0,0,230.0
0.35,0.35,0.25,3.0,2.0,6,142.0,4,2,1,0,262.0
0.35,0.35,0.25,3.0,2.0,7,140.3,4,2,1,0,260.3
0.35,0.35,0.25,3.0,2.0,8,140.2,5,2,2,0,290.2
0.35,0.35,0.25,3.0,2.0,9,139.9,3,2,0,0,229.9
0.35,0.35,0.25,3.0,2.0,10,139.9,4,2,1,0,259.9
0.35,0.35,0.25,3.0,2.0,11,140.1,5,2,2,0,290.1
0.35,0.35,0.25,3.0,2.0,12,139.9,3,2,0,0,229.9
0.35,0.35,0.25,3.0,2.0,13,140.0,3,2,0,0,230.0
0.35,0.35,0.25,3.0,2.0,14,140.2,4,2,1,0,260.2
0.35,0.35,0.25,3.0,2.0,15,139.8,3,2,0,0,229.8
0.35,0.35,0.25,3.0,2.0,16,139.9,3,2,0,0,229.9
0.35,0.35,0.25,3.0,2.0,17,140.3,6,2,3,0,320.3
0.35,0.35,0.25,3.0,2.0,18,139.8,3,2,0,0,229.8
0.35,0.35,0.25,3.0,2.0,19,139.9,3,2,0,0,229.9
0.35,0.35,0.25,3.0,2.0,20,140.0,4,2,1,0,260.0
0.35,0.35,0.25,3.0,3.0,1,140.0,2,0,1,0,200.0
0.35,0.35,0.25,3.0,3.0,2,139.4,1,0,0,0,169.4
0.35,0.35,0.25,3.0,3.0,3,139.6,2,0,1,0,199.6
0.35,0.35,0.25,3.0,3.0,4,139.7,1,0,0,0,169.7
0.35,0.35,0.25,3.0,3.0,5,139.6,1,0,0,0,169.6
0.35,0.35,0.25,3.0,3.0,6,141.6,2,0,1,0,201.6
0.35,0.35,0.25,3.0,3.0,7,139.9,2,0,1,0,199.9
0.35,0.35,0.25,3.0,3.0,8,139.8,3,0,2,0,229.8
0.35,0.35,0.25,3.0,3.0,9,139.5,1,0,0,0,169.5
0.35,0.35,0.25,3.0,3.0,10,139.5,2,0,1,0,199.5
0.35,0.35,0.25,3.0,3.0,11,139.6,2,0,1,0,199.6
0.35,0.35,0.25,3.0,3.0,12,139.5,1,0,0,0,169.5
0.35,0.35,0.25,3.0,3.0,13,139.5,1,0,0,0,169.5
0.35,0.35,0.25,3.0,3.0,14,139.7,2,0,1,0,199.7
0.35,0.35,0.25,3.0,3.0,15,139.4,1,0,0,0,169.4
0.35,0.35,0.25,3.0,3.0,16,139.4,1,0,0,0,169.4
0.35,0.35,0.25,3.0,3.0,17,139.9,4,0,3,0,259.9
0.35,0.35,0.25,3.0,3.0,18,139.4,1,0,0,0,169.4
0.35,0.35,0.25,3.0,3.0,19,139.5,1,0,0,0,169.5
0.35,0.35,0.25,3.0,3.0,20,139.6,1,0,0,0,169.6
0.35,0.35,0.3,2.0,2.0,1,1476.6,0,0,0,9,1476.6
0.35,0.35,0.3,2.0,2.0,2,1476.6,0,0,0,9,1476.6
0.35,0.35,0.3,2.0,2.0,3,1476.6,0,0,0,9,1476.6
0.35,0.35,0.3,2.0,2.0,4,1476.6,0,0,0,9,1476.6
0.35,0.35,0.3,2.0,2.0,5,1476.6,0,0,0,9,1476.6
0.35,0.35,0.3,2.0,2.0,6,1476.6,0,0,0,9,1476.6
0.35,0.35,0.3,2.0,2.0,7,1192.3,1,0,1,8,1222.3
0.35,0.35,0.3,2.0,2.0,8,1476.6,0,0,0,9,1476.6
0.35,0.35,0.3,2.0,2.0,9,1476.6,0,0,0,9,1476.6
0.35,0.35,0.3,2.0,2.0,10,1476.6,0,0,0,9,1476.6
0.35,0.35,0.3,2.0,2.0,11,1476.6,0,0,0,9,1476.6
0.35,0.35,0.3,2.0,2.0,12,445.3,2,1,0,2,505.3
0.35,0.35,0.3,2.0,2.0,13,1476.6,0,0,0,9,1476.6
0.35,0.35,0.3,2.0,2.0,14,1476.6,0,0,0,9,1476.6
0.35,0.35,0.3,2.0,2.0,15,1476.6,0,0,0,9,1476.6
0.35,0.35,0.3,2.0,2.0,16,1476.6,0,0,0,9,1476.6
0.35,0.35,0.3,2.0,2.0,17,803.8,5,0,4,5,953.8
0.35,0.35,0.3,2.0,2.0,18,1476.6,0,0,0,9,1476.6
0.35,0.35,0.3,2.0,2.0,19,1476.6,0,0,0,9,1476.6
0.35,0.35,0.3,2.0,2.0,20,1476.6,0,0,0,9,1476.6
0.35,0.35,0.3,2.0,3.0,1,403.2,1,0,0,1,433.2
0.35,0.35,0.3,2.0,3.0,2,139.4,1,0,0,0,169.4
0.35,0.35,0.3,2.0,3.0,3,140.1,2,0,1,0,200.1
0.35,0.35,0.3,2.0,3.0,4,139.8,4,0,3,0,259.8
0.35,0.35,0.3,2.0,3.0,5,139.7,3,0,2,0,229.7
0.35,0.35,0.3,2.0,3.0,6,141.4,3,0,2,0,231.4
0.35,0.35,0.3,2.0,3.0,7,143.4,3,0,2,0,233.4
0.35,0.35,0.3,2.0,3.0,8,140.8,3,0,2,0,230.8
0.35,0.35,0.3,2.0,3.0,9,139.5,2,0,1,0,199.5
0.35,0.35,0.3,2.0,3.0,10,139.8,2,0,1,0,199.8
0.35,0.35,0.3,2.0,3.0,11,144.4,3,0,2,0,234.4
0.35,0.35,0.3,2.0,3.0,12,139.5,1,0,0,0,169.5
0.35,0.35,0.3,2.0,3.0,13,139.5,2,0,1,0,199.5
0.35,0.35,0.3,2.0,3.0,14,139.9,3,0,2,0,229.9
0.35,0.35,0.3,2.0,3.0,15,139.4,1,0,0,0,169.4
0.35,0.35,0.3,2.0,3.0,16,139.4,1,0,0,0,169.4
0.35,0.35,0.3,2.0,3.0,17,143.1,5,0,4,0,293.1
0.35,0.35,0.3,2.0,3.0,18,139.4,1,0,0,0,169.4
0.35,0.35,0.3,2.0,3.0,19,139.5,1,0,0,0,169.5
0.35,0.35,0.3,2.0,3.0,20,403.2,1,0,0,1,433.2
0.35,0.35,0.3,3.0,2.0,1,141.4,5,3,1,0,291.4
0.35,0.35,0.3,3.0,2.0,2,140.8,4,3,0,0,260.8
0.35,0.35,0.3,3.0,2.0,3,141.3,6,3,2,0,321.3
0.35,0.35,0.3,3.0,2.0,4,141.0,3,2,0,0,231.0
0.35,0.35,0.3,3.0,2.0,5,141.0,4,3,0,0,261.0
0.35,0.35,0.3,3.0,2.0,6,143.2,5,3,1,0,293.2
0.35,0.35,0.3,3.0,2.0,7,141.3,5,3,1,0,291.3
0.35,0.35,0.3,3.0,2.0,8,141.2,6,3,2,0,321.2
0.35,0.35,0.3,3.0,2.0,9,140.9,4,3,0,0,260.9
0.35,0.35,0.3,3.0,2.0,10,140.9,5,3,1,0,290.9
0.35,0.35,0.3,3.0,2.0,11,141.1,5,3,1,0,291.1
0.35,0.35,0.3,3.0,2.0,12,140.9,4,3,0,0,260.9
0.35,0.35,0.3,3.0,2.0,13,145.7,5,3,1,0,295.7
0.35,0.35,0.3,3.0,2.0,14,141.1,5,3,1,0,291.1
0.35,0.35,0.3,3.0,2.0,15,140.8,4,3,0,0,260.8
0.35,0.35,0.3,3.0,2.0,16,140.8,4,3,0,0,260.8
0.35,0.35,0.3,3.0,2.0,17,141.5,7,3,3,0,351.5
0.35,0.35,0.3,3.0,2.0,18,140.8,4,3,0,0,260.8
0.35,0.35,0.3,3.0,2.0,19,140.9,4,3,0,0,260.9
0.35,0.35,0.3,3.0,2.0,20,142.0,5,3,1,0,292.0
0.35,0.35,0.3,3.0,3.0,1,140.2,1,0,1,0,170.2
0.35,0.35,0.3,3.0,3.0,2,139.4,0,0,0,0,139.4
0.35,0.35,0.3,3.0,3.0,3,139.8,2,0,2,0,199.8
0.35,0.35,0.3,3.0,3.0,4,139.8,0,0,0,0,139.8
0.35,0.35,0.3,3.0,3.0,5,139.6,0,0,0,0,139.6
0.35,0.35,0.3,3.0,3.0,6,141.3,1,0,1,0,171.3
0.35,0.35,0.3,3.0,3.0,7,139.8,1,0,1,0,169.8
0.35,0.35,0.3,3.0,3.0,8,139.8,2,0,2,0,199.8
0.35,0.35,0.3,3.0,3.0,9,139.5,0,0,0,0,139.5
0.35,0.35,0.3,3.0,3.0,10,139.5,1,0,1,0,169.5
0.35,0.35,0.3,3.0,3.0,11,139.7,1,0,1,0,169.7
0.35,0.35,0.3,3.0,3.0,12,139.5,0,0,0,0,139.5
0.35,0.35,0.3,3.0,3.0,13,146.2,1,0,1,0,176.2
0.35,0.35,0.3,3.0,3.0,14,139.7,1,0,1,0,169.7
0.35,0.35,0.3,3.0,3.0,15,139.4,0,0,0,0,139.4
0.35,0.35,0.3,3.0,3.0,16,139.4,0,0,0,0,139.4
0.35,0.35,0.3,3.0,3.0,17,139.9,3,0,3,0,229.9
0.35,0.35,0.3,3.0,3.0,18,139.4,0,0,0,0,139.4
0.35,0.35,0.3,3.0,3.0,19,139.5,0,0,0,0,139.5
0.35,0.35,0.3,3.0,3.0,20,141.1,1,0,1,0,171.1
0.35,0.35,0.35,2.0,2.0,1,1476.6,0,0,0,9,1476.6
0.35,0.35,0.35,2.0,2.0,2,1476.6,0,0,0,9,1476.6
0.35,0.35,0.35,2.0,2.0,3,1217.2,1,0,1,8,1247.2
0.35,0.35,0.35,2.0,2.0,4,1476.6,0,0,0,9,1476.6
0.35,0.35,0.35,2.0,2.0,5,1476.6,0,0,0,9,1476.6
0.35,0.35,0.35,2.0,2.0,6,1476.6,0,0,0,9,1476.6
0.35,0.35,0.35,2.0,2.0,7,1476.6,0,0,0,9,1476.6
0.35,0.35,0.35,2.0,2.0,8,1476.6,0,0,0,9,1476.6
0.35,0.35,0.35,2.0,2.0,9,1476.6,0,0,0,9,1476.6
0.35,0.35,0.35,2.0,2.0,10,1476.6,0,0,0,9,1476.6
0.35,0.35,0.35,2.0,2.0,11,1205.2,1,0,1,8,1235.2
0.35,0.35,0.35,2.0,2.0,12,1476.6,0,0,0,9,1476.6
0.35,0.35,0.35,2.0,2.0,13,946.6,3,0,2,6,1036.6
0.35,0.35,0.35,2.0,2.0,14,1476.6,0,0,0,9,1476.6
0.35,0.35,0.35,2.0,2.0,15,1476.6,0,0,0,9,1476.6
0.35,0.35,0.35,2.0,2.0,16,1476.6,0,0,0,9,1476.6
0.35,0.35,0.35,2.0,2.0,17,1476.6,0,0,0,9,1476.6
0.35,0.35,0.35,2.0,2.0,18,1476.6,0,0,0,9,1476.6
0.35,0.35,0.35,2.0,2.0,19,1197.0,1,0,1,8,1227.0
0.35,0.35,0.35,2.0,2.0,20,1476.6,0,0,0,9,1476.6
0.35,0.35,0.35,2.0,3.0,1,403.2,1,0,0,1,433.2
0.35,0.35,0.35,2.0,3.0,2,139.4,1,0,0,0,169.4
0.35,0.35,0.35,2.0,3.0,3,140.3,2,0,1,0,200.3
0.35,0.35,0.35,2.0,3.0,4,139.8,2,0,1,0,199.8
0.35,0.35,0.35,2.0,3.0,5,139.7,3,0,2,0,229.7
0.35,0.35,0.35,2.0,3.0,6,142.3,2,0,1,0,202.3
0.35,0.35,0.35,2.0,3.0,7,145.8,3,0,2,0,235.8
0.35,0.35,0.35,2.0,3.0,8,142.5,4,0,3,0,262.5
0.35,0.35,0.35,2.0,3.0,9,139.5,2,0,1,0,199.5
0.35,0.35,0.35,2.0,3.0,10,140.0,2,0,1,0,200.0
0.35,0.35,0.35,2.0,3.0,11,140.5,3,0,2,0,230.5
0.35,0.35,0.35,2.0,3.0,12,139.5,1,0,0,0,169.5
0.35,0.35,0.35,2.0,3.0,13,139.5,1,0,0,0,169.5
0.35,0.35,0.35,2.0,3.0,14,139.9,3,0,2,0,229.9
0.35,0.35,0.35,2.0,3.0,15,139.4,1,0,0,0,169.4
0.35,0.35,0.35,2.0,3.0,16,139.4,1,0,0,0,169.4
0.35,0.35,0.35,2.0,3.0,17,139.7,3,0,2,0,229.7
0.35,0.35,0.35,2.0,3.0,18,139.4,1,0,0,0,169.4
0.35,0.35,0.35,2.0,3.0,19,139.5,1,0,0,0,169.5
0.35,0.35,0.35,2.0,3.0,20,403.2,1,0,0,1,433.2
0.35,0.35,0.35,3.0,2.0,1,142.2,5,3,1,0,292.2
0.35,0.35,0.35,3.0,2.0,2,140.7,4,3,0,0,260.7
0.35,0.35,0.35,3.0,2.0,3,141.5,5,3,1,0,291.5
0.35,0.35,0.35,3.0,2.0,4,141.3,5,3,1,0,291.3
0.35,0.35,0.35,3.0,2.0,5,140.9,4,3,0,0,260.9
0.35,0.35,0.35,3.0,2.0,6,143.1,5,3,1,0,293.1
0.35,0.35,0.35,3.0,2.0,7,141.1,5,3,1,0,291.1
0.35,0.35,0.35,3.0,2.0,8,141.1,6,3,2,0,321.1
0.35,0.35,0.35,3.0,2.0,9,140.8,4,3,0,0,260.8
0.35,0.35,0.35,3.0,2.0,10,140.9,5,3,1,0,290.9
0.35,0.35,0.35,3.0,2.0,11,141.0,5,3,1,0,291.0
0.35,0.35,0.35,3.0,2.0,12,140.8,4,3,0,0,260.8
0.35,0.35,0.35,3.0,2.0,13,144.7,5,3,1,0,294.7
0.35,0.35,0.35,3.0,2.0,14,141.0,4,3,0,0,261.0
0.35,0.35,0.35,3.0,2.0,15,140.7,4,3,0,0,260.7
0.35,0.35,0.35,3.0,2.0,16,140.7,4,3,0,0,260.7
0.35,0.35,0.35,3.0,2.0,17,141.2,7,3,3,0,351.2
0.35,0.35,0.35,3.0,2.0,18,140.7,4,3,0,0,260.7
0.35,0.35,0.35,3.0,2.0,19,140.8,4,3,0,0,260.8
0.35,0.35,0.35,3.0,2.0,20,141.6,5,3,1,0,291.6
0.35,0.35,0.35,3.0,3.0,1,140.9,1,0,1,0,170.9
0.35,0.35,0.35,3.0,3.0,2,139.4,0,0,0,0,139.4
0.35,0.35,0.35,3.0,3.0,3,140.2,1,0,1,0,170.2
0.35,0.35,0.35,3.0,3.0,4,139.8,1,0,1,0,169.8
0.35,0.35,0.35,3.0,3.0,5,139.6,0,0,0,0,139.6
0.35,0.35,0.35,3.0,3.0,6,141.6,1,0,1,0,171.6
0.35,0.35,0.35,3.0,3.0,7,139.9,1,0,1,0,169.9
0.35,0.35,0.35,3.0,3.0,8,139.8,2,0,2,0,199.8
0.35,0.35,0.35,3.0,3.0,9,139.5,0,0,0,0,139.5
0.35,0.35,0.35,3.0,3.0,10,139.5,1,0,1,0,169.5
0.35,0.35,0.35,3.0,3.0,11,139.7,1,0,1,0,169.7
0.35,0.35,0.35,3.0,3.0,12,139.5,0,0,0,0,139.5
0.35,0.35,0.35,3.0,3.0,13,141.9,1,0,1,0,171.9
0.35,0.35,0.35,3.0,3.0,14,139.7,0,0,0,0,139.7
0.35,0.35,0.35,3.0,3.0,15,139.4,0,0,0,0,139.4
0.35,0.35,0.35,3.0,3.0,16,139.4,0,0,0,0,139.4
0.35,0.35,0.35,3.0,3.0,17,139.9,3,0,3,0,229.9
0.35,0.35,0.35,3.0,3.0,18,139.4,0,0,0,0,139.4
0.35,0.35,0.35,3.0,3.0,19,139.5,0,0,0,0,139.5
0.35,0.35,0.35,3.0,3.0,20,140.3,1,0,1,0,170.3
0.35,0.35,0.45,2.0,2.0,1,1172.6,1,0,0,7,1202.6
0.35,0.35,0.45,2.0,2.0,2,908.2,2,0,1,6,968.2
0.35,0.35,0.45,2.0,2.0,3,1002.4,1,0,0,6,1032.4
0.35,0.35,0.45,2.0,2.0,4,908.6,2,0,1,6,968.6
0.35,0.35,0.45,2.0,2.0,5,741.1,2,0,1,5,801.1
0.35,0.35,0.45,2.0,2.0,6,914.0,1,0,0,6,944.0
0.35,0.35,0.45,2.0,2.0,7,748.2,3,0,2,5,838.2
0.35,0.35,0.45,2.0,2.0,8,908.5,2,0,1,6,968.5
0.35,0.35,0.45,2.0,2.0,9,908.6,2,0,1,6,968.6
0.35,0.35,0.45,2.0,2.0,10,909.4,2,0,1,6,969.4
0.35,0.35,0.45,2.0,2.0,11,1162.0,2,2,0,6,1222.0
0.35,0.35,0.45,2.0,2.0,12,908.5,1,0,0,6,938.5
0.35,0.35,0.45,2.0,2.0,13,907.5,1,0,0,6,937.5
0.35,0.35,0.45,2.0,2.0,14,908.7,2,0,1,6,968.7
0.35,0.35,0.45,2.0,2.0,15,908.4,1,0,0,6,938.4
0.35,0.35,0.45,2.0,2.0,16,908.5,2,0,1,6,968.5
0.35,0.35,0.45,2.0,2.0,17,690.1,5,1,3,4,840.1
0.35,0.35,0.45,2.0,2.0,18,908.4,1,0,0,6,938.4
0.35,0.35,0.45,2.0,2.0,19,1159.6,2,2,0,6,1219.6
0.35,0.35,0.45,2.0,2.0,20,1172.4,1,0,0,7,1202.4
0.35,0.35,0.45,2.0,3.0,1,403.2,1,0,0,1,433.2
0.35,0.35,0.45,2.0,3.0,2,139.5,1,0,0,0,169.5
0.35,0.35,0.45,2.0,3.0,3,403.2,1,0,0,1,433.2
0.35,0.35,0.45,2.0,3.0,4,139.9,2,0,1,0,199.9
0.35,0.35,0.45,2.0,3.0,5,139.7,2,0,1,0,199.7
0.35,0.35,0.45,2.0,3.0,6,145.4,2,0,1,0,205.4
0.35,0.35,0.45,2.0,3.0,7,149.3,3,0,2,0,239.3
0.35,0.35,0.45,2.0,3.0,8,146.6,2,0,1,0,206.6
0.35,0.35,0.45,2.0,3.0,9,139.5,2,0,1,0,199.5
0.35,0.35,0.45,2.0,3.0,10,403.2,1,0,0,1,433.2
0.35,0.35,0.45,2.0,3.0,11,139.7,2,0,1,0,199.7
0.35,0.35,0.45,2.0,3.0,12,139.5,1,0,0,0,169.5
0.35,0.35,0.45,2.0,3.0,13,139.5,1,0,0,0,169.5
0.35,0.35,0.45,2.0,3.0,14,139.9,3,0,2,0,229.9
0.35,0.35,0.45,2.0,3.0,15,139.4,1,0,0,0,169.4
0.35,0.35,0.45,2.0,3.0,16,139.5,1,0,0,0,169.5
0.35,0.35,0.45,2.0,3.0,17,139.8,1,0,0,0,169.8
0.35,0.35,0.45,2.0,3.0,18,139.4,1,0,0,0,169.4
0.35,0.35,0.45,2.0,3.0,19,139.5,1,0,0,0,169.5
0.35,0.35,0.45,2.0,3.0,20,403.2,1,0,0,1,433.2
0.35,0.35,0.45,3.0,2.0,1,146.8,5,3,1,0,296.8
0.35,0.35,0.45,3.0,2.0,2,146.3,4,3,0,0,266.3
0.35,0.35,0.45,3.0,2.0,3,146.6,6,3,2,0,326.6
0.35,0.35,0.45,3.0,2.0,4,147.2,5,3,1,0,297.2
0.35,0.35,0.45,3.0,2.0,5,146.5,4,3,0,0,266.5
0.35,0.35,0.45,3.0,2.0,6,148.4,5,3,1,0,298.4
0.35,0.35,0.45,3.0,2.0,7,146.8,5,3,1,0,296.8
0.35,0.35,0.45,3.0,2.0,8,146.8,5,3,1,0,296.8
0.35,0.35,0.45,3.0,2.0,9,146.4,4,3,0,0,266.4
0.35,0.35,0.45,3.0,2.0,10,146.9,5,3,1,0,296.9
0.35,0.35,0.45,3.0,2.0,11,146.7,5,3,1,0,296.7
0.35,0.35,0.45,3.0,2.0,12,146.4,4,3,0,0,266.4
0.35,0.35,0.45,3.0,2.0,13,148.7,5,3,1,0,298.7
0.35,0.35,0.45,3.0,2.0,14,146.7,4,3,0,0,266.7
0.35,0.35,0.45,3.0,2.0,15,146.3,4,3,0,0,266.3
0.35,0.35,0.45,3.0,2.0,16,146.4,4,3,0,0,266.4
0.35,0.35,0.45,3.0,2.0,17,147.1,6,3,2,0,327.1
0.35,0.35,0.45,3.0,2.0,18,146.3,4,3,0,0,266.3
0.35,0.35,0.45,3.0,2.0,19,146.4,4,3,0,0,266.4
0.35,0.35,0.45,3.0,2.0,20,147.2,5,3,1,0,297.2
0.35,0.35,0.45,3.0,3.0,1,139.9,1,0,1,0,169.9
0.35,0.35,0.45,3.0,3.0,2,139.4,0,0,0,0,139.4
0.35,0.35,0.45,3.0,3.0,3,139.7,2,0,2,0,199.7
0.35,0.35,0.45,3.0,3.0,4,140.3,1,0,1,0,170.3
0.35,0.35,0.45,3.0,3.0,5,139.6,0,0,0,0,139.6
0.35,0.35,0.45,3.0,3.0,6,140.0,0,0,0,0,140.0
0.35,0.35,0.45,3.0,3.0,7,139.9,1,0,1,0,169.9
0.35,0.35,0.45,3.0,3.0,8,139.9,2,0,2,0,199.9
0.35,0.35,0.45,3.0,3.0,9,139.5,0,0,0,0,139.5
0.35,0.35,0.45,3.0,3.0,10,140.0,1,0,1,0,170.0
0.35,0.35,0.45,3.0,3.0,11,139.8,1,0,1,0,169.8
0.35,0.35,0.45,3.0,3.0,12,139.5,0,0,0,0,139.5
0.35,0.35,0.45,3.0,3.0,13,141.8,1,0,1,0,171.8
0.35,0.35,0.45,3.0,3.0,14,139.8,0,0,0,0,139.8
0.35,0.35,0.45,3.0,3.0,15,139.4,0,0,0,0,139.4
0.35,0.35,0.45,3.0,3.0,16,139.5,0,0,0,0,139.5
0.35,0.35,0.45,3.0,3.0,17,140.2,2,0,2,0,200.2
0.35,0.35,0.45,3.0,3.0,18,139.4,0,0,0,0,139.4
0.35,0.35,0.45,3.0,3.0,19,139.5,0,0,0,0,139.5
0.35,0.35,0.45,3.0,3.0,20,140.3,1,0,1,0,170.3
