[0.139s] DEBUG:colcon:Command line arguments: ['/usr/bin/colcon', 'build']
[0.139s] DEBUG:colcon:Parsed command line arguments: Namespace(log_base=None, log_level=None, verb_name='build', build_base='build', install_base='install', merge_install=False, symlink_install=False, test_result_base=None, continue_on_error=False, executor='parallel', parallel_workers=12, event_handlers=None, ignore_user_meta=False, metas=['./colcon.meta'], base_paths=['.'], packages_ignore=None, packages_ignore_regex=None, paths=None, packages_up_to=None, packages_up_to_regex=None, packages_above=None, packages_above_and_dependencies=None, packages_above_depth=None, packages_select_by_dep=None, packages_skip_by_dep=None, packages_skip_up_to=None, packages_select_build_failed=False, packages_skip_build_finished=False, packages_select_test_failures=False, packages_skip_test_passed=False, packages_select=None, packages_skip=None, packages_select_regex=None, packages_skip_regex=None, packages_start=None, packages_end=None, allow_overriding=[], cmake_args=None, cmake_target=None, cmake_target_skip_unavailable=False, cmake_clean_cache=False, cmake_clean_first=False, cmake_force_configure=False, ament_cmake_args=None, catkin_cmake_args=None, catkin_skip_building_tests=False, mixin_files=None, mixin=None, verb_parser=<colcon_mixin.mixin.mixin_argument.MixinArgumentDecorator object at 0x796676a5c0a0>, verb_extension=<colcon_core.verb.build.BuildVerb object at 0x796676bd0520>, main=<bound method BuildVerb.main of <colcon_core.verb.build.BuildVerb object at 0x796676bd0520>>, mixin_verb=('build',))
[0.331s] Level 1:colcon.colcon_core.package_discovery:discover_packages(colcon_meta) check parameters
[0.331s] Level 1:colcon.colcon_core.package_discovery:discover_packages(recursive) check parameters
[0.331s] Level 1:colcon.colcon_core.package_discovery:discover_packages(ignore) check parameters
[0.332s] Level 1:colcon.colcon_core.package_discovery:discover_packages(path) check parameters
[0.332s] Level 1:colcon.colcon_core.package_discovery:discover_packages(colcon_meta) discover
[0.332s] Level 1:colcon.colcon_core.package_discovery:discover_packages(recursive) discover
[0.332s] INFO:colcon.colcon_core.package_discovery:Crawling recursively for packages in '/home/ssfa/ros2_ws'
[0.332s] Level 1:colcon.colcon_core.package_identification:_identify(.) by extensions ['ignore', 'ignore_ament_install']
[0.332s] Level 1:colcon.colcon_core.package_identification:_identify(.) by extension 'ignore'
[0.332s] Level 1:colcon.colcon_core.package_identification:_identify(.) by extension 'ignore_ament_install'
[0.332s] Level 1:colcon.colcon_core.package_identification:_identify(.) by extensions ['colcon_pkg']
[0.332s] Level 1:colcon.colcon_core.package_identification:_identify(.) by extension 'colcon_pkg'
[0.332s] Level 1:colcon.colcon_core.package_identification:_identify(.) by extensions ['colcon_meta']
[0.332s] Level 1:colcon.colcon_core.package_identification:_identify(.) by extension 'colcon_meta'
[0.332s] Level 1:colcon.colcon_core.package_identification:_identify(.) by extensions ['ros']
[0.332s] Level 1:colcon.colcon_core.package_identification:_identify(.) by extension 'ros'
[0.346s] Level 1:colcon.colcon_core.package_identification:_identify(.) by extensions ['cmake', 'python']
[0.346s] Level 1:colcon.colcon_core.package_identification:_identify(.) by extension 'cmake'
[0.346s] Level 1:colcon.colcon_core.package_identification:_identify(.) by extension 'python'
[0.346s] Level 1:colcon.colcon_core.package_identification:_identify(.) by extensions ['python_setup_py']
[0.347s] Level 1:colcon.colcon_core.package_identification:_identify(.) by extension 'python_setup_py'
[0.347s] Level 1:colcon.colcon_core.package_identification:_identify(build) by extensions ['ignore', 'ignore_ament_install']
[0.347s] Level 1:colcon.colcon_core.package_identification:_identify(build) by extension 'ignore'
[0.347s] Level 1:colcon.colcon_core.package_identification:_identify(build) ignored
[0.347s] Level 1:colcon.colcon_core.package_identification:_identify(install) by extensions ['ignore', 'ignore_ament_install']
[0.347s] Level 1:colcon.colcon_core.package_identification:_identify(install) by extension 'ignore'
[0.347s] Level 1:colcon.colcon_core.package_identification:_identify(install) ignored
[0.347s] Level 1:colcon.colcon_core.package_identification:_identify(log) by extensions ['ignore', 'ignore_ament_install']
[0.347s] Level 1:colcon.colcon_core.package_identification:_identify(log) by extension 'ignore'
[0.347s] Level 1:colcon.colcon_core.package_identification:_identify(log) ignored
[0.348s] Level 1:colcon.colcon_core.package_identification:_identify(src) by extensions ['ignore', 'ignore_ament_install']
[0.348s] Level 1:colcon.colcon_core.package_identification:_identify(src) by extension 'ignore'
[0.348s] Level 1:colcon.colcon_core.package_identification:_identify(src) by extension 'ignore_ament_install'
[0.348s] Level 1:colcon.colcon_core.package_identification:_identify(src) by extensions ['colcon_pkg']
[0.348s] Level 1:colcon.colcon_core.package_identification:_identify(src) by extension 'colcon_pkg'
[0.348s] Level 1:colcon.colcon_core.package_identification:_identify(src) by extensions ['colcon_meta']
[0.348s] Level 1:colcon.colcon_core.package_identification:_identify(src) by extension 'colcon_meta'
[0.348s] Level 1:colcon.colcon_core.package_identification:_identify(src) by extensions ['ros']
[0.348s] Level 1:colcon.colcon_core.package_identification:_identify(src) by extension 'ros'
[0.348s] Level 1:colcon.colcon_core.package_identification:_identify(src) by extensions ['cmake', 'python']
[0.348s] Level 1:colcon.colcon_core.package_identification:_identify(src) by extension 'cmake'
[0.348s] Level 1:colcon.colcon_core.package_identification:_identify(src) by extension 'python'
[0.348s] Level 1:colcon.colcon_core.package_identification:_identify(src) by extensions ['python_setup_py']
[0.348s] Level 1:colcon.colcon_core.package_identification:_identify(src) by extension 'python_setup_py'
[0.348s] Level 1:colcon.colcon_core.package_identification:_identify(src/color_shape_detector) by extensions ['ignore', 'ignore_ament_install']
[0.348s] Level 1:colcon.colcon_core.package_identification:_identify(src/color_shape_detector) by extension 'ignore'
[0.349s] Level 1:colcon.colcon_core.package_identification:_identify(src/color_shape_detector) by extension 'ignore_ament_install'
[0.349s] Level 1:colcon.colcon_core.package_identification:_identify(src/color_shape_detector) by extensions ['colcon_pkg']
[0.349s] Level 1:colcon.colcon_core.package_identification:_identify(src/color_shape_detector) by extension 'colcon_pkg'
[0.349s] Level 1:colcon.colcon_core.package_identification:_identify(src/color_shape_detector) by extensions ['colcon_meta']
[0.349s] Level 1:colcon.colcon_core.package_identification:_identify(src/color_shape_detector) by extension 'colcon_meta'
[0.349s] Level 1:colcon.colcon_core.package_identification:_identify(src/color_shape_detector) by extensions ['ros']
[0.349s] Level 1:colcon.colcon_core.package_identification:_identify(src/color_shape_detector) by extension 'ros'
[0.352s] DEBUG:colcon.colcon_core.package_identification:Package 'src/color_shape_detector' with type 'ros.ament_python' and name 'color_shape_detector'
[0.352s] Level 1:colcon.colcon_core.package_identification:_identify(src/opencv_cam) by extensions ['ignore', 'ignore_ament_install']
[0.353s] Level 1:colcon.colcon_core.package_identification:_identify(src/opencv_cam) by extension 'ignore'
[0.353s] Level 1:colcon.colcon_core.package_identification:_identify(src/opencv_cam) by extension 'ignore_ament_install'
[0.353s] Level 1:colcon.colcon_core.package_identification:_identify(src/opencv_cam) by extensions ['colcon_pkg']
[0.353s] Level 1:colcon.colcon_core.package_identification:_identify(src/opencv_cam) by extension 'colcon_pkg'
[0.353s] Level 1:colcon.colcon_core.package_identification:_identify(src/opencv_cam) by extensions ['colcon_meta']
[0.353s] Level 1:colcon.colcon_core.package_identification:_identify(src/opencv_cam) by extension 'colcon_meta'
[0.353s] Level 1:colcon.colcon_core.package_identification:_identify(src/opencv_cam) by extensions ['ros']
[0.353s] Level 1:colcon.colcon_core.package_identification:_identify(src/opencv_cam) by extension 'ros'
[0.353s] Level 1:colcon.colcon_core.package_identification:_identify(src/opencv_cam) by extensions ['cmake', 'python']
[0.353s] Level 1:colcon.colcon_core.package_identification:_identify(src/opencv_cam) by extension 'cmake'
[0.353s] Level 1:colcon.colcon_core.package_identification:_identify(src/opencv_cam) by extension 'python'
[0.353s] Level 1:colcon.colcon_core.package_identification:_identify(src/opencv_cam) by extensions ['python_setup_py']
[0.353s] Level 1:colcon.colcon_core.package_identification:_identify(src/opencv_cam) by extension 'python_setup_py'
[0.353s] Level 1:colcon.colcon_core.package_identification:_identify(src/shape_detector) by extensions ['ignore', 'ignore_ament_install']
[0.353s] Level 1:colcon.colcon_core.package_identification:_identify(src/shape_detector) by extension 'ignore'
[0.353s] Level 1:colcon.colcon_core.package_identification:_identify(src/shape_detector) by extension 'ignore_ament_install'
[0.354s] Level 1:colcon.colcon_core.package_identification:_identify(src/shape_detector) by extensions ['colcon_pkg']
[0.354s] Level 1:colcon.colcon_core.package_identification:_identify(src/shape_detector) by extension 'colcon_pkg'
[0.354s] Level 1:colcon.colcon_core.package_identification:_identify(src/shape_detector) by extensions ['colcon_meta']
[0.354s] Level 1:colcon.colcon_core.package_identification:_identify(src/shape_detector) by extension 'colcon_meta'
[0.354s] Level 1:colcon.colcon_core.package_identification:_identify(src/shape_detector) by extensions ['ros']
[0.354s] Level 1:colcon.colcon_core.package_identification:_identify(src/shape_detector) by extension 'ros'
[0.355s] DEBUG:colcon.colcon_core.package_identification:Package 'src/shape_detector' with type 'ros.ament_python' and name 'shape_detector'
[0.355s] Level 1:colcon.colcon_core.package_identification:_identify(src/t3) by extensions ['ignore', 'ignore_ament_install']
[0.355s] Level 1:colcon.colcon_core.package_identification:_identify(src/t3) by extension 'ignore'
[0.355s] Level 1:colcon.colcon_core.package_identification:_identify(src/t3) by extension 'ignore_ament_install'
[0.355s] Level 1:colcon.colcon_core.package_identification:_identify(src/t3) by extensions ['colcon_pkg']
[0.355s] Level 1:colcon.colcon_core.package_identification:_identify(src/t3) by extension 'colcon_pkg'
[0.355s] Level 1:colcon.colcon_core.package_identification:_identify(src/t3) by extensions ['colcon_meta']
[0.355s] Level 1:colcon.colcon_core.package_identification:_identify(src/t3) by extension 'colcon_meta'
[0.355s] Level 1:colcon.colcon_core.package_identification:_identify(src/t3) by extensions ['ros']
[0.355s] Level 1:colcon.colcon_core.package_identification:_identify(src/t3) by extension 'ros'
[0.355s] Level 1:colcon.colcon_core.package_identification:_identify(src/t3) by extensions ['cmake', 'python']
[0.355s] Level 1:colcon.colcon_core.package_identification:_identify(src/t3) by extension 'cmake'
[0.355s] Level 1:colcon.colcon_core.package_identification:_identify(src/t3) by extension 'python'
[0.355s] Level 1:colcon.colcon_core.package_identification:_identify(src/t3) by extensions ['python_setup_py']
[0.355s] Level 1:colcon.colcon_core.package_identification:_identify(src/t3) by extension 'python_setup_py'
[0.355s] Level 1:colcon.colcon_core.package_identification:_identify(src/t3/DynamixelSDK) by extensions ['ignore', 'ignore_ament_install']
[0.356s] Level 1:colcon.colcon_core.package_identification:_identify(src/t3/DynamixelSDK) by extension 'ignore'
[0.356s] Level 1:colcon.colcon_core.package_identification:_identify(src/t3/DynamixelSDK) by extension 'ignore_ament_install'
[0.356s] Level 1:colcon.colcon_core.package_identification:_identify(src/t3/DynamixelSDK) by extensions ['colcon_pkg']
[0.356s] Level 1:colcon.colcon_core.package_identification:_identify(src/t3/DynamixelSDK) by extension 'colcon_pkg'
[0.356s] Level 1:colcon.colcon_core.package_identification:_identify(src/t3/DynamixelSDK) by extensions ['colcon_meta']
[0.356s] Level 1:colcon.colcon_core.package_identification:_identify(src/t3/DynamixelSDK) by extension 'colcon_meta'
[0.356s] Level 1:colcon.colcon_core.package_identification:_identify(src/t3/DynamixelSDK) by extensions ['ros']
[0.356s] Level 1:colcon.colcon_core.package_identification:_identify(src/t3/DynamixelSDK) by extension 'ros'
[0.356s] Level 1:colcon.colcon_core.package_identification:_identify(src/t3/DynamixelSDK) by extensions ['cmake', 'python']
[0.356s] Level 1:colcon.colcon_core.package_identification:_identify(src/t3/DynamixelSDK) by extension 'cmake'
[0.356s] Level 1:colcon.colcon_core.package_identification:_identify(src/t3/DynamixelSDK) by extension 'python'
[0.356s] Level 1:colcon.colcon_core.package_identification:_identify(src/t3/DynamixelSDK) by extensions ['python_setup_py']
[0.356s] Level 1:colcon.colcon_core.package_identification:_identify(src/t3/DynamixelSDK) by extension 'python_setup_py'
[0.356s] Level 1:colcon.colcon_core.package_identification:_identify(src/t3/DynamixelSDK/dynamixel_sdk) by extensions ['ignore', 'ignore_ament_install']
[0.356s] Level 1:colcon.colcon_core.package_identification:_identify(src/t3/DynamixelSDK/dynamixel_sdk) by extension 'ignore'
[0.356s] Level 1:colcon.colcon_core.package_identification:_identify(src/t3/DynamixelSDK/dynamixel_sdk) by extension 'ignore_ament_install'
[0.356s] Level 1:colcon.colcon_core.package_identification:_identify(src/t3/DynamixelSDK/dynamixel_sdk) by extensions ['colcon_pkg']
[0.356s] Level 1:colcon.colcon_core.package_identification:_identify(src/t3/DynamixelSDK/dynamixel_sdk) by extension 'colcon_pkg'
[0.356s] Level 1:colcon.colcon_core.package_identification:_identify(src/t3/DynamixelSDK/dynamixel_sdk) by extensions ['colcon_meta']
[0.356s] Level 1:colcon.colcon_core.package_identification:_identify(src/t3/DynamixelSDK/dynamixel_sdk) by extension 'colcon_meta'
[0.357s] Level 1:colcon.colcon_core.package_identification:_identify(src/t3/DynamixelSDK/dynamixel_sdk) by extensions ['ros']
[0.357s] Level 1:colcon.colcon_core.package_identification:_identify(src/t3/DynamixelSDK/dynamixel_sdk) by extension 'ros'
[0.357s] DEBUG:colcon.colcon_core.package_identification:Package 'src/t3/DynamixelSDK/dynamixel_sdk' with type 'ros.ament_cmake' and name 'dynamixel_sdk'
[0.357s] Level 1:colcon.colcon_core.package_identification:_identify(src/t3/services_pkg) by extensions ['ignore', 'ignore_ament_install']
[0.357s] Level 1:colcon.colcon_core.package_identification:_identify(src/t3/services_pkg) by extension 'ignore'
[0.358s] Level 1:colcon.colcon_core.package_identification:_identify(src/t3/services_pkg) by extension 'ignore_ament_install'
[0.358s] Level 1:colcon.colcon_core.package_identification:_identify(src/t3/services_pkg) by extensions ['colcon_pkg']
[0.358s] Level 1:colcon.colcon_core.package_identification:_identify(src/t3/services_pkg) by extension 'colcon_pkg'
[0.358s] Level 1:colcon.colcon_core.package_identification:_identify(src/t3/services_pkg) by extensions ['colcon_meta']
[0.358s] Level 1:colcon.colcon_core.package_identification:_identify(src/t3/services_pkg) by extension 'colcon_meta'
[0.358s] Level 1:colcon.colcon_core.package_identification:_identify(src/t3/services_pkg) by extensions ['ros']
[0.358s] Level 1:colcon.colcon_core.package_identification:_identify(src/t3/services_pkg) by extension 'ros'
[0.359s] DEBUG:colcon.colcon_core.package_identification:Package 'src/t3/services_pkg' with type 'ros.ament_python' and name 'services_pkg'
[0.359s] Level 1:colcon.colcon_core.package_identification:_identify(src/t3/t3_action_msg) by extensions ['ignore', 'ignore_ament_install']
[0.359s] Level 1:colcon.colcon_core.package_identification:_identify(src/t3/t3_action_msg) by extension 'ignore'
[0.359s] Level 1:colcon.colcon_core.package_identification:_identify(src/t3/t3_action_msg) by extension 'ignore_ament_install'
[0.359s] Level 1:colcon.colcon_core.package_identification:_identify(src/t3/t3_action_msg) by extensions ['colcon_pkg']
[0.359s] Level 1:colcon.colcon_core.package_identification:_identify(src/t3/t3_action_msg) by extension 'colcon_pkg'
[0.359s] Level 1:colcon.colcon_core.package_identification:_identify(src/t3/t3_action_msg) by extensions ['colcon_meta']
[0.359s] Level 1:colcon.colcon_core.package_identification:_identify(src/t3/t3_action_msg) by extension 'colcon_meta'
[0.359s] Level 1:colcon.colcon_core.package_identification:_identify(src/t3/t3_action_msg) by extensions ['ros']
[0.359s] Level 1:colcon.colcon_core.package_identification:_identify(src/t3/t3_action_msg) by extension 'ros'
[0.360s] DEBUG:colcon.colcon_core.package_identification:Package 'src/t3/t3_action_msg' with type 'ros.ament_cmake' and name 't3_action_msg'
[0.360s] Level 1:colcon.colcon_core.package_identification:_identify(src/t3/turtlebot3) by extensions ['ignore', 'ignore_ament_install']
[0.360s] Level 1:colcon.colcon_core.package_identification:_identify(src/t3/turtlebot3) by extension 'ignore'
[0.360s] Level 1:colcon.colcon_core.package_identification:_identify(src/t3/turtlebot3) by extension 'ignore_ament_install'
[0.360s] Level 1:colcon.colcon_core.package_identification:_identify(src/t3/turtlebot3) by extensions ['colcon_pkg']
[0.360s] Level 1:colcon.colcon_core.package_identification:_identify(src/t3/turtlebot3) by extension 'colcon_pkg'
[0.361s] Level 1:colcon.colcon_core.package_identification:_identify(src/t3/turtlebot3) by extensions ['colcon_meta']
[0.361s] Level 1:colcon.colcon_core.package_identification:_identify(src/t3/turtlebot3) by extension 'colcon_meta'
[0.361s] Level 1:colcon.colcon_core.package_identification:_identify(src/t3/turtlebot3) by extensions ['ros']
[0.361s] Level 1:colcon.colcon_core.package_identification:_identify(src/t3/turtlebot3) by extension 'ros'
[0.361s] Level 1:colcon.colcon_core.package_identification:_identify(src/t3/turtlebot3) by extensions ['cmake', 'python']
[0.361s] Level 1:colcon.colcon_core.package_identification:_identify(src/t3/turtlebot3) by extension 'cmake'
[0.361s] Level 1:colcon.colcon_core.package_identification:_identify(src/t3/turtlebot3) by extension 'python'
[0.361s] Level 1:colcon.colcon_core.package_identification:_identify(src/t3/turtlebot3) by extensions ['python_setup_py']
[0.361s] Level 1:colcon.colcon_core.package_identification:_identify(src/t3/turtlebot3) by extension 'python_setup_py'
[0.361s] Level 1:colcon.colcon_core.package_identification:_identify(src/t3/turtlebot3/turtlebot3) by extensions ['ignore', 'ignore_ament_install']
[0.361s] Level 1:colcon.colcon_core.package_identification:_identify(src/t3/turtlebot3/turtlebot3) by extension 'ignore'
[0.361s] Level 1:colcon.colcon_core.package_identification:_identify(src/t3/turtlebot3/turtlebot3) by extension 'ignore_ament_install'
[0.361s] Level 1:colcon.colcon_core.package_identification:_identify(src/t3/turtlebot3/turtlebot3) by extensions ['colcon_pkg']
[0.361s] Level 1:colcon.colcon_core.package_identification:_identify(src/t3/turtlebot3/turtlebot3) by extension 'colcon_pkg'
[0.361s] Level 1:colcon.colcon_core.package_identification:_identify(src/t3/turtlebot3/turtlebot3) by extensions ['colcon_meta']
[0.361s] Level 1:colcon.colcon_core.package_identification:_identify(src/t3/turtlebot3/turtlebot3) by extension 'colcon_meta'
[0.361s] Level 1:colcon.colcon_core.package_identification:_identify(src/t3/turtlebot3/turtlebot3) by extensions ['ros']
[0.361s] Level 1:colcon.colcon_core.package_identification:_identify(src/t3/turtlebot3/turtlebot3) by extension 'ros'
[0.361s] Level 1:colcon.colcon_core.package_identification:_identify(src/t3/turtlebot3/turtlebot3) by extensions ['cmake', 'python']
[0.361s] Level 1:colcon.colcon_core.package_identification:_identify(src/t3/turtlebot3/turtlebot3) by extension 'cmake'
[0.361s] Level 1:colcon.colcon_core.package_identification:_identify(src/t3/turtlebot3/turtlebot3) by extension 'python'
[0.362s] Level 1:colcon.colcon_core.package_identification:_identify(src/t3/turtlebot3/turtlebot3) by extensions ['python_setup_py']
[0.362s] Level 1:colcon.colcon_core.package_identification:_identify(src/t3/turtlebot3/turtlebot3) by extension 'python_setup_py'
[0.362s] Level 1:colcon.colcon_core.package_identification:_identify(src/t3/turtlebot3/turtlebot3/turtlebot3) by extensions ['ignore', 'ignore_ament_install']
[0.362s] Level 1:colcon.colcon_core.package_identification:_identify(src/t3/turtlebot3/turtlebot3/turtlebot3) by extension 'ignore'
[0.362s] Level 1:colcon.colcon_core.package_identification:_identify(src/t3/turtlebot3/turtlebot3/turtlebot3) by extension 'ignore_ament_install'
[0.362s] Level 1:colcon.colcon_core.package_identification:_identify(src/t3/turtlebot3/turtlebot3/turtlebot3) by extensions ['colcon_pkg']
[0.362s] Level 1:colcon.colcon_core.package_identification:_identify(src/t3/turtlebot3/turtlebot3/turtlebot3) by extension 'colcon_pkg'
[0.362s] Level 1:colcon.colcon_core.package_identification:_identify(src/t3/turtlebot3/turtlebot3/turtlebot3) by extensions ['colcon_meta']
[0.362s] Level 1:colcon.colcon_core.package_identification:_identify(src/t3/turtlebot3/turtlebot3/turtlebot3) by extension 'colcon_meta'
[0.362s] Level 1:colcon.colcon_core.package_identification:_identify(src/t3/turtlebot3/turtlebot3/turtlebot3) by extensions ['ros']
[0.362s] Level 1:colcon.colcon_core.package_identification:_identify(src/t3/turtlebot3/turtlebot3/turtlebot3) by extension 'ros'
[0.363s] DEBUG:colcon.colcon_core.package_identification:Package 'src/t3/turtlebot3/turtlebot3/turtlebot3' with type 'ros.ament_cmake' and name 'turtlebot3'
[0.363s] Level 1:colcon.colcon_core.package_identification:_identify(src/t3/turtlebot3/turtlebot3/turtlebot3_bringup) by extensions ['ignore', 'ignore_ament_install']
[0.363s] Level 1:colcon.colcon_core.package_identification:_identify(src/t3/turtlebot3/turtlebot3/turtlebot3_bringup) by extension 'ignore'
[0.363s] Level 1:colcon.colcon_core.package_identification:_identify(src/t3/turtlebot3/turtlebot3/turtlebot3_bringup) by extension 'ignore_ament_install'
[0.363s] Level 1:colcon.colcon_core.package_identification:_identify(src/t3/turtlebot3/turtlebot3/turtlebot3_bringup) by extensions ['colcon_pkg']
[0.363s] Level 1:colcon.colcon_core.package_identification:_identify(src/t3/turtlebot3/turtlebot3/turtlebot3_bringup) by extension 'colcon_pkg'
[0.363s] Level 1:colcon.colcon_core.package_identification:_identify(src/t3/turtlebot3/turtlebot3/turtlebot3_bringup) by extensions ['colcon_meta']
[0.363s] Level 1:colcon.colcon_core.package_identification:_identify(src/t3/turtlebot3/turtlebot3/turtlebot3_bringup) by extension 'colcon_meta'
[0.363s] Level 1:colcon.colcon_core.package_identification:_identify(src/t3/turtlebot3/turtlebot3/turtlebot3_bringup) by extensions ['ros']
[0.363s] Level 1:colcon.colcon_core.package_identification:_identify(src/t3/turtlebot3/turtlebot3/turtlebot3_bringup) by extension 'ros'
[0.364s] DEBUG:colcon.colcon_core.package_identification:Package 'src/t3/turtlebot3/turtlebot3/turtlebot3_bringup' with type 'ros.ament_cmake' and name 'turtlebot3_bringup'
[0.364s] Level 1:colcon.colcon_core.package_identification:_identify(src/t3/turtlebot3/turtlebot3/turtlebot3_cartographer) by extensions ['ignore', 'ignore_ament_install']
[0.364s] Level 1:colcon.colcon_core.package_identification:_identify(src/t3/turtlebot3/turtlebot3/turtlebot3_cartographer) by extension 'ignore'
[0.364s] Level 1:colcon.colcon_core.package_identification:_identify(src/t3/turtlebot3/turtlebot3/turtlebot3_cartographer) by extension 'ignore_ament_install'
[0.364s] Level 1:colcon.colcon_core.package_identification:_identify(src/t3/turtlebot3/turtlebot3/turtlebot3_cartographer) by extensions ['colcon_pkg']
[0.364s] Level 1:colcon.colcon_core.package_identification:_identify(src/t3/turtlebot3/turtlebot3/turtlebot3_cartographer) by extension 'colcon_pkg'
[0.365s] Level 1:colcon.colcon_core.package_identification:_identify(src/t3/turtlebot3/turtlebot3/turtlebot3_cartographer) by extensions ['colcon_meta']
[0.365s] Level 1:colcon.colcon_core.package_identification:_identify(src/t3/turtlebot3/turtlebot3/turtlebot3_cartographer) by extension 'colcon_meta'
[0.365s] Level 1:colcon.colcon_core.package_identification:_identify(src/t3/turtlebot3/turtlebot3/turtlebot3_cartographer) by extensions ['ros']
[0.365s] Level 1:colcon.colcon_core.package_identification:_identify(src/t3/turtlebot3/turtlebot3/turtlebot3_cartographer) by extension 'ros'
[0.365s] DEBUG:colcon.colcon_core.package_identification:Package 'src/t3/turtlebot3/turtlebot3/turtlebot3_cartographer' with type 'ros.ament_cmake' and name 'turtlebot3_cartographer'
[0.365s] Level 1:colcon.colcon_core.package_identification:_identify(src/t3/turtlebot3/turtlebot3/turtlebot3_description) by extensions ['ignore', 'ignore_ament_install']
[0.366s] Level 1:colcon.colcon_core.package_identification:_identify(src/t3/turtlebot3/turtlebot3/turtlebot3_description) by extension 'ignore'
[0.366s] Level 1:colcon.colcon_core.package_identification:_identify(src/t3/turtlebot3/turtlebot3/turtlebot3_description) by extension 'ignore_ament_install'
[0.366s] Level 1:colcon.colcon_core.package_identification:_identify(src/t3/turtlebot3/turtlebot3/turtlebot3_description) by extensions ['colcon_pkg']
[0.366s] Level 1:colcon.colcon_core.package_identification:_identify(src/t3/turtlebot3/turtlebot3/turtlebot3_description) by extension 'colcon_pkg'
[0.366s] Level 1:colcon.colcon_core.package_identification:_identify(src/t3/turtlebot3/turtlebot3/turtlebot3_description) by extensions ['colcon_meta']
[0.366s] Level 1:colcon.colcon_core.package_identification:_identify(src/t3/turtlebot3/turtlebot3/turtlebot3_description) by extension 'colcon_meta'
[0.366s] Level 1:colcon.colcon_core.package_identification:_identify(src/t3/turtlebot3/turtlebot3/turtlebot3_description) by extensions ['ros']
[0.366s] Level 1:colcon.colcon_core.package_identification:_identify(src/t3/turtlebot3/turtlebot3/turtlebot3_description) by extension 'ros'
[0.367s] DEBUG:colcon.colcon_core.package_identification:Package 'src/t3/turtlebot3/turtlebot3/turtlebot3_description' with type 'ros.ament_cmake' and name 'turtlebot3_description'
[0.367s] Level 1:colcon.colcon_core.package_identification:_identify(src/t3/turtlebot3/turtlebot3/turtlebot3_example) by extensions ['ignore', 'ignore_ament_install']
[0.367s] Level 1:colcon.colcon_core.package_identification:_identify(src/t3/turtlebot3/turtlebot3/turtlebot3_example) by extension 'ignore'
[0.367s] Level 1:colcon.colcon_core.package_identification:_identify(src/t3/turtlebot3/turtlebot3/turtlebot3_example) by extension 'ignore_ament_install'
[0.367s] Level 1:colcon.colcon_core.package_identification:_identify(src/t3/turtlebot3/turtlebot3/turtlebot3_example) by extensions ['colcon_pkg']
[0.367s] Level 1:colcon.colcon_core.package_identification:_identify(src/t3/turtlebot3/turtlebot3/turtlebot3_example) by extension 'colcon_pkg'
[0.367s] Level 1:colcon.colcon_core.package_identification:_identify(src/t3/turtlebot3/turtlebot3/turtlebot3_example) by extensions ['colcon_meta']
[0.367s] Level 1:colcon.colcon_core.package_identification:_identify(src/t3/turtlebot3/turtlebot3/turtlebot3_example) by extension 'colcon_meta'
[0.367s] Level 1:colcon.colcon_core.package_identification:_identify(src/t3/turtlebot3/turtlebot3/turtlebot3_example) by extensions ['ros']
[0.367s] Level 1:colcon.colcon_core.package_identification:_identify(src/t3/turtlebot3/turtlebot3/turtlebot3_example) by extension 'ros'
[0.368s] DEBUG:colcon.colcon_core.package_identification:Package 'src/t3/turtlebot3/turtlebot3/turtlebot3_example' with type 'ros.ament_python' and name 'turtlebot3_example'
[0.368s] Level 1:colcon.colcon_core.package_identification:_identify(src/t3/turtlebot3/turtlebot3/turtlebot3_navigation2) by extensions ['ignore', 'ignore_ament_install']
[0.368s] Level 1:colcon.colcon_core.package_identification:_identify(src/t3/turtlebot3/turtlebot3/turtlebot3_navigation2) by extension 'ignore'
[0.369s] Level 1:colcon.colcon_core.package_identification:_identify(src/t3/turtlebot3/turtlebot3/turtlebot3_navigation2) by extension 'ignore_ament_install'
[0.369s] Level 1:colcon.colcon_core.package_identification:_identify(src/t3/turtlebot3/turtlebot3/turtlebot3_navigation2) by extensions ['colcon_pkg']
[0.369s] Level 1:colcon.colcon_core.package_identification:_identify(src/t3/turtlebot3/turtlebot3/turtlebot3_navigation2) by extension 'colcon_pkg'
[0.369s] Level 1:colcon.colcon_core.package_identification:_identify(src/t3/turtlebot3/turtlebot3/turtlebot3_navigation2) by extensions ['colcon_meta']
[0.369s] Level 1:colcon.colcon_core.package_identification:_identify(src/t3/turtlebot3/turtlebot3/turtlebot3_navigation2) by extension 'colcon_meta'
[0.369s] Level 1:colcon.colcon_core.package_identification:_identify(src/t3/turtlebot3/turtlebot3/turtlebot3_navigation2) by extensions ['ros']
[0.369s] Level 1:colcon.colcon_core.package_identification:_identify(src/t3/turtlebot3/turtlebot3/turtlebot3_navigation2) by extension 'ros'
[0.369s] DEBUG:colcon.colcon_core.package_identification:Package 'src/t3/turtlebot3/turtlebot3/turtlebot3_navigation2' with type 'ros.ament_cmake' and name 'turtlebot3_navigation2'
[0.370s] Level 1:colcon.colcon_core.package_identification:_identify(src/t3/turtlebot3/turtlebot3/turtlebot3_node) by extensions ['ignore', 'ignore_ament_install']
[0.370s] Level 1:colcon.colcon_core.package_identification:_identify(src/t3/turtlebot3/turtlebot3/turtlebot3_node) by extension 'ignore'
[0.370s] Level 1:colcon.colcon_core.package_identification:_identify(src/t3/turtlebot3/turtlebot3/turtlebot3_node) ignored
[0.370s] Level 1:colcon.colcon_core.package_identification:_identify(src/t3/turtlebot3/turtlebot3/turtlebot3_teleop) by extensions ['ignore', 'ignore_ament_install']
[0.370s] Level 1:colcon.colcon_core.package_identification:_identify(src/t3/turtlebot3/turtlebot3/turtlebot3_teleop) by extension 'ignore'
[0.370s] Level 1:colcon.colcon_core.package_identification:_identify(src/t3/turtlebot3/turtlebot3/turtlebot3_teleop) by extension 'ignore_ament_install'
[0.370s] Level 1:colcon.colcon_core.package_identification:_identify(src/t3/turtlebot3/turtlebot3/turtlebot3_teleop) by extensions ['colcon_pkg']
[0.370s] Level 1:colcon.colcon_core.package_identification:_identify(src/t3/turtlebot3/turtlebot3/turtlebot3_teleop) by extension 'colcon_pkg'
[0.370s] Level 1:colcon.colcon_core.package_identification:_identify(src/t3/turtlebot3/turtlebot3/turtlebot3_teleop) by extensions ['colcon_meta']
[0.370s] Level 1:colcon.colcon_core.package_identification:_identify(src/t3/turtlebot3/turtlebot3/turtlebot3_teleop) by extension 'colcon_meta'
[0.370s] Level 1:colcon.colcon_core.package_identification:_identify(src/t3/turtlebot3/turtlebot3/turtlebot3_teleop) by extensions ['ros']
[0.370s] Level 1:colcon.colcon_core.package_identification:_identify(src/t3/turtlebot3/turtlebot3/turtlebot3_teleop) by extension 'ros'
[0.371s] DEBUG:colcon.colcon_core.package_identification:Package 'src/t3/turtlebot3/turtlebot3/turtlebot3_teleop' with type 'ros.ament_python' and name 'turtlebot3_teleop'
[0.371s] Level 1:colcon.colcon_core.package_identification:_identify(src/t3/turtlebot3_as) by extensions ['ignore', 'ignore_ament_install']
[0.371s] Level 1:colcon.colcon_core.package_identification:_identify(src/t3/turtlebot3_as) by extension 'ignore'
[0.371s] Level 1:colcon.colcon_core.package_identification:_identify(src/t3/turtlebot3_as) by extension 'ignore_ament_install'
[0.371s] Level 1:colcon.colcon_core.package_identification:_identify(src/t3/turtlebot3_as) by extensions ['colcon_pkg']
[0.371s] Level 1:colcon.colcon_core.package_identification:_identify(src/t3/turtlebot3_as) by extension 'colcon_pkg'
[0.371s] Level 1:colcon.colcon_core.package_identification:_identify(src/t3/turtlebot3_as) by extensions ['colcon_meta']
[0.371s] Level 1:colcon.colcon_core.package_identification:_identify(src/t3/turtlebot3_as) by extension 'colcon_meta'
[0.371s] Level 1:colcon.colcon_core.package_identification:_identify(src/t3/turtlebot3_as) by extensions ['ros']
[0.371s] Level 1:colcon.colcon_core.package_identification:_identify(src/t3/turtlebot3_as) by extension 'ros'
[0.372s] DEBUG:colcon.colcon_core.package_identification:Package 'src/t3/turtlebot3_as' with type 'ros.ament_cmake' and name 'turtlebot3_as'
[0.372s] Level 1:colcon.colcon_core.package_identification:_identify(src/t3/turtlebot3_msgs) by extensions ['ignore', 'ignore_ament_install']
[0.372s] Level 1:colcon.colcon_core.package_identification:_identify(src/t3/turtlebot3_msgs) by extension 'ignore'
[0.373s] Level 1:colcon.colcon_core.package_identification:_identify(src/t3/turtlebot3_msgs) by extension 'ignore_ament_install'
[0.373s] Level 1:colcon.colcon_core.package_identification:_identify(src/t3/turtlebot3_msgs) by extensions ['colcon_pkg']
[0.373s] Level 1:colcon.colcon_core.package_identification:_identify(src/t3/turtlebot3_msgs) by extension 'colcon_pkg'
[0.373s] Level 1:colcon.colcon_core.package_identification:_identify(src/t3/turtlebot3_msgs) by extensions ['colcon_meta']
[0.373s] Level 1:colcon.colcon_core.package_identification:_identify(src/t3/turtlebot3_msgs) by extension 'colcon_meta'
[0.373s] Level 1:colcon.colcon_core.package_identification:_identify(src/t3/turtlebot3_msgs) by extensions ['ros']
[0.373s] Level 1:colcon.colcon_core.package_identification:_identify(src/t3/turtlebot3_msgs) by extension 'ros'
[0.374s] DEBUG:colcon.colcon_core.package_identification:Package 'src/t3/turtlebot3_msgs' with type 'ros.ament_cmake' and name 'turtlebot3_msgs'
[0.374s] Level 1:colcon.colcon_core.package_identification:_identify(src/t3/turtlebot3_simulations) by extensions ['ignore', 'ignore_ament_install']
[0.374s] Level 1:colcon.colcon_core.package_identification:_identify(src/t3/turtlebot3_simulations) by extension 'ignore'
[0.374s] Level 1:colcon.colcon_core.package_identification:_identify(src/t3/turtlebot3_simulations) by extension 'ignore_ament_install'
[0.374s] Level 1:colcon.colcon_core.package_identification:_identify(src/t3/turtlebot3_simulations) by extensions ['colcon_pkg']
[0.374s] Level 1:colcon.colcon_core.package_identification:_identify(src/t3/turtlebot3_simulations) by extension 'colcon_pkg'
[0.374s] Level 1:colcon.colcon_core.package_identification:_identify(src/t3/turtlebot3_simulations) by extensions ['colcon_meta']
[0.374s] Level 1:colcon.colcon_core.package_identification:_identify(src/t3/turtlebot3_simulations) by extension 'colcon_meta'
[0.374s] Level 1:colcon.colcon_core.package_identification:_identify(src/t3/turtlebot3_simulations) by extensions ['ros']
[0.374s] Level 1:colcon.colcon_core.package_identification:_identify(src/t3/turtlebot3_simulations) by extension 'ros'
[0.375s] Level 1:colcon.colcon_core.package_identification:_identify(src/t3/turtlebot3_simulations) by extensions ['cmake', 'python']
[0.375s] Level 1:colcon.colcon_core.package_identification:_identify(src/t3/turtlebot3_simulations) by extension 'cmake'
[0.375s] Level 1:colcon.colcon_core.package_identification:_identify(src/t3/turtlebot3_simulations) by extension 'python'
[0.375s] Level 1:colcon.colcon_core.package_identification:_identify(src/t3/turtlebot3_simulations) by extensions ['python_setup_py']
[0.375s] Level 1:colcon.colcon_core.package_identification:_identify(src/t3/turtlebot3_simulations) by extension 'python_setup_py'
[0.375s] Level 1:colcon.colcon_core.package_identification:_identify(src/t3/turtlebot3_simulations/turtlebot3_gazebo) by extensions ['ignore', 'ignore_ament_install']
[0.375s] Level 1:colcon.colcon_core.package_identification:_identify(src/t3/turtlebot3_simulations/turtlebot3_gazebo) by extension 'ignore'
[0.375s] Level 1:colcon.colcon_core.package_identification:_identify(src/t3/turtlebot3_simulations/turtlebot3_gazebo) by extension 'ignore_ament_install'
[0.375s] Level 1:colcon.colcon_core.package_identification:_identify(src/t3/turtlebot3_simulations/turtlebot3_gazebo) by extensions ['colcon_pkg']
[0.375s] Level 1:colcon.colcon_core.package_identification:_identify(src/t3/turtlebot3_simulations/turtlebot3_gazebo) by extension 'colcon_pkg'
[0.375s] Level 1:colcon.colcon_core.package_identification:_identify(src/t3/turtlebot3_simulations/turtlebot3_gazebo) by extensions ['colcon_meta']
[0.375s] Level 1:colcon.colcon_core.package_identification:_identify(src/t3/turtlebot3_simulations/turtlebot3_gazebo) by extension 'colcon_meta'
[0.375s] Level 1:colcon.colcon_core.package_identification:_identify(src/t3/turtlebot3_simulations/turtlebot3_gazebo) by extensions ['ros']
[0.375s] Level 1:colcon.colcon_core.package_identification:_identify(src/t3/turtlebot3_simulations/turtlebot3_gazebo) by extension 'ros'
[0.376s] DEBUG:colcon.colcon_core.package_identification:Package 'src/t3/turtlebot3_simulations/turtlebot3_gazebo' with type 'ros.ament_cmake' and name 'turtlebot3_gazebo'
[0.376s] Level 1:colcon.colcon_core.package_identification:_identify(src/t3/turtlebot3_simulations/turtlebot3_simulations) by extensions ['ignore', 'ignore_ament_install']
[0.376s] Level 1:colcon.colcon_core.package_identification:_identify(src/t3/turtlebot3_simulations/turtlebot3_simulations) by extension 'ignore'
[0.376s] Level 1:colcon.colcon_core.package_identification:_identify(src/t3/turtlebot3_simulations/turtlebot3_simulations) by extension 'ignore_ament_install'
[0.376s] Level 1:colcon.colcon_core.package_identification:_identify(src/t3/turtlebot3_simulations/turtlebot3_simulations) by extensions ['colcon_pkg']
[0.376s] Level 1:colcon.colcon_core.package_identification:_identify(src/t3/turtlebot3_simulations/turtlebot3_simulations) by extension 'colcon_pkg'
[0.376s] Level 1:colcon.colcon_core.package_identification:_identify(src/t3/turtlebot3_simulations/turtlebot3_simulations) by extensions ['colcon_meta']
[0.376s] Level 1:colcon.colcon_core.package_identification:_identify(src/t3/turtlebot3_simulations/turtlebot3_simulations) by extension 'colcon_meta'
[0.376s] Level 1:colcon.colcon_core.package_identification:_identify(src/t3/turtlebot3_simulations/turtlebot3_simulations) by extensions ['ros']
[0.376s] Level 1:colcon.colcon_core.package_identification:_identify(src/t3/turtlebot3_simulations/turtlebot3_simulations) by extension 'ros'
[0.377s] DEBUG:colcon.colcon_core.package_identification:Package 'src/t3/turtlebot3_simulations/turtlebot3_simulations' with type 'ros.ament_cmake' and name 'turtlebot3_simulations'
[0.377s] Level 1:colcon.colcon_core.package_identification:_identify(src/usb_cam) by extensions ['ignore', 'ignore_ament_install']
[0.377s] Level 1:colcon.colcon_core.package_identification:_identify(src/usb_cam) by extension 'ignore'
[0.377s] Level 1:colcon.colcon_core.package_identification:_identify(src/usb_cam) by extension 'ignore_ament_install'
[0.377s] Level 1:colcon.colcon_core.package_identification:_identify(src/usb_cam) by extensions ['colcon_pkg']
[0.377s] Level 1:colcon.colcon_core.package_identification:_identify(src/usb_cam) by extension 'colcon_pkg'
[0.377s] Level 1:colcon.colcon_core.package_identification:_identify(src/usb_cam) by extensions ['colcon_meta']
[0.378s] Level 1:colcon.colcon_core.package_identification:_identify(src/usb_cam) by extension 'colcon_meta'
[0.378s] Level 1:colcon.colcon_core.package_identification:_identify(src/usb_cam) by extensions ['ros']
[0.378s] Level 1:colcon.colcon_core.package_identification:_identify(src/usb_cam) by extension 'ros'
[0.397s] DEBUG:colcon.colcon_core.package_identification:Package 'src/usb_cam' with type 'ros.ament_cmake' and name 'usb_cam'
[0.397s] Level 1:colcon.colcon_core.package_identification:_identify(src/yolov8_ros) by extensions ['ignore', 'ignore_ament_install']
[0.397s] Level 1:colcon.colcon_core.package_identification:_identify(src/yolov8_ros) by extension 'ignore'
[0.397s] Level 1:colcon.colcon_core.package_identification:_identify(src/yolov8_ros) by extension 'ignore_ament_install'
[0.397s] Level 1:colcon.colcon_core.package_identification:_identify(src/yolov8_ros) by extensions ['colcon_pkg']
[0.397s] Level 1:colcon.colcon_core.package_identification:_identify(src/yolov8_ros) by extension 'colcon_pkg'
[0.397s] Level 1:colcon.colcon_core.package_identification:_identify(src/yolov8_ros) by extensions ['colcon_meta']
[0.397s] Level 1:colcon.colcon_core.package_identification:_identify(src/yolov8_ros) by extension 'colcon_meta'
[0.398s] Level 1:colcon.colcon_core.package_identification:_identify(src/yolov8_ros) by extensions ['ros']
[0.398s] Level 1:colcon.colcon_core.package_identification:_identify(src/yolov8_ros) by extension 'ros'
[0.398s] Level 1:colcon.colcon_core.package_identification:_identify(src/yolov8_ros) by extensions ['cmake', 'python']
[0.398s] Level 1:colcon.colcon_core.package_identification:_identify(src/yolov8_ros) by extension 'cmake'
[0.398s] Level 1:colcon.colcon_core.package_identification:_identify(src/yolov8_ros) by extension 'python'
[0.398s] Level 1:colcon.colcon_core.package_identification:_identify(src/yolov8_ros) by extensions ['python_setup_py']
[0.398s] Level 1:colcon.colcon_core.package_identification:_identify(src/yolov8_ros) by extension 'python_setup_py'
[0.398s] Level 1:colcon.colcon_core.package_identification:_identify(src/yolov8_ros/docs) by extensions ['ignore', 'ignore_ament_install']
[0.398s] Level 1:colcon.colcon_core.package_identification:_identify(src/yolov8_ros/docs) by extension 'ignore'
[0.398s] Level 1:colcon.colcon_core.package_identification:_identify(src/yolov8_ros/docs) by extension 'ignore_ament_install'
[0.398s] Level 1:colcon.colcon_core.package_identification:_identify(src/yolov8_ros/docs) by extensions ['colcon_pkg']
[0.398s] Level 1:colcon.colcon_core.package_identification:_identify(src/yolov8_ros/docs) by extension 'colcon_pkg'
[0.398s] Level 1:colcon.colcon_core.package_identification:_identify(src/yolov8_ros/docs) by extensions ['colcon_meta']
[0.398s] Level 1:colcon.colcon_core.package_identification:_identify(src/yolov8_ros/docs) by extension 'colcon_meta'
[0.398s] Level 1:colcon.colcon_core.package_identification:_identify(src/yolov8_ros/docs) by extensions ['ros']
[0.398s] Level 1:colcon.colcon_core.package_identification:_identify(src/yolov8_ros/docs) by extension 'ros'
[0.398s] Level 1:colcon.colcon_core.package_identification:_identify(src/yolov8_ros/docs) by extensions ['cmake', 'python']
[0.398s] Level 1:colcon.colcon_core.package_identification:_identify(src/yolov8_ros/docs) by extension 'cmake'
[0.398s] Level 1:colcon.colcon_core.package_identification:_identify(src/yolov8_ros/docs) by extension 'python'
[0.398s] Level 1:colcon.colcon_core.package_identification:_identify(src/yolov8_ros/docs) by extensions ['python_setup_py']
[0.398s] Level 1:colcon.colcon_core.package_identification:_identify(src/yolov8_ros/docs) by extension 'python_setup_py'
[0.399s] Level 1:colcon.colcon_core.package_identification:_identify(src/yolov8_ros/yolov8_bringup) by extensions ['ignore', 'ignore_ament_install']
[0.399s] Level 1:colcon.colcon_core.package_identification:_identify(src/yolov8_ros/yolov8_bringup) by extension 'ignore'
[0.399s] Level 1:colcon.colcon_core.package_identification:_identify(src/yolov8_ros/yolov8_bringup) by extension 'ignore_ament_install'
[0.399s] Level 1:colcon.colcon_core.package_identification:_identify(src/yolov8_ros/yolov8_bringup) by extensions ['colcon_pkg']
[0.399s] Level 1:colcon.colcon_core.package_identification:_identify(src/yolov8_ros/yolov8_bringup) by extension 'colcon_pkg'
[0.399s] Level 1:colcon.colcon_core.package_identification:_identify(src/yolov8_ros/yolov8_bringup) by extensions ['colcon_meta']
[0.399s] Level 1:colcon.colcon_core.package_identification:_identify(src/yolov8_ros/yolov8_bringup) by extension 'colcon_meta'
[0.399s] Level 1:colcon.colcon_core.package_identification:_identify(src/yolov8_ros/yolov8_bringup) by extensions ['ros']
[0.399s] Level 1:colcon.colcon_core.package_identification:_identify(src/yolov8_ros/yolov8_bringup) by extension 'ros'
[0.400s] DEBUG:colcon.colcon_core.package_identification:Package 'src/yolov8_ros/yolov8_bringup' with type 'ros.ament_cmake' and name 'yolov8_bringup'
[0.400s] Level 1:colcon.colcon_core.package_identification:_identify(src/yolov8_ros/yolov8_msgs) by extensions ['ignore', 'ignore_ament_install']
[0.400s] Level 1:colcon.colcon_core.package_identification:_identify(src/yolov8_ros/yolov8_msgs) by extension 'ignore'
[0.400s] Level 1:colcon.colcon_core.package_identification:_identify(src/yolov8_ros/yolov8_msgs) by extension 'ignore_ament_install'
[0.400s] Level 1:colcon.colcon_core.package_identification:_identify(src/yolov8_ros/yolov8_msgs) by extensions ['colcon_pkg']
[0.400s] Level 1:colcon.colcon_core.package_identification:_identify(src/yolov8_ros/yolov8_msgs) by extension 'colcon_pkg'
[0.400s] Level 1:colcon.colcon_core.package_identification:_identify(src/yolov8_ros/yolov8_msgs) by extensions ['colcon_meta']
[0.400s] Level 1:colcon.colcon_core.package_identification:_identify(src/yolov8_ros/yolov8_msgs) by extension 'colcon_meta'
[0.400s] Level 1:colcon.colcon_core.package_identification:_identify(src/yolov8_ros/yolov8_msgs) by extensions ['ros']
[0.400s] Level 1:colcon.colcon_core.package_identification:_identify(src/yolov8_ros/yolov8_msgs) by extension 'ros'
[0.401s] DEBUG:colcon.colcon_core.package_identification:Package 'src/yolov8_ros/yolov8_msgs' with type 'ros.ament_cmake' and name 'yolov8_msgs'
[0.401s] Level 1:colcon.colcon_core.package_identification:_identify(src/yolov8_ros/yolov8_ros) by extensions ['ignore', 'ignore_ament_install']
[0.401s] Level 1:colcon.colcon_core.package_identification:_identify(src/yolov8_ros/yolov8_ros) by extension 'ignore'
[0.401s] Level 1:colcon.colcon_core.package_identification:_identify(src/yolov8_ros/yolov8_ros) by extension 'ignore_ament_install'
[0.401s] Level 1:colcon.colcon_core.package_identification:_identify(src/yolov8_ros/yolov8_ros) by extensions ['colcon_pkg']
[0.401s] Level 1:colcon.colcon_core.package_identification:_identify(src/yolov8_ros/yolov8_ros) by extension 'colcon_pkg'
[0.401s] Level 1:colcon.colcon_core.package_identification:_identify(src/yolov8_ros/yolov8_ros) by extensions ['colcon_meta']
[0.402s] Level 1:colcon.colcon_core.package_identification:_identify(src/yolov8_ros/yolov8_ros) by extension 'colcon_meta'
[0.402s] Level 1:colcon.colcon_core.package_identification:_identify(src/yolov8_ros/yolov8_ros) by extensions ['ros']
[0.402s] Level 1:colcon.colcon_core.package_identification:_identify(src/yolov8_ros/yolov8_ros) by extension 'ros'
[0.402s] DEBUG:colcon.colcon_core.package_identification:Package 'src/yolov8_ros/yolov8_ros' with type 'ros.ament_python' and name 'yolov8_ros'
[0.403s] Level 1:colcon.colcon_core.package_discovery:discover_packages(recursive) using defaults
[0.403s] Level 1:colcon.colcon_core.package_discovery:discover_packages(ignore) discover
[0.403s] Level 1:colcon.colcon_core.package_discovery:discover_packages(ignore) using defaults
[0.403s] Level 1:colcon.colcon_core.package_discovery:discover_packages(path) discover
[0.403s] Level 1:colcon.colcon_core.package_discovery:discover_packages(path) using defaults
[0.431s] Level 1:colcon.colcon_core.package_discovery:discover_packages(prefix_path) check parameters
[0.432s] Level 1:colcon.colcon_core.package_discovery:discover_packages(prefix_path) discover
[0.434s] DEBUG:colcon.colcon_installed_package_information.package_discovery:Found 21 installed packages in /home/ssfa/ros2_ws/install
[0.437s] DEBUG:colcon.colcon_installed_package_information.package_discovery:Found 335 installed packages in /opt/ros/humble
[0.439s] Level 1:colcon.colcon_core.package_discovery:discover_packages(prefix_path) using defaults
[0.485s] WARNING:colcon.colcon_core.package_selection:Some selected packages are already built in one or more underlay workspaces:
	'dynamixel_sdk' is in: /home/ssfa/ros2_ws/install/dynamixel_sdk, /opt/ros/humble
	'turtlebot3_msgs' is in: /home/ssfa/ros2_ws/install/turtlebot3_msgs, /opt/ros/humble
If a package in a merged underlay workspace is overridden and it installs headers, then all packages in the overlay must sort their include directories by workspace order. Failure to do so may result in build failures or undefined behavior at run time.
If the overridden package is used by another package in any underlay, then the overriding package in the overlay must be API and ABI compatible or undefined behavior at run time may occur.

If you understand the risks and want to override a package anyways, add the following to the command line:
	--allow-overriding dynamixel_sdk turtlebot3_msgs

This may be promoted to an error in a future release of colcon-override-check.
[0.486s] Level 5:colcon.colcon_core.verb:set package 'color_shape_detector' build argument 'cmake_args' from command line to 'None'
[0.486s] Level 5:colcon.colcon_core.verb:set package 'color_shape_detector' build argument 'cmake_target' from command line to 'None'
[0.486s] Level 5:colcon.colcon_core.verb:set package 'color_shape_detector' build argument 'cmake_target_skip_unavailable' from command line to 'False'
[0.486s] Level 5:colcon.colcon_core.verb:set package 'color_shape_detector' build argument 'cmake_clean_cache' from command line to 'False'
[0.486s] Level 5:colcon.colcon_core.verb:set package 'color_shape_detector' build argument 'cmake_clean_first' from command line to 'False'
[0.486s] Level 5:colcon.colcon_core.verb:set package 'color_shape_detector' build argument 'cmake_force_configure' from command line to 'False'
[0.486s] Level 5:colcon.colcon_core.verb:set package 'color_shape_detector' build argument 'ament_cmake_args' from command line to 'None'
[0.486s] Level 5:colcon.colcon_core.verb:set package 'color_shape_detector' build argument 'catkin_cmake_args' from command line to 'None'
[0.486s] Level 5:colcon.colcon_core.verb:set package 'color_shape_detector' build argument 'catkin_skip_building_tests' from command line to 'False'
[0.486s] DEBUG:colcon.colcon_core.verb:Building package 'color_shape_detector' with the following arguments: {'ament_cmake_args': None, 'build_base': '/home/ssfa/ros2_ws/build/color_shape_detector', 'catkin_cmake_args': None, 'catkin_skip_building_tests': False, 'cmake_args': None, 'cmake_clean_cache': False, 'cmake_clean_first': False, 'cmake_force_configure': False, 'cmake_target': None, 'cmake_target_skip_unavailable': False, 'install_base': '/home/ssfa/ros2_ws/install/color_shape_detector', 'merge_install': False, 'path': '/home/ssfa/ros2_ws/src/color_shape_detector', 'symlink_install': False, 'test_result_base': None}
[0.487s] Level 5:colcon.colcon_core.verb:set package 'dynamixel_sdk' build argument 'cmake_args' from command line to 'None'
[0.487s] Level 5:colcon.colcon_core.verb:set package 'dynamixel_sdk' build argument 'cmake_target' from command line to 'None'
[0.487s] Level 5:colcon.colcon_core.verb:set package 'dynamixel_sdk' build argument 'cmake_target_skip_unavailable' from command line to 'False'
[0.487s] Level 5:colcon.colcon_core.verb:set package 'dynamixel_sdk' build argument 'cmake_clean_cache' from command line to 'False'
[0.487s] Level 5:colcon.colcon_core.verb:set package 'dynamixel_sdk' build argument 'cmake_clean_first' from command line to 'False'
[0.487s] Level 5:colcon.colcon_core.verb:set package 'dynamixel_sdk' build argument 'cmake_force_configure' from command line to 'False'
[0.487s] Level 5:colcon.colcon_core.verb:set package 'dynamixel_sdk' build argument 'ament_cmake_args' from command line to 'None'
[0.487s] Level 5:colcon.colcon_core.verb:set package 'dynamixel_sdk' build argument 'catkin_cmake_args' from command line to 'None'
[0.487s] Level 5:colcon.colcon_core.verb:set package 'dynamixel_sdk' build argument 'catkin_skip_building_tests' from command line to 'False'
[0.487s] DEBUG:colcon.colcon_core.verb:Building package 'dynamixel_sdk' with the following arguments: {'ament_cmake_args': None, 'build_base': '/home/ssfa/ros2_ws/build/dynamixel_sdk', 'catkin_cmake_args': None, 'catkin_skip_building_tests': False, 'cmake_args': None, 'cmake_clean_cache': False, 'cmake_clean_first': False, 'cmake_force_configure': False, 'cmake_target': None, 'cmake_target_skip_unavailable': False, 'install_base': '/home/ssfa/ros2_ws/install/dynamixel_sdk', 'merge_install': False, 'path': '/home/ssfa/ros2_ws/src/t3/DynamixelSDK/dynamixel_sdk', 'symlink_install': False, 'test_result_base': None}
[0.487s] Level 5:colcon.colcon_core.verb:set package 'services_pkg' build argument 'cmake_args' from command line to 'None'
[0.487s] Level 5:colcon.colcon_core.verb:set package 'services_pkg' build argument 'cmake_target' from command line to 'None'
[0.487s] Level 5:colcon.colcon_core.verb:set package 'services_pkg' build argument 'cmake_target_skip_unavailable' from command line to 'False'
[0.487s] Level 5:colcon.colcon_core.verb:set package 'services_pkg' build argument 'cmake_clean_cache' from command line to 'False'
[0.488s] Level 5:colcon.colcon_core.verb:set package 'services_pkg' build argument 'cmake_clean_first' from command line to 'False'
[0.488s] Level 5:colcon.colcon_core.verb:set package 'services_pkg' build argument 'cmake_force_configure' from command line to 'False'
[0.488s] Level 5:colcon.colcon_core.verb:set package 'services_pkg' build argument 'ament_cmake_args' from command line to 'None'
[0.488s] Level 5:colcon.colcon_core.verb:set package 'services_pkg' build argument 'catkin_cmake_args' from command line to 'None'
[0.488s] Level 5:colcon.colcon_core.verb:set package 'services_pkg' build argument 'catkin_skip_building_tests' from command line to 'False'
[0.488s] DEBUG:colcon.colcon_core.verb:Building package 'services_pkg' with the following arguments: {'ament_cmake_args': None, 'build_base': '/home/ssfa/ros2_ws/build/services_pkg', 'catkin_cmake_args': None, 'catkin_skip_building_tests': False, 'cmake_args': None, 'cmake_clean_cache': False, 'cmake_clean_first': False, 'cmake_force_configure': False, 'cmake_target': None, 'cmake_target_skip_unavailable': False, 'install_base': '/home/ssfa/ros2_ws/install/services_pkg', 'merge_install': False, 'path': '/home/ssfa/ros2_ws/src/t3/services_pkg', 'symlink_install': False, 'test_result_base': None}
[0.488s] Level 5:colcon.colcon_core.verb:set package 'shape_detector' build argument 'cmake_args' from command line to 'None'
[0.488s] Level 5:colcon.colcon_core.verb:set package 'shape_detector' build argument 'cmake_target' from command line to 'None'
[0.488s] Level 5:colcon.colcon_core.verb:set package 'shape_detector' build argument 'cmake_target_skip_unavailable' from command line to 'False'
[0.488s] Level 5:colcon.colcon_core.verb:set package 'shape_detector' build argument 'cmake_clean_cache' from command line to 'False'
[0.488s] Level 5:colcon.colcon_core.verb:set package 'shape_detector' build argument 'cmake_clean_first' from command line to 'False'
[0.488s] Level 5:colcon.colcon_core.verb:set package 'shape_detector' build argument 'cmake_force_configure' from command line to 'False'
[0.488s] Level 5:colcon.colcon_core.verb:set package 'shape_detector' build argument 'ament_cmake_args' from command line to 'None'
[0.488s] Level 5:colcon.colcon_core.verb:set package 'shape_detector' build argument 'catkin_cmake_args' from command line to 'None'
[0.488s] Level 5:colcon.colcon_core.verb:set package 'shape_detector' build argument 'catkin_skip_building_tests' from command line to 'False'
[0.488s] DEBUG:colcon.colcon_core.verb:Building package 'shape_detector' with the following arguments: {'ament_cmake_args': None, 'build_base': '/home/ssfa/ros2_ws/build/shape_detector', 'catkin_cmake_args': None, 'catkin_skip_building_tests': False, 'cmake_args': None, 'cmake_clean_cache': False, 'cmake_clean_first': False, 'cmake_force_configure': False, 'cmake_target': None, 'cmake_target_skip_unavailable': False, 'install_base': '/home/ssfa/ros2_ws/install/shape_detector', 'merge_install': False, 'path': '/home/ssfa/ros2_ws/src/shape_detector', 'symlink_install': False, 'test_result_base': None}
[0.489s] Level 5:colcon.colcon_core.verb:set package 't3_action_msg' build argument 'cmake_args' from command line to 'None'
[0.489s] Level 5:colcon.colcon_core.verb:set package 't3_action_msg' build argument 'cmake_target' from command line to 'None'
[0.489s] Level 5:colcon.colcon_core.verb:set package 't3_action_msg' build argument 'cmake_target_skip_unavailable' from command line to 'False'
[0.489s] Level 5:colcon.colcon_core.verb:set package 't3_action_msg' build argument 'cmake_clean_cache' from command line to 'False'
[0.489s] Level 5:colcon.colcon_core.verb:set package 't3_action_msg' build argument 'cmake_clean_first' from command line to 'False'
[0.489s] Level 5:colcon.colcon_core.verb:set package 't3_action_msg' build argument 'cmake_force_configure' from command line to 'False'
[0.489s] Level 5:colcon.colcon_core.verb:set package 't3_action_msg' build argument 'ament_cmake_args' from command line to 'None'
[0.489s] Level 5:colcon.colcon_core.verb:set package 't3_action_msg' build argument 'catkin_cmake_args' from command line to 'None'
[0.489s] Level 5:colcon.colcon_core.verb:set package 't3_action_msg' build argument 'catkin_skip_building_tests' from command line to 'False'
[0.489s] DEBUG:colcon.colcon_core.verb:Building package 't3_action_msg' with the following arguments: {'ament_cmake_args': None, 'build_base': '/home/ssfa/ros2_ws/build/t3_action_msg', 'catkin_cmake_args': None, 'catkin_skip_building_tests': False, 'cmake_args': None, 'cmake_clean_cache': False, 'cmake_clean_first': False, 'cmake_force_configure': False, 'cmake_target': None, 'cmake_target_skip_unavailable': False, 'install_base': '/home/ssfa/ros2_ws/install/t3_action_msg', 'merge_install': False, 'path': '/home/ssfa/ros2_ws/src/t3/t3_action_msg', 'symlink_install': False, 'test_result_base': None}
[0.489s] Level 5:colcon.colcon_core.verb:set package 'turtlebot3_cartographer' build argument 'cmake_args' from command line to 'None'
[0.489s] Level 5:colcon.colcon_core.verb:set package 'turtlebot3_cartographer' build argument 'cmake_target' from command line to 'None'
[0.489s] Level 5:colcon.colcon_core.verb:set package 'turtlebot3_cartographer' build argument 'cmake_target_skip_unavailable' from command line to 'False'
[0.489s] Level 5:colcon.colcon_core.verb:set package 'turtlebot3_cartographer' build argument 'cmake_clean_cache' from command line to 'False'
[0.489s] Level 5:colcon.colcon_core.verb:set package 'turtlebot3_cartographer' build argument 'cmake_clean_first' from command line to 'False'
[0.489s] Level 5:colcon.colcon_core.verb:set package 'turtlebot3_cartographer' build argument 'cmake_force_configure' from command line to 'False'
[0.489s] Level 5:colcon.colcon_core.verb:set package 'turtlebot3_cartographer' build argument 'ament_cmake_args' from command line to 'None'
[0.489s] Level 5:colcon.colcon_core.verb:set package 'turtlebot3_cartographer' build argument 'catkin_cmake_args' from command line to 'None'
[0.489s] Level 5:colcon.colcon_core.verb:set package 'turtlebot3_cartographer' build argument 'catkin_skip_building_tests' from command line to 'False'
[0.489s] DEBUG:colcon.colcon_core.verb:Building package 'turtlebot3_cartographer' with the following arguments: {'ament_cmake_args': None, 'build_base': '/home/ssfa/ros2_ws/build/turtlebot3_cartographer', 'catkin_cmake_args': None, 'catkin_skip_building_tests': False, 'cmake_args': None, 'cmake_clean_cache': False, 'cmake_clean_first': False, 'cmake_force_configure': False, 'cmake_target': None, 'cmake_target_skip_unavailable': False, 'install_base': '/home/ssfa/ros2_ws/install/turtlebot3_cartographer', 'merge_install': False, 'path': '/home/ssfa/ros2_ws/src/t3/turtlebot3/turtlebot3/turtlebot3_cartographer', 'symlink_install': False, 'test_result_base': None}
[0.490s] Level 5:colcon.colcon_core.verb:set package 'turtlebot3_description' build argument 'cmake_args' from command line to 'None'
[0.490s] Level 5:colcon.colcon_core.verb:set package 'turtlebot3_description' build argument 'cmake_target' from command line to 'None'
[0.490s] Level 5:colcon.colcon_core.verb:set package 'turtlebot3_description' build argument 'cmake_target_skip_unavailable' from command line to 'False'
[0.490s] Level 5:colcon.colcon_core.verb:set package 'turtlebot3_description' build argument 'cmake_clean_cache' from command line to 'False'
[0.490s] Level 5:colcon.colcon_core.verb:set package 'turtlebot3_description' build argument 'cmake_clean_first' from command line to 'False'
[0.490s] Level 5:colcon.colcon_core.verb:set package 'turtlebot3_description' build argument 'cmake_force_configure' from command line to 'False'
[0.490s] Level 5:colcon.colcon_core.verb:set package 'turtlebot3_description' build argument 'ament_cmake_args' from command line to 'None'
[0.490s] Level 5:colcon.colcon_core.verb:set package 'turtlebot3_description' build argument 'catkin_cmake_args' from command line to 'None'
[0.490s] Level 5:colcon.colcon_core.verb:set package 'turtlebot3_description' build argument 'catkin_skip_building_tests' from command line to 'False'
[0.490s] DEBUG:colcon.colcon_core.verb:Building package 'turtlebot3_description' with the following arguments: {'ament_cmake_args': None, 'build_base': '/home/ssfa/ros2_ws/build/turtlebot3_description', 'catkin_cmake_args': None, 'catkin_skip_building_tests': False, 'cmake_args': None, 'cmake_clean_cache': False, 'cmake_clean_first': False, 'cmake_force_configure': False, 'cmake_target': None, 'cmake_target_skip_unavailable': False, 'install_base': '/home/ssfa/ros2_ws/install/turtlebot3_description', 'merge_install': False, 'path': '/home/ssfa/ros2_ws/src/t3/turtlebot3/turtlebot3/turtlebot3_description', 'symlink_install': False, 'test_result_base': None}
[0.490s] Level 5:colcon.colcon_core.verb:set package 'turtlebot3_msgs' build argument 'cmake_args' from command line to 'None'
[0.490s] Level 5:colcon.colcon_core.verb:set package 'turtlebot3_msgs' build argument 'cmake_target' from command line to 'None'
[0.490s] Level 5:colcon.colcon_core.verb:set package 'turtlebot3_msgs' build argument 'cmake_target_skip_unavailable' from command line to 'False'
[0.491s] Level 5:colcon.colcon_core.verb:set package 'turtlebot3_msgs' build argument 'cmake_clean_cache' from command line to 'False'
[0.491s] Level 5:colcon.colcon_core.verb:set package 'turtlebot3_msgs' build argument 'cmake_clean_first' from command line to 'False'
[0.491s] Level 5:colcon.colcon_core.verb:set package 'turtlebot3_msgs' build argument 'cmake_force_configure' from command line to 'False'
[0.491s] Level 5:colcon.colcon_core.verb:set package 'turtlebot3_msgs' build argument 'ament_cmake_args' from command line to 'None'
[0.491s] Level 5:colcon.colcon_core.verb:set package 'turtlebot3_msgs' build argument 'catkin_cmake_args' from command line to 'None'
[0.491s] Level 5:colcon.colcon_core.verb:set package 'turtlebot3_msgs' build argument 'catkin_skip_building_tests' from command line to 'False'
[0.491s] DEBUG:colcon.colcon_core.verb:Building package 'turtlebot3_msgs' with the following arguments: {'ament_cmake_args': None, 'build_base': '/home/ssfa/ros2_ws/build/turtlebot3_msgs', 'catkin_cmake_args': None, 'catkin_skip_building_tests': False, 'cmake_args': None, 'cmake_clean_cache': False, 'cmake_clean_first': False, 'cmake_force_configure': False, 'cmake_target': None, 'cmake_target_skip_unavailable': False, 'install_base': '/home/ssfa/ros2_ws/install/turtlebot3_msgs', 'merge_install': False, 'path': '/home/ssfa/ros2_ws/src/t3/turtlebot3_msgs', 'symlink_install': False, 'test_result_base': None}
[0.491s] Level 5:colcon.colcon_core.verb:set package 'turtlebot3_navigation2' build argument 'cmake_args' from command line to 'None'
[0.491s] Level 5:colcon.colcon_core.verb:set package 'turtlebot3_navigation2' build argument 'cmake_target' from command line to 'None'
[0.491s] Level 5:colcon.colcon_core.verb:set package 'turtlebot3_navigation2' build argument 'cmake_target_skip_unavailable' from command line to 'False'
[0.491s] Level 5:colcon.colcon_core.verb:set package 'turtlebot3_navigation2' build argument 'cmake_clean_cache' from command line to 'False'
[0.491s] Level 5:colcon.colcon_core.verb:set package 'turtlebot3_navigation2' build argument 'cmake_clean_first' from command line to 'False'
[0.491s] Level 5:colcon.colcon_core.verb:set package 'turtlebot3_navigation2' build argument 'cmake_force_configure' from command line to 'False'
[0.491s] Level 5:colcon.colcon_core.verb:set package 'turtlebot3_navigation2' build argument 'ament_cmake_args' from command line to 'None'
[0.491s] Level 5:colcon.colcon_core.verb:set package 'turtlebot3_navigation2' build argument 'catkin_cmake_args' from command line to 'None'
[0.491s] Level 5:colcon.colcon_core.verb:set package 'turtlebot3_navigation2' build argument 'catkin_skip_building_tests' from command line to 'False'
[0.491s] DEBUG:colcon.colcon_core.verb:Building package 'turtlebot3_navigation2' with the following arguments: {'ament_cmake_args': None, 'build_base': '/home/ssfa/ros2_ws/build/turtlebot3_navigation2', 'catkin_cmake_args': None, 'catkin_skip_building_tests': False, 'cmake_args': None, 'cmake_clean_cache': False, 'cmake_clean_first': False, 'cmake_force_configure': False, 'cmake_target': None, 'cmake_target_skip_unavailable': False, 'install_base': '/home/ssfa/ros2_ws/install/turtlebot3_navigation2', 'merge_install': False, 'path': '/home/ssfa/ros2_ws/src/t3/turtlebot3/turtlebot3/turtlebot3_navigation2', 'symlink_install': False, 'test_result_base': None}
[0.492s] Level 5:colcon.colcon_core.verb:set package 'turtlebot3_teleop' build argument 'cmake_args' from command line to 'None'
[0.492s] Level 5:colcon.colcon_core.verb:set package 'turtlebot3_teleop' build argument 'cmake_target' from command line to 'None'
[0.492s] Level 5:colcon.colcon_core.verb:set package 'turtlebot3_teleop' build argument 'cmake_target_skip_unavailable' from command line to 'False'
[0.492s] Level 5:colcon.colcon_core.verb:set package 'turtlebot3_teleop' build argument 'cmake_clean_cache' from command line to 'False'
[0.492s] Level 5:colcon.colcon_core.verb:set package 'turtlebot3_teleop' build argument 'cmake_clean_first' from command line to 'False'
[0.492s] Level 5:colcon.colcon_core.verb:set package 'turtlebot3_teleop' build argument 'cmake_force_configure' from command line to 'False'
[0.492s] Level 5:colcon.colcon_core.verb:set package 'turtlebot3_teleop' build argument 'ament_cmake_args' from command line to 'None'
[0.492s] Level 5:colcon.colcon_core.verb:set package 'turtlebot3_teleop' build argument 'catkin_cmake_args' from command line to 'None'
[0.492s] Level 5:colcon.colcon_core.verb:set package 'turtlebot3_teleop' build argument 'catkin_skip_building_tests' from command line to 'False'
[0.492s] DEBUG:colcon.colcon_core.verb:Building package 'turtlebot3_teleop' with the following arguments: {'ament_cmake_args': None, 'build_base': '/home/ssfa/ros2_ws/build/turtlebot3_teleop', 'catkin_cmake_args': None, 'catkin_skip_building_tests': False, 'cmake_args': None, 'cmake_clean_cache': False, 'cmake_clean_first': False, 'cmake_force_configure': False, 'cmake_target': None, 'cmake_target_skip_unavailable': False, 'install_base': '/home/ssfa/ros2_ws/install/turtlebot3_teleop', 'merge_install': False, 'path': '/home/ssfa/ros2_ws/src/t3/turtlebot3/turtlebot3/turtlebot3_teleop', 'symlink_install': False, 'test_result_base': None}
[0.492s] Level 5:colcon.colcon_core.verb:set package 'usb_cam' build argument 'cmake_args' from command line to 'None'
[0.492s] Level 5:colcon.colcon_core.verb:set package 'usb_cam' build argument 'cmake_target' from command line to 'None'
[0.492s] Level 5:colcon.colcon_core.verb:set package 'usb_cam' build argument 'cmake_target_skip_unavailable' from command line to 'False'
[0.492s] Level 5:colcon.colcon_core.verb:set package 'usb_cam' build argument 'cmake_clean_cache' from command line to 'False'
[0.492s] Level 5:colcon.colcon_core.verb:set package 'usb_cam' build argument 'cmake_clean_first' from command line to 'False'
[0.492s] Level 5:colcon.colcon_core.verb:set package 'usb_cam' build argument 'cmake_force_configure' from command line to 'False'
[0.492s] Level 5:colcon.colcon_core.verb:set package 'usb_cam' build argument 'ament_cmake_args' from command line to 'None'
[0.492s] Level 5:colcon.colcon_core.verb:set package 'usb_cam' build argument 'catkin_cmake_args' from command line to 'None'
[0.492s] Level 5:colcon.colcon_core.verb:set package 'usb_cam' build argument 'catkin_skip_building_tests' from command line to 'False'
[0.492s] DEBUG:colcon.colcon_core.verb:Building package 'usb_cam' with the following arguments: {'ament_cmake_args': None, 'build_base': '/home/ssfa/ros2_ws/build/usb_cam', 'catkin_cmake_args': None, 'catkin_skip_building_tests': False, 'cmake_args': None, 'cmake_clean_cache': False, 'cmake_clean_first': False, 'cmake_force_configure': False, 'cmake_target': None, 'cmake_target_skip_unavailable': False, 'install_base': '/home/ssfa/ros2_ws/install/usb_cam', 'merge_install': False, 'path': '/home/ssfa/ros2_ws/src/usb_cam', 'symlink_install': False, 'test_result_base': None}
[0.493s] Level 5:colcon.colcon_core.verb:set package 'yolov8_msgs' build argument 'cmake_args' from command line to 'None'
[0.493s] Level 5:colcon.colcon_core.verb:set package 'yolov8_msgs' build argument 'cmake_target' from command line to 'None'
[0.493s] Level 5:colcon.colcon_core.verb:set package 'yolov8_msgs' build argument 'cmake_target_skip_unavailable' from command line to 'False'
[0.493s] Level 5:colcon.colcon_core.verb:set package 'yolov8_msgs' build argument 'cmake_clean_cache' from command line to 'False'
[0.493s] Level 5:colcon.colcon_core.verb:set package 'yolov8_msgs' build argument 'cmake_clean_first' from command line to 'False'
[0.493s] Level 5:colcon.colcon_core.verb:set package 'yolov8_msgs' build argument 'cmake_force_configure' from command line to 'False'
[0.493s] Level 5:colcon.colcon_core.verb:set package 'yolov8_msgs' build argument 'ament_cmake_args' from command line to 'None'
[0.493s] Level 5:colcon.colcon_core.verb:set package 'yolov8_msgs' build argument 'catkin_cmake_args' from command line to 'None'
[0.493s] Level 5:colcon.colcon_core.verb:set package 'yolov8_msgs' build argument 'catkin_skip_building_tests' from command line to 'False'
[0.493s] DEBUG:colcon.colcon_core.verb:Building package 'yolov8_msgs' with the following arguments: {'ament_cmake_args': None, 'build_base': '/home/ssfa/ros2_ws/build/yolov8_msgs', 'catkin_cmake_args': None, 'catkin_skip_building_tests': False, 'cmake_args': None, 'cmake_clean_cache': False, 'cmake_clean_first': False, 'cmake_force_configure': False, 'cmake_target': None, 'cmake_target_skip_unavailable': False, 'install_base': '/home/ssfa/ros2_ws/install/yolov8_msgs', 'merge_install': False, 'path': '/home/ssfa/ros2_ws/src/yolov8_ros/yolov8_msgs', 'symlink_install': False, 'test_result_base': None}
[0.493s] Level 5:colcon.colcon_core.verb:set package 'turtlebot3_as' build argument 'cmake_args' from command line to 'None'
[0.493s] Level 5:colcon.colcon_core.verb:set package 'turtlebot3_as' build argument 'cmake_target' from command line to 'None'
[0.493s] Level 5:colcon.colcon_core.verb:set package 'turtlebot3_as' build argument 'cmake_target_skip_unavailable' from command line to 'False'
[0.494s] Level 5:colcon.colcon_core.verb:set package 'turtlebot3_as' build argument 'cmake_clean_cache' from command line to 'False'
[0.494s] Level 5:colcon.colcon_core.verb:set package 'turtlebot3_as' build argument 'cmake_clean_first' from command line to 'False'
[0.494s] Level 5:colcon.colcon_core.verb:set package 'turtlebot3_as' build argument 'cmake_force_configure' from command line to 'False'
[0.494s] Level 5:colcon.colcon_core.verb:set package 'turtlebot3_as' build argument 'ament_cmake_args' from command line to 'None'
[0.494s] Level 5:colcon.colcon_core.verb:set package 'turtlebot3_as' build argument 'catkin_cmake_args' from command line to 'None'
[0.494s] Level 5:colcon.colcon_core.verb:set package 'turtlebot3_as' build argument 'catkin_skip_building_tests' from command line to 'False'
[0.494s] DEBUG:colcon.colcon_core.verb:Building package 'turtlebot3_as' with the following arguments: {'ament_cmake_args': None, 'build_base': '/home/ssfa/ros2_ws/build/turtlebot3_as', 'catkin_cmake_args': None, 'catkin_skip_building_tests': False, 'cmake_args': None, 'cmake_clean_cache': False, 'cmake_clean_first': False, 'cmake_force_configure': False, 'cmake_target': None, 'cmake_target_skip_unavailable': False, 'install_base': '/home/ssfa/ros2_ws/install/turtlebot3_as', 'merge_install': False, 'path': '/home/ssfa/ros2_ws/src/t3/turtlebot3_as', 'symlink_install': False, 'test_result_base': None}
[0.494s] Level 5:colcon.colcon_core.verb:set package 'turtlebot3_bringup' build argument 'cmake_args' from command line to 'None'
[0.494s] Level 5:colcon.colcon_core.verb:set package 'turtlebot3_bringup' build argument 'cmake_target' from command line to 'None'
[0.494s] Level 5:colcon.colcon_core.verb:set package 'turtlebot3_bringup' build argument 'cmake_target_skip_unavailable' from command line to 'False'
[0.494s] Level 5:colcon.colcon_core.verb:set package 'turtlebot3_bringup' build argument 'cmake_clean_cache' from command line to 'False'
[0.494s] Level 5:colcon.colcon_core.verb:set package 'turtlebot3_bringup' build argument 'cmake_clean_first' from command line to 'False'
[0.494s] Level 5:colcon.colcon_core.verb:set package 'turtlebot3_bringup' build argument 'cmake_force_configure' from command line to 'False'
[0.494s] Level 5:colcon.colcon_core.verb:set package 'turtlebot3_bringup' build argument 'ament_cmake_args' from command line to 'None'
[0.494s] Level 5:colcon.colcon_core.verb:set package 'turtlebot3_bringup' build argument 'catkin_cmake_args' from command line to 'None'
[0.494s] Level 5:colcon.colcon_core.verb:set package 'turtlebot3_bringup' build argument 'catkin_skip_building_tests' from command line to 'False'
[0.494s] DEBUG:colcon.colcon_core.verb:Building package 'turtlebot3_bringup' with the following arguments: {'ament_cmake_args': None, 'build_base': '/home/ssfa/ros2_ws/build/turtlebot3_bringup', 'catkin_cmake_args': None, 'catkin_skip_building_tests': False, 'cmake_args': None, 'cmake_clean_cache': False, 'cmake_clean_first': False, 'cmake_force_configure': False, 'cmake_target': None, 'cmake_target_skip_unavailable': False, 'install_base': '/home/ssfa/ros2_ws/install/turtlebot3_bringup', 'merge_install': False, 'path': '/home/ssfa/ros2_ws/src/t3/turtlebot3/turtlebot3/turtlebot3_bringup', 'symlink_install': False, 'test_result_base': None}
[0.495s] Level 5:colcon.colcon_core.verb:set package 'turtlebot3_example' build argument 'cmake_args' from command line to 'None'
[0.495s] Level 5:colcon.colcon_core.verb:set package 'turtlebot3_example' build argument 'cmake_target' from command line to 'None'
[0.495s] Level 5:colcon.colcon_core.verb:set package 'turtlebot3_example' build argument 'cmake_target_skip_unavailable' from command line to 'False'
[0.495s] Level 5:colcon.colcon_core.verb:set package 'turtlebot3_example' build argument 'cmake_clean_cache' from command line to 'False'
[0.495s] Level 5:colcon.colcon_core.verb:set package 'turtlebot3_example' build argument 'cmake_clean_first' from command line to 'False'
[0.495s] Level 5:colcon.colcon_core.verb:set package 'turtlebot3_example' build argument 'cmake_force_configure' from command line to 'False'
[0.495s] Level 5:colcon.colcon_core.verb:set package 'turtlebot3_example' build argument 'ament_cmake_args' from command line to 'None'
[0.495s] Level 5:colcon.colcon_core.verb:set package 'turtlebot3_example' build argument 'catkin_cmake_args' from command line to 'None'
[0.495s] Level 5:colcon.colcon_core.verb:set package 'turtlebot3_example' build argument 'catkin_skip_building_tests' from command line to 'False'
[0.495s] DEBUG:colcon.colcon_core.verb:Building package 'turtlebot3_example' with the following arguments: {'ament_cmake_args': None, 'build_base': '/home/ssfa/ros2_ws/build/turtlebot3_example', 'catkin_cmake_args': None, 'catkin_skip_building_tests': False, 'cmake_args': None, 'cmake_clean_cache': False, 'cmake_clean_first': False, 'cmake_force_configure': False, 'cmake_target': None, 'cmake_target_skip_unavailable': False, 'install_base': '/home/ssfa/ros2_ws/install/turtlebot3_example', 'merge_install': False, 'path': '/home/ssfa/ros2_ws/src/t3/turtlebot3/turtlebot3/turtlebot3_example', 'symlink_install': False, 'test_result_base': None}
[0.495s] Level 5:colcon.colcon_core.verb:set package 'turtlebot3_gazebo' build argument 'cmake_args' from command line to 'None'
[0.495s] Level 5:colcon.colcon_core.verb:set package 'turtlebot3_gazebo' build argument 'cmake_target' from command line to 'None'
[0.495s] Level 5:colcon.colcon_core.verb:set package 'turtlebot3_gazebo' build argument 'cmake_target_skip_unavailable' from command line to 'False'
[0.495s] Level 5:colcon.colcon_core.verb:set package 'turtlebot3_gazebo' build argument 'cmake_clean_cache' from command line to 'False'
[0.495s] Level 5:colcon.colcon_core.verb:set package 'turtlebot3_gazebo' build argument 'cmake_clean_first' from command line to 'False'
[0.495s] Level 5:colcon.colcon_core.verb:set package 'turtlebot3_gazebo' build argument 'cmake_force_configure' from command line to 'False'
[0.495s] Level 5:colcon.colcon_core.verb:set package 'turtlebot3_gazebo' build argument 'ament_cmake_args' from command line to 'None'
[0.495s] Level 5:colcon.colcon_core.verb:set package 'turtlebot3_gazebo' build argument 'catkin_cmake_args' from command line to 'None'
[0.495s] Level 5:colcon.colcon_core.verb:set package 'turtlebot3_gazebo' build argument 'catkin_skip_building_tests' from command line to 'False'
[0.495s] DEBUG:colcon.colcon_core.verb:Building package 'turtlebot3_gazebo' with the following arguments: {'ament_cmake_args': None, 'build_base': '/home/ssfa/ros2_ws/build/turtlebot3_gazebo', 'catkin_cmake_args': None, 'catkin_skip_building_tests': False, 'cmake_args': None, 'cmake_clean_cache': False, 'cmake_clean_first': False, 'cmake_force_configure': False, 'cmake_target': None, 'cmake_target_skip_unavailable': False, 'install_base': '/home/ssfa/ros2_ws/install/turtlebot3_gazebo', 'merge_install': False, 'path': '/home/ssfa/ros2_ws/src/t3/turtlebot3_simulations/turtlebot3_gazebo', 'symlink_install': False, 'test_result_base': None}
[0.496s] Level 5:colcon.colcon_core.verb:set package 'yolov8_ros' build argument 'cmake_args' from command line to 'None'
[0.496s] Level 5:colcon.colcon_core.verb:set package 'yolov8_ros' build argument 'cmake_target' from command line to 'None'
[0.496s] Level 5:colcon.colcon_core.verb:set package 'yolov8_ros' build argument 'cmake_target_skip_unavailable' from command line to 'False'
[0.496s] Level 5:colcon.colcon_core.verb:set package 'yolov8_ros' build argument 'cmake_clean_cache' from command line to 'False'
[0.496s] Level 5:colcon.colcon_core.verb:set package 'yolov8_ros' build argument 'cmake_clean_first' from command line to 'False'
[0.496s] Level 5:colcon.colcon_core.verb:set package 'yolov8_ros' build argument 'cmake_force_configure' from command line to 'False'
[0.496s] Level 5:colcon.colcon_core.verb:set package 'yolov8_ros' build argument 'ament_cmake_args' from command line to 'None'
[0.496s] Level 5:colcon.colcon_core.verb:set package 'yolov8_ros' build argument 'catkin_cmake_args' from command line to 'None'
[0.496s] Level 5:colcon.colcon_core.verb:set package 'yolov8_ros' build argument 'catkin_skip_building_tests' from command line to 'False'
[0.496s] DEBUG:colcon.colcon_core.verb:Building package 'yolov8_ros' with the following arguments: {'ament_cmake_args': None, 'build_base': '/home/ssfa/ros2_ws/build/yolov8_ros', 'catkin_cmake_args': None, 'catkin_skip_building_tests': False, 'cmake_args': None, 'cmake_clean_cache': False, 'cmake_clean_first': False, 'cmake_force_configure': False, 'cmake_target': None, 'cmake_target_skip_unavailable': False, 'install_base': '/home/ssfa/ros2_ws/install/yolov8_ros', 'merge_install': False, 'path': '/home/ssfa/ros2_ws/src/yolov8_ros/yolov8_ros', 'symlink_install': False, 'test_result_base': None}
[0.496s] Level 5:colcon.colcon_core.verb:set package 'turtlebot3' build argument 'cmake_args' from command line to 'None'
[0.496s] Level 5:colcon.colcon_core.verb:set package 'turtlebot3' build argument 'cmake_target' from command line to 'None'
[0.497s] Level 5:colcon.colcon_core.verb:set package 'turtlebot3' build argument 'cmake_target_skip_unavailable' from command line to 'False'
[0.497s] Level 5:colcon.colcon_core.verb:set package 'turtlebot3' build argument 'cmake_clean_cache' from command line to 'False'
[0.497s] Level 5:colcon.colcon_core.verb:set package 'turtlebot3' build argument 'cmake_clean_first' from command line to 'False'
[0.497s] Level 5:colcon.colcon_core.verb:set package 'turtlebot3' build argument 'cmake_force_configure' from command line to 'False'
[0.497s] Level 5:colcon.colcon_core.verb:set package 'turtlebot3' build argument 'ament_cmake_args' from command line to 'None'
[0.497s] Level 5:colcon.colcon_core.verb:set package 'turtlebot3' build argument 'catkin_cmake_args' from command line to 'None'
[0.497s] Level 5:colcon.colcon_core.verb:set package 'turtlebot3' build argument 'catkin_skip_building_tests' from command line to 'False'
[0.497s] DEBUG:colcon.colcon_core.verb:Building package 'turtlebot3' with the following arguments: {'ament_cmake_args': None, 'build_base': '/home/ssfa/ros2_ws/build/turtlebot3', 'catkin_cmake_args': None, 'catkin_skip_building_tests': False, 'cmake_args': None, 'cmake_clean_cache': False, 'cmake_clean_first': False, 'cmake_force_configure': False, 'cmake_target': None, 'cmake_target_skip_unavailable': False, 'install_base': '/home/ssfa/ros2_ws/install/turtlebot3', 'merge_install': False, 'path': '/home/ssfa/ros2_ws/src/t3/turtlebot3/turtlebot3/turtlebot3', 'symlink_install': False, 'test_result_base': None}
[0.497s] Level 5:colcon.colcon_core.verb:set package 'turtlebot3_simulations' build argument 'cmake_args' from command line to 'None'
[0.497s] Level 5:colcon.colcon_core.verb:set package 'turtlebot3_simulations' build argument 'cmake_target' from command line to 'None'
[0.497s] Level 5:colcon.colcon_core.verb:set package 'turtlebot3_simulations' build argument 'cmake_target_skip_unavailable' from command line to 'False'
[0.497s] Level 5:colcon.colcon_core.verb:set package 'turtlebot3_simulations' build argument 'cmake_clean_cache' from command line to 'False'
[0.497s] Level 5:colcon.colcon_core.verb:set package 'turtlebot3_simulations' build argument 'cmake_clean_first' from command line to 'False'
[0.497s] Level 5:colcon.colcon_core.verb:set package 'turtlebot3_simulations' build argument 'cmake_force_configure' from command line to 'False'
[0.497s] Level 5:colcon.colcon_core.verb:set package 'turtlebot3_simulations' build argument 'ament_cmake_args' from command line to 'None'
[0.497s] Level 5:colcon.colcon_core.verb:set package 'turtlebot3_simulations' build argument 'catkin_cmake_args' from command line to 'None'
[0.497s] Level 5:colcon.colcon_core.verb:set package 'turtlebot3_simulations' build argument 'catkin_skip_building_tests' from command line to 'False'
[0.497s] DEBUG:colcon.colcon_core.verb:Building package 'turtlebot3_simulations' with the following arguments: {'ament_cmake_args': None, 'build_base': '/home/ssfa/ros2_ws/build/turtlebot3_simulations', 'catkin_cmake_args': None, 'catkin_skip_building_tests': False, 'cmake_args': None, 'cmake_clean_cache': False, 'cmake_clean_first': False, 'cmake_force_configure': False, 'cmake_target': None, 'cmake_target_skip_unavailable': False, 'install_base': '/home/ssfa/ros2_ws/install/turtlebot3_simulations', 'merge_install': False, 'path': '/home/ssfa/ros2_ws/src/t3/turtlebot3_simulations/turtlebot3_simulations', 'symlink_install': False, 'test_result_base': None}
[0.498s] Level 5:colcon.colcon_core.verb:set package 'yolov8_bringup' build argument 'cmake_args' from command line to 'None'
[0.498s] Level 5:colcon.colcon_core.verb:set package 'yolov8_bringup' build argument 'cmake_target' from command line to 'None'
[0.498s] Level 5:colcon.colcon_core.verb:set package 'yolov8_bringup' build argument 'cmake_target_skip_unavailable' from command line to 'False'
[0.498s] Level 5:colcon.colcon_core.verb:set package 'yolov8_bringup' build argument 'cmake_clean_cache' from command line to 'False'
[0.498s] Level 5:colcon.colcon_core.verb:set package 'yolov8_bringup' build argument 'cmake_clean_first' from command line to 'False'
[0.498s] Level 5:colcon.colcon_core.verb:set package 'yolov8_bringup' build argument 'cmake_force_configure' from command line to 'False'
[0.498s] Level 5:colcon.colcon_core.verb:set package 'yolov8_bringup' build argument 'ament_cmake_args' from command line to 'None'
[0.498s] Level 5:colcon.colcon_core.verb:set package 'yolov8_bringup' build argument 'catkin_cmake_args' from command line to 'None'
[0.498s] Level 5:colcon.colcon_core.verb:set package 'yolov8_bringup' build argument 'catkin_skip_building_tests' from command line to 'False'
[0.498s] DEBUG:colcon.colcon_core.verb:Building package 'yolov8_bringup' with the following arguments: {'ament_cmake_args': None, 'build_base': '/home/ssfa/ros2_ws/build/yolov8_bringup', 'catkin_cmake_args': None, 'catkin_skip_building_tests': False, 'cmake_args': None, 'cmake_clean_cache': False, 'cmake_clean_first': False, 'cmake_force_configure': False, 'cmake_target': None, 'cmake_target_skip_unavailable': False, 'install_base': '/home/ssfa/ros2_ws/install/yolov8_bringup', 'merge_install': False, 'path': '/home/ssfa/ros2_ws/src/yolov8_ros/yolov8_bringup', 'symlink_install': False, 'test_result_base': None}
[0.498s] INFO:colcon.colcon_core.executor:Executing jobs using 'parallel' executor
[0.499s] DEBUG:colcon.colcon_parallel_executor.executor.parallel:run_until_complete
[0.500s] INFO:colcon.colcon_ros.task.ament_cmake.build:Building ROS package in '/home/ssfa/ros2_ws/src/t3/turtlebot3/turtlebot3/turtlebot3_description' with build type 'ament_cmake'
[0.500s] INFO:colcon.colcon_cmake.task.cmake.build:Building CMake package in '/home/ssfa/ros2_ws/src/t3/turtlebot3/turtlebot3/turtlebot3_description'
[0.503s] INFO:colcon.colcon_core.plugin_system:Skipping extension 'colcon_core.shell.bat': Not used on non-Windows systems
[0.503s] INFO:colcon.colcon_core.shell:Skip shell extension 'powershell' for command environment: Not usable outside of PowerShell
[0.503s] DEBUG:colcon.colcon_core.shell:Skip shell extension 'dsv' for command environment
[0.508s] INFO:colcon.colcon_ros.task.ament_cmake.build:Building ROS package in '/home/ssfa/ros2_ws/src/t3/turtlebot3_msgs' with build type 'ament_cmake'
[0.509s] INFO:colcon.colcon_cmake.task.cmake.build:Building CMake package in '/home/ssfa/ros2_ws/src/t3/turtlebot3_msgs'
[0.509s] INFO:colcon.colcon_core.shell:Skip shell extension 'powershell' for command environment: Not usable outside of PowerShell
[0.509s] DEBUG:colcon.colcon_core.shell:Skip shell extension 'dsv' for command environment
[0.514s] INFO:colcon.colcon_ros.task.ament_cmake.build:Building ROS package in '/home/ssfa/ros2_ws/src/yolov8_ros/yolov8_msgs' with build type 'ament_cmake'
[0.514s] INFO:colcon.colcon_cmake.task.cmake.build:Building CMake package in '/home/ssfa/ros2_ws/src/yolov8_ros/yolov8_msgs'
[0.514s] INFO:colcon.colcon_core.shell:Skip shell extension 'powershell' for command environment: Not usable outside of PowerShell
[0.514s] DEBUG:colcon.colcon_core.shell:Skip shell extension 'dsv' for command environment
[0.519s] INFO:colcon.colcon_ros.task.ament_cmake.build:Building ROS package in '/home/ssfa/ros2_ws/src/t3/t3_action_msg' with build type 'ament_cmake'
[0.519s] INFO:colcon.colcon_cmake.task.cmake.build:Building CMake package in '/home/ssfa/ros2_ws/src/t3/t3_action_msg'
[0.519s] INFO:colcon.colcon_core.shell:Skip shell extension 'powershell' for command environment: Not usable outside of PowerShell
[0.519s] DEBUG:colcon.colcon_core.shell:Skip shell extension 'dsv' for command environment
[0.524s] INFO:colcon.colcon_ros.task.ament_cmake.build:Building ROS package in '/home/ssfa/ros2_ws/src/t3/turtlebot3/turtlebot3/turtlebot3_cartographer' with build type 'ament_cmake'
[0.524s] INFO:colcon.colcon_cmake.task.cmake.build:Building CMake package in '/home/ssfa/ros2_ws/src/t3/turtlebot3/turtlebot3/turtlebot3_cartographer'
[0.525s] INFO:colcon.colcon_core.shell:Skip shell extension 'powershell' for command environment: Not usable outside of PowerShell
[0.525s] DEBUG:colcon.colcon_core.shell:Skip shell extension 'dsv' for command environment
[0.530s] INFO:colcon.colcon_ros.task.ament_cmake.build:Building ROS package in '/home/ssfa/ros2_ws/src/t3/turtlebot3/turtlebot3/turtlebot3_navigation2' with build type 'ament_cmake'
[0.530s] INFO:colcon.colcon_cmake.task.cmake.build:Building CMake package in '/home/ssfa/ros2_ws/src/t3/turtlebot3/turtlebot3/turtlebot3_navigation2'
[0.530s] INFO:colcon.colcon_core.shell:Skip shell extension 'powershell' for command environment: Not usable outside of PowerShell
[0.530s] DEBUG:colcon.colcon_core.shell:Skip shell extension 'dsv' for command environment
[0.535s] INFO:colcon.colcon_ros.task.ament_python.build:Building ROS package in '/home/ssfa/ros2_ws/src/t3/turtlebot3/turtlebot3/turtlebot3_teleop' with build type 'ament_python'
[0.535s] Level 1:colcon.colcon_core.shell:create_environment_hook('turtlebot3_teleop', 'ament_prefix_path')
[0.535s] INFO:colcon.colcon_core.shell:Creating environment hook '/home/ssfa/ros2_ws/install/turtlebot3_teleop/share/turtlebot3_teleop/hook/ament_prefix_path.ps1'
[0.536s] INFO:colcon.colcon_core.shell:Creating environment descriptor '/home/ssfa/ros2_ws/install/turtlebot3_teleop/share/turtlebot3_teleop/hook/ament_prefix_path.dsv'
[0.537s] INFO:colcon.colcon_core.shell:Creating environment hook '/home/ssfa/ros2_ws/install/turtlebot3_teleop/share/turtlebot3_teleop/hook/ament_prefix_path.sh'
[0.538s] INFO:colcon.colcon_core.shell:Skip shell extension 'powershell' for command environment: Not usable outside of PowerShell
[0.538s] DEBUG:colcon.colcon_core.shell:Skip shell extension 'dsv' for command environment
[0.542s] INFO:colcon.colcon_ros.task.ament_python.build:Building ROS package in '/home/ssfa/ros2_ws/src/color_shape_detector' with build type 'ament_python'
[0.542s] Level 1:colcon.colcon_core.shell:create_environment_hook('color_shape_detector', 'ament_prefix_path')
[0.543s] INFO:colcon.colcon_core.shell:Creating environment hook '/home/ssfa/ros2_ws/install/color_shape_detector/share/color_shape_detector/hook/ament_prefix_path.ps1'
[0.543s] INFO:colcon.colcon_core.shell:Creating environment descriptor '/home/ssfa/ros2_ws/install/color_shape_detector/share/color_shape_detector/hook/ament_prefix_path.dsv'
[0.544s] INFO:colcon.colcon_core.shell:Creating environment hook '/home/ssfa/ros2_ws/install/color_shape_detector/share/color_shape_detector/hook/ament_prefix_path.sh'
[0.544s] INFO:colcon.colcon_core.shell:Skip shell extension 'powershell' for command environment: Not usable outside of PowerShell
[0.544s] DEBUG:colcon.colcon_core.shell:Skip shell extension 'dsv' for command environment
[0.550s] INFO:colcon.colcon_ros.task.ament_cmake.build:Building ROS package in '/home/ssfa/ros2_ws/src/t3/DynamixelSDK/dynamixel_sdk' with build type 'ament_cmake'
[0.550s] INFO:colcon.colcon_cmake.task.cmake.build:Building CMake package in '/home/ssfa/ros2_ws/src/t3/DynamixelSDK/dynamixel_sdk'
[0.550s] INFO:colcon.colcon_core.shell:Skip shell extension 'powershell' for command environment: Not usable outside of PowerShell
[0.550s] DEBUG:colcon.colcon_core.shell:Skip shell extension 'dsv' for command environment
[0.556s] INFO:colcon.colcon_ros.task.ament_python.build:Building ROS package in '/home/ssfa/ros2_ws/src/t3/services_pkg' with build type 'ament_python'
[0.556s] Level 1:colcon.colcon_core.shell:create_environment_hook('services_pkg', 'ament_prefix_path')
[0.556s] INFO:colcon.colcon_core.shell:Creating environment hook '/home/ssfa/ros2_ws/install/services_pkg/share/services_pkg/hook/ament_prefix_path.ps1'
[0.557s] INFO:colcon.colcon_core.shell:Creating environment descriptor '/home/ssfa/ros2_ws/install/services_pkg/share/services_pkg/hook/ament_prefix_path.dsv'
[0.557s] INFO:colcon.colcon_core.shell:Creating environment hook '/home/ssfa/ros2_ws/install/services_pkg/share/services_pkg/hook/ament_prefix_path.sh'
[0.558s] INFO:colcon.colcon_core.shell:Skip shell extension 'powershell' for command environment: Not usable outside of PowerShell
[0.558s] DEBUG:colcon.colcon_core.shell:Skip shell extension 'dsv' for command environment
[0.564s] INFO:colcon.colcon_ros.task.ament_python.build:Building ROS package in '/home/ssfa/ros2_ws/src/shape_detector' with build type 'ament_python'
[0.564s] Level 1:colcon.colcon_core.shell:create_environment_hook('shape_detector', 'ament_prefix_path')
[0.564s] INFO:colcon.colcon_core.shell:Creating environment hook '/home/ssfa/ros2_ws/install/shape_detector/share/shape_detector/hook/ament_prefix_path.ps1'
[0.565s] INFO:colcon.colcon_core.shell:Creating environment descriptor '/home/ssfa/ros2_ws/install/shape_detector/share/shape_detector/hook/ament_prefix_path.dsv'
[0.565s] INFO:colcon.colcon_core.shell:Creating environment hook '/home/ssfa/ros2_ws/install/shape_detector/share/shape_detector/hook/ament_prefix_path.sh'
[0.566s] INFO:colcon.colcon_core.shell:Skip shell extension 'powershell' for command environment: Not usable outside of PowerShell
[0.566s] DEBUG:colcon.colcon_core.shell:Skip shell extension 'dsv' for command environment
[0.570s] INFO:colcon.colcon_ros.task.ament_cmake.build:Building ROS package in '/home/ssfa/ros2_ws/src/usb_cam' with build type 'ament_cmake'
[0.570s] INFO:colcon.colcon_cmake.task.cmake.build:Building CMake package in '/home/ssfa/ros2_ws/src/usb_cam'
[0.570s] INFO:colcon.colcon_core.shell:Skip shell extension 'powershell' for command environment: Not usable outside of PowerShell
[0.571s] DEBUG:colcon.colcon_core.shell:Skip shell extension 'dsv' for command environment
[0.585s] DEBUG:colcon.colcon_core.event_handler.log_command:Invoking command in '/home/ssfa/ros2_ws/build/turtlebot3_description': CMAKE_PREFIX_PATH=${CMAKE_PREFIX_PATH}:/home/ssfa/ros2_ws/install/yolov8_ros:/home/ssfa/ros2_ws/install/turtlebot3_teleop:/home/ssfa/ros2_ws/install/turtlebot3_example:/home/ssfa/ros2_ws/install/shape_detector:/home/ssfa/ros2_ws/install/services_pkg:/home/ssfa/ros2_ws/install/cv_basics:/home/ssfa/ros2_ws/install/color_shape_detector:/opt/ros/humble /usr/bin/cmake --build /home/ssfa/ros2_ws/build/turtlebot3_description -- -j12 -l12
[0.590s] DEBUG:colcon.colcon_core.event_handler.log_command:Invoking command in '/home/ssfa/ros2_ws/build/turtlebot3_msgs': CMAKE_PREFIX_PATH=${CMAKE_PREFIX_PATH}:/home/ssfa/ros2_ws/install/yolov8_ros:/home/ssfa/ros2_ws/install/turtlebot3_teleop:/home/ssfa/ros2_ws/install/turtlebot3_example:/home/ssfa/ros2_ws/install/shape_detector:/home/ssfa/ros2_ws/install/services_pkg:/home/ssfa/ros2_ws/install/cv_basics:/home/ssfa/ros2_ws/install/color_shape_detector:/opt/ros/humble /usr/bin/cmake --build /home/ssfa/ros2_ws/build/turtlebot3_msgs -- -j12 -l12
[0.595s] DEBUG:colcon.colcon_core.event_handler.log_command:Invoking command in '/home/ssfa/ros2_ws/build/yolov8_msgs': CMAKE_PREFIX_PATH=${CMAKE_PREFIX_PATH}:/home/ssfa/ros2_ws/install/yolov8_ros:/home/ssfa/ros2_ws/install/turtlebot3_teleop:/home/ssfa/ros2_ws/install/turtlebot3_example:/home/ssfa/ros2_ws/install/shape_detector:/home/ssfa/ros2_ws/install/services_pkg:/home/ssfa/ros2_ws/install/cv_basics:/home/ssfa/ros2_ws/install/color_shape_detector:/opt/ros/humble /usr/bin/cmake --build /home/ssfa/ros2_ws/build/yolov8_msgs -- -j12 -l12
[0.600s] DEBUG:colcon.colcon_core.event_handler.log_command:Invoking command in '/home/ssfa/ros2_ws/build/t3_action_msg': CMAKE_PREFIX_PATH=${CMAKE_PREFIX_PATH}:/home/ssfa/ros2_ws/install/yolov8_ros:/home/ssfa/ros2_ws/install/turtlebot3_teleop:/home/ssfa/ros2_ws/install/turtlebot3_example:/home/ssfa/ros2_ws/install/shape_detector:/home/ssfa/ros2_ws/install/services_pkg:/home/ssfa/ros2_ws/install/cv_basics:/home/ssfa/ros2_ws/install/color_shape_detector:/opt/ros/humble /usr/bin/cmake --build /home/ssfa/ros2_ws/build/t3_action_msg -- -j12 -l12
[0.606s] DEBUG:colcon.colcon_core.event_handler.log_command:Invoking command in '/home/ssfa/ros2_ws/build/turtlebot3_cartographer': CMAKE_PREFIX_PATH=${CMAKE_PREFIX_PATH}:/home/ssfa/ros2_ws/install/yolov8_ros:/home/ssfa/ros2_ws/install/turtlebot3_teleop:/home/ssfa/ros2_ws/install/turtlebot3_example:/home/ssfa/ros2_ws/install/shape_detector:/home/ssfa/ros2_ws/install/services_pkg:/home/ssfa/ros2_ws/install/cv_basics:/home/ssfa/ros2_ws/install/color_shape_detector:/opt/ros/humble /usr/bin/cmake --build /home/ssfa/ros2_ws/build/turtlebot3_cartographer -- -j12 -l12
[0.611s] DEBUG:colcon.colcon_core.event_handler.log_command:Invoking command in '/home/ssfa/ros2_ws/build/turtlebot3_navigation2': CMAKE_PREFIX_PATH=${CMAKE_PREFIX_PATH}:/home/ssfa/ros2_ws/install/yolov8_ros:/home/ssfa/ros2_ws/install/turtlebot3_teleop:/home/ssfa/ros2_ws/install/turtlebot3_example:/home/ssfa/ros2_ws/install/shape_detector:/home/ssfa/ros2_ws/install/services_pkg:/home/ssfa/ros2_ws/install/cv_basics:/home/ssfa/ros2_ws/install/color_shape_detector:/opt/ros/humble /usr/bin/cmake --build /home/ssfa/ros2_ws/build/turtlebot3_navigation2 -- -j12 -l12
[1.071s] INFO:colcon.colcon_core.task.python.build:Building Python package in '/home/ssfa/ros2_ws/src/t3/turtlebot3/turtlebot3/turtlebot3_teleop'
[1.072s] INFO:colcon.colcon_core.shell:Skip shell extension 'powershell' for command environment: Not usable outside of PowerShell
[1.072s] DEBUG:colcon.colcon_core.shell:Skip shell extension 'dsv' for command environment
[1.440s] INFO:colcon.colcon_core.task.python.build:Building Python package in '/home/ssfa/ros2_ws/src/color_shape_detector'
[1.440s] INFO:colcon.colcon_core.shell:Skip shell extension 'powershell' for command environment: Not usable outside of PowerShell
[1.440s] DEBUG:colcon.colcon_core.shell:Skip shell extension 'dsv' for command environment
[1.451s] DEBUG:colcon.colcon_core.event_handler.log_command:Invoking command in '/home/ssfa/ros2_ws/build/dynamixel_sdk': CMAKE_PREFIX_PATH=${CMAKE_PREFIX_PATH}:/home/ssfa/ros2_ws/install/yolov8_ros:/home/ssfa/ros2_ws/install/turtlebot3_teleop:/home/ssfa/ros2_ws/install/turtlebot3_example:/home/ssfa/ros2_ws/install/shape_detector:/home/ssfa/ros2_ws/install/services_pkg:/home/ssfa/ros2_ws/install/cv_basics:/home/ssfa/ros2_ws/install/color_shape_detector:/opt/ros/humble /usr/bin/cmake --build /home/ssfa/ros2_ws/build/dynamixel_sdk -- -j12 -l12
[1.807s] INFO:colcon.colcon_core.task.python.build:Building Python package in '/home/ssfa/ros2_ws/src/t3/services_pkg'
[1.808s] INFO:colcon.colcon_core.shell:Skip shell extension 'powershell' for command environment: Not usable outside of PowerShell
[1.808s] DEBUG:colcon.colcon_core.shell:Skip shell extension 'dsv' for command environment
[2.234s] INFO:colcon.colcon_core.task.python.build:Building Python package in '/home/ssfa/ros2_ws/src/shape_detector'
[2.235s] INFO:colcon.colcon_core.shell:Skip shell extension 'powershell' for command environment: Not usable outside of PowerShell
[2.235s] DEBUG:colcon.colcon_core.shell:Skip shell extension 'dsv' for command environment
[2.273s] DEBUG:colcon.colcon_core.event_handler.log_command:Invoking command in '/home/ssfa/ros2_ws/build/usb_cam': CMAKE_PREFIX_PATH=${CMAKE_PREFIX_PATH}:/home/ssfa/ros2_ws/install/yolov8_ros:/home/ssfa/ros2_ws/install/turtlebot3_teleop:/home/ssfa/ros2_ws/install/turtlebot3_example:/home/ssfa/ros2_ws/install/shape_detector:/home/ssfa/ros2_ws/install/services_pkg:/home/ssfa/ros2_ws/install/cv_basics:/home/ssfa/ros2_ws/install/color_shape_detector:/opt/ros/humble /usr/bin/cmake --build /home/ssfa/ros2_ws/build/usb_cam -- -j12 -l12
[2.274s] DEBUG:colcon.colcon_core.event_handler.log_command:Invoked command in '/home/ssfa/ros2_ws/build/turtlebot3_description' returned '0': CMAKE_PREFIX_PATH=${CMAKE_PREFIX_PATH}:/home/ssfa/ros2_ws/install/yolov8_ros:/home/ssfa/ros2_ws/install/turtlebot3_teleop:/home/ssfa/ros2_ws/install/turtlebot3_example:/home/ssfa/ros2_ws/install/shape_detector:/home/ssfa/ros2_ws/install/services_pkg:/home/ssfa/ros2_ws/install/cv_basics:/home/ssfa/ros2_ws/install/color_shape_detector:/opt/ros/humble /usr/bin/cmake --build /home/ssfa/ros2_ws/build/turtlebot3_description -- -j12 -l12
[2.275s] DEBUG:colcon.colcon_core.event_handler.log_command:Invoked command in '/home/ssfa/ros2_ws/build/turtlebot3_navigation2' returned '0': CMAKE_PREFIX_PATH=${CMAKE_PREFIX_PATH}:/home/ssfa/ros2_ws/install/yolov8_ros:/home/ssfa/ros2_ws/install/turtlebot3_teleop:/home/ssfa/ros2_ws/install/turtlebot3_example:/home/ssfa/ros2_ws/install/shape_detector:/home/ssfa/ros2_ws/install/services_pkg:/home/ssfa/ros2_ws/install/cv_basics:/home/ssfa/ros2_ws/install/color_shape_detector:/opt/ros/humble /usr/bin/cmake --build /home/ssfa/ros2_ws/build/turtlebot3_navigation2 -- -j12 -l12
[2.275s] DEBUG:colcon.colcon_core.event_handler.log_command:Invoked command in '/home/ssfa/ros2_ws/build/turtlebot3_cartographer' returned '0': CMAKE_PREFIX_PATH=${CMAKE_PREFIX_PATH}:/home/ssfa/ros2_ws/install/yolov8_ros:/home/ssfa/ros2_ws/install/turtlebot3_teleop:/home/ssfa/ros2_ws/install/turtlebot3_example:/home/ssfa/ros2_ws/install/shape_detector:/home/ssfa/ros2_ws/install/services_pkg:/home/ssfa/ros2_ws/install/cv_basics:/home/ssfa/ros2_ws/install/color_shape_detector:/opt/ros/humble /usr/bin/cmake --build /home/ssfa/ros2_ws/build/turtlebot3_cartographer -- -j12 -l12
[2.276s] DEBUG:colcon.colcon_core.event_handler.log_command:Invoked command in '/home/ssfa/ros2_ws/build/t3_action_msg' returned '0': CMAKE_PREFIX_PATH=${CMAKE_PREFIX_PATH}:/home/ssfa/ros2_ws/install/yolov8_ros:/home/ssfa/ros2_ws/install/turtlebot3_teleop:/home/ssfa/ros2_ws/install/turtlebot3_example:/home/ssfa/ros2_ws/install/shape_detector:/home/ssfa/ros2_ws/install/services_pkg:/home/ssfa/ros2_ws/install/cv_basics:/home/ssfa/ros2_ws/install/color_shape_detector:/opt/ros/humble /usr/bin/cmake --build /home/ssfa/ros2_ws/build/t3_action_msg -- -j12 -l12
[2.278s] DEBUG:colcon.colcon_core.event_handler.log_command:Invoked command in '/home/ssfa/ros2_ws/build/turtlebot3_msgs' returned '0': CMAKE_PREFIX_PATH=${CMAKE_PREFIX_PATH}:/home/ssfa/ros2_ws/install/yolov8_ros:/home/ssfa/ros2_ws/install/turtlebot3_teleop:/home/ssfa/ros2_ws/install/turtlebot3_example:/home/ssfa/ros2_ws/install/shape_detector:/home/ssfa/ros2_ws/install/services_pkg:/home/ssfa/ros2_ws/install/cv_basics:/home/ssfa/ros2_ws/install/color_shape_detector:/opt/ros/humble /usr/bin/cmake --build /home/ssfa/ros2_ws/build/turtlebot3_msgs -- -j12 -l12
[2.281s] DEBUG:colcon.colcon_core.event_handler.log_command:Invoked command in '/home/ssfa/ros2_ws/build/yolov8_msgs' returned '0': CMAKE_PREFIX_PATH=${CMAKE_PREFIX_PATH}:/home/ssfa/ros2_ws/install/yolov8_ros:/home/ssfa/ros2_ws/install/turtlebot3_teleop:/home/ssfa/ros2_ws/install/turtlebot3_example:/home/ssfa/ros2_ws/install/shape_detector:/home/ssfa/ros2_ws/install/services_pkg:/home/ssfa/ros2_ws/install/cv_basics:/home/ssfa/ros2_ws/install/color_shape_detector:/opt/ros/humble /usr/bin/cmake --build /home/ssfa/ros2_ws/build/yolov8_msgs -- -j12 -l12
[2.283s] DEBUG:colcon.colcon_core.event_handler.log_command:Invoked command in '/home/ssfa/ros2_ws/build/dynamixel_sdk' returned '0': CMAKE_PREFIX_PATH=${CMAKE_PREFIX_PATH}:/home/ssfa/ros2_ws/install/yolov8_ros:/home/ssfa/ros2_ws/install/turtlebot3_teleop:/home/ssfa/ros2_ws/install/turtlebot3_example:/home/ssfa/ros2_ws/install/shape_detector:/home/ssfa/ros2_ws/install/services_pkg:/home/ssfa/ros2_ws/install/cv_basics:/home/ssfa/ros2_ws/install/color_shape_detector:/opt/ros/humble /usr/bin/cmake --build /home/ssfa/ros2_ws/build/dynamixel_sdk -- -j12 -l12
[2.329s] DEBUG:colcon.colcon_core.event_handler.log_command:Invoking command in '/home/ssfa/ros2_ws/build/turtlebot3_cartographer': CMAKE_PREFIX_PATH=${CMAKE_PREFIX_PATH}:/home/ssfa/ros2_ws/install/yolov8_ros:/home/ssfa/ros2_ws/install/turtlebot3_teleop:/home/ssfa/ros2_ws/install/turtlebot3_example:/home/ssfa/ros2_ws/install/shape_detector:/home/ssfa/ros2_ws/install/services_pkg:/home/ssfa/ros2_ws/install/cv_basics:/home/ssfa/ros2_ws/install/color_shape_detector:/opt/ros/humble /usr/bin/cmake --install /home/ssfa/ros2_ws/build/turtlebot3_cartographer
[2.340s] DEBUG:colcon.colcon_core.event_handler.log_command:Invoking command in '/home/ssfa/ros2_ws/build/turtlebot3_navigation2': CMAKE_PREFIX_PATH=${CMAKE_PREFIX_PATH}:/home/ssfa/ros2_ws/install/yolov8_ros:/home/ssfa/ros2_ws/install/turtlebot3_teleop:/home/ssfa/ros2_ws/install/turtlebot3_example:/home/ssfa/ros2_ws/install/shape_detector:/home/ssfa/ros2_ws/install/services_pkg:/home/ssfa/ros2_ws/install/cv_basics:/home/ssfa/ros2_ws/install/color_shape_detector:/opt/ros/humble /usr/bin/cmake --install /home/ssfa/ros2_ws/build/turtlebot3_navigation2
[2.348s] DEBUG:colcon.colcon_core.event_handler.log_command:Invoking command in '/home/ssfa/ros2_ws/build/turtlebot3_description': CMAKE_PREFIX_PATH=${CMAKE_PREFIX_PATH}:/home/ssfa/ros2_ws/install/yolov8_ros:/home/ssfa/ros2_ws/install/turtlebot3_teleop:/home/ssfa/ros2_ws/install/turtlebot3_example:/home/ssfa/ros2_ws/install/shape_detector:/home/ssfa/ros2_ws/install/services_pkg:/home/ssfa/ros2_ws/install/cv_basics:/home/ssfa/ros2_ws/install/color_shape_detector:/opt/ros/humble /usr/bin/cmake --install /home/ssfa/ros2_ws/build/turtlebot3_description
[2.378s] Level 1:colcon.colcon_core.environment:create_environment_scripts_only(turtlebot3_cartographer)
[2.383s] Level 1:colcon.colcon_core.environment:checking '/home/ssfa/ros2_ws/install/turtlebot3_cartographer' for CMake module files
[2.384s] Level 1:colcon.colcon_core.environment:checking '/home/ssfa/ros2_ws/install/turtlebot3_cartographer' for CMake config files
[2.384s] Level 1:colcon.colcon_core.shell:create_environment_hook('turtlebot3_cartographer', 'cmake_prefix_path')
[2.385s] INFO:colcon.colcon_core.shell:Creating environment hook '/home/ssfa/ros2_ws/install/turtlebot3_cartographer/share/turtlebot3_cartographer/hook/cmake_prefix_path.ps1'
[2.386s] INFO:colcon.colcon_core.shell:Creating environment descriptor '/home/ssfa/ros2_ws/install/turtlebot3_cartographer/share/turtlebot3_cartographer/hook/cmake_prefix_path.dsv'
[2.387s] DEBUG:colcon.colcon_core.event_handler.log_command:Invoked command in '/home/ssfa/ros2_ws/build/turtlebot3_cartographer' returned '0': CMAKE_PREFIX_PATH=${CMAKE_PREFIX_PATH}:/home/ssfa/ros2_ws/install/yolov8_ros:/home/ssfa/ros2_ws/install/turtlebot3_teleop:/home/ssfa/ros2_ws/install/turtlebot3_example:/home/ssfa/ros2_ws/install/shape_detector:/home/ssfa/ros2_ws/install/services_pkg:/home/ssfa/ros2_ws/install/cv_basics:/home/ssfa/ros2_ws/install/color_shape_detector:/opt/ros/humble /usr/bin/cmake --install /home/ssfa/ros2_ws/build/turtlebot3_cartographer
[2.388s] INFO:colcon.colcon_core.shell:Creating environment hook '/home/ssfa/ros2_ws/install/turtlebot3_cartographer/share/turtlebot3_cartographer/hook/cmake_prefix_path.sh'
[2.390s] Level 1:colcon.colcon_core.environment:checking '/home/ssfa/ros2_ws/install/turtlebot3_cartographer/bin'
[2.390s] Level 1:colcon.colcon_core.environment:checking '/home/ssfa/ros2_ws/install/turtlebot3_cartographer/lib/pkgconfig/turtlebot3_cartographer.pc'
[2.390s] Level 1:colcon.colcon_core.environment:checking '/home/ssfa/ros2_ws/install/turtlebot3_cartographer/lib/python3.10/site-packages'
[2.391s] Level 1:colcon.colcon_core.environment:checking '/home/ssfa/ros2_ws/install/turtlebot3_cartographer/bin'
[2.391s] INFO:colcon.colcon_core.shell:Creating package script '/home/ssfa/ros2_ws/install/turtlebot3_cartographer/share/turtlebot3_cartographer/package.ps1'
[2.393s] INFO:colcon.colcon_core.shell:Creating package descriptor '/home/ssfa/ros2_ws/install/turtlebot3_cartographer/share/turtlebot3_cartographer/package.dsv'
[2.394s] INFO:colcon.colcon_core.shell:Creating package script '/home/ssfa/ros2_ws/install/turtlebot3_cartographer/share/turtlebot3_cartographer/package.sh'
[2.397s] INFO:colcon.colcon_core.shell:Creating package script '/home/ssfa/ros2_ws/install/turtlebot3_cartographer/share/turtlebot3_cartographer/package.bash'
[2.399s] INFO:colcon.colcon_core.shell:Creating package script '/home/ssfa/ros2_ws/install/turtlebot3_cartographer/share/turtlebot3_cartographer/package.zsh'
[2.400s] Level 1:colcon.colcon_core.environment:create_file_with_runtime_dependencies(/home/ssfa/ros2_ws/install/turtlebot3_cartographer/share/colcon-core/packages/turtlebot3_cartographer)
[2.419s] Level 1:colcon.colcon_core.environment:create_environment_scripts_only(turtlebot3_description)
[2.420s] Level 1:colcon.colcon_core.environment:checking '/home/ssfa/ros2_ws/install/turtlebot3_description' for CMake module files
[2.422s] DEBUG:colcon.colcon_core.event_handler.log_command:Invoked command in '/home/ssfa/ros2_ws/build/turtlebot3_description' returned '0': CMAKE_PREFIX_PATH=${CMAKE_PREFIX_PATH}:/home/ssfa/ros2_ws/install/yolov8_ros:/home/ssfa/ros2_ws/install/turtlebot3_teleop:/home/ssfa/ros2_ws/install/turtlebot3_example:/home/ssfa/ros2_ws/install/shape_detector:/home/ssfa/ros2_ws/install/services_pkg:/home/ssfa/ros2_ws/install/cv_basics:/home/ssfa/ros2_ws/install/color_shape_detector:/opt/ros/humble /usr/bin/cmake --install /home/ssfa/ros2_ws/build/turtlebot3_description
[2.423s] Level 1:colcon.colcon_core.environment:checking '/home/ssfa/ros2_ws/install/turtlebot3_description' for CMake config files
[2.424s] Level 1:colcon.colcon_core.shell:create_environment_hook('turtlebot3_description', 'cmake_prefix_path')
[2.425s] INFO:colcon.colcon_core.shell:Creating environment hook '/home/ssfa/ros2_ws/install/turtlebot3_description/share/turtlebot3_description/hook/cmake_prefix_path.ps1'
[2.425s] INFO:colcon.colcon_core.shell:Creating environment descriptor '/home/ssfa/ros2_ws/install/turtlebot3_description/share/turtlebot3_description/hook/cmake_prefix_path.dsv'
[2.426s] INFO:colcon.colcon_core.shell:Creating environment hook '/home/ssfa/ros2_ws/install/turtlebot3_description/share/turtlebot3_description/hook/cmake_prefix_path.sh'
[2.427s] Level 1:colcon.colcon_core.environment:checking '/home/ssfa/ros2_ws/install/turtlebot3_description/bin'
[2.427s] Level 1:colcon.colcon_core.environment:checking '/home/ssfa/ros2_ws/install/turtlebot3_description/lib/pkgconfig/turtlebot3_description.pc'
[2.428s] Level 1:colcon.colcon_core.environment:checking '/home/ssfa/ros2_ws/install/turtlebot3_description/lib/python3.10/site-packages'
[2.429s] Level 1:colcon.colcon_core.environment:checking '/home/ssfa/ros2_ws/install/turtlebot3_description/bin'
[2.430s] INFO:colcon.colcon_core.shell:Creating package script '/home/ssfa/ros2_ws/install/turtlebot3_description/share/turtlebot3_description/package.ps1'
[2.431s] INFO:colcon.colcon_core.shell:Creating package descriptor '/home/ssfa/ros2_ws/install/turtlebot3_description/share/turtlebot3_description/package.dsv'
[2.431s] INFO:colcon.colcon_core.shell:Creating package script '/home/ssfa/ros2_ws/install/turtlebot3_description/share/turtlebot3_description/package.sh'
[2.433s] INFO:colcon.colcon_core.shell:Creating package script '/home/ssfa/ros2_ws/install/turtlebot3_description/share/turtlebot3_description/package.bash'
[2.434s] INFO:colcon.colcon_core.shell:Creating package script '/home/ssfa/ros2_ws/install/turtlebot3_description/share/turtlebot3_description/package.zsh'
[2.434s] Level 1:colcon.colcon_core.environment:create_file_with_runtime_dependencies(/home/ssfa/ros2_ws/install/turtlebot3_description/share/colcon-core/packages/turtlebot3_description)
[2.446s] Level 1:colcon.colcon_core.environment:create_environment_scripts_only(turtlebot3_navigation2)
[2.447s] Level 1:colcon.colcon_core.environment:checking '/home/ssfa/ros2_ws/install/turtlebot3_navigation2' for CMake module files
[2.448s] Level 1:colcon.colcon_core.environment:checking '/home/ssfa/ros2_ws/install/turtlebot3_navigation2' for CMake config files
[2.446s] DEBUG:colcon.colcon_core.event_handler.log_command:Invoked command in '/home/ssfa/ros2_ws/build/turtlebot3_navigation2' returned '0': CMAKE_PREFIX_PATH=${CMAKE_PREFIX_PATH}:/home/ssfa/ros2_ws/install/yolov8_ros:/home/ssfa/ros2_ws/install/turtlebot3_teleop:/home/ssfa/ros2_ws/install/turtlebot3_example:/home/ssfa/ros2_ws/install/shape_detector:/home/ssfa/ros2_ws/install/services_pkg:/home/ssfa/ros2_ws/install/cv_basics:/home/ssfa/ros2_ws/install/color_shape_detector:/opt/ros/humble /usr/bin/cmake --install /home/ssfa/ros2_ws/build/turtlebot3_navigation2
[2.449s] Level 1:colcon.colcon_core.shell:create_environment_hook('turtlebot3_navigation2', 'cmake_prefix_path')
[2.449s] INFO:colcon.colcon_core.shell:Creating environment hook '/home/ssfa/ros2_ws/install/turtlebot3_navigation2/share/turtlebot3_navigation2/hook/cmake_prefix_path.ps1'
[2.450s] INFO:colcon.colcon_core.shell:Creating environment descriptor '/home/ssfa/ros2_ws/install/turtlebot3_navigation2/share/turtlebot3_navigation2/hook/cmake_prefix_path.dsv'
[2.451s] INFO:colcon.colcon_core.shell:Creating environment hook '/home/ssfa/ros2_ws/install/turtlebot3_navigation2/share/turtlebot3_navigation2/hook/cmake_prefix_path.sh'
[2.453s] Level 1:colcon.colcon_core.environment:checking '/home/ssfa/ros2_ws/install/turtlebot3_navigation2/bin'
[2.453s] Level 1:colcon.colcon_core.environment:checking '/home/ssfa/ros2_ws/install/turtlebot3_navigation2/lib/pkgconfig/turtlebot3_navigation2.pc'
[2.453s] Level 1:colcon.colcon_core.environment:checking '/home/ssfa/ros2_ws/install/turtlebot3_navigation2/lib/python3.10/site-packages'
[2.454s] Level 1:colcon.colcon_core.environment:checking '/home/ssfa/ros2_ws/install/turtlebot3_navigation2/bin'
[2.455s] INFO:colcon.colcon_core.shell:Creating package script '/home/ssfa/ros2_ws/install/turtlebot3_navigation2/share/turtlebot3_navigation2/package.ps1'
[2.460s] INFO:colcon.colcon_core.shell:Creating package descriptor '/home/ssfa/ros2_ws/install/turtlebot3_navigation2/share/turtlebot3_navigation2/package.dsv'
[2.462s] INFO:colcon.colcon_core.shell:Creating package script '/home/ssfa/ros2_ws/install/turtlebot3_navigation2/share/turtlebot3_navigation2/package.sh'
[2.464s] INFO:colcon.colcon_core.shell:Creating package script '/home/ssfa/ros2_ws/install/turtlebot3_navigation2/share/turtlebot3_navigation2/package.bash'
[2.465s] INFO:colcon.colcon_core.shell:Creating package script '/home/ssfa/ros2_ws/install/turtlebot3_navigation2/share/turtlebot3_navigation2/package.zsh'
[2.466s] Level 1:colcon.colcon_core.environment:create_file_with_runtime_dependencies(/home/ssfa/ros2_ws/install/turtlebot3_navigation2/share/colcon-core/packages/turtlebot3_navigation2)
[2.489s] DEBUG:colcon.colcon_core.event_handler.log_command:Invoking command in '/home/ssfa/ros2_ws/build/dynamixel_sdk': CMAKE_PREFIX_PATH=${CMAKE_PREFIX_PATH}:/home/ssfa/ros2_ws/install/yolov8_ros:/home/ssfa/ros2_ws/install/turtlebot3_teleop:/home/ssfa/ros2_ws/install/turtlebot3_example:/home/ssfa/ros2_ws/install/shape_detector:/home/ssfa/ros2_ws/install/services_pkg:/home/ssfa/ros2_ws/install/cv_basics:/home/ssfa/ros2_ws/install/color_shape_detector:/opt/ros/humble /usr/bin/cmake --install /home/ssfa/ros2_ws/build/dynamixel_sdk
[2.496s] Level 1:colcon.colcon_core.environment:create_environment_scripts_only(turtlebot3_cartographer)
[2.497s] Level 1:colcon.colcon_core.environment:checking '/home/ssfa/ros2_ws/install/turtlebot3_cartographer' for CMake module files
[2.498s] Level 1:colcon.colcon_core.environment:checking '/home/ssfa/ros2_ws/install/turtlebot3_cartographer' for CMake config files
[2.499s] Level 1:colcon.colcon_core.shell:create_environment_hook('turtlebot3_cartographer', 'cmake_prefix_path')
[2.499s] INFO:colcon.colcon_core.shell:Creating environment hook '/home/ssfa/ros2_ws/install/turtlebot3_cartographer/share/turtlebot3_cartographer/hook/cmake_prefix_path.ps1'
[2.500s] INFO:colcon.colcon_core.shell:Creating environment descriptor '/home/ssfa/ros2_ws/install/turtlebot3_cartographer/share/turtlebot3_cartographer/hook/cmake_prefix_path.dsv'
[2.501s] INFO:colcon.colcon_core.shell:Creating environment hook '/home/ssfa/ros2_ws/install/turtlebot3_cartographer/share/turtlebot3_cartographer/hook/cmake_prefix_path.sh'
[2.502s] Level 1:colcon.colcon_core.environment:checking '/home/ssfa/ros2_ws/install/turtlebot3_cartographer/bin'
[2.502s] Level 1:colcon.colcon_core.environment:checking '/home/ssfa/ros2_ws/install/turtlebot3_cartographer/lib/pkgconfig/turtlebot3_cartographer.pc'
[2.502s] Level 1:colcon.colcon_core.environment:checking '/home/ssfa/ros2_ws/install/turtlebot3_cartographer/lib/python3.10/site-packages'
[2.503s] Level 1:colcon.colcon_core.environment:checking '/home/ssfa/ros2_ws/install/turtlebot3_cartographer/bin'
[2.504s] INFO:colcon.colcon_core.shell:Creating package script '/home/ssfa/ros2_ws/install/turtlebot3_cartographer/share/turtlebot3_cartographer/package.ps1'
[2.508s] INFO:colcon.colcon_core.shell:Creating package descriptor '/home/ssfa/ros2_ws/install/turtlebot3_cartographer/share/turtlebot3_cartographer/package.dsv'
[2.513s] INFO:colcon.colcon_core.shell:Creating package script '/home/ssfa/ros2_ws/install/turtlebot3_cartographer/share/turtlebot3_cartographer/package.sh'
[2.515s] INFO:colcon.colcon_core.shell:Creating package script '/home/ssfa/ros2_ws/install/turtlebot3_cartographer/share/turtlebot3_cartographer/package.bash'
[2.516s] INFO:colcon.colcon_core.shell:Creating package script '/home/ssfa/ros2_ws/install/turtlebot3_cartographer/share/turtlebot3_cartographer/package.zsh'
[2.518s] Level 1:colcon.colcon_core.environment:create_file_with_runtime_dependencies(/home/ssfa/ros2_ws/install/turtlebot3_cartographer/share/colcon-core/packages/turtlebot3_cartographer)
[2.521s] Level 1:colcon.colcon_core.environment:create_environment_scripts_only(turtlebot3_navigation2)
[2.522s] Level 1:colcon.colcon_core.environment:checking '/home/ssfa/ros2_ws/install/turtlebot3_navigation2' for CMake module files
[2.527s] Level 1:colcon.colcon_core.environment:checking '/home/ssfa/ros2_ws/install/turtlebot3_navigation2' for CMake config files
[2.528s] Level 1:colcon.colcon_core.shell:create_environment_hook('turtlebot3_navigation2', 'cmake_prefix_path')
[2.528s] INFO:colcon.colcon_core.shell:Creating environment hook '/home/ssfa/ros2_ws/install/turtlebot3_navigation2/share/turtlebot3_navigation2/hook/cmake_prefix_path.ps1'
[2.530s] INFO:colcon.colcon_core.shell:Creating environment descriptor '/home/ssfa/ros2_ws/install/turtlebot3_navigation2/share/turtlebot3_navigation2/hook/cmake_prefix_path.dsv'
[2.531s] INFO:colcon.colcon_core.shell:Creating environment hook '/home/ssfa/ros2_ws/install/turtlebot3_navigation2/share/turtlebot3_navigation2/hook/cmake_prefix_path.sh'
[2.534s] Level 1:colcon.colcon_core.environment:checking '/home/ssfa/ros2_ws/install/turtlebot3_navigation2/bin'
[2.537s] Level 1:colcon.colcon_core.environment:checking '/home/ssfa/ros2_ws/install/turtlebot3_navigation2/lib/pkgconfig/turtlebot3_navigation2.pc'
[2.537s] Level 1:colcon.colcon_core.environment:checking '/home/ssfa/ros2_ws/install/turtlebot3_navigation2/lib/python3.10/site-packages'
[2.537s] Level 1:colcon.colcon_core.environment:checking '/home/ssfa/ros2_ws/install/turtlebot3_navigation2/bin'
[2.538s] INFO:colcon.colcon_core.shell:Creating package script '/home/ssfa/ros2_ws/install/turtlebot3_navigation2/share/turtlebot3_navigation2/package.ps1'
[2.539s] INFO:colcon.colcon_core.shell:Creating package descriptor '/home/ssfa/ros2_ws/install/turtlebot3_navigation2/share/turtlebot3_navigation2/package.dsv'
[2.540s] INFO:colcon.colcon_core.shell:Creating package script '/home/ssfa/ros2_ws/install/turtlebot3_navigation2/share/turtlebot3_navigation2/package.sh'
[2.541s] INFO:colcon.colcon_core.shell:Creating package script '/home/ssfa/ros2_ws/install/turtlebot3_navigation2/share/turtlebot3_navigation2/package.bash'
[2.542s] INFO:colcon.colcon_core.shell:Creating package script '/home/ssfa/ros2_ws/install/turtlebot3_navigation2/share/turtlebot3_navigation2/package.zsh'
[2.542s] Level 1:colcon.colcon_core.environment:create_file_with_runtime_dependencies(/home/ssfa/ros2_ws/install/turtlebot3_navigation2/share/colcon-core/packages/turtlebot3_navigation2)
[2.545s] DEBUG:colcon.colcon_core.event_handler.log_command:Invoking command in '/home/ssfa/ros2_ws/build/t3_action_msg': CMAKE_PREFIX_PATH=${CMAKE_PREFIX_PATH}:/home/ssfa/ros2_ws/install/yolov8_ros:/home/ssfa/ros2_ws/install/turtlebot3_teleop:/home/ssfa/ros2_ws/install/turtlebot3_example:/home/ssfa/ros2_ws/install/shape_detector:/home/ssfa/ros2_ws/install/services_pkg:/home/ssfa/ros2_ws/install/cv_basics:/home/ssfa/ros2_ws/install/color_shape_detector:/opt/ros/humble /usr/bin/cmake --install /home/ssfa/ros2_ws/build/t3_action_msg
[2.556s] DEBUG:colcon.colcon_core.event_handler.log_command:Invoked command in '/home/ssfa/ros2_ws/build/usb_cam' returned '0': CMAKE_PREFIX_PATH=${CMAKE_PREFIX_PATH}:/home/ssfa/ros2_ws/install/yolov8_ros:/home/ssfa/ros2_ws/install/turtlebot3_teleop:/home/ssfa/ros2_ws/install/turtlebot3_example:/home/ssfa/ros2_ws/install/shape_detector:/home/ssfa/ros2_ws/install/services_pkg:/home/ssfa/ros2_ws/install/cv_basics:/home/ssfa/ros2_ws/install/color_shape_detector:/opt/ros/humble /usr/bin/cmake --build /home/ssfa/ros2_ws/build/usb_cam -- -j12 -l12
[2.572s] Level 1:colcon.colcon_core.environment:create_environment_scripts_only(turtlebot3_description)
[2.578s] Level 1:colcon.colcon_core.environment:checking '/home/ssfa/ros2_ws/install/turtlebot3_description' for CMake module files
[2.589s] Level 1:colcon.colcon_core.environment:checking '/home/ssfa/ros2_ws/install/turtlebot3_description' for CMake config files
[2.590s] Level 1:colcon.colcon_core.shell:create_environment_hook('turtlebot3_description', 'cmake_prefix_path')
[2.591s] INFO:colcon.colcon_core.shell:Creating environment hook '/home/ssfa/ros2_ws/install/turtlebot3_description/share/turtlebot3_description/hook/cmake_prefix_path.ps1'
[2.593s] INFO:colcon.colcon_core.shell:Creating environment descriptor '/home/ssfa/ros2_ws/install/turtlebot3_description/share/turtlebot3_description/hook/cmake_prefix_path.dsv'
[2.594s] INFO:colcon.colcon_core.shell:Creating environment hook '/home/ssfa/ros2_ws/install/turtlebot3_description/share/turtlebot3_description/hook/cmake_prefix_path.sh'
[2.595s] Level 1:colcon.colcon_core.environment:checking '/home/ssfa/ros2_ws/install/turtlebot3_description/bin'
[2.596s] Level 1:colcon.colcon_core.environment:checking '/home/ssfa/ros2_ws/install/turtlebot3_description/lib/pkgconfig/turtlebot3_description.pc'
[2.596s] Level 1:colcon.colcon_core.environment:checking '/home/ssfa/ros2_ws/install/turtlebot3_description/lib/python3.10/site-packages'
[2.596s] Level 1:colcon.colcon_core.environment:checking '/home/ssfa/ros2_ws/install/turtlebot3_description/bin'
[2.597s] INFO:colcon.colcon_core.shell:Creating package script '/home/ssfa/ros2_ws/install/turtlebot3_description/share/turtlebot3_description/package.ps1'
[2.598s] INFO:colcon.colcon_core.shell:Creating package descriptor '/home/ssfa/ros2_ws/install/turtlebot3_description/share/turtlebot3_description/package.dsv'
[2.599s] INFO:colcon.colcon_core.shell:Creating package script '/home/ssfa/ros2_ws/install/turtlebot3_description/share/turtlebot3_description/package.sh'
[2.599s] INFO:colcon.colcon_core.shell:Creating package script '/home/ssfa/ros2_ws/install/turtlebot3_description/share/turtlebot3_description/package.bash'
[2.600s] INFO:colcon.colcon_core.shell:Creating package script '/home/ssfa/ros2_ws/install/turtlebot3_description/share/turtlebot3_description/package.zsh'
[2.601s] Level 1:colcon.colcon_core.environment:create_file_with_runtime_dependencies(/home/ssfa/ros2_ws/install/turtlebot3_description/share/colcon-core/packages/turtlebot3_description)
[2.604s] INFO:colcon.colcon_ros.task.ament_cmake.build:Building ROS package in '/home/ssfa/ros2_ws/src/t3/turtlebot3/turtlebot3/turtlebot3_bringup' with build type 'ament_cmake'
[2.605s] INFO:colcon.colcon_cmake.task.cmake.build:Building CMake package in '/home/ssfa/ros2_ws/src/t3/turtlebot3/turtlebot3/turtlebot3_bringup'
[2.618s] INFO:colcon.colcon_core.shell:Skip shell extension 'powershell' for command environment: Not usable outside of PowerShell
[2.619s] DEBUG:colcon.colcon_core.shell:Skip shell extension 'dsv' for command environment
[2.632s] INFO:colcon.colcon_ros.task.ament_cmake.build:Building ROS package in '/home/ssfa/ros2_ws/src/t3/turtlebot3_simulations/turtlebot3_gazebo' with build type 'ament_cmake'
[2.633s] INFO:colcon.colcon_cmake.task.cmake.build:Building CMake package in '/home/ssfa/ros2_ws/src/t3/turtlebot3_simulations/turtlebot3_gazebo'
[2.633s] INFO:colcon.colcon_core.shell:Skip shell extension 'powershell' for command environment: Not usable outside of PowerShell
[2.633s] DEBUG:colcon.colcon_core.shell:Skip shell extension 'dsv' for command environment
[2.646s] Level 1:colcon.colcon_core.environment:create_environment_scripts_only(dynamixel_sdk)
[2.647s] Level 1:colcon.colcon_core.environment:checking '/home/ssfa/ros2_ws/install/dynamixel_sdk' for CMake module files
[2.649s] DEBUG:colcon.colcon_core.event_handler.log_command:Invoked command in '/home/ssfa/ros2_ws/build/dynamixel_sdk' returned '0': CMAKE_PREFIX_PATH=${CMAKE_PREFIX_PATH}:/home/ssfa/ros2_ws/install/yolov8_ros:/home/ssfa/ros2_ws/install/turtlebot3_teleop:/home/ssfa/ros2_ws/install/turtlebot3_example:/home/ssfa/ros2_ws/install/shape_detector:/home/ssfa/ros2_ws/install/services_pkg:/home/ssfa/ros2_ws/install/cv_basics:/home/ssfa/ros2_ws/install/color_shape_detector:/opt/ros/humble /usr/bin/cmake --install /home/ssfa/ros2_ws/build/dynamixel_sdk
[2.650s] Level 1:colcon.colcon_core.environment:checking '/home/ssfa/ros2_ws/install/dynamixel_sdk' for CMake config files
[2.650s] Level 1:colcon.colcon_core.shell:create_environment_hook('dynamixel_sdk', 'cmake_prefix_path')
[2.651s] INFO:colcon.colcon_core.shell:Creating environment hook '/home/ssfa/ros2_ws/install/dynamixel_sdk/share/dynamixel_sdk/hook/cmake_prefix_path.ps1'
[2.652s] INFO:colcon.colcon_core.shell:Creating environment descriptor '/home/ssfa/ros2_ws/install/dynamixel_sdk/share/dynamixel_sdk/hook/cmake_prefix_path.dsv'
[2.653s] INFO:colcon.colcon_core.shell:Creating environment hook '/home/ssfa/ros2_ws/install/dynamixel_sdk/share/dynamixel_sdk/hook/cmake_prefix_path.sh'
[2.654s] Level 1:colcon.colcon_core.environment:checking '/home/ssfa/ros2_ws/install/dynamixel_sdk/lib'
[2.655s] Level 1:colcon.colcon_core.shell:create_environment_hook('dynamixel_sdk', 'ld_library_path_lib')
[2.655s] INFO:colcon.colcon_core.shell:Creating environment hook '/home/ssfa/ros2_ws/install/dynamixel_sdk/share/dynamixel_sdk/hook/ld_library_path_lib.ps1'
[2.656s] INFO:colcon.colcon_core.shell:Creating environment descriptor '/home/ssfa/ros2_ws/install/dynamixel_sdk/share/dynamixel_sdk/hook/ld_library_path_lib.dsv'
[2.658s] INFO:colcon.colcon_core.shell:Creating environment hook '/home/ssfa/ros2_ws/install/dynamixel_sdk/share/dynamixel_sdk/hook/ld_library_path_lib.sh'
[2.659s] Level 1:colcon.colcon_core.environment:checking '/home/ssfa/ros2_ws/install/dynamixel_sdk/bin'
[2.659s] Level 1:colcon.colcon_core.environment:checking '/home/ssfa/ros2_ws/install/dynamixel_sdk/lib/pkgconfig/dynamixel_sdk.pc'
[2.660s] Level 1:colcon.colcon_core.environment:checking '/home/ssfa/ros2_ws/install/dynamixel_sdk/lib/python3.10/site-packages'
[2.661s] Level 1:colcon.colcon_core.environment:checking '/home/ssfa/ros2_ws/install/dynamixel_sdk/bin'
[2.662s] INFO:colcon.colcon_core.shell:Creating package script '/home/ssfa/ros2_ws/install/dynamixel_sdk/share/dynamixel_sdk/package.ps1'
[2.663s] INFO:colcon.colcon_core.shell:Creating package descriptor '/home/ssfa/ros2_ws/install/dynamixel_sdk/share/dynamixel_sdk/package.dsv'
[2.664s] INFO:colcon.colcon_core.shell:Creating package script '/home/ssfa/ros2_ws/install/dynamixel_sdk/share/dynamixel_sdk/package.sh'
[2.667s] INFO:colcon.colcon_core.shell:Creating package script '/home/ssfa/ros2_ws/install/dynamixel_sdk/share/dynamixel_sdk/package.bash'
[2.668s] INFO:colcon.colcon_core.shell:Creating package script '/home/ssfa/ros2_ws/install/dynamixel_sdk/share/dynamixel_sdk/package.zsh'
[2.669s] Level 1:colcon.colcon_core.environment:create_file_with_runtime_dependencies(/home/ssfa/ros2_ws/install/dynamixel_sdk/share/colcon-core/packages/dynamixel_sdk)
[2.681s] DEBUG:colcon.colcon_core.event_handler.log_command:Invoking command in '/home/ssfa/ros2_ws/build/usb_cam': CMAKE_PREFIX_PATH=${CMAKE_PREFIX_PATH}:/home/ssfa/ros2_ws/install/yolov8_ros:/home/ssfa/ros2_ws/install/turtlebot3_teleop:/home/ssfa/ros2_ws/install/turtlebot3_example:/home/ssfa/ros2_ws/install/shape_detector:/home/ssfa/ros2_ws/install/services_pkg:/home/ssfa/ros2_ws/install/cv_basics:/home/ssfa/ros2_ws/install/color_shape_detector:/opt/ros/humble /usr/bin/cmake --install /home/ssfa/ros2_ws/build/usb_cam
[2.698s] DEBUG:colcon.colcon_core.event_handler.log_command:Invoking command in '/home/ssfa/ros2_ws/build/turtlebot3_bringup': CMAKE_PREFIX_PATH=/home/ssfa/ros2_ws/install/turtlebot3_description:/home/ssfa/ros2_ws/install/yolov8_bringup:/home/ssfa/ros2_ws/install/yolov8_msgs:/home/ssfa/ros2_ws/install/usb_cam:/home/ssfa/ros2_ws/install/turtlebot3:/home/ssfa/ros2_ws/install/turtlebot3_simulations:/home/ssfa/ros2_ws/install/turtlebot3_navigation2:/home/ssfa/ros2_ws/install/turtlebot3_msgs:/home/ssfa/ros2_ws/install/turtlebot3_gazebo:/home/ssfa/ros2_ws/install/turtlebot3_bringup:/home/ssfa/ros2_ws/install/turtlebot3_cartographer:/home/ssfa/ros2_ws/install/turtlebot3_as:/home/ssfa/ros2_ws/install/t3_action_msg:/home/ssfa/ros2_ws/install/dynamixel_sdk:/home/ssfa/ros2_ws/install/yolov8_ros:/home/ssfa/ros2_ws/install/turtlebot3_teleop:/home/ssfa/ros2_ws/install/turtlebot3_example:/home/ssfa/ros2_ws/install/shape_detector:/home/ssfa/ros2_ws/install/services_pkg:/home/ssfa/ros2_ws/install/cv_basics:/home/ssfa/ros2_ws/install/color_shape_detector:/opt/ros/humble /usr/bin/cmake --build /home/ssfa/ros2_ws/build/turtlebot3_bringup -- -j12 -l12
[2.713s] DEBUG:colcon.colcon_core.event_handler.log_command:Invoking command in '/home/ssfa/ros2_ws/build/turtlebot3_gazebo': CMAKE_PREFIX_PATH=/home/ssfa/ros2_ws/install/turtlebot3_description:/home/ssfa/ros2_ws/install/yolov8_bringup:/home/ssfa/ros2_ws/install/yolov8_msgs:/home/ssfa/ros2_ws/install/usb_cam:/home/ssfa/ros2_ws/install/turtlebot3:/home/ssfa/ros2_ws/install/turtlebot3_simulations:/home/ssfa/ros2_ws/install/turtlebot3_navigation2:/home/ssfa/ros2_ws/install/turtlebot3_msgs:/home/ssfa/ros2_ws/install/turtlebot3_gazebo:/home/ssfa/ros2_ws/install/turtlebot3_bringup:/home/ssfa/ros2_ws/install/turtlebot3_cartographer:/home/ssfa/ros2_ws/install/turtlebot3_as:/home/ssfa/ros2_ws/install/t3_action_msg:/home/ssfa/ros2_ws/install/dynamixel_sdk:/home/ssfa/ros2_ws/install/yolov8_ros:/home/ssfa/ros2_ws/install/turtlebot3_teleop:/home/ssfa/ros2_ws/install/turtlebot3_example:/home/ssfa/ros2_ws/install/shape_detector:/home/ssfa/ros2_ws/install/services_pkg:/home/ssfa/ros2_ws/install/cv_basics:/home/ssfa/ros2_ws/install/color_shape_detector:/opt/ros/humble /usr/bin/cmake --build /home/ssfa/ros2_ws/build/turtlebot3_gazebo -- -j12 -l12
[2.722s] Level 1:colcon.colcon_core.environment:create_environment_scripts_only(t3_action_msg)
[2.722s] Level 1:colcon.colcon_core.environment:checking '/home/ssfa/ros2_ws/install/t3_action_msg' for CMake module files
[2.723s] Level 1:colcon.colcon_core.environment:checking '/home/ssfa/ros2_ws/install/t3_action_msg' for CMake config files
[2.724s] Level 1:colcon.colcon_core.shell:create_environment_hook('t3_action_msg', 'cmake_prefix_path')
[2.724s] INFO:colcon.colcon_core.shell:Creating environment hook '/home/ssfa/ros2_ws/install/t3_action_msg/share/t3_action_msg/hook/cmake_prefix_path.ps1'
[2.725s] INFO:colcon.colcon_core.shell:Creating environment descriptor '/home/ssfa/ros2_ws/install/t3_action_msg/share/t3_action_msg/hook/cmake_prefix_path.dsv'
[2.726s] INFO:colcon.colcon_core.shell:Creating environment hook '/home/ssfa/ros2_ws/install/t3_action_msg/share/t3_action_msg/hook/cmake_prefix_path.sh'
[2.726s] Level 1:colcon.colcon_core.environment:checking '/home/ssfa/ros2_ws/install/t3_action_msg/lib'
[2.727s] Level 1:colcon.colcon_core.shell:create_environment_hook('t3_action_msg', 'ld_library_path_lib')
[2.727s] INFO:colcon.colcon_core.shell:Creating environment hook '/home/ssfa/ros2_ws/install/t3_action_msg/share/t3_action_msg/hook/ld_library_path_lib.ps1'
[2.729s] DEBUG:colcon.colcon_core.event_handler.log_command:Invoked command in '/home/ssfa/ros2_ws/build/t3_action_msg' returned '0': CMAKE_PREFIX_PATH=${CMAKE_PREFIX_PATH}:/home/ssfa/ros2_ws/install/yolov8_ros:/home/ssfa/ros2_ws/install/turtlebot3_teleop:/home/ssfa/ros2_ws/install/turtlebot3_example:/home/ssfa/ros2_ws/install/shape_detector:/home/ssfa/ros2_ws/install/services_pkg:/home/ssfa/ros2_ws/install/cv_basics:/home/ssfa/ros2_ws/install/color_shape_detector:/opt/ros/humble /usr/bin/cmake --install /home/ssfa/ros2_ws/build/t3_action_msg
[2.729s] INFO:colcon.colcon_core.shell:Creating environment descriptor '/home/ssfa/ros2_ws/install/t3_action_msg/share/t3_action_msg/hook/ld_library_path_lib.dsv'
[2.730s] INFO:colcon.colcon_core.shell:Creating environment hook '/home/ssfa/ros2_ws/install/t3_action_msg/share/t3_action_msg/hook/ld_library_path_lib.sh'
[2.731s] Level 1:colcon.colcon_core.environment:checking '/home/ssfa/ros2_ws/install/t3_action_msg/bin'
[2.731s] Level 1:colcon.colcon_core.environment:checking '/home/ssfa/ros2_ws/install/t3_action_msg/lib/pkgconfig/t3_action_msg.pc'
[2.732s] Level 1:colcon.colcon_core.environment:checking '/home/ssfa/ros2_ws/install/t3_action_msg/lib/python3.10/site-packages'
[2.732s] Level 1:colcon.colcon_core.environment:checking '/home/ssfa/ros2_ws/install/t3_action_msg/bin'
[2.733s] INFO:colcon.colcon_core.shell:Creating package script '/home/ssfa/ros2_ws/install/t3_action_msg/share/t3_action_msg/package.ps1'
[2.734s] INFO:colcon.colcon_core.shell:Creating package descriptor '/home/ssfa/ros2_ws/install/t3_action_msg/share/t3_action_msg/package.dsv'
[2.735s] INFO:colcon.colcon_core.shell:Creating package script '/home/ssfa/ros2_ws/install/t3_action_msg/share/t3_action_msg/package.sh'
[2.738s] INFO:colcon.colcon_core.shell:Creating package script '/home/ssfa/ros2_ws/install/t3_action_msg/share/t3_action_msg/package.bash'
[2.739s] INFO:colcon.colcon_core.shell:Creating package script '/home/ssfa/ros2_ws/install/t3_action_msg/share/t3_action_msg/package.zsh'
[2.739s] Level 1:colcon.colcon_core.environment:create_file_with_runtime_dependencies(/home/ssfa/ros2_ws/install/t3_action_msg/share/colcon-core/packages/t3_action_msg)
[2.746s] Level 1:colcon.colcon_core.environment:create_environment_scripts_only(usb_cam)
[2.747s] Level 1:colcon.colcon_core.environment:checking '/home/ssfa/ros2_ws/install/usb_cam' for CMake module files
[2.747s] Level 1:colcon.colcon_core.environment:checking '/home/ssfa/ros2_ws/install/usb_cam' for CMake config files
[2.748s] Level 1:colcon.colcon_core.shell:create_environment_hook('usb_cam', 'cmake_prefix_path')
[2.749s] INFO:colcon.colcon_core.shell:Creating environment hook '/home/ssfa/ros2_ws/install/usb_cam/share/usb_cam/hook/cmake_prefix_path.ps1'
[2.749s] INFO:colcon.colcon_core.shell:Creating environment descriptor '/home/ssfa/ros2_ws/install/usb_cam/share/usb_cam/hook/cmake_prefix_path.dsv'
[2.750s] DEBUG:colcon.colcon_core.event_handler.log_command:Invoked command in '/home/ssfa/ros2_ws/build/usb_cam' returned '0': CMAKE_PREFIX_PATH=${CMAKE_PREFIX_PATH}:/home/ssfa/ros2_ws/install/yolov8_ros:/home/ssfa/ros2_ws/install/turtlebot3_teleop:/home/ssfa/ros2_ws/install/turtlebot3_example:/home/ssfa/ros2_ws/install/shape_detector:/home/ssfa/ros2_ws/install/services_pkg:/home/ssfa/ros2_ws/install/cv_basics:/home/ssfa/ros2_ws/install/color_shape_detector:/opt/ros/humble /usr/bin/cmake --install /home/ssfa/ros2_ws/build/usb_cam
[2.751s] INFO:colcon.colcon_core.shell:Creating environment hook '/home/ssfa/ros2_ws/install/usb_cam/share/usb_cam/hook/cmake_prefix_path.sh'
[2.752s] Level 1:colcon.colcon_core.environment:checking '/home/ssfa/ros2_ws/install/usb_cam/lib'
[2.753s] Level 1:colcon.colcon_core.shell:create_environment_hook('usb_cam', 'ld_library_path_lib')
[2.753s] INFO:colcon.colcon_core.shell:Creating environment hook '/home/ssfa/ros2_ws/install/usb_cam/share/usb_cam/hook/ld_library_path_lib.ps1'
[2.754s] INFO:colcon.colcon_core.shell:Creating environment descriptor '/home/ssfa/ros2_ws/install/usb_cam/share/usb_cam/hook/ld_library_path_lib.dsv'
[2.755s] INFO:colcon.colcon_core.shell:Creating environment hook '/home/ssfa/ros2_ws/install/usb_cam/share/usb_cam/hook/ld_library_path_lib.sh'
[2.755s] Level 1:colcon.colcon_core.environment:checking '/home/ssfa/ros2_ws/install/usb_cam/bin'
[2.756s] Level 1:colcon.colcon_core.environment:checking '/home/ssfa/ros2_ws/install/usb_cam/lib/pkgconfig/usb_cam.pc'
[2.756s] Level 1:colcon.colcon_core.environment:checking '/home/ssfa/ros2_ws/install/usb_cam/lib/python3.10/site-packages'
[2.756s] Level 1:colcon.colcon_core.environment:checking '/home/ssfa/ros2_ws/install/usb_cam/bin'
[2.757s] INFO:colcon.colcon_core.shell:Creating package script '/home/ssfa/ros2_ws/install/usb_cam/share/usb_cam/package.ps1'
[2.759s] INFO:colcon.colcon_core.shell:Creating package descriptor '/home/ssfa/ros2_ws/install/usb_cam/share/usb_cam/package.dsv'
[2.760s] INFO:colcon.colcon_core.shell:Creating package script '/home/ssfa/ros2_ws/install/usb_cam/share/usb_cam/package.sh'
[2.761s] INFO:colcon.colcon_core.shell:Creating package script '/home/ssfa/ros2_ws/install/usb_cam/share/usb_cam/package.bash'
[2.762s] INFO:colcon.colcon_core.shell:Creating package script '/home/ssfa/ros2_ws/install/usb_cam/share/usb_cam/package.zsh'
[2.764s] Level 1:colcon.colcon_core.environment:create_file_with_runtime_dependencies(/home/ssfa/ros2_ws/install/usb_cam/share/colcon-core/packages/usb_cam)
[2.772s] DEBUG:colcon.colcon_core.event_handler.log_command:Invoking command in '/home/ssfa/ros2_ws/build/turtlebot3_msgs': CMAKE_PREFIX_PATH=${CMAKE_PREFIX_PATH}:/home/ssfa/ros2_ws/install/yolov8_ros:/home/ssfa/ros2_ws/install/turtlebot3_teleop:/home/ssfa/ros2_ws/install/turtlebot3_example:/home/ssfa/ros2_ws/install/shape_detector:/home/ssfa/ros2_ws/install/services_pkg:/home/ssfa/ros2_ws/install/cv_basics:/home/ssfa/ros2_ws/install/color_shape_detector:/opt/ros/humble /usr/bin/cmake --install /home/ssfa/ros2_ws/build/turtlebot3_msgs
[2.779s] DEBUG:colcon.colcon_core.event_handler.log_command:Invoked command in '/home/ssfa/ros2_ws/build/turtlebot3_bringup' returned '0': CMAKE_PREFIX_PATH=/home/ssfa/ros2_ws/install/turtlebot3_description:/home/ssfa/ros2_ws/install/yolov8_bringup:/home/ssfa/ros2_ws/install/yolov8_msgs:/home/ssfa/ros2_ws/install/usb_cam:/home/ssfa/ros2_ws/install/turtlebot3:/home/ssfa/ros2_ws/install/turtlebot3_simulations:/home/ssfa/ros2_ws/install/turtlebot3_navigation2:/home/ssfa/ros2_ws/install/turtlebot3_msgs:/home/ssfa/ros2_ws/install/turtlebot3_gazebo:/home/ssfa/ros2_ws/install/turtlebot3_bringup:/home/ssfa/ros2_ws/install/turtlebot3_cartographer:/home/ssfa/ros2_ws/install/turtlebot3_as:/home/ssfa/ros2_ws/install/t3_action_msg:/home/ssfa/ros2_ws/install/dynamixel_sdk:/home/ssfa/ros2_ws/install/yolov8_ros:/home/ssfa/ros2_ws/install/turtlebot3_teleop:/home/ssfa/ros2_ws/install/turtlebot3_example:/home/ssfa/ros2_ws/install/shape_detector:/home/ssfa/ros2_ws/install/services_pkg:/home/ssfa/ros2_ws/install/cv_basics:/home/ssfa/ros2_ws/install/color_shape_detector:/opt/ros/humble /usr/bin/cmake --build /home/ssfa/ros2_ws/build/turtlebot3_bringup -- -j12 -l12
[2.785s] DEBUG:colcon.colcon_core.event_handler.log_command:Invoked command in '/home/ssfa/ros2_ws/build/turtlebot3_gazebo' returned '0': CMAKE_PREFIX_PATH=/home/ssfa/ros2_ws/install/turtlebot3_description:/home/ssfa/ros2_ws/install/yolov8_bringup:/home/ssfa/ros2_ws/install/yolov8_msgs:/home/ssfa/ros2_ws/install/usb_cam:/home/ssfa/ros2_ws/install/turtlebot3:/home/ssfa/ros2_ws/install/turtlebot3_simulations:/home/ssfa/ros2_ws/install/turtlebot3_navigation2:/home/ssfa/ros2_ws/install/turtlebot3_msgs:/home/ssfa/ros2_ws/install/turtlebot3_gazebo:/home/ssfa/ros2_ws/install/turtlebot3_bringup:/home/ssfa/ros2_ws/install/turtlebot3_cartographer:/home/ssfa/ros2_ws/install/turtlebot3_as:/home/ssfa/ros2_ws/install/t3_action_msg:/home/ssfa/ros2_ws/install/dynamixel_sdk:/home/ssfa/ros2_ws/install/yolov8_ros:/home/ssfa/ros2_ws/install/turtlebot3_teleop:/home/ssfa/ros2_ws/install/turtlebot3_example:/home/ssfa/ros2_ws/install/shape_detector:/home/ssfa/ros2_ws/install/services_pkg:/home/ssfa/ros2_ws/install/cv_basics:/home/ssfa/ros2_ws/install/color_shape_detector:/opt/ros/humble /usr/bin/cmake --build /home/ssfa/ros2_ws/build/turtlebot3_gazebo -- -j12 -l12
[2.799s] Level 1:colcon.colcon_core.environment:create_environment_scripts_only(dynamixel_sdk)
[2.799s] Level 1:colcon.colcon_core.environment:checking '/home/ssfa/ros2_ws/install/dynamixel_sdk' for CMake module files
[2.800s] Level 1:colcon.colcon_core.environment:checking '/home/ssfa/ros2_ws/install/dynamixel_sdk' for CMake config files
[2.801s] Level 1:colcon.colcon_core.shell:create_environment_hook('dynamixel_sdk', 'cmake_prefix_path')
[2.801s] INFO:colcon.colcon_core.shell:Creating environment hook '/home/ssfa/ros2_ws/install/dynamixel_sdk/share/dynamixel_sdk/hook/cmake_prefix_path.ps1'
[2.802s] INFO:colcon.colcon_core.shell:Creating environment descriptor '/home/ssfa/ros2_ws/install/dynamixel_sdk/share/dynamixel_sdk/hook/cmake_prefix_path.dsv'
[2.802s] INFO:colcon.colcon_core.shell:Creating environment hook '/home/ssfa/ros2_ws/install/dynamixel_sdk/share/dynamixel_sdk/hook/cmake_prefix_path.sh'
[2.803s] Level 1:colcon.colcon_core.environment:checking '/home/ssfa/ros2_ws/install/dynamixel_sdk/lib'
[2.803s] Level 1:colcon.colcon_core.shell:create_environment_hook('dynamixel_sdk', 'ld_library_path_lib')
[2.804s] INFO:colcon.colcon_core.shell:Creating environment hook '/home/ssfa/ros2_ws/install/dynamixel_sdk/share/dynamixel_sdk/hook/ld_library_path_lib.ps1'
[2.806s] INFO:colcon.colcon_core.shell:Creating environment descriptor '/home/ssfa/ros2_ws/install/dynamixel_sdk/share/dynamixel_sdk/hook/ld_library_path_lib.dsv'
[2.807s] INFO:colcon.colcon_core.shell:Creating environment hook '/home/ssfa/ros2_ws/install/dynamixel_sdk/share/dynamixel_sdk/hook/ld_library_path_lib.sh'
[2.808s] Level 1:colcon.colcon_core.environment:checking '/home/ssfa/ros2_ws/install/dynamixel_sdk/bin'
[2.808s] Level 1:colcon.colcon_core.environment:checking '/home/ssfa/ros2_ws/install/dynamixel_sdk/lib/pkgconfig/dynamixel_sdk.pc'
[2.808s] Level 1:colcon.colcon_core.environment:checking '/home/ssfa/ros2_ws/install/dynamixel_sdk/lib/python3.10/site-packages'
[2.809s] Level 1:colcon.colcon_core.environment:checking '/home/ssfa/ros2_ws/install/dynamixel_sdk/bin'
[2.809s] INFO:colcon.colcon_core.shell:Creating package script '/home/ssfa/ros2_ws/install/dynamixel_sdk/share/dynamixel_sdk/package.ps1'
[2.810s] INFO:colcon.colcon_core.shell:Creating package descriptor '/home/ssfa/ros2_ws/install/dynamixel_sdk/share/dynamixel_sdk/package.dsv'
[2.811s] INFO:colcon.colcon_core.shell:Creating package script '/home/ssfa/ros2_ws/install/dynamixel_sdk/share/dynamixel_sdk/package.sh'
[2.812s] INFO:colcon.colcon_core.shell:Creating package script '/home/ssfa/ros2_ws/install/dynamixel_sdk/share/dynamixel_sdk/package.bash'
[2.812s] INFO:colcon.colcon_core.shell:Creating package script '/home/ssfa/ros2_ws/install/dynamixel_sdk/share/dynamixel_sdk/package.zsh'
[2.813s] Level 1:colcon.colcon_core.environment:create_file_with_runtime_dependencies(/home/ssfa/ros2_ws/install/dynamixel_sdk/share/colcon-core/packages/dynamixel_sdk)
[2.842s] DEBUG:colcon.colcon_core.event_handler.log_command:Invoking command in '/home/ssfa/ros2_ws/build/turtlebot3_gazebo': CMAKE_PREFIX_PATH=/home/ssfa/ros2_ws/install/turtlebot3_description:/home/ssfa/ros2_ws/install/yolov8_bringup:/home/ssfa/ros2_ws/install/yolov8_msgs:/home/ssfa/ros2_ws/install/usb_cam:/home/ssfa/ros2_ws/install/turtlebot3:/home/ssfa/ros2_ws/install/turtlebot3_simulations:/home/ssfa/ros2_ws/install/turtlebot3_navigation2:/home/ssfa/ros2_ws/install/turtlebot3_msgs:/home/ssfa/ros2_ws/install/turtlebot3_gazebo:/home/ssfa/ros2_ws/install/turtlebot3_bringup:/home/ssfa/ros2_ws/install/turtlebot3_cartographer:/home/ssfa/ros2_ws/install/turtlebot3_as:/home/ssfa/ros2_ws/install/t3_action_msg:/home/ssfa/ros2_ws/install/dynamixel_sdk:/home/ssfa/ros2_ws/install/yolov8_ros:/home/ssfa/ros2_ws/install/turtlebot3_teleop:/home/ssfa/ros2_ws/install/turtlebot3_example:/home/ssfa/ros2_ws/install/shape_detector:/home/ssfa/ros2_ws/install/services_pkg:/home/ssfa/ros2_ws/install/cv_basics:/home/ssfa/ros2_ws/install/color_shape_detector:/opt/ros/humble /usr/bin/cmake --install /home/ssfa/ros2_ws/build/turtlebot3_gazebo
[2.847s] DEBUG:colcon.colcon_core.event_handler.log_command:Invoking command in '/home/ssfa/ros2_ws/build/turtlebot3_bringup': CMAKE_PREFIX_PATH=/home/ssfa/ros2_ws/install/turtlebot3_description:/home/ssfa/ros2_ws/install/yolov8_bringup:/home/ssfa/ros2_ws/install/yolov8_msgs:/home/ssfa/ros2_ws/install/usb_cam:/home/ssfa/ros2_ws/install/turtlebot3:/home/ssfa/ros2_ws/install/turtlebot3_simulations:/home/ssfa/ros2_ws/install/turtlebot3_navigation2:/home/ssfa/ros2_ws/install/turtlebot3_msgs:/home/ssfa/ros2_ws/install/turtlebot3_gazebo:/home/ssfa/ros2_ws/install/turtlebot3_bringup:/home/ssfa/ros2_ws/install/turtlebot3_cartographer:/home/ssfa/ros2_ws/install/turtlebot3_as:/home/ssfa/ros2_ws/install/t3_action_msg:/home/ssfa/ros2_ws/install/dynamixel_sdk:/home/ssfa/ros2_ws/install/yolov8_ros:/home/ssfa/ros2_ws/install/turtlebot3_teleop:/home/ssfa/ros2_ws/install/turtlebot3_example:/home/ssfa/ros2_ws/install/shape_detector:/home/ssfa/ros2_ws/install/services_pkg:/home/ssfa/ros2_ws/install/cv_basics:/home/ssfa/ros2_ws/install/color_shape_detector:/opt/ros/humble /usr/bin/cmake --install /home/ssfa/ros2_ws/build/turtlebot3_bringup
[2.889s] Level 1:colcon.colcon_core.environment:create_environment_scripts_only(usb_cam)
[2.890s] Level 1:colcon.colcon_core.environment:checking '/home/ssfa/ros2_ws/install/usb_cam' for CMake module files
[2.900s] Level 1:colcon.colcon_core.environment:checking '/home/ssfa/ros2_ws/install/usb_cam' for CMake config files
[2.901s] Level 1:colcon.colcon_core.shell:create_environment_hook('usb_cam', 'cmake_prefix_path')
[2.902s] INFO:colcon.colcon_core.shell:Creating environment hook '/home/ssfa/ros2_ws/install/usb_cam/share/usb_cam/hook/cmake_prefix_path.ps1'
[2.902s] INFO:colcon.colcon_core.shell:Creating environment descriptor '/home/ssfa/ros2_ws/install/usb_cam/share/usb_cam/hook/cmake_prefix_path.dsv'
[2.903s] INFO:colcon.colcon_core.shell:Creating environment hook '/home/ssfa/ros2_ws/install/usb_cam/share/usb_cam/hook/cmake_prefix_path.sh'
[2.904s] Level 1:colcon.colcon_core.environment:checking '/home/ssfa/ros2_ws/install/usb_cam/lib'
[2.904s] Level 1:colcon.colcon_core.shell:create_environment_hook('usb_cam', 'ld_library_path_lib')
[2.905s] INFO:colcon.colcon_core.shell:Creating environment hook '/home/ssfa/ros2_ws/install/usb_cam/share/usb_cam/hook/ld_library_path_lib.ps1'
[2.905s] INFO:colcon.colcon_core.shell:Creating environment descriptor '/home/ssfa/ros2_ws/install/usb_cam/share/usb_cam/hook/ld_library_path_lib.dsv'
[2.907s] INFO:colcon.colcon_core.shell:Creating environment hook '/home/ssfa/ros2_ws/install/usb_cam/share/usb_cam/hook/ld_library_path_lib.sh'
[2.910s] Level 1:colcon.colcon_core.environment:checking '/home/ssfa/ros2_ws/install/usb_cam/bin'
[2.911s] Level 1:colcon.colcon_core.environment:checking '/home/ssfa/ros2_ws/install/usb_cam/lib/pkgconfig/usb_cam.pc'
[2.912s] Level 1:colcon.colcon_core.environment:checking '/home/ssfa/ros2_ws/install/usb_cam/lib/python3.10/site-packages'
[2.912s] Level 1:colcon.colcon_core.environment:checking '/home/ssfa/ros2_ws/install/usb_cam/bin'
[2.922s] INFO:colcon.colcon_core.shell:Creating package script '/home/ssfa/ros2_ws/install/usb_cam/share/usb_cam/package.ps1'
[2.923s] INFO:colcon.colcon_core.shell:Creating package descriptor '/home/ssfa/ros2_ws/install/usb_cam/share/usb_cam/package.dsv'
[2.925s] INFO:colcon.colcon_core.shell:Creating package script '/home/ssfa/ros2_ws/install/usb_cam/share/usb_cam/package.sh'
[2.926s] INFO:colcon.colcon_core.shell:Creating package script '/home/ssfa/ros2_ws/install/usb_cam/share/usb_cam/package.bash'
[2.927s] INFO:colcon.colcon_core.shell:Creating package script '/home/ssfa/ros2_ws/install/usb_cam/share/usb_cam/package.zsh'
[2.927s] Level 1:colcon.colcon_core.environment:create_file_with_runtime_dependencies(/home/ssfa/ros2_ws/install/usb_cam/share/colcon-core/packages/usb_cam)
[2.929s] Level 1:colcon.colcon_core.environment:create_environment_scripts_only(turtlebot3_bringup)
[2.930s] Level 1:colcon.colcon_core.environment:checking '/home/ssfa/ros2_ws/install/turtlebot3_bringup' for CMake module files
[2.930s] Level 1:colcon.colcon_core.environment:checking '/home/ssfa/ros2_ws/install/turtlebot3_bringup' for CMake config files
[2.931s] Level 1:colcon.colcon_core.shell:create_environment_hook('turtlebot3_bringup', 'cmake_prefix_path')
[2.932s] INFO:colcon.colcon_core.shell:Creating environment hook '/home/ssfa/ros2_ws/install/turtlebot3_bringup/share/turtlebot3_bringup/hook/cmake_prefix_path.ps1'
[2.933s] INFO:colcon.colcon_core.shell:Creating environment descriptor '/home/ssfa/ros2_ws/install/turtlebot3_bringup/share/turtlebot3_bringup/hook/cmake_prefix_path.dsv'
[2.939s] INFO:colcon.colcon_core.shell:Creating environment hook '/home/ssfa/ros2_ws/install/turtlebot3_bringup/share/turtlebot3_bringup/hook/cmake_prefix_path.sh'
[2.940s] Level 1:colcon.colcon_core.environment:checking '/home/ssfa/ros2_ws/install/turtlebot3_bringup/bin'
[2.941s] Level 1:colcon.colcon_core.environment:checking '/home/ssfa/ros2_ws/install/turtlebot3_bringup/lib/pkgconfig/turtlebot3_bringup.pc'
[2.941s] Level 1:colcon.colcon_core.environment:checking '/home/ssfa/ros2_ws/install/turtlebot3_bringup/lib/python3.10/site-packages'
[2.942s] Level 1:colcon.colcon_core.environment:checking '/home/ssfa/ros2_ws/install/turtlebot3_bringup/bin'
[2.942s] INFO:colcon.colcon_core.shell:Creating package script '/home/ssfa/ros2_ws/install/turtlebot3_bringup/share/turtlebot3_bringup/package.ps1'
[2.943s] INFO:colcon.colcon_core.shell:Creating package descriptor '/home/ssfa/ros2_ws/install/turtlebot3_bringup/share/turtlebot3_bringup/package.dsv'
[2.944s] INFO:colcon.colcon_core.shell:Creating package script '/home/ssfa/ros2_ws/install/turtlebot3_bringup/share/turtlebot3_bringup/package.sh'
[2.945s] INFO:colcon.colcon_core.shell:Creating package script '/home/ssfa/ros2_ws/install/turtlebot3_bringup/share/turtlebot3_bringup/package.bash'
[2.945s] INFO:colcon.colcon_core.shell:Creating package script '/home/ssfa/ros2_ws/install/turtlebot3_bringup/share/turtlebot3_bringup/package.zsh'
[2.946s] Level 1:colcon.colcon_core.environment:create_file_with_runtime_dependencies(/home/ssfa/ros2_ws/install/turtlebot3_bringup/share/colcon-core/packages/turtlebot3_bringup)
[2.948s] DEBUG:colcon.colcon_core.event_handler.log_command:Invoked command in '/home/ssfa/ros2_ws/build/turtlebot3_bringup' returned '0': CMAKE_PREFIX_PATH=/home/ssfa/ros2_ws/install/turtlebot3_description:/home/ssfa/ros2_ws/install/yolov8_bringup:/home/ssfa/ros2_ws/install/yolov8_msgs:/home/ssfa/ros2_ws/install/usb_cam:/home/ssfa/ros2_ws/install/turtlebot3:/home/ssfa/ros2_ws/install/turtlebot3_simulations:/home/ssfa/ros2_ws/install/turtlebot3_navigation2:/home/ssfa/ros2_ws/install/turtlebot3_msgs:/home/ssfa/ros2_ws/install/turtlebot3_gazebo:/home/ssfa/ros2_ws/install/turtlebot3_bringup:/home/ssfa/ros2_ws/install/turtlebot3_cartographer:/home/ssfa/ros2_ws/install/turtlebot3_as:/home/ssfa/ros2_ws/install/t3_action_msg:/home/ssfa/ros2_ws/install/dynamixel_sdk:/home/ssfa/ros2_ws/install/yolov8_ros:/home/ssfa/ros2_ws/install/turtlebot3_teleop:/home/ssfa/ros2_ws/install/turtlebot3_example:/home/ssfa/ros2_ws/install/shape_detector:/home/ssfa/ros2_ws/install/services_pkg:/home/ssfa/ros2_ws/install/cv_basics:/home/ssfa/ros2_ws/install/color_shape_detector:/opt/ros/humble /usr/bin/cmake --install /home/ssfa/ros2_ws/build/turtlebot3_bringup
[2.950s] Level 1:colcon.colcon_core.environment:create_environment_scripts_only(turtlebot3_gazebo)
[2.951s] Level 1:colcon.colcon_core.environment:checking '/home/ssfa/ros2_ws/install/turtlebot3_gazebo' for CMake module files
[2.952s] Level 1:colcon.colcon_core.environment:checking '/home/ssfa/ros2_ws/install/turtlebot3_gazebo' for CMake config files
[2.956s] Level 1:colcon.colcon_core.shell:create_environment_hook('turtlebot3_gazebo', 'cmake_prefix_path')
[2.957s] INFO:colcon.colcon_core.shell:Creating environment hook '/home/ssfa/ros2_ws/install/turtlebot3_gazebo/share/turtlebot3_gazebo/hook/cmake_prefix_path.ps1'
[2.958s] INFO:colcon.colcon_core.shell:Creating environment descriptor '/home/ssfa/ros2_ws/install/turtlebot3_gazebo/share/turtlebot3_gazebo/hook/cmake_prefix_path.dsv'
[2.958s] INFO:colcon.colcon_core.shell:Creating environment hook '/home/ssfa/ros2_ws/install/turtlebot3_gazebo/share/turtlebot3_gazebo/hook/cmake_prefix_path.sh'
[2.959s] Level 1:colcon.colcon_core.environment:checking '/home/ssfa/ros2_ws/install/turtlebot3_gazebo/bin'
[2.960s] Level 1:colcon.colcon_core.environment:checking '/home/ssfa/ros2_ws/install/turtlebot3_gazebo/lib/pkgconfig/turtlebot3_gazebo.pc'
[2.960s] Level 1:colcon.colcon_core.environment:checking '/home/ssfa/ros2_ws/install/turtlebot3_gazebo/lib/python3.10/site-packages'
[2.961s] DEBUG:colcon.colcon_core.event_handler.log_command:Invoked command in '/home/ssfa/ros2_ws/build/turtlebot3_gazebo' returned '0': CMAKE_PREFIX_PATH=/home/ssfa/ros2_ws/install/turtlebot3_description:/home/ssfa/ros2_ws/install/yolov8_bringup:/home/ssfa/ros2_ws/install/yolov8_msgs:/home/ssfa/ros2_ws/install/usb_cam:/home/ssfa/ros2_ws/install/turtlebot3:/home/ssfa/ros2_ws/install/turtlebot3_simulations:/home/ssfa/ros2_ws/install/turtlebot3_navigation2:/home/ssfa/ros2_ws/install/turtlebot3_msgs:/home/ssfa/ros2_ws/install/turtlebot3_gazebo:/home/ssfa/ros2_ws/install/turtlebot3_bringup:/home/ssfa/ros2_ws/install/turtlebot3_cartographer:/home/ssfa/ros2_ws/install/turtlebot3_as:/home/ssfa/ros2_ws/install/t3_action_msg:/home/ssfa/ros2_ws/install/dynamixel_sdk:/home/ssfa/ros2_ws/install/yolov8_ros:/home/ssfa/ros2_ws/install/turtlebot3_teleop:/home/ssfa/ros2_ws/install/turtlebot3_example:/home/ssfa/ros2_ws/install/shape_detector:/home/ssfa/ros2_ws/install/services_pkg:/home/ssfa/ros2_ws/install/cv_basics:/home/ssfa/ros2_ws/install/color_shape_detector:/opt/ros/humble /usr/bin/cmake --install /home/ssfa/ros2_ws/build/turtlebot3_gazebo
[2.962s] Level 1:colcon.colcon_core.environment:checking '/home/ssfa/ros2_ws/install/turtlebot3_gazebo/bin'
[2.962s] INFO:colcon.colcon_core.shell:Creating package script '/home/ssfa/ros2_ws/install/turtlebot3_gazebo/share/turtlebot3_gazebo/package.ps1'
[2.963s] INFO:colcon.colcon_core.shell:Creating package descriptor '/home/ssfa/ros2_ws/install/turtlebot3_gazebo/share/turtlebot3_gazebo/package.dsv'
[2.964s] INFO:colcon.colcon_core.shell:Creating package script '/home/ssfa/ros2_ws/install/turtlebot3_gazebo/share/turtlebot3_gazebo/package.sh'
[2.965s] INFO:colcon.colcon_core.shell:Creating package script '/home/ssfa/ros2_ws/install/turtlebot3_gazebo/share/turtlebot3_gazebo/package.bash'
[2.966s] INFO:colcon.colcon_core.shell:Creating package script '/home/ssfa/ros2_ws/install/turtlebot3_gazebo/share/turtlebot3_gazebo/package.zsh'
[2.966s] Level 1:colcon.colcon_core.environment:create_file_with_runtime_dependencies(/home/ssfa/ros2_ws/install/turtlebot3_gazebo/share/colcon-core/packages/turtlebot3_gazebo)
[2.971s] Level 1:colcon.colcon_core.environment:create_environment_scripts_only(t3_action_msg)
[2.971s] Level 1:colcon.colcon_core.environment:checking '/home/ssfa/ros2_ws/install/t3_action_msg' for CMake module files
[2.973s] Level 1:colcon.colcon_core.environment:checking '/home/ssfa/ros2_ws/install/t3_action_msg' for CMake config files
[2.973s] Level 1:colcon.colcon_core.shell:create_environment_hook('t3_action_msg', 'cmake_prefix_path')
[2.974s] INFO:colcon.colcon_core.shell:Creating environment hook '/home/ssfa/ros2_ws/install/t3_action_msg/share/t3_action_msg/hook/cmake_prefix_path.ps1'
[2.975s] INFO:colcon.colcon_core.shell:Creating environment descriptor '/home/ssfa/ros2_ws/install/t3_action_msg/share/t3_action_msg/hook/cmake_prefix_path.dsv'
[2.976s] INFO:colcon.colcon_core.shell:Creating environment hook '/home/ssfa/ros2_ws/install/t3_action_msg/share/t3_action_msg/hook/cmake_prefix_path.sh'
[2.978s] Level 1:colcon.colcon_core.environment:checking '/home/ssfa/ros2_ws/install/t3_action_msg/lib'
[2.978s] Level 1:colcon.colcon_core.shell:create_environment_hook('t3_action_msg', 'ld_library_path_lib')
[2.979s] INFO:colcon.colcon_core.shell:Creating environment hook '/home/ssfa/ros2_ws/install/t3_action_msg/share/t3_action_msg/hook/ld_library_path_lib.ps1'
[2.980s] INFO:colcon.colcon_core.shell:Creating environment descriptor '/home/ssfa/ros2_ws/install/t3_action_msg/share/t3_action_msg/hook/ld_library_path_lib.dsv'
[2.980s] INFO:colcon.colcon_core.shell:Creating environment hook '/home/ssfa/ros2_ws/install/t3_action_msg/share/t3_action_msg/hook/ld_library_path_lib.sh'
[2.981s] Level 1:colcon.colcon_core.environment:checking '/home/ssfa/ros2_ws/install/t3_action_msg/bin'
[2.981s] Level 1:colcon.colcon_core.environment:checking '/home/ssfa/ros2_ws/install/t3_action_msg/lib/pkgconfig/t3_action_msg.pc'
[2.982s] Level 1:colcon.colcon_core.environment:checking '/home/ssfa/ros2_ws/install/t3_action_msg/lib/python3.10/site-packages'
[2.982s] Level 1:colcon.colcon_core.environment:checking '/home/ssfa/ros2_ws/install/t3_action_msg/bin'
[2.983s] INFO:colcon.colcon_core.shell:Creating package script '/home/ssfa/ros2_ws/install/t3_action_msg/share/t3_action_msg/package.ps1'
[2.984s] INFO:colcon.colcon_core.shell:Creating package descriptor '/home/ssfa/ros2_ws/install/t3_action_msg/share/t3_action_msg/package.dsv'
[2.985s] INFO:colcon.colcon_core.shell:Creating package script '/home/ssfa/ros2_ws/install/t3_action_msg/share/t3_action_msg/package.sh'
[2.986s] INFO:colcon.colcon_core.shell:Creating package script '/home/ssfa/ros2_ws/install/t3_action_msg/share/t3_action_msg/package.bash'
[2.987s] INFO:colcon.colcon_core.shell:Creating package script '/home/ssfa/ros2_ws/install/t3_action_msg/share/t3_action_msg/package.zsh'
[2.991s] Level 1:colcon.colcon_core.environment:create_file_with_runtime_dependencies(/home/ssfa/ros2_ws/install/t3_action_msg/share/colcon-core/packages/t3_action_msg)
[2.993s] INFO:colcon.colcon_ros.task.ament_cmake.build:Building ROS package in '/home/ssfa/ros2_ws/src/t3/turtlebot3_as' with build type 'ament_cmake'
[2.994s] INFO:colcon.colcon_cmake.task.cmake.build:Building CMake package in '/home/ssfa/ros2_ws/src/t3/turtlebot3_as'
[2.994s] INFO:colcon.colcon_core.shell:Skip shell extension 'powershell' for command environment: Not usable outside of PowerShell
[2.994s] DEBUG:colcon.colcon_core.shell:Skip shell extension 'dsv' for command environment
[3.007s] DEBUG:colcon.colcon_core.event_handler.log_command:Invoking command in '/home/ssfa/ros2_ws/src/color_shape_detector': PYTHONPATH=/home/ssfa/ros2_ws/build/color_shape_detector/prefix_override:/usr/lib/python3/dist-packages/colcon_core/task/python/colcon_distutils_commands:/home/ssfa/ros2_ws/install/color_shape_detector/lib/python3.10/site-packages:${PYTHONPATH} /usr/bin/python3 -W ignore:setup.py install is deprecated setup.py egg_info --egg-base ../../build/color_shape_detector build --build-base /home/ssfa/ros2_ws/build/color_shape_detector/build install --record /home/ssfa/ros2_ws/build/color_shape_detector/install.log --single-version-externally-managed install_data
[3.009s] Level 1:colcon.colcon_core.environment:create_environment_scripts_only(turtlebot3_msgs)
[3.010s] Level 1:colcon.colcon_core.environment:checking '/home/ssfa/ros2_ws/install/turtlebot3_msgs' for CMake module files
[3.010s] Level 1:colcon.colcon_core.environment:checking '/home/ssfa/ros2_ws/install/turtlebot3_msgs' for CMake config files
[3.011s] Level 1:colcon.colcon_core.shell:create_environment_hook('turtlebot3_msgs', 'cmake_prefix_path')
[3.012s] INFO:colcon.colcon_core.shell:Creating environment hook '/home/ssfa/ros2_ws/install/turtlebot3_msgs/share/turtlebot3_msgs/hook/cmake_prefix_path.ps1'
[3.013s] DEBUG:colcon.colcon_core.event_handler.log_command:Invoked command in '/home/ssfa/ros2_ws/build/turtlebot3_msgs' returned '0': CMAKE_PREFIX_PATH=${CMAKE_PREFIX_PATH}:/home/ssfa/ros2_ws/install/yolov8_ros:/home/ssfa/ros2_ws/install/turtlebot3_teleop:/home/ssfa/ros2_ws/install/turtlebot3_example:/home/ssfa/ros2_ws/install/shape_detector:/home/ssfa/ros2_ws/install/services_pkg:/home/ssfa/ros2_ws/install/cv_basics:/home/ssfa/ros2_ws/install/color_shape_detector:/opt/ros/humble /usr/bin/cmake --install /home/ssfa/ros2_ws/build/turtlebot3_msgs
[3.013s] INFO:colcon.colcon_core.shell:Creating environment descriptor '/home/ssfa/ros2_ws/install/turtlebot3_msgs/share/turtlebot3_msgs/hook/cmake_prefix_path.dsv'
[3.014s] INFO:colcon.colcon_core.shell:Creating environment hook '/home/ssfa/ros2_ws/install/turtlebot3_msgs/share/turtlebot3_msgs/hook/cmake_prefix_path.sh'
[3.015s] Level 1:colcon.colcon_core.environment:checking '/home/ssfa/ros2_ws/install/turtlebot3_msgs/lib'
[3.015s] Level 1:colcon.colcon_core.shell:create_environment_hook('turtlebot3_msgs', 'ld_library_path_lib')
[3.016s] INFO:colcon.colcon_core.shell:Creating environment hook '/home/ssfa/ros2_ws/install/turtlebot3_msgs/share/turtlebot3_msgs/hook/ld_library_path_lib.ps1'
[3.017s] INFO:colcon.colcon_core.shell:Creating environment descriptor '/home/ssfa/ros2_ws/install/turtlebot3_msgs/share/turtlebot3_msgs/hook/ld_library_path_lib.dsv'
[3.018s] INFO:colcon.colcon_core.shell:Creating environment hook '/home/ssfa/ros2_ws/install/turtlebot3_msgs/share/turtlebot3_msgs/hook/ld_library_path_lib.sh'
[3.018s] Level 1:colcon.colcon_core.environment:checking '/home/ssfa/ros2_ws/install/turtlebot3_msgs/bin'
[3.019s] Level 1:colcon.colcon_core.environment:checking '/home/ssfa/ros2_ws/install/turtlebot3_msgs/lib/pkgconfig/turtlebot3_msgs.pc'
[3.019s] Level 1:colcon.colcon_core.environment:checking '/home/ssfa/ros2_ws/install/turtlebot3_msgs/lib/python3.10/site-packages'
[3.019s] Level 1:colcon.colcon_core.environment:checking '/home/ssfa/ros2_ws/install/turtlebot3_msgs/bin'
[3.020s] INFO:colcon.colcon_core.shell:Creating package script '/home/ssfa/ros2_ws/install/turtlebot3_msgs/share/turtlebot3_msgs/package.ps1'
[3.021s] INFO:colcon.colcon_core.shell:Creating package descriptor '/home/ssfa/ros2_ws/install/turtlebot3_msgs/share/turtlebot3_msgs/package.dsv'
[3.022s] INFO:colcon.colcon_core.shell:Creating package script '/home/ssfa/ros2_ws/install/turtlebot3_msgs/share/turtlebot3_msgs/package.sh'
[3.023s] INFO:colcon.colcon_core.shell:Creating package script '/home/ssfa/ros2_ws/install/turtlebot3_msgs/share/turtlebot3_msgs/package.bash'
[3.024s] INFO:colcon.colcon_core.shell:Creating package script '/home/ssfa/ros2_ws/install/turtlebot3_msgs/share/turtlebot3_msgs/package.zsh'
[3.024s] Level 1:colcon.colcon_core.environment:create_file_with_runtime_dependencies(/home/ssfa/ros2_ws/install/turtlebot3_msgs/share/colcon-core/packages/turtlebot3_msgs)
[3.033s] DEBUG:colcon.colcon_core.event_handler.log_command:Invoking command in '/home/ssfa/ros2_ws/build/turtlebot3_as': CMAKE_PREFIX_PATH=/home/ssfa/ros2_ws/install/t3_action_msg:/home/ssfa/ros2_ws/install/yolov8_bringup:/home/ssfa/ros2_ws/install/yolov8_msgs:/home/ssfa/ros2_ws/install/usb_cam:/home/ssfa/ros2_ws/install/turtlebot3:/home/ssfa/ros2_ws/install/turtlebot3_simulations:/home/ssfa/ros2_ws/install/turtlebot3_navigation2:/home/ssfa/ros2_ws/install/turtlebot3_msgs:/home/ssfa/ros2_ws/install/turtlebot3_gazebo:/home/ssfa/ros2_ws/install/turtlebot3_bringup:/home/ssfa/ros2_ws/install/turtlebot3_description:/home/ssfa/ros2_ws/install/turtlebot3_cartographer:/home/ssfa/ros2_ws/install/turtlebot3_as:/home/ssfa/ros2_ws/install/dynamixel_sdk:/home/ssfa/ros2_ws/install/yolov8_ros:/home/ssfa/ros2_ws/install/turtlebot3_teleop:/home/ssfa/ros2_ws/install/turtlebot3_example:/home/ssfa/ros2_ws/install/shape_detector:/home/ssfa/ros2_ws/install/services_pkg:/home/ssfa/ros2_ws/install/cv_basics:/home/ssfa/ros2_ws/install/color_shape_detector:/opt/ros/humble LD_LIBRARY_PATH=/home/ssfa/ros2_ws/install/t3_action_msg/lib:/home/ssfa/ros2_ws/install/yolov8_msgs/lib:/home/ssfa/ros2_ws/install/usb_cam/lib:/home/ssfa/ros2_ws/install/turtlebot3_msgs/lib:/home/ssfa/ros2_ws/install/dynamixel_sdk/lib:/usr/lib/x86_64-linux-gnu/gazebo-11/plugins:/opt/ros/humble/opt/rviz_ogre_vendor/lib:/opt/ros/humble/lib/x86_64-linux-gnu:/opt/ros/humble/lib /usr/bin/cmake --build /home/ssfa/ros2_ws/build/turtlebot3_as -- -j12 -l12
[3.034s] Level 1:colcon.colcon_core.environment:create_environment_scripts_only(turtlebot3_bringup)
[3.035s] Level 1:colcon.colcon_core.environment:checking '/home/ssfa/ros2_ws/install/turtlebot3_bringup' for CMake module files
[3.036s] Level 1:colcon.colcon_core.environment:checking '/home/ssfa/ros2_ws/install/turtlebot3_bringup' for CMake config files
[3.037s] Level 1:colcon.colcon_core.shell:create_environment_hook('turtlebot3_bringup', 'cmake_prefix_path')
[3.037s] INFO:colcon.colcon_core.shell:Creating environment hook '/home/ssfa/ros2_ws/install/turtlebot3_bringup/share/turtlebot3_bringup/hook/cmake_prefix_path.ps1'
[3.038s] INFO:colcon.colcon_core.shell:Creating environment descriptor '/home/ssfa/ros2_ws/install/turtlebot3_bringup/share/turtlebot3_bringup/hook/cmake_prefix_path.dsv'
[3.039s] INFO:colcon.colcon_core.shell:Creating environment hook '/home/ssfa/ros2_ws/install/turtlebot3_bringup/share/turtlebot3_bringup/hook/cmake_prefix_path.sh'
[3.040s] Level 1:colcon.colcon_core.environment:checking '/home/ssfa/ros2_ws/install/turtlebot3_bringup/bin'
[3.040s] Level 1:colcon.colcon_core.environment:checking '/home/ssfa/ros2_ws/install/turtlebot3_bringup/lib/pkgconfig/turtlebot3_bringup.pc'
[3.040s] Level 1:colcon.colcon_core.environment:checking '/home/ssfa/ros2_ws/install/turtlebot3_bringup/lib/python3.10/site-packages'
[3.041s] Level 1:colcon.colcon_core.environment:checking '/home/ssfa/ros2_ws/install/turtlebot3_bringup/bin'
[3.041s] INFO:colcon.colcon_core.shell:Creating package script '/home/ssfa/ros2_ws/install/turtlebot3_bringup/share/turtlebot3_bringup/package.ps1'
[3.042s] INFO:colcon.colcon_core.shell:Creating package descriptor '/home/ssfa/ros2_ws/install/turtlebot3_bringup/share/turtlebot3_bringup/package.dsv'
[3.043s] INFO:colcon.colcon_core.shell:Creating package script '/home/ssfa/ros2_ws/install/turtlebot3_bringup/share/turtlebot3_bringup/package.sh'
[3.043s] INFO:colcon.colcon_core.shell:Creating package script '/home/ssfa/ros2_ws/install/turtlebot3_bringup/share/turtlebot3_bringup/package.bash'
[3.044s] INFO:colcon.colcon_core.shell:Creating package script '/home/ssfa/ros2_ws/install/turtlebot3_bringup/share/turtlebot3_bringup/package.zsh'
[3.045s] Level 1:colcon.colcon_core.environment:create_file_with_runtime_dependencies(/home/ssfa/ros2_ws/install/turtlebot3_bringup/share/colcon-core/packages/turtlebot3_bringup)
[3.048s] DEBUG:colcon.colcon_core.event_handler.log_command:Invoking command in '/home/ssfa/ros2_ws/src/shape_detector': PYTHONPATH=/home/ssfa/ros2_ws/build/shape_detector/prefix_override:/usr/lib/python3/dist-packages/colcon_core/task/python/colcon_distutils_commands:/home/ssfa/ros2_ws/install/shape_detector/lib/python3.10/site-packages:${PYTHONPATH} /usr/bin/python3 -W ignore:setup.py install is deprecated setup.py egg_info --egg-base ../../build/shape_detector build --build-base /home/ssfa/ros2_ws/build/shape_detector/build install --record /home/ssfa/ros2_ws/build/shape_detector/install.log --single-version-externally-managed install_data
[3.050s] Level 1:colcon.colcon_core.environment:create_environment_scripts_only(turtlebot3_gazebo)
[3.050s] Level 1:colcon.colcon_core.environment:checking '/home/ssfa/ros2_ws/install/turtlebot3_gazebo' for CMake module files
[3.051s] Level 1:colcon.colcon_core.environment:checking '/home/ssfa/ros2_ws/install/turtlebot3_gazebo' for CMake config files
[3.055s] Level 1:colcon.colcon_core.shell:create_environment_hook('turtlebot3_gazebo', 'cmake_prefix_path')
[3.056s] INFO:colcon.colcon_core.shell:Creating environment hook '/home/ssfa/ros2_ws/install/turtlebot3_gazebo/share/turtlebot3_gazebo/hook/cmake_prefix_path.ps1'
[3.057s] INFO:colcon.colcon_core.shell:Creating environment descriptor '/home/ssfa/ros2_ws/install/turtlebot3_gazebo/share/turtlebot3_gazebo/hook/cmake_prefix_path.dsv'
[3.058s] INFO:colcon.colcon_core.shell:Creating environment hook '/home/ssfa/ros2_ws/install/turtlebot3_gazebo/share/turtlebot3_gazebo/hook/cmake_prefix_path.sh'
[3.059s] Level 1:colcon.colcon_core.environment:checking '/home/ssfa/ros2_ws/install/turtlebot3_gazebo/bin'
[3.059s] Level 1:colcon.colcon_core.environment:checking '/home/ssfa/ros2_ws/install/turtlebot3_gazebo/lib/pkgconfig/turtlebot3_gazebo.pc'
[3.059s] Level 1:colcon.colcon_core.environment:checking '/home/ssfa/ros2_ws/install/turtlebot3_gazebo/lib/python3.10/site-packages'
[3.060s] Level 1:colcon.colcon_core.environment:checking '/home/ssfa/ros2_ws/install/turtlebot3_gazebo/bin'
[3.060s] INFO:colcon.colcon_core.shell:Creating package script '/home/ssfa/ros2_ws/install/turtlebot3_gazebo/share/turtlebot3_gazebo/package.ps1'
[3.061s] INFO:colcon.colcon_core.shell:Creating package descriptor '/home/ssfa/ros2_ws/install/turtlebot3_gazebo/share/turtlebot3_gazebo/package.dsv'
[3.062s] INFO:colcon.colcon_core.shell:Creating package script '/home/ssfa/ros2_ws/install/turtlebot3_gazebo/share/turtlebot3_gazebo/package.sh'
[3.063s] INFO:colcon.colcon_core.shell:Creating package script '/home/ssfa/ros2_ws/install/turtlebot3_gazebo/share/turtlebot3_gazebo/package.bash'
[3.064s] INFO:colcon.colcon_core.shell:Creating package script '/home/ssfa/ros2_ws/install/turtlebot3_gazebo/share/turtlebot3_gazebo/package.zsh'
[3.065s] Level 1:colcon.colcon_core.environment:create_file_with_runtime_dependencies(/home/ssfa/ros2_ws/install/turtlebot3_gazebo/share/colcon-core/packages/turtlebot3_gazebo)
[3.066s] INFO:colcon.colcon_ros.task.ament_cmake.build:Building ROS package in '/home/ssfa/ros2_ws/src/t3/turtlebot3_simulations/turtlebot3_simulations' with build type 'ament_cmake'
[3.067s] INFO:colcon.colcon_cmake.task.cmake.build:Building CMake package in '/home/ssfa/ros2_ws/src/t3/turtlebot3_simulations/turtlebot3_simulations'
[3.067s] INFO:colcon.colcon_core.shell:Skip shell extension 'powershell' for command environment: Not usable outside of PowerShell
[3.067s] DEBUG:colcon.colcon_core.shell:Skip shell extension 'dsv' for command environment
[3.100s] DEBUG:colcon.colcon_core.event_handler.log_command:Invoking command in '/home/ssfa/ros2_ws/build/turtlebot3_simulations': CMAKE_PREFIX_PATH=/home/ssfa/ros2_ws/install/turtlebot3_gazebo:/home/ssfa/ros2_ws/install/turtlebot3_description:/home/ssfa/ros2_ws/install/yolov8_bringup:/home/ssfa/ros2_ws/install/yolov8_msgs:/home/ssfa/ros2_ws/install/usb_cam:/home/ssfa/ros2_ws/install/turtlebot3:/home/ssfa/ros2_ws/install/turtlebot3_simulations:/home/ssfa/ros2_ws/install/turtlebot3_navigation2:/home/ssfa/ros2_ws/install/turtlebot3_msgs:/home/ssfa/ros2_ws/install/turtlebot3_bringup:/home/ssfa/ros2_ws/install/turtlebot3_cartographer:/home/ssfa/ros2_ws/install/turtlebot3_as:/home/ssfa/ros2_ws/install/t3_action_msg:/home/ssfa/ros2_ws/install/dynamixel_sdk:/home/ssfa/ros2_ws/install/yolov8_ros:/home/ssfa/ros2_ws/install/turtlebot3_teleop:/home/ssfa/ros2_ws/install/turtlebot3_example:/home/ssfa/ros2_ws/install/shape_detector:/home/ssfa/ros2_ws/install/services_pkg:/home/ssfa/ros2_ws/install/cv_basics:/home/ssfa/ros2_ws/install/color_shape_detector:/opt/ros/humble /usr/bin/cmake --build /home/ssfa/ros2_ws/build/turtlebot3_simulations -- -j12 -l12
[3.107s] DEBUG:colcon.colcon_core.event_handler.log_command:Invoking command in '/home/ssfa/ros2_ws/src/t3/services_pkg': PYTHONPATH=/home/ssfa/ros2_ws/build/services_pkg/prefix_override:/usr/lib/python3/dist-packages/colcon_core/task/python/colcon_distutils_commands:/home/ssfa/ros2_ws/install/services_pkg/lib/python3.10/site-packages:${PYTHONPATH} /usr/bin/python3 -W ignore:setup.py install is deprecated setup.py egg_info --egg-base ../../../build/services_pkg build --build-base /home/ssfa/ros2_ws/build/services_pkg/build install --record /home/ssfa/ros2_ws/build/services_pkg/install.log --install-scripts $base/lib/services_pkg --single-version-externally-managed install_data
[3.148s] DEBUG:colcon.colcon_core.event_handler.log_command:Invoking command in '/home/ssfa/ros2_ws/src/t3/turtlebot3/turtlebot3/turtlebot3_teleop': PYTHONPATH=/home/ssfa/ros2_ws/build/turtlebot3_teleop/prefix_override:/usr/lib/python3/dist-packages/colcon_core/task/python/colcon_distutils_commands:/home/ssfa/ros2_ws/install/turtlebot3_teleop/lib/python3.10/site-packages:${PYTHONPATH} /usr/bin/python3 -W ignore:setup.py install is deprecated setup.py egg_info --egg-base ../../../../../build/turtlebot3_teleop build --build-base /home/ssfa/ros2_ws/build/turtlebot3_teleop/build install --record /home/ssfa/ros2_ws/build/turtlebot3_teleop/install.log --install-scripts $base/lib/turtlebot3_teleop --single-version-externally-managed install_data
[3.172s] DEBUG:colcon.colcon_core.event_handler.log_command:Invoking command in '/home/ssfa/ros2_ws/build/yolov8_msgs': CMAKE_PREFIX_PATH=${CMAKE_PREFIX_PATH}:/home/ssfa/ros2_ws/install/yolov8_ros:/home/ssfa/ros2_ws/install/turtlebot3_teleop:/home/ssfa/ros2_ws/install/turtlebot3_example:/home/ssfa/ros2_ws/install/shape_detector:/home/ssfa/ros2_ws/install/services_pkg:/home/ssfa/ros2_ws/install/cv_basics:/home/ssfa/ros2_ws/install/color_shape_detector:/opt/ros/humble /usr/bin/cmake --install /home/ssfa/ros2_ws/build/yolov8_msgs
[3.175s] DEBUG:colcon.colcon_core.event_handler.log_command:Invoked command in '/home/ssfa/ros2_ws/build/turtlebot3_as' returned '0': CMAKE_PREFIX_PATH=/home/ssfa/ros2_ws/install/t3_action_msg:/home/ssfa/ros2_ws/install/yolov8_bringup:/home/ssfa/ros2_ws/install/yolov8_msgs:/home/ssfa/ros2_ws/install/usb_cam:/home/ssfa/ros2_ws/install/turtlebot3:/home/ssfa/ros2_ws/install/turtlebot3_simulations:/home/ssfa/ros2_ws/install/turtlebot3_navigation2:/home/ssfa/ros2_ws/install/turtlebot3_msgs:/home/ssfa/ros2_ws/install/turtlebot3_gazebo:/home/ssfa/ros2_ws/install/turtlebot3_bringup:/home/ssfa/ros2_ws/install/turtlebot3_description:/home/ssfa/ros2_ws/install/turtlebot3_cartographer:/home/ssfa/ros2_ws/install/turtlebot3_as:/home/ssfa/ros2_ws/install/dynamixel_sdk:/home/ssfa/ros2_ws/install/yolov8_ros:/home/ssfa/ros2_ws/install/turtlebot3_teleop:/home/ssfa/ros2_ws/install/turtlebot3_example:/home/ssfa/ros2_ws/install/shape_detector:/home/ssfa/ros2_ws/install/services_pkg:/home/ssfa/ros2_ws/install/cv_basics:/home/ssfa/ros2_ws/install/color_shape_detector:/opt/ros/humble LD_LIBRARY_PATH=/home/ssfa/ros2_ws/install/t3_action_msg/lib:/home/ssfa/ros2_ws/install/yolov8_msgs/lib:/home/ssfa/ros2_ws/install/usb_cam/lib:/home/ssfa/ros2_ws/install/turtlebot3_msgs/lib:/home/ssfa/ros2_ws/install/dynamixel_sdk/lib:/usr/lib/x86_64-linux-gnu/gazebo-11/plugins:/opt/ros/humble/opt/rviz_ogre_vendor/lib:/opt/ros/humble/lib/x86_64-linux-gnu:/opt/ros/humble/lib /usr/bin/cmake --build /home/ssfa/ros2_ws/build/turtlebot3_as -- -j12 -l12
[3.178s] DEBUG:colcon.colcon_core.event_handler.log_command:Invoked command in '/home/ssfa/ros2_ws/build/turtlebot3_simulations' returned '0': CMAKE_PREFIX_PATH=/home/ssfa/ros2_ws/install/turtlebot3_gazebo:/home/ssfa/ros2_ws/install/turtlebot3_description:/home/ssfa/ros2_ws/install/yolov8_bringup:/home/ssfa/ros2_ws/install/yolov8_msgs:/home/ssfa/ros2_ws/install/usb_cam:/home/ssfa/ros2_ws/install/turtlebot3:/home/ssfa/ros2_ws/install/turtlebot3_simulations:/home/ssfa/ros2_ws/install/turtlebot3_navigation2:/home/ssfa/ros2_ws/install/turtlebot3_msgs:/home/ssfa/ros2_ws/install/turtlebot3_bringup:/home/ssfa/ros2_ws/install/turtlebot3_cartographer:/home/ssfa/ros2_ws/install/turtlebot3_as:/home/ssfa/ros2_ws/install/t3_action_msg:/home/ssfa/ros2_ws/install/dynamixel_sdk:/home/ssfa/ros2_ws/install/yolov8_ros:/home/ssfa/ros2_ws/install/turtlebot3_teleop:/home/ssfa/ros2_ws/install/turtlebot3_example:/home/ssfa/ros2_ws/install/shape_detector:/home/ssfa/ros2_ws/install/services_pkg:/home/ssfa/ros2_ws/install/cv_basics:/home/ssfa/ros2_ws/install/color_shape_detector:/opt/ros/humble /usr/bin/cmake --build /home/ssfa/ros2_ws/build/turtlebot3_simulations -- -j12 -l12
[3.265s] DEBUG:colcon.colcon_core.event_handler.log_command:Invoking command in '/home/ssfa/ros2_ws/build/turtlebot3_as': CMAKE_PREFIX_PATH=/home/ssfa/ros2_ws/install/t3_action_msg:/home/ssfa/ros2_ws/install/yolov8_bringup:/home/ssfa/ros2_ws/install/yolov8_msgs:/home/ssfa/ros2_ws/install/usb_cam:/home/ssfa/ros2_ws/install/turtlebot3:/home/ssfa/ros2_ws/install/turtlebot3_simulations:/home/ssfa/ros2_ws/install/turtlebot3_navigation2:/home/ssfa/ros2_ws/install/turtlebot3_msgs:/home/ssfa/ros2_ws/install/turtlebot3_gazebo:/home/ssfa/ros2_ws/install/turtlebot3_bringup:/home/ssfa/ros2_ws/install/turtlebot3_description:/home/ssfa/ros2_ws/install/turtlebot3_cartographer:/home/ssfa/ros2_ws/install/turtlebot3_as:/home/ssfa/ros2_ws/install/dynamixel_sdk:/home/ssfa/ros2_ws/install/yolov8_ros:/home/ssfa/ros2_ws/install/turtlebot3_teleop:/home/ssfa/ros2_ws/install/turtlebot3_example:/home/ssfa/ros2_ws/install/shape_detector:/home/ssfa/ros2_ws/install/services_pkg:/home/ssfa/ros2_ws/install/cv_basics:/home/ssfa/ros2_ws/install/color_shape_detector:/opt/ros/humble LD_LIBRARY_PATH=/home/ssfa/ros2_ws/install/t3_action_msg/lib:/home/ssfa/ros2_ws/install/yolov8_msgs/lib:/home/ssfa/ros2_ws/install/usb_cam/lib:/home/ssfa/ros2_ws/install/turtlebot3_msgs/lib:/home/ssfa/ros2_ws/install/dynamixel_sdk/lib:/usr/lib/x86_64-linux-gnu/gazebo-11/plugins:/opt/ros/humble/opt/rviz_ogre_vendor/lib:/opt/ros/humble/lib/x86_64-linux-gnu:/opt/ros/humble/lib /usr/bin/cmake --install /home/ssfa/ros2_ws/build/turtlebot3_as
[3.268s] DEBUG:colcon.colcon_core.event_handler.log_command:Invoking command in '/home/ssfa/ros2_ws/build/turtlebot3_simulations': CMAKE_PREFIX_PATH=/home/ssfa/ros2_ws/install/turtlebot3_gazebo:/home/ssfa/ros2_ws/install/turtlebot3_description:/home/ssfa/ros2_ws/install/yolov8_bringup:/home/ssfa/ros2_ws/install/yolov8_msgs:/home/ssfa/ros2_ws/install/usb_cam:/home/ssfa/ros2_ws/install/turtlebot3:/home/ssfa/ros2_ws/install/turtlebot3_simulations:/home/ssfa/ros2_ws/install/turtlebot3_navigation2:/home/ssfa/ros2_ws/install/turtlebot3_msgs:/home/ssfa/ros2_ws/install/turtlebot3_bringup:/home/ssfa/ros2_ws/install/turtlebot3_cartographer:/home/ssfa/ros2_ws/install/turtlebot3_as:/home/ssfa/ros2_ws/install/t3_action_msg:/home/ssfa/ros2_ws/install/dynamixel_sdk:/home/ssfa/ros2_ws/install/yolov8_ros:/home/ssfa/ros2_ws/install/turtlebot3_teleop:/home/ssfa/ros2_ws/install/turtlebot3_example:/home/ssfa/ros2_ws/install/shape_detector:/home/ssfa/ros2_ws/install/services_pkg:/home/ssfa/ros2_ws/install/cv_basics:/home/ssfa/ros2_ws/install/color_shape_detector:/opt/ros/humble /usr/bin/cmake --install /home/ssfa/ros2_ws/build/turtlebot3_simulations
[3.303s] Level 1:colcon.colcon_core.environment:create_environment_scripts_only(turtlebot3_as)
[3.303s] Level 1:colcon.colcon_core.environment:checking '/home/ssfa/ros2_ws/install/turtlebot3_as' for CMake module files
[3.304s] Level 1:colcon.colcon_core.environment:checking '/home/ssfa/ros2_ws/install/turtlebot3_as' for CMake config files
[3.305s] Level 1:colcon.colcon_core.shell:create_environment_hook('turtlebot3_as', 'cmake_prefix_path')
[3.305s] INFO:colcon.colcon_core.shell:Creating environment hook '/home/ssfa/ros2_ws/install/turtlebot3_as/share/turtlebot3_as/hook/cmake_prefix_path.ps1'
[3.306s] INFO:colcon.colcon_core.shell:Creating environment descriptor '/home/ssfa/ros2_ws/install/turtlebot3_as/share/turtlebot3_as/hook/cmake_prefix_path.dsv'
[3.306s] INFO:colcon.colcon_core.shell:Creating environment hook '/home/ssfa/ros2_ws/install/turtlebot3_as/share/turtlebot3_as/hook/cmake_prefix_path.sh'
[3.307s] Level 1:colcon.colcon_core.environment:checking '/home/ssfa/ros2_ws/install/turtlebot3_as/lib'
[3.308s] Level 1:colcon.colcon_core.environment:checking '/home/ssfa/ros2_ws/install/turtlebot3_as/bin'
[3.308s] Level 1:colcon.colcon_core.environment:checking '/home/ssfa/ros2_ws/install/turtlebot3_as/lib/pkgconfig/turtlebot3_as.pc'
[3.308s] Level 1:colcon.colcon_core.environment:checking '/home/ssfa/ros2_ws/install/turtlebot3_as/lib/python3.10/site-packages'
[3.309s] Level 1:colcon.colcon_core.environment:checking '/home/ssfa/ros2_ws/install/turtlebot3_as/bin'
[3.309s] INFO:colcon.colcon_core.shell:Creating package script '/home/ssfa/ros2_ws/install/turtlebot3_as/share/turtlebot3_as/package.ps1'
[3.311s] DEBUG:colcon.colcon_core.event_handler.log_command:Invoked command in '/home/ssfa/ros2_ws/build/turtlebot3_as' returned '0': CMAKE_PREFIX_PATH=/home/ssfa/ros2_ws/install/t3_action_msg:/home/ssfa/ros2_ws/install/yolov8_bringup:/home/ssfa/ros2_ws/install/yolov8_msgs:/home/ssfa/ros2_ws/install/usb_cam:/home/ssfa/ros2_ws/install/turtlebot3:/home/ssfa/ros2_ws/install/turtlebot3_simulations:/home/ssfa/ros2_ws/install/turtlebot3_navigation2:/home/ssfa/ros2_ws/install/turtlebot3_msgs:/home/ssfa/ros2_ws/install/turtlebot3_gazebo:/home/ssfa/ros2_ws/install/turtlebot3_bringup:/home/ssfa/ros2_ws/install/turtlebot3_description:/home/ssfa/ros2_ws/install/turtlebot3_cartographer:/home/ssfa/ros2_ws/install/turtlebot3_as:/home/ssfa/ros2_ws/install/dynamixel_sdk:/home/ssfa/ros2_ws/install/yolov8_ros:/home/ssfa/ros2_ws/install/turtlebot3_teleop:/home/ssfa/ros2_ws/install/turtlebot3_example:/home/ssfa/ros2_ws/install/shape_detector:/home/ssfa/ros2_ws/install/services_pkg:/home/ssfa/ros2_ws/install/cv_basics:/home/ssfa/ros2_ws/install/color_shape_detector:/opt/ros/humble LD_LIBRARY_PATH=/home/ssfa/ros2_ws/install/t3_action_msg/lib:/home/ssfa/ros2_ws/install/yolov8_msgs/lib:/home/ssfa/ros2_ws/install/usb_cam/lib:/home/ssfa/ros2_ws/install/turtlebot3_msgs/lib:/home/ssfa/ros2_ws/install/dynamixel_sdk/lib:/usr/lib/x86_64-linux-gnu/gazebo-11/plugins:/opt/ros/humble/opt/rviz_ogre_vendor/lib:/opt/ros/humble/lib/x86_64-linux-gnu:/opt/ros/humble/lib /usr/bin/cmake --install /home/ssfa/ros2_ws/build/turtlebot3_as
[3.314s] INFO:colcon.colcon_core.shell:Creating package descriptor '/home/ssfa/ros2_ws/install/turtlebot3_as/share/turtlebot3_as/package.dsv'
[3.316s] INFO:colcon.colcon_core.shell:Creating package script '/home/ssfa/ros2_ws/install/turtlebot3_as/share/turtlebot3_as/package.sh'
[3.318s] INFO:colcon.colcon_core.shell:Creating package script '/home/ssfa/ros2_ws/install/turtlebot3_as/share/turtlebot3_as/package.bash'
[3.318s] INFO:colcon.colcon_core.shell:Creating package script '/home/ssfa/ros2_ws/install/turtlebot3_as/share/turtlebot3_as/package.zsh'
[3.326s] Level 1:colcon.colcon_core.environment:create_file_with_runtime_dependencies(/home/ssfa/ros2_ws/install/turtlebot3_as/share/colcon-core/packages/turtlebot3_as)
[3.330s] Level 1:colcon.colcon_core.environment:create_environment_scripts_only(turtlebot3_simulations)
[3.330s] DEBUG:colcon.colcon_core.event_handler.log_command:Invoked command in '/home/ssfa/ros2_ws/build/turtlebot3_simulations' returned '0': CMAKE_PREFIX_PATH=/home/ssfa/ros2_ws/install/turtlebot3_gazebo:/home/ssfa/ros2_ws/install/turtlebot3_description:/home/ssfa/ros2_ws/install/yolov8_bringup:/home/ssfa/ros2_ws/install/yolov8_msgs:/home/ssfa/ros2_ws/install/usb_cam:/home/ssfa/ros2_ws/install/turtlebot3:/home/ssfa/ros2_ws/install/turtlebot3_simulations:/home/ssfa/ros2_ws/install/turtlebot3_navigation2:/home/ssfa/ros2_ws/install/turtlebot3_msgs:/home/ssfa/ros2_ws/install/turtlebot3_bringup:/home/ssfa/ros2_ws/install/turtlebot3_cartographer:/home/ssfa/ros2_ws/install/turtlebot3_as:/home/ssfa/ros2_ws/install/t3_action_msg:/home/ssfa/ros2_ws/install/dynamixel_sdk:/home/ssfa/ros2_ws/install/yolov8_ros:/home/ssfa/ros2_ws/install/turtlebot3_teleop:/home/ssfa/ros2_ws/install/turtlebot3_example:/home/ssfa/ros2_ws/install/shape_detector:/home/ssfa/ros2_ws/install/services_pkg:/home/ssfa/ros2_ws/install/cv_basics:/home/ssfa/ros2_ws/install/color_shape_detector:/opt/ros/humble /usr/bin/cmake --install /home/ssfa/ros2_ws/build/turtlebot3_simulations
[3.331s] Level 1:colcon.colcon_core.environment:checking '/home/ssfa/ros2_ws/install/turtlebot3_simulations' for CMake module files
[3.332s] Level 1:colcon.colcon_core.environment:checking '/home/ssfa/ros2_ws/install/turtlebot3_simulations' for CMake config files
[3.332s] Level 1:colcon.colcon_core.shell:create_environment_hook('turtlebot3_simulations', 'cmake_prefix_path')
[3.333s] INFO:colcon.colcon_core.shell:Creating environment hook '/home/ssfa/ros2_ws/install/turtlebot3_simulations/share/turtlebot3_simulations/hook/cmake_prefix_path.ps1'
[3.333s] INFO:colcon.colcon_core.shell:Creating environment descriptor '/home/ssfa/ros2_ws/install/turtlebot3_simulations/share/turtlebot3_simulations/hook/cmake_prefix_path.dsv'
[3.334s] INFO:colcon.colcon_core.shell:Creating environment hook '/home/ssfa/ros2_ws/install/turtlebot3_simulations/share/turtlebot3_simulations/hook/cmake_prefix_path.sh'
[3.335s] Level 1:colcon.colcon_core.environment:checking '/home/ssfa/ros2_ws/install/turtlebot3_simulations/bin'
[3.335s] Level 1:colcon.colcon_core.environment:checking '/home/ssfa/ros2_ws/install/turtlebot3_simulations/lib/pkgconfig/turtlebot3_simulations.pc'
[3.335s] Level 1:colcon.colcon_core.environment:checking '/home/ssfa/ros2_ws/install/turtlebot3_simulations/lib/python3.10/site-packages'
[3.336s] Level 1:colcon.colcon_core.environment:checking '/home/ssfa/ros2_ws/install/turtlebot3_simulations/bin'
[3.336s] INFO:colcon.colcon_core.shell:Creating package script '/home/ssfa/ros2_ws/install/turtlebot3_simulations/share/turtlebot3_simulations/package.ps1'
[3.338s] INFO:colcon.colcon_core.shell:Creating package descriptor '/home/ssfa/ros2_ws/install/turtlebot3_simulations/share/turtlebot3_simulations/package.dsv'
[3.338s] INFO:colcon.colcon_core.shell:Creating package script '/home/ssfa/ros2_ws/install/turtlebot3_simulations/share/turtlebot3_simulations/package.sh'
[3.339s] INFO:colcon.colcon_core.shell:Creating package script '/home/ssfa/ros2_ws/install/turtlebot3_simulations/share/turtlebot3_simulations/package.bash'
[3.340s] INFO:colcon.colcon_core.shell:Creating package script '/home/ssfa/ros2_ws/install/turtlebot3_simulations/share/turtlebot3_simulations/package.zsh'
[3.340s] Level 1:colcon.colcon_core.environment:create_file_with_runtime_dependencies(/home/ssfa/ros2_ws/install/turtlebot3_simulations/share/colcon-core/packages/turtlebot3_simulations)
[3.342s] Level 1:colcon.colcon_core.environment:create_environment_scripts_only(yolov8_msgs)
[3.342s] Level 1:colcon.colcon_core.environment:checking '/home/ssfa/ros2_ws/install/yolov8_msgs' for CMake module files
[3.343s] DEBUG:colcon.colcon_core.event_handler.log_command:Invoked command in '/home/ssfa/ros2_ws/build/yolov8_msgs' returned '0': CMAKE_PREFIX_PATH=${CMAKE_PREFIX_PATH}:/home/ssfa/ros2_ws/install/yolov8_ros:/home/ssfa/ros2_ws/install/turtlebot3_teleop:/home/ssfa/ros2_ws/install/turtlebot3_example:/home/ssfa/ros2_ws/install/shape_detector:/home/ssfa/ros2_ws/install/services_pkg:/home/ssfa/ros2_ws/install/cv_basics:/home/ssfa/ros2_ws/install/color_shape_detector:/opt/ros/humble /usr/bin/cmake --install /home/ssfa/ros2_ws/build/yolov8_msgs
[3.344s] Level 1:colcon.colcon_core.environment:checking '/home/ssfa/ros2_ws/install/yolov8_msgs' for CMake config files
[3.345s] Level 1:colcon.colcon_core.shell:create_environment_hook('yolov8_msgs', 'cmake_prefix_path')
[3.345s] INFO:colcon.colcon_core.shell:Creating environment hook '/home/ssfa/ros2_ws/install/yolov8_msgs/share/yolov8_msgs/hook/cmake_prefix_path.ps1'
[3.346s] INFO:colcon.colcon_core.shell:Creating environment descriptor '/home/ssfa/ros2_ws/install/yolov8_msgs/share/yolov8_msgs/hook/cmake_prefix_path.dsv'
[3.347s] INFO:colcon.colcon_core.shell:Creating environment hook '/home/ssfa/ros2_ws/install/yolov8_msgs/share/yolov8_msgs/hook/cmake_prefix_path.sh'
[3.348s] Level 1:colcon.colcon_core.environment:checking '/home/ssfa/ros2_ws/install/yolov8_msgs/lib'
[3.348s] Level 1:colcon.colcon_core.shell:create_environment_hook('yolov8_msgs', 'ld_library_path_lib')
[3.348s] INFO:colcon.colcon_core.shell:Creating environment hook '/home/ssfa/ros2_ws/install/yolov8_msgs/share/yolov8_msgs/hook/ld_library_path_lib.ps1'
[3.349s] INFO:colcon.colcon_core.shell:Creating environment descriptor '/home/ssfa/ros2_ws/install/yolov8_msgs/share/yolov8_msgs/hook/ld_library_path_lib.dsv'
[3.349s] INFO:colcon.colcon_core.shell:Creating environment hook '/home/ssfa/ros2_ws/install/yolov8_msgs/share/yolov8_msgs/hook/ld_library_path_lib.sh'
[3.350s] Level 1:colcon.colcon_core.environment:checking '/home/ssfa/ros2_ws/install/yolov8_msgs/bin'
[3.350s] Level 1:colcon.colcon_core.environment:checking '/home/ssfa/ros2_ws/install/yolov8_msgs/lib/pkgconfig/yolov8_msgs.pc'
[3.350s] Level 1:colcon.colcon_core.environment:checking '/home/ssfa/ros2_ws/install/yolov8_msgs/lib/python3.10/site-packages'
[3.351s] Level 1:colcon.colcon_core.environment:checking '/home/ssfa/ros2_ws/install/yolov8_msgs/bin'
[3.351s] INFO:colcon.colcon_core.shell:Creating package script '/home/ssfa/ros2_ws/install/yolov8_msgs/share/yolov8_msgs/package.ps1'
[3.352s] INFO:colcon.colcon_core.shell:Creating package descriptor '/home/ssfa/ros2_ws/install/yolov8_msgs/share/yolov8_msgs/package.dsv'
[3.353s] INFO:colcon.colcon_core.shell:Creating package script '/home/ssfa/ros2_ws/install/yolov8_msgs/share/yolov8_msgs/package.sh'
[3.354s] INFO:colcon.colcon_core.shell:Creating package script '/home/ssfa/ros2_ws/install/yolov8_msgs/share/yolov8_msgs/package.bash'
[3.354s] INFO:colcon.colcon_core.shell:Creating package script '/home/ssfa/ros2_ws/install/yolov8_msgs/share/yolov8_msgs/package.zsh'
[3.355s] Level 1:colcon.colcon_core.environment:create_file_with_runtime_dependencies(/home/ssfa/ros2_ws/install/yolov8_msgs/share/colcon-core/packages/yolov8_msgs)
[3.371s] Level 1:colcon.colcon_core.environment:create_environment_scripts_only(turtlebot3_as)
[3.371s] Level 1:colcon.colcon_core.environment:checking '/home/ssfa/ros2_ws/install/turtlebot3_as' for CMake module files
[3.372s] Level 1:colcon.colcon_core.environment:checking '/home/ssfa/ros2_ws/install/turtlebot3_as' for CMake config files
[3.373s] Level 1:colcon.colcon_core.shell:create_environment_hook('turtlebot3_as', 'cmake_prefix_path')
[3.373s] INFO:colcon.colcon_core.shell:Creating environment hook '/home/ssfa/ros2_ws/install/turtlebot3_as/share/turtlebot3_as/hook/cmake_prefix_path.ps1'
[3.374s] INFO:colcon.colcon_core.shell:Creating environment descriptor '/home/ssfa/ros2_ws/install/turtlebot3_as/share/turtlebot3_as/hook/cmake_prefix_path.dsv'
[3.375s] INFO:colcon.colcon_core.shell:Creating environment hook '/home/ssfa/ros2_ws/install/turtlebot3_as/share/turtlebot3_as/hook/cmake_prefix_path.sh'
[3.375s] Level 1:colcon.colcon_core.environment:checking '/home/ssfa/ros2_ws/install/turtlebot3_as/lib'
[3.376s] Level 1:colcon.colcon_core.environment:checking '/home/ssfa/ros2_ws/install/turtlebot3_as/bin'
[3.376s] Level 1:colcon.colcon_core.environment:checking '/home/ssfa/ros2_ws/install/turtlebot3_as/lib/pkgconfig/turtlebot3_as.pc'
[3.376s] Level 1:colcon.colcon_core.environment:checking '/home/ssfa/ros2_ws/install/turtlebot3_as/lib/python3.10/site-packages'
[3.377s] Level 1:colcon.colcon_core.environment:checking '/home/ssfa/ros2_ws/install/turtlebot3_as/bin'
[3.377s] INFO:colcon.colcon_core.shell:Creating package script '/home/ssfa/ros2_ws/install/turtlebot3_as/share/turtlebot3_as/package.ps1'
[3.378s] INFO:colcon.colcon_core.shell:Creating package descriptor '/home/ssfa/ros2_ws/install/turtlebot3_as/share/turtlebot3_as/package.dsv'
[3.379s] INFO:colcon.colcon_core.shell:Creating package script '/home/ssfa/ros2_ws/install/turtlebot3_as/share/turtlebot3_as/package.sh'
[3.379s] INFO:colcon.colcon_core.shell:Creating package script '/home/ssfa/ros2_ws/install/turtlebot3_as/share/turtlebot3_as/package.bash'
[3.381s] INFO:colcon.colcon_core.shell:Creating package script '/home/ssfa/ros2_ws/install/turtlebot3_as/share/turtlebot3_as/package.zsh'
[3.381s] Level 1:colcon.colcon_core.environment:create_file_with_runtime_dependencies(/home/ssfa/ros2_ws/install/turtlebot3_as/share/colcon-core/packages/turtlebot3_as)
[3.394s] Level 1:colcon.colcon_core.environment:create_environment_scripts_only(turtlebot3_simulations)
[3.394s] Level 1:colcon.colcon_core.environment:checking '/home/ssfa/ros2_ws/install/turtlebot3_simulations' for CMake module files
[3.395s] Level 1:colcon.colcon_core.environment:checking '/home/ssfa/ros2_ws/install/turtlebot3_simulations' for CMake config files
[3.395s] Level 1:colcon.colcon_core.shell:create_environment_hook('turtlebot3_simulations', 'cmake_prefix_path')
[3.396s] INFO:colcon.colcon_core.shell:Creating environment hook '/home/ssfa/ros2_ws/install/turtlebot3_simulations/share/turtlebot3_simulations/hook/cmake_prefix_path.ps1'
[3.397s] INFO:colcon.colcon_core.shell:Creating environment descriptor '/home/ssfa/ros2_ws/install/turtlebot3_simulations/share/turtlebot3_simulations/hook/cmake_prefix_path.dsv'
[3.397s] INFO:colcon.colcon_core.shell:Creating environment hook '/home/ssfa/ros2_ws/install/turtlebot3_simulations/share/turtlebot3_simulations/hook/cmake_prefix_path.sh'
[3.398s] Level 1:colcon.colcon_core.environment:checking '/home/ssfa/ros2_ws/install/turtlebot3_simulations/bin'
[3.398s] Level 1:colcon.colcon_core.environment:checking '/home/ssfa/ros2_ws/install/turtlebot3_simulations/lib/pkgconfig/turtlebot3_simulations.pc'
[3.399s] Level 1:colcon.colcon_core.environment:checking '/home/ssfa/ros2_ws/install/turtlebot3_simulations/lib/python3.10/site-packages'
[3.399s] Level 1:colcon.colcon_core.environment:checking '/home/ssfa/ros2_ws/install/turtlebot3_simulations/bin'
[3.400s] INFO:colcon.colcon_core.shell:Creating package script '/home/ssfa/ros2_ws/install/turtlebot3_simulations/share/turtlebot3_simulations/package.ps1'
[3.400s] INFO:colcon.colcon_core.shell:Creating package descriptor '/home/ssfa/ros2_ws/install/turtlebot3_simulations/share/turtlebot3_simulations/package.dsv'
[3.401s] INFO:colcon.colcon_core.shell:Creating package script '/home/ssfa/ros2_ws/install/turtlebot3_simulations/share/turtlebot3_simulations/package.sh'
[3.402s] INFO:colcon.colcon_core.shell:Creating package script '/home/ssfa/ros2_ws/install/turtlebot3_simulations/share/turtlebot3_simulations/package.bash'
[3.402s] INFO:colcon.colcon_core.shell:Creating package script '/home/ssfa/ros2_ws/install/turtlebot3_simulations/share/turtlebot3_simulations/package.zsh'
[3.403s] Level 1:colcon.colcon_core.environment:create_file_with_runtime_dependencies(/home/ssfa/ros2_ws/install/turtlebot3_simulations/share/colcon-core/packages/turtlebot3_simulations)
[3.409s] Level 1:colcon.colcon_core.environment:create_environment_scripts_only(turtlebot3_msgs)
[3.410s] Level 1:colcon.colcon_core.environment:checking '/home/ssfa/ros2_ws/install/turtlebot3_msgs' for CMake module files
[3.411s] Level 1:colcon.colcon_core.environment:checking '/home/ssfa/ros2_ws/install/turtlebot3_msgs' for CMake config files
[3.412s] Level 1:colcon.colcon_core.shell:create_environment_hook('turtlebot3_msgs', 'cmake_prefix_path')
[3.412s] INFO:colcon.colcon_core.shell:Creating environment hook '/home/ssfa/ros2_ws/install/turtlebot3_msgs/share/turtlebot3_msgs/hook/cmake_prefix_path.ps1'
[3.413s] INFO:colcon.colcon_core.shell:Creating environment descriptor '/home/ssfa/ros2_ws/install/turtlebot3_msgs/share/turtlebot3_msgs/hook/cmake_prefix_path.dsv'
[3.413s] INFO:colcon.colcon_core.shell:Creating environment hook '/home/ssfa/ros2_ws/install/turtlebot3_msgs/share/turtlebot3_msgs/hook/cmake_prefix_path.sh'
[3.414s] Level 1:colcon.colcon_core.environment:checking '/home/ssfa/ros2_ws/install/turtlebot3_msgs/lib'
[3.414s] Level 1:colcon.colcon_core.shell:create_environment_hook('turtlebot3_msgs', 'ld_library_path_lib')
[3.415s] INFO:colcon.colcon_core.shell:Creating environment hook '/home/ssfa/ros2_ws/install/turtlebot3_msgs/share/turtlebot3_msgs/hook/ld_library_path_lib.ps1'
[3.416s] INFO:colcon.colcon_core.shell:Creating environment descriptor '/home/ssfa/ros2_ws/install/turtlebot3_msgs/share/turtlebot3_msgs/hook/ld_library_path_lib.dsv'
[3.416s] INFO:colcon.colcon_core.shell:Creating environment hook '/home/ssfa/ros2_ws/install/turtlebot3_msgs/share/turtlebot3_msgs/hook/ld_library_path_lib.sh'
[3.417s] Level 1:colcon.colcon_core.environment:checking '/home/ssfa/ros2_ws/install/turtlebot3_msgs/bin'
[3.417s] Level 1:colcon.colcon_core.environment:checking '/home/ssfa/ros2_ws/install/turtlebot3_msgs/lib/pkgconfig/turtlebot3_msgs.pc'
[3.417s] Level 1:colcon.colcon_core.environment:checking '/home/ssfa/ros2_ws/install/turtlebot3_msgs/lib/python3.10/site-packages'
[3.418s] Level 1:colcon.colcon_core.environment:checking '/home/ssfa/ros2_ws/install/turtlebot3_msgs/bin'
[3.418s] INFO:colcon.colcon_core.shell:Creating package script '/home/ssfa/ros2_ws/install/turtlebot3_msgs/share/turtlebot3_msgs/package.ps1'
[3.419s] INFO:colcon.colcon_core.shell:Creating package descriptor '/home/ssfa/ros2_ws/install/turtlebot3_msgs/share/turtlebot3_msgs/package.dsv'
[3.420s] INFO:colcon.colcon_core.shell:Creating package script '/home/ssfa/ros2_ws/install/turtlebot3_msgs/share/turtlebot3_msgs/package.sh'
[3.421s] INFO:colcon.colcon_core.shell:Creating package script '/home/ssfa/ros2_ws/install/turtlebot3_msgs/share/turtlebot3_msgs/package.bash'
[3.421s] INFO:colcon.colcon_core.shell:Creating package script '/home/ssfa/ros2_ws/install/turtlebot3_msgs/share/turtlebot3_msgs/package.zsh'
[3.422s] Level 1:colcon.colcon_core.environment:create_file_with_runtime_dependencies(/home/ssfa/ros2_ws/install/turtlebot3_msgs/share/colcon-core/packages/turtlebot3_msgs)
[3.423s] INFO:colcon.colcon_ros.task.ament_python.build:Building ROS package in '/home/ssfa/ros2_ws/src/t3/turtlebot3/turtlebot3/turtlebot3_example' with build type 'ament_python'
[3.423s] Level 1:colcon.colcon_core.shell:create_environment_hook('turtlebot3_example', 'ament_prefix_path')
[3.424s] INFO:colcon.colcon_core.shell:Creating environment hook '/home/ssfa/ros2_ws/install/turtlebot3_example/share/turtlebot3_example/hook/ament_prefix_path.ps1'
[3.425s] INFO:colcon.colcon_core.shell:Creating environment descriptor '/home/ssfa/ros2_ws/install/turtlebot3_example/share/turtlebot3_example/hook/ament_prefix_path.dsv'
[3.427s] INFO:colcon.colcon_core.shell:Creating environment hook '/home/ssfa/ros2_ws/install/turtlebot3_example/share/turtlebot3_example/hook/ament_prefix_path.sh'
[3.428s] INFO:colcon.colcon_core.shell:Skip shell extension 'powershell' for command environment: Not usable outside of PowerShell
[3.429s] DEBUG:colcon.colcon_core.shell:Skip shell extension 'dsv' for command environment
[3.850s] INFO:colcon.colcon_core.task.python.build:Building Python package in '/home/ssfa/ros2_ws/src/t3/turtlebot3/turtlebot3/turtlebot3_example'
[3.851s] INFO:colcon.colcon_core.shell:Skip shell extension 'powershell' for command environment: Not usable outside of PowerShell
[3.851s] DEBUG:colcon.colcon_core.shell:Skip shell extension 'dsv' for command environment
[3.862s] Level 1:colcon.colcon_core.environment:checking '/home/ssfa/ros2_ws/install/shape_detector' for CMake module files
[3.863s] DEBUG:colcon.colcon_core.event_handler.log_command:Invoked command in '/home/ssfa/ros2_ws/src/shape_detector' returned '0': PYTHONPATH=/home/ssfa/ros2_ws/build/shape_detector/prefix_override:/usr/lib/python3/dist-packages/colcon_core/task/python/colcon_distutils_commands:/home/ssfa/ros2_ws/install/shape_detector/lib/python3.10/site-packages:${PYTHONPATH} /usr/bin/python3 -W ignore:setup.py install is deprecated setup.py egg_info --egg-base ../../build/shape_detector build --build-base /home/ssfa/ros2_ws/build/shape_detector/build install --record /home/ssfa/ros2_ws/build/shape_detector/install.log --single-version-externally-managed install_data
[3.863s] Level 1:colcon.colcon_core.environment:checking '/home/ssfa/ros2_ws/install/shape_detector' for CMake config files
[3.864s] Level 1:colcon.colcon_core.environment:checking '/home/ssfa/ros2_ws/install/shape_detector/lib'
[3.864s] Level 1:colcon.colcon_core.environment:checking '/home/ssfa/ros2_ws/install/shape_detector/bin'
[3.864s] Level 1:colcon.colcon_core.environment:checking '/home/ssfa/ros2_ws/install/shape_detector/lib/pkgconfig/shape_detector.pc'
[3.864s] Level 1:colcon.colcon_core.environment:checking '/home/ssfa/ros2_ws/install/shape_detector/lib/python3.10/site-packages'
[3.864s] Level 1:colcon.colcon_core.shell:create_environment_hook('shape_detector', 'pythonpath')
[3.865s] INFO:colcon.colcon_core.shell:Creating environment hook '/home/ssfa/ros2_ws/install/shape_detector/share/shape_detector/hook/pythonpath.ps1'
[3.865s] INFO:colcon.colcon_core.shell:Creating environment descriptor '/home/ssfa/ros2_ws/install/shape_detector/share/shape_detector/hook/pythonpath.dsv'
[3.866s] INFO:colcon.colcon_core.shell:Creating environment hook '/home/ssfa/ros2_ws/install/shape_detector/share/shape_detector/hook/pythonpath.sh'
[3.866s] Level 1:colcon.colcon_core.environment:checking '/home/ssfa/ros2_ws/install/shape_detector/bin'
[3.866s] Level 1:colcon.colcon_core.environment:create_environment_scripts_only(shape_detector)
[3.867s] INFO:colcon.colcon_core.shell:Creating package script '/home/ssfa/ros2_ws/install/shape_detector/share/shape_detector/package.ps1'
[3.867s] INFO:colcon.colcon_core.shell:Creating package descriptor '/home/ssfa/ros2_ws/install/shape_detector/share/shape_detector/package.dsv'
[3.868s] INFO:colcon.colcon_core.shell:Creating package script '/home/ssfa/ros2_ws/install/shape_detector/share/shape_detector/package.sh'
[3.868s] INFO:colcon.colcon_core.shell:Creating package script '/home/ssfa/ros2_ws/install/shape_detector/share/shape_detector/package.bash'
[3.869s] INFO:colcon.colcon_core.shell:Creating package script '/home/ssfa/ros2_ws/install/shape_detector/share/shape_detector/package.zsh'
[3.869s] Level 1:colcon.colcon_core.environment:create_file_with_runtime_dependencies(/home/ssfa/ros2_ws/install/shape_detector/share/colcon-core/packages/shape_detector)
[3.870s] Level 1:colcon.colcon_core.environment:checking '/home/ssfa/ros2_ws/install/turtlebot3_teleop' for CMake module files
[3.871s] Level 1:colcon.colcon_core.environment:checking '/home/ssfa/ros2_ws/install/turtlebot3_teleop' for CMake config files
[3.872s] DEBUG:colcon.colcon_core.event_handler.log_command:Invoked command in '/home/ssfa/ros2_ws/src/t3/turtlebot3/turtlebot3/turtlebot3_teleop' returned '0': PYTHONPATH=/home/ssfa/ros2_ws/build/turtlebot3_teleop/prefix_override:/usr/lib/python3/dist-packages/colcon_core/task/python/colcon_distutils_commands:/home/ssfa/ros2_ws/install/turtlebot3_teleop/lib/python3.10/site-packages:${PYTHONPATH} /usr/bin/python3 -W ignore:setup.py install is deprecated setup.py egg_info --egg-base ../../../../../build/turtlebot3_teleop build --build-base /home/ssfa/ros2_ws/build/turtlebot3_teleop/build install --record /home/ssfa/ros2_ws/build/turtlebot3_teleop/install.log --install-scripts $base/lib/turtlebot3_teleop --single-version-externally-managed install_data
[3.873s] Level 1:colcon.colcon_core.environment:checking '/home/ssfa/ros2_ws/install/turtlebot3_teleop/lib'
[3.873s] Level 1:colcon.colcon_core.environment:checking '/home/ssfa/ros2_ws/install/turtlebot3_teleop/bin'
[3.874s] Level 1:colcon.colcon_core.environment:checking '/home/ssfa/ros2_ws/install/turtlebot3_teleop/lib/pkgconfig/turtlebot3_teleop.pc'
[3.874s] Level 1:colcon.colcon_core.environment:checking '/home/ssfa/ros2_ws/install/turtlebot3_teleop/lib/python3.10/site-packages'
[3.874s] Level 1:colcon.colcon_core.shell:create_environment_hook('turtlebot3_teleop', 'pythonpath')
[3.875s] INFO:colcon.colcon_core.shell:Creating environment hook '/home/ssfa/ros2_ws/install/turtlebot3_teleop/share/turtlebot3_teleop/hook/pythonpath.ps1'
[3.876s] INFO:colcon.colcon_core.shell:Creating environment descriptor '/home/ssfa/ros2_ws/install/turtlebot3_teleop/share/turtlebot3_teleop/hook/pythonpath.dsv'
[3.877s] INFO:colcon.colcon_core.shell:Creating environment hook '/home/ssfa/ros2_ws/install/turtlebot3_teleop/share/turtlebot3_teleop/hook/pythonpath.sh'
[3.877s] Level 1:colcon.colcon_core.environment:checking '/home/ssfa/ros2_ws/install/turtlebot3_teleop/bin'
[3.877s] Level 1:colcon.colcon_core.environment:create_environment_scripts_only(turtlebot3_teleop)
[3.878s] INFO:colcon.colcon_core.shell:Creating package script '/home/ssfa/ros2_ws/install/turtlebot3_teleop/share/turtlebot3_teleop/package.ps1'
[3.878s] INFO:colcon.colcon_core.shell:Creating package descriptor '/home/ssfa/ros2_ws/install/turtlebot3_teleop/share/turtlebot3_teleop/package.dsv'
[3.879s] INFO:colcon.colcon_core.shell:Creating package script '/home/ssfa/ros2_ws/install/turtlebot3_teleop/share/turtlebot3_teleop/package.sh'
[3.879s] INFO:colcon.colcon_core.shell:Creating package script '/home/ssfa/ros2_ws/install/turtlebot3_teleop/share/turtlebot3_teleop/package.bash'
[3.880s] INFO:colcon.colcon_core.shell:Creating package script '/home/ssfa/ros2_ws/install/turtlebot3_teleop/share/turtlebot3_teleop/package.zsh'
[3.880s] Level 1:colcon.colcon_core.environment:create_file_with_runtime_dependencies(/home/ssfa/ros2_ws/install/turtlebot3_teleop/share/colcon-core/packages/turtlebot3_teleop)
[3.880s] Level 1:colcon.colcon_core.environment:checking '/home/ssfa/ros2_ws/install/services_pkg' for CMake module files
[3.882s] Level 1:colcon.colcon_core.environment:checking '/home/ssfa/ros2_ws/install/services_pkg' for CMake config files
[3.883s] DEBUG:colcon.colcon_core.event_handler.log_command:Invoked command in '/home/ssfa/ros2_ws/src/t3/services_pkg' returned '0': PYTHONPATH=/home/ssfa/ros2_ws/build/services_pkg/prefix_override:/usr/lib/python3/dist-packages/colcon_core/task/python/colcon_distutils_commands:/home/ssfa/ros2_ws/install/services_pkg/lib/python3.10/site-packages:${PYTHONPATH} /usr/bin/python3 -W ignore:setup.py install is deprecated setup.py egg_info --egg-base ../../../build/services_pkg build --build-base /home/ssfa/ros2_ws/build/services_pkg/build install --record /home/ssfa/ros2_ws/build/services_pkg/install.log --install-scripts $base/lib/services_pkg --single-version-externally-managed install_data
[3.883s] Level 1:colcon.colcon_core.environment:checking '/home/ssfa/ros2_ws/install/services_pkg/lib'
[3.883s] Level 1:colcon.colcon_core.environment:checking '/home/ssfa/ros2_ws/install/services_pkg/bin'
[3.883s] Level 1:colcon.colcon_core.environment:checking '/home/ssfa/ros2_ws/install/services_pkg/lib/pkgconfig/services_pkg.pc'
[3.884s] Level 1:colcon.colcon_core.environment:checking '/home/ssfa/ros2_ws/install/services_pkg/lib/python3.10/site-packages'
[3.884s] Level 1:colcon.colcon_core.shell:create_environment_hook('services_pkg', 'pythonpath')
[3.884s] INFO:colcon.colcon_core.shell:Creating environment hook '/home/ssfa/ros2_ws/install/services_pkg/share/services_pkg/hook/pythonpath.ps1'
[3.885s] INFO:colcon.colcon_core.shell:Creating environment descriptor '/home/ssfa/ros2_ws/install/services_pkg/share/services_pkg/hook/pythonpath.dsv'
[3.885s] INFO:colcon.colcon_core.shell:Creating environment hook '/home/ssfa/ros2_ws/install/services_pkg/share/services_pkg/hook/pythonpath.sh'
[3.885s] Level 1:colcon.colcon_core.environment:checking '/home/ssfa/ros2_ws/install/services_pkg/bin'
[3.886s] Level 1:colcon.colcon_core.environment:create_environment_scripts_only(services_pkg)
[3.886s] INFO:colcon.colcon_core.shell:Creating package script '/home/ssfa/ros2_ws/install/services_pkg/share/services_pkg/package.ps1'
[3.886s] INFO:colcon.colcon_core.shell:Creating package descriptor '/home/ssfa/ros2_ws/install/services_pkg/share/services_pkg/package.dsv'
[3.887s] INFO:colcon.colcon_core.shell:Creating package script '/home/ssfa/ros2_ws/install/services_pkg/share/services_pkg/package.sh'
[3.887s] INFO:colcon.colcon_core.shell:Creating package script '/home/ssfa/ros2_ws/install/services_pkg/share/services_pkg/package.bash'
[3.888s] INFO:colcon.colcon_core.shell:Creating package script '/home/ssfa/ros2_ws/install/services_pkg/share/services_pkg/package.zsh'
[3.888s] Level 1:colcon.colcon_core.environment:create_file_with_runtime_dependencies(/home/ssfa/ros2_ws/install/services_pkg/share/colcon-core/packages/services_pkg)
[3.889s] Level 1:colcon.colcon_core.environment:checking '/home/ssfa/ros2_ws/install/color_shape_detector' for CMake module files
[3.890s] Level 1:colcon.colcon_core.environment:checking '/home/ssfa/ros2_ws/install/color_shape_detector' for CMake config files
[3.891s] DEBUG:colcon.colcon_core.event_handler.log_command:Invoked command in '/home/ssfa/ros2_ws/src/color_shape_detector' returned '0': PYTHONPATH=/home/ssfa/ros2_ws/build/color_shape_detector/prefix_override:/usr/lib/python3/dist-packages/colcon_core/task/python/colcon_distutils_commands:/home/ssfa/ros2_ws/install/color_shape_detector/lib/python3.10/site-packages:${PYTHONPATH} /usr/bin/python3 -W ignore:setup.py install is deprecated setup.py egg_info --egg-base ../../build/color_shape_detector build --build-base /home/ssfa/ros2_ws/build/color_shape_detector/build install --record /home/ssfa/ros2_ws/build/color_shape_detector/install.log --single-version-externally-managed install_data
[3.891s] Level 1:colcon.colcon_core.environment:checking '/home/ssfa/ros2_ws/install/color_shape_detector/lib'
[3.892s] Level 1:colcon.colcon_core.environment:checking '/home/ssfa/ros2_ws/install/color_shape_detector/bin'
[3.892s] Level 1:colcon.colcon_core.environment:checking '/home/ssfa/ros2_ws/install/color_shape_detector/lib/pkgconfig/color_shape_detector.pc'
[3.892s] Level 1:colcon.colcon_core.environment:checking '/home/ssfa/ros2_ws/install/color_shape_detector/lib/python3.10/site-packages'
[3.892s] Level 1:colcon.colcon_core.shell:create_environment_hook('color_shape_detector', 'pythonpath')
[3.893s] INFO:colcon.colcon_core.shell:Creating environment hook '/home/ssfa/ros2_ws/install/color_shape_detector/share/color_shape_detector/hook/pythonpath.ps1'
[3.893s] INFO:colcon.colcon_core.shell:Creating environment descriptor '/home/ssfa/ros2_ws/install/color_shape_detector/share/color_shape_detector/hook/pythonpath.dsv'
[3.894s] INFO:colcon.colcon_core.shell:Creating environment hook '/home/ssfa/ros2_ws/install/color_shape_detector/share/color_shape_detector/hook/pythonpath.sh'
[3.894s] Level 1:colcon.colcon_core.environment:checking '/home/ssfa/ros2_ws/install/color_shape_detector/bin'
[3.894s] Level 1:colcon.colcon_core.environment:create_environment_scripts_only(color_shape_detector)
[3.895s] INFO:colcon.colcon_core.shell:Creating package script '/home/ssfa/ros2_ws/install/color_shape_detector/share/color_shape_detector/package.ps1'
[3.895s] INFO:colcon.colcon_core.shell:Creating package descriptor '/home/ssfa/ros2_ws/install/color_shape_detector/share/color_shape_detector/package.dsv'
[3.896s] INFO:colcon.colcon_core.shell:Creating package script '/home/ssfa/ros2_ws/install/color_shape_detector/share/color_shape_detector/package.sh'
[3.896s] INFO:colcon.colcon_core.shell:Creating package script '/home/ssfa/ros2_ws/install/color_shape_detector/share/color_shape_detector/package.bash'
[3.896s] INFO:colcon.colcon_core.shell:Creating package script '/home/ssfa/ros2_ws/install/color_shape_detector/share/color_shape_detector/package.zsh'
[3.896s] Level 1:colcon.colcon_core.environment:create_file_with_runtime_dependencies(/home/ssfa/ros2_ws/install/color_shape_detector/share/colcon-core/packages/color_shape_detector)
[3.897s] Level 1:colcon.colcon_core.environment:create_environment_scripts_only(yolov8_msgs)
[3.898s] Level 1:colcon.colcon_core.environment:checking '/home/ssfa/ros2_ws/install/yolov8_msgs' for CMake module files
[3.899s] Level 1:colcon.colcon_core.environment:checking '/home/ssfa/ros2_ws/install/yolov8_msgs' for CMake config files
[3.899s] Level 1:colcon.colcon_core.shell:create_environment_hook('yolov8_msgs', 'cmake_prefix_path')
[3.899s] INFO:colcon.colcon_core.shell:Creating environment hook '/home/ssfa/ros2_ws/install/yolov8_msgs/share/yolov8_msgs/hook/cmake_prefix_path.ps1'
[3.900s] INFO:colcon.colcon_core.shell:Creating environment descriptor '/home/ssfa/ros2_ws/install/yolov8_msgs/share/yolov8_msgs/hook/cmake_prefix_path.dsv'
[3.900s] INFO:colcon.colcon_core.shell:Creating environment hook '/home/ssfa/ros2_ws/install/yolov8_msgs/share/yolov8_msgs/hook/cmake_prefix_path.sh'
[3.901s] Level 1:colcon.colcon_core.environment:checking '/home/ssfa/ros2_ws/install/yolov8_msgs/lib'
[3.901s] Level 1:colcon.colcon_core.shell:create_environment_hook('yolov8_msgs', 'ld_library_path_lib')
[3.901s] INFO:colcon.colcon_core.shell:Creating environment hook '/home/ssfa/ros2_ws/install/yolov8_msgs/share/yolov8_msgs/hook/ld_library_path_lib.ps1'
[3.902s] INFO:colcon.colcon_core.shell:Creating environment descriptor '/home/ssfa/ros2_ws/install/yolov8_msgs/share/yolov8_msgs/hook/ld_library_path_lib.dsv'
[3.902s] INFO:colcon.colcon_core.shell:Creating environment hook '/home/ssfa/ros2_ws/install/yolov8_msgs/share/yolov8_msgs/hook/ld_library_path_lib.sh'
[3.902s] Level 1:colcon.colcon_core.environment:checking '/home/ssfa/ros2_ws/install/yolov8_msgs/bin'
[3.902s] Level 1:colcon.colcon_core.environment:checking '/home/ssfa/ros2_ws/install/yolov8_msgs/lib/pkgconfig/yolov8_msgs.pc'
[3.903s] Level 1:colcon.colcon_core.environment:checking '/home/ssfa/ros2_ws/install/yolov8_msgs/lib/python3.10/site-packages'
[3.903s] Level 1:colcon.colcon_core.environment:checking '/home/ssfa/ros2_ws/install/yolov8_msgs/bin'
[3.903s] INFO:colcon.colcon_core.shell:Creating package script '/home/ssfa/ros2_ws/install/yolov8_msgs/share/yolov8_msgs/package.ps1'
[3.904s] INFO:colcon.colcon_core.shell:Creating package descriptor '/home/ssfa/ros2_ws/install/yolov8_msgs/share/yolov8_msgs/package.dsv'
[3.904s] INFO:colcon.colcon_core.shell:Creating package script '/home/ssfa/ros2_ws/install/yolov8_msgs/share/yolov8_msgs/package.sh'
[3.905s] INFO:colcon.colcon_core.shell:Creating package script '/home/ssfa/ros2_ws/install/yolov8_msgs/share/yolov8_msgs/package.bash'
[3.905s] INFO:colcon.colcon_core.shell:Creating package script '/home/ssfa/ros2_ws/install/yolov8_msgs/share/yolov8_msgs/package.zsh'
[3.905s] Level 1:colcon.colcon_core.environment:create_file_with_runtime_dependencies(/home/ssfa/ros2_ws/install/yolov8_msgs/share/colcon-core/packages/yolov8_msgs)
[3.906s] INFO:colcon.colcon_ros.task.ament_python.build:Building ROS package in '/home/ssfa/ros2_ws/src/yolov8_ros/yolov8_ros' with build type 'ament_python'
[3.907s] Level 1:colcon.colcon_core.shell:create_environment_hook('yolov8_ros', 'ament_prefix_path')
[3.907s] INFO:colcon.colcon_core.shell:Creating environment hook '/home/ssfa/ros2_ws/install/yolov8_ros/share/yolov8_ros/hook/ament_prefix_path.ps1'
[3.908s] INFO:colcon.colcon_core.shell:Creating environment descriptor '/home/ssfa/ros2_ws/install/yolov8_ros/share/yolov8_ros/hook/ament_prefix_path.dsv'
[3.908s] INFO:colcon.colcon_core.shell:Creating environment hook '/home/ssfa/ros2_ws/install/yolov8_ros/share/yolov8_ros/hook/ament_prefix_path.sh'
[3.909s] INFO:colcon.colcon_core.shell:Skip shell extension 'powershell' for command environment: Not usable outside of PowerShell
[3.909s] DEBUG:colcon.colcon_core.shell:Skip shell extension 'dsv' for command environment
[4.329s] INFO:colcon.colcon_core.task.python.build:Building Python package in '/home/ssfa/ros2_ws/src/yolov8_ros/yolov8_ros'
[4.330s] INFO:colcon.colcon_core.shell:Skip shell extension 'powershell' for command environment: Not usable outside of PowerShell
[4.330s] DEBUG:colcon.colcon_core.shell:Skip shell extension 'dsv' for command environment
[4.376s] DEBUG:colcon.colcon_core.event_handler.log_command:Invoking command in '/home/ssfa/ros2_ws/src/t3/turtlebot3/turtlebot3/turtlebot3_example': CMAKE_PREFIX_PATH=/home/ssfa/ros2_ws/install/turtlebot3_msgs:/home/ssfa/ros2_ws/install/yolov8_bringup:/home/ssfa/ros2_ws/install/yolov8_msgs:/home/ssfa/ros2_ws/install/usb_cam:/home/ssfa/ros2_ws/install/turtlebot3:/home/ssfa/ros2_ws/install/turtlebot3_simulations:/home/ssfa/ros2_ws/install/turtlebot3_navigation2:/home/ssfa/ros2_ws/install/turtlebot3_gazebo:/home/ssfa/ros2_ws/install/turtlebot3_bringup:/home/ssfa/ros2_ws/install/turtlebot3_description:/home/ssfa/ros2_ws/install/turtlebot3_cartographer:/home/ssfa/ros2_ws/install/turtlebot3_as:/home/ssfa/ros2_ws/install/t3_action_msg:/home/ssfa/ros2_ws/install/dynamixel_sdk LD_LIBRARY_PATH=/home/ssfa/ros2_ws/install/turtlebot3_msgs/lib:/home/ssfa/ros2_ws/install/yolov8_msgs/lib:/home/ssfa/ros2_ws/install/usb_cam/lib:/home/ssfa/ros2_ws/install/t3_action_msg/lib:/home/ssfa/ros2_ws/install/dynamixel_sdk/lib:/usr/lib/x86_64-linux-gnu/gazebo-11/plugins:/opt/ros/humble/opt/rviz_ogre_vendor/lib:/opt/ros/humble/lib/x86_64-linux-gnu:/opt/ros/humble/lib PYTHONPATH=/home/ssfa/ros2_ws/build/turtlebot3_example/prefix_override:/usr/lib/python3/dist-packages/colcon_core/task/python/colcon_distutils_commands:/home/ssfa/ros2_ws/install/turtlebot3_example/lib/python3.10/site-packages:${PYTHONPATH} /usr/bin/python3 -W ignore:setup.py install is deprecated setup.py egg_info --egg-base ../../../../../build/turtlebot3_example build --build-base /home/ssfa/ros2_ws/build/turtlebot3_example/build install --record /home/ssfa/ros2_ws/build/turtlebot3_example/install.log --install-scripts $base/lib/turtlebot3_example --single-version-externally-managed install_data
[4.770s] Level 1:colcon.colcon_core.environment:checking '/home/ssfa/ros2_ws/install/turtlebot3_example' for CMake module files
[4.771s] DEBUG:colcon.colcon_core.event_handler.log_command:Invoked command in '/home/ssfa/ros2_ws/src/t3/turtlebot3/turtlebot3/turtlebot3_example' returned '0': CMAKE_PREFIX_PATH=/home/ssfa/ros2_ws/install/turtlebot3_msgs:/home/ssfa/ros2_ws/install/yolov8_bringup:/home/ssfa/ros2_ws/install/yolov8_msgs:/home/ssfa/ros2_ws/install/usb_cam:/home/ssfa/ros2_ws/install/turtlebot3:/home/ssfa/ros2_ws/install/turtlebot3_simulations:/home/ssfa/ros2_ws/install/turtlebot3_navigation2:/home/ssfa/ros2_ws/install/turtlebot3_gazebo:/home/ssfa/ros2_ws/install/turtlebot3_bringup:/home/ssfa/ros2_ws/install/turtlebot3_description:/home/ssfa/ros2_ws/install/turtlebot3_cartographer:/home/ssfa/ros2_ws/install/turtlebot3_as:/home/ssfa/ros2_ws/install/t3_action_msg:/home/ssfa/ros2_ws/install/dynamixel_sdk LD_LIBRARY_PATH=/home/ssfa/ros2_ws/install/turtlebot3_msgs/lib:/home/ssfa/ros2_ws/install/yolov8_msgs/lib:/home/ssfa/ros2_ws/install/usb_cam/lib:/home/ssfa/ros2_ws/install/t3_action_msg/lib:/home/ssfa/ros2_ws/install/dynamixel_sdk/lib:/usr/lib/x86_64-linux-gnu/gazebo-11/plugins:/opt/ros/humble/opt/rviz_ogre_vendor/lib:/opt/ros/humble/lib/x86_64-linux-gnu:/opt/ros/humble/lib PYTHONPATH=/home/ssfa/ros2_ws/build/turtlebot3_example/prefix_override:/usr/lib/python3/dist-packages/colcon_core/task/python/colcon_distutils_commands:/home/ssfa/ros2_ws/install/turtlebot3_example/lib/python3.10/site-packages:${PYTHONPATH} /usr/bin/python3 -W ignore:setup.py install is deprecated setup.py egg_info --egg-base ../../../../../build/turtlebot3_example build --build-base /home/ssfa/ros2_ws/build/turtlebot3_example/build install --record /home/ssfa/ros2_ws/build/turtlebot3_example/install.log --install-scripts $base/lib/turtlebot3_example --single-version-externally-managed install_data
[4.771s] Level 1:colcon.colcon_core.environment:checking '/home/ssfa/ros2_ws/install/turtlebot3_example' for CMake config files
[4.772s] Level 1:colcon.colcon_core.environment:checking '/home/ssfa/ros2_ws/install/turtlebot3_example/lib'
[4.772s] Level 1:colcon.colcon_core.environment:checking '/home/ssfa/ros2_ws/install/turtlebot3_example/bin'
[4.772s] Level 1:colcon.colcon_core.environment:checking '/home/ssfa/ros2_ws/install/turtlebot3_example/lib/pkgconfig/turtlebot3_example.pc'
[4.772s] Level 1:colcon.colcon_core.environment:checking '/home/ssfa/ros2_ws/install/turtlebot3_example/lib/python3.10/site-packages'
[4.772s] Level 1:colcon.colcon_core.shell:create_environment_hook('turtlebot3_example', 'pythonpath')
[4.773s] INFO:colcon.colcon_core.shell:Creating environment hook '/home/ssfa/ros2_ws/install/turtlebot3_example/share/turtlebot3_example/hook/pythonpath.ps1'
[4.773s] INFO:colcon.colcon_core.shell:Creating environment descriptor '/home/ssfa/ros2_ws/install/turtlebot3_example/share/turtlebot3_example/hook/pythonpath.dsv'
[4.774s] INFO:colcon.colcon_core.shell:Creating environment hook '/home/ssfa/ros2_ws/install/turtlebot3_example/share/turtlebot3_example/hook/pythonpath.sh'
[4.774s] Level 1:colcon.colcon_core.environment:checking '/home/ssfa/ros2_ws/install/turtlebot3_example/bin'
[4.774s] Level 1:colcon.colcon_core.environment:create_environment_scripts_only(turtlebot3_example)
[4.775s] INFO:colcon.colcon_core.shell:Creating package script '/home/ssfa/ros2_ws/install/turtlebot3_example/share/turtlebot3_example/package.ps1'
[4.775s] INFO:colcon.colcon_core.shell:Creating package descriptor '/home/ssfa/ros2_ws/install/turtlebot3_example/share/turtlebot3_example/package.dsv'
[4.776s] INFO:colcon.colcon_core.shell:Creating package script '/home/ssfa/ros2_ws/install/turtlebot3_example/share/turtlebot3_example/package.sh'
[4.776s] INFO:colcon.colcon_core.shell:Creating package script '/home/ssfa/ros2_ws/install/turtlebot3_example/share/turtlebot3_example/package.bash'
[4.777s] INFO:colcon.colcon_core.shell:Creating package script '/home/ssfa/ros2_ws/install/turtlebot3_example/share/turtlebot3_example/package.zsh'
[4.777s] Level 1:colcon.colcon_core.environment:create_file_with_runtime_dependencies(/home/ssfa/ros2_ws/install/turtlebot3_example/share/colcon-core/packages/turtlebot3_example)
[4.777s] INFO:colcon.colcon_ros.task.ament_cmake.build:Building ROS package in '/home/ssfa/ros2_ws/src/t3/turtlebot3/turtlebot3/turtlebot3' with build type 'ament_cmake'
[4.777s] INFO:colcon.colcon_cmake.task.cmake.build:Building CMake package in '/home/ssfa/ros2_ws/src/t3/turtlebot3/turtlebot3/turtlebot3'
[4.778s] INFO:colcon.colcon_core.shell:Skip shell extension 'powershell' for command environment: Not usable outside of PowerShell
[4.778s] DEBUG:colcon.colcon_core.shell:Skip shell extension 'dsv' for command environment
[4.802s] DEBUG:colcon.colcon_core.event_handler.log_command:Invoking command in '/home/ssfa/ros2_ws/build/turtlebot3': AMENT_PREFIX_PATH=/home/ssfa/ros2_ws/install/turtlebot3_example:/home/ssfa/ros2_ws/install/turtlebot3_teleop:/home/ssfa/ros2_ws/install/yolov8_bringup:/home/ssfa/ros2_ws/install/yolov8_ros:/home/ssfa/ros2_ws/install/yolov8_msgs:/home/ssfa/ros2_ws/install/usb_cam:/home/ssfa/ros2_ws/install/turtlebot3:/home/ssfa/ros2_ws/install/turtlebot3_simulations:/home/ssfa/ros2_ws/install/turtlebot3_navigation2:/home/ssfa/ros2_ws/install/turtlebot3_msgs:/home/ssfa/ros2_ws/install/turtlebot3_gazebo:/home/ssfa/ros2_ws/install/turtlebot3_bringup:/home/ssfa/ros2_ws/install/turtlebot3_description:/home/ssfa/ros2_ws/install/turtlebot3_cartographer:/home/ssfa/ros2_ws/install/turtlebot3_as:/home/ssfa/ros2_ws/install/t3_action_msg:/home/ssfa/ros2_ws/install/shape_detector:/home/ssfa/ros2_ws/install/services_pkg:/home/ssfa/ros2_ws/install/dynamixel_sdk:/home/ssfa/ros2_ws/install/cv_basics:/home/ssfa/ros2_ws/install/color_shape_detector:/opt/ros/humble CMAKE_PREFIX_PATH=/home/ssfa/ros2_ws/install/turtlebot3_bringup:/home/ssfa/ros2_ws/install/turtlebot3_navigation2:/home/ssfa/ros2_ws/install/turtlebot3_msgs:/home/ssfa/ros2_ws/install/turtlebot3_description:/home/ssfa/ros2_ws/install/turtlebot3_cartographer:/home/ssfa/ros2_ws/install/yolov8_bringup:/home/ssfa/ros2_ws/install/yolov8_msgs:/home/ssfa/ros2_ws/install/usb_cam:/home/ssfa/ros2_ws/install/turtlebot3:/home/ssfa/ros2_ws/install/turtlebot3_simulations:/home/ssfa/ros2_ws/install/turtlebot3_gazebo:/home/ssfa/ros2_ws/install/turtlebot3_as:/home/ssfa/ros2_ws/install/t3_action_msg:/home/ssfa/ros2_ws/install/dynamixel_sdk:/home/ssfa/ros2_ws/install/yolov8_ros:/home/ssfa/ros2_ws/install/turtlebot3_teleop:/home/ssfa/ros2_ws/install/turtlebot3_example:/home/ssfa/ros2_ws/install/shape_detector:/home/ssfa/ros2_ws/install/services_pkg:/home/ssfa/ros2_ws/install/cv_basics:/home/ssfa/ros2_ws/install/color_shape_detector:/opt/ros/humble LD_LIBRARY_PATH=/home/ssfa/ros2_ws/install/turtlebot3_msgs/lib:/home/ssfa/ros2_ws/install/yolov8_msgs/lib:/home/ssfa/ros2_ws/install/usb_cam/lib:/home/ssfa/ros2_ws/install/t3_action_msg/lib:/home/ssfa/ros2_ws/install/dynamixel_sdk/lib:/usr/lib/x86_64-linux-gnu/gazebo-11/plugins:/opt/ros/humble/opt/rviz_ogre_vendor/lib:/opt/ros/humble/lib/x86_64-linux-gnu:/opt/ros/humble/lib PYTHONPATH=/home/ssfa/ros2_ws/install/turtlebot3_example/lib/python3.10/site-packages:/home/ssfa/ros2_ws/install/turtlebot3_teleop/lib/python3.10/site-packages:/home/ssfa/ros2_ws/install/yolov8_ros/lib/python3.10/site-packages:/home/ssfa/ros2_ws/install/yolov8_msgs/local/lib/python3.10/dist-packages:/home/ssfa/ros2_ws/install/turtlebot3_msgs/local/lib/python3.10/dist-packages:/home/ssfa/ros2_ws/install/t3_action_msg/local/lib/python3.10/dist-packages:/home/ssfa/ros2_ws/install/shape_detector/lib/python3.10/site-packages:/home/ssfa/ros2_ws/install/services_pkg/lib/python3.10/site-packages:/home/ssfa/ros2_ws/install/cv_basics/lib/python3.10/site-packages:/home/ssfa/ros2_ws/install/color_shape_detector/lib/python3.10/site-packages:/opt/ros/humble/lib/python3.10/site-packages:/opt/ros/humble/local/lib/python3.10/dist-packages /usr/bin/cmake --build /home/ssfa/ros2_ws/build/turtlebot3 -- -j12 -l12
[4.849s] DEBUG:colcon.colcon_core.event_handler.log_command:Invoked command in '/home/ssfa/ros2_ws/build/turtlebot3' returned '0': AMENT_PREFIX_PATH=/home/ssfa/ros2_ws/install/turtlebot3_example:/home/ssfa/ros2_ws/install/turtlebot3_teleop:/home/ssfa/ros2_ws/install/yolov8_bringup:/home/ssfa/ros2_ws/install/yolov8_ros:/home/ssfa/ros2_ws/install/yolov8_msgs:/home/ssfa/ros2_ws/install/usb_cam:/home/ssfa/ros2_ws/install/turtlebot3:/home/ssfa/ros2_ws/install/turtlebot3_simulations:/home/ssfa/ros2_ws/install/turtlebot3_navigation2:/home/ssfa/ros2_ws/install/turtlebot3_msgs:/home/ssfa/ros2_ws/install/turtlebot3_gazebo:/home/ssfa/ros2_ws/install/turtlebot3_bringup:/home/ssfa/ros2_ws/install/turtlebot3_description:/home/ssfa/ros2_ws/install/turtlebot3_cartographer:/home/ssfa/ros2_ws/install/turtlebot3_as:/home/ssfa/ros2_ws/install/t3_action_msg:/home/ssfa/ros2_ws/install/shape_detector:/home/ssfa/ros2_ws/install/services_pkg:/home/ssfa/ros2_ws/install/dynamixel_sdk:/home/ssfa/ros2_ws/install/cv_basics:/home/ssfa/ros2_ws/install/color_shape_detector:/opt/ros/humble CMAKE_PREFIX_PATH=/home/ssfa/ros2_ws/install/turtlebot3_bringup:/home/ssfa/ros2_ws/install/turtlebot3_navigation2:/home/ssfa/ros2_ws/install/turtlebot3_msgs:/home/ssfa/ros2_ws/install/turtlebot3_description:/home/ssfa/ros2_ws/install/turtlebot3_cartographer:/home/ssfa/ros2_ws/install/yolov8_bringup:/home/ssfa/ros2_ws/install/yolov8_msgs:/home/ssfa/ros2_ws/install/usb_cam:/home/ssfa/ros2_ws/install/turtlebot3:/home/ssfa/ros2_ws/install/turtlebot3_simulations:/home/ssfa/ros2_ws/install/turtlebot3_gazebo:/home/ssfa/ros2_ws/install/turtlebot3_as:/home/ssfa/ros2_ws/install/t3_action_msg:/home/ssfa/ros2_ws/install/dynamixel_sdk:/home/ssfa/ros2_ws/install/yolov8_ros:/home/ssfa/ros2_ws/install/turtlebot3_teleop:/home/ssfa/ros2_ws/install/turtlebot3_example:/home/ssfa/ros2_ws/install/shape_detector:/home/ssfa/ros2_ws/install/services_pkg:/home/ssfa/ros2_ws/install/cv_basics:/home/ssfa/ros2_ws/install/color_shape_detector:/opt/ros/humble LD_LIBRARY_PATH=/home/ssfa/ros2_ws/install/turtlebot3_msgs/lib:/home/ssfa/ros2_ws/install/yolov8_msgs/lib:/home/ssfa/ros2_ws/install/usb_cam/lib:/home/ssfa/ros2_ws/install/t3_action_msg/lib:/home/ssfa/ros2_ws/install/dynamixel_sdk/lib:/usr/lib/x86_64-linux-gnu/gazebo-11/plugins:/opt/ros/humble/opt/rviz_ogre_vendor/lib:/opt/ros/humble/lib/x86_64-linux-gnu:/opt/ros/humble/lib PYTHONPATH=/home/ssfa/ros2_ws/install/turtlebot3_example/lib/python3.10/site-packages:/home/ssfa/ros2_ws/install/turtlebot3_teleop/lib/python3.10/site-packages:/home/ssfa/ros2_ws/install/yolov8_ros/lib/python3.10/site-packages:/home/ssfa/ros2_ws/install/yolov8_msgs/local/lib/python3.10/dist-packages:/home/ssfa/ros2_ws/install/turtlebot3_msgs/local/lib/python3.10/dist-packages:/home/ssfa/ros2_ws/install/t3_action_msg/local/lib/python3.10/dist-packages:/home/ssfa/ros2_ws/install/shape_detector/lib/python3.10/site-packages:/home/ssfa/ros2_ws/install/services_pkg/lib/python3.10/site-packages:/home/ssfa/ros2_ws/install/cv_basics/lib/python3.10/site-packages:/home/ssfa/ros2_ws/install/color_shape_detector/lib/python3.10/site-packages:/opt/ros/humble/lib/python3.10/site-packages:/opt/ros/humble/local/lib/python3.10/dist-packages /usr/bin/cmake --build /home/ssfa/ros2_ws/build/turtlebot3 -- -j12 -l12
[4.870s] DEBUG:colcon.colcon_core.event_handler.log_command:Invoking command in '/home/ssfa/ros2_ws/src/yolov8_ros/yolov8_ros': CMAKE_PREFIX_PATH=/home/ssfa/ros2_ws/install/yolov8_msgs:/home/ssfa/ros2_ws/install/yolov8_bringup:/home/ssfa/ros2_ws/install/usb_cam:/home/ssfa/ros2_ws/install/turtlebot3:/home/ssfa/ros2_ws/install/turtlebot3_simulations:/home/ssfa/ros2_ws/install/turtlebot3_navigation2:/home/ssfa/ros2_ws/install/turtlebot3_msgs:/home/ssfa/ros2_ws/install/turtlebot3_gazebo:/home/ssfa/ros2_ws/install/turtlebot3_bringup:/home/ssfa/ros2_ws/install/turtlebot3_description:/home/ssfa/ros2_ws/install/turtlebot3_cartographer:/home/ssfa/ros2_ws/install/turtlebot3_as:/home/ssfa/ros2_ws/install/t3_action_msg:/home/ssfa/ros2_ws/install/dynamixel_sdk PYTHONPATH=/home/ssfa/ros2_ws/build/yolov8_ros/prefix_override:/usr/lib/python3/dist-packages/colcon_core/task/python/colcon_distutils_commands:/home/ssfa/ros2_ws/install/yolov8_ros/lib/python3.10/site-packages:${PYTHONPATH} /usr/bin/python3 -W ignore:setup.py install is deprecated setup.py egg_info --egg-base ../../../build/yolov8_ros build --build-base /home/ssfa/ros2_ws/build/yolov8_ros/build install --record /home/ssfa/ros2_ws/build/yolov8_ros/install.log --single-version-externally-managed install_data
[4.888s] DEBUG:colcon.colcon_core.event_handler.log_command:Invoking command in '/home/ssfa/ros2_ws/build/turtlebot3': AMENT_PREFIX_PATH=/home/ssfa/ros2_ws/install/turtlebot3_example:/home/ssfa/ros2_ws/install/turtlebot3_teleop:/home/ssfa/ros2_ws/install/yolov8_bringup:/home/ssfa/ros2_ws/install/yolov8_ros:/home/ssfa/ros2_ws/install/yolov8_msgs:/home/ssfa/ros2_ws/install/usb_cam:/home/ssfa/ros2_ws/install/turtlebot3:/home/ssfa/ros2_ws/install/turtlebot3_simulations:/home/ssfa/ros2_ws/install/turtlebot3_navigation2:/home/ssfa/ros2_ws/install/turtlebot3_msgs:/home/ssfa/ros2_ws/install/turtlebot3_gazebo:/home/ssfa/ros2_ws/install/turtlebot3_bringup:/home/ssfa/ros2_ws/install/turtlebot3_description:/home/ssfa/ros2_ws/install/turtlebot3_cartographer:/home/ssfa/ros2_ws/install/turtlebot3_as:/home/ssfa/ros2_ws/install/t3_action_msg:/home/ssfa/ros2_ws/install/shape_detector:/home/ssfa/ros2_ws/install/services_pkg:/home/ssfa/ros2_ws/install/dynamixel_sdk:/home/ssfa/ros2_ws/install/cv_basics:/home/ssfa/ros2_ws/install/color_shape_detector:/opt/ros/humble CMAKE_PREFIX_PATH=/home/ssfa/ros2_ws/install/turtlebot3_bringup:/home/ssfa/ros2_ws/install/turtlebot3_navigation2:/home/ssfa/ros2_ws/install/turtlebot3_msgs:/home/ssfa/ros2_ws/install/turtlebot3_description:/home/ssfa/ros2_ws/install/turtlebot3_cartographer:/home/ssfa/ros2_ws/install/yolov8_bringup:/home/ssfa/ros2_ws/install/yolov8_msgs:/home/ssfa/ros2_ws/install/usb_cam:/home/ssfa/ros2_ws/install/turtlebot3:/home/ssfa/ros2_ws/install/turtlebot3_simulations:/home/ssfa/ros2_ws/install/turtlebot3_gazebo:/home/ssfa/ros2_ws/install/turtlebot3_as:/home/ssfa/ros2_ws/install/t3_action_msg:/home/ssfa/ros2_ws/install/dynamixel_sdk:/home/ssfa/ros2_ws/install/yolov8_ros:/home/ssfa/ros2_ws/install/turtlebot3_teleop:/home/ssfa/ros2_ws/install/turtlebot3_example:/home/ssfa/ros2_ws/install/shape_detector:/home/ssfa/ros2_ws/install/services_pkg:/home/ssfa/ros2_ws/install/cv_basics:/home/ssfa/ros2_ws/install/color_shape_detector:/opt/ros/humble LD_LIBRARY_PATH=/home/ssfa/ros2_ws/install/turtlebot3_msgs/lib:/home/ssfa/ros2_ws/install/yolov8_msgs/lib:/home/ssfa/ros2_ws/install/usb_cam/lib:/home/ssfa/ros2_ws/install/t3_action_msg/lib:/home/ssfa/ros2_ws/install/dynamixel_sdk/lib:/usr/lib/x86_64-linux-gnu/gazebo-11/plugins:/opt/ros/humble/opt/rviz_ogre_vendor/lib:/opt/ros/humble/lib/x86_64-linux-gnu:/opt/ros/humble/lib PYTHONPATH=/home/ssfa/ros2_ws/install/turtlebot3_example/lib/python3.10/site-packages:/home/ssfa/ros2_ws/install/turtlebot3_teleop/lib/python3.10/site-packages:/home/ssfa/ros2_ws/install/yolov8_ros/lib/python3.10/site-packages:/home/ssfa/ros2_ws/install/yolov8_msgs/local/lib/python3.10/dist-packages:/home/ssfa/ros2_ws/install/turtlebot3_msgs/local/lib/python3.10/dist-packages:/home/ssfa/ros2_ws/install/t3_action_msg/local/lib/python3.10/dist-packages:/home/ssfa/ros2_ws/install/shape_detector/lib/python3.10/site-packages:/home/ssfa/ros2_ws/install/services_pkg/lib/python3.10/site-packages:/home/ssfa/ros2_ws/install/cv_basics/lib/python3.10/site-packages:/home/ssfa/ros2_ws/install/color_shape_detector/lib/python3.10/site-packages:/opt/ros/humble/lib/python3.10/site-packages:/opt/ros/humble/local/lib/python3.10/dist-packages /usr/bin/cmake --install /home/ssfa/ros2_ws/build/turtlebot3
[4.915s] Level 1:colcon.colcon_core.environment:create_environment_scripts_only(turtlebot3)
[4.915s] Level 1:colcon.colcon_core.environment:checking '/home/ssfa/ros2_ws/install/turtlebot3' for CMake module files
[4.916s] DEBUG:colcon.colcon_core.event_handler.log_command:Invoked command in '/home/ssfa/ros2_ws/build/turtlebot3' returned '0': AMENT_PREFIX_PATH=/home/ssfa/ros2_ws/install/turtlebot3_example:/home/ssfa/ros2_ws/install/turtlebot3_teleop:/home/ssfa/ros2_ws/install/yolov8_bringup:/home/ssfa/ros2_ws/install/yolov8_ros:/home/ssfa/ros2_ws/install/yolov8_msgs:/home/ssfa/ros2_ws/install/usb_cam:/home/ssfa/ros2_ws/install/turtlebot3:/home/ssfa/ros2_ws/install/turtlebot3_simulations:/home/ssfa/ros2_ws/install/turtlebot3_navigation2:/home/ssfa/ros2_ws/install/turtlebot3_msgs:/home/ssfa/ros2_ws/install/turtlebot3_gazebo:/home/ssfa/ros2_ws/install/turtlebot3_bringup:/home/ssfa/ros2_ws/install/turtlebot3_description:/home/ssfa/ros2_ws/install/turtlebot3_cartographer:/home/ssfa/ros2_ws/install/turtlebot3_as:/home/ssfa/ros2_ws/install/t3_action_msg:/home/ssfa/ros2_ws/install/shape_detector:/home/ssfa/ros2_ws/install/services_pkg:/home/ssfa/ros2_ws/install/dynamixel_sdk:/home/ssfa/ros2_ws/install/cv_basics:/home/ssfa/ros2_ws/install/color_shape_detector:/opt/ros/humble CMAKE_PREFIX_PATH=/home/ssfa/ros2_ws/install/turtlebot3_bringup:/home/ssfa/ros2_ws/install/turtlebot3_navigation2:/home/ssfa/ros2_ws/install/turtlebot3_msgs:/home/ssfa/ros2_ws/install/turtlebot3_description:/home/ssfa/ros2_ws/install/turtlebot3_cartographer:/home/ssfa/ros2_ws/install/yolov8_bringup:/home/ssfa/ros2_ws/install/yolov8_msgs:/home/ssfa/ros2_ws/install/usb_cam:/home/ssfa/ros2_ws/install/turtlebot3:/home/ssfa/ros2_ws/install/turtlebot3_simulations:/home/ssfa/ros2_ws/install/turtlebot3_gazebo:/home/ssfa/ros2_ws/install/turtlebot3_as:/home/ssfa/ros2_ws/install/t3_action_msg:/home/ssfa/ros2_ws/install/dynamixel_sdk:/home/ssfa/ros2_ws/install/yolov8_ros:/home/ssfa/ros2_ws/install/turtlebot3_teleop:/home/ssfa/ros2_ws/install/turtlebot3_example:/home/ssfa/ros2_ws/install/shape_detector:/home/ssfa/ros2_ws/install/services_pkg:/home/ssfa/ros2_ws/install/cv_basics:/home/ssfa/ros2_ws/install/color_shape_detector:/opt/ros/humble LD_LIBRARY_PATH=/home/ssfa/ros2_ws/install/turtlebot3_msgs/lib:/home/ssfa/ros2_ws/install/yolov8_msgs/lib:/home/ssfa/ros2_ws/install/usb_cam/lib:/home/ssfa/ros2_ws/install/t3_action_msg/lib:/home/ssfa/ros2_ws/install/dynamixel_sdk/lib:/usr/lib/x86_64-linux-gnu/gazebo-11/plugins:/opt/ros/humble/opt/rviz_ogre_vendor/lib:/opt/ros/humble/lib/x86_64-linux-gnu:/opt/ros/humble/lib PYTHONPATH=/home/ssfa/ros2_ws/install/turtlebot3_example/lib/python3.10/site-packages:/home/ssfa/ros2_ws/install/turtlebot3_teleop/lib/python3.10/site-packages:/home/ssfa/ros2_ws/install/yolov8_ros/lib/python3.10/site-packages:/home/ssfa/ros2_ws/install/yolov8_msgs/local/lib/python3.10/dist-packages:/home/ssfa/ros2_ws/install/turtlebot3_msgs/local/lib/python3.10/dist-packages:/home/ssfa/ros2_ws/install/t3_action_msg/local/lib/python3.10/dist-packages:/home/ssfa/ros2_ws/install/shape_detector/lib/python3.10/site-packages:/home/ssfa/ros2_ws/install/services_pkg/lib/python3.10/site-packages:/home/ssfa/ros2_ws/install/cv_basics/lib/python3.10/site-packages:/home/ssfa/ros2_ws/install/color_shape_detector/lib/python3.10/site-packages:/opt/ros/humble/lib/python3.10/site-packages:/opt/ros/humble/local/lib/python3.10/dist-packages /usr/bin/cmake --install /home/ssfa/ros2_ws/build/turtlebot3
[4.917s] Level 1:colcon.colcon_core.environment:checking '/home/ssfa/ros2_ws/install/turtlebot3' for CMake config files
[4.917s] Level 1:colcon.colcon_core.shell:create_environment_hook('turtlebot3', 'cmake_prefix_path')
[4.917s] INFO:colcon.colcon_core.shell:Creating environment hook '/home/ssfa/ros2_ws/install/turtlebot3/share/turtlebot3/hook/cmake_prefix_path.ps1'
[4.918s] INFO:colcon.colcon_core.shell:Creating environment descriptor '/home/ssfa/ros2_ws/install/turtlebot3/share/turtlebot3/hook/cmake_prefix_path.dsv'
[4.918s] INFO:colcon.colcon_core.shell:Creating environment hook '/home/ssfa/ros2_ws/install/turtlebot3/share/turtlebot3/hook/cmake_prefix_path.sh'
[4.919s] Level 1:colcon.colcon_core.environment:checking '/home/ssfa/ros2_ws/install/turtlebot3/bin'
[4.919s] Level 1:colcon.colcon_core.environment:checking '/home/ssfa/ros2_ws/install/turtlebot3/lib/pkgconfig/turtlebot3.pc'
[4.920s] Level 1:colcon.colcon_core.environment:checking '/home/ssfa/ros2_ws/install/turtlebot3/lib/python3.10/site-packages'
[4.920s] Level 1:colcon.colcon_core.environment:checking '/home/ssfa/ros2_ws/install/turtlebot3/bin'
[4.921s] INFO:colcon.colcon_core.shell:Creating package script '/home/ssfa/ros2_ws/install/turtlebot3/share/turtlebot3/package.ps1'
[4.922s] INFO:colcon.colcon_core.shell:Creating package descriptor '/home/ssfa/ros2_ws/install/turtlebot3/share/turtlebot3/package.dsv'
[4.922s] INFO:colcon.colcon_core.shell:Creating package script '/home/ssfa/ros2_ws/install/turtlebot3/share/turtlebot3/package.sh'
[4.923s] INFO:colcon.colcon_core.shell:Creating package script '/home/ssfa/ros2_ws/install/turtlebot3/share/turtlebot3/package.bash'
[4.924s] INFO:colcon.colcon_core.shell:Creating package script '/home/ssfa/ros2_ws/install/turtlebot3/share/turtlebot3/package.zsh'
[4.924s] Level 1:colcon.colcon_core.environment:create_file_with_runtime_dependencies(/home/ssfa/ros2_ws/install/turtlebot3/share/colcon-core/packages/turtlebot3)
[4.955s] Level 1:colcon.colcon_core.environment:create_environment_scripts_only(turtlebot3)
[4.956s] Level 1:colcon.colcon_core.environment:checking '/home/ssfa/ros2_ws/install/turtlebot3' for CMake module files
[4.957s] Level 1:colcon.colcon_core.environment:checking '/home/ssfa/ros2_ws/install/turtlebot3' for CMake config files
[4.957s] Level 1:colcon.colcon_core.shell:create_environment_hook('turtlebot3', 'cmake_prefix_path')
[4.958s] INFO:colcon.colcon_core.shell:Creating environment hook '/home/ssfa/ros2_ws/install/turtlebot3/share/turtlebot3/hook/cmake_prefix_path.ps1'
[4.959s] INFO:colcon.colcon_core.shell:Creating environment descriptor '/home/ssfa/ros2_ws/install/turtlebot3/share/turtlebot3/hook/cmake_prefix_path.dsv'
[4.960s] INFO:colcon.colcon_core.shell:Creating environment hook '/home/ssfa/ros2_ws/install/turtlebot3/share/turtlebot3/hook/cmake_prefix_path.sh'
[4.961s] Level 1:colcon.colcon_core.environment:checking '/home/ssfa/ros2_ws/install/turtlebot3/bin'
[4.961s] Level 1:colcon.colcon_core.environment:checking '/home/ssfa/ros2_ws/install/turtlebot3/lib/pkgconfig/turtlebot3.pc'
[4.962s] Level 1:colcon.colcon_core.environment:checking '/home/ssfa/ros2_ws/install/turtlebot3/lib/python3.10/site-packages'
[4.962s] Level 1:colcon.colcon_core.environment:checking '/home/ssfa/ros2_ws/install/turtlebot3/bin'
[4.963s] INFO:colcon.colcon_core.shell:Creating package script '/home/ssfa/ros2_ws/install/turtlebot3/share/turtlebot3/package.ps1'
[4.964s] INFO:colcon.colcon_core.shell:Creating package descriptor '/home/ssfa/ros2_ws/install/turtlebot3/share/turtlebot3/package.dsv'
[4.965s] INFO:colcon.colcon_core.shell:Creating package script '/home/ssfa/ros2_ws/install/turtlebot3/share/turtlebot3/package.sh'
[4.966s] INFO:colcon.colcon_core.shell:Creating package script '/home/ssfa/ros2_ws/install/turtlebot3/share/turtlebot3/package.bash'
[4.966s] INFO:colcon.colcon_core.shell:Creating package script '/home/ssfa/ros2_ws/install/turtlebot3/share/turtlebot3/package.zsh'
[4.967s] Level 1:colcon.colcon_core.environment:create_file_with_runtime_dependencies(/home/ssfa/ros2_ws/install/turtlebot3/share/colcon-core/packages/turtlebot3)
[5.329s] Level 1:colcon.colcon_core.environment:checking '/home/ssfa/ros2_ws/install/yolov8_ros' for CMake module files
[5.330s] DEBUG:colcon.colcon_core.event_handler.log_command:Invoked command in '/home/ssfa/ros2_ws/src/yolov8_ros/yolov8_ros' returned '0': CMAKE_PREFIX_PATH=/home/ssfa/ros2_ws/install/yolov8_msgs:/home/ssfa/ros2_ws/install/yolov8_bringup:/home/ssfa/ros2_ws/install/usb_cam:/home/ssfa/ros2_ws/install/turtlebot3:/home/ssfa/ros2_ws/install/turtlebot3_simulations:/home/ssfa/ros2_ws/install/turtlebot3_navigation2:/home/ssfa/ros2_ws/install/turtlebot3_msgs:/home/ssfa/ros2_ws/install/turtlebot3_gazebo:/home/ssfa/ros2_ws/install/turtlebot3_bringup:/home/ssfa/ros2_ws/install/turtlebot3_description:/home/ssfa/ros2_ws/install/turtlebot3_cartographer:/home/ssfa/ros2_ws/install/turtlebot3_as:/home/ssfa/ros2_ws/install/t3_action_msg:/home/ssfa/ros2_ws/install/dynamixel_sdk PYTHONPATH=/home/ssfa/ros2_ws/build/yolov8_ros/prefix_override:/usr/lib/python3/dist-packages/colcon_core/task/python/colcon_distutils_commands:/home/ssfa/ros2_ws/install/yolov8_ros/lib/python3.10/site-packages:${PYTHONPATH} /usr/bin/python3 -W ignore:setup.py install is deprecated setup.py egg_info --egg-base ../../../build/yolov8_ros build --build-base /home/ssfa/ros2_ws/build/yolov8_ros/build install --record /home/ssfa/ros2_ws/build/yolov8_ros/install.log --single-version-externally-managed install_data
[5.331s] Level 1:colcon.colcon_core.environment:checking '/home/ssfa/ros2_ws/install/yolov8_ros' for CMake config files
[5.331s] Level 1:colcon.colcon_core.environment:checking '/home/ssfa/ros2_ws/install/yolov8_ros/lib'
[5.331s] Level 1:colcon.colcon_core.environment:checking '/home/ssfa/ros2_ws/install/yolov8_ros/bin'
[5.331s] Level 1:colcon.colcon_core.environment:checking '/home/ssfa/ros2_ws/install/yolov8_ros/lib/pkgconfig/yolov8_ros.pc'
[5.332s] Level 1:colcon.colcon_core.environment:checking '/home/ssfa/ros2_ws/install/yolov8_ros/lib/python3.10/site-packages'
[5.332s] Level 1:colcon.colcon_core.shell:create_environment_hook('yolov8_ros', 'pythonpath')
[5.332s] INFO:colcon.colcon_core.shell:Creating environment hook '/home/ssfa/ros2_ws/install/yolov8_ros/share/yolov8_ros/hook/pythonpath.ps1'
[5.333s] INFO:colcon.colcon_core.shell:Creating environment descriptor '/home/ssfa/ros2_ws/install/yolov8_ros/share/yolov8_ros/hook/pythonpath.dsv'
[5.333s] INFO:colcon.colcon_core.shell:Creating environment hook '/home/ssfa/ros2_ws/install/yolov8_ros/share/yolov8_ros/hook/pythonpath.sh'
[5.333s] Level 1:colcon.colcon_core.environment:checking '/home/ssfa/ros2_ws/install/yolov8_ros/bin'
[5.334s] Level 1:colcon.colcon_core.environment:create_environment_scripts_only(yolov8_ros)
[5.334s] INFO:colcon.colcon_core.shell:Creating package script '/home/ssfa/ros2_ws/install/yolov8_ros/share/yolov8_ros/package.ps1'
[5.335s] INFO:colcon.colcon_core.shell:Creating package descriptor '/home/ssfa/ros2_ws/install/yolov8_ros/share/yolov8_ros/package.dsv'
[5.335s] INFO:colcon.colcon_core.shell:Creating package script '/home/ssfa/ros2_ws/install/yolov8_ros/share/yolov8_ros/package.sh'
[5.335s] INFO:colcon.colcon_core.shell:Creating package script '/home/ssfa/ros2_ws/install/yolov8_ros/share/yolov8_ros/package.bash'
[5.336s] INFO:colcon.colcon_core.shell:Creating package script '/home/ssfa/ros2_ws/install/yolov8_ros/share/yolov8_ros/package.zsh'
[5.336s] Level 1:colcon.colcon_core.environment:create_file_with_runtime_dependencies(/home/ssfa/ros2_ws/install/yolov8_ros/share/colcon-core/packages/yolov8_ros)
[5.337s] INFO:colcon.colcon_ros.task.ament_cmake.build:Building ROS package in '/home/ssfa/ros2_ws/src/yolov8_ros/yolov8_bringup' with build type 'ament_cmake'
[5.337s] INFO:colcon.colcon_cmake.task.cmake.build:Building CMake package in '/home/ssfa/ros2_ws/src/yolov8_ros/yolov8_bringup'
[5.337s] INFO:colcon.colcon_core.shell:Skip shell extension 'powershell' for command environment: Not usable outside of PowerShell
[5.337s] DEBUG:colcon.colcon_core.shell:Skip shell extension 'dsv' for command environment
[5.356s] DEBUG:colcon.colcon_core.event_handler.log_command:Invoking command in '/home/ssfa/ros2_ws/build/yolov8_bringup': AMENT_PREFIX_PATH=/home/ssfa/ros2_ws/install/yolov8_ros:/home/ssfa/ros2_ws/install/yolov8_bringup:/home/ssfa/ros2_ws/install/yolov8_msgs:/home/ssfa/ros2_ws/install/usb_cam:/home/ssfa/ros2_ws/install/turtlebot3:/home/ssfa/ros2_ws/install/turtlebot3_teleop:/home/ssfa/ros2_ws/install/turtlebot3_simulations:/home/ssfa/ros2_ws/install/turtlebot3_navigation2:/home/ssfa/ros2_ws/install/turtlebot3_example:/home/ssfa/ros2_ws/install/turtlebot3_msgs:/home/ssfa/ros2_ws/install/turtlebot3_gazebo:/home/ssfa/ros2_ws/install/turtlebot3_bringup:/home/ssfa/ros2_ws/install/turtlebot3_description:/home/ssfa/ros2_ws/install/turtlebot3_cartographer:/home/ssfa/ros2_ws/install/turtlebot3_as:/home/ssfa/ros2_ws/install/t3_action_msg:/home/ssfa/ros2_ws/install/shape_detector:/home/ssfa/ros2_ws/install/services_pkg:/home/ssfa/ros2_ws/install/dynamixel_sdk:/home/ssfa/ros2_ws/install/cv_basics:/home/ssfa/ros2_ws/install/color_shape_detector:/opt/ros/humble CMAKE_PREFIX_PATH=/home/ssfa/ros2_ws/install/yolov8_msgs:/home/ssfa/ros2_ws/install/yolov8_bringup:/home/ssfa/ros2_ws/install/usb_cam:/home/ssfa/ros2_ws/install/turtlebot3:/home/ssfa/ros2_ws/install/turtlebot3_simulations:/home/ssfa/ros2_ws/install/turtlebot3_navigation2:/home/ssfa/ros2_ws/install/turtlebot3_msgs:/home/ssfa/ros2_ws/install/turtlebot3_gazebo:/home/ssfa/ros2_ws/install/turtlebot3_bringup:/home/ssfa/ros2_ws/install/turtlebot3_description:/home/ssfa/ros2_ws/install/turtlebot3_cartographer:/home/ssfa/ros2_ws/install/turtlebot3_as:/home/ssfa/ros2_ws/install/t3_action_msg:/home/ssfa/ros2_ws/install/dynamixel_sdk:/home/ssfa/ros2_ws/install/yolov8_ros:/home/ssfa/ros2_ws/install/turtlebot3_teleop:/home/ssfa/ros2_ws/install/turtlebot3_example:/home/ssfa/ros2_ws/install/shape_detector:/home/ssfa/ros2_ws/install/services_pkg:/home/ssfa/ros2_ws/install/cv_basics:/home/ssfa/ros2_ws/install/color_shape_detector:/opt/ros/humble /usr/bin/cmake --build /home/ssfa/ros2_ws/build/yolov8_bringup -- -j12 -l12
[5.410s] DEBUG:colcon.colcon_core.event_handler.log_command:Invoked command in '/home/ssfa/ros2_ws/build/yolov8_bringup' returned '0': AMENT_PREFIX_PATH=/home/ssfa/ros2_ws/install/yolov8_ros:/home/ssfa/ros2_ws/install/yolov8_bringup:/home/ssfa/ros2_ws/install/yolov8_msgs:/home/ssfa/ros2_ws/install/usb_cam:/home/ssfa/ros2_ws/install/turtlebot3:/home/ssfa/ros2_ws/install/turtlebot3_teleop:/home/ssfa/ros2_ws/install/turtlebot3_simulations:/home/ssfa/ros2_ws/install/turtlebot3_navigation2:/home/ssfa/ros2_ws/install/turtlebot3_example:/home/ssfa/ros2_ws/install/turtlebot3_msgs:/home/ssfa/ros2_ws/install/turtlebot3_gazebo:/home/ssfa/ros2_ws/install/turtlebot3_bringup:/home/ssfa/ros2_ws/install/turtlebot3_description:/home/ssfa/ros2_ws/install/turtlebot3_cartographer:/home/ssfa/ros2_ws/install/turtlebot3_as:/home/ssfa/ros2_ws/install/t3_action_msg:/home/ssfa/ros2_ws/install/shape_detector:/home/ssfa/ros2_ws/install/services_pkg:/home/ssfa/ros2_ws/install/dynamixel_sdk:/home/ssfa/ros2_ws/install/cv_basics:/home/ssfa/ros2_ws/install/color_shape_detector:/opt/ros/humble CMAKE_PREFIX_PATH=/home/ssfa/ros2_ws/install/yolov8_msgs:/home/ssfa/ros2_ws/install/yolov8_bringup:/home/ssfa/ros2_ws/install/usb_cam:/home/ssfa/ros2_ws/install/turtlebot3:/home/ssfa/ros2_ws/install/turtlebot3_simulations:/home/ssfa/ros2_ws/install/turtlebot3_navigation2:/home/ssfa/ros2_ws/install/turtlebot3_msgs:/home/ssfa/ros2_ws/install/turtlebot3_gazebo:/home/ssfa/ros2_ws/install/turtlebot3_bringup:/home/ssfa/ros2_ws/install/turtlebot3_description:/home/ssfa/ros2_ws/install/turtlebot3_cartographer:/home/ssfa/ros2_ws/install/turtlebot3_as:/home/ssfa/ros2_ws/install/t3_action_msg:/home/ssfa/ros2_ws/install/dynamixel_sdk:/home/ssfa/ros2_ws/install/yolov8_ros:/home/ssfa/ros2_ws/install/turtlebot3_teleop:/home/ssfa/ros2_ws/install/turtlebot3_example:/home/ssfa/ros2_ws/install/shape_detector:/home/ssfa/ros2_ws/install/services_pkg:/home/ssfa/ros2_ws/install/cv_basics:/home/ssfa/ros2_ws/install/color_shape_detector:/opt/ros/humble /usr/bin/cmake --build /home/ssfa/ros2_ws/build/yolov8_bringup -- -j12 -l12
[5.438s] DEBUG:colcon.colcon_core.event_handler.log_command:Invoking command in '/home/ssfa/ros2_ws/build/yolov8_bringup': AMENT_PREFIX_PATH=/home/ssfa/ros2_ws/install/yolov8_ros:/home/ssfa/ros2_ws/install/yolov8_bringup:/home/ssfa/ros2_ws/install/yolov8_msgs:/home/ssfa/ros2_ws/install/usb_cam:/home/ssfa/ros2_ws/install/turtlebot3:/home/ssfa/ros2_ws/install/turtlebot3_teleop:/home/ssfa/ros2_ws/install/turtlebot3_simulations:/home/ssfa/ros2_ws/install/turtlebot3_navigation2:/home/ssfa/ros2_ws/install/turtlebot3_example:/home/ssfa/ros2_ws/install/turtlebot3_msgs:/home/ssfa/ros2_ws/install/turtlebot3_gazebo:/home/ssfa/ros2_ws/install/turtlebot3_bringup:/home/ssfa/ros2_ws/install/turtlebot3_description:/home/ssfa/ros2_ws/install/turtlebot3_cartographer:/home/ssfa/ros2_ws/install/turtlebot3_as:/home/ssfa/ros2_ws/install/t3_action_msg:/home/ssfa/ros2_ws/install/shape_detector:/home/ssfa/ros2_ws/install/services_pkg:/home/ssfa/ros2_ws/install/dynamixel_sdk:/home/ssfa/ros2_ws/install/cv_basics:/home/ssfa/ros2_ws/install/color_shape_detector:/opt/ros/humble CMAKE_PREFIX_PATH=/home/ssfa/ros2_ws/install/yolov8_msgs:/home/ssfa/ros2_ws/install/yolov8_bringup:/home/ssfa/ros2_ws/install/usb_cam:/home/ssfa/ros2_ws/install/turtlebot3:/home/ssfa/ros2_ws/install/turtlebot3_simulations:/home/ssfa/ros2_ws/install/turtlebot3_navigation2:/home/ssfa/ros2_ws/install/turtlebot3_msgs:/home/ssfa/ros2_ws/install/turtlebot3_gazebo:/home/ssfa/ros2_ws/install/turtlebot3_bringup:/home/ssfa/ros2_ws/install/turtlebot3_description:/home/ssfa/ros2_ws/install/turtlebot3_cartographer:/home/ssfa/ros2_ws/install/turtlebot3_as:/home/ssfa/ros2_ws/install/t3_action_msg:/home/ssfa/ros2_ws/install/dynamixel_sdk:/home/ssfa/ros2_ws/install/yolov8_ros:/home/ssfa/ros2_ws/install/turtlebot3_teleop:/home/ssfa/ros2_ws/install/turtlebot3_example:/home/ssfa/ros2_ws/install/shape_detector:/home/ssfa/ros2_ws/install/services_pkg:/home/ssfa/ros2_ws/install/cv_basics:/home/ssfa/ros2_ws/install/color_shape_detector:/opt/ros/humble /usr/bin/cmake --install /home/ssfa/ros2_ws/build/yolov8_bringup
[5.451s] Level 1:colcon.colcon_core.environment:create_environment_scripts_only(yolov8_bringup)
[5.451s] Level 1:colcon.colcon_core.environment:checking '/home/ssfa/ros2_ws/install/yolov8_bringup' for CMake module files
[5.453s] Level 1:colcon.colcon_core.environment:checking '/home/ssfa/ros2_ws/install/yolov8_bringup' for CMake config files
[5.454s] Level 1:colcon.colcon_core.shell:create_environment_hook('yolov8_bringup', 'cmake_prefix_path')
[5.455s] INFO:colcon.colcon_core.shell:Creating environment hook '/home/ssfa/ros2_ws/install/yolov8_bringup/share/yolov8_bringup/hook/cmake_prefix_path.ps1'
[5.456s] INFO:colcon.colcon_core.shell:Creating environment descriptor '/home/ssfa/ros2_ws/install/yolov8_bringup/share/yolov8_bringup/hook/cmake_prefix_path.dsv'
[5.456s] DEBUG:colcon.colcon_core.event_handler.log_command:Invoked command in '/home/ssfa/ros2_ws/build/yolov8_bringup' returned '0': AMENT_PREFIX_PATH=/home/ssfa/ros2_ws/install/yolov8_ros:/home/ssfa/ros2_ws/install/yolov8_bringup:/home/ssfa/ros2_ws/install/yolov8_msgs:/home/ssfa/ros2_ws/install/usb_cam:/home/ssfa/ros2_ws/install/turtlebot3:/home/ssfa/ros2_ws/install/turtlebot3_teleop:/home/ssfa/ros2_ws/install/turtlebot3_simulations:/home/ssfa/ros2_ws/install/turtlebot3_navigation2:/home/ssfa/ros2_ws/install/turtlebot3_example:/home/ssfa/ros2_ws/install/turtlebot3_msgs:/home/ssfa/ros2_ws/install/turtlebot3_gazebo:/home/ssfa/ros2_ws/install/turtlebot3_bringup:/home/ssfa/ros2_ws/install/turtlebot3_description:/home/ssfa/ros2_ws/install/turtlebot3_cartographer:/home/ssfa/ros2_ws/install/turtlebot3_as:/home/ssfa/ros2_ws/install/t3_action_msg:/home/ssfa/ros2_ws/install/shape_detector:/home/ssfa/ros2_ws/install/services_pkg:/home/ssfa/ros2_ws/install/dynamixel_sdk:/home/ssfa/ros2_ws/install/cv_basics:/home/ssfa/ros2_ws/install/color_shape_detector:/opt/ros/humble CMAKE_PREFIX_PATH=/home/ssfa/ros2_ws/install/yolov8_msgs:/home/ssfa/ros2_ws/install/yolov8_bringup:/home/ssfa/ros2_ws/install/usb_cam:/home/ssfa/ros2_ws/install/turtlebot3:/home/ssfa/ros2_ws/install/turtlebot3_simulations:/home/ssfa/ros2_ws/install/turtlebot3_navigation2:/home/ssfa/ros2_ws/install/turtlebot3_msgs:/home/ssfa/ros2_ws/install/turtlebot3_gazebo:/home/ssfa/ros2_ws/install/turtlebot3_bringup:/home/ssfa/ros2_ws/install/turtlebot3_description:/home/ssfa/ros2_ws/install/turtlebot3_cartographer:/home/ssfa/ros2_ws/install/turtlebot3_as:/home/ssfa/ros2_ws/install/t3_action_msg:/home/ssfa/ros2_ws/install/dynamixel_sdk:/home/ssfa/ros2_ws/install/yolov8_ros:/home/ssfa/ros2_ws/install/turtlebot3_teleop:/home/ssfa/ros2_ws/install/turtlebot3_example:/home/ssfa/ros2_ws/install/shape_detector:/home/ssfa/ros2_ws/install/services_pkg:/home/ssfa/ros2_ws/install/cv_basics:/home/ssfa/ros2_ws/install/color_shape_detector:/opt/ros/humble /usr/bin/cmake --install /home/ssfa/ros2_ws/build/yolov8_bringup
[5.457s] INFO:colcon.colcon_core.shell:Creating environment hook '/home/ssfa/ros2_ws/install/yolov8_bringup/share/yolov8_bringup/hook/cmake_prefix_path.sh'
[5.458s] Level 1:colcon.colcon_core.environment:checking '/home/ssfa/ros2_ws/install/yolov8_bringup/bin'
[5.458s] Level 1:colcon.colcon_core.environment:checking '/home/ssfa/ros2_ws/install/yolov8_bringup/lib/pkgconfig/yolov8_bringup.pc'
[5.459s] Level 1:colcon.colcon_core.environment:checking '/home/ssfa/ros2_ws/install/yolov8_bringup/lib/python3.10/site-packages'
[5.459s] Level 1:colcon.colcon_core.environment:checking '/home/ssfa/ros2_ws/install/yolov8_bringup/bin'
[5.460s] INFO:colcon.colcon_core.shell:Creating package script '/home/ssfa/ros2_ws/install/yolov8_bringup/share/yolov8_bringup/package.ps1'
[5.461s] INFO:colcon.colcon_core.shell:Creating package descriptor '/home/ssfa/ros2_ws/install/yolov8_bringup/share/yolov8_bringup/package.dsv'
[5.461s] INFO:colcon.colcon_core.shell:Creating package script '/home/ssfa/ros2_ws/install/yolov8_bringup/share/yolov8_bringup/package.sh'
[5.462s] INFO:colcon.colcon_core.shell:Creating package script '/home/ssfa/ros2_ws/install/yolov8_bringup/share/yolov8_bringup/package.bash'
[5.462s] INFO:colcon.colcon_core.shell:Creating package script '/home/ssfa/ros2_ws/install/yolov8_bringup/share/yolov8_bringup/package.zsh'
[5.462s] Level 1:colcon.colcon_core.environment:create_file_with_runtime_dependencies(/home/ssfa/ros2_ws/install/yolov8_bringup/share/colcon-core/packages/yolov8_bringup)
[5.494s] Level 1:colcon.colcon_core.environment:create_environment_scripts_only(yolov8_bringup)
[5.495s] Level 1:colcon.colcon_core.environment:checking '/home/ssfa/ros2_ws/install/yolov8_bringup' for CMake module files
[5.496s] Level 1:colcon.colcon_core.environment:checking '/home/ssfa/ros2_ws/install/yolov8_bringup' for CMake config files
[5.496s] Level 1:colcon.colcon_core.shell:create_environment_hook('yolov8_bringup', 'cmake_prefix_path')
[5.497s] INFO:colcon.colcon_core.shell:Creating environment hook '/home/ssfa/ros2_ws/install/yolov8_bringup/share/yolov8_bringup/hook/cmake_prefix_path.ps1'
[5.497s] INFO:colcon.colcon_core.shell:Creating environment descriptor '/home/ssfa/ros2_ws/install/yolov8_bringup/share/yolov8_bringup/hook/cmake_prefix_path.dsv'
[5.498s] INFO:colcon.colcon_core.shell:Creating environment hook '/home/ssfa/ros2_ws/install/yolov8_bringup/share/yolov8_bringup/hook/cmake_prefix_path.sh'
[5.499s] Level 1:colcon.colcon_core.environment:checking '/home/ssfa/ros2_ws/install/yolov8_bringup/bin'
[5.499s] Level 1:colcon.colcon_core.environment:checking '/home/ssfa/ros2_ws/install/yolov8_bringup/lib/pkgconfig/yolov8_bringup.pc'
[5.499s] Level 1:colcon.colcon_core.environment:checking '/home/ssfa/ros2_ws/install/yolov8_bringup/lib/python3.10/site-packages'
[5.500s] Level 1:colcon.colcon_core.environment:checking '/home/ssfa/ros2_ws/install/yolov8_bringup/bin'
[5.500s] INFO:colcon.colcon_core.shell:Creating package script '/home/ssfa/ros2_ws/install/yolov8_bringup/share/yolov8_bringup/package.ps1'
[5.501s] INFO:colcon.colcon_core.shell:Creating package descriptor '/home/ssfa/ros2_ws/install/yolov8_bringup/share/yolov8_bringup/package.dsv'
[5.502s] INFO:colcon.colcon_core.shell:Creating package script '/home/ssfa/ros2_ws/install/yolov8_bringup/share/yolov8_bringup/package.sh'
[5.503s] INFO:colcon.colcon_core.shell:Creating package script '/home/ssfa/ros2_ws/install/yolov8_bringup/share/yolov8_bringup/package.bash'
[5.503s] INFO:colcon.colcon_core.shell:Creating package script '/home/ssfa/ros2_ws/install/yolov8_bringup/share/yolov8_bringup/package.zsh'
[5.504s] Level 1:colcon.colcon_core.environment:create_file_with_runtime_dependencies(/home/ssfa/ros2_ws/install/yolov8_bringup/share/colcon-core/packages/yolov8_bringup)
[5.505s] DEBUG:colcon.colcon_parallel_executor.executor.parallel:closing loop
[5.505s] DEBUG:colcon.colcon_parallel_executor.executor.parallel:loop closed
[5.506s] DEBUG:colcon.colcon_parallel_executor.executor.parallel:run_until_complete finished with '0'
[5.506s] DEBUG:colcon.colcon_core.event_reactor:joining thread
[5.517s] INFO:colcon.colcon_core.plugin_system:Skipping extension 'colcon_notification.desktop_notification.terminal_notifier': Not used on non-Darwin systems
[5.517s] INFO:colcon.colcon_core.plugin_system:Skipping extension 'colcon_notification.desktop_notification.win32': Not used on non-Windows systems
[5.517s] INFO:colcon.colcon_notification.desktop_notification:Sending desktop notification using 'notify2'
[5.541s] DEBUG:colcon.colcon_core.event_reactor:joined thread
[5.542s] INFO:colcon.colcon_core.shell:Creating prefix script '/home/ssfa/ros2_ws/install/local_setup.ps1'
[5.544s] INFO:colcon.colcon_core.shell:Creating prefix util module '/home/ssfa/ros2_ws/install/_local_setup_util_ps1.py'
[5.546s] INFO:colcon.colcon_core.shell:Creating prefix chain script '/home/ssfa/ros2_ws/install/setup.ps1'
[5.548s] INFO:colcon.colcon_core.shell:Creating prefix script '/home/ssfa/ros2_ws/install/local_setup.sh'
[5.549s] INFO:colcon.colcon_core.shell:Creating prefix util module '/home/ssfa/ros2_ws/install/_local_setup_util_sh.py'
[5.550s] INFO:colcon.colcon_core.shell:Creating prefix chain script '/home/ssfa/ros2_ws/install/setup.sh'
[5.553s] INFO:colcon.colcon_core.shell:Creating prefix script '/home/ssfa/ros2_ws/install/local_setup.bash'
[5.553s] INFO:colcon.colcon_core.shell:Creating prefix chain script '/home/ssfa/ros2_ws/install/setup.bash'
[5.555s] INFO:colcon.colcon_core.shell:Creating prefix script '/home/ssfa/ros2_ws/install/local_setup.zsh'
[5.555s] INFO:colcon.colcon_core.shell:Creating prefix chain script '/home/ssfa/ros2_ws/install/setup.zsh'
