[0.065s] DEBUG:colcon:Command line arguments: ['/usr/bin/colcon', 'build', '--symlink-install']
[0.065s] DEBUG:colcon:Parsed command line arguments: Namespace(log_base=None, log_level=None, verb_name='build', build_base='build', install_base='install', merge_install=False, symlink_install=True, test_result_base=None, continue_on_error=False, executor='parallel', parallel_workers=12, event_handlers=None, ignore_user_meta=False, metas=['./colcon.meta'], base_paths=['.'], packages_ignore=None, packages_ignore_regex=None, paths=None, packages_up_to=None, packages_up_to_regex=None, packages_above=None, packages_above_and_dependencies=None, packages_above_depth=None, packages_select_by_dep=None, packages_skip_by_dep=None, packages_skip_up_to=None, packages_select_build_failed=False, packages_skip_build_finished=False, packages_select_test_failures=False, packages_skip_test_passed=False, packages_select=None, packages_skip=None, packages_select_regex=None, packages_skip_regex=None, packages_start=None, packages_end=None, allow_overriding=[], cmake_args=None, cmake_target=None, cmake_target_skip_unavailable=False, cmake_clean_cache=False, cmake_clean_first=False, cmake_force_configure=False, ament_cmake_args=None, catkin_cmake_args=None, catkin_skip_building_tests=False, mixin_files=None, mixin=None, verb_parser=<colcon_mixin.mixin.mixin_argument.MixinArgumentDecorator object at 0x700460545210>, verb_extension=<colcon_core.verb.build.BuildVerb object at 0x7004606c5600>, main=<bound method BuildVerb.main of <colcon_core.verb.build.BuildVerb object at 0x7004606c5600>>, mixin_verb=('build',))
[0.155s] Level 1:colcon.colcon_core.package_discovery:discover_packages(colcon_meta) check parameters
[0.156s] Level 1:colcon.colcon_core.package_discovery:discover_packages(recursive) check parameters
[0.156s] Level 1:colcon.colcon_core.package_discovery:discover_packages(ignore) check parameters
[0.156s] Level 1:colcon.colcon_core.package_discovery:discover_packages(path) check parameters
[0.156s] Level 1:colcon.colcon_core.package_discovery:discover_packages(colcon_meta) discover
[0.156s] Level 1:colcon.colcon_core.package_discovery:discover_packages(recursive) discover
[0.156s] INFO:colcon.colcon_core.package_discovery:Crawling recursively for packages in '/home/ssfa/ros2_ws'
[0.156s] Level 1:colcon.colcon_core.package_identification:_identify(.) by extensions ['ignore', 'ignore_ament_install']
[0.156s] Level 1:colcon.colcon_core.package_identification:_identify(.) by extension 'ignore'
[0.156s] Level 1:colcon.colcon_core.package_identification:_identify(.) by extension 'ignore_ament_install'
[0.156s] Level 1:colcon.colcon_core.package_identification:_identify(.) by extensions ['colcon_pkg']
[0.156s] Level 1:colcon.colcon_core.package_identification:_identify(.) by extension 'colcon_pkg'
[0.156s] Level 1:colcon.colcon_core.package_identification:_identify(.) by extensions ['colcon_meta']
[0.156s] Level 1:colcon.colcon_core.package_identification:_identify(.) by extension 'colcon_meta'
[0.156s] Level 1:colcon.colcon_core.package_identification:_identify(.) by extensions ['ros']
[0.156s] Level 1:colcon.colcon_core.package_identification:_identify(.) by extension 'ros'
[0.163s] Level 1:colcon.colcon_core.package_identification:_identify(.) by extensions ['cmake', 'python']
[0.163s] Level 1:colcon.colcon_core.package_identification:_identify(.) by extension 'cmake'
[0.163s] Level 1:colcon.colcon_core.package_identification:_identify(.) by extension 'python'
[0.163s] Level 1:colcon.colcon_core.package_identification:_identify(.) by extensions ['python_setup_py']
[0.163s] Level 1:colcon.colcon_core.package_identification:_identify(.) by extension 'python_setup_py'
[0.163s] Level 1:colcon.colcon_core.package_identification:_identify(build) by extensions ['ignore', 'ignore_ament_install']
[0.163s] Level 1:colcon.colcon_core.package_identification:_identify(build) by extension 'ignore'
[0.163s] Level 1:colcon.colcon_core.package_identification:_identify(build) ignored
[0.163s] Level 1:colcon.colcon_core.package_identification:_identify(install) by extensions ['ignore', 'ignore_ament_install']
[0.163s] Level 1:colcon.colcon_core.package_identification:_identify(install) by extension 'ignore'
[0.163s] Level 1:colcon.colcon_core.package_identification:_identify(install) ignored
[0.163s] Level 1:colcon.colcon_core.package_identification:_identify(log) by extensions ['ignore', 'ignore_ament_install']
[0.163s] Level 1:colcon.colcon_core.package_identification:_identify(log) by extension 'ignore'
[0.163s] Level 1:colcon.colcon_core.package_identification:_identify(log) ignored
[0.163s] Level 1:colcon.colcon_core.package_identification:_identify(src) by extensions ['ignore', 'ignore_ament_install']
[0.163s] Level 1:colcon.colcon_core.package_identification:_identify(src) by extension 'ignore'
[0.163s] Level 1:colcon.colcon_core.package_identification:_identify(src) by extension 'ignore_ament_install'
[0.163s] Level 1:colcon.colcon_core.package_identification:_identify(src) by extensions ['colcon_pkg']
[0.163s] Level 1:colcon.colcon_core.package_identification:_identify(src) by extension 'colcon_pkg'
[0.163s] Level 1:colcon.colcon_core.package_identification:_identify(src) by extensions ['colcon_meta']
[0.163s] Level 1:colcon.colcon_core.package_identification:_identify(src) by extension 'colcon_meta'
[0.163s] Level 1:colcon.colcon_core.package_identification:_identify(src) by extensions ['ros']
[0.163s] Level 1:colcon.colcon_core.package_identification:_identify(src) by extension 'ros'
[0.163s] Level 1:colcon.colcon_core.package_identification:_identify(src) by extensions ['cmake', 'python']
[0.163s] Level 1:colcon.colcon_core.package_identification:_identify(src) by extension 'cmake'
[0.164s] Level 1:colcon.colcon_core.package_identification:_identify(src) by extension 'python'
[0.164s] Level 1:colcon.colcon_core.package_identification:_identify(src) by extensions ['python_setup_py']
[0.164s] Level 1:colcon.colcon_core.package_identification:_identify(src) by extension 'python_setup_py'
[0.164s] Level 1:colcon.colcon_core.package_identification:_identify(src/build) by extensions ['ignore', 'ignore_ament_install']
[0.164s] Level 1:colcon.colcon_core.package_identification:_identify(src/build) by extension 'ignore'
[0.164s] Level 1:colcon.colcon_core.package_identification:_identify(src/build) ignored
[0.164s] Level 1:colcon.colcon_core.package_identification:_identify(src/client_pkg) by extensions ['ignore', 'ignore_ament_install']
[0.164s] Level 1:colcon.colcon_core.package_identification:_identify(src/client_pkg) by extension 'ignore'
[0.164s] Level 1:colcon.colcon_core.package_identification:_identify(src/client_pkg) by extension 'ignore_ament_install'
[0.164s] Level 1:colcon.colcon_core.package_identification:_identify(src/client_pkg) by extensions ['colcon_pkg']
[0.164s] Level 1:colcon.colcon_core.package_identification:_identify(src/client_pkg) by extension 'colcon_pkg'
[0.164s] Level 1:colcon.colcon_core.package_identification:_identify(src/client_pkg) by extensions ['colcon_meta']
[0.164s] Level 1:colcon.colcon_core.package_identification:_identify(src/client_pkg) by extension 'colcon_meta'
[0.164s] Level 1:colcon.colcon_core.package_identification:_identify(src/client_pkg) by extensions ['ros']
[0.164s] Level 1:colcon.colcon_core.package_identification:_identify(src/client_pkg) by extension 'ros'
[0.165s] DEBUG:colcon.colcon_core.package_identification:Package 'src/client_pkg' with type 'ros.ament_python' and name 'client_pkg'
[0.165s] Level 1:colcon.colcon_core.package_identification:_identify(src/custom_interface_example) by extensions ['ignore', 'ignore_ament_install']
[0.165s] Level 1:colcon.colcon_core.package_identification:_identify(src/custom_interface_example) by extension 'ignore'
[0.166s] Level 1:colcon.colcon_core.package_identification:_identify(src/custom_interface_example) by extension 'ignore_ament_install'
[0.166s] Level 1:colcon.colcon_core.package_identification:_identify(src/custom_interface_example) by extensions ['colcon_pkg']
[0.166s] Level 1:colcon.colcon_core.package_identification:_identify(src/custom_interface_example) by extension 'colcon_pkg'
[0.166s] Level 1:colcon.colcon_core.package_identification:_identify(src/custom_interface_example) by extensions ['colcon_meta']
[0.166s] Level 1:colcon.colcon_core.package_identification:_identify(src/custom_interface_example) by extension 'colcon_meta'
[0.166s] Level 1:colcon.colcon_core.package_identification:_identify(src/custom_interface_example) by extensions ['ros']
[0.166s] Level 1:colcon.colcon_core.package_identification:_identify(src/custom_interface_example) by extension 'ros'
[0.166s] DEBUG:colcon.colcon_core.package_identification:Package 'src/custom_interface_example' with type 'ros.ament_python' and name 'custom_interface_example'
[0.166s] Level 1:colcon.colcon_core.package_identification:_identify(src/custom_interfaces) by extensions ['ignore', 'ignore_ament_install']
[0.166s] Level 1:colcon.colcon_core.package_identification:_identify(src/custom_interfaces) by extension 'ignore'
[0.166s] Level 1:colcon.colcon_core.package_identification:_identify(src/custom_interfaces) by extension 'ignore_ament_install'
[0.166s] Level 1:colcon.colcon_core.package_identification:_identify(src/custom_interfaces) by extensions ['colcon_pkg']
[0.166s] Level 1:colcon.colcon_core.package_identification:_identify(src/custom_interfaces) by extension 'colcon_pkg'
[0.166s] Level 1:colcon.colcon_core.package_identification:_identify(src/custom_interfaces) by extensions ['colcon_meta']
[0.166s] Level 1:colcon.colcon_core.package_identification:_identify(src/custom_interfaces) by extension 'colcon_meta'
[0.166s] Level 1:colcon.colcon_core.package_identification:_identify(src/custom_interfaces) by extensions ['ros']
[0.166s] Level 1:colcon.colcon_core.package_identification:_identify(src/custom_interfaces) by extension 'ros'
[0.167s] DEBUG:colcon.colcon_core.package_identification:Package 'src/custom_interfaces' with type 'ros.ament_cmake' and name 'custom_interfaces'
[0.167s] Level 1:colcon.colcon_core.package_identification:_identify(src/cv_basics) by extensions ['ignore', 'ignore_ament_install']
[0.167s] Level 1:colcon.colcon_core.package_identification:_identify(src/cv_basics) by extension 'ignore'
[0.167s] Level 1:colcon.colcon_core.package_identification:_identify(src/cv_basics) by extension 'ignore_ament_install'
[0.167s] Level 1:colcon.colcon_core.package_identification:_identify(src/cv_basics) by extensions ['colcon_pkg']
[0.167s] Level 1:colcon.colcon_core.package_identification:_identify(src/cv_basics) by extension 'colcon_pkg'
[0.167s] Level 1:colcon.colcon_core.package_identification:_identify(src/cv_basics) by extensions ['colcon_meta']
[0.167s] Level 1:colcon.colcon_core.package_identification:_identify(src/cv_basics) by extension 'colcon_meta'
[0.167s] Level 1:colcon.colcon_core.package_identification:_identify(src/cv_basics) by extensions ['ros']
[0.167s] Level 1:colcon.colcon_core.package_identification:_identify(src/cv_basics) by extension 'ros'
[0.167s] DEBUG:colcon.colcon_core.package_identification:Package 'src/cv_basics' with type 'ros.ament_python' and name 'cv_basics'
[0.168s] Level 1:colcon.colcon_core.package_identification:_identify(src/exercise_pkg) by extensions ['ignore', 'ignore_ament_install']
[0.168s] Level 1:colcon.colcon_core.package_identification:_identify(src/exercise_pkg) by extension 'ignore'
[0.168s] Level 1:colcon.colcon_core.package_identification:_identify(src/exercise_pkg) by extension 'ignore_ament_install'
[0.168s] Level 1:colcon.colcon_core.package_identification:_identify(src/exercise_pkg) by extensions ['colcon_pkg']
[0.168s] Level 1:colcon.colcon_core.package_identification:_identify(src/exercise_pkg) by extension 'colcon_pkg'
[0.168s] Level 1:colcon.colcon_core.package_identification:_identify(src/exercise_pkg) by extensions ['colcon_meta']
[0.168s] Level 1:colcon.colcon_core.package_identification:_identify(src/exercise_pkg) by extension 'colcon_meta'
[0.168s] Level 1:colcon.colcon_core.package_identification:_identify(src/exercise_pkg) by extensions ['ros']
[0.168s] Level 1:colcon.colcon_core.package_identification:_identify(src/exercise_pkg) by extension 'ros'
[0.168s] DEBUG:colcon.colcon_core.package_identification:Package 'src/exercise_pkg' with type 'ros.ament_python' and name 'exercise_pkg'
[0.168s] Level 1:colcon.colcon_core.package_identification:_identify(src/install) by extensions ['ignore', 'ignore_ament_install']
[0.168s] Level 1:colcon.colcon_core.package_identification:_identify(src/install) by extension 'ignore'
[0.168s] Level 1:colcon.colcon_core.package_identification:_identify(src/install) ignored
[0.168s] Level 1:colcon.colcon_core.package_identification:_identify(src/log) by extensions ['ignore', 'ignore_ament_install']
[0.168s] Level 1:colcon.colcon_core.package_identification:_identify(src/log) by extension 'ignore'
[0.168s] Level 1:colcon.colcon_core.package_identification:_identify(src/log) ignored
[0.168s] Level 1:colcon.colcon_core.package_identification:_identify(src/movement_pkg) by extensions ['ignore', 'ignore_ament_install']
[0.168s] Level 1:colcon.colcon_core.package_identification:_identify(src/movement_pkg) by extension 'ignore'
[0.168s] Level 1:colcon.colcon_core.package_identification:_identify(src/movement_pkg) by extension 'ignore_ament_install'
[0.168s] Level 1:colcon.colcon_core.package_identification:_identify(src/movement_pkg) by extensions ['colcon_pkg']
[0.168s] Level 1:colcon.colcon_core.package_identification:_identify(src/movement_pkg) by extension 'colcon_pkg'
[0.169s] Level 1:colcon.colcon_core.package_identification:_identify(src/movement_pkg) by extensions ['colcon_meta']
[0.169s] Level 1:colcon.colcon_core.package_identification:_identify(src/movement_pkg) by extension 'colcon_meta'
[0.169s] Level 1:colcon.colcon_core.package_identification:_identify(src/movement_pkg) by extensions ['ros']
[0.169s] Level 1:colcon.colcon_core.package_identification:_identify(src/movement_pkg) by extension 'ros'
[0.169s] DEBUG:colcon.colcon_core.package_identification:Package 'src/movement_pkg' with type 'ros.ament_python' and name 'movement_pkg'
[0.169s] Level 1:colcon.colcon_core.package_identification:_identify(src/my_package) by extensions ['ignore', 'ignore_ament_install']
[0.169s] Level 1:colcon.colcon_core.package_identification:_identify(src/my_package) by extension 'ignore'
[0.169s] Level 1:colcon.colcon_core.package_identification:_identify(src/my_package) by extension 'ignore_ament_install'
[0.169s] Level 1:colcon.colcon_core.package_identification:_identify(src/my_package) by extensions ['colcon_pkg']
[0.169s] Level 1:colcon.colcon_core.package_identification:_identify(src/my_package) by extension 'colcon_pkg'
[0.169s] Level 1:colcon.colcon_core.package_identification:_identify(src/my_package) by extensions ['colcon_meta']
[0.169s] Level 1:colcon.colcon_core.package_identification:_identify(src/my_package) by extension 'colcon_meta'
[0.169s] Level 1:colcon.colcon_core.package_identification:_identify(src/my_package) by extensions ['ros']
[0.169s] Level 1:colcon.colcon_core.package_identification:_identify(src/my_package) by extension 'ros'
[0.170s] DEBUG:colcon.colcon_core.package_identification:Package 'src/my_package' with type 'ros.ament_python' and name 'my_package'
[0.170s] Level 1:colcon.colcon_core.package_identification:_identify(src/opencv_cam) by extensions ['ignore', 'ignore_ament_install']
[0.170s] Level 1:colcon.colcon_core.package_identification:_identify(src/opencv_cam) by extension 'ignore'
[0.170s] Level 1:colcon.colcon_core.package_identification:_identify(src/opencv_cam) by extension 'ignore_ament_install'
[0.170s] Level 1:colcon.colcon_core.package_identification:_identify(src/opencv_cam) by extensions ['colcon_pkg']
[0.170s] Level 1:colcon.colcon_core.package_identification:_identify(src/opencv_cam) by extension 'colcon_pkg'
[0.170s] Level 1:colcon.colcon_core.package_identification:_identify(src/opencv_cam) by extensions ['colcon_meta']
[0.170s] Level 1:colcon.colcon_core.package_identification:_identify(src/opencv_cam) by extension 'colcon_meta'
[0.170s] Level 1:colcon.colcon_core.package_identification:_identify(src/opencv_cam) by extensions ['ros']
[0.170s] Level 1:colcon.colcon_core.package_identification:_identify(src/opencv_cam) by extension 'ros'
[0.170s] Level 1:colcon.colcon_core.package_identification:_identify(src/opencv_cam) by extensions ['cmake', 'python']
[0.170s] Level 1:colcon.colcon_core.package_identification:_identify(src/opencv_cam) by extension 'cmake'
[0.170s] Level 1:colcon.colcon_core.package_identification:_identify(src/opencv_cam) by extension 'python'
[0.170s] Level 1:colcon.colcon_core.package_identification:_identify(src/opencv_cam) by extensions ['python_setup_py']
[0.170s] Level 1:colcon.colcon_core.package_identification:_identify(src/opencv_cam) by extension 'python_setup_py'
[0.170s] Level 1:colcon.colcon_core.package_identification:_identify(src/publisher_pkg) by extensions ['ignore', 'ignore_ament_install']
[0.170s] Level 1:colcon.colcon_core.package_identification:_identify(src/publisher_pkg) by extension 'ignore'
[0.170s] Level 1:colcon.colcon_core.package_identification:_identify(src/publisher_pkg) by extension 'ignore_ament_install'
[0.170s] Level 1:colcon.colcon_core.package_identification:_identify(src/publisher_pkg) by extensions ['colcon_pkg']
[0.170s] Level 1:colcon.colcon_core.package_identification:_identify(src/publisher_pkg) by extension 'colcon_pkg'
[0.170s] Level 1:colcon.colcon_core.package_identification:_identify(src/publisher_pkg) by extensions ['colcon_meta']
[0.170s] Level 1:colcon.colcon_core.package_identification:_identify(src/publisher_pkg) by extension 'colcon_meta'
[0.170s] Level 1:colcon.colcon_core.package_identification:_identify(src/publisher_pkg) by extensions ['ros']
[0.170s] Level 1:colcon.colcon_core.package_identification:_identify(src/publisher_pkg) by extension 'ros'
[0.170s] DEBUG:colcon.colcon_core.package_identification:Package 'src/publisher_pkg' with type 'ros.ament_python' and name 'publisher_pkg'
[0.170s] Level 1:colcon.colcon_core.package_identification:_identify(src/shape_detector) by extensions ['ignore', 'ignore_ament_install']
[0.171s] Level 1:colcon.colcon_core.package_identification:_identify(src/shape_detector) by extension 'ignore'
[0.171s] Level 1:colcon.colcon_core.package_identification:_identify(src/shape_detector) by extension 'ignore_ament_install'
[0.171s] Level 1:colcon.colcon_core.package_identification:_identify(src/shape_detector) by extensions ['colcon_pkg']
[0.171s] Level 1:colcon.colcon_core.package_identification:_identify(src/shape_detector) by extension 'colcon_pkg'
[0.171s] Level 1:colcon.colcon_core.package_identification:_identify(src/shape_detector) by extensions ['colcon_meta']
[0.171s] Level 1:colcon.colcon_core.package_identification:_identify(src/shape_detector) by extension 'colcon_meta'
[0.171s] Level 1:colcon.colcon_core.package_identification:_identify(src/shape_detector) by extensions ['ros']
[0.171s] Level 1:colcon.colcon_core.package_identification:_identify(src/shape_detector) by extension 'ros'
[0.171s] DEBUG:colcon.colcon_core.package_identification:Package 'src/shape_detector' with type 'ros.ament_python' and name 'shape_detector'
[0.171s] Level 1:colcon.colcon_core.package_identification:_identify(src/subscriber_pkg) by extensions ['ignore', 'ignore_ament_install']
[0.171s] Level 1:colcon.colcon_core.package_identification:_identify(src/subscriber_pkg) by extension 'ignore'
[0.171s] Level 1:colcon.colcon_core.package_identification:_identify(src/subscriber_pkg) by extension 'ignore_ament_install'
[0.171s] Level 1:colcon.colcon_core.package_identification:_identify(src/subscriber_pkg) by extensions ['colcon_pkg']
[0.171s] Level 1:colcon.colcon_core.package_identification:_identify(src/subscriber_pkg) by extension 'colcon_pkg'
[0.171s] Level 1:colcon.colcon_core.package_identification:_identify(src/subscriber_pkg) by extensions ['colcon_meta']
[0.171s] Level 1:colcon.colcon_core.package_identification:_identify(src/subscriber_pkg) by extension 'colcon_meta'
[0.171s] Level 1:colcon.colcon_core.package_identification:_identify(src/subscriber_pkg) by extensions ['ros']
[0.171s] Level 1:colcon.colcon_core.package_identification:_identify(src/subscriber_pkg) by extension 'ros'
[0.172s] DEBUG:colcon.colcon_core.package_identification:Package 'src/subscriber_pkg' with type 'ros.ament_python' and name 'subscriber_pkg'
[0.172s] Level 1:colcon.colcon_core.package_identification:_identify(src/t3) by extensions ['ignore', 'ignore_ament_install']
[0.172s] Level 1:colcon.colcon_core.package_identification:_identify(src/t3) by extension 'ignore'
[0.172s] Level 1:colcon.colcon_core.package_identification:_identify(src/t3) by extension 'ignore_ament_install'
[0.172s] Level 1:colcon.colcon_core.package_identification:_identify(src/t3) by extensions ['colcon_pkg']
[0.172s] Level 1:colcon.colcon_core.package_identification:_identify(src/t3) by extension 'colcon_pkg'
[0.172s] Level 1:colcon.colcon_core.package_identification:_identify(src/t3) by extensions ['colcon_meta']
[0.172s] Level 1:colcon.colcon_core.package_identification:_identify(src/t3) by extension 'colcon_meta'
[0.172s] Level 1:colcon.colcon_core.package_identification:_identify(src/t3) by extensions ['ros']
[0.172s] Level 1:colcon.colcon_core.package_identification:_identify(src/t3) by extension 'ros'
[0.172s] Level 1:colcon.colcon_core.package_identification:_identify(src/t3) by extensions ['cmake', 'python']
[0.172s] Level 1:colcon.colcon_core.package_identification:_identify(src/t3) by extension 'cmake'
[0.172s] Level 1:colcon.colcon_core.package_identification:_identify(src/t3) by extension 'python'
[0.172s] Level 1:colcon.colcon_core.package_identification:_identify(src/t3) by extensions ['python_setup_py']
[0.172s] Level 1:colcon.colcon_core.package_identification:_identify(src/t3) by extension 'python_setup_py'
[0.172s] Level 1:colcon.colcon_core.package_identification:_identify(src/t3/DynamixelSDK) by extensions ['ignore', 'ignore_ament_install']
[0.172s] Level 1:colcon.colcon_core.package_identification:_identify(src/t3/DynamixelSDK) by extension 'ignore'
[0.172s] Level 1:colcon.colcon_core.package_identification:_identify(src/t3/DynamixelSDK) by extension 'ignore_ament_install'
[0.172s] Level 1:colcon.colcon_core.package_identification:_identify(src/t3/DynamixelSDK) by extensions ['colcon_pkg']
[0.172s] Level 1:colcon.colcon_core.package_identification:_identify(src/t3/DynamixelSDK) by extension 'colcon_pkg'
[0.172s] Level 1:colcon.colcon_core.package_identification:_identify(src/t3/DynamixelSDK) by extensions ['colcon_meta']
[0.172s] Level 1:colcon.colcon_core.package_identification:_identify(src/t3/DynamixelSDK) by extension 'colcon_meta'
[0.172s] Level 1:colcon.colcon_core.package_identification:_identify(src/t3/DynamixelSDK) by extensions ['ros']
[0.172s] Level 1:colcon.colcon_core.package_identification:_identify(src/t3/DynamixelSDK) by extension 'ros'
[0.172s] Level 1:colcon.colcon_core.package_identification:_identify(src/t3/DynamixelSDK) by extensions ['cmake', 'python']
[0.172s] Level 1:colcon.colcon_core.package_identification:_identify(src/t3/DynamixelSDK) by extension 'cmake'
[0.172s] Level 1:colcon.colcon_core.package_identification:_identify(src/t3/DynamixelSDK) by extension 'python'
[0.172s] Level 1:colcon.colcon_core.package_identification:_identify(src/t3/DynamixelSDK) by extensions ['python_setup_py']
[0.172s] Level 1:colcon.colcon_core.package_identification:_identify(src/t3/DynamixelSDK) by extension 'python_setup_py'
[0.172s] Level 1:colcon.colcon_core.package_identification:_identify(src/t3/DynamixelSDK/dynamixel_sdk) by extensions ['ignore', 'ignore_ament_install']
[0.172s] Level 1:colcon.colcon_core.package_identification:_identify(src/t3/DynamixelSDK/dynamixel_sdk) by extension 'ignore'
[0.172s] Level 1:colcon.colcon_core.package_identification:_identify(src/t3/DynamixelSDK/dynamixel_sdk) by extension 'ignore_ament_install'
[0.172s] Level 1:colcon.colcon_core.package_identification:_identify(src/t3/DynamixelSDK/dynamixel_sdk) by extensions ['colcon_pkg']
[0.173s] Level 1:colcon.colcon_core.package_identification:_identify(src/t3/DynamixelSDK/dynamixel_sdk) by extension 'colcon_pkg'
[0.173s] Level 1:colcon.colcon_core.package_identification:_identify(src/t3/DynamixelSDK/dynamixel_sdk) by extensions ['colcon_meta']
[0.173s] Level 1:colcon.colcon_core.package_identification:_identify(src/t3/DynamixelSDK/dynamixel_sdk) by extension 'colcon_meta'
[0.173s] Level 1:colcon.colcon_core.package_identification:_identify(src/t3/DynamixelSDK/dynamixel_sdk) by extensions ['ros']
[0.173s] Level 1:colcon.colcon_core.package_identification:_identify(src/t3/DynamixelSDK/dynamixel_sdk) by extension 'ros'
[0.173s] DEBUG:colcon.colcon_core.package_identification:Package 'src/t3/DynamixelSDK/dynamixel_sdk' with type 'ros.ament_cmake' and name 'dynamixel_sdk'
[0.173s] Level 1:colcon.colcon_core.package_identification:_identify(src/t3/services_pkg) by extensions ['ignore', 'ignore_ament_install']
[0.173s] Level 1:colcon.colcon_core.package_identification:_identify(src/t3/services_pkg) by extension 'ignore'
[0.173s] Level 1:colcon.colcon_core.package_identification:_identify(src/t3/services_pkg) by extension 'ignore_ament_install'
[0.173s] Level 1:colcon.colcon_core.package_identification:_identify(src/t3/services_pkg) by extensions ['colcon_pkg']
[0.173s] Level 1:colcon.colcon_core.package_identification:_identify(src/t3/services_pkg) by extension 'colcon_pkg'
[0.173s] Level 1:colcon.colcon_core.package_identification:_identify(src/t3/services_pkg) by extensions ['colcon_meta']
[0.173s] Level 1:colcon.colcon_core.package_identification:_identify(src/t3/services_pkg) by extension 'colcon_meta'
[0.173s] Level 1:colcon.colcon_core.package_identification:_identify(src/t3/services_pkg) by extensions ['ros']
[0.173s] Level 1:colcon.colcon_core.package_identification:_identify(src/t3/services_pkg) by extension 'ros'
[0.174s] DEBUG:colcon.colcon_core.package_identification:Package 'src/t3/services_pkg' with type 'ros.ament_python' and name 'services_pkg'
[0.174s] Level 1:colcon.colcon_core.package_identification:_identify(src/t3/t3_action_msg) by extensions ['ignore', 'ignore_ament_install']
[0.174s] Level 1:colcon.colcon_core.package_identification:_identify(src/t3/t3_action_msg) by extension 'ignore'
[0.174s] Level 1:colcon.colcon_core.package_identification:_identify(src/t3/t3_action_msg) by extension 'ignore_ament_install'
[0.174s] Level 1:colcon.colcon_core.package_identification:_identify(src/t3/t3_action_msg) by extensions ['colcon_pkg']
[0.174s] Level 1:colcon.colcon_core.package_identification:_identify(src/t3/t3_action_msg) by extension 'colcon_pkg'
[0.174s] Level 1:colcon.colcon_core.package_identification:_identify(src/t3/t3_action_msg) by extensions ['colcon_meta']
[0.174s] Level 1:colcon.colcon_core.package_identification:_identify(src/t3/t3_action_msg) by extension 'colcon_meta'
[0.174s] Level 1:colcon.colcon_core.package_identification:_identify(src/t3/t3_action_msg) by extensions ['ros']
[0.174s] Level 1:colcon.colcon_core.package_identification:_identify(src/t3/t3_action_msg) by extension 'ros'
[0.174s] DEBUG:colcon.colcon_core.package_identification:Package 'src/t3/t3_action_msg' with type 'ros.ament_cmake' and name 't3_action_msg'
[0.174s] Level 1:colcon.colcon_core.package_identification:_identify(src/t3/turtlebot3) by extensions ['ignore', 'ignore_ament_install']
[0.174s] Level 1:colcon.colcon_core.package_identification:_identify(src/t3/turtlebot3) by extension 'ignore'
[0.174s] Level 1:colcon.colcon_core.package_identification:_identify(src/t3/turtlebot3) by extension 'ignore_ament_install'
[0.174s] Level 1:colcon.colcon_core.package_identification:_identify(src/t3/turtlebot3) by extensions ['colcon_pkg']
[0.174s] Level 1:colcon.colcon_core.package_identification:_identify(src/t3/turtlebot3) by extension 'colcon_pkg'
[0.174s] Level 1:colcon.colcon_core.package_identification:_identify(src/t3/turtlebot3) by extensions ['colcon_meta']
[0.174s] Level 1:colcon.colcon_core.package_identification:_identify(src/t3/turtlebot3) by extension 'colcon_meta'
[0.174s] Level 1:colcon.colcon_core.package_identification:_identify(src/t3/turtlebot3) by extensions ['ros']
[0.174s] Level 1:colcon.colcon_core.package_identification:_identify(src/t3/turtlebot3) by extension 'ros'
[0.174s] Level 1:colcon.colcon_core.package_identification:_identify(src/t3/turtlebot3) by extensions ['cmake', 'python']
[0.174s] Level 1:colcon.colcon_core.package_identification:_identify(src/t3/turtlebot3) by extension 'cmake'
[0.174s] Level 1:colcon.colcon_core.package_identification:_identify(src/t3/turtlebot3) by extension 'python'
[0.174s] Level 1:colcon.colcon_core.package_identification:_identify(src/t3/turtlebot3) by extensions ['python_setup_py']
[0.174s] Level 1:colcon.colcon_core.package_identification:_identify(src/t3/turtlebot3) by extension 'python_setup_py'
[0.175s] Level 1:colcon.colcon_core.package_identification:_identify(src/t3/turtlebot3/turtlebot3) by extensions ['ignore', 'ignore_ament_install']
[0.175s] Level 1:colcon.colcon_core.package_identification:_identify(src/t3/turtlebot3/turtlebot3) by extension 'ignore'
[0.175s] Level 1:colcon.colcon_core.package_identification:_identify(src/t3/turtlebot3/turtlebot3) by extension 'ignore_ament_install'
[0.175s] Level 1:colcon.colcon_core.package_identification:_identify(src/t3/turtlebot3/turtlebot3) by extensions ['colcon_pkg']
[0.175s] Level 1:colcon.colcon_core.package_identification:_identify(src/t3/turtlebot3/turtlebot3) by extension 'colcon_pkg'
[0.175s] Level 1:colcon.colcon_core.package_identification:_identify(src/t3/turtlebot3/turtlebot3) by extensions ['colcon_meta']
[0.175s] Level 1:colcon.colcon_core.package_identification:_identify(src/t3/turtlebot3/turtlebot3) by extension 'colcon_meta'
[0.175s] Level 1:colcon.colcon_core.package_identification:_identify(src/t3/turtlebot3/turtlebot3) by extensions ['ros']
[0.175s] Level 1:colcon.colcon_core.package_identification:_identify(src/t3/turtlebot3/turtlebot3) by extension 'ros'
[0.175s] Level 1:colcon.colcon_core.package_identification:_identify(src/t3/turtlebot3/turtlebot3) by extensions ['cmake', 'python']
[0.175s] Level 1:colcon.colcon_core.package_identification:_identify(src/t3/turtlebot3/turtlebot3) by extension 'cmake'
[0.175s] Level 1:colcon.colcon_core.package_identification:_identify(src/t3/turtlebot3/turtlebot3) by extension 'python'
[0.175s] Level 1:colcon.colcon_core.package_identification:_identify(src/t3/turtlebot3/turtlebot3) by extensions ['python_setup_py']
[0.175s] Level 1:colcon.colcon_core.package_identification:_identify(src/t3/turtlebot3/turtlebot3) by extension 'python_setup_py'
[0.175s] Level 1:colcon.colcon_core.package_identification:_identify(src/t3/turtlebot3/turtlebot3/turtlebot3) by extensions ['ignore', 'ignore_ament_install']
[0.175s] Level 1:colcon.colcon_core.package_identification:_identify(src/t3/turtlebot3/turtlebot3/turtlebot3) by extension 'ignore'
[0.175s] Level 1:colcon.colcon_core.package_identification:_identify(src/t3/turtlebot3/turtlebot3/turtlebot3) by extension 'ignore_ament_install'
[0.175s] Level 1:colcon.colcon_core.package_identification:_identify(src/t3/turtlebot3/turtlebot3/turtlebot3) by extensions ['colcon_pkg']
[0.175s] Level 1:colcon.colcon_core.package_identification:_identify(src/t3/turtlebot3/turtlebot3/turtlebot3) by extension 'colcon_pkg'
[0.175s] Level 1:colcon.colcon_core.package_identification:_identify(src/t3/turtlebot3/turtlebot3/turtlebot3) by extensions ['colcon_meta']
[0.175s] Level 1:colcon.colcon_core.package_identification:_identify(src/t3/turtlebot3/turtlebot3/turtlebot3) by extension 'colcon_meta'
[0.175s] Level 1:colcon.colcon_core.package_identification:_identify(src/t3/turtlebot3/turtlebot3/turtlebot3) by extensions ['ros']
[0.175s] Level 1:colcon.colcon_core.package_identification:_identify(src/t3/turtlebot3/turtlebot3/turtlebot3) by extension 'ros'
[0.175s] DEBUG:colcon.colcon_core.package_identification:Package 'src/t3/turtlebot3/turtlebot3/turtlebot3' with type 'ros.ament_cmake' and name 'turtlebot3'
[0.175s] Level 1:colcon.colcon_core.package_identification:_identify(src/t3/turtlebot3/turtlebot3/turtlebot3_bringup) by extensions ['ignore', 'ignore_ament_install']
[0.176s] Level 1:colcon.colcon_core.package_identification:_identify(src/t3/turtlebot3/turtlebot3/turtlebot3_bringup) by extension 'ignore'
[0.176s] Level 1:colcon.colcon_core.package_identification:_identify(src/t3/turtlebot3/turtlebot3/turtlebot3_bringup) by extension 'ignore_ament_install'
[0.176s] Level 1:colcon.colcon_core.package_identification:_identify(src/t3/turtlebot3/turtlebot3/turtlebot3_bringup) by extensions ['colcon_pkg']
[0.176s] Level 1:colcon.colcon_core.package_identification:_identify(src/t3/turtlebot3/turtlebot3/turtlebot3_bringup) by extension 'colcon_pkg'
[0.176s] Level 1:colcon.colcon_core.package_identification:_identify(src/t3/turtlebot3/turtlebot3/turtlebot3_bringup) by extensions ['colcon_meta']
[0.176s] Level 1:colcon.colcon_core.package_identification:_identify(src/t3/turtlebot3/turtlebot3/turtlebot3_bringup) by extension 'colcon_meta'
[0.176s] Level 1:colcon.colcon_core.package_identification:_identify(src/t3/turtlebot3/turtlebot3/turtlebot3_bringup) by extensions ['ros']
[0.176s] Level 1:colcon.colcon_core.package_identification:_identify(src/t3/turtlebot3/turtlebot3/turtlebot3_bringup) by extension 'ros'
[0.176s] DEBUG:colcon.colcon_core.package_identification:Package 'src/t3/turtlebot3/turtlebot3/turtlebot3_bringup' with type 'ros.ament_cmake' and name 'turtlebot3_bringup'
[0.176s] Level 1:colcon.colcon_core.package_identification:_identify(src/t3/turtlebot3/turtlebot3/turtlebot3_cartographer) by extensions ['ignore', 'ignore_ament_install']
[0.176s] Level 1:colcon.colcon_core.package_identification:_identify(src/t3/turtlebot3/turtlebot3/turtlebot3_cartographer) by extension 'ignore'
[0.176s] Level 1:colcon.colcon_core.package_identification:_identify(src/t3/turtlebot3/turtlebot3/turtlebot3_cartographer) by extension 'ignore_ament_install'
[0.176s] Level 1:colcon.colcon_core.package_identification:_identify(src/t3/turtlebot3/turtlebot3/turtlebot3_cartographer) by extensions ['colcon_pkg']
[0.176s] Level 1:colcon.colcon_core.package_identification:_identify(src/t3/turtlebot3/turtlebot3/turtlebot3_cartographer) by extension 'colcon_pkg'
[0.176s] Level 1:colcon.colcon_core.package_identification:_identify(src/t3/turtlebot3/turtlebot3/turtlebot3_cartographer) by extensions ['colcon_meta']
[0.176s] Level 1:colcon.colcon_core.package_identification:_identify(src/t3/turtlebot3/turtlebot3/turtlebot3_cartographer) by extension 'colcon_meta'
[0.176s] Level 1:colcon.colcon_core.package_identification:_identify(src/t3/turtlebot3/turtlebot3/turtlebot3_cartographer) by extensions ['ros']
[0.176s] Level 1:colcon.colcon_core.package_identification:_identify(src/t3/turtlebot3/turtlebot3/turtlebot3_cartographer) by extension 'ros'
[0.177s] DEBUG:colcon.colcon_core.package_identification:Package 'src/t3/turtlebot3/turtlebot3/turtlebot3_cartographer' with type 'ros.ament_cmake' and name 'turtlebot3_cartographer'
[0.177s] Level 1:colcon.colcon_core.package_identification:_identify(src/t3/turtlebot3/turtlebot3/turtlebot3_description) by extensions ['ignore', 'ignore_ament_install']
[0.177s] Level 1:colcon.colcon_core.package_identification:_identify(src/t3/turtlebot3/turtlebot3/turtlebot3_description) by extension 'ignore'
[0.177s] Level 1:colcon.colcon_core.package_identification:_identify(src/t3/turtlebot3/turtlebot3/turtlebot3_description) by extension 'ignore_ament_install'
[0.177s] Level 1:colcon.colcon_core.package_identification:_identify(src/t3/turtlebot3/turtlebot3/turtlebot3_description) by extensions ['colcon_pkg']
[0.177s] Level 1:colcon.colcon_core.package_identification:_identify(src/t3/turtlebot3/turtlebot3/turtlebot3_description) by extension 'colcon_pkg'
[0.177s] Level 1:colcon.colcon_core.package_identification:_identify(src/t3/turtlebot3/turtlebot3/turtlebot3_description) by extensions ['colcon_meta']
[0.177s] Level 1:colcon.colcon_core.package_identification:_identify(src/t3/turtlebot3/turtlebot3/turtlebot3_description) by extension 'colcon_meta'
[0.177s] Level 1:colcon.colcon_core.package_identification:_identify(src/t3/turtlebot3/turtlebot3/turtlebot3_description) by extensions ['ros']
[0.177s] Level 1:colcon.colcon_core.package_identification:_identify(src/t3/turtlebot3/turtlebot3/turtlebot3_description) by extension 'ros'
[0.177s] DEBUG:colcon.colcon_core.package_identification:Package 'src/t3/turtlebot3/turtlebot3/turtlebot3_description' with type 'ros.ament_cmake' and name 'turtlebot3_description'
[0.177s] Level 1:colcon.colcon_core.package_identification:_identify(src/t3/turtlebot3/turtlebot3/turtlebot3_example) by extensions ['ignore', 'ignore_ament_install']
[0.177s] Level 1:colcon.colcon_core.package_identification:_identify(src/t3/turtlebot3/turtlebot3/turtlebot3_example) by extension 'ignore'
[0.177s] Level 1:colcon.colcon_core.package_identification:_identify(src/t3/turtlebot3/turtlebot3/turtlebot3_example) by extension 'ignore_ament_install'
[0.177s] Level 1:colcon.colcon_core.package_identification:_identify(src/t3/turtlebot3/turtlebot3/turtlebot3_example) by extensions ['colcon_pkg']
[0.177s] Level 1:colcon.colcon_core.package_identification:_identify(src/t3/turtlebot3/turtlebot3/turtlebot3_example) by extension 'colcon_pkg'
[0.177s] Level 1:colcon.colcon_core.package_identification:_identify(src/t3/turtlebot3/turtlebot3/turtlebot3_example) by extensions ['colcon_meta']
[0.177s] Level 1:colcon.colcon_core.package_identification:_identify(src/t3/turtlebot3/turtlebot3/turtlebot3_example) by extension 'colcon_meta'
[0.177s] Level 1:colcon.colcon_core.package_identification:_identify(src/t3/turtlebot3/turtlebot3/turtlebot3_example) by extensions ['ros']
[0.177s] Level 1:colcon.colcon_core.package_identification:_identify(src/t3/turtlebot3/turtlebot3/turtlebot3_example) by extension 'ros'
[0.178s] DEBUG:colcon.colcon_core.package_identification:Package 'src/t3/turtlebot3/turtlebot3/turtlebot3_example' with type 'ros.ament_python' and name 'turtlebot3_example'
[0.178s] Level 1:colcon.colcon_core.package_identification:_identify(src/t3/turtlebot3/turtlebot3/turtlebot3_navigation2) by extensions ['ignore', 'ignore_ament_install']
[0.178s] Level 1:colcon.colcon_core.package_identification:_identify(src/t3/turtlebot3/turtlebot3/turtlebot3_navigation2) by extension 'ignore'
[0.178s] Level 1:colcon.colcon_core.package_identification:_identify(src/t3/turtlebot3/turtlebot3/turtlebot3_navigation2) by extension 'ignore_ament_install'
[0.178s] Level 1:colcon.colcon_core.package_identification:_identify(src/t3/turtlebot3/turtlebot3/turtlebot3_navigation2) by extensions ['colcon_pkg']
[0.178s] Level 1:colcon.colcon_core.package_identification:_identify(src/t3/turtlebot3/turtlebot3/turtlebot3_navigation2) by extension 'colcon_pkg'
[0.178s] Level 1:colcon.colcon_core.package_identification:_identify(src/t3/turtlebot3/turtlebot3/turtlebot3_navigation2) by extensions ['colcon_meta']
[0.178s] Level 1:colcon.colcon_core.package_identification:_identify(src/t3/turtlebot3/turtlebot3/turtlebot3_navigation2) by extension 'colcon_meta'
[0.178s] Level 1:colcon.colcon_core.package_identification:_identify(src/t3/turtlebot3/turtlebot3/turtlebot3_navigation2) by extensions ['ros']
[0.178s] Level 1:colcon.colcon_core.package_identification:_identify(src/t3/turtlebot3/turtlebot3/turtlebot3_navigation2) by extension 'ros'
[0.179s] DEBUG:colcon.colcon_core.package_identification:Package 'src/t3/turtlebot3/turtlebot3/turtlebot3_navigation2' with type 'ros.ament_cmake' and name 'turtlebot3_navigation2'
[0.179s] Level 1:colcon.colcon_core.package_identification:_identify(src/t3/turtlebot3/turtlebot3/turtlebot3_node) by extensions ['ignore', 'ignore_ament_install']
[0.179s] Level 1:colcon.colcon_core.package_identification:_identify(src/t3/turtlebot3/turtlebot3/turtlebot3_node) by extension 'ignore'
[0.179s] Level 1:colcon.colcon_core.package_identification:_identify(src/t3/turtlebot3/turtlebot3/turtlebot3_node) ignored
[0.179s] Level 1:colcon.colcon_core.package_identification:_identify(src/t3/turtlebot3/turtlebot3/turtlebot3_teleop) by extensions ['ignore', 'ignore_ament_install']
[0.179s] Level 1:colcon.colcon_core.package_identification:_identify(src/t3/turtlebot3/turtlebot3/turtlebot3_teleop) by extension 'ignore'
[0.179s] Level 1:colcon.colcon_core.package_identification:_identify(src/t3/turtlebot3/turtlebot3/turtlebot3_teleop) by extension 'ignore_ament_install'
[0.179s] Level 1:colcon.colcon_core.package_identification:_identify(src/t3/turtlebot3/turtlebot3/turtlebot3_teleop) by extensions ['colcon_pkg']
[0.179s] Level 1:colcon.colcon_core.package_identification:_identify(src/t3/turtlebot3/turtlebot3/turtlebot3_teleop) by extension 'colcon_pkg'
[0.179s] Level 1:colcon.colcon_core.package_identification:_identify(src/t3/turtlebot3/turtlebot3/turtlebot3_teleop) by extensions ['colcon_meta']
[0.179s] Level 1:colcon.colcon_core.package_identification:_identify(src/t3/turtlebot3/turtlebot3/turtlebot3_teleop) by extension 'colcon_meta'
[0.179s] Level 1:colcon.colcon_core.package_identification:_identify(src/t3/turtlebot3/turtlebot3/turtlebot3_teleop) by extensions ['ros']
[0.179s] Level 1:colcon.colcon_core.package_identification:_identify(src/t3/turtlebot3/turtlebot3/turtlebot3_teleop) by extension 'ros'
[0.179s] DEBUG:colcon.colcon_core.package_identification:Package 'src/t3/turtlebot3/turtlebot3/turtlebot3_teleop' with type 'ros.ament_python' and name 'turtlebot3_teleop'
[0.179s] Level 1:colcon.colcon_core.package_identification:_identify(src/t3/turtlebot3_as) by extensions ['ignore', 'ignore_ament_install']
[0.179s] Level 1:colcon.colcon_core.package_identification:_identify(src/t3/turtlebot3_as) by extension 'ignore'
[0.179s] Level 1:colcon.colcon_core.package_identification:_identify(src/t3/turtlebot3_as) by extension 'ignore_ament_install'
[0.179s] Level 1:colcon.colcon_core.package_identification:_identify(src/t3/turtlebot3_as) by extensions ['colcon_pkg']
[0.179s] Level 1:colcon.colcon_core.package_identification:_identify(src/t3/turtlebot3_as) by extension 'colcon_pkg'
[0.179s] Level 1:colcon.colcon_core.package_identification:_identify(src/t3/turtlebot3_as) by extensions ['colcon_meta']
[0.179s] Level 1:colcon.colcon_core.package_identification:_identify(src/t3/turtlebot3_as) by extension 'colcon_meta'
[0.179s] Level 1:colcon.colcon_core.package_identification:_identify(src/t3/turtlebot3_as) by extensions ['ros']
[0.179s] Level 1:colcon.colcon_core.package_identification:_identify(src/t3/turtlebot3_as) by extension 'ros'
[0.180s] DEBUG:colcon.colcon_core.package_identification:Package 'src/t3/turtlebot3_as' with type 'ros.ament_cmake' and name 'turtlebot3_as'
[0.180s] Level 1:colcon.colcon_core.package_identification:_identify(src/t3/turtlebot3_msgs) by extensions ['ignore', 'ignore_ament_install']
[0.180s] Level 1:colcon.colcon_core.package_identification:_identify(src/t3/turtlebot3_msgs) by extension 'ignore'
[0.180s] Level 1:colcon.colcon_core.package_identification:_identify(src/t3/turtlebot3_msgs) by extension 'ignore_ament_install'
[0.180s] Level 1:colcon.colcon_core.package_identification:_identify(src/t3/turtlebot3_msgs) by extensions ['colcon_pkg']
[0.180s] Level 1:colcon.colcon_core.package_identification:_identify(src/t3/turtlebot3_msgs) by extension 'colcon_pkg'
[0.180s] Level 1:colcon.colcon_core.package_identification:_identify(src/t3/turtlebot3_msgs) by extensions ['colcon_meta']
[0.180s] Level 1:colcon.colcon_core.package_identification:_identify(src/t3/turtlebot3_msgs) by extension 'colcon_meta'
[0.180s] Level 1:colcon.colcon_core.package_identification:_identify(src/t3/turtlebot3_msgs) by extensions ['ros']
[0.180s] Level 1:colcon.colcon_core.package_identification:_identify(src/t3/turtlebot3_msgs) by extension 'ros'
[0.180s] DEBUG:colcon.colcon_core.package_identification:Package 'src/t3/turtlebot3_msgs' with type 'ros.ament_cmake' and name 'turtlebot3_msgs'
[0.181s] Level 1:colcon.colcon_core.package_identification:_identify(src/t3/turtlebot3_simulations) by extensions ['ignore', 'ignore_ament_install']
[0.181s] Level 1:colcon.colcon_core.package_identification:_identify(src/t3/turtlebot3_simulations) by extension 'ignore'
[0.181s] Level 1:colcon.colcon_core.package_identification:_identify(src/t3/turtlebot3_simulations) by extension 'ignore_ament_install'
[0.181s] Level 1:colcon.colcon_core.package_identification:_identify(src/t3/turtlebot3_simulations) by extensions ['colcon_pkg']
[0.181s] Level 1:colcon.colcon_core.package_identification:_identify(src/t3/turtlebot3_simulations) by extension 'colcon_pkg'
[0.181s] Level 1:colcon.colcon_core.package_identification:_identify(src/t3/turtlebot3_simulations) by extensions ['colcon_meta']
[0.181s] Level 1:colcon.colcon_core.package_identification:_identify(src/t3/turtlebot3_simulations) by extension 'colcon_meta'
[0.181s] Level 1:colcon.colcon_core.package_identification:_identify(src/t3/turtlebot3_simulations) by extensions ['ros']
[0.181s] Level 1:colcon.colcon_core.package_identification:_identify(src/t3/turtlebot3_simulations) by extension 'ros'
[0.181s] Level 1:colcon.colcon_core.package_identification:_identify(src/t3/turtlebot3_simulations) by extensions ['cmake', 'python']
[0.181s] Level 1:colcon.colcon_core.package_identification:_identify(src/t3/turtlebot3_simulations) by extension 'cmake'
[0.181s] Level 1:colcon.colcon_core.package_identification:_identify(src/t3/turtlebot3_simulations) by extension 'python'
[0.181s] Level 1:colcon.colcon_core.package_identification:_identify(src/t3/turtlebot3_simulations) by extensions ['python_setup_py']
[0.181s] Level 1:colcon.colcon_core.package_identification:_identify(src/t3/turtlebot3_simulations) by extension 'python_setup_py'
[0.181s] Level 1:colcon.colcon_core.package_identification:_identify(src/t3/turtlebot3_simulations/turtlebot3_gazebo) by extensions ['ignore', 'ignore_ament_install']
[0.181s] Level 1:colcon.colcon_core.package_identification:_identify(src/t3/turtlebot3_simulations/turtlebot3_gazebo) by extension 'ignore'
[0.181s] Level 1:colcon.colcon_core.package_identification:_identify(src/t3/turtlebot3_simulations/turtlebot3_gazebo) by extension 'ignore_ament_install'
[0.181s] Level 1:colcon.colcon_core.package_identification:_identify(src/t3/turtlebot3_simulations/turtlebot3_gazebo) by extensions ['colcon_pkg']
[0.181s] Level 1:colcon.colcon_core.package_identification:_identify(src/t3/turtlebot3_simulations/turtlebot3_gazebo) by extension 'colcon_pkg'
[0.181s] Level 1:colcon.colcon_core.package_identification:_identify(src/t3/turtlebot3_simulations/turtlebot3_gazebo) by extensions ['colcon_meta']
[0.181s] Level 1:colcon.colcon_core.package_identification:_identify(src/t3/turtlebot3_simulations/turtlebot3_gazebo) by extension 'colcon_meta'
[0.181s] Level 1:colcon.colcon_core.package_identification:_identify(src/t3/turtlebot3_simulations/turtlebot3_gazebo) by extensions ['ros']
[0.181s] Level 1:colcon.colcon_core.package_identification:_identify(src/t3/turtlebot3_simulations/turtlebot3_gazebo) by extension 'ros'
[0.181s] DEBUG:colcon.colcon_core.package_identification:Package 'src/t3/turtlebot3_simulations/turtlebot3_gazebo' with type 'ros.ament_cmake' and name 'turtlebot3_gazebo'
[0.181s] Level 1:colcon.colcon_core.package_identification:_identify(src/t3/turtlebot3_simulations/turtlebot3_simulations) by extensions ['ignore', 'ignore_ament_install']
[0.182s] Level 1:colcon.colcon_core.package_identification:_identify(src/t3/turtlebot3_simulations/turtlebot3_simulations) by extension 'ignore'
[0.182s] Level 1:colcon.colcon_core.package_identification:_identify(src/t3/turtlebot3_simulations/turtlebot3_simulations) by extension 'ignore_ament_install'
[0.182s] Level 1:colcon.colcon_core.package_identification:_identify(src/t3/turtlebot3_simulations/turtlebot3_simulations) by extensions ['colcon_pkg']
[0.182s] Level 1:colcon.colcon_core.package_identification:_identify(src/t3/turtlebot3_simulations/turtlebot3_simulations) by extension 'colcon_pkg'
[0.182s] Level 1:colcon.colcon_core.package_identification:_identify(src/t3/turtlebot3_simulations/turtlebot3_simulations) by extensions ['colcon_meta']
[0.182s] Level 1:colcon.colcon_core.package_identification:_identify(src/t3/turtlebot3_simulations/turtlebot3_simulations) by extension 'colcon_meta'
[0.182s] Level 1:colcon.colcon_core.package_identification:_identify(src/t3/turtlebot3_simulations/turtlebot3_simulations) by extensions ['ros']
[0.182s] Level 1:colcon.colcon_core.package_identification:_identify(src/t3/turtlebot3_simulations/turtlebot3_simulations) by extension 'ros'
[0.182s] DEBUG:colcon.colcon_core.package_identification:Package 'src/t3/turtlebot3_simulations/turtlebot3_simulations' with type 'ros.ament_cmake' and name 'turtlebot3_simulations'
[0.183s] Level 1:colcon.colcon_core.package_identification:_identify(src/tiago_demo) by extensions ['ignore', 'ignore_ament_install']
[0.183s] Level 1:colcon.colcon_core.package_identification:_identify(src/tiago_demo) by extension 'ignore'
[0.183s] Level 1:colcon.colcon_core.package_identification:_identify(src/tiago_demo) by extension 'ignore_ament_install'
[0.183s] Level 1:colcon.colcon_core.package_identification:_identify(src/tiago_demo) by extensions ['colcon_pkg']
[0.183s] Level 1:colcon.colcon_core.package_identification:_identify(src/tiago_demo) by extension 'colcon_pkg'
[0.183s] Level 1:colcon.colcon_core.package_identification:_identify(src/tiago_demo) by extensions ['colcon_meta']
[0.183s] Level 1:colcon.colcon_core.package_identification:_identify(src/tiago_demo) by extension 'colcon_meta'
[0.183s] Level 1:colcon.colcon_core.package_identification:_identify(src/tiago_demo) by extensions ['ros']
[0.183s] Level 1:colcon.colcon_core.package_identification:_identify(src/tiago_demo) by extension 'ros'
[0.183s] DEBUG:colcon.colcon_core.package_identification:Package 'src/tiago_demo' with type 'ros.ament_cmake' and name 'tiago_demo'
[0.183s] Level 1:colcon.colcon_core.package_identification:_identify(src/topic_exercise) by extensions ['ignore', 'ignore_ament_install']
[0.183s] Level 1:colcon.colcon_core.package_identification:_identify(src/topic_exercise) by extension 'ignore'
[0.183s] Level 1:colcon.colcon_core.package_identification:_identify(src/topic_exercise) by extension 'ignore_ament_install'
[0.183s] Level 1:colcon.colcon_core.package_identification:_identify(src/topic_exercise) by extensions ['colcon_pkg']
[0.183s] Level 1:colcon.colcon_core.package_identification:_identify(src/topic_exercise) by extension 'colcon_pkg'
[0.183s] Level 1:colcon.colcon_core.package_identification:_identify(src/topic_exercise) by extensions ['colcon_meta']
[0.183s] Level 1:colcon.colcon_core.package_identification:_identify(src/topic_exercise) by extension 'colcon_meta'
[0.183s] Level 1:colcon.colcon_core.package_identification:_identify(src/topic_exercise) by extensions ['ros']
[0.183s] Level 1:colcon.colcon_core.package_identification:_identify(src/topic_exercise) by extension 'ros'
[0.184s] DEBUG:colcon.colcon_core.package_identification:Package 'src/topic_exercise' with type 'ros.ament_python' and name 'topic_exercise'
[0.184s] Level 1:colcon.colcon_core.package_identification:_identify(src/two_wheeled_robot) by extensions ['ignore', 'ignore_ament_install']
[0.184s] Level 1:colcon.colcon_core.package_identification:_identify(src/two_wheeled_robot) by extension 'ignore'
[0.184s] Level 1:colcon.colcon_core.package_identification:_identify(src/two_wheeled_robot) by extension 'ignore_ament_install'
[0.184s] Level 1:colcon.colcon_core.package_identification:_identify(src/two_wheeled_robot) by extensions ['colcon_pkg']
[0.184s] Level 1:colcon.colcon_core.package_identification:_identify(src/two_wheeled_robot) by extension 'colcon_pkg'
[0.184s] Level 1:colcon.colcon_core.package_identification:_identify(src/two_wheeled_robot) by extensions ['colcon_meta']
[0.184s] Level 1:colcon.colcon_core.package_identification:_identify(src/two_wheeled_robot) by extension 'colcon_meta'
[0.184s] Level 1:colcon.colcon_core.package_identification:_identify(src/two_wheeled_robot) by extensions ['ros']
[0.184s] Level 1:colcon.colcon_core.package_identification:_identify(src/two_wheeled_robot) by extension 'ros'
[0.185s] DEBUG:colcon.colcon_core.package_identification:Package 'src/two_wheeled_robot' with type 'ros.ament_cmake' and name 'two_wheeled_robot'
[0.185s] Level 1:colcon.colcon_core.package_discovery:discover_packages(recursive) using defaults
[0.185s] Level 1:colcon.colcon_core.package_discovery:discover_packages(ignore) discover
[0.185s] Level 1:colcon.colcon_core.package_discovery:discover_packages(ignore) using defaults
[0.185s] Level 1:colcon.colcon_core.package_discovery:discover_packages(path) discover
[0.185s] Level 1:colcon.colcon_core.package_discovery:discover_packages(path) using defaults
[0.206s] Level 1:colcon.colcon_core.package_discovery:discover_packages(prefix_path) check parameters
[0.206s] Level 1:colcon.colcon_core.package_discovery:discover_packages(prefix_path) discover
[0.207s] DEBUG:colcon.colcon_installed_package_information.package_discovery:Found 29 installed packages in /home/ssfa/ros2_ws/install
[0.208s] DEBUG:colcon.colcon_installed_package_information.package_discovery:Found 324 installed packages in /opt/ros/humble
[0.209s] Level 1:colcon.colcon_core.package_discovery:discover_packages(prefix_path) using defaults
[0.231s] Level 5:colcon.colcon_core.verb:set package 'client_pkg' build argument 'cmake_args' from command line to 'None'
[0.231s] Level 5:colcon.colcon_core.verb:set package 'client_pkg' build argument 'cmake_target' from command line to 'None'
[0.231s] Level 5:colcon.colcon_core.verb:set package 'client_pkg' build argument 'cmake_target_skip_unavailable' from command line to 'False'
[0.231s] Level 5:colcon.colcon_core.verb:set package 'client_pkg' build argument 'cmake_clean_cache' from command line to 'False'
[0.231s] Level 5:colcon.colcon_core.verb:set package 'client_pkg' build argument 'cmake_clean_first' from command line to 'False'
[0.231s] Level 5:colcon.colcon_core.verb:set package 'client_pkg' build argument 'cmake_force_configure' from command line to 'False'
[0.231s] Level 5:colcon.colcon_core.verb:set package 'client_pkg' build argument 'ament_cmake_args' from command line to 'None'
[0.231s] Level 5:colcon.colcon_core.verb:set package 'client_pkg' build argument 'catkin_cmake_args' from command line to 'None'
[0.231s] Level 5:colcon.colcon_core.verb:set package 'client_pkg' build argument 'catkin_skip_building_tests' from command line to 'False'
[0.231s] DEBUG:colcon.colcon_core.verb:Building package 'client_pkg' with the following arguments: {'ament_cmake_args': None, 'build_base': '/home/ssfa/ros2_ws/build/client_pkg', 'catkin_cmake_args': None, 'catkin_skip_building_tests': False, 'cmake_args': None, 'cmake_clean_cache': False, 'cmake_clean_first': False, 'cmake_force_configure': False, 'cmake_target': None, 'cmake_target_skip_unavailable': False, 'install_base': '/home/ssfa/ros2_ws/install/client_pkg', 'merge_install': False, 'path': '/home/ssfa/ros2_ws/src/client_pkg', 'symlink_install': True, 'test_result_base': None}
[0.231s] Level 5:colcon.colcon_core.verb:set package 'custom_interfaces' build argument 'cmake_args' from command line to 'None'
[0.231s] Level 5:colcon.colcon_core.verb:set package 'custom_interfaces' build argument 'cmake_target' from command line to 'None'
[0.231s] Level 5:colcon.colcon_core.verb:set package 'custom_interfaces' build argument 'cmake_target_skip_unavailable' from command line to 'False'
[0.231s] Level 5:colcon.colcon_core.verb:set package 'custom_interfaces' build argument 'cmake_clean_cache' from command line to 'False'
[0.231s] Level 5:colcon.colcon_core.verb:set package 'custom_interfaces' build argument 'cmake_clean_first' from command line to 'False'
[0.231s] Level 5:colcon.colcon_core.verb:set package 'custom_interfaces' build argument 'cmake_force_configure' from command line to 'False'
[0.231s] Level 5:colcon.colcon_core.verb:set package 'custom_interfaces' build argument 'ament_cmake_args' from command line to 'None'
[0.231s] Level 5:colcon.colcon_core.verb:set package 'custom_interfaces' build argument 'catkin_cmake_args' from command line to 'None'
[0.231s] Level 5:colcon.colcon_core.verb:set package 'custom_interfaces' build argument 'catkin_skip_building_tests' from command line to 'False'
[0.231s] DEBUG:colcon.colcon_core.verb:Building package 'custom_interfaces' with the following arguments: {'ament_cmake_args': None, 'build_base': '/home/ssfa/ros2_ws/build/custom_interfaces', 'catkin_cmake_args': None, 'catkin_skip_building_tests': False, 'cmake_args': None, 'cmake_clean_cache': False, 'cmake_clean_first': False, 'cmake_force_configure': False, 'cmake_target': None, 'cmake_target_skip_unavailable': False, 'install_base': '/home/ssfa/ros2_ws/install/custom_interfaces', 'merge_install': False, 'path': '/home/ssfa/ros2_ws/src/custom_interfaces', 'symlink_install': True, 'test_result_base': None}
[0.231s] Level 5:colcon.colcon_core.verb:set package 'cv_basics' build argument 'cmake_args' from command line to 'None'
[0.231s] Level 5:colcon.colcon_core.verb:set package 'cv_basics' build argument 'cmake_target' from command line to 'None'
[0.231s] Level 5:colcon.colcon_core.verb:set package 'cv_basics' build argument 'cmake_target_skip_unavailable' from command line to 'False'
[0.231s] Level 5:colcon.colcon_core.verb:set package 'cv_basics' build argument 'cmake_clean_cache' from command line to 'False'
[0.231s] Level 5:colcon.colcon_core.verb:set package 'cv_basics' build argument 'cmake_clean_first' from command line to 'False'
[0.231s] Level 5:colcon.colcon_core.verb:set package 'cv_basics' build argument 'cmake_force_configure' from command line to 'False'
[0.231s] Level 5:colcon.colcon_core.verb:set package 'cv_basics' build argument 'ament_cmake_args' from command line to 'None'
[0.231s] Level 5:colcon.colcon_core.verb:set package 'cv_basics' build argument 'catkin_cmake_args' from command line to 'None'
[0.231s] Level 5:colcon.colcon_core.verb:set package 'cv_basics' build argument 'catkin_skip_building_tests' from command line to 'False'
[0.231s] DEBUG:colcon.colcon_core.verb:Building package 'cv_basics' with the following arguments: {'ament_cmake_args': None, 'build_base': '/home/ssfa/ros2_ws/build/cv_basics', 'catkin_cmake_args': None, 'catkin_skip_building_tests': False, 'cmake_args': None, 'cmake_clean_cache': False, 'cmake_clean_first': False, 'cmake_force_configure': False, 'cmake_target': None, 'cmake_target_skip_unavailable': False, 'install_base': '/home/ssfa/ros2_ws/install/cv_basics', 'merge_install': False, 'path': '/home/ssfa/ros2_ws/src/cv_basics', 'symlink_install': True, 'test_result_base': None}
[0.232s] Level 5:colcon.colcon_core.verb:set package 'dynamixel_sdk' build argument 'cmake_args' from command line to 'None'
[0.232s] Level 5:colcon.colcon_core.verb:set package 'dynamixel_sdk' build argument 'cmake_target' from command line to 'None'
[0.232s] Level 5:colcon.colcon_core.verb:set package 'dynamixel_sdk' build argument 'cmake_target_skip_unavailable' from command line to 'False'
[0.232s] Level 5:colcon.colcon_core.verb:set package 'dynamixel_sdk' build argument 'cmake_clean_cache' from command line to 'False'
[0.232s] Level 5:colcon.colcon_core.verb:set package 'dynamixel_sdk' build argument 'cmake_clean_first' from command line to 'False'
[0.232s] Level 5:colcon.colcon_core.verb:set package 'dynamixel_sdk' build argument 'cmake_force_configure' from command line to 'False'
[0.232s] Level 5:colcon.colcon_core.verb:set package 'dynamixel_sdk' build argument 'ament_cmake_args' from command line to 'None'
[0.232s] Level 5:colcon.colcon_core.verb:set package 'dynamixel_sdk' build argument 'catkin_cmake_args' from command line to 'None'
[0.232s] Level 5:colcon.colcon_core.verb:set package 'dynamixel_sdk' build argument 'catkin_skip_building_tests' from command line to 'False'
[0.232s] DEBUG:colcon.colcon_core.verb:Building package 'dynamixel_sdk' with the following arguments: {'ament_cmake_args': None, 'build_base': '/home/ssfa/ros2_ws/build/dynamixel_sdk', 'catkin_cmake_args': None, 'catkin_skip_building_tests': False, 'cmake_args': None, 'cmake_clean_cache': False, 'cmake_clean_first': False, 'cmake_force_configure': False, 'cmake_target': None, 'cmake_target_skip_unavailable': False, 'install_base': '/home/ssfa/ros2_ws/install/dynamixel_sdk', 'merge_install': False, 'path': '/home/ssfa/ros2_ws/src/t3/DynamixelSDK/dynamixel_sdk', 'symlink_install': True, 'test_result_base': None}
[0.232s] Level 5:colcon.colcon_core.verb:set package 'exercise_pkg' build argument 'cmake_args' from command line to 'None'
[0.232s] Level 5:colcon.colcon_core.verb:set package 'exercise_pkg' build argument 'cmake_target' from command line to 'None'
[0.232s] Level 5:colcon.colcon_core.verb:set package 'exercise_pkg' build argument 'cmake_target_skip_unavailable' from command line to 'False'
[0.232s] Level 5:colcon.colcon_core.verb:set package 'exercise_pkg' build argument 'cmake_clean_cache' from command line to 'False'
[0.232s] Level 5:colcon.colcon_core.verb:set package 'exercise_pkg' build argument 'cmake_clean_first' from command line to 'False'
[0.232s] Level 5:colcon.colcon_core.verb:set package 'exercise_pkg' build argument 'cmake_force_configure' from command line to 'False'
[0.232s] Level 5:colcon.colcon_core.verb:set package 'exercise_pkg' build argument 'ament_cmake_args' from command line to 'None'
[0.232s] Level 5:colcon.colcon_core.verb:set package 'exercise_pkg' build argument 'catkin_cmake_args' from command line to 'None'
[0.232s] Level 5:colcon.colcon_core.verb:set package 'exercise_pkg' build argument 'catkin_skip_building_tests' from command line to 'False'
[0.232s] DEBUG:colcon.colcon_core.verb:Building package 'exercise_pkg' with the following arguments: {'ament_cmake_args': None, 'build_base': '/home/ssfa/ros2_ws/build/exercise_pkg', 'catkin_cmake_args': None, 'catkin_skip_building_tests': False, 'cmake_args': None, 'cmake_clean_cache': False, 'cmake_clean_first': False, 'cmake_force_configure': False, 'cmake_target': None, 'cmake_target_skip_unavailable': False, 'install_base': '/home/ssfa/ros2_ws/install/exercise_pkg', 'merge_install': False, 'path': '/home/ssfa/ros2_ws/src/exercise_pkg', 'symlink_install': True, 'test_result_base': None}
[0.232s] Level 5:colcon.colcon_core.verb:set package 'my_package' build argument 'cmake_args' from command line to 'None'
[0.232s] Level 5:colcon.colcon_core.verb:set package 'my_package' build argument 'cmake_target' from command line to 'None'
[0.232s] Level 5:colcon.colcon_core.verb:set package 'my_package' build argument 'cmake_target_skip_unavailable' from command line to 'False'
[0.232s] Level 5:colcon.colcon_core.verb:set package 'my_package' build argument 'cmake_clean_cache' from command line to 'False'
[0.232s] Level 5:colcon.colcon_core.verb:set package 'my_package' build argument 'cmake_clean_first' from command line to 'False'
[0.232s] Level 5:colcon.colcon_core.verb:set package 'my_package' build argument 'cmake_force_configure' from command line to 'False'
[0.232s] Level 5:colcon.colcon_core.verb:set package 'my_package' build argument 'ament_cmake_args' from command line to 'None'
[0.232s] Level 5:colcon.colcon_core.verb:set package 'my_package' build argument 'catkin_cmake_args' from command line to 'None'
[0.232s] Level 5:colcon.colcon_core.verb:set package 'my_package' build argument 'catkin_skip_building_tests' from command line to 'False'
[0.232s] DEBUG:colcon.colcon_core.verb:Building package 'my_package' with the following arguments: {'ament_cmake_args': None, 'build_base': '/home/ssfa/ros2_ws/build/my_package', 'catkin_cmake_args': None, 'catkin_skip_building_tests': False, 'cmake_args': None, 'cmake_clean_cache': False, 'cmake_clean_first': False, 'cmake_force_configure': False, 'cmake_target': None, 'cmake_target_skip_unavailable': False, 'install_base': '/home/ssfa/ros2_ws/install/my_package', 'merge_install': False, 'path': '/home/ssfa/ros2_ws/src/my_package', 'symlink_install': True, 'test_result_base': None}
[0.233s] Level 5:colcon.colcon_core.verb:set package 'publisher_pkg' build argument 'cmake_args' from command line to 'None'
[0.233s] Level 5:colcon.colcon_core.verb:set package 'publisher_pkg' build argument 'cmake_target' from command line to 'None'
[0.233s] Level 5:colcon.colcon_core.verb:set package 'publisher_pkg' build argument 'cmake_target_skip_unavailable' from command line to 'False'
[0.233s] Level 5:colcon.colcon_core.verb:set package 'publisher_pkg' build argument 'cmake_clean_cache' from command line to 'False'
[0.233s] Level 5:colcon.colcon_core.verb:set package 'publisher_pkg' build argument 'cmake_clean_first' from command line to 'False'
[0.233s] Level 5:colcon.colcon_core.verb:set package 'publisher_pkg' build argument 'cmake_force_configure' from command line to 'False'
[0.233s] Level 5:colcon.colcon_core.verb:set package 'publisher_pkg' build argument 'ament_cmake_args' from command line to 'None'
[0.233s] Level 5:colcon.colcon_core.verb:set package 'publisher_pkg' build argument 'catkin_cmake_args' from command line to 'None'
[0.233s] Level 5:colcon.colcon_core.verb:set package 'publisher_pkg' build argument 'catkin_skip_building_tests' from command line to 'False'
[0.233s] DEBUG:colcon.colcon_core.verb:Building package 'publisher_pkg' with the following arguments: {'ament_cmake_args': None, 'build_base': '/home/ssfa/ros2_ws/build/publisher_pkg', 'catkin_cmake_args': None, 'catkin_skip_building_tests': False, 'cmake_args': None, 'cmake_clean_cache': False, 'cmake_clean_first': False, 'cmake_force_configure': False, 'cmake_target': None, 'cmake_target_skip_unavailable': False, 'install_base': '/home/ssfa/ros2_ws/install/publisher_pkg', 'merge_install': False, 'path': '/home/ssfa/ros2_ws/src/publisher_pkg', 'symlink_install': True, 'test_result_base': None}
[0.233s] Level 5:colcon.colcon_core.verb:set package 'services_pkg' build argument 'cmake_args' from command line to 'None'
[0.233s] Level 5:colcon.colcon_core.verb:set package 'services_pkg' build argument 'cmake_target' from command line to 'None'
[0.233s] Level 5:colcon.colcon_core.verb:set package 'services_pkg' build argument 'cmake_target_skip_unavailable' from command line to 'False'
[0.233s] Level 5:colcon.colcon_core.verb:set package 'services_pkg' build argument 'cmake_clean_cache' from command line to 'False'
[0.233s] Level 5:colcon.colcon_core.verb:set package 'services_pkg' build argument 'cmake_clean_first' from command line to 'False'
[0.233s] Level 5:colcon.colcon_core.verb:set package 'services_pkg' build argument 'cmake_force_configure' from command line to 'False'
[0.233s] Level 5:colcon.colcon_core.verb:set package 'services_pkg' build argument 'ament_cmake_args' from command line to 'None'
[0.233s] Level 5:colcon.colcon_core.verb:set package 'services_pkg' build argument 'catkin_cmake_args' from command line to 'None'
[0.233s] Level 5:colcon.colcon_core.verb:set package 'services_pkg' build argument 'catkin_skip_building_tests' from command line to 'False'
[0.233s] DEBUG:colcon.colcon_core.verb:Building package 'services_pkg' with the following arguments: {'ament_cmake_args': None, 'build_base': '/home/ssfa/ros2_ws/build/services_pkg', 'catkin_cmake_args': None, 'catkin_skip_building_tests': False, 'cmake_args': None, 'cmake_clean_cache': False, 'cmake_clean_first': False, 'cmake_force_configure': False, 'cmake_target': None, 'cmake_target_skip_unavailable': False, 'install_base': '/home/ssfa/ros2_ws/install/services_pkg', 'merge_install': False, 'path': '/home/ssfa/ros2_ws/src/t3/services_pkg', 'symlink_install': True, 'test_result_base': None}
[0.233s] Level 5:colcon.colcon_core.verb:set package 'shape_detector' build argument 'cmake_args' from command line to 'None'
[0.233s] Level 5:colcon.colcon_core.verb:set package 'shape_detector' build argument 'cmake_target' from command line to 'None'
[0.233s] Level 5:colcon.colcon_core.verb:set package 'shape_detector' build argument 'cmake_target_skip_unavailable' from command line to 'False'
[0.233s] Level 5:colcon.colcon_core.verb:set package 'shape_detector' build argument 'cmake_clean_cache' from command line to 'False'
[0.233s] Level 5:colcon.colcon_core.verb:set package 'shape_detector' build argument 'cmake_clean_first' from command line to 'False'
[0.233s] Level 5:colcon.colcon_core.verb:set package 'shape_detector' build argument 'cmake_force_configure' from command line to 'False'
[0.233s] Level 5:colcon.colcon_core.verb:set package 'shape_detector' build argument 'ament_cmake_args' from command line to 'None'
[0.233s] Level 5:colcon.colcon_core.verb:set package 'shape_detector' build argument 'catkin_cmake_args' from command line to 'None'
[0.233s] Level 5:colcon.colcon_core.verb:set package 'shape_detector' build argument 'catkin_skip_building_tests' from command line to 'False'
[0.233s] DEBUG:colcon.colcon_core.verb:Building package 'shape_detector' with the following arguments: {'ament_cmake_args': None, 'build_base': '/home/ssfa/ros2_ws/build/shape_detector', 'catkin_cmake_args': None, 'catkin_skip_building_tests': False, 'cmake_args': None, 'cmake_clean_cache': False, 'cmake_clean_first': False, 'cmake_force_configure': False, 'cmake_target': None, 'cmake_target_skip_unavailable': False, 'install_base': '/home/ssfa/ros2_ws/install/shape_detector', 'merge_install': False, 'path': '/home/ssfa/ros2_ws/src/shape_detector', 'symlink_install': True, 'test_result_base': None}
[0.233s] Level 5:colcon.colcon_core.verb:set package 'subscriber_pkg' build argument 'cmake_args' from command line to 'None'
[0.233s] Level 5:colcon.colcon_core.verb:set package 'subscriber_pkg' build argument 'cmake_target' from command line to 'None'
[0.233s] Level 5:colcon.colcon_core.verb:set package 'subscriber_pkg' build argument 'cmake_target_skip_unavailable' from command line to 'False'
[0.233s] Level 5:colcon.colcon_core.verb:set package 'subscriber_pkg' build argument 'cmake_clean_cache' from command line to 'False'
[0.233s] Level 5:colcon.colcon_core.verb:set package 'subscriber_pkg' build argument 'cmake_clean_first' from command line to 'False'
[0.233s] Level 5:colcon.colcon_core.verb:set package 'subscriber_pkg' build argument 'cmake_force_configure' from command line to 'False'
[0.233s] Level 5:colcon.colcon_core.verb:set package 'subscriber_pkg' build argument 'ament_cmake_args' from command line to 'None'
[0.233s] Level 5:colcon.colcon_core.verb:set package 'subscriber_pkg' build argument 'catkin_cmake_args' from command line to 'None'
[0.233s] Level 5:colcon.colcon_core.verb:set package 'subscriber_pkg' build argument 'catkin_skip_building_tests' from command line to 'False'
[0.233s] DEBUG:colcon.colcon_core.verb:Building package 'subscriber_pkg' with the following arguments: {'ament_cmake_args': None, 'build_base': '/home/ssfa/ros2_ws/build/subscriber_pkg', 'catkin_cmake_args': None, 'catkin_skip_building_tests': False, 'cmake_args': None, 'cmake_clean_cache': False, 'cmake_clean_first': False, 'cmake_force_configure': False, 'cmake_target': None, 'cmake_target_skip_unavailable': False, 'install_base': '/home/ssfa/ros2_ws/install/subscriber_pkg', 'merge_install': False, 'path': '/home/ssfa/ros2_ws/src/subscriber_pkg', 'symlink_install': True, 'test_result_base': None}
[0.234s] Level 5:colcon.colcon_core.verb:set package 't3_action_msg' build argument 'cmake_args' from command line to 'None'
[0.234s] Level 5:colcon.colcon_core.verb:set package 't3_action_msg' build argument 'cmake_target' from command line to 'None'
[0.234s] Level 5:colcon.colcon_core.verb:set package 't3_action_msg' build argument 'cmake_target_skip_unavailable' from command line to 'False'
[0.234s] Level 5:colcon.colcon_core.verb:set package 't3_action_msg' build argument 'cmake_clean_cache' from command line to 'False'
[0.234s] Level 5:colcon.colcon_core.verb:set package 't3_action_msg' build argument 'cmake_clean_first' from command line to 'False'
[0.234s] Level 5:colcon.colcon_core.verb:set package 't3_action_msg' build argument 'cmake_force_configure' from command line to 'False'
[0.234s] Level 5:colcon.colcon_core.verb:set package 't3_action_msg' build argument 'ament_cmake_args' from command line to 'None'
[0.234s] Level 5:colcon.colcon_core.verb:set package 't3_action_msg' build argument 'catkin_cmake_args' from command line to 'None'
[0.234s] Level 5:colcon.colcon_core.verb:set package 't3_action_msg' build argument 'catkin_skip_building_tests' from command line to 'False'
[0.234s] DEBUG:colcon.colcon_core.verb:Building package 't3_action_msg' with the following arguments: {'ament_cmake_args': None, 'build_base': '/home/ssfa/ros2_ws/build/t3_action_msg', 'catkin_cmake_args': None, 'catkin_skip_building_tests': False, 'cmake_args': None, 'cmake_clean_cache': False, 'cmake_clean_first': False, 'cmake_force_configure': False, 'cmake_target': None, 'cmake_target_skip_unavailable': False, 'install_base': '/home/ssfa/ros2_ws/install/t3_action_msg', 'merge_install': False, 'path': '/home/ssfa/ros2_ws/src/t3/t3_action_msg', 'symlink_install': True, 'test_result_base': None}
[0.234s] Level 5:colcon.colcon_core.verb:set package 'tiago_demo' build argument 'cmake_args' from command line to 'None'
[0.234s] Level 5:colcon.colcon_core.verb:set package 'tiago_demo' build argument 'cmake_target' from command line to 'None'
[0.234s] Level 5:colcon.colcon_core.verb:set package 'tiago_demo' build argument 'cmake_target_skip_unavailable' from command line to 'False'
[0.234s] Level 5:colcon.colcon_core.verb:set package 'tiago_demo' build argument 'cmake_clean_cache' from command line to 'False'
[0.234s] Level 5:colcon.colcon_core.verb:set package 'tiago_demo' build argument 'cmake_clean_first' from command line to 'False'
[0.234s] Level 5:colcon.colcon_core.verb:set package 'tiago_demo' build argument 'cmake_force_configure' from command line to 'False'
[0.234s] Level 5:colcon.colcon_core.verb:set package 'tiago_demo' build argument 'ament_cmake_args' from command line to 'None'
[0.234s] Level 5:colcon.colcon_core.verb:set package 'tiago_demo' build argument 'catkin_cmake_args' from command line to 'None'
[0.234s] Level 5:colcon.colcon_core.verb:set package 'tiago_demo' build argument 'catkin_skip_building_tests' from command line to 'False'
[0.234s] DEBUG:colcon.colcon_core.verb:Building package 'tiago_demo' with the following arguments: {'ament_cmake_args': None, 'build_base': '/home/ssfa/ros2_ws/build/tiago_demo', 'catkin_cmake_args': None, 'catkin_skip_building_tests': False, 'cmake_args': None, 'cmake_clean_cache': False, 'cmake_clean_first': False, 'cmake_force_configure': False, 'cmake_target': None, 'cmake_target_skip_unavailable': False, 'install_base': '/home/ssfa/ros2_ws/install/tiago_demo', 'merge_install': False, 'path': '/home/ssfa/ros2_ws/src/tiago_demo', 'symlink_install': True, 'test_result_base': None}
[0.234s] Level 5:colcon.colcon_core.verb:set package 'topic_exercise' build argument 'cmake_args' from command line to 'None'
[0.234s] Level 5:colcon.colcon_core.verb:set package 'topic_exercise' build argument 'cmake_target' from command line to 'None'
[0.234s] Level 5:colcon.colcon_core.verb:set package 'topic_exercise' build argument 'cmake_target_skip_unavailable' from command line to 'False'
[0.234s] Level 5:colcon.colcon_core.verb:set package 'topic_exercise' build argument 'cmake_clean_cache' from command line to 'False'
[0.234s] Level 5:colcon.colcon_core.verb:set package 'topic_exercise' build argument 'cmake_clean_first' from command line to 'False'
[0.234s] Level 5:colcon.colcon_core.verb:set package 'topic_exercise' build argument 'cmake_force_configure' from command line to 'False'
[0.234s] Level 5:colcon.colcon_core.verb:set package 'topic_exercise' build argument 'ament_cmake_args' from command line to 'None'
[0.234s] Level 5:colcon.colcon_core.verb:set package 'topic_exercise' build argument 'catkin_cmake_args' from command line to 'None'
[0.234s] Level 5:colcon.colcon_core.verb:set package 'topic_exercise' build argument 'catkin_skip_building_tests' from command line to 'False'
[0.234s] DEBUG:colcon.colcon_core.verb:Building package 'topic_exercise' with the following arguments: {'ament_cmake_args': None, 'build_base': '/home/ssfa/ros2_ws/build/topic_exercise', 'catkin_cmake_args': None, 'catkin_skip_building_tests': False, 'cmake_args': None, 'cmake_clean_cache': False, 'cmake_clean_first': False, 'cmake_force_configure': False, 'cmake_target': None, 'cmake_target_skip_unavailable': False, 'install_base': '/home/ssfa/ros2_ws/install/topic_exercise', 'merge_install': False, 'path': '/home/ssfa/ros2_ws/src/topic_exercise', 'symlink_install': True, 'test_result_base': None}
[0.234s] Level 5:colcon.colcon_core.verb:set package 'turtlebot3_cartographer' build argument 'cmake_args' from command line to 'None'
[0.234s] Level 5:colcon.colcon_core.verb:set package 'turtlebot3_cartographer' build argument 'cmake_target' from command line to 'None'
[0.234s] Level 5:colcon.colcon_core.verb:set package 'turtlebot3_cartographer' build argument 'cmake_target_skip_unavailable' from command line to 'False'
[0.234s] Level 5:colcon.colcon_core.verb:set package 'turtlebot3_cartographer' build argument 'cmake_clean_cache' from command line to 'False'
[0.234s] Level 5:colcon.colcon_core.verb:set package 'turtlebot3_cartographer' build argument 'cmake_clean_first' from command line to 'False'
[0.234s] Level 5:colcon.colcon_core.verb:set package 'turtlebot3_cartographer' build argument 'cmake_force_configure' from command line to 'False'
[0.234s] Level 5:colcon.colcon_core.verb:set package 'turtlebot3_cartographer' build argument 'ament_cmake_args' from command line to 'None'
[0.234s] Level 5:colcon.colcon_core.verb:set package 'turtlebot3_cartographer' build argument 'catkin_cmake_args' from command line to 'None'
[0.234s] Level 5:colcon.colcon_core.verb:set package 'turtlebot3_cartographer' build argument 'catkin_skip_building_tests' from command line to 'False'
[0.234s] DEBUG:colcon.colcon_core.verb:Building package 'turtlebot3_cartographer' with the following arguments: {'ament_cmake_args': None, 'build_base': '/home/ssfa/ros2_ws/build/turtlebot3_cartographer', 'catkin_cmake_args': None, 'catkin_skip_building_tests': False, 'cmake_args': None, 'cmake_clean_cache': False, 'cmake_clean_first': False, 'cmake_force_configure': False, 'cmake_target': None, 'cmake_target_skip_unavailable': False, 'install_base': '/home/ssfa/ros2_ws/install/turtlebot3_cartographer', 'merge_install': False, 'path': '/home/ssfa/ros2_ws/src/t3/turtlebot3/turtlebot3/turtlebot3_cartographer', 'symlink_install': True, 'test_result_base': None}
[0.235s] Level 5:colcon.colcon_core.verb:set package 'turtlebot3_description' build argument 'cmake_args' from command line to 'None'
[0.235s] Level 5:colcon.colcon_core.verb:set package 'turtlebot3_description' build argument 'cmake_target' from command line to 'None'
[0.235s] Level 5:colcon.colcon_core.verb:set package 'turtlebot3_description' build argument 'cmake_target_skip_unavailable' from command line to 'False'
[0.235s] Level 5:colcon.colcon_core.verb:set package 'turtlebot3_description' build argument 'cmake_clean_cache' from command line to 'False'
[0.235s] Level 5:colcon.colcon_core.verb:set package 'turtlebot3_description' build argument 'cmake_clean_first' from command line to 'False'
[0.235s] Level 5:colcon.colcon_core.verb:set package 'turtlebot3_description' build argument 'cmake_force_configure' from command line to 'False'
[0.235s] Level 5:colcon.colcon_core.verb:set package 'turtlebot3_description' build argument 'ament_cmake_args' from command line to 'None'
[0.235s] Level 5:colcon.colcon_core.verb:set package 'turtlebot3_description' build argument 'catkin_cmake_args' from command line to 'None'
[0.235s] Level 5:colcon.colcon_core.verb:set package 'turtlebot3_description' build argument 'catkin_skip_building_tests' from command line to 'False'
[0.235s] DEBUG:colcon.colcon_core.verb:Building package 'turtlebot3_description' with the following arguments: {'ament_cmake_args': None, 'build_base': '/home/ssfa/ros2_ws/build/turtlebot3_description', 'catkin_cmake_args': None, 'catkin_skip_building_tests': False, 'cmake_args': None, 'cmake_clean_cache': False, 'cmake_clean_first': False, 'cmake_force_configure': False, 'cmake_target': None, 'cmake_target_skip_unavailable': False, 'install_base': '/home/ssfa/ros2_ws/install/turtlebot3_description', 'merge_install': False, 'path': '/home/ssfa/ros2_ws/src/t3/turtlebot3/turtlebot3/turtlebot3_description', 'symlink_install': True, 'test_result_base': None}
[0.235s] Level 5:colcon.colcon_core.verb:set package 'turtlebot3_msgs' build argument 'cmake_args' from command line to 'None'
[0.235s] Level 5:colcon.colcon_core.verb:set package 'turtlebot3_msgs' build argument 'cmake_target' from command line to 'None'
[0.235s] Level 5:colcon.colcon_core.verb:set package 'turtlebot3_msgs' build argument 'cmake_target_skip_unavailable' from command line to 'False'
[0.235s] Level 5:colcon.colcon_core.verb:set package 'turtlebot3_msgs' build argument 'cmake_clean_cache' from command line to 'False'
[0.235s] Level 5:colcon.colcon_core.verb:set package 'turtlebot3_msgs' build argument 'cmake_clean_first' from command line to 'False'
[0.235s] Level 5:colcon.colcon_core.verb:set package 'turtlebot3_msgs' build argument 'cmake_force_configure' from command line to 'False'
[0.235s] Level 5:colcon.colcon_core.verb:set package 'turtlebot3_msgs' build argument 'ament_cmake_args' from command line to 'None'
[0.235s] Level 5:colcon.colcon_core.verb:set package 'turtlebot3_msgs' build argument 'catkin_cmake_args' from command line to 'None'
[0.235s] Level 5:colcon.colcon_core.verb:set package 'turtlebot3_msgs' build argument 'catkin_skip_building_tests' from command line to 'False'
[0.235s] DEBUG:colcon.colcon_core.verb:Building package 'turtlebot3_msgs' with the following arguments: {'ament_cmake_args': None, 'build_base': '/home/ssfa/ros2_ws/build/turtlebot3_msgs', 'catkin_cmake_args': None, 'catkin_skip_building_tests': False, 'cmake_args': None, 'cmake_clean_cache': False, 'cmake_clean_first': False, 'cmake_force_configure': False, 'cmake_target': None, 'cmake_target_skip_unavailable': False, 'install_base': '/home/ssfa/ros2_ws/install/turtlebot3_msgs', 'merge_install': False, 'path': '/home/ssfa/ros2_ws/src/t3/turtlebot3_msgs', 'symlink_install': True, 'test_result_base': None}
[0.235s] Level 5:colcon.colcon_core.verb:set package 'turtlebot3_navigation2' build argument 'cmake_args' from command line to 'None'
[0.235s] Level 5:colcon.colcon_core.verb:set package 'turtlebot3_navigation2' build argument 'cmake_target' from command line to 'None'
[0.235s] Level 5:colcon.colcon_core.verb:set package 'turtlebot3_navigation2' build argument 'cmake_target_skip_unavailable' from command line to 'False'
[0.235s] Level 5:colcon.colcon_core.verb:set package 'turtlebot3_navigation2' build argument 'cmake_clean_cache' from command line to 'False'
[0.235s] Level 5:colcon.colcon_core.verb:set package 'turtlebot3_navigation2' build argument 'cmake_clean_first' from command line to 'False'
[0.235s] Level 5:colcon.colcon_core.verb:set package 'turtlebot3_navigation2' build argument 'cmake_force_configure' from command line to 'False'
[0.235s] Level 5:colcon.colcon_core.verb:set package 'turtlebot3_navigation2' build argument 'ament_cmake_args' from command line to 'None'
[0.235s] Level 5:colcon.colcon_core.verb:set package 'turtlebot3_navigation2' build argument 'catkin_cmake_args' from command line to 'None'
[0.235s] Level 5:colcon.colcon_core.verb:set package 'turtlebot3_navigation2' build argument 'catkin_skip_building_tests' from command line to 'False'
[0.235s] DEBUG:colcon.colcon_core.verb:Building package 'turtlebot3_navigation2' with the following arguments: {'ament_cmake_args': None, 'build_base': '/home/ssfa/ros2_ws/build/turtlebot3_navigation2', 'catkin_cmake_args': None, 'catkin_skip_building_tests': False, 'cmake_args': None, 'cmake_clean_cache': False, 'cmake_clean_first': False, 'cmake_force_configure': False, 'cmake_target': None, 'cmake_target_skip_unavailable': False, 'install_base': '/home/ssfa/ros2_ws/install/turtlebot3_navigation2', 'merge_install': False, 'path': '/home/ssfa/ros2_ws/src/t3/turtlebot3/turtlebot3/turtlebot3_navigation2', 'symlink_install': True, 'test_result_base': None}
[0.235s] Level 5:colcon.colcon_core.verb:set package 'turtlebot3_teleop' build argument 'cmake_args' from command line to 'None'
[0.235s] Level 5:colcon.colcon_core.verb:set package 'turtlebot3_teleop' build argument 'cmake_target' from command line to 'None'
[0.236s] Level 5:colcon.colcon_core.verb:set package 'turtlebot3_teleop' build argument 'cmake_target_skip_unavailable' from command line to 'False'
[0.236s] Level 5:colcon.colcon_core.verb:set package 'turtlebot3_teleop' build argument 'cmake_clean_cache' from command line to 'False'
[0.236s] Level 5:colcon.colcon_core.verb:set package 'turtlebot3_teleop' build argument 'cmake_clean_first' from command line to 'False'
[0.236s] Level 5:colcon.colcon_core.verb:set package 'turtlebot3_teleop' build argument 'cmake_force_configure' from command line to 'False'
[0.236s] Level 5:colcon.colcon_core.verb:set package 'turtlebot3_teleop' build argument 'ament_cmake_args' from command line to 'None'
[0.236s] Level 5:colcon.colcon_core.verb:set package 'turtlebot3_teleop' build argument 'catkin_cmake_args' from command line to 'None'
[0.236s] Level 5:colcon.colcon_core.verb:set package 'turtlebot3_teleop' build argument 'catkin_skip_building_tests' from command line to 'False'
[0.236s] DEBUG:colcon.colcon_core.verb:Building package 'turtlebot3_teleop' with the following arguments: {'ament_cmake_args': None, 'build_base': '/home/ssfa/ros2_ws/build/turtlebot3_teleop', 'catkin_cmake_args': None, 'catkin_skip_building_tests': False, 'cmake_args': None, 'cmake_clean_cache': False, 'cmake_clean_first': False, 'cmake_force_configure': False, 'cmake_target': None, 'cmake_target_skip_unavailable': False, 'install_base': '/home/ssfa/ros2_ws/install/turtlebot3_teleop', 'merge_install': False, 'path': '/home/ssfa/ros2_ws/src/t3/turtlebot3/turtlebot3/turtlebot3_teleop', 'symlink_install': True, 'test_result_base': None}
[0.236s] Level 5:colcon.colcon_core.verb:set package 'two_wheeled_robot' build argument 'cmake_args' from command line to 'None'
[0.236s] Level 5:colcon.colcon_core.verb:set package 'two_wheeled_robot' build argument 'cmake_target' from command line to 'None'
[0.236s] Level 5:colcon.colcon_core.verb:set package 'two_wheeled_robot' build argument 'cmake_target_skip_unavailable' from command line to 'False'
[0.236s] Level 5:colcon.colcon_core.verb:set package 'two_wheeled_robot' build argument 'cmake_clean_cache' from command line to 'False'
[0.236s] Level 5:colcon.colcon_core.verb:set package 'two_wheeled_robot' build argument 'cmake_clean_first' from command line to 'False'
[0.236s] Level 5:colcon.colcon_core.verb:set package 'two_wheeled_robot' build argument 'cmake_force_configure' from command line to 'False'
[0.236s] Level 5:colcon.colcon_core.verb:set package 'two_wheeled_robot' build argument 'ament_cmake_args' from command line to 'None'
[0.236s] Level 5:colcon.colcon_core.verb:set package 'two_wheeled_robot' build argument 'catkin_cmake_args' from command line to 'None'
[0.236s] Level 5:colcon.colcon_core.verb:set package 'two_wheeled_robot' build argument 'catkin_skip_building_tests' from command line to 'False'
[0.236s] DEBUG:colcon.colcon_core.verb:Building package 'two_wheeled_robot' with the following arguments: {'ament_cmake_args': None, 'build_base': '/home/ssfa/ros2_ws/build/two_wheeled_robot', 'catkin_cmake_args': None, 'catkin_skip_building_tests': False, 'cmake_args': None, 'cmake_clean_cache': False, 'cmake_clean_first': False, 'cmake_force_configure': False, 'cmake_target': None, 'cmake_target_skip_unavailable': False, 'install_base': '/home/ssfa/ros2_ws/install/two_wheeled_robot', 'merge_install': False, 'path': '/home/ssfa/ros2_ws/src/two_wheeled_robot', 'symlink_install': True, 'test_result_base': None}
[0.236s] Level 5:colcon.colcon_core.verb:set package 'custom_interface_example' build argument 'cmake_args' from command line to 'None'
[0.236s] Level 5:colcon.colcon_core.verb:set package 'custom_interface_example' build argument 'cmake_target' from command line to 'None'
[0.236s] Level 5:colcon.colcon_core.verb:set package 'custom_interface_example' build argument 'cmake_target_skip_unavailable' from command line to 'False'
[0.236s] Level 5:colcon.colcon_core.verb:set package 'custom_interface_example' build argument 'cmake_clean_cache' from command line to 'False'
[0.236s] Level 5:colcon.colcon_core.verb:set package 'custom_interface_example' build argument 'cmake_clean_first' from command line to 'False'
[0.236s] Level 5:colcon.colcon_core.verb:set package 'custom_interface_example' build argument 'cmake_force_configure' from command line to 'False'
[0.236s] Level 5:colcon.colcon_core.verb:set package 'custom_interface_example' build argument 'ament_cmake_args' from command line to 'None'
[0.236s] Level 5:colcon.colcon_core.verb:set package 'custom_interface_example' build argument 'catkin_cmake_args' from command line to 'None'
[0.236s] Level 5:colcon.colcon_core.verb:set package 'custom_interface_example' build argument 'catkin_skip_building_tests' from command line to 'False'
[0.236s] DEBUG:colcon.colcon_core.verb:Building package 'custom_interface_example' with the following arguments: {'ament_cmake_args': None, 'build_base': '/home/ssfa/ros2_ws/build/custom_interface_example', 'catkin_cmake_args': None, 'catkin_skip_building_tests': False, 'cmake_args': None, 'cmake_clean_cache': False, 'cmake_clean_first': False, 'cmake_force_configure': False, 'cmake_target': None, 'cmake_target_skip_unavailable': False, 'install_base': '/home/ssfa/ros2_ws/install/custom_interface_example', 'merge_install': False, 'path': '/home/ssfa/ros2_ws/src/custom_interface_example', 'symlink_install': True, 'test_result_base': None}
[0.236s] Level 5:colcon.colcon_core.verb:set package 'movement_pkg' build argument 'cmake_args' from command line to 'None'
[0.236s] Level 5:colcon.colcon_core.verb:set package 'movement_pkg' build argument 'cmake_target' from command line to 'None'
[0.236s] Level 5:colcon.colcon_core.verb:set package 'movement_pkg' build argument 'cmake_target_skip_unavailable' from command line to 'False'
[0.236s] Level 5:colcon.colcon_core.verb:set package 'movement_pkg' build argument 'cmake_clean_cache' from command line to 'False'
[0.236s] Level 5:colcon.colcon_core.verb:set package 'movement_pkg' build argument 'cmake_clean_first' from command line to 'False'
[0.236s] Level 5:colcon.colcon_core.verb:set package 'movement_pkg' build argument 'cmake_force_configure' from command line to 'False'
[0.236s] Level 5:colcon.colcon_core.verb:set package 'movement_pkg' build argument 'ament_cmake_args' from command line to 'None'
[0.236s] Level 5:colcon.colcon_core.verb:set package 'movement_pkg' build argument 'catkin_cmake_args' from command line to 'None'
[0.236s] Level 5:colcon.colcon_core.verb:set package 'movement_pkg' build argument 'catkin_skip_building_tests' from command line to 'False'
[0.236s] DEBUG:colcon.colcon_core.verb:Building package 'movement_pkg' with the following arguments: {'ament_cmake_args': None, 'build_base': '/home/ssfa/ros2_ws/build/movement_pkg', 'catkin_cmake_args': None, 'catkin_skip_building_tests': False, 'cmake_args': None, 'cmake_clean_cache': False, 'cmake_clean_first': False, 'cmake_force_configure': False, 'cmake_target': None, 'cmake_target_skip_unavailable': False, 'install_base': '/home/ssfa/ros2_ws/install/movement_pkg', 'merge_install': False, 'path': '/home/ssfa/ros2_ws/src/movement_pkg', 'symlink_install': True, 'test_result_base': None}
[0.237s] Level 5:colcon.colcon_core.verb:set package 'turtlebot3_as' build argument 'cmake_args' from command line to 'None'
[0.237s] Level 5:colcon.colcon_core.verb:set package 'turtlebot3_as' build argument 'cmake_target' from command line to 'None'
[0.237s] Level 5:colcon.colcon_core.verb:set package 'turtlebot3_as' build argument 'cmake_target_skip_unavailable' from command line to 'False'
[0.237s] Level 5:colcon.colcon_core.verb:set package 'turtlebot3_as' build argument 'cmake_clean_cache' from command line to 'False'
[0.237s] Level 5:colcon.colcon_core.verb:set package 'turtlebot3_as' build argument 'cmake_clean_first' from command line to 'False'
[0.237s] Level 5:colcon.colcon_core.verb:set package 'turtlebot3_as' build argument 'cmake_force_configure' from command line to 'False'
[0.237s] Level 5:colcon.colcon_core.verb:set package 'turtlebot3_as' build argument 'ament_cmake_args' from command line to 'None'
[0.237s] Level 5:colcon.colcon_core.verb:set package 'turtlebot3_as' build argument 'catkin_cmake_args' from command line to 'None'
[0.237s] Level 5:colcon.colcon_core.verb:set package 'turtlebot3_as' build argument 'catkin_skip_building_tests' from command line to 'False'
[0.237s] DEBUG:colcon.colcon_core.verb:Building package 'turtlebot3_as' with the following arguments: {'ament_cmake_args': None, 'build_base': '/home/ssfa/ros2_ws/build/turtlebot3_as', 'catkin_cmake_args': None, 'catkin_skip_building_tests': False, 'cmake_args': None, 'cmake_clean_cache': False, 'cmake_clean_first': False, 'cmake_force_configure': False, 'cmake_target': None, 'cmake_target_skip_unavailable': False, 'install_base': '/home/ssfa/ros2_ws/install/turtlebot3_as', 'merge_install': False, 'path': '/home/ssfa/ros2_ws/src/t3/turtlebot3_as', 'symlink_install': True, 'test_result_base': None}
[0.237s] Level 5:colcon.colcon_core.verb:set package 'turtlebot3_bringup' build argument 'cmake_args' from command line to 'None'
[0.237s] Level 5:colcon.colcon_core.verb:set package 'turtlebot3_bringup' build argument 'cmake_target' from command line to 'None'
[0.237s] Level 5:colcon.colcon_core.verb:set package 'turtlebot3_bringup' build argument 'cmake_target_skip_unavailable' from command line to 'False'
[0.237s] Level 5:colcon.colcon_core.verb:set package 'turtlebot3_bringup' build argument 'cmake_clean_cache' from command line to 'False'
[0.237s] Level 5:colcon.colcon_core.verb:set package 'turtlebot3_bringup' build argument 'cmake_clean_first' from command line to 'False'
[0.237s] Level 5:colcon.colcon_core.verb:set package 'turtlebot3_bringup' build argument 'cmake_force_configure' from command line to 'False'
[0.237s] Level 5:colcon.colcon_core.verb:set package 'turtlebot3_bringup' build argument 'ament_cmake_args' from command line to 'None'
[0.237s] Level 5:colcon.colcon_core.verb:set package 'turtlebot3_bringup' build argument 'catkin_cmake_args' from command line to 'None'
[0.237s] Level 5:colcon.colcon_core.verb:set package 'turtlebot3_bringup' build argument 'catkin_skip_building_tests' from command line to 'False'
[0.237s] DEBUG:colcon.colcon_core.verb:Building package 'turtlebot3_bringup' with the following arguments: {'ament_cmake_args': None, 'build_base': '/home/ssfa/ros2_ws/build/turtlebot3_bringup', 'catkin_cmake_args': None, 'catkin_skip_building_tests': False, 'cmake_args': None, 'cmake_clean_cache': False, 'cmake_clean_first': False, 'cmake_force_configure': False, 'cmake_target': None, 'cmake_target_skip_unavailable': False, 'install_base': '/home/ssfa/ros2_ws/install/turtlebot3_bringup', 'merge_install': False, 'path': '/home/ssfa/ros2_ws/src/t3/turtlebot3/turtlebot3/turtlebot3_bringup', 'symlink_install': True, 'test_result_base': None}
[0.237s] Level 5:colcon.colcon_core.verb:set package 'turtlebot3_example' build argument 'cmake_args' from command line to 'None'
[0.237s] Level 5:colcon.colcon_core.verb:set package 'turtlebot3_example' build argument 'cmake_target' from command line to 'None'
[0.237s] Level 5:colcon.colcon_core.verb:set package 'turtlebot3_example' build argument 'cmake_target_skip_unavailable' from command line to 'False'
[0.237s] Level 5:colcon.colcon_core.verb:set package 'turtlebot3_example' build argument 'cmake_clean_cache' from command line to 'False'
[0.237s] Level 5:colcon.colcon_core.verb:set package 'turtlebot3_example' build argument 'cmake_clean_first' from command line to 'False'
[0.237s] Level 5:colcon.colcon_core.verb:set package 'turtlebot3_example' build argument 'cmake_force_configure' from command line to 'False'
[0.237s] Level 5:colcon.colcon_core.verb:set package 'turtlebot3_example' build argument 'ament_cmake_args' from command line to 'None'
[0.237s] Level 5:colcon.colcon_core.verb:set package 'turtlebot3_example' build argument 'catkin_cmake_args' from command line to 'None'
[0.237s] Level 5:colcon.colcon_core.verb:set package 'turtlebot3_example' build argument 'catkin_skip_building_tests' from command line to 'False'
[0.237s] DEBUG:colcon.colcon_core.verb:Building package 'turtlebot3_example' with the following arguments: {'ament_cmake_args': None, 'build_base': '/home/ssfa/ros2_ws/build/turtlebot3_example', 'catkin_cmake_args': None, 'catkin_skip_building_tests': False, 'cmake_args': None, 'cmake_clean_cache': False, 'cmake_clean_first': False, 'cmake_force_configure': False, 'cmake_target': None, 'cmake_target_skip_unavailable': False, 'install_base': '/home/ssfa/ros2_ws/install/turtlebot3_example', 'merge_install': False, 'path': '/home/ssfa/ros2_ws/src/t3/turtlebot3/turtlebot3/turtlebot3_example', 'symlink_install': True, 'test_result_base': None}
[0.237s] Level 5:colcon.colcon_core.verb:set package 'turtlebot3_gazebo' build argument 'cmake_args' from command line to 'None'
[0.237s] Level 5:colcon.colcon_core.verb:set package 'turtlebot3_gazebo' build argument 'cmake_target' from command line to 'None'
[0.237s] Level 5:colcon.colcon_core.verb:set package 'turtlebot3_gazebo' build argument 'cmake_target_skip_unavailable' from command line to 'False'
[0.237s] Level 5:colcon.colcon_core.verb:set package 'turtlebot3_gazebo' build argument 'cmake_clean_cache' from command line to 'False'
[0.237s] Level 5:colcon.colcon_core.verb:set package 'turtlebot3_gazebo' build argument 'cmake_clean_first' from command line to 'False'
[0.237s] Level 5:colcon.colcon_core.verb:set package 'turtlebot3_gazebo' build argument 'cmake_force_configure' from command line to 'False'
[0.237s] Level 5:colcon.colcon_core.verb:set package 'turtlebot3_gazebo' build argument 'ament_cmake_args' from command line to 'None'
[0.237s] Level 5:colcon.colcon_core.verb:set package 'turtlebot3_gazebo' build argument 'catkin_cmake_args' from command line to 'None'
[0.237s] Level 5:colcon.colcon_core.verb:set package 'turtlebot3_gazebo' build argument 'catkin_skip_building_tests' from command line to 'False'
[0.237s] DEBUG:colcon.colcon_core.verb:Building package 'turtlebot3_gazebo' with the following arguments: {'ament_cmake_args': None, 'build_base': '/home/ssfa/ros2_ws/build/turtlebot3_gazebo', 'catkin_cmake_args': None, 'catkin_skip_building_tests': False, 'cmake_args': None, 'cmake_clean_cache': False, 'cmake_clean_first': False, 'cmake_force_configure': False, 'cmake_target': None, 'cmake_target_skip_unavailable': False, 'install_base': '/home/ssfa/ros2_ws/install/turtlebot3_gazebo', 'merge_install': False, 'path': '/home/ssfa/ros2_ws/src/t3/turtlebot3_simulations/turtlebot3_gazebo', 'symlink_install': True, 'test_result_base': None}
[0.238s] Level 5:colcon.colcon_core.verb:set package 'turtlebot3' build argument 'cmake_args' from command line to 'None'
[0.238s] Level 5:colcon.colcon_core.verb:set package 'turtlebot3' build argument 'cmake_target' from command line to 'None'
[0.238s] Level 5:colcon.colcon_core.verb:set package 'turtlebot3' build argument 'cmake_target_skip_unavailable' from command line to 'False'
[0.238s] Level 5:colcon.colcon_core.verb:set package 'turtlebot3' build argument 'cmake_clean_cache' from command line to 'False'
[0.238s] Level 5:colcon.colcon_core.verb:set package 'turtlebot3' build argument 'cmake_clean_first' from command line to 'False'
[0.238s] Level 5:colcon.colcon_core.verb:set package 'turtlebot3' build argument 'cmake_force_configure' from command line to 'False'
[0.238s] Level 5:colcon.colcon_core.verb:set package 'turtlebot3' build argument 'ament_cmake_args' from command line to 'None'
[0.238s] Level 5:colcon.colcon_core.verb:set package 'turtlebot3' build argument 'catkin_cmake_args' from command line to 'None'
[0.238s] Level 5:colcon.colcon_core.verb:set package 'turtlebot3' build argument 'catkin_skip_building_tests' from command line to 'False'
[0.238s] DEBUG:colcon.colcon_core.verb:Building package 'turtlebot3' with the following arguments: {'ament_cmake_args': None, 'build_base': '/home/ssfa/ros2_ws/build/turtlebot3', 'catkin_cmake_args': None, 'catkin_skip_building_tests': False, 'cmake_args': None, 'cmake_clean_cache': False, 'cmake_clean_first': False, 'cmake_force_configure': False, 'cmake_target': None, 'cmake_target_skip_unavailable': False, 'install_base': '/home/ssfa/ros2_ws/install/turtlebot3', 'merge_install': False, 'path': '/home/ssfa/ros2_ws/src/t3/turtlebot3/turtlebot3/turtlebot3', 'symlink_install': True, 'test_result_base': None}
[0.238s] Level 5:colcon.colcon_core.verb:set package 'turtlebot3_simulations' build argument 'cmake_args' from command line to 'None'
[0.238s] Level 5:colcon.colcon_core.verb:set package 'turtlebot3_simulations' build argument 'cmake_target' from command line to 'None'
[0.238s] Level 5:colcon.colcon_core.verb:set package 'turtlebot3_simulations' build argument 'cmake_target_skip_unavailable' from command line to 'False'
[0.238s] Level 5:colcon.colcon_core.verb:set package 'turtlebot3_simulations' build argument 'cmake_clean_cache' from command line to 'False'
[0.238s] Level 5:colcon.colcon_core.verb:set package 'turtlebot3_simulations' build argument 'cmake_clean_first' from command line to 'False'
[0.238s] Level 5:colcon.colcon_core.verb:set package 'turtlebot3_simulations' build argument 'cmake_force_configure' from command line to 'False'
[0.238s] Level 5:colcon.colcon_core.verb:set package 'turtlebot3_simulations' build argument 'ament_cmake_args' from command line to 'None'
[0.238s] Level 5:colcon.colcon_core.verb:set package 'turtlebot3_simulations' build argument 'catkin_cmake_args' from command line to 'None'
[0.238s] Level 5:colcon.colcon_core.verb:set package 'turtlebot3_simulations' build argument 'catkin_skip_building_tests' from command line to 'False'
[0.238s] DEBUG:colcon.colcon_core.verb:Building package 'turtlebot3_simulations' with the following arguments: {'ament_cmake_args': None, 'build_base': '/home/ssfa/ros2_ws/build/turtlebot3_simulations', 'catkin_cmake_args': None, 'catkin_skip_building_tests': False, 'cmake_args': None, 'cmake_clean_cache': False, 'cmake_clean_first': False, 'cmake_force_configure': False, 'cmake_target': None, 'cmake_target_skip_unavailable': False, 'install_base': '/home/ssfa/ros2_ws/install/turtlebot3_simulations', 'merge_install': False, 'path': '/home/ssfa/ros2_ws/src/t3/turtlebot3_simulations/turtlebot3_simulations', 'symlink_install': True, 'test_result_base': None}
[0.238s] INFO:colcon.colcon_core.executor:Executing jobs using 'parallel' executor
[0.239s] DEBUG:colcon.colcon_parallel_executor.executor.parallel:run_until_complete
[0.239s] INFO:colcon.colcon_ros.task.ament_cmake.build:Building ROS package in '/home/ssfa/ros2_ws/src/t3/turtlebot3/turtlebot3/turtlebot3_description' with build type 'ament_cmake'
[0.239s] INFO:colcon.colcon_cmake.task.cmake.build:Building CMake package in '/home/ssfa/ros2_ws/src/t3/turtlebot3/turtlebot3/turtlebot3_description'
[0.241s] INFO:colcon.colcon_core.plugin_system:Skipping extension 'colcon_core.shell.bat': Not used on non-Windows systems
[0.241s] INFO:colcon.colcon_core.shell:Skip shell extension 'powershell' for command environment: Not usable outside of PowerShell
[0.241s] DEBUG:colcon.colcon_core.shell:Skip shell extension 'dsv' for command environment
[0.244s] INFO:colcon.colcon_ros.task.ament_cmake.build:Building ROS package in '/home/ssfa/ros2_ws/src/custom_interfaces' with build type 'ament_cmake'
[0.244s] INFO:colcon.colcon_cmake.task.cmake.build:Building CMake package in '/home/ssfa/ros2_ws/src/custom_interfaces'
[0.244s] INFO:colcon.colcon_core.shell:Skip shell extension 'powershell' for command environment: Not usable outside of PowerShell
[0.244s] DEBUG:colcon.colcon_core.shell:Skip shell extension 'dsv' for command environment
[0.246s] INFO:colcon.colcon_ros.task.ament_cmake.build:Building ROS package in '/home/ssfa/ros2_ws/src/t3/turtlebot3_msgs' with build type 'ament_cmake'
[0.246s] INFO:colcon.colcon_cmake.task.cmake.build:Building CMake package in '/home/ssfa/ros2_ws/src/t3/turtlebot3_msgs'
[0.247s] INFO:colcon.colcon_core.shell:Skip shell extension 'powershell' for command environment: Not usable outside of PowerShell
[0.247s] DEBUG:colcon.colcon_core.shell:Skip shell extension 'dsv' for command environment
[0.249s] INFO:colcon.colcon_ros.task.ament_cmake.build:Building ROS package in '/home/ssfa/ros2_ws/src/t3/t3_action_msg' with build type 'ament_cmake'
[0.249s] INFO:colcon.colcon_cmake.task.cmake.build:Building CMake package in '/home/ssfa/ros2_ws/src/t3/t3_action_msg'
[0.249s] INFO:colcon.colcon_core.shell:Skip shell extension 'powershell' for command environment: Not usable outside of PowerShell
[0.249s] DEBUG:colcon.colcon_core.shell:Skip shell extension 'dsv' for command environment
[0.252s] INFO:colcon.colcon_ros.task.ament_cmake.build:Building ROS package in '/home/ssfa/ros2_ws/src/t3/turtlebot3/turtlebot3/turtlebot3_cartographer' with build type 'ament_cmake'
[0.252s] INFO:colcon.colcon_cmake.task.cmake.build:Building CMake package in '/home/ssfa/ros2_ws/src/t3/turtlebot3/turtlebot3/turtlebot3_cartographer'
[0.252s] INFO:colcon.colcon_core.shell:Skip shell extension 'powershell' for command environment: Not usable outside of PowerShell
[0.252s] DEBUG:colcon.colcon_core.shell:Skip shell extension 'dsv' for command environment
[0.254s] INFO:colcon.colcon_ros.task.ament_cmake.build:Building ROS package in '/home/ssfa/ros2_ws/src/t3/turtlebot3/turtlebot3/turtlebot3_navigation2' with build type 'ament_cmake'
[0.255s] INFO:colcon.colcon_cmake.task.cmake.build:Building CMake package in '/home/ssfa/ros2_ws/src/t3/turtlebot3/turtlebot3/turtlebot3_navigation2'
[0.255s] INFO:colcon.colcon_core.shell:Skip shell extension 'powershell' for command environment: Not usable outside of PowerShell
[0.255s] DEBUG:colcon.colcon_core.shell:Skip shell extension 'dsv' for command environment
[0.257s] INFO:colcon.colcon_ros.task.ament_python.build:Building ROS package in '/home/ssfa/ros2_ws/src/t3/turtlebot3/turtlebot3/turtlebot3_teleop' with build type 'ament_python'
[0.257s] Level 1:colcon.colcon_core.shell:create_environment_hook('turtlebot3_teleop', 'ament_prefix_path')
[0.257s] INFO:colcon.colcon_core.shell:Creating environment hook '/home/ssfa/ros2_ws/install/turtlebot3_teleop/share/turtlebot3_teleop/hook/ament_prefix_path.ps1'
[0.258s] INFO:colcon.colcon_core.shell:Creating environment descriptor '/home/ssfa/ros2_ws/install/turtlebot3_teleop/share/turtlebot3_teleop/hook/ament_prefix_path.dsv'
[0.258s] INFO:colcon.colcon_core.shell:Creating environment hook '/home/ssfa/ros2_ws/install/turtlebot3_teleop/share/turtlebot3_teleop/hook/ament_prefix_path.sh'
[0.258s] INFO:colcon.colcon_core.shell:Skip shell extension 'powershell' for command environment: Not usable outside of PowerShell
[0.258s] DEBUG:colcon.colcon_core.shell:Skip shell extension 'dsv' for command environment
[0.260s] INFO:colcon.colcon_ros.task.ament_python.build:Building ROS package in '/home/ssfa/ros2_ws/src/client_pkg' with build type 'ament_python'
[0.261s] Level 1:colcon.colcon_core.shell:create_environment_hook('client_pkg', 'ament_prefix_path')
[0.261s] INFO:colcon.colcon_core.shell:Creating environment hook '/home/ssfa/ros2_ws/install/client_pkg/share/client_pkg/hook/ament_prefix_path.ps1'
[0.261s] INFO:colcon.colcon_core.shell:Creating environment descriptor '/home/ssfa/ros2_ws/install/client_pkg/share/client_pkg/hook/ament_prefix_path.dsv'
[0.261s] INFO:colcon.colcon_core.shell:Creating environment hook '/home/ssfa/ros2_ws/install/client_pkg/share/client_pkg/hook/ament_prefix_path.sh'
[0.261s] INFO:colcon.colcon_core.shell:Skip shell extension 'powershell' for command environment: Not usable outside of PowerShell
[0.261s] DEBUG:colcon.colcon_core.shell:Skip shell extension 'dsv' for command environment
[0.264s] INFO:colcon.colcon_ros.task.ament_python.build:Building ROS package in '/home/ssfa/ros2_ws/src/cv_basics' with build type 'ament_python'
[0.264s] Level 1:colcon.colcon_core.shell:create_environment_hook('cv_basics', 'ament_prefix_path')
[0.264s] INFO:colcon.colcon_core.shell:Creating environment hook '/home/ssfa/ros2_ws/install/cv_basics/share/cv_basics/hook/ament_prefix_path.ps1'
[0.264s] INFO:colcon.colcon_core.shell:Creating environment descriptor '/home/ssfa/ros2_ws/install/cv_basics/share/cv_basics/hook/ament_prefix_path.dsv'
[0.264s] INFO:colcon.colcon_core.shell:Creating environment hook '/home/ssfa/ros2_ws/install/cv_basics/share/cv_basics/hook/ament_prefix_path.sh'
[0.265s] INFO:colcon.colcon_core.shell:Skip shell extension 'powershell' for command environment: Not usable outside of PowerShell
[0.265s] DEBUG:colcon.colcon_core.shell:Skip shell extension 'dsv' for command environment
[0.268s] INFO:colcon.colcon_ros.task.ament_cmake.build:Building ROS package in '/home/ssfa/ros2_ws/src/t3/DynamixelSDK/dynamixel_sdk' with build type 'ament_cmake'
[0.268s] INFO:colcon.colcon_cmake.task.cmake.build:Building CMake package in '/home/ssfa/ros2_ws/src/t3/DynamixelSDK/dynamixel_sdk'
[0.268s] INFO:colcon.colcon_core.shell:Skip shell extension 'powershell' for command environment: Not usable outside of PowerShell
[0.268s] DEBUG:colcon.colcon_core.shell:Skip shell extension 'dsv' for command environment
[0.271s] INFO:colcon.colcon_ros.task.ament_python.build:Building ROS package in '/home/ssfa/ros2_ws/src/exercise_pkg' with build type 'ament_python'
[0.271s] Level 1:colcon.colcon_core.shell:create_environment_hook('exercise_pkg', 'ament_prefix_path')
[0.271s] INFO:colcon.colcon_core.shell:Creating environment hook '/home/ssfa/ros2_ws/install/exercise_pkg/share/exercise_pkg/hook/ament_prefix_path.ps1'
[0.271s] INFO:colcon.colcon_core.shell:Creating environment descriptor '/home/ssfa/ros2_ws/install/exercise_pkg/share/exercise_pkg/hook/ament_prefix_path.dsv'
[0.271s] INFO:colcon.colcon_core.shell:Creating environment hook '/home/ssfa/ros2_ws/install/exercise_pkg/share/exercise_pkg/hook/ament_prefix_path.sh'
[0.272s] INFO:colcon.colcon_core.shell:Skip shell extension 'powershell' for command environment: Not usable outside of PowerShell
[0.272s] DEBUG:colcon.colcon_core.shell:Skip shell extension 'dsv' for command environment
[0.274s] INFO:colcon.colcon_ros.task.ament_python.build:Building ROS package in '/home/ssfa/ros2_ws/src/my_package' with build type 'ament_python'
[0.274s] Level 1:colcon.colcon_core.shell:create_environment_hook('my_package', 'ament_prefix_path')
[0.274s] INFO:colcon.colcon_core.shell:Creating environment hook '/home/ssfa/ros2_ws/install/my_package/share/my_package/hook/ament_prefix_path.ps1'
[0.275s] INFO:colcon.colcon_core.shell:Creating environment descriptor '/home/ssfa/ros2_ws/install/my_package/share/my_package/hook/ament_prefix_path.dsv'
[0.275s] INFO:colcon.colcon_core.shell:Creating environment hook '/home/ssfa/ros2_ws/install/my_package/share/my_package/hook/ament_prefix_path.sh'
[0.275s] INFO:colcon.colcon_core.shell:Skip shell extension 'powershell' for command environment: Not usable outside of PowerShell
[0.275s] DEBUG:colcon.colcon_core.shell:Skip shell extension 'dsv' for command environment
[0.283s] DEBUG:colcon.colcon_core.event_handler.log_command:Invoking command in '/home/ssfa/ros2_ws/build/turtlebot3_description': CMAKE_PREFIX_PATH=${CMAKE_PREFIX_PATH}:/home/ssfa/ros2_ws/install/yolov8_ros:/home/ssfa/ros2_ws/install/turtlebot3_teleop:/home/ssfa/ros2_ws/install/turtlebot3_example:/home/ssfa/ros2_ws/install/topic_exercise:/home/ssfa/ros2_ws/install/subscriber_pkg:/home/ssfa/ros2_ws/install/services_pkg:/home/ssfa/ros2_ws/install/publisher_pkg:/home/ssfa/ros2_ws/install/my_package:/home/ssfa/ros2_ws/install/movement_pkg:/home/ssfa/ros2_ws/install/exercise_pkg:/home/ssfa/ros2_ws/install/cv_basics:/home/ssfa/ros2_ws/install/custom_interface_example:/home/ssfa/ros2_ws/install/client_pkg:/opt/ros/humble /usr/bin/cmake --build /home/ssfa/ros2_ws/build/turtlebot3_description -- -j12 -l12
[0.286s] DEBUG:colcon.colcon_core.event_handler.log_command:Invoking command in '/home/ssfa/ros2_ws/build/custom_interfaces': CMAKE_PREFIX_PATH=${CMAKE_PREFIX_PATH}:/home/ssfa/ros2_ws/install/yolov8_ros:/home/ssfa/ros2_ws/install/turtlebot3_teleop:/home/ssfa/ros2_ws/install/turtlebot3_example:/home/ssfa/ros2_ws/install/topic_exercise:/home/ssfa/ros2_ws/install/subscriber_pkg:/home/ssfa/ros2_ws/install/services_pkg:/home/ssfa/ros2_ws/install/publisher_pkg:/home/ssfa/ros2_ws/install/my_package:/home/ssfa/ros2_ws/install/movement_pkg:/home/ssfa/ros2_ws/install/exercise_pkg:/home/ssfa/ros2_ws/install/cv_basics:/home/ssfa/ros2_ws/install/custom_interface_example:/home/ssfa/ros2_ws/install/client_pkg:/opt/ros/humble /usr/bin/cmake --build /home/ssfa/ros2_ws/build/custom_interfaces -- -j12 -l12
[0.287s] DEBUG:colcon.colcon_core.event_handler.log_command:Invoking command in '/home/ssfa/ros2_ws/build/turtlebot3_msgs': CMAKE_PREFIX_PATH=${CMAKE_PREFIX_PATH}:/home/ssfa/ros2_ws/install/yolov8_ros:/home/ssfa/ros2_ws/install/turtlebot3_teleop:/home/ssfa/ros2_ws/install/turtlebot3_example:/home/ssfa/ros2_ws/install/topic_exercise:/home/ssfa/ros2_ws/install/subscriber_pkg:/home/ssfa/ros2_ws/install/services_pkg:/home/ssfa/ros2_ws/install/publisher_pkg:/home/ssfa/ros2_ws/install/my_package:/home/ssfa/ros2_ws/install/movement_pkg:/home/ssfa/ros2_ws/install/exercise_pkg:/home/ssfa/ros2_ws/install/cv_basics:/home/ssfa/ros2_ws/install/custom_interface_example:/home/ssfa/ros2_ws/install/client_pkg:/opt/ros/humble /usr/bin/cmake --build /home/ssfa/ros2_ws/build/turtlebot3_msgs -- -j12 -l12
[0.290s] DEBUG:colcon.colcon_core.event_handler.log_command:Invoking command in '/home/ssfa/ros2_ws/build/t3_action_msg': CMAKE_PREFIX_PATH=${CMAKE_PREFIX_PATH}:/home/ssfa/ros2_ws/install/yolov8_ros:/home/ssfa/ros2_ws/install/turtlebot3_teleop:/home/ssfa/ros2_ws/install/turtlebot3_example:/home/ssfa/ros2_ws/install/topic_exercise:/home/ssfa/ros2_ws/install/subscriber_pkg:/home/ssfa/ros2_ws/install/services_pkg:/home/ssfa/ros2_ws/install/publisher_pkg:/home/ssfa/ros2_ws/install/my_package:/home/ssfa/ros2_ws/install/movement_pkg:/home/ssfa/ros2_ws/install/exercise_pkg:/home/ssfa/ros2_ws/install/cv_basics:/home/ssfa/ros2_ws/install/custom_interface_example:/home/ssfa/ros2_ws/install/client_pkg:/opt/ros/humble /usr/bin/cmake --build /home/ssfa/ros2_ws/build/t3_action_msg -- -j12 -l12
[0.292s] DEBUG:colcon.colcon_core.event_handler.log_command:Invoking command in '/home/ssfa/ros2_ws/build/turtlebot3_cartographer': CMAKE_PREFIX_PATH=${CMAKE_PREFIX_PATH}:/home/ssfa/ros2_ws/install/yolov8_ros:/home/ssfa/ros2_ws/install/turtlebot3_teleop:/home/ssfa/ros2_ws/install/turtlebot3_example:/home/ssfa/ros2_ws/install/topic_exercise:/home/ssfa/ros2_ws/install/subscriber_pkg:/home/ssfa/ros2_ws/install/services_pkg:/home/ssfa/ros2_ws/install/publisher_pkg:/home/ssfa/ros2_ws/install/my_package:/home/ssfa/ros2_ws/install/movement_pkg:/home/ssfa/ros2_ws/install/exercise_pkg:/home/ssfa/ros2_ws/install/cv_basics:/home/ssfa/ros2_ws/install/custom_interface_example:/home/ssfa/ros2_ws/install/client_pkg:/opt/ros/humble /usr/bin/cmake --build /home/ssfa/ros2_ws/build/turtlebot3_cartographer -- -j12 -l12
[0.295s] DEBUG:colcon.colcon_core.event_handler.log_command:Invoking command in '/home/ssfa/ros2_ws/build/turtlebot3_navigation2': CMAKE_PREFIX_PATH=${CMAKE_PREFIX_PATH}:/home/ssfa/ros2_ws/install/yolov8_ros:/home/ssfa/ros2_ws/install/turtlebot3_teleop:/home/ssfa/ros2_ws/install/turtlebot3_example:/home/ssfa/ros2_ws/install/topic_exercise:/home/ssfa/ros2_ws/install/subscriber_pkg:/home/ssfa/ros2_ws/install/services_pkg:/home/ssfa/ros2_ws/install/publisher_pkg:/home/ssfa/ros2_ws/install/my_package:/home/ssfa/ros2_ws/install/movement_pkg:/home/ssfa/ros2_ws/install/exercise_pkg:/home/ssfa/ros2_ws/install/cv_basics:/home/ssfa/ros2_ws/install/custom_interface_example:/home/ssfa/ros2_ws/install/client_pkg:/opt/ros/humble /usr/bin/cmake --build /home/ssfa/ros2_ws/build/turtlebot3_navigation2 -- -j12 -l12
[0.516s] INFO:colcon.colcon_core.task.python.build:Building Python package in '/home/ssfa/ros2_ws/src/t3/turtlebot3/turtlebot3/turtlebot3_teleop'
[0.516s] INFO:colcon.colcon_core.shell:Skip shell extension 'powershell' for command environment: Not usable outside of PowerShell
[0.516s] DEBUG:colcon.colcon_core.shell:Skip shell extension 'dsv' for command environment
[0.688s] INFO:colcon.colcon_core.task.python.build:Building Python package in '/home/ssfa/ros2_ws/src/client_pkg'
[0.689s] INFO:colcon.colcon_core.shell:Skip shell extension 'powershell' for command environment: Not usable outside of PowerShell
[0.689s] DEBUG:colcon.colcon_core.shell:Skip shell extension 'dsv' for command environment
[0.841s] INFO:colcon.colcon_core.task.python.build:Building Python package in '/home/ssfa/ros2_ws/src/cv_basics'
[0.841s] INFO:colcon.colcon_core.shell:Skip shell extension 'powershell' for command environment: Not usable outside of PowerShell
[0.841s] DEBUG:colcon.colcon_core.shell:Skip shell extension 'dsv' for command environment
[0.847s] DEBUG:colcon.colcon_core.event_handler.log_command:Invoking command in '/home/ssfa/ros2_ws/build/dynamixel_sdk': CMAKE_PREFIX_PATH=${CMAKE_PREFIX_PATH}:/home/ssfa/ros2_ws/install/yolov8_ros:/home/ssfa/ros2_ws/install/turtlebot3_teleop:/home/ssfa/ros2_ws/install/turtlebot3_example:/home/ssfa/ros2_ws/install/topic_exercise:/home/ssfa/ros2_ws/install/subscriber_pkg:/home/ssfa/ros2_ws/install/services_pkg:/home/ssfa/ros2_ws/install/publisher_pkg:/home/ssfa/ros2_ws/install/my_package:/home/ssfa/ros2_ws/install/movement_pkg:/home/ssfa/ros2_ws/install/exercise_pkg:/home/ssfa/ros2_ws/install/cv_basics:/home/ssfa/ros2_ws/install/custom_interface_example:/home/ssfa/ros2_ws/install/client_pkg:/opt/ros/humble /usr/bin/cmake --build /home/ssfa/ros2_ws/build/dynamixel_sdk -- -j12 -l12
[1.002s] INFO:colcon.colcon_core.task.python.build:Building Python package in '/home/ssfa/ros2_ws/src/exercise_pkg'
[1.003s] INFO:colcon.colcon_core.shell:Skip shell extension 'powershell' for command environment: Not usable outside of PowerShell
[1.003s] DEBUG:colcon.colcon_core.shell:Skip shell extension 'dsv' for command environment
[1.256s] INFO:colcon.colcon_core.task.python.build:Building Python package in '/home/ssfa/ros2_ws/src/my_package'
[1.256s] INFO:colcon.colcon_core.shell:Skip shell extension 'powershell' for command environment: Not usable outside of PowerShell
[1.256s] DEBUG:colcon.colcon_core.shell:Skip shell extension 'dsv' for command environment
[1.271s] DEBUG:colcon.colcon_core.event_handler.log_command:Invoked command in '/home/ssfa/ros2_ws/build/turtlebot3_description' returned '0': CMAKE_PREFIX_PATH=${CMAKE_PREFIX_PATH}:/home/ssfa/ros2_ws/install/yolov8_ros:/home/ssfa/ros2_ws/install/turtlebot3_teleop:/home/ssfa/ros2_ws/install/turtlebot3_example:/home/ssfa/ros2_ws/install/topic_exercise:/home/ssfa/ros2_ws/install/subscriber_pkg:/home/ssfa/ros2_ws/install/services_pkg:/home/ssfa/ros2_ws/install/publisher_pkg:/home/ssfa/ros2_ws/install/my_package:/home/ssfa/ros2_ws/install/movement_pkg:/home/ssfa/ros2_ws/install/exercise_pkg:/home/ssfa/ros2_ws/install/cv_basics:/home/ssfa/ros2_ws/install/custom_interface_example:/home/ssfa/ros2_ws/install/client_pkg:/opt/ros/humble /usr/bin/cmake --build /home/ssfa/ros2_ws/build/turtlebot3_description -- -j12 -l12
[1.271s] DEBUG:colcon.colcon_core.event_handler.log_command:Invoked command in '/home/ssfa/ros2_ws/build/turtlebot3_cartographer' returned '0': CMAKE_PREFIX_PATH=${CMAKE_PREFIX_PATH}:/home/ssfa/ros2_ws/install/yolov8_ros:/home/ssfa/ros2_ws/install/turtlebot3_teleop:/home/ssfa/ros2_ws/install/turtlebot3_example:/home/ssfa/ros2_ws/install/topic_exercise:/home/ssfa/ros2_ws/install/subscriber_pkg:/home/ssfa/ros2_ws/install/services_pkg:/home/ssfa/ros2_ws/install/publisher_pkg:/home/ssfa/ros2_ws/install/my_package:/home/ssfa/ros2_ws/install/movement_pkg:/home/ssfa/ros2_ws/install/exercise_pkg:/home/ssfa/ros2_ws/install/cv_basics:/home/ssfa/ros2_ws/install/custom_interface_example:/home/ssfa/ros2_ws/install/client_pkg:/opt/ros/humble /usr/bin/cmake --build /home/ssfa/ros2_ws/build/turtlebot3_cartographer -- -j12 -l12
[1.271s] DEBUG:colcon.colcon_core.event_handler.log_command:Invoked command in '/home/ssfa/ros2_ws/build/turtlebot3_msgs' returned '0': CMAKE_PREFIX_PATH=${CMAKE_PREFIX_PATH}:/home/ssfa/ros2_ws/install/yolov8_ros:/home/ssfa/ros2_ws/install/turtlebot3_teleop:/home/ssfa/ros2_ws/install/turtlebot3_example:/home/ssfa/ros2_ws/install/topic_exercise:/home/ssfa/ros2_ws/install/subscriber_pkg:/home/ssfa/ros2_ws/install/services_pkg:/home/ssfa/ros2_ws/install/publisher_pkg:/home/ssfa/ros2_ws/install/my_package:/home/ssfa/ros2_ws/install/movement_pkg:/home/ssfa/ros2_ws/install/exercise_pkg:/home/ssfa/ros2_ws/install/cv_basics:/home/ssfa/ros2_ws/install/custom_interface_example:/home/ssfa/ros2_ws/install/client_pkg:/opt/ros/humble /usr/bin/cmake --build /home/ssfa/ros2_ws/build/turtlebot3_msgs -- -j12 -l12
[1.272s] DEBUG:colcon.colcon_core.event_handler.log_command:Invoked command in '/home/ssfa/ros2_ws/build/turtlebot3_navigation2' returned '0': CMAKE_PREFIX_PATH=${CMAKE_PREFIX_PATH}:/home/ssfa/ros2_ws/install/yolov8_ros:/home/ssfa/ros2_ws/install/turtlebot3_teleop:/home/ssfa/ros2_ws/install/turtlebot3_example:/home/ssfa/ros2_ws/install/topic_exercise:/home/ssfa/ros2_ws/install/subscriber_pkg:/home/ssfa/ros2_ws/install/services_pkg:/home/ssfa/ros2_ws/install/publisher_pkg:/home/ssfa/ros2_ws/install/my_package:/home/ssfa/ros2_ws/install/movement_pkg:/home/ssfa/ros2_ws/install/exercise_pkg:/home/ssfa/ros2_ws/install/cv_basics:/home/ssfa/ros2_ws/install/custom_interface_example:/home/ssfa/ros2_ws/install/client_pkg:/opt/ros/humble /usr/bin/cmake --build /home/ssfa/ros2_ws/build/turtlebot3_navigation2 -- -j12 -l12
[1.272s] DEBUG:colcon.colcon_core.event_handler.log_command:Invoked command in '/home/ssfa/ros2_ws/build/custom_interfaces' returned '0': CMAKE_PREFIX_PATH=${CMAKE_PREFIX_PATH}:/home/ssfa/ros2_ws/install/yolov8_ros:/home/ssfa/ros2_ws/install/turtlebot3_teleop:/home/ssfa/ros2_ws/install/turtlebot3_example:/home/ssfa/ros2_ws/install/topic_exercise:/home/ssfa/ros2_ws/install/subscriber_pkg:/home/ssfa/ros2_ws/install/services_pkg:/home/ssfa/ros2_ws/install/publisher_pkg:/home/ssfa/ros2_ws/install/my_package:/home/ssfa/ros2_ws/install/movement_pkg:/home/ssfa/ros2_ws/install/exercise_pkg:/home/ssfa/ros2_ws/install/cv_basics:/home/ssfa/ros2_ws/install/custom_interface_example:/home/ssfa/ros2_ws/install/client_pkg:/opt/ros/humble /usr/bin/cmake --build /home/ssfa/ros2_ws/build/custom_interfaces -- -j12 -l12
[1.273s] DEBUG:colcon.colcon_core.event_handler.log_command:Invoked command in '/home/ssfa/ros2_ws/build/t3_action_msg' returned '0': CMAKE_PREFIX_PATH=${CMAKE_PREFIX_PATH}:/home/ssfa/ros2_ws/install/yolov8_ros:/home/ssfa/ros2_ws/install/turtlebot3_teleop:/home/ssfa/ros2_ws/install/turtlebot3_example:/home/ssfa/ros2_ws/install/topic_exercise:/home/ssfa/ros2_ws/install/subscriber_pkg:/home/ssfa/ros2_ws/install/services_pkg:/home/ssfa/ros2_ws/install/publisher_pkg:/home/ssfa/ros2_ws/install/my_package:/home/ssfa/ros2_ws/install/movement_pkg:/home/ssfa/ros2_ws/install/exercise_pkg:/home/ssfa/ros2_ws/install/cv_basics:/home/ssfa/ros2_ws/install/custom_interface_example:/home/ssfa/ros2_ws/install/client_pkg:/opt/ros/humble /usr/bin/cmake --build /home/ssfa/ros2_ws/build/t3_action_msg -- -j12 -l12
[1.273s] DEBUG:colcon.colcon_core.event_handler.log_command:Invoked command in '/home/ssfa/ros2_ws/build/dynamixel_sdk' returned '0': CMAKE_PREFIX_PATH=${CMAKE_PREFIX_PATH}:/home/ssfa/ros2_ws/install/yolov8_ros:/home/ssfa/ros2_ws/install/turtlebot3_teleop:/home/ssfa/ros2_ws/install/turtlebot3_example:/home/ssfa/ros2_ws/install/topic_exercise:/home/ssfa/ros2_ws/install/subscriber_pkg:/home/ssfa/ros2_ws/install/services_pkg:/home/ssfa/ros2_ws/install/publisher_pkg:/home/ssfa/ros2_ws/install/my_package:/home/ssfa/ros2_ws/install/movement_pkg:/home/ssfa/ros2_ws/install/exercise_pkg:/home/ssfa/ros2_ws/install/cv_basics:/home/ssfa/ros2_ws/install/custom_interface_example:/home/ssfa/ros2_ws/install/client_pkg:/opt/ros/humble /usr/bin/cmake --build /home/ssfa/ros2_ws/build/dynamixel_sdk -- -j12 -l12
[1.294s] DEBUG:colcon.colcon_core.event_handler.log_command:Invoking command in '/home/ssfa/ros2_ws/build/turtlebot3_cartographer': CMAKE_PREFIX_PATH=${CMAKE_PREFIX_PATH}:/home/ssfa/ros2_ws/install/yolov8_ros:/home/ssfa/ros2_ws/install/turtlebot3_teleop:/home/ssfa/ros2_ws/install/turtlebot3_example:/home/ssfa/ros2_ws/install/topic_exercise:/home/ssfa/ros2_ws/install/subscriber_pkg:/home/ssfa/ros2_ws/install/services_pkg:/home/ssfa/ros2_ws/install/publisher_pkg:/home/ssfa/ros2_ws/install/my_package:/home/ssfa/ros2_ws/install/movement_pkg:/home/ssfa/ros2_ws/install/exercise_pkg:/home/ssfa/ros2_ws/install/cv_basics:/home/ssfa/ros2_ws/install/custom_interface_example:/home/ssfa/ros2_ws/install/client_pkg:/opt/ros/humble /usr/bin/cmake --install /home/ssfa/ros2_ws/build/turtlebot3_cartographer
[1.297s] DEBUG:colcon.colcon_core.event_handler.log_command:Invoking command in '/home/ssfa/ros2_ws/build/turtlebot3_description': CMAKE_PREFIX_PATH=${CMAKE_PREFIX_PATH}:/home/ssfa/ros2_ws/install/yolov8_ros:/home/ssfa/ros2_ws/install/turtlebot3_teleop:/home/ssfa/ros2_ws/install/turtlebot3_example:/home/ssfa/ros2_ws/install/topic_exercise:/home/ssfa/ros2_ws/install/subscriber_pkg:/home/ssfa/ros2_ws/install/services_pkg:/home/ssfa/ros2_ws/install/publisher_pkg:/home/ssfa/ros2_ws/install/my_package:/home/ssfa/ros2_ws/install/movement_pkg:/home/ssfa/ros2_ws/install/exercise_pkg:/home/ssfa/ros2_ws/install/cv_basics:/home/ssfa/ros2_ws/install/custom_interface_example:/home/ssfa/ros2_ws/install/client_pkg:/opt/ros/humble /usr/bin/cmake --install /home/ssfa/ros2_ws/build/turtlebot3_description
[1.299s] DEBUG:colcon.colcon_core.event_handler.log_command:Invoking command in '/home/ssfa/ros2_ws/build/turtlebot3_navigation2': CMAKE_PREFIX_PATH=${CMAKE_PREFIX_PATH}:/home/ssfa/ros2_ws/install/yolov8_ros:/home/ssfa/ros2_ws/install/turtlebot3_teleop:/home/ssfa/ros2_ws/install/turtlebot3_example:/home/ssfa/ros2_ws/install/topic_exercise:/home/ssfa/ros2_ws/install/subscriber_pkg:/home/ssfa/ros2_ws/install/services_pkg:/home/ssfa/ros2_ws/install/publisher_pkg:/home/ssfa/ros2_ws/install/my_package:/home/ssfa/ros2_ws/install/movement_pkg:/home/ssfa/ros2_ws/install/exercise_pkg:/home/ssfa/ros2_ws/install/cv_basics:/home/ssfa/ros2_ws/install/custom_interface_example:/home/ssfa/ros2_ws/install/client_pkg:/opt/ros/humble /usr/bin/cmake --install /home/ssfa/ros2_ws/build/turtlebot3_navigation2
[1.317s] Level 1:colcon.colcon_core.environment:create_environment_scripts_only(turtlebot3_cartographer)
[1.317s] DEBUG:colcon.colcon_core.event_handler.log_command:Invoked command in '/home/ssfa/ros2_ws/build/turtlebot3_cartographer' returned '0': CMAKE_PREFIX_PATH=${CMAKE_PREFIX_PATH}:/home/ssfa/ros2_ws/install/yolov8_ros:/home/ssfa/ros2_ws/install/turtlebot3_teleop:/home/ssfa/ros2_ws/install/turtlebot3_example:/home/ssfa/ros2_ws/install/topic_exercise:/home/ssfa/ros2_ws/install/subscriber_pkg:/home/ssfa/ros2_ws/install/services_pkg:/home/ssfa/ros2_ws/install/publisher_pkg:/home/ssfa/ros2_ws/install/my_package:/home/ssfa/ros2_ws/install/movement_pkg:/home/ssfa/ros2_ws/install/exercise_pkg:/home/ssfa/ros2_ws/install/cv_basics:/home/ssfa/ros2_ws/install/custom_interface_example:/home/ssfa/ros2_ws/install/client_pkg:/opt/ros/humble /usr/bin/cmake --install /home/ssfa/ros2_ws/build/turtlebot3_cartographer
[1.320s] Level 1:colcon.colcon_core.environment:checking '/home/ssfa/ros2_ws/install/turtlebot3_cartographer' for CMake module files
[1.321s] Level 1:colcon.colcon_core.environment:checking '/home/ssfa/ros2_ws/install/turtlebot3_cartographer' for CMake config files
[1.321s] Level 1:colcon.colcon_core.shell:create_environment_hook('turtlebot3_cartographer', 'cmake_prefix_path')
[1.321s] INFO:colcon.colcon_core.shell:Creating environment hook '/home/ssfa/ros2_ws/install/turtlebot3_cartographer/share/turtlebot3_cartographer/hook/cmake_prefix_path.ps1'
[1.322s] INFO:colcon.colcon_core.shell:Creating environment descriptor '/home/ssfa/ros2_ws/install/turtlebot3_cartographer/share/turtlebot3_cartographer/hook/cmake_prefix_path.dsv'
[1.322s] INFO:colcon.colcon_core.shell:Creating environment hook '/home/ssfa/ros2_ws/install/turtlebot3_cartographer/share/turtlebot3_cartographer/hook/cmake_prefix_path.sh'
[1.323s] Level 1:colcon.colcon_core.environment:checking '/home/ssfa/ros2_ws/install/turtlebot3_cartographer/bin'
[1.323s] Level 1:colcon.colcon_core.environment:checking '/home/ssfa/ros2_ws/install/turtlebot3_cartographer/lib/pkgconfig/turtlebot3_cartographer.pc'
[1.323s] Level 1:colcon.colcon_core.environment:checking '/home/ssfa/ros2_ws/install/turtlebot3_cartographer/lib/python3.10/site-packages'
[1.323s] Level 1:colcon.colcon_core.environment:checking '/home/ssfa/ros2_ws/install/turtlebot3_cartographer/bin'
[1.324s] INFO:colcon.colcon_core.shell:Creating package script '/home/ssfa/ros2_ws/install/turtlebot3_cartographer/share/turtlebot3_cartographer/package.ps1'
[1.324s] INFO:colcon.colcon_core.shell:Creating package descriptor '/home/ssfa/ros2_ws/install/turtlebot3_cartographer/share/turtlebot3_cartographer/package.dsv'
[1.325s] INFO:colcon.colcon_core.shell:Creating package script '/home/ssfa/ros2_ws/install/turtlebot3_cartographer/share/turtlebot3_cartographer/package.sh'
[1.326s] INFO:colcon.colcon_core.shell:Creating package script '/home/ssfa/ros2_ws/install/turtlebot3_cartographer/share/turtlebot3_cartographer/package.bash'
[1.326s] INFO:colcon.colcon_core.shell:Creating package script '/home/ssfa/ros2_ws/install/turtlebot3_cartographer/share/turtlebot3_cartographer/package.zsh'
[1.327s] Level 1:colcon.colcon_core.environment:create_file_with_runtime_dependencies(/home/ssfa/ros2_ws/install/turtlebot3_cartographer/share/colcon-core/packages/turtlebot3_cartographer)
[1.329s] Level 1:colcon.colcon_core.environment:create_environment_scripts_only(turtlebot3_description)
[1.329s] Level 1:colcon.colcon_core.environment:checking '/home/ssfa/ros2_ws/install/turtlebot3_description' for CMake module files
[1.330s] DEBUG:colcon.colcon_core.event_handler.log_command:Invoked command in '/home/ssfa/ros2_ws/build/turtlebot3_description' returned '0': CMAKE_PREFIX_PATH=${CMAKE_PREFIX_PATH}:/home/ssfa/ros2_ws/install/yolov8_ros:/home/ssfa/ros2_ws/install/turtlebot3_teleop:/home/ssfa/ros2_ws/install/turtlebot3_example:/home/ssfa/ros2_ws/install/topic_exercise:/home/ssfa/ros2_ws/install/subscriber_pkg:/home/ssfa/ros2_ws/install/services_pkg:/home/ssfa/ros2_ws/install/publisher_pkg:/home/ssfa/ros2_ws/install/my_package:/home/ssfa/ros2_ws/install/movement_pkg:/home/ssfa/ros2_ws/install/exercise_pkg:/home/ssfa/ros2_ws/install/cv_basics:/home/ssfa/ros2_ws/install/custom_interface_example:/home/ssfa/ros2_ws/install/client_pkg:/opt/ros/humble /usr/bin/cmake --install /home/ssfa/ros2_ws/build/turtlebot3_description
[1.331s] Level 1:colcon.colcon_core.environment:checking '/home/ssfa/ros2_ws/install/turtlebot3_description' for CMake config files
[1.331s] Level 1:colcon.colcon_core.shell:create_environment_hook('turtlebot3_description', 'cmake_prefix_path')
[1.331s] INFO:colcon.colcon_core.shell:Creating environment hook '/home/ssfa/ros2_ws/install/turtlebot3_description/share/turtlebot3_description/hook/cmake_prefix_path.ps1'
[1.332s] INFO:colcon.colcon_core.shell:Creating environment descriptor '/home/ssfa/ros2_ws/install/turtlebot3_description/share/turtlebot3_description/hook/cmake_prefix_path.dsv'
[1.332s] INFO:colcon.colcon_core.shell:Creating environment hook '/home/ssfa/ros2_ws/install/turtlebot3_description/share/turtlebot3_description/hook/cmake_prefix_path.sh'
[1.333s] Level 1:colcon.colcon_core.environment:checking '/home/ssfa/ros2_ws/install/turtlebot3_description/bin'
[1.333s] Level 1:colcon.colcon_core.environment:checking '/home/ssfa/ros2_ws/install/turtlebot3_description/lib/pkgconfig/turtlebot3_description.pc'
[1.333s] Level 1:colcon.colcon_core.environment:checking '/home/ssfa/ros2_ws/install/turtlebot3_description/lib/python3.10/site-packages'
[1.333s] Level 1:colcon.colcon_core.environment:checking '/home/ssfa/ros2_ws/install/turtlebot3_description/bin'
[1.333s] INFO:colcon.colcon_core.shell:Creating package script '/home/ssfa/ros2_ws/install/turtlebot3_description/share/turtlebot3_description/package.ps1'
[1.334s] INFO:colcon.colcon_core.shell:Creating package descriptor '/home/ssfa/ros2_ws/install/turtlebot3_description/share/turtlebot3_description/package.dsv'
[1.334s] INFO:colcon.colcon_core.shell:Creating package script '/home/ssfa/ros2_ws/install/turtlebot3_description/share/turtlebot3_description/package.sh'
[1.334s] INFO:colcon.colcon_core.shell:Creating package script '/home/ssfa/ros2_ws/install/turtlebot3_description/share/turtlebot3_description/package.bash'
[1.335s] INFO:colcon.colcon_core.shell:Creating package script '/home/ssfa/ros2_ws/install/turtlebot3_description/share/turtlebot3_description/package.zsh'
[1.335s] Level 1:colcon.colcon_core.environment:create_file_with_runtime_dependencies(/home/ssfa/ros2_ws/install/turtlebot3_description/share/colcon-core/packages/turtlebot3_description)
[1.337s] DEBUG:colcon.colcon_core.event_handler.log_command:Invoking command in '/home/ssfa/ros2_ws/build/dynamixel_sdk': CMAKE_PREFIX_PATH=${CMAKE_PREFIX_PATH}:/home/ssfa/ros2_ws/install/yolov8_ros:/home/ssfa/ros2_ws/install/turtlebot3_teleop:/home/ssfa/ros2_ws/install/turtlebot3_example:/home/ssfa/ros2_ws/install/topic_exercise:/home/ssfa/ros2_ws/install/subscriber_pkg:/home/ssfa/ros2_ws/install/services_pkg:/home/ssfa/ros2_ws/install/publisher_pkg:/home/ssfa/ros2_ws/install/my_package:/home/ssfa/ros2_ws/install/movement_pkg:/home/ssfa/ros2_ws/install/exercise_pkg:/home/ssfa/ros2_ws/install/cv_basics:/home/ssfa/ros2_ws/install/custom_interface_example:/home/ssfa/ros2_ws/install/client_pkg:/opt/ros/humble /usr/bin/cmake --install /home/ssfa/ros2_ws/build/dynamixel_sdk
[1.338s] Level 1:colcon.colcon_core.environment:create_environment_scripts_only(turtlebot3_navigation2)
[1.339s] Level 1:colcon.colcon_core.environment:checking '/home/ssfa/ros2_ws/install/turtlebot3_navigation2' for CMake module files
[1.340s] Level 1:colcon.colcon_core.environment:checking '/home/ssfa/ros2_ws/install/turtlebot3_navigation2' for CMake config files
[1.340s] Level 1:colcon.colcon_core.shell:create_environment_hook('turtlebot3_navigation2', 'cmake_prefix_path')
[1.341s] INFO:colcon.colcon_core.shell:Creating environment hook '/home/ssfa/ros2_ws/install/turtlebot3_navigation2/share/turtlebot3_navigation2/hook/cmake_prefix_path.ps1'
[1.341s] DEBUG:colcon.colcon_core.event_handler.log_command:Invoked command in '/home/ssfa/ros2_ws/build/turtlebot3_navigation2' returned '0': CMAKE_PREFIX_PATH=${CMAKE_PREFIX_PATH}:/home/ssfa/ros2_ws/install/yolov8_ros:/home/ssfa/ros2_ws/install/turtlebot3_teleop:/home/ssfa/ros2_ws/install/turtlebot3_example:/home/ssfa/ros2_ws/install/topic_exercise:/home/ssfa/ros2_ws/install/subscriber_pkg:/home/ssfa/ros2_ws/install/services_pkg:/home/ssfa/ros2_ws/install/publisher_pkg:/home/ssfa/ros2_ws/install/my_package:/home/ssfa/ros2_ws/install/movement_pkg:/home/ssfa/ros2_ws/install/exercise_pkg:/home/ssfa/ros2_ws/install/cv_basics:/home/ssfa/ros2_ws/install/custom_interface_example:/home/ssfa/ros2_ws/install/client_pkg:/opt/ros/humble /usr/bin/cmake --install /home/ssfa/ros2_ws/build/turtlebot3_navigation2
[1.342s] INFO:colcon.colcon_core.shell:Creating environment descriptor '/home/ssfa/ros2_ws/install/turtlebot3_navigation2/share/turtlebot3_navigation2/hook/cmake_prefix_path.dsv'
[1.342s] INFO:colcon.colcon_core.shell:Creating environment hook '/home/ssfa/ros2_ws/install/turtlebot3_navigation2/share/turtlebot3_navigation2/hook/cmake_prefix_path.sh'
[1.343s] Level 1:colcon.colcon_core.environment:checking '/home/ssfa/ros2_ws/install/turtlebot3_navigation2/bin'
[1.343s] Level 1:colcon.colcon_core.environment:checking '/home/ssfa/ros2_ws/install/turtlebot3_navigation2/lib/pkgconfig/turtlebot3_navigation2.pc'
[1.344s] Level 1:colcon.colcon_core.environment:checking '/home/ssfa/ros2_ws/install/turtlebot3_navigation2/lib/python3.10/site-packages'
[1.344s] Level 1:colcon.colcon_core.environment:checking '/home/ssfa/ros2_ws/install/turtlebot3_navigation2/bin'
[1.345s] INFO:colcon.colcon_core.shell:Creating package script '/home/ssfa/ros2_ws/install/turtlebot3_navigation2/share/turtlebot3_navigation2/package.ps1'
[1.345s] INFO:colcon.colcon_core.shell:Creating package descriptor '/home/ssfa/ros2_ws/install/turtlebot3_navigation2/share/turtlebot3_navigation2/package.dsv'
[1.346s] INFO:colcon.colcon_core.shell:Creating package script '/home/ssfa/ros2_ws/install/turtlebot3_navigation2/share/turtlebot3_navigation2/package.sh'
[1.347s] INFO:colcon.colcon_core.shell:Creating package script '/home/ssfa/ros2_ws/install/turtlebot3_navigation2/share/turtlebot3_navigation2/package.bash'
[1.349s] INFO:colcon.colcon_core.shell:Creating package script '/home/ssfa/ros2_ws/install/turtlebot3_navigation2/share/turtlebot3_navigation2/package.zsh'
[1.349s] Level 1:colcon.colcon_core.environment:create_file_with_runtime_dependencies(/home/ssfa/ros2_ws/install/turtlebot3_navigation2/share/colcon-core/packages/turtlebot3_navigation2)
[1.355s] DEBUG:colcon.colcon_core.event_handler.log_command:Invoking command in '/home/ssfa/ros2_ws/build/t3_action_msg': CMAKE_PREFIX_PATH=${CMAKE_PREFIX_PATH}:/home/ssfa/ros2_ws/install/yolov8_ros:/home/ssfa/ros2_ws/install/turtlebot3_teleop:/home/ssfa/ros2_ws/install/turtlebot3_example:/home/ssfa/ros2_ws/install/topic_exercise:/home/ssfa/ros2_ws/install/subscriber_pkg:/home/ssfa/ros2_ws/install/services_pkg:/home/ssfa/ros2_ws/install/publisher_pkg:/home/ssfa/ros2_ws/install/my_package:/home/ssfa/ros2_ws/install/movement_pkg:/home/ssfa/ros2_ws/install/exercise_pkg:/home/ssfa/ros2_ws/install/cv_basics:/home/ssfa/ros2_ws/install/custom_interface_example:/home/ssfa/ros2_ws/install/client_pkg:/opt/ros/humble /usr/bin/cmake --install /home/ssfa/ros2_ws/build/t3_action_msg
[1.363s] Level 1:colcon.colcon_core.environment:create_environment_scripts_only(turtlebot3_cartographer)
[1.364s] Level 1:colcon.colcon_core.environment:checking '/home/ssfa/ros2_ws/install/turtlebot3_cartographer' for CMake module files
[1.365s] DEBUG:colcon.colcon_core.event_handler.log_command:Invoking command in '/home/ssfa/ros2_ws/build/custom_interfaces': CMAKE_PREFIX_PATH=${CMAKE_PREFIX_PATH}:/home/ssfa/ros2_ws/install/yolov8_ros:/home/ssfa/ros2_ws/install/turtlebot3_teleop:/home/ssfa/ros2_ws/install/turtlebot3_example:/home/ssfa/ros2_ws/install/topic_exercise:/home/ssfa/ros2_ws/install/subscriber_pkg:/home/ssfa/ros2_ws/install/services_pkg:/home/ssfa/ros2_ws/install/publisher_pkg:/home/ssfa/ros2_ws/install/my_package:/home/ssfa/ros2_ws/install/movement_pkg:/home/ssfa/ros2_ws/install/exercise_pkg:/home/ssfa/ros2_ws/install/cv_basics:/home/ssfa/ros2_ws/install/custom_interface_example:/home/ssfa/ros2_ws/install/client_pkg:/opt/ros/humble /usr/bin/cmake --install /home/ssfa/ros2_ws/build/custom_interfaces
[1.366s] Level 1:colcon.colcon_core.environment:checking '/home/ssfa/ros2_ws/install/turtlebot3_cartographer' for CMake config files
[1.367s] Level 1:colcon.colcon_core.shell:create_environment_hook('turtlebot3_cartographer', 'cmake_prefix_path')
[1.368s] INFO:colcon.colcon_core.shell:Creating environment hook '/home/ssfa/ros2_ws/install/turtlebot3_cartographer/share/turtlebot3_cartographer/hook/cmake_prefix_path.ps1'
[1.369s] INFO:colcon.colcon_core.shell:Creating environment descriptor '/home/ssfa/ros2_ws/install/turtlebot3_cartographer/share/turtlebot3_cartographer/hook/cmake_prefix_path.dsv'
[1.370s] INFO:colcon.colcon_core.shell:Creating environment hook '/home/ssfa/ros2_ws/install/turtlebot3_cartographer/share/turtlebot3_cartographer/hook/cmake_prefix_path.sh'
[1.370s] Level 1:colcon.colcon_core.environment:checking '/home/ssfa/ros2_ws/install/turtlebot3_cartographer/bin'
[1.371s] Level 1:colcon.colcon_core.environment:checking '/home/ssfa/ros2_ws/install/turtlebot3_cartographer/lib/pkgconfig/turtlebot3_cartographer.pc'
[1.371s] Level 1:colcon.colcon_core.environment:checking '/home/ssfa/ros2_ws/install/turtlebot3_cartographer/lib/python3.10/site-packages'
[1.371s] Level 1:colcon.colcon_core.environment:checking '/home/ssfa/ros2_ws/install/turtlebot3_cartographer/bin'
[1.372s] INFO:colcon.colcon_core.shell:Creating package script '/home/ssfa/ros2_ws/install/turtlebot3_cartographer/share/turtlebot3_cartographer/package.ps1'
[1.373s] INFO:colcon.colcon_core.shell:Creating package descriptor '/home/ssfa/ros2_ws/install/turtlebot3_cartographer/share/turtlebot3_cartographer/package.dsv'
[1.377s] INFO:colcon.colcon_core.shell:Creating package script '/home/ssfa/ros2_ws/install/turtlebot3_cartographer/share/turtlebot3_cartographer/package.sh'
[1.377s] INFO:colcon.colcon_core.shell:Creating package script '/home/ssfa/ros2_ws/install/turtlebot3_cartographer/share/turtlebot3_cartographer/package.bash'
[1.378s] INFO:colcon.colcon_core.shell:Creating package script '/home/ssfa/ros2_ws/install/turtlebot3_cartographer/share/turtlebot3_cartographer/package.zsh'
[1.378s] Level 1:colcon.colcon_core.environment:create_file_with_runtime_dependencies(/home/ssfa/ros2_ws/install/turtlebot3_cartographer/share/colcon-core/packages/turtlebot3_cartographer)
[1.380s] Level 1:colcon.colcon_core.environment:create_environment_scripts_only(turtlebot3_description)
[1.380s] Level 1:colcon.colcon_core.environment:checking '/home/ssfa/ros2_ws/install/turtlebot3_description' for CMake module files
[1.381s] Level 1:colcon.colcon_core.environment:checking '/home/ssfa/ros2_ws/install/turtlebot3_description' for CMake config files
[1.381s] Level 1:colcon.colcon_core.shell:create_environment_hook('turtlebot3_description', 'cmake_prefix_path')
[1.381s] INFO:colcon.colcon_core.shell:Creating environment hook '/home/ssfa/ros2_ws/install/turtlebot3_description/share/turtlebot3_description/hook/cmake_prefix_path.ps1'
[1.382s] INFO:colcon.colcon_core.shell:Creating environment descriptor '/home/ssfa/ros2_ws/install/turtlebot3_description/share/turtlebot3_description/hook/cmake_prefix_path.dsv'
[1.382s] INFO:colcon.colcon_core.shell:Creating environment hook '/home/ssfa/ros2_ws/install/turtlebot3_description/share/turtlebot3_description/hook/cmake_prefix_path.sh'
[1.383s] Level 1:colcon.colcon_core.environment:checking '/home/ssfa/ros2_ws/install/turtlebot3_description/bin'
[1.383s] Level 1:colcon.colcon_core.environment:checking '/home/ssfa/ros2_ws/install/turtlebot3_description/lib/pkgconfig/turtlebot3_description.pc'
[1.383s] Level 1:colcon.colcon_core.environment:checking '/home/ssfa/ros2_ws/install/turtlebot3_description/lib/python3.10/site-packages'
[1.383s] Level 1:colcon.colcon_core.environment:checking '/home/ssfa/ros2_ws/install/turtlebot3_description/bin'
[1.384s] INFO:colcon.colcon_core.shell:Creating package script '/home/ssfa/ros2_ws/install/turtlebot3_description/share/turtlebot3_description/package.ps1'
[1.384s] INFO:colcon.colcon_core.shell:Creating package descriptor '/home/ssfa/ros2_ws/install/turtlebot3_description/share/turtlebot3_description/package.dsv'
[1.385s] INFO:colcon.colcon_core.shell:Creating package script '/home/ssfa/ros2_ws/install/turtlebot3_description/share/turtlebot3_description/package.sh'
[1.385s] INFO:colcon.colcon_core.shell:Creating package script '/home/ssfa/ros2_ws/install/turtlebot3_description/share/turtlebot3_description/package.bash'
[1.386s] INFO:colcon.colcon_core.shell:Creating package script '/home/ssfa/ros2_ws/install/turtlebot3_description/share/turtlebot3_description/package.zsh'
[1.386s] Level 1:colcon.colcon_core.environment:create_file_with_runtime_dependencies(/home/ssfa/ros2_ws/install/turtlebot3_description/share/colcon-core/packages/turtlebot3_description)
[1.387s] INFO:colcon.colcon_ros.task.ament_python.build:Building ROS package in '/home/ssfa/ros2_ws/src/publisher_pkg' with build type 'ament_python'
[1.387s] Level 1:colcon.colcon_core.shell:create_environment_hook('publisher_pkg', 'ament_prefix_path')
[1.387s] INFO:colcon.colcon_core.shell:Creating environment hook '/home/ssfa/ros2_ws/install/publisher_pkg/share/publisher_pkg/hook/ament_prefix_path.ps1'
[1.388s] INFO:colcon.colcon_core.shell:Creating environment descriptor '/home/ssfa/ros2_ws/install/publisher_pkg/share/publisher_pkg/hook/ament_prefix_path.dsv'
[1.389s] INFO:colcon.colcon_core.shell:Creating environment hook '/home/ssfa/ros2_ws/install/publisher_pkg/share/publisher_pkg/hook/ament_prefix_path.sh'
[1.390s] INFO:colcon.colcon_core.shell:Skip shell extension 'powershell' for command environment: Not usable outside of PowerShell
[1.390s] DEBUG:colcon.colcon_core.shell:Skip shell extension 'dsv' for command environment
[1.406s] INFO:colcon.colcon_ros.task.ament_cmake.build:Building ROS package in '/home/ssfa/ros2_ws/src/t3/turtlebot3/turtlebot3/turtlebot3_bringup' with build type 'ament_cmake'
[1.406s] INFO:colcon.colcon_cmake.task.cmake.build:Building CMake package in '/home/ssfa/ros2_ws/src/t3/turtlebot3/turtlebot3/turtlebot3_bringup'
[1.406s] INFO:colcon.colcon_core.shell:Skip shell extension 'powershell' for command environment: Not usable outside of PowerShell
[1.406s] DEBUG:colcon.colcon_core.shell:Skip shell extension 'dsv' for command environment
[1.411s] Level 1:colcon.colcon_core.environment:create_environment_scripts_only(dynamixel_sdk)
[1.411s] Level 1:colcon.colcon_core.environment:checking '/home/ssfa/ros2_ws/install/dynamixel_sdk' for CMake module files
[1.412s] DEBUG:colcon.colcon_core.event_handler.log_command:Invoked command in '/home/ssfa/ros2_ws/build/dynamixel_sdk' returned '0': CMAKE_PREFIX_PATH=${CMAKE_PREFIX_PATH}:/home/ssfa/ros2_ws/install/yolov8_ros:/home/ssfa/ros2_ws/install/turtlebot3_teleop:/home/ssfa/ros2_ws/install/turtlebot3_example:/home/ssfa/ros2_ws/install/topic_exercise:/home/ssfa/ros2_ws/install/subscriber_pkg:/home/ssfa/ros2_ws/install/services_pkg:/home/ssfa/ros2_ws/install/publisher_pkg:/home/ssfa/ros2_ws/install/my_package:/home/ssfa/ros2_ws/install/movement_pkg:/home/ssfa/ros2_ws/install/exercise_pkg:/home/ssfa/ros2_ws/install/cv_basics:/home/ssfa/ros2_ws/install/custom_interface_example:/home/ssfa/ros2_ws/install/client_pkg:/opt/ros/humble /usr/bin/cmake --install /home/ssfa/ros2_ws/build/dynamixel_sdk
[1.412s] Level 1:colcon.colcon_core.environment:checking '/home/ssfa/ros2_ws/install/dynamixel_sdk' for CMake config files
[1.413s] Level 1:colcon.colcon_core.shell:create_environment_hook('dynamixel_sdk', 'cmake_prefix_path')
[1.413s] INFO:colcon.colcon_core.shell:Creating environment hook '/home/ssfa/ros2_ws/install/dynamixel_sdk/share/dynamixel_sdk/hook/cmake_prefix_path.ps1'
[1.414s] INFO:colcon.colcon_core.shell:Creating environment descriptor '/home/ssfa/ros2_ws/install/dynamixel_sdk/share/dynamixel_sdk/hook/cmake_prefix_path.dsv'
[1.414s] INFO:colcon.colcon_core.shell:Creating environment hook '/home/ssfa/ros2_ws/install/dynamixel_sdk/share/dynamixel_sdk/hook/cmake_prefix_path.sh'
[1.415s] Level 1:colcon.colcon_core.environment:checking '/home/ssfa/ros2_ws/install/dynamixel_sdk/lib'
[1.415s] Level 1:colcon.colcon_core.shell:create_environment_hook('dynamixel_sdk', 'ld_library_path_lib')
[1.415s] INFO:colcon.colcon_core.shell:Creating environment hook '/home/ssfa/ros2_ws/install/dynamixel_sdk/share/dynamixel_sdk/hook/ld_library_path_lib.ps1'
[1.416s] INFO:colcon.colcon_core.shell:Creating environment descriptor '/home/ssfa/ros2_ws/install/dynamixel_sdk/share/dynamixel_sdk/hook/ld_library_path_lib.dsv'
[1.417s] INFO:colcon.colcon_core.shell:Creating environment hook '/home/ssfa/ros2_ws/install/dynamixel_sdk/share/dynamixel_sdk/hook/ld_library_path_lib.sh'
[1.417s] Level 1:colcon.colcon_core.environment:checking '/home/ssfa/ros2_ws/install/dynamixel_sdk/bin'
[1.417s] Level 1:colcon.colcon_core.environment:checking '/home/ssfa/ros2_ws/install/dynamixel_sdk/lib/pkgconfig/dynamixel_sdk.pc'
[1.417s] Level 1:colcon.colcon_core.environment:checking '/home/ssfa/ros2_ws/install/dynamixel_sdk/lib/python3.10/site-packages'
[1.418s] Level 1:colcon.colcon_core.environment:checking '/home/ssfa/ros2_ws/install/dynamixel_sdk/bin'
[1.418s] INFO:colcon.colcon_core.shell:Creating package script '/home/ssfa/ros2_ws/install/dynamixel_sdk/share/dynamixel_sdk/package.ps1'
[1.419s] INFO:colcon.colcon_core.shell:Creating package descriptor '/home/ssfa/ros2_ws/install/dynamixel_sdk/share/dynamixel_sdk/package.dsv'
[1.420s] INFO:colcon.colcon_core.shell:Creating package script '/home/ssfa/ros2_ws/install/dynamixel_sdk/share/dynamixel_sdk/package.sh'
[1.420s] INFO:colcon.colcon_core.shell:Creating package script '/home/ssfa/ros2_ws/install/dynamixel_sdk/share/dynamixel_sdk/package.bash'
[1.420s] INFO:colcon.colcon_core.shell:Creating package script '/home/ssfa/ros2_ws/install/dynamixel_sdk/share/dynamixel_sdk/package.zsh'
[1.421s] Level 1:colcon.colcon_core.environment:create_file_with_runtime_dependencies(/home/ssfa/ros2_ws/install/dynamixel_sdk/share/colcon-core/packages/dynamixel_sdk)
[1.422s] Level 1:colcon.colcon_core.environment:create_environment_scripts_only(turtlebot3_navigation2)
[1.422s] Level 1:colcon.colcon_core.environment:checking '/home/ssfa/ros2_ws/install/turtlebot3_navigation2' for CMake module files
[1.423s] Level 1:colcon.colcon_core.environment:checking '/home/ssfa/ros2_ws/install/turtlebot3_navigation2' for CMake config files
[1.423s] Level 1:colcon.colcon_core.shell:create_environment_hook('turtlebot3_navigation2', 'cmake_prefix_path')
[1.424s] INFO:colcon.colcon_core.shell:Creating environment hook '/home/ssfa/ros2_ws/install/turtlebot3_navigation2/share/turtlebot3_navigation2/hook/cmake_prefix_path.ps1'
[1.424s] INFO:colcon.colcon_core.shell:Creating environment descriptor '/home/ssfa/ros2_ws/install/turtlebot3_navigation2/share/turtlebot3_navigation2/hook/cmake_prefix_path.dsv'
[1.424s] INFO:colcon.colcon_core.shell:Creating environment hook '/home/ssfa/ros2_ws/install/turtlebot3_navigation2/share/turtlebot3_navigation2/hook/cmake_prefix_path.sh'
[1.425s] Level 1:colcon.colcon_core.environment:checking '/home/ssfa/ros2_ws/install/turtlebot3_navigation2/bin'
[1.425s] Level 1:colcon.colcon_core.environment:checking '/home/ssfa/ros2_ws/install/turtlebot3_navigation2/lib/pkgconfig/turtlebot3_navigation2.pc'
[1.425s] Level 1:colcon.colcon_core.environment:checking '/home/ssfa/ros2_ws/install/turtlebot3_navigation2/lib/python3.10/site-packages'
[1.425s] Level 1:colcon.colcon_core.environment:checking '/home/ssfa/ros2_ws/install/turtlebot3_navigation2/bin'
[1.426s] INFO:colcon.colcon_core.shell:Creating package script '/home/ssfa/ros2_ws/install/turtlebot3_navigation2/share/turtlebot3_navigation2/package.ps1'
[1.426s] INFO:colcon.colcon_core.shell:Creating package descriptor '/home/ssfa/ros2_ws/install/turtlebot3_navigation2/share/turtlebot3_navigation2/package.dsv'
[1.427s] INFO:colcon.colcon_core.shell:Creating package script '/home/ssfa/ros2_ws/install/turtlebot3_navigation2/share/turtlebot3_navigation2/package.sh'
[1.427s] INFO:colcon.colcon_core.shell:Creating package script '/home/ssfa/ros2_ws/install/turtlebot3_navigation2/share/turtlebot3_navigation2/package.bash'
[1.428s] INFO:colcon.colcon_core.shell:Creating package script '/home/ssfa/ros2_ws/install/turtlebot3_navigation2/share/turtlebot3_navigation2/package.zsh'
[1.428s] Level 1:colcon.colcon_core.environment:create_file_with_runtime_dependencies(/home/ssfa/ros2_ws/install/turtlebot3_navigation2/share/colcon-core/packages/turtlebot3_navigation2)
[1.429s] INFO:colcon.colcon_ros.task.ament_cmake.build:Building ROS package in '/home/ssfa/ros2_ws/src/t3/turtlebot3_simulations/turtlebot3_gazebo' with build type 'ament_cmake'
[1.429s] INFO:colcon.colcon_cmake.task.cmake.build:Building CMake package in '/home/ssfa/ros2_ws/src/t3/turtlebot3_simulations/turtlebot3_gazebo'
[1.430s] INFO:colcon.colcon_core.shell:Skip shell extension 'powershell' for command environment: Not usable outside of PowerShell
[1.430s] DEBUG:colcon.colcon_core.shell:Skip shell extension 'dsv' for command environment
[1.636s] INFO:colcon.colcon_core.task.python.build:Building Python package in '/home/ssfa/ros2_ws/src/publisher_pkg'
[1.636s] INFO:colcon.colcon_core.shell:Skip shell extension 'powershell' for command environment: Not usable outside of PowerShell
[1.636s] DEBUG:colcon.colcon_core.shell:Skip shell extension 'dsv' for command environment
[1.646s] DEBUG:colcon.colcon_core.event_handler.log_command:Invoking command in '/home/ssfa/ros2_ws/build/turtlebot3_bringup': CMAKE_PREFIX_PATH=/home/ssfa/ros2_ws/install/turtlebot3_description:/home/ssfa/ros2_ws/install/yolov8_bringup:/home/ssfa/ros2_ws/install/yolov8_msgs:/home/ssfa/ros2_ws/install/two_wheeled_robot:/home/ssfa/ros2_ws/install/turtlebot3:/home/ssfa/ros2_ws/install/turtlebot3_simulations:/home/ssfa/ros2_ws/install/turtlebot3_navigation2:/home/ssfa/ros2_ws/install/turtlebot3_msgs:/home/ssfa/ros2_ws/install/turtlebot3_gazebo:/home/ssfa/ros2_ws/install/turtlebot3_bringup:/home/ssfa/ros2_ws/install/turtlebot3_cartographer:/home/ssfa/ros2_ws/install/turtlebot3_as:/home/ssfa/ros2_ws/install/tiago_demo:/home/ssfa/ros2_ws/install/t3_action_msg:/home/ssfa/ros2_ws/install/dynamixel_sdk:/home/ssfa/ros2_ws/install/custom_interfaces:/home/ssfa/ros2_ws/install/yolov8_ros:/home/ssfa/ros2_ws/install/turtlebot3_teleop:/home/ssfa/ros2_ws/install/turtlebot3_example:/home/ssfa/ros2_ws/install/topic_exercise:/home/ssfa/ros2_ws/install/subscriber_pkg:/home/ssfa/ros2_ws/install/services_pkg:/home/ssfa/ros2_ws/install/publisher_pkg:/home/ssfa/ros2_ws/install/my_package:/home/ssfa/ros2_ws/install/movement_pkg:/home/ssfa/ros2_ws/install/exercise_pkg:/home/ssfa/ros2_ws/install/cv_basics:/home/ssfa/ros2_ws/install/custom_interface_example:/home/ssfa/ros2_ws/install/client_pkg:/opt/ros/humble /usr/bin/cmake --build /home/ssfa/ros2_ws/build/turtlebot3_bringup -- -j12 -l12
[1.646s] DEBUG:colcon.colcon_core.event_handler.log_command:Invoking command in '/home/ssfa/ros2_ws/build/turtlebot3_msgs': CMAKE_PREFIX_PATH=${CMAKE_PREFIX_PATH}:/home/ssfa/ros2_ws/install/yolov8_ros:/home/ssfa/ros2_ws/install/turtlebot3_teleop:/home/ssfa/ros2_ws/install/turtlebot3_example:/home/ssfa/ros2_ws/install/topic_exercise:/home/ssfa/ros2_ws/install/subscriber_pkg:/home/ssfa/ros2_ws/install/services_pkg:/home/ssfa/ros2_ws/install/publisher_pkg:/home/ssfa/ros2_ws/install/my_package:/home/ssfa/ros2_ws/install/movement_pkg:/home/ssfa/ros2_ws/install/exercise_pkg:/home/ssfa/ros2_ws/install/cv_basics:/home/ssfa/ros2_ws/install/custom_interface_example:/home/ssfa/ros2_ws/install/client_pkg:/opt/ros/humble /usr/bin/cmake --install /home/ssfa/ros2_ws/build/turtlebot3_msgs
[1.651s] Level 1:colcon.colcon_core.environment:create_environment_scripts_only(dynamixel_sdk)
[1.651s] Level 1:colcon.colcon_core.environment:checking '/home/ssfa/ros2_ws/install/dynamixel_sdk' for CMake module files
[1.652s] DEBUG:colcon.colcon_core.event_handler.log_command:Invoking command in '/home/ssfa/ros2_ws/build/turtlebot3_gazebo': CMAKE_PREFIX_PATH=/home/ssfa/ros2_ws/install/turtlebot3_description:/home/ssfa/ros2_ws/install/yolov8_bringup:/home/ssfa/ros2_ws/install/yolov8_msgs:/home/ssfa/ros2_ws/install/two_wheeled_robot:/home/ssfa/ros2_ws/install/turtlebot3:/home/ssfa/ros2_ws/install/turtlebot3_simulations:/home/ssfa/ros2_ws/install/turtlebot3_navigation2:/home/ssfa/ros2_ws/install/turtlebot3_msgs:/home/ssfa/ros2_ws/install/turtlebot3_gazebo:/home/ssfa/ros2_ws/install/turtlebot3_bringup:/home/ssfa/ros2_ws/install/turtlebot3_cartographer:/home/ssfa/ros2_ws/install/turtlebot3_as:/home/ssfa/ros2_ws/install/tiago_demo:/home/ssfa/ros2_ws/install/t3_action_msg:/home/ssfa/ros2_ws/install/dynamixel_sdk:/home/ssfa/ros2_ws/install/custom_interfaces:/home/ssfa/ros2_ws/install/yolov8_ros:/home/ssfa/ros2_ws/install/turtlebot3_teleop:/home/ssfa/ros2_ws/install/turtlebot3_example:/home/ssfa/ros2_ws/install/topic_exercise:/home/ssfa/ros2_ws/install/subscriber_pkg:/home/ssfa/ros2_ws/install/services_pkg:/home/ssfa/ros2_ws/install/publisher_pkg:/home/ssfa/ros2_ws/install/my_package:/home/ssfa/ros2_ws/install/movement_pkg:/home/ssfa/ros2_ws/install/exercise_pkg:/home/ssfa/ros2_ws/install/cv_basics:/home/ssfa/ros2_ws/install/custom_interface_example:/home/ssfa/ros2_ws/install/client_pkg:/opt/ros/humble /usr/bin/cmake --build /home/ssfa/ros2_ws/build/turtlebot3_gazebo -- -j12 -l12
[1.652s] Level 1:colcon.colcon_core.environment:checking '/home/ssfa/ros2_ws/install/dynamixel_sdk' for CMake config files
[1.653s] Level 1:colcon.colcon_core.shell:create_environment_hook('dynamixel_sdk', 'cmake_prefix_path')
[1.653s] INFO:colcon.colcon_core.shell:Creating environment hook '/home/ssfa/ros2_ws/install/dynamixel_sdk/share/dynamixel_sdk/hook/cmake_prefix_path.ps1'
[1.654s] INFO:colcon.colcon_core.shell:Creating environment descriptor '/home/ssfa/ros2_ws/install/dynamixel_sdk/share/dynamixel_sdk/hook/cmake_prefix_path.dsv'
[1.655s] INFO:colcon.colcon_core.shell:Creating environment hook '/home/ssfa/ros2_ws/install/dynamixel_sdk/share/dynamixel_sdk/hook/cmake_prefix_path.sh'
[1.657s] Level 1:colcon.colcon_core.environment:checking '/home/ssfa/ros2_ws/install/dynamixel_sdk/lib'
[1.657s] Level 1:colcon.colcon_core.shell:create_environment_hook('dynamixel_sdk', 'ld_library_path_lib')
[1.658s] INFO:colcon.colcon_core.shell:Creating environment hook '/home/ssfa/ros2_ws/install/dynamixel_sdk/share/dynamixel_sdk/hook/ld_library_path_lib.ps1'
[1.659s] INFO:colcon.colcon_core.shell:Creating environment descriptor '/home/ssfa/ros2_ws/install/dynamixel_sdk/share/dynamixel_sdk/hook/ld_library_path_lib.dsv'
[1.660s] INFO:colcon.colcon_core.shell:Creating environment hook '/home/ssfa/ros2_ws/install/dynamixel_sdk/share/dynamixel_sdk/hook/ld_library_path_lib.sh'
[1.661s] Level 1:colcon.colcon_core.environment:checking '/home/ssfa/ros2_ws/install/dynamixel_sdk/bin'
[1.661s] Level 1:colcon.colcon_core.environment:checking '/home/ssfa/ros2_ws/install/dynamixel_sdk/lib/pkgconfig/dynamixel_sdk.pc'
[1.661s] Level 1:colcon.colcon_core.environment:checking '/home/ssfa/ros2_ws/install/dynamixel_sdk/lib/python3.10/site-packages'
[1.661s] Level 1:colcon.colcon_core.environment:checking '/home/ssfa/ros2_ws/install/dynamixel_sdk/bin'
[1.662s] INFO:colcon.colcon_core.shell:Creating package script '/home/ssfa/ros2_ws/install/dynamixel_sdk/share/dynamixel_sdk/package.ps1'
[1.663s] INFO:colcon.colcon_core.shell:Creating package descriptor '/home/ssfa/ros2_ws/install/dynamixel_sdk/share/dynamixel_sdk/package.dsv'
[1.664s] INFO:colcon.colcon_core.shell:Creating package script '/home/ssfa/ros2_ws/install/dynamixel_sdk/share/dynamixel_sdk/package.sh'
[1.665s] INFO:colcon.colcon_core.shell:Creating package script '/home/ssfa/ros2_ws/install/dynamixel_sdk/share/dynamixel_sdk/package.bash'
[1.666s] INFO:colcon.colcon_core.shell:Creating package script '/home/ssfa/ros2_ws/install/dynamixel_sdk/share/dynamixel_sdk/package.zsh'
[1.667s] Level 1:colcon.colcon_core.environment:create_file_with_runtime_dependencies(/home/ssfa/ros2_ws/install/dynamixel_sdk/share/colcon-core/packages/dynamixel_sdk)
[1.673s] Level 1:colcon.colcon_core.environment:create_environment_scripts_only(t3_action_msg)
[1.674s] Level 1:colcon.colcon_core.environment:checking '/home/ssfa/ros2_ws/install/t3_action_msg' for CMake module files
[1.675s] DEBUG:colcon.colcon_core.event_handler.log_command:Invoking command in '/home/ssfa/ros2_ws/build/exercise_pkg': PYTHONPATH=/home/ssfa/ros2_ws/build/exercise_pkg/prefix_override:/usr/lib/python3/dist-packages/colcon_core/task/python/colcon_distutils_commands:/home/ssfa/ros2_ws/install/exercise_pkg/lib/python3.10/site-packages:${PYTHONPATH} /usr/bin/python3 -W ignore:setup.py install is deprecated setup.py develop --editable --build-directory /home/ssfa/ros2_ws/build/exercise_pkg/build --no-deps symlink_data
[1.676s] DEBUG:colcon.colcon_core.event_handler.log_command:Invoking command in '/home/ssfa/ros2_ws/build/turtlebot3_teleop': PYTHONPATH=/home/ssfa/ros2_ws/build/turtlebot3_teleop/prefix_override:/usr/lib/python3/dist-packages/colcon_core/task/python/colcon_distutils_commands:/home/ssfa/ros2_ws/install/turtlebot3_teleop/lib/python3.10/site-packages:${PYTHONPATH} /usr/bin/python3 -W ignore:setup.py install is deprecated setup.py develop --editable --build-directory /home/ssfa/ros2_ws/build/turtlebot3_teleop/build --no-deps symlink_data
[1.676s] DEBUG:colcon.colcon_core.event_handler.log_command:Invoked command in '/home/ssfa/ros2_ws/build/t3_action_msg' returned '0': CMAKE_PREFIX_PATH=${CMAKE_PREFIX_PATH}:/home/ssfa/ros2_ws/install/yolov8_ros:/home/ssfa/ros2_ws/install/turtlebot3_teleop:/home/ssfa/ros2_ws/install/turtlebot3_example:/home/ssfa/ros2_ws/install/topic_exercise:/home/ssfa/ros2_ws/install/subscriber_pkg:/home/ssfa/ros2_ws/install/services_pkg:/home/ssfa/ros2_ws/install/publisher_pkg:/home/ssfa/ros2_ws/install/my_package:/home/ssfa/ros2_ws/install/movement_pkg:/home/ssfa/ros2_ws/install/exercise_pkg:/home/ssfa/ros2_ws/install/cv_basics:/home/ssfa/ros2_ws/install/custom_interface_example:/home/ssfa/ros2_ws/install/client_pkg:/opt/ros/humble /usr/bin/cmake --install /home/ssfa/ros2_ws/build/t3_action_msg
[1.678s] Level 1:colcon.colcon_core.environment:checking '/home/ssfa/ros2_ws/install/t3_action_msg' for CMake config files
[1.678s] Level 1:colcon.colcon_core.shell:create_environment_hook('t3_action_msg', 'cmake_prefix_path')
[1.679s] INFO:colcon.colcon_core.shell:Creating environment hook '/home/ssfa/ros2_ws/install/t3_action_msg/share/t3_action_msg/hook/cmake_prefix_path.ps1'
[1.679s] INFO:colcon.colcon_core.shell:Creating environment descriptor '/home/ssfa/ros2_ws/install/t3_action_msg/share/t3_action_msg/hook/cmake_prefix_path.dsv'
[1.679s] INFO:colcon.colcon_core.shell:Creating environment hook '/home/ssfa/ros2_ws/install/t3_action_msg/share/t3_action_msg/hook/cmake_prefix_path.sh'
[1.680s] Level 1:colcon.colcon_core.environment:checking '/home/ssfa/ros2_ws/install/t3_action_msg/lib'
[1.680s] Level 1:colcon.colcon_core.shell:create_environment_hook('t3_action_msg', 'ld_library_path_lib')
[1.681s] INFO:colcon.colcon_core.shell:Creating environment hook '/home/ssfa/ros2_ws/install/t3_action_msg/share/t3_action_msg/hook/ld_library_path_lib.ps1'
[1.681s] INFO:colcon.colcon_core.shell:Creating environment descriptor '/home/ssfa/ros2_ws/install/t3_action_msg/share/t3_action_msg/hook/ld_library_path_lib.dsv'
[1.681s] INFO:colcon.colcon_core.shell:Creating environment hook '/home/ssfa/ros2_ws/install/t3_action_msg/share/t3_action_msg/hook/ld_library_path_lib.sh'
[1.682s] Level 1:colcon.colcon_core.environment:checking '/home/ssfa/ros2_ws/install/t3_action_msg/bin'
[1.682s] Level 1:colcon.colcon_core.environment:checking '/home/ssfa/ros2_ws/install/t3_action_msg/lib/pkgconfig/t3_action_msg.pc'
[1.682s] Level 1:colcon.colcon_core.environment:checking '/home/ssfa/ros2_ws/install/t3_action_msg/lib/python3.10/site-packages'
[1.682s] Level 1:colcon.colcon_core.environment:checking '/home/ssfa/ros2_ws/install/t3_action_msg/bin'
[1.683s] INFO:colcon.colcon_core.shell:Creating package script '/home/ssfa/ros2_ws/install/t3_action_msg/share/t3_action_msg/package.ps1'
[1.683s] INFO:colcon.colcon_core.shell:Creating package descriptor '/home/ssfa/ros2_ws/install/t3_action_msg/share/t3_action_msg/package.dsv'
[1.684s] INFO:colcon.colcon_core.shell:Creating package script '/home/ssfa/ros2_ws/install/t3_action_msg/share/t3_action_msg/package.sh'
[1.684s] INFO:colcon.colcon_core.shell:Creating package script '/home/ssfa/ros2_ws/install/t3_action_msg/share/t3_action_msg/package.bash'
[1.685s] INFO:colcon.colcon_core.shell:Creating package script '/home/ssfa/ros2_ws/install/t3_action_msg/share/t3_action_msg/package.zsh'
[1.685s] Level 1:colcon.colcon_core.environment:create_file_with_runtime_dependencies(/home/ssfa/ros2_ws/install/t3_action_msg/share/colcon-core/packages/t3_action_msg)
[1.686s] Level 1:colcon.colcon_core.environment:create_environment_scripts_only(custom_interfaces)
[1.687s] Level 1:colcon.colcon_core.environment:checking '/home/ssfa/ros2_ws/install/custom_interfaces' for CMake module files
[1.687s] DEBUG:colcon.colcon_core.event_handler.log_command:Invoked command in '/home/ssfa/ros2_ws/build/custom_interfaces' returned '0': CMAKE_PREFIX_PATH=${CMAKE_PREFIX_PATH}:/home/ssfa/ros2_ws/install/yolov8_ros:/home/ssfa/ros2_ws/install/turtlebot3_teleop:/home/ssfa/ros2_ws/install/turtlebot3_example:/home/ssfa/ros2_ws/install/topic_exercise:/home/ssfa/ros2_ws/install/subscriber_pkg:/home/ssfa/ros2_ws/install/services_pkg:/home/ssfa/ros2_ws/install/publisher_pkg:/home/ssfa/ros2_ws/install/my_package:/home/ssfa/ros2_ws/install/movement_pkg:/home/ssfa/ros2_ws/install/exercise_pkg:/home/ssfa/ros2_ws/install/cv_basics:/home/ssfa/ros2_ws/install/custom_interface_example:/home/ssfa/ros2_ws/install/client_pkg:/opt/ros/humble /usr/bin/cmake --install /home/ssfa/ros2_ws/build/custom_interfaces
[1.688s] Level 1:colcon.colcon_core.environment:checking '/home/ssfa/ros2_ws/install/custom_interfaces' for CMake config files
[1.688s] Level 1:colcon.colcon_core.shell:create_environment_hook('custom_interfaces', 'cmake_prefix_path')
[1.688s] INFO:colcon.colcon_core.shell:Creating environment hook '/home/ssfa/ros2_ws/install/custom_interfaces/share/custom_interfaces/hook/cmake_prefix_path.ps1'
[1.689s] INFO:colcon.colcon_core.shell:Creating environment descriptor '/home/ssfa/ros2_ws/install/custom_interfaces/share/custom_interfaces/hook/cmake_prefix_path.dsv'
[1.689s] INFO:colcon.colcon_core.shell:Creating environment hook '/home/ssfa/ros2_ws/install/custom_interfaces/share/custom_interfaces/hook/cmake_prefix_path.sh'
[1.689s] Level 1:colcon.colcon_core.environment:checking '/home/ssfa/ros2_ws/install/custom_interfaces/lib'
[1.689s] Level 1:colcon.colcon_core.shell:create_environment_hook('custom_interfaces', 'ld_library_path_lib')
[1.690s] INFO:colcon.colcon_core.shell:Creating environment hook '/home/ssfa/ros2_ws/install/custom_interfaces/share/custom_interfaces/hook/ld_library_path_lib.ps1'
[1.690s] INFO:colcon.colcon_core.shell:Creating environment descriptor '/home/ssfa/ros2_ws/install/custom_interfaces/share/custom_interfaces/hook/ld_library_path_lib.dsv'
[1.690s] INFO:colcon.colcon_core.shell:Creating environment hook '/home/ssfa/ros2_ws/install/custom_interfaces/share/custom_interfaces/hook/ld_library_path_lib.sh'
[1.690s] Level 1:colcon.colcon_core.environment:checking '/home/ssfa/ros2_ws/install/custom_interfaces/bin'
[1.690s] Level 1:colcon.colcon_core.environment:checking '/home/ssfa/ros2_ws/install/custom_interfaces/lib/pkgconfig/custom_interfaces.pc'
[1.691s] Level 1:colcon.colcon_core.environment:checking '/home/ssfa/ros2_ws/install/custom_interfaces/lib/python3.10/site-packages'
[1.691s] Level 1:colcon.colcon_core.environment:checking '/home/ssfa/ros2_ws/install/custom_interfaces/bin'
[1.691s] INFO:colcon.colcon_core.shell:Creating package script '/home/ssfa/ros2_ws/install/custom_interfaces/share/custom_interfaces/package.ps1'
[1.692s] INFO:colcon.colcon_core.shell:Creating package descriptor '/home/ssfa/ros2_ws/install/custom_interfaces/share/custom_interfaces/package.dsv'
[1.692s] INFO:colcon.colcon_core.shell:Creating package script '/home/ssfa/ros2_ws/install/custom_interfaces/share/custom_interfaces/package.sh'
[1.692s] INFO:colcon.colcon_core.shell:Creating package script '/home/ssfa/ros2_ws/install/custom_interfaces/share/custom_interfaces/package.bash'
[1.692s] INFO:colcon.colcon_core.shell:Creating package script '/home/ssfa/ros2_ws/install/custom_interfaces/share/custom_interfaces/package.zsh'
[1.692s] Level 1:colcon.colcon_core.environment:create_file_with_runtime_dependencies(/home/ssfa/ros2_ws/install/custom_interfaces/share/colcon-core/packages/custom_interfaces)
[1.696s] INFO:colcon.colcon_ros.task.ament_python.build:Building ROS package in '/home/ssfa/ros2_ws/src/t3/services_pkg' with build type 'ament_python'
[1.696s] Level 1:colcon.colcon_core.shell:create_environment_hook('services_pkg', 'ament_prefix_path')
[1.697s] INFO:colcon.colcon_core.shell:Creating environment hook '/home/ssfa/ros2_ws/install/services_pkg/share/services_pkg/hook/ament_prefix_path.ps1'
[1.697s] INFO:colcon.colcon_core.shell:Creating environment descriptor '/home/ssfa/ros2_ws/install/services_pkg/share/services_pkg/hook/ament_prefix_path.dsv'
[1.698s] INFO:colcon.colcon_core.shell:Creating environment hook '/home/ssfa/ros2_ws/install/services_pkg/share/services_pkg/hook/ament_prefix_path.sh'
[1.698s] INFO:colcon.colcon_core.shell:Skip shell extension 'powershell' for command environment: Not usable outside of PowerShell
[1.698s] DEBUG:colcon.colcon_core.shell:Skip shell extension 'dsv' for command environment
[1.705s] DEBUG:colcon.colcon_core.event_handler.log_command:Invoked command in '/home/ssfa/ros2_ws/build/turtlebot3_bringup' returned '0': CMAKE_PREFIX_PATH=/home/ssfa/ros2_ws/install/turtlebot3_description:/home/ssfa/ros2_ws/install/yolov8_bringup:/home/ssfa/ros2_ws/install/yolov8_msgs:/home/ssfa/ros2_ws/install/two_wheeled_robot:/home/ssfa/ros2_ws/install/turtlebot3:/home/ssfa/ros2_ws/install/turtlebot3_simulations:/home/ssfa/ros2_ws/install/turtlebot3_navigation2:/home/ssfa/ros2_ws/install/turtlebot3_msgs:/home/ssfa/ros2_ws/install/turtlebot3_gazebo:/home/ssfa/ros2_ws/install/turtlebot3_bringup:/home/ssfa/ros2_ws/install/turtlebot3_cartographer:/home/ssfa/ros2_ws/install/turtlebot3_as:/home/ssfa/ros2_ws/install/tiago_demo:/home/ssfa/ros2_ws/install/t3_action_msg:/home/ssfa/ros2_ws/install/dynamixel_sdk:/home/ssfa/ros2_ws/install/custom_interfaces:/home/ssfa/ros2_ws/install/yolov8_ros:/home/ssfa/ros2_ws/install/turtlebot3_teleop:/home/ssfa/ros2_ws/install/turtlebot3_example:/home/ssfa/ros2_ws/install/topic_exercise:/home/ssfa/ros2_ws/install/subscriber_pkg:/home/ssfa/ros2_ws/install/services_pkg:/home/ssfa/ros2_ws/install/publisher_pkg:/home/ssfa/ros2_ws/install/my_package:/home/ssfa/ros2_ws/install/movement_pkg:/home/ssfa/ros2_ws/install/exercise_pkg:/home/ssfa/ros2_ws/install/cv_basics:/home/ssfa/ros2_ws/install/custom_interface_example:/home/ssfa/ros2_ws/install/client_pkg:/opt/ros/humble /usr/bin/cmake --build /home/ssfa/ros2_ws/build/turtlebot3_bringup -- -j12 -l12
[1.707s] DEBUG:colcon.colcon_core.event_handler.log_command:Invoking command in '/home/ssfa/ros2_ws/build/client_pkg': PYTHONPATH=/home/ssfa/ros2_ws/build/client_pkg/prefix_override:/usr/lib/python3/dist-packages/colcon_core/task/python/colcon_distutils_commands:/home/ssfa/ros2_ws/install/client_pkg/lib/python3.10/site-packages:${PYTHONPATH} /usr/bin/python3 -W ignore:setup.py install is deprecated setup.py develop --editable --build-directory /home/ssfa/ros2_ws/build/client_pkg/build --no-deps symlink_data
[1.709s] DEBUG:colcon.colcon_core.event_handler.log_command:Invoking command in '/home/ssfa/ros2_ws/build/cv_basics': PYTHONPATH=/home/ssfa/ros2_ws/build/cv_basics/prefix_override:/usr/lib/python3/dist-packages/colcon_core/task/python/colcon_distutils_commands:/home/ssfa/ros2_ws/install/cv_basics/lib/python3.10/site-packages:${PYTHONPATH} /usr/bin/python3 -W ignore:setup.py install is deprecated setup.py develop --editable --build-directory /home/ssfa/ros2_ws/build/cv_basics/build --no-deps symlink_data
[1.725s] DEBUG:colcon.colcon_core.event_handler.log_command:Invoked command in '/home/ssfa/ros2_ws/build/turtlebot3_gazebo' returned '0': CMAKE_PREFIX_PATH=/home/ssfa/ros2_ws/install/turtlebot3_description:/home/ssfa/ros2_ws/install/yolov8_bringup:/home/ssfa/ros2_ws/install/yolov8_msgs:/home/ssfa/ros2_ws/install/two_wheeled_robot:/home/ssfa/ros2_ws/install/turtlebot3:/home/ssfa/ros2_ws/install/turtlebot3_simulations:/home/ssfa/ros2_ws/install/turtlebot3_navigation2:/home/ssfa/ros2_ws/install/turtlebot3_msgs:/home/ssfa/ros2_ws/install/turtlebot3_gazebo:/home/ssfa/ros2_ws/install/turtlebot3_bringup:/home/ssfa/ros2_ws/install/turtlebot3_cartographer:/home/ssfa/ros2_ws/install/turtlebot3_as:/home/ssfa/ros2_ws/install/tiago_demo:/home/ssfa/ros2_ws/install/t3_action_msg:/home/ssfa/ros2_ws/install/dynamixel_sdk:/home/ssfa/ros2_ws/install/custom_interfaces:/home/ssfa/ros2_ws/install/yolov8_ros:/home/ssfa/ros2_ws/install/turtlebot3_teleop:/home/ssfa/ros2_ws/install/turtlebot3_example:/home/ssfa/ros2_ws/install/topic_exercise:/home/ssfa/ros2_ws/install/subscriber_pkg:/home/ssfa/ros2_ws/install/services_pkg:/home/ssfa/ros2_ws/install/publisher_pkg:/home/ssfa/ros2_ws/install/my_package:/home/ssfa/ros2_ws/install/movement_pkg:/home/ssfa/ros2_ws/install/exercise_pkg:/home/ssfa/ros2_ws/install/cv_basics:/home/ssfa/ros2_ws/install/custom_interface_example:/home/ssfa/ros2_ws/install/client_pkg:/opt/ros/humble /usr/bin/cmake --build /home/ssfa/ros2_ws/build/turtlebot3_gazebo -- -j12 -l12
[1.931s] INFO:colcon.colcon_core.task.python.build:Building Python package in '/home/ssfa/ros2_ws/src/t3/services_pkg'
[1.931s] INFO:colcon.colcon_core.shell:Skip shell extension 'powershell' for command environment: Not usable outside of PowerShell
[1.931s] DEBUG:colcon.colcon_core.shell:Skip shell extension 'dsv' for command environment
[1.935s] Level 1:colcon.colcon_core.environment:create_environment_scripts_only(turtlebot3_msgs)
[1.936s] Level 1:colcon.colcon_core.environment:checking '/home/ssfa/ros2_ws/install/turtlebot3_msgs' for CMake module files
[1.936s] DEBUG:colcon.colcon_core.event_handler.log_command:Invoked command in '/home/ssfa/ros2_ws/build/turtlebot3_msgs' returned '0': CMAKE_PREFIX_PATH=${CMAKE_PREFIX_PATH}:/home/ssfa/ros2_ws/install/yolov8_ros:/home/ssfa/ros2_ws/install/turtlebot3_teleop:/home/ssfa/ros2_ws/install/turtlebot3_example:/home/ssfa/ros2_ws/install/topic_exercise:/home/ssfa/ros2_ws/install/subscriber_pkg:/home/ssfa/ros2_ws/install/services_pkg:/home/ssfa/ros2_ws/install/publisher_pkg:/home/ssfa/ros2_ws/install/my_package:/home/ssfa/ros2_ws/install/movement_pkg:/home/ssfa/ros2_ws/install/exercise_pkg:/home/ssfa/ros2_ws/install/cv_basics:/home/ssfa/ros2_ws/install/custom_interface_example:/home/ssfa/ros2_ws/install/client_pkg:/opt/ros/humble /usr/bin/cmake --install /home/ssfa/ros2_ws/build/turtlebot3_msgs
[1.937s] Level 1:colcon.colcon_core.environment:checking '/home/ssfa/ros2_ws/install/turtlebot3_msgs' for CMake config files
[1.937s] Level 1:colcon.colcon_core.shell:create_environment_hook('turtlebot3_msgs', 'cmake_prefix_path')
[1.938s] INFO:colcon.colcon_core.shell:Creating environment hook '/home/ssfa/ros2_ws/install/turtlebot3_msgs/share/turtlebot3_msgs/hook/cmake_prefix_path.ps1'
[1.938s] INFO:colcon.colcon_core.shell:Creating environment descriptor '/home/ssfa/ros2_ws/install/turtlebot3_msgs/share/turtlebot3_msgs/hook/cmake_prefix_path.dsv'
[1.939s] INFO:colcon.colcon_core.shell:Creating environment hook '/home/ssfa/ros2_ws/install/turtlebot3_msgs/share/turtlebot3_msgs/hook/cmake_prefix_path.sh'
[1.939s] Level 1:colcon.colcon_core.environment:checking '/home/ssfa/ros2_ws/install/turtlebot3_msgs/lib'
[1.939s] Level 1:colcon.colcon_core.shell:create_environment_hook('turtlebot3_msgs', 'ld_library_path_lib')
[1.939s] INFO:colcon.colcon_core.shell:Creating environment hook '/home/ssfa/ros2_ws/install/turtlebot3_msgs/share/turtlebot3_msgs/hook/ld_library_path_lib.ps1'
[1.940s] INFO:colcon.colcon_core.shell:Creating environment descriptor '/home/ssfa/ros2_ws/install/turtlebot3_msgs/share/turtlebot3_msgs/hook/ld_library_path_lib.dsv'
[1.940s] INFO:colcon.colcon_core.shell:Creating environment hook '/home/ssfa/ros2_ws/install/turtlebot3_msgs/share/turtlebot3_msgs/hook/ld_library_path_lib.sh'
[1.941s] Level 1:colcon.colcon_core.environment:checking '/home/ssfa/ros2_ws/install/turtlebot3_msgs/bin'
[1.941s] Level 1:colcon.colcon_core.environment:checking '/home/ssfa/ros2_ws/install/turtlebot3_msgs/lib/pkgconfig/turtlebot3_msgs.pc'
[1.941s] Level 1:colcon.colcon_core.environment:checking '/home/ssfa/ros2_ws/install/turtlebot3_msgs/lib/python3.10/site-packages'
[1.941s] Level 1:colcon.colcon_core.environment:checking '/home/ssfa/ros2_ws/install/turtlebot3_msgs/bin'
[1.941s] INFO:colcon.colcon_core.shell:Creating package script '/home/ssfa/ros2_ws/install/turtlebot3_msgs/share/turtlebot3_msgs/package.ps1'
[1.942s] INFO:colcon.colcon_core.shell:Creating package descriptor '/home/ssfa/ros2_ws/install/turtlebot3_msgs/share/turtlebot3_msgs/package.dsv'
[1.942s] INFO:colcon.colcon_core.shell:Creating package script '/home/ssfa/ros2_ws/install/turtlebot3_msgs/share/turtlebot3_msgs/package.sh'
[1.943s] INFO:colcon.colcon_core.shell:Creating package script '/home/ssfa/ros2_ws/install/turtlebot3_msgs/share/turtlebot3_msgs/package.bash'
[1.943s] INFO:colcon.colcon_core.shell:Creating package script '/home/ssfa/ros2_ws/install/turtlebot3_msgs/share/turtlebot3_msgs/package.zsh'
[1.944s] Level 1:colcon.colcon_core.environment:create_file_with_runtime_dependencies(/home/ssfa/ros2_ws/install/turtlebot3_msgs/share/colcon-core/packages/turtlebot3_msgs)
[1.947s] DEBUG:colcon.colcon_core.event_handler.log_command:Invoking command in '/home/ssfa/ros2_ws/build/turtlebot3_bringup': CMAKE_PREFIX_PATH=/home/ssfa/ros2_ws/install/turtlebot3_description:/home/ssfa/ros2_ws/install/yolov8_bringup:/home/ssfa/ros2_ws/install/yolov8_msgs:/home/ssfa/ros2_ws/install/two_wheeled_robot:/home/ssfa/ros2_ws/install/turtlebot3:/home/ssfa/ros2_ws/install/turtlebot3_simulations:/home/ssfa/ros2_ws/install/turtlebot3_navigation2:/home/ssfa/ros2_ws/install/turtlebot3_msgs:/home/ssfa/ros2_ws/install/turtlebot3_gazebo:/home/ssfa/ros2_ws/install/turtlebot3_bringup:/home/ssfa/ros2_ws/install/turtlebot3_cartographer:/home/ssfa/ros2_ws/install/turtlebot3_as:/home/ssfa/ros2_ws/install/tiago_demo:/home/ssfa/ros2_ws/install/t3_action_msg:/home/ssfa/ros2_ws/install/dynamixel_sdk:/home/ssfa/ros2_ws/install/custom_interfaces:/home/ssfa/ros2_ws/install/yolov8_ros:/home/ssfa/ros2_ws/install/turtlebot3_teleop:/home/ssfa/ros2_ws/install/turtlebot3_example:/home/ssfa/ros2_ws/install/topic_exercise:/home/ssfa/ros2_ws/install/subscriber_pkg:/home/ssfa/ros2_ws/install/services_pkg:/home/ssfa/ros2_ws/install/publisher_pkg:/home/ssfa/ros2_ws/install/my_package:/home/ssfa/ros2_ws/install/movement_pkg:/home/ssfa/ros2_ws/install/exercise_pkg:/home/ssfa/ros2_ws/install/cv_basics:/home/ssfa/ros2_ws/install/custom_interface_example:/home/ssfa/ros2_ws/install/client_pkg:/opt/ros/humble /usr/bin/cmake --install /home/ssfa/ros2_ws/build/turtlebot3_bringup
[1.949s] Level 1:colcon.colcon_core.environment:create_environment_scripts_only(t3_action_msg)
[1.949s] Level 1:colcon.colcon_core.environment:checking '/home/ssfa/ros2_ws/install/t3_action_msg' for CMake module files
[1.950s] DEBUG:colcon.colcon_core.event_handler.log_command:Invoking command in '/home/ssfa/ros2_ws/build/my_package': PYTHONPATH=/home/ssfa/ros2_ws/build/my_package/prefix_override:/usr/lib/python3/dist-packages/colcon_core/task/python/colcon_distutils_commands:/home/ssfa/ros2_ws/install/my_package/lib/python3.10/site-packages:${PYTHONPATH} /usr/bin/python3 -W ignore:setup.py install is deprecated setup.py develop --editable --build-directory /home/ssfa/ros2_ws/build/my_package/build --no-deps symlink_data
[1.951s] Level 1:colcon.colcon_core.environment:checking '/home/ssfa/ros2_ws/install/t3_action_msg' for CMake config files
[1.951s] Level 1:colcon.colcon_core.shell:create_environment_hook('t3_action_msg', 'cmake_prefix_path')
[1.951s] INFO:colcon.colcon_core.shell:Creating environment hook '/home/ssfa/ros2_ws/install/t3_action_msg/share/t3_action_msg/hook/cmake_prefix_path.ps1'
[1.952s] INFO:colcon.colcon_core.shell:Creating environment descriptor '/home/ssfa/ros2_ws/install/t3_action_msg/share/t3_action_msg/hook/cmake_prefix_path.dsv'
[1.952s] INFO:colcon.colcon_core.shell:Creating environment hook '/home/ssfa/ros2_ws/install/t3_action_msg/share/t3_action_msg/hook/cmake_prefix_path.sh'
[1.953s] Level 1:colcon.colcon_core.environment:checking '/home/ssfa/ros2_ws/install/t3_action_msg/lib'
[1.953s] Level 1:colcon.colcon_core.shell:create_environment_hook('t3_action_msg', 'ld_library_path_lib')
[1.953s] INFO:colcon.colcon_core.shell:Creating environment hook '/home/ssfa/ros2_ws/install/t3_action_msg/share/t3_action_msg/hook/ld_library_path_lib.ps1'
[1.954s] INFO:colcon.colcon_core.shell:Creating environment descriptor '/home/ssfa/ros2_ws/install/t3_action_msg/share/t3_action_msg/hook/ld_library_path_lib.dsv'
[1.954s] INFO:colcon.colcon_core.shell:Creating environment hook '/home/ssfa/ros2_ws/install/t3_action_msg/share/t3_action_msg/hook/ld_library_path_lib.sh'
[1.954s] Level 1:colcon.colcon_core.environment:checking '/home/ssfa/ros2_ws/install/t3_action_msg/bin'
[1.954s] Level 1:colcon.colcon_core.environment:checking '/home/ssfa/ros2_ws/install/t3_action_msg/lib/pkgconfig/t3_action_msg.pc'
[1.955s] Level 1:colcon.colcon_core.environment:checking '/home/ssfa/ros2_ws/install/t3_action_msg/lib/python3.10/site-packages'
[1.955s] Level 1:colcon.colcon_core.environment:checking '/home/ssfa/ros2_ws/install/t3_action_msg/bin'
[1.955s] INFO:colcon.colcon_core.shell:Creating package script '/home/ssfa/ros2_ws/install/t3_action_msg/share/t3_action_msg/package.ps1'
[1.956s] INFO:colcon.colcon_core.shell:Creating package descriptor '/home/ssfa/ros2_ws/install/t3_action_msg/share/t3_action_msg/package.dsv'
[1.956s] INFO:colcon.colcon_core.shell:Creating package script '/home/ssfa/ros2_ws/install/t3_action_msg/share/t3_action_msg/package.sh'
[1.957s] INFO:colcon.colcon_core.shell:Creating package script '/home/ssfa/ros2_ws/install/t3_action_msg/share/t3_action_msg/package.bash'
[1.957s] INFO:colcon.colcon_core.shell:Creating package script '/home/ssfa/ros2_ws/install/t3_action_msg/share/t3_action_msg/package.zsh'
[1.957s] Level 1:colcon.colcon_core.environment:create_file_with_runtime_dependencies(/home/ssfa/ros2_ws/install/t3_action_msg/share/colcon-core/packages/t3_action_msg)
[1.958s] Level 1:colcon.colcon_core.environment:create_environment_scripts_only(custom_interfaces)
[1.958s] Level 1:colcon.colcon_core.environment:checking '/home/ssfa/ros2_ws/install/custom_interfaces' for CMake module files
[1.959s] Level 1:colcon.colcon_core.environment:checking '/home/ssfa/ros2_ws/install/custom_interfaces' for CMake config files
[1.960s] Level 1:colcon.colcon_core.shell:create_environment_hook('custom_interfaces', 'cmake_prefix_path')
[1.960s] INFO:colcon.colcon_core.shell:Creating environment hook '/home/ssfa/ros2_ws/install/custom_interfaces/share/custom_interfaces/hook/cmake_prefix_path.ps1'
[1.961s] INFO:colcon.colcon_core.shell:Creating environment descriptor '/home/ssfa/ros2_ws/install/custom_interfaces/share/custom_interfaces/hook/cmake_prefix_path.dsv'
[1.961s] INFO:colcon.colcon_core.shell:Creating environment hook '/home/ssfa/ros2_ws/install/custom_interfaces/share/custom_interfaces/hook/cmake_prefix_path.sh'
[1.962s] Level 1:colcon.colcon_core.environment:checking '/home/ssfa/ros2_ws/install/custom_interfaces/lib'
[1.962s] Level 1:colcon.colcon_core.shell:create_environment_hook('custom_interfaces', 'ld_library_path_lib')
[1.962s] INFO:colcon.colcon_core.shell:Creating environment hook '/home/ssfa/ros2_ws/install/custom_interfaces/share/custom_interfaces/hook/ld_library_path_lib.ps1'
[1.962s] INFO:colcon.colcon_core.shell:Creating environment descriptor '/home/ssfa/ros2_ws/install/custom_interfaces/share/custom_interfaces/hook/ld_library_path_lib.dsv'
[1.963s] INFO:colcon.colcon_core.shell:Creating environment hook '/home/ssfa/ros2_ws/install/custom_interfaces/share/custom_interfaces/hook/ld_library_path_lib.sh'
[1.963s] Level 1:colcon.colcon_core.environment:checking '/home/ssfa/ros2_ws/install/custom_interfaces/bin'
[1.963s] Level 1:colcon.colcon_core.environment:checking '/home/ssfa/ros2_ws/install/custom_interfaces/lib/pkgconfig/custom_interfaces.pc'
[1.963s] Level 1:colcon.colcon_core.environment:checking '/home/ssfa/ros2_ws/install/custom_interfaces/lib/python3.10/site-packages'
[1.964s] Level 1:colcon.colcon_core.environment:checking '/home/ssfa/ros2_ws/install/custom_interfaces/bin'
[1.964s] INFO:colcon.colcon_core.shell:Creating package script '/home/ssfa/ros2_ws/install/custom_interfaces/share/custom_interfaces/package.ps1'
[1.965s] INFO:colcon.colcon_core.shell:Creating package descriptor '/home/ssfa/ros2_ws/install/custom_interfaces/share/custom_interfaces/package.dsv'
[1.965s] INFO:colcon.colcon_core.shell:Creating package script '/home/ssfa/ros2_ws/install/custom_interfaces/share/custom_interfaces/package.sh'
[1.965s] INFO:colcon.colcon_core.shell:Creating package script '/home/ssfa/ros2_ws/install/custom_interfaces/share/custom_interfaces/package.bash'
[1.966s] INFO:colcon.colcon_core.shell:Creating package script '/home/ssfa/ros2_ws/install/custom_interfaces/share/custom_interfaces/package.zsh'
[1.966s] Level 1:colcon.colcon_core.environment:create_file_with_runtime_dependencies(/home/ssfa/ros2_ws/install/custom_interfaces/share/colcon-core/packages/custom_interfaces)
[1.969s] INFO:colcon.colcon_ros.task.ament_python.build:Building ROS package in '/home/ssfa/ros2_ws/src/shape_detector' with build type 'ament_python'
[1.970s] Level 1:colcon.colcon_core.shell:create_environment_hook('shape_detector', 'ament_prefix_path')
[1.970s] INFO:colcon.colcon_core.shell:Creating environment hook '/home/ssfa/ros2_ws/install/shape_detector/share/shape_detector/hook/ament_prefix_path.ps1'
[1.972s] DEBUG:colcon.colcon_core.event_handler.log_command:Invoking command in '/home/ssfa/ros2_ws/build/turtlebot3_gazebo': CMAKE_PREFIX_PATH=/home/ssfa/ros2_ws/install/turtlebot3_description:/home/ssfa/ros2_ws/install/yolov8_bringup:/home/ssfa/ros2_ws/install/yolov8_msgs:/home/ssfa/ros2_ws/install/two_wheeled_robot:/home/ssfa/ros2_ws/install/turtlebot3:/home/ssfa/ros2_ws/install/turtlebot3_simulations:/home/ssfa/ros2_ws/install/turtlebot3_navigation2:/home/ssfa/ros2_ws/install/turtlebot3_msgs:/home/ssfa/ros2_ws/install/turtlebot3_gazebo:/home/ssfa/ros2_ws/install/turtlebot3_bringup:/home/ssfa/ros2_ws/install/turtlebot3_cartographer:/home/ssfa/ros2_ws/install/turtlebot3_as:/home/ssfa/ros2_ws/install/tiago_demo:/home/ssfa/ros2_ws/install/t3_action_msg:/home/ssfa/ros2_ws/install/dynamixel_sdk:/home/ssfa/ros2_ws/install/custom_interfaces:/home/ssfa/ros2_ws/install/yolov8_ros:/home/ssfa/ros2_ws/install/turtlebot3_teleop:/home/ssfa/ros2_ws/install/turtlebot3_example:/home/ssfa/ros2_ws/install/topic_exercise:/home/ssfa/ros2_ws/install/subscriber_pkg:/home/ssfa/ros2_ws/install/services_pkg:/home/ssfa/ros2_ws/install/publisher_pkg:/home/ssfa/ros2_ws/install/my_package:/home/ssfa/ros2_ws/install/movement_pkg:/home/ssfa/ros2_ws/install/exercise_pkg:/home/ssfa/ros2_ws/install/cv_basics:/home/ssfa/ros2_ws/install/custom_interface_example:/home/ssfa/ros2_ws/install/client_pkg:/opt/ros/humble /usr/bin/cmake --install /home/ssfa/ros2_ws/build/turtlebot3_gazebo
[1.973s] INFO:colcon.colcon_core.shell:Creating environment descriptor '/home/ssfa/ros2_ws/install/shape_detector/share/shape_detector/hook/ament_prefix_path.dsv'
[1.974s] INFO:colcon.colcon_core.shell:Creating environment hook '/home/ssfa/ros2_ws/install/shape_detector/share/shape_detector/hook/ament_prefix_path.sh'
[1.974s] INFO:colcon.colcon_core.shell:Skip shell extension 'powershell' for command environment: Not usable outside of PowerShell
[1.975s] DEBUG:colcon.colcon_core.shell:Skip shell extension 'dsv' for command environment
[1.983s] INFO:colcon.colcon_ros.task.ament_python.build:Building ROS package in '/home/ssfa/ros2_ws/src/subscriber_pkg' with build type 'ament_python'
[1.983s] Level 1:colcon.colcon_core.shell:create_environment_hook('subscriber_pkg', 'ament_prefix_path')
[1.983s] INFO:colcon.colcon_core.shell:Creating environment hook '/home/ssfa/ros2_ws/install/subscriber_pkg/share/subscriber_pkg/hook/ament_prefix_path.ps1'
[1.984s] INFO:colcon.colcon_core.shell:Creating environment descriptor '/home/ssfa/ros2_ws/install/subscriber_pkg/share/subscriber_pkg/hook/ament_prefix_path.dsv'
[1.984s] INFO:colcon.colcon_core.shell:Creating environment hook '/home/ssfa/ros2_ws/install/subscriber_pkg/share/subscriber_pkg/hook/ament_prefix_path.sh'
[1.985s] INFO:colcon.colcon_core.shell:Skip shell extension 'powershell' for command environment: Not usable outside of PowerShell
[1.985s] DEBUG:colcon.colcon_core.shell:Skip shell extension 'dsv' for command environment
[1.999s] Level 1:colcon.colcon_core.environment:create_environment_scripts_only(turtlebot3_bringup)
[2.000s] Level 1:colcon.colcon_core.environment:checking '/home/ssfa/ros2_ws/install/turtlebot3_bringup' for CMake module files
[2.006s] Level 1:colcon.colcon_core.environment:checking '/home/ssfa/ros2_ws/install/turtlebot3_bringup' for CMake config files
[2.006s] DEBUG:colcon.colcon_core.event_handler.log_command:Invoked command in '/home/ssfa/ros2_ws/build/turtlebot3_bringup' returned '0': CMAKE_PREFIX_PATH=/home/ssfa/ros2_ws/install/turtlebot3_description:/home/ssfa/ros2_ws/install/yolov8_bringup:/home/ssfa/ros2_ws/install/yolov8_msgs:/home/ssfa/ros2_ws/install/two_wheeled_robot:/home/ssfa/ros2_ws/install/turtlebot3:/home/ssfa/ros2_ws/install/turtlebot3_simulations:/home/ssfa/ros2_ws/install/turtlebot3_navigation2:/home/ssfa/ros2_ws/install/turtlebot3_msgs:/home/ssfa/ros2_ws/install/turtlebot3_gazebo:/home/ssfa/ros2_ws/install/turtlebot3_bringup:/home/ssfa/ros2_ws/install/turtlebot3_cartographer:/home/ssfa/ros2_ws/install/turtlebot3_as:/home/ssfa/ros2_ws/install/tiago_demo:/home/ssfa/ros2_ws/install/t3_action_msg:/home/ssfa/ros2_ws/install/dynamixel_sdk:/home/ssfa/ros2_ws/install/custom_interfaces:/home/ssfa/ros2_ws/install/yolov8_ros:/home/ssfa/ros2_ws/install/turtlebot3_teleop:/home/ssfa/ros2_ws/install/turtlebot3_example:/home/ssfa/ros2_ws/install/topic_exercise:/home/ssfa/ros2_ws/install/subscriber_pkg:/home/ssfa/ros2_ws/install/services_pkg:/home/ssfa/ros2_ws/install/publisher_pkg:/home/ssfa/ros2_ws/install/my_package:/home/ssfa/ros2_ws/install/movement_pkg:/home/ssfa/ros2_ws/install/exercise_pkg:/home/ssfa/ros2_ws/install/cv_basics:/home/ssfa/ros2_ws/install/custom_interface_example:/home/ssfa/ros2_ws/install/client_pkg:/opt/ros/humble /usr/bin/cmake --install /home/ssfa/ros2_ws/build/turtlebot3_bringup
[2.008s] Level 1:colcon.colcon_core.shell:create_environment_hook('turtlebot3_bringup', 'cmake_prefix_path')
[2.008s] INFO:colcon.colcon_core.shell:Creating environment hook '/home/ssfa/ros2_ws/install/turtlebot3_bringup/share/turtlebot3_bringup/hook/cmake_prefix_path.ps1'
[2.008s] INFO:colcon.colcon_core.shell:Creating environment descriptor '/home/ssfa/ros2_ws/install/turtlebot3_bringup/share/turtlebot3_bringup/hook/cmake_prefix_path.dsv'
[2.010s] INFO:colcon.colcon_core.shell:Creating environment hook '/home/ssfa/ros2_ws/install/turtlebot3_bringup/share/turtlebot3_bringup/hook/cmake_prefix_path.sh'
[2.012s] Level 1:colcon.colcon_core.environment:checking '/home/ssfa/ros2_ws/install/turtlebot3_bringup/bin'
[2.012s] Level 1:colcon.colcon_core.environment:checking '/home/ssfa/ros2_ws/install/turtlebot3_bringup/lib/pkgconfig/turtlebot3_bringup.pc'
[2.012s] Level 1:colcon.colcon_core.environment:checking '/home/ssfa/ros2_ws/install/turtlebot3_bringup/lib/python3.10/site-packages'
[2.012s] Level 1:colcon.colcon_core.environment:checking '/home/ssfa/ros2_ws/install/turtlebot3_bringup/bin'
[2.012s] INFO:colcon.colcon_core.shell:Creating package script '/home/ssfa/ros2_ws/install/turtlebot3_bringup/share/turtlebot3_bringup/package.ps1'
[2.013s] INFO:colcon.colcon_core.shell:Creating package descriptor '/home/ssfa/ros2_ws/install/turtlebot3_bringup/share/turtlebot3_bringup/package.dsv'
[2.014s] INFO:colcon.colcon_core.shell:Creating package script '/home/ssfa/ros2_ws/install/turtlebot3_bringup/share/turtlebot3_bringup/package.sh'
[2.014s] INFO:colcon.colcon_core.shell:Creating package script '/home/ssfa/ros2_ws/install/turtlebot3_bringup/share/turtlebot3_bringup/package.bash'
[2.015s] INFO:colcon.colcon_core.shell:Creating package script '/home/ssfa/ros2_ws/install/turtlebot3_bringup/share/turtlebot3_bringup/package.zsh'
[2.016s] Level 1:colcon.colcon_core.environment:create_file_with_runtime_dependencies(/home/ssfa/ros2_ws/install/turtlebot3_bringup/share/colcon-core/packages/turtlebot3_bringup)
[2.226s] INFO:colcon.colcon_core.task.python.build:Building Python package in '/home/ssfa/ros2_ws/src/shape_detector'
[2.226s] INFO:colcon.colcon_core.shell:Skip shell extension 'powershell' for command environment: Not usable outside of PowerShell
[2.226s] DEBUG:colcon.colcon_core.shell:Skip shell extension 'dsv' for command environment
[2.396s] INFO:colcon.colcon_core.task.python.build:Building Python package in '/home/ssfa/ros2_ws/src/subscriber_pkg'
[2.396s] INFO:colcon.colcon_core.shell:Skip shell extension 'powershell' for command environment: Not usable outside of PowerShell
[2.396s] DEBUG:colcon.colcon_core.shell:Skip shell extension 'dsv' for command environment
[2.402s] Level 1:colcon.colcon_core.shell:create_environment_hook('client_pkg', 'pythonpath_develop')
[2.402s] INFO:colcon.colcon_core.shell:Creating environment hook '/home/ssfa/ros2_ws/build/client_pkg/share/client_pkg/hook/pythonpath_develop.ps1'
[2.402s] INFO:colcon.colcon_core.shell:Creating environment descriptor '/home/ssfa/ros2_ws/build/client_pkg/share/client_pkg/hook/pythonpath_develop.dsv'
[2.403s] INFO:colcon.colcon_core.shell:Creating environment hook '/home/ssfa/ros2_ws/build/client_pkg/share/client_pkg/hook/pythonpath_develop.sh'
[2.403s] DEBUG:colcon.colcon_core.event_handler.log_command:Invoked command in '/home/ssfa/ros2_ws/build/client_pkg' returned '0': PYTHONPATH=/home/ssfa/ros2_ws/build/client_pkg/prefix_override:/usr/lib/python3/dist-packages/colcon_core/task/python/colcon_distutils_commands:/home/ssfa/ros2_ws/install/client_pkg/lib/python3.10/site-packages:${PYTHONPATH} /usr/bin/python3 -W ignore:setup.py install is deprecated setup.py develop --editable --build-directory /home/ssfa/ros2_ws/build/client_pkg/build --no-deps symlink_data
[2.403s] Level 1:colcon.colcon_core.environment:checking '/home/ssfa/ros2_ws/install/client_pkg' for CMake module files
[2.404s] Level 1:colcon.colcon_core.environment:checking '/home/ssfa/ros2_ws/install/client_pkg' for CMake config files
[2.404s] Level 1:colcon.colcon_core.environment:checking '/home/ssfa/ros2_ws/install/client_pkg/lib'
[2.404s] Level 1:colcon.colcon_core.environment:checking '/home/ssfa/ros2_ws/install/client_pkg/bin'
[2.404s] Level 1:colcon.colcon_core.environment:checking '/home/ssfa/ros2_ws/install/client_pkg/lib/pkgconfig/client_pkg.pc'
[2.404s] Level 1:colcon.colcon_core.environment:checking '/home/ssfa/ros2_ws/install/client_pkg/lib/python3.10/site-packages'
[2.404s] Level 1:colcon.colcon_core.shell:create_environment_hook('client_pkg', 'pythonpath')
[2.404s] INFO:colcon.colcon_core.shell:Creating environment hook '/home/ssfa/ros2_ws/install/client_pkg/share/client_pkg/hook/pythonpath.ps1'
[2.405s] INFO:colcon.colcon_core.shell:Creating environment descriptor '/home/ssfa/ros2_ws/install/client_pkg/share/client_pkg/hook/pythonpath.dsv'
[2.405s] INFO:colcon.colcon_core.shell:Creating environment hook '/home/ssfa/ros2_ws/install/client_pkg/share/client_pkg/hook/pythonpath.sh'
[2.405s] Level 1:colcon.colcon_core.environment:checking '/home/ssfa/ros2_ws/install/client_pkg/bin'
[2.405s] Level 1:colcon.colcon_core.environment:create_environment_scripts_only(client_pkg)
[2.406s] INFO:colcon.colcon_core.shell:Creating package script '/home/ssfa/ros2_ws/install/client_pkg/share/client_pkg/package.ps1'
[2.406s] INFO:colcon.colcon_core.shell:Creating package descriptor '/home/ssfa/ros2_ws/install/client_pkg/share/client_pkg/package.dsv'
[2.406s] INFO:colcon.colcon_core.shell:Creating package script '/home/ssfa/ros2_ws/install/client_pkg/share/client_pkg/package.sh'
[2.407s] INFO:colcon.colcon_core.shell:Creating package script '/home/ssfa/ros2_ws/install/client_pkg/share/client_pkg/package.bash'
[2.407s] INFO:colcon.colcon_core.shell:Creating package script '/home/ssfa/ros2_ws/install/client_pkg/share/client_pkg/package.zsh'
[2.407s] Level 1:colcon.colcon_core.environment:create_file_with_runtime_dependencies(/home/ssfa/ros2_ws/install/client_pkg/share/colcon-core/packages/client_pkg)
[2.407s] Level 1:colcon.colcon_core.shell:create_environment_hook('exercise_pkg', 'pythonpath_develop')
[2.407s] INFO:colcon.colcon_core.shell:Creating environment hook '/home/ssfa/ros2_ws/build/exercise_pkg/share/exercise_pkg/hook/pythonpath_develop.ps1'
[2.408s] INFO:colcon.colcon_core.shell:Creating environment descriptor '/home/ssfa/ros2_ws/build/exercise_pkg/share/exercise_pkg/hook/pythonpath_develop.dsv'
[2.408s] INFO:colcon.colcon_core.shell:Creating environment hook '/home/ssfa/ros2_ws/build/exercise_pkg/share/exercise_pkg/hook/pythonpath_develop.sh'
[2.408s] DEBUG:colcon.colcon_core.event_handler.log_command:Invoked command in '/home/ssfa/ros2_ws/build/exercise_pkg' returned '0': PYTHONPATH=/home/ssfa/ros2_ws/build/exercise_pkg/prefix_override:/usr/lib/python3/dist-packages/colcon_core/task/python/colcon_distutils_commands:/home/ssfa/ros2_ws/install/exercise_pkg/lib/python3.10/site-packages:${PYTHONPATH} /usr/bin/python3 -W ignore:setup.py install is deprecated setup.py develop --editable --build-directory /home/ssfa/ros2_ws/build/exercise_pkg/build --no-deps symlink_data
[2.408s] Level 1:colcon.colcon_core.environment:checking '/home/ssfa/ros2_ws/install/exercise_pkg' for CMake module files
[2.409s] Level 1:colcon.colcon_core.environment:checking '/home/ssfa/ros2_ws/install/exercise_pkg' for CMake config files
[2.409s] Level 1:colcon.colcon_core.environment:checking '/home/ssfa/ros2_ws/install/exercise_pkg/lib'
[2.409s] Level 1:colcon.colcon_core.environment:checking '/home/ssfa/ros2_ws/install/exercise_pkg/bin'
[2.409s] Level 1:colcon.colcon_core.environment:checking '/home/ssfa/ros2_ws/install/exercise_pkg/lib/pkgconfig/exercise_pkg.pc'
[2.409s] Level 1:colcon.colcon_core.environment:checking '/home/ssfa/ros2_ws/install/exercise_pkg/lib/python3.10/site-packages'
[2.409s] Level 1:colcon.colcon_core.shell:create_environment_hook('exercise_pkg', 'pythonpath')
[2.409s] INFO:colcon.colcon_core.shell:Creating environment hook '/home/ssfa/ros2_ws/install/exercise_pkg/share/exercise_pkg/hook/pythonpath.ps1'
[2.410s] INFO:colcon.colcon_core.shell:Creating environment descriptor '/home/ssfa/ros2_ws/install/exercise_pkg/share/exercise_pkg/hook/pythonpath.dsv'
[2.410s] INFO:colcon.colcon_core.shell:Creating environment hook '/home/ssfa/ros2_ws/install/exercise_pkg/share/exercise_pkg/hook/pythonpath.sh'
[2.410s] Level 1:colcon.colcon_core.environment:checking '/home/ssfa/ros2_ws/install/exercise_pkg/bin'
[2.410s] Level 1:colcon.colcon_core.environment:create_environment_scripts_only(exercise_pkg)
[2.410s] INFO:colcon.colcon_core.shell:Creating package script '/home/ssfa/ros2_ws/install/exercise_pkg/share/exercise_pkg/package.ps1'
[2.411s] INFO:colcon.colcon_core.shell:Creating package descriptor '/home/ssfa/ros2_ws/install/exercise_pkg/share/exercise_pkg/package.dsv'
[2.411s] INFO:colcon.colcon_core.shell:Creating package script '/home/ssfa/ros2_ws/install/exercise_pkg/share/exercise_pkg/package.sh'
[2.411s] INFO:colcon.colcon_core.shell:Creating package script '/home/ssfa/ros2_ws/install/exercise_pkg/share/exercise_pkg/package.bash'
[2.411s] INFO:colcon.colcon_core.shell:Creating package script '/home/ssfa/ros2_ws/install/exercise_pkg/share/exercise_pkg/package.zsh'
[2.411s] Level 1:colcon.colcon_core.environment:create_file_with_runtime_dependencies(/home/ssfa/ros2_ws/install/exercise_pkg/share/colcon-core/packages/exercise_pkg)
[2.411s] Level 1:colcon.colcon_core.shell:create_environment_hook('turtlebot3_teleop', 'pythonpath_develop')
[2.412s] INFO:colcon.colcon_core.shell:Creating environment hook '/home/ssfa/ros2_ws/build/turtlebot3_teleop/share/turtlebot3_teleop/hook/pythonpath_develop.ps1'
[2.412s] INFO:colcon.colcon_core.shell:Creating environment descriptor '/home/ssfa/ros2_ws/build/turtlebot3_teleop/share/turtlebot3_teleop/hook/pythonpath_develop.dsv'
[2.412s] INFO:colcon.colcon_core.shell:Creating environment hook '/home/ssfa/ros2_ws/build/turtlebot3_teleop/share/turtlebot3_teleop/hook/pythonpath_develop.sh'
[2.413s] DEBUG:colcon.colcon_core.event_handler.log_command:Invoked command in '/home/ssfa/ros2_ws/build/turtlebot3_teleop' returned '0': PYTHONPATH=/home/ssfa/ros2_ws/build/turtlebot3_teleop/prefix_override:/usr/lib/python3/dist-packages/colcon_core/task/python/colcon_distutils_commands:/home/ssfa/ros2_ws/install/turtlebot3_teleop/lib/python3.10/site-packages:${PYTHONPATH} /usr/bin/python3 -W ignore:setup.py install is deprecated setup.py develop --editable --build-directory /home/ssfa/ros2_ws/build/turtlebot3_teleop/build --no-deps symlink_data
[2.413s] Level 1:colcon.colcon_core.environment:checking '/home/ssfa/ros2_ws/install/turtlebot3_teleop' for CMake module files
[2.413s] Level 1:colcon.colcon_core.environment:checking '/home/ssfa/ros2_ws/install/turtlebot3_teleop' for CMake config files
[2.413s] Level 1:colcon.colcon_core.environment:checking '/home/ssfa/ros2_ws/install/turtlebot3_teleop/lib'
[2.413s] Level 1:colcon.colcon_core.environment:checking '/home/ssfa/ros2_ws/install/turtlebot3_teleop/bin'
[2.413s] Level 1:colcon.colcon_core.environment:checking '/home/ssfa/ros2_ws/install/turtlebot3_teleop/lib/pkgconfig/turtlebot3_teleop.pc'
[2.414s] Level 1:colcon.colcon_core.environment:checking '/home/ssfa/ros2_ws/install/turtlebot3_teleop/lib/python3.10/site-packages'
[2.414s] Level 1:colcon.colcon_core.shell:create_environment_hook('turtlebot3_teleop', 'pythonpath')
[2.414s] INFO:colcon.colcon_core.shell:Creating environment hook '/home/ssfa/ros2_ws/install/turtlebot3_teleop/share/turtlebot3_teleop/hook/pythonpath.ps1'
[2.414s] INFO:colcon.colcon_core.shell:Creating environment descriptor '/home/ssfa/ros2_ws/install/turtlebot3_teleop/share/turtlebot3_teleop/hook/pythonpath.dsv'
[2.414s] INFO:colcon.colcon_core.shell:Creating environment hook '/home/ssfa/ros2_ws/install/turtlebot3_teleop/share/turtlebot3_teleop/hook/pythonpath.sh'
[2.414s] Level 1:colcon.colcon_core.environment:checking '/home/ssfa/ros2_ws/install/turtlebot3_teleop/bin'
[2.414s] Level 1:colcon.colcon_core.environment:create_environment_scripts_only(turtlebot3_teleop)
[2.415s] INFO:colcon.colcon_core.shell:Creating package script '/home/ssfa/ros2_ws/install/turtlebot3_teleop/share/turtlebot3_teleop/package.ps1'
[2.415s] INFO:colcon.colcon_core.shell:Creating package descriptor '/home/ssfa/ros2_ws/install/turtlebot3_teleop/share/turtlebot3_teleop/package.dsv'
[2.415s] INFO:colcon.colcon_core.shell:Creating package script '/home/ssfa/ros2_ws/install/turtlebot3_teleop/share/turtlebot3_teleop/package.sh'
[2.415s] INFO:colcon.colcon_core.shell:Creating package script '/home/ssfa/ros2_ws/install/turtlebot3_teleop/share/turtlebot3_teleop/package.bash'
[2.415s] INFO:colcon.colcon_core.shell:Creating package script '/home/ssfa/ros2_ws/install/turtlebot3_teleop/share/turtlebot3_teleop/package.zsh'
[2.416s] Level 1:colcon.colcon_core.environment:create_file_with_runtime_dependencies(/home/ssfa/ros2_ws/install/turtlebot3_teleop/share/colcon-core/packages/turtlebot3_teleop)
[2.416s] Level 1:colcon.colcon_core.environment:create_environment_scripts_only(turtlebot3_gazebo)
[2.416s] Level 1:colcon.colcon_core.environment:checking '/home/ssfa/ros2_ws/install/turtlebot3_gazebo' for CMake module files
[2.417s] Level 1:colcon.colcon_core.environment:checking '/home/ssfa/ros2_ws/install/turtlebot3_gazebo' for CMake config files
[2.417s] DEBUG:colcon.colcon_core.event_handler.log_command:Invoked command in '/home/ssfa/ros2_ws/build/turtlebot3_gazebo' returned '0': CMAKE_PREFIX_PATH=/home/ssfa/ros2_ws/install/turtlebot3_description:/home/ssfa/ros2_ws/install/yolov8_bringup:/home/ssfa/ros2_ws/install/yolov8_msgs:/home/ssfa/ros2_ws/install/two_wheeled_robot:/home/ssfa/ros2_ws/install/turtlebot3:/home/ssfa/ros2_ws/install/turtlebot3_simulations:/home/ssfa/ros2_ws/install/turtlebot3_navigation2:/home/ssfa/ros2_ws/install/turtlebot3_msgs:/home/ssfa/ros2_ws/install/turtlebot3_gazebo:/home/ssfa/ros2_ws/install/turtlebot3_bringup:/home/ssfa/ros2_ws/install/turtlebot3_cartographer:/home/ssfa/ros2_ws/install/turtlebot3_as:/home/ssfa/ros2_ws/install/tiago_demo:/home/ssfa/ros2_ws/install/t3_action_msg:/home/ssfa/ros2_ws/install/dynamixel_sdk:/home/ssfa/ros2_ws/install/custom_interfaces:/home/ssfa/ros2_ws/install/yolov8_ros:/home/ssfa/ros2_ws/install/turtlebot3_teleop:/home/ssfa/ros2_ws/install/turtlebot3_example:/home/ssfa/ros2_ws/install/topic_exercise:/home/ssfa/ros2_ws/install/subscriber_pkg:/home/ssfa/ros2_ws/install/services_pkg:/home/ssfa/ros2_ws/install/publisher_pkg:/home/ssfa/ros2_ws/install/my_package:/home/ssfa/ros2_ws/install/movement_pkg:/home/ssfa/ros2_ws/install/exercise_pkg:/home/ssfa/ros2_ws/install/cv_basics:/home/ssfa/ros2_ws/install/custom_interface_example:/home/ssfa/ros2_ws/install/client_pkg:/opt/ros/humble /usr/bin/cmake --install /home/ssfa/ros2_ws/build/turtlebot3_gazebo
[2.418s] Level 1:colcon.colcon_core.shell:create_environment_hook('turtlebot3_gazebo', 'cmake_prefix_path')
[2.418s] INFO:colcon.colcon_core.shell:Creating environment hook '/home/ssfa/ros2_ws/install/turtlebot3_gazebo/share/turtlebot3_gazebo/hook/cmake_prefix_path.ps1'
[2.419s] INFO:colcon.colcon_core.shell:Creating environment descriptor '/home/ssfa/ros2_ws/install/turtlebot3_gazebo/share/turtlebot3_gazebo/hook/cmake_prefix_path.dsv'
[2.419s] INFO:colcon.colcon_core.shell:Creating environment hook '/home/ssfa/ros2_ws/install/turtlebot3_gazebo/share/turtlebot3_gazebo/hook/cmake_prefix_path.sh'
[2.419s] Level 1:colcon.colcon_core.environment:checking '/home/ssfa/ros2_ws/install/turtlebot3_gazebo/bin'
[2.419s] Level 1:colcon.colcon_core.environment:checking '/home/ssfa/ros2_ws/install/turtlebot3_gazebo/lib/pkgconfig/turtlebot3_gazebo.pc'
[2.420s] Level 1:colcon.colcon_core.environment:checking '/home/ssfa/ros2_ws/install/turtlebot3_gazebo/lib/python3.10/site-packages'
[2.420s] Level 1:colcon.colcon_core.environment:checking '/home/ssfa/ros2_ws/install/turtlebot3_gazebo/bin'
[2.420s] INFO:colcon.colcon_core.shell:Creating package script '/home/ssfa/ros2_ws/install/turtlebot3_gazebo/share/turtlebot3_gazebo/package.ps1'
[2.420s] INFO:colcon.colcon_core.shell:Creating package descriptor '/home/ssfa/ros2_ws/install/turtlebot3_gazebo/share/turtlebot3_gazebo/package.dsv'
[2.420s] INFO:colcon.colcon_core.shell:Creating package script '/home/ssfa/ros2_ws/install/turtlebot3_gazebo/share/turtlebot3_gazebo/package.sh'
[2.421s] INFO:colcon.colcon_core.shell:Creating package script '/home/ssfa/ros2_ws/install/turtlebot3_gazebo/share/turtlebot3_gazebo/package.bash'
[2.421s] INFO:colcon.colcon_core.shell:Creating package script '/home/ssfa/ros2_ws/install/turtlebot3_gazebo/share/turtlebot3_gazebo/package.zsh'
[2.421s] Level 1:colcon.colcon_core.environment:create_file_with_runtime_dependencies(/home/ssfa/ros2_ws/install/turtlebot3_gazebo/share/colcon-core/packages/turtlebot3_gazebo)
[2.422s] Level 1:colcon.colcon_core.shell:create_environment_hook('cv_basics', 'pythonpath_develop')
[2.422s] INFO:colcon.colcon_core.shell:Creating environment hook '/home/ssfa/ros2_ws/build/cv_basics/share/cv_basics/hook/pythonpath_develop.ps1'
[2.422s] DEBUG:colcon.colcon_core.event_handler.log_command:Invoked command in '/home/ssfa/ros2_ws/build/cv_basics' returned '0': PYTHONPATH=/home/ssfa/ros2_ws/build/cv_basics/prefix_override:/usr/lib/python3/dist-packages/colcon_core/task/python/colcon_distutils_commands:/home/ssfa/ros2_ws/install/cv_basics/lib/python3.10/site-packages:${PYTHONPATH} /usr/bin/python3 -W ignore:setup.py install is deprecated setup.py develop --editable --build-directory /home/ssfa/ros2_ws/build/cv_basics/build --no-deps symlink_data
[2.422s] INFO:colcon.colcon_core.shell:Creating environment descriptor '/home/ssfa/ros2_ws/build/cv_basics/share/cv_basics/hook/pythonpath_develop.dsv'
[2.422s] INFO:colcon.colcon_core.shell:Creating environment hook '/home/ssfa/ros2_ws/build/cv_basics/share/cv_basics/hook/pythonpath_develop.sh'
[2.423s] Level 1:colcon.colcon_core.environment:checking '/home/ssfa/ros2_ws/install/cv_basics' for CMake module files
[2.423s] Level 1:colcon.colcon_core.environment:checking '/home/ssfa/ros2_ws/install/cv_basics' for CMake config files
[2.423s] Level 1:colcon.colcon_core.environment:checking '/home/ssfa/ros2_ws/install/cv_basics/lib'
[2.423s] Level 1:colcon.colcon_core.environment:checking '/home/ssfa/ros2_ws/install/cv_basics/bin'
[2.423s] Level 1:colcon.colcon_core.environment:checking '/home/ssfa/ros2_ws/install/cv_basics/lib/pkgconfig/cv_basics.pc'
[2.424s] Level 1:colcon.colcon_core.environment:checking '/home/ssfa/ros2_ws/install/cv_basics/lib/python3.10/site-packages'
[2.424s] Level 1:colcon.colcon_core.shell:create_environment_hook('cv_basics', 'pythonpath')
[2.424s] INFO:colcon.colcon_core.shell:Creating environment hook '/home/ssfa/ros2_ws/install/cv_basics/share/cv_basics/hook/pythonpath.ps1'
[2.424s] INFO:colcon.colcon_core.shell:Creating environment descriptor '/home/ssfa/ros2_ws/install/cv_basics/share/cv_basics/hook/pythonpath.dsv'
[2.424s] INFO:colcon.colcon_core.shell:Creating environment hook '/home/ssfa/ros2_ws/install/cv_basics/share/cv_basics/hook/pythonpath.sh'
[2.424s] Level 1:colcon.colcon_core.environment:checking '/home/ssfa/ros2_ws/install/cv_basics/bin'
[2.424s] Level 1:colcon.colcon_core.environment:create_environment_scripts_only(cv_basics)
[2.425s] INFO:colcon.colcon_core.shell:Creating package script '/home/ssfa/ros2_ws/install/cv_basics/share/cv_basics/package.ps1'
[2.425s] INFO:colcon.colcon_core.shell:Creating package descriptor '/home/ssfa/ros2_ws/install/cv_basics/share/cv_basics/package.dsv'
[2.425s] INFO:colcon.colcon_core.shell:Creating package script '/home/ssfa/ros2_ws/install/cv_basics/share/cv_basics/package.sh'
[2.426s] INFO:colcon.colcon_core.shell:Creating package script '/home/ssfa/ros2_ws/install/cv_basics/share/cv_basics/package.bash'
[2.426s] INFO:colcon.colcon_core.shell:Creating package script '/home/ssfa/ros2_ws/install/cv_basics/share/cv_basics/package.zsh'
[2.426s] Level 1:colcon.colcon_core.environment:create_file_with_runtime_dependencies(/home/ssfa/ros2_ws/install/cv_basics/share/colcon-core/packages/cv_basics)
[2.426s] Level 1:colcon.colcon_core.environment:create_environment_scripts_only(turtlebot3_msgs)
[2.427s] Level 1:colcon.colcon_core.environment:checking '/home/ssfa/ros2_ws/install/turtlebot3_msgs' for CMake module files
[2.427s] Level 1:colcon.colcon_core.environment:checking '/home/ssfa/ros2_ws/install/turtlebot3_msgs' for CMake config files
[2.428s] Level 1:colcon.colcon_core.shell:create_environment_hook('turtlebot3_msgs', 'cmake_prefix_path')
[2.428s] INFO:colcon.colcon_core.shell:Creating environment hook '/home/ssfa/ros2_ws/install/turtlebot3_msgs/share/turtlebot3_msgs/hook/cmake_prefix_path.ps1'
[2.428s] INFO:colcon.colcon_core.shell:Creating environment descriptor '/home/ssfa/ros2_ws/install/turtlebot3_msgs/share/turtlebot3_msgs/hook/cmake_prefix_path.dsv'
[2.428s] INFO:colcon.colcon_core.shell:Creating environment hook '/home/ssfa/ros2_ws/install/turtlebot3_msgs/share/turtlebot3_msgs/hook/cmake_prefix_path.sh'
[2.428s] Level 1:colcon.colcon_core.environment:checking '/home/ssfa/ros2_ws/install/turtlebot3_msgs/lib'
[2.429s] Level 1:colcon.colcon_core.shell:create_environment_hook('turtlebot3_msgs', 'ld_library_path_lib')
[2.429s] INFO:colcon.colcon_core.shell:Creating environment hook '/home/ssfa/ros2_ws/install/turtlebot3_msgs/share/turtlebot3_msgs/hook/ld_library_path_lib.ps1'
[2.429s] INFO:colcon.colcon_core.shell:Creating environment descriptor '/home/ssfa/ros2_ws/install/turtlebot3_msgs/share/turtlebot3_msgs/hook/ld_library_path_lib.dsv'
[2.429s] INFO:colcon.colcon_core.shell:Creating environment hook '/home/ssfa/ros2_ws/install/turtlebot3_msgs/share/turtlebot3_msgs/hook/ld_library_path_lib.sh'
[2.429s] Level 1:colcon.colcon_core.environment:checking '/home/ssfa/ros2_ws/install/turtlebot3_msgs/bin'
[2.429s] Level 1:colcon.colcon_core.environment:checking '/home/ssfa/ros2_ws/install/turtlebot3_msgs/lib/pkgconfig/turtlebot3_msgs.pc'
[2.429s] Level 1:colcon.colcon_core.environment:checking '/home/ssfa/ros2_ws/install/turtlebot3_msgs/lib/python3.10/site-packages'
[2.430s] Level 1:colcon.colcon_core.environment:checking '/home/ssfa/ros2_ws/install/turtlebot3_msgs/bin'
[2.430s] INFO:colcon.colcon_core.shell:Creating package script '/home/ssfa/ros2_ws/install/turtlebot3_msgs/share/turtlebot3_msgs/package.ps1'
[2.430s] INFO:colcon.colcon_core.shell:Creating package descriptor '/home/ssfa/ros2_ws/install/turtlebot3_msgs/share/turtlebot3_msgs/package.dsv'
[2.430s] INFO:colcon.colcon_core.shell:Creating package script '/home/ssfa/ros2_ws/install/turtlebot3_msgs/share/turtlebot3_msgs/package.sh'
[2.431s] INFO:colcon.colcon_core.shell:Creating package script '/home/ssfa/ros2_ws/install/turtlebot3_msgs/share/turtlebot3_msgs/package.bash'
[2.431s] INFO:colcon.colcon_core.shell:Creating package script '/home/ssfa/ros2_ws/install/turtlebot3_msgs/share/turtlebot3_msgs/package.zsh'
[2.431s] Level 1:colcon.colcon_core.environment:create_file_with_runtime_dependencies(/home/ssfa/ros2_ws/install/turtlebot3_msgs/share/colcon-core/packages/turtlebot3_msgs)
[2.431s] Level 1:colcon.colcon_core.environment:create_environment_scripts_only(turtlebot3_bringup)
[2.431s] Level 1:colcon.colcon_core.environment:checking '/home/ssfa/ros2_ws/install/turtlebot3_bringup' for CMake module files
[2.432s] Level 1:colcon.colcon_core.environment:checking '/home/ssfa/ros2_ws/install/turtlebot3_bringup' for CMake config files
[2.432s] Level 1:colcon.colcon_core.shell:create_environment_hook('turtlebot3_bringup', 'cmake_prefix_path')
[2.432s] INFO:colcon.colcon_core.shell:Creating environment hook '/home/ssfa/ros2_ws/install/turtlebot3_bringup/share/turtlebot3_bringup/hook/cmake_prefix_path.ps1'
[2.433s] INFO:colcon.colcon_core.shell:Creating environment descriptor '/home/ssfa/ros2_ws/install/turtlebot3_bringup/share/turtlebot3_bringup/hook/cmake_prefix_path.dsv'
[2.433s] INFO:colcon.colcon_core.shell:Creating environment hook '/home/ssfa/ros2_ws/install/turtlebot3_bringup/share/turtlebot3_bringup/hook/cmake_prefix_path.sh'
[2.433s] Level 1:colcon.colcon_core.environment:checking '/home/ssfa/ros2_ws/install/turtlebot3_bringup/bin'
[2.433s] Level 1:colcon.colcon_core.environment:checking '/home/ssfa/ros2_ws/install/turtlebot3_bringup/lib/pkgconfig/turtlebot3_bringup.pc'
[2.433s] Level 1:colcon.colcon_core.environment:checking '/home/ssfa/ros2_ws/install/turtlebot3_bringup/lib/python3.10/site-packages'
[2.433s] Level 1:colcon.colcon_core.environment:checking '/home/ssfa/ros2_ws/install/turtlebot3_bringup/bin'
[2.434s] INFO:colcon.colcon_core.shell:Creating package script '/home/ssfa/ros2_ws/install/turtlebot3_bringup/share/turtlebot3_bringup/package.ps1'
[2.434s] INFO:colcon.colcon_core.shell:Creating package descriptor '/home/ssfa/ros2_ws/install/turtlebot3_bringup/share/turtlebot3_bringup/package.dsv'
[2.434s] INFO:colcon.colcon_core.shell:Creating package script '/home/ssfa/ros2_ws/install/turtlebot3_bringup/share/turtlebot3_bringup/package.sh'
[2.434s] INFO:colcon.colcon_core.shell:Creating package script '/home/ssfa/ros2_ws/install/turtlebot3_bringup/share/turtlebot3_bringup/package.bash'
[2.435s] INFO:colcon.colcon_core.shell:Creating package script '/home/ssfa/ros2_ws/install/turtlebot3_bringup/share/turtlebot3_bringup/package.zsh'
[2.435s] Level 1:colcon.colcon_core.environment:create_file_with_runtime_dependencies(/home/ssfa/ros2_ws/install/turtlebot3_bringup/share/colcon-core/packages/turtlebot3_bringup)
[2.437s] DEBUG:colcon.colcon_core.event_handler.log_command:Invoking command in '/home/ssfa/ros2_ws/build/publisher_pkg': PYTHONPATH=/home/ssfa/ros2_ws/build/publisher_pkg/prefix_override:/usr/lib/python3/dist-packages/colcon_core/task/python/colcon_distutils_commands:/home/ssfa/ros2_ws/install/publisher_pkg/lib/python3.10/site-packages:${PYTHONPATH} /usr/bin/python3 -W ignore:setup.py install is deprecated setup.py develop --editable --build-directory /home/ssfa/ros2_ws/build/publisher_pkg/build --no-deps symlink_data
[2.437s] DEBUG:colcon.colcon_core.task.python.build:While undoing a previous installation files outside the Python library path are being ignored: /home/ssfa/ros2_ws/install/services_pkg/share/ament_index/resource_index/packages/services_pkg
[2.437s] DEBUG:colcon.colcon_core.task.python.build:While undoing a previous installation files outside the Python library path are being ignored: /home/ssfa/ros2_ws/install/services_pkg/share/services_pkg/package.xml
[2.437s] DEBUG:colcon.colcon_core.task.python.build:While undoing a previous installation files outside the Python library path are being ignored: /home/ssfa/ros2_ws/install/services_pkg/share/services_pkg/server_stop.launch.py
[2.437s] DEBUG:colcon.colcon_core.task.python.build:While undoing a previous installation files outside the Python library path are being ignored: /home/ssfa/ros2_ws/install/services_pkg/share/services_pkg/server_moving.launch.py
[2.437s] DEBUG:colcon.colcon_core.task.python.build:While undoing a previous installation files outside the Python library path are being ignored: /home/ssfa/ros2_ws/install/services_pkg/lib/services_pkg/service
[2.437s] DEBUG:colcon.colcon_core.task.python.build:While undoing a previous installation files outside the Python library path are being ignored: /home/ssfa/ros2_ws/install/services_pkg/lib/services_pkg/service2
[2.437s] DEBUG:colcon.colcon_core.task.python.build:While undoing a previous installation files outside the Python library path are being ignored: /home/ssfa/ros2_ws/install/services_pkg/lib/services_pkg/service_client
[2.439s] INFO:colcon.colcon_ros.task.ament_python.build:Building ROS package in '/home/ssfa/ros2_ws/src/t3/turtlebot3/turtlebot3/turtlebot3_example' with build type 'ament_python'
[2.439s] Level 1:colcon.colcon_core.shell:create_environment_hook('turtlebot3_example', 'ament_prefix_path')
[2.439s] INFO:colcon.colcon_core.shell:Creating environment hook '/home/ssfa/ros2_ws/install/turtlebot3_example/share/turtlebot3_example/hook/ament_prefix_path.ps1'
[2.440s] INFO:colcon.colcon_core.shell:Creating environment descriptor '/home/ssfa/ros2_ws/install/turtlebot3_example/share/turtlebot3_example/hook/ament_prefix_path.dsv'
[2.440s] DEBUG:colcon.colcon_core.event_handler.log_command:Invoking command in '/home/ssfa/ros2_ws/build/services_pkg': PYTHONPATH=/home/ssfa/ros2_ws/build/services_pkg/prefix_override:/usr/lib/python3/dist-packages/colcon_core/task/python/colcon_distutils_commands:/home/ssfa/ros2_ws/install/services_pkg/lib/python3.10/site-packages:${PYTHONPATH} /usr/bin/python3 -W ignore:setup.py install is deprecated setup.py develop --editable --build-directory /home/ssfa/ros2_ws/build/services_pkg/build --no-deps symlink_data --force
[2.440s] INFO:colcon.colcon_core.shell:Creating environment hook '/home/ssfa/ros2_ws/install/turtlebot3_example/share/turtlebot3_example/hook/ament_prefix_path.sh'
[2.441s] INFO:colcon.colcon_core.shell:Skip shell extension 'powershell' for command environment: Not usable outside of PowerShell
[2.441s] DEBUG:colcon.colcon_core.shell:Skip shell extension 'dsv' for command environment
[2.446s] INFO:colcon.colcon_ros.task.ament_cmake.build:Building ROS package in '/home/ssfa/ros2_ws/src/tiago_demo' with build type 'ament_cmake'
[2.446s] INFO:colcon.colcon_cmake.task.cmake.build:Building CMake package in '/home/ssfa/ros2_ws/src/tiago_demo'
[2.446s] INFO:colcon.colcon_core.shell:Skip shell extension 'powershell' for command environment: Not usable outside of PowerShell
[2.446s] DEBUG:colcon.colcon_core.shell:Skip shell extension 'dsv' for command environment
[2.452s] INFO:colcon.colcon_ros.task.ament_python.build:Building ROS package in '/home/ssfa/ros2_ws/src/topic_exercise' with build type 'ament_python'
[2.452s] Level 1:colcon.colcon_core.shell:create_environment_hook('topic_exercise', 'ament_prefix_path')
[2.452s] INFO:colcon.colcon_core.shell:Creating environment hook '/home/ssfa/ros2_ws/install/topic_exercise/share/topic_exercise/hook/ament_prefix_path.ps1'
[2.453s] INFO:colcon.colcon_core.shell:Creating environment descriptor '/home/ssfa/ros2_ws/install/topic_exercise/share/topic_exercise/hook/ament_prefix_path.dsv'
[2.453s] INFO:colcon.colcon_core.shell:Creating environment hook '/home/ssfa/ros2_ws/install/topic_exercise/share/topic_exercise/hook/ament_prefix_path.sh'
[2.453s] INFO:colcon.colcon_core.shell:Skip shell extension 'powershell' for command environment: Not usable outside of PowerShell
[2.453s] DEBUG:colcon.colcon_core.shell:Skip shell extension 'dsv' for command environment
[2.457s] INFO:colcon.colcon_ros.task.ament_cmake.build:Building ROS package in '/home/ssfa/ros2_ws/src/two_wheeled_robot' with build type 'ament_cmake'
[2.457s] INFO:colcon.colcon_cmake.task.cmake.build:Building CMake package in '/home/ssfa/ros2_ws/src/two_wheeled_robot'
[2.457s] INFO:colcon.colcon_core.shell:Skip shell extension 'powershell' for command environment: Not usable outside of PowerShell
[2.457s] DEBUG:colcon.colcon_core.shell:Skip shell extension 'dsv' for command environment
[2.460s] INFO:colcon.colcon_ros.task.ament_python.build:Building ROS package in '/home/ssfa/ros2_ws/src/custom_interface_example' with build type 'ament_python'
[2.460s] Level 1:colcon.colcon_core.shell:create_environment_hook('custom_interface_example', 'ament_prefix_path')
[2.460s] INFO:colcon.colcon_core.shell:Creating environment hook '/home/ssfa/ros2_ws/install/custom_interface_example/share/custom_interface_example/hook/ament_prefix_path.ps1'
[2.461s] INFO:colcon.colcon_core.shell:Creating environment descriptor '/home/ssfa/ros2_ws/install/custom_interface_example/share/custom_interface_example/hook/ament_prefix_path.dsv'
[2.461s] INFO:colcon.colcon_core.shell:Creating environment hook '/home/ssfa/ros2_ws/install/custom_interface_example/share/custom_interface_example/hook/ament_prefix_path.sh'
[2.461s] INFO:colcon.colcon_core.shell:Skip shell extension 'powershell' for command environment: Not usable outside of PowerShell
[2.461s] DEBUG:colcon.colcon_core.shell:Skip shell extension 'dsv' for command environment
[2.464s] INFO:colcon.colcon_ros.task.ament_python.build:Building ROS package in '/home/ssfa/ros2_ws/src/movement_pkg' with build type 'ament_python'
[2.464s] Level 1:colcon.colcon_core.shell:create_environment_hook('movement_pkg', 'ament_prefix_path')
[2.464s] INFO:colcon.colcon_core.shell:Creating environment hook '/home/ssfa/ros2_ws/install/movement_pkg/share/movement_pkg/hook/ament_prefix_path.ps1'
[2.464s] INFO:colcon.colcon_core.shell:Creating environment descriptor '/home/ssfa/ros2_ws/install/movement_pkg/share/movement_pkg/hook/ament_prefix_path.dsv'
[2.464s] INFO:colcon.colcon_core.shell:Creating environment hook '/home/ssfa/ros2_ws/install/movement_pkg/share/movement_pkg/hook/ament_prefix_path.sh'
[2.465s] INFO:colcon.colcon_core.shell:Skip shell extension 'powershell' for command environment: Not usable outside of PowerShell
[2.465s] DEBUG:colcon.colcon_core.shell:Skip shell extension 'dsv' for command environment
[2.474s] Level 1:colcon.colcon_core.shell:create_environment_hook('my_package', 'pythonpath_develop')
[2.475s] INFO:colcon.colcon_core.shell:Creating environment hook '/home/ssfa/ros2_ws/build/my_package/share/my_package/hook/pythonpath_develop.ps1'
[2.475s] DEBUG:colcon.colcon_core.event_handler.log_command:Invoked command in '/home/ssfa/ros2_ws/build/my_package' returned '0': PYTHONPATH=/home/ssfa/ros2_ws/build/my_package/prefix_override:/usr/lib/python3/dist-packages/colcon_core/task/python/colcon_distutils_commands:/home/ssfa/ros2_ws/install/my_package/lib/python3.10/site-packages:${PYTHONPATH} /usr/bin/python3 -W ignore:setup.py install is deprecated setup.py develop --editable --build-directory /home/ssfa/ros2_ws/build/my_package/build --no-deps symlink_data
[2.475s] INFO:colcon.colcon_core.shell:Creating environment descriptor '/home/ssfa/ros2_ws/build/my_package/share/my_package/hook/pythonpath_develop.dsv'
[2.475s] INFO:colcon.colcon_core.shell:Creating environment hook '/home/ssfa/ros2_ws/build/my_package/share/my_package/hook/pythonpath_develop.sh'
[2.476s] Level 1:colcon.colcon_core.environment:checking '/home/ssfa/ros2_ws/install/my_package' for CMake module files
[2.476s] Level 1:colcon.colcon_core.environment:checking '/home/ssfa/ros2_ws/install/my_package' for CMake config files
[2.476s] Level 1:colcon.colcon_core.environment:checking '/home/ssfa/ros2_ws/install/my_package/lib'
[2.476s] Level 1:colcon.colcon_core.environment:checking '/home/ssfa/ros2_ws/install/my_package/bin'
[2.477s] Level 1:colcon.colcon_core.environment:checking '/home/ssfa/ros2_ws/install/my_package/lib/pkgconfig/my_package.pc'
[2.477s] Level 1:colcon.colcon_core.environment:checking '/home/ssfa/ros2_ws/install/my_package/lib/python3.10/site-packages'
[2.477s] Level 1:colcon.colcon_core.shell:create_environment_hook('my_package', 'pythonpath')
[2.477s] INFO:colcon.colcon_core.shell:Creating environment hook '/home/ssfa/ros2_ws/install/my_package/share/my_package/hook/pythonpath.ps1'
[2.477s] INFO:colcon.colcon_core.shell:Creating environment descriptor '/home/ssfa/ros2_ws/install/my_package/share/my_package/hook/pythonpath.dsv'
[2.477s] INFO:colcon.colcon_core.shell:Creating environment hook '/home/ssfa/ros2_ws/install/my_package/share/my_package/hook/pythonpath.sh'
[2.478s] Level 1:colcon.colcon_core.environment:checking '/home/ssfa/ros2_ws/install/my_package/bin'
[2.478s] Level 1:colcon.colcon_core.environment:create_environment_scripts_only(my_package)
[2.478s] INFO:colcon.colcon_core.shell:Creating package script '/home/ssfa/ros2_ws/install/my_package/share/my_package/package.ps1'
[2.478s] INFO:colcon.colcon_core.shell:Creating package descriptor '/home/ssfa/ros2_ws/install/my_package/share/my_package/package.dsv'
[2.479s] INFO:colcon.colcon_core.shell:Creating package script '/home/ssfa/ros2_ws/install/my_package/share/my_package/package.sh'
[2.479s] INFO:colcon.colcon_core.shell:Creating package script '/home/ssfa/ros2_ws/install/my_package/share/my_package/package.bash'
[2.479s] INFO:colcon.colcon_core.shell:Creating package script '/home/ssfa/ros2_ws/install/my_package/share/my_package/package.zsh'
[2.479s] Level 1:colcon.colcon_core.environment:create_file_with_runtime_dependencies(/home/ssfa/ros2_ws/install/my_package/share/colcon-core/packages/my_package)
[2.479s] Level 1:colcon.colcon_core.environment:create_environment_scripts_only(turtlebot3_gazebo)
[2.480s] Level 1:colcon.colcon_core.environment:checking '/home/ssfa/ros2_ws/install/turtlebot3_gazebo' for CMake module files
[2.480s] Level 1:colcon.colcon_core.environment:checking '/home/ssfa/ros2_ws/install/turtlebot3_gazebo' for CMake config files
[2.482s] Level 1:colcon.colcon_core.shell:create_environment_hook('turtlebot3_gazebo', 'cmake_prefix_path')
[2.482s] INFO:colcon.colcon_core.shell:Creating environment hook '/home/ssfa/ros2_ws/install/turtlebot3_gazebo/share/turtlebot3_gazebo/hook/cmake_prefix_path.ps1'
[2.483s] INFO:colcon.colcon_core.shell:Creating environment descriptor '/home/ssfa/ros2_ws/install/turtlebot3_gazebo/share/turtlebot3_gazebo/hook/cmake_prefix_path.dsv'
[2.483s] INFO:colcon.colcon_core.shell:Creating environment hook '/home/ssfa/ros2_ws/install/turtlebot3_gazebo/share/turtlebot3_gazebo/hook/cmake_prefix_path.sh'
[2.483s] Level 1:colcon.colcon_core.environment:checking '/home/ssfa/ros2_ws/install/turtlebot3_gazebo/bin'
[2.483s] Level 1:colcon.colcon_core.environment:checking '/home/ssfa/ros2_ws/install/turtlebot3_gazebo/lib/pkgconfig/turtlebot3_gazebo.pc'
[2.483s] Level 1:colcon.colcon_core.environment:checking '/home/ssfa/ros2_ws/install/turtlebot3_gazebo/lib/python3.10/site-packages'
[2.483s] Level 1:colcon.colcon_core.environment:checking '/home/ssfa/ros2_ws/install/turtlebot3_gazebo/bin'
[2.484s] INFO:colcon.colcon_core.shell:Creating package script '/home/ssfa/ros2_ws/install/turtlebot3_gazebo/share/turtlebot3_gazebo/package.ps1'
[2.484s] INFO:colcon.colcon_core.shell:Creating package descriptor '/home/ssfa/ros2_ws/install/turtlebot3_gazebo/share/turtlebot3_gazebo/package.dsv'
[2.484s] INFO:colcon.colcon_core.shell:Creating package script '/home/ssfa/ros2_ws/install/turtlebot3_gazebo/share/turtlebot3_gazebo/package.sh'
[2.484s] INFO:colcon.colcon_core.shell:Creating package script '/home/ssfa/ros2_ws/install/turtlebot3_gazebo/share/turtlebot3_gazebo/package.bash'
[2.485s] INFO:colcon.colcon_core.shell:Creating package script '/home/ssfa/ros2_ws/install/turtlebot3_gazebo/share/turtlebot3_gazebo/package.zsh'
[2.485s] Level 1:colcon.colcon_core.environment:create_file_with_runtime_dependencies(/home/ssfa/ros2_ws/install/turtlebot3_gazebo/share/colcon-core/packages/turtlebot3_gazebo)
[2.485s] INFO:colcon.colcon_ros.task.ament_cmake.build:Building ROS package in '/home/ssfa/ros2_ws/src/t3/turtlebot3_as' with build type 'ament_cmake'
[2.485s] INFO:colcon.colcon_cmake.task.cmake.build:Building CMake package in '/home/ssfa/ros2_ws/src/t3/turtlebot3_as'
[2.486s] INFO:colcon.colcon_core.shell:Skip shell extension 'powershell' for command environment: Not usable outside of PowerShell
[2.486s] DEBUG:colcon.colcon_core.shell:Skip shell extension 'dsv' for command environment
[2.489s] INFO:colcon.colcon_ros.task.ament_cmake.build:Building ROS package in '/home/ssfa/ros2_ws/src/t3/turtlebot3_simulations/turtlebot3_simulations' with build type 'ament_cmake'
[2.489s] INFO:colcon.colcon_cmake.task.cmake.build:Building CMake package in '/home/ssfa/ros2_ws/src/t3/turtlebot3_simulations/turtlebot3_simulations'
[2.489s] INFO:colcon.colcon_core.shell:Skip shell extension 'powershell' for command environment: Not usable outside of PowerShell
[2.489s] DEBUG:colcon.colcon_core.shell:Skip shell extension 'dsv' for command environment
[2.666s] INFO:colcon.colcon_core.task.python.build:Building Python package in '/home/ssfa/ros2_ws/src/t3/turtlebot3/turtlebot3/turtlebot3_example'
[2.667s] INFO:colcon.colcon_core.shell:Skip shell extension 'powershell' for command environment: Not usable outside of PowerShell
[2.667s] DEBUG:colcon.colcon_core.shell:Skip shell extension 'dsv' for command environment
[2.680s] DEBUG:colcon.colcon_core.event_handler.log_command:Invoking command in '/home/ssfa/ros2_ws/build/tiago_demo': CMAKE_PREFIX_PATH=${CMAKE_PREFIX_PATH}:/home/ssfa/ros2_ws/install/yolov8_ros:/home/ssfa/ros2_ws/install/turtlebot3_teleop:/home/ssfa/ros2_ws/install/turtlebot3_example:/home/ssfa/ros2_ws/install/topic_exercise:/home/ssfa/ros2_ws/install/subscriber_pkg:/home/ssfa/ros2_ws/install/services_pkg:/home/ssfa/ros2_ws/install/publisher_pkg:/home/ssfa/ros2_ws/install/my_package:/home/ssfa/ros2_ws/install/movement_pkg:/home/ssfa/ros2_ws/install/exercise_pkg:/home/ssfa/ros2_ws/install/cv_basics:/home/ssfa/ros2_ws/install/custom_interface_example:/home/ssfa/ros2_ws/install/client_pkg:/opt/ros/humble /usr/bin/cmake /home/ssfa/ros2_ws/src/tiago_demo -DAMENT_CMAKE_SYMLINK_INSTALL=1 -DCMAKE_INSTALL_PREFIX=/home/ssfa/ros2_ws/install/tiago_demo
[2.889s] INFO:colcon.colcon_core.task.python.build:Building Python package in '/home/ssfa/ros2_ws/src/topic_exercise'
[2.889s] INFO:colcon.colcon_core.shell:Skip shell extension 'powershell' for command environment: Not usable outside of PowerShell
[2.889s] DEBUG:colcon.colcon_core.shell:Skip shell extension 'dsv' for command environment
[2.896s] DEBUG:colcon.colcon_core.event_handler.log_command:Invoking command in '/home/ssfa/ros2_ws/build/two_wheeled_robot': CMAKE_PREFIX_PATH=${CMAKE_PREFIX_PATH}:/home/ssfa/ros2_ws/install/yolov8_ros:/home/ssfa/ros2_ws/install/turtlebot3_teleop:/home/ssfa/ros2_ws/install/turtlebot3_example:/home/ssfa/ros2_ws/install/topic_exercise:/home/ssfa/ros2_ws/install/subscriber_pkg:/home/ssfa/ros2_ws/install/services_pkg:/home/ssfa/ros2_ws/install/publisher_pkg:/home/ssfa/ros2_ws/install/my_package:/home/ssfa/ros2_ws/install/movement_pkg:/home/ssfa/ros2_ws/install/exercise_pkg:/home/ssfa/ros2_ws/install/cv_basics:/home/ssfa/ros2_ws/install/custom_interface_example:/home/ssfa/ros2_ws/install/client_pkg:/opt/ros/humble /usr/bin/cmake /home/ssfa/ros2_ws/src/two_wheeled_robot -DAMENT_CMAKE_SYMLINK_INSTALL=1 -DCMAKE_INSTALL_PREFIX=/home/ssfa/ros2_ws/install/two_wheeled_robot
[3.063s] INFO:colcon.colcon_core.task.python.build:Building Python package in '/home/ssfa/ros2_ws/src/custom_interface_example'
[3.064s] INFO:colcon.colcon_core.shell:Skip shell extension 'powershell' for command environment: Not usable outside of PowerShell
[3.064s] DEBUG:colcon.colcon_core.shell:Skip shell extension 'dsv' for command environment
[3.235s] INFO:colcon.colcon_core.task.python.build:Building Python package in '/home/ssfa/ros2_ws/src/movement_pkg'
[3.235s] INFO:colcon.colcon_core.shell:Skip shell extension 'powershell' for command environment: Not usable outside of PowerShell
[3.235s] DEBUG:colcon.colcon_core.shell:Skip shell extension 'dsv' for command environment
[3.241s] Level 1:colcon.colcon_core.shell:create_environment_hook('publisher_pkg', 'pythonpath_develop')
[3.241s] INFO:colcon.colcon_core.shell:Creating environment hook '/home/ssfa/ros2_ws/build/publisher_pkg/share/publisher_pkg/hook/pythonpath_develop.ps1'
[3.242s] DEBUG:colcon.colcon_core.event_handler.log_command:Invoked command in '/home/ssfa/ros2_ws/build/publisher_pkg' returned '0': PYTHONPATH=/home/ssfa/ros2_ws/build/publisher_pkg/prefix_override:/usr/lib/python3/dist-packages/colcon_core/task/python/colcon_distutils_commands:/home/ssfa/ros2_ws/install/publisher_pkg/lib/python3.10/site-packages:${PYTHONPATH} /usr/bin/python3 -W ignore:setup.py install is deprecated setup.py develop --editable --build-directory /home/ssfa/ros2_ws/build/publisher_pkg/build --no-deps symlink_data
[3.242s] INFO:colcon.colcon_core.shell:Creating environment descriptor '/home/ssfa/ros2_ws/build/publisher_pkg/share/publisher_pkg/hook/pythonpath_develop.dsv'
[3.242s] INFO:colcon.colcon_core.shell:Creating environment hook '/home/ssfa/ros2_ws/build/publisher_pkg/share/publisher_pkg/hook/pythonpath_develop.sh'
[3.242s] Level 1:colcon.colcon_core.environment:checking '/home/ssfa/ros2_ws/install/publisher_pkg' for CMake module files
[3.243s] Level 1:colcon.colcon_core.environment:checking '/home/ssfa/ros2_ws/install/publisher_pkg' for CMake config files
[3.243s] Level 1:colcon.colcon_core.environment:checking '/home/ssfa/ros2_ws/install/publisher_pkg/lib'
[3.243s] Level 1:colcon.colcon_core.environment:checking '/home/ssfa/ros2_ws/install/publisher_pkg/bin'
[3.243s] Level 1:colcon.colcon_core.environment:checking '/home/ssfa/ros2_ws/install/publisher_pkg/lib/pkgconfig/publisher_pkg.pc'
[3.243s] Level 1:colcon.colcon_core.environment:checking '/home/ssfa/ros2_ws/install/publisher_pkg/lib/python3.10/site-packages'
[3.243s] Level 1:colcon.colcon_core.shell:create_environment_hook('publisher_pkg', 'pythonpath')
[3.243s] INFO:colcon.colcon_core.shell:Creating environment hook '/home/ssfa/ros2_ws/install/publisher_pkg/share/publisher_pkg/hook/pythonpath.ps1'
[3.243s] INFO:colcon.colcon_core.shell:Creating environment descriptor '/home/ssfa/ros2_ws/install/publisher_pkg/share/publisher_pkg/hook/pythonpath.dsv'
[3.244s] INFO:colcon.colcon_core.shell:Creating environment hook '/home/ssfa/ros2_ws/install/publisher_pkg/share/publisher_pkg/hook/pythonpath.sh'
[3.244s] Level 1:colcon.colcon_core.environment:checking '/home/ssfa/ros2_ws/install/publisher_pkg/bin'
[3.244s] Level 1:colcon.colcon_core.environment:create_environment_scripts_only(publisher_pkg)
[3.244s] INFO:colcon.colcon_core.shell:Creating package script '/home/ssfa/ros2_ws/install/publisher_pkg/share/publisher_pkg/package.ps1'
[3.245s] INFO:colcon.colcon_core.shell:Creating package descriptor '/home/ssfa/ros2_ws/install/publisher_pkg/share/publisher_pkg/package.dsv'
[3.245s] INFO:colcon.colcon_core.shell:Creating package script '/home/ssfa/ros2_ws/install/publisher_pkg/share/publisher_pkg/package.sh'
[3.245s] INFO:colcon.colcon_core.shell:Creating package script '/home/ssfa/ros2_ws/install/publisher_pkg/share/publisher_pkg/package.bash'
[3.245s] INFO:colcon.colcon_core.shell:Creating package script '/home/ssfa/ros2_ws/install/publisher_pkg/share/publisher_pkg/package.zsh'
[3.245s] Level 1:colcon.colcon_core.environment:create_file_with_runtime_dependencies(/home/ssfa/ros2_ws/install/publisher_pkg/share/colcon-core/packages/publisher_pkg)
[3.245s] Level 1:colcon.colcon_core.shell:create_environment_hook('services_pkg', 'pythonpath_develop')
[3.245s] INFO:colcon.colcon_core.shell:Creating environment hook '/home/ssfa/ros2_ws/build/services_pkg/share/services_pkg/hook/pythonpath_develop.ps1'
[3.246s] INFO:colcon.colcon_core.shell:Creating environment descriptor '/home/ssfa/ros2_ws/build/services_pkg/share/services_pkg/hook/pythonpath_develop.dsv'
[3.246s] DEBUG:colcon.colcon_core.event_handler.log_command:Invoked command in '/home/ssfa/ros2_ws/build/services_pkg' returned '0': PYTHONPATH=/home/ssfa/ros2_ws/build/services_pkg/prefix_override:/usr/lib/python3/dist-packages/colcon_core/task/python/colcon_distutils_commands:/home/ssfa/ros2_ws/install/services_pkg/lib/python3.10/site-packages:${PYTHONPATH} /usr/bin/python3 -W ignore:setup.py install is deprecated setup.py develop --editable --build-directory /home/ssfa/ros2_ws/build/services_pkg/build --no-deps symlink_data --force
[3.246s] INFO:colcon.colcon_core.shell:Creating environment hook '/home/ssfa/ros2_ws/build/services_pkg/share/services_pkg/hook/pythonpath_develop.sh'
[3.247s] Level 1:colcon.colcon_core.environment:checking '/home/ssfa/ros2_ws/install/services_pkg' for CMake module files
[3.247s] Level 1:colcon.colcon_core.environment:checking '/home/ssfa/ros2_ws/install/services_pkg' for CMake config files
[3.247s] Level 1:colcon.colcon_core.environment:checking '/home/ssfa/ros2_ws/install/services_pkg/lib'
[3.247s] Level 1:colcon.colcon_core.environment:checking '/home/ssfa/ros2_ws/install/services_pkg/bin'
[3.247s] Level 1:colcon.colcon_core.environment:checking '/home/ssfa/ros2_ws/install/services_pkg/lib/pkgconfig/services_pkg.pc'
[3.247s] Level 1:colcon.colcon_core.environment:checking '/home/ssfa/ros2_ws/install/services_pkg/lib/python3.10/site-packages'
[3.247s] Level 1:colcon.colcon_core.shell:create_environment_hook('services_pkg', 'pythonpath')
[3.247s] INFO:colcon.colcon_core.shell:Creating environment hook '/home/ssfa/ros2_ws/install/services_pkg/share/services_pkg/hook/pythonpath.ps1'
[3.248s] INFO:colcon.colcon_core.shell:Creating environment descriptor '/home/ssfa/ros2_ws/install/services_pkg/share/services_pkg/hook/pythonpath.dsv'
[3.248s] INFO:colcon.colcon_core.shell:Creating environment hook '/home/ssfa/ros2_ws/install/services_pkg/share/services_pkg/hook/pythonpath.sh'
[3.248s] Level 1:colcon.colcon_core.environment:checking '/home/ssfa/ros2_ws/install/services_pkg/bin'
[3.248s] Level 1:colcon.colcon_core.environment:create_environment_scripts_only(services_pkg)
[3.248s] INFO:colcon.colcon_core.shell:Creating package script '/home/ssfa/ros2_ws/install/services_pkg/share/services_pkg/package.ps1'
[3.249s] INFO:colcon.colcon_core.shell:Creating package descriptor '/home/ssfa/ros2_ws/install/services_pkg/share/services_pkg/package.dsv'
[3.249s] INFO:colcon.colcon_core.shell:Creating package script '/home/ssfa/ros2_ws/install/services_pkg/share/services_pkg/package.sh'
[3.249s] INFO:colcon.colcon_core.shell:Creating package script '/home/ssfa/ros2_ws/install/services_pkg/share/services_pkg/package.bash'
[3.249s] INFO:colcon.colcon_core.shell:Creating package script '/home/ssfa/ros2_ws/install/services_pkg/share/services_pkg/package.zsh'
[3.249s] Level 1:colcon.colcon_core.environment:create_file_with_runtime_dependencies(/home/ssfa/ros2_ws/install/services_pkg/share/colcon-core/packages/services_pkg)
[3.251s] DEBUG:colcon.colcon_core.event_handler.log_command:Invoked command in '/home/ssfa/ros2_ws/build/tiago_demo' returned '0': CMAKE_PREFIX_PATH=${CMAKE_PREFIX_PATH}:/home/ssfa/ros2_ws/install/yolov8_ros:/home/ssfa/ros2_ws/install/turtlebot3_teleop:/home/ssfa/ros2_ws/install/turtlebot3_example:/home/ssfa/ros2_ws/install/topic_exercise:/home/ssfa/ros2_ws/install/subscriber_pkg:/home/ssfa/ros2_ws/install/services_pkg:/home/ssfa/ros2_ws/install/publisher_pkg:/home/ssfa/ros2_ws/install/my_package:/home/ssfa/ros2_ws/install/movement_pkg:/home/ssfa/ros2_ws/install/exercise_pkg:/home/ssfa/ros2_ws/install/cv_basics:/home/ssfa/ros2_ws/install/custom_interface_example:/home/ssfa/ros2_ws/install/client_pkg:/opt/ros/humble /usr/bin/cmake /home/ssfa/ros2_ws/src/tiago_demo -DAMENT_CMAKE_SYMLINK_INSTALL=1 -DCMAKE_INSTALL_PREFIX=/home/ssfa/ros2_ws/install/tiago_demo
[3.251s] DEBUG:colcon.colcon_core.event_handler.log_command:Invoking command in '/home/ssfa/ros2_ws/build/tiago_demo': CMAKE_PREFIX_PATH=${CMAKE_PREFIX_PATH}:/home/ssfa/ros2_ws/install/yolov8_ros:/home/ssfa/ros2_ws/install/turtlebot3_teleop:/home/ssfa/ros2_ws/install/turtlebot3_example:/home/ssfa/ros2_ws/install/topic_exercise:/home/ssfa/ros2_ws/install/subscriber_pkg:/home/ssfa/ros2_ws/install/services_pkg:/home/ssfa/ros2_ws/install/publisher_pkg:/home/ssfa/ros2_ws/install/my_package:/home/ssfa/ros2_ws/install/movement_pkg:/home/ssfa/ros2_ws/install/exercise_pkg:/home/ssfa/ros2_ws/install/cv_basics:/home/ssfa/ros2_ws/install/custom_interface_example:/home/ssfa/ros2_ws/install/client_pkg:/opt/ros/humble /usr/bin/cmake --build /home/ssfa/ros2_ws/build/tiago_demo -- -j12 -l12
[3.251s] DEBUG:colcon.colcon_core.task.python.build:While undoing a previous installation files outside the Python library path are being ignored: /home/ssfa/ros2_ws/install/subscriber_pkg/share/ament_index/resource_index/packages/subscriber_pkg
[3.251s] DEBUG:colcon.colcon_core.task.python.build:While undoing a previous installation files outside the Python library path are being ignored: /home/ssfa/ros2_ws/install/subscriber_pkg/share/subscriber_pkg/package.xml
[3.251s] DEBUG:colcon.colcon_core.task.python.build:While undoing a previous installation files outside the Python library path are being ignored: /home/ssfa/ros2_ws/install/subscriber_pkg/share/subscriber_pkg/subscriber_pkg_launch_file.launch.py
[3.251s] DEBUG:colcon.colcon_core.task.python.build:While undoing a previous installation files outside the Python library path are being ignored: /home/ssfa/ros2_ws/install/subscriber_pkg/lib/subscriber_pkg/simple_subscriber
[3.253s] DEBUG:colcon.colcon_core.event_handler.log_command:Invoking command in '/home/ssfa/ros2_ws/build/subscriber_pkg': PYTHONPATH=/home/ssfa/ros2_ws/build/subscriber_pkg/prefix_override:/usr/lib/python3/dist-packages/colcon_core/task/python/colcon_distutils_commands:/home/ssfa/ros2_ws/install/subscriber_pkg/lib/python3.10/site-packages:${PYTHONPATH} /usr/bin/python3 -W ignore:setup.py install is deprecated setup.py develop --editable --build-directory /home/ssfa/ros2_ws/build/subscriber_pkg/build --no-deps symlink_data --force
[3.255s] DEBUG:colcon.colcon_core.event_handler.log_command:Invoking command in '/home/ssfa/ros2_ws/build/shape_detector': PYTHONPATH=/home/ssfa/ros2_ws/build/shape_detector/prefix_override:/usr/lib/python3/dist-packages/colcon_core/task/python/colcon_distutils_commands:/home/ssfa/ros2_ws/install/shape_detector/lib/python3.10/site-packages:${PYTHONPATH} /usr/bin/python3 -W ignore:setup.py install is deprecated setup.py develop --editable --build-directory /home/ssfa/ros2_ws/build/shape_detector/build --no-deps symlink_data
[3.259s] DEBUG:colcon.colcon_core.event_handler.log_command:Invoking command in '/home/ssfa/ros2_ws/build/turtlebot3_as': CMAKE_PREFIX_PATH=/home/ssfa/ros2_ws/install/t3_action_msg:/home/ssfa/ros2_ws/install/yolov8_bringup:/home/ssfa/ros2_ws/install/yolov8_msgs:/home/ssfa/ros2_ws/install/two_wheeled_robot:/home/ssfa/ros2_ws/install/turtlebot3:/home/ssfa/ros2_ws/install/turtlebot3_simulations:/home/ssfa/ros2_ws/install/turtlebot3_navigation2:/home/ssfa/ros2_ws/install/turtlebot3_msgs:/home/ssfa/ros2_ws/install/turtlebot3_gazebo:/home/ssfa/ros2_ws/install/turtlebot3_bringup:/home/ssfa/ros2_ws/install/turtlebot3_description:/home/ssfa/ros2_ws/install/turtlebot3_cartographer:/home/ssfa/ros2_ws/install/turtlebot3_as:/home/ssfa/ros2_ws/install/tiago_demo:/home/ssfa/ros2_ws/install/dynamixel_sdk:/home/ssfa/ros2_ws/install/custom_interfaces:/home/ssfa/ros2_ws/install/yolov8_ros:/home/ssfa/ros2_ws/install/turtlebot3_teleop:/home/ssfa/ros2_ws/install/turtlebot3_example:/home/ssfa/ros2_ws/install/topic_exercise:/home/ssfa/ros2_ws/install/subscriber_pkg:/home/ssfa/ros2_ws/install/services_pkg:/home/ssfa/ros2_ws/install/publisher_pkg:/home/ssfa/ros2_ws/install/my_package:/home/ssfa/ros2_ws/install/movement_pkg:/home/ssfa/ros2_ws/install/exercise_pkg:/home/ssfa/ros2_ws/install/cv_basics:/home/ssfa/ros2_ws/install/custom_interface_example:/home/ssfa/ros2_ws/install/client_pkg:/opt/ros/humble LD_LIBRARY_PATH=/home/ssfa/ros2_ws/install/t3_action_msg/lib:/home/ssfa/ros2_ws/install/yolov8_msgs/lib:/home/ssfa/ros2_ws/install/turtlebot3_msgs/lib:/home/ssfa/ros2_ws/install/dynamixel_sdk/lib:/home/ssfa/ros2_ws/install/custom_interfaces/lib:/usr/lib/x86_64-linux-gnu/gazebo-11/plugins:/opt/ros/humble/opt/rviz_ogre_vendor/lib:/opt/ros/humble/lib/x86_64-linux-gnu:/opt/ros/humble/lib /usr/bin/cmake /home/ssfa/ros2_ws/src/t3/turtlebot3_as -DAMENT_CMAKE_SYMLINK_INSTALL=1 -DCMAKE_INSTALL_PREFIX=/home/ssfa/ros2_ws/install/turtlebot3_as
[3.263s] DEBUG:colcon.colcon_core.event_handler.log_command:Invoking command in '/home/ssfa/ros2_ws/build/turtlebot3_simulations': CMAKE_PREFIX_PATH=/home/ssfa/ros2_ws/install/turtlebot3_gazebo:/home/ssfa/ros2_ws/install/turtlebot3_description:/home/ssfa/ros2_ws/install/yolov8_bringup:/home/ssfa/ros2_ws/install/yolov8_msgs:/home/ssfa/ros2_ws/install/two_wheeled_robot:/home/ssfa/ros2_ws/install/turtlebot3:/home/ssfa/ros2_ws/install/turtlebot3_simulations:/home/ssfa/ros2_ws/install/turtlebot3_navigation2:/home/ssfa/ros2_ws/install/turtlebot3_msgs:/home/ssfa/ros2_ws/install/turtlebot3_bringup:/home/ssfa/ros2_ws/install/turtlebot3_cartographer:/home/ssfa/ros2_ws/install/turtlebot3_as:/home/ssfa/ros2_ws/install/tiago_demo:/home/ssfa/ros2_ws/install/t3_action_msg:/home/ssfa/ros2_ws/install/dynamixel_sdk:/home/ssfa/ros2_ws/install/custom_interfaces:/home/ssfa/ros2_ws/install/yolov8_ros:/home/ssfa/ros2_ws/install/turtlebot3_teleop:/home/ssfa/ros2_ws/install/turtlebot3_example:/home/ssfa/ros2_ws/install/topic_exercise:/home/ssfa/ros2_ws/install/subscriber_pkg:/home/ssfa/ros2_ws/install/services_pkg:/home/ssfa/ros2_ws/install/publisher_pkg:/home/ssfa/ros2_ws/install/my_package:/home/ssfa/ros2_ws/install/movement_pkg:/home/ssfa/ros2_ws/install/exercise_pkg:/home/ssfa/ros2_ws/install/cv_basics:/home/ssfa/ros2_ws/install/custom_interface_example:/home/ssfa/ros2_ws/install/client_pkg:/opt/ros/humble /usr/bin/cmake /home/ssfa/ros2_ws/src/t3/turtlebot3_simulations/turtlebot3_simulations -DAMENT_CMAKE_SYMLINK_INSTALL=1 -DCMAKE_INSTALL_PREFIX=/home/ssfa/ros2_ws/install/turtlebot3_simulations
[3.286s] DEBUG:colcon.colcon_core.event_handler.log_command:Invoked command in '/home/ssfa/ros2_ws/build/tiago_demo' returned '0': CMAKE_PREFIX_PATH=${CMAKE_PREFIX_PATH}:/home/ssfa/ros2_ws/install/yolov8_ros:/home/ssfa/ros2_ws/install/turtlebot3_teleop:/home/ssfa/ros2_ws/install/turtlebot3_example:/home/ssfa/ros2_ws/install/topic_exercise:/home/ssfa/ros2_ws/install/subscriber_pkg:/home/ssfa/ros2_ws/install/services_pkg:/home/ssfa/ros2_ws/install/publisher_pkg:/home/ssfa/ros2_ws/install/my_package:/home/ssfa/ros2_ws/install/movement_pkg:/home/ssfa/ros2_ws/install/exercise_pkg:/home/ssfa/ros2_ws/install/cv_basics:/home/ssfa/ros2_ws/install/custom_interface_example:/home/ssfa/ros2_ws/install/client_pkg:/opt/ros/humble /usr/bin/cmake --build /home/ssfa/ros2_ws/build/tiago_demo -- -j12 -l12
[3.309s] DEBUG:colcon.colcon_core.event_handler.log_command:Invoking command in '/home/ssfa/ros2_ws/build/tiago_demo': CMAKE_PREFIX_PATH=${CMAKE_PREFIX_PATH}:/home/ssfa/ros2_ws/install/yolov8_ros:/home/ssfa/ros2_ws/install/turtlebot3_teleop:/home/ssfa/ros2_ws/install/turtlebot3_example:/home/ssfa/ros2_ws/install/topic_exercise:/home/ssfa/ros2_ws/install/subscriber_pkg:/home/ssfa/ros2_ws/install/services_pkg:/home/ssfa/ros2_ws/install/publisher_pkg:/home/ssfa/ros2_ws/install/my_package:/home/ssfa/ros2_ws/install/movement_pkg:/home/ssfa/ros2_ws/install/exercise_pkg:/home/ssfa/ros2_ws/install/cv_basics:/home/ssfa/ros2_ws/install/custom_interface_example:/home/ssfa/ros2_ws/install/client_pkg:/opt/ros/humble /usr/bin/cmake --install /home/ssfa/ros2_ws/build/tiago_demo
[3.567s] DEBUG:colcon.colcon_core.event_handler.log_command:Invoked command in '/home/ssfa/ros2_ws/build/turtlebot3_simulations' returned '0': CMAKE_PREFIX_PATH=/home/ssfa/ros2_ws/install/turtlebot3_gazebo:/home/ssfa/ros2_ws/install/turtlebot3_description:/home/ssfa/ros2_ws/install/yolov8_bringup:/home/ssfa/ros2_ws/install/yolov8_msgs:/home/ssfa/ros2_ws/install/two_wheeled_robot:/home/ssfa/ros2_ws/install/turtlebot3:/home/ssfa/ros2_ws/install/turtlebot3_simulations:/home/ssfa/ros2_ws/install/turtlebot3_navigation2:/home/ssfa/ros2_ws/install/turtlebot3_msgs:/home/ssfa/ros2_ws/install/turtlebot3_bringup:/home/ssfa/ros2_ws/install/turtlebot3_cartographer:/home/ssfa/ros2_ws/install/turtlebot3_as:/home/ssfa/ros2_ws/install/tiago_demo:/home/ssfa/ros2_ws/install/t3_action_msg:/home/ssfa/ros2_ws/install/dynamixel_sdk:/home/ssfa/ros2_ws/install/custom_interfaces:/home/ssfa/ros2_ws/install/yolov8_ros:/home/ssfa/ros2_ws/install/turtlebot3_teleop:/home/ssfa/ros2_ws/install/turtlebot3_example:/home/ssfa/ros2_ws/install/topic_exercise:/home/ssfa/ros2_ws/install/subscriber_pkg:/home/ssfa/ros2_ws/install/services_pkg:/home/ssfa/ros2_ws/install/publisher_pkg:/home/ssfa/ros2_ws/install/my_package:/home/ssfa/ros2_ws/install/movement_pkg:/home/ssfa/ros2_ws/install/exercise_pkg:/home/ssfa/ros2_ws/install/cv_basics:/home/ssfa/ros2_ws/install/custom_interface_example:/home/ssfa/ros2_ws/install/client_pkg:/opt/ros/humble /usr/bin/cmake /home/ssfa/ros2_ws/src/t3/turtlebot3_simulations/turtlebot3_simulations -DAMENT_CMAKE_SYMLINK_INSTALL=1 -DCMAKE_INSTALL_PREFIX=/home/ssfa/ros2_ws/install/turtlebot3_simulations
[3.568s] DEBUG:colcon.colcon_core.event_handler.log_command:Invoking command in '/home/ssfa/ros2_ws/build/turtlebot3_simulations': CMAKE_PREFIX_PATH=/home/ssfa/ros2_ws/install/turtlebot3_gazebo:/home/ssfa/ros2_ws/install/turtlebot3_description:/home/ssfa/ros2_ws/install/yolov8_bringup:/home/ssfa/ros2_ws/install/yolov8_msgs:/home/ssfa/ros2_ws/install/two_wheeled_robot:/home/ssfa/ros2_ws/install/turtlebot3:/home/ssfa/ros2_ws/install/turtlebot3_simulations:/home/ssfa/ros2_ws/install/turtlebot3_navigation2:/home/ssfa/ros2_ws/install/turtlebot3_msgs:/home/ssfa/ros2_ws/install/turtlebot3_bringup:/home/ssfa/ros2_ws/install/turtlebot3_cartographer:/home/ssfa/ros2_ws/install/turtlebot3_as:/home/ssfa/ros2_ws/install/tiago_demo:/home/ssfa/ros2_ws/install/t3_action_msg:/home/ssfa/ros2_ws/install/dynamixel_sdk:/home/ssfa/ros2_ws/install/custom_interfaces:/home/ssfa/ros2_ws/install/yolov8_ros:/home/ssfa/ros2_ws/install/turtlebot3_teleop:/home/ssfa/ros2_ws/install/turtlebot3_example:/home/ssfa/ros2_ws/install/topic_exercise:/home/ssfa/ros2_ws/install/subscriber_pkg:/home/ssfa/ros2_ws/install/services_pkg:/home/ssfa/ros2_ws/install/publisher_pkg:/home/ssfa/ros2_ws/install/my_package:/home/ssfa/ros2_ws/install/movement_pkg:/home/ssfa/ros2_ws/install/exercise_pkg:/home/ssfa/ros2_ws/install/cv_basics:/home/ssfa/ros2_ws/install/custom_interface_example:/home/ssfa/ros2_ws/install/client_pkg:/opt/ros/humble /usr/bin/cmake --build /home/ssfa/ros2_ws/build/turtlebot3_simulations -- -j12 -l12
[3.639s] DEBUG:colcon.colcon_core.event_handler.log_command:Invoked command in '/home/ssfa/ros2_ws/build/turtlebot3_simulations' returned '0': CMAKE_PREFIX_PATH=/home/ssfa/ros2_ws/install/turtlebot3_gazebo:/home/ssfa/ros2_ws/install/turtlebot3_description:/home/ssfa/ros2_ws/install/yolov8_bringup:/home/ssfa/ros2_ws/install/yolov8_msgs:/home/ssfa/ros2_ws/install/two_wheeled_robot:/home/ssfa/ros2_ws/install/turtlebot3:/home/ssfa/ros2_ws/install/turtlebot3_simulations:/home/ssfa/ros2_ws/install/turtlebot3_navigation2:/home/ssfa/ros2_ws/install/turtlebot3_msgs:/home/ssfa/ros2_ws/install/turtlebot3_bringup:/home/ssfa/ros2_ws/install/turtlebot3_cartographer:/home/ssfa/ros2_ws/install/turtlebot3_as:/home/ssfa/ros2_ws/install/tiago_demo:/home/ssfa/ros2_ws/install/t3_action_msg:/home/ssfa/ros2_ws/install/dynamixel_sdk:/home/ssfa/ros2_ws/install/custom_interfaces:/home/ssfa/ros2_ws/install/yolov8_ros:/home/ssfa/ros2_ws/install/turtlebot3_teleop:/home/ssfa/ros2_ws/install/turtlebot3_example:/home/ssfa/ros2_ws/install/topic_exercise:/home/ssfa/ros2_ws/install/subscriber_pkg:/home/ssfa/ros2_ws/install/services_pkg:/home/ssfa/ros2_ws/install/publisher_pkg:/home/ssfa/ros2_ws/install/my_package:/home/ssfa/ros2_ws/install/movement_pkg:/home/ssfa/ros2_ws/install/exercise_pkg:/home/ssfa/ros2_ws/install/cv_basics:/home/ssfa/ros2_ws/install/custom_interface_example:/home/ssfa/ros2_ws/install/client_pkg:/opt/ros/humble /usr/bin/cmake --build /home/ssfa/ros2_ws/build/turtlebot3_simulations -- -j12 -l12
[3.654s] DEBUG:colcon.colcon_core.task.python.build:While undoing a previous installation files outside the Python library path are being ignored: /home/ssfa/ros2_ws/install/topic_exercise/share/ament_index/resource_index/packages/topic_exercise
[3.654s] DEBUG:colcon.colcon_core.task.python.build:While undoing a previous installation files outside the Python library path are being ignored: /home/ssfa/ros2_ws/install/topic_exercise/share/topic_exercise/package.xml
[3.654s] DEBUG:colcon.colcon_core.task.python.build:While undoing a previous installation files outside the Python library path are being ignored: /home/ssfa/ros2_ws/install/topic_exercise/share/topic_exercise/exercise.launch.py
[3.655s] DEBUG:colcon.colcon_core.task.python.build:While undoing a previous installation files outside the Python library path are being ignored: /home/ssfa/ros2_ws/install/topic_exercise/lib/topic_exercise/exercise
[3.656s] DEBUG:colcon.colcon_core.event_handler.log_command:Invoking command in '/home/ssfa/ros2_ws/build/topic_exercise': PYTHONPATH=/home/ssfa/ros2_ws/build/topic_exercise/prefix_override:/usr/lib/python3/dist-packages/colcon_core/task/python/colcon_distutils_commands:/home/ssfa/ros2_ws/install/topic_exercise/lib/python3.10/site-packages:${PYTHONPATH} /usr/bin/python3 -W ignore:setup.py install is deprecated setup.py develop --editable --build-directory /home/ssfa/ros2_ws/build/topic_exercise/build --no-deps symlink_data --force
[3.685s] DEBUG:colcon.colcon_core.event_handler.log_command:Invoking command in '/home/ssfa/ros2_ws/build/turtlebot3_simulations': CMAKE_PREFIX_PATH=/home/ssfa/ros2_ws/install/turtlebot3_gazebo:/home/ssfa/ros2_ws/install/turtlebot3_description:/home/ssfa/ros2_ws/install/yolov8_bringup:/home/ssfa/ros2_ws/install/yolov8_msgs:/home/ssfa/ros2_ws/install/two_wheeled_robot:/home/ssfa/ros2_ws/install/turtlebot3:/home/ssfa/ros2_ws/install/turtlebot3_simulations:/home/ssfa/ros2_ws/install/turtlebot3_navigation2:/home/ssfa/ros2_ws/install/turtlebot3_msgs:/home/ssfa/ros2_ws/install/turtlebot3_bringup:/home/ssfa/ros2_ws/install/turtlebot3_cartographer:/home/ssfa/ros2_ws/install/turtlebot3_as:/home/ssfa/ros2_ws/install/tiago_demo:/home/ssfa/ros2_ws/install/t3_action_msg:/home/ssfa/ros2_ws/install/dynamixel_sdk:/home/ssfa/ros2_ws/install/custom_interfaces:/home/ssfa/ros2_ws/install/yolov8_ros:/home/ssfa/ros2_ws/install/turtlebot3_teleop:/home/ssfa/ros2_ws/install/turtlebot3_example:/home/ssfa/ros2_ws/install/topic_exercise:/home/ssfa/ros2_ws/install/subscriber_pkg:/home/ssfa/ros2_ws/install/services_pkg:/home/ssfa/ros2_ws/install/publisher_pkg:/home/ssfa/ros2_ws/install/my_package:/home/ssfa/ros2_ws/install/movement_pkg:/home/ssfa/ros2_ws/install/exercise_pkg:/home/ssfa/ros2_ws/install/cv_basics:/home/ssfa/ros2_ws/install/custom_interface_example:/home/ssfa/ros2_ws/install/client_pkg:/opt/ros/humble /usr/bin/cmake --install /home/ssfa/ros2_ws/build/turtlebot3_simulations
[3.697s] DEBUG:colcon.colcon_core.task.python.build:While undoing a previous installation files outside the Python library path are being ignored: /home/ssfa/ros2_ws/install/movement_pkg/share/ament_index/resource_index/packages/movement_pkg
[3.697s] DEBUG:colcon.colcon_core.task.python.build:While undoing a previous installation files outside the Python library path are being ignored: /home/ssfa/ros2_ws/install/movement_pkg/share/movement_pkg/package.xml
[3.697s] DEBUG:colcon.colcon_core.task.python.build:While undoing a previous installation files outside the Python library path are being ignored: /home/ssfa/ros2_ws/install/movement_pkg/share/movement_pkg/movement_server.launch.py
[3.698s] DEBUG:colcon.colcon_core.task.python.build:While undoing a previous installation files outside the Python library path are being ignored: /home/ssfa/ros2_ws/install/movement_pkg/lib/movement_pkg/movement_client
[3.698s] DEBUG:colcon.colcon_core.task.python.build:While undoing a previous installation files outside the Python library path are being ignored: /home/ssfa/ros2_ws/install/movement_pkg/lib/movement_pkg/movement_server
[3.700s] DEBUG:colcon.colcon_core.event_handler.log_command:Invoking command in '/home/ssfa/ros2_ws/build/movement_pkg': CMAKE_PREFIX_PATH=/home/ssfa/ros2_ws/install/custom_interfaces:/home/ssfa/ros2_ws/install/yolov8_bringup:/home/ssfa/ros2_ws/install/yolov8_msgs:/home/ssfa/ros2_ws/install/two_wheeled_robot:/home/ssfa/ros2_ws/install/turtlebot3:/home/ssfa/ros2_ws/install/turtlebot3_simulations:/home/ssfa/ros2_ws/install/turtlebot3_navigation2:/home/ssfa/ros2_ws/install/turtlebot3_msgs:/home/ssfa/ros2_ws/install/turtlebot3_gazebo:/home/ssfa/ros2_ws/install/turtlebot3_bringup:/home/ssfa/ros2_ws/install/turtlebot3_description:/home/ssfa/ros2_ws/install/turtlebot3_cartographer:/home/ssfa/ros2_ws/install/turtlebot3_as:/home/ssfa/ros2_ws/install/tiago_demo:/home/ssfa/ros2_ws/install/t3_action_msg:/home/ssfa/ros2_ws/install/dynamixel_sdk LD_LIBRARY_PATH=/home/ssfa/ros2_ws/install/custom_interfaces/lib:/home/ssfa/ros2_ws/install/yolov8_msgs/lib:/home/ssfa/ros2_ws/install/turtlebot3_msgs/lib:/home/ssfa/ros2_ws/install/t3_action_msg/lib:/home/ssfa/ros2_ws/install/dynamixel_sdk/lib:/usr/lib/x86_64-linux-gnu/gazebo-11/plugins:/opt/ros/humble/opt/rviz_ogre_vendor/lib:/opt/ros/humble/lib/x86_64-linux-gnu:/opt/ros/humble/lib PYTHONPATH=/home/ssfa/ros2_ws/build/movement_pkg/prefix_override:/usr/lib/python3/dist-packages/colcon_core/task/python/colcon_distutils_commands:/home/ssfa/ros2_ws/install/movement_pkg/lib/python3.10/site-packages:${PYTHONPATH} /usr/bin/python3 -W ignore:setup.py install is deprecated setup.py develop --editable --build-directory /home/ssfa/ros2_ws/build/movement_pkg/build --no-deps symlink_data --force
[3.707s] Level 1:colcon.colcon_core.environment:create_environment_scripts_only(tiago_demo)
[3.708s] Level 1:colcon.colcon_core.environment:checking '/home/ssfa/ros2_ws/install/tiago_demo' for CMake module files
[3.708s] Level 1:colcon.colcon_core.environment:checking '/home/ssfa/ros2_ws/install/tiago_demo' for CMake config files
[3.709s] Level 1:colcon.colcon_core.shell:create_environment_hook('tiago_demo', 'cmake_prefix_path')
[3.710s] INFO:colcon.colcon_core.shell:Creating environment hook '/home/ssfa/ros2_ws/install/tiago_demo/share/tiago_demo/hook/cmake_prefix_path.ps1'
[3.711s] INFO:colcon.colcon_core.shell:Creating environment descriptor '/home/ssfa/ros2_ws/install/tiago_demo/share/tiago_demo/hook/cmake_prefix_path.dsv'
[3.711s] INFO:colcon.colcon_core.shell:Creating environment hook '/home/ssfa/ros2_ws/install/tiago_demo/share/tiago_demo/hook/cmake_prefix_path.sh'
[3.713s] Level 1:colcon.colcon_core.environment:checking '/home/ssfa/ros2_ws/install/tiago_demo/bin'
[3.713s] Level 1:colcon.colcon_core.environment:checking '/home/ssfa/ros2_ws/install/tiago_demo/lib/pkgconfig/tiago_demo.pc'
[3.713s] Level 1:colcon.colcon_core.environment:checking '/home/ssfa/ros2_ws/install/tiago_demo/lib/python3.10/site-packages'
[3.714s] Level 1:colcon.colcon_core.environment:checking '/home/ssfa/ros2_ws/install/tiago_demo/bin'
[3.714s] INFO:colcon.colcon_core.shell:Creating package script '/home/ssfa/ros2_ws/install/tiago_demo/share/tiago_demo/package.ps1'
[3.715s] INFO:colcon.colcon_core.shell:Creating package descriptor '/home/ssfa/ros2_ws/install/tiago_demo/share/tiago_demo/package.dsv'
[3.715s] INFO:colcon.colcon_core.shell:Creating package script '/home/ssfa/ros2_ws/install/tiago_demo/share/tiago_demo/package.sh'
[3.712s] DEBUG:colcon.colcon_core.event_handler.log_command:Invoked command in '/home/ssfa/ros2_ws/build/tiago_demo' returned '0': CMAKE_PREFIX_PATH=${CMAKE_PREFIX_PATH}:/home/ssfa/ros2_ws/install/yolov8_ros:/home/ssfa/ros2_ws/install/turtlebot3_teleop:/home/ssfa/ros2_ws/install/turtlebot3_example:/home/ssfa/ros2_ws/install/topic_exercise:/home/ssfa/ros2_ws/install/subscriber_pkg:/home/ssfa/ros2_ws/install/services_pkg:/home/ssfa/ros2_ws/install/publisher_pkg:/home/ssfa/ros2_ws/install/my_package:/home/ssfa/ros2_ws/install/movement_pkg:/home/ssfa/ros2_ws/install/exercise_pkg:/home/ssfa/ros2_ws/install/cv_basics:/home/ssfa/ros2_ws/install/custom_interface_example:/home/ssfa/ros2_ws/install/client_pkg:/opt/ros/humble /usr/bin/cmake --install /home/ssfa/ros2_ws/build/tiago_demo
[3.716s] INFO:colcon.colcon_core.shell:Creating package script '/home/ssfa/ros2_ws/install/tiago_demo/share/tiago_demo/package.bash'
[3.717s] INFO:colcon.colcon_core.shell:Creating package script '/home/ssfa/ros2_ws/install/tiago_demo/share/tiago_demo/package.zsh'
[3.717s] Level 1:colcon.colcon_core.environment:create_file_with_runtime_dependencies(/home/ssfa/ros2_ws/install/tiago_demo/share/colcon-core/packages/tiago_demo)
[3.721s] Level 1:colcon.colcon_core.environment:create_environment_scripts_only(turtlebot3_simulations)
[3.721s] Level 1:colcon.colcon_core.environment:checking '/home/ssfa/ros2_ws/install/turtlebot3_simulations' for CMake module files
[3.722s] Level 1:colcon.colcon_core.environment:checking '/home/ssfa/ros2_ws/install/turtlebot3_simulations' for CMake config files
[3.722s] Level 1:colcon.colcon_core.shell:create_environment_hook('turtlebot3_simulations', 'cmake_prefix_path')
[3.722s] INFO:colcon.colcon_core.shell:Creating environment hook '/home/ssfa/ros2_ws/install/turtlebot3_simulations/share/turtlebot3_simulations/hook/cmake_prefix_path.ps1'
[3.723s] INFO:colcon.colcon_core.shell:Creating environment descriptor '/home/ssfa/ros2_ws/install/turtlebot3_simulations/share/turtlebot3_simulations/hook/cmake_prefix_path.dsv'
[3.723s] INFO:colcon.colcon_core.shell:Creating environment hook '/home/ssfa/ros2_ws/install/turtlebot3_simulations/share/turtlebot3_simulations/hook/cmake_prefix_path.sh'
[3.724s] DEBUG:colcon.colcon_core.event_handler.log_command:Invoked command in '/home/ssfa/ros2_ws/build/turtlebot3_simulations' returned '0': CMAKE_PREFIX_PATH=/home/ssfa/ros2_ws/install/turtlebot3_gazebo:/home/ssfa/ros2_ws/install/turtlebot3_description:/home/ssfa/ros2_ws/install/yolov8_bringup:/home/ssfa/ros2_ws/install/yolov8_msgs:/home/ssfa/ros2_ws/install/two_wheeled_robot:/home/ssfa/ros2_ws/install/turtlebot3:/home/ssfa/ros2_ws/install/turtlebot3_simulations:/home/ssfa/ros2_ws/install/turtlebot3_navigation2:/home/ssfa/ros2_ws/install/turtlebot3_msgs:/home/ssfa/ros2_ws/install/turtlebot3_bringup:/home/ssfa/ros2_ws/install/turtlebot3_cartographer:/home/ssfa/ros2_ws/install/turtlebot3_as:/home/ssfa/ros2_ws/install/tiago_demo:/home/ssfa/ros2_ws/install/t3_action_msg:/home/ssfa/ros2_ws/install/dynamixel_sdk:/home/ssfa/ros2_ws/install/custom_interfaces:/home/ssfa/ros2_ws/install/yolov8_ros:/home/ssfa/ros2_ws/install/turtlebot3_teleop:/home/ssfa/ros2_ws/install/turtlebot3_example:/home/ssfa/ros2_ws/install/topic_exercise:/home/ssfa/ros2_ws/install/subscriber_pkg:/home/ssfa/ros2_ws/install/services_pkg:/home/ssfa/ros2_ws/install/publisher_pkg:/home/ssfa/ros2_ws/install/my_package:/home/ssfa/ros2_ws/install/movement_pkg:/home/ssfa/ros2_ws/install/exercise_pkg:/home/ssfa/ros2_ws/install/cv_basics:/home/ssfa/ros2_ws/install/custom_interface_example:/home/ssfa/ros2_ws/install/client_pkg:/opt/ros/humble /usr/bin/cmake --install /home/ssfa/ros2_ws/build/turtlebot3_simulations
[3.725s] Level 1:colcon.colcon_core.environment:checking '/home/ssfa/ros2_ws/install/turtlebot3_simulations/bin'
[3.725s] Level 1:colcon.colcon_core.environment:checking '/home/ssfa/ros2_ws/install/turtlebot3_simulations/lib/pkgconfig/turtlebot3_simulations.pc'
[3.725s] Level 1:colcon.colcon_core.environment:checking '/home/ssfa/ros2_ws/install/turtlebot3_simulations/lib/python3.10/site-packages'
[3.725s] Level 1:colcon.colcon_core.environment:checking '/home/ssfa/ros2_ws/install/turtlebot3_simulations/bin'
[3.726s] INFO:colcon.colcon_core.shell:Creating package script '/home/ssfa/ros2_ws/install/turtlebot3_simulations/share/turtlebot3_simulations/package.ps1'
[3.726s] INFO:colcon.colcon_core.shell:Creating package descriptor '/home/ssfa/ros2_ws/install/turtlebot3_simulations/share/turtlebot3_simulations/package.dsv'
[3.727s] INFO:colcon.colcon_core.shell:Creating package script '/home/ssfa/ros2_ws/install/turtlebot3_simulations/share/turtlebot3_simulations/package.sh'
[3.727s] INFO:colcon.colcon_core.shell:Creating package script '/home/ssfa/ros2_ws/install/turtlebot3_simulations/share/turtlebot3_simulations/package.bash'
[3.728s] INFO:colcon.colcon_core.shell:Creating package script '/home/ssfa/ros2_ws/install/turtlebot3_simulations/share/turtlebot3_simulations/package.zsh'
[3.728s] Level 1:colcon.colcon_core.environment:create_file_with_runtime_dependencies(/home/ssfa/ros2_ws/install/turtlebot3_simulations/share/colcon-core/packages/turtlebot3_simulations)
[3.740s] DEBUG:colcon.colcon_core.task.python.build:While undoing a previous installation files outside the Python library path are being ignored: /home/ssfa/ros2_ws/install/custom_interface_example/share/ament_index/resource_index/packages/custom_interface_example
[3.740s] DEBUG:colcon.colcon_core.task.python.build:While undoing a previous installation files outside the Python library path are being ignored: /home/ssfa/ros2_ws/install/custom_interface_example/share/custom_interface_example/package.xml
[3.740s] DEBUG:colcon.colcon_core.task.python.build:While undoing a previous installation files outside the Python library path are being ignored: /home/ssfa/ros2_ws/install/custom_interface_example/share/custom_interface_example/example.launch.py
[3.741s] DEBUG:colcon.colcon_core.task.python.build:While undoing a previous installation files outside the Python library path are being ignored: /home/ssfa/ros2_ws/install/custom_interface_example/lib/custom_interface_example/example
[3.743s] DEBUG:colcon.colcon_core.event_handler.log_command:Invoking command in '/home/ssfa/ros2_ws/build/custom_interface_example': CMAKE_PREFIX_PATH=/home/ssfa/ros2_ws/install/custom_interfaces:/home/ssfa/ros2_ws/install/yolov8_bringup:/home/ssfa/ros2_ws/install/yolov8_msgs:/home/ssfa/ros2_ws/install/two_wheeled_robot:/home/ssfa/ros2_ws/install/turtlebot3:/home/ssfa/ros2_ws/install/turtlebot3_simulations:/home/ssfa/ros2_ws/install/turtlebot3_navigation2:/home/ssfa/ros2_ws/install/turtlebot3_msgs:/home/ssfa/ros2_ws/install/turtlebot3_gazebo:/home/ssfa/ros2_ws/install/turtlebot3_bringup:/home/ssfa/ros2_ws/install/turtlebot3_description:/home/ssfa/ros2_ws/install/turtlebot3_cartographer:/home/ssfa/ros2_ws/install/turtlebot3_as:/home/ssfa/ros2_ws/install/tiago_demo:/home/ssfa/ros2_ws/install/t3_action_msg:/home/ssfa/ros2_ws/install/dynamixel_sdk LD_LIBRARY_PATH=/home/ssfa/ros2_ws/install/custom_interfaces/lib:/home/ssfa/ros2_ws/install/yolov8_msgs/lib:/home/ssfa/ros2_ws/install/turtlebot3_msgs/lib:/home/ssfa/ros2_ws/install/t3_action_msg/lib:/home/ssfa/ros2_ws/install/dynamixel_sdk/lib:/usr/lib/x86_64-linux-gnu/gazebo-11/plugins:/opt/ros/humble/opt/rviz_ogre_vendor/lib:/opt/ros/humble/lib/x86_64-linux-gnu:/opt/ros/humble/lib PYTHONPATH=/home/ssfa/ros2_ws/build/custom_interface_example/prefix_override:/usr/lib/python3/dist-packages/colcon_core/task/python/colcon_distutils_commands:/home/ssfa/ros2_ws/install/custom_interface_example/lib/python3.10/site-packages:${PYTHONPATH} /usr/bin/python3 -W ignore:setup.py install is deprecated setup.py develop --editable --build-directory /home/ssfa/ros2_ws/build/custom_interface_example/build --no-deps symlink_data --force
[3.750s] Level 1:colcon.colcon_core.environment:create_environment_scripts_only(tiago_demo)
[3.751s] Level 1:colcon.colcon_core.environment:checking '/home/ssfa/ros2_ws/install/tiago_demo' for CMake module files
[3.751s] Level 1:colcon.colcon_core.environment:checking '/home/ssfa/ros2_ws/install/tiago_demo' for CMake config files
[3.752s] Level 1:colcon.colcon_core.shell:create_environment_hook('tiago_demo', 'cmake_prefix_path')
[3.752s] INFO:colcon.colcon_core.shell:Creating environment hook '/home/ssfa/ros2_ws/install/tiago_demo/share/tiago_demo/hook/cmake_prefix_path.ps1'
[3.753s] INFO:colcon.colcon_core.shell:Creating environment descriptor '/home/ssfa/ros2_ws/install/tiago_demo/share/tiago_demo/hook/cmake_prefix_path.dsv'
[3.753s] INFO:colcon.colcon_core.shell:Creating environment hook '/home/ssfa/ros2_ws/install/tiago_demo/share/tiago_demo/hook/cmake_prefix_path.sh'
[3.754s] Level 1:colcon.colcon_core.environment:checking '/home/ssfa/ros2_ws/install/tiago_demo/bin'
[3.754s] Level 1:colcon.colcon_core.environment:checking '/home/ssfa/ros2_ws/install/tiago_demo/lib/pkgconfig/tiago_demo.pc'
[3.754s] Level 1:colcon.colcon_core.environment:checking '/home/ssfa/ros2_ws/install/tiago_demo/lib/python3.10/site-packages'
[3.754s] Level 1:colcon.colcon_core.environment:checking '/home/ssfa/ros2_ws/install/tiago_demo/bin'
[3.755s] INFO:colcon.colcon_core.shell:Creating package script '/home/ssfa/ros2_ws/install/tiago_demo/share/tiago_demo/package.ps1'
[3.755s] INFO:colcon.colcon_core.shell:Creating package descriptor '/home/ssfa/ros2_ws/install/tiago_demo/share/tiago_demo/package.dsv'
[3.756s] INFO:colcon.colcon_core.shell:Creating package script '/home/ssfa/ros2_ws/install/tiago_demo/share/tiago_demo/package.sh'
[3.756s] INFO:colcon.colcon_core.shell:Creating package script '/home/ssfa/ros2_ws/install/tiago_demo/share/tiago_demo/package.bash'
[3.756s] INFO:colcon.colcon_core.shell:Creating package script '/home/ssfa/ros2_ws/install/tiago_demo/share/tiago_demo/package.zsh'
[3.757s] Level 1:colcon.colcon_core.environment:create_file_with_runtime_dependencies(/home/ssfa/ros2_ws/install/tiago_demo/share/colcon-core/packages/tiago_demo)
[3.765s] DEBUG:colcon.colcon_core.task.python.build:While undoing a previous installation files outside the Python library path are being ignored: /home/ssfa/ros2_ws/install/turtlebot3_example/share/ament_index/resource_index/packages/turtlebot3_example
[3.765s] DEBUG:colcon.colcon_core.task.python.build:While undoing a previous installation files outside the Python library path are being ignored: /home/ssfa/ros2_ws/install/turtlebot3_example/share/turtlebot3_example/package.xml
[3.765s] DEBUG:colcon.colcon_core.task.python.build:While undoing a previous installation files outside the Python library path are being ignored: /home/ssfa/ros2_ws/install/turtlebot3_example/lib/turtlebot3_example/turtlebot3_obstacle_detection
[3.765s] DEBUG:colcon.colcon_core.task.python.build:While undoing a previous installation files outside the Python library path are being ignored: /home/ssfa/ros2_ws/install/turtlebot3_example/lib/turtlebot3_example/turtlebot3_patrol_client
[3.765s] DEBUG:colcon.colcon_core.task.python.build:While undoing a previous installation files outside the Python library path are being ignored: /home/ssfa/ros2_ws/install/turtlebot3_example/lib/turtlebot3_example/turtlebot3_patrol_server
[3.765s] DEBUG:colcon.colcon_core.task.python.build:While undoing a previous installation files outside the Python library path are being ignored: /home/ssfa/ros2_ws/install/turtlebot3_example/lib/turtlebot3_example/turtlebot3_position_control
[3.773s] DEBUG:colcon.colcon_core.event_handler.log_command:Invoking command in '/home/ssfa/ros2_ws/build/turtlebot3_example': CMAKE_PREFIX_PATH=/home/ssfa/ros2_ws/install/turtlebot3_msgs:/home/ssfa/ros2_ws/install/yolov8_bringup:/home/ssfa/ros2_ws/install/yolov8_msgs:/home/ssfa/ros2_ws/install/two_wheeled_robot:/home/ssfa/ros2_ws/install/turtlebot3:/home/ssfa/ros2_ws/install/turtlebot3_simulations:/home/ssfa/ros2_ws/install/turtlebot3_navigation2:/home/ssfa/ros2_ws/install/turtlebot3_gazebo:/home/ssfa/ros2_ws/install/turtlebot3_bringup:/home/ssfa/ros2_ws/install/turtlebot3_description:/home/ssfa/ros2_ws/install/turtlebot3_cartographer:/home/ssfa/ros2_ws/install/turtlebot3_as:/home/ssfa/ros2_ws/install/tiago_demo:/home/ssfa/ros2_ws/install/t3_action_msg:/home/ssfa/ros2_ws/install/dynamixel_sdk:/home/ssfa/ros2_ws/install/custom_interfaces LD_LIBRARY_PATH=/home/ssfa/ros2_ws/install/turtlebot3_msgs/lib:/home/ssfa/ros2_ws/install/yolov8_msgs/lib:/home/ssfa/ros2_ws/install/t3_action_msg/lib:/home/ssfa/ros2_ws/install/dynamixel_sdk/lib:/home/ssfa/ros2_ws/install/custom_interfaces/lib:/usr/lib/x86_64-linux-gnu/gazebo-11/plugins:/opt/ros/humble/opt/rviz_ogre_vendor/lib:/opt/ros/humble/lib/x86_64-linux-gnu:/opt/ros/humble/lib PYTHONPATH=/home/ssfa/ros2_ws/build/turtlebot3_example/prefix_override:/usr/lib/python3/dist-packages/colcon_core/task/python/colcon_distutils_commands:/home/ssfa/ros2_ws/install/turtlebot3_example/lib/python3.10/site-packages:${PYTHONPATH} /usr/bin/python3 -W ignore:setup.py install is deprecated setup.py develop --editable --build-directory /home/ssfa/ros2_ws/build/turtlebot3_example/build --no-deps symlink_data --force
[3.774s] Level 1:colcon.colcon_core.environment:create_environment_scripts_only(turtlebot3_simulations)
[3.774s] Level 1:colcon.colcon_core.environment:checking '/home/ssfa/ros2_ws/install/turtlebot3_simulations' for CMake module files
[3.775s] Level 1:colcon.colcon_core.environment:checking '/home/ssfa/ros2_ws/install/turtlebot3_simulations' for CMake config files
[3.775s] Level 1:colcon.colcon_core.shell:create_environment_hook('turtlebot3_simulations', 'cmake_prefix_path')
[3.775s] INFO:colcon.colcon_core.shell:Creating environment hook '/home/ssfa/ros2_ws/install/turtlebot3_simulations/share/turtlebot3_simulations/hook/cmake_prefix_path.ps1'
[3.776s] INFO:colcon.colcon_core.shell:Creating environment descriptor '/home/ssfa/ros2_ws/install/turtlebot3_simulations/share/turtlebot3_simulations/hook/cmake_prefix_path.dsv'
[3.776s] INFO:colcon.colcon_core.shell:Creating environment hook '/home/ssfa/ros2_ws/install/turtlebot3_simulations/share/turtlebot3_simulations/hook/cmake_prefix_path.sh'
[3.777s] Level 1:colcon.colcon_core.environment:checking '/home/ssfa/ros2_ws/install/turtlebot3_simulations/bin'
[3.777s] Level 1:colcon.colcon_core.environment:checking '/home/ssfa/ros2_ws/install/turtlebot3_simulations/lib/pkgconfig/turtlebot3_simulations.pc'
[3.777s] Level 1:colcon.colcon_core.environment:checking '/home/ssfa/ros2_ws/install/turtlebot3_simulations/lib/python3.10/site-packages'
[3.777s] Level 1:colcon.colcon_core.environment:checking '/home/ssfa/ros2_ws/install/turtlebot3_simulations/bin'
[3.778s] INFO:colcon.colcon_core.shell:Creating package script '/home/ssfa/ros2_ws/install/turtlebot3_simulations/share/turtlebot3_simulations/package.ps1'
[3.778s] INFO:colcon.colcon_core.shell:Creating package descriptor '/home/ssfa/ros2_ws/install/turtlebot3_simulations/share/turtlebot3_simulations/package.dsv'
[3.779s] INFO:colcon.colcon_core.shell:Creating package script '/home/ssfa/ros2_ws/install/turtlebot3_simulations/share/turtlebot3_simulations/package.sh'
[3.779s] INFO:colcon.colcon_core.shell:Creating package script '/home/ssfa/ros2_ws/install/turtlebot3_simulations/share/turtlebot3_simulations/package.bash'
[3.779s] INFO:colcon.colcon_core.shell:Creating package script '/home/ssfa/ros2_ws/install/turtlebot3_simulations/share/turtlebot3_simulations/package.zsh'
[3.780s] Level 1:colcon.colcon_core.environment:create_file_with_runtime_dependencies(/home/ssfa/ros2_ws/install/turtlebot3_simulations/share/colcon-core/packages/turtlebot3_simulations)
[3.905s] Level 1:colcon.colcon_core.shell:create_environment_hook('shape_detector', 'pythonpath_develop')
[3.905s] INFO:colcon.colcon_core.shell:Creating environment hook '/home/ssfa/ros2_ws/build/shape_detector/share/shape_detector/hook/pythonpath_develop.ps1'
[3.906s] DEBUG:colcon.colcon_core.event_handler.log_command:Invoked command in '/home/ssfa/ros2_ws/build/shape_detector' returned '0': PYTHONPATH=/home/ssfa/ros2_ws/build/shape_detector/prefix_override:/usr/lib/python3/dist-packages/colcon_core/task/python/colcon_distutils_commands:/home/ssfa/ros2_ws/install/shape_detector/lib/python3.10/site-packages:${PYTHONPATH} /usr/bin/python3 -W ignore:setup.py install is deprecated setup.py develop --editable --build-directory /home/ssfa/ros2_ws/build/shape_detector/build --no-deps symlink_data
[3.917s] INFO:colcon.colcon_core.shell:Creating environment descriptor '/home/ssfa/ros2_ws/build/shape_detector/share/shape_detector/hook/pythonpath_develop.dsv'
[3.917s] INFO:colcon.colcon_core.shell:Creating environment hook '/home/ssfa/ros2_ws/build/shape_detector/share/shape_detector/hook/pythonpath_develop.sh'
[3.918s] Level 1:colcon.colcon_core.environment:checking '/home/ssfa/ros2_ws/install/shape_detector' for CMake module files
[3.918s] Level 1:colcon.colcon_core.environment:checking '/home/ssfa/ros2_ws/install/shape_detector' for CMake config files
[3.919s] Level 1:colcon.colcon_core.environment:checking '/home/ssfa/ros2_ws/install/shape_detector/lib'
[3.919s] Level 1:colcon.colcon_core.environment:checking '/home/ssfa/ros2_ws/install/shape_detector/bin'
[3.919s] Level 1:colcon.colcon_core.environment:checking '/home/ssfa/ros2_ws/install/shape_detector/lib/pkgconfig/shape_detector.pc'
[3.919s] Level 1:colcon.colcon_core.environment:checking '/home/ssfa/ros2_ws/install/shape_detector/lib/python3.10/site-packages'
[3.919s] Level 1:colcon.colcon_core.shell:create_environment_hook('shape_detector', 'pythonpath')
[3.920s] INFO:colcon.colcon_core.shell:Creating environment hook '/home/ssfa/ros2_ws/install/shape_detector/share/shape_detector/hook/pythonpath.ps1'
[3.920s] INFO:colcon.colcon_core.shell:Creating environment descriptor '/home/ssfa/ros2_ws/install/shape_detector/share/shape_detector/hook/pythonpath.dsv'
[3.921s] INFO:colcon.colcon_core.shell:Creating environment hook '/home/ssfa/ros2_ws/install/shape_detector/share/shape_detector/hook/pythonpath.sh'
[3.921s] Level 1:colcon.colcon_core.environment:checking '/home/ssfa/ros2_ws/install/shape_detector/bin'
[3.921s] Level 1:colcon.colcon_core.environment:create_environment_scripts_only(shape_detector)
[3.922s] INFO:colcon.colcon_core.shell:Creating package script '/home/ssfa/ros2_ws/install/shape_detector/share/shape_detector/package.ps1'
[3.922s] INFO:colcon.colcon_core.shell:Creating package descriptor '/home/ssfa/ros2_ws/install/shape_detector/share/shape_detector/package.dsv'
[3.923s] INFO:colcon.colcon_core.shell:Creating package script '/home/ssfa/ros2_ws/install/shape_detector/share/shape_detector/package.sh'
[3.923s] INFO:colcon.colcon_core.shell:Creating package script '/home/ssfa/ros2_ws/install/shape_detector/share/shape_detector/package.bash'
[3.923s] INFO:colcon.colcon_core.shell:Creating package script '/home/ssfa/ros2_ws/install/shape_detector/share/shape_detector/package.zsh'
[3.924s] Level 1:colcon.colcon_core.environment:create_file_with_runtime_dependencies(/home/ssfa/ros2_ws/install/shape_detector/share/colcon-core/packages/shape_detector)
[3.945s] Level 1:colcon.colcon_core.shell:create_environment_hook('subscriber_pkg', 'pythonpath_develop')
[3.945s] INFO:colcon.colcon_core.shell:Creating environment hook '/home/ssfa/ros2_ws/build/subscriber_pkg/share/subscriber_pkg/hook/pythonpath_develop.ps1'
[3.946s] DEBUG:colcon.colcon_core.event_handler.log_command:Invoked command in '/home/ssfa/ros2_ws/build/subscriber_pkg' returned '0': PYTHONPATH=/home/ssfa/ros2_ws/build/subscriber_pkg/prefix_override:/usr/lib/python3/dist-packages/colcon_core/task/python/colcon_distutils_commands:/home/ssfa/ros2_ws/install/subscriber_pkg/lib/python3.10/site-packages:${PYTHONPATH} /usr/bin/python3 -W ignore:setup.py install is deprecated setup.py develop --editable --build-directory /home/ssfa/ros2_ws/build/subscriber_pkg/build --no-deps symlink_data --force
[3.946s] INFO:colcon.colcon_core.shell:Creating environment descriptor '/home/ssfa/ros2_ws/build/subscriber_pkg/share/subscriber_pkg/hook/pythonpath_develop.dsv'
[3.947s] INFO:colcon.colcon_core.shell:Creating environment hook '/home/ssfa/ros2_ws/build/subscriber_pkg/share/subscriber_pkg/hook/pythonpath_develop.sh'
[3.948s] Level 1:colcon.colcon_core.environment:checking '/home/ssfa/ros2_ws/install/subscriber_pkg' for CMake module files
[3.948s] Level 1:colcon.colcon_core.environment:checking '/home/ssfa/ros2_ws/install/subscriber_pkg' for CMake config files
[3.949s] Level 1:colcon.colcon_core.environment:checking '/home/ssfa/ros2_ws/install/subscriber_pkg/lib'
[3.949s] Level 1:colcon.colcon_core.environment:checking '/home/ssfa/ros2_ws/install/subscriber_pkg/bin'
[3.949s] Level 1:colcon.colcon_core.environment:checking '/home/ssfa/ros2_ws/install/subscriber_pkg/lib/pkgconfig/subscriber_pkg.pc'
[3.950s] Level 1:colcon.colcon_core.environment:checking '/home/ssfa/ros2_ws/install/subscriber_pkg/lib/python3.10/site-packages'
[3.950s] Level 1:colcon.colcon_core.shell:create_environment_hook('subscriber_pkg', 'pythonpath')
[3.950s] INFO:colcon.colcon_core.shell:Creating environment hook '/home/ssfa/ros2_ws/install/subscriber_pkg/share/subscriber_pkg/hook/pythonpath.ps1'
[3.950s] INFO:colcon.colcon_core.shell:Creating environment descriptor '/home/ssfa/ros2_ws/install/subscriber_pkg/share/subscriber_pkg/hook/pythonpath.dsv'
[3.951s] INFO:colcon.colcon_core.shell:Creating environment hook '/home/ssfa/ros2_ws/install/subscriber_pkg/share/subscriber_pkg/hook/pythonpath.sh'
[3.952s] Level 1:colcon.colcon_core.environment:checking '/home/ssfa/ros2_ws/install/subscriber_pkg/bin'
[3.952s] Level 1:colcon.colcon_core.environment:create_environment_scripts_only(subscriber_pkg)
[3.952s] INFO:colcon.colcon_core.shell:Creating package script '/home/ssfa/ros2_ws/install/subscriber_pkg/share/subscriber_pkg/package.ps1'
[3.953s] INFO:colcon.colcon_core.shell:Creating package descriptor '/home/ssfa/ros2_ws/install/subscriber_pkg/share/subscriber_pkg/package.dsv'
[3.953s] INFO:colcon.colcon_core.shell:Creating package script '/home/ssfa/ros2_ws/install/subscriber_pkg/share/subscriber_pkg/package.sh'
[3.954s] INFO:colcon.colcon_core.shell:Creating package script '/home/ssfa/ros2_ws/install/subscriber_pkg/share/subscriber_pkg/package.bash'
[3.954s] INFO:colcon.colcon_core.shell:Creating package script '/home/ssfa/ros2_ws/install/subscriber_pkg/share/subscriber_pkg/package.zsh'
[3.955s] Level 1:colcon.colcon_core.environment:create_file_with_runtime_dependencies(/home/ssfa/ros2_ws/install/subscriber_pkg/share/colcon-core/packages/subscriber_pkg)
[4.096s] Level 1:colcon.colcon_core.shell:create_environment_hook('topic_exercise', 'pythonpath_develop')
[4.096s] INFO:colcon.colcon_core.shell:Creating environment hook '/home/ssfa/ros2_ws/build/topic_exercise/share/topic_exercise/hook/pythonpath_develop.ps1'
[4.097s] DEBUG:colcon.colcon_core.event_handler.log_command:Invoked command in '/home/ssfa/ros2_ws/build/topic_exercise' returned '0': PYTHONPATH=/home/ssfa/ros2_ws/build/topic_exercise/prefix_override:/usr/lib/python3/dist-packages/colcon_core/task/python/colcon_distutils_commands:/home/ssfa/ros2_ws/install/topic_exercise/lib/python3.10/site-packages:${PYTHONPATH} /usr/bin/python3 -W ignore:setup.py install is deprecated setup.py develop --editable --build-directory /home/ssfa/ros2_ws/build/topic_exercise/build --no-deps symlink_data --force
[4.097s] INFO:colcon.colcon_core.shell:Creating environment descriptor '/home/ssfa/ros2_ws/build/topic_exercise/share/topic_exercise/hook/pythonpath_develop.dsv'
[4.098s] INFO:colcon.colcon_core.shell:Creating environment hook '/home/ssfa/ros2_ws/build/topic_exercise/share/topic_exercise/hook/pythonpath_develop.sh'
[4.099s] Level 1:colcon.colcon_core.environment:checking '/home/ssfa/ros2_ws/install/topic_exercise' for CMake module files
[4.099s] Level 1:colcon.colcon_core.environment:checking '/home/ssfa/ros2_ws/install/topic_exercise' for CMake config files
[4.100s] Level 1:colcon.colcon_core.environment:checking '/home/ssfa/ros2_ws/install/topic_exercise/lib'
[4.100s] Level 1:colcon.colcon_core.environment:checking '/home/ssfa/ros2_ws/install/topic_exercise/bin'
[4.100s] Level 1:colcon.colcon_core.environment:checking '/home/ssfa/ros2_ws/install/topic_exercise/lib/pkgconfig/topic_exercise.pc'
[4.100s] Level 1:colcon.colcon_core.environment:checking '/home/ssfa/ros2_ws/install/topic_exercise/lib/python3.10/site-packages'
[4.100s] Level 1:colcon.colcon_core.shell:create_environment_hook('topic_exercise', 'pythonpath')
[4.100s] INFO:colcon.colcon_core.shell:Creating environment hook '/home/ssfa/ros2_ws/install/topic_exercise/share/topic_exercise/hook/pythonpath.ps1'
[4.101s] INFO:colcon.colcon_core.shell:Creating environment descriptor '/home/ssfa/ros2_ws/install/topic_exercise/share/topic_exercise/hook/pythonpath.dsv'
[4.101s] INFO:colcon.colcon_core.shell:Creating environment hook '/home/ssfa/ros2_ws/install/topic_exercise/share/topic_exercise/hook/pythonpath.sh'
[4.102s] Level 1:colcon.colcon_core.environment:checking '/home/ssfa/ros2_ws/install/topic_exercise/bin'
[4.102s] Level 1:colcon.colcon_core.environment:create_environment_scripts_only(topic_exercise)
[4.102s] INFO:colcon.colcon_core.shell:Creating package script '/home/ssfa/ros2_ws/install/topic_exercise/share/topic_exercise/package.ps1'
[4.103s] INFO:colcon.colcon_core.shell:Creating package descriptor '/home/ssfa/ros2_ws/install/topic_exercise/share/topic_exercise/package.dsv'
[4.103s] INFO:colcon.colcon_core.shell:Creating package script '/home/ssfa/ros2_ws/install/topic_exercise/share/topic_exercise/package.sh'
[4.104s] INFO:colcon.colcon_core.shell:Creating package script '/home/ssfa/ros2_ws/install/topic_exercise/share/topic_exercise/package.bash'
[4.104s] INFO:colcon.colcon_core.shell:Creating package script '/home/ssfa/ros2_ws/install/topic_exercise/share/topic_exercise/package.zsh'
[4.105s] Level 1:colcon.colcon_core.environment:create_file_with_runtime_dependencies(/home/ssfa/ros2_ws/install/topic_exercise/share/colcon-core/packages/topic_exercise)
[4.137s] Level 1:colcon.colcon_core.shell:create_environment_hook('movement_pkg', 'pythonpath_develop')
[4.137s] INFO:colcon.colcon_core.shell:Creating environment hook '/home/ssfa/ros2_ws/build/movement_pkg/share/movement_pkg/hook/pythonpath_develop.ps1'
[4.138s] DEBUG:colcon.colcon_core.event_handler.log_command:Invoked command in '/home/ssfa/ros2_ws/build/movement_pkg' returned '0': CMAKE_PREFIX_PATH=/home/ssfa/ros2_ws/install/custom_interfaces:/home/ssfa/ros2_ws/install/yolov8_bringup:/home/ssfa/ros2_ws/install/yolov8_msgs:/home/ssfa/ros2_ws/install/two_wheeled_robot:/home/ssfa/ros2_ws/install/turtlebot3:/home/ssfa/ros2_ws/install/turtlebot3_simulations:/home/ssfa/ros2_ws/install/turtlebot3_navigation2:/home/ssfa/ros2_ws/install/turtlebot3_msgs:/home/ssfa/ros2_ws/install/turtlebot3_gazebo:/home/ssfa/ros2_ws/install/turtlebot3_bringup:/home/ssfa/ros2_ws/install/turtlebot3_description:/home/ssfa/ros2_ws/install/turtlebot3_cartographer:/home/ssfa/ros2_ws/install/turtlebot3_as:/home/ssfa/ros2_ws/install/tiago_demo:/home/ssfa/ros2_ws/install/t3_action_msg:/home/ssfa/ros2_ws/install/dynamixel_sdk LD_LIBRARY_PATH=/home/ssfa/ros2_ws/install/custom_interfaces/lib:/home/ssfa/ros2_ws/install/yolov8_msgs/lib:/home/ssfa/ros2_ws/install/turtlebot3_msgs/lib:/home/ssfa/ros2_ws/install/t3_action_msg/lib:/home/ssfa/ros2_ws/install/dynamixel_sdk/lib:/usr/lib/x86_64-linux-gnu/gazebo-11/plugins:/opt/ros/humble/opt/rviz_ogre_vendor/lib:/opt/ros/humble/lib/x86_64-linux-gnu:/opt/ros/humble/lib PYTHONPATH=/home/ssfa/ros2_ws/build/movement_pkg/prefix_override:/usr/lib/python3/dist-packages/colcon_core/task/python/colcon_distutils_commands:/home/ssfa/ros2_ws/install/movement_pkg/lib/python3.10/site-packages:${PYTHONPATH} /usr/bin/python3 -W ignore:setup.py install is deprecated setup.py develop --editable --build-directory /home/ssfa/ros2_ws/build/movement_pkg/build --no-deps symlink_data --force
[4.138s] INFO:colcon.colcon_core.shell:Creating environment descriptor '/home/ssfa/ros2_ws/build/movement_pkg/share/movement_pkg/hook/pythonpath_develop.dsv'
[4.138s] INFO:colcon.colcon_core.shell:Creating environment hook '/home/ssfa/ros2_ws/build/movement_pkg/share/movement_pkg/hook/pythonpath_develop.sh'
[4.138s] Level 1:colcon.colcon_core.environment:checking '/home/ssfa/ros2_ws/install/movement_pkg' for CMake module files
[4.139s] Level 1:colcon.colcon_core.environment:checking '/home/ssfa/ros2_ws/install/movement_pkg' for CMake config files
[4.139s] Level 1:colcon.colcon_core.environment:checking '/home/ssfa/ros2_ws/install/movement_pkg/lib'
[4.139s] Level 1:colcon.colcon_core.environment:checking '/home/ssfa/ros2_ws/install/movement_pkg/bin'
[4.139s] Level 1:colcon.colcon_core.environment:checking '/home/ssfa/ros2_ws/install/movement_pkg/lib/pkgconfig/movement_pkg.pc'
[4.139s] Level 1:colcon.colcon_core.environment:checking '/home/ssfa/ros2_ws/install/movement_pkg/lib/python3.10/site-packages'
[4.139s] Level 1:colcon.colcon_core.shell:create_environment_hook('movement_pkg', 'pythonpath')
[4.140s] INFO:colcon.colcon_core.shell:Creating environment hook '/home/ssfa/ros2_ws/install/movement_pkg/share/movement_pkg/hook/pythonpath.ps1'
[4.140s] INFO:colcon.colcon_core.shell:Creating environment descriptor '/home/ssfa/ros2_ws/install/movement_pkg/share/movement_pkg/hook/pythonpath.dsv'
[4.141s] INFO:colcon.colcon_core.shell:Creating environment hook '/home/ssfa/ros2_ws/install/movement_pkg/share/movement_pkg/hook/pythonpath.sh'
[4.142s] Level 1:colcon.colcon_core.environment:checking '/home/ssfa/ros2_ws/install/movement_pkg/bin'
[4.142s] Level 1:colcon.colcon_core.environment:create_environment_scripts_only(movement_pkg)
[4.143s] INFO:colcon.colcon_core.shell:Creating package script '/home/ssfa/ros2_ws/install/movement_pkg/share/movement_pkg/package.ps1'
[4.143s] INFO:colcon.colcon_core.shell:Creating package descriptor '/home/ssfa/ros2_ws/install/movement_pkg/share/movement_pkg/package.dsv'
[4.144s] INFO:colcon.colcon_core.shell:Creating package script '/home/ssfa/ros2_ws/install/movement_pkg/share/movement_pkg/package.sh'
[4.144s] INFO:colcon.colcon_core.shell:Creating package script '/home/ssfa/ros2_ws/install/movement_pkg/share/movement_pkg/package.bash'
[4.144s] INFO:colcon.colcon_core.shell:Creating package script '/home/ssfa/ros2_ws/install/movement_pkg/share/movement_pkg/package.zsh'
[4.144s] Level 1:colcon.colcon_core.environment:create_file_with_runtime_dependencies(/home/ssfa/ros2_ws/install/movement_pkg/share/colcon-core/packages/movement_pkg)
[4.160s] DEBUG:colcon.colcon_core.event_handler.log_command:Invoked command in '/home/ssfa/ros2_ws/build/turtlebot3_as' returned '0': CMAKE_PREFIX_PATH=/home/ssfa/ros2_ws/install/t3_action_msg:/home/ssfa/ros2_ws/install/yolov8_bringup:/home/ssfa/ros2_ws/install/yolov8_msgs:/home/ssfa/ros2_ws/install/two_wheeled_robot:/home/ssfa/ros2_ws/install/turtlebot3:/home/ssfa/ros2_ws/install/turtlebot3_simulations:/home/ssfa/ros2_ws/install/turtlebot3_navigation2:/home/ssfa/ros2_ws/install/turtlebot3_msgs:/home/ssfa/ros2_ws/install/turtlebot3_gazebo:/home/ssfa/ros2_ws/install/turtlebot3_bringup:/home/ssfa/ros2_ws/install/turtlebot3_description:/home/ssfa/ros2_ws/install/turtlebot3_cartographer:/home/ssfa/ros2_ws/install/turtlebot3_as:/home/ssfa/ros2_ws/install/tiago_demo:/home/ssfa/ros2_ws/install/dynamixel_sdk:/home/ssfa/ros2_ws/install/custom_interfaces:/home/ssfa/ros2_ws/install/yolov8_ros:/home/ssfa/ros2_ws/install/turtlebot3_teleop:/home/ssfa/ros2_ws/install/turtlebot3_example:/home/ssfa/ros2_ws/install/topic_exercise:/home/ssfa/ros2_ws/install/subscriber_pkg:/home/ssfa/ros2_ws/install/services_pkg:/home/ssfa/ros2_ws/install/publisher_pkg:/home/ssfa/ros2_ws/install/my_package:/home/ssfa/ros2_ws/install/movement_pkg:/home/ssfa/ros2_ws/install/exercise_pkg:/home/ssfa/ros2_ws/install/cv_basics:/home/ssfa/ros2_ws/install/custom_interface_example:/home/ssfa/ros2_ws/install/client_pkg:/opt/ros/humble LD_LIBRARY_PATH=/home/ssfa/ros2_ws/install/t3_action_msg/lib:/home/ssfa/ros2_ws/install/yolov8_msgs/lib:/home/ssfa/ros2_ws/install/turtlebot3_msgs/lib:/home/ssfa/ros2_ws/install/dynamixel_sdk/lib:/home/ssfa/ros2_ws/install/custom_interfaces/lib:/usr/lib/x86_64-linux-gnu/gazebo-11/plugins:/opt/ros/humble/opt/rviz_ogre_vendor/lib:/opt/ros/humble/lib/x86_64-linux-gnu:/opt/ros/humble/lib /usr/bin/cmake /home/ssfa/ros2_ws/src/t3/turtlebot3_as -DAMENT_CMAKE_SYMLINK_INSTALL=1 -DCMAKE_INSTALL_PREFIX=/home/ssfa/ros2_ws/install/turtlebot3_as
[4.162s] DEBUG:colcon.colcon_core.event_handler.log_command:Invoking command in '/home/ssfa/ros2_ws/build/turtlebot3_as': CMAKE_PREFIX_PATH=/home/ssfa/ros2_ws/install/t3_action_msg:/home/ssfa/ros2_ws/install/yolov8_bringup:/home/ssfa/ros2_ws/install/yolov8_msgs:/home/ssfa/ros2_ws/install/two_wheeled_robot:/home/ssfa/ros2_ws/install/turtlebot3:/home/ssfa/ros2_ws/install/turtlebot3_simulations:/home/ssfa/ros2_ws/install/turtlebot3_navigation2:/home/ssfa/ros2_ws/install/turtlebot3_msgs:/home/ssfa/ros2_ws/install/turtlebot3_gazebo:/home/ssfa/ros2_ws/install/turtlebot3_bringup:/home/ssfa/ros2_ws/install/turtlebot3_description:/home/ssfa/ros2_ws/install/turtlebot3_cartographer:/home/ssfa/ros2_ws/install/turtlebot3_as:/home/ssfa/ros2_ws/install/tiago_demo:/home/ssfa/ros2_ws/install/dynamixel_sdk:/home/ssfa/ros2_ws/install/custom_interfaces:/home/ssfa/ros2_ws/install/yolov8_ros:/home/ssfa/ros2_ws/install/turtlebot3_teleop:/home/ssfa/ros2_ws/install/turtlebot3_example:/home/ssfa/ros2_ws/install/topic_exercise:/home/ssfa/ros2_ws/install/subscriber_pkg:/home/ssfa/ros2_ws/install/services_pkg:/home/ssfa/ros2_ws/install/publisher_pkg:/home/ssfa/ros2_ws/install/my_package:/home/ssfa/ros2_ws/install/movement_pkg:/home/ssfa/ros2_ws/install/exercise_pkg:/home/ssfa/ros2_ws/install/cv_basics:/home/ssfa/ros2_ws/install/custom_interface_example:/home/ssfa/ros2_ws/install/client_pkg:/opt/ros/humble LD_LIBRARY_PATH=/home/ssfa/ros2_ws/install/t3_action_msg/lib:/home/ssfa/ros2_ws/install/yolov8_msgs/lib:/home/ssfa/ros2_ws/install/turtlebot3_msgs/lib:/home/ssfa/ros2_ws/install/dynamixel_sdk/lib:/home/ssfa/ros2_ws/install/custom_interfaces/lib:/usr/lib/x86_64-linux-gnu/gazebo-11/plugins:/opt/ros/humble/opt/rviz_ogre_vendor/lib:/opt/ros/humble/lib/x86_64-linux-gnu:/opt/ros/humble/lib /usr/bin/cmake --build /home/ssfa/ros2_ws/build/turtlebot3_as -- -j12 -l12
[4.213s] DEBUG:colcon.colcon_core.event_handler.log_command:Invoked command in '/home/ssfa/ros2_ws/build/turtlebot3_as' returned '0': CMAKE_PREFIX_PATH=/home/ssfa/ros2_ws/install/t3_action_msg:/home/ssfa/ros2_ws/install/yolov8_bringup:/home/ssfa/ros2_ws/install/yolov8_msgs:/home/ssfa/ros2_ws/install/two_wheeled_robot:/home/ssfa/ros2_ws/install/turtlebot3:/home/ssfa/ros2_ws/install/turtlebot3_simulations:/home/ssfa/ros2_ws/install/turtlebot3_navigation2:/home/ssfa/ros2_ws/install/turtlebot3_msgs:/home/ssfa/ros2_ws/install/turtlebot3_gazebo:/home/ssfa/ros2_ws/install/turtlebot3_bringup:/home/ssfa/ros2_ws/install/turtlebot3_description:/home/ssfa/ros2_ws/install/turtlebot3_cartographer:/home/ssfa/ros2_ws/install/turtlebot3_as:/home/ssfa/ros2_ws/install/tiago_demo:/home/ssfa/ros2_ws/install/dynamixel_sdk:/home/ssfa/ros2_ws/install/custom_interfaces:/home/ssfa/ros2_ws/install/yolov8_ros:/home/ssfa/ros2_ws/install/turtlebot3_teleop:/home/ssfa/ros2_ws/install/turtlebot3_example:/home/ssfa/ros2_ws/install/topic_exercise:/home/ssfa/ros2_ws/install/subscriber_pkg:/home/ssfa/ros2_ws/install/services_pkg:/home/ssfa/ros2_ws/install/publisher_pkg:/home/ssfa/ros2_ws/install/my_package:/home/ssfa/ros2_ws/install/movement_pkg:/home/ssfa/ros2_ws/install/exercise_pkg:/home/ssfa/ros2_ws/install/cv_basics:/home/ssfa/ros2_ws/install/custom_interface_example:/home/ssfa/ros2_ws/install/client_pkg:/opt/ros/humble LD_LIBRARY_PATH=/home/ssfa/ros2_ws/install/t3_action_msg/lib:/home/ssfa/ros2_ws/install/yolov8_msgs/lib:/home/ssfa/ros2_ws/install/turtlebot3_msgs/lib:/home/ssfa/ros2_ws/install/dynamixel_sdk/lib:/home/ssfa/ros2_ws/install/custom_interfaces/lib:/usr/lib/x86_64-linux-gnu/gazebo-11/plugins:/opt/ros/humble/opt/rviz_ogre_vendor/lib:/opt/ros/humble/lib/x86_64-linux-gnu:/opt/ros/humble/lib /usr/bin/cmake --build /home/ssfa/ros2_ws/build/turtlebot3_as -- -j12 -l12
[4.239s] DEBUG:colcon.colcon_core.event_handler.log_command:Invoking command in '/home/ssfa/ros2_ws/build/turtlebot3_as': CMAKE_PREFIX_PATH=/home/ssfa/ros2_ws/install/t3_action_msg:/home/ssfa/ros2_ws/install/yolov8_bringup:/home/ssfa/ros2_ws/install/yolov8_msgs:/home/ssfa/ros2_ws/install/two_wheeled_robot:/home/ssfa/ros2_ws/install/turtlebot3:/home/ssfa/ros2_ws/install/turtlebot3_simulations:/home/ssfa/ros2_ws/install/turtlebot3_navigation2:/home/ssfa/ros2_ws/install/turtlebot3_msgs:/home/ssfa/ros2_ws/install/turtlebot3_gazebo:/home/ssfa/ros2_ws/install/turtlebot3_bringup:/home/ssfa/ros2_ws/install/turtlebot3_description:/home/ssfa/ros2_ws/install/turtlebot3_cartographer:/home/ssfa/ros2_ws/install/turtlebot3_as:/home/ssfa/ros2_ws/install/tiago_demo:/home/ssfa/ros2_ws/install/dynamixel_sdk:/home/ssfa/ros2_ws/install/custom_interfaces:/home/ssfa/ros2_ws/install/yolov8_ros:/home/ssfa/ros2_ws/install/turtlebot3_teleop:/home/ssfa/ros2_ws/install/turtlebot3_example:/home/ssfa/ros2_ws/install/topic_exercise:/home/ssfa/ros2_ws/install/subscriber_pkg:/home/ssfa/ros2_ws/install/services_pkg:/home/ssfa/ros2_ws/install/publisher_pkg:/home/ssfa/ros2_ws/install/my_package:/home/ssfa/ros2_ws/install/movement_pkg:/home/ssfa/ros2_ws/install/exercise_pkg:/home/ssfa/ros2_ws/install/cv_basics:/home/ssfa/ros2_ws/install/custom_interface_example:/home/ssfa/ros2_ws/install/client_pkg:/opt/ros/humble LD_LIBRARY_PATH=/home/ssfa/ros2_ws/install/t3_action_msg/lib:/home/ssfa/ros2_ws/install/yolov8_msgs/lib:/home/ssfa/ros2_ws/install/turtlebot3_msgs/lib:/home/ssfa/ros2_ws/install/dynamixel_sdk/lib:/home/ssfa/ros2_ws/install/custom_interfaces/lib:/usr/lib/x86_64-linux-gnu/gazebo-11/plugins:/opt/ros/humble/opt/rviz_ogre_vendor/lib:/opt/ros/humble/lib/x86_64-linux-gnu:/opt/ros/humble/lib /usr/bin/cmake --install /home/ssfa/ros2_ws/build/turtlebot3_as
[4.264s] Level 1:colcon.colcon_core.environment:create_environment_scripts_only(turtlebot3_as)
[4.265s] Level 1:colcon.colcon_core.environment:checking '/home/ssfa/ros2_ws/install/turtlebot3_as' for CMake module files
[4.265s] DEBUG:colcon.colcon_core.event_handler.log_command:Invoked command in '/home/ssfa/ros2_ws/build/turtlebot3_as' returned '0': CMAKE_PREFIX_PATH=/home/ssfa/ros2_ws/install/t3_action_msg:/home/ssfa/ros2_ws/install/yolov8_bringup:/home/ssfa/ros2_ws/install/yolov8_msgs:/home/ssfa/ros2_ws/install/two_wheeled_robot:/home/ssfa/ros2_ws/install/turtlebot3:/home/ssfa/ros2_ws/install/turtlebot3_simulations:/home/ssfa/ros2_ws/install/turtlebot3_navigation2:/home/ssfa/ros2_ws/install/turtlebot3_msgs:/home/ssfa/ros2_ws/install/turtlebot3_gazebo:/home/ssfa/ros2_ws/install/turtlebot3_bringup:/home/ssfa/ros2_ws/install/turtlebot3_description:/home/ssfa/ros2_ws/install/turtlebot3_cartographer:/home/ssfa/ros2_ws/install/turtlebot3_as:/home/ssfa/ros2_ws/install/tiago_demo:/home/ssfa/ros2_ws/install/dynamixel_sdk:/home/ssfa/ros2_ws/install/custom_interfaces:/home/ssfa/ros2_ws/install/yolov8_ros:/home/ssfa/ros2_ws/install/turtlebot3_teleop:/home/ssfa/ros2_ws/install/turtlebot3_example:/home/ssfa/ros2_ws/install/topic_exercise:/home/ssfa/ros2_ws/install/subscriber_pkg:/home/ssfa/ros2_ws/install/services_pkg:/home/ssfa/ros2_ws/install/publisher_pkg:/home/ssfa/ros2_ws/install/my_package:/home/ssfa/ros2_ws/install/movement_pkg:/home/ssfa/ros2_ws/install/exercise_pkg:/home/ssfa/ros2_ws/install/cv_basics:/home/ssfa/ros2_ws/install/custom_interface_example:/home/ssfa/ros2_ws/install/client_pkg:/opt/ros/humble LD_LIBRARY_PATH=/home/ssfa/ros2_ws/install/t3_action_msg/lib:/home/ssfa/ros2_ws/install/yolov8_msgs/lib:/home/ssfa/ros2_ws/install/turtlebot3_msgs/lib:/home/ssfa/ros2_ws/install/dynamixel_sdk/lib:/home/ssfa/ros2_ws/install/custom_interfaces/lib:/usr/lib/x86_64-linux-gnu/gazebo-11/plugins:/opt/ros/humble/opt/rviz_ogre_vendor/lib:/opt/ros/humble/lib/x86_64-linux-gnu:/opt/ros/humble/lib /usr/bin/cmake --install /home/ssfa/ros2_ws/build/turtlebot3_as
[4.266s] Level 1:colcon.colcon_core.environment:checking '/home/ssfa/ros2_ws/install/turtlebot3_as' for CMake config files
[4.266s] Level 1:colcon.colcon_core.shell:create_environment_hook('turtlebot3_as', 'cmake_prefix_path')
[4.267s] INFO:colcon.colcon_core.shell:Creating environment hook '/home/ssfa/ros2_ws/install/turtlebot3_as/share/turtlebot3_as/hook/cmake_prefix_path.ps1'
[4.267s] INFO:colcon.colcon_core.shell:Creating environment descriptor '/home/ssfa/ros2_ws/install/turtlebot3_as/share/turtlebot3_as/hook/cmake_prefix_path.dsv'
[4.268s] INFO:colcon.colcon_core.shell:Creating environment hook '/home/ssfa/ros2_ws/install/turtlebot3_as/share/turtlebot3_as/hook/cmake_prefix_path.sh'
[4.268s] Level 1:colcon.colcon_core.environment:checking '/home/ssfa/ros2_ws/install/turtlebot3_as/lib'
[4.268s] Level 1:colcon.colcon_core.environment:checking '/home/ssfa/ros2_ws/install/turtlebot3_as/bin'
[4.268s] Level 1:colcon.colcon_core.environment:checking '/home/ssfa/ros2_ws/install/turtlebot3_as/lib/pkgconfig/turtlebot3_as.pc'
[4.269s] Level 1:colcon.colcon_core.environment:checking '/home/ssfa/ros2_ws/install/turtlebot3_as/lib/python3.10/site-packages'
[4.269s] Level 1:colcon.colcon_core.environment:checking '/home/ssfa/ros2_ws/install/turtlebot3_as/bin'
[4.269s] INFO:colcon.colcon_core.shell:Creating package script '/home/ssfa/ros2_ws/install/turtlebot3_as/share/turtlebot3_as/package.ps1'
[4.270s] INFO:colcon.colcon_core.shell:Creating package descriptor '/home/ssfa/ros2_ws/install/turtlebot3_as/share/turtlebot3_as/package.dsv'
[4.270s] INFO:colcon.colcon_core.shell:Creating package script '/home/ssfa/ros2_ws/install/turtlebot3_as/share/turtlebot3_as/package.sh'
[4.271s] INFO:colcon.colcon_core.shell:Creating package script '/home/ssfa/ros2_ws/install/turtlebot3_as/share/turtlebot3_as/package.bash'
[4.271s] INFO:colcon.colcon_core.shell:Creating package script '/home/ssfa/ros2_ws/install/turtlebot3_as/share/turtlebot3_as/package.zsh'
[4.271s] Level 1:colcon.colcon_core.environment:create_file_with_runtime_dependencies(/home/ssfa/ros2_ws/install/turtlebot3_as/share/colcon-core/packages/turtlebot3_as)
[4.289s] Level 1:colcon.colcon_core.shell:create_environment_hook('turtlebot3_example', 'pythonpath_develop')
[4.289s] INFO:colcon.colcon_core.shell:Creating environment hook '/home/ssfa/ros2_ws/build/turtlebot3_example/share/turtlebot3_example/hook/pythonpath_develop.ps1'
[4.290s] DEBUG:colcon.colcon_core.event_handler.log_command:Invoked command in '/home/ssfa/ros2_ws/build/turtlebot3_example' returned '0': CMAKE_PREFIX_PATH=/home/ssfa/ros2_ws/install/turtlebot3_msgs:/home/ssfa/ros2_ws/install/yolov8_bringup:/home/ssfa/ros2_ws/install/yolov8_msgs:/home/ssfa/ros2_ws/install/two_wheeled_robot:/home/ssfa/ros2_ws/install/turtlebot3:/home/ssfa/ros2_ws/install/turtlebot3_simulations:/home/ssfa/ros2_ws/install/turtlebot3_navigation2:/home/ssfa/ros2_ws/install/turtlebot3_gazebo:/home/ssfa/ros2_ws/install/turtlebot3_bringup:/home/ssfa/ros2_ws/install/turtlebot3_description:/home/ssfa/ros2_ws/install/turtlebot3_cartographer:/home/ssfa/ros2_ws/install/turtlebot3_as:/home/ssfa/ros2_ws/install/tiago_demo:/home/ssfa/ros2_ws/install/t3_action_msg:/home/ssfa/ros2_ws/install/dynamixel_sdk:/home/ssfa/ros2_ws/install/custom_interfaces LD_LIBRARY_PATH=/home/ssfa/ros2_ws/install/turtlebot3_msgs/lib:/home/ssfa/ros2_ws/install/yolov8_msgs/lib:/home/ssfa/ros2_ws/install/t3_action_msg/lib:/home/ssfa/ros2_ws/install/dynamixel_sdk/lib:/home/ssfa/ros2_ws/install/custom_interfaces/lib:/usr/lib/x86_64-linux-gnu/gazebo-11/plugins:/opt/ros/humble/opt/rviz_ogre_vendor/lib:/opt/ros/humble/lib/x86_64-linux-gnu:/opt/ros/humble/lib PYTHONPATH=/home/ssfa/ros2_ws/build/turtlebot3_example/prefix_override:/usr/lib/python3/dist-packages/colcon_core/task/python/colcon_distutils_commands:/home/ssfa/ros2_ws/install/turtlebot3_example/lib/python3.10/site-packages:${PYTHONPATH} /usr/bin/python3 -W ignore:setup.py install is deprecated setup.py develop --editable --build-directory /home/ssfa/ros2_ws/build/turtlebot3_example/build --no-deps symlink_data --force
[4.290s] INFO:colcon.colcon_core.shell:Creating environment descriptor '/home/ssfa/ros2_ws/build/turtlebot3_example/share/turtlebot3_example/hook/pythonpath_develop.dsv'
[4.290s] INFO:colcon.colcon_core.shell:Creating environment hook '/home/ssfa/ros2_ws/build/turtlebot3_example/share/turtlebot3_example/hook/pythonpath_develop.sh'
[4.291s] Level 1:colcon.colcon_core.environment:checking '/home/ssfa/ros2_ws/install/turtlebot3_example' for CMake module files
[4.291s] Level 1:colcon.colcon_core.environment:checking '/home/ssfa/ros2_ws/install/turtlebot3_example' for CMake config files
[4.292s] Level 1:colcon.colcon_core.environment:checking '/home/ssfa/ros2_ws/install/turtlebot3_example/lib'
[4.292s] Level 1:colcon.colcon_core.environment:checking '/home/ssfa/ros2_ws/install/turtlebot3_example/bin'
[4.292s] Level 1:colcon.colcon_core.environment:checking '/home/ssfa/ros2_ws/install/turtlebot3_example/lib/pkgconfig/turtlebot3_example.pc'
[4.293s] Level 1:colcon.colcon_core.environment:checking '/home/ssfa/ros2_ws/install/turtlebot3_example/lib/python3.10/site-packages'
[4.293s] Level 1:colcon.colcon_core.shell:create_environment_hook('turtlebot3_example', 'pythonpath')
[4.293s] INFO:colcon.colcon_core.shell:Creating environment hook '/home/ssfa/ros2_ws/install/turtlebot3_example/share/turtlebot3_example/hook/pythonpath.ps1'
[4.294s] INFO:colcon.colcon_core.shell:Creating environment descriptor '/home/ssfa/ros2_ws/install/turtlebot3_example/share/turtlebot3_example/hook/pythonpath.dsv'
[4.294s] INFO:colcon.colcon_core.shell:Creating environment hook '/home/ssfa/ros2_ws/install/turtlebot3_example/share/turtlebot3_example/hook/pythonpath.sh'
[4.295s] Level 1:colcon.colcon_core.environment:checking '/home/ssfa/ros2_ws/install/turtlebot3_example/bin'
[4.295s] Level 1:colcon.colcon_core.environment:create_environment_scripts_only(turtlebot3_example)
[4.295s] INFO:colcon.colcon_core.shell:Creating package script '/home/ssfa/ros2_ws/install/turtlebot3_example/share/turtlebot3_example/package.ps1'
[4.296s] INFO:colcon.colcon_core.shell:Creating package descriptor '/home/ssfa/ros2_ws/install/turtlebot3_example/share/turtlebot3_example/package.dsv'
[4.296s] INFO:colcon.colcon_core.shell:Creating package script '/home/ssfa/ros2_ws/install/turtlebot3_example/share/turtlebot3_example/package.sh'
[4.296s] INFO:colcon.colcon_core.shell:Creating package script '/home/ssfa/ros2_ws/install/turtlebot3_example/share/turtlebot3_example/package.bash'
[4.297s] INFO:colcon.colcon_core.shell:Creating package script '/home/ssfa/ros2_ws/install/turtlebot3_example/share/turtlebot3_example/package.zsh'
[4.297s] Level 1:colcon.colcon_core.environment:create_file_with_runtime_dependencies(/home/ssfa/ros2_ws/install/turtlebot3_example/share/colcon-core/packages/turtlebot3_example)
[4.298s] INFO:colcon.colcon_ros.task.ament_cmake.build:Building ROS package in '/home/ssfa/ros2_ws/src/t3/turtlebot3/turtlebot3/turtlebot3' with build type 'ament_cmake'
[4.298s] INFO:colcon.colcon_cmake.task.cmake.build:Building CMake package in '/home/ssfa/ros2_ws/src/t3/turtlebot3/turtlebot3/turtlebot3'
[4.298s] INFO:colcon.colcon_core.shell:Skip shell extension 'powershell' for command environment: Not usable outside of PowerShell
[4.298s] DEBUG:colcon.colcon_core.shell:Skip shell extension 'dsv' for command environment
[4.303s] Level 1:colcon.colcon_core.environment:create_environment_scripts_only(turtlebot3_as)
[4.303s] Level 1:colcon.colcon_core.environment:checking '/home/ssfa/ros2_ws/install/turtlebot3_as' for CMake module files
[4.304s] Level 1:colcon.colcon_core.environment:checking '/home/ssfa/ros2_ws/install/turtlebot3_as' for CMake config files
[4.304s] Level 1:colcon.colcon_core.shell:create_environment_hook('turtlebot3_as', 'cmake_prefix_path')
[4.304s] INFO:colcon.colcon_core.shell:Creating environment hook '/home/ssfa/ros2_ws/install/turtlebot3_as/share/turtlebot3_as/hook/cmake_prefix_path.ps1'
[4.305s] INFO:colcon.colcon_core.shell:Creating environment descriptor '/home/ssfa/ros2_ws/install/turtlebot3_as/share/turtlebot3_as/hook/cmake_prefix_path.dsv'
[4.305s] INFO:colcon.colcon_core.shell:Creating environment hook '/home/ssfa/ros2_ws/install/turtlebot3_as/share/turtlebot3_as/hook/cmake_prefix_path.sh'
[4.306s] Level 1:colcon.colcon_core.environment:checking '/home/ssfa/ros2_ws/install/turtlebot3_as/lib'
[4.306s] Level 1:colcon.colcon_core.environment:checking '/home/ssfa/ros2_ws/install/turtlebot3_as/bin'
[4.306s] Level 1:colcon.colcon_core.environment:checking '/home/ssfa/ros2_ws/install/turtlebot3_as/lib/pkgconfig/turtlebot3_as.pc'
[4.306s] Level 1:colcon.colcon_core.environment:checking '/home/ssfa/ros2_ws/install/turtlebot3_as/lib/python3.10/site-packages'
[4.306s] Level 1:colcon.colcon_core.environment:checking '/home/ssfa/ros2_ws/install/turtlebot3_as/bin'
[4.307s] INFO:colcon.colcon_core.shell:Creating package script '/home/ssfa/ros2_ws/install/turtlebot3_as/share/turtlebot3_as/package.ps1'
[4.307s] INFO:colcon.colcon_core.shell:Creating package descriptor '/home/ssfa/ros2_ws/install/turtlebot3_as/share/turtlebot3_as/package.dsv'
[4.308s] INFO:colcon.colcon_core.shell:Creating package script '/home/ssfa/ros2_ws/install/turtlebot3_as/share/turtlebot3_as/package.sh'
[4.308s] INFO:colcon.colcon_core.shell:Creating package script '/home/ssfa/ros2_ws/install/turtlebot3_as/share/turtlebot3_as/package.bash'
[4.309s] INFO:colcon.colcon_core.shell:Creating package script '/home/ssfa/ros2_ws/install/turtlebot3_as/share/turtlebot3_as/package.zsh'
[4.309s] Level 1:colcon.colcon_core.environment:create_file_with_runtime_dependencies(/home/ssfa/ros2_ws/install/turtlebot3_as/share/colcon-core/packages/turtlebot3_as)
[4.310s] Level 1:colcon.colcon_core.shell:create_environment_hook('custom_interface_example', 'pythonpath_develop')
[4.311s] INFO:colcon.colcon_core.shell:Creating environment hook '/home/ssfa/ros2_ws/build/custom_interface_example/share/custom_interface_example/hook/pythonpath_develop.ps1'
[4.311s] DEBUG:colcon.colcon_core.event_handler.log_command:Invoked command in '/home/ssfa/ros2_ws/build/custom_interface_example' returned '0': CMAKE_PREFIX_PATH=/home/ssfa/ros2_ws/install/custom_interfaces:/home/ssfa/ros2_ws/install/yolov8_bringup:/home/ssfa/ros2_ws/install/yolov8_msgs:/home/ssfa/ros2_ws/install/two_wheeled_robot:/home/ssfa/ros2_ws/install/turtlebot3:/home/ssfa/ros2_ws/install/turtlebot3_simulations:/home/ssfa/ros2_ws/install/turtlebot3_navigation2:/home/ssfa/ros2_ws/install/turtlebot3_msgs:/home/ssfa/ros2_ws/install/turtlebot3_gazebo:/home/ssfa/ros2_ws/install/turtlebot3_bringup:/home/ssfa/ros2_ws/install/turtlebot3_description:/home/ssfa/ros2_ws/install/turtlebot3_cartographer:/home/ssfa/ros2_ws/install/turtlebot3_as:/home/ssfa/ros2_ws/install/tiago_demo:/home/ssfa/ros2_ws/install/t3_action_msg:/home/ssfa/ros2_ws/install/dynamixel_sdk LD_LIBRARY_PATH=/home/ssfa/ros2_ws/install/custom_interfaces/lib:/home/ssfa/ros2_ws/install/yolov8_msgs/lib:/home/ssfa/ros2_ws/install/turtlebot3_msgs/lib:/home/ssfa/ros2_ws/install/t3_action_msg/lib:/home/ssfa/ros2_ws/install/dynamixel_sdk/lib:/usr/lib/x86_64-linux-gnu/gazebo-11/plugins:/opt/ros/humble/opt/rviz_ogre_vendor/lib:/opt/ros/humble/lib/x86_64-linux-gnu:/opt/ros/humble/lib PYTHONPATH=/home/ssfa/ros2_ws/build/custom_interface_example/prefix_override:/usr/lib/python3/dist-packages/colcon_core/task/python/colcon_distutils_commands:/home/ssfa/ros2_ws/install/custom_interface_example/lib/python3.10/site-packages:${PYTHONPATH} /usr/bin/python3 -W ignore:setup.py install is deprecated setup.py develop --editable --build-directory /home/ssfa/ros2_ws/build/custom_interface_example/build --no-deps symlink_data --force
[4.311s] INFO:colcon.colcon_core.shell:Creating environment descriptor '/home/ssfa/ros2_ws/build/custom_interface_example/share/custom_interface_example/hook/pythonpath_develop.dsv'
[4.312s] INFO:colcon.colcon_core.shell:Creating environment hook '/home/ssfa/ros2_ws/build/custom_interface_example/share/custom_interface_example/hook/pythonpath_develop.sh'
[4.312s] Level 1:colcon.colcon_core.environment:checking '/home/ssfa/ros2_ws/install/custom_interface_example' for CMake module files
[4.312s] Level 1:colcon.colcon_core.environment:checking '/home/ssfa/ros2_ws/install/custom_interface_example' for CMake config files
[4.313s] Level 1:colcon.colcon_core.environment:checking '/home/ssfa/ros2_ws/install/custom_interface_example/lib'
[4.313s] Level 1:colcon.colcon_core.environment:checking '/home/ssfa/ros2_ws/install/custom_interface_example/bin'
[4.313s] Level 1:colcon.colcon_core.environment:checking '/home/ssfa/ros2_ws/install/custom_interface_example/lib/pkgconfig/custom_interface_example.pc'
[4.313s] Level 1:colcon.colcon_core.environment:checking '/home/ssfa/ros2_ws/install/custom_interface_example/lib/python3.10/site-packages'
[4.313s] Level 1:colcon.colcon_core.shell:create_environment_hook('custom_interface_example', 'pythonpath')
[4.313s] INFO:colcon.colcon_core.shell:Creating environment hook '/home/ssfa/ros2_ws/install/custom_interface_example/share/custom_interface_example/hook/pythonpath.ps1'
[4.314s] INFO:colcon.colcon_core.shell:Creating environment descriptor '/home/ssfa/ros2_ws/install/custom_interface_example/share/custom_interface_example/hook/pythonpath.dsv'
[4.314s] INFO:colcon.colcon_core.shell:Creating environment hook '/home/ssfa/ros2_ws/install/custom_interface_example/share/custom_interface_example/hook/pythonpath.sh'
[4.314s] Level 1:colcon.colcon_core.environment:checking '/home/ssfa/ros2_ws/install/custom_interface_example/bin'
[4.314s] Level 1:colcon.colcon_core.environment:create_environment_scripts_only(custom_interface_example)
[4.315s] INFO:colcon.colcon_core.shell:Creating package script '/home/ssfa/ros2_ws/install/custom_interface_example/share/custom_interface_example/package.ps1'
[4.315s] INFO:colcon.colcon_core.shell:Creating package descriptor '/home/ssfa/ros2_ws/install/custom_interface_example/share/custom_interface_example/package.dsv'
[4.315s] INFO:colcon.colcon_core.shell:Creating package script '/home/ssfa/ros2_ws/install/custom_interface_example/share/custom_interface_example/package.sh'
[4.316s] INFO:colcon.colcon_core.shell:Creating package script '/home/ssfa/ros2_ws/install/custom_interface_example/share/custom_interface_example/package.bash'
[4.316s] INFO:colcon.colcon_core.shell:Creating package script '/home/ssfa/ros2_ws/install/custom_interface_example/share/custom_interface_example/package.zsh'
[4.316s] Level 1:colcon.colcon_core.environment:create_file_with_runtime_dependencies(/home/ssfa/ros2_ws/install/custom_interface_example/share/colcon-core/packages/custom_interface_example)
[4.319s] DEBUG:colcon.colcon_core.event_handler.log_command:Invoking command in '/home/ssfa/ros2_ws/build/turtlebot3': AMENT_PREFIX_PATH=/home/ssfa/ros2_ws/install/turtlebot3_example:/home/ssfa/ros2_ws/install/turtlebot3_teleop:/home/ssfa/ros2_ws/install/yolov8_bringup:/home/ssfa/ros2_ws/install/yolov8_ros:/home/ssfa/ros2_ws/install/yolov8_msgs:/home/ssfa/ros2_ws/install/two_wheeled_robot:/home/ssfa/ros2_ws/install/turtlebot3:/home/ssfa/ros2_ws/install/turtlebot3_simulations:/home/ssfa/ros2_ws/install/turtlebot3_navigation2:/home/ssfa/ros2_ws/install/turtlebot3_msgs:/home/ssfa/ros2_ws/install/turtlebot3_gazebo:/home/ssfa/ros2_ws/install/turtlebot3_bringup:/home/ssfa/ros2_ws/install/turtlebot3_description:/home/ssfa/ros2_ws/install/turtlebot3_cartographer:/home/ssfa/ros2_ws/install/turtlebot3_as:/home/ssfa/ros2_ws/install/topic_exercise:/home/ssfa/ros2_ws/install/tiago_demo:/home/ssfa/ros2_ws/install/t3_action_msg:/home/ssfa/ros2_ws/install/subscriber_pkg:/home/ssfa/ros2_ws/install/services_pkg:/home/ssfa/ros2_ws/install/publisher_pkg:/home/ssfa/ros2_ws/install/my_package:/home/ssfa/ros2_ws/install/movement_pkg:/home/ssfa/ros2_ws/install/exercise_pkg:/home/ssfa/ros2_ws/install/dynamixel_sdk:/home/ssfa/ros2_ws/install/cv_basics:/home/ssfa/ros2_ws/install/custom_interface_example:/home/ssfa/ros2_ws/install/custom_interfaces:/home/ssfa/ros2_ws/install/client_pkg:/opt/ros/humble CMAKE_PREFIX_PATH=/home/ssfa/ros2_ws/install/turtlebot3_bringup:/home/ssfa/ros2_ws/install/turtlebot3_navigation2:/home/ssfa/ros2_ws/install/turtlebot3_msgs:/home/ssfa/ros2_ws/install/turtlebot3_description:/home/ssfa/ros2_ws/install/turtlebot3_cartographer:/home/ssfa/ros2_ws/install/yolov8_bringup:/home/ssfa/ros2_ws/install/yolov8_msgs:/home/ssfa/ros2_ws/install/two_wheeled_robot:/home/ssfa/ros2_ws/install/turtlebot3:/home/ssfa/ros2_ws/install/turtlebot3_simulations:/home/ssfa/ros2_ws/install/turtlebot3_gazebo:/home/ssfa/ros2_ws/install/turtlebot3_as:/home/ssfa/ros2_ws/install/tiago_demo:/home/ssfa/ros2_ws/install/t3_action_msg:/home/ssfa/ros2_ws/install/dynamixel_sdk:/home/ssfa/ros2_ws/install/custom_interfaces:/home/ssfa/ros2_ws/install/yolov8_ros:/home/ssfa/ros2_ws/install/turtlebot3_teleop:/home/ssfa/ros2_ws/install/turtlebot3_example:/home/ssfa/ros2_ws/install/topic_exercise:/home/ssfa/ros2_ws/install/subscriber_pkg:/home/ssfa/ros2_ws/install/services_pkg:/home/ssfa/ros2_ws/install/publisher_pkg:/home/ssfa/ros2_ws/install/my_package:/home/ssfa/ros2_ws/install/movement_pkg:/home/ssfa/ros2_ws/install/exercise_pkg:/home/ssfa/ros2_ws/install/cv_basics:/home/ssfa/ros2_ws/install/custom_interface_example:/home/ssfa/ros2_ws/install/client_pkg:/opt/ros/humble LD_LIBRARY_PATH=/home/ssfa/ros2_ws/install/turtlebot3_msgs/lib:/home/ssfa/ros2_ws/install/yolov8_msgs/lib:/home/ssfa/ros2_ws/install/t3_action_msg/lib:/home/ssfa/ros2_ws/install/dynamixel_sdk/lib:/home/ssfa/ros2_ws/install/custom_interfaces/lib:/usr/lib/x86_64-linux-gnu/gazebo-11/plugins:/opt/ros/humble/opt/rviz_ogre_vendor/lib:/opt/ros/humble/lib/x86_64-linux-gnu:/opt/ros/humble/lib PYTHONPATH=/home/ssfa/ros2_ws/build/turtlebot3_example:/home/ssfa/ros2_ws/install/turtlebot3_example/lib/python3.10/site-packages:/home/ssfa/ros2_ws/build/turtlebot3_teleop:/home/ssfa/ros2_ws/install/turtlebot3_teleop/lib/python3.10/site-packages:/home/ssfa/ros2_ws/install/yolov8_ros/lib/python3.10/site-packages:/home/ssfa/ros2_ws/install/yolov8_msgs/local/lib/python3.10/dist-packages:/home/ssfa/ros2_ws/install/two_wheeled_robot/local/lib/python3.10/dist-packages:/home/ssfa/ros2_ws/install/turtlebot3_msgs/local/lib/python3.10/dist-packages:/home/ssfa/ros2_ws/install/topic_exercise/lib/python3.10/site-packages:/home/ssfa/ros2_ws/install/t3_action_msg/local/lib/python3.10/dist-packages:/home/ssfa/ros2_ws/install/subscriber_pkg/lib/python3.10/site-packages:/home/ssfa/ros2_ws/install/services_pkg/lib/python3.10/site-packages:/home/ssfa/ros2_ws/install/publisher_pkg/lib/python3.10/site-packages:/home/ssfa/ros2_ws/install/my_package/lib/python3.10/site-packages:/home/ssfa/ros2_ws/install/movement_pkg/lib/python3.10/site-packages:/home/ssfa/ros2_ws/install/exercise_pkg/lib/python3.10/site-packages:/home/ssfa/ros2_ws/build/cv_basics:/home/ssfa/ros2_ws/install/cv_basics/lib/python3.10/site-packages:/home/ssfa/ros2_ws/install/custom_interface_example/lib/python3.10/site-packages:/home/ssfa/ros2_ws/install/custom_interfaces/local/lib/python3.10/dist-packages:/home/ssfa/ros2_ws/install/client_pkg/lib/python3.10/site-packages:/opt/ros/humble/lib/python3.10/site-packages:/opt/ros/humble/local/lib/python3.10/dist-packages /usr/bin/cmake /home/ssfa/ros2_ws/src/t3/turtlebot3/turtlebot3/turtlebot3 -DAMENT_CMAKE_SYMLINK_INSTALL=1 -DCMAKE_INSTALL_PREFIX=/home/ssfa/ros2_ws/install/turtlebot3
[4.491s] DEBUG:colcon.colcon_core.event_handler.log_command:Invoked command in '/home/ssfa/ros2_ws/build/turtlebot3' returned '0': AMENT_PREFIX_PATH=/home/ssfa/ros2_ws/install/turtlebot3_example:/home/ssfa/ros2_ws/install/turtlebot3_teleop:/home/ssfa/ros2_ws/install/yolov8_bringup:/home/ssfa/ros2_ws/install/yolov8_ros:/home/ssfa/ros2_ws/install/yolov8_msgs:/home/ssfa/ros2_ws/install/two_wheeled_robot:/home/ssfa/ros2_ws/install/turtlebot3:/home/ssfa/ros2_ws/install/turtlebot3_simulations:/home/ssfa/ros2_ws/install/turtlebot3_navigation2:/home/ssfa/ros2_ws/install/turtlebot3_msgs:/home/ssfa/ros2_ws/install/turtlebot3_gazebo:/home/ssfa/ros2_ws/install/turtlebot3_bringup:/home/ssfa/ros2_ws/install/turtlebot3_description:/home/ssfa/ros2_ws/install/turtlebot3_cartographer:/home/ssfa/ros2_ws/install/turtlebot3_as:/home/ssfa/ros2_ws/install/topic_exercise:/home/ssfa/ros2_ws/install/tiago_demo:/home/ssfa/ros2_ws/install/t3_action_msg:/home/ssfa/ros2_ws/install/subscriber_pkg:/home/ssfa/ros2_ws/install/services_pkg:/home/ssfa/ros2_ws/install/publisher_pkg:/home/ssfa/ros2_ws/install/my_package:/home/ssfa/ros2_ws/install/movement_pkg:/home/ssfa/ros2_ws/install/exercise_pkg:/home/ssfa/ros2_ws/install/dynamixel_sdk:/home/ssfa/ros2_ws/install/cv_basics:/home/ssfa/ros2_ws/install/custom_interface_example:/home/ssfa/ros2_ws/install/custom_interfaces:/home/ssfa/ros2_ws/install/client_pkg:/opt/ros/humble CMAKE_PREFIX_PATH=/home/ssfa/ros2_ws/install/turtlebot3_bringup:/home/ssfa/ros2_ws/install/turtlebot3_navigation2:/home/ssfa/ros2_ws/install/turtlebot3_msgs:/home/ssfa/ros2_ws/install/turtlebot3_description:/home/ssfa/ros2_ws/install/turtlebot3_cartographer:/home/ssfa/ros2_ws/install/yolov8_bringup:/home/ssfa/ros2_ws/install/yolov8_msgs:/home/ssfa/ros2_ws/install/two_wheeled_robot:/home/ssfa/ros2_ws/install/turtlebot3:/home/ssfa/ros2_ws/install/turtlebot3_simulations:/home/ssfa/ros2_ws/install/turtlebot3_gazebo:/home/ssfa/ros2_ws/install/turtlebot3_as:/home/ssfa/ros2_ws/install/tiago_demo:/home/ssfa/ros2_ws/install/t3_action_msg:/home/ssfa/ros2_ws/install/dynamixel_sdk:/home/ssfa/ros2_ws/install/custom_interfaces:/home/ssfa/ros2_ws/install/yolov8_ros:/home/ssfa/ros2_ws/install/turtlebot3_teleop:/home/ssfa/ros2_ws/install/turtlebot3_example:/home/ssfa/ros2_ws/install/topic_exercise:/home/ssfa/ros2_ws/install/subscriber_pkg:/home/ssfa/ros2_ws/install/services_pkg:/home/ssfa/ros2_ws/install/publisher_pkg:/home/ssfa/ros2_ws/install/my_package:/home/ssfa/ros2_ws/install/movement_pkg:/home/ssfa/ros2_ws/install/exercise_pkg:/home/ssfa/ros2_ws/install/cv_basics:/home/ssfa/ros2_ws/install/custom_interface_example:/home/ssfa/ros2_ws/install/client_pkg:/opt/ros/humble LD_LIBRARY_PATH=/home/ssfa/ros2_ws/install/turtlebot3_msgs/lib:/home/ssfa/ros2_ws/install/yolov8_msgs/lib:/home/ssfa/ros2_ws/install/t3_action_msg/lib:/home/ssfa/ros2_ws/install/dynamixel_sdk/lib:/home/ssfa/ros2_ws/install/custom_interfaces/lib:/usr/lib/x86_64-linux-gnu/gazebo-11/plugins:/opt/ros/humble/opt/rviz_ogre_vendor/lib:/opt/ros/humble/lib/x86_64-linux-gnu:/opt/ros/humble/lib PYTHONPATH=/home/ssfa/ros2_ws/build/turtlebot3_example:/home/ssfa/ros2_ws/install/turtlebot3_example/lib/python3.10/site-packages:/home/ssfa/ros2_ws/build/turtlebot3_teleop:/home/ssfa/ros2_ws/install/turtlebot3_teleop/lib/python3.10/site-packages:/home/ssfa/ros2_ws/install/yolov8_ros/lib/python3.10/site-packages:/home/ssfa/ros2_ws/install/yolov8_msgs/local/lib/python3.10/dist-packages:/home/ssfa/ros2_ws/install/two_wheeled_robot/local/lib/python3.10/dist-packages:/home/ssfa/ros2_ws/install/turtlebot3_msgs/local/lib/python3.10/dist-packages:/home/ssfa/ros2_ws/install/topic_exercise/lib/python3.10/site-packages:/home/ssfa/ros2_ws/install/t3_action_msg/local/lib/python3.10/dist-packages:/home/ssfa/ros2_ws/install/subscriber_pkg/lib/python3.10/site-packages:/home/ssfa/ros2_ws/install/services_pkg/lib/python3.10/site-packages:/home/ssfa/ros2_ws/install/publisher_pkg/lib/python3.10/site-packages:/home/ssfa/ros2_ws/install/my_package/lib/python3.10/site-packages:/home/ssfa/ros2_ws/install/movement_pkg/lib/python3.10/site-packages:/home/ssfa/ros2_ws/install/exercise_pkg/lib/python3.10/site-packages:/home/ssfa/ros2_ws/build/cv_basics:/home/ssfa/ros2_ws/install/cv_basics/lib/python3.10/site-packages:/home/ssfa/ros2_ws/install/custom_interface_example/lib/python3.10/site-packages:/home/ssfa/ros2_ws/install/custom_interfaces/local/lib/python3.10/dist-packages:/home/ssfa/ros2_ws/install/client_pkg/lib/python3.10/site-packages:/opt/ros/humble/lib/python3.10/site-packages:/opt/ros/humble/local/lib/python3.10/dist-packages /usr/bin/cmake /home/ssfa/ros2_ws/src/t3/turtlebot3/turtlebot3/turtlebot3 -DAMENT_CMAKE_SYMLINK_INSTALL=1 -DCMAKE_INSTALL_PREFIX=/home/ssfa/ros2_ws/install/turtlebot3
[4.492s] DEBUG:colcon.colcon_core.event_handler.log_command:Invoking command in '/home/ssfa/ros2_ws/build/turtlebot3': AMENT_PREFIX_PATH=/home/ssfa/ros2_ws/install/turtlebot3_example:/home/ssfa/ros2_ws/install/turtlebot3_teleop:/home/ssfa/ros2_ws/install/yolov8_bringup:/home/ssfa/ros2_ws/install/yolov8_ros:/home/ssfa/ros2_ws/install/yolov8_msgs:/home/ssfa/ros2_ws/install/two_wheeled_robot:/home/ssfa/ros2_ws/install/turtlebot3:/home/ssfa/ros2_ws/install/turtlebot3_simulations:/home/ssfa/ros2_ws/install/turtlebot3_navigation2:/home/ssfa/ros2_ws/install/turtlebot3_msgs:/home/ssfa/ros2_ws/install/turtlebot3_gazebo:/home/ssfa/ros2_ws/install/turtlebot3_bringup:/home/ssfa/ros2_ws/install/turtlebot3_description:/home/ssfa/ros2_ws/install/turtlebot3_cartographer:/home/ssfa/ros2_ws/install/turtlebot3_as:/home/ssfa/ros2_ws/install/topic_exercise:/home/ssfa/ros2_ws/install/tiago_demo:/home/ssfa/ros2_ws/install/t3_action_msg:/home/ssfa/ros2_ws/install/subscriber_pkg:/home/ssfa/ros2_ws/install/services_pkg:/home/ssfa/ros2_ws/install/publisher_pkg:/home/ssfa/ros2_ws/install/my_package:/home/ssfa/ros2_ws/install/movement_pkg:/home/ssfa/ros2_ws/install/exercise_pkg:/home/ssfa/ros2_ws/install/dynamixel_sdk:/home/ssfa/ros2_ws/install/cv_basics:/home/ssfa/ros2_ws/install/custom_interface_example:/home/ssfa/ros2_ws/install/custom_interfaces:/home/ssfa/ros2_ws/install/client_pkg:/opt/ros/humble CMAKE_PREFIX_PATH=/home/ssfa/ros2_ws/install/turtlebot3_bringup:/home/ssfa/ros2_ws/install/turtlebot3_navigation2:/home/ssfa/ros2_ws/install/turtlebot3_msgs:/home/ssfa/ros2_ws/install/turtlebot3_description:/home/ssfa/ros2_ws/install/turtlebot3_cartographer:/home/ssfa/ros2_ws/install/yolov8_bringup:/home/ssfa/ros2_ws/install/yolov8_msgs:/home/ssfa/ros2_ws/install/two_wheeled_robot:/home/ssfa/ros2_ws/install/turtlebot3:/home/ssfa/ros2_ws/install/turtlebot3_simulations:/home/ssfa/ros2_ws/install/turtlebot3_gazebo:/home/ssfa/ros2_ws/install/turtlebot3_as:/home/ssfa/ros2_ws/install/tiago_demo:/home/ssfa/ros2_ws/install/t3_action_msg:/home/ssfa/ros2_ws/install/dynamixel_sdk:/home/ssfa/ros2_ws/install/custom_interfaces:/home/ssfa/ros2_ws/install/yolov8_ros:/home/ssfa/ros2_ws/install/turtlebot3_teleop:/home/ssfa/ros2_ws/install/turtlebot3_example:/home/ssfa/ros2_ws/install/topic_exercise:/home/ssfa/ros2_ws/install/subscriber_pkg:/home/ssfa/ros2_ws/install/services_pkg:/home/ssfa/ros2_ws/install/publisher_pkg:/home/ssfa/ros2_ws/install/my_package:/home/ssfa/ros2_ws/install/movement_pkg:/home/ssfa/ros2_ws/install/exercise_pkg:/home/ssfa/ros2_ws/install/cv_basics:/home/ssfa/ros2_ws/install/custom_interface_example:/home/ssfa/ros2_ws/install/client_pkg:/opt/ros/humble LD_LIBRARY_PATH=/home/ssfa/ros2_ws/install/turtlebot3_msgs/lib:/home/ssfa/ros2_ws/install/yolov8_msgs/lib:/home/ssfa/ros2_ws/install/t3_action_msg/lib:/home/ssfa/ros2_ws/install/dynamixel_sdk/lib:/home/ssfa/ros2_ws/install/custom_interfaces/lib:/usr/lib/x86_64-linux-gnu/gazebo-11/plugins:/opt/ros/humble/opt/rviz_ogre_vendor/lib:/opt/ros/humble/lib/x86_64-linux-gnu:/opt/ros/humble/lib PYTHONPATH=/home/ssfa/ros2_ws/build/turtlebot3_example:/home/ssfa/ros2_ws/install/turtlebot3_example/lib/python3.10/site-packages:/home/ssfa/ros2_ws/build/turtlebot3_teleop:/home/ssfa/ros2_ws/install/turtlebot3_teleop/lib/python3.10/site-packages:/home/ssfa/ros2_ws/install/yolov8_ros/lib/python3.10/site-packages:/home/ssfa/ros2_ws/install/yolov8_msgs/local/lib/python3.10/dist-packages:/home/ssfa/ros2_ws/install/two_wheeled_robot/local/lib/python3.10/dist-packages:/home/ssfa/ros2_ws/install/turtlebot3_msgs/local/lib/python3.10/dist-packages:/home/ssfa/ros2_ws/install/topic_exercise/lib/python3.10/site-packages:/home/ssfa/ros2_ws/install/t3_action_msg/local/lib/python3.10/dist-packages:/home/ssfa/ros2_ws/install/subscriber_pkg/lib/python3.10/site-packages:/home/ssfa/ros2_ws/install/services_pkg/lib/python3.10/site-packages:/home/ssfa/ros2_ws/install/publisher_pkg/lib/python3.10/site-packages:/home/ssfa/ros2_ws/install/my_package/lib/python3.10/site-packages:/home/ssfa/ros2_ws/install/movement_pkg/lib/python3.10/site-packages:/home/ssfa/ros2_ws/install/exercise_pkg/lib/python3.10/site-packages:/home/ssfa/ros2_ws/build/cv_basics:/home/ssfa/ros2_ws/install/cv_basics/lib/python3.10/site-packages:/home/ssfa/ros2_ws/install/custom_interface_example/lib/python3.10/site-packages:/home/ssfa/ros2_ws/install/custom_interfaces/local/lib/python3.10/dist-packages:/home/ssfa/ros2_ws/install/client_pkg/lib/python3.10/site-packages:/opt/ros/humble/lib/python3.10/site-packages:/opt/ros/humble/local/lib/python3.10/dist-packages /usr/bin/cmake --build /home/ssfa/ros2_ws/build/turtlebot3 -- -j12 -l12
[4.517s] DEBUG:colcon.colcon_core.event_handler.log_command:Invoked command in '/home/ssfa/ros2_ws/build/turtlebot3' returned '0': AMENT_PREFIX_PATH=/home/ssfa/ros2_ws/install/turtlebot3_example:/home/ssfa/ros2_ws/install/turtlebot3_teleop:/home/ssfa/ros2_ws/install/yolov8_bringup:/home/ssfa/ros2_ws/install/yolov8_ros:/home/ssfa/ros2_ws/install/yolov8_msgs:/home/ssfa/ros2_ws/install/two_wheeled_robot:/home/ssfa/ros2_ws/install/turtlebot3:/home/ssfa/ros2_ws/install/turtlebot3_simulations:/home/ssfa/ros2_ws/install/turtlebot3_navigation2:/home/ssfa/ros2_ws/install/turtlebot3_msgs:/home/ssfa/ros2_ws/install/turtlebot3_gazebo:/home/ssfa/ros2_ws/install/turtlebot3_bringup:/home/ssfa/ros2_ws/install/turtlebot3_description:/home/ssfa/ros2_ws/install/turtlebot3_cartographer:/home/ssfa/ros2_ws/install/turtlebot3_as:/home/ssfa/ros2_ws/install/topic_exercise:/home/ssfa/ros2_ws/install/tiago_demo:/home/ssfa/ros2_ws/install/t3_action_msg:/home/ssfa/ros2_ws/install/subscriber_pkg:/home/ssfa/ros2_ws/install/services_pkg:/home/ssfa/ros2_ws/install/publisher_pkg:/home/ssfa/ros2_ws/install/my_package:/home/ssfa/ros2_ws/install/movement_pkg:/home/ssfa/ros2_ws/install/exercise_pkg:/home/ssfa/ros2_ws/install/dynamixel_sdk:/home/ssfa/ros2_ws/install/cv_basics:/home/ssfa/ros2_ws/install/custom_interface_example:/home/ssfa/ros2_ws/install/custom_interfaces:/home/ssfa/ros2_ws/install/client_pkg:/opt/ros/humble CMAKE_PREFIX_PATH=/home/ssfa/ros2_ws/install/turtlebot3_bringup:/home/ssfa/ros2_ws/install/turtlebot3_navigation2:/home/ssfa/ros2_ws/install/turtlebot3_msgs:/home/ssfa/ros2_ws/install/turtlebot3_description:/home/ssfa/ros2_ws/install/turtlebot3_cartographer:/home/ssfa/ros2_ws/install/yolov8_bringup:/home/ssfa/ros2_ws/install/yolov8_msgs:/home/ssfa/ros2_ws/install/two_wheeled_robot:/home/ssfa/ros2_ws/install/turtlebot3:/home/ssfa/ros2_ws/install/turtlebot3_simulations:/home/ssfa/ros2_ws/install/turtlebot3_gazebo:/home/ssfa/ros2_ws/install/turtlebot3_as:/home/ssfa/ros2_ws/install/tiago_demo:/home/ssfa/ros2_ws/install/t3_action_msg:/home/ssfa/ros2_ws/install/dynamixel_sdk:/home/ssfa/ros2_ws/install/custom_interfaces:/home/ssfa/ros2_ws/install/yolov8_ros:/home/ssfa/ros2_ws/install/turtlebot3_teleop:/home/ssfa/ros2_ws/install/turtlebot3_example:/home/ssfa/ros2_ws/install/topic_exercise:/home/ssfa/ros2_ws/install/subscriber_pkg:/home/ssfa/ros2_ws/install/services_pkg:/home/ssfa/ros2_ws/install/publisher_pkg:/home/ssfa/ros2_ws/install/my_package:/home/ssfa/ros2_ws/install/movement_pkg:/home/ssfa/ros2_ws/install/exercise_pkg:/home/ssfa/ros2_ws/install/cv_basics:/home/ssfa/ros2_ws/install/custom_interface_example:/home/ssfa/ros2_ws/install/client_pkg:/opt/ros/humble LD_LIBRARY_PATH=/home/ssfa/ros2_ws/install/turtlebot3_msgs/lib:/home/ssfa/ros2_ws/install/yolov8_msgs/lib:/home/ssfa/ros2_ws/install/t3_action_msg/lib:/home/ssfa/ros2_ws/install/dynamixel_sdk/lib:/home/ssfa/ros2_ws/install/custom_interfaces/lib:/usr/lib/x86_64-linux-gnu/gazebo-11/plugins:/opt/ros/humble/opt/rviz_ogre_vendor/lib:/opt/ros/humble/lib/x86_64-linux-gnu:/opt/ros/humble/lib PYTHONPATH=/home/ssfa/ros2_ws/build/turtlebot3_example:/home/ssfa/ros2_ws/install/turtlebot3_example/lib/python3.10/site-packages:/home/ssfa/ros2_ws/build/turtlebot3_teleop:/home/ssfa/ros2_ws/install/turtlebot3_teleop/lib/python3.10/site-packages:/home/ssfa/ros2_ws/install/yolov8_ros/lib/python3.10/site-packages:/home/ssfa/ros2_ws/install/yolov8_msgs/local/lib/python3.10/dist-packages:/home/ssfa/ros2_ws/install/two_wheeled_robot/local/lib/python3.10/dist-packages:/home/ssfa/ros2_ws/install/turtlebot3_msgs/local/lib/python3.10/dist-packages:/home/ssfa/ros2_ws/install/topic_exercise/lib/python3.10/site-packages:/home/ssfa/ros2_ws/install/t3_action_msg/local/lib/python3.10/dist-packages:/home/ssfa/ros2_ws/install/subscriber_pkg/lib/python3.10/site-packages:/home/ssfa/ros2_ws/install/services_pkg/lib/python3.10/site-packages:/home/ssfa/ros2_ws/install/publisher_pkg/lib/python3.10/site-packages:/home/ssfa/ros2_ws/install/my_package/lib/python3.10/site-packages:/home/ssfa/ros2_ws/install/movement_pkg/lib/python3.10/site-packages:/home/ssfa/ros2_ws/install/exercise_pkg/lib/python3.10/site-packages:/home/ssfa/ros2_ws/build/cv_basics:/home/ssfa/ros2_ws/install/cv_basics/lib/python3.10/site-packages:/home/ssfa/ros2_ws/install/custom_interface_example/lib/python3.10/site-packages:/home/ssfa/ros2_ws/install/custom_interfaces/local/lib/python3.10/dist-packages:/home/ssfa/ros2_ws/install/client_pkg/lib/python3.10/site-packages:/opt/ros/humble/lib/python3.10/site-packages:/opt/ros/humble/local/lib/python3.10/dist-packages /usr/bin/cmake --build /home/ssfa/ros2_ws/build/turtlebot3 -- -j12 -l12
[4.532s] DEBUG:colcon.colcon_core.event_handler.log_command:Invoking command in '/home/ssfa/ros2_ws/build/turtlebot3': AMENT_PREFIX_PATH=/home/ssfa/ros2_ws/install/turtlebot3_example:/home/ssfa/ros2_ws/install/turtlebot3_teleop:/home/ssfa/ros2_ws/install/yolov8_bringup:/home/ssfa/ros2_ws/install/yolov8_ros:/home/ssfa/ros2_ws/install/yolov8_msgs:/home/ssfa/ros2_ws/install/two_wheeled_robot:/home/ssfa/ros2_ws/install/turtlebot3:/home/ssfa/ros2_ws/install/turtlebot3_simulations:/home/ssfa/ros2_ws/install/turtlebot3_navigation2:/home/ssfa/ros2_ws/install/turtlebot3_msgs:/home/ssfa/ros2_ws/install/turtlebot3_gazebo:/home/ssfa/ros2_ws/install/turtlebot3_bringup:/home/ssfa/ros2_ws/install/turtlebot3_description:/home/ssfa/ros2_ws/install/turtlebot3_cartographer:/home/ssfa/ros2_ws/install/turtlebot3_as:/home/ssfa/ros2_ws/install/topic_exercise:/home/ssfa/ros2_ws/install/tiago_demo:/home/ssfa/ros2_ws/install/t3_action_msg:/home/ssfa/ros2_ws/install/subscriber_pkg:/home/ssfa/ros2_ws/install/services_pkg:/home/ssfa/ros2_ws/install/publisher_pkg:/home/ssfa/ros2_ws/install/my_package:/home/ssfa/ros2_ws/install/movement_pkg:/home/ssfa/ros2_ws/install/exercise_pkg:/home/ssfa/ros2_ws/install/dynamixel_sdk:/home/ssfa/ros2_ws/install/cv_basics:/home/ssfa/ros2_ws/install/custom_interface_example:/home/ssfa/ros2_ws/install/custom_interfaces:/home/ssfa/ros2_ws/install/client_pkg:/opt/ros/humble CMAKE_PREFIX_PATH=/home/ssfa/ros2_ws/install/turtlebot3_bringup:/home/ssfa/ros2_ws/install/turtlebot3_navigation2:/home/ssfa/ros2_ws/install/turtlebot3_msgs:/home/ssfa/ros2_ws/install/turtlebot3_description:/home/ssfa/ros2_ws/install/turtlebot3_cartographer:/home/ssfa/ros2_ws/install/yolov8_bringup:/home/ssfa/ros2_ws/install/yolov8_msgs:/home/ssfa/ros2_ws/install/two_wheeled_robot:/home/ssfa/ros2_ws/install/turtlebot3:/home/ssfa/ros2_ws/install/turtlebot3_simulations:/home/ssfa/ros2_ws/install/turtlebot3_gazebo:/home/ssfa/ros2_ws/install/turtlebot3_as:/home/ssfa/ros2_ws/install/tiago_demo:/home/ssfa/ros2_ws/install/t3_action_msg:/home/ssfa/ros2_ws/install/dynamixel_sdk:/home/ssfa/ros2_ws/install/custom_interfaces:/home/ssfa/ros2_ws/install/yolov8_ros:/home/ssfa/ros2_ws/install/turtlebot3_teleop:/home/ssfa/ros2_ws/install/turtlebot3_example:/home/ssfa/ros2_ws/install/topic_exercise:/home/ssfa/ros2_ws/install/subscriber_pkg:/home/ssfa/ros2_ws/install/services_pkg:/home/ssfa/ros2_ws/install/publisher_pkg:/home/ssfa/ros2_ws/install/my_package:/home/ssfa/ros2_ws/install/movement_pkg:/home/ssfa/ros2_ws/install/exercise_pkg:/home/ssfa/ros2_ws/install/cv_basics:/home/ssfa/ros2_ws/install/custom_interface_example:/home/ssfa/ros2_ws/install/client_pkg:/opt/ros/humble LD_LIBRARY_PATH=/home/ssfa/ros2_ws/install/turtlebot3_msgs/lib:/home/ssfa/ros2_ws/install/yolov8_msgs/lib:/home/ssfa/ros2_ws/install/t3_action_msg/lib:/home/ssfa/ros2_ws/install/dynamixel_sdk/lib:/home/ssfa/ros2_ws/install/custom_interfaces/lib:/usr/lib/x86_64-linux-gnu/gazebo-11/plugins:/opt/ros/humble/opt/rviz_ogre_vendor/lib:/opt/ros/humble/lib/x86_64-linux-gnu:/opt/ros/humble/lib PYTHONPATH=/home/ssfa/ros2_ws/build/turtlebot3_example:/home/ssfa/ros2_ws/install/turtlebot3_example/lib/python3.10/site-packages:/home/ssfa/ros2_ws/build/turtlebot3_teleop:/home/ssfa/ros2_ws/install/turtlebot3_teleop/lib/python3.10/site-packages:/home/ssfa/ros2_ws/install/yolov8_ros/lib/python3.10/site-packages:/home/ssfa/ros2_ws/install/yolov8_msgs/local/lib/python3.10/dist-packages:/home/ssfa/ros2_ws/install/two_wheeled_robot/local/lib/python3.10/dist-packages:/home/ssfa/ros2_ws/install/turtlebot3_msgs/local/lib/python3.10/dist-packages:/home/ssfa/ros2_ws/install/topic_exercise/lib/python3.10/site-packages:/home/ssfa/ros2_ws/install/t3_action_msg/local/lib/python3.10/dist-packages:/home/ssfa/ros2_ws/install/subscriber_pkg/lib/python3.10/site-packages:/home/ssfa/ros2_ws/install/services_pkg/lib/python3.10/site-packages:/home/ssfa/ros2_ws/install/publisher_pkg/lib/python3.10/site-packages:/home/ssfa/ros2_ws/install/my_package/lib/python3.10/site-packages:/home/ssfa/ros2_ws/install/movement_pkg/lib/python3.10/site-packages:/home/ssfa/ros2_ws/install/exercise_pkg/lib/python3.10/site-packages:/home/ssfa/ros2_ws/build/cv_basics:/home/ssfa/ros2_ws/install/cv_basics/lib/python3.10/site-packages:/home/ssfa/ros2_ws/install/custom_interface_example/lib/python3.10/site-packages:/home/ssfa/ros2_ws/install/custom_interfaces/local/lib/python3.10/dist-packages:/home/ssfa/ros2_ws/install/client_pkg/lib/python3.10/site-packages:/opt/ros/humble/lib/python3.10/site-packages:/opt/ros/humble/local/lib/python3.10/dist-packages /usr/bin/cmake --install /home/ssfa/ros2_ws/build/turtlebot3
[4.548s] Level 1:colcon.colcon_core.environment:create_environment_scripts_only(turtlebot3)
[4.548s] Level 1:colcon.colcon_core.environment:checking '/home/ssfa/ros2_ws/install/turtlebot3' for CMake module files
[4.549s] DEBUG:colcon.colcon_core.event_handler.log_command:Invoked command in '/home/ssfa/ros2_ws/build/turtlebot3' returned '0': AMENT_PREFIX_PATH=/home/ssfa/ros2_ws/install/turtlebot3_example:/home/ssfa/ros2_ws/install/turtlebot3_teleop:/home/ssfa/ros2_ws/install/yolov8_bringup:/home/ssfa/ros2_ws/install/yolov8_ros:/home/ssfa/ros2_ws/install/yolov8_msgs:/home/ssfa/ros2_ws/install/two_wheeled_robot:/home/ssfa/ros2_ws/install/turtlebot3:/home/ssfa/ros2_ws/install/turtlebot3_simulations:/home/ssfa/ros2_ws/install/turtlebot3_navigation2:/home/ssfa/ros2_ws/install/turtlebot3_msgs:/home/ssfa/ros2_ws/install/turtlebot3_gazebo:/home/ssfa/ros2_ws/install/turtlebot3_bringup:/home/ssfa/ros2_ws/install/turtlebot3_description:/home/ssfa/ros2_ws/install/turtlebot3_cartographer:/home/ssfa/ros2_ws/install/turtlebot3_as:/home/ssfa/ros2_ws/install/topic_exercise:/home/ssfa/ros2_ws/install/tiago_demo:/home/ssfa/ros2_ws/install/t3_action_msg:/home/ssfa/ros2_ws/install/subscriber_pkg:/home/ssfa/ros2_ws/install/services_pkg:/home/ssfa/ros2_ws/install/publisher_pkg:/home/ssfa/ros2_ws/install/my_package:/home/ssfa/ros2_ws/install/movement_pkg:/home/ssfa/ros2_ws/install/exercise_pkg:/home/ssfa/ros2_ws/install/dynamixel_sdk:/home/ssfa/ros2_ws/install/cv_basics:/home/ssfa/ros2_ws/install/custom_interface_example:/home/ssfa/ros2_ws/install/custom_interfaces:/home/ssfa/ros2_ws/install/client_pkg:/opt/ros/humble CMAKE_PREFIX_PATH=/home/ssfa/ros2_ws/install/turtlebot3_bringup:/home/ssfa/ros2_ws/install/turtlebot3_navigation2:/home/ssfa/ros2_ws/install/turtlebot3_msgs:/home/ssfa/ros2_ws/install/turtlebot3_description:/home/ssfa/ros2_ws/install/turtlebot3_cartographer:/home/ssfa/ros2_ws/install/yolov8_bringup:/home/ssfa/ros2_ws/install/yolov8_msgs:/home/ssfa/ros2_ws/install/two_wheeled_robot:/home/ssfa/ros2_ws/install/turtlebot3:/home/ssfa/ros2_ws/install/turtlebot3_simulations:/home/ssfa/ros2_ws/install/turtlebot3_gazebo:/home/ssfa/ros2_ws/install/turtlebot3_as:/home/ssfa/ros2_ws/install/tiago_demo:/home/ssfa/ros2_ws/install/t3_action_msg:/home/ssfa/ros2_ws/install/dynamixel_sdk:/home/ssfa/ros2_ws/install/custom_interfaces:/home/ssfa/ros2_ws/install/yolov8_ros:/home/ssfa/ros2_ws/install/turtlebot3_teleop:/home/ssfa/ros2_ws/install/turtlebot3_example:/home/ssfa/ros2_ws/install/topic_exercise:/home/ssfa/ros2_ws/install/subscriber_pkg:/home/ssfa/ros2_ws/install/services_pkg:/home/ssfa/ros2_ws/install/publisher_pkg:/home/ssfa/ros2_ws/install/my_package:/home/ssfa/ros2_ws/install/movement_pkg:/home/ssfa/ros2_ws/install/exercise_pkg:/home/ssfa/ros2_ws/install/cv_basics:/home/ssfa/ros2_ws/install/custom_interface_example:/home/ssfa/ros2_ws/install/client_pkg:/opt/ros/humble LD_LIBRARY_PATH=/home/ssfa/ros2_ws/install/turtlebot3_msgs/lib:/home/ssfa/ros2_ws/install/yolov8_msgs/lib:/home/ssfa/ros2_ws/install/t3_action_msg/lib:/home/ssfa/ros2_ws/install/dynamixel_sdk/lib:/home/ssfa/ros2_ws/install/custom_interfaces/lib:/usr/lib/x86_64-linux-gnu/gazebo-11/plugins:/opt/ros/humble/opt/rviz_ogre_vendor/lib:/opt/ros/humble/lib/x86_64-linux-gnu:/opt/ros/humble/lib PYTHONPATH=/home/ssfa/ros2_ws/build/turtlebot3_example:/home/ssfa/ros2_ws/install/turtlebot3_example/lib/python3.10/site-packages:/home/ssfa/ros2_ws/build/turtlebot3_teleop:/home/ssfa/ros2_ws/install/turtlebot3_teleop/lib/python3.10/site-packages:/home/ssfa/ros2_ws/install/yolov8_ros/lib/python3.10/site-packages:/home/ssfa/ros2_ws/install/yolov8_msgs/local/lib/python3.10/dist-packages:/home/ssfa/ros2_ws/install/two_wheeled_robot/local/lib/python3.10/dist-packages:/home/ssfa/ros2_ws/install/turtlebot3_msgs/local/lib/python3.10/dist-packages:/home/ssfa/ros2_ws/install/topic_exercise/lib/python3.10/site-packages:/home/ssfa/ros2_ws/install/t3_action_msg/local/lib/python3.10/dist-packages:/home/ssfa/ros2_ws/install/subscriber_pkg/lib/python3.10/site-packages:/home/ssfa/ros2_ws/install/services_pkg/lib/python3.10/site-packages:/home/ssfa/ros2_ws/install/publisher_pkg/lib/python3.10/site-packages:/home/ssfa/ros2_ws/install/my_package/lib/python3.10/site-packages:/home/ssfa/ros2_ws/install/movement_pkg/lib/python3.10/site-packages:/home/ssfa/ros2_ws/install/exercise_pkg/lib/python3.10/site-packages:/home/ssfa/ros2_ws/build/cv_basics:/home/ssfa/ros2_ws/install/cv_basics/lib/python3.10/site-packages:/home/ssfa/ros2_ws/install/custom_interface_example/lib/python3.10/site-packages:/home/ssfa/ros2_ws/install/custom_interfaces/local/lib/python3.10/dist-packages:/home/ssfa/ros2_ws/install/client_pkg/lib/python3.10/site-packages:/opt/ros/humble/lib/python3.10/site-packages:/opt/ros/humble/local/lib/python3.10/dist-packages /usr/bin/cmake --install /home/ssfa/ros2_ws/build/turtlebot3
[4.549s] Level 1:colcon.colcon_core.environment:checking '/home/ssfa/ros2_ws/install/turtlebot3' for CMake config files
[4.549s] Level 1:colcon.colcon_core.shell:create_environment_hook('turtlebot3', 'cmake_prefix_path')
[4.549s] INFO:colcon.colcon_core.shell:Creating environment hook '/home/ssfa/ros2_ws/install/turtlebot3/share/turtlebot3/hook/cmake_prefix_path.ps1'
[4.549s] INFO:colcon.colcon_core.shell:Creating environment descriptor '/home/ssfa/ros2_ws/install/turtlebot3/share/turtlebot3/hook/cmake_prefix_path.dsv'
[4.550s] INFO:colcon.colcon_core.shell:Creating environment hook '/home/ssfa/ros2_ws/install/turtlebot3/share/turtlebot3/hook/cmake_prefix_path.sh'
[4.550s] Level 1:colcon.colcon_core.environment:checking '/home/ssfa/ros2_ws/install/turtlebot3/bin'
[4.550s] Level 1:colcon.colcon_core.environment:checking '/home/ssfa/ros2_ws/install/turtlebot3/lib/pkgconfig/turtlebot3.pc'
[4.550s] Level 1:colcon.colcon_core.environment:checking '/home/ssfa/ros2_ws/install/turtlebot3/lib/python3.10/site-packages'
[4.550s] Level 1:colcon.colcon_core.environment:checking '/home/ssfa/ros2_ws/install/turtlebot3/bin'
[4.550s] INFO:colcon.colcon_core.shell:Creating package script '/home/ssfa/ros2_ws/install/turtlebot3/share/turtlebot3/package.ps1'
[4.551s] INFO:colcon.colcon_core.shell:Creating package descriptor '/home/ssfa/ros2_ws/install/turtlebot3/share/turtlebot3/package.dsv'
[4.551s] INFO:colcon.colcon_core.shell:Creating package script '/home/ssfa/ros2_ws/install/turtlebot3/share/turtlebot3/package.sh'
[4.551s] INFO:colcon.colcon_core.shell:Creating package script '/home/ssfa/ros2_ws/install/turtlebot3/share/turtlebot3/package.bash'
[4.551s] INFO:colcon.colcon_core.shell:Creating package script '/home/ssfa/ros2_ws/install/turtlebot3/share/turtlebot3/package.zsh'
[4.551s] Level 1:colcon.colcon_core.environment:create_file_with_runtime_dependencies(/home/ssfa/ros2_ws/install/turtlebot3/share/colcon-core/packages/turtlebot3)
[4.566s] Level 1:colcon.colcon_core.environment:create_environment_scripts_only(turtlebot3)
[4.567s] Level 1:colcon.colcon_core.environment:checking '/home/ssfa/ros2_ws/install/turtlebot3' for CMake module files
[4.567s] Level 1:colcon.colcon_core.environment:checking '/home/ssfa/ros2_ws/install/turtlebot3' for CMake config files
[4.567s] Level 1:colcon.colcon_core.shell:create_environment_hook('turtlebot3', 'cmake_prefix_path')
[4.568s] INFO:colcon.colcon_core.shell:Creating environment hook '/home/ssfa/ros2_ws/install/turtlebot3/share/turtlebot3/hook/cmake_prefix_path.ps1'
[4.568s] INFO:colcon.colcon_core.shell:Creating environment descriptor '/home/ssfa/ros2_ws/install/turtlebot3/share/turtlebot3/hook/cmake_prefix_path.dsv'
[4.568s] INFO:colcon.colcon_core.shell:Creating environment hook '/home/ssfa/ros2_ws/install/turtlebot3/share/turtlebot3/hook/cmake_prefix_path.sh'
[4.569s] Level 1:colcon.colcon_core.environment:checking '/home/ssfa/ros2_ws/install/turtlebot3/bin'
[4.569s] Level 1:colcon.colcon_core.environment:checking '/home/ssfa/ros2_ws/install/turtlebot3/lib/pkgconfig/turtlebot3.pc'
[4.569s] Level 1:colcon.colcon_core.environment:checking '/home/ssfa/ros2_ws/install/turtlebot3/lib/python3.10/site-packages'
[4.569s] Level 1:colcon.colcon_core.environment:checking '/home/ssfa/ros2_ws/install/turtlebot3/bin'
[4.570s] INFO:colcon.colcon_core.shell:Creating package script '/home/ssfa/ros2_ws/install/turtlebot3/share/turtlebot3/package.ps1'
[4.570s] INFO:colcon.colcon_core.shell:Creating package descriptor '/home/ssfa/ros2_ws/install/turtlebot3/share/turtlebot3/package.dsv'
[4.571s] INFO:colcon.colcon_core.shell:Creating package script '/home/ssfa/ros2_ws/install/turtlebot3/share/turtlebot3/package.sh'
[4.571s] INFO:colcon.colcon_core.shell:Creating package script '/home/ssfa/ros2_ws/install/turtlebot3/share/turtlebot3/package.bash'
[4.571s] INFO:colcon.colcon_core.shell:Creating package script '/home/ssfa/ros2_ws/install/turtlebot3/share/turtlebot3/package.zsh'
[4.572s] Level 1:colcon.colcon_core.environment:create_file_with_runtime_dependencies(/home/ssfa/ros2_ws/install/turtlebot3/share/colcon-core/packages/turtlebot3)
[4.605s] DEBUG:colcon.colcon_core.event_handler.log_command:Invoked command in '/home/ssfa/ros2_ws/build/two_wheeled_robot' returned '0': CMAKE_PREFIX_PATH=${CMAKE_PREFIX_PATH}:/home/ssfa/ros2_ws/install/yolov8_ros:/home/ssfa/ros2_ws/install/turtlebot3_teleop:/home/ssfa/ros2_ws/install/turtlebot3_example:/home/ssfa/ros2_ws/install/topic_exercise:/home/ssfa/ros2_ws/install/subscriber_pkg:/home/ssfa/ros2_ws/install/services_pkg:/home/ssfa/ros2_ws/install/publisher_pkg:/home/ssfa/ros2_ws/install/my_package:/home/ssfa/ros2_ws/install/movement_pkg:/home/ssfa/ros2_ws/install/exercise_pkg:/home/ssfa/ros2_ws/install/cv_basics:/home/ssfa/ros2_ws/install/custom_interface_example:/home/ssfa/ros2_ws/install/client_pkg:/opt/ros/humble /usr/bin/cmake /home/ssfa/ros2_ws/src/two_wheeled_robot -DAMENT_CMAKE_SYMLINK_INSTALL=1 -DCMAKE_INSTALL_PREFIX=/home/ssfa/ros2_ws/install/two_wheeled_robot
[4.606s] DEBUG:colcon.colcon_core.event_handler.log_command:Invoking command in '/home/ssfa/ros2_ws/build/two_wheeled_robot': CMAKE_PREFIX_PATH=${CMAKE_PREFIX_PATH}:/home/ssfa/ros2_ws/install/yolov8_ros:/home/ssfa/ros2_ws/install/turtlebot3_teleop:/home/ssfa/ros2_ws/install/turtlebot3_example:/home/ssfa/ros2_ws/install/topic_exercise:/home/ssfa/ros2_ws/install/subscriber_pkg:/home/ssfa/ros2_ws/install/services_pkg:/home/ssfa/ros2_ws/install/publisher_pkg:/home/ssfa/ros2_ws/install/my_package:/home/ssfa/ros2_ws/install/movement_pkg:/home/ssfa/ros2_ws/install/exercise_pkg:/home/ssfa/ros2_ws/install/cv_basics:/home/ssfa/ros2_ws/install/custom_interface_example:/home/ssfa/ros2_ws/install/client_pkg:/opt/ros/humble /usr/bin/cmake --build /home/ssfa/ros2_ws/build/two_wheeled_robot -- -j12 -l12
[4.838s] DEBUG:colcon.colcon_core.event_handler.log_command:Invoked command in '/home/ssfa/ros2_ws/build/two_wheeled_robot' returned '0': CMAKE_PREFIX_PATH=${CMAKE_PREFIX_PATH}:/home/ssfa/ros2_ws/install/yolov8_ros:/home/ssfa/ros2_ws/install/turtlebot3_teleop:/home/ssfa/ros2_ws/install/turtlebot3_example:/home/ssfa/ros2_ws/install/topic_exercise:/home/ssfa/ros2_ws/install/subscriber_pkg:/home/ssfa/ros2_ws/install/services_pkg:/home/ssfa/ros2_ws/install/publisher_pkg:/home/ssfa/ros2_ws/install/my_package:/home/ssfa/ros2_ws/install/movement_pkg:/home/ssfa/ros2_ws/install/exercise_pkg:/home/ssfa/ros2_ws/install/cv_basics:/home/ssfa/ros2_ws/install/custom_interface_example:/home/ssfa/ros2_ws/install/client_pkg:/opt/ros/humble /usr/bin/cmake --build /home/ssfa/ros2_ws/build/two_wheeled_robot -- -j12 -l12
[4.854s] DEBUG:colcon.colcon_core.event_handler.log_command:Invoking command in '/home/ssfa/ros2_ws/build/two_wheeled_robot': CMAKE_PREFIX_PATH=${CMAKE_PREFIX_PATH}:/home/ssfa/ros2_ws/install/yolov8_ros:/home/ssfa/ros2_ws/install/turtlebot3_teleop:/home/ssfa/ros2_ws/install/turtlebot3_example:/home/ssfa/ros2_ws/install/topic_exercise:/home/ssfa/ros2_ws/install/subscriber_pkg:/home/ssfa/ros2_ws/install/services_pkg:/home/ssfa/ros2_ws/install/publisher_pkg:/home/ssfa/ros2_ws/install/my_package:/home/ssfa/ros2_ws/install/movement_pkg:/home/ssfa/ros2_ws/install/exercise_pkg:/home/ssfa/ros2_ws/install/cv_basics:/home/ssfa/ros2_ws/install/custom_interface_example:/home/ssfa/ros2_ws/install/client_pkg:/opt/ros/humble /usr/bin/cmake --install /home/ssfa/ros2_ws/build/two_wheeled_robot
[5.051s] Level 1:colcon.colcon_core.environment:create_environment_scripts_only(two_wheeled_robot)
[5.052s] Level 1:colcon.colcon_core.environment:checking '/home/ssfa/ros2_ws/install/two_wheeled_robot' for CMake module files
[5.052s] DEBUG:colcon.colcon_core.event_handler.log_command:Invoked command in '/home/ssfa/ros2_ws/build/two_wheeled_robot' returned '0': CMAKE_PREFIX_PATH=${CMAKE_PREFIX_PATH}:/home/ssfa/ros2_ws/install/yolov8_ros:/home/ssfa/ros2_ws/install/turtlebot3_teleop:/home/ssfa/ros2_ws/install/turtlebot3_example:/home/ssfa/ros2_ws/install/topic_exercise:/home/ssfa/ros2_ws/install/subscriber_pkg:/home/ssfa/ros2_ws/install/services_pkg:/home/ssfa/ros2_ws/install/publisher_pkg:/home/ssfa/ros2_ws/install/my_package:/home/ssfa/ros2_ws/install/movement_pkg:/home/ssfa/ros2_ws/install/exercise_pkg:/home/ssfa/ros2_ws/install/cv_basics:/home/ssfa/ros2_ws/install/custom_interface_example:/home/ssfa/ros2_ws/install/client_pkg:/opt/ros/humble /usr/bin/cmake --install /home/ssfa/ros2_ws/build/two_wheeled_robot
[5.053s] Level 1:colcon.colcon_core.environment:checking '/home/ssfa/ros2_ws/install/two_wheeled_robot' for CMake config files
[5.072s] Level 1:colcon.colcon_core.shell:create_environment_hook('two_wheeled_robot', 'cmake_prefix_path')
[5.072s] INFO:colcon.colcon_core.shell:Creating environment hook '/home/ssfa/ros2_ws/install/two_wheeled_robot/share/two_wheeled_robot/hook/cmake_prefix_path.ps1'
[5.073s] INFO:colcon.colcon_core.shell:Creating environment descriptor '/home/ssfa/ros2_ws/install/two_wheeled_robot/share/two_wheeled_robot/hook/cmake_prefix_path.dsv'
[5.073s] INFO:colcon.colcon_core.shell:Creating environment hook '/home/ssfa/ros2_ws/install/two_wheeled_robot/share/two_wheeled_robot/hook/cmake_prefix_path.sh'
[5.073s] Level 1:colcon.colcon_core.environment:checking '/home/ssfa/ros2_ws/install/two_wheeled_robot/lib'
[5.073s] Level 1:colcon.colcon_core.environment:checking '/home/ssfa/ros2_ws/install/two_wheeled_robot/bin'
[5.073s] Level 1:colcon.colcon_core.environment:checking '/home/ssfa/ros2_ws/install/two_wheeled_robot/lib/pkgconfig/two_wheeled_robot.pc'
[5.073s] Level 1:colcon.colcon_core.environment:checking '/home/ssfa/ros2_ws/install/two_wheeled_robot/lib/python3.10/site-packages'
[5.074s] Level 1:colcon.colcon_core.environment:checking '/home/ssfa/ros2_ws/install/two_wheeled_robot/bin'
[5.074s] INFO:colcon.colcon_core.shell:Creating package script '/home/ssfa/ros2_ws/install/two_wheeled_robot/share/two_wheeled_robot/package.ps1'
[5.074s] INFO:colcon.colcon_core.shell:Creating package descriptor '/home/ssfa/ros2_ws/install/two_wheeled_robot/share/two_wheeled_robot/package.dsv'
[5.074s] INFO:colcon.colcon_core.shell:Creating package script '/home/ssfa/ros2_ws/install/two_wheeled_robot/share/two_wheeled_robot/package.sh'
[5.074s] INFO:colcon.colcon_core.shell:Creating package script '/home/ssfa/ros2_ws/install/two_wheeled_robot/share/two_wheeled_robot/package.bash'
[5.075s] INFO:colcon.colcon_core.shell:Creating package script '/home/ssfa/ros2_ws/install/two_wheeled_robot/share/two_wheeled_robot/package.zsh'
[5.075s] Level 1:colcon.colcon_core.environment:create_file_with_runtime_dependencies(/home/ssfa/ros2_ws/install/two_wheeled_robot/share/colcon-core/packages/two_wheeled_robot)
[5.090s] Level 1:colcon.colcon_core.environment:create_environment_scripts_only(two_wheeled_robot)
[5.091s] Level 1:colcon.colcon_core.environment:checking '/home/ssfa/ros2_ws/install/two_wheeled_robot' for CMake module files
[5.091s] Level 1:colcon.colcon_core.environment:checking '/home/ssfa/ros2_ws/install/two_wheeled_robot' for CMake config files
[5.116s] Level 1:colcon.colcon_core.shell:create_environment_hook('two_wheeled_robot', 'cmake_prefix_path')
[5.116s] INFO:colcon.colcon_core.shell:Creating environment hook '/home/ssfa/ros2_ws/install/two_wheeled_robot/share/two_wheeled_robot/hook/cmake_prefix_path.ps1'
[5.116s] INFO:colcon.colcon_core.shell:Creating environment descriptor '/home/ssfa/ros2_ws/install/two_wheeled_robot/share/two_wheeled_robot/hook/cmake_prefix_path.dsv'
[5.117s] INFO:colcon.colcon_core.shell:Creating environment hook '/home/ssfa/ros2_ws/install/two_wheeled_robot/share/two_wheeled_robot/hook/cmake_prefix_path.sh'
[5.117s] Level 1:colcon.colcon_core.environment:checking '/home/ssfa/ros2_ws/install/two_wheeled_robot/lib'
[5.117s] Level 1:colcon.colcon_core.environment:checking '/home/ssfa/ros2_ws/install/two_wheeled_robot/bin'
[5.117s] Level 1:colcon.colcon_core.environment:checking '/home/ssfa/ros2_ws/install/two_wheeled_robot/lib/pkgconfig/two_wheeled_robot.pc'
[5.117s] Level 1:colcon.colcon_core.environment:checking '/home/ssfa/ros2_ws/install/two_wheeled_robot/lib/python3.10/site-packages'
[5.117s] Level 1:colcon.colcon_core.environment:checking '/home/ssfa/ros2_ws/install/two_wheeled_robot/bin'
[5.117s] INFO:colcon.colcon_core.shell:Creating package script '/home/ssfa/ros2_ws/install/two_wheeled_robot/share/two_wheeled_robot/package.ps1'
[5.118s] INFO:colcon.colcon_core.shell:Creating package descriptor '/home/ssfa/ros2_ws/install/two_wheeled_robot/share/two_wheeled_robot/package.dsv'
[5.118s] INFO:colcon.colcon_core.shell:Creating package script '/home/ssfa/ros2_ws/install/two_wheeled_robot/share/two_wheeled_robot/package.sh'
[5.118s] INFO:colcon.colcon_core.shell:Creating package script '/home/ssfa/ros2_ws/install/two_wheeled_robot/share/two_wheeled_robot/package.bash'
[5.118s] INFO:colcon.colcon_core.shell:Creating package script '/home/ssfa/ros2_ws/install/two_wheeled_robot/share/two_wheeled_robot/package.zsh'
[5.118s] Level 1:colcon.colcon_core.environment:create_file_with_runtime_dependencies(/home/ssfa/ros2_ws/install/two_wheeled_robot/share/colcon-core/packages/two_wheeled_robot)
[5.119s] DEBUG:colcon.colcon_parallel_executor.executor.parallel:closing loop
[5.119s] DEBUG:colcon.colcon_parallel_executor.executor.parallel:loop closed
[5.119s] DEBUG:colcon.colcon_parallel_executor.executor.parallel:run_until_complete finished with '0'
[5.119s] DEBUG:colcon.colcon_core.event_reactor:joining thread
[5.125s] INFO:colcon.colcon_core.plugin_system:Skipping extension 'colcon_notification.desktop_notification.terminal_notifier': Not used on non-Darwin systems
[5.125s] INFO:colcon.colcon_core.plugin_system:Skipping extension 'colcon_notification.desktop_notification.win32': Not used on non-Windows systems
[5.125s] INFO:colcon.colcon_notification.desktop_notification:Sending desktop notification using 'notify2'
[5.135s] DEBUG:colcon.colcon_core.event_reactor:joined thread
[5.135s] INFO:colcon.colcon_core.shell:Creating prefix script '/home/ssfa/ros2_ws/install/local_setup.ps1'
[5.135s] INFO:colcon.colcon_core.shell:Creating prefix util module '/home/ssfa/ros2_ws/install/_local_setup_util_ps1.py'
[5.136s] INFO:colcon.colcon_core.shell:Creating prefix chain script '/home/ssfa/ros2_ws/install/setup.ps1'
[5.137s] INFO:colcon.colcon_core.shell:Creating prefix script '/home/ssfa/ros2_ws/install/local_setup.sh'
[5.137s] INFO:colcon.colcon_core.shell:Creating prefix util module '/home/ssfa/ros2_ws/install/_local_setup_util_sh.py'
[5.138s] INFO:colcon.colcon_core.shell:Creating prefix chain script '/home/ssfa/ros2_ws/install/setup.sh'
[5.139s] INFO:colcon.colcon_core.shell:Creating prefix script '/home/ssfa/ros2_ws/install/local_setup.bash'
[5.139s] INFO:colcon.colcon_core.shell:Creating prefix chain script '/home/ssfa/ros2_ws/install/setup.bash'
[5.140s] INFO:colcon.colcon_core.shell:Creating prefix script '/home/ssfa/ros2_ws/install/local_setup.zsh'
[5.140s] INFO:colcon.colcon_core.shell:Creating prefix chain script '/home/ssfa/ros2_ws/install/setup.zsh'
