[0.438s] Invoking command in '/home/ssfa/ros2_ws/build/two_wheeled_robot': CMAKE_PREFIX_PATH=${CMAKE_PREFIX_PATH}:/home/ssfa/ros2_ws/install/yolov8_ros:/home/ssfa/ros2_ws/install/turtlebot3_teleop:/home/ssfa/ros2_ws/install/turtlebot3_example:/home/ssfa/ros2_ws/install/topic_exercise:/home/ssfa/ros2_ws/install/subscriber_pkg:/home/ssfa/ros2_ws/install/services_pkg:/home/ssfa/ros2_ws/install/publisher_pkg:/home/ssfa/ros2_ws/install/my_package:/home/ssfa/ros2_ws/install/movement_pkg:/home/ssfa/ros2_ws/install/exercise_pkg:/home/ssfa/ros2_ws/install/cv_basics:/home/ssfa/ros2_ws/install/custom_interface_example:/home/ssfa/ros2_ws/install/client_pkg:/opt/ros/humble /usr/bin/cmake /home/ssfa/ros2_ws/src/two_wheeled_robot -DAMENT_CMAKE_SYMLINK_INSTALL=1 -DCMAKE_INSTALL_PREFIX=/home/ssfa/ros2_ws/install/two_wheeled_robot
[0.783s] -- Found ament_cmake: 1.3.9 (/opt/ros/humble/share/ament_cmake/cmake)
[0.783s] -- Override CMake install command with custom implementation using symlinks instead of copying resources
[0.783s] -- Found rclcpp: 16.0.9 (/opt/ros/humble/share/rclcpp/cmake)
[0.783s] -- Found rosidl_generator_c: 3.1.5 (/opt/ros/humble/share/rosidl_generator_c/cmake)
[0.783s] -- Found rosidl_adapter: 3.1.5 (/opt/ros/humble/share/rosidl_adapter/cmake)
[0.784s] -- Found rosidl_generator_cpp: 3.1.5 (/opt/ros/humble/share/rosidl_generator_cpp/cmake)
[0.784s] -- Using all available rosidl_typesupport_c: rosidl_typesupport_fastrtps_c;rosidl_typesupport_introspection_c
[0.784s] -- Using all available rosidl_typesupport_cpp: rosidl_typesupport_fastrtps_cpp;rosidl_typesupport_introspection_cpp
[0.784s] -- Found rmw_implementation_cmake: 6.1.2 (/opt/ros/humble/share/rmw_implementation_cmake/cmake)
[0.784s] -- Found rmw_fastrtps_cpp: 6.2.6 (/opt/ros/humble/share/rmw_fastrtps_cpp/cmake)
[0.784s] -- Using RMW implementation 'rmw_fastrtps_cpp' as default
[0.798s] -- Found rclpy: 3.3.13 (/opt/ros/humble/share/rclpy/cmake)
[0.798s] -- Found geometry_msgs: 4.2.4 (/opt/ros/humble/share/geometry_msgs/cmake)
[0.833s] -- Found nav2_bringup: 1.1.15 (/opt/ros/humble/share/nav2_bringup/cmake)
[0.834s] -- Found nav_msgs: 4.2.4 (/opt/ros/humble/share/nav_msgs/cmake)
[0.922s] -- Found sensor_msgs: 4.2.4 (/opt/ros/humble/share/sensor_msgs/cmake)
[1.031s] -- Found action_msgs: 1.2.1 (/opt/ros/humble/share/action_msgs/cmake)
[1.196s] -- Found ament_lint_auto: 0.12.11 (/opt/ros/humble/share/ament_lint_auto/cmake)
[1.301s] -- Added test 'copyright' to check source files copyright and LICENSE
[1.897s] -- Added test 'flake8' to check Python code syntax and style conventions
[1.940s] -- Added test 'lint_cmake' to check CMake code style
[1.959s] -- Added test 'pep257' to check Python code against some of the docstring style conventions in PEP 257
[2.134s] -- Added test 'xmllint' to check XML markup files
[2.135s] -- Configuring done
[2.139s] -- Generating done
[2.140s] -- Build files have been written to: /home/ssfa/ros2_ws/build/two_wheeled_robot
[2.147s] Invoked command in '/home/ssfa/ros2_ws/build/two_wheeled_robot' returned '0': CMAKE_PREFIX_PATH=${CMAKE_PREFIX_PATH}:/home/ssfa/ros2_ws/install/yolov8_ros:/home/ssfa/ros2_ws/install/turtlebot3_teleop:/home/ssfa/ros2_ws/install/turtlebot3_example:/home/ssfa/ros2_ws/install/topic_exercise:/home/ssfa/ros2_ws/install/subscriber_pkg:/home/ssfa/ros2_ws/install/services_pkg:/home/ssfa/ros2_ws/install/publisher_pkg:/home/ssfa/ros2_ws/install/my_package:/home/ssfa/ros2_ws/install/movement_pkg:/home/ssfa/ros2_ws/install/exercise_pkg:/home/ssfa/ros2_ws/install/cv_basics:/home/ssfa/ros2_ws/install/custom_interface_example:/home/ssfa/ros2_ws/install/client_pkg:/opt/ros/humble /usr/bin/cmake /home/ssfa/ros2_ws/src/two_wheeled_robot -DAMENT_CMAKE_SYMLINK_INSTALL=1 -DCMAKE_INSTALL_PREFIX=/home/ssfa/ros2_ws/install/two_wheeled_robot
[2.148s] Invoking command in '/home/ssfa/ros2_ws/build/two_wheeled_robot': CMAKE_PREFIX_PATH=${CMAKE_PREFIX_PATH}:/home/ssfa/ros2_ws/install/yolov8_ros:/home/ssfa/ros2_ws/install/turtlebot3_teleop:/home/ssfa/ros2_ws/install/turtlebot3_example:/home/ssfa/ros2_ws/install/topic_exercise:/home/ssfa/ros2_ws/install/subscriber_pkg:/home/ssfa/ros2_ws/install/services_pkg:/home/ssfa/ros2_ws/install/publisher_pkg:/home/ssfa/ros2_ws/install/my_package:/home/ssfa/ros2_ws/install/movement_pkg:/home/ssfa/ros2_ws/install/exercise_pkg:/home/ssfa/ros2_ws/install/cv_basics:/home/ssfa/ros2_ws/install/custom_interface_example:/home/ssfa/ros2_ws/install/client_pkg:/opt/ros/humble /usr/bin/cmake --build /home/ssfa/ros2_ws/build/two_wheeled_robot -- -j12 -l12
[2.186s] Built target ament_cmake_python_symlink_two_wheeled_robot
[2.344s] running egg_info
[2.345s] writing two_wheeled_robot.egg-info/PKG-INFO
[2.345s] writing dependency_links to two_wheeled_robot.egg-info/dependency_links.txt
[2.345s] writing top-level names to two_wheeled_robot.egg-info/top_level.txt
[2.347s] reading manifest file 'two_wheeled_robot.egg-info/SOURCES.txt'
[2.353s] writing manifest file 'two_wheeled_robot.egg-info/SOURCES.txt'
[2.372s] Built target ament_cmake_python_build_two_wheeled_robot_egg
[2.381s] Invoked command in '/home/ssfa/ros2_ws/build/two_wheeled_robot' returned '0': CMAKE_PREFIX_PATH=${CMAKE_PREFIX_PATH}:/home/ssfa/ros2_ws/install/yolov8_ros:/home/ssfa/ros2_ws/install/turtlebot3_teleop:/home/ssfa/ros2_ws/install/turtlebot3_example:/home/ssfa/ros2_ws/install/topic_exercise:/home/ssfa/ros2_ws/install/subscriber_pkg:/home/ssfa/ros2_ws/install/services_pkg:/home/ssfa/ros2_ws/install/publisher_pkg:/home/ssfa/ros2_ws/install/my_package:/home/ssfa/ros2_ws/install/movement_pkg:/home/ssfa/ros2_ws/install/exercise_pkg:/home/ssfa/ros2_ws/install/cv_basics:/home/ssfa/ros2_ws/install/custom_interface_example:/home/ssfa/ros2_ws/install/client_pkg:/opt/ros/humble /usr/bin/cmake --build /home/ssfa/ros2_ws/build/two_wheeled_robot -- -j12 -l12
[2.396s] Invoking command in '/home/ssfa/ros2_ws/build/two_wheeled_robot': CMAKE_PREFIX_PATH=${CMAKE_PREFIX_PATH}:/home/ssfa/ros2_ws/install/yolov8_ros:/home/ssfa/ros2_ws/install/turtlebot3_teleop:/home/ssfa/ros2_ws/install/turtlebot3_example:/home/ssfa/ros2_ws/install/topic_exercise:/home/ssfa/ros2_ws/install/subscriber_pkg:/home/ssfa/ros2_ws/install/services_pkg:/home/ssfa/ros2_ws/install/publisher_pkg:/home/ssfa/ros2_ws/install/my_package:/home/ssfa/ros2_ws/install/movement_pkg:/home/ssfa/ros2_ws/install/exercise_pkg:/home/ssfa/ros2_ws/install/cv_basics:/home/ssfa/ros2_ws/install/custom_interface_example:/home/ssfa/ros2_ws/install/client_pkg:/opt/ros/humble /usr/bin/cmake --install /home/ssfa/ros2_ws/build/two_wheeled_robot
[2.401s] -- Install configuration: ""
[2.401s] -- Execute custom install script
[2.401s] -- Up-to-date symlink: /home/ssfa/ros2_ws/install/two_wheeled_robot/share/two_wheeled_robot/config/ekf.yaml
[2.401s] -- Up-to-date symlink: /home/ssfa/ros2_ws/install/two_wheeled_robot/share/two_wheeled_robot/config/ekf_urdf.yaml
[2.402s] -- Up-to-date symlink: /home/ssfa/ros2_ws/install/two_wheeled_robot/share/two_wheeled_robot/launch/cafe_world/cafe_world_turtlebot_waffle.launch.py
[2.402s] -- Up-to-date symlink: /home/ssfa/ros2_ws/install/two_wheeled_robot/share/two_wheeled_robot/launch/cafe_world/cafe_world_v1.launch.py
[2.402s] -- Up-to-date symlink: /home/ssfa/ros2_ws/install/two_wheeled_robot/share/two_wheeled_robot/launch/car_world/car_world_v1.launch.py
[2.402s] -- Up-to-date symlink: /home/ssfa/ros2_ws/install/two_wheeled_robot/share/two_wheeled_robot/launch/distribution_center_2_world/distribution_center_2_world_v1.launch.py
[2.402s] -- Up-to-date symlink: /home/ssfa/ros2_ws/install/two_wheeled_robot/share/two_wheeled_robot/launch/distribution_center_3_world/distribution_center_3_world_v1.launch.py
[2.402s] -- Up-to-date symlink: /home/ssfa/ros2_ws/install/two_wheeled_robot/share/two_wheeled_robot/launch/distribution_center_world/distribution_center_world_v1.launch.py
[2.402s] -- Up-to-date symlink: /home/ssfa/ros2_ws/install/two_wheeled_robot/share/two_wheeled_robot/launch/factory_world/factory_world_v1.launch.py
[2.402s] -- Up-to-date symlink: /home/ssfa/ros2_ws/install/two_wheeled_robot/share/two_wheeled_robot/launch/farm_world/farm_world_v1.launch.py
[2.402s] -- Up-to-date symlink: /home/ssfa/ros2_ws/install/two_wheeled_robot/share/two_wheeled_robot/launch/farm_world/farm_world_v2.launch.py
[2.402s] -- Up-to-date symlink: /home/ssfa/ros2_ws/install/two_wheeled_robot/share/two_wheeled_robot/launch/hospital_world/hospital_world_connect_to_charging_dock.launch.py
[2.402s] -- Up-to-date symlink: /home/ssfa/ros2_ws/install/two_wheeled_robot/share/two_wheeled_robot/launch/hospital_world/hospital_world_connect_to_charging_dock_v2.launch.py
[2.402s] -- Up-to-date symlink: /home/ssfa/ros2_ws/install/two_wheeled_robot/share/two_wheeled_robot/launch/hospital_world/hospital_world_connect_to_charging_dock_v3.launch.py
[2.402s] -- Up-to-date symlink: /home/ssfa/ros2_ws/install/two_wheeled_robot/share/two_wheeled_robot/launch/hospital_world/hospital_world_connect_to_charging_dock_v4.launch.py
[2.403s] -- Up-to-date symlink: /home/ssfa/ros2_ws/install/two_wheeled_robot/share/two_wheeled_robot/launch/hospital_world/hospital_world_connect_to_charging_dock_v5.launch.py
[2.403s] -- Up-to-date symlink: /home/ssfa/ros2_ws/install/two_wheeled_robot/share/two_wheeled_robot/launch/hospital_world/hospital_world_connect_to_charging_dock_v6.launch.py
[2.403s] -- Up-to-date symlink: /home/ssfa/ros2_ws/install/two_wheeled_robot/share/two_wheeled_robot/launch/hospital_world/hospital_world_object_following.launch.py
[2.403s] -- Up-to-date symlink: /home/ssfa/ros2_ws/install/two_wheeled_robot/share/two_wheeled_robot/launch/hospital_world/hospital_world_regulated_pure_pursuit.launch.py
[2.403s] -- Up-to-date symlink: /home/ssfa/ros2_ws/install/two_wheeled_robot/share/two_wheeled_robot/launch/hospital_world/hospital_world_v1.launch.py
[2.403s] -- Up-to-date symlink: /home/ssfa/ros2_ws/install/two_wheeled_robot/share/two_wheeled_robot/launch/house_world/house_world_inspection.launch.py
[2.403s] -- Up-to-date symlink: /home/ssfa/ros2_ws/install/two_wheeled_robot/share/two_wheeled_robot/launch/house_world/house_world_v1.launch.py
[2.403s] -- Up-to-date symlink: /home/ssfa/ros2_ws/install/two_wheeled_robot/share/two_wheeled_robot/launch/inventory_world/inventory_world_v1.launch.py
[2.403s] -- Up-to-date symlink: /home/ssfa/ros2_ws/install/two_wheeled_robot/share/two_wheeled_robot/launch/launch_sdf_into_gazebo.launch.py
[2.403s] -- Up-to-date symlink: /home/ssfa/ros2_ws/install/two_wheeled_robot/share/two_wheeled_robot/launch/launch_urdf_into_gazebo.launch.py
[2.403s] -- Up-to-date symlink: /home/ssfa/ros2_ws/install/two_wheeled_robot/share/two_wheeled_robot/launch/lawn_world/lawn_world_straightline.launch.py
[2.403s] -- Up-to-date symlink: /home/ssfa/ros2_ws/install/two_wheeled_robot/share/two_wheeled_robot/launch/lawn_world/lawn_world_v1.launch.py
[2.403s] -- Up-to-date symlink: /home/ssfa/ros2_ws/install/two_wheeled_robot/share/two_wheeled_robot/launch/load_world_into_gazebo.launch.py
[2.403s] -- Up-to-date symlink: /home/ssfa/ros2_ws/install/two_wheeled_robot/share/two_wheeled_robot/launch/neighborhood_world/neighborhood_world_v1.launch.py
[2.403s] -- Up-to-date symlink: /home/ssfa/ros2_ws/install/two_wheeled_robot/share/two_wheeled_robot/launch/neighborhood_world/neighborhood_world_v2.launch.py
[2.403s] -- Up-to-date symlink: /home/ssfa/ros2_ws/install/two_wheeled_robot/share/two_wheeled_robot/launch/neighborhood_world/neighborhood_world_v3.launch.py
[2.403s] -- Up-to-date symlink: /home/ssfa/ros2_ws/install/two_wheeled_robot/share/two_wheeled_robot/launch/office_world/office_world_v1.launch.py
[2.403s] -- Up-to-date symlink: /home/ssfa/ros2_ws/install/two_wheeled_robot/share/two_wheeled_robot/launch/two_wheeled_robot_rviz.launch.py
[2.403s] -- Up-to-date symlink: /home/ssfa/ros2_ws/install/two_wheeled_robot/share/two_wheeled_robot/launch/warehouse_world/todo_warehouse.py
[2.403s] -- Up-to-date symlink: /home/ssfa/ros2_ws/install/two_wheeled_robot/share/two_wheeled_robot/launch/warehouse_world/warehouse_world_keepout_zones.launch.py
[2.403s] -- Up-to-date symlink: /home/ssfa/ros2_ws/install/two_wheeled_robot/share/two_wheeled_robot/launch/warehouse_world/warehouse_world_preferred_lanes.launch.py
[2.403s] -- Up-to-date symlink: /home/ssfa/ros2_ws/install/two_wheeled_robot/share/two_wheeled_robot/launch/warehouse_world/warehouse_world_speed_limit_zones.launch.py
[2.403s] -- Up-to-date symlink: /home/ssfa/ros2_ws/install/two_wheeled_robot/share/two_wheeled_robot/launch/warehouse_world/warehouse_world_v1.launch.py
[2.404s] -- Up-to-date symlink: /home/ssfa/ros2_ws/install/two_wheeled_robot/share/two_wheeled_robot/maps/cafe_world/cafe_world.pgm
[2.404s] -- Up-to-date symlink: /home/ssfa/ros2_ws/install/two_wheeled_robot/share/two_wheeled_robot/maps/cafe_world/cafe_world.yaml
[2.404s] -- Up-to-date symlink: /home/ssfa/ros2_ws/install/two_wheeled_robot/share/two_wheeled_robot/maps/car_world/car_world.pgm
[2.404s] -- Up-to-date symlink: /home/ssfa/ros2_ws/install/two_wheeled_robot/share/two_wheeled_robot/maps/car_world/car_world.yaml
[2.404s] -- Up-to-date symlink: /home/ssfa/ros2_ws/install/two_wheeled_robot/share/two_wheeled_robot/maps/distribution_center_2_world/distribution_center_2_world.pgm
[2.404s] -- Up-to-date symlink: /home/ssfa/ros2_ws/install/two_wheeled_robot/share/two_wheeled_robot/maps/distribution_center_2_world/distribution_center_2_world.yaml
[2.404s] -- Up-to-date symlink: /home/ssfa/ros2_ws/install/two_wheeled_robot/share/two_wheeled_robot/maps/distribution_center_3_world/distribution_center_3_world.pgm
[2.404s] -- Up-to-date symlink: /home/ssfa/ros2_ws/install/two_wheeled_robot/share/two_wheeled_robot/maps/distribution_center_3_world/distribution_center_3_world.yaml
[2.404s] -- Up-to-date symlink: /home/ssfa/ros2_ws/install/two_wheeled_robot/share/two_wheeled_robot/maps/distribution_center_world/distribution_center_world.pgm
[2.404s] -- Up-to-date symlink: /home/ssfa/ros2_ws/install/two_wheeled_robot/share/two_wheeled_robot/maps/distribution_center_world/distribution_center_world.yaml
[2.404s] -- Up-to-date symlink: /home/ssfa/ros2_ws/install/two_wheeled_robot/share/two_wheeled_robot/maps/factory_world/factory_world.pgm
[2.404s] -- Up-to-date symlink: /home/ssfa/ros2_ws/install/two_wheeled_robot/share/two_wheeled_robot/maps/factory_world/factory_world.yaml
[2.404s] -- Up-to-date symlink: /home/ssfa/ros2_ws/install/two_wheeled_robot/share/two_wheeled_robot/maps/farm_world/farm_world.pgm
[2.404s] -- Up-to-date symlink: /home/ssfa/ros2_ws/install/two_wheeled_robot/share/two_wheeled_robot/maps/farm_world/farm_world.yaml
[2.404s] -- Up-to-date symlink: /home/ssfa/ros2_ws/install/two_wheeled_robot/share/two_wheeled_robot/maps/hospital_world/hospital_world.pgm
[2.405s] -- Up-to-date symlink: /home/ssfa/ros2_ws/install/two_wheeled_robot/share/two_wheeled_robot/maps/hospital_world/hospital_world.yaml
[2.405s] -- Up-to-date symlink: /home/ssfa/ros2_ws/install/two_wheeled_robot/share/two_wheeled_robot/maps/house_world/house_world.pgm
[2.405s] -- Up-to-date symlink: /home/ssfa/ros2_ws/install/two_wheeled_robot/share/two_wheeled_robot/maps/house_world/house_world.yaml
[2.405s] -- Up-to-date symlink: /home/ssfa/ros2_ws/install/two_wheeled_robot/share/two_wheeled_robot/maps/inventory_world/inventory_world.pgm
[2.405s] -- Up-to-date symlink: /home/ssfa/ros2_ws/install/two_wheeled_robot/share/two_wheeled_robot/maps/inventory_world/inventory_world.yaml
[2.405s] -- Up-to-date symlink: /home/ssfa/ros2_ws/install/two_wheeled_robot/share/two_wheeled_robot/maps/lawn_world/lawn_world.pgm
[2.405s] -- Up-to-date symlink: /home/ssfa/ros2_ws/install/two_wheeled_robot/share/two_wheeled_robot/maps/lawn_world/lawn_world.yaml
[2.405s] -- Up-to-date symlink: /home/ssfa/ros2_ws/install/two_wheeled_robot/share/two_wheeled_robot/maps/neighborhood_world/neighborhood_world.pgm
[2.405s] -- Up-to-date symlink: /home/ssfa/ros2_ws/install/two_wheeled_robot/share/two_wheeled_robot/maps/neighborhood_world/neighborhood_world.yaml
[2.405s] -- Up-to-date symlink: /home/ssfa/ros2_ws/install/two_wheeled_robot/share/two_wheeled_robot/maps/office_world/office_world.pgm
[2.405s] -- Up-to-date symlink: /home/ssfa/ros2_ws/install/two_wheeled_robot/share/two_wheeled_robot/maps/office_world/office_world.yaml
[2.405s] -- Up-to-date symlink: /home/ssfa/ros2_ws/install/two_wheeled_robot/share/two_wheeled_robot/maps/warehouse_world/002/map.pgm
[2.405s] -- Up-to-date symlink: /home/ssfa/ros2_ws/install/two_wheeled_robot/share/two_wheeled_robot/maps/warehouse_world/002/map.yaml
[2.405s] -- Up-to-date symlink: /home/ssfa/ros2_ws/install/two_wheeled_robot/share/two_wheeled_robot/maps/warehouse_world/005/map.pgm
[2.405s] -- Up-to-date symlink: /home/ssfa/ros2_ws/install/two_wheeled_robot/share/two_wheeled_robot/maps/warehouse_world/005/map.yaml
[2.405s] -- Up-to-date symlink: /home/ssfa/ros2_ws/install/two_wheeled_robot/share/two_wheeled_robot/maps/warehouse_world/005/map_rotated.pgm
[2.405s] -- Up-to-date symlink: /home/ssfa/ros2_ws/install/two_wheeled_robot/share/two_wheeled_robot/maps/warehouse_world/005/map_rotated.png
[2.405s] -- Up-to-date symlink: /home/ssfa/ros2_ws/install/two_wheeled_robot/share/two_wheeled_robot/maps/warehouse_world/keepout2.yaml
[2.405s] -- Up-to-date symlink: /home/ssfa/ros2_ws/install/two_wheeled_robot/share/two_wheeled_robot/maps/warehouse_world/keepout_rotated2.pgm
[2.405s] -- Up-to-date symlink: /home/ssfa/ros2_ws/install/two_wheeled_robot/share/two_wheeled_robot/maps/warehouse_world/lanes.yaml
[2.405s] -- Up-to-date symlink: /home/ssfa/ros2_ws/install/two_wheeled_robot/share/two_wheeled_robot/maps/warehouse_world/lanes_rotated.pgm
[2.405s] -- Up-to-date symlink: /home/ssfa/ros2_ws/install/two_wheeled_robot/share/two_wheeled_robot/maps/warehouse_world/speed_mask.pgm
[2.405s] -- Up-to-date symlink: /home/ssfa/ros2_ws/install/two_wheeled_robot/share/two_wheeled_robot/maps/warehouse_world/speed_mask.yaml
[2.405s] -- Up-to-date symlink: /home/ssfa/ros2_ws/install/two_wheeled_robot/share/two_wheeled_robot/maps/warehouse_world/warehouse_world.pgm
[2.406s] -- Up-to-date symlink: /home/ssfa/ros2_ws/install/two_wheeled_robot/share/two_wheeled_robot/maps/warehouse_world/warehouse_world.yaml
[2.406s] -- Up-to-date symlink: /home/ssfa/ros2_ws/install/two_wheeled_robot/share/two_wheeled_robot/maps/warehouse_world/warehouse_world_keepout_zones.pgm
[2.406s] -- Up-to-date symlink: /home/ssfa/ros2_ws/install/two_wheeled_robot/share/two_wheeled_robot/maps/warehouse_world/warehouse_world_keepout_zones.yaml
[2.406s] -- Up-to-date symlink: /home/ssfa/ros2_ws/install/two_wheeled_robot/share/two_wheeled_robot/maps/warehouse_world/warehouse_world_preferred_lanes.pgm
[2.406s] -- Up-to-date symlink: /home/ssfa/ros2_ws/install/two_wheeled_robot/share/two_wheeled_robot/maps/warehouse_world/warehouse_world_preferred_lanes.yaml
[2.406s] -- Up-to-date symlink: /home/ssfa/ros2_ws/install/two_wheeled_robot/share/two_wheeled_robot/maps/warehouse_world/warehouse_world_speed_limit_zones.pgm
[2.406s] -- Up-to-date symlink: /home/ssfa/ros2_ws/install/two_wheeled_robot/share/two_wheeled_robot/maps/warehouse_world/warehouse_world_speed_limit_zones.yaml
[2.406s] -- Up-to-date symlink: /home/ssfa/ros2_ws/install/two_wheeled_robot/share/two_wheeled_robot/media/frames/frames.gv
[2.406s] -- Up-to-date symlink: /home/ssfa/ros2_ws/install/two_wheeled_robot/share/two_wheeled_robot/media/frames/frames.pdf
[2.406s] -- Up-to-date symlink: /home/ssfa/ros2_ws/install/two_wheeled_robot/share/two_wheeled_robot/media/gps/gps_service_call_set_origin_lat_lon
[2.406s] -- Up-to-date symlink: /home/ssfa/ros2_ws/install/two_wheeled_robot/share/two_wheeled_robot/media/materials/scripts/servicesim.material
[2.406s] -- Up-to-date symlink: /home/ssfa/ros2_ws/install/two_wheeled_robot/share/two_wheeled_robot/media/materials/textures/bathroom.png
[2.406s] -- Up-to-date symlink: /home/ssfa/ros2_ws/install/two_wheeled_robot/share/two_wheeled_robot/media/materials/textures/ceiling.png
[2.406s] -- Up-to-date symlink: /home/ssfa/ros2_ws/install/two_wheeled_robot/share/two_wheeled_robot/media/materials/textures/cubicle_wall.png
[2.406s] -- Up-to-date symlink: /home/ssfa/ros2_ws/install/two_wheeled_robot/share/two_wheeled_robot/media/materials/textures/door_wall.png
[2.406s] -- Up-to-date symlink: /home/ssfa/ros2_ws/install/two_wheeled_robot/share/two_wheeled_robot/media/materials/textures/elevator.png
[2.406s] -- Up-to-date symlink: /home/ssfa/ros2_ws/install/two_wheeled_robot/share/two_wheeled_robot/media/materials/textures/floors.png
[2.407s] -- Up-to-date symlink: /home/ssfa/ros2_ws/install/two_wheeled_robot/share/two_wheeled_robot/media/materials/textures/hallway.png
[2.407s] -- Up-to-date symlink: /home/ssfa/ros2_ws/install/two_wheeled_robot/share/two_wheeled_robot/media/materials/textures/plain.png
[2.407s] -- Up-to-date symlink: /home/ssfa/ros2_ws/install/two_wheeled_robot/share/two_wheeled_robot/media/materials/textures/sink.png
[2.407s] -- Up-to-date symlink: /home/ssfa/ros2_ws/install/two_wheeled_robot/share/two_wheeled_robot/media/materials/textures/wall_color.png
[2.407s] -- Up-to-date symlink: /home/ssfa/ros2_ws/install/two_wheeled_robot/share/two_wheeled_robot/media/materials/textures/wall_plain_and_door.png
[2.407s] -- Up-to-date symlink: /home/ssfa/ros2_ws/install/two_wheeled_robot/share/two_wheeled_robot/media/materials/textures/wall_window_and_elevator.png
[2.407s] -- Up-to-date symlink: /home/ssfa/ros2_ws/install/two_wheeled_robot/share/two_wheeled_robot/media/materials/textures/window.png
[2.407s] -- Up-to-date symlink: /home/ssfa/ros2_ws/install/two_wheeled_robot/share/two_wheeled_robot/media/node_graph/rviz_launch_rosgraph.png
[2.407s] -- Up-to-date symlink: /home/ssfa/ros2_ws/install/two_wheeled_robot/share/two_wheeled_robot/meshes/arm_base.stl
[2.407s] -- Up-to-date symlink: /home/ssfa/ros2_ws/install/two_wheeled_robot/share/two_wheeled_robot/meshes/bicep.stl
[2.407s] -- Up-to-date symlink: /home/ssfa/ros2_ws/install/two_wheeled_robot/share/two_wheeled_robot/meshes/cafe/walk.dae
[2.407s] -- Up-to-date symlink: /home/ssfa/ros2_ws/install/two_wheeled_robot/share/two_wheeled_robot/meshes/elbow.stl
[2.407s] -- Up-to-date symlink: /home/ssfa/ros2_ws/install/two_wheeled_robot/share/two_wheeled_robot/meshes/office/bathroom.obj
[2.407s] -- Up-to-date symlink: /home/ssfa/ros2_ws/install/two_wheeled_robot/share/two_wheeled_robot/meshes/office/carpet.obj
[2.407s] -- Up-to-date symlink: /home/ssfa/ros2_ws/install/two_wheeled_robot/share/two_wheeled_robot/meshes/office/ceiling.obj
[2.407s] -- Up-to-date symlink: /home/ssfa/ros2_ws/install/two_wheeled_robot/share/two_wheeled_robot/meshes/office/cubicle_wall.mtl
[2.407s] -- Up-to-date symlink: /home/ssfa/ros2_ws/install/two_wheeled_robot/share/two_wheeled_robot/meshes/office/cubicle_wall.obj
[2.407s] -- Up-to-date symlink: /home/ssfa/ros2_ws/install/two_wheeled_robot/share/two_wheeled_robot/meshes/office/hallway.obj
[2.407s] -- Up-to-date symlink: /home/ssfa/ros2_ws/install/two_wheeled_robot/share/two_wheeled_robot/meshes/office/meeting_room_large.obj
[2.407s] -- Up-to-date symlink: /home/ssfa/ros2_ws/install/two_wheeled_robot/share/two_wheeled_robot/meshes/office/meeting_room_small.obj
[2.408s] -- Up-to-date symlink: /home/ssfa/ros2_ws/install/two_wheeled_robot/share/two_wheeled_robot/meshes/office/office.mtl
[2.408s] -- Up-to-date symlink: /home/ssfa/ros2_ws/install/two_wheeled_robot/share/two_wheeled_robot/meshes/office/office_large.obj
[2.408s] -- Up-to-date symlink: /home/ssfa/ros2_ws/install/two_wheeled_robot/share/two_wheeled_robot/meshes/office/office_small.obj
[2.408s] -- Up-to-date symlink: /home/ssfa/ros2_ws/install/two_wheeled_robot/share/two_wheeled_robot/meshes/office/reception.obj
[2.408s] -- Up-to-date symlink: /home/ssfa/ros2_ws/install/two_wheeled_robot/share/two_wheeled_robot/meshes/office/refreshment_area.obj
[2.408s] -- Up-to-date symlink: /home/ssfa/ros2_ws/install/two_wheeled_robot/share/two_wheeled_robot/meshes/office/sink.obj
[2.408s] -- Up-to-date symlink: /home/ssfa/ros2_ws/install/two_wheeled_robot/share/two_wheeled_robot/meshes/office/tile.obj
[2.408s] -- Up-to-date symlink: /home/ssfa/ros2_ws/install/two_wheeled_robot/share/two_wheeled_robot/meshes/office/wall_door.obj
[2.408s] -- Up-to-date symlink: /home/ssfa/ros2_ws/install/two_wheeled_robot/share/two_wheeled_robot/meshes/office/wall_elevator.obj
[2.408s] -- Up-to-date symlink: /home/ssfa/ros2_ws/install/two_wheeled_robot/share/two_wheeled_robot/meshes/office/wall_plain.obj
[2.408s] -- Up-to-date symlink: /home/ssfa/ros2_ws/install/two_wheeled_robot/share/two_wheeled_robot/meshes/office/wall_window.obj
[2.408s] -- Up-to-date symlink: /home/ssfa/ros2_ws/install/two_wheeled_robot/share/two_wheeled_robot/meshes/robot_base.stl
[2.408s] -- Up-to-date symlink: /home/ssfa/ros2_ws/install/two_wheeled_robot/share/two_wheeled_robot/meshes/wheel.stl
[2.408s] -- Up-to-date symlink: /home/ssfa/ros2_ws/install/two_wheeled_robot/share/two_wheeled_robot/meshes/wrist.stl
[2.424s] -- Up-to-date symlink: /home/ssfa/ros2_ws/install/two_wheeled_robot/share/two_wheeled_robot/models/.gitignore
[2.425s] -- Up-to-date symlink: /home/ssfa/ros2_ws/install/two_wheeled_robot/share/two_wheeled_robot/models/AdjTable/meshes/AdjTable.mtl
[2.425s] -- Up-to-date symlink: /home/ssfa/ros2_ws/install/two_wheeled_robot/share/two_wheeled_robot/models/AdjTable/meshes/AdjTable.obj
[2.425s] -- Up-to-date symlink: /home/ssfa/ros2_ws/install/two_wheeled_robot/share/two_wheeled_robot/models/AdjTable/meshes/AdjTable_Col.mtl
[2.425s] -- Up-to-date symlink: /home/ssfa/ros2_ws/install/two_wheeled_robot/share/two_wheeled_robot/models/AdjTable/meshes/AdjTable_Col.obj
[2.425s] -- Up-to-date symlink: /home/ssfa/ros2_ws/install/two_wheeled_robot/share/two_wheeled_robot/models/AdjTable/meshes/AdjTable_Diffuse.png
[2.425s] -- Up-to-date symlink: /home/ssfa/ros2_ws/install/two_wheeled_robot/share/two_wheeled_robot/models/AdjTable/model.config
[2.425s] -- Up-to-date symlink: /home/ssfa/ros2_ws/install/two_wheeled_robot/share/two_wheeled_robot/models/AdjTable/model.sdf
[2.425s] -- Up-to-date symlink: /home/ssfa/ros2_ws/install/two_wheeled_robot/share/two_wheeled_robot/models/AdjTable/thumbnails/1.png
[2.425s] -- Up-to-date symlink: /home/ssfa/ros2_ws/install/two_wheeled_robot/share/two_wheeled_robot/models/AdjTable/thumbnails/2.png
[2.425s] -- Up-to-date symlink: /home/ssfa/ros2_ws/install/two_wheeled_robot/share/two_wheeled_robot/models/AdjTable/thumbnails/3.png
[2.425s] -- Up-to-date symlink: /home/ssfa/ros2_ws/install/two_wheeled_robot/share/two_wheeled_robot/models/AdjTable/thumbnails/4.png
[2.425s] -- Up-to-date symlink: /home/ssfa/ros2_ws/install/two_wheeled_robot/share/two_wheeled_robot/models/AdjTable/thumbnails/5.png
[2.425s] -- Up-to-date symlink: /home/ssfa/ros2_ws/install/two_wheeled_robot/share/two_wheeled_robot/models/AnesthesiaMachine/meshes/AnesthesiaMachine.mtl
[2.425s] -- Up-to-date symlink: /home/ssfa/ros2_ws/install/two_wheeled_robot/share/two_wheeled_robot/models/AnesthesiaMachine/meshes/AnesthesiaMachine.obj
[2.425s] -- Up-to-date symlink: /home/ssfa/ros2_ws/install/two_wheeled_robot/share/two_wheeled_robot/models/AnesthesiaMachine/meshes/AnesthesiaMachine.png
[2.425s] -- Up-to-date symlink: /home/ssfa/ros2_ws/install/two_wheeled_robot/share/two_wheeled_robot/models/AnesthesiaMachine/meshes/AnesthesiaMachine_Col.mtl
[2.425s] -- Up-to-date symlink: /home/ssfa/ros2_ws/install/two_wheeled_robot/share/two_wheeled_robot/models/AnesthesiaMachine/meshes/AnesthesiaMachine_Col.obj
[2.425s] -- Up-to-date symlink: /home/ssfa/ros2_ws/install/two_wheeled_robot/share/two_wheeled_robot/models/AnesthesiaMachine/model.config
[2.425s] -- Up-to-date symlink: /home/ssfa/ros2_ws/install/two_wheeled_robot/share/two_wheeled_robot/models/AnesthesiaMachine/model.sdf
[2.425s] -- Up-to-date symlink: /home/ssfa/ros2_ws/install/two_wheeled_robot/share/two_wheeled_robot/models/AnesthesiaMachine/thumbnails/1.png
[2.425s] -- Up-to-date symlink: /home/ssfa/ros2_ws/install/two_wheeled_robot/share/two_wheeled_robot/models/AnesthesiaMachine/thumbnails/2.png
[2.425s] -- Up-to-date symlink: /home/ssfa/ros2_ws/install/two_wheeled_robot/share/two_wheeled_robot/models/AnesthesiaMachine/thumbnails/3.png
[2.425s] -- Up-to-date symlink: /home/ssfa/ros2_ws/install/two_wheeled_robot/share/two_wheeled_robot/models/AnesthesiaMachine/thumbnails/4.png
[2.425s] -- Up-to-date symlink: /home/ssfa/ros2_ws/install/two_wheeled_robot/share/two_wheeled_robot/models/AnesthesiaMachine/thumbnails/5.png
[2.425s] -- Up-to-date symlink: /home/ssfa/ros2_ws/install/two_wheeled_robot/share/two_wheeled_robot/models/BMWCart/meshes/Cart_BMW.mtl
[2.425s] -- Up-to-date symlink: /home/ssfa/ros2_ws/install/two_wheeled_robot/share/two_wheeled_robot/models/BMWCart/meshes/Cart_BMW.obj
[2.425s] -- Up-to-date symlink: /home/ssfa/ros2_ws/install/two_wheeled_robot/share/two_wheeled_robot/models/BMWCart/meshes/Cart_BMW_Col.mtl
[2.426s] -- Up-to-date symlink: /home/ssfa/ros2_ws/install/two_wheeled_robot/share/two_wheeled_robot/models/BMWCart/meshes/Cart_BMW_Col.obj
[2.426s] -- Up-to-date symlink: /home/ssfa/ros2_ws/install/two_wheeled_robot/share/two_wheeled_robot/models/BMWCart/meshes/Cart_BMW_Diffuse.png
[2.426s] -- Up-to-date symlink: /home/ssfa/ros2_ws/install/two_wheeled_robot/share/two_wheeled_robot/models/BMWCart/meshes/Cart_BMW_Normal.png
[2.426s] -- Up-to-date symlink: /home/ssfa/ros2_ws/install/two_wheeled_robot/share/two_wheeled_robot/models/BMWCart/meshes/Cart_BMW_SpecGloss.png
[2.426s] -- Up-to-date symlink: /home/ssfa/ros2_ws/install/two_wheeled_robot/share/two_wheeled_robot/models/BMWCart/meshes/Carts_Wheels_Diffuse.png
[2.426s] -- Up-to-date symlink: /home/ssfa/ros2_ws/install/two_wheeled_robot/share/two_wheeled_robot/models/BMWCart/model.config
[2.426s] -- Up-to-date symlink: /home/ssfa/ros2_ws/install/two_wheeled_robot/share/two_wheeled_robot/models/BMWCart/model.sdf
[2.426s] -- Up-to-date symlink: /home/ssfa/ros2_ws/install/two_wheeled_robot/share/two_wheeled_robot/models/BMWCart/thumbnails/1.png
[2.426s] -- Up-to-date symlink: /home/ssfa/ros2_ws/install/two_wheeled_robot/share/two_wheeled_robot/models/BMWCart/thumbnails/2.png
[2.426s] -- Up-to-date symlink: /home/ssfa/ros2_ws/install/two_wheeled_robot/share/two_wheeled_robot/models/BMWCart/thumbnails/3.png
[2.426s] -- Up-to-date symlink: /home/ssfa/ros2_ws/install/two_wheeled_robot/share/two_wheeled_robot/models/BMWCart/thumbnails/4.png
[2.426s] -- Up-to-date symlink: /home/ssfa/ros2_ws/install/two_wheeled_robot/share/two_wheeled_robot/models/BMWCart/thumbnails/5.png
[2.426s] -- Up-to-date symlink: /home/ssfa/ros2_ws/install/two_wheeled_robot/share/two_wheeled_robot/models/BPCart/meshes/BP_BP_LP_Normal.png
[2.426s] -- Up-to-date symlink: /home/ssfa/ros2_ws/install/two_wheeled_robot/share/two_wheeled_robot/models/BPCart/meshes/BP_BP_LP_SpecularGloss.png
[2.426s] -- Up-to-date symlink: /home/ssfa/ros2_ws/install/two_wheeled_robot/share/two_wheeled_robot/models/BPCart/meshes/Cart_BP.mtl
[2.426s] -- Up-to-date symlink: /home/ssfa/ros2_ws/install/two_wheeled_robot/share/two_wheeled_robot/models/BPCart/meshes/Cart_BP.obj
[2.426s] -- Up-to-date symlink: /home/ssfa/ros2_ws/install/two_wheeled_robot/share/two_wheeled_robot/models/BPCart/meshes/Cart_BP_Col.mtl
[2.426s] -- Up-to-date symlink: /home/ssfa/ros2_ws/install/two_wheeled_robot/share/two_wheeled_robot/models/BPCart/meshes/Cart_BP_Col.obj
[2.426s] -- Up-to-date symlink: /home/ssfa/ros2_ws/install/two_wheeled_robot/share/two_wheeled_robot/models/BPCart/meshes/Cart_BP_Diffuse.png
[2.426s] -- Up-to-date symlink: /home/ssfa/ros2_ws/install/two_wheeled_robot/share/two_wheeled_robot/models/BPCart/meshes/Carts_Wheels_Diffuse.png
[2.426s] -- Up-to-date symlink: /home/ssfa/ros2_ws/install/two_wheeled_robot/share/two_wheeled_robot/models/BPCart/model.config
[2.426s] -- Up-to-date symlink: /home/ssfa/ros2_ws/install/two_wheeled_robot/share/two_wheeled_robot/models/BPCart/model.sdf
[2.426s] -- Up-to-date symlink: /home/ssfa/ros2_ws/install/two_wheeled_robot/share/two_wheeled_robot/models/BPCart/thumbnails/1.png
[2.427s] -- Up-to-date symlink: /home/ssfa/ros2_ws/install/two_wheeled_robot/share/two_wheeled_robot/models/BPCart/thumbnails/2.png
[2.427s] -- Up-to-date symlink: /home/ssfa/ros2_ws/install/two_wheeled_robot/share/two_wheeled_robot/models/BPCart/thumbnails/3.png
[2.427s] -- Up-to-date symlink: /home/ssfa/ros2_ws/install/two_wheeled_robot/share/two_wheeled_robot/models/BPCart/thumbnails/4.png
[2.427s] -- Up-to-date symlink: /home/ssfa/ros2_ws/install/two_wheeled_robot/share/two_wheeled_robot/models/BPCart/thumbnails/5.png
[2.427s] -- Up-to-date symlink: /home/ssfa/ros2_ws/install/two_wheeled_robot/share/two_wheeled_robot/models/BedTable/meshes/BedTable.mtl
[2.427s] -- Up-to-date symlink: /home/ssfa/ros2_ws/install/two_wheeled_robot/share/two_wheeled_robot/models/BedTable/meshes/BedTable.obj
[2.427s] -- Up-to-date symlink: /home/ssfa/ros2_ws/install/two_wheeled_robot/share/two_wheeled_robot/models/BedTable/meshes/BedTable.png
[2.427s] -- Up-to-date symlink: /home/ssfa/ros2_ws/install/two_wheeled_robot/share/two_wheeled_robot/models/BedTable/meshes/BedTable_Col.mtl
[2.427s] -- Up-to-date symlink: /home/ssfa/ros2_ws/install/two_wheeled_robot/share/two_wheeled_robot/models/BedTable/meshes/BedTable_Col.obj
[2.427s] -- Up-to-date symlink: /home/ssfa/ros2_ws/install/two_wheeled_robot/share/two_wheeled_robot/models/BedTable/meshes/BedTable_Diffuse.png
[2.427s] -- Up-to-date symlink: /home/ssfa/ros2_ws/install/two_wheeled_robot/share/two_wheeled_robot/models/BedTable/meshes/BedTable_Normal.png
[2.427s] -- Up-to-date symlink: /home/ssfa/ros2_ws/install/two_wheeled_robot/share/two_wheeled_robot/models/BedTable/meshes/BedTable_SpecGloss.png
[2.427s] -- Up-to-date symlink: /home/ssfa/ros2_ws/install/two_wheeled_robot/share/two_wheeled_robot/models/BedTable/model.config
[2.427s] -- Up-to-date symlink: /home/ssfa/ros2_ws/install/two_wheeled_robot/share/two_wheeled_robot/models/BedTable/model.sdf
[2.427s] -- Up-to-date symlink: /home/ssfa/ros2_ws/install/two_wheeled_robot/share/two_wheeled_robot/models/BedTable/thumbnails/1.png
[2.427s] -- Up-to-date symlink: /home/ssfa/ros2_ws/install/two_wheeled_robot/share/two_wheeled_robot/models/BedTable/thumbnails/2.png
[2.427s] -- Up-to-date symlink: /home/ssfa/ros2_ws/install/two_wheeled_robot/share/two_wheeled_robot/models/BedTable/thumbnails/3.png
[2.427s] -- Up-to-date symlink: /home/ssfa/ros2_ws/install/two_wheeled_robot/share/two_wheeled_robot/models/BedTable/thumbnails/4.png
[2.427s] -- Up-to-date symlink: /home/ssfa/ros2_ws/install/two_wheeled_robot/share/two_wheeled_robot/models/BedTable/thumbnails/5.png
[2.427s] -- Up-to-date symlink: /home/ssfa/ros2_ws/install/two_wheeled_robot/share/two_wheeled_robot/models/BedsideTable/meshes/BedsideTable.mtl
[2.427s] -- Up-to-date symlink: /home/ssfa/ros2_ws/install/two_wheeled_robot/share/two_wheeled_robot/models/BedsideTable/meshes/BedsideTable.obj
[2.427s] -- Up-to-date symlink: /home/ssfa/ros2_ws/install/two_wheeled_robot/share/two_wheeled_robot/models/BedsideTable/meshes/BedsideTable.png
[2.427s] -- Up-to-date symlink: /home/ssfa/ros2_ws/install/two_wheeled_robot/share/two_wheeled_robot/models/BedsideTable/meshes/BedsideTable_Col.mtl
[2.428s] -- Up-to-date symlink: /home/ssfa/ros2_ws/install/two_wheeled_robot/share/two_wheeled_robot/models/BedsideTable/meshes/BedsideTable_Col.obj
[2.428s] -- Up-to-date symlink: /home/ssfa/ros2_ws/install/two_wheeled_robot/share/two_wheeled_robot/models/BedsideTable/meshes/BedsideTable_Diffuse.png
[2.428s] -- Up-to-date symlink: /home/ssfa/ros2_ws/install/two_wheeled_robot/share/two_wheeled_robot/models/BedsideTable/meshes/BedsideTable_Normal.png
[2.428s] -- Up-to-date symlink: /home/ssfa/ros2_ws/install/two_wheeled_robot/share/two_wheeled_robot/models/BedsideTable/meshes/BedsideTable_SpecGloss.png
[2.428s] -- Up-to-date symlink: /home/ssfa/ros2_ws/install/two_wheeled_robot/share/two_wheeled_robot/models/BedsideTable/model.config
[2.428s] -- Up-to-date symlink: /home/ssfa/ros2_ws/install/two_wheeled_robot/share/two_wheeled_robot/models/BedsideTable/model.sdf
[2.428s] -- Up-to-date symlink: /home/ssfa/ros2_ws/install/two_wheeled_robot/share/two_wheeled_robot/models/BedsideTable/thumbnails/1.png
[2.428s] -- Up-to-date symlink: /home/ssfa/ros2_ws/install/two_wheeled_robot/share/two_wheeled_robot/models/BedsideTable/thumbnails/2.png
[2.428s] -- Up-to-date symlink: /home/ssfa/ros2_ws/install/two_wheeled_robot/share/two_wheeled_robot/models/BedsideTable/thumbnails/3.png
[2.428s] -- Up-to-date symlink: /home/ssfa/ros2_ws/install/two_wheeled_robot/share/two_wheeled_robot/models/BedsideTable/thumbnails/4.png
[2.428s] -- Up-to-date symlink: /home/ssfa/ros2_ws/install/two_wheeled_robot/share/two_wheeled_robot/models/BedsideTable/thumbnails/5.png
[2.428s] -- Up-to-date symlink: /home/ssfa/ros2_ws/install/two_wheeled_robot/share/two_wheeled_robot/models/BloodPressureMonitor/meshes/BloodPressureMonitor.mtl
[2.428s] -- Up-to-date symlink: /home/ssfa/ros2_ws/install/two_wheeled_robot/share/two_wheeled_robot/models/BloodPressureMonitor/meshes/BloodPressureMonitor.obj
[2.428s] -- Up-to-date symlink: /home/ssfa/ros2_ws/install/two_wheeled_robot/share/two_wheeled_robot/models/BloodPressureMonitor/meshes/BloodPressureMonitor.png
[2.428s] -- Up-to-date symlink: /home/ssfa/ros2_ws/install/two_wheeled_robot/share/two_wheeled_robot/models/BloodPressureMonitor/meshes/BloodPressureMonitor_Col.mtl
[2.428s] -- Up-to-date symlink: /home/ssfa/ros2_ws/install/two_wheeled_robot/share/two_wheeled_robot/models/BloodPressureMonitor/meshes/BloodPressureMonitor_Col.obj
[2.428s] -- Up-to-date symlink: /home/ssfa/ros2_ws/install/two_wheeled_robot/share/two_wheeled_robot/models/BloodPressureMonitor/model.config
[2.428s] -- Up-to-date symlink: /home/ssfa/ros2_ws/install/two_wheeled_robot/share/two_wheeled_robot/models/BloodPressureMonitor/model.sdf
[2.428s] -- Up-to-date symlink: /home/ssfa/ros2_ws/install/two_wheeled_robot/share/two_wheeled_robot/models/BloodPressureMonitor/thumbnails/1.png
[2.428s] -- Up-to-date symlink: /home/ssfa/ros2_ws/install/two_wheeled_robot/share/two_wheeled_robot/models/BloodPressureMonitor/thumbnails/2.png
[2.428s] -- Up-to-date symlink: /home/ssfa/ros2_ws/install/two_wheeled_robot/share/two_wheeled_robot/models/BloodPressureMonitor/thumbnails/3.png
[2.428s] -- Up-to-date symlink: /home/ssfa/ros2_ws/install/two_wheeled_robot/share/two_wheeled_robot/models/BloodPressureMonitor/thumbnails/4.png
[2.428s] -- Up-to-date symlink: /home/ssfa/ros2_ws/install/two_wheeled_robot/share/two_wheeled_robot/models/BloodPressureMonitor/thumbnails/5.png
[2.429s] -- Up-to-date symlink: /home/ssfa/ros2_ws/install/two_wheeled_robot/share/two_wheeled_robot/models/Box/model.config
[2.429s] -- Up-to-date symlink: /home/ssfa/ros2_ws/install/two_wheeled_robot/share/two_wheeled_robot/models/Box/model.sdf
[2.429s] -- Up-to-date symlink: /home/ssfa/ros2_ws/install/two_wheeled_robot/share/two_wheeled_robot/models/BoxesLargeOnPallet/materials/scripts/BoxesLargeOnPallet.material
[2.429s] -- Up-to-date symlink: /home/ssfa/ros2_ws/install/two_wheeled_robot/share/two_wheeled_robot/models/BoxesLargeOnPallet/model.config
[2.429s] -- Up-to-date symlink: /home/ssfa/ros2_ws/install/two_wheeled_robot/share/two_wheeled_robot/models/BoxesLargeOnPallet/model.sdf
[2.429s] -- Up-to-date symlink: /home/ssfa/ros2_ws/install/two_wheeled_robot/share/two_wheeled_robot/models/BoxesLargeOnPallet_2/model.config
[2.429s] -- Up-to-date symlink: /home/ssfa/ros2_ws/install/two_wheeled_robot/share/two_wheeled_robot/models/BoxesLargeOnPallet_2/model.sdf
[2.429s] -- Up-to-date symlink: /home/ssfa/ros2_ws/install/two_wheeled_robot/share/two_wheeled_robot/models/BoxesLargeOnPallet_3/model.config
[2.429s] -- Up-to-date symlink: /home/ssfa/ros2_ws/install/two_wheeled_robot/share/two_wheeled_robot/models/BoxesLargeOnPallet_3/model.sdf
[2.429s] -- Up-to-date symlink: /home/ssfa/ros2_ws/install/two_wheeled_robot/share/two_wheeled_robot/models/CGMClassic/meshes/CGMClassic.mtl
[2.429s] -- Up-to-date symlink: /home/ssfa/ros2_ws/install/two_wheeled_robot/share/two_wheeled_robot/models/CGMClassic/meshes/CGMClassic.obj
[2.429s] -- Up-to-date symlink: /home/ssfa/ros2_ws/install/two_wheeled_robot/share/two_wheeled_robot/models/CGMClassic/meshes/CGMClassic_Diffuse.png
[2.429s] -- Up-to-date symlink: /home/ssfa/ros2_ws/install/two_wheeled_robot/share/two_wheeled_robot/models/CGMClassic/meshes/Carts_Wheels_Diffuse.png
[2.429s] -- Up-to-date symlink: /home/ssfa/ros2_ws/install/two_wheeled_robot/share/two_wheeled_robot/models/CGMClassic/meshes/Wheels_Normal_Normal_Bump.tga
[2.429s] -- Up-to-date symlink: /home/ssfa/ros2_ws/install/two_wheeled_robot/share/two_wheeled_robot/models/CGMClassic/model.config
[2.429s] -- Up-to-date symlink: /home/ssfa/ros2_ws/install/two_wheeled_robot/share/two_wheeled_robot/models/CGMClassic/model.sdf
[2.429s] -- Up-to-date symlink: /home/ssfa/ros2_ws/install/two_wheeled_robot/share/two_wheeled_robot/models/CGMClassic/thumbnails/1.png
[2.429s] -- Up-to-date symlink: /home/ssfa/ros2_ws/install/two_wheeled_robot/share/two_wheeled_robot/models/CGMClassic/thumbnails/2.png
[2.429s] -- Up-to-date symlink: /home/ssfa/ros2_ws/install/two_wheeled_robot/share/two_wheeled_robot/models/CGMClassic/thumbnails/3.png
[2.429s] -- Up-to-date symlink: /home/ssfa/ros2_ws/install/two_wheeled_robot/share/two_wheeled_robot/models/CGMClassic/thumbnails/4.png
[2.429s] -- Up-to-date symlink: /home/ssfa/ros2_ws/install/two_wheeled_robot/share/two_wheeled_robot/models/CGMClassic/thumbnails/5.png
[2.429s] -- Up-to-date symlink: /home/ssfa/ros2_ws/install/two_wheeled_robot/share/two_wheeled_robot/models/Chair/meshes/Chair.mtl
[2.430s] -- Up-to-date symlink: /home/ssfa/ros2_ws/install/two_wheeled_robot/share/two_wheeled_robot/models/Chair/meshes/Chair.obj
[2.430s] -- Up-to-date symlink: /home/ssfa/ros2_ws/install/two_wheeled_robot/share/two_wheeled_robot/models/Chair/meshes/Chair.png
[2.430s] -- Up-to-date symlink: /home/ssfa/ros2_ws/install/two_wheeled_robot/share/two_wheeled_robot/models/Chair/meshes/Chair_Diffuse.png
[2.430s] -- Up-to-date symlink: /home/ssfa/ros2_ws/install/two_wheeled_robot/share/two_wheeled_robot/models/Chair/meshes/Chair_Normal.png
[2.430s] -- Up-to-date symlink: /home/ssfa/ros2_ws/install/two_wheeled_robot/share/two_wheeled_robot/models/Chair/meshes/Chair_SpecGloss.png
[2.430s] -- Up-to-date symlink: /home/ssfa/ros2_ws/install/two_wheeled_robot/share/two_wheeled_robot/models/Chair/model.config
[2.430s] -- Up-to-date symlink: /home/ssfa/ros2_ws/install/two_wheeled_robot/share/two_wheeled_robot/models/Chair/model.sdf
[2.430s] -- Up-to-date symlink: /home/ssfa/ros2_ws/install/two_wheeled_robot/share/two_wheeled_robot/models/Chair/thumbnails/1.png
[2.430s] -- Up-to-date symlink: /home/ssfa/ros2_ws/install/two_wheeled_robot/share/two_wheeled_robot/models/Chair/thumbnails/2.png
[2.430s] -- Up-to-date symlink: /home/ssfa/ros2_ws/install/two_wheeled_robot/share/two_wheeled_robot/models/Chair/thumbnails/3.png
[2.430s] -- Up-to-date symlink: /home/ssfa/ros2_ws/install/two_wheeled_robot/share/two_wheeled_robot/models/Chair/thumbnails/4.png
[2.430s] -- Up-to-date symlink: /home/ssfa/ros2_ws/install/two_wheeled_robot/share/two_wheeled_robot/models/Chair/thumbnails/5.png
[2.431s] -- Up-to-date symlink: /home/ssfa/ros2_ws/install/two_wheeled_robot/share/two_wheeled_robot/models/Drawer/meshes/Drawer.mtl
[2.431s] -- Up-to-date symlink: /home/ssfa/ros2_ws/install/two_wheeled_robot/share/two_wheeled_robot/models/Drawer/meshes/Drawer.obj
[2.431s] -- Up-to-date symlink: /home/ssfa/ros2_ws/install/two_wheeled_robot/share/two_wheeled_robot/models/Drawer/meshes/Drawer.png
[2.431s] -- Up-to-date symlink: /home/ssfa/ros2_ws/install/two_wheeled_robot/share/two_wheeled_robot/models/Drawer/meshes/Drawer_Col.obj
[2.431s] -- Up-to-date symlink: /home/ssfa/ros2_ws/install/two_wheeled_robot/share/two_wheeled_robot/models/Drawer/model.config
[2.431s] -- Up-to-date symlink: /home/ssfa/ros2_ws/install/two_wheeled_robot/share/two_wheeled_robot/models/Drawer/model.sdf
[2.431s] -- Up-to-date symlink: /home/ssfa/ros2_ws/install/two_wheeled_robot/share/two_wheeled_robot/models/Drawer/thumbnails/1.png
[2.431s] -- Up-to-date symlink: /home/ssfa/ros2_ws/install/two_wheeled_robot/share/two_wheeled_robot/models/Drawer/thumbnails/2.png
[2.431s] -- Up-to-date symlink: /home/ssfa/ros2_ws/install/two_wheeled_robot/share/two_wheeled_robot/models/Drawer/thumbnails/3.png
[2.431s] -- Up-to-date symlink: /home/ssfa/ros2_ws/install/two_wheeled_robot/share/two_wheeled_robot/models/Drawer/thumbnails/4.png
[2.431s] -- Up-to-date symlink: /home/ssfa/ros2_ws/install/two_wheeled_robot/share/two_wheeled_robot/models/Drawer/thumbnails/5.png
[2.431s] -- Up-to-date symlink: /home/ssfa/ros2_ws/install/two_wheeled_robot/share/two_wheeled_robot/models/ElderLadyPatient/meshes/CGMVanguard_Diffuse.png
[2.432s] -- Up-to-date symlink: /home/ssfa/ros2_ws/install/two_wheeled_robot/share/two_wheeled_robot/models/ElderLadyPatient/meshes/Carts_Wheels_Diffuse.png
[2.432s] -- Up-to-date symlink: /home/ssfa/ros2_ws/install/two_wheeled_robot/share/two_wheeled_robot/models/ElderLadyPatient/meshes/ElderFPatient_color.jpg
[2.432s] -- Up-to-date symlink: /home/ssfa/ros2_ws/install/two_wheeled_robot/share/two_wheeled_robot/models/ElderLadyPatient/meshes/ElderFemale.mtl
[2.432s] -- Up-to-date symlink: /home/ssfa/ros2_ws/install/two_wheeled_robot/share/two_wheeled_robot/models/ElderLadyPatient/meshes/ElderFemale.obj
[2.432s] -- Up-to-date symlink: /home/ssfa/ros2_ws/install/two_wheeled_robot/share/two_wheeled_robot/models/ElderLadyPatient/model.config
[2.432s] -- Up-to-date symlink: /home/ssfa/ros2_ws/install/two_wheeled_robot/share/two_wheeled_robot/models/ElderLadyPatient/model.sdf
[2.432s] -- Up-to-date symlink: /home/ssfa/ros2_ws/install/two_wheeled_robot/share/two_wheeled_robot/models/ElderLadyPatient/thumbnails/1.png
[2.432s] -- Up-to-date symlink: /home/ssfa/ros2_ws/install/two_wheeled_robot/share/two_wheeled_robot/models/ElderLadyPatient/thumbnails/2.png
[2.432s] -- Up-to-date symlink: /home/ssfa/ros2_ws/install/two_wheeled_robot/share/two_wheeled_robot/models/ElderLadyPatient/thumbnails/3.png
[2.432s] -- Up-to-date symlink: /home/ssfa/ros2_ws/install/two_wheeled_robot/share/two_wheeled_robot/models/ElderLadyPatient/thumbnails/4.png
[2.432s] -- Up-to-date symlink: /home/ssfa/ros2_ws/install/two_wheeled_robot/share/two_wheeled_robot/models/ElderLadyPatient/thumbnails/5.png
[2.432s] -- Up-to-date symlink: /home/ssfa/ros2_ws/install/two_wheeled_robot/share/two_wheeled_robot/models/ElderMalePatient/meshes/CGMVanguard_Diffuse.png
[2.432s] -- Up-to-date symlink: /home/ssfa/ros2_ws/install/two_wheeled_robot/share/two_wheeled_robot/models/ElderMalePatient/meshes/Carts_Wheels_Diffuse.png
[2.433s] -- Up-to-date symlink: /home/ssfa/ros2_ws/install/two_wheeled_robot/share/two_wheeled_robot/models/ElderMalePatient/meshes/ElderMalePatient.mtl
[2.433s] -- Up-to-date symlink: /home/ssfa/ros2_ws/install/two_wheeled_robot/share/two_wheeled_robot/models/ElderMalePatient/meshes/ElderMalePatient.obj
[2.433s] -- Up-to-date symlink: /home/ssfa/ros2_ws/install/two_wheeled_robot/share/two_wheeled_robot/models/ElderMalePatient/meshes/ElderMale_color1.jpg
[2.433s] -- Up-to-date symlink: /home/ssfa/ros2_ws/install/two_wheeled_robot/share/two_wheeled_robot/models/ElderMalePatient/meshes/towel1.jpg
[2.433s] -- Up-to-date symlink: /home/ssfa/ros2_ws/install/two_wheeled_robot/share/two_wheeled_robot/models/ElderMalePatient/model.config
[2.433s] -- Up-to-date symlink: /home/ssfa/ros2_ws/install/two_wheeled_robot/share/two_wheeled_robot/models/ElderMalePatient/model.sdf
[2.433s] -- Up-to-date symlink: /home/ssfa/ros2_ws/install/two_wheeled_robot/share/two_wheeled_robot/models/ElderMalePatient/thumbnails/1.png
[2.433s] -- Up-to-date symlink: /home/ssfa/ros2_ws/install/two_wheeled_robot/share/two_wheeled_robot/models/ElderMalePatient/thumbnails/2.png
[2.433s] -- Up-to-date symlink: /home/ssfa/ros2_ws/install/two_wheeled_robot/share/two_wheeled_robot/models/ElderMalePatient/thumbnails/3.png
[2.433s] -- Up-to-date symlink: /home/ssfa/ros2_ws/install/two_wheeled_robot/share/two_wheeled_robot/models/ElderMalePatient/thumbnails/4.png
[2.433s] -- Up-to-date symlink: /home/ssfa/ros2_ws/install/two_wheeled_robot/share/two_wheeled_robot/models/ElderMalePatient/thumbnails/5.png
[2.433s] -- Up-to-date symlink: /home/ssfa/ros2_ws/install/two_wheeled_robot/share/two_wheeled_robot/models/FemaleVisitor/meshes/FemaleVisitor.mtl
[2.434s] -- Up-to-date symlink: /home/ssfa/ros2_ws/install/two_wheeled_robot/share/two_wheeled_robot/models/FemaleVisitor/meshes/FemaleVisitor.obj
[2.434s] -- Up-to-date symlink: /home/ssfa/ros2_ws/install/two_wheeled_robot/share/two_wheeled_robot/models/FemaleVisitor/meshes/FemaleVisitor.png
[2.434s] -- Up-to-date symlink: /home/ssfa/ros2_ws/install/two_wheeled_robot/share/two_wheeled_robot/models/FemaleVisitor/meshes/FemaleVisitor_Col.mtl
[2.434s] -- Up-to-date symlink: /home/ssfa/ros2_ws/install/two_wheeled_robot/share/two_wheeled_robot/models/FemaleVisitor/meshes/FemaleVisitor_Col.obj
[2.434s] -- Up-to-date symlink: /home/ssfa/ros2_ws/install/two_wheeled_robot/share/two_wheeled_robot/models/FemaleVisitor/meshes/Handbag.png
[2.434s] -- Up-to-date symlink: /home/ssfa/ros2_ws/install/two_wheeled_robot/share/two_wheeled_robot/models/FemaleVisitor/model.config
[2.434s] -- Up-to-date symlink: /home/ssfa/ros2_ws/install/two_wheeled_robot/share/two_wheeled_robot/models/FemaleVisitor/model.sdf
[2.434s] -- Up-to-date symlink: /home/ssfa/ros2_ws/install/two_wheeled_robot/share/two_wheeled_robot/models/FemaleVisitor/thumbnails/1.png
[2.434s] -- Up-to-date symlink: /home/ssfa/ros2_ws/install/two_wheeled_robot/share/two_wheeled_robot/models/FemaleVisitor/thumbnails/2.png
[2.434s] -- Up-to-date symlink: /home/ssfa/ros2_ws/install/two_wheeled_robot/share/two_wheeled_robot/models/FemaleVisitor/thumbnails/3.png
[2.434s] -- Up-to-date symlink: /home/ssfa/ros2_ws/install/two_wheeled_robot/share/two_wheeled_robot/models/FemaleVisitor/thumbnails/4.png
[2.435s] -- Up-to-date symlink: /home/ssfa/ros2_ws/install/two_wheeled_robot/share/two_wheeled_robot/models/FemaleVisitor/thumbnails/5.png
[2.435s] -- Up-to-date symlink: /home/ssfa/ros2_ws/install/two_wheeled_robot/share/two_wheeled_robot/models/FemaleVisitorSit/meshes/FemaleVisitorSit.mtl
[2.435s] -- Up-to-date symlink: /home/ssfa/ros2_ws/install/two_wheeled_robot/share/two_wheeled_robot/models/FemaleVisitorSit/meshes/FemaleVisitorSit.obj
[2.435s] -- Up-to-date symlink: /home/ssfa/ros2_ws/install/two_wheeled_robot/share/two_wheeled_robot/models/FemaleVisitorSit/meshes/FemaleVisitorSit.png
[2.435s] -- Up-to-date symlink: /home/ssfa/ros2_ws/install/two_wheeled_robot/share/two_wheeled_robot/models/FemaleVisitorSit/meshes/FemaleVisitorSit_Col.mtl
[2.435s] -- Up-to-date symlink: /home/ssfa/ros2_ws/install/two_wheeled_robot/share/two_wheeled_robot/models/FemaleVisitorSit/meshes/FemaleVisitorSit_Col.obj
[2.435s] -- Up-to-date symlink: /home/ssfa/ros2_ws/install/two_wheeled_robot/share/two_wheeled_robot/models/FemaleVisitorSit/meshes/HandbagBlack.png
[2.435s] -- Up-to-date symlink: /home/ssfa/ros2_ws/install/two_wheeled_robot/share/two_wheeled_robot/models/FemaleVisitorSit/model.config
[2.436s] -- Up-to-date symlink: /home/ssfa/ros2_ws/install/two_wheeled_robot/share/two_wheeled_robot/models/FemaleVisitorSit/model.sdf
[2.436s] -- Up-to-date symlink: /home/ssfa/ros2_ws/install/two_wheeled_robot/share/two_wheeled_robot/models/FemaleVisitorSit/thumbnails/1.png
[2.436s] -- Up-to-date symlink: /home/ssfa/ros2_ws/install/two_wheeled_robot/share/two_wheeled_robot/models/FemaleVisitorSit/thumbnails/2.png
[2.436s] -- Up-to-date symlink: /home/ssfa/ros2_ws/install/two_wheeled_robot/share/two_wheeled_robot/models/FemaleVisitorSit/thumbnails/3.png
[2.436s] -- Up-to-date symlink: /home/ssfa/ros2_ws/install/two_wheeled_robot/share/two_wheeled_robot/models/FemaleVisitorSit/thumbnails/4.png
[2.436s] -- Up-to-date symlink: /home/ssfa/ros2_ws/install/two_wheeled_robot/share/two_wheeled_robot/models/FemaleVisitorSit/thumbnails/5.png
[2.436s] -- Up-to-date symlink: /home/ssfa/ros2_ws/install/two_wheeled_robot/share/two_wheeled_robot/models/IVStand/meshes/Carts_Wheels_Diffuse.png
[2.436s] -- Up-to-date symlink: /home/ssfa/ros2_ws/install/two_wheeled_robot/share/two_wheeled_robot/models/IVStand/meshes/IVStand.mtl
[2.436s] -- Up-to-date symlink: /home/ssfa/ros2_ws/install/two_wheeled_robot/share/two_wheeled_robot/models/IVStand/meshes/IVStand.obj
[2.436s] -- Up-to-date symlink: /home/ssfa/ros2_ws/install/two_wheeled_robot/share/two_wheeled_robot/models/IVStand/meshes/IVStand_Diffuse.png
[2.436s] -- Up-to-date symlink: /home/ssfa/ros2_ws/install/two_wheeled_robot/share/two_wheeled_robot/models/IVStand/model.config
[2.436s] -- Up-to-date symlink: /home/ssfa/ros2_ws/install/two_wheeled_robot/share/two_wheeled_robot/models/IVStand/model.sdf
[2.436s] -- Up-to-date symlink: /home/ssfa/ros2_ws/install/two_wheeled_robot/share/two_wheeled_robot/models/IVStand/thumbnails/1.png
[2.436s] -- Up-to-date symlink: /home/ssfa/ros2_ws/install/two_wheeled_robot/share/two_wheeled_robot/models/IVStand/thumbnails/2.png
[2.436s] -- Up-to-date symlink: /home/ssfa/ros2_ws/install/two_wheeled_robot/share/two_wheeled_robot/models/IVStand/thumbnails/3.png
[2.436s] -- Up-to-date symlink: /home/ssfa/ros2_ws/install/two_wheeled_robot/share/two_wheeled_robot/models/IVStand/thumbnails/4.png
[2.436s] -- Up-to-date symlink: /home/ssfa/ros2_ws/install/two_wheeled_robot/share/two_wheeled_robot/models/IVStand/thumbnails/5.png
[2.436s] -- Up-to-date symlink: /home/ssfa/ros2_ws/install/two_wheeled_robot/share/two_wheeled_robot/models/InstrumentCart1/meshes/InstrumentCart1.mtl
[2.436s] -- Up-to-date symlink: /home/ssfa/ros2_ws/install/two_wheeled_robot/share/two_wheeled_robot/models/InstrumentCart1/meshes/InstrumentCart1.obj
[2.436s] -- Up-to-date symlink: /home/ssfa/ros2_ws/install/two_wheeled_robot/share/two_wheeled_robot/models/InstrumentCart1/meshes/texture.png
[2.437s] -- Up-to-date symlink: /home/ssfa/ros2_ws/install/two_wheeled_robot/share/two_wheeled_robot/models/InstrumentCart1/model.config
[2.437s] -- Up-to-date symlink: /home/ssfa/ros2_ws/install/two_wheeled_robot/share/two_wheeled_robot/models/InstrumentCart1/model.sdf
[2.437s] -- Up-to-date symlink: /home/ssfa/ros2_ws/install/two_wheeled_robot/share/two_wheeled_robot/models/InstrumentCart1/thumbnails/1.png
[2.437s] -- Up-to-date symlink: /home/ssfa/ros2_ws/install/two_wheeled_robot/share/two_wheeled_robot/models/InstrumentCart1/thumbnails/2.png
[2.437s] -- Up-to-date symlink: /home/ssfa/ros2_ws/install/two_wheeled_robot/share/two_wheeled_robot/models/InstrumentCart1/thumbnails/3.png
[2.437s] -- Up-to-date symlink: /home/ssfa/ros2_ws/install/two_wheeled_robot/share/two_wheeled_robot/models/InstrumentCart1/thumbnails/4.png
[2.437s] -- Up-to-date symlink: /home/ssfa/ros2_ws/install/two_wheeled_robot/share/two_wheeled_robot/models/InstrumentCart1/thumbnails/5.png
[2.437s] -- Up-to-date symlink: /home/ssfa/ros2_ws/install/two_wheeled_robot/share/two_wheeled_robot/models/InstrumentCart2/meshes/InstrumentCart2.mtl
[2.437s] -- Up-to-date symlink: /home/ssfa/ros2_ws/install/two_wheeled_robot/share/two_wheeled_robot/models/InstrumentCart2/meshes/InstrumentCart2.obj
[2.437s] -- Up-to-date symlink: /home/ssfa/ros2_ws/install/two_wheeled_robot/share/two_wheeled_robot/models/InstrumentCart2/meshes/texture.png
[2.437s] -- Up-to-date symlink: /home/ssfa/ros2_ws/install/two_wheeled_robot/share/two_wheeled_robot/models/InstrumentCart2/model.config
[2.437s] -- Up-to-date symlink: /home/ssfa/ros2_ws/install/two_wheeled_robot/share/two_wheeled_robot/models/InstrumentCart2/model.sdf
[2.437s] -- Up-to-date symlink: /home/ssfa/ros2_ws/install/two_wheeled_robot/share/two_wheeled_robot/models/InstrumentCart2/thumbnails/1.png
[2.437s] -- Up-to-date symlink: /home/ssfa/ros2_ws/install/two_wheeled_robot/share/two_wheeled_robot/models/InstrumentCart2/thumbnails/2.png
[2.437s] -- Up-to-date symlink: /home/ssfa/ros2_ws/install/two_wheeled_robot/share/two_wheeled_robot/models/InstrumentCart2/thumbnails/3.png
[2.437s] -- Up-to-date symlink: /home/ssfa/ros2_ws/install/two_wheeled_robot/share/two_wheeled_robot/models/InstrumentCart2/thumbnails/4.png
[2.437s] -- Up-to-date symlink: /home/ssfa/ros2_ws/install/two_wheeled_robot/share/two_wheeled_robot/models/InstrumentCart2/thumbnails/5.png
[2.437s] -- Up-to-date symlink: /home/ssfa/ros2_ws/install/two_wheeled_robot/share/two_wheeled_robot/models/KitchenSink/meshes/kitchenSink.mtl
[2.437s] -- Up-to-date symlink: /home/ssfa/ros2_ws/install/two_wheeled_robot/share/two_wheeled_robot/models/KitchenSink/meshes/kitchenSink.obj
[2.437s] -- Up-to-date symlink: /home/ssfa/ros2_ws/install/two_wheeled_robot/share/two_wheeled_robot/models/KitchenSink/model.config
[2.437s] -- Up-to-date symlink: /home/ssfa/ros2_ws/install/two_wheeled_robot/share/two_wheeled_robot/models/KitchenSink/model.sdf
[2.438s] -- Up-to-date symlink: /home/ssfa/ros2_ws/install/two_wheeled_robot/share/two_wheeled_robot/models/KitchenSink/thumbnails/1.png
[2.438s] -- Up-to-date symlink: /home/ssfa/ros2_ws/install/two_wheeled_robot/share/two_wheeled_robot/models/KitchenSink/thumbnails/2.png
[2.438s] -- Up-to-date symlink: /home/ssfa/ros2_ws/install/two_wheeled_robot/share/two_wheeled_robot/models/KitchenSink/thumbnails/3.png
[2.438s] -- Up-to-date symlink: /home/ssfa/ros2_ws/install/two_wheeled_robot/share/two_wheeled_robot/models/KitchenSink/thumbnails/4.png
[2.438s] -- Up-to-date symlink: /home/ssfa/ros2_ws/install/two_wheeled_robot/share/two_wheeled_robot/models/KitchenSink/thumbnails/5.png
[2.438s] -- Up-to-date symlink: /home/ssfa/ros2_ws/install/two_wheeled_robot/share/two_wheeled_robot/models/MalePatientBed/meshes/CGMVanguard_Diffuse.png
[2.438s] -- Up-to-date symlink: /home/ssfa/ros2_ws/install/two_wheeled_robot/share/two_wheeled_robot/models/MalePatientBed/meshes/Carts_Wheels_Diffuse.png
[2.438s] -- Up-to-date symlink: /home/ssfa/ros2_ws/install/two_wheeled_robot/share/two_wheeled_robot/models/MalePatientBed/meshes/MalePatientBed.mtl
[2.438s] -- Up-to-date symlink: /home/ssfa/ros2_ws/install/two_wheeled_robot/share/two_wheeled_robot/models/MalePatientBed/meshes/MalePatientBed.obj
[2.438s] -- Up-to-date symlink: /home/ssfa/ros2_ws/install/two_wheeled_robot/share/two_wheeled_robot/models/MalePatientBed/meshes/PatientM.png
[2.438s] -- Up-to-date symlink: /home/ssfa/ros2_ws/install/two_wheeled_robot/share/two_wheeled_robot/models/MalePatientBed/meshes/texture.png
[2.438s] -- Up-to-date symlink: /home/ssfa/ros2_ws/install/two_wheeled_robot/share/two_wheeled_robot/models/MalePatientBed/meshes/towel1.jpg
[2.439s] -- Up-to-date symlink: /home/ssfa/ros2_ws/install/two_wheeled_robot/share/two_wheeled_robot/models/MalePatientBed/model.config
[2.439s] -- Up-to-date symlink: /home/ssfa/ros2_ws/install/two_wheeled_robot/share/two_wheeled_robot/models/MalePatientBed/model.sdf
[2.439s] -- Up-to-date symlink: /home/ssfa/ros2_ws/install/two_wheeled_robot/share/two_wheeled_robot/models/MalePatientBed/thumbnails/1.png
[2.439s] -- Up-to-date symlink: /home/ssfa/ros2_ws/install/two_wheeled_robot/share/two_wheeled_robot/models/MalePatientBed/thumbnails/2.png
[2.439s] -- Up-to-date symlink: /home/ssfa/ros2_ws/install/two_wheeled_robot/share/two_wheeled_robot/models/MalePatientBed/thumbnails/3.png
[2.439s] -- Up-to-date symlink: /home/ssfa/ros2_ws/install/two_wheeled_robot/share/two_wheeled_robot/models/MalePatientBed/thumbnails/4.png
[2.439s] -- Up-to-date symlink: /home/ssfa/ros2_ws/install/two_wheeled_robot/share/two_wheeled_robot/models/MalePatientBed/thumbnails/5.png
[2.439s] -- Up-to-date symlink: /home/ssfa/ros2_ws/install/two_wheeled_robot/share/two_wheeled_robot/models/MaleVisitorOnPhone/meshes/MaleVisitor.png
[2.439s] -- Up-to-date symlink: /home/ssfa/ros2_ws/install/two_wheeled_robot/share/two_wheeled_robot/models/MaleVisitorOnPhone/meshes/MaleVisitorStatic.mtl
[2.439s] -- Up-to-date symlink: /home/ssfa/ros2_ws/install/two_wheeled_robot/share/two_wheeled_robot/models/MaleVisitorOnPhone/meshes/MaleVisitorStatic.obj
[2.439s] -- Up-to-date symlink: /home/ssfa/ros2_ws/install/two_wheeled_robot/share/two_wheeled_robot/models/MaleVisitorOnPhone/meshes/MaleVisitorStatic_Col.mtl
[2.439s] -- Up-to-date symlink: /home/ssfa/ros2_ws/install/two_wheeled_robot/share/two_wheeled_robot/models/MaleVisitorOnPhone/meshes/MaleVisitorStatic_Col.obj
[2.440s] -- Up-to-date symlink: /home/ssfa/ros2_ws/install/two_wheeled_robot/share/two_wheeled_robot/models/MaleVisitorOnPhone/meshes/Phone.png
[2.440s] -- Up-to-date symlink: /home/ssfa/ros2_ws/install/two_wheeled_robot/share/two_wheeled_robot/models/MaleVisitorOnPhone/model.config
[2.440s] -- Up-to-date symlink: /home/ssfa/ros2_ws/install/two_wheeled_robot/share/two_wheeled_robot/models/MaleVisitorOnPhone/model.sdf
[2.440s] -- Up-to-date symlink: /home/ssfa/ros2_ws/install/two_wheeled_robot/share/two_wheeled_robot/models/MaleVisitorOnPhone/thumbnails/1.png
[2.440s] -- Up-to-date symlink: /home/ssfa/ros2_ws/install/two_wheeled_robot/share/two_wheeled_robot/models/MaleVisitorOnPhone/thumbnails/2.png
[2.440s] -- Up-to-date symlink: /home/ssfa/ros2_ws/install/two_wheeled_robot/share/two_wheeled_robot/models/MaleVisitorOnPhone/thumbnails/3.png
[2.440s] -- Up-to-date symlink: /home/ssfa/ros2_ws/install/two_wheeled_robot/share/two_wheeled_robot/models/MaleVisitorOnPhone/thumbnails/4.png
[2.440s] -- Up-to-date symlink: /home/ssfa/ros2_ws/install/two_wheeled_robot/share/two_wheeled_robot/models/MaleVisitorOnPhone/thumbnails/5.png
[2.440s] -- Up-to-date symlink: /home/ssfa/ros2_ws/install/two_wheeled_robot/share/two_wheeled_robot/models/MaleVisitorSit/meshes/MaleVisitorSit.mtl
[2.440s] -- Up-to-date symlink: /home/ssfa/ros2_ws/install/two_wheeled_robot/share/two_wheeled_robot/models/MaleVisitorSit/meshes/MaleVisitorSit.obj
[2.440s] -- Up-to-date symlink: /home/ssfa/ros2_ws/install/two_wheeled_robot/share/two_wheeled_robot/models/MaleVisitorSit/meshes/MaleVisitorSit.png
[2.440s] -- Up-to-date symlink: /home/ssfa/ros2_ws/install/two_wheeled_robot/share/two_wheeled_robot/models/MaleVisitorSit/meshes/MaleVisitorSit_Col.mtl
[2.440s] -- Up-to-date symlink: /home/ssfa/ros2_ws/install/two_wheeled_robot/share/two_wheeled_robot/models/MaleVisitorSit/meshes/MaleVisitorSit_Col.obj
[2.441s] -- Up-to-date symlink: /home/ssfa/ros2_ws/install/two_wheeled_robot/share/two_wheeled_robot/models/MaleVisitorSit/meshes/Phone.png
[2.441s] -- Up-to-date symlink: /home/ssfa/ros2_ws/install/two_wheeled_robot/share/two_wheeled_robot/models/MaleVisitorSit/model.config
[2.441s] -- Up-to-date symlink: /home/ssfa/ros2_ws/install/two_wheeled_robot/share/two_wheeled_robot/models/MaleVisitorSit/model.sdf
[2.441s] -- Up-to-date symlink: /home/ssfa/ros2_ws/install/two_wheeled_robot/share/two_wheeled_robot/models/MaleVisitorSit/thumbnails/1.png
[2.441s] -- Up-to-date symlink: /home/ssfa/ros2_ws/install/two_wheeled_robot/share/two_wheeled_robot/models/MaleVisitorSit/thumbnails/2.png
[2.441s] -- Up-to-date symlink: /home/ssfa/ros2_ws/install/two_wheeled_robot/share/two_wheeled_robot/models/MaleVisitorSit/thumbnails/3.png
[2.441s] -- Up-to-date symlink: /home/ssfa/ros2_ws/install/two_wheeled_robot/share/two_wheeled_robot/models/MaleVisitorSit/thumbnails/4.png
[2.441s] -- Up-to-date symlink: /home/ssfa/ros2_ws/install/two_wheeled_robot/share/two_wheeled_robot/models/MaleVisitorSit/thumbnails/5.png
[2.441s] -- Up-to-date symlink: /home/ssfa/ros2_ws/install/two_wheeled_robot/share/two_wheeled_robot/models/MetalCabinet/meshes/MetalCabinet.mtl
[2.441s] -- Up-to-date symlink: /home/ssfa/ros2_ws/install/two_wheeled_robot/share/two_wheeled_robot/models/MetalCabinet/meshes/MetalCabinet.obj
[2.441s] -- Up-to-date symlink: /home/ssfa/ros2_ws/install/two_wheeled_robot/share/two_wheeled_robot/models/MetalCabinet/meshes/MetalCabinet.png
[2.442s] -- Up-to-date symlink: /home/ssfa/ros2_ws/install/two_wheeled_robot/share/two_wheeled_robot/models/MetalCabinet/model.config
[2.442s] -- Up-to-date symlink: /home/ssfa/ros2_ws/install/two_wheeled_robot/share/two_wheeled_robot/models/MetalCabinet/model.sdf
[2.442s] -- Up-to-date symlink: /home/ssfa/ros2_ws/install/two_wheeled_robot/share/two_wheeled_robot/models/MetalCabinet/thumbnails/1.png
[2.442s] -- Up-to-date symlink: /home/ssfa/ros2_ws/install/two_wheeled_robot/share/two_wheeled_robot/models/MetalCabinet/thumbnails/2.png
[2.442s] -- Up-to-date symlink: /home/ssfa/ros2_ws/install/two_wheeled_robot/share/two_wheeled_robot/models/MetalCabinet/thumbnails/3.png
[2.442s] -- Up-to-date symlink: /home/ssfa/ros2_ws/install/two_wheeled_robot/share/two_wheeled_robot/models/MetalCabinet/thumbnails/4.png
[2.442s] -- Up-to-date symlink: /home/ssfa/ros2_ws/install/two_wheeled_robot/share/two_wheeled_robot/models/MetalCabinet/thumbnails/5.png
[2.442s] -- Up-to-date symlink: /home/ssfa/ros2_ws/install/two_wheeled_robot/share/two_wheeled_robot/models/MopCart3/meshes/Blue.png
[2.442s] -- Up-to-date symlink: /home/ssfa/ros2_ws/install/two_wheeled_robot/share/two_wheeled_robot/models/MopCart3/meshes/Cart.png
[2.442s] -- Up-to-date symlink: /home/ssfa/ros2_ws/install/two_wheeled_robot/share/two_wheeled_robot/models/MopCart3/meshes/Cloth.png
[2.442s] -- Up-to-date symlink: /home/ssfa/ros2_ws/install/two_wheeled_robot/share/two_wheeled_robot/models/MopCart3/meshes/Duster.png
[2.442s] -- Up-to-date symlink: /home/ssfa/ros2_ws/install/two_wheeled_robot/share/two_wheeled_robot/models/MopCart3/meshes/Glove.png
[2.443s] -- Up-to-date symlink: /home/ssfa/ros2_ws/install/two_wheeled_robot/share/two_wheeled_robot/models/MopCart3/meshes/Mop.png
[2.443s] -- Up-to-date symlink: /home/ssfa/ros2_ws/install/two_wheeled_robot/share/two_wheeled_robot/models/MopCart3/meshes/MopCart3.mtl
[2.443s] -- Up-to-date symlink: /home/ssfa/ros2_ws/install/two_wheeled_robot/share/two_wheeled_robot/models/MopCart3/meshes/MopCart3.obj
[2.443s] -- Up-to-date symlink: /home/ssfa/ros2_ws/install/two_wheeled_robot/share/two_wheeled_robot/models/MopCart3/meshes/Parcel.png
[2.443s] -- Up-to-date symlink: /home/ssfa/ros2_ws/install/two_wheeled_robot/share/two_wheeled_robot/models/MopCart3/meshes/Plastic.png
[2.443s] -- Up-to-date symlink: /home/ssfa/ros2_ws/install/two_wheeled_robot/share/two_wheeled_robot/models/MopCart3/meshes/Red.png
[2.443s] -- Up-to-date symlink: /home/ssfa/ros2_ws/install/two_wheeled_robot/share/two_wheeled_robot/models/MopCart3/meshes/Sign.png
[2.443s] -- Up-to-date symlink: /home/ssfa/ros2_ws/install/two_wheeled_robot/share/two_wheeled_robot/models/MopCart3/meshes/Spray.png
[2.443s] -- Up-to-date symlink: /home/ssfa/ros2_ws/install/two_wheeled_robot/share/two_wheeled_robot/models/MopCart3/model.config
[2.443s] -- Up-to-date symlink: /home/ssfa/ros2_ws/install/two_wheeled_robot/share/two_wheeled_robot/models/MopCart3/model.sdf
[2.443s] -- Up-to-date symlink: /home/ssfa/ros2_ws/install/two_wheeled_robot/share/two_wheeled_robot/models/MopCart3/thumbnails/1.png
[2.443s] -- Up-to-date symlink: /home/ssfa/ros2_ws/install/two_wheeled_robot/share/two_wheeled_robot/models/MopCart3/thumbnails/2.png
[2.443s] -- Up-to-date symlink: /home/ssfa/ros2_ws/install/two_wheeled_robot/share/two_wheeled_robot/models/MopCart3/thumbnails/3.png
[2.444s] -- Up-to-date symlink: /home/ssfa/ros2_ws/install/two_wheeled_robot/share/two_wheeled_robot/models/MopCart3/thumbnails/4.png
[2.444s] -- Up-to-date symlink: /home/ssfa/ros2_ws/install/two_wheeled_robot/share/two_wheeled_robot/models/MopCart3/thumbnails/5.png
[2.444s] -- Up-to-date symlink: /home/ssfa/ros2_ws/install/two_wheeled_robot/share/two_wheeled_robot/models/OfficeChairBlack/meshes/OfficeChairBlack.mtl
[2.444s] -- Up-to-date symlink: /home/ssfa/ros2_ws/install/two_wheeled_robot/share/two_wheeled_robot/models/OfficeChairBlack/meshes/OfficeChairBlack.obj
[2.444s] -- Up-to-date symlink: /home/ssfa/ros2_ws/install/two_wheeled_robot/share/two_wheeled_robot/models/OfficeChairBlack/meshes/OfficeChairBlack.png
[2.444s] -- Up-to-date symlink: /home/ssfa/ros2_ws/install/two_wheeled_robot/share/two_wheeled_robot/models/OfficeChairBlack/meshes/OfficeChairBlack_Col.mtl
[2.444s] -- Up-to-date symlink: /home/ssfa/ros2_ws/install/two_wheeled_robot/share/two_wheeled_robot/models/OfficeChairBlack/meshes/OfficeChairBlack_Col.obj
[2.444s] -- Up-to-date symlink: /home/ssfa/ros2_ws/install/two_wheeled_robot/share/two_wheeled_robot/models/OfficeChairBlack/model.config
[2.444s] -- Up-to-date symlink: /home/ssfa/ros2_ws/install/two_wheeled_robot/share/two_wheeled_robot/models/OfficeChairBlack/model.sdf
[2.444s] -- Up-to-date symlink: /home/ssfa/ros2_ws/install/two_wheeled_robot/share/two_wheeled_robot/models/OfficeChairBlack/thumbnails/1.png
[2.444s] -- Up-to-date symlink: /home/ssfa/ros2_ws/install/two_wheeled_robot/share/two_wheeled_robot/models/OfficeChairBlack/thumbnails/2.png
[2.444s] -- Up-to-date symlink: /home/ssfa/ros2_ws/install/two_wheeled_robot/share/two_wheeled_robot/models/OfficeChairBlack/thumbnails/3.png
[2.444s] -- Up-to-date symlink: /home/ssfa/ros2_ws/install/two_wheeled_robot/share/two_wheeled_robot/models/OfficeChairBlack/thumbnails/4.png
[2.445s] -- Up-to-date symlink: /home/ssfa/ros2_ws/install/two_wheeled_robot/share/two_wheeled_robot/models/OfficeChairBlack/thumbnails/5.png
[2.445s] -- Up-to-date symlink: /home/ssfa/ros2_ws/install/two_wheeled_robot/share/two_wheeled_robot/models/OfficeChairBlack/thumbnails/meta/1.png
[2.445s] -- Up-to-date symlink: /home/ssfa/ros2_ws/install/two_wheeled_robot/share/two_wheeled_robot/models/OfficeChairBlack/thumbnails/meta/2.png
[2.445s] -- Up-to-date symlink: /home/ssfa/ros2_ws/install/two_wheeled_robot/share/two_wheeled_robot/models/OfficeChairBlack/thumbnails/meta/3.png
[2.445s] -- Up-to-date symlink: /home/ssfa/ros2_ws/install/two_wheeled_robot/share/two_wheeled_robot/models/OfficeChairBlack/thumbnails/meta/4.png
[2.445s] -- Up-to-date symlink: /home/ssfa/ros2_ws/install/two_wheeled_robot/share/two_wheeled_robot/models/OfficeChairBlack/thumbnails/meta/5.png
[2.445s] -- Up-to-date symlink: /home/ssfa/ros2_ws/install/two_wheeled_robot/share/two_wheeled_robot/models/ParkingTrolleyMax/meshes/ParkingTrolleyMax.mtl
[2.445s] -- Up-to-date symlink: /home/ssfa/ros2_ws/install/two_wheeled_robot/share/two_wheeled_robot/models/ParkingTrolleyMax/meshes/ParkingTrolleyMax.obj
[2.445s] -- Up-to-date symlink: /home/ssfa/ros2_ws/install/two_wheeled_robot/share/two_wheeled_robot/models/ParkingTrolleyMax/meshes/ParkingTrolleyMax_Diffuse.png
[2.445s] -- Up-to-date symlink: /home/ssfa/ros2_ws/install/two_wheeled_robot/share/two_wheeled_robot/models/ParkingTrolleyMax/model.config
[2.445s] -- Up-to-date symlink: /home/ssfa/ros2_ws/install/two_wheeled_robot/share/two_wheeled_robot/models/ParkingTrolleyMax/model.sdf
[2.445s] -- Up-to-date symlink: /home/ssfa/ros2_ws/install/two_wheeled_robot/share/two_wheeled_robot/models/ParkingTrolleyMax/thumbnails/1.png
[2.446s] -- Up-to-date symlink: /home/ssfa/ros2_ws/install/two_wheeled_robot/share/two_wheeled_robot/models/ParkingTrolleyMax/thumbnails/2.png
[2.446s] -- Up-to-date symlink: /home/ssfa/ros2_ws/install/two_wheeled_robot/share/two_wheeled_robot/models/ParkingTrolleyMax/thumbnails/3.png
[2.446s] -- Up-to-date symlink: /home/ssfa/ros2_ws/install/two_wheeled_robot/share/two_wheeled_robot/models/ParkingTrolleyMax/thumbnails/4.png
[2.446s] -- Up-to-date symlink: /home/ssfa/ros2_ws/install/two_wheeled_robot/share/two_wheeled_robot/models/ParkingTrolleyMax/thumbnails/5.png
[2.446s] -- Up-to-date symlink: /home/ssfa/ros2_ws/install/two_wheeled_robot/share/two_wheeled_robot/models/ParkingTrolleyMin/meshes/bag.png
[2.446s] -- Up-to-date symlink: /home/ssfa/ros2_ws/install/two_wheeled_robot/share/two_wheeled_robot/models/ParkingTrolleyMin/meshes/potato.png
[2.446s] -- Up-to-date symlink: /home/ssfa/ros2_ws/install/two_wheeled_robot/share/two_wheeled_robot/models/ParkingTrolleyMin/meshes/texture.png
[2.446s] -- Up-to-date symlink: /home/ssfa/ros2_ws/install/two_wheeled_robot/share/two_wheeled_robot/models/ParkingTrolleyMin/meshes/trolleymin.mtl
[2.446s] -- Up-to-date symlink: /home/ssfa/ros2_ws/install/two_wheeled_robot/share/two_wheeled_robot/models/ParkingTrolleyMin/meshes/trolleymin.obj
[2.446s] -- Up-to-date symlink: /home/ssfa/ros2_ws/install/two_wheeled_robot/share/two_wheeled_robot/models/ParkingTrolleyMin/model.config
[2.446s] -- Up-to-date symlink: /home/ssfa/ros2_ws/install/two_wheeled_robot/share/two_wheeled_robot/models/ParkingTrolleyMin/model.sdf
[2.446s] -- Up-to-date symlink: /home/ssfa/ros2_ws/install/two_wheeled_robot/share/two_wheeled_robot/models/ParkingTrolleyMin/thumbnails/1.png
[2.446s] -- Up-to-date symlink: /home/ssfa/ros2_ws/install/two_wheeled_robot/share/two_wheeled_robot/models/ParkingTrolleyMin/thumbnails/2.png
[2.446s] -- Up-to-date symlink: /home/ssfa/ros2_ws/install/two_wheeled_robot/share/two_wheeled_robot/models/ParkingTrolleyMin/thumbnails/3.png
[2.446s] -- Up-to-date symlink: /home/ssfa/ros2_ws/install/two_wheeled_robot/share/two_wheeled_robot/models/ParkingTrolleyMin/thumbnails/4.png
[2.446s] -- Up-to-date symlink: /home/ssfa/ros2_ws/install/two_wheeled_robot/share/two_wheeled_robot/models/ParkingTrolleyMin/thumbnails/5.png
[2.446s] -- Up-to-date symlink: /home/ssfa/ros2_ws/install/two_wheeled_robot/share/two_wheeled_robot/models/PatientFSit/meshes/PatientFPurple.png
[2.446s] -- Up-to-date symlink: /home/ssfa/ros2_ws/install/two_wheeled_robot/share/two_wheeled_robot/models/PatientFSit/meshes/PatientFSit.mtl
[2.446s] -- Up-to-date symlink: /home/ssfa/ros2_ws/install/two_wheeled_robot/share/two_wheeled_robot/models/PatientFSit/meshes/PatientFSit.obj
[2.446s] -- Up-to-date symlink: /home/ssfa/ros2_ws/install/two_wheeled_robot/share/two_wheeled_robot/models/PatientFSit/meshes/PatientFSit_Col.mtl
[2.446s] -- Up-to-date symlink: /home/ssfa/ros2_ws/install/two_wheeled_robot/share/two_wheeled_robot/models/PatientFSit/meshes/PatientFSit_Col.obj
[2.447s] -- Up-to-date symlink: /home/ssfa/ros2_ws/install/two_wheeled_robot/share/two_wheeled_robot/models/PatientFSit/model.config
[2.447s] -- Up-to-date symlink: /home/ssfa/ros2_ws/install/two_wheeled_robot/share/two_wheeled_robot/models/PatientFSit/model.sdf
[2.447s] -- Up-to-date symlink: /home/ssfa/ros2_ws/install/two_wheeled_robot/share/two_wheeled_robot/models/PatientFSit/thumbnails/1.png
[2.447s] -- Up-to-date symlink: /home/ssfa/ros2_ws/install/two_wheeled_robot/share/two_wheeled_robot/models/PatientFSit/thumbnails/2.png
[2.447s] -- Up-to-date symlink: /home/ssfa/ros2_ws/install/two_wheeled_robot/share/two_wheeled_robot/models/PatientFSit/thumbnails/3.png
[2.447s] -- Up-to-date symlink: /home/ssfa/ros2_ws/install/two_wheeled_robot/share/two_wheeled_robot/models/PatientFSit/thumbnails/4.png
[2.447s] -- Up-to-date symlink: /home/ssfa/ros2_ws/install/two_wheeled_robot/share/two_wheeled_robot/models/PatientFSit/thumbnails/5.png
[2.447s] -- Up-to-date symlink: /home/ssfa/ros2_ws/install/two_wheeled_robot/share/two_wheeled_robot/models/PatientWheelChair/meshes/PatientWheelChair.mtl
[2.447s] -- Up-to-date symlink: /home/ssfa/ros2_ws/install/two_wheeled_robot/share/two_wheeled_robot/models/PatientWheelChair/meshes/PatientWheelChair.obj
[2.447s] -- Up-to-date symlink: /home/ssfa/ros2_ws/install/two_wheeled_robot/share/two_wheeled_robot/models/PatientWheelChair/meshes/PatientWheelChair_Col.mtl
[2.447s] -- Up-to-date symlink: /home/ssfa/ros2_ws/install/two_wheeled_robot/share/two_wheeled_robot/models/PatientWheelChair/meshes/PatientWheelChair_Col.obj
[2.447s] -- Up-to-date symlink: /home/ssfa/ros2_ws/install/two_wheeled_robot/share/two_wheeled_robot/models/PatientWheelChair/meshes/PatientWheelChair_Diffuse.png
[2.447s] -- Up-to-date symlink: /home/ssfa/ros2_ws/install/two_wheeled_robot/share/two_wheeled_robot/models/PatientWheelChair/model.config
[2.447s] -- Up-to-date symlink: /home/ssfa/ros2_ws/install/two_wheeled_robot/share/two_wheeled_robot/models/PatientWheelChair/model.sdf
[2.447s] -- Up-to-date symlink: /home/ssfa/ros2_ws/install/two_wheeled_robot/share/two_wheeled_robot/models/PatientWheelChair/thumbnails/1.png
[2.447s] -- Up-to-date symlink: /home/ssfa/ros2_ws/install/two_wheeled_robot/share/two_wheeled_robot/models/PatientWheelChair/thumbnails/2.png
[2.447s] -- Up-to-date symlink: /home/ssfa/ros2_ws/install/two_wheeled_robot/share/two_wheeled_robot/models/PatientWheelChair/thumbnails/3.png
[2.447s] -- Up-to-date symlink: /home/ssfa/ros2_ws/install/two_wheeled_robot/share/two_wheeled_robot/models/PatientWheelChair/thumbnails/4.png
[2.447s] -- Up-to-date symlink: /home/ssfa/ros2_ws/install/two_wheeled_robot/share/two_wheeled_robot/models/PatientWheelChair/thumbnails/5.png
[2.447s] -- Up-to-date symlink: /home/ssfa/ros2_ws/install/two_wheeled_robot/share/two_wheeled_robot/models/PotatoChipChair/meshes/PotatoChipChair.mtl
[2.447s] -- Up-to-date symlink: /home/ssfa/ros2_ws/install/two_wheeled_robot/share/two_wheeled_robot/models/PotatoChipChair/meshes/PotatoChipChair.obj
[2.447s] -- Up-to-date symlink: /home/ssfa/ros2_ws/install/two_wheeled_robot/share/two_wheeled_robot/models/PotatoChipChair/meshes/PotatoChipChairDiffuse.png
[2.447s] -- Up-to-date symlink: /home/ssfa/ros2_ws/install/two_wheeled_robot/share/two_wheeled_robot/models/PotatoChipChair/meshes/PotatoChipChair_Col.mtl
[2.447s] -- Up-to-date symlink: /home/ssfa/ros2_ws/install/two_wheeled_robot/share/two_wheeled_robot/models/PotatoChipChair/meshes/PotatoChipChair_Col.obj
[2.447s] -- Up-to-date symlink: /home/ssfa/ros2_ws/install/two_wheeled_robot/share/two_wheeled_robot/models/PotatoChipChair/model.config
[2.447s] -- Up-to-date symlink: /home/ssfa/ros2_ws/install/two_wheeled_robot/share/two_wheeled_robot/models/PotatoChipChair/model.sdf
[2.447s] -- Up-to-date symlink: /home/ssfa/ros2_ws/install/two_wheeled_robot/share/two_wheeled_robot/models/PotatoChipChair/thumbnails/1.png
[2.447s] -- Up-to-date symlink: /home/ssfa/ros2_ws/install/two_wheeled_robot/share/two_wheeled_robot/models/PotatoChipChair/thumbnails/2.png
[2.447s] -- Up-to-date symlink: /home/ssfa/ros2_ws/install/two_wheeled_robot/share/two_wheeled_robot/models/PotatoChipChair/thumbnails/3.png
[2.447s] -- Up-to-date symlink: /home/ssfa/ros2_ws/install/two_wheeled_robot/share/two_wheeled_robot/models/PotatoChipChair/thumbnails/4.png
[2.447s] -- Up-to-date symlink: /home/ssfa/ros2_ws/install/two_wheeled_robot/share/two_wheeled_robot/models/PotatoChipChair/thumbnails/5.png
[2.448s] -- Up-to-date symlink: /home/ssfa/ros2_ws/install/two_wheeled_robot/share/two_wheeled_robot/models/Scrubs/meshes/ScrubsFemaleDiffuse.png
[2.448s] -- Up-to-date symlink: /home/ssfa/ros2_ws/install/two_wheeled_robot/share/two_wheeled_robot/models/Scrubs/meshes/Scrubs_Col.mtl
[2.448s] -- Up-to-date symlink: /home/ssfa/ros2_ws/install/two_wheeled_robot/share/two_wheeled_robot/models/Scrubs/meshes/Scrubs_Col.obj
[2.448s] -- Up-to-date symlink: /home/ssfa/ros2_ws/install/two_wheeled_robot/share/two_wheeled_robot/models/Scrubs/meshes/scrubs.mtl
[2.448s] -- Up-to-date symlink: /home/ssfa/ros2_ws/install/two_wheeled_robot/share/two_wheeled_robot/models/Scrubs/meshes/scrubs.obj
[2.448s] -- Up-to-date symlink: /home/ssfa/ros2_ws/install/two_wheeled_robot/share/two_wheeled_robot/models/Scrubs/model.config
[2.448s] -- Up-to-date symlink: /home/ssfa/ros2_ws/install/two_wheeled_robot/share/two_wheeled_robot/models/Scrubs/model.sdf
[2.448s] -- Up-to-date symlink: /home/ssfa/ros2_ws/install/two_wheeled_robot/share/two_wheeled_robot/models/Scrubs/thumbnails/1.png
[2.448s] -- Up-to-date symlink: /home/ssfa/ros2_ws/install/two_wheeled_robot/share/two_wheeled_robot/models/Scrubs/thumbnails/2.png
[2.448s] -- Up-to-date symlink: /home/ssfa/ros2_ws/install/two_wheeled_robot/share/two_wheeled_robot/models/Scrubs/thumbnails/3.png
[2.448s] -- Up-to-date symlink: /home/ssfa/ros2_ws/install/two_wheeled_robot/share/two_wheeled_robot/models/Scrubs/thumbnails/4.png
[2.448s] -- Up-to-date symlink: /home/ssfa/ros2_ws/install/two_wheeled_robot/share/two_wheeled_robot/models/Scrubs/thumbnails/5.png
[2.448s] -- Up-to-date symlink: /home/ssfa/ros2_ws/install/two_wheeled_robot/share/two_wheeled_robot/models/Shower/meshes/Shower.mtl
[2.448s] -- Up-to-date symlink: /home/ssfa/ros2_ws/install/two_wheeled_robot/share/two_wheeled_robot/models/Shower/meshes/Shower.obj
[2.448s] -- Up-to-date symlink: /home/ssfa/ros2_ws/install/two_wheeled_robot/share/two_wheeled_robot/models/Shower/meshes/ShowerDiffuse.png
[2.448s] -- Up-to-date symlink: /home/ssfa/ros2_ws/install/two_wheeled_robot/share/two_wheeled_robot/models/Shower/model.config
[2.448s] -- Up-to-date symlink: /home/ssfa/ros2_ws/install/two_wheeled_robot/share/two_wheeled_robot/models/Shower/model.sdf
[2.448s] -- Up-to-date symlink: /home/ssfa/ros2_ws/install/two_wheeled_robot/share/two_wheeled_robot/models/Shower/thumbnails/1.png
[2.448s] -- Up-to-date symlink: /home/ssfa/ros2_ws/install/two_wheeled_robot/share/two_wheeled_robot/models/Shower/thumbnails/2.png
[2.448s] -- Up-to-date symlink: /home/ssfa/ros2_ws/install/two_wheeled_robot/share/two_wheeled_robot/models/Shower/thumbnails/3.png
[2.448s] -- Up-to-date symlink: /home/ssfa/ros2_ws/install/two_wheeled_robot/share/two_wheeled_robot/models/Shower/thumbnails/4.png
[2.448s] -- Up-to-date symlink: /home/ssfa/ros2_ws/install/two_wheeled_robot/share/two_wheeled_robot/models/Shower/thumbnails/5.png
[2.448s] -- Up-to-date symlink: /home/ssfa/ros2_ws/install/two_wheeled_robot/share/two_wheeled_robot/models/StorageRack/meshes/StorageRack.mtl
[2.448s] -- Up-to-date symlink: /home/ssfa/ros2_ws/install/two_wheeled_robot/share/two_wheeled_robot/models/StorageRack/meshes/StorageRack.obj
[2.448s] -- Up-to-date symlink: /home/ssfa/ros2_ws/install/two_wheeled_robot/share/two_wheeled_robot/models/StorageRack/meshes/StorageRack.png
[2.448s] -- Up-to-date symlink: /home/ssfa/ros2_ws/install/two_wheeled_robot/share/two_wheeled_robot/models/StorageRack/model.config
[2.448s] -- Up-to-date symlink: /home/ssfa/ros2_ws/install/two_wheeled_robot/share/two_wheeled_robot/models/StorageRack/model.sdf
[2.448s] -- Up-to-date symlink: /home/ssfa/ros2_ws/install/two_wheeled_robot/share/two_wheeled_robot/models/StorageRack/thumbnails/1.png
[2.448s] -- Up-to-date symlink: /home/ssfa/ros2_ws/install/two_wheeled_robot/share/two_wheeled_robot/models/StorageRack/thumbnails/2.png
[2.448s] -- Up-to-date symlink: /home/ssfa/ros2_ws/install/two_wheeled_robot/share/two_wheeled_robot/models/StorageRack/thumbnails/3.png
[2.448s] -- Up-to-date symlink: /home/ssfa/ros2_ws/install/two_wheeled_robot/share/two_wheeled_robot/models/StorageRack/thumbnails/4.png
[2.449s] -- Up-to-date symlink: /home/ssfa/ros2_ws/install/two_wheeled_robot/share/two_wheeled_robot/models/StorageRack/thumbnails/5.png
[2.449s] -- Up-to-date symlink: /home/ssfa/ros2_ws/install/two_wheeled_robot/share/two_wheeled_robot/models/StorageRackCoverOpen/meshes/StorageRackCoverOpen.mtl
[2.449s] -- Up-to-date symlink: /home/ssfa/ros2_ws/install/two_wheeled_robot/share/two_wheeled_robot/models/StorageRackCoverOpen/meshes/StorageRackCoverOpen.obj
[2.449s] -- Up-to-date symlink: /home/ssfa/ros2_ws/install/two_wheeled_robot/share/two_wheeled_robot/models/StorageRackCoverOpen/meshes/StorageRackCoverOpen.png
[2.449s] -- Up-to-date symlink: /home/ssfa/ros2_ws/install/two_wheeled_robot/share/two_wheeled_robot/models/StorageRackCoverOpen/model.config
[2.449s] -- Up-to-date symlink: /home/ssfa/ros2_ws/install/two_wheeled_robot/share/two_wheeled_robot/models/StorageRackCoverOpen/model.sdf
[2.449s] -- Up-to-date symlink: /home/ssfa/ros2_ws/install/two_wheeled_robot/share/two_wheeled_robot/models/StorageRackCoverOpen/thumbnails/1.png
[2.449s] -- Up-to-date symlink: /home/ssfa/ros2_ws/install/two_wheeled_robot/share/two_wheeled_robot/models/StorageRackCoverOpen/thumbnails/2.png
[2.449s] -- Up-to-date symlink: /home/ssfa/ros2_ws/install/two_wheeled_robot/share/two_wheeled_robot/models/StorageRackCoverOpen/thumbnails/3.png
[2.449s] -- Up-to-date symlink: /home/ssfa/ros2_ws/install/two_wheeled_robot/share/two_wheeled_robot/models/StorageRackCoverOpen/thumbnails/4.png
[2.449s] -- Up-to-date symlink: /home/ssfa/ros2_ws/install/two_wheeled_robot/share/two_wheeled_robot/models/StorageRackCoverOpen/thumbnails/5.png
[2.449s] -- Up-to-date symlink: /home/ssfa/ros2_ws/install/two_wheeled_robot/share/two_wheeled_robot/models/StorageRackCovered/meshes/StorageRackCovered.mtl
[2.449s] -- Up-to-date symlink: /home/ssfa/ros2_ws/install/two_wheeled_robot/share/two_wheeled_robot/models/StorageRackCovered/meshes/StorageRackCovered.obj
[2.449s] -- Up-to-date symlink: /home/ssfa/ros2_ws/install/two_wheeled_robot/share/two_wheeled_robot/models/StorageRackCovered/meshes/StorageRackCovered.png
[2.449s] -- Up-to-date symlink: /home/ssfa/ros2_ws/install/two_wheeled_robot/share/two_wheeled_robot/models/StorageRackCovered/model.config
[2.449s] -- Up-to-date symlink: /home/ssfa/ros2_ws/install/two_wheeled_robot/share/two_wheeled_robot/models/StorageRackCovered/model.sdf
[2.449s] -- Up-to-date symlink: /home/ssfa/ros2_ws/install/two_wheeled_robot/share/two_wheeled_robot/models/StorageRackCovered/thumbnails/1.png
[2.449s] -- Up-to-date symlink: /home/ssfa/ros2_ws/install/two_wheeled_robot/share/two_wheeled_robot/models/StorageRackCovered/thumbnails/2.png
[2.449s] -- Up-to-date symlink: /home/ssfa/ros2_ws/install/two_wheeled_robot/share/two_wheeled_robot/models/StorageRackCovered/thumbnails/3.png
[2.449s] -- Up-to-date symlink: /home/ssfa/ros2_ws/install/two_wheeled_robot/share/two_wheeled_robot/models/StorageRackCovered/thumbnails/4.png
[2.449s] -- Up-to-date symlink: /home/ssfa/ros2_ws/install/two_wheeled_robot/share/two_wheeled_robot/models/StorageRackCovered/thumbnails/5.png
[2.449s] -- Up-to-date symlink: /home/ssfa/ros2_ws/install/two_wheeled_robot/share/two_wheeled_robot/models/SurgicalTrolley/meshes/texture.png
[2.449s] -- Up-to-date symlink: /home/ssfa/ros2_ws/install/two_wheeled_robot/share/two_wheeled_robot/models/SurgicalTrolley/meshes/trolley.mtl
[2.449s] -- Up-to-date symlink: /home/ssfa/ros2_ws/install/two_wheeled_robot/share/two_wheeled_robot/models/SurgicalTrolley/meshes/trolley.obj
[2.449s] -- Up-to-date symlink: /home/ssfa/ros2_ws/install/two_wheeled_robot/share/two_wheeled_robot/models/SurgicalTrolley/model.config
[2.449s] -- Up-to-date symlink: /home/ssfa/ros2_ws/install/two_wheeled_robot/share/two_wheeled_robot/models/SurgicalTrolley/model.sdf
[2.449s] -- Up-to-date symlink: /home/ssfa/ros2_ws/install/two_wheeled_robot/share/two_wheeled_robot/models/SurgicalTrolley/thumbnails/1.png
[2.450s] -- Up-to-date symlink: /home/ssfa/ros2_ws/install/two_wheeled_robot/share/two_wheeled_robot/models/SurgicalTrolley/thumbnails/2.png
[2.450s] -- Up-to-date symlink: /home/ssfa/ros2_ws/install/two_wheeled_robot/share/two_wheeled_robot/models/SurgicalTrolley/thumbnails/3.png
[2.450s] -- Up-to-date symlink: /home/ssfa/ros2_ws/install/two_wheeled_robot/share/two_wheeled_robot/models/SurgicalTrolley/thumbnails/4.png
[2.450s] -- Up-to-date symlink: /home/ssfa/ros2_ws/install/two_wheeled_robot/share/two_wheeled_robot/models/SurgicalTrolley/thumbnails/5.png
[2.450s] -- Up-to-date symlink: /home/ssfa/ros2_ws/install/two_wheeled_robot/share/two_wheeled_robot/models/SurgicalTrolleyMed/meshes/SurgicalTrolleyMed.mtl
[2.450s] -- Up-to-date symlink: /home/ssfa/ros2_ws/install/two_wheeled_robot/share/two_wheeled_robot/models/SurgicalTrolleyMed/meshes/SurgicalTrolleyMed.obj
[2.450s] -- Up-to-date symlink: /home/ssfa/ros2_ws/install/two_wheeled_robot/share/two_wheeled_robot/models/SurgicalTrolleyMed/meshes/SurgicalTrolleyMed_Col.mtl
[2.450s] -- Up-to-date symlink: /home/ssfa/ros2_ws/install/two_wheeled_robot/share/two_wheeled_robot/models/SurgicalTrolleyMed/meshes/SurgicalTrolleyMed_Col.obj
[2.450s] -- Up-to-date symlink: /home/ssfa/ros2_ws/install/two_wheeled_robot/share/two_wheeled_robot/models/SurgicalTrolleyMed/meshes/SurgicalTrolleyMed_Diffuse.png
[2.450s] -- Up-to-date symlink: /home/ssfa/ros2_ws/install/two_wheeled_robot/share/two_wheeled_robot/models/SurgicalTrolleyMed/model.config
[2.450s] -- Up-to-date symlink: /home/ssfa/ros2_ws/install/two_wheeled_robot/share/two_wheeled_robot/models/SurgicalTrolleyMed/model.sdf
[2.450s] -- Up-to-date symlink: /home/ssfa/ros2_ws/install/two_wheeled_robot/share/two_wheeled_robot/models/SurgicalTrolleyMed/thumbnails/1.png
[2.451s] -- Up-to-date symlink: /home/ssfa/ros2_ws/install/two_wheeled_robot/share/two_wheeled_robot/models/SurgicalTrolleyMed/thumbnails/2.png
[2.451s] -- Up-to-date symlink: /home/ssfa/ros2_ws/install/two_wheeled_robot/share/two_wheeled_robot/models/SurgicalTrolleyMed/thumbnails/3.png
[2.451s] -- Up-to-date symlink: /home/ssfa/ros2_ws/install/two_wheeled_robot/share/two_wheeled_robot/models/SurgicalTrolleyMed/thumbnails/4.png
[2.451s] -- Up-to-date symlink: /home/ssfa/ros2_ws/install/two_wheeled_robot/share/two_wheeled_robot/models/SurgicalTrolleyMed/thumbnails/5.png
[2.451s] -- Up-to-date symlink: /home/ssfa/ros2_ws/install/two_wheeled_robot/share/two_wheeled_robot/models/Toilet/meshes/toilet.mtl
[2.451s] -- Up-to-date symlink: /home/ssfa/ros2_ws/install/two_wheeled_robot/share/two_wheeled_robot/models/Toilet/meshes/toilet.obj
[2.451s] -- Up-to-date symlink: /home/ssfa/ros2_ws/install/two_wheeled_robot/share/two_wheeled_robot/models/Toilet/model.config
[2.451s] -- Up-to-date symlink: /home/ssfa/ros2_ws/install/two_wheeled_robot/share/two_wheeled_robot/models/Toilet/model.sdf
[2.451s] -- Up-to-date symlink: /home/ssfa/ros2_ws/install/two_wheeled_robot/share/two_wheeled_robot/models/Toilet/thumbnails/1.png
[2.451s] -- Up-to-date symlink: /home/ssfa/ros2_ws/install/two_wheeled_robot/share/two_wheeled_robot/models/Toilet/thumbnails/2.png
[2.452s] -- Up-to-date symlink: /home/ssfa/ros2_ws/install/two_wheeled_robot/share/two_wheeled_robot/models/Toilet/thumbnails/3.png
[2.452s] -- Up-to-date symlink: /home/ssfa/ros2_ws/install/two_wheeled_robot/share/two_wheeled_robot/models/Toilet/thumbnails/4.png
[2.452s] -- Up-to-date symlink: /home/ssfa/ros2_ws/install/two_wheeled_robot/share/two_wheeled_robot/models/Toilet/thumbnails/5.png
[2.452s] -- Up-to-date symlink: /home/ssfa/ros2_ws/install/two_wheeled_robot/share/two_wheeled_robot/models/TrolleyBed/meshes/TrolleyBed.mtl
[2.452s] -- Up-to-date symlink: /home/ssfa/ros2_ws/install/two_wheeled_robot/share/two_wheeled_robot/models/TrolleyBed/meshes/TrolleyBed.obj
[2.452s] -- Up-to-date symlink: /home/ssfa/ros2_ws/install/two_wheeled_robot/share/two_wheeled_robot/models/TrolleyBed/meshes/TrolleyBed_Diffuse.png
[2.452s] -- Up-to-date symlink: /home/ssfa/ros2_ws/install/two_wheeled_robot/share/two_wheeled_robot/models/TrolleyBed/model.config
[2.452s] -- Up-to-date symlink: /home/ssfa/ros2_ws/install/two_wheeled_robot/share/two_wheeled_robot/models/TrolleyBed/model.sdf
[2.452s] -- Up-to-date symlink: /home/ssfa/ros2_ws/install/two_wheeled_robot/share/two_wheeled_robot/models/TrolleyBed/thumbnails/1.png
[2.453s] -- Up-to-date symlink: /home/ssfa/ros2_ws/install/two_wheeled_robot/share/two_wheeled_robot/models/TrolleyBed/thumbnails/2.png
[2.453s] -- Up-to-date symlink: /home/ssfa/ros2_ws/install/two_wheeled_robot/share/two_wheeled_robot/models/TrolleyBed/thumbnails/3.png
[2.453s] -- Up-to-date symlink: /home/ssfa/ros2_ws/install/two_wheeled_robot/share/two_wheeled_robot/models/TrolleyBed/thumbnails/4.png
[2.453s] -- Up-to-date symlink: /home/ssfa/ros2_ws/install/two_wheeled_robot/share/two_wheeled_robot/models/TrolleyBed/thumbnails/5.png
[2.453s] -- Up-to-date symlink: /home/ssfa/ros2_ws/install/two_wheeled_robot/share/two_wheeled_robot/models/TrolleyBedPatient/meshes/PatientF.png
[2.453s] -- Up-to-date symlink: /home/ssfa/ros2_ws/install/two_wheeled_robot/share/two_wheeled_robot/models/TrolleyBedPatient/meshes/TrolleyBedPatient.mtl
[2.453s] -- Up-to-date symlink: /home/ssfa/ros2_ws/install/two_wheeled_robot/share/two_wheeled_robot/models/TrolleyBedPatient/meshes/TrolleyBedPatient.obj
[2.453s] -- Up-to-date symlink: /home/ssfa/ros2_ws/install/two_wheeled_robot/share/two_wheeled_robot/models/TrolleyBedPatient/meshes/TrolleyBed_Diffuse.png
[2.453s] -- Up-to-date symlink: /home/ssfa/ros2_ws/install/two_wheeled_robot/share/two_wheeled_robot/models/TrolleyBedPatient/model.config
[2.453s] -- Up-to-date symlink: /home/ssfa/ros2_ws/install/two_wheeled_robot/share/two_wheeled_robot/models/TrolleyBedPatient/model.sdf
[2.453s] -- Up-to-date symlink: /home/ssfa/ros2_ws/install/two_wheeled_robot/share/two_wheeled_robot/models/TrolleyBedPatient/thumbnails/1.png
[2.453s] -- Up-to-date symlink: /home/ssfa/ros2_ws/install/two_wheeled_robot/share/two_wheeled_robot/models/TrolleyBedPatient/thumbnails/2.png
[2.454s] -- Up-to-date symlink: /home/ssfa/ros2_ws/install/two_wheeled_robot/share/two_wheeled_robot/models/TrolleyBedPatient/thumbnails/3.png
[2.454s] -- Up-to-date symlink: /home/ssfa/ros2_ws/install/two_wheeled_robot/share/two_wheeled_robot/models/TrolleyBedPatient/thumbnails/4.png
[2.454s] -- Up-to-date symlink: /home/ssfa/ros2_ws/install/two_wheeled_robot/share/two_wheeled_robot/models/TrolleyBedPatient/thumbnails/5.png
[2.454s] -- Up-to-date symlink: /home/ssfa/ros2_ws/install/two_wheeled_robot/share/two_wheeled_robot/models/VendingMachine/meshes/VendingMachine.mtl
[2.454s] -- Up-to-date symlink: /home/ssfa/ros2_ws/install/two_wheeled_robot/share/two_wheeled_robot/models/VendingMachine/meshes/VendingMachine.obj
[2.454s] -- Up-to-date symlink: /home/ssfa/ros2_ws/install/two_wheeled_robot/share/two_wheeled_robot/models/VendingMachine/meshes/VendingMachine_Diffuse.png
[2.454s] -- Up-to-date symlink: /home/ssfa/ros2_ws/install/two_wheeled_robot/share/two_wheeled_robot/models/VendingMachine/model.config
[2.454s] -- Up-to-date symlink: /home/ssfa/ros2_ws/install/two_wheeled_robot/share/two_wheeled_robot/models/VendingMachine/model.sdf
[2.454s] -- Up-to-date symlink: /home/ssfa/ros2_ws/install/two_wheeled_robot/share/two_wheeled_robot/models/VendingMachine/thumbnails/1.png
[2.454s] -- Up-to-date symlink: /home/ssfa/ros2_ws/install/two_wheeled_robot/share/two_wheeled_robot/models/VendingMachine/thumbnails/2.png
[2.454s] -- Up-to-date symlink: /home/ssfa/ros2_ws/install/two_wheeled_robot/share/two_wheeled_robot/models/VendingMachine/thumbnails/3.png
[2.454s] -- Up-to-date symlink: /home/ssfa/ros2_ws/install/two_wheeled_robot/share/two_wheeled_robot/models/VendingMachine/thumbnails/4.png
[2.454s] -- Up-to-date symlink: /home/ssfa/ros2_ws/install/two_wheeled_robot/share/two_wheeled_robot/models/VendingMachine/thumbnails/5.png
[2.454s] -- Up-to-date symlink: /home/ssfa/ros2_ws/install/two_wheeled_robot/share/two_wheeled_robot/models/VisitorKidSit/meshes/Book.png
[2.454s] -- Up-to-date symlink: /home/ssfa/ros2_ws/install/two_wheeled_robot/share/two_wheeled_robot/models/VisitorKidSit/meshes/VisitorKidGreen.png
[2.454s] -- Up-to-date symlink: /home/ssfa/ros2_ws/install/two_wheeled_robot/share/two_wheeled_robot/models/VisitorKidSit/meshes/VisitorKidSit.mtl
[2.454s] -- Up-to-date symlink: /home/ssfa/ros2_ws/install/two_wheeled_robot/share/two_wheeled_robot/models/VisitorKidSit/meshes/VisitorKidSit.obj
[2.454s] -- Up-to-date symlink: /home/ssfa/ros2_ws/install/two_wheeled_robot/share/two_wheeled_robot/models/VisitorKidSit/meshes/VisitorKidSit_Col.mtl
[2.454s] -- Up-to-date symlink: /home/ssfa/ros2_ws/install/two_wheeled_robot/share/two_wheeled_robot/models/VisitorKidSit/meshes/VisitorKidSit_Col.obj
[2.455s] -- Up-to-date symlink: /home/ssfa/ros2_ws/install/two_wheeled_robot/share/two_wheeled_robot/models/VisitorKidSit/model.config
[2.455s] -- Up-to-date symlink: /home/ssfa/ros2_ws/install/two_wheeled_robot/share/two_wheeled_robot/models/VisitorKidSit/model.sdf
[2.455s] -- Up-to-date symlink: /home/ssfa/ros2_ws/install/two_wheeled_robot/share/two_wheeled_robot/models/VisitorKidSit/thumbnails/1.png
[2.455s] -- Up-to-date symlink: /home/ssfa/ros2_ws/install/two_wheeled_robot/share/two_wheeled_robot/models/VisitorKidSit/thumbnails/2.png
[2.455s] -- Up-to-date symlink: /home/ssfa/ros2_ws/install/two_wheeled_robot/share/two_wheeled_robot/models/VisitorKidSit/thumbnails/3.png
[2.455s] -- Up-to-date symlink: /home/ssfa/ros2_ws/install/two_wheeled_robot/share/two_wheeled_robot/models/VisitorKidSit/thumbnails/4.png
[2.455s] -- Up-to-date symlink: /home/ssfa/ros2_ws/install/two_wheeled_robot/share/two_wheeled_robot/models/VisitorKidSit/thumbnails/5.png
[2.455s] -- Up-to-date symlink: /home/ssfa/ros2_ws/install/two_wheeled_robot/share/two_wheeled_robot/models/WhiteChipChair/meshes/WhiteChipChair.mtl
[2.455s] -- Up-to-date symlink: /home/ssfa/ros2_ws/install/two_wheeled_robot/share/two_wheeled_robot/models/WhiteChipChair/meshes/WhiteChipChair.obj
[2.455s] -- Up-to-date symlink: /home/ssfa/ros2_ws/install/two_wheeled_robot/share/two_wheeled_robot/models/WhiteChipChair/meshes/WhiteChipChairDiffuse.png
[2.455s] -- Up-to-date symlink: /home/ssfa/ros2_ws/install/two_wheeled_robot/share/two_wheeled_robot/models/WhiteChipChair/meshes/WhiteChipChair_Col.mtl
[2.455s] -- Up-to-date symlink: /home/ssfa/ros2_ws/install/two_wheeled_robot/share/two_wheeled_robot/models/WhiteChipChair/meshes/WhiteChipChair_Col.obj
[2.455s] -- Up-to-date symlink: /home/ssfa/ros2_ws/install/two_wheeled_robot/share/two_wheeled_robot/models/WhiteChipChair/model.config
[2.455s] -- Up-to-date symlink: /home/ssfa/ros2_ws/install/two_wheeled_robot/share/two_wheeled_robot/models/WhiteChipChair/model.sdf
[2.455s] -- Up-to-date symlink: /home/ssfa/ros2_ws/install/two_wheeled_robot/share/two_wheeled_robot/models/WhiteChipChair/thumbnails/1.png
[2.455s] -- Up-to-date symlink: /home/ssfa/ros2_ws/install/two_wheeled_robot/share/two_wheeled_robot/models/WhiteChipChair/thumbnails/2.png
[2.455s] -- Up-to-date symlink: /home/ssfa/ros2_ws/install/two_wheeled_robot/share/two_wheeled_robot/models/WhiteChipChair/thumbnails/3.png
[2.455s] -- Up-to-date symlink: /home/ssfa/ros2_ws/install/two_wheeled_robot/share/two_wheeled_robot/models/WhiteChipChair/thumbnails/4.png
[2.455s] -- Up-to-date symlink: /home/ssfa/ros2_ws/install/two_wheeled_robot/share/two_wheeled_robot/models/WhiteChipChair/thumbnails/5.png
[2.455s] -- Up-to-date symlink: /home/ssfa/ros2_ws/install/two_wheeled_robot/share/two_wheeled_robot/models/XRayMachine/meshes/XRayMachine.mtl
[2.455s] -- Up-to-date symlink: /home/ssfa/ros2_ws/install/two_wheeled_robot/share/two_wheeled_robot/models/XRayMachine/meshes/XRayMachine.obj
[2.455s] -- Up-to-date symlink: /home/ssfa/ros2_ws/install/two_wheeled_robot/share/two_wheeled_robot/models/XRayMachine/meshes/XRayMachine.png
[2.455s] -- Up-to-date symlink: /home/ssfa/ros2_ws/install/two_wheeled_robot/share/two_wheeled_robot/models/XRayMachine/meshes/XRayMachine_Col.mtl
[2.455s] -- Up-to-date symlink: /home/ssfa/ros2_ws/install/two_wheeled_robot/share/two_wheeled_robot/models/XRayMachine/meshes/XRayMachine_Col.obj
[2.455s] -- Up-to-date symlink: /home/ssfa/ros2_ws/install/two_wheeled_robot/share/two_wheeled_robot/models/XRayMachine/model.config
[2.455s] -- Up-to-date symlink: /home/ssfa/ros2_ws/install/two_wheeled_robot/share/two_wheeled_robot/models/XRayMachine/model.sdf
[2.455s] -- Up-to-date symlink: /home/ssfa/ros2_ws/install/two_wheeled_robot/share/two_wheeled_robot/models/XRayMachine/thumbnails/1.png
[2.455s] -- Up-to-date symlink: /home/ssfa/ros2_ws/install/two_wheeled_robot/share/two_wheeled_robot/models/XRayMachine/thumbnails/2.png
[2.455s] -- Up-to-date symlink: /home/ssfa/ros2_ws/install/two_wheeled_robot/share/two_wheeled_robot/models/XRayMachine/thumbnails/3.png
[2.456s] -- Up-to-date symlink: /home/ssfa/ros2_ws/install/two_wheeled_robot/share/two_wheeled_robot/models/XRayMachine/thumbnails/4.png
[2.456s] -- Up-to-date symlink: /home/ssfa/ros2_ws/install/two_wheeled_robot/share/two_wheeled_robot/models/XRayMachine/thumbnails/5.png
[2.456s] -- Up-to-date symlink: /home/ssfa/ros2_ws/install/two_wheeled_robot/share/two_wheeled_robot/models/amazon_robot2/meshes/lds.dae
[2.456s] -- Up-to-date symlink: /home/ssfa/ros2_ws/install/two_wheeled_robot/share/two_wheeled_robot/models/amazon_robot2/meshes/left_tire.dae
[2.456s] -- Up-to-date symlink: /home/ssfa/ros2_ws/install/two_wheeled_robot/share/two_wheeled_robot/models/amazon_robot2/meshes/right_tire.dae
[2.456s] -- Up-to-date symlink: /home/ssfa/ros2_ws/install/two_wheeled_robot/share/two_wheeled_robot/models/amazon_robot2/meshes/waffle_pi_base.dae
[2.456s] -- Up-to-date symlink: /home/ssfa/ros2_ws/install/two_wheeled_robot/share/two_wheeled_robot/models/amazon_robot2/model.config
[2.456s] -- Up-to-date symlink: /home/ssfa/ros2_ws/install/two_wheeled_robot/share/two_wheeled_robot/models/amazon_robot2/model.sdf
[2.456s] -- Up-to-date symlink: /home/ssfa/ros2_ws/install/two_wheeled_robot/share/two_wheeled_robot/models/ambulance/materials/textures/ambulance.png
[2.456s] -- Up-to-date symlink: /home/ssfa/ros2_ws/install/two_wheeled_robot/share/two_wheeled_robot/models/ambulance/meshes/ambulance.mtl
[2.456s] -- Up-to-date symlink: /home/ssfa/ros2_ws/install/two_wheeled_robot/share/two_wheeled_robot/models/ambulance/meshes/ambulance.obj
[2.456s] -- Up-to-date symlink: /home/ssfa/ros2_ws/install/two_wheeled_robot/share/two_wheeled_robot/models/ambulance/model.config
[2.456s] -- Up-to-date symlink: /home/ssfa/ros2_ws/install/two_wheeled_robot/share/two_wheeled_robot/models/ambulance/model.sdf
[2.456s] -- Up-to-date symlink: /home/ssfa/ros2_ws/install/two_wheeled_robot/share/two_wheeled_robot/models/apartment/materials/textures/apartment_diffuse.jpg
[2.456s] -- Up-to-date symlink: /home/ssfa/ros2_ws/install/two_wheeled_robot/share/two_wheeled_robot/models/apartment/materials/textures/apartment_spec.jpg
[2.456s] -- Up-to-date symlink: /home/ssfa/ros2_ws/install/two_wheeled_robot/share/two_wheeled_robot/models/apartment/meshes/apartment.dae
[2.456s] -- Up-to-date symlink: /home/ssfa/ros2_ws/install/two_wheeled_robot/share/two_wheeled_robot/models/apartment/model.config
[2.456s] -- Up-to-date symlink: /home/ssfa/ros2_ws/install/two_wheeled_robot/share/two_wheeled_robot/models/apartment/model.sdf
[2.456s] -- Up-to-date symlink: /home/ssfa/ros2_ws/install/two_wheeled_robot/share/two_wheeled_robot/models/ar_tags/marker0_12cm/marker0_12cm.sdf
[2.456s] -- Up-to-date symlink: /home/ssfa/ros2_ws/install/two_wheeled_robot/share/two_wheeled_robot/models/ar_tags/marker0_12cm/material/scripts/marker0_12cm.material
[2.456s] -- Up-to-date symlink: /home/ssfa/ros2_ws/install/two_wheeled_robot/share/two_wheeled_robot/models/ar_tags/marker0_12cm/material/textures/marker0_12cm.png
[2.456s] -- Up-to-date symlink: /home/ssfa/ros2_ws/install/two_wheeled_robot/share/two_wheeled_robot/models/ar_tags/marker0_12cm/model.config
[2.456s] -- Up-to-date symlink: /home/ssfa/ros2_ws/install/two_wheeled_robot/share/two_wheeled_robot/models/ar_tags/marker1_12cm/marker1_12cm.sdf
[2.456s] -- Up-to-date symlink: /home/ssfa/ros2_ws/install/two_wheeled_robot/share/two_wheeled_robot/models/ar_tags/marker1_12cm/material/scripts/marker1_12cm.material
[2.456s] -- Up-to-date symlink: /home/ssfa/ros2_ws/install/two_wheeled_robot/share/two_wheeled_robot/models/ar_tags/marker1_12cm/material/textures/marker1_12cm.png
[2.456s] -- Up-to-date symlink: /home/ssfa/ros2_ws/install/two_wheeled_robot/share/two_wheeled_robot/models/ar_tags/marker1_12cm/model.config
[2.456s] -- Up-to-date symlink: /home/ssfa/ros2_ws/install/two_wheeled_robot/share/two_wheeled_robot/models/ar_tags/marker1_border_12cm/marker1_border_12cm.sdf
[2.456s] -- Up-to-date symlink: /home/ssfa/ros2_ws/install/two_wheeled_robot/share/two_wheeled_robot/models/ar_tags/marker1_border_12cm/material/scripts/marker1_border_12cm.material
[2.457s] -- Up-to-date symlink: /home/ssfa/ros2_ws/install/two_wheeled_robot/share/two_wheeled_robot/models/ar_tags/marker1_border_12cm/material/textures/marker1_border_12cm.png
[2.457s] -- Up-to-date symlink: /home/ssfa/ros2_ws/install/two_wheeled_robot/share/two_wheeled_robot/models/ar_tags/marker1_border_12cm/model.config
[2.457s] -- Up-to-date symlink: /home/ssfa/ros2_ws/install/two_wheeled_robot/share/two_wheeled_robot/models/ar_tags/marker2_12cm/marker2_12cm.sdf
[2.457s] -- Up-to-date symlink: /home/ssfa/ros2_ws/install/two_wheeled_robot/share/two_wheeled_robot/models/ar_tags/marker2_12cm/material/scripts/marker2_12cm.material
[2.457s] -- Up-to-date symlink: /home/ssfa/ros2_ws/install/two_wheeled_robot/share/two_wheeled_robot/models/ar_tags/marker2_12cm/material/textures/marker2_12cm.png
[2.457s] -- Up-to-date symlink: /home/ssfa/ros2_ws/install/two_wheeled_robot/share/two_wheeled_robot/models/ar_tags/marker2_12cm/model.config
[2.457s] -- Up-to-date symlink: /home/ssfa/ros2_ws/install/two_wheeled_robot/share/two_wheeled_robot/models/ar_tags/marker2_border_12cm/marker2_border_12cm.sdf
[2.457s] -- Up-to-date symlink: /home/ssfa/ros2_ws/install/two_wheeled_robot/share/two_wheeled_robot/models/ar_tags/marker2_border_12cm/material/scripts/marker2_12cm.material
[2.457s] -- Up-to-date symlink: /home/ssfa/ros2_ws/install/two_wheeled_robot/share/two_wheeled_robot/models/ar_tags/marker2_border_12cm/material/textures/marker2_border_12cm.png
[2.457s] -- Up-to-date symlink: /home/ssfa/ros2_ws/install/two_wheeled_robot/share/two_wheeled_robot/models/ar_tags/marker2_border_12cm/model.config
[2.457s] -- Up-to-date symlink: /home/ssfa/ros2_ws/install/two_wheeled_robot/share/two_wheeled_robot/models/ar_tags/marker3_12cm/marker3_12cm.sdf
[2.457s] -- Up-to-date symlink: /home/ssfa/ros2_ws/install/two_wheeled_robot/share/two_wheeled_robot/models/ar_tags/marker3_12cm/material/scripts/marker3_12cm.material
[2.457s] -- Up-to-date symlink: /home/ssfa/ros2_ws/install/two_wheeled_robot/share/two_wheeled_robot/models/ar_tags/marker3_12cm/material/textures/marker3_12cm.png
[2.457s] -- Up-to-date symlink: /home/ssfa/ros2_ws/install/two_wheeled_robot/share/two_wheeled_robot/models/ar_tags/marker3_12cm/model.config
[2.457s] -- Up-to-date symlink: /home/ssfa/ros2_ws/install/two_wheeled_robot/share/two_wheeled_robot/models/ar_tags/marker3_border_12cm/marker3_border_12cm.sdf
[2.457s] -- Up-to-date symlink: /home/ssfa/ros2_ws/install/two_wheeled_robot/share/two_wheeled_robot/models/ar_tags/marker3_border_12cm/material/scripts/marker3_12cm.material
[2.457s] -- Up-to-date symlink: /home/ssfa/ros2_ws/install/two_wheeled_robot/share/two_wheeled_robot/models/ar_tags/marker3_border_12cm/material/textures/marker3_border_12cm.png
[2.457s] -- Up-to-date symlink: /home/ssfa/ros2_ws/install/two_wheeled_robot/share/two_wheeled_robot/models/ar_tags/marker3_border_12cm/model.config
[2.457s] -- Up-to-date symlink: /home/ssfa/ros2_ws/install/two_wheeled_robot/share/two_wheeled_robot/models/ar_tags/marker4_12cm/marker4_12cm.sdf
[2.457s] -- Up-to-date symlink: /home/ssfa/ros2_ws/install/two_wheeled_robot/share/two_wheeled_robot/models/ar_tags/marker4_12cm/material/scripts/marker4_12cm.material
[2.457s] -- Up-to-date symlink: /home/ssfa/ros2_ws/install/two_wheeled_robot/share/two_wheeled_robot/models/ar_tags/marker4_12cm/material/textures/marker4_12cm.png
[2.457s] -- Up-to-date symlink: /home/ssfa/ros2_ws/install/two_wheeled_robot/share/two_wheeled_robot/models/ar_tags/marker4_12cm/model.config
[2.457s] -- Up-to-date symlink: /home/ssfa/ros2_ws/install/two_wheeled_robot/share/two_wheeled_robot/models/ar_tags/marker4_border_12cm/marker4_border_12cm.sdf
[2.457s] -- Up-to-date symlink: /home/ssfa/ros2_ws/install/two_wheeled_robot/share/two_wheeled_robot/models/ar_tags/marker4_border_12cm/material/scripts/marker4_border_12cm.material
[2.457s] -- Up-to-date symlink: /home/ssfa/ros2_ws/install/two_wheeled_robot/share/two_wheeled_robot/models/ar_tags/marker4_border_12cm/material/textures/marker4_border_12cm.png
[2.457s] -- Up-to-date symlink: /home/ssfa/ros2_ws/install/two_wheeled_robot/share/two_wheeled_robot/models/ar_tags/marker4_border_12cm/model.config
[2.457s] -- Up-to-date symlink: /home/ssfa/ros2_ws/install/two_wheeled_robot/share/two_wheeled_robot/models/aruco_visual_marker_0/materials/scripts/aruco_visual_marker_0_marker.material
[2.457s] -- Up-to-date symlink: /home/ssfa/ros2_ws/install/two_wheeled_robot/share/two_wheeled_robot/models/aruco_visual_marker_0/materials/textures/aruco_mark_0.png
[2.457s] -- Up-to-date symlink: /home/ssfa/ros2_ws/install/two_wheeled_robot/share/two_wheeled_robot/models/aruco_visual_marker_0/materials/textures/aruco_mark_0.svg
[2.457s] -- Up-to-date symlink: /home/ssfa/ros2_ws/install/two_wheeled_robot/share/two_wheeled_robot/models/aruco_visual_marker_0/model.config
[2.458s] -- Up-to-date symlink: /home/ssfa/ros2_ws/install/two_wheeled_robot/share/two_wheeled_robot/models/aruco_visual_marker_0/model.sdf
[2.458s] -- Up-to-date symlink: /home/ssfa/ros2_ws/install/two_wheeled_robot/share/two_wheeled_robot/models/aruco_visual_marker_0_pad/materials/scripts/aruco_visual_marker_0_marker.material
[2.458s] -- Up-to-date symlink: /home/ssfa/ros2_ws/install/two_wheeled_robot/share/two_wheeled_robot/models/aruco_visual_marker_0_pad/materials/scripts/aruco_visual_marker_0_num.material
[2.458s] -- Up-to-date symlink: /home/ssfa/ros2_ws/install/two_wheeled_robot/share/two_wheeled_robot/models/aruco_visual_marker_0_pad/materials/textures/aruco_mark_0.png
[2.458s] -- Up-to-date symlink: /home/ssfa/ros2_ws/install/two_wheeled_robot/share/two_wheeled_robot/models/aruco_visual_marker_0_pad/materials/textures/aruco_mark_0.svg
[2.458s] -- Up-to-date symlink: /home/ssfa/ros2_ws/install/two_wheeled_robot/share/two_wheeled_robot/models/aruco_visual_marker_0_pad/materials/textures/aruco_mark_0_num.png
[2.458s] -- Up-to-date symlink: /home/ssfa/ros2_ws/install/two_wheeled_robot/share/two_wheeled_robot/models/aruco_visual_marker_0_pad/materials/textures/aruco_mark_0_num.svg
[2.458s] -- Up-to-date symlink: /home/ssfa/ros2_ws/install/two_wheeled_robot/share/two_wheeled_robot/models/aruco_visual_marker_0_pad/model.config
[2.458s] -- Up-to-date symlink: /home/ssfa/ros2_ws/install/two_wheeled_robot/share/two_wheeled_robot/models/aruco_visual_marker_0_pad/model.sdf
[2.458s] -- Up-to-date symlink: /home/ssfa/ros2_ws/install/two_wheeled_robot/share/two_wheeled_robot/models/aruco_visual_marker_1/materials/scripts/aruco_visual_marker_1_marker.material
[2.458s] -- Up-to-date symlink: /home/ssfa/ros2_ws/install/two_wheeled_robot/share/two_wheeled_robot/models/aruco_visual_marker_1/materials/textures/aruco_mark_1.png
[2.458s] -- Up-to-date symlink: /home/ssfa/ros2_ws/install/two_wheeled_robot/share/two_wheeled_robot/models/aruco_visual_marker_1/model.config
[2.458s] -- Up-to-date symlink: /home/ssfa/ros2_ws/install/two_wheeled_robot/share/two_wheeled_robot/models/aruco_visual_marker_1/model.sdf
[2.458s] -- Up-to-date symlink: /home/ssfa/ros2_ws/install/two_wheeled_robot/share/two_wheeled_robot/models/aruco_visual_marker_1_pad/materials/scripts/aruco_visual_marker_1_marker.material
[2.458s] -- Up-to-date symlink: /home/ssfa/ros2_ws/install/two_wheeled_robot/share/two_wheeled_robot/models/aruco_visual_marker_1_pad/materials/scripts/aruco_visual_marker_1_num.material
[2.458s] -- Up-to-date symlink: /home/ssfa/ros2_ws/install/two_wheeled_robot/share/two_wheeled_robot/models/aruco_visual_marker_1_pad/materials/textures/aruco_mark_1.png
[2.458s] -- Up-to-date symlink: /home/ssfa/ros2_ws/install/two_wheeled_robot/share/two_wheeled_robot/models/aruco_visual_marker_1_pad/materials/textures/aruco_mark_1_num.png
[2.458s] -- Up-to-date symlink: /home/ssfa/ros2_ws/install/two_wheeled_robot/share/two_wheeled_robot/models/aruco_visual_marker_1_pad/materials/textures/aruco_mark_1_num.svg
[2.458s] -- Up-to-date symlink: /home/ssfa/ros2_ws/install/two_wheeled_robot/share/two_wheeled_robot/models/aruco_visual_marker_1_pad/model.config
[2.458s] -- Up-to-date symlink: /home/ssfa/ros2_ws/install/two_wheeled_robot/share/two_wheeled_robot/models/aruco_visual_marker_1_pad/model.sdf
[2.458s] -- Up-to-date symlink: /home/ssfa/ros2_ws/install/two_wheeled_robot/share/two_wheeled_robot/models/aruco_visual_marker_2/materials/scripts/aruco_visual_marker_2_marker.material
[2.458s] -- Up-to-date symlink: /home/ssfa/ros2_ws/install/two_wheeled_robot/share/two_wheeled_robot/models/aruco_visual_marker_2/materials/textures/aruco_mark_2.png
[2.458s] -- Up-to-date symlink: /home/ssfa/ros2_ws/install/two_wheeled_robot/share/two_wheeled_robot/models/aruco_visual_marker_2/model.config
[2.458s] -- Up-to-date symlink: /home/ssfa/ros2_ws/install/two_wheeled_robot/share/two_wheeled_robot/models/aruco_visual_marker_2/model.sdf
[2.458s] -- Up-to-date symlink: /home/ssfa/ros2_ws/install/two_wheeled_robot/share/two_wheeled_robot/models/aruco_visual_marker_2_pad/materials/scripts/aruco_visual_marker_2_marker.material
[2.458s] -- Up-to-date symlink: /home/ssfa/ros2_ws/install/two_wheeled_robot/share/two_wheeled_robot/models/aruco_visual_marker_2_pad/materials/scripts/aruco_visual_marker_2_num.material
[2.458s] -- Up-to-date symlink: /home/ssfa/ros2_ws/install/two_wheeled_robot/share/two_wheeled_robot/models/aruco_visual_marker_2_pad/materials/textures/aruco_mark_2.png
[2.458s] -- Up-to-date symlink: /home/ssfa/ros2_ws/install/two_wheeled_robot/share/two_wheeled_robot/models/aruco_visual_marker_2_pad/materials/textures/aruco_mark_2_num.png
[2.458s] -- Up-to-date symlink: /home/ssfa/ros2_ws/install/two_wheeled_robot/share/two_wheeled_robot/models/aruco_visual_marker_2_pad/materials/textures/aruco_mark_2_num.svg
[2.459s] -- Up-to-date symlink: /home/ssfa/ros2_ws/install/two_wheeled_robot/share/two_wheeled_robot/models/aruco_visual_marker_2_pad/model.config
[2.459s] -- Up-to-date symlink: /home/ssfa/ros2_ws/install/two_wheeled_robot/share/two_wheeled_robot/models/aruco_visual_marker_2_pad/model.sdf
[2.459s] -- Up-to-date symlink: /home/ssfa/ros2_ws/install/two_wheeled_robot/share/two_wheeled_robot/models/aruco_visual_marker_3/materials/scripts/aruco_visual_marker_3_marker.material
[2.459s] -- Up-to-date symlink: /home/ssfa/ros2_ws/install/two_wheeled_robot/share/two_wheeled_robot/models/aruco_visual_marker_3/materials/textures/aruco_mark_3.png
[2.459s] -- Up-to-date symlink: /home/ssfa/ros2_ws/install/two_wheeled_robot/share/two_wheeled_robot/models/aruco_visual_marker_3/model.config
[2.459s] -- Up-to-date symlink: /home/ssfa/ros2_ws/install/two_wheeled_robot/share/two_wheeled_robot/models/aruco_visual_marker_3/model.sdf
[2.459s] -- Up-to-date symlink: /home/ssfa/ros2_ws/install/two_wheeled_robot/share/two_wheeled_robot/models/aruco_visual_marker_3_pad/materials/scripts/aruco_visual_marker_3_marker.material
[2.459s] -- Up-to-date symlink: /home/ssfa/ros2_ws/install/two_wheeled_robot/share/two_wheeled_robot/models/aruco_visual_marker_3_pad/materials/scripts/aruco_visual_marker_3_num.material
[2.459s] -- Up-to-date symlink: /home/ssfa/ros2_ws/install/two_wheeled_robot/share/two_wheeled_robot/models/aruco_visual_marker_3_pad/materials/textures/aruco_mark_3.png
[2.459s] -- Up-to-date symlink: /home/ssfa/ros2_ws/install/two_wheeled_robot/share/two_wheeled_robot/models/aruco_visual_marker_3_pad/materials/textures/aruco_mark_3_num.png
[2.459s] -- Up-to-date symlink: /home/ssfa/ros2_ws/install/two_wheeled_robot/share/two_wheeled_robot/models/aruco_visual_marker_3_pad/materials/textures/aruco_mark_3_num.svg
[2.459s] -- Up-to-date symlink: /home/ssfa/ros2_ws/install/two_wheeled_robot/share/two_wheeled_robot/models/aruco_visual_marker_3_pad/model.config
[2.459s] -- Up-to-date symlink: /home/ssfa/ros2_ws/install/two_wheeled_robot/share/two_wheeled_robot/models/aruco_visual_marker_3_pad/model.sdf
[2.459s] -- Up-to-date symlink: /home/ssfa/ros2_ws/install/two_wheeled_robot/share/two_wheeled_robot/models/aruco_visual_marker_4/materials/scripts/aruco_visual_marker_4_marker.material
[2.459s] -- Up-to-date symlink: /home/ssfa/ros2_ws/install/two_wheeled_robot/share/two_wheeled_robot/models/aruco_visual_marker_4/materials/textures/aruco_mark_4.png
[2.459s] -- Up-to-date symlink: /home/ssfa/ros2_ws/install/two_wheeled_robot/share/two_wheeled_robot/models/aruco_visual_marker_4/model.config
[2.459s] -- Up-to-date symlink: /home/ssfa/ros2_ws/install/two_wheeled_robot/share/two_wheeled_robot/models/aruco_visual_marker_4/model.sdf
[2.459s] -- Up-to-date symlink: /home/ssfa/ros2_ws/install/two_wheeled_robot/share/two_wheeled_robot/models/aruco_visual_marker_4_pad/materials/scripts/aruco_visual_marker_4_marker.material
[2.459s] -- Up-to-date symlink: /home/ssfa/ros2_ws/install/two_wheeled_robot/share/two_wheeled_robot/models/aruco_visual_marker_4_pad/materials/scripts/aruco_visual_marker_4_num.material
[2.459s] -- Up-to-date symlink: /home/ssfa/ros2_ws/install/two_wheeled_robot/share/two_wheeled_robot/models/aruco_visual_marker_4_pad/materials/textures/aruco_mark_4.png
[2.459s] -- Up-to-date symlink: /home/ssfa/ros2_ws/install/two_wheeled_robot/share/two_wheeled_robot/models/aruco_visual_marker_4_pad/materials/textures/aruco_mark_4_num.png
[2.459s] -- Up-to-date symlink: /home/ssfa/ros2_ws/install/two_wheeled_robot/share/two_wheeled_robot/models/aruco_visual_marker_4_pad/materials/textures/aruco_mark_4_num.svg
[2.459s] -- Up-to-date symlink: /home/ssfa/ros2_ws/install/two_wheeled_robot/share/two_wheeled_robot/models/aruco_visual_marker_4_pad/model.config
[2.459s] -- Up-to-date symlink: /home/ssfa/ros2_ws/install/two_wheeled_robot/share/two_wheeled_robot/models/aruco_visual_marker_4_pad/model.sdf
[2.459s] -- Up-to-date symlink: /home/ssfa/ros2_ws/install/two_wheeled_robot/share/two_wheeled_robot/models/aruco_visual_marker_5/materials/scripts/aruco_visual_marker_5_marker.material
[2.459s] -- Up-to-date symlink: /home/ssfa/ros2_ws/install/two_wheeled_robot/share/two_wheeled_robot/models/aruco_visual_marker_5/materials/textures/aruco_mark_5.png
[2.459s] -- Up-to-date symlink: /home/ssfa/ros2_ws/install/two_wheeled_robot/share/two_wheeled_robot/models/aruco_visual_marker_5/model.config
[2.460s] -- Up-to-date symlink: /home/ssfa/ros2_ws/install/two_wheeled_robot/share/two_wheeled_robot/models/aruco_visual_marker_5/model.sdf
[2.460s] -- Up-to-date symlink: /home/ssfa/ros2_ws/install/two_wheeled_robot/share/two_wheeled_robot/models/aruco_visual_marker_5_pad/materials/scripts/aruco_visual_marker_5_marker.material
[2.460s] -- Up-to-date symlink: /home/ssfa/ros2_ws/install/two_wheeled_robot/share/two_wheeled_robot/models/aruco_visual_marker_5_pad/materials/scripts/aruco_visual_marker_5_num.material
[2.460s] -- Up-to-date symlink: /home/ssfa/ros2_ws/install/two_wheeled_robot/share/two_wheeled_robot/models/aruco_visual_marker_5_pad/materials/textures/aruco_mark_5.png
[2.460s] -- Up-to-date symlink: /home/ssfa/ros2_ws/install/two_wheeled_robot/share/two_wheeled_robot/models/aruco_visual_marker_5_pad/materials/textures/aruco_mark_5_num.png
[2.460s] -- Up-to-date symlink: /home/ssfa/ros2_ws/install/two_wheeled_robot/share/two_wheeled_robot/models/aruco_visual_marker_5_pad/materials/textures/aruco_mark_5_num.svg
[2.460s] -- Up-to-date symlink: /home/ssfa/ros2_ws/install/two_wheeled_robot/share/two_wheeled_robot/models/aruco_visual_marker_5_pad/model.config
[2.460s] -- Up-to-date symlink: /home/ssfa/ros2_ws/install/two_wheeled_robot/share/two_wheeled_robot/models/aruco_visual_marker_5_pad/model.sdf
[2.460s] -- Up-to-date symlink: /home/ssfa/ros2_ws/install/two_wheeled_robot/share/two_wheeled_robot/models/aruco_visual_marker_6/materials/scripts/aruco_visual_marker_6_marker.material
[2.460s] -- Up-to-date symlink: /home/ssfa/ros2_ws/install/two_wheeled_robot/share/two_wheeled_robot/models/aruco_visual_marker_6/materials/textures/aruco_mark_6.png
[2.460s] -- Up-to-date symlink: /home/ssfa/ros2_ws/install/two_wheeled_robot/share/two_wheeled_robot/models/aruco_visual_marker_6/model.config
[2.460s] -- Up-to-date symlink: /home/ssfa/ros2_ws/install/two_wheeled_robot/share/two_wheeled_robot/models/aruco_visual_marker_6/model.sdf
[2.460s] -- Up-to-date symlink: /home/ssfa/ros2_ws/install/two_wheeled_robot/share/two_wheeled_robot/models/aruco_visual_marker_6_pad/materials/scripts/aruco_visual_marker_6_marker.material
[2.460s] -- Up-to-date symlink: /home/ssfa/ros2_ws/install/two_wheeled_robot/share/two_wheeled_robot/models/aruco_visual_marker_6_pad/materials/scripts/aruco_visual_marker_6_num.material
[2.460s] -- Up-to-date symlink: /home/ssfa/ros2_ws/install/two_wheeled_robot/share/two_wheeled_robot/models/aruco_visual_marker_6_pad/materials/textures/aruco_mark_6.png
[2.460s] -- Up-to-date symlink: /home/ssfa/ros2_ws/install/two_wheeled_robot/share/two_wheeled_robot/models/aruco_visual_marker_6_pad/materials/textures/aruco_mark_6_num.png
[2.460s] -- Up-to-date symlink: /home/ssfa/ros2_ws/install/two_wheeled_robot/share/two_wheeled_robot/models/aruco_visual_marker_6_pad/materials/textures/aruco_mark_6_num.svg
[2.460s] -- Up-to-date symlink: /home/ssfa/ros2_ws/install/two_wheeled_robot/share/two_wheeled_robot/models/aruco_visual_marker_6_pad/model.config
[2.460s] -- Up-to-date symlink: /home/ssfa/ros2_ws/install/two_wheeled_robot/share/two_wheeled_robot/models/aruco_visual_marker_6_pad/model.sdf
[2.460s] -- Up-to-date symlink: /home/ssfa/ros2_ws/install/two_wheeled_robot/share/two_wheeled_robot/models/aruco_visual_marker_7/materials/scripts/aruco_visual_marker_7_marker.material
[2.460s] -- Up-to-date symlink: /home/ssfa/ros2_ws/install/two_wheeled_robot/share/two_wheeled_robot/models/aruco_visual_marker_7/materials/textures/aruco_mark_7.png
[2.460s] -- Up-to-date symlink: /home/ssfa/ros2_ws/install/two_wheeled_robot/share/two_wheeled_robot/models/aruco_visual_marker_7/model.config
[2.460s] -- Up-to-date symlink: /home/ssfa/ros2_ws/install/two_wheeled_robot/share/two_wheeled_robot/models/aruco_visual_marker_7/model.sdf
[2.460s] -- Up-to-date symlink: /home/ssfa/ros2_ws/install/two_wheeled_robot/share/two_wheeled_robot/models/aruco_visual_marker_7_pad/materials/scripts/aruco_visual_marker_7_marker.material
[2.460s] -- Up-to-date symlink: /home/ssfa/ros2_ws/install/two_wheeled_robot/share/two_wheeled_robot/models/aruco_visual_marker_7_pad/materials/scripts/aruco_visual_marker_7_num.material
[2.460s] -- Up-to-date symlink: /home/ssfa/ros2_ws/install/two_wheeled_robot/share/two_wheeled_robot/models/aruco_visual_marker_7_pad/materials/textures/aruco_mark_7.png
[2.460s] -- Up-to-date symlink: /home/ssfa/ros2_ws/install/two_wheeled_robot/share/two_wheeled_robot/models/aruco_visual_marker_7_pad/materials/textures/aruco_mark_7_num.png
[2.460s] -- Up-to-date symlink: /home/ssfa/ros2_ws/install/two_wheeled_robot/share/two_wheeled_robot/models/aruco_visual_marker_7_pad/materials/textures/aruco_mark_7_num.svg
[2.460s] -- Up-to-date symlink: /home/ssfa/ros2_ws/install/two_wheeled_robot/share/two_wheeled_robot/models/aruco_visual_marker_7_pad/model.config
[2.460s] -- Up-to-date symlink: /home/ssfa/ros2_ws/install/two_wheeled_robot/share/two_wheeled_robot/models/aruco_visual_marker_7_pad/model.sdf
[2.461s] -- Up-to-date symlink: /home/ssfa/ros2_ws/install/two_wheeled_robot/share/two_wheeled_robot/models/asphalt_plane/materials/scripts/asphalt.material
[2.461s] -- Up-to-date symlink: /home/ssfa/ros2_ws/install/two_wheeled_robot/share/two_wheeled_robot/models/asphalt_plane/materials/textures/tarmac.png
[2.461s] -- Up-to-date symlink: /home/ssfa/ros2_ws/install/two_wheeled_robot/share/two_wheeled_robot/models/asphalt_plane/model-1_4.sdf
[2.461s] -- Up-to-date symlink: /home/ssfa/ros2_ws/install/two_wheeled_robot/share/two_wheeled_robot/models/asphalt_plane/model.config
[2.461s] -- Up-to-date symlink: /home/ssfa/ros2_ws/install/two_wheeled_robot/share/two_wheeled_robot/models/asphalt_plane/model.sdf
[2.461s] -- Up-to-date symlink: /home/ssfa/ros2_ws/install/two_wheeled_robot/share/two_wheeled_robot/models/aws_robomaker_hospital_curtain_closed_01/meshes/aws_robomaker_hospital_curtain_closed_01_collision.dae
[2.461s] -- Up-to-date symlink: /home/ssfa/ros2_ws/install/two_wheeled_robot/share/two_wheeled_robot/models/aws_robomaker_hospital_curtain_closed_01/meshes/aws_robomaker_hospital_curtain_closed_01_low.png
[2.461s] -- Up-to-date symlink: /home/ssfa/ros2_ws/install/two_wheeled_robot/share/two_wheeled_robot/models/aws_robomaker_hospital_curtain_closed_01/meshes/aws_robomaker_hospital_curtain_closed_01_low_normal.png
[2.461s] -- Up-to-date symlink: /home/ssfa/ros2_ws/install/two_wheeled_robot/share/two_wheeled_robot/models/aws_robomaker_hospital_curtain_closed_01/meshes/aws_robomaker_hospital_curtain_closed_01_visual.dae
[2.461s] -- Up-to-date symlink: /home/ssfa/ros2_ws/install/two_wheeled_robot/share/two_wheeled_robot/models/aws_robomaker_hospital_curtain_closed_01/meshes/aws_robomaker_hospital_curtain_closed_01_visual.png
[2.461s] -- Up-to-date symlink: /home/ssfa/ros2_ws/install/two_wheeled_robot/share/two_wheeled_robot/models/aws_robomaker_hospital_curtain_closed_01/meshes/aws_robomaker_hospital_curtain_closed_01_visual_normal.png
[2.461s] -- Up-to-date symlink: /home/ssfa/ros2_ws/install/two_wheeled_robot/share/two_wheeled_robot/models/aws_robomaker_hospital_curtain_closed_01/meshes/aws_robomaker_hospital_curtainrail_01_low.png
[2.461s] -- Up-to-date symlink: /home/ssfa/ros2_ws/install/two_wheeled_robot/share/two_wheeled_robot/models/aws_robomaker_hospital_curtain_closed_01/meshes/aws_robomaker_hospital_curtainrail_01_low_normal.png
[2.461s] -- Up-to-date symlink: /home/ssfa/ros2_ws/install/two_wheeled_robot/share/two_wheeled_robot/models/aws_robomaker_hospital_curtain_closed_01/meshes/aws_robomaker_hospital_curtainrail_01_visual.png
[2.461s] -- Up-to-date symlink: /home/ssfa/ros2_ws/install/two_wheeled_robot/share/two_wheeled_robot/models/aws_robomaker_hospital_curtain_closed_01/meshes/aws_robomaker_hospital_curtainrail_01_visual_normal.png
[2.461s] -- Up-to-date symlink: /home/ssfa/ros2_ws/install/two_wheeled_robot/share/two_wheeled_robot/models/aws_robomaker_hospital_curtain_closed_01/model.config
[2.461s] -- Up-to-date symlink: /home/ssfa/ros2_ws/install/two_wheeled_robot/share/two_wheeled_robot/models/aws_robomaker_hospital_curtain_closed_01/model.sdf
[2.461s] -- Up-to-date symlink: /home/ssfa/ros2_ws/install/two_wheeled_robot/share/two_wheeled_robot/models/aws_robomaker_hospital_curtain_half_open_01/meshes/aws_robomaker_hospital_curtain_half_open_01_collision.dae
[2.461s] -- Up-to-date symlink: /home/ssfa/ros2_ws/install/two_wheeled_robot/share/two_wheeled_robot/models/aws_robomaker_hospital_curtain_half_open_01/meshes/aws_robomaker_hospital_curtain_half_open_01_low.png
[2.461s] -- Up-to-date symlink: /home/ssfa/ros2_ws/install/two_wheeled_robot/share/two_wheeled_robot/models/aws_robomaker_hospital_curtain_half_open_01/meshes/aws_robomaker_hospital_curtain_half_open_01_low_normal.png
[2.461s] -- Up-to-date symlink: /home/ssfa/ros2_ws/install/two_wheeled_robot/share/two_wheeled_robot/models/aws_robomaker_hospital_curtain_half_open_01/meshes/aws_robomaker_hospital_curtain_half_open_01_visual.dae
[2.461s] -- Up-to-date symlink: /home/ssfa/ros2_ws/install/two_wheeled_robot/share/two_wheeled_robot/models/aws_robomaker_hospital_curtain_half_open_01/meshes/aws_robomaker_hospital_curtain_half_open_01_visual.png
[2.461s] -- Up-to-date symlink: /home/ssfa/ros2_ws/install/two_wheeled_robot/share/two_wheeled_robot/models/aws_robomaker_hospital_curtain_half_open_01/meshes/aws_robomaker_hospital_curtain_half_open_01_visual_normal.png
[2.461s] -- Up-to-date symlink: /home/ssfa/ros2_ws/install/two_wheeled_robot/share/two_wheeled_robot/models/aws_robomaker_hospital_curtain_half_open_01/meshes/aws_robomaker_hospital_curtainrail_01_low.png
[2.461s] -- Up-to-date symlink: /home/ssfa/ros2_ws/install/two_wheeled_robot/share/two_wheeled_robot/models/aws_robomaker_hospital_curtain_half_open_01/meshes/aws_robomaker_hospital_curtainrail_01_low_normal.png
[2.461s] -- Up-to-date symlink: /home/ssfa/ros2_ws/install/two_wheeled_robot/share/two_wheeled_robot/models/aws_robomaker_hospital_curtain_half_open_01/meshes/aws_robomaker_hospital_curtainrail_01_visual.png
[2.461s] -- Up-to-date symlink: /home/ssfa/ros2_ws/install/two_wheeled_robot/share/two_wheeled_robot/models/aws_robomaker_hospital_curtain_half_open_01/meshes/aws_robomaker_hospital_curtainrail_01_visual_normal.png
[2.461s] -- Up-to-date symlink: /home/ssfa/ros2_ws/install/two_wheeled_robot/share/two_wheeled_robot/models/aws_robomaker_hospital_curtain_half_open_01/model.config
[2.461s] -- Up-to-date symlink: /home/ssfa/ros2_ws/install/two_wheeled_robot/share/two_wheeled_robot/models/aws_robomaker_hospital_curtain_half_open_01/model.sdf
[2.461s] -- Up-to-date symlink: /home/ssfa/ros2_ws/install/two_wheeled_robot/share/two_wheeled_robot/models/aws_robomaker_hospital_curtain_open_01/meshes/aws_robomaker_hospital_curtain_open_01_collision.dae
[2.462s] -- Up-to-date symlink: /home/ssfa/ros2_ws/install/two_wheeled_robot/share/two_wheeled_robot/models/aws_robomaker_hospital_curtain_open_01/meshes/aws_robomaker_hospital_curtain_open_01_low.png
[2.462s] -- Up-to-date symlink: /home/ssfa/ros2_ws/install/two_wheeled_robot/share/two_wheeled_robot/models/aws_robomaker_hospital_curtain_open_01/meshes/aws_robomaker_hospital_curtain_open_01_low_normal.png
[2.462s] -- Up-to-date symlink: /home/ssfa/ros2_ws/install/two_wheeled_robot/share/two_wheeled_robot/models/aws_robomaker_hospital_curtain_open_01/meshes/aws_robomaker_hospital_curtain_open_01_visual.dae
[2.462s] -- Up-to-date symlink: /home/ssfa/ros2_ws/install/two_wheeled_robot/share/two_wheeled_robot/models/aws_robomaker_hospital_curtain_open_01/meshes/aws_robomaker_hospital_curtain_open_01_visual.png
[2.462s] -- Up-to-date symlink: /home/ssfa/ros2_ws/install/two_wheeled_robot/share/two_wheeled_robot/models/aws_robomaker_hospital_curtain_open_01/meshes/aws_robomaker_hospital_curtain_open_01_visual_normal.png
[2.462s] -- Up-to-date symlink: /home/ssfa/ros2_ws/install/two_wheeled_robot/share/two_wheeled_robot/models/aws_robomaker_hospital_curtain_open_01/meshes/aws_robomaker_hospital_curtainrail_01_low.png
[2.462s] -- Up-to-date symlink: /home/ssfa/ros2_ws/install/two_wheeled_robot/share/two_wheeled_robot/models/aws_robomaker_hospital_curtain_open_01/meshes/aws_robomaker_hospital_curtainrail_01_low_normal.png
[2.462s] -- Up-to-date symlink: /home/ssfa/ros2_ws/install/two_wheeled_robot/share/two_wheeled_robot/models/aws_robomaker_hospital_curtain_open_01/meshes/aws_robomaker_hospital_curtainrail_01_visual.png
[2.462s] -- Up-to-date symlink: /home/ssfa/ros2_ws/install/two_wheeled_robot/share/two_wheeled_robot/models/aws_robomaker_hospital_curtain_open_01/meshes/aws_robomaker_hospital_curtainrail_01_visual_normal.png
[2.462s] -- Up-to-date symlink: /home/ssfa/ros2_ws/install/two_wheeled_robot/share/two_wheeled_robot/models/aws_robomaker_hospital_curtain_open_01/model.config
[2.462s] -- Up-to-date symlink: /home/ssfa/ros2_ws/install/two_wheeled_robot/share/two_wheeled_robot/models/aws_robomaker_hospital_curtain_open_01/model.sdf
[2.462s] -- Up-to-date symlink: /home/ssfa/ros2_ws/install/two_wheeled_robot/share/two_wheeled_robot/models/aws_robomaker_hospital_elevator_01_car/meshes/aws_robomaker_hospital_elevator_01_car_collision.dae
[2.462s] -- Up-to-date symlink: /home/ssfa/ros2_ws/install/two_wheeled_robot/share/two_wheeled_robot/models/aws_robomaker_hospital_elevator_01_car/meshes/aws_robomaker_hospital_elevator_01_car_low.dae
[2.462s] -- Up-to-date symlink: /home/ssfa/ros2_ws/install/two_wheeled_robot/share/two_wheeled_robot/models/aws_robomaker_hospital_elevator_01_car/meshes/aws_robomaker_hospital_elevator_01_car_visual.dae
[2.462s] -- Up-to-date symlink: /home/ssfa/ros2_ws/install/two_wheeled_robot/share/two_wheeled_robot/models/aws_robomaker_hospital_elevator_01_car/meshes/aws_robomaker_hospital_elevator_01_low.png
[2.462s] -- Up-to-date symlink: /home/ssfa/ros2_ws/install/two_wheeled_robot/share/two_wheeled_robot/models/aws_robomaker_hospital_elevator_01_car/meshes/aws_robomaker_hospital_elevator_01_low_normal.png
[2.462s] -- Up-to-date symlink: /home/ssfa/ros2_ws/install/two_wheeled_robot/share/two_wheeled_robot/models/aws_robomaker_hospital_elevator_01_car/meshes/aws_robomaker_hospital_elevator_01_visual.png
[2.462s] -- Up-to-date symlink: /home/ssfa/ros2_ws/install/two_wheeled_robot/share/two_wheeled_robot/models/aws_robomaker_hospital_elevator_01_car/meshes/aws_robomaker_hospital_elevator_01_visual_normal.png
[2.462s] -- Up-to-date symlink: /home/ssfa/ros2_ws/install/two_wheeled_robot/share/two_wheeled_robot/models/aws_robomaker_hospital_elevator_01_car/model.config
[2.462s] -- Up-to-date symlink: /home/ssfa/ros2_ws/install/two_wheeled_robot/share/two_wheeled_robot/models/aws_robomaker_hospital_elevator_01_car/model.sdf
[2.462s] -- Up-to-date symlink: /home/ssfa/ros2_ws/install/two_wheeled_robot/share/two_wheeled_robot/models/aws_robomaker_hospital_elevator_01_door/meshes/aws_robomaker_hospital_elevator_01_door_collision.dae
[2.462s] -- Up-to-date symlink: /home/ssfa/ros2_ws/install/two_wheeled_robot/share/two_wheeled_robot/models/aws_robomaker_hospital_elevator_01_door/meshes/aws_robomaker_hospital_elevator_01_door_low.dae
[2.462s] -- Up-to-date symlink: /home/ssfa/ros2_ws/install/two_wheeled_robot/share/two_wheeled_robot/models/aws_robomaker_hospital_elevator_01_door/meshes/aws_robomaker_hospital_elevator_01_door_visual.dae
[2.462s] -- Up-to-date symlink: /home/ssfa/ros2_ws/install/two_wheeled_robot/share/two_wheeled_robot/models/aws_robomaker_hospital_elevator_01_door/meshes/aws_robomaker_hospital_elevator_01_low.png
[2.462s] -- Up-to-date symlink: /home/ssfa/ros2_ws/install/two_wheeled_robot/share/two_wheeled_robot/models/aws_robomaker_hospital_elevator_01_door/meshes/aws_robomaker_hospital_elevator_01_low_normal.png
[2.462s] -- Up-to-date symlink: /home/ssfa/ros2_ws/install/two_wheeled_robot/share/two_wheeled_robot/models/aws_robomaker_hospital_elevator_01_door/meshes/aws_robomaker_hospital_elevator_01_visual.png
[2.462s] -- Up-to-date symlink: /home/ssfa/ros2_ws/install/two_wheeled_robot/share/two_wheeled_robot/models/aws_robomaker_hospital_elevator_01_door/meshes/aws_robomaker_hospital_elevator_01_visual_normal.png
[2.462s] -- Up-to-date symlink: /home/ssfa/ros2_ws/install/two_wheeled_robot/share/two_wheeled_robot/models/aws_robomaker_hospital_elevator_01_door/model.config
[2.462s] -- Up-to-date symlink: /home/ssfa/ros2_ws/install/two_wheeled_robot/share/two_wheeled_robot/models/aws_robomaker_hospital_elevator_01_door/model.sdf
[2.462s] -- Up-to-date symlink: /home/ssfa/ros2_ws/install/two_wheeled_robot/share/two_wheeled_robot/models/aws_robomaker_hospital_elevator_01_portal/meshes/aws_robomaker_hospital_elevator_01_low.png
[2.462s] -- Up-to-date symlink: /home/ssfa/ros2_ws/install/two_wheeled_robot/share/two_wheeled_robot/models/aws_robomaker_hospital_elevator_01_portal/meshes/aws_robomaker_hospital_elevator_01_low_normal.png
[2.463s] -- Up-to-date symlink: /home/ssfa/ros2_ws/install/two_wheeled_robot/share/two_wheeled_robot/models/aws_robomaker_hospital_elevator_01_portal/meshes/aws_robomaker_hospital_elevator_01_portal_collision.dae
[2.463s] -- Up-to-date symlink: /home/ssfa/ros2_ws/install/two_wheeled_robot/share/two_wheeled_robot/models/aws_robomaker_hospital_elevator_01_portal/meshes/aws_robomaker_hospital_elevator_01_portal_low.dae
[2.463s] -- Up-to-date symlink: /home/ssfa/ros2_ws/install/two_wheeled_robot/share/two_wheeled_robot/models/aws_robomaker_hospital_elevator_01_portal/meshes/aws_robomaker_hospital_elevator_01_portal_visual.dae
[2.463s] -- Up-to-date symlink: /home/ssfa/ros2_ws/install/two_wheeled_robot/share/two_wheeled_robot/models/aws_robomaker_hospital_elevator_01_portal/meshes/aws_robomaker_hospital_elevator_01_visual.png
[2.463s] -- Up-to-date symlink: /home/ssfa/ros2_ws/install/two_wheeled_robot/share/two_wheeled_robot/models/aws_robomaker_hospital_elevator_01_portal/meshes/aws_robomaker_hospital_elevator_01_visual_normal.png
[2.463s] -- Up-to-date symlink: /home/ssfa/ros2_ws/install/two_wheeled_robot/share/two_wheeled_robot/models/aws_robomaker_hospital_elevator_01_portal/model.config
[2.463s] -- Up-to-date symlink: /home/ssfa/ros2_ws/install/two_wheeled_robot/share/two_wheeled_robot/models/aws_robomaker_hospital_elevator_01_portal/model.sdf
[2.463s] -- Up-to-date symlink: /home/ssfa/ros2_ws/install/two_wheeled_robot/share/two_wheeled_robot/models/aws_robomaker_hospital_floor_01_ceiling/meshes/aws_robomaker_hospital_floor_01_ceiling.png
[2.463s] -- Up-to-date symlink: /home/ssfa/ros2_ws/install/two_wheeled_robot/share/two_wheeled_robot/models/aws_robomaker_hospital_floor_01_ceiling/meshes/aws_robomaker_hospital_floor_01_ceiling_collision.dae
[2.463s] -- Up-to-date symlink: /home/ssfa/ros2_ws/install/two_wheeled_robot/share/two_wheeled_robot/models/aws_robomaker_hospital_floor_01_ceiling/meshes/aws_robomaker_hospital_floor_01_ceiling_normal.png
[2.463s] -- Up-to-date symlink: /home/ssfa/ros2_ws/install/two_wheeled_robot/share/two_wheeled_robot/models/aws_robomaker_hospital_floor_01_ceiling/meshes/aws_robomaker_hospital_floor_01_ceiling_visual.dae
[2.463s] -- Up-to-date symlink: /home/ssfa/ros2_ws/install/two_wheeled_robot/share/two_wheeled_robot/models/aws_robomaker_hospital_floor_01_ceiling/model.config
[2.463s] -- Up-to-date symlink: /home/ssfa/ros2_ws/install/two_wheeled_robot/share/two_wheeled_robot/models/aws_robomaker_hospital_floor_01_ceiling/model.sdf
[2.463s] -- Up-to-date symlink: /home/ssfa/ros2_ws/install/two_wheeled_robot/share/two_wheeled_robot/models/aws_robomaker_hospital_floor_01_floor/meshes/aws_robomaker_hospital_floor_01_floor.png
[2.463s] -- Up-to-date symlink: /home/ssfa/ros2_ws/install/two_wheeled_robot/share/two_wheeled_robot/models/aws_robomaker_hospital_floor_01_floor/meshes/aws_robomaker_hospital_floor_01_floor_collision.dae
[2.463s] -- Up-to-date symlink: /home/ssfa/ros2_ws/install/two_wheeled_robot/share/two_wheeled_robot/models/aws_robomaker_hospital_floor_01_floor/meshes/aws_robomaker_hospital_floor_01_floor_normal.png
[2.463s] -- Up-to-date symlink: /home/ssfa/ros2_ws/install/two_wheeled_robot/share/two_wheeled_robot/models/aws_robomaker_hospital_floor_01_floor/meshes/aws_robomaker_hospital_floor_01_floor_visual.dae
[2.463s] -- Up-to-date symlink: /home/ssfa/ros2_ws/install/two_wheeled_robot/share/two_wheeled_robot/models/aws_robomaker_hospital_floor_01_floor/model.config
[2.463s] -- Up-to-date symlink: /home/ssfa/ros2_ws/install/two_wheeled_robot/share/two_wheeled_robot/models/aws_robomaker_hospital_floor_01_floor/model.sdf
[2.463s] -- Up-to-date symlink: /home/ssfa/ros2_ws/install/two_wheeled_robot/share/two_wheeled_robot/models/aws_robomaker_hospital_floor_01_walls/meshes/aws_robomaker_hospital_floor_01_bumprail.png
[2.463s] -- Up-to-date symlink: /home/ssfa/ros2_ws/install/two_wheeled_robot/share/two_wheeled_robot/models/aws_robomaker_hospital_floor_01_walls/meshes/aws_robomaker_hospital_floor_01_doorframes_big.png
[2.463s] -- Up-to-date symlink: /home/ssfa/ros2_ws/install/two_wheeled_robot/share/two_wheeled_robot/models/aws_robomaker_hospital_floor_01_walls/meshes/aws_robomaker_hospital_floor_01_doorframes_small.png
[2.463s] -- Up-to-date symlink: /home/ssfa/ros2_ws/install/two_wheeled_robot/share/two_wheeled_robot/models/aws_robomaker_hospital_floor_01_walls/meshes/aws_robomaker_hospital_floor_01_doorsign.png
[2.463s] -- Up-to-date symlink: /home/ssfa/ros2_ws/install/two_wheeled_robot/share/two_wheeled_robot/models/aws_robomaker_hospital_floor_01_walls/meshes/aws_robomaker_hospital_floor_01_handrail.png
[2.463s] -- Up-to-date symlink: /home/ssfa/ros2_ws/install/two_wheeled_robot/share/two_wheeled_robot/models/aws_robomaker_hospital_floor_01_walls/meshes/aws_robomaker_hospital_floor_01_stairs.png
[2.464s] -- Up-to-date symlink: /home/ssfa/ros2_ws/install/two_wheeled_robot/share/two_wheeled_robot/models/aws_robomaker_hospital_floor_01_walls/meshes/aws_robomaker_hospital_floor_01_walls.png
[2.464s] -- Up-to-date symlink: /home/ssfa/ros2_ws/install/two_wheeled_robot/share/two_wheeled_robot/models/aws_robomaker_hospital_floor_01_walls/meshes/aws_robomaker_hospital_floor_01_walls_collision.dae
[2.464s] -- Up-to-date symlink: /home/ssfa/ros2_ws/install/two_wheeled_robot/share/two_wheeled_robot/models/aws_robomaker_hospital_floor_01_walls/meshes/aws_robomaker_hospital_floor_01_walls_visual.dae
[2.464s] -- Up-to-date symlink: /home/ssfa/ros2_ws/install/two_wheeled_robot/share/two_wheeled_robot/models/aws_robomaker_hospital_floor_01_walls/meshes/aws_robomaker_hospital_floor_01_windows.png
[2.464s] -- Up-to-date symlink: /home/ssfa/ros2_ws/install/two_wheeled_robot/share/two_wheeled_robot/models/aws_robomaker_hospital_floor_01_walls/model.config
[2.464s] -- Up-to-date symlink: /home/ssfa/ros2_ws/install/two_wheeled_robot/share/two_wheeled_robot/models/aws_robomaker_hospital_floor_01_walls/model.sdf
[2.464s] -- Up-to-date symlink: /home/ssfa/ros2_ws/install/two_wheeled_robot/share/two_wheeled_robot/models/aws_robomaker_hospital_floor_02_ceiling/materials/model.sdf
[2.464s] -- Up-to-date symlink: /home/ssfa/ros2_ws/install/two_wheeled_robot/share/two_wheeled_robot/models/aws_robomaker_hospital_floor_02_ceiling/meshes/aws_robomaker_hospital_floor_02_ceiling.png
[2.464s] -- Up-to-date symlink: /home/ssfa/ros2_ws/install/two_wheeled_robot/share/two_wheeled_robot/models/aws_robomaker_hospital_floor_02_ceiling/meshes/aws_robomaker_hospital_floor_02_ceiling_collision.dae
[2.464s] -- Up-to-date symlink: /home/ssfa/ros2_ws/install/two_wheeled_robot/share/two_wheeled_robot/models/aws_robomaker_hospital_floor_02_ceiling/meshes/aws_robomaker_hospital_floor_02_ceiling_normal.png
[2.464s] -- Up-to-date symlink: /home/ssfa/ros2_ws/install/two_wheeled_robot/share/two_wheeled_robot/models/aws_robomaker_hospital_floor_02_ceiling/meshes/aws_robomaker_hospital_floor_02_ceiling_visual.dae
[2.464s] -- Up-to-date symlink: /home/ssfa/ros2_ws/install/two_wheeled_robot/share/two_wheeled_robot/models/aws_robomaker_hospital_floor_02_ceiling/model.config
[2.465s] -- Up-to-date symlink: /home/ssfa/ros2_ws/install/two_wheeled_robot/share/two_wheeled_robot/models/aws_robomaker_hospital_floor_02_ceiling/model.sdf
[2.465s] -- Up-to-date symlink: /home/ssfa/ros2_ws/install/two_wheeled_robot/share/two_wheeled_robot/models/aws_robomaker_hospital_floor_02_floor/meshes/aws_robomaker_hospital_floor_02_floor.png
[2.465s] -- Up-to-date symlink: /home/ssfa/ros2_ws/install/two_wheeled_robot/share/two_wheeled_robot/models/aws_robomaker_hospital_floor_02_floor/meshes/aws_robomaker_hospital_floor_02_floor_collision.dae
[2.465s] -- Up-to-date symlink: /home/ssfa/ros2_ws/install/two_wheeled_robot/share/two_wheeled_robot/models/aws_robomaker_hospital_floor_02_floor/meshes/aws_robomaker_hospital_floor_02_floor_normal.png
[2.465s] -- Up-to-date symlink: /home/ssfa/ros2_ws/install/two_wheeled_robot/share/two_wheeled_robot/models/aws_robomaker_hospital_floor_02_floor/meshes/aws_robomaker_hospital_floor_02_floor_visual.dae
[2.465s] -- Up-to-date symlink: /home/ssfa/ros2_ws/install/two_wheeled_robot/share/two_wheeled_robot/models/aws_robomaker_hospital_floor_02_floor/model.config
[2.465s] -- Up-to-date symlink: /home/ssfa/ros2_ws/install/two_wheeled_robot/share/two_wheeled_robot/models/aws_robomaker_hospital_floor_02_floor/model.sdf
[2.465s] -- Up-to-date symlink: /home/ssfa/ros2_ws/install/two_wheeled_robot/share/two_wheeled_robot/models/aws_robomaker_hospital_floor_02_walls/meshes/aws_robomaker_hospital_floor_02_bumprail.png
[2.465s] -- Up-to-date symlink: /home/ssfa/ros2_ws/install/two_wheeled_robot/share/two_wheeled_robot/models/aws_robomaker_hospital_floor_02_walls/meshes/aws_robomaker_hospital_floor_02_doorframes_big.png
[2.465s] -- Up-to-date symlink: /home/ssfa/ros2_ws/install/two_wheeled_robot/share/two_wheeled_robot/models/aws_robomaker_hospital_floor_02_walls/meshes/aws_robomaker_hospital_floor_02_doorframes_small.png
[2.465s] -- Up-to-date symlink: /home/ssfa/ros2_ws/install/two_wheeled_robot/share/two_wheeled_robot/models/aws_robomaker_hospital_floor_02_walls/meshes/aws_robomaker_hospital_floor_02_doorsign.png
[2.465s] -- Up-to-date symlink: /home/ssfa/ros2_ws/install/two_wheeled_robot/share/two_wheeled_robot/models/aws_robomaker_hospital_floor_02_walls/meshes/aws_robomaker_hospital_floor_02_handrail.png
[2.465s] -- Up-to-date symlink: /home/ssfa/ros2_ws/install/two_wheeled_robot/share/two_wheeled_robot/models/aws_robomaker_hospital_floor_02_walls/meshes/aws_robomaker_hospital_floor_02_stairs.png
[2.466s] -- Up-to-date symlink: /home/ssfa/ros2_ws/install/two_wheeled_robot/share/two_wheeled_robot/models/aws_robomaker_hospital_floor_02_walls/meshes/aws_robomaker_hospital_floor_02_walls.png
[2.466s] -- Up-to-date symlink: /home/ssfa/ros2_ws/install/two_wheeled_robot/share/two_wheeled_robot/models/aws_robomaker_hospital_floor_02_walls/meshes/aws_robomaker_hospital_floor_02_walls_collision.dae
[2.466s] -- Up-to-date symlink: /home/ssfa/ros2_ws/install/two_wheeled_robot/share/two_wheeled_robot/models/aws_robomaker_hospital_floor_02_walls/meshes/aws_robomaker_hospital_floor_02_walls_visual.dae
[2.466s] -- Up-to-date symlink: /home/ssfa/ros2_ws/install/two_wheeled_robot/share/two_wheeled_robot/models/aws_robomaker_hospital_floor_02_walls/meshes/aws_robomaker_hospital_floor_02_windows.png
[2.466s] -- Up-to-date symlink: /home/ssfa/ros2_ws/install/two_wheeled_robot/share/two_wheeled_robot/models/aws_robomaker_hospital_floor_02_walls/model.config
[2.466s] -- Up-to-date symlink: /home/ssfa/ros2_ws/install/two_wheeled_robot/share/two_wheeled_robot/models/aws_robomaker_hospital_floor_02_walls/model.sdf
[2.466s] -- Up-to-date symlink: /home/ssfa/ros2_ws/install/two_wheeled_robot/share/two_wheeled_robot/models/aws_robomaker_hospital_hospitalsign_01/meshes/aws_robomaker_hospital_hospitalsign_01.png
[2.466s] -- Up-to-date symlink: /home/ssfa/ros2_ws/install/two_wheeled_robot/share/two_wheeled_robot/models/aws_robomaker_hospital_hospitalsign_01/meshes/aws_robomaker_hospital_hospitalsign_01_collision.dae
[2.466s] -- Up-to-date symlink: /home/ssfa/ros2_ws/install/two_wheeled_robot/share/two_wheeled_robot/models/aws_robomaker_hospital_hospitalsign_01/meshes/aws_robomaker_hospital_hospitalsign_01_normal.png
[2.466s] -- Up-to-date symlink: /home/ssfa/ros2_ws/install/two_wheeled_robot/share/two_wheeled_robot/models/aws_robomaker_hospital_hospitalsign_01/meshes/aws_robomaker_hospital_hospitalsign_01_visual.dae
[2.466s] -- Up-to-date symlink: /home/ssfa/ros2_ws/install/two_wheeled_robot/share/two_wheeled_robot/models/aws_robomaker_hospital_hospitalsign_01/model.config
[2.466s] -- Up-to-date symlink: /home/ssfa/ros2_ws/install/two_wheeled_robot/share/two_wheeled_robot/models/aws_robomaker_hospital_hospitalsign_01/model.sdf
[2.466s] -- Up-to-date symlink: /home/ssfa/ros2_ws/install/two_wheeled_robot/share/two_wheeled_robot/models/aws_robomaker_hospital_nursesstation_01/meshes/aws_robomaker_hospital_nursesstation_01_collision.dae
[2.466s] -- Up-to-date symlink: /home/ssfa/ros2_ws/install/two_wheeled_robot/share/two_wheeled_robot/models/aws_robomaker_hospital_nursesstation_01/meshes/aws_robomaker_hospital_nursesstation_01_low.dae
[2.466s] -- Up-to-date symlink: /home/ssfa/ros2_ws/install/two_wheeled_robot/share/two_wheeled_robot/models/aws_robomaker_hospital_nursesstation_01/meshes/aws_robomaker_hospital_nursesstation_01_low.png
[2.466s] -- Up-to-date symlink: /home/ssfa/ros2_ws/install/two_wheeled_robot/share/two_wheeled_robot/models/aws_robomaker_hospital_nursesstation_01/meshes/aws_robomaker_hospital_nursesstation_01_low_normal.png
[2.466s] -- Up-to-date symlink: /home/ssfa/ros2_ws/install/two_wheeled_robot/share/two_wheeled_robot/models/aws_robomaker_hospital_nursesstation_01/meshes/aws_robomaker_hospital_nursesstation_01_visual.dae
[2.466s] -- Up-to-date symlink: /home/ssfa/ros2_ws/install/two_wheeled_robot/share/two_wheeled_robot/models/aws_robomaker_hospital_nursesstation_01/meshes/aws_robomaker_hospital_nursesstation_01_visual.png
[2.466s] -- Up-to-date symlink: /home/ssfa/ros2_ws/install/two_wheeled_robot/share/two_wheeled_robot/models/aws_robomaker_hospital_nursesstation_01/meshes/aws_robomaker_hospital_nursesstation_01_visual_normal.png
[2.466s] -- Up-to-date symlink: /home/ssfa/ros2_ws/install/two_wheeled_robot/share/two_wheeled_robot/models/aws_robomaker_hospital_nursesstation_01/model.config
[2.467s] -- Up-to-date symlink: /home/ssfa/ros2_ws/install/two_wheeled_robot/share/two_wheeled_robot/models/aws_robomaker_hospital_nursesstation_01/model.sdf
[2.467s] -- Up-to-date symlink: /home/ssfa/ros2_ws/install/two_wheeled_robot/share/two_wheeled_robot/models/aws_robomaker_hospital_ramp_01/meshes/aws_robomaker_hospital_ramp_01.png
[2.467s] -- Up-to-date symlink: /home/ssfa/ros2_ws/install/two_wheeled_robot/share/two_wheeled_robot/models/aws_robomaker_hospital_ramp_01/meshes/aws_robomaker_hospital_ramp_01_collision.dae
[2.467s] -- Up-to-date symlink: /home/ssfa/ros2_ws/install/two_wheeled_robot/share/two_wheeled_robot/models/aws_robomaker_hospital_ramp_01/meshes/aws_robomaker_hospital_ramp_01_normal.png
[2.467s] -- Up-to-date symlink: /home/ssfa/ros2_ws/install/two_wheeled_robot/share/two_wheeled_robot/models/aws_robomaker_hospital_ramp_01/meshes/aws_robomaker_hospital_ramp_01_visual.dae
[2.467s] -- Up-to-date symlink: /home/ssfa/ros2_ws/install/two_wheeled_robot/share/two_wheeled_robot/models/aws_robomaker_hospital_ramp_01/model.config
[2.467s] -- Up-to-date symlink: /home/ssfa/ros2_ws/install/two_wheeled_robot/share/two_wheeled_robot/models/aws_robomaker_hospital_ramp_01/model.sdf
[2.467s] -- Up-to-date symlink: /home/ssfa/ros2_ws/install/two_wheeled_robot/share/two_wheeled_robot/models/aws_robomaker_residential_AirconditionerA_01/materials/textures/aws_AirconditionerA_01.png
[2.467s] -- Up-to-date symlink: /home/ssfa/ros2_ws/install/two_wheeled_robot/share/two_wheeled_robot/models/aws_robomaker_residential_AirconditionerA_01/meshes/aws_AirconditionerA_01_collision.DAE
[2.467s] -- Up-to-date symlink: /home/ssfa/ros2_ws/install/two_wheeled_robot/share/two_wheeled_robot/models/aws_robomaker_residential_AirconditionerA_01/meshes/aws_AirconditionerA_01_visual.DAE
[2.467s] -- Up-to-date symlink: /home/ssfa/ros2_ws/install/two_wheeled_robot/share/two_wheeled_robot/models/aws_robomaker_residential_AirconditionerA_01/model.config
[2.467s] -- Up-to-date symlink: /home/ssfa/ros2_ws/install/two_wheeled_robot/share/two_wheeled_robot/models/aws_robomaker_residential_AirconditionerA_01/model.sdf
[2.467s] -- Up-to-date symlink: /home/ssfa/ros2_ws/install/two_wheeled_robot/share/two_wheeled_robot/models/aws_robomaker_residential_AirconditionerB_01/materials/textures/aws_AirconditionerB_01.png
[2.467s] -- Up-to-date symlink: /home/ssfa/ros2_ws/install/two_wheeled_robot/share/two_wheeled_robot/models/aws_robomaker_residential_AirconditionerB_01/meshes/aws_AirconditionerB_01_collision.DAE
[2.467s] -- Up-to-date symlink: /home/ssfa/ros2_ws/install/two_wheeled_robot/share/two_wheeled_robot/models/aws_robomaker_residential_AirconditionerB_01/meshes/aws_AirconditionerB_01_visual.DAE
[2.467s] -- Up-to-date symlink: /home/ssfa/ros2_ws/install/two_wheeled_robot/share/two_wheeled_robot/models/aws_robomaker_residential_AirconditionerB_01/model.config
[2.467s] -- Up-to-date symlink: /home/ssfa/ros2_ws/install/two_wheeled_robot/share/two_wheeled_robot/models/aws_robomaker_residential_AirconditionerB_01/model.sdf
[2.467s] -- Up-to-date symlink: /home/ssfa/ros2_ws/install/two_wheeled_robot/share/two_wheeled_robot/models/aws_robomaker_residential_BalconyTable_01/materials/textures/aws_BalconyTable_01.png
[2.467s] -- Up-to-date symlink: /home/ssfa/ros2_ws/install/two_wheeled_robot/share/two_wheeled_robot/models/aws_robomaker_residential_BalconyTable_01/meshes/aws_BalconyTable_01_collision.DAE
[2.467s] -- Up-to-date symlink: /home/ssfa/ros2_ws/install/two_wheeled_robot/share/two_wheeled_robot/models/aws_robomaker_residential_BalconyTable_01/meshes/aws_BalconyTable_01_visual.DAE
[2.467s] -- Up-to-date symlink: /home/ssfa/ros2_ws/install/two_wheeled_robot/share/two_wheeled_robot/models/aws_robomaker_residential_BalconyTable_01/model.config
[2.467s] -- Up-to-date symlink: /home/ssfa/ros2_ws/install/two_wheeled_robot/share/two_wheeled_robot/models/aws_robomaker_residential_BalconyTable_01/model.sdf
[2.467s] -- Up-to-date symlink: /home/ssfa/ros2_ws/install/two_wheeled_robot/share/two_wheeled_robot/models/aws_robomaker_residential_Ball_01/materials/textures/aws_Ball_01.png
[2.467s] -- Up-to-date symlink: /home/ssfa/ros2_ws/install/two_wheeled_robot/share/two_wheeled_robot/models/aws_robomaker_residential_Ball_01/meshes/aws_Ball_01_collision.DAE
[2.467s] -- Up-to-date symlink: /home/ssfa/ros2_ws/install/two_wheeled_robot/share/two_wheeled_robot/models/aws_robomaker_residential_Ball_01/meshes/aws_Ball_01_visual.DAE
[2.467s] -- Up-to-date symlink: /home/ssfa/ros2_ws/install/two_wheeled_robot/share/two_wheeled_robot/models/aws_robomaker_residential_Ball_01/model.config
[2.468s] -- Up-to-date symlink: /home/ssfa/ros2_ws/install/two_wheeled_robot/share/two_wheeled_robot/models/aws_robomaker_residential_Ball_01/model.sdf
[2.468s] -- Up-to-date symlink: /home/ssfa/ros2_ws/install/two_wheeled_robot/share/two_wheeled_robot/models/aws_robomaker_residential_Bed_01/materials/textures/aws_BedA_01.png
[2.468s] -- Up-to-date symlink: /home/ssfa/ros2_ws/install/two_wheeled_robot/share/two_wheeled_robot/models/aws_robomaker_residential_Bed_01/materials/textures/aws_BedB_01.png
[2.468s] -- Up-to-date symlink: /home/ssfa/ros2_ws/install/two_wheeled_robot/share/two_wheeled_robot/models/aws_robomaker_residential_Bed_01/materials/textures/aws_BedC_01.png
[2.468s] -- Up-to-date symlink: /home/ssfa/ros2_ws/install/two_wheeled_robot/share/two_wheeled_robot/models/aws_robomaker_residential_Bed_01/materials/textures/aws_Bed_01.png
[2.468s] -- Up-to-date symlink: /home/ssfa/ros2_ws/install/two_wheeled_robot/share/two_wheeled_robot/models/aws_robomaker_residential_Bed_01/meshes/aws_Bed_01_collision.DAE
[2.468s] -- Up-to-date symlink: /home/ssfa/ros2_ws/install/two_wheeled_robot/share/two_wheeled_robot/models/aws_robomaker_residential_Bed_01/meshes/aws_Bed_01_visual.DAE
[2.468s] -- Up-to-date symlink: /home/ssfa/ros2_ws/install/two_wheeled_robot/share/two_wheeled_robot/models/aws_robomaker_residential_Bed_01/model.config
[2.468s] -- Up-to-date symlink: /home/ssfa/ros2_ws/install/two_wheeled_robot/share/two_wheeled_robot/models/aws_robomaker_residential_Bed_01/model.sdf
[2.468s] -- Up-to-date symlink: /home/ssfa/ros2_ws/install/two_wheeled_robot/share/two_wheeled_robot/models/aws_robomaker_residential_Board_01/materials/textures/aws_Board_01.png
[2.468s] -- Up-to-date symlink: /home/ssfa/ros2_ws/install/two_wheeled_robot/share/two_wheeled_robot/models/aws_robomaker_residential_Board_01/meshes/aws_Board_01_collision.DAE
[2.468s] -- Up-to-date symlink: /home/ssfa/ros2_ws/install/two_wheeled_robot/share/two_wheeled_robot/models/aws_robomaker_residential_Board_01/meshes/aws_Board_01_visual.DAE
[2.468s] -- Up-to-date symlink: /home/ssfa/ros2_ws/install/two_wheeled_robot/share/two_wheeled_robot/models/aws_robomaker_residential_Board_01/model.config
[2.468s] -- Up-to-date symlink: /home/ssfa/ros2_ws/install/two_wheeled_robot/share/two_wheeled_robot/models/aws_robomaker_residential_Board_01/model.sdf
[2.468s] -- Up-to-date symlink: /home/ssfa/ros2_ws/install/two_wheeled_robot/share/two_wheeled_robot/models/aws_robomaker_residential_Carpet_01/materials/textures/aws_Carpet_01.png
[2.468s] -- Up-to-date symlink: /home/ssfa/ros2_ws/install/two_wheeled_robot/share/two_wheeled_robot/models/aws_robomaker_residential_Carpet_01/meshes/aws_Carpet_01_collision.DAE
[2.468s] -- Up-to-date symlink: /home/ssfa/ros2_ws/install/two_wheeled_robot/share/two_wheeled_robot/models/aws_robomaker_residential_Carpet_01/meshes/aws_Carpet_01_visual.DAE
[2.468s] -- Up-to-date symlink: /home/ssfa/ros2_ws/install/two_wheeled_robot/share/two_wheeled_robot/models/aws_robomaker_residential_Carpet_01/model.config
[2.468s] -- Up-to-date symlink: /home/ssfa/ros2_ws/install/two_wheeled_robot/share/two_wheeled_robot/models/aws_robomaker_residential_Carpet_01/model.sdf
[2.468s] -- Up-to-date symlink: /home/ssfa/ros2_ws/install/two_wheeled_robot/share/two_wheeled_robot/models/aws_robomaker_residential_ChairA_01/materials/textures/aws_ChairA_01.png
[2.468s] -- Up-to-date symlink: /home/ssfa/ros2_ws/install/two_wheeled_robot/share/two_wheeled_robot/models/aws_robomaker_residential_ChairA_01/meshes/aws_ChairA_01_collision.DAE
[2.468s] -- Up-to-date symlink: /home/ssfa/ros2_ws/install/two_wheeled_robot/share/two_wheeled_robot/models/aws_robomaker_residential_ChairA_01/meshes/aws_ChairA_01_visual.DAE
[2.468s] -- Up-to-date symlink: /home/ssfa/ros2_ws/install/two_wheeled_robot/share/two_wheeled_robot/models/aws_robomaker_residential_ChairA_01/model.config
[2.468s] -- Up-to-date symlink: /home/ssfa/ros2_ws/install/two_wheeled_robot/share/two_wheeled_robot/models/aws_robomaker_residential_ChairA_01/model.sdf
[2.468s] -- Up-to-date symlink: /home/ssfa/ros2_ws/install/two_wheeled_robot/share/two_wheeled_robot/models/aws_robomaker_residential_ChairD_01/materials/textures/aws_ChairD_01.png
[2.468s] -- Up-to-date symlink: /home/ssfa/ros2_ws/install/two_wheeled_robot/share/two_wheeled_robot/models/aws_robomaker_residential_ChairD_01/meshes/aws_ChairD_01_collision.DAE
[2.468s] -- Up-to-date symlink: /home/ssfa/ros2_ws/install/two_wheeled_robot/share/two_wheeled_robot/models/aws_robomaker_residential_ChairD_01/meshes/aws_ChairD_01_visual.DAE
[2.469s] -- Up-to-date symlink: /home/ssfa/ros2_ws/install/two_wheeled_robot/share/two_wheeled_robot/models/aws_robomaker_residential_ChairD_01/model.config
[2.469s] -- Up-to-date symlink: /home/ssfa/ros2_ws/install/two_wheeled_robot/share/two_wheeled_robot/models/aws_robomaker_residential_ChairD_01/model.sdf
[2.469s] -- Up-to-date symlink: /home/ssfa/ros2_ws/install/two_wheeled_robot/share/two_wheeled_robot/models/aws_robomaker_residential_Chandelier_01/materials/textures/aws_Chandelier_01.png
[2.469s] -- Up-to-date symlink: /home/ssfa/ros2_ws/install/two_wheeled_robot/share/two_wheeled_robot/models/aws_robomaker_residential_Chandelier_01/meshes/aws_Chandelier_01.DAE
[2.469s] -- Up-to-date symlink: /home/ssfa/ros2_ws/install/two_wheeled_robot/share/two_wheeled_robot/models/aws_robomaker_residential_Chandelier_01/meshes/aws_Chandelier_01_collision.DAE
[2.469s] -- Up-to-date symlink: /home/ssfa/ros2_ws/install/two_wheeled_robot/share/two_wheeled_robot/models/aws_robomaker_residential_Chandelier_01/meshes/aws_Chandelier_01_visual.DAE
[2.469s] -- Up-to-date symlink: /home/ssfa/ros2_ws/install/two_wheeled_robot/share/two_wheeled_robot/models/aws_robomaker_residential_Chandelier_01/model.config
[2.469s] -- Up-to-date symlink: /home/ssfa/ros2_ws/install/two_wheeled_robot/share/two_wheeled_robot/models/aws_robomaker_residential_Chandelier_01/model.sdf
[2.469s] -- Up-to-date symlink: /home/ssfa/ros2_ws/install/two_wheeled_robot/share/two_wheeled_robot/models/aws_robomaker_residential_CoffeeTable_01/materials/textures/aws_CoffeeTable_01.png
[2.469s] -- Up-to-date symlink: /home/ssfa/ros2_ws/install/two_wheeled_robot/share/two_wheeled_robot/models/aws_robomaker_residential_CoffeeTable_01/meshes/aws_CoffeeTable_01_collision.DAE
[2.469s] -- Up-to-date symlink: /home/ssfa/ros2_ws/install/two_wheeled_robot/share/two_wheeled_robot/models/aws_robomaker_residential_CoffeeTable_01/meshes/aws_CoffeeTable_01_visual.DAE
[2.469s] -- Up-to-date symlink: /home/ssfa/ros2_ws/install/two_wheeled_robot/share/two_wheeled_robot/models/aws_robomaker_residential_CoffeeTable_01/model.config
[2.469s] -- Up-to-date symlink: /home/ssfa/ros2_ws/install/two_wheeled_robot/share/two_wheeled_robot/models/aws_robomaker_residential_CoffeeTable_01/model.sdf
[2.469s] -- Up-to-date symlink: /home/ssfa/ros2_ws/install/two_wheeled_robot/share/two_wheeled_robot/models/aws_robomaker_residential_CookingBench_01/materials/textures/aws_CookingBench_01.png
[2.469s] -- Up-to-date symlink: /home/ssfa/ros2_ws/install/two_wheeled_robot/share/two_wheeled_robot/models/aws_robomaker_residential_CookingBench_01/meshes/aws_CookingBench_01.DAE
[2.469s] -- Up-to-date symlink: /home/ssfa/ros2_ws/install/two_wheeled_robot/share/two_wheeled_robot/models/aws_robomaker_residential_CookingBench_01/meshes/aws_CookingBench_01_collision.DAE
[2.469s] -- Up-to-date symlink: /home/ssfa/ros2_ws/install/two_wheeled_robot/share/two_wheeled_robot/models/aws_robomaker_residential_CookingBench_01/meshes/aws_CookingBench_01_visual.DAE
[2.469s] -- Up-to-date symlink: /home/ssfa/ros2_ws/install/two_wheeled_robot/share/two_wheeled_robot/models/aws_robomaker_residential_CookingBench_01/model.config
[2.469s] -- Up-to-date symlink: /home/ssfa/ros2_ws/install/two_wheeled_robot/share/two_wheeled_robot/models/aws_robomaker_residential_CookingBench_01/model.sdf
[2.469s] -- Up-to-date symlink: /home/ssfa/ros2_ws/install/two_wheeled_robot/share/two_wheeled_robot/models/aws_robomaker_residential_Curtain_01/materials/textures/aws_Curtain_01.png
[2.469s] -- Up-to-date symlink: /home/ssfa/ros2_ws/install/two_wheeled_robot/share/two_wheeled_robot/models/aws_robomaker_residential_Curtain_01/meshes/aws_Curtain_01_collision.DAE
[2.469s] -- Up-to-date symlink: /home/ssfa/ros2_ws/install/two_wheeled_robot/share/two_wheeled_robot/models/aws_robomaker_residential_Curtain_01/meshes/aws_Curtain_01_visual.DAE
[2.469s] -- Up-to-date symlink: /home/ssfa/ros2_ws/install/two_wheeled_robot/share/two_wheeled_robot/models/aws_robomaker_residential_Curtain_01/model.config
[2.469s] -- Up-to-date symlink: /home/ssfa/ros2_ws/install/two_wheeled_robot/share/two_wheeled_robot/models/aws_robomaker_residential_Curtain_01/model.sdf
[2.469s] -- Up-to-date symlink: /home/ssfa/ros2_ws/install/two_wheeled_robot/share/two_wheeled_robot/models/aws_robomaker_residential_DeskPortraitA_01/materials/textures/DeskPortraitA_01.jpg
[2.469s] -- Up-to-date symlink: /home/ssfa/ros2_ws/install/two_wheeled_robot/share/two_wheeled_robot/models/aws_robomaker_residential_DeskPortraitA_01/materials/textures/aws_DeskPortraitA_01.png
[2.469s] -- Up-to-date symlink: /home/ssfa/ros2_ws/install/two_wheeled_robot/share/two_wheeled_robot/models/aws_robomaker_residential_DeskPortraitA_01/materials/textures/aws_DeskPortraitA_02.png
[2.470s] -- Up-to-date symlink: /home/ssfa/ros2_ws/install/two_wheeled_robot/share/two_wheeled_robot/models/aws_robomaker_residential_DeskPortraitA_01/meshes/aws_DeskPortraitA_01_collision.DAE
[2.470s] -- Up-to-date symlink: /home/ssfa/ros2_ws/install/two_wheeled_robot/share/two_wheeled_robot/models/aws_robomaker_residential_DeskPortraitA_01/meshes/aws_DeskPortraitA_01_visual.DAE
[2.470s] -- Up-to-date symlink: /home/ssfa/ros2_ws/install/two_wheeled_robot/share/two_wheeled_robot/models/aws_robomaker_residential_DeskPortraitA_01/model.config
[2.470s] -- Up-to-date symlink: /home/ssfa/ros2_ws/install/two_wheeled_robot/share/two_wheeled_robot/models/aws_robomaker_residential_DeskPortraitA_01/model.sdf
[2.470s] -- Up-to-date symlink: /home/ssfa/ros2_ws/install/two_wheeled_robot/share/two_wheeled_robot/models/aws_robomaker_residential_DeskPortraitA_02/materials/textures/DeskPortraitA_02.jpg
[2.470s] -- Up-to-date symlink: /home/ssfa/ros2_ws/install/two_wheeled_robot/share/two_wheeled_robot/models/aws_robomaker_residential_DeskPortraitA_02/materials/textures/aws_DeskPortraitA_01.png
[2.470s] -- Up-to-date symlink: /home/ssfa/ros2_ws/install/two_wheeled_robot/share/two_wheeled_robot/models/aws_robomaker_residential_DeskPortraitA_02/materials/textures/aws_DeskPortraitA_02.png
[2.470s] -- Up-to-date symlink: /home/ssfa/ros2_ws/install/two_wheeled_robot/share/two_wheeled_robot/models/aws_robomaker_residential_DeskPortraitA_02/meshes/aws_DeskPortraitA_01_collision.DAE
[2.470s] -- Up-to-date symlink: /home/ssfa/ros2_ws/install/two_wheeled_robot/share/two_wheeled_robot/models/aws_robomaker_residential_DeskPortraitA_02/meshes/aws_DeskPortraitA_01_visual.DAE
[2.470s] -- Up-to-date symlink: /home/ssfa/ros2_ws/install/two_wheeled_robot/share/two_wheeled_robot/models/aws_robomaker_residential_DeskPortraitA_02/model.config
[2.470s] -- Up-to-date symlink: /home/ssfa/ros2_ws/install/two_wheeled_robot/share/two_wheeled_robot/models/aws_robomaker_residential_DeskPortraitA_02/model.sdf
[2.470s] -- Up-to-date symlink: /home/ssfa/ros2_ws/install/two_wheeled_robot/share/two_wheeled_robot/models/aws_robomaker_residential_DeskPortraitB_01/materials/textures/DeskPortraitB_01.jpg
[2.470s] -- Up-to-date symlink: /home/ssfa/ros2_ws/install/two_wheeled_robot/share/two_wheeled_robot/models/aws_robomaker_residential_DeskPortraitB_01/materials/textures/aws_DeskPortraitB_01.png
[2.470s] -- Up-to-date symlink: /home/ssfa/ros2_ws/install/two_wheeled_robot/share/two_wheeled_robot/models/aws_robomaker_residential_DeskPortraitB_01/materials/textures/aws_DeskPortraitB_02.png
[2.470s] -- Up-to-date symlink: /home/ssfa/ros2_ws/install/two_wheeled_robot/share/two_wheeled_robot/models/aws_robomaker_residential_DeskPortraitB_01/meshes/aws_DeskPortraitB_01_collision.DAE
[2.470s] -- Up-to-date symlink: /home/ssfa/ros2_ws/install/two_wheeled_robot/share/two_wheeled_robot/models/aws_robomaker_residential_DeskPortraitB_01/meshes/aws_DeskPortraitB_01_visual.DAE
[2.470s] -- Up-to-date symlink: /home/ssfa/ros2_ws/install/two_wheeled_robot/share/two_wheeled_robot/models/aws_robomaker_residential_DeskPortraitB_01/model.config
[2.470s] -- Up-to-date symlink: /home/ssfa/ros2_ws/install/two_wheeled_robot/share/two_wheeled_robot/models/aws_robomaker_residential_DeskPortraitB_01/model.sdf
[2.470s] -- Up-to-date symlink: /home/ssfa/ros2_ws/install/two_wheeled_robot/share/two_wheeled_robot/models/aws_robomaker_residential_DeskPortraitB_02/materials/textures/DeskPortraitB_02.jpg
[2.470s] -- Up-to-date symlink: /home/ssfa/ros2_ws/install/two_wheeled_robot/share/two_wheeled_robot/models/aws_robomaker_residential_DeskPortraitB_02/materials/textures/aws_DeskPortraitB_01.png
[2.470s] -- Up-to-date symlink: /home/ssfa/ros2_ws/install/two_wheeled_robot/share/two_wheeled_robot/models/aws_robomaker_residential_DeskPortraitB_02/materials/textures/aws_DeskPortraitB_02.png
[2.470s] -- Up-to-date symlink: /home/ssfa/ros2_ws/install/two_wheeled_robot/share/two_wheeled_robot/models/aws_robomaker_residential_DeskPortraitB_02/meshes/aws_DeskPortraitB_01_collision.DAE
[2.470s] -- Up-to-date symlink: /home/ssfa/ros2_ws/install/two_wheeled_robot/share/two_wheeled_robot/models/aws_robomaker_residential_DeskPortraitB_02/meshes/aws_DeskPortraitB_01_visual.DAE
[2.470s] -- Up-to-date symlink: /home/ssfa/ros2_ws/install/two_wheeled_robot/share/two_wheeled_robot/models/aws_robomaker_residential_DeskPortraitB_02/model.config
[2.470s] -- Up-to-date symlink: /home/ssfa/ros2_ws/install/two_wheeled_robot/share/two_wheeled_robot/models/aws_robomaker_residential_DeskPortraitB_02/model.sdf
[2.470s] -- Up-to-date symlink: /home/ssfa/ros2_ws/install/two_wheeled_robot/share/two_wheeled_robot/models/aws_robomaker_residential_DeskPortraitC_01/materials/textures/DeskPortraitC_01.jpg
[2.470s] -- Up-to-date symlink: /home/ssfa/ros2_ws/install/two_wheeled_robot/share/two_wheeled_robot/models/aws_robomaker_residential_DeskPortraitC_01/materials/textures/aws_DeskPortraitC_01.png
[2.470s] -- Up-to-date symlink: /home/ssfa/ros2_ws/install/two_wheeled_robot/share/two_wheeled_robot/models/aws_robomaker_residential_DeskPortraitC_01/materials/textures/aws_DeskPortraitC_02.png
[2.471s] -- Up-to-date symlink: /home/ssfa/ros2_ws/install/two_wheeled_robot/share/two_wheeled_robot/models/aws_robomaker_residential_DeskPortraitC_01/meshes/aws_DeskPortraitC_01_collision.DAE
[2.471s] -- Up-to-date symlink: /home/ssfa/ros2_ws/install/two_wheeled_robot/share/two_wheeled_robot/models/aws_robomaker_residential_DeskPortraitC_01/meshes/aws_DeskPortraitC_01_visual.DAE
[2.471s] -- Up-to-date symlink: /home/ssfa/ros2_ws/install/two_wheeled_robot/share/two_wheeled_robot/models/aws_robomaker_residential_DeskPortraitC_01/model.config
[2.471s] -- Up-to-date symlink: /home/ssfa/ros2_ws/install/two_wheeled_robot/share/two_wheeled_robot/models/aws_robomaker_residential_DeskPortraitC_01/model.sdf
[2.471s] -- Up-to-date symlink: /home/ssfa/ros2_ws/install/two_wheeled_robot/share/two_wheeled_robot/models/aws_robomaker_residential_DeskPortraitC_02/materials/textures/DeskPortraitC_02.jpg
[2.471s] -- Up-to-date symlink: /home/ssfa/ros2_ws/install/two_wheeled_robot/share/two_wheeled_robot/models/aws_robomaker_residential_DeskPortraitC_02/materials/textures/aws_DeskPortraitC_01.png
[2.471s] -- Up-to-date symlink: /home/ssfa/ros2_ws/install/two_wheeled_robot/share/two_wheeled_robot/models/aws_robomaker_residential_DeskPortraitC_02/materials/textures/aws_DeskPortraitC_02.png
[2.471s] -- Up-to-date symlink: /home/ssfa/ros2_ws/install/two_wheeled_robot/share/two_wheeled_robot/models/aws_robomaker_residential_DeskPortraitC_02/meshes/aws_DeskPortraitC_01_collision.DAE
[2.471s] -- Up-to-date symlink: /home/ssfa/ros2_ws/install/two_wheeled_robot/share/two_wheeled_robot/models/aws_robomaker_residential_DeskPortraitC_02/meshes/aws_DeskPortraitC_01_visual.DAE
[2.471s] -- Up-to-date symlink: /home/ssfa/ros2_ws/install/two_wheeled_robot/share/two_wheeled_robot/models/aws_robomaker_residential_DeskPortraitC_02/model.config
[2.471s] -- Up-to-date symlink: /home/ssfa/ros2_ws/install/two_wheeled_robot/share/two_wheeled_robot/models/aws_robomaker_residential_DeskPortraitC_02/model.sdf
[2.471s] -- Up-to-date symlink: /home/ssfa/ros2_ws/install/two_wheeled_robot/share/two_wheeled_robot/models/aws_robomaker_residential_DeskPortraitD_01/materials/textures/DeskPortraitD_01.jpg
[2.471s] -- Up-to-date symlink: /home/ssfa/ros2_ws/install/two_wheeled_robot/share/two_wheeled_robot/models/aws_robomaker_residential_DeskPortraitD_01/materials/textures/aws_DeskPortraitD_01.png
[2.471s] -- Up-to-date symlink: /home/ssfa/ros2_ws/install/two_wheeled_robot/share/two_wheeled_robot/models/aws_robomaker_residential_DeskPortraitD_01/materials/textures/aws_DeskPortraitD_02.png
[2.471s] -- Up-to-date symlink: /home/ssfa/ros2_ws/install/two_wheeled_robot/share/two_wheeled_robot/models/aws_robomaker_residential_DeskPortraitD_01/meshes/aws_DeskPortraitD_01_collision.DAE
[2.471s] -- Up-to-date symlink: /home/ssfa/ros2_ws/install/two_wheeled_robot/share/two_wheeled_robot/models/aws_robomaker_residential_DeskPortraitD_01/meshes/aws_DeskPortraitD_01_visual.DAE
[2.471s] -- Up-to-date symlink: /home/ssfa/ros2_ws/install/two_wheeled_robot/share/two_wheeled_robot/models/aws_robomaker_residential_DeskPortraitD_01/model.config
[2.471s] -- Up-to-date symlink: /home/ssfa/ros2_ws/install/two_wheeled_robot/share/two_wheeled_robot/models/aws_robomaker_residential_DeskPortraitD_01/model.sdf
[2.471s] -- Up-to-date symlink: /home/ssfa/ros2_ws/install/two_wheeled_robot/share/two_wheeled_robot/models/aws_robomaker_residential_DeskPortraitD_02/materials/textures/DeskPortraitD_02.jpg
[2.471s] -- Up-to-date symlink: /home/ssfa/ros2_ws/install/two_wheeled_robot/share/two_wheeled_robot/models/aws_robomaker_residential_DeskPortraitD_02/materials/textures/aws_DeskPortraitD_01.png
[2.471s] -- Up-to-date symlink: /home/ssfa/ros2_ws/install/two_wheeled_robot/share/two_wheeled_robot/models/aws_robomaker_residential_DeskPortraitD_02/materials/textures/aws_DeskPortraitD_02.png
[2.471s] -- Up-to-date symlink: /home/ssfa/ros2_ws/install/two_wheeled_robot/share/two_wheeled_robot/models/aws_robomaker_residential_DeskPortraitD_02/meshes/aws_DeskPortraitD_01_collision.DAE
[2.471s] -- Up-to-date symlink: /home/ssfa/ros2_ws/install/two_wheeled_robot/share/two_wheeled_robot/models/aws_robomaker_residential_DeskPortraitD_02/meshes/aws_DeskPortraitD_01_visual.DAE
[2.471s] -- Up-to-date symlink: /home/ssfa/ros2_ws/install/two_wheeled_robot/share/two_wheeled_robot/models/aws_robomaker_residential_DeskPortraitD_02/model.config
[2.472s] -- Up-to-date symlink: /home/ssfa/ros2_ws/install/two_wheeled_robot/share/two_wheeled_robot/models/aws_robomaker_residential_DeskPortraitD_02/model.sdf
[2.472s] -- Up-to-date symlink: /home/ssfa/ros2_ws/install/two_wheeled_robot/share/two_wheeled_robot/models/aws_robomaker_residential_DeskPortraitD_03/materials/textures/DeskPortraitD_03.jpg
[2.472s] -- Up-to-date symlink: /home/ssfa/ros2_ws/install/two_wheeled_robot/share/two_wheeled_robot/models/aws_robomaker_residential_DeskPortraitD_03/materials/textures/aws_DeskPortraitD_01.png
[2.472s] -- Up-to-date symlink: /home/ssfa/ros2_ws/install/two_wheeled_robot/share/two_wheeled_robot/models/aws_robomaker_residential_DeskPortraitD_03/materials/textures/aws_DeskPortraitD_02.png
[2.472s] -- Up-to-date symlink: /home/ssfa/ros2_ws/install/two_wheeled_robot/share/two_wheeled_robot/models/aws_robomaker_residential_DeskPortraitD_03/meshes/aws_DeskPortraitD_01_collision.DAE
[2.472s] -- Up-to-date symlink: /home/ssfa/ros2_ws/install/two_wheeled_robot/share/two_wheeled_robot/models/aws_robomaker_residential_DeskPortraitD_03/meshes/aws_DeskPortraitD_01_visual.DAE
[2.472s] -- Up-to-date symlink: /home/ssfa/ros2_ws/install/two_wheeled_robot/share/two_wheeled_robot/models/aws_robomaker_residential_DeskPortraitD_03/model.config
[2.472s] -- Up-to-date symlink: /home/ssfa/ros2_ws/install/two_wheeled_robot/share/two_wheeled_robot/models/aws_robomaker_residential_DeskPortraitD_03/model.sdf
[2.472s] -- Up-to-date symlink: /home/ssfa/ros2_ws/install/two_wheeled_robot/share/two_wheeled_robot/models/aws_robomaker_residential_DeskPortraitD_04/materials/textures/DeskPortraitD_04.jpg
[2.472s] -- Up-to-date symlink: /home/ssfa/ros2_ws/install/two_wheeled_robot/share/two_wheeled_robot/models/aws_robomaker_residential_DeskPortraitD_04/materials/textures/aws_DeskPortraitD_01.png
[2.472s] -- Up-to-date symlink: /home/ssfa/ros2_ws/install/two_wheeled_robot/share/two_wheeled_robot/models/aws_robomaker_residential_DeskPortraitD_04/materials/textures/aws_DeskPortraitD_02.png
[2.472s] -- Up-to-date symlink: /home/ssfa/ros2_ws/install/two_wheeled_robot/share/two_wheeled_robot/models/aws_robomaker_residential_DeskPortraitD_04/meshes/aws_DeskPortraitD_01_collision.DAE
[2.472s] -- Up-to-date symlink: /home/ssfa/ros2_ws/install/two_wheeled_robot/share/two_wheeled_robot/models/aws_robomaker_residential_DeskPortraitD_04/meshes/aws_DeskPortraitD_01_visual.DAE
[2.472s] -- Up-to-date symlink: /home/ssfa/ros2_ws/install/two_wheeled_robot/share/two_wheeled_robot/models/aws_robomaker_residential_DeskPortraitD_04/model.config
[2.472s] -- Up-to-date symlink: /home/ssfa/ros2_ws/install/two_wheeled_robot/share/two_wheeled_robot/models/aws_robomaker_residential_DeskPortraitD_04/model.sdf
[2.472s] -- Up-to-date symlink: /home/ssfa/ros2_ws/install/two_wheeled_robot/share/two_wheeled_robot/models/aws_robomaker_residential_Door_01/materials/textures/aws_Door_01.png
[2.472s] -- Up-to-date symlink: /home/ssfa/ros2_ws/install/two_wheeled_robot/share/two_wheeled_robot/models/aws_robomaker_residential_Door_01/meshes/aws_Door_01_collision.DAE
[2.472s] -- Up-to-date symlink: /home/ssfa/ros2_ws/install/two_wheeled_robot/share/two_wheeled_robot/models/aws_robomaker_residential_Door_01/meshes/aws_Door_01_visual.DAE
[2.472s] -- Up-to-date symlink: /home/ssfa/ros2_ws/install/two_wheeled_robot/share/two_wheeled_robot/models/aws_robomaker_residential_Door_01/model.config
[2.472s] -- Up-to-date symlink: /home/ssfa/ros2_ws/install/two_wheeled_robot/share/two_wheeled_robot/models/aws_robomaker_residential_Door_01/model.sdf
[2.472s] -- Up-to-date symlink: /home/ssfa/ros2_ws/install/two_wheeled_robot/share/two_wheeled_robot/models/aws_robomaker_residential_Dumbbell_01/materials/textures/aws_Dumbbell_01.png
[2.472s] -- Up-to-date symlink: /home/ssfa/ros2_ws/install/two_wheeled_robot/share/two_wheeled_robot/models/aws_robomaker_residential_Dumbbell_01/meshes/aws_Dumbbell_01_collision.DAE
[2.472s] -- Up-to-date symlink: /home/ssfa/ros2_ws/install/two_wheeled_robot/share/two_wheeled_robot/models/aws_robomaker_residential_Dumbbell_01/meshes/aws_Dumbbell_01_visual.DAE
[2.472s] -- Up-to-date symlink: /home/ssfa/ros2_ws/install/two_wheeled_robot/share/two_wheeled_robot/models/aws_robomaker_residential_Dumbbell_01/model.config
[2.472s] -- Up-to-date symlink: /home/ssfa/ros2_ws/install/two_wheeled_robot/share/two_wheeled_robot/models/aws_robomaker_residential_Dumbbell_01/model.sdf
[2.472s] -- Up-to-date symlink: /home/ssfa/ros2_ws/install/two_wheeled_robot/share/two_wheeled_robot/models/aws_robomaker_residential_FitnessEquipment_01/materials/textures/aws_FitnessEquipment_01.png
[2.472s] -- Up-to-date symlink: /home/ssfa/ros2_ws/install/two_wheeled_robot/share/two_wheeled_robot/models/aws_robomaker_residential_FitnessEquipment_01/meshes/aws_FitnessEquipment_01_collision.DAE
[2.472s] -- Up-to-date symlink: /home/ssfa/ros2_ws/install/two_wheeled_robot/share/two_wheeled_robot/models/aws_robomaker_residential_FitnessEquipment_01/meshes/aws_FitnessEquipment_01_visual.DAE
[2.472s] -- Up-to-date symlink: /home/ssfa/ros2_ws/install/two_wheeled_robot/share/two_wheeled_robot/models/aws_robomaker_residential_FitnessEquipment_01/model.config
[2.473s] -- Up-to-date symlink: /home/ssfa/ros2_ws/install/two_wheeled_robot/share/two_wheeled_robot/models/aws_robomaker_residential_FitnessEquipment_01/model.sdf
[2.473s] -- Up-to-date symlink: /home/ssfa/ros2_ws/install/two_wheeled_robot/share/two_wheeled_robot/models/aws_robomaker_residential_FloorB_01/materials/textures/aws_FloorB_01.png
[2.473s] -- Up-to-date symlink: /home/ssfa/ros2_ws/install/two_wheeled_robot/share/two_wheeled_robot/models/aws_robomaker_residential_FloorB_01/meshes/aws_FloorB_01_collision.DAE
[2.473s] -- Up-to-date symlink: /home/ssfa/ros2_ws/install/two_wheeled_robot/share/two_wheeled_robot/models/aws_robomaker_residential_FloorB_01/meshes/aws_FloorB_01_visual.DAE
[2.473s] -- Up-to-date symlink: /home/ssfa/ros2_ws/install/two_wheeled_robot/share/two_wheeled_robot/models/aws_robomaker_residential_FloorB_01/model.config
[2.473s] -- Up-to-date symlink: /home/ssfa/ros2_ws/install/two_wheeled_robot/share/two_wheeled_robot/models/aws_robomaker_residential_FloorB_01/model.sdf
[2.473s] -- Up-to-date symlink: /home/ssfa/ros2_ws/install/two_wheeled_robot/share/two_wheeled_robot/models/aws_robomaker_residential_FoldingDoor_01/materials/textures/aws_FoldingDoor_01.png
[2.473s] -- Up-to-date symlink: /home/ssfa/ros2_ws/install/two_wheeled_robot/share/two_wheeled_robot/models/aws_robomaker_residential_FoldingDoor_01/meshes/aws_FoldingDoor_01_collision.DAE
[2.473s] -- Up-to-date symlink: /home/ssfa/ros2_ws/install/two_wheeled_robot/share/two_wheeled_robot/models/aws_robomaker_residential_FoldingDoor_01/meshes/aws_FoldingDoor_01_visual.DAE
[2.473s] -- Up-to-date symlink: /home/ssfa/ros2_ws/install/two_wheeled_robot/share/two_wheeled_robot/models/aws_robomaker_residential_FoldingDoor_01/model.config
[2.473s] -- Up-to-date symlink: /home/ssfa/ros2_ws/install/two_wheeled_robot/share/two_wheeled_robot/models/aws_robomaker_residential_FoldingDoor_01/model.sdf
[2.473s] -- Up-to-date symlink: /home/ssfa/ros2_ws/install/two_wheeled_robot/share/two_wheeled_robot/models/aws_robomaker_residential_FoldingDoor_02/materials/textures/aws_FoldingDoor_02.png
[2.473s] -- Up-to-date symlink: /home/ssfa/ros2_ws/install/two_wheeled_robot/share/two_wheeled_robot/models/aws_robomaker_residential_FoldingDoor_02/meshes/aws_FoldingDoor_02_collision.DAE
[2.473s] -- Up-to-date symlink: /home/ssfa/ros2_ws/install/two_wheeled_robot/share/two_wheeled_robot/models/aws_robomaker_residential_FoldingDoor_02/meshes/aws_FoldingDoor_02_visual.DAE
[2.473s] -- Up-to-date symlink: /home/ssfa/ros2_ws/install/two_wheeled_robot/share/two_wheeled_robot/models/aws_robomaker_residential_FoldingDoor_02/model.config
[2.473s] -- Up-to-date symlink: /home/ssfa/ros2_ws/install/two_wheeled_robot/share/two_wheeled_robot/models/aws_robomaker_residential_FoldingDoor_02/model.sdf
[2.473s] -- Up-to-date symlink: /home/ssfa/ros2_ws/install/two_wheeled_robot/share/two_wheeled_robot/models/aws_robomaker_residential_Handle_01/materials/textures/aws_Handle_01.png
[2.473s] -- Up-to-date symlink: /home/ssfa/ros2_ws/install/two_wheeled_robot/share/two_wheeled_robot/models/aws_robomaker_residential_Handle_01/meshes/aws_Handle_01_collision.DAE
[2.473s] -- Up-to-date symlink: /home/ssfa/ros2_ws/install/two_wheeled_robot/share/two_wheeled_robot/models/aws_robomaker_residential_Handle_01/meshes/aws_Handle_01_visual.DAE
[2.473s] -- Up-to-date symlink: /home/ssfa/ros2_ws/install/two_wheeled_robot/share/two_wheeled_robot/models/aws_robomaker_residential_Handle_01/model.config
[2.473s] -- Up-to-date symlink: /home/ssfa/ros2_ws/install/two_wheeled_robot/share/two_wheeled_robot/models/aws_robomaker_residential_Handle_01/model.sdf
[2.473s] -- Up-to-date symlink: /home/ssfa/ros2_ws/install/two_wheeled_robot/share/two_wheeled_robot/models/aws_robomaker_residential_HouseWallB_01/materials/textures/aws_HouseWallB_01.png
[2.473s] -- Up-to-date symlink: /home/ssfa/ros2_ws/install/two_wheeled_robot/share/two_wheeled_robot/models/aws_robomaker_residential_HouseWallB_01/meshes/aws_HouseWallB_01_collision.DAE
[2.473s] -- Up-to-date symlink: /home/ssfa/ros2_ws/install/two_wheeled_robot/share/two_wheeled_robot/models/aws_robomaker_residential_HouseWallB_01/meshes/aws_HouseWallB_01_visual.DAE
[2.473s] -- Up-to-date symlink: /home/ssfa/ros2_ws/install/two_wheeled_robot/share/two_wheeled_robot/models/aws_robomaker_residential_HouseWallB_01/model.config
[2.473s] -- Up-to-date symlink: /home/ssfa/ros2_ws/install/two_wheeled_robot/share/two_wheeled_robot/models/aws_robomaker_residential_HouseWallB_01/model.sdf
[2.473s] -- Up-to-date symlink: /home/ssfa/ros2_ws/install/two_wheeled_robot/share/two_wheeled_robot/models/aws_robomaker_residential_KitchenCabinet_01/materials/textures/aws_KitchenCabinet_01.png
[2.473s] -- Up-to-date symlink: /home/ssfa/ros2_ws/install/two_wheeled_robot/share/two_wheeled_robot/models/aws_robomaker_residential_KitchenCabinet_01/meshes/aws_KitchenCabinet_01_collision.DAE
[2.473s] -- Up-to-date symlink: /home/ssfa/ros2_ws/install/two_wheeled_robot/share/two_wheeled_robot/models/aws_robomaker_residential_KitchenCabinet_01/meshes/aws_KitchenCabinet_01_visual.DAE
[2.473s] -- Up-to-date symlink: /home/ssfa/ros2_ws/install/two_wheeled_robot/share/two_wheeled_robot/models/aws_robomaker_residential_KitchenCabinet_01/model.config
[2.473s] -- Up-to-date symlink: /home/ssfa/ros2_ws/install/two_wheeled_robot/share/two_wheeled_robot/models/aws_robomaker_residential_KitchenCabinet_01/model.sdf
[2.474s] -- Up-to-date symlink: /home/ssfa/ros2_ws/install/two_wheeled_robot/share/two_wheeled_robot/models/aws_robomaker_residential_KitchenTable_01/materials/textures/aws_KitchenTable_01.png
[2.474s] -- Up-to-date symlink: /home/ssfa/ros2_ws/install/two_wheeled_robot/share/two_wheeled_robot/models/aws_robomaker_residential_KitchenTable_01/meshes/aws_KitchenTable_01_collision.DAE
[2.474s] -- Up-to-date symlink: /home/ssfa/ros2_ws/install/two_wheeled_robot/share/two_wheeled_robot/models/aws_robomaker_residential_KitchenTable_01/meshes/aws_KitchenTable_01_visual.DAE
[2.474s] -- Up-to-date symlink: /home/ssfa/ros2_ws/install/two_wheeled_robot/share/two_wheeled_robot/models/aws_robomaker_residential_KitchenTable_01/model.config
[2.474s] -- Up-to-date symlink: /home/ssfa/ros2_ws/install/two_wheeled_robot/share/two_wheeled_robot/models/aws_robomaker_residential_KitchenTable_01/model.sdf
[2.474s] -- Up-to-date symlink: /home/ssfa/ros2_ws/install/two_wheeled_robot/share/two_wheeled_robot/models/aws_robomaker_residential_KitchenUtensils_01/materials/textures/aws_KitchenUtensils_01.png
[2.474s] -- Up-to-date symlink: /home/ssfa/ros2_ws/install/two_wheeled_robot/share/two_wheeled_robot/models/aws_robomaker_residential_KitchenUtensils_01/meshes/aws_KitchenUtensils_01_collision.DAE
[2.474s] -- Up-to-date symlink: /home/ssfa/ros2_ws/install/two_wheeled_robot/share/two_wheeled_robot/models/aws_robomaker_residential_KitchenUtensils_01/meshes/aws_KitchenUtensils_01_visual.DAE
[2.474s] -- Up-to-date symlink: /home/ssfa/ros2_ws/install/two_wheeled_robot/share/two_wheeled_robot/models/aws_robomaker_residential_KitchenUtensils_01/model.config
[2.474s] -- Up-to-date symlink: /home/ssfa/ros2_ws/install/two_wheeled_robot/share/two_wheeled_robot/models/aws_robomaker_residential_KitchenUtensils_01/model.sdf
[2.474s] -- Up-to-date symlink: /home/ssfa/ros2_ws/install/two_wheeled_robot/share/two_wheeled_robot/models/aws_robomaker_residential_LightC_01/materials/textures/aws_LightC_01.png
[2.474s] -- Up-to-date symlink: /home/ssfa/ros2_ws/install/two_wheeled_robot/share/two_wheeled_robot/models/aws_robomaker_residential_LightC_01/meshes/aws_LightC_01_collision.DAE
[2.474s] -- Up-to-date symlink: /home/ssfa/ros2_ws/install/two_wheeled_robot/share/two_wheeled_robot/models/aws_robomaker_residential_LightC_01/meshes/aws_LightC_01_visual.DAE
[2.474s] -- Up-to-date symlink: /home/ssfa/ros2_ws/install/two_wheeled_robot/share/two_wheeled_robot/models/aws_robomaker_residential_LightC_01/model.config
[2.474s] -- Up-to-date symlink: /home/ssfa/ros2_ws/install/two_wheeled_robot/share/two_wheeled_robot/models/aws_robomaker_residential_LightC_01/model.sdf
[2.474s] -- Up-to-date symlink: /home/ssfa/ros2_ws/install/two_wheeled_robot/share/two_wheeled_robot/models/aws_robomaker_residential_NightStand_01/materials/textures/aws_NightStand_01.png
[2.474s] -- Up-to-date symlink: /home/ssfa/ros2_ws/install/two_wheeled_robot/share/two_wheeled_robot/models/aws_robomaker_residential_NightStand_01/meshes/aws_NightStand_01_collision.DAE
[2.474s] -- Up-to-date symlink: /home/ssfa/ros2_ws/install/two_wheeled_robot/share/two_wheeled_robot/models/aws_robomaker_residential_NightStand_01/meshes/aws_NightStand_01_visual.DAE
[2.474s] -- Up-to-date symlink: /home/ssfa/ros2_ws/install/two_wheeled_robot/share/two_wheeled_robot/models/aws_robomaker_residential_NightStand_01/model.config
[2.474s] -- Up-to-date symlink: /home/ssfa/ros2_ws/install/two_wheeled_robot/share/two_wheeled_robot/models/aws_robomaker_residential_NightStand_01/model.sdf
[2.474s] -- Up-to-date symlink: /home/ssfa/ros2_ws/install/two_wheeled_robot/share/two_wheeled_robot/models/aws_robomaker_residential_Pillow_01/materials/textures/aws_Pillow_01.png
[2.474s] -- Up-to-date symlink: /home/ssfa/ros2_ws/install/two_wheeled_robot/share/two_wheeled_robot/models/aws_robomaker_residential_Pillow_01/meshes/aws_Pillow_01_collision.DAE
[2.474s] -- Up-to-date symlink: /home/ssfa/ros2_ws/install/two_wheeled_robot/share/two_wheeled_robot/models/aws_robomaker_residential_Pillow_01/meshes/aws_Pillow_01_visual.DAE
[2.474s] -- Up-to-date symlink: /home/ssfa/ros2_ws/install/two_wheeled_robot/share/two_wheeled_robot/models/aws_robomaker_residential_Pillow_01/model.config
[2.474s] -- Up-to-date symlink: /home/ssfa/ros2_ws/install/two_wheeled_robot/share/two_wheeled_robot/models/aws_robomaker_residential_Pillow_01/model.sdf
[2.474s] -- Up-to-date symlink: /home/ssfa/ros2_ws/install/two_wheeled_robot/share/two_wheeled_robot/models/aws_robomaker_residential_PortraitA_01/materials/textures/PortraitA_01.jpg
[2.474s] -- Up-to-date symlink: /home/ssfa/ros2_ws/install/two_wheeled_robot/share/two_wheeled_robot/models/aws_robomaker_residential_PortraitA_01/materials/textures/aws_PortraitA_01.png
[2.474s] -- Up-to-date symlink: /home/ssfa/ros2_ws/install/two_wheeled_robot/share/two_wheeled_robot/models/aws_robomaker_residential_PortraitA_01/materials/textures/aws_PortraitA_02.png
[2.475s] -- Up-to-date symlink: /home/ssfa/ros2_ws/install/two_wheeled_robot/share/two_wheeled_robot/models/aws_robomaker_residential_PortraitA_01/meshes/aws_PortraitA_01_collision.DAE
[2.475s] -- Up-to-date symlink: /home/ssfa/ros2_ws/install/two_wheeled_robot/share/two_wheeled_robot/models/aws_robomaker_residential_PortraitA_01/meshes/aws_PortraitA_01_visual.DAE
[2.475s] -- Up-to-date symlink: /home/ssfa/ros2_ws/install/two_wheeled_robot/share/two_wheeled_robot/models/aws_robomaker_residential_PortraitA_01/model.config
[2.475s] -- Up-to-date symlink: /home/ssfa/ros2_ws/install/two_wheeled_robot/share/two_wheeled_robot/models/aws_robomaker_residential_PortraitA_01/model.sdf
[2.475s] -- Up-to-date symlink: /home/ssfa/ros2_ws/install/two_wheeled_robot/share/two_wheeled_robot/models/aws_robomaker_residential_PortraitA_02/materials/textures/PortraitA_02.jpg
[2.475s] -- Up-to-date symlink: /home/ssfa/ros2_ws/install/two_wheeled_robot/share/two_wheeled_robot/models/aws_robomaker_residential_PortraitA_02/materials/textures/aws_PortraitA_01.png
[2.475s] -- Up-to-date symlink: /home/ssfa/ros2_ws/install/two_wheeled_robot/share/two_wheeled_robot/models/aws_robomaker_residential_PortraitA_02/materials/textures/aws_PortraitA_02.png
[2.475s] -- Up-to-date symlink: /home/ssfa/ros2_ws/install/two_wheeled_robot/share/two_wheeled_robot/models/aws_robomaker_residential_PortraitA_02/meshes/aws_PortraitA_01_collision.DAE
[2.475s] -- Up-to-date symlink: /home/ssfa/ros2_ws/install/two_wheeled_robot/share/two_wheeled_robot/models/aws_robomaker_residential_PortraitA_02/meshes/aws_PortraitA_01_visual.DAE
[2.475s] -- Up-to-date symlink: /home/ssfa/ros2_ws/install/two_wheeled_robot/share/two_wheeled_robot/models/aws_robomaker_residential_PortraitA_02/model.config
[2.475s] -- Up-to-date symlink: /home/ssfa/ros2_ws/install/two_wheeled_robot/share/two_wheeled_robot/models/aws_robomaker_residential_PortraitA_02/model.sdf
[2.475s] -- Up-to-date symlink: /home/ssfa/ros2_ws/install/two_wheeled_robot/share/two_wheeled_robot/models/aws_robomaker_residential_PortraitB_01/materials/textures/PortraitB_01.jpg
[2.475s] -- Up-to-date symlink: /home/ssfa/ros2_ws/install/two_wheeled_robot/share/two_wheeled_robot/models/aws_robomaker_residential_PortraitB_01/materials/textures/aws_PortraitB_01.png
[2.475s] -- Up-to-date symlink: /home/ssfa/ros2_ws/install/two_wheeled_robot/share/two_wheeled_robot/models/aws_robomaker_residential_PortraitB_01/materials/textures/aws_PortraitB_02.png
[2.475s] -- Up-to-date symlink: /home/ssfa/ros2_ws/install/two_wheeled_robot/share/two_wheeled_robot/models/aws_robomaker_residential_PortraitB_01/meshes/aws_PortraitB_01_collision.DAE
[2.475s] -- Up-to-date symlink: /home/ssfa/ros2_ws/install/two_wheeled_robot/share/two_wheeled_robot/models/aws_robomaker_residential_PortraitB_01/meshes/aws_PortraitB_01_visual.DAE
[2.475s] -- Up-to-date symlink: /home/ssfa/ros2_ws/install/two_wheeled_robot/share/two_wheeled_robot/models/aws_robomaker_residential_PortraitB_01/model.config
[2.475s] -- Up-to-date symlink: /home/ssfa/ros2_ws/install/two_wheeled_robot/share/two_wheeled_robot/models/aws_robomaker_residential_PortraitB_01/model.sdf
[2.475s] -- Up-to-date symlink: /home/ssfa/ros2_ws/install/two_wheeled_robot/share/two_wheeled_robot/models/aws_robomaker_residential_PortraitB_02/materials/textures/PortraitB_02.jpg
[2.475s] -- Up-to-date symlink: /home/ssfa/ros2_ws/install/two_wheeled_robot/share/two_wheeled_robot/models/aws_robomaker_residential_PortraitB_02/materials/textures/aws_PortraitB_01.png
[2.475s] -- Up-to-date symlink: /home/ssfa/ros2_ws/install/two_wheeled_robot/share/two_wheeled_robot/models/aws_robomaker_residential_PortraitB_02/materials/textures/aws_PortraitB_02.png
[2.475s] -- Up-to-date symlink: /home/ssfa/ros2_ws/install/two_wheeled_robot/share/two_wheeled_robot/models/aws_robomaker_residential_PortraitB_02/meshes/aws_PortraitB_01_collision.DAE
[2.475s] -- Up-to-date symlink: /home/ssfa/ros2_ws/install/two_wheeled_robot/share/two_wheeled_robot/models/aws_robomaker_residential_PortraitB_02/meshes/aws_PortraitB_01_visual.DAE
[2.475s] -- Up-to-date symlink: /home/ssfa/ros2_ws/install/two_wheeled_robot/share/two_wheeled_robot/models/aws_robomaker_residential_PortraitB_02/model.config
[2.475s] -- Up-to-date symlink: /home/ssfa/ros2_ws/install/two_wheeled_robot/share/two_wheeled_robot/models/aws_robomaker_residential_PortraitB_02/model.sdf
[2.475s] -- Up-to-date symlink: /home/ssfa/ros2_ws/install/two_wheeled_robot/share/two_wheeled_robot/models/aws_robomaker_residential_PortraitB_03/materials/textures/PortraitB_03.jpg
[2.476s] -- Up-to-date symlink: /home/ssfa/ros2_ws/install/two_wheeled_robot/share/two_wheeled_robot/models/aws_robomaker_residential_PortraitB_03/materials/textures/aws_PortraitB_01.png
[2.476s] -- Up-to-date symlink: /home/ssfa/ros2_ws/install/two_wheeled_robot/share/two_wheeled_robot/models/aws_robomaker_residential_PortraitB_03/materials/textures/aws_PortraitB_02.png
[2.476s] -- Up-to-date symlink: /home/ssfa/ros2_ws/install/two_wheeled_robot/share/two_wheeled_robot/models/aws_robomaker_residential_PortraitB_03/meshes/aws_PortraitB_01_collision.DAE
[2.476s] -- Up-to-date symlink: /home/ssfa/ros2_ws/install/two_wheeled_robot/share/two_wheeled_robot/models/aws_robomaker_residential_PortraitB_03/meshes/aws_PortraitB_01_visual.DAE
[2.476s] -- Up-to-date symlink: /home/ssfa/ros2_ws/install/two_wheeled_robot/share/two_wheeled_robot/models/aws_robomaker_residential_PortraitB_03/model.config
[2.476s] -- Up-to-date symlink: /home/ssfa/ros2_ws/install/two_wheeled_robot/share/two_wheeled_robot/models/aws_robomaker_residential_PortraitB_03/model.sdf
[2.476s] -- Up-to-date symlink: /home/ssfa/ros2_ws/install/two_wheeled_robot/share/two_wheeled_robot/models/aws_robomaker_residential_PortraitC_01/materials/textures/PortraitC_01.jpg
[2.476s] -- Up-to-date symlink: /home/ssfa/ros2_ws/install/two_wheeled_robot/share/two_wheeled_robot/models/aws_robomaker_residential_PortraitC_01/materials/textures/aws_PortraitC_01.png
[2.476s] -- Up-to-date symlink: /home/ssfa/ros2_ws/install/two_wheeled_robot/share/two_wheeled_robot/models/aws_robomaker_residential_PortraitC_01/materials/textures/aws_PortraitC_02.png
[2.476s] -- Up-to-date symlink: /home/ssfa/ros2_ws/install/two_wheeled_robot/share/two_wheeled_robot/models/aws_robomaker_residential_PortraitC_01/meshes/aws_PortraitC_01_collision.DAE
[2.476s] -- Up-to-date symlink: /home/ssfa/ros2_ws/install/two_wheeled_robot/share/two_wheeled_robot/models/aws_robomaker_residential_PortraitC_01/meshes/aws_PortraitC_01_visual.DAE
[2.476s] -- Up-to-date symlink: /home/ssfa/ros2_ws/install/two_wheeled_robot/share/two_wheeled_robot/models/aws_robomaker_residential_PortraitC_01/model.config
[2.476s] -- Up-to-date symlink: /home/ssfa/ros2_ws/install/two_wheeled_robot/share/two_wheeled_robot/models/aws_robomaker_residential_PortraitC_01/model.sdf
[2.476s] -- Up-to-date symlink: /home/ssfa/ros2_ws/install/two_wheeled_robot/share/two_wheeled_robot/models/aws_robomaker_residential_PortraitD_01/materials/textures/PortraitD_01.jpg
[2.476s] -- Up-to-date symlink: /home/ssfa/ros2_ws/install/two_wheeled_robot/share/two_wheeled_robot/models/aws_robomaker_residential_PortraitD_01/materials/textures/aws_PortraitD_01.png
[2.476s] -- Up-to-date symlink: /home/ssfa/ros2_ws/install/two_wheeled_robot/share/two_wheeled_robot/models/aws_robomaker_residential_PortraitD_01/materials/textures/aws_PortraitD_02.png
[2.476s] -- Up-to-date symlink: /home/ssfa/ros2_ws/install/two_wheeled_robot/share/two_wheeled_robot/models/aws_robomaker_residential_PortraitD_01/meshes/aws_PortraitD_01_collision.DAE
[2.476s] -- Up-to-date symlink: /home/ssfa/ros2_ws/install/two_wheeled_robot/share/two_wheeled_robot/models/aws_robomaker_residential_PortraitD_01/meshes/aws_PortraitD_01_visual.DAE
[2.476s] -- Up-to-date symlink: /home/ssfa/ros2_ws/install/two_wheeled_robot/share/two_wheeled_robot/models/aws_robomaker_residential_PortraitD_01/model.config
[2.476s] -- Up-to-date symlink: /home/ssfa/ros2_ws/install/two_wheeled_robot/share/two_wheeled_robot/models/aws_robomaker_residential_PortraitD_01/model.sdf
[2.476s] -- Up-to-date symlink: /home/ssfa/ros2_ws/install/two_wheeled_robot/share/two_wheeled_robot/models/aws_robomaker_residential_PortraitD_02/materials/textures/PortraitD_02.jpg
[2.476s] -- Up-to-date symlink: /home/ssfa/ros2_ws/install/two_wheeled_robot/share/two_wheeled_robot/models/aws_robomaker_residential_PortraitD_02/materials/textures/aws_PortraitD_01.png
[2.476s] -- Up-to-date symlink: /home/ssfa/ros2_ws/install/two_wheeled_robot/share/two_wheeled_robot/models/aws_robomaker_residential_PortraitD_02/materials/textures/aws_PortraitD_02.png
[2.476s] -- Up-to-date symlink: /home/ssfa/ros2_ws/install/two_wheeled_robot/share/two_wheeled_robot/models/aws_robomaker_residential_PortraitD_02/meshes/aws_PortraitD_01_collision.DAE
[2.476s] -- Up-to-date symlink: /home/ssfa/ros2_ws/install/two_wheeled_robot/share/two_wheeled_robot/models/aws_robomaker_residential_PortraitD_02/meshes/aws_PortraitD_01_visual.DAE
[2.476s] -- Up-to-date symlink: /home/ssfa/ros2_ws/install/two_wheeled_robot/share/two_wheeled_robot/models/aws_robomaker_residential_PortraitD_02/model.config
[2.476s] -- Up-to-date symlink: /home/ssfa/ros2_ws/install/two_wheeled_robot/share/two_wheeled_robot/models/aws_robomaker_residential_PortraitD_02/model.sdf
[2.476s] -- Up-to-date symlink: /home/ssfa/ros2_ws/install/two_wheeled_robot/share/two_wheeled_robot/models/aws_robomaker_residential_PortraitE_01/materials/textures/PortraitE_01.jpg
[2.476s] -- Up-to-date symlink: /home/ssfa/ros2_ws/install/two_wheeled_robot/share/two_wheeled_robot/models/aws_robomaker_residential_PortraitE_01/materials/textures/aws_PortraitE_01.png
[2.476s] -- Up-to-date symlink: /home/ssfa/ros2_ws/install/two_wheeled_robot/share/two_wheeled_robot/models/aws_robomaker_residential_PortraitE_01/materials/textures/aws_PortraitE_02.png
[2.476s] -- Up-to-date symlink: /home/ssfa/ros2_ws/install/two_wheeled_robot/share/two_wheeled_robot/models/aws_robomaker_residential_PortraitE_01/meshes/aws_PortraitE_01_collision.DAE
[2.477s] -- Up-to-date symlink: /home/ssfa/ros2_ws/install/two_wheeled_robot/share/two_wheeled_robot/models/aws_robomaker_residential_PortraitE_01/meshes/aws_PortraitE_01_visual.DAE
[2.477s] -- Up-to-date symlink: /home/ssfa/ros2_ws/install/two_wheeled_robot/share/two_wheeled_robot/models/aws_robomaker_residential_PortraitE_01/model.config
[2.477s] -- Up-to-date symlink: /home/ssfa/ros2_ws/install/two_wheeled_robot/share/two_wheeled_robot/models/aws_robomaker_residential_PortraitE_01/model.sdf
[2.477s] -- Up-to-date symlink: /home/ssfa/ros2_ws/install/two_wheeled_robot/share/two_wheeled_robot/models/aws_robomaker_residential_PortraitE_02/materials/textures/PortraitE_02.jpg
[2.477s] -- Up-to-date symlink: /home/ssfa/ros2_ws/install/two_wheeled_robot/share/two_wheeled_robot/models/aws_robomaker_residential_PortraitE_02/materials/textures/aws_PortraitE_01.png
[2.477s] -- Up-to-date symlink: /home/ssfa/ros2_ws/install/two_wheeled_robot/share/two_wheeled_robot/models/aws_robomaker_residential_PortraitE_02/materials/textures/aws_PortraitE_02.png
[2.477s] -- Up-to-date symlink: /home/ssfa/ros2_ws/install/two_wheeled_robot/share/two_wheeled_robot/models/aws_robomaker_residential_PortraitE_02/meshes/aws_PortraitE_01_collision.DAE
[2.477s] -- Up-to-date symlink: /home/ssfa/ros2_ws/install/two_wheeled_robot/share/two_wheeled_robot/models/aws_robomaker_residential_PortraitE_02/meshes/aws_PortraitE_01_visual.DAE
[2.477s] -- Up-to-date symlink: /home/ssfa/ros2_ws/install/two_wheeled_robot/share/two_wheeled_robot/models/aws_robomaker_residential_PortraitE_02/model.config
[2.477s] -- Up-to-date symlink: /home/ssfa/ros2_ws/install/two_wheeled_robot/share/two_wheeled_robot/models/aws_robomaker_residential_PortraitE_02/model.sdf
[2.477s] -- Up-to-date symlink: /home/ssfa/ros2_ws/install/two_wheeled_robot/share/two_wheeled_robot/models/aws_robomaker_residential_Quilt_01/materials/textures/aws_Quilt_01.png
[2.477s] -- Up-to-date symlink: /home/ssfa/ros2_ws/install/two_wheeled_robot/share/two_wheeled_robot/models/aws_robomaker_residential_Quilt_01/meshes/aws_Quilt_01_collision.DAE
[2.477s] -- Up-to-date symlink: /home/ssfa/ros2_ws/install/two_wheeled_robot/share/two_wheeled_robot/models/aws_robomaker_residential_Quilt_01/meshes/aws_Quilt_01_visual.DAE
[2.477s] -- Up-to-date symlink: /home/ssfa/ros2_ws/install/two_wheeled_robot/share/two_wheeled_robot/models/aws_robomaker_residential_Quilt_01/model.config
[2.477s] -- Up-to-date symlink: /home/ssfa/ros2_ws/install/two_wheeled_robot/share/two_wheeled_robot/models/aws_robomaker_residential_Quilt_01/model.sdf
[2.477s] -- Up-to-date symlink: /home/ssfa/ros2_ws/install/two_wheeled_robot/share/two_wheeled_robot/models/aws_robomaker_residential_Rangehood_01/materials/textures/aws_Rangehood_01.png
[2.477s] -- Up-to-date symlink: /home/ssfa/ros2_ws/install/two_wheeled_robot/share/two_wheeled_robot/models/aws_robomaker_residential_Rangehood_01/meshes/aws_Rangehood_01_collision.DAE
[2.477s] -- Up-to-date symlink: /home/ssfa/ros2_ws/install/two_wheeled_robot/share/two_wheeled_robot/models/aws_robomaker_residential_Rangehood_01/meshes/aws_Rangehood_01_visual.DAE
[2.477s] -- Up-to-date symlink: /home/ssfa/ros2_ws/install/two_wheeled_robot/share/two_wheeled_robot/models/aws_robomaker_residential_Rangehood_01/model.config
[2.477s] -- Up-to-date symlink: /home/ssfa/ros2_ws/install/two_wheeled_robot/share/two_wheeled_robot/models/aws_robomaker_residential_Rangehood_01/model.sdf
[2.477s] -- Up-to-date symlink: /home/ssfa/ros2_ws/install/two_wheeled_robot/share/two_wheeled_robot/models/aws_robomaker_residential_ReadingDesk_01/materials/textures/aws_ReadingDesk_01.png
[2.477s] -- Up-to-date symlink: /home/ssfa/ros2_ws/install/two_wheeled_robot/share/two_wheeled_robot/models/aws_robomaker_residential_ReadingDesk_01/meshes/aws_ReadingDesk_01_collision.DAE
[2.477s] -- Up-to-date symlink: /home/ssfa/ros2_ws/install/two_wheeled_robot/share/two_wheeled_robot/models/aws_robomaker_residential_ReadingDesk_01/meshes/aws_ReadingDesk_01_visual.DAE
[2.477s] -- Up-to-date symlink: /home/ssfa/ros2_ws/install/two_wheeled_robot/share/two_wheeled_robot/models/aws_robomaker_residential_ReadingDesk_01/model.config
[2.477s] -- Up-to-date symlink: /home/ssfa/ros2_ws/install/two_wheeled_robot/share/two_wheeled_robot/models/aws_robomaker_residential_ReadingDesk_01/model.sdf
[2.477s] -- Up-to-date symlink: /home/ssfa/ros2_ws/install/two_wheeled_robot/share/two_wheeled_robot/models/aws_robomaker_residential_Refrigerator_01/materials/textures/aws_Refrigerator_01.png
[2.477s] -- Up-to-date symlink: /home/ssfa/ros2_ws/install/two_wheeled_robot/share/two_wheeled_robot/models/aws_robomaker_residential_Refrigerator_01/materials/textures/aws_Refrigerator_02.png
[2.477s] -- Up-to-date symlink: /home/ssfa/ros2_ws/install/two_wheeled_robot/share/two_wheeled_robot/models/aws_robomaker_residential_Refrigerator_01/meshes/aws_Refrigerator_01.DAE
[2.477s] -- Up-to-date symlink: /home/ssfa/ros2_ws/install/two_wheeled_robot/share/two_wheeled_robot/models/aws_robomaker_residential_Refrigerator_01/meshes/aws_Refrigerator_01_collision.DAE
[2.477s] -- Up-to-date symlink: /home/ssfa/ros2_ws/install/two_wheeled_robot/share/two_wheeled_robot/models/aws_robomaker_residential_Refrigerator_01/meshes/aws_Refrigerator_01_visual.DAE
[2.477s] -- Up-to-date symlink: /home/ssfa/ros2_ws/install/two_wheeled_robot/share/two_wheeled_robot/models/aws_robomaker_residential_Refrigerator_01/model.config
[2.478s] -- Up-to-date symlink: /home/ssfa/ros2_ws/install/two_wheeled_robot/share/two_wheeled_robot/models/aws_robomaker_residential_Refrigerator_01/model.sdf
[2.478s] -- Up-to-date symlink: /home/ssfa/ros2_ws/install/two_wheeled_robot/share/two_wheeled_robot/models/aws_robomaker_residential_RoomCeiling_01/materials/textures/aws_RoomCeiling_01.png
[2.478s] -- Up-to-date symlink: /home/ssfa/ros2_ws/install/two_wheeled_robot/share/two_wheeled_robot/models/aws_robomaker_residential_RoomCeiling_01/meshes/aws_RoomCeiling_01_collision.DAE
[2.478s] -- Up-to-date symlink: /home/ssfa/ros2_ws/install/two_wheeled_robot/share/two_wheeled_robot/models/aws_robomaker_residential_RoomCeiling_01/meshes/aws_RoomCeiling_01_visual.DAE
[2.478s] -- Up-to-date symlink: /home/ssfa/ros2_ws/install/two_wheeled_robot/share/two_wheeled_robot/models/aws_robomaker_residential_RoomCeiling_01/model.config
[2.478s] -- Up-to-date symlink: /home/ssfa/ros2_ws/install/two_wheeled_robot/share/two_wheeled_robot/models/aws_robomaker_residential_RoomCeiling_01/model.sdf
[2.478s] -- Up-to-date symlink: /home/ssfa/ros2_ws/install/two_wheeled_robot/share/two_wheeled_robot/models/aws_robomaker_residential_RoomWall_01/materials/textures/aws_RoomWall_01.png
[2.478s] -- Up-to-date symlink: /home/ssfa/ros2_ws/install/two_wheeled_robot/share/two_wheeled_robot/models/aws_robomaker_residential_RoomWall_01/meshes/aws_RoomWall_01_collision.DAE
[2.478s] -- Up-to-date symlink: /home/ssfa/ros2_ws/install/two_wheeled_robot/share/two_wheeled_robot/models/aws_robomaker_residential_RoomWall_01/meshes/aws_RoomWall_01_visual.DAE
[2.478s] -- Up-to-date symlink: /home/ssfa/ros2_ws/install/two_wheeled_robot/share/two_wheeled_robot/models/aws_robomaker_residential_RoomWall_01/model.config
[2.478s] -- Up-to-date symlink: /home/ssfa/ros2_ws/install/two_wheeled_robot/share/two_wheeled_robot/models/aws_robomaker_residential_RoomWall_01/model.sdf
[2.478s] -- Up-to-date symlink: /home/ssfa/ros2_ws/install/two_wheeled_robot/share/two_wheeled_robot/models/aws_robomaker_residential_RoomWindow_01/materials/textures/aws_RoomWindow_01.png
[2.478s] -- Up-to-date symlink: /home/ssfa/ros2_ws/install/two_wheeled_robot/share/two_wheeled_robot/models/aws_robomaker_residential_RoomWindow_01/meshes/aws_RoomWindow_01_collision.DAE
[2.478s] -- Up-to-date symlink: /home/ssfa/ros2_ws/install/two_wheeled_robot/share/two_wheeled_robot/models/aws_robomaker_residential_RoomWindow_01/meshes/aws_RoomWindow_01_visual.DAE
[2.478s] -- Up-to-date symlink: /home/ssfa/ros2_ws/install/two_wheeled_robot/share/two_wheeled_robot/models/aws_robomaker_residential_RoomWindow_01/model.config
[2.478s] -- Up-to-date symlink: /home/ssfa/ros2_ws/install/two_wheeled_robot/share/two_wheeled_robot/models/aws_robomaker_residential_RoomWindow_01/model.sdf
[2.478s] -- Up-to-date symlink: /home/ssfa/ros2_ws/install/two_wheeled_robot/share/two_wheeled_robot/models/aws_robomaker_residential_SeasoningBox_01/materials/textures/aws_SeasoningBox_01.png
[2.478s] -- Up-to-date symlink: /home/ssfa/ros2_ws/install/two_wheeled_robot/share/two_wheeled_robot/models/aws_robomaker_residential_SeasoningBox_01/meshes/aws_SeasoningBox_01_collision.DAE
[2.478s] -- Up-to-date symlink: /home/ssfa/ros2_ws/install/two_wheeled_robot/share/two_wheeled_robot/models/aws_robomaker_residential_SeasoningBox_01/meshes/aws_SeasoningBox_01_visual.DAE
[2.478s] -- Up-to-date symlink: /home/ssfa/ros2_ws/install/two_wheeled_robot/share/two_wheeled_robot/models/aws_robomaker_residential_SeasoningBox_01/model.config
[2.478s] -- Up-to-date symlink: /home/ssfa/ros2_ws/install/two_wheeled_robot/share/two_wheeled_robot/models/aws_robomaker_residential_SeasoningBox_01/model.sdf
[2.478s] -- Up-to-date symlink: /home/ssfa/ros2_ws/install/two_wheeled_robot/share/two_wheeled_robot/models/aws_robomaker_residential_SecurityCamera_01/materials/textures/aws_SecurityCamera_01.png
[2.478s] -- Up-to-date symlink: /home/ssfa/ros2_ws/install/two_wheeled_robot/share/two_wheeled_robot/models/aws_robomaker_residential_SecurityCamera_01/meshes/aws_SecurityCamera_01_collision.DAE
[2.478s] -- Up-to-date symlink: /home/ssfa/ros2_ws/install/two_wheeled_robot/share/two_wheeled_robot/models/aws_robomaker_residential_SecurityCamera_01/meshes/aws_SecurityCamera_01_visual.DAE
[2.478s] -- Up-to-date symlink: /home/ssfa/ros2_ws/install/two_wheeled_robot/share/two_wheeled_robot/models/aws_robomaker_residential_SecurityCamera_01/model.config
[2.478s] -- Up-to-date symlink: /home/ssfa/ros2_ws/install/two_wheeled_robot/share/two_wheeled_robot/models/aws_robomaker_residential_SecurityCamera_01/model.sdf
[2.478s] -- Up-to-date symlink: /home/ssfa/ros2_ws/install/two_wheeled_robot/share/two_wheeled_robot/models/aws_robomaker_residential_ShoeRack_01/materials/textures/aws_ShoeRack_01.png
[2.478s] -- Up-to-date symlink: /home/ssfa/ros2_ws/install/two_wheeled_robot/share/two_wheeled_robot/models/aws_robomaker_residential_ShoeRack_01/meshes/aws_ShoeRack_01_collision.DAE
[2.478s] -- Up-to-date symlink: /home/ssfa/ros2_ws/install/two_wheeled_robot/share/two_wheeled_robot/models/aws_robomaker_residential_ShoeRack_01/meshes/aws_ShoeRack_01_visual.DAE
[2.479s] -- Up-to-date symlink: /home/ssfa/ros2_ws/install/two_wheeled_robot/share/two_wheeled_robot/models/aws_robomaker_residential_ShoeRack_01/model.config
[2.479s] -- Up-to-date symlink: /home/ssfa/ros2_ws/install/two_wheeled_robot/share/two_wheeled_robot/models/aws_robomaker_residential_ShoeRack_01/model.sdf
[2.479s] -- Up-to-date symlink: /home/ssfa/ros2_ws/install/two_wheeled_robot/share/two_wheeled_robot/models/aws_robomaker_residential_SofaB_01/materials/textures/aws_SofaB_01.png
[2.479s] -- Up-to-date symlink: /home/ssfa/ros2_ws/install/two_wheeled_robot/share/two_wheeled_robot/models/aws_robomaker_residential_SofaB_01/meshes/aws_SofaB_01_collision.DAE
[2.479s] -- Up-to-date symlink: /home/ssfa/ros2_ws/install/two_wheeled_robot/share/two_wheeled_robot/models/aws_robomaker_residential_SofaB_01/meshes/aws_SofaB_01_visual.DAE
[2.479s] -- Up-to-date symlink: /home/ssfa/ros2_ws/install/two_wheeled_robot/share/two_wheeled_robot/models/aws_robomaker_residential_SofaB_01/model.config
[2.479s] -- Up-to-date symlink: /home/ssfa/ros2_ws/install/two_wheeled_robot/share/two_wheeled_robot/models/aws_robomaker_residential_SofaB_01/model.sdf
[2.479s] -- Up-to-date symlink: /home/ssfa/ros2_ws/install/two_wheeled_robot/share/two_wheeled_robot/models/aws_robomaker_residential_SofaC_01/materials/textures/aws_SofaC_01.png
[2.479s] -- Up-to-date symlink: /home/ssfa/ros2_ws/install/two_wheeled_robot/share/two_wheeled_robot/models/aws_robomaker_residential_SofaC_01/meshes/aws_SofaC_01_collision.DAE
[2.479s] -- Up-to-date symlink: /home/ssfa/ros2_ws/install/two_wheeled_robot/share/two_wheeled_robot/models/aws_robomaker_residential_SofaC_01/meshes/aws_SofaC_01_visual.DAE
[2.480s] -- Up-to-date symlink: /home/ssfa/ros2_ws/install/two_wheeled_robot/share/two_wheeled_robot/models/aws_robomaker_residential_SofaC_01/model.config
[2.480s] -- Up-to-date symlink: /home/ssfa/ros2_ws/install/two_wheeled_robot/share/two_wheeled_robot/models/aws_robomaker_residential_SofaC_01/model.sdf
[2.480s] -- Up-to-date symlink: /home/ssfa/ros2_ws/install/two_wheeled_robot/share/two_wheeled_robot/models/aws_robomaker_residential_Sofa_01/materials/textures/aws_Sofa_01.png
[2.480s] -- Up-to-date symlink: /home/ssfa/ros2_ws/install/two_wheeled_robot/share/two_wheeled_robot/models/aws_robomaker_residential_Sofa_01/meshes/aws_Sofa_01.DAE
[2.480s] -- Up-to-date symlink: /home/ssfa/ros2_ws/install/two_wheeled_robot/share/two_wheeled_robot/models/aws_robomaker_residential_Sofa_01/meshes/aws_Sofa_01_collision.DAE
[2.480s] -- Up-to-date symlink: /home/ssfa/ros2_ws/install/two_wheeled_robot/share/two_wheeled_robot/models/aws_robomaker_residential_Sofa_01/meshes/aws_Sofa_01_visual.DAE
[2.480s] -- Up-to-date symlink: /home/ssfa/ros2_ws/install/two_wheeled_robot/share/two_wheeled_robot/models/aws_robomaker_residential_Sofa_01/model.config
[2.480s] -- Up-to-date symlink: /home/ssfa/ros2_ws/install/two_wheeled_robot/share/two_wheeled_robot/models/aws_robomaker_residential_Sofa_01/model.sdf
[2.480s] -- Up-to-date symlink: /home/ssfa/ros2_ws/install/two_wheeled_robot/share/two_wheeled_robot/models/aws_robomaker_residential_TVCabinet_01/materials/textures/aws_TVCabinet_01.png
[2.480s] -- Up-to-date symlink: /home/ssfa/ros2_ws/install/two_wheeled_robot/share/two_wheeled_robot/models/aws_robomaker_residential_TVCabinet_01/meshes/aws_TVCabinet_01_collision.DAE
[2.480s] -- Up-to-date symlink: /home/ssfa/ros2_ws/install/two_wheeled_robot/share/two_wheeled_robot/models/aws_robomaker_residential_TVCabinet_01/meshes/aws_TVCabinet_01_visual.DAE
[2.480s] -- Up-to-date symlink: /home/ssfa/ros2_ws/install/two_wheeled_robot/share/two_wheeled_robot/models/aws_robomaker_residential_TVCabinet_01/model.config
[2.480s] -- Up-to-date symlink: /home/ssfa/ros2_ws/install/two_wheeled_robot/share/two_wheeled_robot/models/aws_robomaker_residential_TVCabinet_01/model.sdf
[2.481s] -- Up-to-date symlink: /home/ssfa/ros2_ws/install/two_wheeled_robot/share/two_wheeled_robot/models/aws_robomaker_residential_TV_01/materials/textures/aws_TV_01.png
[2.481s] -- Up-to-date symlink: /home/ssfa/ros2_ws/install/two_wheeled_robot/share/two_wheeled_robot/models/aws_robomaker_residential_TV_01/meshes/aws_TV_01_collision.DAE
[2.481s] -- Up-to-date symlink: /home/ssfa/ros2_ws/install/two_wheeled_robot/share/two_wheeled_robot/models/aws_robomaker_residential_TV_01/meshes/aws_TV_01_visual.DAE
[2.481s] -- Up-to-date symlink: /home/ssfa/ros2_ws/install/two_wheeled_robot/share/two_wheeled_robot/models/aws_robomaker_residential_TV_01/model.config
[2.481s] -- Up-to-date symlink: /home/ssfa/ros2_ws/install/two_wheeled_robot/share/two_wheeled_robot/models/aws_robomaker_residential_TV_01/model.sdf
[2.481s] -- Up-to-date symlink: /home/ssfa/ros2_ws/install/two_wheeled_robot/share/two_wheeled_robot/models/aws_robomaker_residential_TV_02/materials/textures/aws_TV_01.png
[2.481s] -- Up-to-date symlink: /home/ssfa/ros2_ws/install/two_wheeled_robot/share/two_wheeled_robot/models/aws_robomaker_residential_TV_02/meshes/aws_TV_01_collision.DAE
[2.481s] -- Up-to-date symlink: /home/ssfa/ros2_ws/install/two_wheeled_robot/share/two_wheeled_robot/models/aws_robomaker_residential_TV_02/meshes/aws_TV_01_visual.DAE
[2.481s] -- Up-to-date symlink: /home/ssfa/ros2_ws/install/two_wheeled_robot/share/two_wheeled_robot/models/aws_robomaker_residential_TV_02/model.config
[2.481s] -- Up-to-date symlink: /home/ssfa/ros2_ws/install/two_wheeled_robot/share/two_wheeled_robot/models/aws_robomaker_residential_TV_02/model.sdf
[2.481s] -- Up-to-date symlink: /home/ssfa/ros2_ws/install/two_wheeled_robot/share/two_wheeled_robot/models/aws_robomaker_residential_Tablet_01/.DS_Store
[2.481s] -- Up-to-date symlink: /home/ssfa/ros2_ws/install/two_wheeled_robot/share/two_wheeled_robot/models/aws_robomaker_residential_Tablet_01/materials/.DS_Store
[2.481s] -- Up-to-date symlink: /home/ssfa/ros2_ws/install/two_wheeled_robot/share/two_wheeled_robot/models/aws_robomaker_residential_Tablet_01/materials/textures/aws_Tablet_01_nologo.png
[2.482s] -- Up-to-date symlink: /home/ssfa/ros2_ws/install/two_wheeled_robot/share/two_wheeled_robot/models/aws_robomaker_residential_Tablet_01/meshes/aws_Tablet_01_collision.DAE
[2.482s] -- Up-to-date symlink: /home/ssfa/ros2_ws/install/two_wheeled_robot/share/two_wheeled_robot/models/aws_robomaker_residential_Tablet_01/meshes/aws_Tablet_01_visual.DAE
[2.482s] -- Up-to-date symlink: /home/ssfa/ros2_ws/install/two_wheeled_robot/share/two_wheeled_robot/models/aws_robomaker_residential_Tablet_01/model.config
[2.482s] -- Up-to-date symlink: /home/ssfa/ros2_ws/install/two_wheeled_robot/share/two_wheeled_robot/models/aws_robomaker_residential_Tablet_01/model.sdf
[2.482s] -- Up-to-date symlink: /home/ssfa/ros2_ws/install/two_wheeled_robot/share/two_wheeled_robot/models/aws_robomaker_residential_Tableware_01/materials/textures/aws_Tableware_01.png
[2.482s] -- Up-to-date symlink: /home/ssfa/ros2_ws/install/two_wheeled_robot/share/two_wheeled_robot/models/aws_robomaker_residential_Tableware_01/meshes/aws_Tableware_01_collision.DAE
[2.482s] -- Up-to-date symlink: /home/ssfa/ros2_ws/install/two_wheeled_robot/share/two_wheeled_robot/models/aws_robomaker_residential_Tableware_01/meshes/aws_Tableware_01_visual.DAE
[2.482s] -- Up-to-date symlink: /home/ssfa/ros2_ws/install/two_wheeled_robot/share/two_wheeled_robot/models/aws_robomaker_residential_Tableware_01/model.config
[2.482s] -- Up-to-date symlink: /home/ssfa/ros2_ws/install/two_wheeled_robot/share/two_wheeled_robot/models/aws_robomaker_residential_Tableware_01/model.sdf
[2.482s] -- Up-to-date symlink: /home/ssfa/ros2_ws/install/two_wheeled_robot/share/two_wheeled_robot/models/aws_robomaker_residential_Trash_01/materials/textures/aws_Trash_01.png
[2.482s] -- Up-to-date symlink: /home/ssfa/ros2_ws/install/two_wheeled_robot/share/two_wheeled_robot/models/aws_robomaker_residential_Trash_01/meshes/aws_Trash_01_collision.DAE
[2.483s] -- Up-to-date symlink: /home/ssfa/ros2_ws/install/two_wheeled_robot/share/two_wheeled_robot/models/aws_robomaker_residential_Trash_01/meshes/aws_Trash_01_visual.DAE
[2.483s] -- Up-to-date symlink: /home/ssfa/ros2_ws/install/two_wheeled_robot/share/two_wheeled_robot/models/aws_robomaker_residential_Trash_01/model.config
[2.483s] -- Up-to-date symlink: /home/ssfa/ros2_ws/install/two_wheeled_robot/share/two_wheeled_robot/models/aws_robomaker_residential_Trash_01/model.sdf
[2.483s] -- Up-to-date symlink: /home/ssfa/ros2_ws/install/two_wheeled_robot/share/two_wheeled_robot/models/aws_robomaker_residential_Vase_01/materials/textures/aws_Vase_01.png
[2.483s] -- Up-to-date symlink: /home/ssfa/ros2_ws/install/two_wheeled_robot/share/two_wheeled_robot/models/aws_robomaker_residential_Vase_01/meshes/aws_Vase_01_collision.DAE
[2.483s] -- Up-to-date symlink: /home/ssfa/ros2_ws/install/two_wheeled_robot/share/two_wheeled_robot/models/aws_robomaker_residential_Vase_01/meshes/aws_Vase_01_visual.DAE
[2.483s] -- Up-to-date symlink: /home/ssfa/ros2_ws/install/two_wheeled_robot/share/two_wheeled_robot/models/aws_robomaker_residential_Vase_01/model.config
[2.483s] -- Up-to-date symlink: /home/ssfa/ros2_ws/install/two_wheeled_robot/share/two_wheeled_robot/models/aws_robomaker_residential_Vase_01/model.sdf
[2.483s] -- Up-to-date symlink: /home/ssfa/ros2_ws/install/two_wheeled_robot/share/two_wheeled_robot/models/aws_robomaker_residential_Wardrobe_01/materials/textures/aws_Wardrobe_01.png
[2.483s] -- Up-to-date symlink: /home/ssfa/ros2_ws/install/two_wheeled_robot/share/two_wheeled_robot/models/aws_robomaker_residential_Wardrobe_01/meshes/aws_Wardrobe_01_collision.DAE
[2.483s] -- Up-to-date symlink: /home/ssfa/ros2_ws/install/two_wheeled_robot/share/two_wheeled_robot/models/aws_robomaker_residential_Wardrobe_01/meshes/aws_Wardrobe_01_visual.DAE
[2.484s] -- Up-to-date symlink: /home/ssfa/ros2_ws/install/two_wheeled_robot/share/two_wheeled_robot/models/aws_robomaker_residential_Wardrobe_01/model.config
[2.484s] -- Up-to-date symlink: /home/ssfa/ros2_ws/install/two_wheeled_robot/share/two_wheeled_robot/models/aws_robomaker_residential_Wardrobe_01/model.sdf
[2.484s] -- Up-to-date symlink: /home/ssfa/ros2_ws/install/two_wheeled_robot/share/two_wheeled_robot/models/aws_robomaker_retail_BookshelfB_01/materials/textures/aws_BookshelfB_01.png
[2.484s] -- Up-to-date symlink: /home/ssfa/ros2_ws/install/two_wheeled_robot/share/two_wheeled_robot/models/aws_robomaker_retail_BookshelfB_01/materials/textures/aws_BookshelfB_02.png
[2.484s] -- Up-to-date symlink: /home/ssfa/ros2_ws/install/two_wheeled_robot/share/two_wheeled_robot/models/aws_robomaker_retail_BookshelfB_01/meshes/aws_BookshelfB_01_collision.DAE
[2.484s] -- Up-to-date symlink: /home/ssfa/ros2_ws/install/two_wheeled_robot/share/two_wheeled_robot/models/aws_robomaker_retail_BookshelfB_01/meshes/aws_BookshelfB_01_visual.DAE
[2.484s] -- Up-to-date symlink: /home/ssfa/ros2_ws/install/two_wheeled_robot/share/two_wheeled_robot/models/aws_robomaker_retail_BookshelfB_01/model.config
[2.484s] -- Up-to-date symlink: /home/ssfa/ros2_ws/install/two_wheeled_robot/share/two_wheeled_robot/models/aws_robomaker_retail_BookshelfB_01/model.sdf
[2.484s] -- Up-to-date symlink: /home/ssfa/ros2_ws/install/two_wheeled_robot/share/two_wheeled_robot/models/aws_robomaker_retail_Computer_01/materials/textures/aws_Computer_01.png
[2.484s] -- Up-to-date symlink: /home/ssfa/ros2_ws/install/two_wheeled_robot/share/two_wheeled_robot/models/aws_robomaker_retail_Computer_01/meshes/aws_Computer_01_collision.DAE
[2.485s] -- Up-to-date symlink: /home/ssfa/ros2_ws/install/two_wheeled_robot/share/two_wheeled_robot/models/aws_robomaker_retail_Computer_01/meshes/aws_Computer_01_visual.DAE
[2.485s] -- Up-to-date symlink: /home/ssfa/ros2_ws/install/two_wheeled_robot/share/two_wheeled_robot/models/aws_robomaker_retail_Computer_01/model.config
[2.485s] -- Up-to-date symlink: /home/ssfa/ros2_ws/install/two_wheeled_robot/share/two_wheeled_robot/models/aws_robomaker_retail_Computer_01/model.sdf
[2.485s] -- Up-to-date symlink: /home/ssfa/ros2_ws/install/two_wheeled_robot/share/two_wheeled_robot/models/aws_robomaker_warehouse_Bucket_01/.DS_Store
[2.485s] -- Up-to-date symlink: /home/ssfa/ros2_ws/install/two_wheeled_robot/share/two_wheeled_robot/models/aws_robomaker_warehouse_Bucket_01/materials/.DS_Store
[2.485s] -- Up-to-date symlink: /home/ssfa/ros2_ws/install/two_wheeled_robot/share/two_wheeled_robot/models/aws_robomaker_warehouse_Bucket_01/materials/textures/aws_robomaker_warehouse_Bucket_01.png
[2.485s] -- Up-to-date symlink: /home/ssfa/ros2_ws/install/two_wheeled_robot/share/two_wheeled_robot/models/aws_robomaker_warehouse_Bucket_01/meshes/aws_robomaker_warehouse_Bucket_01_collision.DAE
[2.485s] -- Up-to-date symlink: /home/ssfa/ros2_ws/install/two_wheeled_robot/share/two_wheeled_robot/models/aws_robomaker_warehouse_Bucket_01/meshes/aws_robomaker_warehouse_Bucket_01_visual.DAE
[2.485s] -- Up-to-date symlink: /home/ssfa/ros2_ws/install/two_wheeled_robot/share/two_wheeled_robot/models/aws_robomaker_warehouse_Bucket_01/model.config
[2.485s] -- Up-to-date symlink: /home/ssfa/ros2_ws/install/two_wheeled_robot/share/two_wheeled_robot/models/aws_robomaker_warehouse_Bucket_01/model.sdf
[2.486s] -- Up-to-date symlink: /home/ssfa/ros2_ws/install/two_wheeled_robot/share/two_wheeled_robot/models/aws_robomaker_warehouse_ClutteringA_01/.DS_Store
[2.486s] -- Up-to-date symlink: /home/ssfa/ros2_ws/install/two_wheeled_robot/share/two_wheeled_robot/models/aws_robomaker_warehouse_ClutteringA_01/materials/.DS_Store
[2.486s] -- Up-to-date symlink: /home/ssfa/ros2_ws/install/two_wheeled_robot/share/two_wheeled_robot/models/aws_robomaker_warehouse_ClutteringA_01/materials/textures/.DS_Store
[2.486s] -- Up-to-date symlink: /home/ssfa/ros2_ws/install/two_wheeled_robot/share/two_wheeled_robot/models/aws_robomaker_warehouse_ClutteringA_01/materials/textures/aws_robomaker_warehouse_ClutteringA_01.png
[2.486s] -- Up-to-date symlink: /home/ssfa/ros2_ws/install/two_wheeled_robot/share/two_wheeled_robot/models/aws_robomaker_warehouse_ClutteringA_01/materials/textures/aws_robomaker_warehouse_ClutteringA_02.png
[2.486s] -- Up-to-date symlink: /home/ssfa/ros2_ws/install/two_wheeled_robot/share/two_wheeled_robot/models/aws_robomaker_warehouse_ClutteringA_01/materials/textures/aws_robomaker_warehouse_ClutteringA_03.png
[2.486s] -- Up-to-date symlink: /home/ssfa/ros2_ws/install/two_wheeled_robot/share/two_wheeled_robot/models/aws_robomaker_warehouse_ClutteringA_01/meshes/aws_robomaker_warehouse_ClutteringA_01_collision.DAE
[2.486s] -- Up-to-date symlink: /home/ssfa/ros2_ws/install/two_wheeled_robot/share/two_wheeled_robot/models/aws_robomaker_warehouse_ClutteringA_01/meshes/aws_robomaker_warehouse_ClutteringA_01_visual.DAE
[2.486s] -- Up-to-date symlink: /home/ssfa/ros2_ws/install/two_wheeled_robot/share/two_wheeled_robot/models/aws_robomaker_warehouse_ClutteringA_01/model.config
[2.486s] -- Up-to-date symlink: /home/ssfa/ros2_ws/install/two_wheeled_robot/share/two_wheeled_robot/models/aws_robomaker_warehouse_ClutteringA_01/model.sdf
[2.486s] -- Up-to-date symlink: /home/ssfa/ros2_ws/install/two_wheeled_robot/share/two_wheeled_robot/models/aws_robomaker_warehouse_ClutteringC_01/materials/textures/aws_robomaker_warehouse_ClutteringC_01.png
[2.487s] -- Up-to-date symlink: /home/ssfa/ros2_ws/install/two_wheeled_robot/share/two_wheeled_robot/models/aws_robomaker_warehouse_ClutteringC_01/materials/textures/aws_robomaker_warehouse_ClutteringC_02.png
[2.487s] -- Up-to-date symlink: /home/ssfa/ros2_ws/install/two_wheeled_robot/share/two_wheeled_robot/models/aws_robomaker_warehouse_ClutteringC_01/meshes/aws_robomaker_warehouse_ClutteringC_01_collision.DAE
[2.487s] -- Up-to-date symlink: /home/ssfa/ros2_ws/install/two_wheeled_robot/share/two_wheeled_robot/models/aws_robomaker_warehouse_ClutteringC_01/meshes/aws_robomaker_warehouse_ClutteringC_01_visual.DAE
[2.487s] -- Up-to-date symlink: /home/ssfa/ros2_ws/install/two_wheeled_robot/share/two_wheeled_robot/models/aws_robomaker_warehouse_ClutteringC_01/model.config
[2.487s] -- Up-to-date symlink: /home/ssfa/ros2_ws/install/two_wheeled_robot/share/two_wheeled_robot/models/aws_robomaker_warehouse_ClutteringC_01/model.sdf
[2.487s] -- Up-to-date symlink: /home/ssfa/ros2_ws/install/two_wheeled_robot/share/two_wheeled_robot/models/aws_robomaker_warehouse_ClutteringD_01/materials/textures/aws_robomaker_warehouse_ClutteringD_01.png
[2.487s] -- Up-to-date symlink: /home/ssfa/ros2_ws/install/two_wheeled_robot/share/two_wheeled_robot/models/aws_robomaker_warehouse_ClutteringD_01/materials/textures/aws_robomaker_warehouse_ClutteringD_02.png
[2.487s] -- Up-to-date symlink: /home/ssfa/ros2_ws/install/two_wheeled_robot/share/two_wheeled_robot/models/aws_robomaker_warehouse_ClutteringD_01/meshes/aws_robomaker_warehouse_ClutteringD_01_collision.DAE
[2.487s] -- Up-to-date symlink: /home/ssfa/ros2_ws/install/two_wheeled_robot/share/two_wheeled_robot/models/aws_robomaker_warehouse_ClutteringD_01/meshes/aws_robomaker_warehouse_ClutteringD_01_visual.DAE
[2.487s] -- Up-to-date symlink: /home/ssfa/ros2_ws/install/two_wheeled_robot/share/two_wheeled_robot/models/aws_robomaker_warehouse_ClutteringD_01/model.config
[2.487s] -- Up-to-date symlink: /home/ssfa/ros2_ws/install/two_wheeled_robot/share/two_wheeled_robot/models/aws_robomaker_warehouse_ClutteringD_01/model.sdf
[2.487s] -- Up-to-date symlink: /home/ssfa/ros2_ws/install/two_wheeled_robot/share/two_wheeled_robot/models/aws_robomaker_warehouse_DeskC_01/materials/.DS_Store
[2.487s] -- Up-to-date symlink: /home/ssfa/ros2_ws/install/two_wheeled_robot/share/two_wheeled_robot/models/aws_robomaker_warehouse_DeskC_01/materials/textures/aws_robomaker_warehouse_DeskC_01.png
[2.488s] -- Up-to-date symlink: /home/ssfa/ros2_ws/install/two_wheeled_robot/share/two_wheeled_robot/models/aws_robomaker_warehouse_DeskC_01/materials/textures/aws_robomaker_warehouse_DeskC_02.png
[2.488s] -- Up-to-date symlink: /home/ssfa/ros2_ws/install/two_wheeled_robot/share/two_wheeled_robot/models/aws_robomaker_warehouse_DeskC_01/materials/textures/aws_robomaker_warehouse_DeskC_03.png
[2.488s] -- Up-to-date symlink: /home/ssfa/ros2_ws/install/two_wheeled_robot/share/two_wheeled_robot/models/aws_robomaker_warehouse_DeskC_01/materials/textures/aws_robomaker_warehouse_DeskC_03.psd
[2.488s] -- Up-to-date symlink: /home/ssfa/ros2_ws/install/two_wheeled_robot/share/two_wheeled_robot/models/aws_robomaker_warehouse_DeskC_01/materials/textures/aws_robomaker_warehouse_DeskC_04.png
[2.488s] -- Up-to-date symlink: /home/ssfa/ros2_ws/install/two_wheeled_robot/share/two_wheeled_robot/models/aws_robomaker_warehouse_DeskC_01/meshes/aws_robomaker_warehouse_DeskC_01_collision.DAE
[2.488s] -- Up-to-date symlink: /home/ssfa/ros2_ws/install/two_wheeled_robot/share/two_wheeled_robot/models/aws_robomaker_warehouse_DeskC_01/meshes/aws_robomaker_warehouse_DeskC_01_visual.DAE
[2.488s] -- Up-to-date symlink: /home/ssfa/ros2_ws/install/two_wheeled_robot/share/two_wheeled_robot/models/aws_robomaker_warehouse_DeskC_01/model.config
[2.488s] -- Up-to-date symlink: /home/ssfa/ros2_ws/install/two_wheeled_robot/share/two_wheeled_robot/models/aws_robomaker_warehouse_DeskC_01/model.sdf
[2.488s] -- Up-to-date symlink: /home/ssfa/ros2_ws/install/two_wheeled_robot/share/two_wheeled_robot/models/aws_robomaker_warehouse_GroundB_01/materials/textures/aws_robomaker_warehouse_GroundB_01.png
[2.488s] -- Up-to-date symlink: /home/ssfa/ros2_ws/install/two_wheeled_robot/share/two_wheeled_robot/models/aws_robomaker_warehouse_GroundB_01/materials/textures/aws_robomaker_warehouse_GroundB_02.png
[2.488s] -- Up-to-date symlink: /home/ssfa/ros2_ws/install/two_wheeled_robot/share/two_wheeled_robot/models/aws_robomaker_warehouse_GroundB_01/meshes/aws_robomaker_warehouse_GroundB_01_collision.DAE
[2.488s] -- Up-to-date symlink: /home/ssfa/ros2_ws/install/two_wheeled_robot/share/two_wheeled_robot/models/aws_robomaker_warehouse_GroundB_01/meshes/aws_robomaker_warehouse_GroundB_01_visual.DAE
[2.489s] -- Up-to-date symlink: /home/ssfa/ros2_ws/install/two_wheeled_robot/share/two_wheeled_robot/models/aws_robomaker_warehouse_GroundB_01/model.config
[2.489s] -- Up-to-date symlink: /home/ssfa/ros2_ws/install/two_wheeled_robot/share/two_wheeled_robot/models/aws_robomaker_warehouse_GroundB_01/model.sdf
[2.489s] -- Up-to-date symlink: /home/ssfa/ros2_ws/install/two_wheeled_robot/share/two_wheeled_robot/models/aws_robomaker_warehouse_Lamp_01/materials/textures/aws_robomaker_warehouse_Lamp_01.png
[2.489s] -- Up-to-date symlink: /home/ssfa/ros2_ws/install/two_wheeled_robot/share/two_wheeled_robot/models/aws_robomaker_warehouse_Lamp_01/meshes/aws_robomaker_warehouse_Lamp_01_collision.DAE
[2.489s] -- Up-to-date symlink: /home/ssfa/ros2_ws/install/two_wheeled_robot/share/two_wheeled_robot/models/aws_robomaker_warehouse_Lamp_01/meshes/aws_robomaker_warehouse_Lamp_01_visual.DAE
[2.489s] -- Up-to-date symlink: /home/ssfa/ros2_ws/install/two_wheeled_robot/share/two_wheeled_robot/models/aws_robomaker_warehouse_Lamp_01/model.config
[2.489s] -- Up-to-date symlink: /home/ssfa/ros2_ws/install/two_wheeled_robot/share/two_wheeled_robot/models/aws_robomaker_warehouse_Lamp_01/model.sdf
[2.489s] -- Up-to-date symlink: /home/ssfa/ros2_ws/install/two_wheeled_robot/share/two_wheeled_robot/models/aws_robomaker_warehouse_PalletJackB_01/.DS_Store
[2.489s] -- Up-to-date symlink: /home/ssfa/ros2_ws/install/two_wheeled_robot/share/two_wheeled_robot/models/aws_robomaker_warehouse_PalletJackB_01/materials/.DS_Store
[2.489s] -- Up-to-date symlink: /home/ssfa/ros2_ws/install/two_wheeled_robot/share/two_wheeled_robot/models/aws_robomaker_warehouse_PalletJackB_01/materials/textures/aws_robomaker_warehouse_PalletJackB_01.png
[2.489s] -- Up-to-date symlink: /home/ssfa/ros2_ws/install/two_wheeled_robot/share/two_wheeled_robot/models/aws_robomaker_warehouse_PalletJackB_01/materials/textures/aws_robomaker_warehouse_PalletJackB_02.png
[2.490s] -- Up-to-date symlink: /home/ssfa/ros2_ws/install/two_wheeled_robot/share/two_wheeled_robot/models/aws_robomaker_warehouse_PalletJackB_01/meshes/aws_robomaker_warehouse_PalletJackB_01_collision.DAE
[2.490s] -- Up-to-date symlink: /home/ssfa/ros2_ws/install/two_wheeled_robot/share/two_wheeled_robot/models/aws_robomaker_warehouse_PalletJackB_01/meshes/aws_robomaker_warehouse_PalletJackB_01_visual.DAE
[2.490s] -- Up-to-date symlink: /home/ssfa/ros2_ws/install/two_wheeled_robot/share/two_wheeled_robot/models/aws_robomaker_warehouse_PalletJackB_01/model.config
[2.490s] -- Up-to-date symlink: /home/ssfa/ros2_ws/install/two_wheeled_robot/share/two_wheeled_robot/models/aws_robomaker_warehouse_PalletJackB_01/model.sdf
[2.490s] -- Up-to-date symlink: /home/ssfa/ros2_ws/install/two_wheeled_robot/share/two_wheeled_robot/models/aws_robomaker_warehouse_RoofB_01/materials/textures/aws_robomaker_warehouse_RoofB_01.png
[2.490s] -- Up-to-date symlink: /home/ssfa/ros2_ws/install/two_wheeled_robot/share/two_wheeled_robot/models/aws_robomaker_warehouse_RoofB_01/meshes/aws_robomaker_warehouse_RoofB_01_collision.DAE
[2.490s] -- Up-to-date symlink: /home/ssfa/ros2_ws/install/two_wheeled_robot/share/two_wheeled_robot/models/aws_robomaker_warehouse_RoofB_01/meshes/aws_robomaker_warehouse_RoofB_01_visual.DAE
[2.490s] -- Up-to-date symlink: /home/ssfa/ros2_ws/install/two_wheeled_robot/share/two_wheeled_robot/models/aws_robomaker_warehouse_RoofB_01/model.config
[2.490s] -- Up-to-date symlink: /home/ssfa/ros2_ws/install/two_wheeled_robot/share/two_wheeled_robot/models/aws_robomaker_warehouse_RoofB_01/model.sdf
[2.490s] -- Up-to-date symlink: /home/ssfa/ros2_ws/install/two_wheeled_robot/share/two_wheeled_robot/models/aws_robomaker_warehouse_ShelfD_01/materials/textures/aws_robomaker_warehouse_ShelfD_01.png
[2.490s] -- Up-to-date symlink: /home/ssfa/ros2_ws/install/two_wheeled_robot/share/two_wheeled_robot/models/aws_robomaker_warehouse_ShelfD_01/materials/textures/aws_robomaker_warehouse_ShelfD_02.png
[2.490s] -- Up-to-date symlink: /home/ssfa/ros2_ws/install/two_wheeled_robot/share/two_wheeled_robot/models/aws_robomaker_warehouse_ShelfD_01/materials/textures/aws_robomaker_warehouse_ShelfD_03.png
[2.491s] -- Up-to-date symlink: /home/ssfa/ros2_ws/install/two_wheeled_robot/share/two_wheeled_robot/models/aws_robomaker_warehouse_ShelfD_01/materials/textures/aws_robomaker_warehouse_ShelfD_04.png
[2.491s] -- Up-to-date symlink: /home/ssfa/ros2_ws/install/two_wheeled_robot/share/two_wheeled_robot/models/aws_robomaker_warehouse_ShelfD_01/meshes/aws_robomaker_warehouse_ShelfD_01_collision.DAE
[2.491s] -- Up-to-date symlink: /home/ssfa/ros2_ws/install/two_wheeled_robot/share/two_wheeled_robot/models/aws_robomaker_warehouse_ShelfD_01/meshes/aws_robomaker_warehouse_ShelfD_01_visual.DAE
[2.491s] -- Up-to-date symlink: /home/ssfa/ros2_ws/install/two_wheeled_robot/share/two_wheeled_robot/models/aws_robomaker_warehouse_ShelfD_01/model.config
[2.491s] -- Up-to-date symlink: /home/ssfa/ros2_ws/install/two_wheeled_robot/share/two_wheeled_robot/models/aws_robomaker_warehouse_ShelfD_01/model.sdf
[2.491s] -- Up-to-date symlink: /home/ssfa/ros2_ws/install/two_wheeled_robot/share/two_wheeled_robot/models/aws_robomaker_warehouse_ShelfE_01/.DS_Store
[2.491s] -- Up-to-date symlink: /home/ssfa/ros2_ws/install/two_wheeled_robot/share/two_wheeled_robot/models/aws_robomaker_warehouse_ShelfE_01/materials/.DS_Store
[2.491s] -- Up-to-date symlink: /home/ssfa/ros2_ws/install/two_wheeled_robot/share/two_wheeled_robot/models/aws_robomaker_warehouse_ShelfE_01/materials/textures/aws_robomaker_warehouse_ShelfE_01.png
[2.491s] -- Up-to-date symlink: /home/ssfa/ros2_ws/install/two_wheeled_robot/share/two_wheeled_robot/models/aws_robomaker_warehouse_ShelfE_01/materials/textures/aws_robomaker_warehouse_ShelfE_02.png
[2.491s] -- Up-to-date symlink: /home/ssfa/ros2_ws/install/two_wheeled_robot/share/two_wheeled_robot/models/aws_robomaker_warehouse_ShelfE_01/materials/textures/aws_robomaker_warehouse_ShelfE_03.png
[2.491s] -- Up-to-date symlink: /home/ssfa/ros2_ws/install/two_wheeled_robot/share/two_wheeled_robot/models/aws_robomaker_warehouse_ShelfE_01/materials/textures/aws_robomaker_warehouse_ShelfE_04.png
[2.491s] -- Up-to-date symlink: /home/ssfa/ros2_ws/install/two_wheeled_robot/share/two_wheeled_robot/models/aws_robomaker_warehouse_ShelfE_01/meshes/aws_robomaker_warehouse_ShelfE_01_collision.DAE
[2.492s] -- Up-to-date symlink: /home/ssfa/ros2_ws/install/two_wheeled_robot/share/two_wheeled_robot/models/aws_robomaker_warehouse_ShelfE_01/meshes/aws_robomaker_warehouse_ShelfE_01_visual.DAE
[2.492s] -- Up-to-date symlink: /home/ssfa/ros2_ws/install/two_wheeled_robot/share/two_wheeled_robot/models/aws_robomaker_warehouse_ShelfE_01/model.config
[2.492s] -- Up-to-date symlink: /home/ssfa/ros2_ws/install/two_wheeled_robot/share/two_wheeled_robot/models/aws_robomaker_warehouse_ShelfE_01/model.sdf
[2.492s] -- Up-to-date symlink: /home/ssfa/ros2_ws/install/two_wheeled_robot/share/two_wheeled_robot/models/aws_robomaker_warehouse_ShelfF_01/materials/textures/aws_robomaker_warehouse_ShelfF_01.png
[2.492s] -- Up-to-date symlink: /home/ssfa/ros2_ws/install/two_wheeled_robot/share/two_wheeled_robot/models/aws_robomaker_warehouse_ShelfF_01/materials/textures/aws_robomaker_warehouse_ShelfF_02.png
[2.492s] -- Up-to-date symlink: /home/ssfa/ros2_ws/install/two_wheeled_robot/share/two_wheeled_robot/models/aws_robomaker_warehouse_ShelfF_01/materials/textures/aws_robomaker_warehouse_ShelfF_03.png
[2.492s] -- Up-to-date symlink: /home/ssfa/ros2_ws/install/two_wheeled_robot/share/two_wheeled_robot/models/aws_robomaker_warehouse_ShelfF_01/meshes/aws_robomaker_warehouse_ShelfF_01_collision.DAE
[2.492s] -- Up-to-date symlink: /home/ssfa/ros2_ws/install/two_wheeled_robot/share/two_wheeled_robot/models/aws_robomaker_warehouse_ShelfF_01/meshes/aws_robomaker_warehouse_ShelfF_01_visual.DAE
[2.492s] -- Up-to-date symlink: /home/ssfa/ros2_ws/install/two_wheeled_robot/share/two_wheeled_robot/models/aws_robomaker_warehouse_ShelfF_01/model.config
[2.492s] -- Up-to-date symlink: /home/ssfa/ros2_ws/install/two_wheeled_robot/share/two_wheeled_robot/models/aws_robomaker_warehouse_ShelfF_01/model.sdf
[2.492s] -- Up-to-date symlink: /home/ssfa/ros2_ws/install/two_wheeled_robot/share/two_wheeled_robot/models/aws_robomaker_warehouse_TrashCanC_01/materials/textures/aws_robomaker_warehouse_TrashCanC_01.png
[2.492s] -- Up-to-date symlink: /home/ssfa/ros2_ws/install/two_wheeled_robot/share/two_wheeled_robot/models/aws_robomaker_warehouse_TrashCanC_01/meshes/aws_robomaker_warehouse_TrashCanC_01_collision.DAE
[2.492s] -- Up-to-date symlink: /home/ssfa/ros2_ws/install/two_wheeled_robot/share/two_wheeled_robot/models/aws_robomaker_warehouse_TrashCanC_01/meshes/aws_robomaker_warehouse_TrashCanC_01_visual.DAE
[2.492s] -- Up-to-date symlink: /home/ssfa/ros2_ws/install/two_wheeled_robot/share/two_wheeled_robot/models/aws_robomaker_warehouse_TrashCanC_01/model.config
[2.492s] -- Up-to-date symlink: /home/ssfa/ros2_ws/install/two_wheeled_robot/share/two_wheeled_robot/models/aws_robomaker_warehouse_TrashCanC_01/model.sdf
[2.492s] -- Up-to-date symlink: /home/ssfa/ros2_ws/install/two_wheeled_robot/share/two_wheeled_robot/models/aws_robomaker_warehouse_WallB_01/materials/textures/aws_robomaker_warehouse_WallB_01.png
[2.492s] -- Up-to-date symlink: /home/ssfa/ros2_ws/install/two_wheeled_robot/share/two_wheeled_robot/models/aws_robomaker_warehouse_WallB_01/meshes/aws_robomaker_warehouse_WallB_01_collision.DAE
[2.492s] -- Up-to-date symlink: /home/ssfa/ros2_ws/install/two_wheeled_robot/share/two_wheeled_robot/models/aws_robomaker_warehouse_WallB_01/meshes/aws_robomaker_warehouse_WallB_01_visual.DAE
[2.492s] -- Up-to-date symlink: /home/ssfa/ros2_ws/install/two_wheeled_robot/share/two_wheeled_robot/models/aws_robomaker_warehouse_WallB_01/model.config
[2.492s] -- Up-to-date symlink: /home/ssfa/ros2_ws/install/two_wheeled_robot/share/two_wheeled_robot/models/aws_robomaker_warehouse_WallB_01/model.sdf
[2.492s] -- Up-to-date symlink: /home/ssfa/ros2_ws/install/two_wheeled_robot/share/two_wheeled_robot/models/bathroom_sink/materials/textures/bathroom_sink_diffuse.png
[2.492s] -- Up-to-date symlink: /home/ssfa/ros2_ws/install/two_wheeled_robot/share/two_wheeled_robot/models/bathroom_sink/materials/textures/bathroom_sink_specular.png
[2.493s] -- Up-to-date symlink: /home/ssfa/ros2_ws/install/two_wheeled_robot/share/two_wheeled_robot/models/bathroom_sink/meshes/bathroom_sink.dae
[2.493s] -- Up-to-date symlink: /home/ssfa/ros2_ws/install/two_wheeled_robot/share/two_wheeled_robot/models/bathroom_sink/model.config
[2.493s] -- Up-to-date symlink: /home/ssfa/ros2_ws/install/two_wheeled_robot/share/two_wheeled_robot/models/bathroom_sink/model.sdf
[2.493s] -- Up-to-date symlink: /home/ssfa/ros2_ws/install/two_wheeled_robot/share/two_wheeled_robot/models/beer/materials/scripts/beer.material
[2.493s] -- Up-to-date symlink: /home/ssfa/ros2_ws/install/two_wheeled_robot/share/two_wheeled_robot/models/beer/materials/textures/beer.png
[2.493s] -- Up-to-date symlink: /home/ssfa/ros2_ws/install/two_wheeled_robot/share/two_wheeled_robot/models/beer/model-1_4.sdf
[2.493s] -- Up-to-date symlink: /home/ssfa/ros2_ws/install/two_wheeled_robot/share/two_wheeled_robot/models/beer/model.config
[2.493s] -- Up-to-date symlink: /home/ssfa/ros2_ws/install/two_wheeled_robot/share/two_wheeled_robot/models/beer/model.sdf
[2.493s] -- Up-to-date symlink: /home/ssfa/ros2_ws/install/two_wheeled_robot/share/two_wheeled_robot/models/big_box/materials/textures/Kraft_Tile.jpg
[2.493s] -- Up-to-date symlink: /home/ssfa/ros2_ws/install/two_wheeled_robot/share/two_wheeled_robot/models/big_box/materials/textures/barcode.png
[2.493s] -- Up-to-date symlink: /home/ssfa/ros2_ws/install/two_wheeled_robot/share/two_wheeled_robot/models/big_box/materials/textures/front.pdn
[2.493s] -- Up-to-date symlink: /home/ssfa/ros2_ws/install/two_wheeled_robot/share/two_wheeled_robot/models/big_box/materials/textures/front.png
[2.493s] -- Up-to-date symlink: /home/ssfa/ros2_ws/install/two_wheeled_robot/share/two_wheeled_robot/models/big_box/materials/textures/side1.pdn
[2.493s] -- Up-to-date symlink: /home/ssfa/ros2_ws/install/two_wheeled_robot/share/two_wheeled_robot/models/big_box/materials/textures/side1.png
[2.493s] -- Up-to-date symlink: /home/ssfa/ros2_ws/install/two_wheeled_robot/share/two_wheeled_robot/models/big_box/materials/textures/side2.pdn
[2.493s] -- Up-to-date symlink: /home/ssfa/ros2_ws/install/two_wheeled_robot/share/two_wheeled_robot/models/big_box/materials/textures/side2.png
[2.493s] -- Up-to-date symlink: /home/ssfa/ros2_ws/install/two_wheeled_robot/share/two_wheeled_robot/models/big_box/meshes/big_box.dae
[2.493s] -- Up-to-date symlink: /home/ssfa/ros2_ws/install/two_wheeled_robot/share/two_wheeled_robot/models/big_box/model.config
[2.493s] -- Up-to-date symlink: /home/ssfa/ros2_ws/install/two_wheeled_robot/share/two_wheeled_robot/models/big_box/model.sdf
[2.493s] -- Up-to-date symlink: /home/ssfa/ros2_ws/install/two_wheeled_robot/share/two_wheeled_robot/models/big_box2/materials/textures/Kraft_Tile.jpg
[2.493s] -- Up-to-date symlink: /home/ssfa/ros2_ws/install/two_wheeled_robot/share/two_wheeled_robot/models/big_box2/materials/textures/barcode.png
[2.493s] -- Up-to-date symlink: /home/ssfa/ros2_ws/install/two_wheeled_robot/share/two_wheeled_robot/models/big_box2/materials/textures/front.pdn
[2.493s] -- Up-to-date symlink: /home/ssfa/ros2_ws/install/two_wheeled_robot/share/two_wheeled_robot/models/big_box2/materials/textures/front.png
[2.493s] -- Up-to-date symlink: /home/ssfa/ros2_ws/install/two_wheeled_robot/share/two_wheeled_robot/models/big_box2/materials/textures/side1.pdn
[2.493s] -- Up-to-date symlink: /home/ssfa/ros2_ws/install/two_wheeled_robot/share/two_wheeled_robot/models/big_box2/materials/textures/side1.png
[2.493s] -- Up-to-date symlink: /home/ssfa/ros2_ws/install/two_wheeled_robot/share/two_wheeled_robot/models/big_box2/materials/textures/side2.pdn
[2.493s] -- Up-to-date symlink: /home/ssfa/ros2_ws/install/two_wheeled_robot/share/two_wheeled_robot/models/big_box2/materials/textures/side2.png
[2.493s] -- Up-to-date symlink: /home/ssfa/ros2_ws/install/two_wheeled_robot/share/two_wheeled_robot/models/big_box2/meshes/big_box.dae
[2.493s] -- Up-to-date symlink: /home/ssfa/ros2_ws/install/two_wheeled_robot/share/two_wheeled_robot/models/big_box2/model.config
[2.493s] -- Up-to-date symlink: /home/ssfa/ros2_ws/install/two_wheeled_robot/share/two_wheeled_robot/models/big_box2/model.sdf
[2.494s] -- Up-to-date symlink: /home/ssfa/ros2_ws/install/two_wheeled_robot/share/two_wheeled_robot/models/big_box3/materials/textures/Kraft_Tile.jpg
[2.494s] -- Up-to-date symlink: /home/ssfa/ros2_ws/install/two_wheeled_robot/share/two_wheeled_robot/models/big_box3/materials/textures/barcode.png
[2.494s] -- Up-to-date symlink: /home/ssfa/ros2_ws/install/two_wheeled_robot/share/two_wheeled_robot/models/big_box3/materials/textures/front.pdn
[2.494s] -- Up-to-date symlink: /home/ssfa/ros2_ws/install/two_wheeled_robot/share/two_wheeled_robot/models/big_box3/materials/textures/front.png
[2.494s] -- Up-to-date symlink: /home/ssfa/ros2_ws/install/two_wheeled_robot/share/two_wheeled_robot/models/big_box3/materials/textures/side1.pdn
[2.494s] -- Up-to-date symlink: /home/ssfa/ros2_ws/install/two_wheeled_robot/share/two_wheeled_robot/models/big_box3/materials/textures/side1.png
[2.494s] -- Up-to-date symlink: /home/ssfa/ros2_ws/install/two_wheeled_robot/share/two_wheeled_robot/models/big_box3/materials/textures/side2.pdn
[2.494s] -- Up-to-date symlink: /home/ssfa/ros2_ws/install/two_wheeled_robot/share/two_wheeled_robot/models/big_box3/materials/textures/side2.png
[2.494s] -- Up-to-date symlink: /home/ssfa/ros2_ws/install/two_wheeled_robot/share/two_wheeled_robot/models/big_box3/meshes/big_box.dae
[2.494s] -- Up-to-date symlink: /home/ssfa/ros2_ws/install/two_wheeled_robot/share/two_wheeled_robot/models/big_box3/model.config
[2.494s] -- Up-to-date symlink: /home/ssfa/ros2_ws/install/two_wheeled_robot/share/two_wheeled_robot/models/big_box3/model.sdf
[2.494s] -- Up-to-date symlink: /home/ssfa/ros2_ws/install/two_wheeled_robot/share/two_wheeled_robot/models/big_box4/materials/textures/Kraft_Tile.jpg
[2.494s] -- Up-to-date symlink: /home/ssfa/ros2_ws/install/two_wheeled_robot/share/two_wheeled_robot/models/big_box4/materials/textures/barcode.png
[2.494s] -- Up-to-date symlink: /home/ssfa/ros2_ws/install/two_wheeled_robot/share/two_wheeled_robot/models/big_box4/materials/textures/front.pdn
[2.494s] -- Up-to-date symlink: /home/ssfa/ros2_ws/install/two_wheeled_robot/share/two_wheeled_robot/models/big_box4/materials/textures/front.png
[2.494s] -- Up-to-date symlink: /home/ssfa/ros2_ws/install/two_wheeled_robot/share/two_wheeled_robot/models/big_box4/materials/textures/side1.pdn
[2.494s] -- Up-to-date symlink: /home/ssfa/ros2_ws/install/two_wheeled_robot/share/two_wheeled_robot/models/big_box4/materials/textures/side1.png
[2.494s] -- Up-to-date symlink: /home/ssfa/ros2_ws/install/two_wheeled_robot/share/two_wheeled_robot/models/big_box4/materials/textures/side2.pdn
[2.494s] -- Up-to-date symlink: /home/ssfa/ros2_ws/install/two_wheeled_robot/share/two_wheeled_robot/models/big_box4/materials/textures/side2.png
[2.494s] -- Up-to-date symlink: /home/ssfa/ros2_ws/install/two_wheeled_robot/share/two_wheeled_robot/models/big_box4/meshes/big_box.dae
[2.494s] -- Up-to-date symlink: /home/ssfa/ros2_ws/install/two_wheeled_robot/share/two_wheeled_robot/models/big_box4/model.config
[2.494s] -- Up-to-date symlink: /home/ssfa/ros2_ws/install/two_wheeled_robot/share/two_wheeled_robot/models/big_box4/model.sdf
[2.494s] -- Up-to-date symlink: /home/ssfa/ros2_ws/install/two_wheeled_robot/share/two_wheeled_robot/models/big_plant/mesh/big_plant.stl
[2.494s] -- Up-to-date symlink: /home/ssfa/ros2_ws/install/two_wheeled_robot/share/two_wheeled_robot/models/big_plant/model.config
[2.494s] -- Up-to-date symlink: /home/ssfa/ros2_ws/install/two_wheeled_robot/share/two_wheeled_robot/models/big_plant/model.sdf
[2.494s] -- Up-to-date symlink: /home/ssfa/ros2_ws/install/two_wheeled_robot/share/two_wheeled_robot/models/bin_4_dropping_task/meshes/bin_4_dropping_task.dae
[2.495s] -- Up-to-date symlink: /home/ssfa/ros2_ws/install/two_wheeled_robot/share/two_wheeled_robot/models/bin_4_dropping_task/model.config
[2.495s] -- Up-to-date symlink: /home/ssfa/ros2_ws/install/two_wheeled_robot/share/two_wheeled_robot/models/bin_4_dropping_task/model.sdf
[2.495s] -- Up-to-date symlink: /home/ssfa/ros2_ws/install/two_wheeled_robot/share/two_wheeled_robot/models/blue_target/meshes/blue_target.dae
[2.495s] -- Up-to-date symlink: /home/ssfa/ros2_ws/install/two_wheeled_robot/share/two_wheeled_robot/models/blue_target/model.config
[2.495s] -- Up-to-date symlink: /home/ssfa/ros2_ws/install/two_wheeled_robot/share/two_wheeled_robot/models/blue_target/model.sdf
[2.495s] -- Up-to-date symlink: /home/ssfa/ros2_ws/install/two_wheeled_robot/share/two_wheeled_robot/models/blue_tray/meshes/blue_tray.dae
[2.495s] -- Up-to-date symlink: /home/ssfa/ros2_ws/install/two_wheeled_robot/share/two_wheeled_robot/models/blue_tray/model.config
[2.495s] -- Up-to-date symlink: /home/ssfa/ros2_ws/install/two_wheeled_robot/share/two_wheeled_robot/models/blue_tray/model.sdf
[2.495s] -- Up-to-date symlink: /home/ssfa/ros2_ws/install/two_wheeled_robot/share/two_wheeled_robot/models/bookshelf/model-1_2.sdf
[2.495s] -- Up-to-date symlink: /home/ssfa/ros2_ws/install/two_wheeled_robot/share/two_wheeled_robot/models/bookshelf/model-1_3.sdf
[2.495s] -- Up-to-date symlink: /home/ssfa/ros2_ws/install/two_wheeled_robot/share/two_wheeled_robot/models/bookshelf/model-1_4.sdf
[2.495s] -- Up-to-date symlink: /home/ssfa/ros2_ws/install/two_wheeled_robot/share/two_wheeled_robot/models/bookshelf/model.config
[2.495s] -- Up-to-date symlink: /home/ssfa/ros2_ws/install/two_wheeled_robot/share/two_wheeled_robot/models/bookshelf/model.sdf
[2.495s] -- Up-to-date symlink: /home/ssfa/ros2_ws/install/two_wheeled_robot/share/two_wheeled_robot/models/bowl/meshes/bowl.dae
[2.495s] -- Up-to-date symlink: /home/ssfa/ros2_ws/install/two_wheeled_robot/share/two_wheeled_robot/models/bowl/model-1_2.sdf
[2.495s] -- Up-to-date symlink: /home/ssfa/ros2_ws/install/two_wheeled_robot/share/two_wheeled_robot/models/bowl/model-1_3.sdf
[2.495s] -- Up-to-date symlink: /home/ssfa/ros2_ws/install/two_wheeled_robot/share/two_wheeled_robot/models/bowl/model-1_4.sdf
[2.495s] -- Up-to-date symlink: /home/ssfa/ros2_ws/install/two_wheeled_robot/share/two_wheeled_robot/models/bowl/model.config
[2.495s] -- Up-to-date symlink: /home/ssfa/ros2_ws/install/two_wheeled_robot/share/two_wheeled_robot/models/bowl/model.sdf
[2.495s] -- Up-to-date symlink: /home/ssfa/ros2_ws/install/two_wheeled_robot/share/two_wheeled_robot/models/box_target_green/materials/textures/start_pad.png
[2.495s] -- Up-to-date symlink: /home/ssfa/ros2_ws/install/two_wheeled_robot/share/two_wheeled_robot/models/box_target_green/meshes/mesh.dae
[2.495s] -- Up-to-date symlink: /home/ssfa/ros2_ws/install/two_wheeled_robot/share/two_wheeled_robot/models/box_target_green/model.config
[2.495s] -- Up-to-date symlink: /home/ssfa/ros2_ws/install/two_wheeled_robot/share/two_wheeled_robot/models/box_target_green/model.sdf
[2.495s] -- Up-to-date symlink: /home/ssfa/ros2_ws/install/two_wheeled_robot/share/two_wheeled_robot/models/box_target_red/materials/textures/end_pad.png
[2.495s] -- Up-to-date symlink: /home/ssfa/ros2_ws/install/two_wheeled_robot/share/two_wheeled_robot/models/box_target_red/meshes/mesh.dae
[2.495s] -- Up-to-date symlink: /home/ssfa/ros2_ws/install/two_wheeled_robot/share/two_wheeled_robot/models/box_target_red/model.config
[2.495s] -- Up-to-date symlink: /home/ssfa/ros2_ws/install/two_wheeled_robot/share/two_wheeled_robot/models/box_target_red/model.sdf
[2.495s] -- Up-to-date symlink: /home/ssfa/ros2_ws/install/two_wheeled_robot/share/two_wheeled_robot/models/bus/materials/textures/bus.png
[2.495s] -- Up-to-date symlink: /home/ssfa/ros2_ws/install/two_wheeled_robot/share/two_wheeled_robot/models/bus/meshes/bus.mtl
[2.495s] -- Up-to-date symlink: /home/ssfa/ros2_ws/install/two_wheeled_robot/share/two_wheeled_robot/models/bus/meshes/bus.obj
[2.495s] -- Up-to-date symlink: /home/ssfa/ros2_ws/install/two_wheeled_robot/share/two_wheeled_robot/models/bus/model.config
[2.496s] -- Up-to-date symlink: /home/ssfa/ros2_ws/install/two_wheeled_robot/share/two_wheeled_robot/models/bus/model.sdf
[2.496s] -- Up-to-date symlink: /home/ssfa/ros2_ws/install/two_wheeled_robot/share/two_wheeled_robot/models/cabinet/model-1_2.sdf
[2.496s] -- Up-to-date symlink: /home/ssfa/ros2_ws/install/two_wheeled_robot/share/two_wheeled_robot/models/cabinet/model-1_3.sdf
[2.496s] -- Up-to-date symlink: /home/ssfa/ros2_ws/install/two_wheeled_robot/share/two_wheeled_robot/models/cabinet/model-1_4.sdf
[2.496s] -- Up-to-date symlink: /home/ssfa/ros2_ws/install/two_wheeled_robot/share/two_wheeled_robot/models/cabinet/model.config
[2.496s] -- Up-to-date symlink: /home/ssfa/ros2_ws/install/two_wheeled_robot/share/two_wheeled_robot/models/cabinet/model.sdf
[2.496s] -- Up-to-date symlink: /home/ssfa/ros2_ws/install/two_wheeled_robot/share/two_wheeled_robot/models/cafe/materials/textures/__auto_10.jpg
[2.496s] -- Up-to-date symlink: /home/ssfa/ros2_ws/install/two_wheeled_robot/share/two_wheeled_robot/models/cafe/materials/textures/__auto_2.jpg
[2.496s] -- Up-to-date symlink: /home/ssfa/ros2_ws/install/two_wheeled_robot/share/two_wheeled_robot/models/cafe/materials/textures/__auto_21.jpg
[2.496s] -- Up-to-date symlink: /home/ssfa/ros2_ws/install/two_wheeled_robot/share/two_wheeled_robot/models/cafe/materials/textures/__auto_22.jpg
[2.496s] -- Up-to-date symlink: /home/ssfa/ros2_ws/install/two_wheeled_robot/share/two_wheeled_robot/models/cafe/materials/textures/__auto_23.jpg
[2.496s] -- Up-to-date symlink: /home/ssfa/ros2_ws/install/two_wheeled_robot/share/two_wheeled_robot/models/cafe/materials/textures/__auto_24.jpg
[2.496s] -- Up-to-date symlink: /home/ssfa/ros2_ws/install/two_wheeled_robot/share/two_wheeled_robot/models/cafe/materials/textures/__auto_25.jpg
[2.496s] -- Up-to-date symlink: /home/ssfa/ros2_ws/install/two_wheeled_robot/share/two_wheeled_robot/models/cafe/materials/textures/__auto_26.jpg
[2.496s] -- Up-to-date symlink: /home/ssfa/ros2_ws/install/two_wheeled_robot/share/two_wheeled_robot/models/cafe/materials/textures/__auto_28.jpg
[2.496s] -- Up-to-date symlink: /home/ssfa/ros2_ws/install/two_wheeled_robot/share/two_wheeled_robot/models/cafe/materials/textures/__auto_29.jpg
[2.496s] -- Up-to-date symlink: /home/ssfa/ros2_ws/install/two_wheeled_robot/share/two_wheeled_robot/models/cafe/materials/textures/__auto_30.jpg
[2.496s] -- Up-to-date symlink: /home/ssfa/ros2_ws/install/two_wheeled_robot/share/two_wheeled_robot/models/cafe/materials/textures/__auto_31.jpg
[2.496s] -- Up-to-date symlink: /home/ssfa/ros2_ws/install/two_wheeled_robot/share/two_wheeled_robot/models/cafe/materials/textures/__auto_34.jpg
[2.496s] -- Up-to-date symlink: /home/ssfa/ros2_ws/install/two_wheeled_robot/share/two_wheeled_robot/models/cafe/materials/textures/__auto_35.jpg
[2.496s] -- Up-to-date symlink: /home/ssfa/ros2_ws/install/two_wheeled_robot/share/two_wheeled_robot/models/cafe/materials/textures/__auto_37.jpg
[2.496s] -- Up-to-date symlink: /home/ssfa/ros2_ws/install/two_wheeled_robot/share/two_wheeled_robot/models/cafe/meshes/cafe.dae
[2.496s] -- Up-to-date symlink: /home/ssfa/ros2_ws/install/two_wheeled_robot/share/two_wheeled_robot/models/cafe/model.config
[2.496s] -- Up-to-date symlink: /home/ssfa/ros2_ws/install/two_wheeled_robot/share/two_wheeled_robot/models/cafe/model.sdf
[2.496s] -- Up-to-date symlink: /home/ssfa/ros2_ws/install/two_wheeled_robot/share/two_wheeled_robot/models/cafe_counter/materials/textures/cafe_counter.png
[2.496s] -- Up-to-date symlink: /home/ssfa/ros2_ws/install/two_wheeled_robot/share/two_wheeled_robot/models/cafe_counter/meshes/cafe_counter.mtl
[2.496s] -- Up-to-date symlink: /home/ssfa/ros2_ws/install/two_wheeled_robot/share/two_wheeled_robot/models/cafe_counter/meshes/cafe_counter.obj
[2.496s] -- Up-to-date symlink: /home/ssfa/ros2_ws/install/two_wheeled_robot/share/two_wheeled_robot/models/cafe_counter/meshes/counter_no_sink.obj
[2.496s] -- Up-to-date symlink: /home/ssfa/ros2_ws/install/two_wheeled_robot/share/two_wheeled_robot/models/cafe_counter/meshes/counter_sink.obj
[2.496s] -- Up-to-date symlink: /home/ssfa/ros2_ws/install/two_wheeled_robot/share/two_wheeled_robot/models/cafe_counter/model.config
[2.496s] -- Up-to-date symlink: /home/ssfa/ros2_ws/install/two_wheeled_robot/share/two_wheeled_robot/models/cafe_counter/model.sdf
[2.497s] -- Up-to-date symlink: /home/ssfa/ros2_ws/install/two_wheeled_robot/share/two_wheeled_robot/models/cafe_table/materials/textures/Maple.jpg
[2.497s] -- Up-to-date symlink: /home/ssfa/ros2_ws/install/two_wheeled_robot/share/two_wheeled_robot/models/cafe_table/materials/textures/Wood_Floor_Dark.jpg
[2.497s] -- Up-to-date symlink: /home/ssfa/ros2_ws/install/two_wheeled_robot/share/two_wheeled_robot/models/cafe_table/meshes/cafe_table.dae
[2.497s] -- Up-to-date symlink: /home/ssfa/ros2_ws/install/two_wheeled_robot/share/two_wheeled_robot/models/cafe_table/model-1_4.sdf
[2.497s] -- Up-to-date symlink: /home/ssfa/ros2_ws/install/two_wheeled_robot/share/two_wheeled_robot/models/cafe_table/model.config
[2.497s] -- Up-to-date symlink: /home/ssfa/ros2_ws/install/two_wheeled_robot/share/two_wheeled_robot/models/cafe_table/model.sdf
[2.497s] -- Up-to-date symlink: /home/ssfa/ros2_ws/install/two_wheeled_robot/share/two_wheeled_robot/models/camera/model-1_2.sdf
[2.497s] -- Up-to-date symlink: /home/ssfa/ros2_ws/install/two_wheeled_robot/share/two_wheeled_robot/models/camera/model-1_3.sdf
[2.497s] -- Up-to-date symlink: /home/ssfa/ros2_ws/install/two_wheeled_robot/share/two_wheeled_robot/models/camera/model-1_4.sdf
[2.497s] -- Up-to-date symlink: /home/ssfa/ros2_ws/install/two_wheeled_robot/share/two_wheeled_robot/models/camera/model.config
[2.497s] -- Up-to-date symlink: /home/ssfa/ros2_ws/install/two_wheeled_robot/share/two_wheeled_robot/models/camera/model.sdf
[2.497s] -- Up-to-date symlink: /home/ssfa/ros2_ws/install/two_wheeled_robot/share/two_wheeled_robot/models/cardboard_box/materials/textures/cardboard_box.png
[2.497s] -- Up-to-date symlink: /home/ssfa/ros2_ws/install/two_wheeled_robot/share/two_wheeled_robot/models/cardboard_box/meshes/cardboard_box.dae
[2.497s] -- Up-to-date symlink: /home/ssfa/ros2_ws/install/two_wheeled_robot/share/two_wheeled_robot/models/cardboard_box/model.config
[2.497s] -- Up-to-date symlink: /home/ssfa/ros2_ws/install/two_wheeled_robot/share/two_wheeled_robot/models/cardboard_box/model.sdf
[2.497s] -- Up-to-date symlink: /home/ssfa/ros2_ws/install/two_wheeled_robot/share/two_wheeled_robot/models/cart_1/meshes/cart_1.dae
[2.497s] -- Up-to-date symlink: /home/ssfa/ros2_ws/install/two_wheeled_robot/share/two_wheeled_robot/models/cart_1/model.config
[2.497s] -- Up-to-date symlink: /home/ssfa/ros2_ws/install/two_wheeled_robot/share/two_wheeled_robot/models/cart_1/model.sdf
[2.497s] -- Up-to-date symlink: /home/ssfa/ros2_ws/install/two_wheeled_robot/share/two_wheeled_robot/models/casual_female/materials/textures/brown_eye.png
[2.497s] -- Up-to-date symlink: /home/ssfa/ros2_ws/install/two_wheeled_robot/share/two_wheeled_robot/models/casual_female/materials/textures/casual_female.png
[2.497s] -- Up-to-date symlink: /home/ssfa/ros2_ws/install/two_wheeled_robot/share/two_wheeled_robot/models/casual_female/materials/textures/eyebrow002.png
[2.497s] -- Up-to-date symlink: /home/ssfa/ros2_ws/install/two_wheeled_robot/share/two_wheeled_robot/models/casual_female/materials/textures/eyelashes01.png
[2.497s] -- Up-to-date symlink: /home/ssfa/ros2_ws/install/two_wheeled_robot/share/two_wheeled_robot/models/casual_female/materials/textures/female_casualsuit01_diffuse.png
[2.497s] -- Up-to-date symlink: /home/ssfa/ros2_ws/install/two_wheeled_robot/share/two_wheeled_robot/models/casual_female/materials/textures/female_casualsuit01_normal.png
[2.497s] -- Up-to-date symlink: /home/ssfa/ros2_ws/install/two_wheeled_robot/share/two_wheeled_robot/models/casual_female/materials/textures/female_casualsuit02_diffuse.png
[2.497s] -- Up-to-date symlink: /home/ssfa/ros2_ws/install/two_wheeled_robot/share/two_wheeled_robot/models/casual_female/materials/textures/female_casualsuit02_normal.png
[2.497s] -- Up-to-date symlink: /home/ssfa/ros2_ws/install/two_wheeled_robot/share/two_wheeled_robot/models/casual_female/materials/textures/ponytail01_diffuse.png
[2.498s] -- Up-to-date symlink: /home/ssfa/ros2_ws/install/two_wheeled_robot/share/two_wheeled_robot/models/casual_female/materials/textures/shoes05_diffuse.png
[2.498s] -- Up-to-date symlink: /home/ssfa/ros2_ws/install/two_wheeled_robot/share/two_wheeled_robot/models/casual_female/materials/textures/tongue01_diffuse.png
[2.498s] -- Up-to-date symlink: /home/ssfa/ros2_ws/install/two_wheeled_robot/share/two_wheeled_robot/models/casual_female/materials/textures/young_lightskinned_female_diffuse.png
[2.498s] -- Up-to-date symlink: /home/ssfa/ros2_ws/install/two_wheeled_robot/share/two_wheeled_robot/models/casual_female/meshes/casual_female.dae
[2.498s] -- Up-to-date symlink: /home/ssfa/ros2_ws/install/two_wheeled_robot/share/two_wheeled_robot/models/casual_female/model.config
[2.498s] -- Up-to-date symlink: /home/ssfa/ros2_ws/install/two_wheeled_robot/share/two_wheeled_robot/models/casual_female/model.sdf
[2.498s] -- Up-to-date symlink: /home/ssfa/ros2_ws/install/two_wheeled_robot/share/two_wheeled_robot/models/casual_male/materials/textures/brown_eye.png
[2.498s] -- Up-to-date symlink: /home/ssfa/ros2_ws/install/two_wheeled_robot/share/two_wheeled_robot/models/casual_male/materials/textures/eyebrow005.png
[2.498s] -- Up-to-date symlink: /home/ssfa/ros2_ws/install/two_wheeled_robot/share/two_wheeled_robot/models/casual_male/materials/textures/male_casualsuit01_diffuse.png
[2.498s] -- Up-to-date symlink: /home/ssfa/ros2_ws/install/two_wheeled_robot/share/two_wheeled_robot/models/casual_male/materials/textures/male_casualsuit01_normal.png
[2.498s] -- Up-to-date symlink: /home/ssfa/ros2_ws/install/two_wheeled_robot/share/two_wheeled_robot/models/casual_male/materials/textures/middleage_lightskinned_male_diffuse.png
[2.498s] -- Up-to-date symlink: /home/ssfa/ros2_ws/install/two_wheeled_robot/share/two_wheeled_robot/models/casual_male/materials/textures/shoes01_diffuse.png
[2.498s] -- Up-to-date symlink: /home/ssfa/ros2_ws/install/two_wheeled_robot/share/two_wheeled_robot/models/casual_male/materials/textures/shoes01_normal.png
[2.498s] -- Up-to-date symlink: /home/ssfa/ros2_ws/install/two_wheeled_robot/share/two_wheeled_robot/models/casual_male/meshes/casual_male.dae
[2.498s] -- Up-to-date symlink: /home/ssfa/ros2_ws/install/two_wheeled_robot/share/two_wheeled_robot/models/casual_male/model.config
[2.498s] -- Up-to-date symlink: /home/ssfa/ros2_ws/install/two_wheeled_robot/share/two_wheeled_robot/models/casual_male/model.sdf
[2.498s] -- Up-to-date symlink: /home/ssfa/ros2_ws/install/two_wheeled_robot/share/two_wheeled_robot/models/casual_male2/materials/textures/afro_diffuse.png
[2.498s] -- Up-to-date symlink: /home/ssfa/ros2_ws/install/two_wheeled_robot/share/two_wheeled_robot/models/casual_male2/materials/textures/brown_eye.png
[2.498s] -- Up-to-date symlink: /home/ssfa/ros2_ws/install/two_wheeled_robot/share/two_wheeled_robot/models/casual_male2/materials/textures/eyebrow012.png
[2.498s] -- Up-to-date symlink: /home/ssfa/ros2_ws/install/two_wheeled_robot/share/two_wheeled_robot/models/casual_male2/materials/textures/male_casualsuit05_diffuse.png
[2.498s] -- Up-to-date symlink: /home/ssfa/ros2_ws/install/two_wheeled_robot/share/two_wheeled_robot/models/casual_male2/materials/textures/male_casualsuit05_normal.png
[2.498s] -- Up-to-date symlink: /home/ssfa/ros2_ws/install/two_wheeled_robot/share/two_wheeled_robot/models/casual_male2/materials/textures/young_darkskinned_male_diffuse.png
[2.498s] -- Up-to-date symlink: /home/ssfa/ros2_ws/install/two_wheeled_robot/share/two_wheeled_robot/models/casual_male2/meshes/casual_male2.dae
[2.498s] -- Up-to-date symlink: /home/ssfa/ros2_ws/install/two_wheeled_robot/share/two_wheeled_robot/models/casual_male2/model.config
[2.498s] -- Up-to-date symlink: /home/ssfa/ros2_ws/install/two_wheeled_robot/share/two_wheeled_robot/models/casual_male2/model.sdf
[2.498s] -- Up-to-date symlink: /home/ssfa/ros2_ws/install/two_wheeled_robot/share/two_wheeled_robot/models/cessna/meshes/body.dae
[2.498s] -- Up-to-date symlink: /home/ssfa/ros2_ws/install/two_wheeled_robot/share/two_wheeled_robot/models/cessna/meshes/cessna_front_wheel.dae
[2.498s] -- Up-to-date symlink: /home/ssfa/ros2_ws/install/two_wheeled_robot/share/two_wheeled_robot/models/cessna/meshes/cessna_prop.dae
[2.498s] -- Up-to-date symlink: /home/ssfa/ros2_ws/install/two_wheeled_robot/share/two_wheeled_robot/models/cessna/meshes/cessna_rear_left_wheel.dae
[2.498s] -- Up-to-date symlink: /home/ssfa/ros2_ws/install/two_wheeled_robot/share/two_wheeled_robot/models/cessna/meshes/cessna_rear_right_wheel.dae
[2.498s] -- Up-to-date symlink: /home/ssfa/ros2_ws/install/two_wheeled_robot/share/two_wheeled_robot/models/cessna/meshes/elevators.dae
[2.499s] -- Up-to-date symlink: /home/ssfa/ros2_ws/install/two_wheeled_robot/share/two_wheeled_robot/models/cessna/meshes/left_aileron.dae
[2.499s] -- Up-to-date symlink: /home/ssfa/ros2_ws/install/two_wheeled_robot/share/two_wheeled_robot/models/cessna/meshes/left_flap.dae
[2.499s] -- Up-to-date symlink: /home/ssfa/ros2_ws/install/two_wheeled_robot/share/two_wheeled_robot/models/cessna/meshes/right_aileron.dae
[2.499s] -- Up-to-date symlink: /home/ssfa/ros2_ws/install/two_wheeled_robot/share/two_wheeled_robot/models/cessna/meshes/right_flap.dae
[2.499s] -- Up-to-date symlink: /home/ssfa/ros2_ws/install/two_wheeled_robot/share/two_wheeled_robot/models/cessna/meshes/rudder.dae
[2.499s] -- Up-to-date symlink: /home/ssfa/ros2_ws/install/two_wheeled_robot/share/two_wheeled_robot/models/cessna/model.config
[2.499s] -- Up-to-date symlink: /home/ssfa/ros2_ws/install/two_wheeled_robot/share/two_wheeled_robot/models/cessna/model.sdf
[2.499s] -- Up-to-date symlink: /home/ssfa/ros2_ws/install/two_wheeled_robot/share/two_wheeled_robot/models/charging_dock/materials/textures/BKP_Marker0.png
[2.499s] -- Up-to-date symlink: /home/ssfa/ros2_ws/install/two_wheeled_robot/share/two_wheeled_robot/models/charging_dock/materials/textures/Marker0.png
[2.499s] -- Up-to-date symlink: /home/ssfa/ros2_ws/install/two_wheeled_robot/share/two_wheeled_robot/models/charging_dock/meshes/Marker0.dae
[2.499s] -- Up-to-date symlink: /home/ssfa/ros2_ws/install/two_wheeled_robot/share/two_wheeled_robot/models/charging_dock/model.config
[2.499s] -- Up-to-date symlink: /home/ssfa/ros2_ws/install/two_wheeled_robot/share/two_wheeled_robot/models/charging_dock/model.sdf
[2.499s] -- Up-to-date symlink: /home/ssfa/ros2_ws/install/two_wheeled_robot/share/two_wheeled_robot/models/charging_dock_with_aruco/materials/scripts/aruco_visual_marker_1_marker.material
[2.499s] -- Up-to-date symlink: /home/ssfa/ros2_ws/install/two_wheeled_robot/share/two_wheeled_robot/models/charging_dock_with_aruco/materials/textures/aruco_mark_1.png
[2.499s] -- Up-to-date symlink: /home/ssfa/ros2_ws/install/two_wheeled_robot/share/two_wheeled_robot/models/charging_dock_with_aruco/model.config
[2.499s] -- Up-to-date symlink: /home/ssfa/ros2_ws/install/two_wheeled_robot/share/two_wheeled_robot/models/charging_dock_with_aruco/model.sdf
[2.499s] -- Up-to-date symlink: /home/ssfa/ros2_ws/install/two_wheeled_robot/share/two_wheeled_robot/models/coffee_maker/materials/textures/coffee_maker.png
[2.499s] -- Up-to-date symlink: /home/ssfa/ros2_ws/install/two_wheeled_robot/share/two_wheeled_robot/models/coffee_maker/meshes/coffee_maker.mtl
[2.499s] -- Up-to-date symlink: /home/ssfa/ros2_ws/install/two_wheeled_robot/share/two_wheeled_robot/models/coffee_maker/meshes/coffee_maker.obj
[2.499s] -- Up-to-date symlink: /home/ssfa/ros2_ws/install/two_wheeled_robot/share/two_wheeled_robot/models/coffee_maker/model.config
[2.499s] -- Up-to-date symlink: /home/ssfa/ros2_ws/install/two_wheeled_robot/share/two_wheeled_robot/models/coffee_maker/model.sdf
[2.499s] -- Up-to-date symlink: /home/ssfa/ros2_ws/install/two_wheeled_robot/share/two_wheeled_robot/models/coke_can/materials/textures/coke_can.png
[2.499s] -- Up-to-date symlink: /home/ssfa/ros2_ws/install/two_wheeled_robot/share/two_wheeled_robot/models/coke_can/meshes/coke_can.dae
[2.499s] -- Up-to-date symlink: /home/ssfa/ros2_ws/install/two_wheeled_robot/share/two_wheeled_robot/models/coke_can/model-1_2.sdf
[2.499s] -- Up-to-date symlink: /home/ssfa/ros2_ws/install/two_wheeled_robot/share/two_wheeled_robot/models/coke_can/model-1_3.sdf
[2.499s] -- Up-to-date symlink: /home/ssfa/ros2_ws/install/two_wheeled_robot/share/two_wheeled_robot/models/coke_can/model-1_4.sdf
[2.499s] -- Up-to-date symlink: /home/ssfa/ros2_ws/install/two_wheeled_robot/share/two_wheeled_robot/models/coke_can/model.config
[2.499s] -- Up-to-date symlink: /home/ssfa/ros2_ws/install/two_wheeled_robot/share/two_wheeled_robot/models/coke_can/model.sdf
[2.499s] -- Up-to-date symlink: /home/ssfa/ros2_ws/install/two_wheeled_robot/share/two_wheeled_robot/models/computer/materials/textures/computer.png
[2.499s] -- Up-to-date symlink: /home/ssfa/ros2_ws/install/two_wheeled_robot/share/two_wheeled_robot/models/computer/meshes/computer.mtl
[2.500s] -- Up-to-date symlink: /home/ssfa/ros2_ws/install/two_wheeled_robot/share/two_wheeled_robot/models/computer/meshes/computer.obj
[2.500s] -- Up-to-date symlink: /home/ssfa/ros2_ws/install/two_wheeled_robot/share/two_wheeled_robot/models/computer/meshes/computer_monitor.obj
[2.500s] -- Up-to-date symlink: /home/ssfa/ros2_ws/install/two_wheeled_robot/share/two_wheeled_robot/models/computer/meshes/computer_tower.obj
[2.500s] -- Up-to-date symlink: /home/ssfa/ros2_ws/install/two_wheeled_robot/share/two_wheeled_robot/models/computer/model.config
[2.500s] -- Up-to-date symlink: /home/ssfa/ros2_ws/install/two_wheeled_robot/share/two_wheeled_robot/models/computer/model.sdf
[2.500s] -- Up-to-date symlink: /home/ssfa/ros2_ws/install/two_wheeled_robot/share/two_wheeled_robot/models/conference_table_large/meshes/conference_table_large.mtl
[2.500s] -- Up-to-date symlink: /home/ssfa/ros2_ws/install/two_wheeled_robot/share/two_wheeled_robot/models/conference_table_large/meshes/conference_table_large.obj
[2.500s] -- Up-to-date symlink: /home/ssfa/ros2_ws/install/two_wheeled_robot/share/two_wheeled_robot/models/conference_table_large/model.config
[2.500s] -- Up-to-date symlink: /home/ssfa/ros2_ws/install/two_wheeled_robot/share/two_wheeled_robot/models/conference_table_large/model.sdf
[2.500s] -- Up-to-date symlink: /home/ssfa/ros2_ws/install/two_wheeled_robot/share/two_wheeled_robot/models/conference_table_small/materials/textures/conference_table.png
[2.500s] -- Up-to-date symlink: /home/ssfa/ros2_ws/install/two_wheeled_robot/share/two_wheeled_robot/models/conference_table_small/meshes/conference_table_small.mtl
[2.500s] -- Up-to-date symlink: /home/ssfa/ros2_ws/install/two_wheeled_robot/share/two_wheeled_robot/models/conference_table_small/meshes/conference_table_small.obj
[2.500s] -- Up-to-date symlink: /home/ssfa/ros2_ws/install/two_wheeled_robot/share/two_wheeled_robot/models/conference_table_small/model.config
[2.500s] -- Up-to-date symlink: /home/ssfa/ros2_ws/install/two_wheeled_robot/share/two_wheeled_robot/models/conference_table_small/model.sdf
[2.500s] -- Up-to-date symlink: /home/ssfa/ros2_ws/install/two_wheeled_robot/share/two_wheeled_robot/models/construction_barrel/materials/textures/Construction_Barrel_Diffuse.png
[2.500s] -- Up-to-date symlink: /home/ssfa/ros2_ws/install/two_wheeled_robot/share/two_wheeled_robot/models/construction_barrel/materials/textures/Construction_Barrel_Spec.png
[2.500s] -- Up-to-date symlink: /home/ssfa/ros2_ws/install/two_wheeled_robot/share/two_wheeled_robot/models/construction_barrel/meshes/construction_barrel.dae
[2.500s] -- Up-to-date symlink: /home/ssfa/ros2_ws/install/two_wheeled_robot/share/two_wheeled_robot/models/construction_barrel/model-1_3.sdf
[2.500s] -- Up-to-date symlink: /home/ssfa/ros2_ws/install/two_wheeled_robot/share/two_wheeled_robot/models/construction_barrel/model-1_4.sdf
[2.500s] -- Up-to-date symlink: /home/ssfa/ros2_ws/install/two_wheeled_robot/share/two_wheeled_robot/models/construction_barrel/model.config
[2.500s] -- Up-to-date symlink: /home/ssfa/ros2_ws/install/two_wheeled_robot/share/two_wheeled_robot/models/construction_barrel/model.sdf
[2.501s] -- Up-to-date symlink: /home/ssfa/ros2_ws/install/two_wheeled_robot/share/two_wheeled_robot/models/conveyor/meshes/conveyor.dae
[2.501s] -- Up-to-date symlink: /home/ssfa/ros2_ws/install/two_wheeled_robot/share/two_wheeled_robot/models/conveyor/meshes/conveyor.obj
[2.501s] -- Up-to-date symlink: /home/ssfa/ros2_ws/install/two_wheeled_robot/share/two_wheeled_robot/models/conveyor/meshes/conveyor2.dae
[2.501s] -- Up-to-date symlink: /home/ssfa/ros2_ws/install/two_wheeled_robot/share/two_wheeled_robot/models/conveyor/model.config
[2.501s] -- Up-to-date symlink: /home/ssfa/ros2_ws/install/two_wheeled_robot/share/two_wheeled_robot/models/conveyor/model.sdf
[2.501s] -- Up-to-date symlink: /home/ssfa/ros2_ws/install/two_wheeled_robot/share/two_wheeled_robot/models/cubicle_corner/materials/textures/cubicle_corner.png
[2.501s] -- Up-to-date symlink: /home/ssfa/ros2_ws/install/two_wheeled_robot/share/two_wheeled_robot/models/cubicle_corner/meshes/cubicle_corner.mtl
[2.501s] -- Up-to-date symlink: /home/ssfa/ros2_ws/install/two_wheeled_robot/share/two_wheeled_robot/models/cubicle_corner/meshes/cubicle_corner.obj
[2.501s] -- Up-to-date symlink: /home/ssfa/ros2_ws/install/two_wheeled_robot/share/two_wheeled_robot/models/cubicle_corner/model.config
[2.501s] -- Up-to-date symlink: /home/ssfa/ros2_ws/install/two_wheeled_robot/share/two_wheeled_robot/models/cubicle_corner/model.sdf
[2.501s] -- Up-to-date symlink: /home/ssfa/ros2_ws/install/two_wheeled_robot/share/two_wheeled_robot/models/cubicle_island/materials/textures/cubicle_1.png
[2.501s] -- Up-to-date symlink: /home/ssfa/ros2_ws/install/two_wheeled_robot/share/two_wheeled_robot/models/cubicle_island/materials/textures/cubicle_island.png
[2.501s] -- Up-to-date symlink: /home/ssfa/ros2_ws/install/two_wheeled_robot/share/two_wheeled_robot/models/cubicle_island/meshes/cubicle_island.mtl
[2.501s] -- Up-to-date symlink: /home/ssfa/ros2_ws/install/two_wheeled_robot/share/two_wheeled_robot/models/cubicle_island/meshes/cubicle_island.obj
[2.502s] -- Up-to-date symlink: /home/ssfa/ros2_ws/install/two_wheeled_robot/share/two_wheeled_robot/models/cubicle_island/model.config
[2.502s] -- Up-to-date symlink: /home/ssfa/ros2_ws/install/two_wheeled_robot/share/two_wheeled_robot/models/cubicle_island/model.sdf
[2.502s] -- Up-to-date symlink: /home/ssfa/ros2_ws/install/two_wheeled_robot/share/two_wheeled_robot/models/cubicle_wall/materials/textures/cubicle_wall.png
[2.502s] -- Up-to-date symlink: /home/ssfa/ros2_ws/install/two_wheeled_robot/share/two_wheeled_robot/models/cubicle_wall/meshes/cubicle_closed.obj
[2.502s] -- Up-to-date symlink: /home/ssfa/ros2_ws/install/two_wheeled_robot/share/two_wheeled_robot/models/cubicle_wall/meshes/cubicle_corner.obj
[2.502s] -- Up-to-date symlink: /home/ssfa/ros2_ws/install/two_wheeled_robot/share/two_wheeled_robot/models/cubicle_wall/meshes/cubicle_open.obj
[2.502s] -- Up-to-date symlink: /home/ssfa/ros2_ws/install/two_wheeled_robot/share/two_wheeled_robot/models/cubicle_wall/meshes/cubicle_wall.mtl
[2.502s] -- Up-to-date symlink: /home/ssfa/ros2_ws/install/two_wheeled_robot/share/two_wheeled_robot/models/cubicle_wall/meshes/cubicle_wall.obj
[2.502s] -- Up-to-date symlink: /home/ssfa/ros2_ws/install/two_wheeled_robot/share/two_wheeled_robot/models/cubicle_wall/model.config
[2.502s] -- Up-to-date symlink: /home/ssfa/ros2_ws/install/two_wheeled_robot/share/two_wheeled_robot/models/cubicle_wall/model.sdf
[2.502s] -- Up-to-date symlink: /home/ssfa/ros2_ws/install/two_wheeled_robot/share/two_wheeled_robot/models/decenter_warehouse/materials/textures/Robotnik_Automation_logo.jpg
[2.503s] -- Up-to-date symlink: /home/ssfa/ros2_ws/install/two_wheeled_robot/share/two_wheeled_robot/models/decenter_warehouse/materials/textures/decenter_logo.png
[2.503s] -- Up-to-date symlink: /home/ssfa/ros2_ws/install/two_wheeled_robot/share/two_wheeled_robot/models/decenter_warehouse/meshes/decenter_ware.dae
[2.503s] -- Up-to-date symlink: /home/ssfa/ros2_ws/install/two_wheeled_robot/share/two_wheeled_robot/models/decenter_warehouse/model.config
[2.503s] -- Up-to-date symlink: /home/ssfa/ros2_ws/install/two_wheeled_robot/share/two_wheeled_robot/models/decenter_warehouse/model.sdf
[2.503s] -- Up-to-date symlink: /home/ssfa/ros2_ws/install/two_wheeled_robot/share/two_wheeled_robot/models/decenter_warehouse_low/materials/textures/Robotnik_Automation_logo.jpg
[2.503s] -- Up-to-date symlink: /home/ssfa/ros2_ws/install/two_wheeled_robot/share/two_wheeled_robot/models/decenter_warehouse_low/materials/textures/decenter_logo.png
[2.503s] -- Up-to-date symlink: /home/ssfa/ros2_ws/install/two_wheeled_robot/share/two_wheeled_robot/models/decenter_warehouse_low/meshes/decenter_ware.dae
[2.503s] -- Up-to-date symlink: /home/ssfa/ros2_ws/install/two_wheeled_robot/share/two_wheeled_robot/models/decenter_warehouse_low/model.config
[2.503s] -- Up-to-date symlink: /home/ssfa/ros2_ws/install/two_wheeled_robot/share/two_wheeled_robot/models/decenter_warehouse_low/model.sdf
[2.503s] -- Up-to-date symlink: /home/ssfa/ros2_ws/install/two_wheeled_robot/share/two_wheeled_robot/models/desk/materials/textures/desk.png
[2.503s] -- Up-to-date symlink: /home/ssfa/ros2_ws/install/two_wheeled_robot/share/two_wheeled_robot/models/desk/meshes/desk.mtl
[2.503s] -- Up-to-date symlink: /home/ssfa/ros2_ws/install/two_wheeled_robot/share/two_wheeled_robot/models/desk/meshes/desk.obj
[2.503s] -- Up-to-date symlink: /home/ssfa/ros2_ws/install/two_wheeled_robot/share/two_wheeled_robot/models/desk/model.config
[2.504s] -- Up-to-date symlink: /home/ssfa/ros2_ws/install/two_wheeled_robot/share/two_wheeled_robot/models/desk/model.sdf
[2.504s] -- Up-to-date symlink: /home/ssfa/ros2_ws/install/two_wheeled_robot/share/two_wheeled_robot/models/desk_chair/materials/textures/desk_chair.png
[2.504s] -- Up-to-date symlink: /home/ssfa/ros2_ws/install/two_wheeled_robot/share/two_wheeled_robot/models/desk_chair/meshes/desk_chair.mtl
[2.504s] -- Up-to-date symlink: /home/ssfa/ros2_ws/install/two_wheeled_robot/share/two_wheeled_robot/models/desk_chair/meshes/desk_chair.obj
[2.504s] -- Up-to-date symlink: /home/ssfa/ros2_ws/install/two_wheeled_robot/share/two_wheeled_robot/models/desk_chair/model.config
[2.504s] -- Up-to-date symlink: /home/ssfa/ros2_ws/install/two_wheeled_robot/share/two_wheeled_robot/models/desk_chair/model.sdf
[2.504s] -- Up-to-date symlink: /home/ssfa/ros2_ws/install/two_wheeled_robot/share/two_wheeled_robot/models/dishwasher/materials/textures/dishwasher.png
[2.504s] -- Up-to-date symlink: /home/ssfa/ros2_ws/install/two_wheeled_robot/share/two_wheeled_robot/models/dishwasher/meshes/dishwasher.mtl
[2.504s] -- Up-to-date symlink: /home/ssfa/ros2_ws/install/two_wheeled_robot/share/two_wheeled_robot/models/dishwasher/meshes/dishwasher.obj
[2.504s] -- Up-to-date symlink: /home/ssfa/ros2_ws/install/two_wheeled_robot/share/two_wheeled_robot/models/dishwasher/model.config
[2.504s] -- Up-to-date symlink: /home/ssfa/ros2_ws/install/two_wheeled_robot/share/two_wheeled_robot/models/dishwasher/model.sdf
[2.504s] -- Up-to-date symlink: /home/ssfa/ros2_ws/install/two_wheeled_robot/share/two_wheeled_robot/models/door/materials/textures/ceiling.png
[2.504s] -- Up-to-date symlink: /home/ssfa/ros2_ws/install/two_wheeled_robot/share/two_wheeled_robot/models/door/materials/textures/door.png
[2.505s] -- Up-to-date symlink: /home/ssfa/ros2_ws/install/two_wheeled_robot/share/two_wheeled_robot/models/door/materials/textures/refrigerator.png
[2.505s] -- Up-to-date symlink: /home/ssfa/ros2_ws/install/two_wheeled_robot/share/two_wheeled_robot/models/door/meshes/door.mtl
[2.505s] -- Up-to-date symlink: /home/ssfa/ros2_ws/install/two_wheeled_robot/share/two_wheeled_robot/models/door/meshes/door.obj
[2.505s] -- Up-to-date symlink: /home/ssfa/ros2_ws/install/two_wheeled_robot/share/two_wheeled_robot/models/door/meshes/door_door.obj
[2.505s] -- Up-to-date symlink: /home/ssfa/ros2_ws/install/two_wheeled_robot/share/two_wheeled_robot/models/door/meshes/door_frame.obj
[2.505s] -- Up-to-date symlink: /home/ssfa/ros2_ws/install/two_wheeled_robot/share/two_wheeled_robot/models/door/model.config
[2.505s] -- Up-to-date symlink: /home/ssfa/ros2_ws/install/two_wheeled_robot/share/two_wheeled_robot/models/door/model.sdf
[2.505s] -- Up-to-date symlink: /home/ssfa/ros2_ws/install/two_wheeled_robot/share/two_wheeled_robot/models/dumpster/materials/scripts/dumpster.material
[2.505s] -- Up-to-date symlink: /home/ssfa/ros2_ws/install/two_wheeled_robot/share/two_wheeled_robot/models/dumpster/materials/textures/Dumpster_Diffuse.png
[2.505s] -- Up-to-date symlink: /home/ssfa/ros2_ws/install/two_wheeled_robot/share/two_wheeled_robot/models/dumpster/materials/textures/Dumpster_Spec.png
[2.505s] -- Up-to-date symlink: /home/ssfa/ros2_ws/install/two_wheeled_robot/share/two_wheeled_robot/models/dumpster/meshes/dumpster.dae
[2.505s] -- Up-to-date symlink: /home/ssfa/ros2_ws/install/two_wheeled_robot/share/two_wheeled_robot/models/dumpster/model-1_3.sdf
[2.505s] -- Up-to-date symlink: /home/ssfa/ros2_ws/install/two_wheeled_robot/share/two_wheeled_robot/models/dumpster/model-1_4.sdf
[2.506s] -- Up-to-date symlink: /home/ssfa/ros2_ws/install/two_wheeled_robot/share/two_wheeled_robot/models/dumpster/model.config
[2.506s] -- Up-to-date symlink: /home/ssfa/ros2_ws/install/two_wheeled_robot/share/two_wheeled_robot/models/dumpster/model.sdf
[2.506s] -- Up-to-date symlink: /home/ssfa/ros2_ws/install/two_wheeled_robot/share/two_wheeled_robot/models/elegant_female/materials/textures/brown_eye.png
[2.506s] -- Up-to-date symlink: /home/ssfa/ros2_ws/install/two_wheeled_robot/share/two_wheeled_robot/models/elegant_female/materials/textures/eyebrow002.png
[2.506s] -- Up-to-date symlink: /home/ssfa/ros2_ws/install/two_wheeled_robot/share/two_wheeled_robot/models/elegant_female/materials/textures/eyelashes01.png
[2.506s] -- Up-to-date symlink: /home/ssfa/ros2_ws/install/two_wheeled_robot/share/two_wheeled_robot/models/elegant_female/materials/textures/male_elegantsuit01_diffuse.png
[2.506s] -- Up-to-date symlink: /home/ssfa/ros2_ws/install/two_wheeled_robot/share/two_wheeled_robot/models/elegant_female/materials/textures/ponytail01_diffuse.png
[2.506s] -- Up-to-date symlink: /home/ssfa/ros2_ws/install/two_wheeled_robot/share/two_wheeled_robot/models/elegant_female/materials/textures/shoes03_diffuse.png
[2.506s] -- Up-to-date symlink: /home/ssfa/ros2_ws/install/two_wheeled_robot/share/two_wheeled_robot/models/elegant_female/materials/textures/young_lightskinned_female_diffuse2.png
[2.506s] -- Up-to-date symlink: /home/ssfa/ros2_ws/install/two_wheeled_robot/share/two_wheeled_robot/models/elegant_female/meshes/elegant_female.dae
[2.506s] -- Up-to-date symlink: /home/ssfa/ros2_ws/install/two_wheeled_robot/share/two_wheeled_robot/models/elegant_female/meshes/elegant_female.png
[2.506s] -- Up-to-date symlink: /home/ssfa/ros2_ws/install/two_wheeled_robot/share/two_wheeled_robot/models/elegant_female/model.config
[2.507s] -- Up-to-date symlink: /home/ssfa/ros2_ws/install/two_wheeled_robot/share/two_wheeled_robot/models/elegant_female/model.sdf
[2.507s] -- Up-to-date symlink: /home/ssfa/ros2_ws/install/two_wheeled_robot/share/two_wheeled_robot/models/elegant_female2/materials/textures/braid01_diffuse.png
[2.507s] -- Up-to-date symlink: /home/ssfa/ros2_ws/install/two_wheeled_robot/share/two_wheeled_robot/models/elegant_female2/materials/textures/brown_eye.png
[2.507s] -- Up-to-date symlink: /home/ssfa/ros2_ws/install/two_wheeled_robot/share/two_wheeled_robot/models/elegant_female2/materials/textures/eyebrow003.png
[2.507s] -- Up-to-date symlink: /home/ssfa/ros2_ws/install/two_wheeled_robot/share/two_wheeled_robot/models/elegant_female2/materials/textures/eyelashes01.png
[2.507s] -- Up-to-date symlink: /home/ssfa/ros2_ws/install/two_wheeled_robot/share/two_wheeled_robot/models/elegant_female2/materials/textures/female_elegantsuit01_diffuse.png
[2.507s] -- Up-to-date symlink: /home/ssfa/ros2_ws/install/two_wheeled_robot/share/two_wheeled_robot/models/elegant_female2/materials/textures/female_elegantsuit01_normal.png
[2.507s] -- Up-to-date symlink: /home/ssfa/ros2_ws/install/two_wheeled_robot/share/two_wheeled_robot/models/elegant_female2/materials/textures/shoes03_diffuse.png
[2.507s] -- Up-to-date symlink: /home/ssfa/ros2_ws/install/two_wheeled_robot/share/two_wheeled_robot/models/elegant_female2/materials/textures/young_darkskinned_female_diffuse.png
[2.507s] -- Up-to-date symlink: /home/ssfa/ros2_ws/install/two_wheeled_robot/share/two_wheeled_robot/models/elegant_female2/meshes/elegant_female2.dae
[2.507s] -- Up-to-date symlink: /home/ssfa/ros2_ws/install/two_wheeled_robot/share/two_wheeled_robot/models/elegant_female2/meshes/elegant_female2.png
[2.507s] -- Up-to-date symlink: /home/ssfa/ros2_ws/install/two_wheeled_robot/share/two_wheeled_robot/models/elegant_female2/model.config
[2.507s] -- Up-to-date symlink: /home/ssfa/ros2_ws/install/two_wheeled_robot/share/two_wheeled_robot/models/elegant_female2/model.sdf
[2.508s] -- Up-to-date symlink: /home/ssfa/ros2_ws/install/two_wheeled_robot/share/two_wheeled_robot/models/elegant_male/materials/textures/brown_eye.png
[2.508s] -- Up-to-date symlink: /home/ssfa/ros2_ws/install/two_wheeled_robot/share/two_wheeled_robot/models/elegant_male/materials/textures/eyebrow005.png
[2.508s] -- Up-to-date symlink: /home/ssfa/ros2_ws/install/two_wheeled_robot/share/two_wheeled_robot/models/elegant_male/materials/textures/male_elegantsuit01_diffuse.png
[2.508s] -- Up-to-date symlink: /home/ssfa/ros2_ws/install/two_wheeled_robot/share/two_wheeled_robot/models/elegant_male/materials/textures/shoes01_diffuse.png
[2.508s] -- Up-to-date symlink: /home/ssfa/ros2_ws/install/two_wheeled_robot/share/two_wheeled_robot/models/elegant_male/materials/textures/shoes01_normal.png
[2.508s] -- Up-to-date symlink: /home/ssfa/ros2_ws/install/two_wheeled_robot/share/two_wheeled_robot/models/elegant_male/materials/textures/short01_diffuse.png
[2.508s] -- Up-to-date symlink: /home/ssfa/ros2_ws/install/two_wheeled_robot/share/two_wheeled_robot/models/elegant_male/materials/textures/young_lightskinned_male_diffuse3.png
[2.508s] -- Up-to-date symlink: /home/ssfa/ros2_ws/install/two_wheeled_robot/share/two_wheeled_robot/models/elegant_male/meshes/elegant_male.dae
[2.508s] -- Up-to-date symlink: /home/ssfa/ros2_ws/install/two_wheeled_robot/share/two_wheeled_robot/models/elegant_male/meshes/elegant_male.png
[2.508s] -- Up-to-date symlink: /home/ssfa/ros2_ws/install/two_wheeled_robot/share/two_wheeled_robot/models/elegant_male/model.config
[2.508s] -- Up-to-date symlink: /home/ssfa/ros2_ws/install/two_wheeled_robot/share/two_wheeled_robot/models/elegant_male/model.sdf
[2.508s] -- Up-to-date symlink: /home/ssfa/ros2_ws/install/two_wheeled_robot/share/two_wheeled_robot/models/europallet/materials/textures/Wood_Grain_Dark.jpg
[2.508s] -- Up-to-date symlink: /home/ssfa/ros2_ws/install/two_wheeled_robot/share/two_wheeled_robot/models/europallet/meshes/europallet.dae
[2.509s] -- Up-to-date symlink: /home/ssfa/ros2_ws/install/two_wheeled_robot/share/two_wheeled_robot/models/europallet/model.config
[2.509s] -- Up-to-date symlink: /home/ssfa/ros2_ws/install/two_wheeled_robot/share/two_wheeled_robot/models/europallet/model.sdf
[2.509s] -- Up-to-date symlink: /home/ssfa/ros2_ws/install/two_wheeled_robot/share/two_wheeled_robot/models/fast_food/materials/scripts/fast_food.material
[2.509s] -- Up-to-date symlink: /home/ssfa/ros2_ws/install/two_wheeled_robot/share/two_wheeled_robot/models/fast_food/materials/textures/FastFood_Diffuse.png
[2.509s] -- Up-to-date symlink: /home/ssfa/ros2_ws/install/two_wheeled_robot/share/two_wheeled_robot/models/fast_food/materials/textures/FastFood_Normal.png
[2.509s] -- Up-to-date symlink: /home/ssfa/ros2_ws/install/two_wheeled_robot/share/two_wheeled_robot/models/fast_food/materials/textures/FastFood_Spec.png
[2.509s] -- Up-to-date symlink: /home/ssfa/ros2_ws/install/two_wheeled_robot/share/two_wheeled_robot/models/fast_food/meshes/fast_food.dae
[2.509s] -- Up-to-date symlink: /home/ssfa/ros2_ws/install/two_wheeled_robot/share/two_wheeled_robot/models/fast_food/model-1_3.sdf
[2.509s] -- Up-to-date symlink: /home/ssfa/ros2_ws/install/two_wheeled_robot/share/two_wheeled_robot/models/fast_food/model-1_4.sdf
[2.509s] -- Up-to-date symlink: /home/ssfa/ros2_ws/install/two_wheeled_robot/share/two_wheeled_robot/models/fast_food/model.config
[2.509s] -- Up-to-date symlink: /home/ssfa/ros2_ws/install/two_wheeled_robot/share/two_wheeled_robot/models/fast_food/model.sdf
[2.509s] -- Up-to-date symlink: /home/ssfa/ros2_ws/install/two_wheeled_robot/share/two_wheeled_robot/models/fire_hydrant/materials/textures/fire_hydrant_diffuse.png
[2.510s] -- Up-to-date symlink: /home/ssfa/ros2_ws/install/two_wheeled_robot/share/two_wheeled_robot/models/fire_hydrant/materials/textures/fire_hydrant_spec.png
[2.510s] -- Up-to-date symlink: /home/ssfa/ros2_ws/install/two_wheeled_robot/share/two_wheeled_robot/models/fire_hydrant/meshes/fire_hydrant.dae
[2.510s] -- Up-to-date symlink: /home/ssfa/ros2_ws/install/two_wheeled_robot/share/two_wheeled_robot/models/fire_hydrant/model-1_4.sdf
[2.510s] -- Up-to-date symlink: /home/ssfa/ros2_ws/install/two_wheeled_robot/share/two_wheeled_robot/models/fire_hydrant/model.config
[2.510s] -- Up-to-date symlink: /home/ssfa/ros2_ws/install/two_wheeled_robot/share/two_wheeled_robot/models/fire_hydrant/model.sdf
[2.510s] -- Up-to-date symlink: /home/ssfa/ros2_ws/install/two_wheeled_robot/share/two_wheeled_robot/models/floor/model.config
[2.510s] -- Up-to-date symlink: /home/ssfa/ros2_ws/install/two_wheeled_robot/share/two_wheeled_robot/models/floor/model.sdf
[2.510s] -- Up-to-date symlink: /home/ssfa/ros2_ws/install/two_wheeled_robot/share/two_wheeled_robot/models/floor_with_ground/model.config
[2.510s] -- Up-to-date symlink: /home/ssfa/ros2_ws/install/two_wheeled_robot/share/two_wheeled_robot/models/floor_with_ground/model.sdf
[2.510s] -- Up-to-date symlink: /home/ssfa/ros2_ws/install/two_wheeled_robot/share/two_wheeled_robot/models/garden/materials/scripts/grass.material
[2.510s] -- Up-to-date symlink: /home/ssfa/ros2_ws/install/two_wheeled_robot/share/two_wheeled_robot/models/garden/materials/textures/grass_dry.jpg
[2.510s] -- Up-to-date symlink: /home/ssfa/ros2_ws/install/two_wheeled_robot/share/two_wheeled_robot/models/garden/model.config
[2.511s] -- Up-to-date symlink: /home/ssfa/ros2_ws/install/two_wheeled_robot/share/two_wheeled_robot/models/garden/model.sdf
[2.511s] -- Up-to-date symlink: /home/ssfa/ros2_ws/install/two_wheeled_robot/share/two_wheeled_robot/models/gas_station/materials/scripts/gas_station.material
[2.511s] -- Up-to-date symlink: /home/ssfa/ros2_ws/install/two_wheeled_robot/share/two_wheeled_robot/models/gas_station/materials/textures/GasStation_Diffuse.png
[2.511s] -- Up-to-date symlink: /home/ssfa/ros2_ws/install/two_wheeled_robot/share/two_wheeled_robot/models/gas_station/materials/textures/GasStation_Normal.png
[2.511s] -- Up-to-date symlink: /home/ssfa/ros2_ws/install/two_wheeled_robot/share/two_wheeled_robot/models/gas_station/materials/textures/GasStation_Spec.png
[2.511s] -- Up-to-date symlink: /home/ssfa/ros2_ws/install/two_wheeled_robot/share/two_wheeled_robot/models/gas_station/meshes/gas_station.dae
[2.511s] -- Up-to-date symlink: /home/ssfa/ros2_ws/install/two_wheeled_robot/share/two_wheeled_robot/models/gas_station/model-1_3.sdf
[2.511s] -- Up-to-date symlink: /home/ssfa/ros2_ws/install/two_wheeled_robot/share/two_wheeled_robot/models/gas_station/model-1_4.sdf
[2.511s] -- Up-to-date symlink: /home/ssfa/ros2_ws/install/two_wheeled_robot/share/two_wheeled_robot/models/gas_station/model.config
[2.511s] -- Up-to-date symlink: /home/ssfa/ros2_ws/install/two_wheeled_robot/share/two_wheeled_robot/models/gas_station/model.sdf
[2.511s] -- Up-to-date symlink: /home/ssfa/ros2_ws/install/two_wheeled_robot/share/two_wheeled_robot/models/gimbal_small_2d/meshes/base_arm.dae
[2.511s] -- Up-to-date symlink: /home/ssfa/ros2_ws/install/two_wheeled_robot/share/two_wheeled_robot/models/gimbal_small_2d/meshes/base_main.dae
[2.511s] -- Up-to-date symlink: /home/ssfa/ros2_ws/install/two_wheeled_robot/share/two_wheeled_robot/models/gimbal_small_2d/meshes/tilt.dae
[2.512s] -- Up-to-date symlink: /home/ssfa/ros2_ws/install/two_wheeled_robot/share/two_wheeled_robot/models/gimbal_small_2d/model.config
[2.512s] -- Up-to-date symlink: /home/ssfa/ros2_ws/install/two_wheeled_robot/share/two_wheeled_robot/models/gimbal_small_2d/model.sdf
[2.512s] -- Up-to-date symlink: /home/ssfa/ros2_ws/install/two_wheeled_robot/share/two_wheeled_robot/models/green_target/meshes/green_target.dae
[2.512s] -- Up-to-date symlink: /home/ssfa/ros2_ws/install/two_wheeled_robot/share/two_wheeled_robot/models/green_target/model.config
[2.512s] -- Up-to-date symlink: /home/ssfa/ros2_ws/install/two_wheeled_robot/share/two_wheeled_robot/models/green_target/model.sdf
[2.512s] -- Up-to-date symlink: /home/ssfa/ros2_ws/install/two_wheeled_robot/share/two_wheeled_robot/models/green_tray/meshes/green_tray.dae
[2.512s] -- Up-to-date symlink: /home/ssfa/ros2_ws/install/two_wheeled_robot/share/two_wheeled_robot/models/green_tray/model.config
[2.512s] -- Up-to-date symlink: /home/ssfa/ros2_ws/install/two_wheeled_robot/share/two_wheeled_robot/models/green_tray/model.sdf
[2.512s] -- Up-to-date symlink: /home/ssfa/ros2_ws/install/two_wheeled_robot/share/two_wheeled_robot/models/grey_wall/materials/scripts/grey_wall.material
[2.512s] -- Up-to-date symlink: /home/ssfa/ros2_ws/install/two_wheeled_robot/share/two_wheeled_robot/models/grey_wall/materials/textures/grey_wall.png
[2.512s] -- Up-to-date symlink: /home/ssfa/ros2_ws/install/two_wheeled_robot/share/two_wheeled_robot/models/grey_wall/model-1_3.sdf
[2.512s] -- Up-to-date symlink: /home/ssfa/ros2_ws/install/two_wheeled_robot/share/two_wheeled_robot/models/grey_wall/model-1_4.sdf
[2.512s] -- Up-to-date symlink: /home/ssfa/ros2_ws/install/two_wheeled_robot/share/two_wheeled_robot/models/grey_wall/model.config
[2.513s] -- Up-to-date symlink: /home/ssfa/ros2_ws/install/two_wheeled_robot/share/two_wheeled_robot/models/grey_wall/model.sdf
[2.513s] -- Up-to-date symlink: /home/ssfa/ros2_ws/install/two_wheeled_robot/share/two_wheeled_robot/models/grocery_store/materials/textures/grocery_store_diffuse.jpg
[2.513s] -- Up-to-date symlink: /home/ssfa/ros2_ws/install/two_wheeled_robot/share/two_wheeled_robot/models/grocery_store/materials/textures/grocery_store_spec.jpg
[2.513s] -- Up-to-date symlink: /home/ssfa/ros2_ws/install/two_wheeled_robot/share/two_wheeled_robot/models/grocery_store/meshes/grocery_store.dae
[2.513s] -- Up-to-date symlink: /home/ssfa/ros2_ws/install/two_wheeled_robot/share/two_wheeled_robot/models/grocery_store/model.config
[2.513s] -- Up-to-date symlink: /home/ssfa/ros2_ws/install/two_wheeled_robot/share/two_wheeled_robot/models/grocery_store/model.sdf
[2.513s] -- Up-to-date symlink: /home/ssfa/ros2_ws/install/two_wheeled_robot/share/two_wheeled_robot/models/ground_plane/model-1_2.sdf
[2.513s] -- Up-to-date symlink: /home/ssfa/ros2_ws/install/two_wheeled_robot/share/two_wheeled_robot/models/ground_plane/model-1_3.sdf
[2.513s] -- Up-to-date symlink: /home/ssfa/ros2_ws/install/two_wheeled_robot/share/two_wheeled_robot/models/ground_plane/model-1_4.sdf
[2.513s] -- Up-to-date symlink: /home/ssfa/ros2_ws/install/two_wheeled_robot/share/two_wheeled_robot/models/ground_plane/model.config
[2.513s] -- Up-to-date symlink: /home/ssfa/ros2_ws/install/two_wheeled_robot/share/two_wheeled_robot/models/ground_plane/model.sdf
[2.513s] -- Up-to-date symlink: /home/ssfa/ros2_ws/install/two_wheeled_robot/share/two_wheeled_robot/models/hangout_chair/materials/textures/hangout_chair.png
[2.514s] -- Up-to-date symlink: /home/ssfa/ros2_ws/install/two_wheeled_robot/share/two_wheeled_robot/models/hangout_chair/meshes/hangout_chair.mtl
[2.514s] -- Up-to-date symlink: /home/ssfa/ros2_ws/install/two_wheeled_robot/share/two_wheeled_robot/models/hangout_chair/meshes/hangout_chair.obj
[2.514s] -- Up-to-date symlink: /home/ssfa/ros2_ws/install/two_wheeled_robot/share/two_wheeled_robot/models/hangout_chair/model.config
[2.514s] -- Up-to-date symlink: /home/ssfa/ros2_ws/install/two_wheeled_robot/share/two_wheeled_robot/models/hangout_chair/model.sdf
[2.514s] -- Up-to-date symlink: /home/ssfa/ros2_ws/install/two_wheeled_robot/share/two_wheeled_robot/models/house_1/materials/scripts/house_1.material
[2.514s] -- Up-to-date symlink: /home/ssfa/ros2_ws/install/two_wheeled_robot/share/two_wheeled_robot/models/house_1/materials/textures/House_1_Diffuse.png
[2.514s] -- Up-to-date symlink: /home/ssfa/ros2_ws/install/two_wheeled_robot/share/two_wheeled_robot/models/house_1/materials/textures/House_1_Normal.png
[2.514s] -- Up-to-date symlink: /home/ssfa/ros2_ws/install/two_wheeled_robot/share/two_wheeled_robot/models/house_1/materials/textures/House_1_Spec.png
[2.514s] -- Up-to-date symlink: /home/ssfa/ros2_ws/install/two_wheeled_robot/share/two_wheeled_robot/models/house_1/meshes/house_1.dae
[2.514s] -- Up-to-date symlink: /home/ssfa/ros2_ws/install/two_wheeled_robot/share/two_wheeled_robot/models/house_1/model-1_3.sdf
[2.514s] -- Up-to-date symlink: /home/ssfa/ros2_ws/install/two_wheeled_robot/share/two_wheeled_robot/models/house_1/model-1_4.sdf
[2.514s] -- Up-to-date symlink: /home/ssfa/ros2_ws/install/two_wheeled_robot/share/two_wheeled_robot/models/house_1/model.config
[2.514s] -- Up-to-date symlink: /home/ssfa/ros2_ws/install/two_wheeled_robot/share/two_wheeled_robot/models/house_1/model.sdf
[2.514s] -- Up-to-date symlink: /home/ssfa/ros2_ws/install/two_wheeled_robot/share/two_wheeled_robot/models/house_2/materials/scripts/house_2.material
[2.514s] -- Up-to-date symlink: /home/ssfa/ros2_ws/install/two_wheeled_robot/share/two_wheeled_robot/models/house_2/materials/textures/House_2_Diffuse.png
[2.514s] -- Up-to-date symlink: /home/ssfa/ros2_ws/install/two_wheeled_robot/share/two_wheeled_robot/models/house_2/meshes/house_2.dae
[2.514s] -- Up-to-date symlink: /home/ssfa/ros2_ws/install/two_wheeled_robot/share/two_wheeled_robot/models/house_2/model-1_3.sdf
[2.514s] -- Up-to-date symlink: /home/ssfa/ros2_ws/install/two_wheeled_robot/share/two_wheeled_robot/models/house_2/model-1_4.sdf
[2.514s] -- Up-to-date symlink: /home/ssfa/ros2_ws/install/two_wheeled_robot/share/two_wheeled_robot/models/house_2/model.config
[2.514s] -- Up-to-date symlink: /home/ssfa/ros2_ws/install/two_wheeled_robot/share/two_wheeled_robot/models/house_2/model.sdf
[2.515s] -- Up-to-date symlink: /home/ssfa/ros2_ws/install/two_wheeled_robot/share/two_wheeled_robot/models/house_3/materials/scripts/house_3.material
[2.515s] -- Up-to-date symlink: /home/ssfa/ros2_ws/install/two_wheeled_robot/share/two_wheeled_robot/models/house_3/materials/textures/House_3_Diffuse.png
[2.515s] -- Up-to-date symlink: /home/ssfa/ros2_ws/install/two_wheeled_robot/share/two_wheeled_robot/models/house_3/meshes/house_3.dae
[2.515s] -- Up-to-date symlink: /home/ssfa/ros2_ws/install/two_wheeled_robot/share/two_wheeled_robot/models/house_3/model-1_3.sdf
[2.515s] -- Up-to-date symlink: /home/ssfa/ros2_ws/install/two_wheeled_robot/share/two_wheeled_robot/models/house_3/model-1_4.sdf
[2.515s] -- Up-to-date symlink: /home/ssfa/ros2_ws/install/two_wheeled_robot/share/two_wheeled_robot/models/house_3/model.config
[2.515s] -- Up-to-date symlink: /home/ssfa/ros2_ws/install/two_wheeled_robot/share/two_wheeled_robot/models/house_3/model.sdf
[2.515s] -- Up-to-date symlink: /home/ssfa/ros2_ws/install/two_wheeled_robot/share/two_wheeled_robot/models/iris_with_standoffs/meshes/iris.dae
[2.515s] -- Up-to-date symlink: /home/ssfa/ros2_ws/install/two_wheeled_robot/share/two_wheeled_robot/models/iris_with_standoffs/meshes/iris_prop_ccw.dae
[2.515s] -- Up-to-date symlink: /home/ssfa/ros2_ws/install/two_wheeled_robot/share/two_wheeled_robot/models/iris_with_standoffs/meshes/iris_prop_cw.dae
[2.515s] -- Up-to-date symlink: /home/ssfa/ros2_ws/install/two_wheeled_robot/share/two_wheeled_robot/models/iris_with_standoffs/model.config
[2.515s] -- Up-to-date symlink: /home/ssfa/ros2_ws/install/two_wheeled_robot/share/two_wheeled_robot/models/iris_with_standoffs/model.sdf
[2.515s] -- Up-to-date symlink: /home/ssfa/ros2_ws/install/two_wheeled_robot/share/two_wheeled_robot/models/iris_with_standoffs_demo/model.config
[2.515s] -- Up-to-date symlink: /home/ssfa/ros2_ws/install/two_wheeled_robot/share/two_wheeled_robot/models/iris_with_standoffs_demo/model.sdf
[2.515s] -- Up-to-date symlink: /home/ssfa/ros2_ws/install/two_wheeled_robot/share/two_wheeled_robot/models/irobot_hand/meshes/finger_base.stl
[2.515s] -- Up-to-date symlink: /home/ssfa/ros2_ws/install/two_wheeled_robot/share/two_wheeled_robot/models/irobot_hand/meshes/finger_distal.stl
[2.515s] -- Up-to-date symlink: /home/ssfa/ros2_ws/install/two_wheeled_robot/share/two_wheeled_robot/models/irobot_hand/meshes/finger_proximal.stl
[2.515s] -- Up-to-date symlink: /home/ssfa/ros2_ws/install/two_wheeled_robot/share/two_wheeled_robot/models/irobot_hand/meshes/palm.stl
[2.515s] -- Up-to-date symlink: /home/ssfa/ros2_ws/install/two_wheeled_robot/share/two_wheeled_robot/models/irobot_hand/model-1_3.sdf
[2.515s] -- Up-to-date symlink: /home/ssfa/ros2_ws/install/two_wheeled_robot/share/two_wheeled_robot/models/irobot_hand/model-1_4.sdf
[2.515s] -- Up-to-date symlink: /home/ssfa/ros2_ws/install/two_wheeled_robot/share/two_wheeled_robot/models/irobot_hand/model.config
[2.515s] -- Up-to-date symlink: /home/ssfa/ros2_ws/install/two_wheeled_robot/share/two_wheeled_robot/models/irobot_hand/model.sdf
[2.515s] -- Up-to-date symlink: /home/ssfa/ros2_ws/install/two_wheeled_robot/share/two_wheeled_robot/models/jersey_barrier/materials/textures/jersey_barrier.png
[2.515s] -- Up-to-date symlink: /home/ssfa/ros2_ws/install/two_wheeled_robot/share/two_wheeled_robot/models/jersey_barrier/materials/textures/jersey_barrier_diffuse.png
[2.515s] -- Up-to-date symlink: /home/ssfa/ros2_ws/install/two_wheeled_robot/share/two_wheeled_robot/models/jersey_barrier/materials/textures/jersey_barrier_spec.png
[2.515s] -- Up-to-date symlink: /home/ssfa/ros2_ws/install/two_wheeled_robot/share/two_wheeled_robot/models/jersey_barrier/meshes/jersey_barrier.dae
[2.515s] -- Up-to-date symlink: /home/ssfa/ros2_ws/install/two_wheeled_robot/share/two_wheeled_robot/models/jersey_barrier/model-1_4.sdf
[2.515s] -- Up-to-date symlink: /home/ssfa/ros2_ws/install/two_wheeled_robot/share/two_wheeled_robot/models/jersey_barrier/model.config
[2.515s] -- Up-to-date symlink: /home/ssfa/ros2_ws/install/two_wheeled_robot/share/two_wheeled_robot/models/jersey_barrier/model.sdf
[2.516s] -- Up-to-date symlink: /home/ssfa/ros2_ws/install/two_wheeled_robot/share/two_wheeled_robot/models/kitchen_dining/materials/textures/__auto_1.png
[2.516s] -- Up-to-date symlink: /home/ssfa/ros2_ws/install/two_wheeled_robot/share/two_wheeled_robot/models/kitchen_dining/materials/textures/__auto_13.png
[2.516s] -- Up-to-date symlink: /home/ssfa/ros2_ws/install/two_wheeled_robot/share/two_wheeled_robot/models/kitchen_dining/materials/textures/__auto_14.png
[2.516s] -- Up-to-date symlink: /home/ssfa/ros2_ws/install/two_wheeled_robot/share/two_wheeled_robot/models/kitchen_dining/materials/textures/__auto_16.png
[2.516s] -- Up-to-date symlink: /home/ssfa/ros2_ws/install/two_wheeled_robot/share/two_wheeled_robot/models/kitchen_dining/materials/textures/__auto_17.png
[2.516s] -- Up-to-date symlink: /home/ssfa/ros2_ws/install/two_wheeled_robot/share/two_wheeled_robot/models/kitchen_dining/materials/textures/__auto_18.png
[2.516s] -- Up-to-date symlink: /home/ssfa/ros2_ws/install/two_wheeled_robot/share/two_wheeled_robot/models/kitchen_dining/materials/textures/__auto_19.png
[2.516s] -- Up-to-date symlink: /home/ssfa/ros2_ws/install/two_wheeled_robot/share/two_wheeled_robot/models/kitchen_dining/materials/textures/__auto_2.png
[2.516s] -- Up-to-date symlink: /home/ssfa/ros2_ws/install/two_wheeled_robot/share/two_wheeled_robot/models/kitchen_dining/materials/textures/__auto_20.png
[2.516s] -- Up-to-date symlink: /home/ssfa/ros2_ws/install/two_wheeled_robot/share/two_wheeled_robot/models/kitchen_dining/materials/textures/__auto_21.png
[2.516s] -- Up-to-date symlink: /home/ssfa/ros2_ws/install/two_wheeled_robot/share/two_wheeled_robot/models/kitchen_dining/materials/textures/__auto_22.png
[2.516s] -- Up-to-date symlink: /home/ssfa/ros2_ws/install/two_wheeled_robot/share/two_wheeled_robot/models/kitchen_dining/materials/textures/__auto_24.png
[2.516s] -- Up-to-date symlink: /home/ssfa/ros2_ws/install/two_wheeled_robot/share/two_wheeled_robot/models/kitchen_dining/materials/textures/__auto_25.png
[2.516s] -- Up-to-date symlink: /home/ssfa/ros2_ws/install/two_wheeled_robot/share/two_wheeled_robot/models/kitchen_dining/materials/textures/__auto_28.png
[2.516s] -- Up-to-date symlink: /home/ssfa/ros2_ws/install/two_wheeled_robot/share/two_wheeled_robot/models/kitchen_dining/materials/textures/__auto_29.png
[2.516s] -- Up-to-date symlink: /home/ssfa/ros2_ws/install/two_wheeled_robot/share/two_wheeled_robot/models/kitchen_dining/materials/textures/__auto_30.png
[2.516s] -- Up-to-date symlink: /home/ssfa/ros2_ws/install/two_wheeled_robot/share/two_wheeled_robot/models/kitchen_dining/materials/textures/__auto_38.png
[2.516s] -- Up-to-date symlink: /home/ssfa/ros2_ws/install/two_wheeled_robot/share/two_wheeled_robot/models/kitchen_dining/materials/textures/__auto_39.png
[2.516s] -- Up-to-date symlink: /home/ssfa/ros2_ws/install/two_wheeled_robot/share/two_wheeled_robot/models/kitchen_dining/materials/textures/__auto_40.png
[2.516s] -- Up-to-date symlink: /home/ssfa/ros2_ws/install/two_wheeled_robot/share/two_wheeled_robot/models/kitchen_dining/materials/textures/__auto_41.png
[2.516s] -- Up-to-date symlink: /home/ssfa/ros2_ws/install/two_wheeled_robot/share/two_wheeled_robot/models/kitchen_dining/materials/textures/__auto_42.png
[2.516s] -- Up-to-date symlink: /home/ssfa/ros2_ws/install/two_wheeled_robot/share/two_wheeled_robot/models/kitchen_dining/materials/textures/__auto_43.png
[2.516s] -- Up-to-date symlink: /home/ssfa/ros2_ws/install/two_wheeled_robot/share/two_wheeled_robot/models/kitchen_dining/materials/textures/__auto_44.png
[2.516s] -- Up-to-date symlink: /home/ssfa/ros2_ws/install/two_wheeled_robot/share/two_wheeled_robot/models/kitchen_dining/materials/textures/__auto_45.png
[2.516s] -- Up-to-date symlink: /home/ssfa/ros2_ws/install/two_wheeled_robot/share/two_wheeled_robot/models/kitchen_dining/materials/textures/__auto_46.png
[2.516s] -- Up-to-date symlink: /home/ssfa/ros2_ws/install/two_wheeled_robot/share/two_wheeled_robot/models/kitchen_dining/materials/textures/__auto_47.png
[2.516s] -- Up-to-date symlink: /home/ssfa/ros2_ws/install/two_wheeled_robot/share/two_wheeled_robot/models/kitchen_dining/materials/textures/__auto_49.png
[2.516s] -- Up-to-date symlink: /home/ssfa/ros2_ws/install/two_wheeled_robot/share/two_wheeled_robot/models/kitchen_dining/materials/textures/__auto_50.png
[2.517s] -- Up-to-date symlink: /home/ssfa/ros2_ws/install/two_wheeled_robot/share/two_wheeled_robot/models/kitchen_dining/materials/textures/__auto_51.png
[2.517s] -- Up-to-date symlink: /home/ssfa/ros2_ws/install/two_wheeled_robot/share/two_wheeled_robot/models/kitchen_dining/materials/textures/__auto_52.png
[2.517s] -- Up-to-date symlink: /home/ssfa/ros2_ws/install/two_wheeled_robot/share/two_wheeled_robot/models/kitchen_dining/materials/textures/__auto_53.png
[2.517s] -- Up-to-date symlink: /home/ssfa/ros2_ws/install/two_wheeled_robot/share/two_wheeled_robot/models/kitchen_dining/materials/textures/__auto_56.png
[2.517s] -- Up-to-date symlink: /home/ssfa/ros2_ws/install/two_wheeled_robot/share/two_wheeled_robot/models/kitchen_dining/materials/textures/__auto_57.png
[2.517s] -- Up-to-date symlink: /home/ssfa/ros2_ws/install/two_wheeled_robot/share/two_wheeled_robot/models/kitchen_dining/materials/textures/__auto_59.png
[2.517s] -- Up-to-date symlink: /home/ssfa/ros2_ws/install/two_wheeled_robot/share/two_wheeled_robot/models/kitchen_dining/materials/textures/__auto_60.png
[2.517s] -- Up-to-date symlink: /home/ssfa/ros2_ws/install/two_wheeled_robot/share/two_wheeled_robot/models/kitchen_dining/materials/textures/__auto_61.png
[2.517s] -- Up-to-date symlink: /home/ssfa/ros2_ws/install/two_wheeled_robot/share/two_wheeled_robot/models/kitchen_dining/materials/textures/__auto_64.png
[2.517s] -- Up-to-date symlink: /home/ssfa/ros2_ws/install/two_wheeled_robot/share/two_wheeled_robot/models/kitchen_dining/materials/textures/__auto_66.png
[2.517s] -- Up-to-date symlink: /home/ssfa/ros2_ws/install/two_wheeled_robot/share/two_wheeled_robot/models/kitchen_dining/materials/textures/__auto_69.png
[2.517s] -- Up-to-date symlink: /home/ssfa/ros2_ws/install/two_wheeled_robot/share/two_wheeled_robot/models/kitchen_dining/materials/textures/__auto_7.png
[2.517s] -- Up-to-date symlink: /home/ssfa/ros2_ws/install/two_wheeled_robot/share/two_wheeled_robot/models/kitchen_dining/materials/textures/__auto_8.png
[2.517s] -- Up-to-date symlink: /home/ssfa/ros2_ws/install/two_wheeled_robot/share/two_wheeled_robot/models/kitchen_dining/materials/textures/__auto_9.png
[2.517s] -- Up-to-date symlink: /home/ssfa/ros2_ws/install/two_wheeled_robot/share/two_wheeled_robot/models/kitchen_dining/meshes/kitchen_dining.dae
[2.517s] -- Up-to-date symlink: /home/ssfa/ros2_ws/install/two_wheeled_robot/share/two_wheeled_robot/models/kitchen_dining/model-1_3.sdf
[2.517s] -- Up-to-date symlink: /home/ssfa/ros2_ws/install/two_wheeled_robot/share/two_wheeled_robot/models/kitchen_dining/model-1_4.sdf
[2.517s] -- Up-to-date symlink: /home/ssfa/ros2_ws/install/two_wheeled_robot/share/two_wheeled_robot/models/kitchen_dining/model.config
[2.517s] -- Up-to-date symlink: /home/ssfa/ros2_ws/install/two_wheeled_robot/share/two_wheeled_robot/models/kitchen_dining/model.sdf
[2.517s] -- Up-to-date symlink: /home/ssfa/ros2_ws/install/two_wheeled_robot/share/two_wheeled_robot/models/kiva_pod/meshes/pod_lowres.stl
[2.517s] -- Up-to-date symlink: /home/ssfa/ros2_ws/install/two_wheeled_robot/share/two_wheeled_robot/models/kiva_pod/meshes/pod_lowres.wrl
[2.517s] -- Up-to-date symlink: /home/ssfa/ros2_ws/install/two_wheeled_robot/share/two_wheeled_robot/models/kiva_pod/meshes/pod_lowres1000.stl
[2.517s] -- Up-to-date symlink: /home/ssfa/ros2_ws/install/two_wheeled_robot/share/two_wheeled_robot/models/kiva_pod/model.config
[2.517s] -- Up-to-date symlink: /home/ssfa/ros2_ws/install/two_wheeled_robot/share/two_wheeled_robot/models/kiva_pod/model.sdf
[2.517s] -- Up-to-date symlink: /home/ssfa/ros2_ws/install/two_wheeled_robot/share/two_wheeled_robot/models/kiva_pod/model.urdf
[2.518s] -- Up-to-date symlink: /home/ssfa/ros2_ws/install/two_wheeled_robot/share/two_wheeled_robot/models/lamp_post/materials/textures/Lamp_Post_Diffuse.png
[2.518s] -- Up-to-date symlink: /home/ssfa/ros2_ws/install/two_wheeled_robot/share/two_wheeled_robot/models/lamp_post/materials/textures/Lamp_Post_Emissive.png
[2.518s] -- Up-to-date symlink: /home/ssfa/ros2_ws/install/two_wheeled_robot/share/two_wheeled_robot/models/lamp_post/materials/textures/Lamp_Post_Spec.png
[2.518s] -- Up-to-date symlink: /home/ssfa/ros2_ws/install/two_wheeled_robot/share/two_wheeled_robot/models/lamp_post/meshes/lamp_post.dae
[2.518s] -- Up-to-date symlink: /home/ssfa/ros2_ws/install/two_wheeled_robot/share/two_wheeled_robot/models/lamp_post/model-1_3.sdf
[2.518s] -- Up-to-date symlink: /home/ssfa/ros2_ws/install/two_wheeled_robot/share/two_wheeled_robot/models/lamp_post/model-1_4.sdf
[2.518s] -- Up-to-date symlink: /home/ssfa/ros2_ws/install/two_wheeled_robot/share/two_wheeled_robot/models/lamp_post/model.config
[2.518s] -- Up-to-date symlink: /home/ssfa/ros2_ws/install/two_wheeled_robot/share/two_wheeled_robot/models/lamp_post/model.sdf
[2.518s] -- Up-to-date symlink: /home/ssfa/ros2_ws/install/two_wheeled_robot/share/two_wheeled_robot/models/logistics/meshes/Robotnik_Automation_logo.jpg
[2.518s] -- Up-to-date symlink: /home/ssfa/ros2_ws/install/two_wheeled_robot/share/two_wheeled_robot/models/logistics/meshes/cpswarm_logo.png
[2.518s] -- Up-to-date symlink: /home/ssfa/ros2_ws/install/two_wheeled_robot/share/two_wheeled_robot/models/logistics/meshes/cpswarm_logo.png.001.png
[2.518s] -- Up-to-date symlink: /home/ssfa/ros2_ws/install/two_wheeled_robot/share/two_wheeled_robot/models/logistics/meshes/logistics_base.dae
[2.518s] -- Up-to-date symlink: /home/ssfa/ros2_ws/install/two_wheeled_robot/share/two_wheeled_robot/models/logistics/model.config
[2.518s] -- Up-to-date symlink: /home/ssfa/ros2_ws/install/two_wheeled_robot/share/two_wheeled_robot/models/logistics/model.sdf
[2.518s] -- Up-to-date symlink: /home/ssfa/ros2_ws/install/two_wheeled_robot/share/two_wheeled_robot/models/marker00/materials/textures/Marker0.png
[2.518s] -- Up-to-date symlink: /home/ssfa/ros2_ws/install/two_wheeled_robot/share/two_wheeled_robot/models/marker00/meshes/Marker0.dae
[2.518s] -- Up-to-date symlink: /home/ssfa/ros2_ws/install/two_wheeled_robot/share/two_wheeled_robot/models/marker00/model-1_4.sdf
[2.518s] -- Up-to-date symlink: /home/ssfa/ros2_ws/install/two_wheeled_robot/share/two_wheeled_robot/models/marker00/model-1_4.sdf~
[2.518s] -- Up-to-date symlink: /home/ssfa/ros2_ws/install/two_wheeled_robot/share/two_wheeled_robot/models/marker00/model-1_5.sdf
[2.519s] -- Up-to-date symlink: /home/ssfa/ros2_ws/install/two_wheeled_robot/share/two_wheeled_robot/models/marker00/model-1_5.sdf~
[2.519s] -- Up-to-date symlink: /home/ssfa/ros2_ws/install/two_wheeled_robot/share/two_wheeled_robot/models/marker00/model.config
[2.519s] -- Up-to-date symlink: /home/ssfa/ros2_ws/install/two_wheeled_robot/share/two_wheeled_robot/models/marker00/model.config~
[2.519s] -- Up-to-date symlink: /home/ssfa/ros2_ws/install/two_wheeled_robot/share/two_wheeled_robot/models/marker00/model.sdf
[2.519s] -- Up-to-date symlink: /home/ssfa/ros2_ws/install/two_wheeled_robot/share/two_wheeled_robot/models/marker00/model.sdf~
[2.519s] -- Up-to-date symlink: /home/ssfa/ros2_ws/install/two_wheeled_robot/share/two_wheeled_robot/models/marker01/materials/textures/Marker0.png
[2.519s] -- Up-to-date symlink: /home/ssfa/ros2_ws/install/two_wheeled_robot/share/two_wheeled_robot/models/marker01/meshes/Marker0.dae
[2.519s] -- Up-to-date symlink: /home/ssfa/ros2_ws/install/two_wheeled_robot/share/two_wheeled_robot/models/marker01/model-1_4.sdf
[2.519s] -- Up-to-date symlink: /home/ssfa/ros2_ws/install/two_wheeled_robot/share/two_wheeled_robot/models/marker01/model-1_4.sdf~
[2.519s] -- Up-to-date symlink: /home/ssfa/ros2_ws/install/two_wheeled_robot/share/two_wheeled_robot/models/marker01/model-1_5.sdf
[2.519s] -- Up-to-date symlink: /home/ssfa/ros2_ws/install/two_wheeled_robot/share/two_wheeled_robot/models/marker01/model-1_5.sdf~
[2.519s] -- Up-to-date symlink: /home/ssfa/ros2_ws/install/two_wheeled_robot/share/two_wheeled_robot/models/marker01/model.config
[2.519s] -- Up-to-date symlink: /home/ssfa/ros2_ws/install/two_wheeled_robot/share/two_wheeled_robot/models/marker01/model.config~
[2.519s] -- Up-to-date symlink: /home/ssfa/ros2_ws/install/two_wheeled_robot/share/two_wheeled_robot/models/marker01/model.sdf
[2.519s] -- Up-to-date symlink: /home/ssfa/ros2_ws/install/two_wheeled_robot/share/two_wheeled_robot/models/marker01/model.sdf~
[2.519s] -- Up-to-date symlink: /home/ssfa/ros2_ws/install/two_wheeled_robot/share/two_wheeled_robot/models/marker10/materials/textures/Marker0.png
[2.519s] -- Up-to-date symlink: /home/ssfa/ros2_ws/install/two_wheeled_robot/share/two_wheeled_robot/models/marker10/meshes/Marker0.dae
[2.519s] -- Up-to-date symlink: /home/ssfa/ros2_ws/install/two_wheeled_robot/share/two_wheeled_robot/models/marker10/model-1_4.sdf
[2.519s] -- Up-to-date symlink: /home/ssfa/ros2_ws/install/two_wheeled_robot/share/two_wheeled_robot/models/marker10/model-1_4.sdf~
[2.519s] -- Up-to-date symlink: /home/ssfa/ros2_ws/install/two_wheeled_robot/share/two_wheeled_robot/models/marker10/model-1_5.sdf
[2.519s] -- Up-to-date symlink: /home/ssfa/ros2_ws/install/two_wheeled_robot/share/two_wheeled_robot/models/marker10/model-1_5.sdf~
[2.519s] -- Up-to-date symlink: /home/ssfa/ros2_ws/install/two_wheeled_robot/share/two_wheeled_robot/models/marker10/model.config
[2.519s] -- Up-to-date symlink: /home/ssfa/ros2_ws/install/two_wheeled_robot/share/two_wheeled_robot/models/marker10/model.config~
[2.519s] -- Up-to-date symlink: /home/ssfa/ros2_ws/install/two_wheeled_robot/share/two_wheeled_robot/models/marker10/model.sdf
[2.519s] -- Up-to-date symlink: /home/ssfa/ros2_ws/install/two_wheeled_robot/share/two_wheeled_robot/models/marker10/model.sdf~
[2.519s] -- Up-to-date symlink: /home/ssfa/ros2_ws/install/two_wheeled_robot/share/two_wheeled_robot/models/marker11/materials/textures/BKP_Marker0.png
[2.519s] -- Up-to-date symlink: /home/ssfa/ros2_ws/install/two_wheeled_robot/share/two_wheeled_robot/models/marker11/materials/textures/Marker0.png
[2.519s] -- Up-to-date symlink: /home/ssfa/ros2_ws/install/two_wheeled_robot/share/two_wheeled_robot/models/marker11/meshes/Marker0.dae
[2.519s] -- Up-to-date symlink: /home/ssfa/ros2_ws/install/two_wheeled_robot/share/two_wheeled_robot/models/marker11/model-1_4.sdf
[2.520s] -- Up-to-date symlink: /home/ssfa/ros2_ws/install/two_wheeled_robot/share/two_wheeled_robot/models/marker11/model-1_4.sdf~
[2.520s] -- Up-to-date symlink: /home/ssfa/ros2_ws/install/two_wheeled_robot/share/two_wheeled_robot/models/marker11/model-1_5.sdf
[2.520s] -- Up-to-date symlink: /home/ssfa/ros2_ws/install/two_wheeled_robot/share/two_wheeled_robot/models/marker11/model-1_5.sdf~
[2.520s] -- Up-to-date symlink: /home/ssfa/ros2_ws/install/two_wheeled_robot/share/two_wheeled_robot/models/marker11/model.config
[2.520s] -- Up-to-date symlink: /home/ssfa/ros2_ws/install/two_wheeled_robot/share/two_wheeled_robot/models/marker11/model.config~
[2.520s] -- Up-to-date symlink: /home/ssfa/ros2_ws/install/two_wheeled_robot/share/two_wheeled_robot/models/marker11/model.sdf
[2.520s] -- Up-to-date symlink: /home/ssfa/ros2_ws/install/two_wheeled_robot/share/two_wheeled_robot/models/marker11/model.sdf~
[2.520s] -- Up-to-date symlink: /home/ssfa/ros2_ws/install/two_wheeled_robot/share/two_wheeled_robot/models/marker_infini2/materials/textures/BKP_Marker0.png
[2.520s] -- Up-to-date symlink: /home/ssfa/ros2_ws/install/two_wheeled_robot/share/two_wheeled_robot/models/marker_infini2/materials/textures/Marker0.png
[2.520s] -- Up-to-date symlink: /home/ssfa/ros2_ws/install/two_wheeled_robot/share/two_wheeled_robot/models/marker_infini2/meshes/Marker0.dae
[2.520s] -- Up-to-date symlink: /home/ssfa/ros2_ws/install/two_wheeled_robot/share/two_wheeled_robot/models/marker_infini2/model-1_4.sdf
[2.520s] -- Up-to-date symlink: /home/ssfa/ros2_ws/install/two_wheeled_robot/share/two_wheeled_robot/models/marker_infini2/model-1_4.sdf~
[2.520s] -- Up-to-date symlink: /home/ssfa/ros2_ws/install/two_wheeled_robot/share/two_wheeled_robot/models/marker_infini2/model-1_5.sdf
[2.520s] -- Up-to-date symlink: /home/ssfa/ros2_ws/install/two_wheeled_robot/share/two_wheeled_robot/models/marker_infini2/model-1_5.sdf~
[2.520s] -- Up-to-date symlink: /home/ssfa/ros2_ws/install/two_wheeled_robot/share/two_wheeled_robot/models/marker_infini2/model.config
[2.520s] -- Up-to-date symlink: /home/ssfa/ros2_ws/install/two_wheeled_robot/share/two_wheeled_robot/models/marker_infini2/model.config~
[2.520s] -- Up-to-date symlink: /home/ssfa/ros2_ws/install/two_wheeled_robot/share/two_wheeled_robot/models/marker_infini2/model.sdf
[2.520s] -- Up-to-date symlink: /home/ssfa/ros2_ws/install/two_wheeled_robot/share/two_wheeled_robot/models/marker_infini2/model.sdf~
[2.520s] -- Up-to-date symlink: /home/ssfa/ros2_ws/install/two_wheeled_robot/share/two_wheeled_robot/models/marker_infini_logo/materials/textures/BKP_Marker0.png
[2.520s] -- Up-to-date symlink: /home/ssfa/ros2_ws/install/two_wheeled_robot/share/two_wheeled_robot/models/marker_infini_logo/materials/textures/Marker0.png
[2.520s] -- Up-to-date symlink: /home/ssfa/ros2_ws/install/two_wheeled_robot/share/two_wheeled_robot/models/marker_infini_logo/materials/textures/Marker0_tmp.png
[2.521s] -- Up-to-date symlink: /home/ssfa/ros2_ws/install/two_wheeled_robot/share/two_wheeled_robot/models/marker_infini_logo/meshes/Marker0.dae
[2.521s] -- Up-to-date symlink: /home/ssfa/ros2_ws/install/two_wheeled_robot/share/two_wheeled_robot/models/marker_infini_logo/model-1_4.sdf
[2.521s] -- Up-to-date symlink: /home/ssfa/ros2_ws/install/two_wheeled_robot/share/two_wheeled_robot/models/marker_infini_logo/model-1_4.sdf~
[2.521s] -- Up-to-date symlink: /home/ssfa/ros2_ws/install/two_wheeled_robot/share/two_wheeled_robot/models/marker_infini_logo/model-1_5.sdf
[2.521s] -- Up-to-date symlink: /home/ssfa/ros2_ws/install/two_wheeled_robot/share/two_wheeled_robot/models/marker_infini_logo/model-1_5.sdf~
[2.521s] -- Up-to-date symlink: /home/ssfa/ros2_ws/install/two_wheeled_robot/share/two_wheeled_robot/models/marker_infini_logo/model.config
[2.521s] -- Up-to-date symlink: /home/ssfa/ros2_ws/install/two_wheeled_robot/share/two_wheeled_robot/models/marker_infini_logo/model.config~
[2.521s] -- Up-to-date symlink: /home/ssfa/ros2_ws/install/two_wheeled_robot/share/two_wheeled_robot/models/marker_infini_logo/model.sdf
[2.521s] -- Up-to-date symlink: /home/ssfa/ros2_ws/install/two_wheeled_robot/share/two_wheeled_robot/models/marker_infini_logo/model.sdf~
[2.521s] -- Up-to-date symlink: /home/ssfa/ros2_ws/install/two_wheeled_robot/share/two_wheeled_robot/models/microwave/materials/textures/microwave.png
[2.521s] -- Up-to-date symlink: /home/ssfa/ros2_ws/install/two_wheeled_robot/share/two_wheeled_robot/models/microwave/meshes/microwave.mtl
[2.521s] -- Up-to-date symlink: /home/ssfa/ros2_ws/install/two_wheeled_robot/share/two_wheeled_robot/models/microwave/meshes/microwave.obj
[2.521s] -- Up-to-date symlink: /home/ssfa/ros2_ws/install/two_wheeled_robot/share/two_wheeled_robot/models/microwave/model.config
[2.521s] -- Up-to-date symlink: /home/ssfa/ros2_ws/install/two_wheeled_robot/share/two_wheeled_robot/models/microwave/model.sdf
[2.521s] -- Up-to-date symlink: /home/ssfa/ros2_ws/install/two_wheeled_robot/share/two_wheeled_robot/models/mini_fridge/materials/textures/mini_fridge.png
[2.521s] -- Up-to-date symlink: /home/ssfa/ros2_ws/install/two_wheeled_robot/share/two_wheeled_robot/models/mini_fridge/meshes/mini_fridge.mtl
[2.521s] -- Up-to-date symlink: /home/ssfa/ros2_ws/install/two_wheeled_robot/share/two_wheeled_robot/models/mini_fridge/meshes/mini_fridge.obj
[2.521s] -- Up-to-date symlink: /home/ssfa/ros2_ws/install/two_wheeled_robot/share/two_wheeled_robot/models/mini_fridge/model.config
[2.521s] -- Up-to-date symlink: /home/ssfa/ros2_ws/install/two_wheeled_robot/share/two_wheeled_robot/models/mini_fridge/model.sdf
[2.521s] -- Up-to-date symlink: /home/ssfa/ros2_ws/install/two_wheeled_robot/share/two_wheeled_robot/models/mud_box/materials/scripts/mud.material
[2.521s] -- Up-to-date symlink: /home/ssfa/ros2_ws/install/two_wheeled_robot/share/two_wheeled_robot/models/mud_box/materials/textures/mud_soft_leaves.png
[2.521s] -- Up-to-date symlink: /home/ssfa/ros2_ws/install/two_wheeled_robot/share/two_wheeled_robot/models/mud_box/model-1_4.sdf
[2.521s] -- Up-to-date symlink: /home/ssfa/ros2_ws/install/two_wheeled_robot/share/two_wheeled_robot/models/mud_box/model.config
[2.521s] -- Up-to-date symlink: /home/ssfa/ros2_ws/install/two_wheeled_robot/share/two_wheeled_robot/models/mud_box/model.sdf
[2.521s] -- Up-to-date symlink: /home/ssfa/ros2_ws/install/two_wheeled_robot/share/two_wheeled_robot/models/oak_tree/materials/scripts/caster_fp.glsl
[2.521s] -- Up-to-date symlink: /home/ssfa/ros2_ws/install/two_wheeled_robot/share/two_wheeled_robot/models/oak_tree/materials/scripts/caster_vp.glsl
[2.521s] -- Up-to-date symlink: /home/ssfa/ros2_ws/install/two_wheeled_robot/share/two_wheeled_robot/models/oak_tree/materials/scripts/oak_tree.material
[2.521s] -- Up-to-date symlink: /home/ssfa/ros2_ws/install/two_wheeled_robot/share/two_wheeled_robot/models/oak_tree/materials/textures/bark_diffuse.png
[2.521s] -- Up-to-date symlink: /home/ssfa/ros2_ws/install/two_wheeled_robot/share/two_wheeled_robot/models/oak_tree/materials/textures/branch_diffuse.png
[2.522s] -- Up-to-date symlink: /home/ssfa/ros2_ws/install/two_wheeled_robot/share/two_wheeled_robot/models/oak_tree/meshes/oak_tree.dae
[2.522s] -- Up-to-date symlink: /home/ssfa/ros2_ws/install/two_wheeled_robot/share/two_wheeled_robot/models/oak_tree/model.config
[2.522s] -- Up-to-date symlink: /home/ssfa/ros2_ws/install/two_wheeled_robot/share/two_wheeled_robot/models/oak_tree/model.sdf
[2.522s] -- Up-to-date symlink: /home/ssfa/ros2_ws/install/two_wheeled_robot/share/two_wheeled_robot/models/office_box/materials/textures/office_box.png
[2.522s] -- Up-to-date symlink: /home/ssfa/ros2_ws/install/two_wheeled_robot/share/two_wheeled_robot/models/office_box/meshes/office_box.dae
[2.522s] -- Up-to-date symlink: /home/ssfa/ros2_ws/install/two_wheeled_robot/share/two_wheeled_robot/models/office_box/model.config
[2.522s] -- Up-to-date symlink: /home/ssfa/ros2_ws/install/two_wheeled_robot/share/two_wheeled_robot/models/office_box/model.sdf
[2.522s] -- Up-to-date symlink: /home/ssfa/ros2_ws/install/two_wheeled_robot/share/two_wheeled_robot/models/office_cafe_table/materials/textures/Maple.jpg
[2.522s] -- Up-to-date symlink: /home/ssfa/ros2_ws/install/two_wheeled_robot/share/two_wheeled_robot/models/office_cafe_table/materials/textures/Wood_Floor_Dark.jpg
[2.522s] -- Up-to-date symlink: /home/ssfa/ros2_ws/install/two_wheeled_robot/share/two_wheeled_robot/models/office_cafe_table/meshes/office_cafe_table.dae
[2.522s] -- Up-to-date symlink: /home/ssfa/ros2_ws/install/two_wheeled_robot/share/two_wheeled_robot/models/office_cafe_table/model.config
[2.522s] -- Up-to-date symlink: /home/ssfa/ros2_ws/install/two_wheeled_robot/share/two_wheeled_robot/models/office_cafe_table/model.sdf
[2.522s] -- Up-to-date symlink: /home/ssfa/ros2_ws/install/two_wheeled_robot/share/two_wheeled_robot/models/office_chair/materials/textures/office_chair_diffuse.png
[2.522s] -- Up-to-date symlink: /home/ssfa/ros2_ws/install/two_wheeled_robot/share/two_wheeled_robot/models/office_chair/materials/textures/office_chair_specular.png
[2.522s] -- Up-to-date symlink: /home/ssfa/ros2_ws/install/two_wheeled_robot/share/two_wheeled_robot/models/office_chair/meshes/office_chair.dae
[2.522s] -- Up-to-date symlink: /home/ssfa/ros2_ws/install/two_wheeled_robot/share/two_wheeled_robot/models/office_chair/model.config
[2.522s] -- Up-to-date symlink: /home/ssfa/ros2_ws/install/two_wheeled_robot/share/two_wheeled_robot/models/office_chair/model.sdf
[2.522s] -- Up-to-date symlink: /home/ssfa/ros2_ws/install/two_wheeled_robot/share/two_wheeled_robot/models/office_couch/materials/textures/office_couch_diffuse.png
[2.522s] -- Up-to-date symlink: /home/ssfa/ros2_ws/install/two_wheeled_robot/share/two_wheeled_robot/models/office_couch/materials/textures/office_couch_specular.png
[2.522s] -- Up-to-date symlink: /home/ssfa/ros2_ws/install/two_wheeled_robot/share/two_wheeled_robot/models/office_couch/meshes/office_couch.dae
[2.522s] -- Up-to-date symlink: /home/ssfa/ros2_ws/install/two_wheeled_robot/share/two_wheeled_robot/models/office_couch/model.config
[2.522s] -- Up-to-date symlink: /home/ssfa/ros2_ws/install/two_wheeled_robot/share/two_wheeled_robot/models/office_couch/model.sdf
[2.522s] -- Up-to-date symlink: /home/ssfa/ros2_ws/install/two_wheeled_robot/share/two_wheeled_robot/models/office_desk/materials/textures/office_desk_diffuse.png
[2.522s] -- Up-to-date symlink: /home/ssfa/ros2_ws/install/two_wheeled_robot/share/two_wheeled_robot/models/office_desk/materials/textures/office_desk_specular.png
[2.522s] -- Up-to-date symlink: /home/ssfa/ros2_ws/install/two_wheeled_robot/share/two_wheeled_robot/models/office_desk/meshes/office_desk.dae
[2.522s] -- Up-to-date symlink: /home/ssfa/ros2_ws/install/two_wheeled_robot/share/two_wheeled_robot/models/office_desk/model.config
[2.522s] -- Up-to-date symlink: /home/ssfa/ros2_ws/install/two_wheeled_robot/share/two_wheeled_robot/models/office_desk/model.sdf
[2.522s] -- Up-to-date symlink: /home/ssfa/ros2_ws/install/two_wheeled_robot/share/two_wheeled_robot/models/office_lamp/materials/textures/office_lamp_diffuse.png
[2.522s] -- Up-to-date symlink: /home/ssfa/ros2_ws/install/two_wheeled_robot/share/two_wheeled_robot/models/office_lamp/materials/textures/office_lamp_illumination.png
[2.522s] -- Up-to-date symlink: /home/ssfa/ros2_ws/install/two_wheeled_robot/share/two_wheeled_robot/models/office_lamp/materials/textures/office_lamp_specular.png
[2.523s] -- Up-to-date symlink: /home/ssfa/ros2_ws/install/two_wheeled_robot/share/two_wheeled_robot/models/office_lamp/meshes/office_lamp.dae
[2.523s] -- Up-to-date symlink: /home/ssfa/ros2_ws/install/two_wheeled_robot/share/two_wheeled_robot/models/office_lamp/model.config
[2.523s] -- Up-to-date symlink: /home/ssfa/ros2_ws/install/two_wheeled_robot/share/two_wheeled_robot/models/office_lamp/model.sdf
[2.523s] -- Up-to-date symlink: /home/ssfa/ros2_ws/install/two_wheeled_robot/share/two_wheeled_robot/models/office_table/materials/textures/office_table_diffuse.png
[2.523s] -- Up-to-date symlink: /home/ssfa/ros2_ws/install/two_wheeled_robot/share/two_wheeled_robot/models/office_table/materials/textures/office_table_specular.png
[2.523s] -- Up-to-date symlink: /home/ssfa/ros2_ws/install/two_wheeled_robot/share/two_wheeled_robot/models/office_table/meshes/office_table.dae
[2.523s] -- Up-to-date symlink: /home/ssfa/ros2_ws/install/two_wheeled_robot/share/two_wheeled_robot/models/office_table/model.config
[2.523s] -- Up-to-date symlink: /home/ssfa/ros2_ws/install/two_wheeled_robot/share/two_wheeled_robot/models/office_table/model.sdf
[2.523s] -- Up-to-date symlink: /home/ssfa/ros2_ws/install/two_wheeled_robot/share/two_wheeled_robot/models/osrf_first_office/materials/textures/osrf_first_office_diffuse.jpg
[2.523s] -- Up-to-date symlink: /home/ssfa/ros2_ws/install/two_wheeled_robot/share/two_wheeled_robot/models/osrf_first_office/materials/textures/osrf_first_office_spec.jpg
[2.523s] -- Up-to-date symlink: /home/ssfa/ros2_ws/install/two_wheeled_robot/share/two_wheeled_robot/models/osrf_first_office/meshes/osrf_first_office.dae
[2.523s] -- Up-to-date symlink: /home/ssfa/ros2_ws/install/two_wheeled_robot/share/two_wheeled_robot/models/osrf_first_office/model.config
[2.523s] -- Up-to-date symlink: /home/ssfa/ros2_ws/install/two_wheeled_robot/share/two_wheeled_robot/models/osrf_first_office/model.sdf
[2.523s] -- Up-to-date symlink: /home/ssfa/ros2_ws/install/two_wheeled_robot/share/two_wheeled_robot/models/pallet_full/model.config
[2.523s] -- Up-to-date symlink: /home/ssfa/ros2_ws/install/two_wheeled_robot/share/two_wheeled_robot/models/pallet_full/model.sdf
[2.523s] -- Up-to-date symlink: /home/ssfa/ros2_ws/install/two_wheeled_robot/share/two_wheeled_robot/models/parking_garage/materials/textures/parking_garage_diffuse.jpg
[2.523s] -- Up-to-date symlink: /home/ssfa/ros2_ws/install/two_wheeled_robot/share/two_wheeled_robot/models/parking_garage/materials/textures/parking_garage_spec.jpg
[2.523s] -- Up-to-date symlink: /home/ssfa/ros2_ws/install/two_wheeled_robot/share/two_wheeled_robot/models/parking_garage/meshes/parking_garage.dae
[2.523s] -- Up-to-date symlink: /home/ssfa/ros2_ws/install/two_wheeled_robot/share/two_wheeled_robot/models/parking_garage/model.config
[2.523s] -- Up-to-date symlink: /home/ssfa/ros2_ws/install/two_wheeled_robot/share/two_wheeled_robot/models/parking_garage/model.sdf
[2.523s] -- Up-to-date symlink: /home/ssfa/ros2_ws/install/two_wheeled_robot/share/two_wheeled_robot/models/person_standing/materials/textures/eyebrow001-unmodified.png
[2.523s] -- Up-to-date symlink: /home/ssfa/ros2_ws/install/two_wheeled_robot/share/two_wheeled_robot/models/person_standing/materials/textures/eyebrow001.png
[2.523s] -- Up-to-date symlink: /home/ssfa/ros2_ws/install/two_wheeled_robot/share/two_wheeled_robot/models/person_standing/materials/textures/green_eye.png
[2.523s] -- Up-to-date symlink: /home/ssfa/ros2_ws/install/two_wheeled_robot/share/two_wheeled_robot/models/person_standing/materials/textures/jeans01_normals.png
[2.523s] -- Up-to-date symlink: /home/ssfa/ros2_ws/install/two_wheeled_robot/share/two_wheeled_robot/models/person_standing/materials/textures/jeans_basic_diffuse.png
[2.523s] -- Up-to-date symlink: /home/ssfa/ros2_ws/install/two_wheeled_robot/share/two_wheeled_robot/models/person_standing/materials/textures/male02_diffuse_black-unmodified.png
[2.523s] -- Up-to-date symlink: /home/ssfa/ros2_ws/install/two_wheeled_robot/share/two_wheeled_robot/models/person_standing/materials/textures/male02_diffuse_black.png
[2.523s] -- Up-to-date symlink: /home/ssfa/ros2_ws/install/two_wheeled_robot/share/two_wheeled_robot/models/person_standing/materials/textures/teeth.png
[2.523s] -- Up-to-date symlink: /home/ssfa/ros2_ws/install/two_wheeled_robot/share/two_wheeled_robot/models/person_standing/materials/textures/tshirt02_normals.png
[2.523s] -- Up-to-date symlink: /home/ssfa/ros2_ws/install/two_wheeled_robot/share/two_wheeled_robot/models/person_standing/materials/textures/tshirt02_texture.png
[2.524s] -- Up-to-date symlink: /home/ssfa/ros2_ws/install/two_wheeled_robot/share/two_wheeled_robot/models/person_standing/materials/textures/young_lightskinned_male_diffuse.png
[2.524s] -- Up-to-date symlink: /home/ssfa/ros2_ws/install/two_wheeled_robot/share/two_wheeled_robot/models/person_standing/meshes/standing.dae
[2.524s] -- Up-to-date symlink: /home/ssfa/ros2_ws/install/two_wheeled_robot/share/two_wheeled_robot/models/person_standing/model.config
[2.524s] -- Up-to-date symlink: /home/ssfa/ros2_ws/install/two_wheeled_robot/share/two_wheeled_robot/models/person_standing/model.sdf
[2.524s] -- Up-to-date symlink: /home/ssfa/ros2_ws/install/two_wheeled_robot/share/two_wheeled_robot/models/person_walking/materials/textures/eyebrow001-unmodified.png
[2.524s] -- Up-to-date symlink: /home/ssfa/ros2_ws/install/two_wheeled_robot/share/two_wheeled_robot/models/person_walking/materials/textures/eyebrow001.png
[2.524s] -- Up-to-date symlink: /home/ssfa/ros2_ws/install/two_wheeled_robot/share/two_wheeled_robot/models/person_walking/materials/textures/green_eye.png
[2.524s] -- Up-to-date symlink: /home/ssfa/ros2_ws/install/two_wheeled_robot/share/two_wheeled_robot/models/person_walking/materials/textures/jeans01_normals.png
[2.524s] -- Up-to-date symlink: /home/ssfa/ros2_ws/install/two_wheeled_robot/share/two_wheeled_robot/models/person_walking/materials/textures/jeans_basic_diffuse.png
[2.524s] -- Up-to-date symlink: /home/ssfa/ros2_ws/install/two_wheeled_robot/share/two_wheeled_robot/models/person_walking/materials/textures/male02_diffuse_black-unmodified.png
[2.524s] -- Up-to-date symlink: /home/ssfa/ros2_ws/install/two_wheeled_robot/share/two_wheeled_robot/models/person_walking/materials/textures/male02_diffuse_black.png
[2.524s] -- Up-to-date symlink: /home/ssfa/ros2_ws/install/two_wheeled_robot/share/two_wheeled_robot/models/person_walking/materials/textures/teeth.png
[2.524s] -- Up-to-date symlink: /home/ssfa/ros2_ws/install/two_wheeled_robot/share/two_wheeled_robot/models/person_walking/materials/textures/tshirt02_normals.png
[2.524s] -- Up-to-date symlink: /home/ssfa/ros2_ws/install/two_wheeled_robot/share/two_wheeled_robot/models/person_walking/materials/textures/tshirt02_texture.png
[2.524s] -- Up-to-date symlink: /home/ssfa/ros2_ws/install/two_wheeled_robot/share/two_wheeled_robot/models/person_walking/materials/textures/young_lightskinned_male_diffuse.png
[2.524s] -- Up-to-date symlink: /home/ssfa/ros2_ws/install/two_wheeled_robot/share/two_wheeled_robot/models/person_walking/meshes/walking.dae
[2.524s] -- Up-to-date symlink: /home/ssfa/ros2_ws/install/two_wheeled_robot/share/two_wheeled_robot/models/person_walking/model.config
[2.524s] -- Up-to-date symlink: /home/ssfa/ros2_ws/install/two_wheeled_robot/share/two_wheeled_robot/models/person_walking/model.sdf
[2.524s] -- Up-to-date symlink: /home/ssfa/ros2_ws/install/two_wheeled_robot/share/two_wheeled_robot/models/pine_tree/materials/scripts/pine_tree.material
[2.524s] -- Up-to-date symlink: /home/ssfa/ros2_ws/install/two_wheeled_robot/share/two_wheeled_robot/models/pine_tree/materials/textures/bark_diffuse.png
[2.524s] -- Up-to-date symlink: /home/ssfa/ros2_ws/install/two_wheeled_robot/share/two_wheeled_robot/models/pine_tree/materials/textures/branch_2_diffuse.png
[2.524s] -- Up-to-date symlink: /home/ssfa/ros2_ws/install/two_wheeled_robot/share/two_wheeled_robot/models/pine_tree/meshes/pine_tree.dae
[2.524s] -- Up-to-date symlink: /home/ssfa/ros2_ws/install/two_wheeled_robot/share/two_wheeled_robot/models/pine_tree/model.config
[2.524s] -- Up-to-date symlink: /home/ssfa/ros2_ws/install/two_wheeled_robot/share/two_wheeled_robot/models/pine_tree/model.sdf
[2.524s] -- Up-to-date symlink: /home/ssfa/ros2_ws/install/two_wheeled_robot/share/two_wheeled_robot/models/pioneer2dx/materials/textures/68-02421-8000-RA_Turtlebot_F-F_Standoff_color.png
[2.524s] -- Up-to-date symlink: /home/ssfa/ros2_ws/install/two_wheeled_robot/share/two_wheeled_robot/models/pioneer2dx/materials/textures/68-04552-1000-RA_Turtlebot_M-F_Standoff_color.png
[2.524s] -- Up-to-date symlink: /home/ssfa/ros2_ws/install/two_wheeled_robot/share/two_wheeled_robot/models/pioneer2dx/materials/textures/68-04552-2000-RA_Turtlebot_M-F_Standoff_color.png
[2.524s] -- Up-to-date symlink: /home/ssfa/ros2_ws/install/two_wheeled_robot/share/two_wheeled_robot/models/pioneer2dx/materials/textures/create_body.png
[2.524s] -- Up-to-date symlink: /home/ssfa/ros2_ws/install/two_wheeled_robot/share/two_wheeled_robot/models/pioneer2dx/materials/textures/plate_0_logo.png
[2.525s] -- Up-to-date symlink: /home/ssfa/ros2_ws/install/two_wheeled_robot/share/two_wheeled_robot/models/pioneer2dx/materials/textures/plate_1_logo.png
[2.525s] -- Up-to-date symlink: /home/ssfa/ros2_ws/install/two_wheeled_robot/share/two_wheeled_robot/models/pioneer2dx/materials/textures/plate_2_logo.png
[2.525s] -- Up-to-date symlink: /home/ssfa/ros2_ws/install/two_wheeled_robot/share/two_wheeled_robot/models/pioneer2dx/meshes/chassis.dae
[2.525s] -- Up-to-date symlink: /home/ssfa/ros2_ws/install/two_wheeled_robot/share/two_wheeled_robot/models/pioneer2dx/meshes/wheel.dae
[2.525s] -- Up-to-date symlink: /home/ssfa/ros2_ws/install/two_wheeled_robot/share/two_wheeled_robot/models/pioneer2dx/model-1_2.sdf
[2.525s] -- Up-to-date symlink: /home/ssfa/ros2_ws/install/two_wheeled_robot/share/two_wheeled_robot/models/pioneer2dx/model-1_3.sdf
[2.525s] -- Up-to-date symlink: /home/ssfa/ros2_ws/install/two_wheeled_robot/share/two_wheeled_robot/models/pioneer2dx/model-1_4.sdf
[2.525s] -- Up-to-date symlink: /home/ssfa/ros2_ws/install/two_wheeled_robot/share/two_wheeled_robot/models/pioneer2dx/model.config
[2.525s] -- Up-to-date symlink: /home/ssfa/ros2_ws/install/two_wheeled_robot/share/two_wheeled_robot/models/pioneer2dx/model.sdf
[2.525s] -- Up-to-date symlink: /home/ssfa/ros2_ws/install/two_wheeled_robot/share/two_wheeled_robot/models/playground/materials/textures/playground_diffuse.jpg
[2.525s] -- Up-to-date symlink: /home/ssfa/ros2_ws/install/two_wheeled_robot/share/two_wheeled_robot/models/playground/materials/textures/playground_spec.jpg
[2.525s] -- Up-to-date symlink: /home/ssfa/ros2_ws/install/two_wheeled_robot/share/two_wheeled_robot/models/playground/meshes/playground.dae
[2.525s] -- Up-to-date symlink: /home/ssfa/ros2_ws/install/two_wheeled_robot/share/two_wheeled_robot/models/playground/model.config
[2.525s] -- Up-to-date symlink: /home/ssfa/ros2_ws/install/two_wheeled_robot/share/two_wheeled_robot/models/playground/model.sdf
[2.525s] -- Up-to-date symlink: /home/ssfa/ros2_ws/install/two_wheeled_robot/share/two_wheeled_robot/models/post_office/materials/textures/post_office_diffuse.jpg
[2.525s] -- Up-to-date symlink: /home/ssfa/ros2_ws/install/two_wheeled_robot/share/two_wheeled_robot/models/post_office/materials/textures/post_office_spec.jpg
[2.525s] -- Up-to-date symlink: /home/ssfa/ros2_ws/install/two_wheeled_robot/share/two_wheeled_robot/models/post_office/meshes/post_office.dae
[2.525s] -- Up-to-date symlink: /home/ssfa/ros2_ws/install/two_wheeled_robot/share/two_wheeled_robot/models/post_office/model.config
[2.525s] -- Up-to-date symlink: /home/ssfa/ros2_ws/install/two_wheeled_robot/share/two_wheeled_robot/models/post_office/model.sdf
[2.525s] -- Up-to-date symlink: /home/ssfa/ros2_ws/install/two_wheeled_robot/share/two_wheeled_robot/models/pr2/materials/textures/base_color.png
[2.525s] -- Up-to-date symlink: /home/ssfa/ros2_ws/install/two_wheeled_robot/share/two_wheeled_robot/models/pr2/materials/textures/base_normals.png
[2.525s] -- Up-to-date symlink: /home/ssfa/ros2_ws/install/two_wheeled_robot/share/two_wheeled_robot/models/pr2/materials/textures/elbow_flex_color.png
[2.525s] -- Up-to-date symlink: /home/ssfa/ros2_ws/install/two_wheeled_robot/share/two_wheeled_robot/models/pr2/materials/textures/elbow_flex_normals.png
[2.525s] -- Up-to-date symlink: /home/ssfa/ros2_ws/install/two_wheeled_robot/share/two_wheeled_robot/models/pr2/materials/textures/finger_H_Color_100430.png
[2.525s] -- Up-to-date symlink: /home/ssfa/ros2_ws/install/two_wheeled_robot/share/two_wheeled_robot/models/pr2/materials/textures/fingertip_H_Color_100430.png
[2.525s] -- Up-to-date symlink: /home/ssfa/ros2_ws/install/two_wheeled_robot/share/two_wheeled_robot/models/pr2/materials/textures/float_H_Color_100430.png
[2.525s] -- Up-to-date symlink: /home/ssfa/ros2_ws/install/two_wheeled_robot/share/two_wheeled_robot/models/pr2/materials/textures/forearm.png
[2.525s] -- Up-to-date symlink: /home/ssfa/ros2_ws/install/two_wheeled_robot/share/two_wheeled_robot/models/pr2/materials/textures/forearm_color.png
[2.525s] -- Up-to-date symlink: /home/ssfa/ros2_ws/install/two_wheeled_robot/share/two_wheeled_robot/models/pr2/materials/textures/forearm_normals.png
[2.525s] -- Up-to-date symlink: /home/ssfa/ros2_ws/install/two_wheeled_robot/share/two_wheeled_robot/models/pr2/materials/textures/gripper_palm_color.png
[2.525s] -- Up-to-date symlink: /home/ssfa/ros2_ws/install/two_wheeled_robot/share/two_wheeled_robot/models/pr2/materials/textures/gripper_palm_normals.png
[2.526s] -- Up-to-date symlink: /home/ssfa/ros2_ws/install/two_wheeled_robot/share/two_wheeled_robot/models/pr2/materials/textures/head_pan_color.png
[2.526s] -- Up-to-date symlink: /home/ssfa/ros2_ws/install/two_wheeled_robot/share/two_wheeled_robot/models/pr2/materials/textures/head_pan_normals.png
[2.526s] -- Up-to-date symlink: /home/ssfa/ros2_ws/install/two_wheeled_robot/share/two_wheeled_robot/models/pr2/materials/textures/head_tilt_color.png
[2.526s] -- Up-to-date symlink: /home/ssfa/ros2_ws/install/two_wheeled_robot/share/two_wheeled_robot/models/pr2/materials/textures/head_tilt_color_red.png
[2.526s] -- Up-to-date symlink: /home/ssfa/ros2_ws/install/two_wheeled_robot/share/two_wheeled_robot/models/pr2/materials/textures/head_tilt_color_yellow.png
[2.526s] -- Up-to-date symlink: /home/ssfa/ros2_ws/install/two_wheeled_robot/share/two_wheeled_robot/models/pr2/materials/textures/head_tilt_green.png
[2.526s] -- Up-to-date symlink: /home/ssfa/ros2_ws/install/two_wheeled_robot/share/two_wheeled_robot/models/pr2/materials/textures/head_tilt_normals.png
[2.526s] -- Up-to-date symlink: /home/ssfa/ros2_ws/install/two_wheeled_robot/share/two_wheeled_robot/models/pr2/materials/textures/l_finger_color.png
[2.526s] -- Up-to-date symlink: /home/ssfa/ros2_ws/install/two_wheeled_robot/share/two_wheeled_robot/models/pr2/materials/textures/l_finger_normals.png
[2.526s] -- Up-to-date symlink: /home/ssfa/ros2_ws/install/two_wheeled_robot/share/two_wheeled_robot/models/pr2/materials/textures/l_finger_tip_color.png
[2.526s] -- Up-to-date symlink: /home/ssfa/ros2_ws/install/two_wheeled_robot/share/two_wheeled_robot/models/pr2/materials/textures/l_finger_tip_normals.png
[2.526s] -- Up-to-date symlink: /home/ssfa/ros2_ws/install/two_wheeled_robot/share/two_wheeled_robot/models/pr2/materials/textures/l_float_color.png
[2.526s] -- Up-to-date symlink: /home/ssfa/ros2_ws/install/two_wheeled_robot/share/two_wheeled_robot/models/pr2/materials/textures/l_float_normals.png
[2.526s] -- Up-to-date symlink: /home/ssfa/ros2_ws/install/two_wheeled_robot/share/two_wheeled_robot/models/pr2/materials/textures/palm_H_Color_100430.png
[2.526s] -- Up-to-date symlink: /home/ssfa/ros2_ws/install/two_wheeled_robot/share/two_wheeled_robot/models/pr2/materials/textures/shoulder_lift_color.png
[2.526s] -- Up-to-date symlink: /home/ssfa/ros2_ws/install/two_wheeled_robot/share/two_wheeled_robot/models/pr2/materials/textures/shoulder_lift_normals.png
[2.526s] -- Up-to-date symlink: /home/ssfa/ros2_ws/install/two_wheeled_robot/share/two_wheeled_robot/models/pr2/materials/textures/shoulder_pan_color.png
[2.526s] -- Up-to-date symlink: /home/ssfa/ros2_ws/install/two_wheeled_robot/share/two_wheeled_robot/models/pr2/materials/textures/shoulder_pan_normals.png
[2.526s] -- Up-to-date symlink: /home/ssfa/ros2_ws/install/two_wheeled_robot/share/two_wheeled_robot/models/pr2/materials/textures/tilting_hokuyo_color.png
[2.526s] -- Up-to-date symlink: /home/ssfa/ros2_ws/install/two_wheeled_robot/share/two_wheeled_robot/models/pr2/materials/textures/tilting_hokuyo_normals.png
[2.526s] -- Up-to-date symlink: /home/ssfa/ros2_ws/install/two_wheeled_robot/share/two_wheeled_robot/models/pr2/materials/textures/torso_lift_color.png
[2.526s] -- Up-to-date symlink: /home/ssfa/ros2_ws/install/two_wheeled_robot/share/two_wheeled_robot/models/pr2/materials/textures/torso_lift_normals.png
[2.526s] -- Up-to-date symlink: /home/ssfa/ros2_ws/install/two_wheeled_robot/share/two_wheeled_robot/models/pr2/materials/textures/upper_arm.png
[2.526s] -- Up-to-date symlink: /home/ssfa/ros2_ws/install/two_wheeled_robot/share/two_wheeled_robot/models/pr2/materials/textures/upper_arm_color.png
[2.526s] -- Up-to-date symlink: /home/ssfa/ros2_ws/install/two_wheeled_robot/share/two_wheeled_robot/models/pr2/materials/textures/upper_arm_normals.png
[2.526s] -- Up-to-date symlink: /home/ssfa/ros2_ws/install/two_wheeled_robot/share/two_wheeled_robot/models/pr2/materials/textures/upper_arm_roll_color.png
[2.526s] -- Up-to-date symlink: /home/ssfa/ros2_ws/install/two_wheeled_robot/share/two_wheeled_robot/models/pr2/materials/textures/upper_arm_roll_normals.png
[2.526s] -- Up-to-date symlink: /home/ssfa/ros2_ws/install/two_wheeled_robot/share/two_wheeled_robot/models/pr2/materials/textures/wheel_color.png
[2.526s] -- Up-to-date symlink: /home/ssfa/ros2_ws/install/two_wheeled_robot/share/two_wheeled_robot/models/pr2/materials/textures/wheel_h_color.png
[2.526s] -- Up-to-date symlink: /home/ssfa/ros2_ws/install/two_wheeled_robot/share/two_wheeled_robot/models/pr2/materials/textures/wheel_normals.png
[2.527s] -- Up-to-date symlink: /home/ssfa/ros2_ws/install/two_wheeled_robot/share/two_wheeled_robot/models/pr2/materials/textures/wrist_color.png
[2.527s] -- Up-to-date symlink: /home/ssfa/ros2_ws/install/two_wheeled_robot/share/two_wheeled_robot/models/pr2/materials/textures/wrist_normals.png
[2.527s] -- Up-to-date symlink: /home/ssfa/ros2_ws/install/two_wheeled_robot/share/two_wheeled_robot/models/pr2/meshes/base_v0/base.dae
[2.527s] -- Up-to-date symlink: /home/ssfa/ros2_ws/install/two_wheeled_robot/share/two_wheeled_robot/models/pr2/meshes/base_v0/base.stl
[2.527s] -- Up-to-date symlink: /home/ssfa/ros2_ws/install/two_wheeled_robot/share/two_wheeled_robot/models/pr2/meshes/base_v0/base_L.stl
[2.527s] -- Up-to-date symlink: /home/ssfa/ros2_ws/install/two_wheeled_robot/share/two_wheeled_robot/models/pr2/meshes/base_v0/caster.stl
[2.527s] -- Up-to-date symlink: /home/ssfa/ros2_ws/install/two_wheeled_robot/share/two_wheeled_robot/models/pr2/meshes/base_v0/caster_L.stl
[2.527s] -- Up-to-date symlink: /home/ssfa/ros2_ws/install/two_wheeled_robot/share/two_wheeled_robot/models/pr2/meshes/base_v0/pr2_wheel.stl
[2.527s] -- Up-to-date symlink: /home/ssfa/ros2_ws/install/two_wheeled_robot/share/two_wheeled_robot/models/pr2/meshes/base_v0/wheel.dae
[2.527s] -- Up-to-date symlink: /home/ssfa/ros2_ws/install/two_wheeled_robot/share/two_wheeled_robot/models/pr2/meshes/base_v0/wheel.stl
[2.527s] -- Up-to-date symlink: /home/ssfa/ros2_ws/install/two_wheeled_robot/share/two_wheeled_robot/models/pr2/meshes/base_v0/wheel_h.dae
[2.527s] -- Up-to-date symlink: /home/ssfa/ros2_ws/install/two_wheeled_robot/share/two_wheeled_robot/models/pr2/meshes/forearm_v0/forearm.dae
[2.527s] -- Up-to-date symlink: /home/ssfa/ros2_ws/install/two_wheeled_robot/share/two_wheeled_robot/models/pr2/meshes/forearm_v0/forearm.stl
[2.527s] -- Up-to-date symlink: /home/ssfa/ros2_ws/install/two_wheeled_robot/share/two_wheeled_robot/models/pr2/meshes/forearm_v0/wrist_flex.dae
[2.527s] -- Up-to-date symlink: /home/ssfa/ros2_ws/install/two_wheeled_robot/share/two_wheeled_robot/models/pr2/meshes/forearm_v0/wrist_flex.stl
[2.527s] -- Up-to-date symlink: /home/ssfa/ros2_ws/install/two_wheeled_robot/share/two_wheeled_robot/models/pr2/meshes/forearm_v0/wrist_roll.stl
[2.527s] -- Up-to-date symlink: /home/ssfa/ros2_ws/install/two_wheeled_robot/share/two_wheeled_robot/models/pr2/meshes/forearm_v0/wrist_roll_L.stl
[2.527s] -- Up-to-date symlink: /home/ssfa/ros2_ws/install/two_wheeled_robot/share/two_wheeled_robot/models/pr2/meshes/gripper_v0/finger_H_UV_100430.dae
[2.527s] -- Up-to-date symlink: /home/ssfa/ros2_ws/install/two_wheeled_robot/share/two_wheeled_robot/models/pr2/meshes/gripper_v0/finger_tip_H_UV_100430.dae
[2.527s] -- Up-to-date symlink: /home/ssfa/ros2_ws/install/two_wheeled_robot/share/two_wheeled_robot/models/pr2/meshes/gripper_v0/finger_tip_l.stl
[2.527s] -- Up-to-date symlink: /home/ssfa/ros2_ws/install/two_wheeled_robot/share/two_wheeled_robot/models/pr2/meshes/gripper_v0/finger_tip_pad2_l.stl
[2.527s] -- Up-to-date symlink: /home/ssfa/ros2_ws/install/two_wheeled_robot/share/two_wheeled_robot/models/pr2/meshes/gripper_v0/finger_tip_pad2_r.stl
[2.527s] -- Up-to-date symlink: /home/ssfa/ros2_ws/install/two_wheeled_robot/share/two_wheeled_robot/models/pr2/meshes/gripper_v0/finger_tip_r.stl
[2.527s] -- Up-to-date symlink: /home/ssfa/ros2_ws/install/two_wheeled_robot/share/two_wheeled_robot/models/pr2/meshes/gripper_v0/float_H_UV_100430.dae
[2.527s] -- Up-to-date symlink: /home/ssfa/ros2_ws/install/two_wheeled_robot/share/two_wheeled_robot/models/pr2/meshes/gripper_v0/gripper_palm.dae
[2.527s] -- Up-to-date symlink: /home/ssfa/ros2_ws/install/two_wheeled_robot/share/two_wheeled_robot/models/pr2/meshes/gripper_v0/gripper_palm.stl
[2.527s] -- Up-to-date symlink: /home/ssfa/ros2_ws/install/two_wheeled_robot/share/two_wheeled_robot/models/pr2/meshes/gripper_v0/l_finger.dae
[2.527s] -- Up-to-date symlink: /home/ssfa/ros2_ws/install/two_wheeled_robot/share/two_wheeled_robot/models/pr2/meshes/gripper_v0/l_finger.stl
[2.527s] -- Up-to-date symlink: /home/ssfa/ros2_ws/install/two_wheeled_robot/share/two_wheeled_robot/models/pr2/meshes/gripper_v0/l_finger_tip.dae
[2.528s] -- Up-to-date symlink: /home/ssfa/ros2_ws/install/two_wheeled_robot/share/two_wheeled_robot/models/pr2/meshes/gripper_v0/l_finger_tip.stl
[2.528s] -- Up-to-date symlink: /home/ssfa/ros2_ws/install/two_wheeled_robot/share/two_wheeled_robot/models/pr2/meshes/gripper_v0/l_float.dae
[2.528s] -- Up-to-date symlink: /home/ssfa/ros2_ws/install/two_wheeled_robot/share/two_wheeled_robot/models/pr2/meshes/gripper_v0/l_floating.stl
[2.528s] -- Up-to-date symlink: /home/ssfa/ros2_ws/install/two_wheeled_robot/share/two_wheeled_robot/models/pr2/meshes/gripper_v0/palm_H_UV_100430.dae
[2.528s] -- Up-to-date symlink: /home/ssfa/ros2_ws/install/two_wheeled_robot/share/two_wheeled_robot/models/pr2/meshes/gripper_v0/upper_finger_l.stl
[2.528s] -- Up-to-date symlink: /home/ssfa/ros2_ws/install/two_wheeled_robot/share/two_wheeled_robot/models/pr2/meshes/gripper_v0/upper_finger_r.stl
[2.528s] -- Up-to-date symlink: /home/ssfa/ros2_ws/install/two_wheeled_robot/share/two_wheeled_robot/models/pr2/meshes/head_v0/head_pan.dae
[2.528s] -- Up-to-date symlink: /home/ssfa/ros2_ws/install/two_wheeled_robot/share/two_wheeled_robot/models/pr2/meshes/head_v0/head_pan.stl
[2.528s] -- Up-to-date symlink: /home/ssfa/ros2_ws/install/two_wheeled_robot/share/two_wheeled_robot/models/pr2/meshes/head_v0/head_pan_L.stl
[2.528s] -- Up-to-date symlink: /home/ssfa/ros2_ws/install/two_wheeled_robot/share/two_wheeled_robot/models/pr2/meshes/head_v0/head_tilt.dae
[2.528s] -- Up-to-date symlink: /home/ssfa/ros2_ws/install/two_wheeled_robot/share/two_wheeled_robot/models/pr2/meshes/head_v0/head_tilt.stl
[2.528s] -- Up-to-date symlink: /home/ssfa/ros2_ws/install/two_wheeled_robot/share/two_wheeled_robot/models/pr2/meshes/head_v0/head_tilt_L.stl
[2.528s] -- Up-to-date symlink: /home/ssfa/ros2_ws/install/two_wheeled_robot/share/two_wheeled_robot/models/pr2/meshes/sensors/kinect_prosilica_v0/115x100_swept_back--coarse.STL
[2.528s] -- Up-to-date symlink: /home/ssfa/ros2_ws/install/two_wheeled_robot/share/two_wheeled_robot/models/pr2/meshes/sensors/kinect_prosilica_v0/68-04546_Kinect_Sensor--coarse.STL
[2.528s] -- Up-to-date symlink: /home/ssfa/ros2_ws/install/two_wheeled_robot/share/two_wheeled_robot/models/pr2/meshes/sensors/kinect_prosilica_v0/Prosilica_w_Lens--coarse.STL
[2.528s] -- Up-to-date symlink: /home/ssfa/ros2_ws/install/two_wheeled_robot/share/two_wheeled_robot/models/pr2/meshes/shoulder_v0/shoulder_lift.dae
[2.528s] -- Up-to-date symlink: /home/ssfa/ros2_ws/install/two_wheeled_robot/share/two_wheeled_robot/models/pr2/meshes/shoulder_v0/shoulder_lift.stl
[2.528s] -- Up-to-date symlink: /home/ssfa/ros2_ws/install/two_wheeled_robot/share/two_wheeled_robot/models/pr2/meshes/shoulder_v0/shoulder_pan.dae
[2.528s] -- Up-to-date symlink: /home/ssfa/ros2_ws/install/two_wheeled_robot/share/two_wheeled_robot/models/pr2/meshes/shoulder_v0/shoulder_pan.stl
[2.528s] -- Up-to-date symlink: /home/ssfa/ros2_ws/install/two_wheeled_robot/share/two_wheeled_robot/models/pr2/meshes/shoulder_v0/shoulder_yaw.stl
[2.528s] -- Up-to-date symlink: /home/ssfa/ros2_ws/install/two_wheeled_robot/share/two_wheeled_robot/models/pr2/meshes/shoulder_v0/upper_arm_roll.dae
[2.528s] -- Up-to-date symlink: /home/ssfa/ros2_ws/install/two_wheeled_robot/share/two_wheeled_robot/models/pr2/meshes/shoulder_v0/upper_arm_roll.stl
[2.528s] -- Up-to-date symlink: /home/ssfa/ros2_ws/install/two_wheeled_robot/share/two_wheeled_robot/models/pr2/meshes/shoulder_v0/upper_arm_roll_L.stl
[2.528s] -- Up-to-date symlink: /home/ssfa/ros2_ws/install/two_wheeled_robot/share/two_wheeled_robot/models/pr2/meshes/tilting_laser_v0/hok_tilt.stl
[2.529s] -- Up-to-date symlink: /home/ssfa/ros2_ws/install/two_wheeled_robot/share/two_wheeled_robot/models/pr2/meshes/tilting_laser_v0/tilting_hokuyo.dae
[2.529s] -- Up-to-date symlink: /home/ssfa/ros2_ws/install/two_wheeled_robot/share/two_wheeled_robot/models/pr2/meshes/tilting_laser_v0/tilting_hokuyo.stl
[2.529s] -- Up-to-date symlink: /home/ssfa/ros2_ws/install/two_wheeled_robot/share/two_wheeled_robot/models/pr2/meshes/tilting_laser_v0/tilting_hokuyo_L.stl
[2.529s] -- Up-to-date symlink: /home/ssfa/ros2_ws/install/two_wheeled_robot/share/two_wheeled_robot/models/pr2/meshes/torso_v0/torso.stl
[2.529s] -- Up-to-date symlink: /home/ssfa/ros2_ws/install/two_wheeled_robot/share/two_wheeled_robot/models/pr2/meshes/torso_v0/torso_lift.dae
[2.529s] -- Up-to-date symlink: /home/ssfa/ros2_ws/install/two_wheeled_robot/share/two_wheeled_robot/models/pr2/meshes/torso_v0/torso_lift.stl
[2.529s] -- Up-to-date symlink: /home/ssfa/ros2_ws/install/two_wheeled_robot/share/two_wheeled_robot/models/pr2/meshes/torso_v0/torso_lift_L.stl
[2.529s] -- Up-to-date symlink: /home/ssfa/ros2_ws/install/two_wheeled_robot/share/two_wheeled_robot/models/pr2/meshes/upper_arm_v0/elbow_flex.dae
[2.529s] -- Up-to-date symlink: /home/ssfa/ros2_ws/install/two_wheeled_robot/share/two_wheeled_robot/models/pr2/meshes/upper_arm_v0/elbow_flex.stl
[2.529s] -- Up-to-date symlink: /home/ssfa/ros2_ws/install/two_wheeled_robot/share/two_wheeled_robot/models/pr2/meshes/upper_arm_v0/forearm_roll.stl
[2.529s] -- Up-to-date symlink: /home/ssfa/ros2_ws/install/two_wheeled_robot/share/two_wheeled_robot/models/pr2/meshes/upper_arm_v0/forearm_roll_L.stl
[2.529s] -- Up-to-date symlink: /home/ssfa/ros2_ws/install/two_wheeled_robot/share/two_wheeled_robot/models/pr2/meshes/upper_arm_v0/upper_arm.dae
[2.529s] -- Up-to-date symlink: /home/ssfa/ros2_ws/install/two_wheeled_robot/share/two_wheeled_robot/models/pr2/meshes/upper_arm_v0/upper_arm.stl
[2.529s] -- Up-to-date symlink: /home/ssfa/ros2_ws/install/two_wheeled_robot/share/two_wheeled_robot/models/pr2/model-1_2.sdf
[2.529s] -- Up-to-date symlink: /home/ssfa/ros2_ws/install/two_wheeled_robot/share/two_wheeled_robot/models/pr2/model-1_3.sdf
[2.529s] -- Up-to-date symlink: /home/ssfa/ros2_ws/install/two_wheeled_robot/share/two_wheeled_robot/models/pr2/model-1_4.sdf
[2.529s] -- Up-to-date symlink: /home/ssfa/ros2_ws/install/two_wheeled_robot/share/two_wheeled_robot/models/pr2/model.config
[2.529s] -- Up-to-date symlink: /home/ssfa/ros2_ws/install/two_wheeled_robot/share/two_wheeled_robot/models/pr2/model.sdf
[2.529s] -- Up-to-date symlink: /home/ssfa/ros2_ws/install/two_wheeled_robot/share/two_wheeled_robot/models/prius_hybrid/materials/textures/Hybrid.png
[2.529s] -- Up-to-date symlink: /home/ssfa/ros2_ws/install/two_wheeled_robot/share/two_wheeled_robot/models/prius_hybrid/materials/textures/Hybrid_Interior.png
[2.529s] -- Up-to-date symlink: /home/ssfa/ros2_ws/install/two_wheeled_robot/share/two_wheeled_robot/models/prius_hybrid/materials/textures/Wheels3.png
[2.529s] -- Up-to-date symlink: /home/ssfa/ros2_ws/install/two_wheeled_robot/share/two_wheeled_robot/models/prius_hybrid/meshes/Hybrid.mtl
[2.529s] -- Up-to-date symlink: /home/ssfa/ros2_ws/install/two_wheeled_robot/share/two_wheeled_robot/models/prius_hybrid/meshes/Hybrid.obj
[2.529s] -- Up-to-date symlink: /home/ssfa/ros2_ws/install/two_wheeled_robot/share/two_wheeled_robot/models/prius_hybrid/model.config
[2.529s] -- Up-to-date symlink: /home/ssfa/ros2_ws/install/two_wheeled_robot/share/two_wheeled_robot/models/prius_hybrid/model.sdf
[2.529s] -- Up-to-date symlink: /home/ssfa/ros2_ws/install/two_wheeled_robot/share/two_wheeled_robot/models/radio_tower/materials/textures/radio_tower_diffuse.jpg
[2.529s] -- Up-to-date symlink: /home/ssfa/ros2_ws/install/two_wheeled_robot/share/two_wheeled_robot/models/radio_tower/materials/textures/radio_tower_spec.jpg
[2.529s] -- Up-to-date symlink: /home/ssfa/ros2_ws/install/two_wheeled_robot/share/two_wheeled_robot/models/radio_tower/meshes/radio_tower.dae
[2.529s] -- Up-to-date symlink: /home/ssfa/ros2_ws/install/two_wheeled_robot/share/two_wheeled_robot/models/radio_tower/model.config
[2.529s] -- Up-to-date symlink: /home/ssfa/ros2_ws/install/two_wheeled_robot/share/two_wheeled_robot/models/radio_tower/model.sdf
[2.530s] -- Up-to-date symlink: /home/ssfa/ros2_ws/install/two_wheeled_robot/share/two_wheeled_robot/models/rb1_docking_station_1/meshes/rb1_docking_station.dae
[2.530s] -- Up-to-date symlink: /home/ssfa/ros2_ws/install/two_wheeled_robot/share/two_wheeled_robot/models/rb1_docking_station_1/model.config
[2.530s] -- Up-to-date symlink: /home/ssfa/ros2_ws/install/two_wheeled_robot/share/two_wheeled_robot/models/rb1_docking_station_1/rb1_docking_station_1.sdf
[2.530s] -- Up-to-date symlink: /home/ssfa/ros2_ws/install/two_wheeled_robot/share/two_wheeled_robot/models/reception_desk/materials/textures/reception_desk.png
[2.530s] -- Up-to-date symlink: /home/ssfa/ros2_ws/install/two_wheeled_robot/share/two_wheeled_robot/models/reception_desk/meshes/reception_desk.mtl
[2.530s] -- Up-to-date symlink: /home/ssfa/ros2_ws/install/two_wheeled_robot/share/two_wheeled_robot/models/reception_desk/meshes/reception_desk.obj
[2.530s] -- Up-to-date symlink: /home/ssfa/ros2_ws/install/two_wheeled_robot/share/two_wheeled_robot/models/reception_desk/model.config
[2.530s] -- Up-to-date symlink: /home/ssfa/ros2_ws/install/two_wheeled_robot/share/two_wheeled_robot/models/reception_desk/model.sdf
[2.530s] -- Up-to-date symlink: /home/ssfa/ros2_ws/install/two_wheeled_robot/share/two_wheeled_robot/models/red_target/meshes/red_target.dae
[2.530s] -- Up-to-date symlink: /home/ssfa/ros2_ws/install/two_wheeled_robot/share/two_wheeled_robot/models/red_target/model.config
[2.530s] -- Up-to-date symlink: /home/ssfa/ros2_ws/install/two_wheeled_robot/share/two_wheeled_robot/models/red_target/model.sdf
[2.530s] -- Up-to-date symlink: /home/ssfa/ros2_ws/install/two_wheeled_robot/share/two_wheeled_robot/models/refrigerator/materials/textures/refrigerator.png
[2.530s] -- Up-to-date symlink: /home/ssfa/ros2_ws/install/two_wheeled_robot/share/two_wheeled_robot/models/refrigerator/meshes/refrigerator.mtl
[2.530s] -- Up-to-date symlink: /home/ssfa/ros2_ws/install/two_wheeled_robot/share/two_wheeled_robot/models/refrigerator/meshes/refrigerator.obj
[2.530s] -- Up-to-date symlink: /home/ssfa/ros2_ws/install/two_wheeled_robot/share/two_wheeled_robot/models/refrigerator/model.config
[2.530s] -- Up-to-date symlink: /home/ssfa/ros2_ws/install/two_wheeled_robot/share/two_wheeled_robot/models/refrigerator/model.sdf
[2.530s] -- Up-to-date symlink: /home/ssfa/ros2_ws/install/two_wheeled_robot/share/two_wheeled_robot/models/robonaut/materials/textures/BrushedMetalGray.png
[2.530s] -- Up-to-date symlink: /home/ssfa/ros2_ws/install/two_wheeled_robot/share/two_wheeled_robot/models/robonaut/materials/textures/Left_PalmSnap00.png
[2.530s] -- Up-to-date symlink: /home/ssfa/ros2_ws/install/two_wheeled_robot/share/two_wheeled_robot/models/robonaut/materials/textures/R2_Arm.png
[2.530s] -- Up-to-date symlink: /home/ssfa/ros2_ws/install/two_wheeled_robot/share/two_wheeled_robot/models/robonaut/materials/textures/R2_Body_Cover.png
[2.530s] -- Up-to-date symlink: /home/ssfa/ros2_ws/install/two_wheeled_robot/share/two_wheeled_robot/models/robonaut/materials/textures/R2_Leg.png
[2.530s] -- Up-to-date symlink: /home/ssfa/ros2_ws/install/two_wheeled_robot/share/two_wheeled_robot/models/robonaut/materials/textures/R2_Stanchion_10_Col_256.png
[2.530s] -- Up-to-date symlink: /home/ssfa/ros2_ws/install/two_wheeled_robot/share/two_wheeled_robot/models/robonaut/materials/textures/R2_Stanchion_11_Col_256.png
[2.531s] -- Up-to-date symlink: /home/ssfa/ros2_ws/install/two_wheeled_robot/share/two_wheeled_robot/models/robonaut/materials/textures/R2_Stanchion_12_Col_256.png
[2.531s] -- Up-to-date symlink: /home/ssfa/ros2_ws/install/two_wheeled_robot/share/two_wheeled_robot/models/robonaut/materials/textures/R2_Stanchion_2_Col_256.png
[2.531s] -- Up-to-date symlink: /home/ssfa/ros2_ws/install/two_wheeled_robot/share/two_wheeled_robot/models/robonaut/materials/textures/R2_Stanchion_3_Col_256.png
[2.531s] -- Up-to-date symlink: /home/ssfa/ros2_ws/install/two_wheeled_robot/share/two_wheeled_robot/models/robonaut/materials/textures/R2_Stanchion_4_Col_256.png
[2.531s] -- Up-to-date symlink: /home/ssfa/ros2_ws/install/two_wheeled_robot/share/two_wheeled_robot/models/robonaut/materials/textures/R2_Stanchion_5_Col_256.png
[2.531s] -- Up-to-date symlink: /home/ssfa/ros2_ws/install/two_wheeled_robot/share/two_wheeled_robot/models/robonaut/materials/textures/R2_Stanchion_6_Col_256.png
[2.531s] -- Up-to-date symlink: /home/ssfa/ros2_ws/install/two_wheeled_robot/share/two_wheeled_robot/models/robonaut/materials/textures/R2_Stanchion_7_Col_256.png
[2.531s] -- Up-to-date symlink: /home/ssfa/ros2_ws/install/two_wheeled_robot/share/two_wheeled_robot/models/robonaut/materials/textures/R2_Stanchion_8_Col_256.png
[2.531s] -- Up-to-date symlink: /home/ssfa/ros2_ws/install/two_wheeled_robot/share/two_wheeled_robot/models/robonaut/materials/textures/R2_Stanchion_9_Col_256.png
[2.531s] -- Up-to-date symlink: /home/ssfa/ros2_ws/install/two_wheeled_robot/share/two_wheeled_robot/models/robonaut/materials/textures/R2_Stanchion_Col_512_Proj.png
[2.531s] -- Up-to-date symlink: /home/ssfa/ros2_ws/install/two_wheeled_robot/share/two_wheeled_robot/models/robonaut/materials/textures/R2_Stanchion_Cover_1_Col_256.png
[2.531s] -- Up-to-date symlink: /home/ssfa/ros2_ws/install/two_wheeled_robot/share/two_wheeled_robot/models/robonaut/materials/textures/R2_Stanchion_Cover_2_Col_256.png
[2.531s] -- Up-to-date symlink: /home/ssfa/ros2_ws/install/two_wheeled_robot/share/two_wheeled_robot/models/robonaut/materials/textures/R2_Stanchion_Cover_3_Col_256.png
[2.531s] -- Up-to-date symlink: /home/ssfa/ros2_ws/install/two_wheeled_robot/share/two_wheeled_robot/models/robonaut/materials/textures/R2_Stanchion_Cover_4_Col_256.png
[2.531s] -- Up-to-date symlink: /home/ssfa/ros2_ws/install/two_wheeled_robot/share/two_wheeled_robot/models/robonaut/materials/textures/R2_backpack.png
[2.531s] -- Up-to-date symlink: /home/ssfa/ros2_ws/install/two_wheeled_robot/share/two_wheeled_robot/models/robonaut/materials/textures/StanchionBaseplate.png
[2.531s] -- Up-to-date symlink: /home/ssfa/ros2_ws/install/two_wheeled_robot/share/two_wheeled_robot/models/robonaut/materials/textures/StanchionDovetail.png
[2.531s] -- Up-to-date symlink: /home/ssfa/ros2_ws/install/two_wheeled_robot/share/two_wheeled_robot/models/robonaut/materials/textures/StanchionKnob.png
[2.531s] -- Up-to-date symlink: /home/ssfa/ros2_ws/install/two_wheeled_robot/share/two_wheeled_robot/models/robonaut/materials/textures/gold.png
[2.531s] -- Up-to-date symlink: /home/ssfa/ros2_ws/install/two_wheeled_robot/share/two_wheeled_robot/models/robonaut/materials/textures/gold_texture.png
[2.531s] -- Up-to-date symlink: /home/ssfa/ros2_ws/install/two_wheeled_robot/share/two_wheeled_robot/models/robonaut/materials/textures/gold_texture_old.png
[2.531s] -- Up-to-date symlink: /home/ssfa/ros2_ws/install/two_wheeled_robot/share/two_wheeled_robot/models/robonaut/materials/textures/helmet_back.png
[2.531s] -- Up-to-date symlink: /home/ssfa/ros2_ws/install/two_wheeled_robot/share/two_wheeled_robot/models/robonaut/materials/textures/helmet_front.png
[2.531s] -- Up-to-date symlink: /home/ssfa/ros2_ws/install/two_wheeled_robot/share/two_wheeled_robot/models/robonaut/materials/textures/jaws.png
[2.531s] -- Up-to-date symlink: /home/ssfa/ros2_ws/install/two_wheeled_robot/share/two_wheeled_robot/models/robonaut/materials/textures/light_shield.png
[2.531s] -- Up-to-date symlink: /home/ssfa/ros2_ws/install/two_wheeled_robot/share/two_wheeled_robot/models/robonaut/materials/textures/notexture.png
[2.532s] -- Up-to-date symlink: /home/ssfa/ros2_ws/install/two_wheeled_robot/share/two_wheeled_robot/models/robonaut/materials/textures/visor.png
[2.532s] -- Up-to-date symlink: /home/ssfa/ros2_ws/install/two_wheeled_robot/share/two_wheeled_robot/models/robonaut/meshes/Backpack.dae
[2.532s] -- Up-to-date symlink: /home/ssfa/ros2_ws/install/two_wheeled_robot/share/two_wheeled_robot/models/robonaut/meshes/Body.dae
[2.532s] -- Up-to-date symlink: /home/ssfa/ros2_ws/install/two_wheeled_robot/share/two_wheeled_robot/models/robonaut/meshes/Body_Cover.dae
[2.532s] -- Up-to-date symlink: /home/ssfa/ros2_ws/install/two_wheeled_robot/share/two_wheeled_robot/models/robonaut/meshes/Finger_Dist.dae
[2.532s] -- Up-to-date symlink: /home/ssfa/ros2_ws/install/two_wheeled_robot/share/two_wheeled_robot/models/robonaut/meshes/Finger_Mid.dae
[2.532s] -- Up-to-date symlink: /home/ssfa/ros2_ws/install/two_wheeled_robot/share/two_wheeled_robot/models/robonaut/meshes/Finger_Proximal.dae
[2.532s] -- Up-to-date symlink: /home/ssfa/ros2_ws/install/two_wheeled_robot/share/two_wheeled_robot/models/robonaut/meshes/Head.dae
[2.532s] -- Up-to-date symlink: /home/ssfa/ros2_ws/install/two_wheeled_robot/share/two_wheeled_robot/models/robonaut/meshes/Left_Elbow.dae
[2.532s] -- Up-to-date symlink: /home/ssfa/ros2_ws/install/two_wheeled_robot/share/two_wheeled_robot/models/robonaut/meshes/Left_Forearm.dae
[2.532s] -- Up-to-date symlink: /home/ssfa/ros2_ws/install/two_wheeled_robot/share/two_wheeled_robot/models/robonaut/meshes/Left_Palm.dae
[2.532s] -- Up-to-date symlink: /home/ssfa/ros2_ws/install/two_wheeled_robot/share/two_wheeled_robot/models/robonaut/meshes/Left_Shoulder_Lower.dae
[2.532s] -- Up-to-date symlink: /home/ssfa/ros2_ws/install/two_wheeled_robot/share/two_wheeled_robot/models/robonaut/meshes/Left_Shoulder_Upper.dae
[2.532s] -- Up-to-date symlink: /home/ssfa/ros2_ws/install/two_wheeled_robot/share/two_wheeled_robot/models/robonaut/meshes/Left_Thumb_Carp.dae
[2.532s] -- Up-to-date symlink: /home/ssfa/ros2_ws/install/two_wheeled_robot/share/two_wheeled_robot/models/robonaut/meshes/Left_Thumb_MtCar.dae
[2.532s] -- Up-to-date symlink: /home/ssfa/ros2_ws/install/two_wheeled_robot/share/two_wheeled_robot/models/robonaut/meshes/Left_Upper_Arm.dae
[2.532s] -- Up-to-date symlink: /home/ssfa/ros2_ws/install/two_wheeled_robot/share/two_wheeled_robot/models/robonaut/meshes/Neck_Lower.dae
[2.532s] -- Up-to-date symlink: /home/ssfa/ros2_ws/install/two_wheeled_robot/share/two_wheeled_robot/models/robonaut/meshes/Neck_Upper.dae
[2.532s] -- Up-to-date symlink: /home/ssfa/ros2_ws/install/two_wheeled_robot/share/two_wheeled_robot/models/robonaut/meshes/Right_Elbow.dae
[2.532s] -- Up-to-date symlink: /home/ssfa/ros2_ws/install/two_wheeled_robot/share/two_wheeled_robot/models/robonaut/meshes/Right_Forearm.dae
[2.532s] -- Up-to-date symlink: /home/ssfa/ros2_ws/install/two_wheeled_robot/share/two_wheeled_robot/models/robonaut/meshes/Right_Palm.dae
[2.532s] -- Up-to-date symlink: /home/ssfa/ros2_ws/install/two_wheeled_robot/share/two_wheeled_robot/models/robonaut/meshes/Right_Shoulder_Lower.dae
[2.532s] -- Up-to-date symlink: /home/ssfa/ros2_ws/install/two_wheeled_robot/share/two_wheeled_robot/models/robonaut/meshes/Right_Shoulder_Upper.dae
[2.532s] -- Up-to-date symlink: /home/ssfa/ros2_ws/install/two_wheeled_robot/share/two_wheeled_robot/models/robonaut/meshes/Right_Thumb_MtCar.dae
[2.532s] -- Up-to-date symlink: /home/ssfa/ros2_ws/install/two_wheeled_robot/share/two_wheeled_robot/models/robonaut/meshes/Right_Upper_Arm.dae
[2.532s] -- Up-to-date symlink: /home/ssfa/ros2_ws/install/two_wheeled_robot/share/two_wheeled_robot/models/robonaut/meshes/Stanchion.dae
[2.533s] -- Up-to-date symlink: /home/ssfa/ros2_ws/install/two_wheeled_robot/share/two_wheeled_robot/models/robonaut/meshes/Stanchion_Baseplate.dae
[2.533s] -- Up-to-date symlink: /home/ssfa/ros2_ws/install/two_wheeled_robot/share/two_wheeled_robot/models/robonaut/meshes/Thumb_Dist.dae
[2.533s] -- Up-to-date symlink: /home/ssfa/ros2_ws/install/two_wheeled_robot/share/two_wheeled_robot/models/robonaut/meshes/Thumb_Proximal.dae
[2.533s] -- Up-to-date symlink: /home/ssfa/ros2_ws/install/two_wheeled_robot/share/two_wheeled_robot/models/robonaut/meshes/Transforms.txt
[2.533s] -- Up-to-date symlink: /home/ssfa/ros2_ws/install/two_wheeled_robot/share/two_wheeled_robot/models/robonaut/model-1_4.sdf
[2.533s] -- Up-to-date symlink: /home/ssfa/ros2_ws/install/two_wheeled_robot/share/two_wheeled_robot/models/robonaut/model.config
[2.533s] -- Up-to-date symlink: /home/ssfa/ros2_ws/install/two_wheeled_robot/share/two_wheeled_robot/models/robonaut/model.sdf
[2.533s] -- Up-to-date symlink: /home/ssfa/ros2_ws/install/two_wheeled_robot/share/two_wheeled_robot/models/robotbase/model.config
[2.533s] -- Up-to-date symlink: /home/ssfa/ros2_ws/install/two_wheeled_robot/share/two_wheeled_robot/models/robotbase/model.sdf
[2.533s] -- Up-to-date symlink: /home/ssfa/ros2_ws/install/two_wheeled_robot/share/two_wheeled_robot/models/school/materials/textures/school_diffuse.jpg
[2.533s] -- Up-to-date symlink: /home/ssfa/ros2_ws/install/two_wheeled_robot/share/two_wheeled_robot/models/school/materials/textures/school_spec.jpg
[2.533s] -- Up-to-date symlink: /home/ssfa/ros2_ws/install/two_wheeled_robot/share/two_wheeled_robot/models/school/meshes/school.dae
[2.533s] -- Up-to-date symlink: /home/ssfa/ros2_ws/install/two_wheeled_robot/share/two_wheeled_robot/models/school/model.config
[2.533s] -- Up-to-date symlink: /home/ssfa/ros2_ws/install/two_wheeled_robot/share/two_wheeled_robot/models/school/model.sdf
[2.533s] -- Up-to-date symlink: /home/ssfa/ros2_ws/install/two_wheeled_robot/share/two_wheeled_robot/models/servicebot/materials/textures/servicebot.png
[2.533s] -- Up-to-date symlink: /home/ssfa/ros2_ws/install/two_wheeled_robot/share/two_wheeled_robot/models/servicebot/meshes/servicebot.mtl
[2.533s] -- Up-to-date symlink: /home/ssfa/ros2_ws/install/two_wheeled_robot/share/two_wheeled_robot/models/servicebot/meshes/servicebot.obj
[2.533s] -- Up-to-date symlink: /home/ssfa/ros2_ws/install/two_wheeled_robot/share/two_wheeled_robot/models/servicebot/model.config
[2.533s] -- Up-to-date symlink: /home/ssfa/ros2_ws/install/two_wheeled_robot/share/two_wheeled_robot/models/servicebot/model.sdf
[2.533s] -- Up-to-date symlink: /home/ssfa/ros2_ws/install/two_wheeled_robot/share/two_wheeled_robot/models/shelves_high/materials/scripts/shelves_2.material
[2.533s] -- Up-to-date symlink: /home/ssfa/ros2_ws/install/two_wheeled_robot/share/two_wheeled_robot/models/shelves_high/materials/textures/Metal_Aluminum_Anodized.jpg
[2.533s] -- Up-to-date symlink: /home/ssfa/ros2_ws/install/two_wheeled_robot/share/two_wheeled_robot/models/shelves_high/materials/textures/Metal_Seamed.jpg
[2.533s] -- Up-to-date symlink: /home/ssfa/ros2_ws/install/two_wheeled_robot/share/two_wheeled_robot/models/shelves_high/materials/textures/Metal_Seamed_1.jpg
[2.533s] -- Up-to-date symlink: /home/ssfa/ros2_ws/install/two_wheeled_robot/share/two_wheeled_robot/models/shelves_high/materials/textures/__Metal_Seamed_1.jpg
[2.533s] -- Up-to-date symlink: /home/ssfa/ros2_ws/install/two_wheeled_robot/share/two_wheeled_robot/models/shelves_high/materials/textures/__Metal_Seamed_1_0.jpg
[2.534s] -- Up-to-date symlink: /home/ssfa/ros2_ws/install/two_wheeled_robot/share/two_wheeled_robot/models/shelves_high/meshes/shelves_high.dae
[2.534s] -- Up-to-date symlink: /home/ssfa/ros2_ws/install/two_wheeled_robot/share/two_wheeled_robot/models/shelves_high/meshes/shelves_high_collision.dae
[2.534s] -- Up-to-date symlink: /home/ssfa/ros2_ws/install/two_wheeled_robot/share/two_wheeled_robot/models/shelves_high/model.config
[2.534s] -- Up-to-date symlink: /home/ssfa/ros2_ws/install/two_wheeled_robot/share/two_wheeled_robot/models/shelves_high/model.sdf
[2.534s] -- Up-to-date symlink: /home/ssfa/ros2_ws/install/two_wheeled_robot/share/two_wheeled_robot/models/shelves_high2/materials/textures/__CorrogateShiny_.jpg
[2.534s] -- Up-to-date symlink: /home/ssfa/ros2_ws/install/two_wheeled_robot/share/two_wheeled_robot/models/shelves_high2/meshes/shelves_high2.dae
[2.534s] -- Up-to-date symlink: /home/ssfa/ros2_ws/install/two_wheeled_robot/share/two_wheeled_robot/models/shelves_high2/meshes/shelves_high2_collision.dae
[2.534s] -- Up-to-date symlink: /home/ssfa/ros2_ws/install/two_wheeled_robot/share/two_wheeled_robot/models/shelves_high2/model.config
[2.534s] -- Up-to-date symlink: /home/ssfa/ros2_ws/install/two_wheeled_robot/share/two_wheeled_robot/models/shelves_high2/model.sdf
[2.534s] -- Up-to-date symlink: /home/ssfa/ros2_ws/install/two_wheeled_robot/share/two_wheeled_robot/models/shelves_high2_no_collision/materials/textures/__CorrogateShiny_.jpg
[2.534s] -- Up-to-date symlink: /home/ssfa/ros2_ws/install/two_wheeled_robot/share/two_wheeled_robot/models/shelves_high2_no_collision/meshes/shelves_high2.dae
[2.534s] -- Up-to-date symlink: /home/ssfa/ros2_ws/install/two_wheeled_robot/share/two_wheeled_robot/models/shelves_high2_no_collision/model.config
[2.534s] -- Up-to-date symlink: /home/ssfa/ros2_ws/install/two_wheeled_robot/share/two_wheeled_robot/models/shelves_high2_no_collision/model.sdf
[2.534s] -- Up-to-date symlink: /home/ssfa/ros2_ws/install/two_wheeled_robot/share/two_wheeled_robot/models/simple_arm/model-1_2.sdf
[2.534s] -- Up-to-date symlink: /home/ssfa/ros2_ws/install/two_wheeled_robot/share/two_wheeled_robot/models/simple_arm/model-1_3.sdf
[2.534s] -- Up-to-date symlink: /home/ssfa/ros2_ws/install/two_wheeled_robot/share/two_wheeled_robot/models/simple_arm/model-1_4.sdf
[2.534s] -- Up-to-date symlink: /home/ssfa/ros2_ws/install/two_wheeled_robot/share/two_wheeled_robot/models/simple_arm/model.config
[2.534s] -- Up-to-date symlink: /home/ssfa/ros2_ws/install/two_wheeled_robot/share/two_wheeled_robot/models/simple_arm/model.sdf
[2.535s] -- Up-to-date symlink: /home/ssfa/ros2_ws/install/two_wheeled_robot/share/two_wheeled_robot/models/simple_building_floor/model.config
[2.535s] -- Up-to-date symlink: /home/ssfa/ros2_ws/install/two_wheeled_robot/share/two_wheeled_robot/models/simple_building_floor/model.sdf
[2.535s] -- Up-to-date symlink: /home/ssfa/ros2_ws/install/two_wheeled_robot/share/two_wheeled_robot/models/simple_gripper/model-1_2.sdf
[2.535s] -- Up-to-date symlink: /home/ssfa/ros2_ws/install/two_wheeled_robot/share/two_wheeled_robot/models/simple_gripper/model-1_3.sdf
[2.535s] -- Up-to-date symlink: /home/ssfa/ros2_ws/install/two_wheeled_robot/share/two_wheeled_robot/models/simple_gripper/model-1_4.sdf
[2.535s] -- Up-to-date symlink: /home/ssfa/ros2_ws/install/two_wheeled_robot/share/two_wheeled_robot/models/simple_gripper/model.config
[2.535s] -- Up-to-date symlink: /home/ssfa/ros2_ws/install/two_wheeled_robot/share/two_wheeled_robot/models/simple_gripper/model.sdf
[2.535s] -- Up-to-date symlink: /home/ssfa/ros2_ws/install/two_wheeled_robot/share/two_wheeled_robot/models/small_box/materials/textures/Kraft_Tile.jpg
[2.535s] -- Up-to-date symlink: /home/ssfa/ros2_ws/install/two_wheeled_robot/share/two_wheeled_robot/models/small_box/materials/textures/S-3878BX_Back.jpg
[2.535s] -- Up-to-date symlink: /home/ssfa/ros2_ws/install/two_wheeled_robot/share/two_wheeled_robot/models/small_box/materials/textures/S-3878BX_Front.jpg
[2.535s] -- Up-to-date symlink: /home/ssfa/ros2_ws/install/two_wheeled_robot/share/two_wheeled_robot/models/small_box/materials/textures/S-3878BX_Side1.jpg
[2.535s] -- Up-to-date symlink: /home/ssfa/ros2_ws/install/two_wheeled_robot/share/two_wheeled_robot/models/small_box/materials/textures/S-3878BX_Side2.jpg
[2.535s] -- Up-to-date symlink: /home/ssfa/ros2_ws/install/two_wheeled_robot/share/two_wheeled_robot/models/small_box/meshes/small_box.dae
[2.535s] -- Up-to-date symlink: /home/ssfa/ros2_ws/install/two_wheeled_robot/share/two_wheeled_robot/models/small_box/model.config
[2.535s] -- Up-to-date symlink: /home/ssfa/ros2_ws/install/two_wheeled_robot/share/two_wheeled_robot/models/small_box/model.sdf
[2.535s] -- Up-to-date symlink: /home/ssfa/ros2_ws/install/two_wheeled_robot/share/two_wheeled_robot/models/small_plant/mesh/small_plant.stl
[2.535s] -- Up-to-date symlink: /home/ssfa/ros2_ws/install/two_wheeled_robot/share/two_wheeled_robot/models/small_plant/model.config
[2.535s] -- Up-to-date symlink: /home/ssfa/ros2_ws/install/two_wheeled_robot/share/two_wheeled_robot/models/small_plant/model.sdf
[2.535s] -- Up-to-date symlink: /home/ssfa/ros2_ws/install/two_wheeled_robot/share/two_wheeled_robot/models/speed_limit_sign/materials/textures/Speed_100.png
[2.535s] -- Up-to-date symlink: /home/ssfa/ros2_ws/install/two_wheeled_robot/share/two_wheeled_robot/models/speed_limit_sign/materials/textures/Speed_110.png
[2.535s] -- Up-to-date symlink: /home/ssfa/ros2_ws/install/two_wheeled_robot/share/two_wheeled_robot/models/speed_limit_sign/materials/textures/Speed_120.png
[2.535s] -- Up-to-date symlink: /home/ssfa/ros2_ws/install/two_wheeled_robot/share/two_wheeled_robot/models/speed_limit_sign/materials/textures/Speed_130.png
[2.535s] -- Up-to-date symlink: /home/ssfa/ros2_ws/install/two_wheeled_robot/share/two_wheeled_robot/models/speed_limit_sign/materials/textures/Speed_16.png
[2.535s] -- Up-to-date symlink: /home/ssfa/ros2_ws/install/two_wheeled_robot/share/two_wheeled_robot/models/speed_limit_sign/materials/textures/Speed_30.png
[2.535s] -- Up-to-date symlink: /home/ssfa/ros2_ws/install/two_wheeled_robot/share/two_wheeled_robot/models/speed_limit_sign/materials/textures/Speed_40.png
[2.536s] -- Up-to-date symlink: /home/ssfa/ros2_ws/install/two_wheeled_robot/share/two_wheeled_robot/models/speed_limit_sign/materials/textures/Speed_50.png
[2.536s] -- Up-to-date symlink: /home/ssfa/ros2_ws/install/two_wheeled_robot/share/two_wheeled_robot/models/speed_limit_sign/materials/textures/Speed_60.png
[2.536s] -- Up-to-date symlink: /home/ssfa/ros2_ws/install/two_wheeled_robot/share/two_wheeled_robot/models/speed_limit_sign/materials/textures/Speed_70.png
[2.536s] -- Up-to-date symlink: /home/ssfa/ros2_ws/install/two_wheeled_robot/share/two_wheeled_robot/models/speed_limit_sign/materials/textures/Speed_80.png
[2.536s] -- Up-to-date symlink: /home/ssfa/ros2_ws/install/two_wheeled_robot/share/two_wheeled_robot/models/speed_limit_sign/materials/textures/Speed_90.png
[2.536s] -- Up-to-date symlink: /home/ssfa/ros2_ws/install/two_wheeled_robot/share/two_wheeled_robot/models/speed_limit_sign/materials/textures/Speed_Spec.png
[2.536s] -- Up-to-date symlink: /home/ssfa/ros2_ws/install/two_wheeled_robot/share/two_wheeled_robot/models/speed_limit_sign/materials/textures/StopSign_Diffuse.png
[2.536s] -- Up-to-date symlink: /home/ssfa/ros2_ws/install/two_wheeled_robot/share/two_wheeled_robot/models/speed_limit_sign/materials/textures/StopSign_Spec.png
[2.536s] -- Up-to-date symlink: /home/ssfa/ros2_ws/install/two_wheeled_robot/share/two_wheeled_robot/models/speed_limit_sign/meshes/speed_limit_sign.dae
[2.536s] -- Up-to-date symlink: /home/ssfa/ros2_ws/install/two_wheeled_robot/share/two_wheeled_robot/models/speed_limit_sign/model-1_3.sdf
[2.536s] -- Up-to-date symlink: /home/ssfa/ros2_ws/install/two_wheeled_robot/share/two_wheeled_robot/models/speed_limit_sign/model-1_4.sdf
[2.536s] -- Up-to-date symlink: /home/ssfa/ros2_ws/install/two_wheeled_robot/share/two_wheeled_robot/models/speed_limit_sign/model.config
[2.536s] -- Up-to-date symlink: /home/ssfa/ros2_ws/install/two_wheeled_robot/share/two_wheeled_robot/models/speed_limit_sign/model.sdf
[2.536s] -- Up-to-date symlink: /home/ssfa/ros2_ws/install/two_wheeled_robot/share/two_wheeled_robot/models/steel_tke_glovebox/material/scripts/markers.material
[2.536s] -- Up-to-date symlink: /home/ssfa/ros2_ws/install/two_wheeled_robot/share/two_wheeled_robot/models/steel_tke_glovebox/material/textures/markers.png
[2.536s] -- Up-to-date symlink: /home/ssfa/ros2_ws/install/two_wheeled_robot/share/two_wheeled_robot/models/steel_tke_glovebox/material/textures/markers_original.png
[2.536s] -- Up-to-date symlink: /home/ssfa/ros2_ws/install/two_wheeled_robot/share/two_wheeled_robot/models/steel_tke_glovebox/meshes/steel_tke_glovebox.stl
[2.536s] -- Up-to-date symlink: /home/ssfa/ros2_ws/install/two_wheeled_robot/share/two_wheeled_robot/models/steel_tke_glovebox/model.config
[2.536s] -- Up-to-date symlink: /home/ssfa/ros2_ws/install/two_wheeled_robot/share/two_wheeled_robot/models/steel_tke_glovebox/model.sdf
[2.536s] -- Up-to-date symlink: /home/ssfa/ros2_ws/install/two_wheeled_robot/share/two_wheeled_robot/models/stopW/meshes/Asphalt_New.jpg
[2.536s] -- Up-to-date symlink: /home/ssfa/ros2_ws/install/two_wheeled_robot/share/two_wheeled_robot/models/stopW/meshes/Concrete_Pavers_Block_Multi.jpg
[2.536s] -- Up-to-date symlink: /home/ssfa/ros2_ws/install/two_wheeled_robot/share/two_wheeled_robot/models/stopW/meshes/stop.dae
[2.536s] -- Up-to-date symlink: /home/ssfa/ros2_ws/install/two_wheeled_robot/share/two_wheeled_robot/models/stopW/model.config
[2.536s] -- Up-to-date symlink: /home/ssfa/ros2_ws/install/two_wheeled_robot/share/two_wheeled_robot/models/stopW/model.sdf
[2.536s] -- Up-to-date symlink: /home/ssfa/ros2_ws/install/two_wheeled_robot/share/two_wheeled_robot/models/stop_light/materials/scripts/stop_light.material
[2.537s] -- Up-to-date symlink: /home/ssfa/ros2_ws/install/two_wheeled_robot/share/two_wheeled_robot/models/stop_light/materials/textures/greyscale_light.png
[2.537s] -- Up-to-date symlink: /home/ssfa/ros2_ws/install/two_wheeled_robot/share/two_wheeled_robot/models/stop_light/materials/textures/stop_light.png
[2.537s] -- Up-to-date symlink: /home/ssfa/ros2_ws/install/two_wheeled_robot/share/two_wheeled_robot/models/stop_light/meshes/stop_light.mtl
[2.537s] -- Up-to-date symlink: /home/ssfa/ros2_ws/install/two_wheeled_robot/share/two_wheeled_robot/models/stop_light/meshes/stop_light.obj
[2.537s] -- Up-to-date symlink: /home/ssfa/ros2_ws/install/two_wheeled_robot/share/two_wheeled_robot/models/stop_light/model.config
[2.537s] -- Up-to-date symlink: /home/ssfa/ros2_ws/install/two_wheeled_robot/share/two_wheeled_robot/models/stop_light/model.sdf
[2.537s] -- Up-to-date symlink: /home/ssfa/ros2_ws/install/two_wheeled_robot/share/two_wheeled_robot/models/stop_light_post/materials/textures/stop_light.png
[2.537s] -- Up-to-date symlink: /home/ssfa/ros2_ws/install/two_wheeled_robot/share/two_wheeled_robot/models/stop_light_post/meshes/stop_light_extension.mtl
[2.537s] -- Up-to-date symlink: /home/ssfa/ros2_ws/install/two_wheeled_robot/share/two_wheeled_robot/models/stop_light_post/meshes/stop_light_extension.obj
[2.537s] -- Up-to-date symlink: /home/ssfa/ros2_ws/install/two_wheeled_robot/share/two_wheeled_robot/models/stop_light_post/meshes/stop_light_post.mtl
[2.537s] -- Up-to-date symlink: /home/ssfa/ros2_ws/install/two_wheeled_robot/share/two_wheeled_robot/models/stop_light_post/meshes/stop_light_post.obj
[2.537s] -- Up-to-date symlink: /home/ssfa/ros2_ws/install/two_wheeled_robot/share/two_wheeled_robot/models/stop_light_post/model.config
[2.537s] -- Up-to-date symlink: /home/ssfa/ros2_ws/install/two_wheeled_robot/share/two_wheeled_robot/models/stop_light_post/model.sdf
[2.537s] -- Up-to-date symlink: /home/ssfa/ros2_ws/install/two_wheeled_robot/share/two_wheeled_robot/models/stop_sign/materials/scripts/stopsign.material
[2.537s] -- Up-to-date symlink: /home/ssfa/ros2_ws/install/two_wheeled_robot/share/two_wheeled_robot/models/stop_sign/materials/textures/StopSign_Diffuse.png
[2.537s] -- Up-to-date symlink: /home/ssfa/ros2_ws/install/two_wheeled_robot/share/two_wheeled_robot/models/stop_sign/materials/textures/StopSign_Spec.png
[2.537s] -- Up-to-date symlink: /home/ssfa/ros2_ws/install/two_wheeled_robot/share/two_wheeled_robot/models/stop_sign/meshes/stop_sign.dae
[2.537s] -- Up-to-date symlink: /home/ssfa/ros2_ws/install/two_wheeled_robot/share/two_wheeled_robot/models/stop_sign/model-1_3.sdf
[2.537s] -- Up-to-date symlink: /home/ssfa/ros2_ws/install/two_wheeled_robot/share/two_wheeled_robot/models/stop_sign/model-1_4.sdf
[2.537s] -- Up-to-date symlink: /home/ssfa/ros2_ws/install/two_wheeled_robot/share/two_wheeled_robot/models/stop_sign/model.config
[2.537s] -- Up-to-date symlink: /home/ssfa/ros2_ws/install/two_wheeled_robot/share/two_wheeled_robot/models/stop_sign/model.sdf
[2.537s] -- Up-to-date symlink: /home/ssfa/ros2_ws/install/two_wheeled_robot/share/two_wheeled_robot/models/stop_sign/my_mesh.world~
[2.537s] -- Up-to-date symlink: /home/ssfa/ros2_ws/install/two_wheeled_robot/share/two_wheeled_robot/models/submarine/model.config
[2.537s] -- Up-to-date symlink: /home/ssfa/ros2_ws/install/two_wheeled_robot/share/two_wheeled_robot/models/submarine/model.sdf
[2.537s] -- Up-to-date symlink: /home/ssfa/ros2_ws/install/two_wheeled_robot/share/two_wheeled_robot/models/submarine/model.sdf.erb
[2.537s] -- Up-to-date symlink: /home/ssfa/ros2_ws/install/two_wheeled_robot/share/two_wheeled_robot/models/submarine_buoyant/model.config
[2.537s] -- Up-to-date symlink: /home/ssfa/ros2_ws/install/two_wheeled_robot/share/two_wheeled_robot/models/submarine_buoyant/model.sdf
[2.538s] -- Up-to-date symlink: /home/ssfa/ros2_ws/install/two_wheeled_robot/share/two_wheeled_robot/models/submarine_buoyant/model.sdf.erb
[2.538s] -- Up-to-date symlink: /home/ssfa/ros2_ws/install/two_wheeled_robot/share/two_wheeled_robot/models/submarine_sinking/model.config
[2.538s] -- Up-to-date symlink: /home/ssfa/ros2_ws/install/two_wheeled_robot/share/two_wheeled_robot/models/submarine_sinking/model.sdf
[2.538s] -- Up-to-date symlink: /home/ssfa/ros2_ws/install/two_wheeled_robot/share/two_wheeled_robot/models/submarine_sinking/model.sdf.erb
[2.538s] -- Up-to-date symlink: /home/ssfa/ros2_ws/install/two_wheeled_robot/share/two_wheeled_robot/models/summit_docking_station/material/scripts/marker1_border_12cm.material
[2.538s] -- Up-to-date symlink: /home/ssfa/ros2_ws/install/two_wheeled_robot/share/two_wheeled_robot/models/summit_docking_station/material/textures/marker1_border_12cm.png
[2.538s] -- Up-to-date symlink: /home/ssfa/ros2_ws/install/two_wheeled_robot/share/two_wheeled_robot/models/summit_docking_station/meshes/summit_docking_station.stl
[2.538s] -- Up-to-date symlink: /home/ssfa/ros2_ws/install/two_wheeled_robot/share/two_wheeled_robot/models/summit_docking_station/model.config
[2.538s] -- Up-to-date symlink: /home/ssfa/ros2_ws/install/two_wheeled_robot/share/two_wheeled_robot/models/summit_docking_station/model.sdf
[2.538s] -- Up-to-date symlink: /home/ssfa/ros2_ws/install/two_wheeled_robot/share/two_wheeled_robot/models/sun/model-1_2.sdf
[2.538s] -- Up-to-date symlink: /home/ssfa/ros2_ws/install/two_wheeled_robot/share/two_wheeled_robot/models/sun/model-1_3.sdf
[2.538s] -- Up-to-date symlink: /home/ssfa/ros2_ws/install/two_wheeled_robot/share/two_wheeled_robot/models/sun/model-1_4.sdf
[2.538s] -- Up-to-date symlink: /home/ssfa/ros2_ws/install/two_wheeled_robot/share/two_wheeled_robot/models/sun/model.config
[2.538s] -- Up-to-date symlink: /home/ssfa/ros2_ws/install/two_wheeled_robot/share/two_wheeled_robot/models/sun/model.sdf
[2.538s] -- Up-to-date symlink: /home/ssfa/ros2_ws/install/two_wheeled_robot/share/two_wheeled_robot/models/suv/materials/textures/suv.png
[2.538s] -- Up-to-date symlink: /home/ssfa/ros2_ws/install/two_wheeled_robot/share/two_wheeled_robot/models/suv/materials/textures/wheels_01.png
[2.538s] -- Up-to-date symlink: /home/ssfa/ros2_ws/install/two_wheeled_robot/share/two_wheeled_robot/models/suv/meshes/suv.mtl
[2.538s] -- Up-to-date symlink: /home/ssfa/ros2_ws/install/two_wheeled_robot/share/two_wheeled_robot/models/suv/meshes/suv.obj
[2.538s] -- Up-to-date symlink: /home/ssfa/ros2_ws/install/two_wheeled_robot/share/two_wheeled_robot/models/suv/model.config
[2.538s] -- Up-to-date symlink: /home/ssfa/ros2_ws/install/two_wheeled_robot/share/two_wheeled_robot/models/suv/model.sdf
[2.538s] -- Up-to-date symlink: /home/ssfa/ros2_ws/install/two_wheeled_robot/share/two_wheeled_robot/models/table_marble/materials/scripts/table_lightmap.material
[2.538s] -- Up-to-date symlink: /home/ssfa/ros2_ws/install/two_wheeled_robot/share/two_wheeled_robot/models/table_marble/materials/textures/marble.png
[2.538s] -- Up-to-date symlink: /home/ssfa/ros2_ws/install/two_wheeled_robot/share/two_wheeled_robot/models/table_marble/materials/textures/table_lightmap.png
[2.538s] -- Up-to-date symlink: /home/ssfa/ros2_ws/install/two_wheeled_robot/share/two_wheeled_robot/models/table_marble/meshes/table_lightmap.dae
[2.538s] -- Up-to-date symlink: /home/ssfa/ros2_ws/install/two_wheeled_robot/share/two_wheeled_robot/models/table_marble/model-1_4.sdf
[2.538s] -- Up-to-date symlink: /home/ssfa/ros2_ws/install/two_wheeled_robot/share/two_wheeled_robot/models/table_marble/model.config
[2.538s] -- Up-to-date symlink: /home/ssfa/ros2_ws/install/two_wheeled_robot/share/two_wheeled_robot/models/table_marble/model.sdf
[2.538s] -- Up-to-date symlink: /home/ssfa/ros2_ws/install/two_wheeled_robot/share/two_wheeled_robot/models/target_4x4/meshes/target_4x4.dae
[2.538s] -- Up-to-date symlink: /home/ssfa/ros2_ws/install/two_wheeled_robot/share/two_wheeled_robot/models/target_4x4/model.config
[2.539s] -- Up-to-date symlink: /home/ssfa/ros2_ws/install/two_wheeled_robot/share/two_wheeled_robot/models/target_4x4/model.sdf
[2.539s] -- Up-to-date symlink: /home/ssfa/ros2_ws/install/two_wheeled_robot/share/two_wheeled_robot/models/target_table/meshes/target_table.dae
[2.539s] -- Up-to-date symlink: /home/ssfa/ros2_ws/install/two_wheeled_robot/share/two_wheeled_robot/models/target_table/model.config
[2.539s] -- Up-to-date symlink: /home/ssfa/ros2_ws/install/two_wheeled_robot/share/two_wheeled_robot/models/target_table/model.sdf
[2.539s] -- Up-to-date symlink: /home/ssfa/ros2_ws/install/two_wheeled_robot/share/two_wheeled_robot/models/thrift_shop/materials/textures/thrift_shop_diffuse.jpg
[2.539s] -- Up-to-date symlink: /home/ssfa/ros2_ws/install/two_wheeled_robot/share/two_wheeled_robot/models/thrift_shop/materials/textures/thrift_shop_spec.jpg
[2.539s] -- Up-to-date symlink: /home/ssfa/ros2_ws/install/two_wheeled_robot/share/two_wheeled_robot/models/thrift_shop/meshes/thrift_shop.dae
[2.539s] -- Up-to-date symlink: /home/ssfa/ros2_ws/install/two_wheeled_robot/share/two_wheeled_robot/models/thrift_shop/model.config
[2.539s] -- Up-to-date symlink: /home/ssfa/ros2_ws/install/two_wheeled_robot/share/two_wheeled_robot/models/thrift_shop/model.sdf
[2.539s] -- Up-to-date symlink: /home/ssfa/ros2_ws/install/two_wheeled_robot/share/two_wheeled_robot/models/toilet/materials/textures/toilet_diffuse_specular.png
[2.539s] -- Up-to-date symlink: /home/ssfa/ros2_ws/install/two_wheeled_robot/share/two_wheeled_robot/models/toilet/meshes/toilet.dae
[2.539s] -- Up-to-date symlink: /home/ssfa/ros2_ws/install/two_wheeled_robot/share/two_wheeled_robot/models/toilet/model.config
[2.539s] -- Up-to-date symlink: /home/ssfa/ros2_ws/install/two_wheeled_robot/share/two_wheeled_robot/models/toilet/model.sdf
[2.539s] -- Up-to-date symlink: /home/ssfa/ros2_ws/install/two_wheeled_robot/share/two_wheeled_robot/models/turtlebot3_common/meshes/burger_base.dae
[2.539s] -- Up-to-date symlink: /home/ssfa/ros2_ws/install/two_wheeled_robot/share/two_wheeled_robot/models/turtlebot3_common/meshes/lds.dae
[2.539s] -- Up-to-date symlink: /home/ssfa/ros2_ws/install/two_wheeled_robot/share/two_wheeled_robot/models/turtlebot3_common/meshes/r200.dae
[2.539s] -- Up-to-date symlink: /home/ssfa/ros2_ws/install/two_wheeled_robot/share/two_wheeled_robot/models/turtlebot3_common/meshes/tire.dae
[2.539s] -- Up-to-date symlink: /home/ssfa/ros2_ws/install/two_wheeled_robot/share/two_wheeled_robot/models/turtlebot3_common/meshes/waffle_base.dae
[2.539s] -- Up-to-date symlink: /home/ssfa/ros2_ws/install/two_wheeled_robot/share/two_wheeled_robot/models/turtlebot3_common/meshes/waffle_pi_base.dae
[2.539s] -- Up-to-date symlink: /home/ssfa/ros2_ws/install/two_wheeled_robot/share/two_wheeled_robot/models/turtlebot3_common/model.config
[2.539s] -- Up-to-date symlink: /home/ssfa/ros2_ws/install/two_wheeled_robot/share/two_wheeled_robot/models/turtlebot3_waffle/model-1_4.sdf
[2.539s] -- Up-to-date symlink: /home/ssfa/ros2_ws/install/two_wheeled_robot/share/two_wheeled_robot/models/turtlebot3_waffle/model.config
[2.539s] -- Up-to-date symlink: /home/ssfa/ros2_ws/install/two_wheeled_robot/share/two_wheeled_robot/models/turtlebot3_waffle/model.sdf
[2.539s] -- Up-to-date symlink: /home/ssfa/ros2_ws/install/two_wheeled_robot/share/two_wheeled_robot/models/turtlebot3_waffle_pi/model-1_4_.sdf
[2.539s] -- Up-to-date symlink: /home/ssfa/ros2_ws/install/two_wheeled_robot/share/two_wheeled_robot/models/turtlebot3_waffle_pi/model.config
[2.539s] -- Up-to-date symlink: /home/ssfa/ros2_ws/install/two_wheeled_robot/share/two_wheeled_robot/models/turtlebot3_waffle_pi/model.sdf
[2.539s] -- Up-to-date symlink: /home/ssfa/ros2_ws/install/two_wheeled_robot/share/two_wheeled_robot/models/tv_stand/materials/textures/stand_diffuse.png
[2.539s] -- Up-to-date symlink: /home/ssfa/ros2_ws/install/two_wheeled_robot/share/two_wheeled_robot/models/tv_stand/materials/textures/stand_specular.png
[2.540s] -- Up-to-date symlink: /home/ssfa/ros2_ws/install/two_wheeled_robot/share/two_wheeled_robot/models/tv_stand/materials/textures/tv_diffuse.png
[2.540s] -- Up-to-date symlink: /home/ssfa/ros2_ws/install/two_wheeled_robot/share/two_wheeled_robot/models/tv_stand/materials/textures/tv_specular.png
[2.540s] -- Up-to-date symlink: /home/ssfa/ros2_ws/install/two_wheeled_robot/share/two_wheeled_robot/models/tv_stand/meshes/tv_stand.dae
[2.540s] -- Up-to-date symlink: /home/ssfa/ros2_ws/install/two_wheeled_robot/share/two_wheeled_robot/models/tv_stand/model.config
[2.540s] -- Up-to-date symlink: /home/ssfa/ros2_ws/install/two_wheeled_robot/share/two_wheeled_robot/models/tv_stand/model.sdf
[2.540s] -- Up-to-date symlink: /home/ssfa/ros2_ws/install/two_wheeled_robot/share/two_wheeled_robot/models/two_reflector_marker3/model.config
[2.540s] -- Up-to-date symlink: /home/ssfa/ros2_ws/install/two_wheeled_robot/share/two_wheeled_robot/models/two_reflector_marker3/two_reflector_marker3.sdf
[2.540s] -- Up-to-date symlink: /home/ssfa/ros2_ws/install/two_wheeled_robot/share/two_wheeled_robot/models/two_wheeled_robot_description/meshes/arm_base.stl
[2.540s] -- Up-to-date symlink: /home/ssfa/ros2_ws/install/two_wheeled_robot/share/two_wheeled_robot/models/two_wheeled_robot_description/meshes/bicep.stl
[2.540s] -- Up-to-date symlink: /home/ssfa/ros2_ws/install/two_wheeled_robot/share/two_wheeled_robot/models/two_wheeled_robot_description/meshes/elbow.stl
[2.540s] -- Up-to-date symlink: /home/ssfa/ros2_ws/install/two_wheeled_robot/share/two_wheeled_robot/models/two_wheeled_robot_description/meshes/robot_base.stl
[2.540s] -- Up-to-date symlink: /home/ssfa/ros2_ws/install/two_wheeled_robot/share/two_wheeled_robot/models/two_wheeled_robot_description/meshes/wheel.stl
[2.540s] -- Up-to-date symlink: /home/ssfa/ros2_ws/install/two_wheeled_robot/share/two_wheeled_robot/models/two_wheeled_robot_description/meshes/wrist.stl
[2.540s] -- Up-to-date symlink: /home/ssfa/ros2_ws/install/two_wheeled_robot/share/two_wheeled_robot/models/two_wheeled_robot_description/model.config
[2.540s] -- Up-to-date symlink: /home/ssfa/ros2_ws/install/two_wheeled_robot/share/two_wheeled_robot/models/two_wheeled_robot_description/model.sdf
[2.540s] -- Up-to-date symlink: /home/ssfa/ros2_ws/install/two_wheeled_robot/share/two_wheeled_robot/models/two_wheeled_robot_with_camera_description/meshes/arm_base.stl
[2.540s] -- Up-to-date symlink: /home/ssfa/ros2_ws/install/two_wheeled_robot/share/two_wheeled_robot/models/two_wheeled_robot_with_camera_description/meshes/bicep.stl
[2.540s] -- Up-to-date symlink: /home/ssfa/ros2_ws/install/two_wheeled_robot/share/two_wheeled_robot/models/two_wheeled_robot_with_camera_description/meshes/elbow.stl
[2.540s] -- Up-to-date symlink: /home/ssfa/ros2_ws/install/two_wheeled_robot/share/two_wheeled_robot/models/two_wheeled_robot_with_camera_description/meshes/robot_base.stl
[2.540s] -- Up-to-date symlink: /home/ssfa/ros2_ws/install/two_wheeled_robot/share/two_wheeled_robot/models/two_wheeled_robot_with_camera_description/meshes/wheel.stl
[2.540s] -- Up-to-date symlink: /home/ssfa/ros2_ws/install/two_wheeled_robot/share/two_wheeled_robot/models/two_wheeled_robot_with_camera_description/meshes/wrist.stl
[2.540s] -- Up-to-date symlink: /home/ssfa/ros2_ws/install/two_wheeled_robot/share/two_wheeled_robot/models/two_wheeled_robot_with_camera_description/model.config
[2.540s] -- Up-to-date symlink: /home/ssfa/ros2_ws/install/two_wheeled_robot/share/two_wheeled_robot/models/two_wheeled_robot_with_camera_description/model.sdf
[2.540s] -- Up-to-date symlink: /home/ssfa/ros2_ws/install/two_wheeled_robot/share/two_wheeled_robot/models/warehouse_pallet/model.config
[2.540s] -- Up-to-date symlink: /home/ssfa/ros2_ws/install/two_wheeled_robot/share/two_wheeled_robot/models/warehouse_pallet/model.sdf
[2.540s] -- Up-to-date symlink: /home/ssfa/ros2_ws/install/two_wheeled_robot/share/two_wheeled_robot/models/warehouse_pallet_small/model.config
[2.540s] -- Up-to-date symlink: /home/ssfa/ros2_ws/install/two_wheeled_robot/share/two_wheeled_robot/models/warehouse_pallet_small/model.sdf
[2.540s] -- Up-to-date symlink: /home/ssfa/ros2_ws/install/two_wheeled_robot/share/two_wheeled_robot/models/warehouse_walls/materials/scripts/grey_wall.material
[2.540s] -- Up-to-date symlink: /home/ssfa/ros2_ws/install/two_wheeled_robot/share/two_wheeled_robot/models/warehouse_walls/materials/textures/grey_wall.png
[2.540s] -- Up-to-date symlink: /home/ssfa/ros2_ws/install/two_wheeled_robot/share/two_wheeled_robot/models/warehouse_walls/model.config
[2.541s] -- Up-to-date symlink: /home/ssfa/ros2_ws/install/two_wheeled_robot/share/two_wheeled_robot/models/warehouse_walls/model.sdf
[2.541s] -- Up-to-date symlink: /home/ssfa/ros2_ws/install/two_wheeled_robot/share/two_wheeled_robot/models/washer/meshes/washer.dae
[2.541s] -- Up-to-date symlink: /home/ssfa/ros2_ws/install/two_wheeled_robot/share/two_wheeled_robot/models/washer/model.config
[2.541s] -- Up-to-date symlink: /home/ssfa/ros2_ws/install/two_wheeled_robot/share/two_wheeled_robot/models/washer/model.rsdf
[2.541s] -- Up-to-date symlink: /home/ssfa/ros2_ws/install/two_wheeled_robot/share/two_wheeled_robot/models/washer/model.sdf
[2.541s] -- Up-to-date symlink: /home/ssfa/ros2_ws/install/two_wheeled_robot/share/two_wheeled_robot/models/wastebasket/materials/textures/wastebasket_diffuse.png
[2.541s] -- Up-to-date symlink: /home/ssfa/ros2_ws/install/two_wheeled_robot/share/two_wheeled_robot/models/wastebasket/meshes/wastebasket.dae
[2.541s] -- Up-to-date symlink: /home/ssfa/ros2_ws/install/two_wheeled_robot/share/two_wheeled_robot/models/wastebasket/model.config
[2.541s] -- Up-to-date symlink: /home/ssfa/ros2_ws/install/two_wheeled_robot/share/two_wheeled_robot/models/wastebasket/model.sdf
[2.541s] -- Up-to-date symlink: /home/ssfa/ros2_ws/install/two_wheeled_robot/share/two_wheeled_robot/models/water_tower/materials/textures/water_tower_diffuse.jpg
[2.541s] -- Up-to-date symlink: /home/ssfa/ros2_ws/install/two_wheeled_robot/share/two_wheeled_robot/models/water_tower/materials/textures/water_tower_spec.jpg
[2.541s] -- Up-to-date symlink: /home/ssfa/ros2_ws/install/two_wheeled_robot/share/two_wheeled_robot/models/water_tower/meshes/water_tower.dae
[2.541s] -- Up-to-date symlink: /home/ssfa/ros2_ws/install/two_wheeled_robot/share/two_wheeled_robot/models/water_tower/model.config
[2.541s] -- Up-to-date symlink: /home/ssfa/ros2_ws/install/two_wheeled_robot/share/two_wheeled_robot/models/water_tower/model.sdf
[2.541s] -- Up-to-date symlink: /home/ssfa/ros2_ws/install/two_wheeled_robot/share/two_wheeled_robot/models/whiteboard/materials/textures/whiteboard.png
[2.541s] -- Up-to-date symlink: /home/ssfa/ros2_ws/install/two_wheeled_robot/share/two_wheeled_robot/models/whiteboard/meshes/whiteboard.mtl
[2.541s] -- Up-to-date symlink: /home/ssfa/ros2_ws/install/two_wheeled_robot/share/two_wheeled_robot/models/whiteboard/meshes/whiteboard.obj
[2.541s] -- Up-to-date symlink: /home/ssfa/ros2_ws/install/two_wheeled_robot/share/two_wheeled_robot/models/whiteboard/model.config
[2.541s] -- Up-to-date symlink: /home/ssfa/ros2_ws/install/two_wheeled_robot/share/two_wheeled_robot/models/whiteboard/model.sdf
[2.541s] -- Up-to-date symlink: /home/ssfa/ros2_ws/install/two_wheeled_robot/share/two_wheeled_robot/models/willowgarage/materials/textures/Carpet_Berber_Pattern_Gray_.png
[2.541s] -- Up-to-date symlink: /home/ssfa/ros2_ws/install/two_wheeled_robot/share/two_wheeled_robot/models/willowgarage/materials/textures/Stone_Brushed_Khaki_.png
[2.541s] -- Up-to-date symlink: /home/ssfa/ros2_ws/install/two_wheeled_robot/share/two_wheeled_robot/models/willowgarage/materials/textures/Wood_Bamboo_Medium_.png
[2.541s] -- Up-to-date symlink: /home/ssfa/ros2_ws/install/two_wheeled_robot/share/two_wheeled_robot/models/willowgarage/materials/textures/Wood_Cherry_Original_.png
[2.541s] -- Up-to-date symlink: /home/ssfa/ros2_ws/install/two_wheeled_robot/share/two_wheeled_robot/models/willowgarage/materials/textures/__Wood_Bamboo_Medium_1.png
[2.541s] -- Up-to-date symlink: /home/ssfa/ros2_ws/install/two_wheeled_robot/share/two_wheeled_robot/models/willowgarage/materials/textures/__auto_12.png
[2.541s] -- Up-to-date symlink: /home/ssfa/ros2_ws/install/two_wheeled_robot/share/two_wheeled_robot/models/willowgarage/materials/textures/__auto_2.png
[2.541s] -- Up-to-date symlink: /home/ssfa/ros2_ws/install/two_wheeled_robot/share/two_wheeled_robot/models/willowgarage/meshes/willowgarage_collision.dae
[2.541s] -- Up-to-date symlink: /home/ssfa/ros2_ws/install/two_wheeled_robot/share/two_wheeled_robot/models/willowgarage/meshes/willowgarage_visual.dae
[2.541s] -- Up-to-date symlink: /home/ssfa/ros2_ws/install/two_wheeled_robot/share/two_wheeled_robot/models/willowgarage/model-1_2.sdf
[2.541s] -- Up-to-date symlink: /home/ssfa/ros2_ws/install/two_wheeled_robot/share/two_wheeled_robot/models/willowgarage/model-1_3.sdf
[2.541s] -- Up-to-date symlink: /home/ssfa/ros2_ws/install/two_wheeled_robot/share/two_wheeled_robot/models/willowgarage/model-1_4.sdf
[2.542s] -- Up-to-date symlink: /home/ssfa/ros2_ws/install/two_wheeled_robot/share/two_wheeled_robot/models/willowgarage/model.config
[2.542s] -- Up-to-date symlink: /home/ssfa/ros2_ws/install/two_wheeled_robot/share/two_wheeled_robot/models/willowgarage/model.sdf
[2.542s] -- Up-to-date symlink: /home/ssfa/ros2_ws/install/two_wheeled_robot/share/two_wheeled_robot/models/workcell/materials/textures/Bin.png
[2.542s] -- Up-to-date symlink: /home/ssfa/ros2_ws/install/two_wheeled_robot/share/two_wheeled_robot/models/workcell/materials/textures/CardboardBoxes.png
[2.542s] -- Up-to-date symlink: /home/ssfa/ros2_ws/install/two_wheeled_robot/share/two_wheeled_robot/models/workcell/materials/textures/ControlPanel.png
[2.542s] -- Up-to-date symlink: /home/ssfa/ros2_ws/install/two_wheeled_robot/share/two_wheeled_robot/models/workcell/materials/textures/Conveyor.png
[2.542s] -- Up-to-date symlink: /home/ssfa/ros2_ws/install/two_wheeled_robot/share/two_wheeled_robot/models/workcell/materials/textures/Door_Window.png
[2.542s] -- Up-to-date symlink: /home/ssfa/ros2_ws/install/two_wheeled_robot/share/two_wheeled_robot/models/workcell/materials/textures/Floor.png
[2.542s] -- Up-to-date symlink: /home/ssfa/ros2_ws/install/two_wheeled_robot/share/two_wheeled_robot/models/workcell/materials/textures/Mesh.png
[2.542s] -- Up-to-date symlink: /home/ssfa/ros2_ws/install/two_wheeled_robot/share/two_wheeled_robot/models/workcell/materials/textures/Pallet.png
[2.542s] -- Up-to-date symlink: /home/ssfa/ros2_ws/install/two_wheeled_robot/share/two_wheeled_robot/models/workcell/materials/textures/PalletWrap.png
[2.542s] -- Up-to-date symlink: /home/ssfa/ros2_ws/install/two_wheeled_robot/share/two_wheeled_robot/models/workcell/materials/textures/Pillar.png
[2.542s] -- Up-to-date symlink: /home/ssfa/ros2_ws/install/two_wheeled_robot/share/two_wheeled_robot/models/workcell/materials/textures/Plywood.png
[2.542s] -- Up-to-date symlink: /home/ssfa/ros2_ws/install/two_wheeled_robot/share/two_wheeled_robot/models/workcell/materials/textures/RollupDoor.png
[2.542s] -- Up-to-date symlink: /home/ssfa/ros2_ws/install/two_wheeled_robot/share/two_wheeled_robot/models/workcell/materials/textures/RubberMat.png
[2.542s] -- Up-to-date symlink: /home/ssfa/ros2_ws/install/two_wheeled_robot/share/two_wheeled_robot/models/workcell/materials/textures/Shelves.png
[2.542s] -- Up-to-date symlink: /home/ssfa/ros2_ws/install/two_wheeled_robot/share/two_wheeled_robot/models/workcell/materials/textures/Stairs.png
[2.543s] -- Up-to-date symlink: /home/ssfa/ros2_ws/install/two_wheeled_robot/share/two_wheeled_robot/models/workcell/materials/textures/Wall_Concrete.png
[2.543s] -- Up-to-date symlink: /home/ssfa/ros2_ws/install/two_wheeled_robot/share/two_wheeled_robot/models/workcell/materials/textures/Wall_Corrugated.png
[2.543s] -- Up-to-date symlink: /home/ssfa/ros2_ws/install/two_wheeled_robot/share/two_wheeled_robot/models/workcell/materials/textures/WorkCell_Render.png
[2.543s] -- Up-to-date symlink: /home/ssfa/ros2_ws/install/two_wheeled_robot/share/two_wheeled_robot/models/workcell/materials/textures/Yellow.png
[2.543s] -- Up-to-date symlink: /home/ssfa/ros2_ws/install/two_wheeled_robot/share/two_wheeled_robot/models/workcell/meshes/mesh.dae
[2.543s] -- Up-to-date symlink: /home/ssfa/ros2_ws/install/two_wheeled_robot/share/two_wheeled_robot/models/workcell/meshes/mesh_backup.dae
[2.543s] -- Up-to-date symlink: /home/ssfa/ros2_ws/install/two_wheeled_robot/share/two_wheeled_robot/models/workcell/model.config
[2.543s] -- Up-to-date symlink: /home/ssfa/ros2_ws/install/two_wheeled_robot/share/two_wheeled_robot/models/workcell/model.sdf
[2.543s] -- Up-to-date symlink: /home/ssfa/ros2_ws/install/two_wheeled_robot/share/two_wheeled_robot/models/workcell_bin/materials/textures/bin.png
[2.543s] -- Up-to-date symlink: /home/ssfa/ros2_ws/install/two_wheeled_robot/share/two_wheeled_robot/models/workcell_bin/meshes/bin.dae
[2.543s] -- Up-to-date symlink: /home/ssfa/ros2_ws/install/two_wheeled_robot/share/two_wheeled_robot/models/workcell_bin/model.config
[2.543s] -- Up-to-date symlink: /home/ssfa/ros2_ws/install/two_wheeled_robot/share/two_wheeled_robot/models/workcell_bin/model.sdf
[2.543s] -- Up-to-date symlink: /home/ssfa/ros2_ws/install/two_wheeled_robot/share/two_wheeled_robot/models/yellow_target/meshes/yellow_target.dae
[2.543s] -- Up-to-date symlink: /home/ssfa/ros2_ws/install/two_wheeled_robot/share/two_wheeled_robot/models/yellow_target/model.config
[2.544s] -- Up-to-date symlink: /home/ssfa/ros2_ws/install/two_wheeled_robot/share/two_wheeled_robot/models/yellow_target/model.sdf
[2.544s] -- Up-to-date symlink: /home/ssfa/ros2_ws/install/two_wheeled_robot/share/two_wheeled_robot/models/yellow_tray/meshes/yellow_tray.dae
[2.544s] -- Up-to-date symlink: /home/ssfa/ros2_ws/install/two_wheeled_robot/share/two_wheeled_robot/models/yellow_tray/model.config
[2.544s] -- Up-to-date symlink: /home/ssfa/ros2_ws/install/two_wheeled_robot/share/two_wheeled_robot/models/yellow_tray/model.sdf
[2.544s] -- Up-to-date symlink: /home/ssfa/ros2_ws/install/two_wheeled_robot/share/two_wheeled_robot/params/cafe_world/nav2_params.yaml
[2.544s] -- Up-to-date symlink: /home/ssfa/ros2_ws/install/two_wheeled_robot/share/two_wheeled_robot/params/cafe_world/nav2_params_tb3_waffle.yaml
[2.544s] -- Up-to-date symlink: /home/ssfa/ros2_ws/install/two_wheeled_robot/share/two_wheeled_robot/params/car_world/nav2_params.yaml
[2.544s] -- Up-to-date symlink: /home/ssfa/ros2_ws/install/two_wheeled_robot/share/two_wheeled_robot/params/distribution_center_2_world/nav2_params.yaml
[2.544s] -- Up-to-date symlink: /home/ssfa/ros2_ws/install/two_wheeled_robot/share/two_wheeled_robot/params/distribution_center_3_world/nav2_params.yaml
[2.544s] -- Up-to-date symlink: /home/ssfa/ros2_ws/install/two_wheeled_robot/share/two_wheeled_robot/params/distribution_center_world/nav2_params.yaml
[2.544s] -- Up-to-date symlink: /home/ssfa/ros2_ws/install/two_wheeled_robot/share/two_wheeled_robot/params/factory_world/nav2_params.yaml
[2.544s] -- Up-to-date symlink: /home/ssfa/ros2_ws/install/two_wheeled_robot/share/two_wheeled_robot/params/farm_world/nav2_params.yaml
[2.544s] -- Up-to-date symlink: /home/ssfa/ros2_ws/install/two_wheeled_robot/share/two_wheeled_robot/params/farm_world/nav2_params_static_transform_pub.yaml
[2.545s] -- Up-to-date symlink: /home/ssfa/ros2_ws/install/two_wheeled_robot/share/two_wheeled_robot/params/hospital_world/connect_to_charging_dock_bt.xml
[2.545s] -- Up-to-date symlink: /home/ssfa/ros2_ws/install/two_wheeled_robot/share/two_wheeled_robot/params/hospital_world/follow_point_bt.xml
[2.545s] -- Up-to-date symlink: /home/ssfa/ros2_ws/install/two_wheeled_robot/share/two_wheeled_robot/params/hospital_world/nav2_connect_to_charging_dock_params.yaml
[2.545s] -- Up-to-date symlink: /home/ssfa/ros2_ws/install/two_wheeled_robot/share/two_wheeled_robot/params/hospital_world/nav2_object_following_params.yaml
[2.545s] -- Up-to-date symlink: /home/ssfa/ros2_ws/install/two_wheeled_robot/share/two_wheeled_robot/params/hospital_world/nav2_params.yaml
[2.545s] -- Up-to-date symlink: /home/ssfa/ros2_ws/install/two_wheeled_robot/share/two_wheeled_robot/params/hospital_world/nav2_params_regulated_pure_pursuit.yaml
[2.545s] -- Up-to-date symlink: /home/ssfa/ros2_ws/install/two_wheeled_robot/share/two_wheeled_robot/params/house_world/nav2_params.yaml
[2.545s] -- Up-to-date symlink: /home/ssfa/ros2_ws/install/two_wheeled_robot/share/two_wheeled_robot/params/inventory_world/nav2_params.yaml
[2.545s] -- Up-to-date symlink: /home/ssfa/ros2_ws/install/two_wheeled_robot/share/two_wheeled_robot/params/lawn_world/nav2_params.yaml
[2.545s] -- Up-to-date symlink: /home/ssfa/ros2_ws/install/two_wheeled_robot/share/two_wheeled_robot/params/lawn_world/nav2_params_straightline.yaml
[2.545s] -- Up-to-date symlink: /home/ssfa/ros2_ws/install/two_wheeled_robot/share/two_wheeled_robot/params/neighborhood_world/nav2_params.yaml
[2.545s] -- Up-to-date symlink: /home/ssfa/ros2_ws/install/two_wheeled_robot/share/two_wheeled_robot/params/neighborhood_world/nav2_params_urdf.yaml
[2.545s] -- Up-to-date symlink: /home/ssfa/ros2_ws/install/two_wheeled_robot/share/two_wheeled_robot/params/office_world/nav2_params.yaml
[2.546s] -- Up-to-date symlink: /home/ssfa/ros2_ws/install/two_wheeled_robot/share/two_wheeled_robot/params/warehouse_world/basic_params.yaml
[2.546s] -- Up-to-date symlink: /home/ssfa/ros2_ws/install/two_wheeled_robot/share/two_wheeled_robot/params/warehouse_world/keepout_zones_params.yaml
[2.546s] -- Up-to-date symlink: /home/ssfa/ros2_ws/install/two_wheeled_robot/share/two_wheeled_robot/params/warehouse_world/nav2_params.yaml
[2.546s] -- Up-to-date symlink: /home/ssfa/ros2_ws/install/two_wheeled_robot/share/two_wheeled_robot/params/warehouse_world/preferred_lanes_params.yaml
[2.546s] -- Up-to-date symlink: /home/ssfa/ros2_ws/install/two_wheeled_robot/share/two_wheeled_robot/params/warehouse_world/speed_limit_zones_params.yaml
[2.546s] -- Up-to-date symlink: /home/ssfa/ros2_ws/install/two_wheeled_robot/share/two_wheeled_robot/rviz/cafe_world/nav2_config.rviz
[2.546s] -- Up-to-date symlink: /home/ssfa/ros2_ws/install/two_wheeled_robot/share/two_wheeled_robot/rviz/cafe_world/nav2_default_view.rviz
[2.546s] -- Up-to-date symlink: /home/ssfa/ros2_ws/install/two_wheeled_robot/share/two_wheeled_robot/rviz/car_world/nav2_config.rviz
[2.546s] -- Up-to-date symlink: /home/ssfa/ros2_ws/install/two_wheeled_robot/share/two_wheeled_robot/rviz/distribution_center_2_world/nav2_config.rviz
[2.546s] -- Up-to-date symlink: /home/ssfa/ros2_ws/install/two_wheeled_robot/share/two_wheeled_robot/rviz/distribution_center_3_world/nav2_config.rviz
[2.546s] -- Up-to-date symlink: /home/ssfa/ros2_ws/install/two_wheeled_robot/share/two_wheeled_robot/rviz/distribution_center_world/nav2_config.rviz
[2.546s] -- Up-to-date symlink: /home/ssfa/ros2_ws/install/two_wheeled_robot/share/two_wheeled_robot/rviz/factory_world/nav2_config.rviz
[2.546s] -- Up-to-date symlink: /home/ssfa/ros2_ws/install/two_wheeled_robot/share/two_wheeled_robot/rviz/farm_world/nav2_config.rviz
[2.546s] -- Up-to-date symlink: /home/ssfa/ros2_ws/install/two_wheeled_robot/share/two_wheeled_robot/rviz/hospital_world/nav2_config.rviz
[2.547s] -- Up-to-date symlink: /home/ssfa/ros2_ws/install/two_wheeled_robot/share/two_wheeled_robot/rviz/hospital_world/nav2_config_object_following.rviz
[2.547s] -- Up-to-date symlink: /home/ssfa/ros2_ws/install/two_wheeled_robot/share/two_wheeled_robot/rviz/hospital_world/nav2_config_with_depth_camera.rviz
[2.547s] -- Up-to-date symlink: /home/ssfa/ros2_ws/install/two_wheeled_robot/share/two_wheeled_robot/rviz/house_world/nav2_config.rviz
[2.547s] -- Up-to-date symlink: /home/ssfa/ros2_ws/install/two_wheeled_robot/share/two_wheeled_robot/rviz/inventory_world/nav2_config.rviz
[2.547s] -- Up-to-date symlink: /home/ssfa/ros2_ws/install/two_wheeled_robot/share/two_wheeled_robot/rviz/lawn_world/nav2_config.rviz
[2.547s] -- Up-to-date symlink: /home/ssfa/ros2_ws/install/two_wheeled_robot/share/two_wheeled_robot/rviz/neighborhood_world/nav2_config.rviz
[2.547s] -- Up-to-date symlink: /home/ssfa/ros2_ws/install/two_wheeled_robot/share/two_wheeled_robot/rviz/neighborhood_world/nav2_config_urdf.rviz
[2.547s] -- Up-to-date symlink: /home/ssfa/ros2_ws/install/two_wheeled_robot/share/two_wheeled_robot/rviz/neighborhood_world/urdf_config.rviz
[2.547s] -- Up-to-date symlink: /home/ssfa/ros2_ws/install/two_wheeled_robot/share/two_wheeled_robot/rviz/office_world/nav2_config.rviz
[2.547s] -- Up-to-date symlink: /home/ssfa/ros2_ws/install/two_wheeled_robot/share/two_wheeled_robot/rviz/rviz_basic_settings.rviz
[2.547s] -- Up-to-date symlink: /home/ssfa/ros2_ws/install/two_wheeled_robot/share/two_wheeled_robot/rviz/urdf_gazebo_config.rviz
[2.547s] -- Up-to-date symlink: /home/ssfa/ros2_ws/install/two_wheeled_robot/share/two_wheeled_robot/rviz/warehouse_world/nav2_config.rviz
[2.547s] -- Up-to-date symlink: /home/ssfa/ros2_ws/install/two_wheeled_robot/share/two_wheeled_robot/rviz/warehouse_world/nav2_config_keepout_zones.rviz
[2.548s] -- Up-to-date symlink: /home/ssfa/ros2_ws/install/two_wheeled_robot/share/two_wheeled_robot/rviz/warehouse_world/nav2_config_preferred_lanes.rviz
[2.548s] -- Up-to-date symlink: /home/ssfa/ros2_ws/install/two_wheeled_robot/share/two_wheeled_robot/rviz/warehouse_world/nav2_config_speed_limit_zones.rviz
[2.548s] -- Up-to-date symlink: /home/ssfa/ros2_ws/install/two_wheeled_robot/share/two_wheeled_robot/scripts/__pycache__/robot_navigator.cpython-310.pyc
[2.548s] -- Up-to-date symlink: /home/ssfa/ros2_ws/install/two_wheeled_robot/share/two_wheeled_robot/scripts/aruco_marker_detector.py
[2.548s] -- Up-to-date symlink: /home/ssfa/ros2_ws/install/two_wheeled_robot/share/two_wheeled_robot/scripts/aruco_marker_pose_estimation_tf.py
[2.548s] -- Up-to-date symlink: /home/ssfa/ros2_ws/install/two_wheeled_robot/share/two_wheeled_robot/scripts/battery_state/battery_state_pub.py
[2.548s] -- Up-to-date symlink: /home/ssfa/ros2_ws/install/two_wheeled_robot/share/two_wheeled_robot/scripts/battery_state/charging_battery_pub.py
[2.548s] -- Up-to-date symlink: /home/ssfa/ros2_ws/install/two_wheeled_robot/share/two_wheeled_robot/scripts/battery_state/full_battery_pub.py
[2.548s] -- Up-to-date symlink: /home/ssfa/ros2_ws/install/two_wheeled_robot/share/two_wheeled_robot/scripts/battery_state/low_battery_pub.py
[2.548s] -- Up-to-date symlink: /home/ssfa/ros2_ws/install/two_wheeled_robot/share/two_wheeled_robot/scripts/calibration_chessboard.yaml
[2.548s] -- Up-to-date symlink: /home/ssfa/ros2_ws/install/two_wheeled_robot/share/two_wheeled_robot/scripts/lift_controller.py
[2.548s] -- Up-to-date symlink: /home/ssfa/ros2_ws/install/two_wheeled_robot/share/two_wheeled_robot/scripts/nav_through_poses.py
[2.548s] -- Up-to-date symlink: /home/ssfa/ros2_ws/install/two_wheeled_robot/share/two_wheeled_robot/scripts/nav_to_pose.py
[2.548s] -- Up-to-date symlink: /home/ssfa/ros2_ws/install/two_wheeled_robot/share/two_wheeled_robot/scripts/navigate_to_charging_dock.py
[2.549s] -- Up-to-date symlink: /home/ssfa/ros2_ws/install/two_wheeled_robot/share/two_wheeled_robot/scripts/navigate_to_charging_dock_v2.py
[2.549s] -- Up-to-date symlink: /home/ssfa/ros2_ws/install/two_wheeled_robot/share/two_wheeled_robot/scripts/navigate_to_charging_dock_v3.py
[2.549s] -- Up-to-date symlink: /home/ssfa/ros2_ws/install/two_wheeled_robot/share/two_wheeled_robot/scripts/navigate_to_charging_dock_v4.py
[2.549s] -- Up-to-date symlink: /home/ssfa/ros2_ws/install/two_wheeled_robot/share/two_wheeled_robot/scripts/pick_and_deliver.py
[2.549s] -- Up-to-date symlink: /home/ssfa/ros2_ws/install/two_wheeled_robot/share/two_wheeled_robot/scripts/robot_navigator.py
[2.549s] -- Up-to-date symlink: /home/ssfa/ros2_ws/install/two_wheeled_robot/share/two_wheeled_robot/scripts/run_inspection.py
[2.549s] -- Up-to-date symlink: /home/ssfa/ros2_ws/install/two_wheeled_robot/share/two_wheeled_robot/scripts/security_demo.py
[2.549s] -- Up-to-date symlink: /home/ssfa/ros2_ws/install/two_wheeled_robot/share/two_wheeled_robot/scripts/transforms/base_link_to_aruco_marker_transform.py
[2.549s] -- Up-to-date symlink: /home/ssfa/ros2_ws/install/two_wheeled_robot/share/two_wheeled_robot/scripts/transforms/map_to_base_link_transform.py
[2.549s] -- Up-to-date symlink: /home/ssfa/ros2_ws/install/two_wheeled_robot/share/two_wheeled_robot/scripts/waypoint_follower.py
[2.549s] -- Up-to-date symlink: /home/ssfa/ros2_ws/install/two_wheeled_robot/share/two_wheeled_robot/two_wheeled_robot/__init__.py
[2.549s] -- Up-to-date symlink: /home/ssfa/ros2_ws/install/two_wheeled_robot/share/two_wheeled_robot/two_wheeled_robot/euler_to_quaternion.py
[2.549s] -- Up-to-date symlink: /home/ssfa/ros2_ws/install/two_wheeled_robot/share/two_wheeled_robot/urdf/common_properties.urdf
[2.549s] -- Up-to-date symlink: /home/ssfa/ros2_ws/install/two_wheeled_robot/share/two_wheeled_robot/urdf/turtlebot3_waffle.urdf
[2.550s] -- Up-to-date symlink: /home/ssfa/ros2_ws/install/two_wheeled_robot/share/two_wheeled_robot/urdf/two_wheeled_robot.urdf
[2.550s] -- Up-to-date symlink: /home/ssfa/ros2_ws/install/two_wheeled_robot/share/two_wheeled_robot/urdf/two_wheeled_robot_nav2.urdf
[2.550s] -- Up-to-date symlink: /home/ssfa/ros2_ws/install/two_wheeled_robot/share/two_wheeled_robot/urdf/two_wheeled_robot_with_camera.urdf
[2.550s] -- Up-to-date symlink: /home/ssfa/ros2_ws/install/two_wheeled_robot/share/two_wheeled_robot/urdf/two_wheeled_robot_with_gazebo_plugins.urdf
[2.550s] -- Up-to-date symlink: /home/ssfa/ros2_ws/install/two_wheeled_robot/share/two_wheeled_robot/urdf/two_wheeled_robot_with_lift.urdf
[2.550s] -- Up-to-date symlink: /home/ssfa/ros2_ws/install/two_wheeled_robot/share/two_wheeled_robot/worlds/basic.world
[2.550s] -- Up-to-date symlink: /home/ssfa/ros2_ws/install/two_wheeled_robot/share/two_wheeled_robot/worlds/cafe.world
[2.550s] -- Up-to-date symlink: /home/ssfa/ros2_ws/install/two_wheeled_robot/share/two_wheeled_robot/worlds/car.world
[2.550s] -- Up-to-date symlink: /home/ssfa/ros2_ws/install/two_wheeled_robot/share/two_wheeled_robot/worlds/distribution_center.world
[2.550s] -- Up-to-date symlink: /home/ssfa/ros2_ws/install/two_wheeled_robot/share/two_wheeled_robot/worlds/distribution_center_2.world
[2.550s] -- Up-to-date symlink: /home/ssfa/ros2_ws/install/two_wheeled_robot/share/two_wheeled_robot/worlds/distribution_center_3.world
[2.550s] -- Up-to-date symlink: /home/ssfa/ros2_ws/install/two_wheeled_robot/share/two_wheeled_robot/worlds/factory.world
[2.550s] -- Up-to-date symlink: /home/ssfa/ros2_ws/install/two_wheeled_robot/share/two_wheeled_robot/worlds/farm.world
[2.551s] -- Up-to-date symlink: /home/ssfa/ros2_ws/install/two_wheeled_robot/share/two_wheeled_robot/worlds/hospital.world
[2.551s] -- Up-to-date symlink: /home/ssfa/ros2_ws/install/two_wheeled_robot/share/two_wheeled_robot/worlds/hospital_2_floors.world
[2.551s] -- Up-to-date symlink: /home/ssfa/ros2_ws/install/two_wheeled_robot/share/two_wheeled_robot/worlds/hospital_3_floors.world
[2.551s] -- Up-to-date symlink: /home/ssfa/ros2_ws/install/two_wheeled_robot/share/two_wheeled_robot/worlds/house.world
[2.551s] -- Up-to-date symlink: /home/ssfa/ros2_ws/install/two_wheeled_robot/share/two_wheeled_robot/worlds/inventory.world
[2.551s] -- Up-to-date symlink: /home/ssfa/ros2_ws/install/two_wheeled_robot/share/two_wheeled_robot/worlds/lawn.world
[2.551s] -- Up-to-date symlink: /home/ssfa/ros2_ws/install/two_wheeled_robot/share/two_wheeled_robot/worlds/neighborhood.world
[2.551s] -- Up-to-date symlink: /home/ssfa/ros2_ws/install/two_wheeled_robot/share/two_wheeled_robot/worlds/office.world
[2.551s] -- Up-to-date symlink: /home/ssfa/ros2_ws/install/two_wheeled_robot/share/two_wheeled_robot/worlds/warehouse.world
[2.551s] -- Up-to-date symlink: /home/ssfa/ros2_ws/install/two_wheeled_robot/share/two_wheeled_robot/worlds/warehouse_keepout_zones.world
[2.551s] -- Up-to-date symlink: /home/ssfa/ros2_ws/install/two_wheeled_robot/share/two_wheeled_robot/worlds/warehouse_preferred_lanes.world
[2.551s] -- Up-to-date symlink: /home/ssfa/ros2_ws/install/two_wheeled_robot/share/two_wheeled_robot/worlds/warehouse_speed_limit_zones.world
[2.551s] -- Up-to-date symlink: /home/ssfa/ros2_ws/install/two_wheeled_robot/share/two_wheeled_robot/environment/pythonpath.sh
[2.551s] -- Up-to-date symlink: /home/ssfa/ros2_ws/install/two_wheeled_robot/share/two_wheeled_robot/environment/pythonpath.dsv
[2.551s] -- Up-to-date symlink: /home/ssfa/ros2_ws/install/two_wheeled_robot/local/lib/python3.10/dist-packages/two_wheeled_robot-1.0.0-py3.10.egg-info/PKG-INFO
[2.552s] -- Up-to-date symlink: /home/ssfa/ros2_ws/install/two_wheeled_robot/local/lib/python3.10/dist-packages/two_wheeled_robot-1.0.0-py3.10.egg-info/SOURCES.txt
[2.552s] -- Up-to-date symlink: /home/ssfa/ros2_ws/install/two_wheeled_robot/local/lib/python3.10/dist-packages/two_wheeled_robot-1.0.0-py3.10.egg-info/dependency_links.txt
[2.552s] -- Up-to-date symlink: /home/ssfa/ros2_ws/install/two_wheeled_robot/local/lib/python3.10/dist-packages/two_wheeled_robot-1.0.0-py3.10.egg-info/top_level.txt
[2.552s] -- Up-to-date symlink: /home/ssfa/ros2_ws/install/two_wheeled_robot/local/lib/python3.10/dist-packages/two_wheeled_robot/__init__.py
[2.552s] -- Up-to-date symlink: /home/ssfa/ros2_ws/install/two_wheeled_robot/local/lib/python3.10/dist-packages/two_wheeled_robot/euler_to_quaternion.py
[2.552s] -- Up-to-date symlink: /home/ssfa/ros2_ws/install/two_wheeled_robot/lib/two_wheeled_robot/aruco_marker_detector.py
[2.552s] -- Up-to-date symlink: /home/ssfa/ros2_ws/install/two_wheeled_robot/lib/two_wheeled_robot/aruco_marker_pose_estimation_tf.py
[2.552s] -- Up-to-date symlink: /home/ssfa/ros2_ws/install/two_wheeled_robot/lib/two_wheeled_robot/run_inspection.py
[2.552s] -- Up-to-date symlink: /home/ssfa/ros2_ws/install/two_wheeled_robot/lib/two_wheeled_robot/lift_controller.py
[2.552s] -- Up-to-date symlink: /home/ssfa/ros2_ws/install/two_wheeled_robot/lib/two_wheeled_robot/nav_to_pose.py
[2.552s] -- Up-to-date symlink: /home/ssfa/ros2_ws/install/two_wheeled_robot/lib/two_wheeled_robot/nav_through_poses.py
[2.552s] -- Up-to-date symlink: /home/ssfa/ros2_ws/install/two_wheeled_robot/lib/two_wheeled_robot/pick_and_deliver.py
[2.552s] -- Up-to-date symlink: /home/ssfa/ros2_ws/install/two_wheeled_robot/lib/two_wheeled_robot/robot_navigator.py
[2.552s] -- Up-to-date symlink: /home/ssfa/ros2_ws/install/two_wheeled_robot/lib/two_wheeled_robot/security_demo.py
[2.552s] -- Up-to-date symlink: /home/ssfa/ros2_ws/install/two_wheeled_robot/lib/two_wheeled_robot/waypoint_follower.py
[2.552s] -- Up-to-date symlink: /home/ssfa/ros2_ws/install/two_wheeled_robot/lib/two_wheeled_robot/battery_state_pub.py
[2.553s] -- Up-to-date symlink: /home/ssfa/ros2_ws/install/two_wheeled_robot/lib/two_wheeled_robot/charging_battery_pub.py
[2.553s] -- Up-to-date symlink: /home/ssfa/ros2_ws/install/two_wheeled_robot/lib/two_wheeled_robot/full_battery_pub.py
[2.553s] -- Up-to-date symlink: /home/ssfa/ros2_ws/install/two_wheeled_robot/lib/two_wheeled_robot/low_battery_pub.py
[2.553s] -- Up-to-date symlink: /home/ssfa/ros2_ws/install/two_wheeled_robot/lib/two_wheeled_robot/navigate_to_charging_dock.py
[2.553s] -- Up-to-date symlink: /home/ssfa/ros2_ws/install/two_wheeled_robot/lib/two_wheeled_robot/navigate_to_charging_dock_v2.py
[2.553s] -- Up-to-date symlink: /home/ssfa/ros2_ws/install/two_wheeled_robot/lib/two_wheeled_robot/navigate_to_charging_dock_v3.py
[2.553s] -- Up-to-date symlink: /home/ssfa/ros2_ws/install/two_wheeled_robot/lib/two_wheeled_robot/navigate_to_charging_dock_v4.py
[2.553s] -- Up-to-date symlink: /home/ssfa/ros2_ws/install/two_wheeled_robot/lib/two_wheeled_robot/map_to_base_link_transform.py
[2.553s] -- Up-to-date symlink: /home/ssfa/ros2_ws/install/two_wheeled_robot/lib/two_wheeled_robot/base_link_to_aruco_marker_transform.py
[2.553s] -- Up-to-date symlink: /home/ssfa/ros2_ws/install/two_wheeled_robot/share/ament_index/resource_index/package_run_dependencies/two_wheeled_robot
[2.553s] -- Up-to-date symlink: /home/ssfa/ros2_ws/install/two_wheeled_robot/share/ament_index/resource_index/parent_prefix_path/two_wheeled_robot
[2.553s] -- Up-to-date symlink: /home/ssfa/ros2_ws/install/two_wheeled_robot/share/two_wheeled_robot/environment/ament_prefix_path.sh
[2.553s] -- Up-to-date symlink: /home/ssfa/ros2_ws/install/two_wheeled_robot/share/two_wheeled_robot/environment/ament_prefix_path.dsv
[2.553s] -- Up-to-date symlink: /home/ssfa/ros2_ws/install/two_wheeled_robot/share/two_wheeled_robot/environment/path.sh
[2.553s] -- Up-to-date symlink: /home/ssfa/ros2_ws/install/two_wheeled_robot/share/two_wheeled_robot/environment/path.dsv
[2.553s] -- Up-to-date symlink: /home/ssfa/ros2_ws/install/two_wheeled_robot/share/two_wheeled_robot/local_setup.bash
[2.553s] -- Up-to-date symlink: /home/ssfa/ros2_ws/install/two_wheeled_robot/share/two_wheeled_robot/local_setup.sh
[2.554s] -- Up-to-date symlink: /home/ssfa/ros2_ws/install/two_wheeled_robot/share/two_wheeled_robot/local_setup.zsh
[2.554s] -- Up-to-date symlink: /home/ssfa/ros2_ws/install/two_wheeled_robot/share/two_wheeled_robot/local_setup.dsv
[2.554s] -- Symlinking: /home/ssfa/ros2_ws/install/two_wheeled_robot/share/two_wheeled_robot/package.dsv
[2.556s] -- Up-to-date symlink: /home/ssfa/ros2_ws/install/two_wheeled_robot/share/ament_index/resource_index/packages/two_wheeled_robot
[2.557s] -- Up-to-date symlink: /home/ssfa/ros2_ws/install/two_wheeled_robot/share/two_wheeled_robot/cmake/two_wheeled_robotConfig.cmake
[2.557s] -- Up-to-date symlink: /home/ssfa/ros2_ws/install/two_wheeled_robot/share/two_wheeled_robot/cmake/two_wheeled_robotConfig-version.cmake
[2.557s] -- Up-to-date symlink: /home/ssfa/ros2_ws/install/two_wheeled_robot/share/two_wheeled_robot/package.xml
[2.589s] Listing '/home/ssfa/ros2_ws/install/two_wheeled_robot/local/lib/python3.10/dist-packages/two_wheeled_robot'...
[2.595s] Invoked command in '/home/ssfa/ros2_ws/build/two_wheeled_robot' returned '0': CMAKE_PREFIX_PATH=${CMAKE_PREFIX_PATH}:/home/ssfa/ros2_ws/install/yolov8_ros:/home/ssfa/ros2_ws/install/turtlebot3_teleop:/home/ssfa/ros2_ws/install/turtlebot3_example:/home/ssfa/ros2_ws/install/topic_exercise:/home/ssfa/ros2_ws/install/subscriber_pkg:/home/ssfa/ros2_ws/install/services_pkg:/home/ssfa/ros2_ws/install/publisher_pkg:/home/ssfa/ros2_ws/install/my_package:/home/ssfa/ros2_ws/install/movement_pkg:/home/ssfa/ros2_ws/install/exercise_pkg:/home/ssfa/ros2_ws/install/cv_basics:/home/ssfa/ros2_ws/install/custom_interface_example:/home/ssfa/ros2_ws/install/client_pkg:/opt/ros/humble /usr/bin/cmake --install /home/ssfa/ros2_ws/build/two_wheeled_robot
