[0.072s] DEBUG:colcon:Command line arguments: ['/usr/bin/colcon', 'build']
[0.072s] DEBUG:colcon:Parsed command line arguments: Namespace(log_base=None, log_level=None, verb_name='build', build_base='build', install_base='install', merge_install=False, symlink_install=False, test_result_base=None, continue_on_error=False, executor='parallel', parallel_workers=12, event_handlers=None, ignore_user_meta=False, metas=['./colcon.meta'], base_paths=['.'], packages_ignore=None, packages_ignore_regex=None, paths=None, packages_up_to=None, packages_up_to_regex=None, packages_above=None, packages_above_and_dependencies=None, packages_above_depth=None, packages_select_by_dep=None, packages_skip_by_dep=None, packages_skip_up_to=None, packages_select_build_failed=False, packages_skip_build_finished=False, packages_select_test_failures=False, packages_skip_test_passed=False, packages_select=None, packages_skip=None, packages_select_regex=None, packages_skip_regex=None, packages_start=None, packages_end=None, allow_overriding=[], cmake_args=None, cmake_target=None, cmake_target_skip_unavailable=False, cmake_clean_cache=False, cmake_clean_first=False, cmake_force_configure=False, ament_cmake_args=None, catkin_cmake_args=None, catkin_skip_building_tests=False, mixin_files=None, mixin=None, verb_parser=<colcon_mixin.mixin.mixin_argument.MixinArgumentDecorator object at 0x7d0704046b30>, verb_extension=<colcon_core.verb.build.BuildVerb object at 0x7d0704157190>, main=<bound method BuildVerb.main of <colcon_core.verb.build.BuildVerb object at 0x7d0704157190>>, mixin_verb=('build',))
[0.168s] Level 1:colcon.colcon_core.package_discovery:discover_packages(colcon_meta) check parameters
[0.168s] Level 1:colcon.colcon_core.package_discovery:discover_packages(recursive) check parameters
[0.168s] Level 1:colcon.colcon_core.package_discovery:discover_packages(ignore) check parameters
[0.168s] Level 1:colcon.colcon_core.package_discovery:discover_packages(path) check parameters
[0.168s] Level 1:colcon.colcon_core.package_discovery:discover_packages(colcon_meta) discover
[0.168s] Level 1:colcon.colcon_core.package_discovery:discover_packages(recursive) discover
[0.168s] INFO:colcon.colcon_core.package_discovery:Crawling recursively for packages in '/home/ssfa/ros2_ws'
[0.168s] Level 1:colcon.colcon_core.package_identification:_identify(.) by extensions ['ignore', 'ignore_ament_install']
[0.168s] Level 1:colcon.colcon_core.package_identification:_identify(.) by extension 'ignore'
[0.168s] Level 1:colcon.colcon_core.package_identification:_identify(.) by extension 'ignore_ament_install'
[0.168s] Level 1:colcon.colcon_core.package_identification:_identify(.) by extensions ['colcon_pkg']
[0.168s] Level 1:colcon.colcon_core.package_identification:_identify(.) by extension 'colcon_pkg'
[0.168s] Level 1:colcon.colcon_core.package_identification:_identify(.) by extensions ['colcon_meta']
[0.168s] Level 1:colcon.colcon_core.package_identification:_identify(.) by extension 'colcon_meta'
[0.168s] Level 1:colcon.colcon_core.package_identification:_identify(.) by extensions ['ros']
[0.168s] Level 1:colcon.colcon_core.package_identification:_identify(.) by extension 'ros'
[0.175s] Level 1:colcon.colcon_core.package_identification:_identify(.) by extensions ['cmake', 'python']
[0.175s] Level 1:colcon.colcon_core.package_identification:_identify(.) by extension 'cmake'
[0.175s] Level 1:colcon.colcon_core.package_identification:_identify(.) by extension 'python'
[0.175s] Level 1:colcon.colcon_core.package_identification:_identify(.) by extensions ['python_setup_py']
[0.175s] Level 1:colcon.colcon_core.package_identification:_identify(.) by extension 'python_setup_py'
[0.175s] Level 1:colcon.colcon_core.package_identification:_identify(build) by extensions ['ignore', 'ignore_ament_install']
[0.175s] Level 1:colcon.colcon_core.package_identification:_identify(build) by extension 'ignore'
[0.175s] Level 1:colcon.colcon_core.package_identification:_identify(build) ignored
[0.175s] Level 1:colcon.colcon_core.package_identification:_identify(install) by extensions ['ignore', 'ignore_ament_install']
[0.175s] Level 1:colcon.colcon_core.package_identification:_identify(install) by extension 'ignore'
[0.175s] Level 1:colcon.colcon_core.package_identification:_identify(install) ignored
[0.175s] Level 1:colcon.colcon_core.package_identification:_identify(log) by extensions ['ignore', 'ignore_ament_install']
[0.175s] Level 1:colcon.colcon_core.package_identification:_identify(log) by extension 'ignore'
[0.175s] Level 1:colcon.colcon_core.package_identification:_identify(log) ignored
[0.175s] Level 1:colcon.colcon_core.package_identification:_identify(src) by extensions ['ignore', 'ignore_ament_install']
[0.175s] Level 1:colcon.colcon_core.package_identification:_identify(src) by extension 'ignore'
[0.175s] Level 1:colcon.colcon_core.package_identification:_identify(src) by extension 'ignore_ament_install'
[0.175s] Level 1:colcon.colcon_core.package_identification:_identify(src) by extensions ['colcon_pkg']
[0.175s] Level 1:colcon.colcon_core.package_identification:_identify(src) by extension 'colcon_pkg'
[0.175s] Level 1:colcon.colcon_core.package_identification:_identify(src) by extensions ['colcon_meta']
[0.175s] Level 1:colcon.colcon_core.package_identification:_identify(src) by extension 'colcon_meta'
[0.176s] Level 1:colcon.colcon_core.package_identification:_identify(src) by extensions ['ros']
[0.176s] Level 1:colcon.colcon_core.package_identification:_identify(src) by extension 'ros'
[0.176s] Level 1:colcon.colcon_core.package_identification:_identify(src) by extensions ['cmake', 'python']
[0.176s] Level 1:colcon.colcon_core.package_identification:_identify(src) by extension 'cmake'
[0.176s] Level 1:colcon.colcon_core.package_identification:_identify(src) by extension 'python'
[0.176s] Level 1:colcon.colcon_core.package_identification:_identify(src) by extensions ['python_setup_py']
[0.176s] Level 1:colcon.colcon_core.package_identification:_identify(src) by extension 'python_setup_py'
[0.176s] Level 1:colcon.colcon_core.package_identification:_identify(src/build) by extensions ['ignore', 'ignore_ament_install']
[0.176s] Level 1:colcon.colcon_core.package_identification:_identify(src/build) by extension 'ignore'
[0.176s] Level 1:colcon.colcon_core.package_identification:_identify(src/build) ignored
[0.176s] Level 1:colcon.colcon_core.package_identification:_identify(src/client_pkg) by extensions ['ignore', 'ignore_ament_install']
[0.176s] Level 1:colcon.colcon_core.package_identification:_identify(src/client_pkg) by extension 'ignore'
[0.176s] Level 1:colcon.colcon_core.package_identification:_identify(src/client_pkg) by extension 'ignore_ament_install'
[0.176s] Level 1:colcon.colcon_core.package_identification:_identify(src/client_pkg) by extensions ['colcon_pkg']
[0.176s] Level 1:colcon.colcon_core.package_identification:_identify(src/client_pkg) by extension 'colcon_pkg'
[0.176s] Level 1:colcon.colcon_core.package_identification:_identify(src/client_pkg) by extensions ['colcon_meta']
[0.176s] Level 1:colcon.colcon_core.package_identification:_identify(src/client_pkg) by extension 'colcon_meta'
[0.176s] Level 1:colcon.colcon_core.package_identification:_identify(src/client_pkg) by extensions ['ros']
[0.176s] Level 1:colcon.colcon_core.package_identification:_identify(src/client_pkg) by extension 'ros'
[0.177s] DEBUG:colcon.colcon_core.package_identification:Package 'src/client_pkg' with type 'ros.ament_python' and name 'client_pkg'
[0.178s] Level 1:colcon.colcon_core.package_identification:_identify(src/custom_interface_example) by extensions ['ignore', 'ignore_ament_install']
[0.178s] Level 1:colcon.colcon_core.package_identification:_identify(src/custom_interface_example) by extension 'ignore'
[0.178s] Level 1:colcon.colcon_core.package_identification:_identify(src/custom_interface_example) by extension 'ignore_ament_install'
[0.178s] Level 1:colcon.colcon_core.package_identification:_identify(src/custom_interface_example) by extensions ['colcon_pkg']
[0.178s] Level 1:colcon.colcon_core.package_identification:_identify(src/custom_interface_example) by extension 'colcon_pkg'
[0.178s] Level 1:colcon.colcon_core.package_identification:_identify(src/custom_interface_example) by extensions ['colcon_meta']
[0.178s] Level 1:colcon.colcon_core.package_identification:_identify(src/custom_interface_example) by extension 'colcon_meta'
[0.178s] Level 1:colcon.colcon_core.package_identification:_identify(src/custom_interface_example) by extensions ['ros']
[0.178s] Level 1:colcon.colcon_core.package_identification:_identify(src/custom_interface_example) by extension 'ros'
[0.178s] DEBUG:colcon.colcon_core.package_identification:Package 'src/custom_interface_example' with type 'ros.ament_python' and name 'custom_interface_example'
[0.178s] Level 1:colcon.colcon_core.package_identification:_identify(src/custom_interfaces) by extensions ['ignore', 'ignore_ament_install']
[0.178s] Level 1:colcon.colcon_core.package_identification:_identify(src/custom_interfaces) by extension 'ignore'
[0.178s] Level 1:colcon.colcon_core.package_identification:_identify(src/custom_interfaces) by extension 'ignore_ament_install'
[0.178s] Level 1:colcon.colcon_core.package_identification:_identify(src/custom_interfaces) by extensions ['colcon_pkg']
[0.178s] Level 1:colcon.colcon_core.package_identification:_identify(src/custom_interfaces) by extension 'colcon_pkg'
[0.178s] Level 1:colcon.colcon_core.package_identification:_identify(src/custom_interfaces) by extensions ['colcon_meta']
[0.178s] Level 1:colcon.colcon_core.package_identification:_identify(src/custom_interfaces) by extension 'colcon_meta'
[0.178s] Level 1:colcon.colcon_core.package_identification:_identify(src/custom_interfaces) by extensions ['ros']
[0.179s] Level 1:colcon.colcon_core.package_identification:_identify(src/custom_interfaces) by extension 'ros'
[0.179s] DEBUG:colcon.colcon_core.package_identification:Package 'src/custom_interfaces' with type 'ros.ament_cmake' and name 'custom_interfaces'
[0.179s] Level 1:colcon.colcon_core.package_identification:_identify(src/cv_basics) by extensions ['ignore', 'ignore_ament_install']
[0.179s] Level 1:colcon.colcon_core.package_identification:_identify(src/cv_basics) by extension 'ignore'
[0.179s] Level 1:colcon.colcon_core.package_identification:_identify(src/cv_basics) by extension 'ignore_ament_install'
[0.179s] Level 1:colcon.colcon_core.package_identification:_identify(src/cv_basics) by extensions ['colcon_pkg']
[0.179s] Level 1:colcon.colcon_core.package_identification:_identify(src/cv_basics) by extension 'colcon_pkg'
[0.179s] Level 1:colcon.colcon_core.package_identification:_identify(src/cv_basics) by extensions ['colcon_meta']
[0.179s] Level 1:colcon.colcon_core.package_identification:_identify(src/cv_basics) by extension 'colcon_meta'
[0.179s] Level 1:colcon.colcon_core.package_identification:_identify(src/cv_basics) by extensions ['ros']
[0.179s] Level 1:colcon.colcon_core.package_identification:_identify(src/cv_basics) by extension 'ros'
[0.180s] DEBUG:colcon.colcon_core.package_identification:Package 'src/cv_basics' with type 'ros.ament_python' and name 'cv_basics'
[0.180s] Level 1:colcon.colcon_core.package_identification:_identify(src/exercise_pkg) by extensions ['ignore', 'ignore_ament_install']
[0.180s] Level 1:colcon.colcon_core.package_identification:_identify(src/exercise_pkg) by extension 'ignore'
[0.180s] Level 1:colcon.colcon_core.package_identification:_identify(src/exercise_pkg) by extension 'ignore_ament_install'
[0.180s] Level 1:colcon.colcon_core.package_identification:_identify(src/exercise_pkg) by extensions ['colcon_pkg']
[0.180s] Level 1:colcon.colcon_core.package_identification:_identify(src/exercise_pkg) by extension 'colcon_pkg'
[0.180s] Level 1:colcon.colcon_core.package_identification:_identify(src/exercise_pkg) by extensions ['colcon_meta']
[0.180s] Level 1:colcon.colcon_core.package_identification:_identify(src/exercise_pkg) by extension 'colcon_meta'
[0.180s] Level 1:colcon.colcon_core.package_identification:_identify(src/exercise_pkg) by extensions ['ros']
[0.180s] Level 1:colcon.colcon_core.package_identification:_identify(src/exercise_pkg) by extension 'ros'
[0.180s] DEBUG:colcon.colcon_core.package_identification:Package 'src/exercise_pkg' with type 'ros.ament_python' and name 'exercise_pkg'
[0.180s] Level 1:colcon.colcon_core.package_identification:_identify(src/install) by extensions ['ignore', 'ignore_ament_install']
[0.180s] Level 1:colcon.colcon_core.package_identification:_identify(src/install) by extension 'ignore'
[0.180s] Level 1:colcon.colcon_core.package_identification:_identify(src/install) ignored
[0.181s] Level 1:colcon.colcon_core.package_identification:_identify(src/log) by extensions ['ignore', 'ignore_ament_install']
[0.181s] Level 1:colcon.colcon_core.package_identification:_identify(src/log) by extension 'ignore'
[0.181s] Level 1:colcon.colcon_core.package_identification:_identify(src/log) ignored
[0.181s] Level 1:colcon.colcon_core.package_identification:_identify(src/movement_pkg) by extensions ['ignore', 'ignore_ament_install']
[0.181s] Level 1:colcon.colcon_core.package_identification:_identify(src/movement_pkg) by extension 'ignore'
[0.181s] Level 1:colcon.colcon_core.package_identification:_identify(src/movement_pkg) by extension 'ignore_ament_install'
[0.181s] Level 1:colcon.colcon_core.package_identification:_identify(src/movement_pkg) by extensions ['colcon_pkg']
[0.181s] Level 1:colcon.colcon_core.package_identification:_identify(src/movement_pkg) by extension 'colcon_pkg'
[0.181s] Level 1:colcon.colcon_core.package_identification:_identify(src/movement_pkg) by extensions ['colcon_meta']
[0.181s] Level 1:colcon.colcon_core.package_identification:_identify(src/movement_pkg) by extension 'colcon_meta'
[0.181s] Level 1:colcon.colcon_core.package_identification:_identify(src/movement_pkg) by extensions ['ros']
[0.181s] Level 1:colcon.colcon_core.package_identification:_identify(src/movement_pkg) by extension 'ros'
[0.181s] DEBUG:colcon.colcon_core.package_identification:Package 'src/movement_pkg' with type 'ros.ament_python' and name 'movement_pkg'
[0.181s] Level 1:colcon.colcon_core.package_identification:_identify(src/my_package) by extensions ['ignore', 'ignore_ament_install']
[0.181s] Level 1:colcon.colcon_core.package_identification:_identify(src/my_package) by extension 'ignore'
[0.181s] Level 1:colcon.colcon_core.package_identification:_identify(src/my_package) by extension 'ignore_ament_install'
[0.181s] Level 1:colcon.colcon_core.package_identification:_identify(src/my_package) by extensions ['colcon_pkg']
[0.181s] Level 1:colcon.colcon_core.package_identification:_identify(src/my_package) by extension 'colcon_pkg'
[0.181s] Level 1:colcon.colcon_core.package_identification:_identify(src/my_package) by extensions ['colcon_meta']
[0.181s] Level 1:colcon.colcon_core.package_identification:_identify(src/my_package) by extension 'colcon_meta'
[0.181s] Level 1:colcon.colcon_core.package_identification:_identify(src/my_package) by extensions ['ros']
[0.181s] Level 1:colcon.colcon_core.package_identification:_identify(src/my_package) by extension 'ros'
[0.182s] DEBUG:colcon.colcon_core.package_identification:Package 'src/my_package' with type 'ros.ament_python' and name 'my_package'
[0.182s] Level 1:colcon.colcon_core.package_identification:_identify(src/opencv_cam) by extensions ['ignore', 'ignore_ament_install']
[0.182s] Level 1:colcon.colcon_core.package_identification:_identify(src/opencv_cam) by extension 'ignore'
[0.182s] Level 1:colcon.colcon_core.package_identification:_identify(src/opencv_cam) by extension 'ignore_ament_install'
[0.182s] Level 1:colcon.colcon_core.package_identification:_identify(src/opencv_cam) by extensions ['colcon_pkg']
[0.182s] Level 1:colcon.colcon_core.package_identification:_identify(src/opencv_cam) by extension 'colcon_pkg'
[0.182s] Level 1:colcon.colcon_core.package_identification:_identify(src/opencv_cam) by extensions ['colcon_meta']
[0.182s] Level 1:colcon.colcon_core.package_identification:_identify(src/opencv_cam) by extension 'colcon_meta'
[0.182s] Level 1:colcon.colcon_core.package_identification:_identify(src/opencv_cam) by extensions ['ros']
[0.182s] Level 1:colcon.colcon_core.package_identification:_identify(src/opencv_cam) by extension 'ros'
[0.182s] Level 1:colcon.colcon_core.package_identification:_identify(src/opencv_cam) by extensions ['cmake', 'python']
[0.182s] Level 1:colcon.colcon_core.package_identification:_identify(src/opencv_cam) by extension 'cmake'
[0.182s] Level 1:colcon.colcon_core.package_identification:_identify(src/opencv_cam) by extension 'python'
[0.182s] Level 1:colcon.colcon_core.package_identification:_identify(src/opencv_cam) by extensions ['python_setup_py']
[0.182s] Level 1:colcon.colcon_core.package_identification:_identify(src/opencv_cam) by extension 'python_setup_py'
[0.182s] Level 1:colcon.colcon_core.package_identification:_identify(src/publisher_pkg) by extensions ['ignore', 'ignore_ament_install']
[0.182s] Level 1:colcon.colcon_core.package_identification:_identify(src/publisher_pkg) by extension 'ignore'
[0.182s] Level 1:colcon.colcon_core.package_identification:_identify(src/publisher_pkg) by extension 'ignore_ament_install'
[0.182s] Level 1:colcon.colcon_core.package_identification:_identify(src/publisher_pkg) by extensions ['colcon_pkg']
[0.182s] Level 1:colcon.colcon_core.package_identification:_identify(src/publisher_pkg) by extension 'colcon_pkg'
[0.182s] Level 1:colcon.colcon_core.package_identification:_identify(src/publisher_pkg) by extensions ['colcon_meta']
[0.182s] Level 1:colcon.colcon_core.package_identification:_identify(src/publisher_pkg) by extension 'colcon_meta'
[0.182s] Level 1:colcon.colcon_core.package_identification:_identify(src/publisher_pkg) by extensions ['ros']
[0.182s] Level 1:colcon.colcon_core.package_identification:_identify(src/publisher_pkg) by extension 'ros'
[0.183s] DEBUG:colcon.colcon_core.package_identification:Package 'src/publisher_pkg' with type 'ros.ament_python' and name 'publisher_pkg'
[0.183s] Level 1:colcon.colcon_core.package_identification:_identify(src/shape_detector) by extensions ['ignore', 'ignore_ament_install']
[0.183s] Level 1:colcon.colcon_core.package_identification:_identify(src/shape_detector) by extension 'ignore'
[0.183s] Level 1:colcon.colcon_core.package_identification:_identify(src/shape_detector) by extension 'ignore_ament_install'
[0.183s] Level 1:colcon.colcon_core.package_identification:_identify(src/shape_detector) by extensions ['colcon_pkg']
[0.183s] Level 1:colcon.colcon_core.package_identification:_identify(src/shape_detector) by extension 'colcon_pkg'
[0.183s] Level 1:colcon.colcon_core.package_identification:_identify(src/shape_detector) by extensions ['colcon_meta']
[0.183s] Level 1:colcon.colcon_core.package_identification:_identify(src/shape_detector) by extension 'colcon_meta'
[0.183s] Level 1:colcon.colcon_core.package_identification:_identify(src/shape_detector) by extensions ['ros']
[0.183s] Level 1:colcon.colcon_core.package_identification:_identify(src/shape_detector) by extension 'ros'
[0.183s] DEBUG:colcon.colcon_core.package_identification:Package 'src/shape_detector' with type 'ros.ament_python' and name 'shape_detector'
[0.183s] Level 1:colcon.colcon_core.package_identification:_identify(src/subscriber_pkg) by extensions ['ignore', 'ignore_ament_install']
[0.183s] Level 1:colcon.colcon_core.package_identification:_identify(src/subscriber_pkg) by extension 'ignore'
[0.183s] Level 1:colcon.colcon_core.package_identification:_identify(src/subscriber_pkg) by extension 'ignore_ament_install'
[0.183s] Level 1:colcon.colcon_core.package_identification:_identify(src/subscriber_pkg) by extensions ['colcon_pkg']
[0.184s] Level 1:colcon.colcon_core.package_identification:_identify(src/subscriber_pkg) by extension 'colcon_pkg'
[0.184s] Level 1:colcon.colcon_core.package_identification:_identify(src/subscriber_pkg) by extensions ['colcon_meta']
[0.184s] Level 1:colcon.colcon_core.package_identification:_identify(src/subscriber_pkg) by extension 'colcon_meta'
[0.184s] Level 1:colcon.colcon_core.package_identification:_identify(src/subscriber_pkg) by extensions ['ros']
[0.184s] Level 1:colcon.colcon_core.package_identification:_identify(src/subscriber_pkg) by extension 'ros'
[0.184s] DEBUG:colcon.colcon_core.package_identification:Package 'src/subscriber_pkg' with type 'ros.ament_python' and name 'subscriber_pkg'
[0.184s] Level 1:colcon.colcon_core.package_identification:_identify(src/t3) by extensions ['ignore', 'ignore_ament_install']
[0.184s] Level 1:colcon.colcon_core.package_identification:_identify(src/t3) by extension 'ignore'
[0.184s] Level 1:colcon.colcon_core.package_identification:_identify(src/t3) by extension 'ignore_ament_install'
[0.184s] Level 1:colcon.colcon_core.package_identification:_identify(src/t3) by extensions ['colcon_pkg']
[0.184s] Level 1:colcon.colcon_core.package_identification:_identify(src/t3) by extension 'colcon_pkg'
[0.184s] Level 1:colcon.colcon_core.package_identification:_identify(src/t3) by extensions ['colcon_meta']
[0.184s] Level 1:colcon.colcon_core.package_identification:_identify(src/t3) by extension 'colcon_meta'
[0.184s] Level 1:colcon.colcon_core.package_identification:_identify(src/t3) by extensions ['ros']
[0.184s] Level 1:colcon.colcon_core.package_identification:_identify(src/t3) by extension 'ros'
[0.184s] Level 1:colcon.colcon_core.package_identification:_identify(src/t3) by extensions ['cmake', 'python']
[0.184s] Level 1:colcon.colcon_core.package_identification:_identify(src/t3) by extension 'cmake'
[0.184s] Level 1:colcon.colcon_core.package_identification:_identify(src/t3) by extension 'python'
[0.184s] Level 1:colcon.colcon_core.package_identification:_identify(src/t3) by extensions ['python_setup_py']
[0.184s] Level 1:colcon.colcon_core.package_identification:_identify(src/t3) by extension 'python_setup_py'
[0.184s] Level 1:colcon.colcon_core.package_identification:_identify(src/t3/DynamixelSDK) by extensions ['ignore', 'ignore_ament_install']
[0.184s] Level 1:colcon.colcon_core.package_identification:_identify(src/t3/DynamixelSDK) by extension 'ignore'
[0.184s] Level 1:colcon.colcon_core.package_identification:_identify(src/t3/DynamixelSDK) by extension 'ignore_ament_install'
[0.184s] Level 1:colcon.colcon_core.package_identification:_identify(src/t3/DynamixelSDK) by extensions ['colcon_pkg']
[0.184s] Level 1:colcon.colcon_core.package_identification:_identify(src/t3/DynamixelSDK) by extension 'colcon_pkg'
[0.185s] Level 1:colcon.colcon_core.package_identification:_identify(src/t3/DynamixelSDK) by extensions ['colcon_meta']
[0.185s] Level 1:colcon.colcon_core.package_identification:_identify(src/t3/DynamixelSDK) by extension 'colcon_meta'
[0.185s] Level 1:colcon.colcon_core.package_identification:_identify(src/t3/DynamixelSDK) by extensions ['ros']
[0.185s] Level 1:colcon.colcon_core.package_identification:_identify(src/t3/DynamixelSDK) by extension 'ros'
[0.185s] Level 1:colcon.colcon_core.package_identification:_identify(src/t3/DynamixelSDK) by extensions ['cmake', 'python']
[0.185s] Level 1:colcon.colcon_core.package_identification:_identify(src/t3/DynamixelSDK) by extension 'cmake'
[0.185s] Level 1:colcon.colcon_core.package_identification:_identify(src/t3/DynamixelSDK) by extension 'python'
[0.185s] Level 1:colcon.colcon_core.package_identification:_identify(src/t3/DynamixelSDK) by extensions ['python_setup_py']
[0.185s] Level 1:colcon.colcon_core.package_identification:_identify(src/t3/DynamixelSDK) by extension 'python_setup_py'
[0.185s] Level 1:colcon.colcon_core.package_identification:_identify(src/t3/DynamixelSDK/dynamixel_sdk) by extensions ['ignore', 'ignore_ament_install']
[0.185s] Level 1:colcon.colcon_core.package_identification:_identify(src/t3/DynamixelSDK/dynamixel_sdk) by extension 'ignore'
[0.185s] Level 1:colcon.colcon_core.package_identification:_identify(src/t3/DynamixelSDK/dynamixel_sdk) by extension 'ignore_ament_install'
[0.185s] Level 1:colcon.colcon_core.package_identification:_identify(src/t3/DynamixelSDK/dynamixel_sdk) by extensions ['colcon_pkg']
[0.185s] Level 1:colcon.colcon_core.package_identification:_identify(src/t3/DynamixelSDK/dynamixel_sdk) by extension 'colcon_pkg'
[0.185s] Level 1:colcon.colcon_core.package_identification:_identify(src/t3/DynamixelSDK/dynamixel_sdk) by extensions ['colcon_meta']
[0.185s] Level 1:colcon.colcon_core.package_identification:_identify(src/t3/DynamixelSDK/dynamixel_sdk) by extension 'colcon_meta'
[0.185s] Level 1:colcon.colcon_core.package_identification:_identify(src/t3/DynamixelSDK/dynamixel_sdk) by extensions ['ros']
[0.185s] Level 1:colcon.colcon_core.package_identification:_identify(src/t3/DynamixelSDK/dynamixel_sdk) by extension 'ros'
[0.185s] DEBUG:colcon.colcon_core.package_identification:Package 'src/t3/DynamixelSDK/dynamixel_sdk' with type 'ros.ament_cmake' and name 'dynamixel_sdk'
[0.185s] Level 1:colcon.colcon_core.package_identification:_identify(src/t3/services_pkg) by extensions ['ignore', 'ignore_ament_install']
[0.185s] Level 1:colcon.colcon_core.package_identification:_identify(src/t3/services_pkg) by extension 'ignore'
[0.185s] Level 1:colcon.colcon_core.package_identification:_identify(src/t3/services_pkg) by extension 'ignore_ament_install'
[0.185s] Level 1:colcon.colcon_core.package_identification:_identify(src/t3/services_pkg) by extensions ['colcon_pkg']
[0.185s] Level 1:colcon.colcon_core.package_identification:_identify(src/t3/services_pkg) by extension 'colcon_pkg'
[0.185s] Level 1:colcon.colcon_core.package_identification:_identify(src/t3/services_pkg) by extensions ['colcon_meta']
[0.185s] Level 1:colcon.colcon_core.package_identification:_identify(src/t3/services_pkg) by extension 'colcon_meta'
[0.185s] Level 1:colcon.colcon_core.package_identification:_identify(src/t3/services_pkg) by extensions ['ros']
[0.185s] Level 1:colcon.colcon_core.package_identification:_identify(src/t3/services_pkg) by extension 'ros'
[0.186s] DEBUG:colcon.colcon_core.package_identification:Package 'src/t3/services_pkg' with type 'ros.ament_python' and name 'services_pkg'
[0.186s] Level 1:colcon.colcon_core.package_identification:_identify(src/t3/t3_action_msg) by extensions ['ignore', 'ignore_ament_install']
[0.186s] Level 1:colcon.colcon_core.package_identification:_identify(src/t3/t3_action_msg) by extension 'ignore'
[0.186s] Level 1:colcon.colcon_core.package_identification:_identify(src/t3/t3_action_msg) by extension 'ignore_ament_install'
[0.186s] Level 1:colcon.colcon_core.package_identification:_identify(src/t3/t3_action_msg) by extensions ['colcon_pkg']
[0.186s] Level 1:colcon.colcon_core.package_identification:_identify(src/t3/t3_action_msg) by extension 'colcon_pkg'
[0.186s] Level 1:colcon.colcon_core.package_identification:_identify(src/t3/t3_action_msg) by extensions ['colcon_meta']
[0.186s] Level 1:colcon.colcon_core.package_identification:_identify(src/t3/t3_action_msg) by extension 'colcon_meta'
[0.186s] Level 1:colcon.colcon_core.package_identification:_identify(src/t3/t3_action_msg) by extensions ['ros']
[0.186s] Level 1:colcon.colcon_core.package_identification:_identify(src/t3/t3_action_msg) by extension 'ros'
[0.186s] DEBUG:colcon.colcon_core.package_identification:Package 'src/t3/t3_action_msg' with type 'ros.ament_cmake' and name 't3_action_msg'
[0.187s] Level 1:colcon.colcon_core.package_identification:_identify(src/t3/turtlebot3) by extensions ['ignore', 'ignore_ament_install']
[0.187s] Level 1:colcon.colcon_core.package_identification:_identify(src/t3/turtlebot3) by extension 'ignore'
[0.187s] Level 1:colcon.colcon_core.package_identification:_identify(src/t3/turtlebot3) by extension 'ignore_ament_install'
[0.187s] Level 1:colcon.colcon_core.package_identification:_identify(src/t3/turtlebot3) by extensions ['colcon_pkg']
[0.187s] Level 1:colcon.colcon_core.package_identification:_identify(src/t3/turtlebot3) by extension 'colcon_pkg'
[0.187s] Level 1:colcon.colcon_core.package_identification:_identify(src/t3/turtlebot3) by extensions ['colcon_meta']
[0.187s] Level 1:colcon.colcon_core.package_identification:_identify(src/t3/turtlebot3) by extension 'colcon_meta'
[0.187s] Level 1:colcon.colcon_core.package_identification:_identify(src/t3/turtlebot3) by extensions ['ros']
[0.187s] Level 1:colcon.colcon_core.package_identification:_identify(src/t3/turtlebot3) by extension 'ros'
[0.187s] Level 1:colcon.colcon_core.package_identification:_identify(src/t3/turtlebot3) by extensions ['cmake', 'python']
[0.187s] Level 1:colcon.colcon_core.package_identification:_identify(src/t3/turtlebot3) by extension 'cmake'
[0.187s] Level 1:colcon.colcon_core.package_identification:_identify(src/t3/turtlebot3) by extension 'python'
[0.187s] Level 1:colcon.colcon_core.package_identification:_identify(src/t3/turtlebot3) by extensions ['python_setup_py']
[0.187s] Level 1:colcon.colcon_core.package_identification:_identify(src/t3/turtlebot3) by extension 'python_setup_py'
[0.187s] Level 1:colcon.colcon_core.package_identification:_identify(src/t3/turtlebot3/turtlebot3) by extensions ['ignore', 'ignore_ament_install']
[0.187s] Level 1:colcon.colcon_core.package_identification:_identify(src/t3/turtlebot3/turtlebot3) by extension 'ignore'
[0.187s] Level 1:colcon.colcon_core.package_identification:_identify(src/t3/turtlebot3/turtlebot3) by extension 'ignore_ament_install'
[0.187s] Level 1:colcon.colcon_core.package_identification:_identify(src/t3/turtlebot3/turtlebot3) by extensions ['colcon_pkg']
[0.187s] Level 1:colcon.colcon_core.package_identification:_identify(src/t3/turtlebot3/turtlebot3) by extension 'colcon_pkg'
[0.187s] Level 1:colcon.colcon_core.package_identification:_identify(src/t3/turtlebot3/turtlebot3) by extensions ['colcon_meta']
[0.187s] Level 1:colcon.colcon_core.package_identification:_identify(src/t3/turtlebot3/turtlebot3) by extension 'colcon_meta'
[0.187s] Level 1:colcon.colcon_core.package_identification:_identify(src/t3/turtlebot3/turtlebot3) by extensions ['ros']
[0.187s] Level 1:colcon.colcon_core.package_identification:_identify(src/t3/turtlebot3/turtlebot3) by extension 'ros'
[0.187s] Level 1:colcon.colcon_core.package_identification:_identify(src/t3/turtlebot3/turtlebot3) by extensions ['cmake', 'python']
[0.187s] Level 1:colcon.colcon_core.package_identification:_identify(src/t3/turtlebot3/turtlebot3) by extension 'cmake'
[0.187s] Level 1:colcon.colcon_core.package_identification:_identify(src/t3/turtlebot3/turtlebot3) by extension 'python'
[0.187s] Level 1:colcon.colcon_core.package_identification:_identify(src/t3/turtlebot3/turtlebot3) by extensions ['python_setup_py']
[0.187s] Level 1:colcon.colcon_core.package_identification:_identify(src/t3/turtlebot3/turtlebot3) by extension 'python_setup_py'
[0.187s] Level 1:colcon.colcon_core.package_identification:_identify(src/t3/turtlebot3/turtlebot3/turtlebot3) by extensions ['ignore', 'ignore_ament_install']
[0.187s] Level 1:colcon.colcon_core.package_identification:_identify(src/t3/turtlebot3/turtlebot3/turtlebot3) by extension 'ignore'
[0.187s] Level 1:colcon.colcon_core.package_identification:_identify(src/t3/turtlebot3/turtlebot3/turtlebot3) by extension 'ignore_ament_install'
[0.187s] Level 1:colcon.colcon_core.package_identification:_identify(src/t3/turtlebot3/turtlebot3/turtlebot3) by extensions ['colcon_pkg']
[0.187s] Level 1:colcon.colcon_core.package_identification:_identify(src/t3/turtlebot3/turtlebot3/turtlebot3) by extension 'colcon_pkg'
[0.187s] Level 1:colcon.colcon_core.package_identification:_identify(src/t3/turtlebot3/turtlebot3/turtlebot3) by extensions ['colcon_meta']
[0.187s] Level 1:colcon.colcon_core.package_identification:_identify(src/t3/turtlebot3/turtlebot3/turtlebot3) by extension 'colcon_meta'
[0.187s] Level 1:colcon.colcon_core.package_identification:_identify(src/t3/turtlebot3/turtlebot3/turtlebot3) by extensions ['ros']
[0.187s] Level 1:colcon.colcon_core.package_identification:_identify(src/t3/turtlebot3/turtlebot3/turtlebot3) by extension 'ros'
[0.188s] DEBUG:colcon.colcon_core.package_identification:Package 'src/t3/turtlebot3/turtlebot3/turtlebot3' with type 'ros.ament_cmake' and name 'turtlebot3'
[0.188s] Level 1:colcon.colcon_core.package_identification:_identify(src/t3/turtlebot3/turtlebot3/turtlebot3_bringup) by extensions ['ignore', 'ignore_ament_install']
[0.188s] Level 1:colcon.colcon_core.package_identification:_identify(src/t3/turtlebot3/turtlebot3/turtlebot3_bringup) by extension 'ignore'
[0.188s] Level 1:colcon.colcon_core.package_identification:_identify(src/t3/turtlebot3/turtlebot3/turtlebot3_bringup) by extension 'ignore_ament_install'
[0.188s] Level 1:colcon.colcon_core.package_identification:_identify(src/t3/turtlebot3/turtlebot3/turtlebot3_bringup) by extensions ['colcon_pkg']
[0.188s] Level 1:colcon.colcon_core.package_identification:_identify(src/t3/turtlebot3/turtlebot3/turtlebot3_bringup) by extension 'colcon_pkg'
[0.188s] Level 1:colcon.colcon_core.package_identification:_identify(src/t3/turtlebot3/turtlebot3/turtlebot3_bringup) by extensions ['colcon_meta']
[0.188s] Level 1:colcon.colcon_core.package_identification:_identify(src/t3/turtlebot3/turtlebot3/turtlebot3_bringup) by extension 'colcon_meta'
[0.188s] Level 1:colcon.colcon_core.package_identification:_identify(src/t3/turtlebot3/turtlebot3/turtlebot3_bringup) by extensions ['ros']
[0.188s] Level 1:colcon.colcon_core.package_identification:_identify(src/t3/turtlebot3/turtlebot3/turtlebot3_bringup) by extension 'ros'
[0.188s] DEBUG:colcon.colcon_core.package_identification:Package 'src/t3/turtlebot3/turtlebot3/turtlebot3_bringup' with type 'ros.ament_cmake' and name 'turtlebot3_bringup'
[0.188s] Level 1:colcon.colcon_core.package_identification:_identify(src/t3/turtlebot3/turtlebot3/turtlebot3_cartographer) by extensions ['ignore', 'ignore_ament_install']
[0.188s] Level 1:colcon.colcon_core.package_identification:_identify(src/t3/turtlebot3/turtlebot3/turtlebot3_cartographer) by extension 'ignore'
[0.189s] Level 1:colcon.colcon_core.package_identification:_identify(src/t3/turtlebot3/turtlebot3/turtlebot3_cartographer) by extension 'ignore_ament_install'
[0.189s] Level 1:colcon.colcon_core.package_identification:_identify(src/t3/turtlebot3/turtlebot3/turtlebot3_cartographer) by extensions ['colcon_pkg']
[0.189s] Level 1:colcon.colcon_core.package_identification:_identify(src/t3/turtlebot3/turtlebot3/turtlebot3_cartographer) by extension 'colcon_pkg'
[0.189s] Level 1:colcon.colcon_core.package_identification:_identify(src/t3/turtlebot3/turtlebot3/turtlebot3_cartographer) by extensions ['colcon_meta']
[0.189s] Level 1:colcon.colcon_core.package_identification:_identify(src/t3/turtlebot3/turtlebot3/turtlebot3_cartographer) by extension 'colcon_meta'
[0.189s] Level 1:colcon.colcon_core.package_identification:_identify(src/t3/turtlebot3/turtlebot3/turtlebot3_cartographer) by extensions ['ros']
[0.189s] Level 1:colcon.colcon_core.package_identification:_identify(src/t3/turtlebot3/turtlebot3/turtlebot3_cartographer) by extension 'ros'
[0.189s] DEBUG:colcon.colcon_core.package_identification:Package 'src/t3/turtlebot3/turtlebot3/turtlebot3_cartographer' with type 'ros.ament_cmake' and name 'turtlebot3_cartographer'
[0.189s] Level 1:colcon.colcon_core.package_identification:_identify(src/t3/turtlebot3/turtlebot3/turtlebot3_description) by extensions ['ignore', 'ignore_ament_install']
[0.189s] Level 1:colcon.colcon_core.package_identification:_identify(src/t3/turtlebot3/turtlebot3/turtlebot3_description) by extension 'ignore'
[0.189s] Level 1:colcon.colcon_core.package_identification:_identify(src/t3/turtlebot3/turtlebot3/turtlebot3_description) by extension 'ignore_ament_install'
[0.189s] Level 1:colcon.colcon_core.package_identification:_identify(src/t3/turtlebot3/turtlebot3/turtlebot3_description) by extensions ['colcon_pkg']
[0.189s] Level 1:colcon.colcon_core.package_identification:_identify(src/t3/turtlebot3/turtlebot3/turtlebot3_description) by extension 'colcon_pkg'
[0.189s] Level 1:colcon.colcon_core.package_identification:_identify(src/t3/turtlebot3/turtlebot3/turtlebot3_description) by extensions ['colcon_meta']
[0.189s] Level 1:colcon.colcon_core.package_identification:_identify(src/t3/turtlebot3/turtlebot3/turtlebot3_description) by extension 'colcon_meta'
[0.189s] Level 1:colcon.colcon_core.package_identification:_identify(src/t3/turtlebot3/turtlebot3/turtlebot3_description) by extensions ['ros']
[0.189s] Level 1:colcon.colcon_core.package_identification:_identify(src/t3/turtlebot3/turtlebot3/turtlebot3_description) by extension 'ros'
[0.189s] DEBUG:colcon.colcon_core.package_identification:Package 'src/t3/turtlebot3/turtlebot3/turtlebot3_description' with type 'ros.ament_cmake' and name 'turtlebot3_description'
[0.190s] Level 1:colcon.colcon_core.package_identification:_identify(src/t3/turtlebot3/turtlebot3/turtlebot3_example) by extensions ['ignore', 'ignore_ament_install']
[0.190s] Level 1:colcon.colcon_core.package_identification:_identify(src/t3/turtlebot3/turtlebot3/turtlebot3_example) by extension 'ignore'
[0.190s] Level 1:colcon.colcon_core.package_identification:_identify(src/t3/turtlebot3/turtlebot3/turtlebot3_example) by extension 'ignore_ament_install'
[0.190s] Level 1:colcon.colcon_core.package_identification:_identify(src/t3/turtlebot3/turtlebot3/turtlebot3_example) by extensions ['colcon_pkg']
[0.190s] Level 1:colcon.colcon_core.package_identification:_identify(src/t3/turtlebot3/turtlebot3/turtlebot3_example) by extension 'colcon_pkg'
[0.190s] Level 1:colcon.colcon_core.package_identification:_identify(src/t3/turtlebot3/turtlebot3/turtlebot3_example) by extensions ['colcon_meta']
[0.190s] Level 1:colcon.colcon_core.package_identification:_identify(src/t3/turtlebot3/turtlebot3/turtlebot3_example) by extension 'colcon_meta'
[0.190s] Level 1:colcon.colcon_core.package_identification:_identify(src/t3/turtlebot3/turtlebot3/turtlebot3_example) by extensions ['ros']
[0.190s] Level 1:colcon.colcon_core.package_identification:_identify(src/t3/turtlebot3/turtlebot3/turtlebot3_example) by extension 'ros'
[0.190s] DEBUG:colcon.colcon_core.package_identification:Package 'src/t3/turtlebot3/turtlebot3/turtlebot3_example' with type 'ros.ament_python' and name 'turtlebot3_example'
[0.190s] Level 1:colcon.colcon_core.package_identification:_identify(src/t3/turtlebot3/turtlebot3/turtlebot3_navigation2) by extensions ['ignore', 'ignore_ament_install']
[0.190s] Level 1:colcon.colcon_core.package_identification:_identify(src/t3/turtlebot3/turtlebot3/turtlebot3_navigation2) by extension 'ignore'
[0.190s] Level 1:colcon.colcon_core.package_identification:_identify(src/t3/turtlebot3/turtlebot3/turtlebot3_navigation2) by extension 'ignore_ament_install'
[0.190s] Level 1:colcon.colcon_core.package_identification:_identify(src/t3/turtlebot3/turtlebot3/turtlebot3_navigation2) by extensions ['colcon_pkg']
[0.190s] Level 1:colcon.colcon_core.package_identification:_identify(src/t3/turtlebot3/turtlebot3/turtlebot3_navigation2) by extension 'colcon_pkg'
[0.190s] Level 1:colcon.colcon_core.package_identification:_identify(src/t3/turtlebot3/turtlebot3/turtlebot3_navigation2) by extensions ['colcon_meta']
[0.190s] Level 1:colcon.colcon_core.package_identification:_identify(src/t3/turtlebot3/turtlebot3/turtlebot3_navigation2) by extension 'colcon_meta'
[0.190s] Level 1:colcon.colcon_core.package_identification:_identify(src/t3/turtlebot3/turtlebot3/turtlebot3_navigation2) by extensions ['ros']
[0.190s] Level 1:colcon.colcon_core.package_identification:_identify(src/t3/turtlebot3/turtlebot3/turtlebot3_navigation2) by extension 'ros'
[0.191s] DEBUG:colcon.colcon_core.package_identification:Package 'src/t3/turtlebot3/turtlebot3/turtlebot3_navigation2' with type 'ros.ament_cmake' and name 'turtlebot3_navigation2'
[0.191s] Level 1:colcon.colcon_core.package_identification:_identify(src/t3/turtlebot3/turtlebot3/turtlebot3_node) by extensions ['ignore', 'ignore_ament_install']
[0.191s] Level 1:colcon.colcon_core.package_identification:_identify(src/t3/turtlebot3/turtlebot3/turtlebot3_node) by extension 'ignore'
[0.192s] Level 1:colcon.colcon_core.package_identification:_identify(src/t3/turtlebot3/turtlebot3/turtlebot3_node) ignored
[0.192s] Level 1:colcon.colcon_core.package_identification:_identify(src/t3/turtlebot3/turtlebot3/turtlebot3_teleop) by extensions ['ignore', 'ignore_ament_install']
[0.192s] Level 1:colcon.colcon_core.package_identification:_identify(src/t3/turtlebot3/turtlebot3/turtlebot3_teleop) by extension 'ignore'
[0.192s] Level 1:colcon.colcon_core.package_identification:_identify(src/t3/turtlebot3/turtlebot3/turtlebot3_teleop) by extension 'ignore_ament_install'
[0.192s] Level 1:colcon.colcon_core.package_identification:_identify(src/t3/turtlebot3/turtlebot3/turtlebot3_teleop) by extensions ['colcon_pkg']
[0.192s] Level 1:colcon.colcon_core.package_identification:_identify(src/t3/turtlebot3/turtlebot3/turtlebot3_teleop) by extension 'colcon_pkg'
[0.192s] Level 1:colcon.colcon_core.package_identification:_identify(src/t3/turtlebot3/turtlebot3/turtlebot3_teleop) by extensions ['colcon_meta']
[0.192s] Level 1:colcon.colcon_core.package_identification:_identify(src/t3/turtlebot3/turtlebot3/turtlebot3_teleop) by extension 'colcon_meta'
[0.192s] Level 1:colcon.colcon_core.package_identification:_identify(src/t3/turtlebot3/turtlebot3/turtlebot3_teleop) by extensions ['ros']
[0.192s] Level 1:colcon.colcon_core.package_identification:_identify(src/t3/turtlebot3/turtlebot3/turtlebot3_teleop) by extension 'ros'
[0.192s] DEBUG:colcon.colcon_core.package_identification:Package 'src/t3/turtlebot3/turtlebot3/turtlebot3_teleop' with type 'ros.ament_python' and name 'turtlebot3_teleop'
[0.192s] Level 1:colcon.colcon_core.package_identification:_identify(src/t3/turtlebot3_as) by extensions ['ignore', 'ignore_ament_install']
[0.192s] Level 1:colcon.colcon_core.package_identification:_identify(src/t3/turtlebot3_as) by extension 'ignore'
[0.192s] Level 1:colcon.colcon_core.package_identification:_identify(src/t3/turtlebot3_as) by extension 'ignore_ament_install'
[0.192s] Level 1:colcon.colcon_core.package_identification:_identify(src/t3/turtlebot3_as) by extensions ['colcon_pkg']
[0.192s] Level 1:colcon.colcon_core.package_identification:_identify(src/t3/turtlebot3_as) by extension 'colcon_pkg'
[0.192s] Level 1:colcon.colcon_core.package_identification:_identify(src/t3/turtlebot3_as) by extensions ['colcon_meta']
[0.192s] Level 1:colcon.colcon_core.package_identification:_identify(src/t3/turtlebot3_as) by extension 'colcon_meta'
[0.192s] Level 1:colcon.colcon_core.package_identification:_identify(src/t3/turtlebot3_as) by extensions ['ros']
[0.192s] Level 1:colcon.colcon_core.package_identification:_identify(src/t3/turtlebot3_as) by extension 'ros'
[0.193s] DEBUG:colcon.colcon_core.package_identification:Package 'src/t3/turtlebot3_as' with type 'ros.ament_cmake' and name 'turtlebot3_as'
[0.193s] Level 1:colcon.colcon_core.package_identification:_identify(src/t3/turtlebot3_msgs) by extensions ['ignore', 'ignore_ament_install']
[0.193s] Level 1:colcon.colcon_core.package_identification:_identify(src/t3/turtlebot3_msgs) by extension 'ignore'
[0.193s] Level 1:colcon.colcon_core.package_identification:_identify(src/t3/turtlebot3_msgs) by extension 'ignore_ament_install'
[0.193s] Level 1:colcon.colcon_core.package_identification:_identify(src/t3/turtlebot3_msgs) by extensions ['colcon_pkg']
[0.193s] Level 1:colcon.colcon_core.package_identification:_identify(src/t3/turtlebot3_msgs) by extension 'colcon_pkg'
[0.193s] Level 1:colcon.colcon_core.package_identification:_identify(src/t3/turtlebot3_msgs) by extensions ['colcon_meta']
[0.193s] Level 1:colcon.colcon_core.package_identification:_identify(src/t3/turtlebot3_msgs) by extension 'colcon_meta'
[0.193s] Level 1:colcon.colcon_core.package_identification:_identify(src/t3/turtlebot3_msgs) by extensions ['ros']
[0.193s] Level 1:colcon.colcon_core.package_identification:_identify(src/t3/turtlebot3_msgs) by extension 'ros'
[0.193s] DEBUG:colcon.colcon_core.package_identification:Package 'src/t3/turtlebot3_msgs' with type 'ros.ament_cmake' and name 'turtlebot3_msgs'
[0.193s] Level 1:colcon.colcon_core.package_identification:_identify(src/t3/turtlebot3_simulations) by extensions ['ignore', 'ignore_ament_install']
[0.193s] Level 1:colcon.colcon_core.package_identification:_identify(src/t3/turtlebot3_simulations) by extension 'ignore'
[0.193s] Level 1:colcon.colcon_core.package_identification:_identify(src/t3/turtlebot3_simulations) by extension 'ignore_ament_install'
[0.194s] Level 1:colcon.colcon_core.package_identification:_identify(src/t3/turtlebot3_simulations) by extensions ['colcon_pkg']
[0.194s] Level 1:colcon.colcon_core.package_identification:_identify(src/t3/turtlebot3_simulations) by extension 'colcon_pkg'
[0.194s] Level 1:colcon.colcon_core.package_identification:_identify(src/t3/turtlebot3_simulations) by extensions ['colcon_meta']
[0.194s] Level 1:colcon.colcon_core.package_identification:_identify(src/t3/turtlebot3_simulations) by extension 'colcon_meta'
[0.194s] Level 1:colcon.colcon_core.package_identification:_identify(src/t3/turtlebot3_simulations) by extensions ['ros']
[0.194s] Level 1:colcon.colcon_core.package_identification:_identify(src/t3/turtlebot3_simulations) by extension 'ros'
[0.194s] Level 1:colcon.colcon_core.package_identification:_identify(src/t3/turtlebot3_simulations) by extensions ['cmake', 'python']
[0.194s] Level 1:colcon.colcon_core.package_identification:_identify(src/t3/turtlebot3_simulations) by extension 'cmake'
[0.194s] Level 1:colcon.colcon_core.package_identification:_identify(src/t3/turtlebot3_simulations) by extension 'python'
[0.194s] Level 1:colcon.colcon_core.package_identification:_identify(src/t3/turtlebot3_simulations) by extensions ['python_setup_py']
[0.194s] Level 1:colcon.colcon_core.package_identification:_identify(src/t3/turtlebot3_simulations) by extension 'python_setup_py'
[0.194s] Level 1:colcon.colcon_core.package_identification:_identify(src/t3/turtlebot3_simulations/turtlebot3_gazebo) by extensions ['ignore', 'ignore_ament_install']
[0.194s] Level 1:colcon.colcon_core.package_identification:_identify(src/t3/turtlebot3_simulations/turtlebot3_gazebo) by extension 'ignore'
[0.194s] Level 1:colcon.colcon_core.package_identification:_identify(src/t3/turtlebot3_simulations/turtlebot3_gazebo) by extension 'ignore_ament_install'
[0.194s] Level 1:colcon.colcon_core.package_identification:_identify(src/t3/turtlebot3_simulations/turtlebot3_gazebo) by extensions ['colcon_pkg']
[0.194s] Level 1:colcon.colcon_core.package_identification:_identify(src/t3/turtlebot3_simulations/turtlebot3_gazebo) by extension 'colcon_pkg'
[0.194s] Level 1:colcon.colcon_core.package_identification:_identify(src/t3/turtlebot3_simulations/turtlebot3_gazebo) by extensions ['colcon_meta']
[0.194s] Level 1:colcon.colcon_core.package_identification:_identify(src/t3/turtlebot3_simulations/turtlebot3_gazebo) by extension 'colcon_meta'
[0.194s] Level 1:colcon.colcon_core.package_identification:_identify(src/t3/turtlebot3_simulations/turtlebot3_gazebo) by extensions ['ros']
[0.194s] Level 1:colcon.colcon_core.package_identification:_identify(src/t3/turtlebot3_simulations/turtlebot3_gazebo) by extension 'ros'
[0.194s] DEBUG:colcon.colcon_core.package_identification:Package 'src/t3/turtlebot3_simulations/turtlebot3_gazebo' with type 'ros.ament_cmake' and name 'turtlebot3_gazebo'
[0.194s] Level 1:colcon.colcon_core.package_identification:_identify(src/t3/turtlebot3_simulations/turtlebot3_simulations) by extensions ['ignore', 'ignore_ament_install']
[0.194s] Level 1:colcon.colcon_core.package_identification:_identify(src/t3/turtlebot3_simulations/turtlebot3_simulations) by extension 'ignore'
[0.194s] Level 1:colcon.colcon_core.package_identification:_identify(src/t3/turtlebot3_simulations/turtlebot3_simulations) by extension 'ignore_ament_install'
[0.194s] Level 1:colcon.colcon_core.package_identification:_identify(src/t3/turtlebot3_simulations/turtlebot3_simulations) by extensions ['colcon_pkg']
[0.194s] Level 1:colcon.colcon_core.package_identification:_identify(src/t3/turtlebot3_simulations/turtlebot3_simulations) by extension 'colcon_pkg'
[0.194s] Level 1:colcon.colcon_core.package_identification:_identify(src/t3/turtlebot3_simulations/turtlebot3_simulations) by extensions ['colcon_meta']
[0.194s] Level 1:colcon.colcon_core.package_identification:_identify(src/t3/turtlebot3_simulations/turtlebot3_simulations) by extension 'colcon_meta'
[0.194s] Level 1:colcon.colcon_core.package_identification:_identify(src/t3/turtlebot3_simulations/turtlebot3_simulations) by extensions ['ros']
[0.195s] Level 1:colcon.colcon_core.package_identification:_identify(src/t3/turtlebot3_simulations/turtlebot3_simulations) by extension 'ros'
[0.201s] DEBUG:colcon.colcon_core.package_identification:Package 'src/t3/turtlebot3_simulations/turtlebot3_simulations' with type 'ros.ament_cmake' and name 'turtlebot3_simulations'
[0.201s] Level 1:colcon.colcon_core.package_identification:_identify(src/tiago_demo) by extensions ['ignore', 'ignore_ament_install']
[0.201s] Level 1:colcon.colcon_core.package_identification:_identify(src/tiago_demo) by extension 'ignore'
[0.201s] Level 1:colcon.colcon_core.package_identification:_identify(src/tiago_demo) by extension 'ignore_ament_install'
[0.201s] Level 1:colcon.colcon_core.package_identification:_identify(src/tiago_demo) by extensions ['colcon_pkg']
[0.201s] Level 1:colcon.colcon_core.package_identification:_identify(src/tiago_demo) by extension 'colcon_pkg'
[0.201s] Level 1:colcon.colcon_core.package_identification:_identify(src/tiago_demo) by extensions ['colcon_meta']
[0.201s] Level 1:colcon.colcon_core.package_identification:_identify(src/tiago_demo) by extension 'colcon_meta'
[0.201s] Level 1:colcon.colcon_core.package_identification:_identify(src/tiago_demo) by extensions ['ros']
[0.201s] Level 1:colcon.colcon_core.package_identification:_identify(src/tiago_demo) by extension 'ros'
[0.202s] DEBUG:colcon.colcon_core.package_identification:Package 'src/tiago_demo' with type 'ros.ament_cmake' and name 'tiago_demo'
[0.202s] Level 1:colcon.colcon_core.package_identification:_identify(src/topic_exercise) by extensions ['ignore', 'ignore_ament_install']
[0.202s] Level 1:colcon.colcon_core.package_identification:_identify(src/topic_exercise) by extension 'ignore'
[0.202s] Level 1:colcon.colcon_core.package_identification:_identify(src/topic_exercise) by extension 'ignore_ament_install'
[0.202s] Level 1:colcon.colcon_core.package_identification:_identify(src/topic_exercise) by extensions ['colcon_pkg']
[0.202s] Level 1:colcon.colcon_core.package_identification:_identify(src/topic_exercise) by extension 'colcon_pkg'
[0.202s] Level 1:colcon.colcon_core.package_identification:_identify(src/topic_exercise) by extensions ['colcon_meta']
[0.202s] Level 1:colcon.colcon_core.package_identification:_identify(src/topic_exercise) by extension 'colcon_meta'
[0.202s] Level 1:colcon.colcon_core.package_identification:_identify(src/topic_exercise) by extensions ['ros']
[0.202s] Level 1:colcon.colcon_core.package_identification:_identify(src/topic_exercise) by extension 'ros'
[0.202s] DEBUG:colcon.colcon_core.package_identification:Package 'src/topic_exercise' with type 'ros.ament_python' and name 'topic_exercise'
[0.202s] Level 1:colcon.colcon_core.package_identification:_identify(src/two_wheeled_robot) by extensions ['ignore', 'ignore_ament_install']
[0.202s] Level 1:colcon.colcon_core.package_identification:_identify(src/two_wheeled_robot) by extension 'ignore'
[0.202s] Level 1:colcon.colcon_core.package_identification:_identify(src/two_wheeled_robot) by extension 'ignore_ament_install'
[0.202s] Level 1:colcon.colcon_core.package_identification:_identify(src/two_wheeled_robot) by extensions ['colcon_pkg']
[0.202s] Level 1:colcon.colcon_core.package_identification:_identify(src/two_wheeled_robot) by extension 'colcon_pkg'
[0.202s] Level 1:colcon.colcon_core.package_identification:_identify(src/two_wheeled_robot) by extensions ['colcon_meta']
[0.202s] Level 1:colcon.colcon_core.package_identification:_identify(src/two_wheeled_robot) by extension 'colcon_meta'
[0.202s] Level 1:colcon.colcon_core.package_identification:_identify(src/two_wheeled_robot) by extensions ['ros']
[0.202s] Level 1:colcon.colcon_core.package_identification:_identify(src/two_wheeled_robot) by extension 'ros'
[0.203s] DEBUG:colcon.colcon_core.package_identification:Package 'src/two_wheeled_robot' with type 'ros.ament_cmake' and name 'two_wheeled_robot'
[0.203s] Level 1:colcon.colcon_core.package_identification:_identify(src/usb_cam) by extensions ['ignore', 'ignore_ament_install']
[0.203s] Level 1:colcon.colcon_core.package_identification:_identify(src/usb_cam) by extension 'ignore'
[0.203s] Level 1:colcon.colcon_core.package_identification:_identify(src/usb_cam) by extension 'ignore_ament_install'
[0.203s] Level 1:colcon.colcon_core.package_identification:_identify(src/usb_cam) by extensions ['colcon_pkg']
[0.203s] Level 1:colcon.colcon_core.package_identification:_identify(src/usb_cam) by extension 'colcon_pkg'
[0.203s] Level 1:colcon.colcon_core.package_identification:_identify(src/usb_cam) by extensions ['colcon_meta']
[0.203s] Level 1:colcon.colcon_core.package_identification:_identify(src/usb_cam) by extension 'colcon_meta'
[0.204s] Level 1:colcon.colcon_core.package_identification:_identify(src/usb_cam) by extensions ['ros']
[0.204s] Level 1:colcon.colcon_core.package_identification:_identify(src/usb_cam) by extension 'ros'
[0.207s] DEBUG:colcon.colcon_core.package_identification:Package 'src/usb_cam' with type 'ros.ament_cmake' and name 'usb_cam'
[0.207s] Level 1:colcon.colcon_core.package_identification:_identify(src/yolov8_ros) by extensions ['ignore', 'ignore_ament_install']
[0.207s] Level 1:colcon.colcon_core.package_identification:_identify(src/yolov8_ros) by extension 'ignore'
[0.207s] Level 1:colcon.colcon_core.package_identification:_identify(src/yolov8_ros) by extension 'ignore_ament_install'
[0.207s] Level 1:colcon.colcon_core.package_identification:_identify(src/yolov8_ros) by extensions ['colcon_pkg']
[0.207s] Level 1:colcon.colcon_core.package_identification:_identify(src/yolov8_ros) by extension 'colcon_pkg'
[0.207s] Level 1:colcon.colcon_core.package_identification:_identify(src/yolov8_ros) by extensions ['colcon_meta']
[0.207s] Level 1:colcon.colcon_core.package_identification:_identify(src/yolov8_ros) by extension 'colcon_meta'
[0.207s] Level 1:colcon.colcon_core.package_identification:_identify(src/yolov8_ros) by extensions ['ros']
[0.207s] Level 1:colcon.colcon_core.package_identification:_identify(src/yolov8_ros) by extension 'ros'
[0.207s] Level 1:colcon.colcon_core.package_identification:_identify(src/yolov8_ros) by extensions ['cmake', 'python']
[0.207s] Level 1:colcon.colcon_core.package_identification:_identify(src/yolov8_ros) by extension 'cmake'
[0.207s] Level 1:colcon.colcon_core.package_identification:_identify(src/yolov8_ros) by extension 'python'
[0.207s] Level 1:colcon.colcon_core.package_identification:_identify(src/yolov8_ros) by extensions ['python_setup_py']
[0.208s] Level 1:colcon.colcon_core.package_identification:_identify(src/yolov8_ros) by extension 'python_setup_py'
[0.208s] Level 1:colcon.colcon_core.package_identification:_identify(src/yolov8_ros/docs) by extensions ['ignore', 'ignore_ament_install']
[0.208s] Level 1:colcon.colcon_core.package_identification:_identify(src/yolov8_ros/docs) by extension 'ignore'
[0.208s] Level 1:colcon.colcon_core.package_identification:_identify(src/yolov8_ros/docs) by extension 'ignore_ament_install'
[0.208s] Level 1:colcon.colcon_core.package_identification:_identify(src/yolov8_ros/docs) by extensions ['colcon_pkg']
[0.208s] Level 1:colcon.colcon_core.package_identification:_identify(src/yolov8_ros/docs) by extension 'colcon_pkg'
[0.208s] Level 1:colcon.colcon_core.package_identification:_identify(src/yolov8_ros/docs) by extensions ['colcon_meta']
[0.208s] Level 1:colcon.colcon_core.package_identification:_identify(src/yolov8_ros/docs) by extension 'colcon_meta'
[0.208s] Level 1:colcon.colcon_core.package_identification:_identify(src/yolov8_ros/docs) by extensions ['ros']
[0.208s] Level 1:colcon.colcon_core.package_identification:_identify(src/yolov8_ros/docs) by extension 'ros'
[0.208s] Level 1:colcon.colcon_core.package_identification:_identify(src/yolov8_ros/docs) by extensions ['cmake', 'python']
[0.208s] Level 1:colcon.colcon_core.package_identification:_identify(src/yolov8_ros/docs) by extension 'cmake'
[0.208s] Level 1:colcon.colcon_core.package_identification:_identify(src/yolov8_ros/docs) by extension 'python'
[0.208s] Level 1:colcon.colcon_core.package_identification:_identify(src/yolov8_ros/docs) by extensions ['python_setup_py']
[0.208s] Level 1:colcon.colcon_core.package_identification:_identify(src/yolov8_ros/docs) by extension 'python_setup_py'
[0.208s] Level 1:colcon.colcon_core.package_identification:_identify(src/yolov8_ros/yolov8_bringup) by extensions ['ignore', 'ignore_ament_install']
[0.208s] Level 1:colcon.colcon_core.package_identification:_identify(src/yolov8_ros/yolov8_bringup) by extension 'ignore'
[0.208s] Level 1:colcon.colcon_core.package_identification:_identify(src/yolov8_ros/yolov8_bringup) by extension 'ignore_ament_install'
[0.208s] Level 1:colcon.colcon_core.package_identification:_identify(src/yolov8_ros/yolov8_bringup) by extensions ['colcon_pkg']
[0.208s] Level 1:colcon.colcon_core.package_identification:_identify(src/yolov8_ros/yolov8_bringup) by extension 'colcon_pkg'
[0.208s] Level 1:colcon.colcon_core.package_identification:_identify(src/yolov8_ros/yolov8_bringup) by extensions ['colcon_meta']
[0.208s] Level 1:colcon.colcon_core.package_identification:_identify(src/yolov8_ros/yolov8_bringup) by extension 'colcon_meta'
[0.208s] Level 1:colcon.colcon_core.package_identification:_identify(src/yolov8_ros/yolov8_bringup) by extensions ['ros']
[0.208s] Level 1:colcon.colcon_core.package_identification:_identify(src/yolov8_ros/yolov8_bringup) by extension 'ros'
[0.208s] DEBUG:colcon.colcon_core.package_identification:Package 'src/yolov8_ros/yolov8_bringup' with type 'ros.ament_cmake' and name 'yolov8_bringup'
[0.208s] Level 1:colcon.colcon_core.package_identification:_identify(src/yolov8_ros/yolov8_msgs) by extensions ['ignore', 'ignore_ament_install']
[0.208s] Level 1:colcon.colcon_core.package_identification:_identify(src/yolov8_ros/yolov8_msgs) by extension 'ignore'
[0.209s] Level 1:colcon.colcon_core.package_identification:_identify(src/yolov8_ros/yolov8_msgs) by extension 'ignore_ament_install'
[0.209s] Level 1:colcon.colcon_core.package_identification:_identify(src/yolov8_ros/yolov8_msgs) by extensions ['colcon_pkg']
[0.209s] Level 1:colcon.colcon_core.package_identification:_identify(src/yolov8_ros/yolov8_msgs) by extension 'colcon_pkg'
[0.209s] Level 1:colcon.colcon_core.package_identification:_identify(src/yolov8_ros/yolov8_msgs) by extensions ['colcon_meta']
[0.209s] Level 1:colcon.colcon_core.package_identification:_identify(src/yolov8_ros/yolov8_msgs) by extension 'colcon_meta'
[0.209s] Level 1:colcon.colcon_core.package_identification:_identify(src/yolov8_ros/yolov8_msgs) by extensions ['ros']
[0.209s] Level 1:colcon.colcon_core.package_identification:_identify(src/yolov8_ros/yolov8_msgs) by extension 'ros'
[0.209s] DEBUG:colcon.colcon_core.package_identification:Package 'src/yolov8_ros/yolov8_msgs' with type 'ros.ament_cmake' and name 'yolov8_msgs'
[0.209s] Level 1:colcon.colcon_core.package_identification:_identify(src/yolov8_ros/yolov8_ros) by extensions ['ignore', 'ignore_ament_install']
[0.209s] Level 1:colcon.colcon_core.package_identification:_identify(src/yolov8_ros/yolov8_ros) by extension 'ignore'
[0.209s] Level 1:colcon.colcon_core.package_identification:_identify(src/yolov8_ros/yolov8_ros) by extension 'ignore_ament_install'
[0.209s] Level 1:colcon.colcon_core.package_identification:_identify(src/yolov8_ros/yolov8_ros) by extensions ['colcon_pkg']
[0.209s] Level 1:colcon.colcon_core.package_identification:_identify(src/yolov8_ros/yolov8_ros) by extension 'colcon_pkg'
[0.209s] Level 1:colcon.colcon_core.package_identification:_identify(src/yolov8_ros/yolov8_ros) by extensions ['colcon_meta']
[0.209s] Level 1:colcon.colcon_core.package_identification:_identify(src/yolov8_ros/yolov8_ros) by extension 'colcon_meta'
[0.209s] Level 1:colcon.colcon_core.package_identification:_identify(src/yolov8_ros/yolov8_ros) by extensions ['ros']
[0.209s] Level 1:colcon.colcon_core.package_identification:_identify(src/yolov8_ros/yolov8_ros) by extension 'ros'
[0.210s] DEBUG:colcon.colcon_core.package_identification:Package 'src/yolov8_ros/yolov8_ros' with type 'ros.ament_python' and name 'yolov8_ros'
[0.210s] Level 1:colcon.colcon_core.package_discovery:discover_packages(recursive) using defaults
[0.210s] Level 1:colcon.colcon_core.package_discovery:discover_packages(ignore) discover
[0.210s] Level 1:colcon.colcon_core.package_discovery:discover_packages(ignore) using defaults
[0.210s] Level 1:colcon.colcon_core.package_discovery:discover_packages(path) discover
[0.210s] Level 1:colcon.colcon_core.package_discovery:discover_packages(path) using defaults
[0.226s] Level 1:colcon.colcon_core.package_discovery:discover_packages(prefix_path) check parameters
[0.226s] Level 1:colcon.colcon_core.package_discovery:discover_packages(prefix_path) discover
[0.227s] DEBUG:colcon.colcon_installed_package_information.package_discovery:Found 30 installed packages in /home/ssfa/ros2_ws/install
[0.228s] DEBUG:colcon.colcon_installed_package_information.package_discovery:Found 335 installed packages in /opt/ros/humble
[0.229s] Level 1:colcon.colcon_core.package_discovery:discover_packages(prefix_path) using defaults
[0.251s] WARNING:colcon.colcon_core.package_selection:Some selected packages are already built in one or more underlay workspaces:
	'turtlebot3_msgs' is in: /home/ssfa/ros2_ws/install/turtlebot3_msgs, /opt/ros/humble
	'dynamixel_sdk' is in: /home/ssfa/ros2_ws/install/dynamixel_sdk, /opt/ros/humble
If a package in a merged underlay workspace is overridden and it installs headers, then all packages in the overlay must sort their include directories by workspace order. Failure to do so may result in build failures or undefined behavior at run time.
If the overridden package is used by another package in any underlay, then the overriding package in the overlay must be API and ABI compatible or undefined behavior at run time may occur.

If you understand the risks and want to override a package anyways, add the following to the command line:
	--allow-overriding dynamixel_sdk turtlebot3_msgs

This may be promoted to an error in a future release of colcon-override-check.
[0.251s] Level 5:colcon.colcon_core.verb:set package 'client_pkg' build argument 'cmake_args' from command line to 'None'
[0.251s] Level 5:colcon.colcon_core.verb:set package 'client_pkg' build argument 'cmake_target' from command line to 'None'
[0.251s] Level 5:colcon.colcon_core.verb:set package 'client_pkg' build argument 'cmake_target_skip_unavailable' from command line to 'False'
[0.251s] Level 5:colcon.colcon_core.verb:set package 'client_pkg' build argument 'cmake_clean_cache' from command line to 'False'
[0.252s] Level 5:colcon.colcon_core.verb:set package 'client_pkg' build argument 'cmake_clean_first' from command line to 'False'
[0.252s] Level 5:colcon.colcon_core.verb:set package 'client_pkg' build argument 'cmake_force_configure' from command line to 'False'
[0.252s] Level 5:colcon.colcon_core.verb:set package 'client_pkg' build argument 'ament_cmake_args' from command line to 'None'
[0.252s] Level 5:colcon.colcon_core.verb:set package 'client_pkg' build argument 'catkin_cmake_args' from command line to 'None'
[0.252s] Level 5:colcon.colcon_core.verb:set package 'client_pkg' build argument 'catkin_skip_building_tests' from command line to 'False'
[0.252s] DEBUG:colcon.colcon_core.verb:Building package 'client_pkg' with the following arguments: {'ament_cmake_args': None, 'build_base': '/home/ssfa/ros2_ws/build/client_pkg', 'catkin_cmake_args': None, 'catkin_skip_building_tests': False, 'cmake_args': None, 'cmake_clean_cache': False, 'cmake_clean_first': False, 'cmake_force_configure': False, 'cmake_target': None, 'cmake_target_skip_unavailable': False, 'install_base': '/home/ssfa/ros2_ws/install/client_pkg', 'merge_install': False, 'path': '/home/ssfa/ros2_ws/src/client_pkg', 'symlink_install': False, 'test_result_base': None}
[0.252s] Level 5:colcon.colcon_core.verb:set package 'custom_interfaces' build argument 'cmake_args' from command line to 'None'
[0.252s] Level 5:colcon.colcon_core.verb:set package 'custom_interfaces' build argument 'cmake_target' from command line to 'None'
[0.252s] Level 5:colcon.colcon_core.verb:set package 'custom_interfaces' build argument 'cmake_target_skip_unavailable' from command line to 'False'
[0.252s] Level 5:colcon.colcon_core.verb:set package 'custom_interfaces' build argument 'cmake_clean_cache' from command line to 'False'
[0.252s] Level 5:colcon.colcon_core.verb:set package 'custom_interfaces' build argument 'cmake_clean_first' from command line to 'False'
[0.252s] Level 5:colcon.colcon_core.verb:set package 'custom_interfaces' build argument 'cmake_force_configure' from command line to 'False'
[0.252s] Level 5:colcon.colcon_core.verb:set package 'custom_interfaces' build argument 'ament_cmake_args' from command line to 'None'
[0.252s] Level 5:colcon.colcon_core.verb:set package 'custom_interfaces' build argument 'catkin_cmake_args' from command line to 'None'
[0.252s] Level 5:colcon.colcon_core.verb:set package 'custom_interfaces' build argument 'catkin_skip_building_tests' from command line to 'False'
[0.252s] DEBUG:colcon.colcon_core.verb:Building package 'custom_interfaces' with the following arguments: {'ament_cmake_args': None, 'build_base': '/home/ssfa/ros2_ws/build/custom_interfaces', 'catkin_cmake_args': None, 'catkin_skip_building_tests': False, 'cmake_args': None, 'cmake_clean_cache': False, 'cmake_clean_first': False, 'cmake_force_configure': False, 'cmake_target': None, 'cmake_target_skip_unavailable': False, 'install_base': '/home/ssfa/ros2_ws/install/custom_interfaces', 'merge_install': False, 'path': '/home/ssfa/ros2_ws/src/custom_interfaces', 'symlink_install': False, 'test_result_base': None}
[0.252s] Level 5:colcon.colcon_core.verb:set package 'cv_basics' build argument 'cmake_args' from command line to 'None'
[0.252s] Level 5:colcon.colcon_core.verb:set package 'cv_basics' build argument 'cmake_target' from command line to 'None'
[0.252s] Level 5:colcon.colcon_core.verb:set package 'cv_basics' build argument 'cmake_target_skip_unavailable' from command line to 'False'
[0.252s] Level 5:colcon.colcon_core.verb:set package 'cv_basics' build argument 'cmake_clean_cache' from command line to 'False'
[0.252s] Level 5:colcon.colcon_core.verb:set package 'cv_basics' build argument 'cmake_clean_first' from command line to 'False'
[0.252s] Level 5:colcon.colcon_core.verb:set package 'cv_basics' build argument 'cmake_force_configure' from command line to 'False'
[0.252s] Level 5:colcon.colcon_core.verb:set package 'cv_basics' build argument 'ament_cmake_args' from command line to 'None'
[0.252s] Level 5:colcon.colcon_core.verb:set package 'cv_basics' build argument 'catkin_cmake_args' from command line to 'None'
[0.252s] Level 5:colcon.colcon_core.verb:set package 'cv_basics' build argument 'catkin_skip_building_tests' from command line to 'False'
[0.252s] DEBUG:colcon.colcon_core.verb:Building package 'cv_basics' with the following arguments: {'ament_cmake_args': None, 'build_base': '/home/ssfa/ros2_ws/build/cv_basics', 'catkin_cmake_args': None, 'catkin_skip_building_tests': False, 'cmake_args': None, 'cmake_clean_cache': False, 'cmake_clean_first': False, 'cmake_force_configure': False, 'cmake_target': None, 'cmake_target_skip_unavailable': False, 'install_base': '/home/ssfa/ros2_ws/install/cv_basics', 'merge_install': False, 'path': '/home/ssfa/ros2_ws/src/cv_basics', 'symlink_install': False, 'test_result_base': None}
[0.252s] Level 5:colcon.colcon_core.verb:set package 'dynamixel_sdk' build argument 'cmake_args' from command line to 'None'
[0.252s] Level 5:colcon.colcon_core.verb:set package 'dynamixel_sdk' build argument 'cmake_target' from command line to 'None'
[0.252s] Level 5:colcon.colcon_core.verb:set package 'dynamixel_sdk' build argument 'cmake_target_skip_unavailable' from command line to 'False'
[0.252s] Level 5:colcon.colcon_core.verb:set package 'dynamixel_sdk' build argument 'cmake_clean_cache' from command line to 'False'
[0.252s] Level 5:colcon.colcon_core.verb:set package 'dynamixel_sdk' build argument 'cmake_clean_first' from command line to 'False'
[0.252s] Level 5:colcon.colcon_core.verb:set package 'dynamixel_sdk' build argument 'cmake_force_configure' from command line to 'False'
[0.252s] Level 5:colcon.colcon_core.verb:set package 'dynamixel_sdk' build argument 'ament_cmake_args' from command line to 'None'
[0.252s] Level 5:colcon.colcon_core.verb:set package 'dynamixel_sdk' build argument 'catkin_cmake_args' from command line to 'None'
[0.252s] Level 5:colcon.colcon_core.verb:set package 'dynamixel_sdk' build argument 'catkin_skip_building_tests' from command line to 'False'
[0.252s] DEBUG:colcon.colcon_core.verb:Building package 'dynamixel_sdk' with the following arguments: {'ament_cmake_args': None, 'build_base': '/home/ssfa/ros2_ws/build/dynamixel_sdk', 'catkin_cmake_args': None, 'catkin_skip_building_tests': False, 'cmake_args': None, 'cmake_clean_cache': False, 'cmake_clean_first': False, 'cmake_force_configure': False, 'cmake_target': None, 'cmake_target_skip_unavailable': False, 'install_base': '/home/ssfa/ros2_ws/install/dynamixel_sdk', 'merge_install': False, 'path': '/home/ssfa/ros2_ws/src/t3/DynamixelSDK/dynamixel_sdk', 'symlink_install': False, 'test_result_base': None}
[0.253s] Level 5:colcon.colcon_core.verb:set package 'exercise_pkg' build argument 'cmake_args' from command line to 'None'
[0.253s] Level 5:colcon.colcon_core.verb:set package 'exercise_pkg' build argument 'cmake_target' from command line to 'None'
[0.253s] Level 5:colcon.colcon_core.verb:set package 'exercise_pkg' build argument 'cmake_target_skip_unavailable' from command line to 'False'
[0.253s] Level 5:colcon.colcon_core.verb:set package 'exercise_pkg' build argument 'cmake_clean_cache' from command line to 'False'
[0.253s] Level 5:colcon.colcon_core.verb:set package 'exercise_pkg' build argument 'cmake_clean_first' from command line to 'False'
[0.253s] Level 5:colcon.colcon_core.verb:set package 'exercise_pkg' build argument 'cmake_force_configure' from command line to 'False'
[0.253s] Level 5:colcon.colcon_core.verb:set package 'exercise_pkg' build argument 'ament_cmake_args' from command line to 'None'
[0.253s] Level 5:colcon.colcon_core.verb:set package 'exercise_pkg' build argument 'catkin_cmake_args' from command line to 'None'
[0.253s] Level 5:colcon.colcon_core.verb:set package 'exercise_pkg' build argument 'catkin_skip_building_tests' from command line to 'False'
[0.253s] DEBUG:colcon.colcon_core.verb:Building package 'exercise_pkg' with the following arguments: {'ament_cmake_args': None, 'build_base': '/home/ssfa/ros2_ws/build/exercise_pkg', 'catkin_cmake_args': None, 'catkin_skip_building_tests': False, 'cmake_args': None, 'cmake_clean_cache': False, 'cmake_clean_first': False, 'cmake_force_configure': False, 'cmake_target': None, 'cmake_target_skip_unavailable': False, 'install_base': '/home/ssfa/ros2_ws/install/exercise_pkg', 'merge_install': False, 'path': '/home/ssfa/ros2_ws/src/exercise_pkg', 'symlink_install': False, 'test_result_base': None}
[0.253s] Level 5:colcon.colcon_core.verb:set package 'my_package' build argument 'cmake_args' from command line to 'None'
[0.253s] Level 5:colcon.colcon_core.verb:set package 'my_package' build argument 'cmake_target' from command line to 'None'
[0.253s] Level 5:colcon.colcon_core.verb:set package 'my_package' build argument 'cmake_target_skip_unavailable' from command line to 'False'
[0.253s] Level 5:colcon.colcon_core.verb:set package 'my_package' build argument 'cmake_clean_cache' from command line to 'False'
[0.253s] Level 5:colcon.colcon_core.verb:set package 'my_package' build argument 'cmake_clean_first' from command line to 'False'
[0.253s] Level 5:colcon.colcon_core.verb:set package 'my_package' build argument 'cmake_force_configure' from command line to 'False'
[0.253s] Level 5:colcon.colcon_core.verb:set package 'my_package' build argument 'ament_cmake_args' from command line to 'None'
[0.253s] Level 5:colcon.colcon_core.verb:set package 'my_package' build argument 'catkin_cmake_args' from command line to 'None'
[0.253s] Level 5:colcon.colcon_core.verb:set package 'my_package' build argument 'catkin_skip_building_tests' from command line to 'False'
[0.253s] DEBUG:colcon.colcon_core.verb:Building package 'my_package' with the following arguments: {'ament_cmake_args': None, 'build_base': '/home/ssfa/ros2_ws/build/my_package', 'catkin_cmake_args': None, 'catkin_skip_building_tests': False, 'cmake_args': None, 'cmake_clean_cache': False, 'cmake_clean_first': False, 'cmake_force_configure': False, 'cmake_target': None, 'cmake_target_skip_unavailable': False, 'install_base': '/home/ssfa/ros2_ws/install/my_package', 'merge_install': False, 'path': '/home/ssfa/ros2_ws/src/my_package', 'symlink_install': False, 'test_result_base': None}
[0.253s] Level 5:colcon.colcon_core.verb:set package 'publisher_pkg' build argument 'cmake_args' from command line to 'None'
[0.253s] Level 5:colcon.colcon_core.verb:set package 'publisher_pkg' build argument 'cmake_target' from command line to 'None'
[0.253s] Level 5:colcon.colcon_core.verb:set package 'publisher_pkg' build argument 'cmake_target_skip_unavailable' from command line to 'False'
[0.253s] Level 5:colcon.colcon_core.verb:set package 'publisher_pkg' build argument 'cmake_clean_cache' from command line to 'False'
[0.253s] Level 5:colcon.colcon_core.verb:set package 'publisher_pkg' build argument 'cmake_clean_first' from command line to 'False'
[0.253s] Level 5:colcon.colcon_core.verb:set package 'publisher_pkg' build argument 'cmake_force_configure' from command line to 'False'
[0.253s] Level 5:colcon.colcon_core.verb:set package 'publisher_pkg' build argument 'ament_cmake_args' from command line to 'None'
[0.253s] Level 5:colcon.colcon_core.verb:set package 'publisher_pkg' build argument 'catkin_cmake_args' from command line to 'None'
[0.253s] Level 5:colcon.colcon_core.verb:set package 'publisher_pkg' build argument 'catkin_skip_building_tests' from command line to 'False'
[0.253s] DEBUG:colcon.colcon_core.verb:Building package 'publisher_pkg' with the following arguments: {'ament_cmake_args': None, 'build_base': '/home/ssfa/ros2_ws/build/publisher_pkg', 'catkin_cmake_args': None, 'catkin_skip_building_tests': False, 'cmake_args': None, 'cmake_clean_cache': False, 'cmake_clean_first': False, 'cmake_force_configure': False, 'cmake_target': None, 'cmake_target_skip_unavailable': False, 'install_base': '/home/ssfa/ros2_ws/install/publisher_pkg', 'merge_install': False, 'path': '/home/ssfa/ros2_ws/src/publisher_pkg', 'symlink_install': False, 'test_result_base': None}
[0.254s] Level 5:colcon.colcon_core.verb:set package 'services_pkg' build argument 'cmake_args' from command line to 'None'
[0.254s] Level 5:colcon.colcon_core.verb:set package 'services_pkg' build argument 'cmake_target' from command line to 'None'
[0.254s] Level 5:colcon.colcon_core.verb:set package 'services_pkg' build argument 'cmake_target_skip_unavailable' from command line to 'False'
[0.254s] Level 5:colcon.colcon_core.verb:set package 'services_pkg' build argument 'cmake_clean_cache' from command line to 'False'
[0.254s] Level 5:colcon.colcon_core.verb:set package 'services_pkg' build argument 'cmake_clean_first' from command line to 'False'
[0.254s] Level 5:colcon.colcon_core.verb:set package 'services_pkg' build argument 'cmake_force_configure' from command line to 'False'
[0.254s] Level 5:colcon.colcon_core.verb:set package 'services_pkg' build argument 'ament_cmake_args' from command line to 'None'
[0.254s] Level 5:colcon.colcon_core.verb:set package 'services_pkg' build argument 'catkin_cmake_args' from command line to 'None'
[0.254s] Level 5:colcon.colcon_core.verb:set package 'services_pkg' build argument 'catkin_skip_building_tests' from command line to 'False'
[0.254s] DEBUG:colcon.colcon_core.verb:Building package 'services_pkg' with the following arguments: {'ament_cmake_args': None, 'build_base': '/home/ssfa/ros2_ws/build/services_pkg', 'catkin_cmake_args': None, 'catkin_skip_building_tests': False, 'cmake_args': None, 'cmake_clean_cache': False, 'cmake_clean_first': False, 'cmake_force_configure': False, 'cmake_target': None, 'cmake_target_skip_unavailable': False, 'install_base': '/home/ssfa/ros2_ws/install/services_pkg', 'merge_install': False, 'path': '/home/ssfa/ros2_ws/src/t3/services_pkg', 'symlink_install': False, 'test_result_base': None}
[0.254s] Level 5:colcon.colcon_core.verb:set package 'shape_detector' build argument 'cmake_args' from command line to 'None'
[0.254s] Level 5:colcon.colcon_core.verb:set package 'shape_detector' build argument 'cmake_target' from command line to 'None'
[0.254s] Level 5:colcon.colcon_core.verb:set package 'shape_detector' build argument 'cmake_target_skip_unavailable' from command line to 'False'
[0.254s] Level 5:colcon.colcon_core.verb:set package 'shape_detector' build argument 'cmake_clean_cache' from command line to 'False'
[0.254s] Level 5:colcon.colcon_core.verb:set package 'shape_detector' build argument 'cmake_clean_first' from command line to 'False'
[0.254s] Level 5:colcon.colcon_core.verb:set package 'shape_detector' build argument 'cmake_force_configure' from command line to 'False'
[0.254s] Level 5:colcon.colcon_core.verb:set package 'shape_detector' build argument 'ament_cmake_args' from command line to 'None'
[0.254s] Level 5:colcon.colcon_core.verb:set package 'shape_detector' build argument 'catkin_cmake_args' from command line to 'None'
[0.254s] Level 5:colcon.colcon_core.verb:set package 'shape_detector' build argument 'catkin_skip_building_tests' from command line to 'False'
[0.254s] DEBUG:colcon.colcon_core.verb:Building package 'shape_detector' with the following arguments: {'ament_cmake_args': None, 'build_base': '/home/ssfa/ros2_ws/build/shape_detector', 'catkin_cmake_args': None, 'catkin_skip_building_tests': False, 'cmake_args': None, 'cmake_clean_cache': False, 'cmake_clean_first': False, 'cmake_force_configure': False, 'cmake_target': None, 'cmake_target_skip_unavailable': False, 'install_base': '/home/ssfa/ros2_ws/install/shape_detector', 'merge_install': False, 'path': '/home/ssfa/ros2_ws/src/shape_detector', 'symlink_install': False, 'test_result_base': None}
[0.254s] Level 5:colcon.colcon_core.verb:set package 'subscriber_pkg' build argument 'cmake_args' from command line to 'None'
[0.254s] Level 5:colcon.colcon_core.verb:set package 'subscriber_pkg' build argument 'cmake_target' from command line to 'None'
[0.254s] Level 5:colcon.colcon_core.verb:set package 'subscriber_pkg' build argument 'cmake_target_skip_unavailable' from command line to 'False'
[0.254s] Level 5:colcon.colcon_core.verb:set package 'subscriber_pkg' build argument 'cmake_clean_cache' from command line to 'False'
[0.254s] Level 5:colcon.colcon_core.verb:set package 'subscriber_pkg' build argument 'cmake_clean_first' from command line to 'False'
[0.254s] Level 5:colcon.colcon_core.verb:set package 'subscriber_pkg' build argument 'cmake_force_configure' from command line to 'False'
[0.254s] Level 5:colcon.colcon_core.verb:set package 'subscriber_pkg' build argument 'ament_cmake_args' from command line to 'None'
[0.254s] Level 5:colcon.colcon_core.verb:set package 'subscriber_pkg' build argument 'catkin_cmake_args' from command line to 'None'
[0.254s] Level 5:colcon.colcon_core.verb:set package 'subscriber_pkg' build argument 'catkin_skip_building_tests' from command line to 'False'
[0.254s] DEBUG:colcon.colcon_core.verb:Building package 'subscriber_pkg' with the following arguments: {'ament_cmake_args': None, 'build_base': '/home/ssfa/ros2_ws/build/subscriber_pkg', 'catkin_cmake_args': None, 'catkin_skip_building_tests': False, 'cmake_args': None, 'cmake_clean_cache': False, 'cmake_clean_first': False, 'cmake_force_configure': False, 'cmake_target': None, 'cmake_target_skip_unavailable': False, 'install_base': '/home/ssfa/ros2_ws/install/subscriber_pkg', 'merge_install': False, 'path': '/home/ssfa/ros2_ws/src/subscriber_pkg', 'symlink_install': False, 'test_result_base': None}
[0.254s] Level 5:colcon.colcon_core.verb:set package 't3_action_msg' build argument 'cmake_args' from command line to 'None'
[0.254s] Level 5:colcon.colcon_core.verb:set package 't3_action_msg' build argument 'cmake_target' from command line to 'None'
[0.254s] Level 5:colcon.colcon_core.verb:set package 't3_action_msg' build argument 'cmake_target_skip_unavailable' from command line to 'False'
[0.254s] Level 5:colcon.colcon_core.verb:set package 't3_action_msg' build argument 'cmake_clean_cache' from command line to 'False'
[0.254s] Level 5:colcon.colcon_core.verb:set package 't3_action_msg' build argument 'cmake_clean_first' from command line to 'False'
[0.254s] Level 5:colcon.colcon_core.verb:set package 't3_action_msg' build argument 'cmake_force_configure' from command line to 'False'
[0.254s] Level 5:colcon.colcon_core.verb:set package 't3_action_msg' build argument 'ament_cmake_args' from command line to 'None'
[0.254s] Level 5:colcon.colcon_core.verb:set package 't3_action_msg' build argument 'catkin_cmake_args' from command line to 'None'
[0.254s] Level 5:colcon.colcon_core.verb:set package 't3_action_msg' build argument 'catkin_skip_building_tests' from command line to 'False'
[0.254s] DEBUG:colcon.colcon_core.verb:Building package 't3_action_msg' with the following arguments: {'ament_cmake_args': None, 'build_base': '/home/ssfa/ros2_ws/build/t3_action_msg', 'catkin_cmake_args': None, 'catkin_skip_building_tests': False, 'cmake_args': None, 'cmake_clean_cache': False, 'cmake_clean_first': False, 'cmake_force_configure': False, 'cmake_target': None, 'cmake_target_skip_unavailable': False, 'install_base': '/home/ssfa/ros2_ws/install/t3_action_msg', 'merge_install': False, 'path': '/home/ssfa/ros2_ws/src/t3/t3_action_msg', 'symlink_install': False, 'test_result_base': None}
[0.255s] Level 5:colcon.colcon_core.verb:set package 'tiago_demo' build argument 'cmake_args' from command line to 'None'
[0.255s] Level 5:colcon.colcon_core.verb:set package 'tiago_demo' build argument 'cmake_target' from command line to 'None'
[0.255s] Level 5:colcon.colcon_core.verb:set package 'tiago_demo' build argument 'cmake_target_skip_unavailable' from command line to 'False'
[0.255s] Level 5:colcon.colcon_core.verb:set package 'tiago_demo' build argument 'cmake_clean_cache' from command line to 'False'
[0.255s] Level 5:colcon.colcon_core.verb:set package 'tiago_demo' build argument 'cmake_clean_first' from command line to 'False'
[0.255s] Level 5:colcon.colcon_core.verb:set package 'tiago_demo' build argument 'cmake_force_configure' from command line to 'False'
[0.255s] Level 5:colcon.colcon_core.verb:set package 'tiago_demo' build argument 'ament_cmake_args' from command line to 'None'
[0.255s] Level 5:colcon.colcon_core.verb:set package 'tiago_demo' build argument 'catkin_cmake_args' from command line to 'None'
[0.255s] Level 5:colcon.colcon_core.verb:set package 'tiago_demo' build argument 'catkin_skip_building_tests' from command line to 'False'
[0.255s] DEBUG:colcon.colcon_core.verb:Building package 'tiago_demo' with the following arguments: {'ament_cmake_args': None, 'build_base': '/home/ssfa/ros2_ws/build/tiago_demo', 'catkin_cmake_args': None, 'catkin_skip_building_tests': False, 'cmake_args': None, 'cmake_clean_cache': False, 'cmake_clean_first': False, 'cmake_force_configure': False, 'cmake_target': None, 'cmake_target_skip_unavailable': False, 'install_base': '/home/ssfa/ros2_ws/install/tiago_demo', 'merge_install': False, 'path': '/home/ssfa/ros2_ws/src/tiago_demo', 'symlink_install': False, 'test_result_base': None}
[0.255s] Level 5:colcon.colcon_core.verb:set package 'topic_exercise' build argument 'cmake_args' from command line to 'None'
[0.255s] Level 5:colcon.colcon_core.verb:set package 'topic_exercise' build argument 'cmake_target' from command line to 'None'
[0.255s] Level 5:colcon.colcon_core.verb:set package 'topic_exercise' build argument 'cmake_target_skip_unavailable' from command line to 'False'
[0.255s] Level 5:colcon.colcon_core.verb:set package 'topic_exercise' build argument 'cmake_clean_cache' from command line to 'False'
[0.255s] Level 5:colcon.colcon_core.verb:set package 'topic_exercise' build argument 'cmake_clean_first' from command line to 'False'
[0.255s] Level 5:colcon.colcon_core.verb:set package 'topic_exercise' build argument 'cmake_force_configure' from command line to 'False'
[0.255s] Level 5:colcon.colcon_core.verb:set package 'topic_exercise' build argument 'ament_cmake_args' from command line to 'None'
[0.255s] Level 5:colcon.colcon_core.verb:set package 'topic_exercise' build argument 'catkin_cmake_args' from command line to 'None'
[0.255s] Level 5:colcon.colcon_core.verb:set package 'topic_exercise' build argument 'catkin_skip_building_tests' from command line to 'False'
[0.255s] DEBUG:colcon.colcon_core.verb:Building package 'topic_exercise' with the following arguments: {'ament_cmake_args': None, 'build_base': '/home/ssfa/ros2_ws/build/topic_exercise', 'catkin_cmake_args': None, 'catkin_skip_building_tests': False, 'cmake_args': None, 'cmake_clean_cache': False, 'cmake_clean_first': False, 'cmake_force_configure': False, 'cmake_target': None, 'cmake_target_skip_unavailable': False, 'install_base': '/home/ssfa/ros2_ws/install/topic_exercise', 'merge_install': False, 'path': '/home/ssfa/ros2_ws/src/topic_exercise', 'symlink_install': False, 'test_result_base': None}
[0.255s] Level 5:colcon.colcon_core.verb:set package 'turtlebot3_cartographer' build argument 'cmake_args' from command line to 'None'
[0.255s] Level 5:colcon.colcon_core.verb:set package 'turtlebot3_cartographer' build argument 'cmake_target' from command line to 'None'
[0.255s] Level 5:colcon.colcon_core.verb:set package 'turtlebot3_cartographer' build argument 'cmake_target_skip_unavailable' from command line to 'False'
[0.255s] Level 5:colcon.colcon_core.verb:set package 'turtlebot3_cartographer' build argument 'cmake_clean_cache' from command line to 'False'
[0.255s] Level 5:colcon.colcon_core.verb:set package 'turtlebot3_cartographer' build argument 'cmake_clean_first' from command line to 'False'
[0.255s] Level 5:colcon.colcon_core.verb:set package 'turtlebot3_cartographer' build argument 'cmake_force_configure' from command line to 'False'
[0.255s] Level 5:colcon.colcon_core.verb:set package 'turtlebot3_cartographer' build argument 'ament_cmake_args' from command line to 'None'
[0.255s] Level 5:colcon.colcon_core.verb:set package 'turtlebot3_cartographer' build argument 'catkin_cmake_args' from command line to 'None'
[0.255s] Level 5:colcon.colcon_core.verb:set package 'turtlebot3_cartographer' build argument 'catkin_skip_building_tests' from command line to 'False'
[0.255s] DEBUG:colcon.colcon_core.verb:Building package 'turtlebot3_cartographer' with the following arguments: {'ament_cmake_args': None, 'build_base': '/home/ssfa/ros2_ws/build/turtlebot3_cartographer', 'catkin_cmake_args': None, 'catkin_skip_building_tests': False, 'cmake_args': None, 'cmake_clean_cache': False, 'cmake_clean_first': False, 'cmake_force_configure': False, 'cmake_target': None, 'cmake_target_skip_unavailable': False, 'install_base': '/home/ssfa/ros2_ws/install/turtlebot3_cartographer', 'merge_install': False, 'path': '/home/ssfa/ros2_ws/src/t3/turtlebot3/turtlebot3/turtlebot3_cartographer', 'symlink_install': False, 'test_result_base': None}
[0.255s] Level 5:colcon.colcon_core.verb:set package 'turtlebot3_description' build argument 'cmake_args' from command line to 'None'
[0.255s] Level 5:colcon.colcon_core.verb:set package 'turtlebot3_description' build argument 'cmake_target' from command line to 'None'
[0.256s] Level 5:colcon.colcon_core.verb:set package 'turtlebot3_description' build argument 'cmake_target_skip_unavailable' from command line to 'False'
[0.256s] Level 5:colcon.colcon_core.verb:set package 'turtlebot3_description' build argument 'cmake_clean_cache' from command line to 'False'
[0.256s] Level 5:colcon.colcon_core.verb:set package 'turtlebot3_description' build argument 'cmake_clean_first' from command line to 'False'
[0.256s] Level 5:colcon.colcon_core.verb:set package 'turtlebot3_description' build argument 'cmake_force_configure' from command line to 'False'
[0.256s] Level 5:colcon.colcon_core.verb:set package 'turtlebot3_description' build argument 'ament_cmake_args' from command line to 'None'
[0.256s] Level 5:colcon.colcon_core.verb:set package 'turtlebot3_description' build argument 'catkin_cmake_args' from command line to 'None'
[0.256s] Level 5:colcon.colcon_core.verb:set package 'turtlebot3_description' build argument 'catkin_skip_building_tests' from command line to 'False'
[0.256s] DEBUG:colcon.colcon_core.verb:Building package 'turtlebot3_description' with the following arguments: {'ament_cmake_args': None, 'build_base': '/home/ssfa/ros2_ws/build/turtlebot3_description', 'catkin_cmake_args': None, 'catkin_skip_building_tests': False, 'cmake_args': None, 'cmake_clean_cache': False, 'cmake_clean_first': False, 'cmake_force_configure': False, 'cmake_target': None, 'cmake_target_skip_unavailable': False, 'install_base': '/home/ssfa/ros2_ws/install/turtlebot3_description', 'merge_install': False, 'path': '/home/ssfa/ros2_ws/src/t3/turtlebot3/turtlebot3/turtlebot3_description', 'symlink_install': False, 'test_result_base': None}
[0.256s] Level 5:colcon.colcon_core.verb:set package 'turtlebot3_msgs' build argument 'cmake_args' from command line to 'None'
[0.256s] Level 5:colcon.colcon_core.verb:set package 'turtlebot3_msgs' build argument 'cmake_target' from command line to 'None'
[0.256s] Level 5:colcon.colcon_core.verb:set package 'turtlebot3_msgs' build argument 'cmake_target_skip_unavailable' from command line to 'False'
[0.256s] Level 5:colcon.colcon_core.verb:set package 'turtlebot3_msgs' build argument 'cmake_clean_cache' from command line to 'False'
[0.256s] Level 5:colcon.colcon_core.verb:set package 'turtlebot3_msgs' build argument 'cmake_clean_first' from command line to 'False'
[0.256s] Level 5:colcon.colcon_core.verb:set package 'turtlebot3_msgs' build argument 'cmake_force_configure' from command line to 'False'
[0.256s] Level 5:colcon.colcon_core.verb:set package 'turtlebot3_msgs' build argument 'ament_cmake_args' from command line to 'None'
[0.256s] Level 5:colcon.colcon_core.verb:set package 'turtlebot3_msgs' build argument 'catkin_cmake_args' from command line to 'None'
[0.256s] Level 5:colcon.colcon_core.verb:set package 'turtlebot3_msgs' build argument 'catkin_skip_building_tests' from command line to 'False'
[0.256s] DEBUG:colcon.colcon_core.verb:Building package 'turtlebot3_msgs' with the following arguments: {'ament_cmake_args': None, 'build_base': '/home/ssfa/ros2_ws/build/turtlebot3_msgs', 'catkin_cmake_args': None, 'catkin_skip_building_tests': False, 'cmake_args': None, 'cmake_clean_cache': False, 'cmake_clean_first': False, 'cmake_force_configure': False, 'cmake_target': None, 'cmake_target_skip_unavailable': False, 'install_base': '/home/ssfa/ros2_ws/install/turtlebot3_msgs', 'merge_install': False, 'path': '/home/ssfa/ros2_ws/src/t3/turtlebot3_msgs', 'symlink_install': False, 'test_result_base': None}
[0.256s] Level 5:colcon.colcon_core.verb:set package 'turtlebot3_navigation2' build argument 'cmake_args' from command line to 'None'
[0.256s] Level 5:colcon.colcon_core.verb:set package 'turtlebot3_navigation2' build argument 'cmake_target' from command line to 'None'
[0.256s] Level 5:colcon.colcon_core.verb:set package 'turtlebot3_navigation2' build argument 'cmake_target_skip_unavailable' from command line to 'False'
[0.256s] Level 5:colcon.colcon_core.verb:set package 'turtlebot3_navigation2' build argument 'cmake_clean_cache' from command line to 'False'
[0.256s] Level 5:colcon.colcon_core.verb:set package 'turtlebot3_navigation2' build argument 'cmake_clean_first' from command line to 'False'
[0.256s] Level 5:colcon.colcon_core.verb:set package 'turtlebot3_navigation2' build argument 'cmake_force_configure' from command line to 'False'
[0.256s] Level 5:colcon.colcon_core.verb:set package 'turtlebot3_navigation2' build argument 'ament_cmake_args' from command line to 'None'
[0.256s] Level 5:colcon.colcon_core.verb:set package 'turtlebot3_navigation2' build argument 'catkin_cmake_args' from command line to 'None'
[0.256s] Level 5:colcon.colcon_core.verb:set package 'turtlebot3_navigation2' build argument 'catkin_skip_building_tests' from command line to 'False'
[0.256s] DEBUG:colcon.colcon_core.verb:Building package 'turtlebot3_navigation2' with the following arguments: {'ament_cmake_args': None, 'build_base': '/home/ssfa/ros2_ws/build/turtlebot3_navigation2', 'catkin_cmake_args': None, 'catkin_skip_building_tests': False, 'cmake_args': None, 'cmake_clean_cache': False, 'cmake_clean_first': False, 'cmake_force_configure': False, 'cmake_target': None, 'cmake_target_skip_unavailable': False, 'install_base': '/home/ssfa/ros2_ws/install/turtlebot3_navigation2', 'merge_install': False, 'path': '/home/ssfa/ros2_ws/src/t3/turtlebot3/turtlebot3/turtlebot3_navigation2', 'symlink_install': False, 'test_result_base': None}
[0.256s] Level 5:colcon.colcon_core.verb:set package 'turtlebot3_teleop' build argument 'cmake_args' from command line to 'None'
[0.256s] Level 5:colcon.colcon_core.verb:set package 'turtlebot3_teleop' build argument 'cmake_target' from command line to 'None'
[0.256s] Level 5:colcon.colcon_core.verb:set package 'turtlebot3_teleop' build argument 'cmake_target_skip_unavailable' from command line to 'False'
[0.256s] Level 5:colcon.colcon_core.verb:set package 'turtlebot3_teleop' build argument 'cmake_clean_cache' from command line to 'False'
[0.256s] Level 5:colcon.colcon_core.verb:set package 'turtlebot3_teleop' build argument 'cmake_clean_first' from command line to 'False'
[0.256s] Level 5:colcon.colcon_core.verb:set package 'turtlebot3_teleop' build argument 'cmake_force_configure' from command line to 'False'
[0.256s] Level 5:colcon.colcon_core.verb:set package 'turtlebot3_teleop' build argument 'ament_cmake_args' from command line to 'None'
[0.256s] Level 5:colcon.colcon_core.verb:set package 'turtlebot3_teleop' build argument 'catkin_cmake_args' from command line to 'None'
[0.256s] Level 5:colcon.colcon_core.verb:set package 'turtlebot3_teleop' build argument 'catkin_skip_building_tests' from command line to 'False'
[0.256s] DEBUG:colcon.colcon_core.verb:Building package 'turtlebot3_teleop' with the following arguments: {'ament_cmake_args': None, 'build_base': '/home/ssfa/ros2_ws/build/turtlebot3_teleop', 'catkin_cmake_args': None, 'catkin_skip_building_tests': False, 'cmake_args': None, 'cmake_clean_cache': False, 'cmake_clean_first': False, 'cmake_force_configure': False, 'cmake_target': None, 'cmake_target_skip_unavailable': False, 'install_base': '/home/ssfa/ros2_ws/install/turtlebot3_teleop', 'merge_install': False, 'path': '/home/ssfa/ros2_ws/src/t3/turtlebot3/turtlebot3/turtlebot3_teleop', 'symlink_install': False, 'test_result_base': None}
[0.257s] Level 5:colcon.colcon_core.verb:set package 'two_wheeled_robot' build argument 'cmake_args' from command line to 'None'
[0.257s] Level 5:colcon.colcon_core.verb:set package 'two_wheeled_robot' build argument 'cmake_target' from command line to 'None'
[0.257s] Level 5:colcon.colcon_core.verb:set package 'two_wheeled_robot' build argument 'cmake_target_skip_unavailable' from command line to 'False'
[0.257s] Level 5:colcon.colcon_core.verb:set package 'two_wheeled_robot' build argument 'cmake_clean_cache' from command line to 'False'
[0.257s] Level 5:colcon.colcon_core.verb:set package 'two_wheeled_robot' build argument 'cmake_clean_first' from command line to 'False'
[0.257s] Level 5:colcon.colcon_core.verb:set package 'two_wheeled_robot' build argument 'cmake_force_configure' from command line to 'False'
[0.257s] Level 5:colcon.colcon_core.verb:set package 'two_wheeled_robot' build argument 'ament_cmake_args' from command line to 'None'
[0.257s] Level 5:colcon.colcon_core.verb:set package 'two_wheeled_robot' build argument 'catkin_cmake_args' from command line to 'None'
[0.257s] Level 5:colcon.colcon_core.verb:set package 'two_wheeled_robot' build argument 'catkin_skip_building_tests' from command line to 'False'
[0.257s] DEBUG:colcon.colcon_core.verb:Building package 'two_wheeled_robot' with the following arguments: {'ament_cmake_args': None, 'build_base': '/home/ssfa/ros2_ws/build/two_wheeled_robot', 'catkin_cmake_args': None, 'catkin_skip_building_tests': False, 'cmake_args': None, 'cmake_clean_cache': False, 'cmake_clean_first': False, 'cmake_force_configure': False, 'cmake_target': None, 'cmake_target_skip_unavailable': False, 'install_base': '/home/ssfa/ros2_ws/install/two_wheeled_robot', 'merge_install': False, 'path': '/home/ssfa/ros2_ws/src/two_wheeled_robot', 'symlink_install': False, 'test_result_base': None}
[0.257s] Level 5:colcon.colcon_core.verb:set package 'usb_cam' build argument 'cmake_args' from command line to 'None'
[0.257s] Level 5:colcon.colcon_core.verb:set package 'usb_cam' build argument 'cmake_target' from command line to 'None'
[0.257s] Level 5:colcon.colcon_core.verb:set package 'usb_cam' build argument 'cmake_target_skip_unavailable' from command line to 'False'
[0.257s] Level 5:colcon.colcon_core.verb:set package 'usb_cam' build argument 'cmake_clean_cache' from command line to 'False'
[0.257s] Level 5:colcon.colcon_core.verb:set package 'usb_cam' build argument 'cmake_clean_first' from command line to 'False'
[0.257s] Level 5:colcon.colcon_core.verb:set package 'usb_cam' build argument 'cmake_force_configure' from command line to 'False'
[0.257s] Level 5:colcon.colcon_core.verb:set package 'usb_cam' build argument 'ament_cmake_args' from command line to 'None'
[0.257s] Level 5:colcon.colcon_core.verb:set package 'usb_cam' build argument 'catkin_cmake_args' from command line to 'None'
[0.257s] Level 5:colcon.colcon_core.verb:set package 'usb_cam' build argument 'catkin_skip_building_tests' from command line to 'False'
[0.257s] DEBUG:colcon.colcon_core.verb:Building package 'usb_cam' with the following arguments: {'ament_cmake_args': None, 'build_base': '/home/ssfa/ros2_ws/build/usb_cam', 'catkin_cmake_args': None, 'catkin_skip_building_tests': False, 'cmake_args': None, 'cmake_clean_cache': False, 'cmake_clean_first': False, 'cmake_force_configure': False, 'cmake_target': None, 'cmake_target_skip_unavailable': False, 'install_base': '/home/ssfa/ros2_ws/install/usb_cam', 'merge_install': False, 'path': '/home/ssfa/ros2_ws/src/usb_cam', 'symlink_install': False, 'test_result_base': None}
[0.257s] Level 5:colcon.colcon_core.verb:set package 'yolov8_msgs' build argument 'cmake_args' from command line to 'None'
[0.257s] Level 5:colcon.colcon_core.verb:set package 'yolov8_msgs' build argument 'cmake_target' from command line to 'None'
[0.257s] Level 5:colcon.colcon_core.verb:set package 'yolov8_msgs' build argument 'cmake_target_skip_unavailable' from command line to 'False'
[0.257s] Level 5:colcon.colcon_core.verb:set package 'yolov8_msgs' build argument 'cmake_clean_cache' from command line to 'False'
[0.257s] Level 5:colcon.colcon_core.verb:set package 'yolov8_msgs' build argument 'cmake_clean_first' from command line to 'False'
[0.257s] Level 5:colcon.colcon_core.verb:set package 'yolov8_msgs' build argument 'cmake_force_configure' from command line to 'False'
[0.257s] Level 5:colcon.colcon_core.verb:set package 'yolov8_msgs' build argument 'ament_cmake_args' from command line to 'None'
[0.257s] Level 5:colcon.colcon_core.verb:set package 'yolov8_msgs' build argument 'catkin_cmake_args' from command line to 'None'
[0.257s] Level 5:colcon.colcon_core.verb:set package 'yolov8_msgs' build argument 'catkin_skip_building_tests' from command line to 'False'
[0.257s] DEBUG:colcon.colcon_core.verb:Building package 'yolov8_msgs' with the following arguments: {'ament_cmake_args': None, 'build_base': '/home/ssfa/ros2_ws/build/yolov8_msgs', 'catkin_cmake_args': None, 'catkin_skip_building_tests': False, 'cmake_args': None, 'cmake_clean_cache': False, 'cmake_clean_first': False, 'cmake_force_configure': False, 'cmake_target': None, 'cmake_target_skip_unavailable': False, 'install_base': '/home/ssfa/ros2_ws/install/yolov8_msgs', 'merge_install': False, 'path': '/home/ssfa/ros2_ws/src/yolov8_ros/yolov8_msgs', 'symlink_install': False, 'test_result_base': None}
[0.257s] Level 5:colcon.colcon_core.verb:set package 'custom_interface_example' build argument 'cmake_args' from command line to 'None'
[0.257s] Level 5:colcon.colcon_core.verb:set package 'custom_interface_example' build argument 'cmake_target' from command line to 'None'
[0.257s] Level 5:colcon.colcon_core.verb:set package 'custom_interface_example' build argument 'cmake_target_skip_unavailable' from command line to 'False'
[0.257s] Level 5:colcon.colcon_core.verb:set package 'custom_interface_example' build argument 'cmake_clean_cache' from command line to 'False'
[0.257s] Level 5:colcon.colcon_core.verb:set package 'custom_interface_example' build argument 'cmake_clean_first' from command line to 'False'
[0.257s] Level 5:colcon.colcon_core.verb:set package 'custom_interface_example' build argument 'cmake_force_configure' from command line to 'False'
[0.257s] Level 5:colcon.colcon_core.verb:set package 'custom_interface_example' build argument 'ament_cmake_args' from command line to 'None'
[0.257s] Level 5:colcon.colcon_core.verb:set package 'custom_interface_example' build argument 'catkin_cmake_args' from command line to 'None'
[0.257s] Level 5:colcon.colcon_core.verb:set package 'custom_interface_example' build argument 'catkin_skip_building_tests' from command line to 'False'
[0.258s] DEBUG:colcon.colcon_core.verb:Building package 'custom_interface_example' with the following arguments: {'ament_cmake_args': None, 'build_base': '/home/ssfa/ros2_ws/build/custom_interface_example', 'catkin_cmake_args': None, 'catkin_skip_building_tests': False, 'cmake_args': None, 'cmake_clean_cache': False, 'cmake_clean_first': False, 'cmake_force_configure': False, 'cmake_target': None, 'cmake_target_skip_unavailable': False, 'install_base': '/home/ssfa/ros2_ws/install/custom_interface_example', 'merge_install': False, 'path': '/home/ssfa/ros2_ws/src/custom_interface_example', 'symlink_install': False, 'test_result_base': None}
[0.258s] Level 5:colcon.colcon_core.verb:set package 'movement_pkg' build argument 'cmake_args' from command line to 'None'
[0.258s] Level 5:colcon.colcon_core.verb:set package 'movement_pkg' build argument 'cmake_target' from command line to 'None'
[0.258s] Level 5:colcon.colcon_core.verb:set package 'movement_pkg' build argument 'cmake_target_skip_unavailable' from command line to 'False'
[0.258s] Level 5:colcon.colcon_core.verb:set package 'movement_pkg' build argument 'cmake_clean_cache' from command line to 'False'
[0.258s] Level 5:colcon.colcon_core.verb:set package 'movement_pkg' build argument 'cmake_clean_first' from command line to 'False'
[0.258s] Level 5:colcon.colcon_core.verb:set package 'movement_pkg' build argument 'cmake_force_configure' from command line to 'False'
[0.258s] Level 5:colcon.colcon_core.verb:set package 'movement_pkg' build argument 'ament_cmake_args' from command line to 'None'
[0.258s] Level 5:colcon.colcon_core.verb:set package 'movement_pkg' build argument 'catkin_cmake_args' from command line to 'None'
[0.258s] Level 5:colcon.colcon_core.verb:set package 'movement_pkg' build argument 'catkin_skip_building_tests' from command line to 'False'
[0.258s] DEBUG:colcon.colcon_core.verb:Building package 'movement_pkg' with the following arguments: {'ament_cmake_args': None, 'build_base': '/home/ssfa/ros2_ws/build/movement_pkg', 'catkin_cmake_args': None, 'catkin_skip_building_tests': False, 'cmake_args': None, 'cmake_clean_cache': False, 'cmake_clean_first': False, 'cmake_force_configure': False, 'cmake_target': None, 'cmake_target_skip_unavailable': False, 'install_base': '/home/ssfa/ros2_ws/install/movement_pkg', 'merge_install': False, 'path': '/home/ssfa/ros2_ws/src/movement_pkg', 'symlink_install': False, 'test_result_base': None}
[0.258s] Level 5:colcon.colcon_core.verb:set package 'turtlebot3_as' build argument 'cmake_args' from command line to 'None'
[0.258s] Level 5:colcon.colcon_core.verb:set package 'turtlebot3_as' build argument 'cmake_target' from command line to 'None'
[0.258s] Level 5:colcon.colcon_core.verb:set package 'turtlebot3_as' build argument 'cmake_target_skip_unavailable' from command line to 'False'
[0.258s] Level 5:colcon.colcon_core.verb:set package 'turtlebot3_as' build argument 'cmake_clean_cache' from command line to 'False'
[0.258s] Level 5:colcon.colcon_core.verb:set package 'turtlebot3_as' build argument 'cmake_clean_first' from command line to 'False'
[0.258s] Level 5:colcon.colcon_core.verb:set package 'turtlebot3_as' build argument 'cmake_force_configure' from command line to 'False'
[0.258s] Level 5:colcon.colcon_core.verb:set package 'turtlebot3_as' build argument 'ament_cmake_args' from command line to 'None'
[0.258s] Level 5:colcon.colcon_core.verb:set package 'turtlebot3_as' build argument 'catkin_cmake_args' from command line to 'None'
[0.258s] Level 5:colcon.colcon_core.verb:set package 'turtlebot3_as' build argument 'catkin_skip_building_tests' from command line to 'False'
[0.258s] DEBUG:colcon.colcon_core.verb:Building package 'turtlebot3_as' with the following arguments: {'ament_cmake_args': None, 'build_base': '/home/ssfa/ros2_ws/build/turtlebot3_as', 'catkin_cmake_args': None, 'catkin_skip_building_tests': False, 'cmake_args': None, 'cmake_clean_cache': False, 'cmake_clean_first': False, 'cmake_force_configure': False, 'cmake_target': None, 'cmake_target_skip_unavailable': False, 'install_base': '/home/ssfa/ros2_ws/install/turtlebot3_as', 'merge_install': False, 'path': '/home/ssfa/ros2_ws/src/t3/turtlebot3_as', 'symlink_install': False, 'test_result_base': None}
[0.258s] Level 5:colcon.colcon_core.verb:set package 'turtlebot3_bringup' build argument 'cmake_args' from command line to 'None'
[0.258s] Level 5:colcon.colcon_core.verb:set package 'turtlebot3_bringup' build argument 'cmake_target' from command line to 'None'
[0.258s] Level 5:colcon.colcon_core.verb:set package 'turtlebot3_bringup' build argument 'cmake_target_skip_unavailable' from command line to 'False'
[0.258s] Level 5:colcon.colcon_core.verb:set package 'turtlebot3_bringup' build argument 'cmake_clean_cache' from command line to 'False'
[0.258s] Level 5:colcon.colcon_core.verb:set package 'turtlebot3_bringup' build argument 'cmake_clean_first' from command line to 'False'
[0.258s] Level 5:colcon.colcon_core.verb:set package 'turtlebot3_bringup' build argument 'cmake_force_configure' from command line to 'False'
[0.258s] Level 5:colcon.colcon_core.verb:set package 'turtlebot3_bringup' build argument 'ament_cmake_args' from command line to 'None'
[0.258s] Level 5:colcon.colcon_core.verb:set package 'turtlebot3_bringup' build argument 'catkin_cmake_args' from command line to 'None'
[0.258s] Level 5:colcon.colcon_core.verb:set package 'turtlebot3_bringup' build argument 'catkin_skip_building_tests' from command line to 'False'
[0.258s] DEBUG:colcon.colcon_core.verb:Building package 'turtlebot3_bringup' with the following arguments: {'ament_cmake_args': None, 'build_base': '/home/ssfa/ros2_ws/build/turtlebot3_bringup', 'catkin_cmake_args': None, 'catkin_skip_building_tests': False, 'cmake_args': None, 'cmake_clean_cache': False, 'cmake_clean_first': False, 'cmake_force_configure': False, 'cmake_target': None, 'cmake_target_skip_unavailable': False, 'install_base': '/home/ssfa/ros2_ws/install/turtlebot3_bringup', 'merge_install': False, 'path': '/home/ssfa/ros2_ws/src/t3/turtlebot3/turtlebot3/turtlebot3_bringup', 'symlink_install': False, 'test_result_base': None}
[0.259s] Level 5:colcon.colcon_core.verb:set package 'turtlebot3_example' build argument 'cmake_args' from command line to 'None'
[0.259s] Level 5:colcon.colcon_core.verb:set package 'turtlebot3_example' build argument 'cmake_target' from command line to 'None'
[0.259s] Level 5:colcon.colcon_core.verb:set package 'turtlebot3_example' build argument 'cmake_target_skip_unavailable' from command line to 'False'
[0.259s] Level 5:colcon.colcon_core.verb:set package 'turtlebot3_example' build argument 'cmake_clean_cache' from command line to 'False'
[0.259s] Level 5:colcon.colcon_core.verb:set package 'turtlebot3_example' build argument 'cmake_clean_first' from command line to 'False'
[0.259s] Level 5:colcon.colcon_core.verb:set package 'turtlebot3_example' build argument 'cmake_force_configure' from command line to 'False'
[0.259s] Level 5:colcon.colcon_core.verb:set package 'turtlebot3_example' build argument 'ament_cmake_args' from command line to 'None'
[0.259s] Level 5:colcon.colcon_core.verb:set package 'turtlebot3_example' build argument 'catkin_cmake_args' from command line to 'None'
[0.259s] Level 5:colcon.colcon_core.verb:set package 'turtlebot3_example' build argument 'catkin_skip_building_tests' from command line to 'False'
[0.259s] DEBUG:colcon.colcon_core.verb:Building package 'turtlebot3_example' with the following arguments: {'ament_cmake_args': None, 'build_base': '/home/ssfa/ros2_ws/build/turtlebot3_example', 'catkin_cmake_args': None, 'catkin_skip_building_tests': False, 'cmake_args': None, 'cmake_clean_cache': False, 'cmake_clean_first': False, 'cmake_force_configure': False, 'cmake_target': None, 'cmake_target_skip_unavailable': False, 'install_base': '/home/ssfa/ros2_ws/install/turtlebot3_example', 'merge_install': False, 'path': '/home/ssfa/ros2_ws/src/t3/turtlebot3/turtlebot3/turtlebot3_example', 'symlink_install': False, 'test_result_base': None}
[0.259s] Level 5:colcon.colcon_core.verb:set package 'turtlebot3_gazebo' build argument 'cmake_args' from command line to 'None'
[0.259s] Level 5:colcon.colcon_core.verb:set package 'turtlebot3_gazebo' build argument 'cmake_target' from command line to 'None'
[0.259s] Level 5:colcon.colcon_core.verb:set package 'turtlebot3_gazebo' build argument 'cmake_target_skip_unavailable' from command line to 'False'
[0.259s] Level 5:colcon.colcon_core.verb:set package 'turtlebot3_gazebo' build argument 'cmake_clean_cache' from command line to 'False'
[0.259s] Level 5:colcon.colcon_core.verb:set package 'turtlebot3_gazebo' build argument 'cmake_clean_first' from command line to 'False'
[0.259s] Level 5:colcon.colcon_core.verb:set package 'turtlebot3_gazebo' build argument 'cmake_force_configure' from command line to 'False'
[0.259s] Level 5:colcon.colcon_core.verb:set package 'turtlebot3_gazebo' build argument 'ament_cmake_args' from command line to 'None'
[0.259s] Level 5:colcon.colcon_core.verb:set package 'turtlebot3_gazebo' build argument 'catkin_cmake_args' from command line to 'None'
[0.259s] Level 5:colcon.colcon_core.verb:set package 'turtlebot3_gazebo' build argument 'catkin_skip_building_tests' from command line to 'False'
[0.259s] DEBUG:colcon.colcon_core.verb:Building package 'turtlebot3_gazebo' with the following arguments: {'ament_cmake_args': None, 'build_base': '/home/ssfa/ros2_ws/build/turtlebot3_gazebo', 'catkin_cmake_args': None, 'catkin_skip_building_tests': False, 'cmake_args': None, 'cmake_clean_cache': False, 'cmake_clean_first': False, 'cmake_force_configure': False, 'cmake_target': None, 'cmake_target_skip_unavailable': False, 'install_base': '/home/ssfa/ros2_ws/install/turtlebot3_gazebo', 'merge_install': False, 'path': '/home/ssfa/ros2_ws/src/t3/turtlebot3_simulations/turtlebot3_gazebo', 'symlink_install': False, 'test_result_base': None}
[0.259s] Level 5:colcon.colcon_core.verb:set package 'yolov8_ros' build argument 'cmake_args' from command line to 'None'
[0.259s] Level 5:colcon.colcon_core.verb:set package 'yolov8_ros' build argument 'cmake_target' from command line to 'None'
[0.259s] Level 5:colcon.colcon_core.verb:set package 'yolov8_ros' build argument 'cmake_target_skip_unavailable' from command line to 'False'
[0.259s] Level 5:colcon.colcon_core.verb:set package 'yolov8_ros' build argument 'cmake_clean_cache' from command line to 'False'
[0.259s] Level 5:colcon.colcon_core.verb:set package 'yolov8_ros' build argument 'cmake_clean_first' from command line to 'False'
[0.259s] Level 5:colcon.colcon_core.verb:set package 'yolov8_ros' build argument 'cmake_force_configure' from command line to 'False'
[0.259s] Level 5:colcon.colcon_core.verb:set package 'yolov8_ros' build argument 'ament_cmake_args' from command line to 'None'
[0.259s] Level 5:colcon.colcon_core.verb:set package 'yolov8_ros' build argument 'catkin_cmake_args' from command line to 'None'
[0.259s] Level 5:colcon.colcon_core.verb:set package 'yolov8_ros' build argument 'catkin_skip_building_tests' from command line to 'False'
[0.259s] DEBUG:colcon.colcon_core.verb:Building package 'yolov8_ros' with the following arguments: {'ament_cmake_args': None, 'build_base': '/home/ssfa/ros2_ws/build/yolov8_ros', 'catkin_cmake_args': None, 'catkin_skip_building_tests': False, 'cmake_args': None, 'cmake_clean_cache': False, 'cmake_clean_first': False, 'cmake_force_configure': False, 'cmake_target': None, 'cmake_target_skip_unavailable': False, 'install_base': '/home/ssfa/ros2_ws/install/yolov8_ros', 'merge_install': False, 'path': '/home/ssfa/ros2_ws/src/yolov8_ros/yolov8_ros', 'symlink_install': False, 'test_result_base': None}
[0.259s] Level 5:colcon.colcon_core.verb:set package 'turtlebot3' build argument 'cmake_args' from command line to 'None'
[0.259s] Level 5:colcon.colcon_core.verb:set package 'turtlebot3' build argument 'cmake_target' from command line to 'None'
[0.259s] Level 5:colcon.colcon_core.verb:set package 'turtlebot3' build argument 'cmake_target_skip_unavailable' from command line to 'False'
[0.259s] Level 5:colcon.colcon_core.verb:set package 'turtlebot3' build argument 'cmake_clean_cache' from command line to 'False'
[0.259s] Level 5:colcon.colcon_core.verb:set package 'turtlebot3' build argument 'cmake_clean_first' from command line to 'False'
[0.259s] Level 5:colcon.colcon_core.verb:set package 'turtlebot3' build argument 'cmake_force_configure' from command line to 'False'
[0.259s] Level 5:colcon.colcon_core.verb:set package 'turtlebot3' build argument 'ament_cmake_args' from command line to 'None'
[0.259s] Level 5:colcon.colcon_core.verb:set package 'turtlebot3' build argument 'catkin_cmake_args' from command line to 'None'
[0.259s] Level 5:colcon.colcon_core.verb:set package 'turtlebot3' build argument 'catkin_skip_building_tests' from command line to 'False'
[0.259s] DEBUG:colcon.colcon_core.verb:Building package 'turtlebot3' with the following arguments: {'ament_cmake_args': None, 'build_base': '/home/ssfa/ros2_ws/build/turtlebot3', 'catkin_cmake_args': None, 'catkin_skip_building_tests': False, 'cmake_args': None, 'cmake_clean_cache': False, 'cmake_clean_first': False, 'cmake_force_configure': False, 'cmake_target': None, 'cmake_target_skip_unavailable': False, 'install_base': '/home/ssfa/ros2_ws/install/turtlebot3', 'merge_install': False, 'path': '/home/ssfa/ros2_ws/src/t3/turtlebot3/turtlebot3/turtlebot3', 'symlink_install': False, 'test_result_base': None}
[0.260s] Level 5:colcon.colcon_core.verb:set package 'turtlebot3_simulations' build argument 'cmake_args' from command line to 'None'
[0.260s] Level 5:colcon.colcon_core.verb:set package 'turtlebot3_simulations' build argument 'cmake_target' from command line to 'None'
[0.260s] Level 5:colcon.colcon_core.verb:set package 'turtlebot3_simulations' build argument 'cmake_target_skip_unavailable' from command line to 'False'
[0.260s] Level 5:colcon.colcon_core.verb:set package 'turtlebot3_simulations' build argument 'cmake_clean_cache' from command line to 'False'
[0.260s] Level 5:colcon.colcon_core.verb:set package 'turtlebot3_simulations' build argument 'cmake_clean_first' from command line to 'False'
[0.260s] Level 5:colcon.colcon_core.verb:set package 'turtlebot3_simulations' build argument 'cmake_force_configure' from command line to 'False'
[0.260s] Level 5:colcon.colcon_core.verb:set package 'turtlebot3_simulations' build argument 'ament_cmake_args' from command line to 'None'
[0.260s] Level 5:colcon.colcon_core.verb:set package 'turtlebot3_simulations' build argument 'catkin_cmake_args' from command line to 'None'
[0.260s] Level 5:colcon.colcon_core.verb:set package 'turtlebot3_simulations' build argument 'catkin_skip_building_tests' from command line to 'False'
[0.260s] DEBUG:colcon.colcon_core.verb:Building package 'turtlebot3_simulations' with the following arguments: {'ament_cmake_args': None, 'build_base': '/home/ssfa/ros2_ws/build/turtlebot3_simulations', 'catkin_cmake_args': None, 'catkin_skip_building_tests': False, 'cmake_args': None, 'cmake_clean_cache': False, 'cmake_clean_first': False, 'cmake_force_configure': False, 'cmake_target': None, 'cmake_target_skip_unavailable': False, 'install_base': '/home/ssfa/ros2_ws/install/turtlebot3_simulations', 'merge_install': False, 'path': '/home/ssfa/ros2_ws/src/t3/turtlebot3_simulations/turtlebot3_simulations', 'symlink_install': False, 'test_result_base': None}
[0.260s] Level 5:colcon.colcon_core.verb:set package 'yolov8_bringup' build argument 'cmake_args' from command line to 'None'
[0.260s] Level 5:colcon.colcon_core.verb:set package 'yolov8_bringup' build argument 'cmake_target' from command line to 'None'
[0.260s] Level 5:colcon.colcon_core.verb:set package 'yolov8_bringup' build argument 'cmake_target_skip_unavailable' from command line to 'False'
[0.260s] Level 5:colcon.colcon_core.verb:set package 'yolov8_bringup' build argument 'cmake_clean_cache' from command line to 'False'
[0.260s] Level 5:colcon.colcon_core.verb:set package 'yolov8_bringup' build argument 'cmake_clean_first' from command line to 'False'
[0.260s] Level 5:colcon.colcon_core.verb:set package 'yolov8_bringup' build argument 'cmake_force_configure' from command line to 'False'
[0.260s] Level 5:colcon.colcon_core.verb:set package 'yolov8_bringup' build argument 'ament_cmake_args' from command line to 'None'
[0.260s] Level 5:colcon.colcon_core.verb:set package 'yolov8_bringup' build argument 'catkin_cmake_args' from command line to 'None'
[0.260s] Level 5:colcon.colcon_core.verb:set package 'yolov8_bringup' build argument 'catkin_skip_building_tests' from command line to 'False'
[0.260s] DEBUG:colcon.colcon_core.verb:Building package 'yolov8_bringup' with the following arguments: {'ament_cmake_args': None, 'build_base': '/home/ssfa/ros2_ws/build/yolov8_bringup', 'catkin_cmake_args': None, 'catkin_skip_building_tests': False, 'cmake_args': None, 'cmake_clean_cache': False, 'cmake_clean_first': False, 'cmake_force_configure': False, 'cmake_target': None, 'cmake_target_skip_unavailable': False, 'install_base': '/home/ssfa/ros2_ws/install/yolov8_bringup', 'merge_install': False, 'path': '/home/ssfa/ros2_ws/src/yolov8_ros/yolov8_bringup', 'symlink_install': False, 'test_result_base': None}
[0.260s] INFO:colcon.colcon_core.executor:Executing jobs using 'parallel' executor
[0.261s] DEBUG:colcon.colcon_parallel_executor.executor.parallel:run_until_complete
[0.261s] INFO:colcon.colcon_ros.task.ament_cmake.build:Building ROS package in '/home/ssfa/ros2_ws/src/t3/turtlebot3/turtlebot3/turtlebot3_description' with build type 'ament_cmake'
[0.261s] INFO:colcon.colcon_cmake.task.cmake.build:Building CMake package in '/home/ssfa/ros2_ws/src/t3/turtlebot3/turtlebot3/turtlebot3_description'
[0.263s] INFO:colcon.colcon_core.plugin_system:Skipping extension 'colcon_core.shell.bat': Not used on non-Windows systems
[0.263s] INFO:colcon.colcon_core.shell:Skip shell extension 'powershell' for command environment: Not usable outside of PowerShell
[0.263s] DEBUG:colcon.colcon_core.shell:Skip shell extension 'dsv' for command environment
[0.266s] INFO:colcon.colcon_ros.task.ament_cmake.build:Building ROS package in '/home/ssfa/ros2_ws/src/custom_interfaces' with build type 'ament_cmake'
[0.266s] INFO:colcon.colcon_cmake.task.cmake.build:Building CMake package in '/home/ssfa/ros2_ws/src/custom_interfaces'
[0.266s] INFO:colcon.colcon_core.shell:Skip shell extension 'powershell' for command environment: Not usable outside of PowerShell
[0.266s] DEBUG:colcon.colcon_core.shell:Skip shell extension 'dsv' for command environment
[0.269s] INFO:colcon.colcon_ros.task.ament_cmake.build:Building ROS package in '/home/ssfa/ros2_ws/src/t3/turtlebot3_msgs' with build type 'ament_cmake'
[0.269s] INFO:colcon.colcon_cmake.task.cmake.build:Building CMake package in '/home/ssfa/ros2_ws/src/t3/turtlebot3_msgs'
[0.269s] INFO:colcon.colcon_core.shell:Skip shell extension 'powershell' for command environment: Not usable outside of PowerShell
[0.269s] DEBUG:colcon.colcon_core.shell:Skip shell extension 'dsv' for command environment
[0.272s] INFO:colcon.colcon_ros.task.ament_cmake.build:Building ROS package in '/home/ssfa/ros2_ws/src/yolov8_ros/yolov8_msgs' with build type 'ament_cmake'
[0.272s] INFO:colcon.colcon_cmake.task.cmake.build:Building CMake package in '/home/ssfa/ros2_ws/src/yolov8_ros/yolov8_msgs'
[0.272s] INFO:colcon.colcon_core.shell:Skip shell extension 'powershell' for command environment: Not usable outside of PowerShell
[0.272s] DEBUG:colcon.colcon_core.shell:Skip shell extension 'dsv' for command environment
[0.274s] INFO:colcon.colcon_ros.task.ament_cmake.build:Building ROS package in '/home/ssfa/ros2_ws/src/t3/t3_action_msg' with build type 'ament_cmake'
[0.274s] INFO:colcon.colcon_cmake.task.cmake.build:Building CMake package in '/home/ssfa/ros2_ws/src/t3/t3_action_msg'
[0.275s] INFO:colcon.colcon_core.shell:Skip shell extension 'powershell' for command environment: Not usable outside of PowerShell
[0.275s] DEBUG:colcon.colcon_core.shell:Skip shell extension 'dsv' for command environment
[0.277s] INFO:colcon.colcon_ros.task.ament_cmake.build:Building ROS package in '/home/ssfa/ros2_ws/src/t3/turtlebot3/turtlebot3/turtlebot3_cartographer' with build type 'ament_cmake'
[0.277s] INFO:colcon.colcon_cmake.task.cmake.build:Building CMake package in '/home/ssfa/ros2_ws/src/t3/turtlebot3/turtlebot3/turtlebot3_cartographer'
[0.277s] INFO:colcon.colcon_core.shell:Skip shell extension 'powershell' for command environment: Not usable outside of PowerShell
[0.277s] DEBUG:colcon.colcon_core.shell:Skip shell extension 'dsv' for command environment
[0.280s] INFO:colcon.colcon_ros.task.ament_cmake.build:Building ROS package in '/home/ssfa/ros2_ws/src/t3/turtlebot3/turtlebot3/turtlebot3_navigation2' with build type 'ament_cmake'
[0.280s] INFO:colcon.colcon_cmake.task.cmake.build:Building CMake package in '/home/ssfa/ros2_ws/src/t3/turtlebot3/turtlebot3/turtlebot3_navigation2'
[0.280s] INFO:colcon.colcon_core.shell:Skip shell extension 'powershell' for command environment: Not usable outside of PowerShell
[0.280s] DEBUG:colcon.colcon_core.shell:Skip shell extension 'dsv' for command environment
[0.283s] INFO:colcon.colcon_ros.task.ament_python.build:Building ROS package in '/home/ssfa/ros2_ws/src/t3/turtlebot3/turtlebot3/turtlebot3_teleop' with build type 'ament_python'
[0.283s] Level 1:colcon.colcon_core.shell:create_environment_hook('turtlebot3_teleop', 'ament_prefix_path')
[0.284s] INFO:colcon.colcon_core.shell:Creating environment hook '/home/ssfa/ros2_ws/install/turtlebot3_teleop/share/turtlebot3_teleop/hook/ament_prefix_path.ps1'
[0.284s] INFO:colcon.colcon_core.shell:Creating environment descriptor '/home/ssfa/ros2_ws/install/turtlebot3_teleop/share/turtlebot3_teleop/hook/ament_prefix_path.dsv'
[0.284s] INFO:colcon.colcon_core.shell:Creating environment hook '/home/ssfa/ros2_ws/install/turtlebot3_teleop/share/turtlebot3_teleop/hook/ament_prefix_path.sh'
[0.285s] INFO:colcon.colcon_core.shell:Skip shell extension 'powershell' for command environment: Not usable outside of PowerShell
[0.285s] DEBUG:colcon.colcon_core.shell:Skip shell extension 'dsv' for command environment
[0.287s] INFO:colcon.colcon_ros.task.ament_python.build:Building ROS package in '/home/ssfa/ros2_ws/src/client_pkg' with build type 'ament_python'
[0.287s] Level 1:colcon.colcon_core.shell:create_environment_hook('client_pkg', 'ament_prefix_path')
[0.287s] INFO:colcon.colcon_core.shell:Creating environment hook '/home/ssfa/ros2_ws/install/client_pkg/share/client_pkg/hook/ament_prefix_path.ps1'
[0.288s] INFO:colcon.colcon_core.shell:Creating environment descriptor '/home/ssfa/ros2_ws/install/client_pkg/share/client_pkg/hook/ament_prefix_path.dsv'
[0.288s] INFO:colcon.colcon_core.shell:Creating environment hook '/home/ssfa/ros2_ws/install/client_pkg/share/client_pkg/hook/ament_prefix_path.sh'
[0.288s] INFO:colcon.colcon_core.shell:Skip shell extension 'powershell' for command environment: Not usable outside of PowerShell
[0.288s] DEBUG:colcon.colcon_core.shell:Skip shell extension 'dsv' for command environment
[0.290s] INFO:colcon.colcon_ros.task.ament_python.build:Building ROS package in '/home/ssfa/ros2_ws/src/cv_basics' with build type 'ament_python'
[0.291s] Level 1:colcon.colcon_core.shell:create_environment_hook('cv_basics', 'ament_prefix_path')
[0.291s] INFO:colcon.colcon_core.shell:Creating environment hook '/home/ssfa/ros2_ws/install/cv_basics/share/cv_basics/hook/ament_prefix_path.ps1'
[0.291s] INFO:colcon.colcon_core.shell:Creating environment descriptor '/home/ssfa/ros2_ws/install/cv_basics/share/cv_basics/hook/ament_prefix_path.dsv'
[0.291s] INFO:colcon.colcon_core.shell:Creating environment hook '/home/ssfa/ros2_ws/install/cv_basics/share/cv_basics/hook/ament_prefix_path.sh'
[0.291s] INFO:colcon.colcon_core.shell:Skip shell extension 'powershell' for command environment: Not usable outside of PowerShell
[0.291s] DEBUG:colcon.colcon_core.shell:Skip shell extension 'dsv' for command environment
[0.294s] INFO:colcon.colcon_ros.task.ament_cmake.build:Building ROS package in '/home/ssfa/ros2_ws/src/t3/DynamixelSDK/dynamixel_sdk' with build type 'ament_cmake'
[0.294s] INFO:colcon.colcon_cmake.task.cmake.build:Building CMake package in '/home/ssfa/ros2_ws/src/t3/DynamixelSDK/dynamixel_sdk'
[0.294s] INFO:colcon.colcon_core.shell:Skip shell extension 'powershell' for command environment: Not usable outside of PowerShell
[0.294s] DEBUG:colcon.colcon_core.shell:Skip shell extension 'dsv' for command environment
[0.296s] INFO:colcon.colcon_ros.task.ament_python.build:Building ROS package in '/home/ssfa/ros2_ws/src/exercise_pkg' with build type 'ament_python'
[0.296s] Level 1:colcon.colcon_core.shell:create_environment_hook('exercise_pkg', 'ament_prefix_path')
[0.297s] INFO:colcon.colcon_core.shell:Creating environment hook '/home/ssfa/ros2_ws/install/exercise_pkg/share/exercise_pkg/hook/ament_prefix_path.ps1'
[0.297s] INFO:colcon.colcon_core.shell:Creating environment descriptor '/home/ssfa/ros2_ws/install/exercise_pkg/share/exercise_pkg/hook/ament_prefix_path.dsv'
[0.297s] INFO:colcon.colcon_core.shell:Creating environment hook '/home/ssfa/ros2_ws/install/exercise_pkg/share/exercise_pkg/hook/ament_prefix_path.sh'
[0.297s] INFO:colcon.colcon_core.shell:Skip shell extension 'powershell' for command environment: Not usable outside of PowerShell
[0.297s] DEBUG:colcon.colcon_core.shell:Skip shell extension 'dsv' for command environment
[0.303s] DEBUG:colcon.colcon_core.event_handler.log_command:Invoking command in '/home/ssfa/ros2_ws/build/turtlebot3_description': CMAKE_PREFIX_PATH=${CMAKE_PREFIX_PATH}:/home/ssfa/ros2_ws/install/shape_detector:/home/ssfa/ros2_ws/install/yolov8_ros:/home/ssfa/ros2_ws/install/turtlebot3_teleop:/home/ssfa/ros2_ws/install/turtlebot3_example:/home/ssfa/ros2_ws/install/topic_exercise:/home/ssfa/ros2_ws/install/subscriber_pkg:/home/ssfa/ros2_ws/install/services_pkg:/home/ssfa/ros2_ws/install/publisher_pkg:/home/ssfa/ros2_ws/install/my_package:/home/ssfa/ros2_ws/install/movement_pkg:/home/ssfa/ros2_ws/install/exercise_pkg:/home/ssfa/ros2_ws/install/cv_basics:/home/ssfa/ros2_ws/install/custom_interface_example:/home/ssfa/ros2_ws/install/client_pkg:/opt/ros/humble /usr/bin/cmake /home/ssfa/ros2_ws/src/t3/turtlebot3/turtlebot3/turtlebot3_description -DCMAKE_INSTALL_PREFIX=/home/ssfa/ros2_ws/install/turtlebot3_description
[0.307s] DEBUG:colcon.colcon_core.event_handler.log_command:Invoking command in '/home/ssfa/ros2_ws/build/custom_interfaces': CMAKE_PREFIX_PATH=${CMAKE_PREFIX_PATH}:/home/ssfa/ros2_ws/install/shape_detector:/home/ssfa/ros2_ws/install/yolov8_ros:/home/ssfa/ros2_ws/install/turtlebot3_teleop:/home/ssfa/ros2_ws/install/turtlebot3_example:/home/ssfa/ros2_ws/install/topic_exercise:/home/ssfa/ros2_ws/install/subscriber_pkg:/home/ssfa/ros2_ws/install/services_pkg:/home/ssfa/ros2_ws/install/publisher_pkg:/home/ssfa/ros2_ws/install/my_package:/home/ssfa/ros2_ws/install/movement_pkg:/home/ssfa/ros2_ws/install/exercise_pkg:/home/ssfa/ros2_ws/install/cv_basics:/home/ssfa/ros2_ws/install/custom_interface_example:/home/ssfa/ros2_ws/install/client_pkg:/opt/ros/humble /usr/bin/cmake /home/ssfa/ros2_ws/src/custom_interfaces -DCMAKE_INSTALL_PREFIX=/home/ssfa/ros2_ws/install/custom_interfaces
[0.309s] DEBUG:colcon.colcon_core.event_handler.log_command:Invoking command in '/home/ssfa/ros2_ws/build/turtlebot3_msgs': CMAKE_PREFIX_PATH=${CMAKE_PREFIX_PATH}:/home/ssfa/ros2_ws/install/shape_detector:/home/ssfa/ros2_ws/install/yolov8_ros:/home/ssfa/ros2_ws/install/turtlebot3_teleop:/home/ssfa/ros2_ws/install/turtlebot3_example:/home/ssfa/ros2_ws/install/topic_exercise:/home/ssfa/ros2_ws/install/subscriber_pkg:/home/ssfa/ros2_ws/install/services_pkg:/home/ssfa/ros2_ws/install/publisher_pkg:/home/ssfa/ros2_ws/install/my_package:/home/ssfa/ros2_ws/install/movement_pkg:/home/ssfa/ros2_ws/install/exercise_pkg:/home/ssfa/ros2_ws/install/cv_basics:/home/ssfa/ros2_ws/install/custom_interface_example:/home/ssfa/ros2_ws/install/client_pkg:/opt/ros/humble /usr/bin/cmake /home/ssfa/ros2_ws/src/t3/turtlebot3_msgs -DCMAKE_INSTALL_PREFIX=/home/ssfa/ros2_ws/install/turtlebot3_msgs
[0.312s] DEBUG:colcon.colcon_core.event_handler.log_command:Invoking command in '/home/ssfa/ros2_ws/build/yolov8_msgs': CMAKE_PREFIX_PATH=${CMAKE_PREFIX_PATH}:/home/ssfa/ros2_ws/install/shape_detector:/home/ssfa/ros2_ws/install/yolov8_ros:/home/ssfa/ros2_ws/install/turtlebot3_teleop:/home/ssfa/ros2_ws/install/turtlebot3_example:/home/ssfa/ros2_ws/install/topic_exercise:/home/ssfa/ros2_ws/install/subscriber_pkg:/home/ssfa/ros2_ws/install/services_pkg:/home/ssfa/ros2_ws/install/publisher_pkg:/home/ssfa/ros2_ws/install/my_package:/home/ssfa/ros2_ws/install/movement_pkg:/home/ssfa/ros2_ws/install/exercise_pkg:/home/ssfa/ros2_ws/install/cv_basics:/home/ssfa/ros2_ws/install/custom_interface_example:/home/ssfa/ros2_ws/install/client_pkg:/opt/ros/humble /usr/bin/cmake /home/ssfa/ros2_ws/src/yolov8_ros/yolov8_msgs -DCMAKE_INSTALL_PREFIX=/home/ssfa/ros2_ws/install/yolov8_msgs
[0.315s] DEBUG:colcon.colcon_core.event_handler.log_command:Invoking command in '/home/ssfa/ros2_ws/build/t3_action_msg': CMAKE_PREFIX_PATH=${CMAKE_PREFIX_PATH}:/home/ssfa/ros2_ws/install/shape_detector:/home/ssfa/ros2_ws/install/yolov8_ros:/home/ssfa/ros2_ws/install/turtlebot3_teleop:/home/ssfa/ros2_ws/install/turtlebot3_example:/home/ssfa/ros2_ws/install/topic_exercise:/home/ssfa/ros2_ws/install/subscriber_pkg:/home/ssfa/ros2_ws/install/services_pkg:/home/ssfa/ros2_ws/install/publisher_pkg:/home/ssfa/ros2_ws/install/my_package:/home/ssfa/ros2_ws/install/movement_pkg:/home/ssfa/ros2_ws/install/exercise_pkg:/home/ssfa/ros2_ws/install/cv_basics:/home/ssfa/ros2_ws/install/custom_interface_example:/home/ssfa/ros2_ws/install/client_pkg:/opt/ros/humble /usr/bin/cmake /home/ssfa/ros2_ws/src/t3/t3_action_msg -DCMAKE_INSTALL_PREFIX=/home/ssfa/ros2_ws/install/t3_action_msg
[0.318s] DEBUG:colcon.colcon_core.event_handler.log_command:Invoking command in '/home/ssfa/ros2_ws/build/turtlebot3_cartographer': CMAKE_PREFIX_PATH=${CMAKE_PREFIX_PATH}:/home/ssfa/ros2_ws/install/shape_detector:/home/ssfa/ros2_ws/install/yolov8_ros:/home/ssfa/ros2_ws/install/turtlebot3_teleop:/home/ssfa/ros2_ws/install/turtlebot3_example:/home/ssfa/ros2_ws/install/topic_exercise:/home/ssfa/ros2_ws/install/subscriber_pkg:/home/ssfa/ros2_ws/install/services_pkg:/home/ssfa/ros2_ws/install/publisher_pkg:/home/ssfa/ros2_ws/install/my_package:/home/ssfa/ros2_ws/install/movement_pkg:/home/ssfa/ros2_ws/install/exercise_pkg:/home/ssfa/ros2_ws/install/cv_basics:/home/ssfa/ros2_ws/install/custom_interface_example:/home/ssfa/ros2_ws/install/client_pkg:/opt/ros/humble /usr/bin/cmake /home/ssfa/ros2_ws/src/t3/turtlebot3/turtlebot3/turtlebot3_cartographer -DCMAKE_INSTALL_PREFIX=/home/ssfa/ros2_ws/install/turtlebot3_cartographer
[0.321s] DEBUG:colcon.colcon_core.event_handler.log_command:Invoking command in '/home/ssfa/ros2_ws/build/turtlebot3_navigation2': CMAKE_PREFIX_PATH=${CMAKE_PREFIX_PATH}:/home/ssfa/ros2_ws/install/shape_detector:/home/ssfa/ros2_ws/install/yolov8_ros:/home/ssfa/ros2_ws/install/turtlebot3_teleop:/home/ssfa/ros2_ws/install/turtlebot3_example:/home/ssfa/ros2_ws/install/topic_exercise:/home/ssfa/ros2_ws/install/subscriber_pkg:/home/ssfa/ros2_ws/install/services_pkg:/home/ssfa/ros2_ws/install/publisher_pkg:/home/ssfa/ros2_ws/install/my_package:/home/ssfa/ros2_ws/install/movement_pkg:/home/ssfa/ros2_ws/install/exercise_pkg:/home/ssfa/ros2_ws/install/cv_basics:/home/ssfa/ros2_ws/install/custom_interface_example:/home/ssfa/ros2_ws/install/client_pkg:/opt/ros/humble /usr/bin/cmake /home/ssfa/ros2_ws/src/t3/turtlebot3/turtlebot3/turtlebot3_navigation2 -DCMAKE_INSTALL_PREFIX=/home/ssfa/ros2_ws/install/turtlebot3_navigation2
[0.569s] INFO:colcon.colcon_core.task.python.build:Building Python package in '/home/ssfa/ros2_ws/src/t3/turtlebot3/turtlebot3/turtlebot3_teleop'
[0.570s] INFO:colcon.colcon_core.shell:Skip shell extension 'powershell' for command environment: Not usable outside of PowerShell
[0.570s] DEBUG:colcon.colcon_core.shell:Skip shell extension 'dsv' for command environment
[0.781s] INFO:colcon.colcon_core.task.python.build:Building Python package in '/home/ssfa/ros2_ws/src/client_pkg'
[0.781s] INFO:colcon.colcon_core.shell:Skip shell extension 'powershell' for command environment: Not usable outside of PowerShell
[0.781s] DEBUG:colcon.colcon_core.shell:Skip shell extension 'dsv' for command environment
[0.971s] INFO:colcon.colcon_core.task.python.build:Building Python package in '/home/ssfa/ros2_ws/src/cv_basics'
[0.971s] INFO:colcon.colcon_core.shell:Skip shell extension 'powershell' for command environment: Not usable outside of PowerShell
[0.971s] DEBUG:colcon.colcon_core.shell:Skip shell extension 'dsv' for command environment
[0.979s] DEBUG:colcon.colcon_core.event_handler.log_command:Invoking command in '/home/ssfa/ros2_ws/build/dynamixel_sdk': CMAKE_PREFIX_PATH=${CMAKE_PREFIX_PATH}:/home/ssfa/ros2_ws/install/shape_detector:/home/ssfa/ros2_ws/install/yolov8_ros:/home/ssfa/ros2_ws/install/turtlebot3_teleop:/home/ssfa/ros2_ws/install/turtlebot3_example:/home/ssfa/ros2_ws/install/topic_exercise:/home/ssfa/ros2_ws/install/subscriber_pkg:/home/ssfa/ros2_ws/install/services_pkg:/home/ssfa/ros2_ws/install/publisher_pkg:/home/ssfa/ros2_ws/install/my_package:/home/ssfa/ros2_ws/install/movement_pkg:/home/ssfa/ros2_ws/install/exercise_pkg:/home/ssfa/ros2_ws/install/cv_basics:/home/ssfa/ros2_ws/install/custom_interface_example:/home/ssfa/ros2_ws/install/client_pkg:/opt/ros/humble /usr/bin/cmake /home/ssfa/ros2_ws/src/t3/DynamixelSDK/dynamixel_sdk -DCMAKE_INSTALL_PREFIX=/home/ssfa/ros2_ws/install/dynamixel_sdk
[1.181s] INFO:colcon.colcon_core.task.python.build:Building Python package in '/home/ssfa/ros2_ws/src/exercise_pkg'
[1.181s] INFO:colcon.colcon_core.shell:Skip shell extension 'powershell' for command environment: Not usable outside of PowerShell
[1.181s] DEBUG:colcon.colcon_core.shell:Skip shell extension 'dsv' for command environment
[1.201s] DEBUG:colcon.colcon_core.event_handler.log_command:Invoked command in '/home/ssfa/ros2_ws/build/turtlebot3_description' returned '0': CMAKE_PREFIX_PATH=${CMAKE_PREFIX_PATH}:/home/ssfa/ros2_ws/install/shape_detector:/home/ssfa/ros2_ws/install/yolov8_ros:/home/ssfa/ros2_ws/install/turtlebot3_teleop:/home/ssfa/ros2_ws/install/turtlebot3_example:/home/ssfa/ros2_ws/install/topic_exercise:/home/ssfa/ros2_ws/install/subscriber_pkg:/home/ssfa/ros2_ws/install/services_pkg:/home/ssfa/ros2_ws/install/publisher_pkg:/home/ssfa/ros2_ws/install/my_package:/home/ssfa/ros2_ws/install/movement_pkg:/home/ssfa/ros2_ws/install/exercise_pkg:/home/ssfa/ros2_ws/install/cv_basics:/home/ssfa/ros2_ws/install/custom_interface_example:/home/ssfa/ros2_ws/install/client_pkg:/opt/ros/humble /usr/bin/cmake /home/ssfa/ros2_ws/src/t3/turtlebot3/turtlebot3/turtlebot3_description -DCMAKE_INSTALL_PREFIX=/home/ssfa/ros2_ws/install/turtlebot3_description
[1.201s] DEBUG:colcon.colcon_core.event_handler.log_command:Invoking command in '/home/ssfa/ros2_ws/build/turtlebot3_description': CMAKE_PREFIX_PATH=${CMAKE_PREFIX_PATH}:/home/ssfa/ros2_ws/install/shape_detector:/home/ssfa/ros2_ws/install/yolov8_ros:/home/ssfa/ros2_ws/install/turtlebot3_teleop:/home/ssfa/ros2_ws/install/turtlebot3_example:/home/ssfa/ros2_ws/install/topic_exercise:/home/ssfa/ros2_ws/install/subscriber_pkg:/home/ssfa/ros2_ws/install/services_pkg:/home/ssfa/ros2_ws/install/publisher_pkg:/home/ssfa/ros2_ws/install/my_package:/home/ssfa/ros2_ws/install/movement_pkg:/home/ssfa/ros2_ws/install/exercise_pkg:/home/ssfa/ros2_ws/install/cv_basics:/home/ssfa/ros2_ws/install/custom_interface_example:/home/ssfa/ros2_ws/install/client_pkg:/opt/ros/humble /usr/bin/cmake --build /home/ssfa/ros2_ws/build/turtlebot3_description -- -j12 -l12
[1.202s] DEBUG:colcon.colcon_core.event_handler.log_command:Invoked command in '/home/ssfa/ros2_ws/build/turtlebot3_cartographer' returned '0': CMAKE_PREFIX_PATH=${CMAKE_PREFIX_PATH}:/home/ssfa/ros2_ws/install/shape_detector:/home/ssfa/ros2_ws/install/yolov8_ros:/home/ssfa/ros2_ws/install/turtlebot3_teleop:/home/ssfa/ros2_ws/install/turtlebot3_example:/home/ssfa/ros2_ws/install/topic_exercise:/home/ssfa/ros2_ws/install/subscriber_pkg:/home/ssfa/ros2_ws/install/services_pkg:/home/ssfa/ros2_ws/install/publisher_pkg:/home/ssfa/ros2_ws/install/my_package:/home/ssfa/ros2_ws/install/movement_pkg:/home/ssfa/ros2_ws/install/exercise_pkg:/home/ssfa/ros2_ws/install/cv_basics:/home/ssfa/ros2_ws/install/custom_interface_example:/home/ssfa/ros2_ws/install/client_pkg:/opt/ros/humble /usr/bin/cmake /home/ssfa/ros2_ws/src/t3/turtlebot3/turtlebot3/turtlebot3_cartographer -DCMAKE_INSTALL_PREFIX=/home/ssfa/ros2_ws/install/turtlebot3_cartographer
[1.203s] DEBUG:colcon.colcon_core.event_handler.log_command:Invoking command in '/home/ssfa/ros2_ws/build/turtlebot3_cartographer': CMAKE_PREFIX_PATH=${CMAKE_PREFIX_PATH}:/home/ssfa/ros2_ws/install/shape_detector:/home/ssfa/ros2_ws/install/yolov8_ros:/home/ssfa/ros2_ws/install/turtlebot3_teleop:/home/ssfa/ros2_ws/install/turtlebot3_example:/home/ssfa/ros2_ws/install/topic_exercise:/home/ssfa/ros2_ws/install/subscriber_pkg:/home/ssfa/ros2_ws/install/services_pkg:/home/ssfa/ros2_ws/install/publisher_pkg:/home/ssfa/ros2_ws/install/my_package:/home/ssfa/ros2_ws/install/movement_pkg:/home/ssfa/ros2_ws/install/exercise_pkg:/home/ssfa/ros2_ws/install/cv_basics:/home/ssfa/ros2_ws/install/custom_interface_example:/home/ssfa/ros2_ws/install/client_pkg:/opt/ros/humble /usr/bin/cmake --build /home/ssfa/ros2_ws/build/turtlebot3_cartographer -- -j12 -l12
[1.203s] DEBUG:colcon.colcon_core.event_handler.log_command:Invoked command in '/home/ssfa/ros2_ws/build/turtlebot3_navigation2' returned '0': CMAKE_PREFIX_PATH=${CMAKE_PREFIX_PATH}:/home/ssfa/ros2_ws/install/shape_detector:/home/ssfa/ros2_ws/install/yolov8_ros:/home/ssfa/ros2_ws/install/turtlebot3_teleop:/home/ssfa/ros2_ws/install/turtlebot3_example:/home/ssfa/ros2_ws/install/topic_exercise:/home/ssfa/ros2_ws/install/subscriber_pkg:/home/ssfa/ros2_ws/install/services_pkg:/home/ssfa/ros2_ws/install/publisher_pkg:/home/ssfa/ros2_ws/install/my_package:/home/ssfa/ros2_ws/install/movement_pkg:/home/ssfa/ros2_ws/install/exercise_pkg:/home/ssfa/ros2_ws/install/cv_basics:/home/ssfa/ros2_ws/install/custom_interface_example:/home/ssfa/ros2_ws/install/client_pkg:/opt/ros/humble /usr/bin/cmake /home/ssfa/ros2_ws/src/t3/turtlebot3/turtlebot3/turtlebot3_navigation2 -DCMAKE_INSTALL_PREFIX=/home/ssfa/ros2_ws/install/turtlebot3_navigation2
[1.204s] DEBUG:colcon.colcon_core.event_handler.log_command:Invoking command in '/home/ssfa/ros2_ws/build/turtlebot3_navigation2': CMAKE_PREFIX_PATH=${CMAKE_PREFIX_PATH}:/home/ssfa/ros2_ws/install/shape_detector:/home/ssfa/ros2_ws/install/yolov8_ros:/home/ssfa/ros2_ws/install/turtlebot3_teleop:/home/ssfa/ros2_ws/install/turtlebot3_example:/home/ssfa/ros2_ws/install/topic_exercise:/home/ssfa/ros2_ws/install/subscriber_pkg:/home/ssfa/ros2_ws/install/services_pkg:/home/ssfa/ros2_ws/install/publisher_pkg:/home/ssfa/ros2_ws/install/my_package:/home/ssfa/ros2_ws/install/movement_pkg:/home/ssfa/ros2_ws/install/exercise_pkg:/home/ssfa/ros2_ws/install/cv_basics:/home/ssfa/ros2_ws/install/custom_interface_example:/home/ssfa/ros2_ws/install/client_pkg:/opt/ros/humble /usr/bin/cmake --build /home/ssfa/ros2_ws/build/turtlebot3_navigation2 -- -j12 -l12
[1.239s] DEBUG:colcon.colcon_core.event_handler.log_command:Invoked command in '/home/ssfa/ros2_ws/build/turtlebot3_description' returned '0': CMAKE_PREFIX_PATH=${CMAKE_PREFIX_PATH}:/home/ssfa/ros2_ws/install/shape_detector:/home/ssfa/ros2_ws/install/yolov8_ros:/home/ssfa/ros2_ws/install/turtlebot3_teleop:/home/ssfa/ros2_ws/install/turtlebot3_example:/home/ssfa/ros2_ws/install/topic_exercise:/home/ssfa/ros2_ws/install/subscriber_pkg:/home/ssfa/ros2_ws/install/services_pkg:/home/ssfa/ros2_ws/install/publisher_pkg:/home/ssfa/ros2_ws/install/my_package:/home/ssfa/ros2_ws/install/movement_pkg:/home/ssfa/ros2_ws/install/exercise_pkg:/home/ssfa/ros2_ws/install/cv_basics:/home/ssfa/ros2_ws/install/custom_interface_example:/home/ssfa/ros2_ws/install/client_pkg:/opt/ros/humble /usr/bin/cmake --build /home/ssfa/ros2_ws/build/turtlebot3_description -- -j12 -l12
[1.257s] DEBUG:colcon.colcon_core.event_handler.log_command:Invoked command in '/home/ssfa/ros2_ws/build/turtlebot3_navigation2' returned '0': CMAKE_PREFIX_PATH=${CMAKE_PREFIX_PATH}:/home/ssfa/ros2_ws/install/shape_detector:/home/ssfa/ros2_ws/install/yolov8_ros:/home/ssfa/ros2_ws/install/turtlebot3_teleop:/home/ssfa/ros2_ws/install/turtlebot3_example:/home/ssfa/ros2_ws/install/topic_exercise:/home/ssfa/ros2_ws/install/subscriber_pkg:/home/ssfa/ros2_ws/install/services_pkg:/home/ssfa/ros2_ws/install/publisher_pkg:/home/ssfa/ros2_ws/install/my_package:/home/ssfa/ros2_ws/install/movement_pkg:/home/ssfa/ros2_ws/install/exercise_pkg:/home/ssfa/ros2_ws/install/cv_basics:/home/ssfa/ros2_ws/install/custom_interface_example:/home/ssfa/ros2_ws/install/client_pkg:/opt/ros/humble /usr/bin/cmake --build /home/ssfa/ros2_ws/build/turtlebot3_navigation2 -- -j12 -l12
[1.258s] DEBUG:colcon.colcon_core.event_handler.log_command:Invoked command in '/home/ssfa/ros2_ws/build/dynamixel_sdk' returned '0': CMAKE_PREFIX_PATH=${CMAKE_PREFIX_PATH}:/home/ssfa/ros2_ws/install/shape_detector:/home/ssfa/ros2_ws/install/yolov8_ros:/home/ssfa/ros2_ws/install/turtlebot3_teleop:/home/ssfa/ros2_ws/install/turtlebot3_example:/home/ssfa/ros2_ws/install/topic_exercise:/home/ssfa/ros2_ws/install/subscriber_pkg:/home/ssfa/ros2_ws/install/services_pkg:/home/ssfa/ros2_ws/install/publisher_pkg:/home/ssfa/ros2_ws/install/my_package:/home/ssfa/ros2_ws/install/movement_pkg:/home/ssfa/ros2_ws/install/exercise_pkg:/home/ssfa/ros2_ws/install/cv_basics:/home/ssfa/ros2_ws/install/custom_interface_example:/home/ssfa/ros2_ws/install/client_pkg:/opt/ros/humble /usr/bin/cmake /home/ssfa/ros2_ws/src/t3/DynamixelSDK/dynamixel_sdk -DCMAKE_INSTALL_PREFIX=/home/ssfa/ros2_ws/install/dynamixel_sdk
[1.259s] DEBUG:colcon.colcon_core.event_handler.log_command:Invoking command in '/home/ssfa/ros2_ws/build/dynamixel_sdk': CMAKE_PREFIX_PATH=${CMAKE_PREFIX_PATH}:/home/ssfa/ros2_ws/install/shape_detector:/home/ssfa/ros2_ws/install/yolov8_ros:/home/ssfa/ros2_ws/install/turtlebot3_teleop:/home/ssfa/ros2_ws/install/turtlebot3_example:/home/ssfa/ros2_ws/install/topic_exercise:/home/ssfa/ros2_ws/install/subscriber_pkg:/home/ssfa/ros2_ws/install/services_pkg:/home/ssfa/ros2_ws/install/publisher_pkg:/home/ssfa/ros2_ws/install/my_package:/home/ssfa/ros2_ws/install/movement_pkg:/home/ssfa/ros2_ws/install/exercise_pkg:/home/ssfa/ros2_ws/install/cv_basics:/home/ssfa/ros2_ws/install/custom_interface_example:/home/ssfa/ros2_ws/install/client_pkg:/opt/ros/humble /usr/bin/cmake --build /home/ssfa/ros2_ws/build/dynamixel_sdk -- -j12 -l12
[1.261s] DEBUG:colcon.colcon_core.event_handler.log_command:Invoked command in '/home/ssfa/ros2_ws/build/turtlebot3_cartographer' returned '0': CMAKE_PREFIX_PATH=${CMAKE_PREFIX_PATH}:/home/ssfa/ros2_ws/install/shape_detector:/home/ssfa/ros2_ws/install/yolov8_ros:/home/ssfa/ros2_ws/install/turtlebot3_teleop:/home/ssfa/ros2_ws/install/turtlebot3_example:/home/ssfa/ros2_ws/install/topic_exercise:/home/ssfa/ros2_ws/install/subscriber_pkg:/home/ssfa/ros2_ws/install/services_pkg:/home/ssfa/ros2_ws/install/publisher_pkg:/home/ssfa/ros2_ws/install/my_package:/home/ssfa/ros2_ws/install/movement_pkg:/home/ssfa/ros2_ws/install/exercise_pkg:/home/ssfa/ros2_ws/install/cv_basics:/home/ssfa/ros2_ws/install/custom_interface_example:/home/ssfa/ros2_ws/install/client_pkg:/opt/ros/humble /usr/bin/cmake --build /home/ssfa/ros2_ws/build/turtlebot3_cartographer -- -j12 -l12
[1.308s] DEBUG:colcon.colcon_core.event_handler.log_command:Invoking command in '/home/ssfa/ros2_ws/build/turtlebot3_cartographer': CMAKE_PREFIX_PATH=${CMAKE_PREFIX_PATH}:/home/ssfa/ros2_ws/install/shape_detector:/home/ssfa/ros2_ws/install/yolov8_ros:/home/ssfa/ros2_ws/install/turtlebot3_teleop:/home/ssfa/ros2_ws/install/turtlebot3_example:/home/ssfa/ros2_ws/install/topic_exercise:/home/ssfa/ros2_ws/install/subscriber_pkg:/home/ssfa/ros2_ws/install/services_pkg:/home/ssfa/ros2_ws/install/publisher_pkg:/home/ssfa/ros2_ws/install/my_package:/home/ssfa/ros2_ws/install/movement_pkg:/home/ssfa/ros2_ws/install/exercise_pkg:/home/ssfa/ros2_ws/install/cv_basics:/home/ssfa/ros2_ws/install/custom_interface_example:/home/ssfa/ros2_ws/install/client_pkg:/opt/ros/humble /usr/bin/cmake --install /home/ssfa/ros2_ws/build/turtlebot3_cartographer
[1.311s] DEBUG:colcon.colcon_core.event_handler.log_command:Invoking command in '/home/ssfa/ros2_ws/build/turtlebot3_navigation2': CMAKE_PREFIX_PATH=${CMAKE_PREFIX_PATH}:/home/ssfa/ros2_ws/install/shape_detector:/home/ssfa/ros2_ws/install/yolov8_ros:/home/ssfa/ros2_ws/install/turtlebot3_teleop:/home/ssfa/ros2_ws/install/turtlebot3_example:/home/ssfa/ros2_ws/install/topic_exercise:/home/ssfa/ros2_ws/install/subscriber_pkg:/home/ssfa/ros2_ws/install/services_pkg:/home/ssfa/ros2_ws/install/publisher_pkg:/home/ssfa/ros2_ws/install/my_package:/home/ssfa/ros2_ws/install/movement_pkg:/home/ssfa/ros2_ws/install/exercise_pkg:/home/ssfa/ros2_ws/install/cv_basics:/home/ssfa/ros2_ws/install/custom_interface_example:/home/ssfa/ros2_ws/install/client_pkg:/opt/ros/humble /usr/bin/cmake --install /home/ssfa/ros2_ws/build/turtlebot3_navigation2
[1.313s] DEBUG:colcon.colcon_core.event_handler.log_command:Invoking command in '/home/ssfa/ros2_ws/build/turtlebot3_description': CMAKE_PREFIX_PATH=${CMAKE_PREFIX_PATH}:/home/ssfa/ros2_ws/install/shape_detector:/home/ssfa/ros2_ws/install/yolov8_ros:/home/ssfa/ros2_ws/install/turtlebot3_teleop:/home/ssfa/ros2_ws/install/turtlebot3_example:/home/ssfa/ros2_ws/install/topic_exercise:/home/ssfa/ros2_ws/install/subscriber_pkg:/home/ssfa/ros2_ws/install/services_pkg:/home/ssfa/ros2_ws/install/publisher_pkg:/home/ssfa/ros2_ws/install/my_package:/home/ssfa/ros2_ws/install/movement_pkg:/home/ssfa/ros2_ws/install/exercise_pkg:/home/ssfa/ros2_ws/install/cv_basics:/home/ssfa/ros2_ws/install/custom_interface_example:/home/ssfa/ros2_ws/install/client_pkg:/opt/ros/humble /usr/bin/cmake --install /home/ssfa/ros2_ws/build/turtlebot3_description
[1.336s] Level 1:colcon.colcon_core.environment:create_environment_scripts_only(turtlebot3_cartographer)
[1.338s] DEBUG:colcon.colcon_core.event_handler.log_command:Invoked command in '/home/ssfa/ros2_ws/build/turtlebot3_cartographer' returned '0': CMAKE_PREFIX_PATH=${CMAKE_PREFIX_PATH}:/home/ssfa/ros2_ws/install/shape_detector:/home/ssfa/ros2_ws/install/yolov8_ros:/home/ssfa/ros2_ws/install/turtlebot3_teleop:/home/ssfa/ros2_ws/install/turtlebot3_example:/home/ssfa/ros2_ws/install/topic_exercise:/home/ssfa/ros2_ws/install/subscriber_pkg:/home/ssfa/ros2_ws/install/services_pkg:/home/ssfa/ros2_ws/install/publisher_pkg:/home/ssfa/ros2_ws/install/my_package:/home/ssfa/ros2_ws/install/movement_pkg:/home/ssfa/ros2_ws/install/exercise_pkg:/home/ssfa/ros2_ws/install/cv_basics:/home/ssfa/ros2_ws/install/custom_interface_example:/home/ssfa/ros2_ws/install/client_pkg:/opt/ros/humble /usr/bin/cmake --install /home/ssfa/ros2_ws/build/turtlebot3_cartographer
[1.341s] Level 1:colcon.colcon_core.environment:checking '/home/ssfa/ros2_ws/install/turtlebot3_cartographer' for CMake module files
[1.342s] Level 1:colcon.colcon_core.environment:checking '/home/ssfa/ros2_ws/install/turtlebot3_cartographer' for CMake config files
[1.342s] Level 1:colcon.colcon_core.shell:create_environment_hook('turtlebot3_cartographer', 'cmake_prefix_path')
[1.342s] INFO:colcon.colcon_core.shell:Creating environment hook '/home/ssfa/ros2_ws/install/turtlebot3_cartographer/share/turtlebot3_cartographer/hook/cmake_prefix_path.ps1'
[1.343s] INFO:colcon.colcon_core.shell:Creating environment descriptor '/home/ssfa/ros2_ws/install/turtlebot3_cartographer/share/turtlebot3_cartographer/hook/cmake_prefix_path.dsv'
[1.343s] INFO:colcon.colcon_core.shell:Creating environment hook '/home/ssfa/ros2_ws/install/turtlebot3_cartographer/share/turtlebot3_cartographer/hook/cmake_prefix_path.sh'
[1.344s] Level 1:colcon.colcon_core.environment:checking '/home/ssfa/ros2_ws/install/turtlebot3_cartographer/bin'
[1.344s] Level 1:colcon.colcon_core.environment:checking '/home/ssfa/ros2_ws/install/turtlebot3_cartographer/lib/pkgconfig/turtlebot3_cartographer.pc'
[1.344s] Level 1:colcon.colcon_core.environment:checking '/home/ssfa/ros2_ws/install/turtlebot3_cartographer/lib/python3.10/site-packages'
[1.344s] Level 1:colcon.colcon_core.environment:checking '/home/ssfa/ros2_ws/install/turtlebot3_cartographer/bin'
[1.345s] INFO:colcon.colcon_core.shell:Creating package script '/home/ssfa/ros2_ws/install/turtlebot3_cartographer/share/turtlebot3_cartographer/package.ps1'
[1.346s] INFO:colcon.colcon_core.shell:Creating package descriptor '/home/ssfa/ros2_ws/install/turtlebot3_cartographer/share/turtlebot3_cartographer/package.dsv'
[1.346s] INFO:colcon.colcon_core.shell:Creating package script '/home/ssfa/ros2_ws/install/turtlebot3_cartographer/share/turtlebot3_cartographer/package.sh'
[1.347s] INFO:colcon.colcon_core.shell:Creating package script '/home/ssfa/ros2_ws/install/turtlebot3_cartographer/share/turtlebot3_cartographer/package.bash'
[1.349s] INFO:colcon.colcon_core.shell:Creating package script '/home/ssfa/ros2_ws/install/turtlebot3_cartographer/share/turtlebot3_cartographer/package.zsh'
[1.349s] Level 1:colcon.colcon_core.environment:create_file_with_runtime_dependencies(/home/ssfa/ros2_ws/install/turtlebot3_cartographer/share/colcon-core/packages/turtlebot3_cartographer)
[1.352s] Level 1:colcon.colcon_core.environment:create_environment_scripts_only(turtlebot3_navigation2)
[1.352s] Level 1:colcon.colcon_core.environment:checking '/home/ssfa/ros2_ws/install/turtlebot3_navigation2' for CMake module files
[1.353s] DEBUG:colcon.colcon_core.event_handler.log_command:Invoked command in '/home/ssfa/ros2_ws/build/turtlebot3_navigation2' returned '0': CMAKE_PREFIX_PATH=${CMAKE_PREFIX_PATH}:/home/ssfa/ros2_ws/install/shape_detector:/home/ssfa/ros2_ws/install/yolov8_ros:/home/ssfa/ros2_ws/install/turtlebot3_teleop:/home/ssfa/ros2_ws/install/turtlebot3_example:/home/ssfa/ros2_ws/install/topic_exercise:/home/ssfa/ros2_ws/install/subscriber_pkg:/home/ssfa/ros2_ws/install/services_pkg:/home/ssfa/ros2_ws/install/publisher_pkg:/home/ssfa/ros2_ws/install/my_package:/home/ssfa/ros2_ws/install/movement_pkg:/home/ssfa/ros2_ws/install/exercise_pkg:/home/ssfa/ros2_ws/install/cv_basics:/home/ssfa/ros2_ws/install/custom_interface_example:/home/ssfa/ros2_ws/install/client_pkg:/opt/ros/humble /usr/bin/cmake --install /home/ssfa/ros2_ws/build/turtlebot3_navigation2
[1.353s] Level 1:colcon.colcon_core.environment:checking '/home/ssfa/ros2_ws/install/turtlebot3_navigation2' for CMake config files
[1.353s] Level 1:colcon.colcon_core.shell:create_environment_hook('turtlebot3_navigation2', 'cmake_prefix_path')
[1.354s] INFO:colcon.colcon_core.shell:Creating environment hook '/home/ssfa/ros2_ws/install/turtlebot3_navigation2/share/turtlebot3_navigation2/hook/cmake_prefix_path.ps1'
[1.354s] INFO:colcon.colcon_core.shell:Creating environment descriptor '/home/ssfa/ros2_ws/install/turtlebot3_navigation2/share/turtlebot3_navigation2/hook/cmake_prefix_path.dsv'
[1.354s] INFO:colcon.colcon_core.shell:Creating environment hook '/home/ssfa/ros2_ws/install/turtlebot3_navigation2/share/turtlebot3_navigation2/hook/cmake_prefix_path.sh'
[1.355s] Level 1:colcon.colcon_core.environment:checking '/home/ssfa/ros2_ws/install/turtlebot3_navigation2/bin'
[1.355s] Level 1:colcon.colcon_core.environment:checking '/home/ssfa/ros2_ws/install/turtlebot3_navigation2/lib/pkgconfig/turtlebot3_navigation2.pc'
[1.355s] Level 1:colcon.colcon_core.environment:checking '/home/ssfa/ros2_ws/install/turtlebot3_navigation2/lib/python3.10/site-packages'
[1.355s] Level 1:colcon.colcon_core.environment:checking '/home/ssfa/ros2_ws/install/turtlebot3_navigation2/bin'
[1.356s] INFO:colcon.colcon_core.shell:Creating package script '/home/ssfa/ros2_ws/install/turtlebot3_navigation2/share/turtlebot3_navigation2/package.ps1'
[1.356s] INFO:colcon.colcon_core.shell:Creating package descriptor '/home/ssfa/ros2_ws/install/turtlebot3_navigation2/share/turtlebot3_navigation2/package.dsv'
[1.357s] INFO:colcon.colcon_core.shell:Creating package script '/home/ssfa/ros2_ws/install/turtlebot3_navigation2/share/turtlebot3_navigation2/package.sh'
[1.357s] INFO:colcon.colcon_core.shell:Creating package script '/home/ssfa/ros2_ws/install/turtlebot3_navigation2/share/turtlebot3_navigation2/package.bash'
[1.358s] INFO:colcon.colcon_core.shell:Creating package script '/home/ssfa/ros2_ws/install/turtlebot3_navigation2/share/turtlebot3_navigation2/package.zsh'
[1.358s] Level 1:colcon.colcon_core.environment:create_file_with_runtime_dependencies(/home/ssfa/ros2_ws/install/turtlebot3_navigation2/share/colcon-core/packages/turtlebot3_navigation2)
[1.359s] Level 1:colcon.colcon_core.environment:create_environment_scripts_only(turtlebot3_description)
[1.359s] DEBUG:colcon.colcon_core.event_handler.log_command:Invoked command in '/home/ssfa/ros2_ws/build/turtlebot3_description' returned '0': CMAKE_PREFIX_PATH=${CMAKE_PREFIX_PATH}:/home/ssfa/ros2_ws/install/shape_detector:/home/ssfa/ros2_ws/install/yolov8_ros:/home/ssfa/ros2_ws/install/turtlebot3_teleop:/home/ssfa/ros2_ws/install/turtlebot3_example:/home/ssfa/ros2_ws/install/topic_exercise:/home/ssfa/ros2_ws/install/subscriber_pkg:/home/ssfa/ros2_ws/install/services_pkg:/home/ssfa/ros2_ws/install/publisher_pkg:/home/ssfa/ros2_ws/install/my_package:/home/ssfa/ros2_ws/install/movement_pkg:/home/ssfa/ros2_ws/install/exercise_pkg:/home/ssfa/ros2_ws/install/cv_basics:/home/ssfa/ros2_ws/install/custom_interface_example:/home/ssfa/ros2_ws/install/client_pkg:/opt/ros/humble /usr/bin/cmake --install /home/ssfa/ros2_ws/build/turtlebot3_description
[1.360s] Level 1:colcon.colcon_core.environment:checking '/home/ssfa/ros2_ws/install/turtlebot3_description' for CMake module files
[1.360s] Level 1:colcon.colcon_core.environment:checking '/home/ssfa/ros2_ws/install/turtlebot3_description' for CMake config files
[1.361s] Level 1:colcon.colcon_core.shell:create_environment_hook('turtlebot3_description', 'cmake_prefix_path')
[1.361s] INFO:colcon.colcon_core.shell:Creating environment hook '/home/ssfa/ros2_ws/install/turtlebot3_description/share/turtlebot3_description/hook/cmake_prefix_path.ps1'
[1.361s] INFO:colcon.colcon_core.shell:Creating environment descriptor '/home/ssfa/ros2_ws/install/turtlebot3_description/share/turtlebot3_description/hook/cmake_prefix_path.dsv'
[1.362s] INFO:colcon.colcon_core.shell:Creating environment hook '/home/ssfa/ros2_ws/install/turtlebot3_description/share/turtlebot3_description/hook/cmake_prefix_path.sh'
[1.362s] Level 1:colcon.colcon_core.environment:checking '/home/ssfa/ros2_ws/install/turtlebot3_description/bin'
[1.362s] Level 1:colcon.colcon_core.environment:checking '/home/ssfa/ros2_ws/install/turtlebot3_description/lib/pkgconfig/turtlebot3_description.pc'
[1.363s] Level 1:colcon.colcon_core.environment:checking '/home/ssfa/ros2_ws/install/turtlebot3_description/lib/python3.10/site-packages'
[1.363s] Level 1:colcon.colcon_core.environment:checking '/home/ssfa/ros2_ws/install/turtlebot3_description/bin'
[1.363s] INFO:colcon.colcon_core.shell:Creating package script '/home/ssfa/ros2_ws/install/turtlebot3_description/share/turtlebot3_description/package.ps1'
[1.364s] INFO:colcon.colcon_core.shell:Creating package descriptor '/home/ssfa/ros2_ws/install/turtlebot3_description/share/turtlebot3_description/package.dsv'
[1.365s] INFO:colcon.colcon_core.shell:Creating package script '/home/ssfa/ros2_ws/install/turtlebot3_description/share/turtlebot3_description/package.sh'
[1.365s] INFO:colcon.colcon_core.shell:Creating package script '/home/ssfa/ros2_ws/install/turtlebot3_description/share/turtlebot3_description/package.bash'
[1.365s] INFO:colcon.colcon_core.shell:Creating package script '/home/ssfa/ros2_ws/install/turtlebot3_description/share/turtlebot3_description/package.zsh'
[1.366s] Level 1:colcon.colcon_core.environment:create_file_with_runtime_dependencies(/home/ssfa/ros2_ws/install/turtlebot3_description/share/colcon-core/packages/turtlebot3_description)
[1.377s] DEBUG:colcon.colcon_core.event_handler.log_command:Invoked command in '/home/ssfa/ros2_ws/build/dynamixel_sdk' returned '0': CMAKE_PREFIX_PATH=${CMAKE_PREFIX_PATH}:/home/ssfa/ros2_ws/install/shape_detector:/home/ssfa/ros2_ws/install/yolov8_ros:/home/ssfa/ros2_ws/install/turtlebot3_teleop:/home/ssfa/ros2_ws/install/turtlebot3_example:/home/ssfa/ros2_ws/install/topic_exercise:/home/ssfa/ros2_ws/install/subscriber_pkg:/home/ssfa/ros2_ws/install/services_pkg:/home/ssfa/ros2_ws/install/publisher_pkg:/home/ssfa/ros2_ws/install/my_package:/home/ssfa/ros2_ws/install/movement_pkg:/home/ssfa/ros2_ws/install/exercise_pkg:/home/ssfa/ros2_ws/install/cv_basics:/home/ssfa/ros2_ws/install/custom_interface_example:/home/ssfa/ros2_ws/install/client_pkg:/opt/ros/humble /usr/bin/cmake --build /home/ssfa/ros2_ws/build/dynamixel_sdk -- -j12 -l12
[1.394s] Level 1:colcon.colcon_core.environment:create_environment_scripts_only(turtlebot3_cartographer)
[1.394s] Level 1:colcon.colcon_core.environment:checking '/home/ssfa/ros2_ws/install/turtlebot3_cartographer' for CMake module files
[1.395s] Level 1:colcon.colcon_core.environment:checking '/home/ssfa/ros2_ws/install/turtlebot3_cartographer' for CMake config files
[1.395s] Level 1:colcon.colcon_core.shell:create_environment_hook('turtlebot3_cartographer', 'cmake_prefix_path')
[1.395s] INFO:colcon.colcon_core.shell:Creating environment hook '/home/ssfa/ros2_ws/install/turtlebot3_cartographer/share/turtlebot3_cartographer/hook/cmake_prefix_path.ps1'
[1.396s] INFO:colcon.colcon_core.shell:Creating environment descriptor '/home/ssfa/ros2_ws/install/turtlebot3_cartographer/share/turtlebot3_cartographer/hook/cmake_prefix_path.dsv'
[1.396s] INFO:colcon.colcon_core.shell:Creating environment hook '/home/ssfa/ros2_ws/install/turtlebot3_cartographer/share/turtlebot3_cartographer/hook/cmake_prefix_path.sh'
[1.397s] Level 1:colcon.colcon_core.environment:checking '/home/ssfa/ros2_ws/install/turtlebot3_cartographer/bin'
[1.397s] Level 1:colcon.colcon_core.environment:checking '/home/ssfa/ros2_ws/install/turtlebot3_cartographer/lib/pkgconfig/turtlebot3_cartographer.pc'
[1.397s] Level 1:colcon.colcon_core.environment:checking '/home/ssfa/ros2_ws/install/turtlebot3_cartographer/lib/python3.10/site-packages'
[1.397s] Level 1:colcon.colcon_core.environment:checking '/home/ssfa/ros2_ws/install/turtlebot3_cartographer/bin'
[1.397s] INFO:colcon.colcon_core.shell:Creating package script '/home/ssfa/ros2_ws/install/turtlebot3_cartographer/share/turtlebot3_cartographer/package.ps1'
[1.398s] INFO:colcon.colcon_core.shell:Creating package descriptor '/home/ssfa/ros2_ws/install/turtlebot3_cartographer/share/turtlebot3_cartographer/package.dsv'
[1.398s] INFO:colcon.colcon_core.shell:Creating package script '/home/ssfa/ros2_ws/install/turtlebot3_cartographer/share/turtlebot3_cartographer/package.sh'
[1.398s] INFO:colcon.colcon_core.shell:Creating package script '/home/ssfa/ros2_ws/install/turtlebot3_cartographer/share/turtlebot3_cartographer/package.bash'
[1.399s] INFO:colcon.colcon_core.shell:Creating package script '/home/ssfa/ros2_ws/install/turtlebot3_cartographer/share/turtlebot3_cartographer/package.zsh'
[1.399s] Level 1:colcon.colcon_core.environment:create_file_with_runtime_dependencies(/home/ssfa/ros2_ws/install/turtlebot3_cartographer/share/colcon-core/packages/turtlebot3_cartographer)
[1.400s] INFO:colcon.colcon_ros.task.ament_python.build:Building ROS package in '/home/ssfa/ros2_ws/src/my_package' with build type 'ament_python'
[1.400s] Level 1:colcon.colcon_core.shell:create_environment_hook('my_package', 'ament_prefix_path')
[1.401s] INFO:colcon.colcon_core.shell:Creating environment hook '/home/ssfa/ros2_ws/install/my_package/share/my_package/hook/ament_prefix_path.ps1'
[1.401s] INFO:colcon.colcon_core.shell:Creating environment descriptor '/home/ssfa/ros2_ws/install/my_package/share/my_package/hook/ament_prefix_path.dsv'
[1.401s] INFO:colcon.colcon_core.shell:Creating environment hook '/home/ssfa/ros2_ws/install/my_package/share/my_package/hook/ament_prefix_path.sh'
[1.402s] INFO:colcon.colcon_core.shell:Skip shell extension 'powershell' for command environment: Not usable outside of PowerShell
[1.402s] DEBUG:colcon.colcon_core.shell:Skip shell extension 'dsv' for command environment
[1.409s] Level 1:colcon.colcon_core.environment:create_environment_scripts_only(turtlebot3_description)
[1.409s] Level 1:colcon.colcon_core.environment:checking '/home/ssfa/ros2_ws/install/turtlebot3_description' for CMake module files
[1.410s] Level 1:colcon.colcon_core.environment:checking '/home/ssfa/ros2_ws/install/turtlebot3_description' for CMake config files
[1.411s] Level 1:colcon.colcon_core.shell:create_environment_hook('turtlebot3_description', 'cmake_prefix_path')
[1.411s] INFO:colcon.colcon_core.shell:Creating environment hook '/home/ssfa/ros2_ws/install/turtlebot3_description/share/turtlebot3_description/hook/cmake_prefix_path.ps1'
[1.412s] INFO:colcon.colcon_core.shell:Creating environment descriptor '/home/ssfa/ros2_ws/install/turtlebot3_description/share/turtlebot3_description/hook/cmake_prefix_path.dsv'
[1.412s] INFO:colcon.colcon_core.shell:Creating environment hook '/home/ssfa/ros2_ws/install/turtlebot3_description/share/turtlebot3_description/hook/cmake_prefix_path.sh'
[1.412s] Level 1:colcon.colcon_core.environment:checking '/home/ssfa/ros2_ws/install/turtlebot3_description/bin'
[1.413s] Level 1:colcon.colcon_core.environment:checking '/home/ssfa/ros2_ws/install/turtlebot3_description/lib/pkgconfig/turtlebot3_description.pc'
[1.413s] Level 1:colcon.colcon_core.environment:checking '/home/ssfa/ros2_ws/install/turtlebot3_description/lib/python3.10/site-packages'
[1.413s] Level 1:colcon.colcon_core.environment:checking '/home/ssfa/ros2_ws/install/turtlebot3_description/bin'
[1.413s] INFO:colcon.colcon_core.shell:Creating package script '/home/ssfa/ros2_ws/install/turtlebot3_description/share/turtlebot3_description/package.ps1'
[1.414s] INFO:colcon.colcon_core.shell:Creating package descriptor '/home/ssfa/ros2_ws/install/turtlebot3_description/share/turtlebot3_description/package.dsv'
[1.415s] INFO:colcon.colcon_core.shell:Creating package script '/home/ssfa/ros2_ws/install/turtlebot3_description/share/turtlebot3_description/package.sh'
[1.415s] INFO:colcon.colcon_core.shell:Creating package script '/home/ssfa/ros2_ws/install/turtlebot3_description/share/turtlebot3_description/package.bash'
[1.416s] INFO:colcon.colcon_core.shell:Creating package script '/home/ssfa/ros2_ws/install/turtlebot3_description/share/turtlebot3_description/package.zsh'
[1.416s] Level 1:colcon.colcon_core.environment:create_file_with_runtime_dependencies(/home/ssfa/ros2_ws/install/turtlebot3_description/share/colcon-core/packages/turtlebot3_description)
[1.417s] INFO:colcon.colcon_ros.task.ament_cmake.build:Building ROS package in '/home/ssfa/ros2_ws/src/t3/turtlebot3/turtlebot3/turtlebot3_bringup' with build type 'ament_cmake'
[1.417s] INFO:colcon.colcon_cmake.task.cmake.build:Building CMake package in '/home/ssfa/ros2_ws/src/t3/turtlebot3/turtlebot3/turtlebot3_bringup'
[1.418s] INFO:colcon.colcon_core.shell:Skip shell extension 'powershell' for command environment: Not usable outside of PowerShell
[1.418s] DEBUG:colcon.colcon_core.shell:Skip shell extension 'dsv' for command environment
[1.426s] Level 1:colcon.colcon_core.environment:create_environment_scripts_only(turtlebot3_navigation2)
[1.426s] Level 1:colcon.colcon_core.environment:checking '/home/ssfa/ros2_ws/install/turtlebot3_navigation2' for CMake module files
[1.427s] Level 1:colcon.colcon_core.environment:checking '/home/ssfa/ros2_ws/install/turtlebot3_navigation2' for CMake config files
[1.428s] Level 1:colcon.colcon_core.shell:create_environment_hook('turtlebot3_navigation2', 'cmake_prefix_path')
[1.428s] INFO:colcon.colcon_core.shell:Creating environment hook '/home/ssfa/ros2_ws/install/turtlebot3_navigation2/share/turtlebot3_navigation2/hook/cmake_prefix_path.ps1'
[1.428s] INFO:colcon.colcon_core.shell:Creating environment descriptor '/home/ssfa/ros2_ws/install/turtlebot3_navigation2/share/turtlebot3_navigation2/hook/cmake_prefix_path.dsv'
[1.428s] INFO:colcon.colcon_core.shell:Creating environment hook '/home/ssfa/ros2_ws/install/turtlebot3_navigation2/share/turtlebot3_navigation2/hook/cmake_prefix_path.sh'
[1.429s] Level 1:colcon.colcon_core.environment:checking '/home/ssfa/ros2_ws/install/turtlebot3_navigation2/bin'
[1.429s] Level 1:colcon.colcon_core.environment:checking '/home/ssfa/ros2_ws/install/turtlebot3_navigation2/lib/pkgconfig/turtlebot3_navigation2.pc'
[1.429s] Level 1:colcon.colcon_core.environment:checking '/home/ssfa/ros2_ws/install/turtlebot3_navigation2/lib/python3.10/site-packages'
[1.429s] Level 1:colcon.colcon_core.environment:checking '/home/ssfa/ros2_ws/install/turtlebot3_navigation2/bin'
[1.429s] INFO:colcon.colcon_core.shell:Creating package script '/home/ssfa/ros2_ws/install/turtlebot3_navigation2/share/turtlebot3_navigation2/package.ps1'
[1.430s] INFO:colcon.colcon_core.shell:Creating package descriptor '/home/ssfa/ros2_ws/install/turtlebot3_navigation2/share/turtlebot3_navigation2/package.dsv'
[1.430s] INFO:colcon.colcon_core.shell:Creating package script '/home/ssfa/ros2_ws/install/turtlebot3_navigation2/share/turtlebot3_navigation2/package.sh'
[1.431s] INFO:colcon.colcon_core.shell:Creating package script '/home/ssfa/ros2_ws/install/turtlebot3_navigation2/share/turtlebot3_navigation2/package.bash'
[1.431s] INFO:colcon.colcon_core.shell:Creating package script '/home/ssfa/ros2_ws/install/turtlebot3_navigation2/share/turtlebot3_navigation2/package.zsh'
[1.431s] Level 1:colcon.colcon_core.environment:create_file_with_runtime_dependencies(/home/ssfa/ros2_ws/install/turtlebot3_navigation2/share/colcon-core/packages/turtlebot3_navigation2)
[1.433s] INFO:colcon.colcon_ros.task.ament_cmake.build:Building ROS package in '/home/ssfa/ros2_ws/src/t3/turtlebot3_simulations/turtlebot3_gazebo' with build type 'ament_cmake'
[1.433s] INFO:colcon.colcon_cmake.task.cmake.build:Building CMake package in '/home/ssfa/ros2_ws/src/t3/turtlebot3_simulations/turtlebot3_gazebo'
[1.433s] INFO:colcon.colcon_core.shell:Skip shell extension 'powershell' for command environment: Not usable outside of PowerShell
[1.433s] DEBUG:colcon.colcon_core.shell:Skip shell extension 'dsv' for command environment
[1.822s] INFO:colcon.colcon_core.task.python.build:Building Python package in '/home/ssfa/ros2_ws/src/my_package'
[1.823s] INFO:colcon.colcon_core.shell:Skip shell extension 'powershell' for command environment: Not usable outside of PowerShell
[1.823s] DEBUG:colcon.colcon_core.shell:Skip shell extension 'dsv' for command environment
[1.831s] DEBUG:colcon.colcon_core.event_handler.log_command:Invoking command in '/home/ssfa/ros2_ws/build/turtlebot3_bringup': CMAKE_PREFIX_PATH=/home/ssfa/ros2_ws/install/turtlebot3_description:/home/ssfa/ros2_ws/install/yolov8_bringup:/home/ssfa/ros2_ws/install/yolov8_msgs:/home/ssfa/ros2_ws/install/two_wheeled_robot:/home/ssfa/ros2_ws/install/turtlebot3:/home/ssfa/ros2_ws/install/turtlebot3_simulations:/home/ssfa/ros2_ws/install/turtlebot3_navigation2:/home/ssfa/ros2_ws/install/turtlebot3_msgs:/home/ssfa/ros2_ws/install/turtlebot3_gazebo:/home/ssfa/ros2_ws/install/turtlebot3_bringup:/home/ssfa/ros2_ws/install/turtlebot3_cartographer:/home/ssfa/ros2_ws/install/turtlebot3_as:/home/ssfa/ros2_ws/install/tiago_demo:/home/ssfa/ros2_ws/install/t3_action_msg:/home/ssfa/ros2_ws/install/dynamixel_sdk:/home/ssfa/ros2_ws/install/custom_interfaces:/home/ssfa/ros2_ws/install/shape_detector:/home/ssfa/ros2_ws/install/yolov8_ros:/home/ssfa/ros2_ws/install/turtlebot3_teleop:/home/ssfa/ros2_ws/install/turtlebot3_example:/home/ssfa/ros2_ws/install/topic_exercise:/home/ssfa/ros2_ws/install/subscriber_pkg:/home/ssfa/ros2_ws/install/services_pkg:/home/ssfa/ros2_ws/install/publisher_pkg:/home/ssfa/ros2_ws/install/my_package:/home/ssfa/ros2_ws/install/movement_pkg:/home/ssfa/ros2_ws/install/exercise_pkg:/home/ssfa/ros2_ws/install/cv_basics:/home/ssfa/ros2_ws/install/custom_interface_example:/home/ssfa/ros2_ws/install/client_pkg:/opt/ros/humble /usr/bin/cmake /home/ssfa/ros2_ws/src/t3/turtlebot3/turtlebot3/turtlebot3_bringup -DCMAKE_INSTALL_PREFIX=/home/ssfa/ros2_ws/install/turtlebot3_bringup
[1.832s] DEBUG:colcon.colcon_core.event_handler.log_command:Invoking command in '/home/ssfa/ros2_ws/build/dynamixel_sdk': CMAKE_PREFIX_PATH=${CMAKE_PREFIX_PATH}:/home/ssfa/ros2_ws/install/shape_detector:/home/ssfa/ros2_ws/install/yolov8_ros:/home/ssfa/ros2_ws/install/turtlebot3_teleop:/home/ssfa/ros2_ws/install/turtlebot3_example:/home/ssfa/ros2_ws/install/topic_exercise:/home/ssfa/ros2_ws/install/subscriber_pkg:/home/ssfa/ros2_ws/install/services_pkg:/home/ssfa/ros2_ws/install/publisher_pkg:/home/ssfa/ros2_ws/install/my_package:/home/ssfa/ros2_ws/install/movement_pkg:/home/ssfa/ros2_ws/install/exercise_pkg:/home/ssfa/ros2_ws/install/cv_basics:/home/ssfa/ros2_ws/install/custom_interface_example:/home/ssfa/ros2_ws/install/client_pkg:/opt/ros/humble /usr/bin/cmake --install /home/ssfa/ros2_ws/build/dynamixel_sdk
[1.835s] DEBUG:colcon.colcon_core.event_handler.log_command:Invoking command in '/home/ssfa/ros2_ws/build/client_pkg': PYTHONPATH=/home/ssfa/ros2_ws/build/client_pkg/prefix_override:/usr/lib/python3/dist-packages/colcon_core/task/python/colcon_distutils_commands:/home/ssfa/ros2_ws/install/client_pkg/lib/python3.10/site-packages:${PYTHONPATH} /usr/bin/python3 -W ignore:setup.py install is deprecated setup.py develop --uninstall --editable --build-directory /home/ssfa/ros2_ws/build/client_pkg/build
[1.836s] DEBUG:colcon.colcon_core.event_handler.log_command:Invoking command in '/home/ssfa/ros2_ws/build/turtlebot3_teleop': PYTHONPATH=/home/ssfa/ros2_ws/build/turtlebot3_teleop/prefix_override:/usr/lib/python3/dist-packages/colcon_core/task/python/colcon_distutils_commands:/home/ssfa/ros2_ws/install/turtlebot3_teleop/lib/python3.10/site-packages:${PYTHONPATH} /usr/bin/python3 -W ignore:setup.py install is deprecated setup.py develop --uninstall --editable --build-directory /home/ssfa/ros2_ws/build/turtlebot3_teleop/build
[1.837s] DEBUG:colcon.colcon_core.event_handler.log_command:Invoking command in '/home/ssfa/ros2_ws/build/cv_basics': PYTHONPATH=/home/ssfa/ros2_ws/build/cv_basics/prefix_override:/usr/lib/python3/dist-packages/colcon_core/task/python/colcon_distutils_commands:/home/ssfa/ros2_ws/install/cv_basics/lib/python3.10/site-packages:${PYTHONPATH} /usr/bin/python3 -W ignore:setup.py install is deprecated setup.py develop --uninstall --editable --build-directory /home/ssfa/ros2_ws/build/cv_basics/build
[1.837s] DEBUG:colcon.colcon_core.event_handler.log_command:Invoking command in '/home/ssfa/ros2_ws/build/exercise_pkg': PYTHONPATH=/home/ssfa/ros2_ws/build/exercise_pkg/prefix_override:/usr/lib/python3/dist-packages/colcon_core/task/python/colcon_distutils_commands:/home/ssfa/ros2_ws/install/exercise_pkg/lib/python3.10/site-packages:${PYTHONPATH} /usr/bin/python3 -W ignore:setup.py install is deprecated setup.py develop --uninstall --editable --build-directory /home/ssfa/ros2_ws/build/exercise_pkg/build
[1.838s] DEBUG:colcon.colcon_core.event_handler.log_command:Invoked command in '/home/ssfa/ros2_ws/build/custom_interfaces' returned '0': CMAKE_PREFIX_PATH=${CMAKE_PREFIX_PATH}:/home/ssfa/ros2_ws/install/shape_detector:/home/ssfa/ros2_ws/install/yolov8_ros:/home/ssfa/ros2_ws/install/turtlebot3_teleop:/home/ssfa/ros2_ws/install/turtlebot3_example:/home/ssfa/ros2_ws/install/topic_exercise:/home/ssfa/ros2_ws/install/subscriber_pkg:/home/ssfa/ros2_ws/install/services_pkg:/home/ssfa/ros2_ws/install/publisher_pkg:/home/ssfa/ros2_ws/install/my_package:/home/ssfa/ros2_ws/install/movement_pkg:/home/ssfa/ros2_ws/install/exercise_pkg:/home/ssfa/ros2_ws/install/cv_basics:/home/ssfa/ros2_ws/install/custom_interface_example:/home/ssfa/ros2_ws/install/client_pkg:/opt/ros/humble /usr/bin/cmake /home/ssfa/ros2_ws/src/custom_interfaces -DCMAKE_INSTALL_PREFIX=/home/ssfa/ros2_ws/install/custom_interfaces
[1.838s] DEBUG:colcon.colcon_core.event_handler.log_command:Invoking command in '/home/ssfa/ros2_ws/build/custom_interfaces': CMAKE_PREFIX_PATH=${CMAKE_PREFIX_PATH}:/home/ssfa/ros2_ws/install/shape_detector:/home/ssfa/ros2_ws/install/yolov8_ros:/home/ssfa/ros2_ws/install/turtlebot3_teleop:/home/ssfa/ros2_ws/install/turtlebot3_example:/home/ssfa/ros2_ws/install/topic_exercise:/home/ssfa/ros2_ws/install/subscriber_pkg:/home/ssfa/ros2_ws/install/services_pkg:/home/ssfa/ros2_ws/install/publisher_pkg:/home/ssfa/ros2_ws/install/my_package:/home/ssfa/ros2_ws/install/movement_pkg:/home/ssfa/ros2_ws/install/exercise_pkg:/home/ssfa/ros2_ws/install/cv_basics:/home/ssfa/ros2_ws/install/custom_interface_example:/home/ssfa/ros2_ws/install/client_pkg:/opt/ros/humble /usr/bin/cmake --build /home/ssfa/ros2_ws/build/custom_interfaces -- -j12 -l12
[1.838s] DEBUG:colcon.colcon_core.event_handler.log_command:Invoked command in '/home/ssfa/ros2_ws/build/turtlebot3_msgs' returned '0': CMAKE_PREFIX_PATH=${CMAKE_PREFIX_PATH}:/home/ssfa/ros2_ws/install/shape_detector:/home/ssfa/ros2_ws/install/yolov8_ros:/home/ssfa/ros2_ws/install/turtlebot3_teleop:/home/ssfa/ros2_ws/install/turtlebot3_example:/home/ssfa/ros2_ws/install/topic_exercise:/home/ssfa/ros2_ws/install/subscriber_pkg:/home/ssfa/ros2_ws/install/services_pkg:/home/ssfa/ros2_ws/install/publisher_pkg:/home/ssfa/ros2_ws/install/my_package:/home/ssfa/ros2_ws/install/movement_pkg:/home/ssfa/ros2_ws/install/exercise_pkg:/home/ssfa/ros2_ws/install/cv_basics:/home/ssfa/ros2_ws/install/custom_interface_example:/home/ssfa/ros2_ws/install/client_pkg:/opt/ros/humble /usr/bin/cmake /home/ssfa/ros2_ws/src/t3/turtlebot3_msgs -DCMAKE_INSTALL_PREFIX=/home/ssfa/ros2_ws/install/turtlebot3_msgs
[1.839s] DEBUG:colcon.colcon_core.event_handler.log_command:Invoking command in '/home/ssfa/ros2_ws/build/turtlebot3_msgs': CMAKE_PREFIX_PATH=${CMAKE_PREFIX_PATH}:/home/ssfa/ros2_ws/install/shape_detector:/home/ssfa/ros2_ws/install/yolov8_ros:/home/ssfa/ros2_ws/install/turtlebot3_teleop:/home/ssfa/ros2_ws/install/turtlebot3_example:/home/ssfa/ros2_ws/install/topic_exercise:/home/ssfa/ros2_ws/install/subscriber_pkg:/home/ssfa/ros2_ws/install/services_pkg:/home/ssfa/ros2_ws/install/publisher_pkg:/home/ssfa/ros2_ws/install/my_package:/home/ssfa/ros2_ws/install/movement_pkg:/home/ssfa/ros2_ws/install/exercise_pkg:/home/ssfa/ros2_ws/install/cv_basics:/home/ssfa/ros2_ws/install/custom_interface_example:/home/ssfa/ros2_ws/install/client_pkg:/opt/ros/humble /usr/bin/cmake --build /home/ssfa/ros2_ws/build/turtlebot3_msgs -- -j12 -l12
[1.839s] DEBUG:colcon.colcon_core.event_handler.log_command:Invoked command in '/home/ssfa/ros2_ws/build/yolov8_msgs' returned '0': CMAKE_PREFIX_PATH=${CMAKE_PREFIX_PATH}:/home/ssfa/ros2_ws/install/shape_detector:/home/ssfa/ros2_ws/install/yolov8_ros:/home/ssfa/ros2_ws/install/turtlebot3_teleop:/home/ssfa/ros2_ws/install/turtlebot3_example:/home/ssfa/ros2_ws/install/topic_exercise:/home/ssfa/ros2_ws/install/subscriber_pkg:/home/ssfa/ros2_ws/install/services_pkg:/home/ssfa/ros2_ws/install/publisher_pkg:/home/ssfa/ros2_ws/install/my_package:/home/ssfa/ros2_ws/install/movement_pkg:/home/ssfa/ros2_ws/install/exercise_pkg:/home/ssfa/ros2_ws/install/cv_basics:/home/ssfa/ros2_ws/install/custom_interface_example:/home/ssfa/ros2_ws/install/client_pkg:/opt/ros/humble /usr/bin/cmake /home/ssfa/ros2_ws/src/yolov8_ros/yolov8_msgs -DCMAKE_INSTALL_PREFIX=/home/ssfa/ros2_ws/install/yolov8_msgs
[1.840s] DEBUG:colcon.colcon_core.event_handler.log_command:Invoking command in '/home/ssfa/ros2_ws/build/yolov8_msgs': CMAKE_PREFIX_PATH=${CMAKE_PREFIX_PATH}:/home/ssfa/ros2_ws/install/shape_detector:/home/ssfa/ros2_ws/install/yolov8_ros:/home/ssfa/ros2_ws/install/turtlebot3_teleop:/home/ssfa/ros2_ws/install/turtlebot3_example:/home/ssfa/ros2_ws/install/topic_exercise:/home/ssfa/ros2_ws/install/subscriber_pkg:/home/ssfa/ros2_ws/install/services_pkg:/home/ssfa/ros2_ws/install/publisher_pkg:/home/ssfa/ros2_ws/install/my_package:/home/ssfa/ros2_ws/install/movement_pkg:/home/ssfa/ros2_ws/install/exercise_pkg:/home/ssfa/ros2_ws/install/cv_basics:/home/ssfa/ros2_ws/install/custom_interface_example:/home/ssfa/ros2_ws/install/client_pkg:/opt/ros/humble /usr/bin/cmake --build /home/ssfa/ros2_ws/build/yolov8_msgs -- -j12 -l12
[1.844s] DEBUG:colcon.colcon_core.event_handler.log_command:Invoking command in '/home/ssfa/ros2_ws/build/turtlebot3_gazebo': CMAKE_PREFIX_PATH=/home/ssfa/ros2_ws/install/turtlebot3_description:/home/ssfa/ros2_ws/install/yolov8_bringup:/home/ssfa/ros2_ws/install/yolov8_msgs:/home/ssfa/ros2_ws/install/two_wheeled_robot:/home/ssfa/ros2_ws/install/turtlebot3:/home/ssfa/ros2_ws/install/turtlebot3_simulations:/home/ssfa/ros2_ws/install/turtlebot3_navigation2:/home/ssfa/ros2_ws/install/turtlebot3_msgs:/home/ssfa/ros2_ws/install/turtlebot3_gazebo:/home/ssfa/ros2_ws/install/turtlebot3_bringup:/home/ssfa/ros2_ws/install/turtlebot3_cartographer:/home/ssfa/ros2_ws/install/turtlebot3_as:/home/ssfa/ros2_ws/install/tiago_demo:/home/ssfa/ros2_ws/install/t3_action_msg:/home/ssfa/ros2_ws/install/dynamixel_sdk:/home/ssfa/ros2_ws/install/custom_interfaces:/home/ssfa/ros2_ws/install/shape_detector:/home/ssfa/ros2_ws/install/yolov8_ros:/home/ssfa/ros2_ws/install/turtlebot3_teleop:/home/ssfa/ros2_ws/install/turtlebot3_example:/home/ssfa/ros2_ws/install/topic_exercise:/home/ssfa/ros2_ws/install/subscriber_pkg:/home/ssfa/ros2_ws/install/services_pkg:/home/ssfa/ros2_ws/install/publisher_pkg:/home/ssfa/ros2_ws/install/my_package:/home/ssfa/ros2_ws/install/movement_pkg:/home/ssfa/ros2_ws/install/exercise_pkg:/home/ssfa/ros2_ws/install/cv_basics:/home/ssfa/ros2_ws/install/custom_interface_example:/home/ssfa/ros2_ws/install/client_pkg:/opt/ros/humble /usr/bin/cmake /home/ssfa/ros2_ws/src/t3/turtlebot3_simulations/turtlebot3_gazebo -DCMAKE_INSTALL_PREFIX=/home/ssfa/ros2_ws/install/turtlebot3_gazebo
[1.863s] Level 1:colcon.colcon_core.environment:create_environment_scripts_only(dynamixel_sdk)
[1.863s] Level 1:colcon.colcon_core.environment:checking '/home/ssfa/ros2_ws/install/dynamixel_sdk' for CMake module files
[1.864s] Level 1:colcon.colcon_core.environment:checking '/home/ssfa/ros2_ws/install/dynamixel_sdk' for CMake config files
[1.864s] Level 1:colcon.colcon_core.shell:create_environment_hook('dynamixel_sdk', 'cmake_prefix_path')
[1.864s] INFO:colcon.colcon_core.shell:Creating environment hook '/home/ssfa/ros2_ws/install/dynamixel_sdk/share/dynamixel_sdk/hook/cmake_prefix_path.ps1'
[1.865s] INFO:colcon.colcon_core.shell:Creating environment descriptor '/home/ssfa/ros2_ws/install/dynamixel_sdk/share/dynamixel_sdk/hook/cmake_prefix_path.dsv'
[1.865s] INFO:colcon.colcon_core.shell:Creating environment hook '/home/ssfa/ros2_ws/install/dynamixel_sdk/share/dynamixel_sdk/hook/cmake_prefix_path.sh'
[1.866s] Level 1:colcon.colcon_core.environment:checking '/home/ssfa/ros2_ws/install/dynamixel_sdk/lib'
[1.866s] Level 1:colcon.colcon_core.shell:create_environment_hook('dynamixel_sdk', 'ld_library_path_lib')
[1.867s] INFO:colcon.colcon_core.shell:Creating environment hook '/home/ssfa/ros2_ws/install/dynamixel_sdk/share/dynamixel_sdk/hook/ld_library_path_lib.ps1'
[1.867s] INFO:colcon.colcon_core.shell:Creating environment descriptor '/home/ssfa/ros2_ws/install/dynamixel_sdk/share/dynamixel_sdk/hook/ld_library_path_lib.dsv'
[1.867s] INFO:colcon.colcon_core.shell:Creating environment hook '/home/ssfa/ros2_ws/install/dynamixel_sdk/share/dynamixel_sdk/hook/ld_library_path_lib.sh'
[1.868s] Level 1:colcon.colcon_core.environment:checking '/home/ssfa/ros2_ws/install/dynamixel_sdk/bin'
[1.868s] Level 1:colcon.colcon_core.environment:checking '/home/ssfa/ros2_ws/install/dynamixel_sdk/lib/pkgconfig/dynamixel_sdk.pc'
[1.868s] Level 1:colcon.colcon_core.environment:checking '/home/ssfa/ros2_ws/install/dynamixel_sdk/lib/python3.10/site-packages'
[1.868s] Level 1:colcon.colcon_core.environment:checking '/home/ssfa/ros2_ws/install/dynamixel_sdk/bin'
[1.869s] INFO:colcon.colcon_core.shell:Creating package script '/home/ssfa/ros2_ws/install/dynamixel_sdk/share/dynamixel_sdk/package.ps1'
[1.869s] INFO:colcon.colcon_core.shell:Creating package descriptor '/home/ssfa/ros2_ws/install/dynamixel_sdk/share/dynamixel_sdk/package.dsv'
[1.870s] DEBUG:colcon.colcon_core.event_handler.log_command:Invoked command in '/home/ssfa/ros2_ws/build/dynamixel_sdk' returned '0': CMAKE_PREFIX_PATH=${CMAKE_PREFIX_PATH}:/home/ssfa/ros2_ws/install/shape_detector:/home/ssfa/ros2_ws/install/yolov8_ros:/home/ssfa/ros2_ws/install/turtlebot3_teleop:/home/ssfa/ros2_ws/install/turtlebot3_example:/home/ssfa/ros2_ws/install/topic_exercise:/home/ssfa/ros2_ws/install/subscriber_pkg:/home/ssfa/ros2_ws/install/services_pkg:/home/ssfa/ros2_ws/install/publisher_pkg:/home/ssfa/ros2_ws/install/my_package:/home/ssfa/ros2_ws/install/movement_pkg:/home/ssfa/ros2_ws/install/exercise_pkg:/home/ssfa/ros2_ws/install/cv_basics:/home/ssfa/ros2_ws/install/custom_interface_example:/home/ssfa/ros2_ws/install/client_pkg:/opt/ros/humble /usr/bin/cmake --install /home/ssfa/ros2_ws/build/dynamixel_sdk
[1.870s] INFO:colcon.colcon_core.shell:Creating package script '/home/ssfa/ros2_ws/install/dynamixel_sdk/share/dynamixel_sdk/package.sh'
[1.871s] INFO:colcon.colcon_core.shell:Creating package script '/home/ssfa/ros2_ws/install/dynamixel_sdk/share/dynamixel_sdk/package.bash'
[1.871s] INFO:colcon.colcon_core.shell:Creating package script '/home/ssfa/ros2_ws/install/dynamixel_sdk/share/dynamixel_sdk/package.zsh'
[1.872s] Level 1:colcon.colcon_core.environment:create_file_with_runtime_dependencies(/home/ssfa/ros2_ws/install/dynamixel_sdk/share/colcon-core/packages/dynamixel_sdk)
[1.881s] DEBUG:colcon.colcon_core.event_handler.log_command:Invoked command in '/home/ssfa/ros2_ws/build/t3_action_msg' returned '0': CMAKE_PREFIX_PATH=${CMAKE_PREFIX_PATH}:/home/ssfa/ros2_ws/install/shape_detector:/home/ssfa/ros2_ws/install/yolov8_ros:/home/ssfa/ros2_ws/install/turtlebot3_teleop:/home/ssfa/ros2_ws/install/turtlebot3_example:/home/ssfa/ros2_ws/install/topic_exercise:/home/ssfa/ros2_ws/install/subscriber_pkg:/home/ssfa/ros2_ws/install/services_pkg:/home/ssfa/ros2_ws/install/publisher_pkg:/home/ssfa/ros2_ws/install/my_package:/home/ssfa/ros2_ws/install/movement_pkg:/home/ssfa/ros2_ws/install/exercise_pkg:/home/ssfa/ros2_ws/install/cv_basics:/home/ssfa/ros2_ws/install/custom_interface_example:/home/ssfa/ros2_ws/install/client_pkg:/opt/ros/humble /usr/bin/cmake /home/ssfa/ros2_ws/src/t3/t3_action_msg -DCMAKE_INSTALL_PREFIX=/home/ssfa/ros2_ws/install/t3_action_msg
[1.881s] DEBUG:colcon.colcon_core.event_handler.log_command:Invoking command in '/home/ssfa/ros2_ws/build/t3_action_msg': CMAKE_PREFIX_PATH=${CMAKE_PREFIX_PATH}:/home/ssfa/ros2_ws/install/shape_detector:/home/ssfa/ros2_ws/install/yolov8_ros:/home/ssfa/ros2_ws/install/turtlebot3_teleop:/home/ssfa/ros2_ws/install/turtlebot3_example:/home/ssfa/ros2_ws/install/topic_exercise:/home/ssfa/ros2_ws/install/subscriber_pkg:/home/ssfa/ros2_ws/install/services_pkg:/home/ssfa/ros2_ws/install/publisher_pkg:/home/ssfa/ros2_ws/install/my_package:/home/ssfa/ros2_ws/install/movement_pkg:/home/ssfa/ros2_ws/install/exercise_pkg:/home/ssfa/ros2_ws/install/cv_basics:/home/ssfa/ros2_ws/install/custom_interface_example:/home/ssfa/ros2_ws/install/client_pkg:/opt/ros/humble /usr/bin/cmake --build /home/ssfa/ros2_ws/build/t3_action_msg -- -j12 -l12
[2.102s] DEBUG:colcon.colcon_core.event_handler.log_command:Invoked command in '/home/ssfa/ros2_ws/build/yolov8_msgs' returned '2': CMAKE_PREFIX_PATH=${CMAKE_PREFIX_PATH}:/home/ssfa/ros2_ws/install/shape_detector:/home/ssfa/ros2_ws/install/yolov8_ros:/home/ssfa/ros2_ws/install/turtlebot3_teleop:/home/ssfa/ros2_ws/install/turtlebot3_example:/home/ssfa/ros2_ws/install/topic_exercise:/home/ssfa/ros2_ws/install/subscriber_pkg:/home/ssfa/ros2_ws/install/services_pkg:/home/ssfa/ros2_ws/install/publisher_pkg:/home/ssfa/ros2_ws/install/my_package:/home/ssfa/ros2_ws/install/movement_pkg:/home/ssfa/ros2_ws/install/exercise_pkg:/home/ssfa/ros2_ws/install/cv_basics:/home/ssfa/ros2_ws/install/custom_interface_example:/home/ssfa/ros2_ws/install/client_pkg:/opt/ros/humble /usr/bin/cmake --build /home/ssfa/ros2_ws/build/yolov8_msgs -- -j12 -l12
[2.137s] Level 1:colcon.colcon_core.environment:create_environment_scripts_only(dynamixel_sdk)
[2.137s] Level 1:colcon.colcon_core.environment:checking '/home/ssfa/ros2_ws/install/dynamixel_sdk' for CMake module files
[2.138s] Level 1:colcon.colcon_core.environment:checking '/home/ssfa/ros2_ws/install/dynamixel_sdk' for CMake config files
[2.138s] Level 1:colcon.colcon_core.shell:create_environment_hook('dynamixel_sdk', 'cmake_prefix_path')
[2.139s] INFO:colcon.colcon_core.shell:Creating environment hook '/home/ssfa/ros2_ws/install/dynamixel_sdk/share/dynamixel_sdk/hook/cmake_prefix_path.ps1'
[2.139s] INFO:colcon.colcon_core.shell:Creating environment descriptor '/home/ssfa/ros2_ws/install/dynamixel_sdk/share/dynamixel_sdk/hook/cmake_prefix_path.dsv'
[2.140s] INFO:colcon.colcon_core.shell:Creating environment hook '/home/ssfa/ros2_ws/install/dynamixel_sdk/share/dynamixel_sdk/hook/cmake_prefix_path.sh'
[2.140s] Level 1:colcon.colcon_core.environment:checking '/home/ssfa/ros2_ws/install/dynamixel_sdk/lib'
[2.140s] Level 1:colcon.colcon_core.shell:create_environment_hook('dynamixel_sdk', 'ld_library_path_lib')
[2.141s] INFO:colcon.colcon_core.shell:Creating environment hook '/home/ssfa/ros2_ws/install/dynamixel_sdk/share/dynamixel_sdk/hook/ld_library_path_lib.ps1'
[2.141s] INFO:colcon.colcon_core.shell:Creating environment descriptor '/home/ssfa/ros2_ws/install/dynamixel_sdk/share/dynamixel_sdk/hook/ld_library_path_lib.dsv'
[2.141s] INFO:colcon.colcon_core.shell:Creating environment hook '/home/ssfa/ros2_ws/install/dynamixel_sdk/share/dynamixel_sdk/hook/ld_library_path_lib.sh'
[2.142s] Level 1:colcon.colcon_core.environment:checking '/home/ssfa/ros2_ws/install/dynamixel_sdk/bin'
[2.142s] Level 1:colcon.colcon_core.environment:checking '/home/ssfa/ros2_ws/install/dynamixel_sdk/lib/pkgconfig/dynamixel_sdk.pc'
[2.142s] Level 1:colcon.colcon_core.environment:checking '/home/ssfa/ros2_ws/install/dynamixel_sdk/lib/python3.10/site-packages'
[2.142s] Level 1:colcon.colcon_core.environment:checking '/home/ssfa/ros2_ws/install/dynamixel_sdk/bin'
[2.143s] INFO:colcon.colcon_core.shell:Creating package script '/home/ssfa/ros2_ws/install/dynamixel_sdk/share/dynamixel_sdk/package.ps1'
[2.143s] INFO:colcon.colcon_core.shell:Creating package descriptor '/home/ssfa/ros2_ws/install/dynamixel_sdk/share/dynamixel_sdk/package.dsv'
[2.144s] INFO:colcon.colcon_core.shell:Creating package script '/home/ssfa/ros2_ws/install/dynamixel_sdk/share/dynamixel_sdk/package.sh'
[2.144s] INFO:colcon.colcon_core.shell:Creating package script '/home/ssfa/ros2_ws/install/dynamixel_sdk/share/dynamixel_sdk/package.bash'
[2.145s] INFO:colcon.colcon_core.shell:Creating package script '/home/ssfa/ros2_ws/install/dynamixel_sdk/share/dynamixel_sdk/package.zsh'
[2.145s] Level 1:colcon.colcon_core.environment:create_file_with_runtime_dependencies(/home/ssfa/ros2_ws/install/dynamixel_sdk/share/colcon-core/packages/dynamixel_sdk)
[2.146s] INFO:colcon.colcon_ros.task.ament_python.build:Building ROS package in '/home/ssfa/ros2_ws/src/publisher_pkg' with build type 'ament_python'
[2.146s] Level 1:colcon.colcon_core.shell:create_environment_hook('publisher_pkg', 'ament_prefix_path')
[2.147s] INFO:colcon.colcon_core.shell:Creating environment hook '/home/ssfa/ros2_ws/install/publisher_pkg/share/publisher_pkg/hook/ament_prefix_path.ps1'
[2.147s] INFO:colcon.colcon_core.shell:Creating environment descriptor '/home/ssfa/ros2_ws/install/publisher_pkg/share/publisher_pkg/hook/ament_prefix_path.dsv'
[2.148s] INFO:colcon.colcon_core.shell:Creating environment hook '/home/ssfa/ros2_ws/install/publisher_pkg/share/publisher_pkg/hook/ament_prefix_path.sh'
[2.148s] INFO:colcon.colcon_core.shell:Skip shell extension 'powershell' for command environment: Not usable outside of PowerShell
[2.148s] DEBUG:colcon.colcon_core.shell:Skip shell extension 'dsv' for command environment
[2.532s] INFO:colcon.colcon_core.task.python.build:Building Python package in '/home/ssfa/ros2_ws/src/publisher_pkg'
[2.532s] INFO:colcon.colcon_core.shell:Skip shell extension 'powershell' for command environment: Not usable outside of PowerShell
[2.532s] DEBUG:colcon.colcon_core.shell:Skip shell extension 'dsv' for command environment
[2.543s] DEBUG:colcon.colcon_core.event_handler.log_command:Invoked command in '/home/ssfa/ros2_ws/build/turtlebot3_bringup' returned '0': CMAKE_PREFIX_PATH=/home/ssfa/ros2_ws/install/turtlebot3_description:/home/ssfa/ros2_ws/install/yolov8_bringup:/home/ssfa/ros2_ws/install/yolov8_msgs:/home/ssfa/ros2_ws/install/two_wheeled_robot:/home/ssfa/ros2_ws/install/turtlebot3:/home/ssfa/ros2_ws/install/turtlebot3_simulations:/home/ssfa/ros2_ws/install/turtlebot3_navigation2:/home/ssfa/ros2_ws/install/turtlebot3_msgs:/home/ssfa/ros2_ws/install/turtlebot3_gazebo:/home/ssfa/ros2_ws/install/turtlebot3_bringup:/home/ssfa/ros2_ws/install/turtlebot3_cartographer:/home/ssfa/ros2_ws/install/turtlebot3_as:/home/ssfa/ros2_ws/install/tiago_demo:/home/ssfa/ros2_ws/install/t3_action_msg:/home/ssfa/ros2_ws/install/dynamixel_sdk:/home/ssfa/ros2_ws/install/custom_interfaces:/home/ssfa/ros2_ws/install/shape_detector:/home/ssfa/ros2_ws/install/yolov8_ros:/home/ssfa/ros2_ws/install/turtlebot3_teleop:/home/ssfa/ros2_ws/install/turtlebot3_example:/home/ssfa/ros2_ws/install/topic_exercise:/home/ssfa/ros2_ws/install/subscriber_pkg:/home/ssfa/ros2_ws/install/services_pkg:/home/ssfa/ros2_ws/install/publisher_pkg:/home/ssfa/ros2_ws/install/my_package:/home/ssfa/ros2_ws/install/movement_pkg:/home/ssfa/ros2_ws/install/exercise_pkg:/home/ssfa/ros2_ws/install/cv_basics:/home/ssfa/ros2_ws/install/custom_interface_example:/home/ssfa/ros2_ws/install/client_pkg:/opt/ros/humble /usr/bin/cmake /home/ssfa/ros2_ws/src/t3/turtlebot3/turtlebot3/turtlebot3_bringup -DCMAKE_INSTALL_PREFIX=/home/ssfa/ros2_ws/install/turtlebot3_bringup
[2.545s] DEBUG:colcon.colcon_core.event_handler.log_command:Invoking command in '/home/ssfa/ros2_ws/build/turtlebot3_bringup': CMAKE_PREFIX_PATH=/home/ssfa/ros2_ws/install/turtlebot3_description:/home/ssfa/ros2_ws/install/yolov8_bringup:/home/ssfa/ros2_ws/install/yolov8_msgs:/home/ssfa/ros2_ws/install/two_wheeled_robot:/home/ssfa/ros2_ws/install/turtlebot3:/home/ssfa/ros2_ws/install/turtlebot3_simulations:/home/ssfa/ros2_ws/install/turtlebot3_navigation2:/home/ssfa/ros2_ws/install/turtlebot3_msgs:/home/ssfa/ros2_ws/install/turtlebot3_gazebo:/home/ssfa/ros2_ws/install/turtlebot3_bringup:/home/ssfa/ros2_ws/install/turtlebot3_cartographer:/home/ssfa/ros2_ws/install/turtlebot3_as:/home/ssfa/ros2_ws/install/tiago_demo:/home/ssfa/ros2_ws/install/t3_action_msg:/home/ssfa/ros2_ws/install/dynamixel_sdk:/home/ssfa/ros2_ws/install/custom_interfaces:/home/ssfa/ros2_ws/install/shape_detector:/home/ssfa/ros2_ws/install/yolov8_ros:/home/ssfa/ros2_ws/install/turtlebot3_teleop:/home/ssfa/ros2_ws/install/turtlebot3_example:/home/ssfa/ros2_ws/install/topic_exercise:/home/ssfa/ros2_ws/install/subscriber_pkg:/home/ssfa/ros2_ws/install/services_pkg:/home/ssfa/ros2_ws/install/publisher_pkg:/home/ssfa/ros2_ws/install/my_package:/home/ssfa/ros2_ws/install/movement_pkg:/home/ssfa/ros2_ws/install/exercise_pkg:/home/ssfa/ros2_ws/install/cv_basics:/home/ssfa/ros2_ws/install/custom_interface_example:/home/ssfa/ros2_ws/install/client_pkg:/opt/ros/humble /usr/bin/cmake --build /home/ssfa/ros2_ws/build/turtlebot3_bringup -- -j12 -l12
[2.546s] DEBUG:colcon.colcon_core.event_handler.log_command:Invoked command in '/home/ssfa/ros2_ws/build/turtlebot3_gazebo' returned '0': CMAKE_PREFIX_PATH=/home/ssfa/ros2_ws/install/turtlebot3_description:/home/ssfa/ros2_ws/install/yolov8_bringup:/home/ssfa/ros2_ws/install/yolov8_msgs:/home/ssfa/ros2_ws/install/two_wheeled_robot:/home/ssfa/ros2_ws/install/turtlebot3:/home/ssfa/ros2_ws/install/turtlebot3_simulations:/home/ssfa/ros2_ws/install/turtlebot3_navigation2:/home/ssfa/ros2_ws/install/turtlebot3_msgs:/home/ssfa/ros2_ws/install/turtlebot3_gazebo:/home/ssfa/ros2_ws/install/turtlebot3_bringup:/home/ssfa/ros2_ws/install/turtlebot3_cartographer:/home/ssfa/ros2_ws/install/turtlebot3_as:/home/ssfa/ros2_ws/install/tiago_demo:/home/ssfa/ros2_ws/install/t3_action_msg:/home/ssfa/ros2_ws/install/dynamixel_sdk:/home/ssfa/ros2_ws/install/custom_interfaces:/home/ssfa/ros2_ws/install/shape_detector:/home/ssfa/ros2_ws/install/yolov8_ros:/home/ssfa/ros2_ws/install/turtlebot3_teleop:/home/ssfa/ros2_ws/install/turtlebot3_example:/home/ssfa/ros2_ws/install/topic_exercise:/home/ssfa/ros2_ws/install/subscriber_pkg:/home/ssfa/ros2_ws/install/services_pkg:/home/ssfa/ros2_ws/install/publisher_pkg:/home/ssfa/ros2_ws/install/my_package:/home/ssfa/ros2_ws/install/movement_pkg:/home/ssfa/ros2_ws/install/exercise_pkg:/home/ssfa/ros2_ws/install/cv_basics:/home/ssfa/ros2_ws/install/custom_interface_example:/home/ssfa/ros2_ws/install/client_pkg:/opt/ros/humble /usr/bin/cmake /home/ssfa/ros2_ws/src/t3/turtlebot3_simulations/turtlebot3_gazebo -DCMAKE_INSTALL_PREFIX=/home/ssfa/ros2_ws/install/turtlebot3_gazebo
[2.550s] DEBUG:colcon.colcon_core.event_handler.log_command:Invoking command in '/home/ssfa/ros2_ws/build/turtlebot3_gazebo': CMAKE_PREFIX_PATH=/home/ssfa/ros2_ws/install/turtlebot3_description:/home/ssfa/ros2_ws/install/yolov8_bringup:/home/ssfa/ros2_ws/install/yolov8_msgs:/home/ssfa/ros2_ws/install/two_wheeled_robot:/home/ssfa/ros2_ws/install/turtlebot3:/home/ssfa/ros2_ws/install/turtlebot3_simulations:/home/ssfa/ros2_ws/install/turtlebot3_navigation2:/home/ssfa/ros2_ws/install/turtlebot3_msgs:/home/ssfa/ros2_ws/install/turtlebot3_gazebo:/home/ssfa/ros2_ws/install/turtlebot3_bringup:/home/ssfa/ros2_ws/install/turtlebot3_cartographer:/home/ssfa/ros2_ws/install/turtlebot3_as:/home/ssfa/ros2_ws/install/tiago_demo:/home/ssfa/ros2_ws/install/t3_action_msg:/home/ssfa/ros2_ws/install/dynamixel_sdk:/home/ssfa/ros2_ws/install/custom_interfaces:/home/ssfa/ros2_ws/install/shape_detector:/home/ssfa/ros2_ws/install/yolov8_ros:/home/ssfa/ros2_ws/install/turtlebot3_teleop:/home/ssfa/ros2_ws/install/turtlebot3_example:/home/ssfa/ros2_ws/install/topic_exercise:/home/ssfa/ros2_ws/install/subscriber_pkg:/home/ssfa/ros2_ws/install/services_pkg:/home/ssfa/ros2_ws/install/publisher_pkg:/home/ssfa/ros2_ws/install/my_package:/home/ssfa/ros2_ws/install/movement_pkg:/home/ssfa/ros2_ws/install/exercise_pkg:/home/ssfa/ros2_ws/install/cv_basics:/home/ssfa/ros2_ws/install/custom_interface_example:/home/ssfa/ros2_ws/install/client_pkg:/opt/ros/humble /usr/bin/cmake --build /home/ssfa/ros2_ws/build/turtlebot3_gazebo -- -j12 -l12
[2.551s] DEBUG:colcon.colcon_core.event_handler.log_command:Invoked command in '/home/ssfa/ros2_ws/build/cv_basics' returned '0': PYTHONPATH=/home/ssfa/ros2_ws/build/cv_basics/prefix_override:/usr/lib/python3/dist-packages/colcon_core/task/python/colcon_distutils_commands:/home/ssfa/ros2_ws/install/cv_basics/lib/python3.10/site-packages:${PYTHONPATH} /usr/bin/python3 -W ignore:setup.py install is deprecated setup.py develop --uninstall --editable --build-directory /home/ssfa/ros2_ws/build/cv_basics/build
[2.552s] DEBUG:colcon.colcon_core.event_handler.log_command:Invoking command in '/home/ssfa/ros2_ws/src/cv_basics': PYTHONPATH=/home/ssfa/ros2_ws/build/cv_basics/prefix_override:/usr/lib/python3/dist-packages/colcon_core/task/python/colcon_distutils_commands:/home/ssfa/ros2_ws/install/cv_basics/lib/python3.10/site-packages:${PYTHONPATH} /usr/bin/python3 -W ignore:setup.py install is deprecated setup.py egg_info --egg-base ../../build/cv_basics build --build-base /home/ssfa/ros2_ws/build/cv_basics/build install --record /home/ssfa/ros2_ws/build/cv_basics/install.log --single-version-externally-managed install_data --force
[2.552s] DEBUG:colcon.colcon_core.event_handler.log_command:Invoked command in '/home/ssfa/ros2_ws/build/turtlebot3_msgs' returned '0': CMAKE_PREFIX_PATH=${CMAKE_PREFIX_PATH}:/home/ssfa/ros2_ws/install/shape_detector:/home/ssfa/ros2_ws/install/yolov8_ros:/home/ssfa/ros2_ws/install/turtlebot3_teleop:/home/ssfa/ros2_ws/install/turtlebot3_example:/home/ssfa/ros2_ws/install/topic_exercise:/home/ssfa/ros2_ws/install/subscriber_pkg:/home/ssfa/ros2_ws/install/services_pkg:/home/ssfa/ros2_ws/install/publisher_pkg:/home/ssfa/ros2_ws/install/my_package:/home/ssfa/ros2_ws/install/movement_pkg:/home/ssfa/ros2_ws/install/exercise_pkg:/home/ssfa/ros2_ws/install/cv_basics:/home/ssfa/ros2_ws/install/custom_interface_example:/home/ssfa/ros2_ws/install/client_pkg:/opt/ros/humble /usr/bin/cmake --build /home/ssfa/ros2_ws/build/turtlebot3_msgs -- -j12 -l12
[2.553s] DEBUG:colcon.colcon_core.event_handler.log_command:Invoked command in '/home/ssfa/ros2_ws/build/custom_interfaces' returned '0': CMAKE_PREFIX_PATH=${CMAKE_PREFIX_PATH}:/home/ssfa/ros2_ws/install/shape_detector:/home/ssfa/ros2_ws/install/yolov8_ros:/home/ssfa/ros2_ws/install/turtlebot3_teleop:/home/ssfa/ros2_ws/install/turtlebot3_example:/home/ssfa/ros2_ws/install/topic_exercise:/home/ssfa/ros2_ws/install/subscriber_pkg:/home/ssfa/ros2_ws/install/services_pkg:/home/ssfa/ros2_ws/install/publisher_pkg:/home/ssfa/ros2_ws/install/my_package:/home/ssfa/ros2_ws/install/movement_pkg:/home/ssfa/ros2_ws/install/exercise_pkg:/home/ssfa/ros2_ws/install/cv_basics:/home/ssfa/ros2_ws/install/custom_interface_example:/home/ssfa/ros2_ws/install/client_pkg:/opt/ros/humble /usr/bin/cmake --build /home/ssfa/ros2_ws/build/custom_interfaces -- -j12 -l12
[2.553s] DEBUG:colcon.colcon_core.event_handler.log_command:Invoked command in '/home/ssfa/ros2_ws/build/client_pkg' returned '0': PYTHONPATH=/home/ssfa/ros2_ws/build/client_pkg/prefix_override:/usr/lib/python3/dist-packages/colcon_core/task/python/colcon_distutils_commands:/home/ssfa/ros2_ws/install/client_pkg/lib/python3.10/site-packages:${PYTHONPATH} /usr/bin/python3 -W ignore:setup.py install is deprecated setup.py develop --uninstall --editable --build-directory /home/ssfa/ros2_ws/build/client_pkg/build
[2.553s] DEBUG:colcon.colcon_core.event_handler.log_command:Invoking command in '/home/ssfa/ros2_ws/src/client_pkg': PYTHONPATH=/home/ssfa/ros2_ws/build/client_pkg/prefix_override:/usr/lib/python3/dist-packages/colcon_core/task/python/colcon_distutils_commands:/home/ssfa/ros2_ws/install/client_pkg/lib/python3.10/site-packages:${PYTHONPATH} /usr/bin/python3 -W ignore:setup.py install is deprecated setup.py egg_info --egg-base ../../build/client_pkg build --build-base /home/ssfa/ros2_ws/build/client_pkg/build install --record /home/ssfa/ros2_ws/build/client_pkg/install.log --single-version-externally-managed install_data --force
[2.573s] DEBUG:colcon.colcon_core.event_handler.log_command:Invoked command in '/home/ssfa/ros2_ws/build/exercise_pkg' returned '0': PYTHONPATH=/home/ssfa/ros2_ws/build/exercise_pkg/prefix_override:/usr/lib/python3/dist-packages/colcon_core/task/python/colcon_distutils_commands:/home/ssfa/ros2_ws/install/exercise_pkg/lib/python3.10/site-packages:${PYTHONPATH} /usr/bin/python3 -W ignore:setup.py install is deprecated setup.py develop --uninstall --editable --build-directory /home/ssfa/ros2_ws/build/exercise_pkg/build
[2.574s] DEBUG:colcon.colcon_core.event_handler.log_command:Invoking command in '/home/ssfa/ros2_ws/src/exercise_pkg': PYTHONPATH=/home/ssfa/ros2_ws/build/exercise_pkg/prefix_override:/usr/lib/python3/dist-packages/colcon_core/task/python/colcon_distutils_commands:/home/ssfa/ros2_ws/install/exercise_pkg/lib/python3.10/site-packages:${PYTHONPATH} /usr/bin/python3 -W ignore:setup.py install is deprecated setup.py egg_info --egg-base ../../build/exercise_pkg build --build-base /home/ssfa/ros2_ws/build/exercise_pkg/build install --record /home/ssfa/ros2_ws/build/exercise_pkg/install.log --single-version-externally-managed install_data --force
[2.577s] Level 1:colcon.colcon_core.environment:create_environment_scripts_only(yolov8_msgs)
[2.577s] Level 1:colcon.colcon_core.environment:checking '/home/ssfa/ros2_ws/install/yolov8_msgs' for CMake module files
[2.578s] Level 1:colcon.colcon_core.environment:checking '/home/ssfa/ros2_ws/install/yolov8_msgs' for CMake config files
[2.578s] Level 1:colcon.colcon_core.shell:create_environment_hook('yolov8_msgs', 'cmake_prefix_path')
[2.579s] INFO:colcon.colcon_core.shell:Creating environment hook '/home/ssfa/ros2_ws/install/yolov8_msgs/share/yolov8_msgs/hook/cmake_prefix_path.ps1'
[2.579s] INFO:colcon.colcon_core.shell:Creating environment descriptor '/home/ssfa/ros2_ws/install/yolov8_msgs/share/yolov8_msgs/hook/cmake_prefix_path.dsv'
[2.580s] INFO:colcon.colcon_core.shell:Creating environment hook '/home/ssfa/ros2_ws/install/yolov8_msgs/share/yolov8_msgs/hook/cmake_prefix_path.sh'
[2.580s] Level 1:colcon.colcon_core.environment:checking '/home/ssfa/ros2_ws/install/yolov8_msgs/lib'
[2.581s] Level 1:colcon.colcon_core.shell:create_environment_hook('yolov8_msgs', 'ld_library_path_lib')
[2.581s] INFO:colcon.colcon_core.shell:Creating environment hook '/home/ssfa/ros2_ws/install/yolov8_msgs/share/yolov8_msgs/hook/ld_library_path_lib.ps1'
[2.581s] INFO:colcon.colcon_core.shell:Creating environment descriptor '/home/ssfa/ros2_ws/install/yolov8_msgs/share/yolov8_msgs/hook/ld_library_path_lib.dsv'
[2.582s] INFO:colcon.colcon_core.shell:Creating environment hook '/home/ssfa/ros2_ws/install/yolov8_msgs/share/yolov8_msgs/hook/ld_library_path_lib.sh'
[2.582s] Level 1:colcon.colcon_core.environment:checking '/home/ssfa/ros2_ws/install/yolov8_msgs/bin'
[2.582s] Level 1:colcon.colcon_core.environment:checking '/home/ssfa/ros2_ws/install/yolov8_msgs/lib/pkgconfig/yolov8_msgs.pc'
[2.583s] Level 1:colcon.colcon_core.environment:checking '/home/ssfa/ros2_ws/install/yolov8_msgs/lib/python3.10/site-packages'
[2.583s] Level 1:colcon.colcon_core.environment:checking '/home/ssfa/ros2_ws/install/yolov8_msgs/bin'
[2.583s] INFO:colcon.colcon_core.shell:Creating package script '/home/ssfa/ros2_ws/install/yolov8_msgs/share/yolov8_msgs/package.ps1'
[2.584s] INFO:colcon.colcon_core.shell:Creating package descriptor '/home/ssfa/ros2_ws/install/yolov8_msgs/share/yolov8_msgs/package.dsv'
[2.585s] INFO:colcon.colcon_core.shell:Creating package script '/home/ssfa/ros2_ws/install/yolov8_msgs/share/yolov8_msgs/package.sh'
[2.586s] INFO:colcon.colcon_core.shell:Creating package script '/home/ssfa/ros2_ws/install/yolov8_msgs/share/yolov8_msgs/package.bash'
[2.586s] INFO:colcon.colcon_core.shell:Creating package script '/home/ssfa/ros2_ws/install/yolov8_msgs/share/yolov8_msgs/package.zsh'
[2.587s] Level 1:colcon.colcon_core.environment:create_file_with_runtime_dependencies(/home/ssfa/ros2_ws/install/yolov8_msgs/share/colcon-core/packages/yolov8_msgs)
[2.854s] DEBUG:colcon.colcon_parallel_executor.executor.parallel:closing loop
[2.854s] DEBUG:colcon.colcon_parallel_executor.executor.parallel:loop closed
[2.854s] DEBUG:colcon.colcon_parallel_executor.executor.parallel:run_until_complete finished with '2'
[2.854s] DEBUG:colcon.colcon_core.event_reactor:joining thread
[2.859s] INFO:colcon.colcon_core.plugin_system:Skipping extension 'colcon_notification.desktop_notification.terminal_notifier': Not used on non-Darwin systems
[2.859s] INFO:colcon.colcon_core.plugin_system:Skipping extension 'colcon_notification.desktop_notification.win32': Not used on non-Windows systems
[2.859s] INFO:colcon.colcon_notification.desktop_notification:Sending desktop notification using 'notify2'
[2.868s] DEBUG:colcon.colcon_core.event_reactor:joined thread
[2.869s] INFO:colcon.colcon_core.shell:Creating prefix script '/home/ssfa/ros2_ws/install/local_setup.ps1'
[2.869s] INFO:colcon.colcon_core.shell:Creating prefix util module '/home/ssfa/ros2_ws/install/_local_setup_util_ps1.py'
[2.870s] INFO:colcon.colcon_core.shell:Creating prefix chain script '/home/ssfa/ros2_ws/install/setup.ps1'
[2.871s] INFO:colcon.colcon_core.shell:Creating prefix script '/home/ssfa/ros2_ws/install/local_setup.sh'
[2.872s] INFO:colcon.colcon_core.shell:Creating prefix util module '/home/ssfa/ros2_ws/install/_local_setup_util_sh.py'
[2.872s] INFO:colcon.colcon_core.shell:Creating prefix chain script '/home/ssfa/ros2_ws/install/setup.sh'
[2.873s] INFO:colcon.colcon_core.shell:Creating prefix script '/home/ssfa/ros2_ws/install/local_setup.bash'
[2.873s] INFO:colcon.colcon_core.shell:Creating prefix chain script '/home/ssfa/ros2_ws/install/setup.bash'
[2.874s] INFO:colcon.colcon_core.shell:Creating prefix script '/home/ssfa/ros2_ws/install/local_setup.zsh'
[2.874s] INFO:colcon.colcon_core.shell:Creating prefix chain script '/home/ssfa/ros2_ws/install/setup.zsh'
