[0.156s] DEBUG:colcon:Command line arguments: ['/usr/bin/colcon', 'build']
[0.156s] DEBUG:colcon:Parsed command line arguments: Namespace(log_base=None, log_level=None, verb_name='build', build_base='build', install_base='install', merge_install=False, symlink_install=False, test_result_base=None, continue_on_error=False, executor='parallel', parallel_workers=12, event_handlers=None, ignore_user_meta=False, metas=['./colcon.meta'], base_paths=['.'], packages_ignore=None, packages_ignore_regex=None, paths=None, packages_up_to=None, packages_up_to_regex=None, packages_above=None, packages_above_and_dependencies=None, packages_above_depth=None, packages_select_by_dep=None, packages_skip_by_dep=None, packages_skip_up_to=None, packages_select_build_failed=False, packages_skip_build_finished=False, packages_select_test_failures=False, packages_skip_test_passed=False, packages_select=None, packages_skip=None, packages_select_regex=None, packages_skip_regex=None, packages_start=None, packages_end=None, allow_overriding=[], cmake_args=None, cmake_target=None, cmake_target_skip_unavailable=False, cmake_clean_cache=False, cmake_clean_first=False, cmake_force_configure=False, ament_cmake_args=None, catkin_cmake_args=None, catkin_skip_building_tests=False, mixin_files=None, mixin=None, verb_parser=<colcon_mixin.mixin.mixin_argument.MixinArgumentDecorator object at 0x76b4e60eda20>, verb_extension=<colcon_core.verb.build.BuildVerb object at 0x76b4e62b9e10>, main=<bound method BuildVerb.main of <colcon_core.verb.build.BuildVerb object at 0x76b4e62b9e10>>, mixin_verb=('build',))
[0.372s] Level 1:colcon.colcon_core.package_discovery:discover_packages(colcon_meta) check parameters
[0.372s] Level 1:colcon.colcon_core.package_discovery:discover_packages(recursive) check parameters
[0.372s] Level 1:colcon.colcon_core.package_discovery:discover_packages(ignore) check parameters
[0.372s] Level 1:colcon.colcon_core.package_discovery:discover_packages(path) check parameters
[0.372s] Level 1:colcon.colcon_core.package_discovery:discover_packages(colcon_meta) discover
[0.372s] Level 1:colcon.colcon_core.package_discovery:discover_packages(recursive) discover
[0.372s] INFO:colcon.colcon_core.package_discovery:Crawling recursively for packages in '/home/ssfa/ros2_ws'
[0.372s] Level 1:colcon.colcon_core.package_identification:_identify(.) by extensions ['ignore', 'ignore_ament_install']
[0.372s] Level 1:colcon.colcon_core.package_identification:_identify(.) by extension 'ignore'
[0.372s] Level 1:colcon.colcon_core.package_identification:_identify(.) by extension 'ignore_ament_install'
[0.372s] Level 1:colcon.colcon_core.package_identification:_identify(.) by extensions ['colcon_pkg']
[0.373s] Level 1:colcon.colcon_core.package_identification:_identify(.) by extension 'colcon_pkg'
[0.373s] Level 1:colcon.colcon_core.package_identification:_identify(.) by extensions ['colcon_meta']
[0.373s] Level 1:colcon.colcon_core.package_identification:_identify(.) by extension 'colcon_meta'
[0.373s] Level 1:colcon.colcon_core.package_identification:_identify(.) by extensions ['ros']
[0.373s] Level 1:colcon.colcon_core.package_identification:_identify(.) by extension 'ros'
[0.388s] Level 1:colcon.colcon_core.package_identification:_identify(.) by extensions ['cmake', 'python']
[0.388s] Level 1:colcon.colcon_core.package_identification:_identify(.) by extension 'cmake'
[0.388s] Level 1:colcon.colcon_core.package_identification:_identify(.) by extension 'python'
[0.388s] Level 1:colcon.colcon_core.package_identification:_identify(.) by extensions ['python_setup_py']
[0.388s] Level 1:colcon.colcon_core.package_identification:_identify(.) by extension 'python_setup_py'
[0.388s] Level 1:colcon.colcon_core.package_identification:_identify(build) by extensions ['ignore', 'ignore_ament_install']
[0.388s] Level 1:colcon.colcon_core.package_identification:_identify(build) by extension 'ignore'
[0.388s] Level 1:colcon.colcon_core.package_identification:_identify(build) ignored
[0.388s] Level 1:colcon.colcon_core.package_identification:_identify(install) by extensions ['ignore', 'ignore_ament_install']
[0.389s] Level 1:colcon.colcon_core.package_identification:_identify(install) by extension 'ignore'
[0.389s] Level 1:colcon.colcon_core.package_identification:_identify(install) ignored
[0.389s] Level 1:colcon.colcon_core.package_identification:_identify(log) by extensions ['ignore', 'ignore_ament_install']
[0.389s] Level 1:colcon.colcon_core.package_identification:_identify(log) by extension 'ignore'
[0.389s] Level 1:colcon.colcon_core.package_identification:_identify(log) ignored
[0.389s] Level 1:colcon.colcon_core.package_identification:_identify(src) by extensions ['ignore', 'ignore_ament_install']
[0.389s] Level 1:colcon.colcon_core.package_identification:_identify(src) by extension 'ignore'
[0.389s] Level 1:colcon.colcon_core.package_identification:_identify(src) by extension 'ignore_ament_install'
[0.389s] Level 1:colcon.colcon_core.package_identification:_identify(src) by extensions ['colcon_pkg']
[0.389s] Level 1:colcon.colcon_core.package_identification:_identify(src) by extension 'colcon_pkg'
[0.389s] Level 1:colcon.colcon_core.package_identification:_identify(src) by extensions ['colcon_meta']
[0.389s] Level 1:colcon.colcon_core.package_identification:_identify(src) by extension 'colcon_meta'
[0.389s] Level 1:colcon.colcon_core.package_identification:_identify(src) by extensions ['ros']
[0.389s] Level 1:colcon.colcon_core.package_identification:_identify(src) by extension 'ros'
[0.390s] Level 1:colcon.colcon_core.package_identification:_identify(src) by extensions ['cmake', 'python']
[0.390s] Level 1:colcon.colcon_core.package_identification:_identify(src) by extension 'cmake'
[0.390s] Level 1:colcon.colcon_core.package_identification:_identify(src) by extension 'python'
[0.390s] Level 1:colcon.colcon_core.package_identification:_identify(src) by extensions ['python_setup_py']
[0.390s] Level 1:colcon.colcon_core.package_identification:_identify(src) by extension 'python_setup_py'
[0.390s] Level 1:colcon.colcon_core.package_identification:_identify(src/build) by extensions ['ignore', 'ignore_ament_install']
[0.390s] Level 1:colcon.colcon_core.package_identification:_identify(src/build) by extension 'ignore'
[0.390s] Level 1:colcon.colcon_core.package_identification:_identify(src/build) ignored
[0.390s] Level 1:colcon.colcon_core.package_identification:_identify(src/client_pkg) by extensions ['ignore', 'ignore_ament_install']
[0.390s] Level 1:colcon.colcon_core.package_identification:_identify(src/client_pkg) by extension 'ignore'
[0.390s] Level 1:colcon.colcon_core.package_identification:_identify(src/client_pkg) by extension 'ignore_ament_install'
[0.390s] Level 1:colcon.colcon_core.package_identification:_identify(src/client_pkg) by extensions ['colcon_pkg']
[0.390s] Level 1:colcon.colcon_core.package_identification:_identify(src/client_pkg) by extension 'colcon_pkg'
[0.390s] Level 1:colcon.colcon_core.package_identification:_identify(src/client_pkg) by extensions ['colcon_meta']
[0.390s] Level 1:colcon.colcon_core.package_identification:_identify(src/client_pkg) by extension 'colcon_meta'
[0.390s] Level 1:colcon.colcon_core.package_identification:_identify(src/client_pkg) by extensions ['ros']
[0.390s] Level 1:colcon.colcon_core.package_identification:_identify(src/client_pkg) by extension 'ros'
[0.394s] DEBUG:colcon.colcon_core.package_identification:Package 'src/client_pkg' with type 'ros.ament_python' and name 'client_pkg'
[0.394s] Level 1:colcon.colcon_core.package_identification:_identify(src/custom_interface_example) by extensions ['ignore', 'ignore_ament_install']
[0.394s] Level 1:colcon.colcon_core.package_identification:_identify(src/custom_interface_example) by extension 'ignore'
[0.394s] Level 1:colcon.colcon_core.package_identification:_identify(src/custom_interface_example) by extension 'ignore_ament_install'
[0.394s] Level 1:colcon.colcon_core.package_identification:_identify(src/custom_interface_example) by extensions ['colcon_pkg']
[0.394s] Level 1:colcon.colcon_core.package_identification:_identify(src/custom_interface_example) by extension 'colcon_pkg'
[0.394s] Level 1:colcon.colcon_core.package_identification:_identify(src/custom_interface_example) by extensions ['colcon_meta']
[0.394s] Level 1:colcon.colcon_core.package_identification:_identify(src/custom_interface_example) by extension 'colcon_meta'
[0.394s] Level 1:colcon.colcon_core.package_identification:_identify(src/custom_interface_example) by extensions ['ros']
[0.394s] Level 1:colcon.colcon_core.package_identification:_identify(src/custom_interface_example) by extension 'ros'
[0.395s] DEBUG:colcon.colcon_core.package_identification:Package 'src/custom_interface_example' with type 'ros.ament_python' and name 'custom_interface_example'
[0.396s] Level 1:colcon.colcon_core.package_identification:_identify(src/custom_interfaces) by extensions ['ignore', 'ignore_ament_install']
[0.396s] Level 1:colcon.colcon_core.package_identification:_identify(src/custom_interfaces) by extension 'ignore'
[0.396s] Level 1:colcon.colcon_core.package_identification:_identify(src/custom_interfaces) by extension 'ignore_ament_install'
[0.396s] Level 1:colcon.colcon_core.package_identification:_identify(src/custom_interfaces) by extensions ['colcon_pkg']
[0.396s] Level 1:colcon.colcon_core.package_identification:_identify(src/custom_interfaces) by extension 'colcon_pkg'
[0.396s] Level 1:colcon.colcon_core.package_identification:_identify(src/custom_interfaces) by extensions ['colcon_meta']
[0.396s] Level 1:colcon.colcon_core.package_identification:_identify(src/custom_interfaces) by extension 'colcon_meta'
[0.396s] Level 1:colcon.colcon_core.package_identification:_identify(src/custom_interfaces) by extensions ['ros']
[0.396s] Level 1:colcon.colcon_core.package_identification:_identify(src/custom_interfaces) by extension 'ros'
[0.397s] DEBUG:colcon.colcon_core.package_identification:Package 'src/custom_interfaces' with type 'ros.ament_cmake' and name 'custom_interfaces'
[0.397s] Level 1:colcon.colcon_core.package_identification:_identify(src/exercise_pkg) by extensions ['ignore', 'ignore_ament_install']
[0.397s] Level 1:colcon.colcon_core.package_identification:_identify(src/exercise_pkg) by extension 'ignore'
[0.397s] Level 1:colcon.colcon_core.package_identification:_identify(src/exercise_pkg) by extension 'ignore_ament_install'
[0.397s] Level 1:colcon.colcon_core.package_identification:_identify(src/exercise_pkg) by extensions ['colcon_pkg']
[0.397s] Level 1:colcon.colcon_core.package_identification:_identify(src/exercise_pkg) by extension 'colcon_pkg'
[0.397s] Level 1:colcon.colcon_core.package_identification:_identify(src/exercise_pkg) by extensions ['colcon_meta']
[0.397s] Level 1:colcon.colcon_core.package_identification:_identify(src/exercise_pkg) by extension 'colcon_meta'
[0.397s] Level 1:colcon.colcon_core.package_identification:_identify(src/exercise_pkg) by extensions ['ros']
[0.397s] Level 1:colcon.colcon_core.package_identification:_identify(src/exercise_pkg) by extension 'ros'
[0.398s] DEBUG:colcon.colcon_core.package_identification:Package 'src/exercise_pkg' with type 'ros.ament_python' and name 'exercise_pkg'
[0.399s] Level 1:colcon.colcon_core.package_identification:_identify(src/install) by extensions ['ignore', 'ignore_ament_install']
[0.399s] Level 1:colcon.colcon_core.package_identification:_identify(src/install) by extension 'ignore'
[0.399s] Level 1:colcon.colcon_core.package_identification:_identify(src/install) ignored
[0.399s] Level 1:colcon.colcon_core.package_identification:_identify(src/log) by extensions ['ignore', 'ignore_ament_install']
[0.399s] Level 1:colcon.colcon_core.package_identification:_identify(src/log) by extension 'ignore'
[0.399s] Level 1:colcon.colcon_core.package_identification:_identify(src/log) ignored
[0.399s] Level 1:colcon.colcon_core.package_identification:_identify(src/movement_pkg) by extensions ['ignore', 'ignore_ament_install']
[0.399s] Level 1:colcon.colcon_core.package_identification:_identify(src/movement_pkg) by extension 'ignore'
[0.399s] Level 1:colcon.colcon_core.package_identification:_identify(src/movement_pkg) by extension 'ignore_ament_install'
[0.399s] Level 1:colcon.colcon_core.package_identification:_identify(src/movement_pkg) by extensions ['colcon_pkg']
[0.399s] Level 1:colcon.colcon_core.package_identification:_identify(src/movement_pkg) by extension 'colcon_pkg'
[0.399s] Level 1:colcon.colcon_core.package_identification:_identify(src/movement_pkg) by extensions ['colcon_meta']
[0.399s] Level 1:colcon.colcon_core.package_identification:_identify(src/movement_pkg) by extension 'colcon_meta'
[0.400s] Level 1:colcon.colcon_core.package_identification:_identify(src/movement_pkg) by extensions ['ros']
[0.400s] Level 1:colcon.colcon_core.package_identification:_identify(src/movement_pkg) by extension 'ros'
[0.401s] DEBUG:colcon.colcon_core.package_identification:Package 'src/movement_pkg' with type 'ros.ament_python' and name 'movement_pkg'
[0.401s] Level 1:colcon.colcon_core.package_identification:_identify(src/my_package) by extensions ['ignore', 'ignore_ament_install']
[0.401s] Level 1:colcon.colcon_core.package_identification:_identify(src/my_package) by extension 'ignore'
[0.401s] Level 1:colcon.colcon_core.package_identification:_identify(src/my_package) by extension 'ignore_ament_install'
[0.401s] Level 1:colcon.colcon_core.package_identification:_identify(src/my_package) by extensions ['colcon_pkg']
[0.401s] Level 1:colcon.colcon_core.package_identification:_identify(src/my_package) by extension 'colcon_pkg'
[0.401s] Level 1:colcon.colcon_core.package_identification:_identify(src/my_package) by extensions ['colcon_meta']
[0.401s] Level 1:colcon.colcon_core.package_identification:_identify(src/my_package) by extension 'colcon_meta'
[0.401s] Level 1:colcon.colcon_core.package_identification:_identify(src/my_package) by extensions ['ros']
[0.401s] Level 1:colcon.colcon_core.package_identification:_identify(src/my_package) by extension 'ros'
[0.402s] DEBUG:colcon.colcon_core.package_identification:Package 'src/my_package' with type 'ros.ament_python' and name 'my_package'
[0.402s] Level 1:colcon.colcon_core.package_identification:_identify(src/opencv_cam) by extensions ['ignore', 'ignore_ament_install']
[0.402s] Level 1:colcon.colcon_core.package_identification:_identify(src/opencv_cam) by extension 'ignore'
[0.402s] Level 1:colcon.colcon_core.package_identification:_identify(src/opencv_cam) by extension 'ignore_ament_install'
[0.402s] Level 1:colcon.colcon_core.package_identification:_identify(src/opencv_cam) by extensions ['colcon_pkg']
[0.402s] Level 1:colcon.colcon_core.package_identification:_identify(src/opencv_cam) by extension 'colcon_pkg'
[0.402s] Level 1:colcon.colcon_core.package_identification:_identify(src/opencv_cam) by extensions ['colcon_meta']
[0.402s] Level 1:colcon.colcon_core.package_identification:_identify(src/opencv_cam) by extension 'colcon_meta'
[0.402s] Level 1:colcon.colcon_core.package_identification:_identify(src/opencv_cam) by extensions ['ros']
[0.402s] Level 1:colcon.colcon_core.package_identification:_identify(src/opencv_cam) by extension 'ros'
[0.402s] Level 1:colcon.colcon_core.package_identification:_identify(src/opencv_cam) by extensions ['cmake', 'python']
[0.402s] Level 1:colcon.colcon_core.package_identification:_identify(src/opencv_cam) by extension 'cmake'
[0.402s] Level 1:colcon.colcon_core.package_identification:_identify(src/opencv_cam) by extension 'python'
[0.402s] Level 1:colcon.colcon_core.package_identification:_identify(src/opencv_cam) by extensions ['python_setup_py']
[0.403s] Level 1:colcon.colcon_core.package_identification:_identify(src/opencv_cam) by extension 'python_setup_py'
[0.403s] Level 1:colcon.colcon_core.package_identification:_identify(src/publisher_pkg) by extensions ['ignore', 'ignore_ament_install']
[0.403s] Level 1:colcon.colcon_core.package_identification:_identify(src/publisher_pkg) by extension 'ignore'
[0.403s] Level 1:colcon.colcon_core.package_identification:_identify(src/publisher_pkg) by extension 'ignore_ament_install'
[0.403s] Level 1:colcon.colcon_core.package_identification:_identify(src/publisher_pkg) by extensions ['colcon_pkg']
[0.403s] Level 1:colcon.colcon_core.package_identification:_identify(src/publisher_pkg) by extension 'colcon_pkg'
[0.403s] Level 1:colcon.colcon_core.package_identification:_identify(src/publisher_pkg) by extensions ['colcon_meta']
[0.403s] Level 1:colcon.colcon_core.package_identification:_identify(src/publisher_pkg) by extension 'colcon_meta'
[0.403s] Level 1:colcon.colcon_core.package_identification:_identify(src/publisher_pkg) by extensions ['ros']
[0.403s] Level 1:colcon.colcon_core.package_identification:_identify(src/publisher_pkg) by extension 'ros'
[0.404s] DEBUG:colcon.colcon_core.package_identification:Package 'src/publisher_pkg' with type 'ros.ament_python' and name 'publisher_pkg'
[0.404s] Level 1:colcon.colcon_core.package_identification:_identify(src/subscriber_pkg) by extensions ['ignore', 'ignore_ament_install']
[0.404s] Level 1:colcon.colcon_core.package_identification:_identify(src/subscriber_pkg) by extension 'ignore'
[0.404s] Level 1:colcon.colcon_core.package_identification:_identify(src/subscriber_pkg) by extension 'ignore_ament_install'
[0.404s] Level 1:colcon.colcon_core.package_identification:_identify(src/subscriber_pkg) by extensions ['colcon_pkg']
[0.404s] Level 1:colcon.colcon_core.package_identification:_identify(src/subscriber_pkg) by extension 'colcon_pkg'
[0.404s] Level 1:colcon.colcon_core.package_identification:_identify(src/subscriber_pkg) by extensions ['colcon_meta']
[0.404s] Level 1:colcon.colcon_core.package_identification:_identify(src/subscriber_pkg) by extension 'colcon_meta'
[0.404s] Level 1:colcon.colcon_core.package_identification:_identify(src/subscriber_pkg) by extensions ['ros']
[0.404s] Level 1:colcon.colcon_core.package_identification:_identify(src/subscriber_pkg) by extension 'ros'
[0.405s] DEBUG:colcon.colcon_core.package_identification:Package 'src/subscriber_pkg' with type 'ros.ament_python' and name 'subscriber_pkg'
[0.405s] Level 1:colcon.colcon_core.package_identification:_identify(src/t3) by extensions ['ignore', 'ignore_ament_install']
[0.405s] Level 1:colcon.colcon_core.package_identification:_identify(src/t3) by extension 'ignore'
[0.406s] Level 1:colcon.colcon_core.package_identification:_identify(src/t3) by extension 'ignore_ament_install'
[0.406s] Level 1:colcon.colcon_core.package_identification:_identify(src/t3) by extensions ['colcon_pkg']
[0.406s] Level 1:colcon.colcon_core.package_identification:_identify(src/t3) by extension 'colcon_pkg'
[0.406s] Level 1:colcon.colcon_core.package_identification:_identify(src/t3) by extensions ['colcon_meta']
[0.406s] Level 1:colcon.colcon_core.package_identification:_identify(src/t3) by extension 'colcon_meta'
[0.406s] Level 1:colcon.colcon_core.package_identification:_identify(src/t3) by extensions ['ros']
[0.406s] Level 1:colcon.colcon_core.package_identification:_identify(src/t3) by extension 'ros'
[0.406s] Level 1:colcon.colcon_core.package_identification:_identify(src/t3) by extensions ['cmake', 'python']
[0.406s] Level 1:colcon.colcon_core.package_identification:_identify(src/t3) by extension 'cmake'
[0.406s] Level 1:colcon.colcon_core.package_identification:_identify(src/t3) by extension 'python'
[0.406s] Level 1:colcon.colcon_core.package_identification:_identify(src/t3) by extensions ['python_setup_py']
[0.406s] Level 1:colcon.colcon_core.package_identification:_identify(src/t3) by extension 'python_setup_py'
[0.406s] Level 1:colcon.colcon_core.package_identification:_identify(src/t3/DynamixelSDK) by extensions ['ignore', 'ignore_ament_install']
[0.406s] Level 1:colcon.colcon_core.package_identification:_identify(src/t3/DynamixelSDK) by extension 'ignore'
[0.406s] Level 1:colcon.colcon_core.package_identification:_identify(src/t3/DynamixelSDK) by extension 'ignore_ament_install'
[0.406s] Level 1:colcon.colcon_core.package_identification:_identify(src/t3/DynamixelSDK) by extensions ['colcon_pkg']
[0.406s] Level 1:colcon.colcon_core.package_identification:_identify(src/t3/DynamixelSDK) by extension 'colcon_pkg'
[0.406s] Level 1:colcon.colcon_core.package_identification:_identify(src/t3/DynamixelSDK) by extensions ['colcon_meta']
[0.406s] Level 1:colcon.colcon_core.package_identification:_identify(src/t3/DynamixelSDK) by extension 'colcon_meta'
[0.406s] Level 1:colcon.colcon_core.package_identification:_identify(src/t3/DynamixelSDK) by extensions ['ros']
[0.407s] Level 1:colcon.colcon_core.package_identification:_identify(src/t3/DynamixelSDK) by extension 'ros'
[0.407s] Level 1:colcon.colcon_core.package_identification:_identify(src/t3/DynamixelSDK) by extensions ['cmake', 'python']
[0.407s] Level 1:colcon.colcon_core.package_identification:_identify(src/t3/DynamixelSDK) by extension 'cmake'
[0.407s] Level 1:colcon.colcon_core.package_identification:_identify(src/t3/DynamixelSDK) by extension 'python'
[0.407s] Level 1:colcon.colcon_core.package_identification:_identify(src/t3/DynamixelSDK) by extensions ['python_setup_py']
[0.407s] Level 1:colcon.colcon_core.package_identification:_identify(src/t3/DynamixelSDK) by extension 'python_setup_py'
[0.407s] Level 1:colcon.colcon_core.package_identification:_identify(src/t3/DynamixelSDK/dynamixel_sdk) by extensions ['ignore', 'ignore_ament_install']
[0.407s] Level 1:colcon.colcon_core.package_identification:_identify(src/t3/DynamixelSDK/dynamixel_sdk) by extension 'ignore'
[0.407s] Level 1:colcon.colcon_core.package_identification:_identify(src/t3/DynamixelSDK/dynamixel_sdk) by extension 'ignore_ament_install'
[0.407s] Level 1:colcon.colcon_core.package_identification:_identify(src/t3/DynamixelSDK/dynamixel_sdk) by extensions ['colcon_pkg']
[0.407s] Level 1:colcon.colcon_core.package_identification:_identify(src/t3/DynamixelSDK/dynamixel_sdk) by extension 'colcon_pkg'
[0.407s] Level 1:colcon.colcon_core.package_identification:_identify(src/t3/DynamixelSDK/dynamixel_sdk) by extensions ['colcon_meta']
[0.407s] Level 1:colcon.colcon_core.package_identification:_identify(src/t3/DynamixelSDK/dynamixel_sdk) by extension 'colcon_meta'
[0.407s] Level 1:colcon.colcon_core.package_identification:_identify(src/t3/DynamixelSDK/dynamixel_sdk) by extensions ['ros']
[0.407s] Level 1:colcon.colcon_core.package_identification:_identify(src/t3/DynamixelSDK/dynamixel_sdk) by extension 'ros'
[0.408s] DEBUG:colcon.colcon_core.package_identification:Package 'src/t3/DynamixelSDK/dynamixel_sdk' with type 'ros.ament_cmake' and name 'dynamixel_sdk'
[0.408s] Level 1:colcon.colcon_core.package_identification:_identify(src/t3/services_pkg) by extensions ['ignore', 'ignore_ament_install']
[0.408s] Level 1:colcon.colcon_core.package_identification:_identify(src/t3/services_pkg) by extension 'ignore'
[0.408s] Level 1:colcon.colcon_core.package_identification:_identify(src/t3/services_pkg) by extension 'ignore_ament_install'
[0.408s] Level 1:colcon.colcon_core.package_identification:_identify(src/t3/services_pkg) by extensions ['colcon_pkg']
[0.409s] Level 1:colcon.colcon_core.package_identification:_identify(src/t3/services_pkg) by extension 'colcon_pkg'
[0.409s] Level 1:colcon.colcon_core.package_identification:_identify(src/t3/services_pkg) by extensions ['colcon_meta']
[0.409s] Level 1:colcon.colcon_core.package_identification:_identify(src/t3/services_pkg) by extension 'colcon_meta'
[0.409s] Level 1:colcon.colcon_core.package_identification:_identify(src/t3/services_pkg) by extensions ['ros']
[0.409s] Level 1:colcon.colcon_core.package_identification:_identify(src/t3/services_pkg) by extension 'ros'
[0.410s] DEBUG:colcon.colcon_core.package_identification:Package 'src/t3/services_pkg' with type 'ros.ament_python' and name 'services_pkg'
[0.410s] Level 1:colcon.colcon_core.package_identification:_identify(src/t3/t3_action_msg) by extensions ['ignore', 'ignore_ament_install']
[0.410s] Level 1:colcon.colcon_core.package_identification:_identify(src/t3/t3_action_msg) by extension 'ignore'
[0.410s] Level 1:colcon.colcon_core.package_identification:_identify(src/t3/t3_action_msg) by extension 'ignore_ament_install'
[0.410s] Level 1:colcon.colcon_core.package_identification:_identify(src/t3/t3_action_msg) by extensions ['colcon_pkg']
[0.410s] Level 1:colcon.colcon_core.package_identification:_identify(src/t3/t3_action_msg) by extension 'colcon_pkg'
[0.410s] Level 1:colcon.colcon_core.package_identification:_identify(src/t3/t3_action_msg) by extensions ['colcon_meta']
[0.410s] Level 1:colcon.colcon_core.package_identification:_identify(src/t3/t3_action_msg) by extension 'colcon_meta'
[0.410s] Level 1:colcon.colcon_core.package_identification:_identify(src/t3/t3_action_msg) by extensions ['ros']
[0.410s] Level 1:colcon.colcon_core.package_identification:_identify(src/t3/t3_action_msg) by extension 'ros'
[0.411s] DEBUG:colcon.colcon_core.package_identification:Package 'src/t3/t3_action_msg' with type 'ros.ament_cmake' and name 't3_action_msg'
[0.411s] Level 1:colcon.colcon_core.package_identification:_identify(src/t3/turtlebot3) by extensions ['ignore', 'ignore_ament_install']
[0.411s] Level 1:colcon.colcon_core.package_identification:_identify(src/t3/turtlebot3) by extension 'ignore'
[0.411s] Level 1:colcon.colcon_core.package_identification:_identify(src/t3/turtlebot3) by extension 'ignore_ament_install'
[0.411s] Level 1:colcon.colcon_core.package_identification:_identify(src/t3/turtlebot3) by extensions ['colcon_pkg']
[0.411s] Level 1:colcon.colcon_core.package_identification:_identify(src/t3/turtlebot3) by extension 'colcon_pkg'
[0.411s] Level 1:colcon.colcon_core.package_identification:_identify(src/t3/turtlebot3) by extensions ['colcon_meta']
[0.411s] Level 1:colcon.colcon_core.package_identification:_identify(src/t3/turtlebot3) by extension 'colcon_meta'
[0.411s] Level 1:colcon.colcon_core.package_identification:_identify(src/t3/turtlebot3) by extensions ['ros']
[0.411s] Level 1:colcon.colcon_core.package_identification:_identify(src/t3/turtlebot3) by extension 'ros'
[0.412s] Level 1:colcon.colcon_core.package_identification:_identify(src/t3/turtlebot3) by extensions ['cmake', 'python']
[0.412s] Level 1:colcon.colcon_core.package_identification:_identify(src/t3/turtlebot3) by extension 'cmake'
[0.412s] Level 1:colcon.colcon_core.package_identification:_identify(src/t3/turtlebot3) by extension 'python'
[0.412s] Level 1:colcon.colcon_core.package_identification:_identify(src/t3/turtlebot3) by extensions ['python_setup_py']
[0.412s] Level 1:colcon.colcon_core.package_identification:_identify(src/t3/turtlebot3) by extension 'python_setup_py'
[0.412s] Level 1:colcon.colcon_core.package_identification:_identify(src/t3/turtlebot3/turtlebot3) by extensions ['ignore', 'ignore_ament_install']
[0.412s] Level 1:colcon.colcon_core.package_identification:_identify(src/t3/turtlebot3/turtlebot3) by extension 'ignore'
[0.412s] Level 1:colcon.colcon_core.package_identification:_identify(src/t3/turtlebot3/turtlebot3) by extension 'ignore_ament_install'
[0.412s] Level 1:colcon.colcon_core.package_identification:_identify(src/t3/turtlebot3/turtlebot3) by extensions ['colcon_pkg']
[0.412s] Level 1:colcon.colcon_core.package_identification:_identify(src/t3/turtlebot3/turtlebot3) by extension 'colcon_pkg'
[0.412s] Level 1:colcon.colcon_core.package_identification:_identify(src/t3/turtlebot3/turtlebot3) by extensions ['colcon_meta']
[0.412s] Level 1:colcon.colcon_core.package_identification:_identify(src/t3/turtlebot3/turtlebot3) by extension 'colcon_meta'
[0.412s] Level 1:colcon.colcon_core.package_identification:_identify(src/t3/turtlebot3/turtlebot3) by extensions ['ros']
[0.412s] Level 1:colcon.colcon_core.package_identification:_identify(src/t3/turtlebot3/turtlebot3) by extension 'ros'
[0.412s] Level 1:colcon.colcon_core.package_identification:_identify(src/t3/turtlebot3/turtlebot3) by extensions ['cmake', 'python']
[0.412s] Level 1:colcon.colcon_core.package_identification:_identify(src/t3/turtlebot3/turtlebot3) by extension 'cmake'
[0.412s] Level 1:colcon.colcon_core.package_identification:_identify(src/t3/turtlebot3/turtlebot3) by extension 'python'
[0.412s] Level 1:colcon.colcon_core.package_identification:_identify(src/t3/turtlebot3/turtlebot3) by extensions ['python_setup_py']
[0.412s] Level 1:colcon.colcon_core.package_identification:_identify(src/t3/turtlebot3/turtlebot3) by extension 'python_setup_py'
[0.413s] Level 1:colcon.colcon_core.package_identification:_identify(src/t3/turtlebot3/turtlebot3/turtlebot3) by extensions ['ignore', 'ignore_ament_install']
[0.413s] Level 1:colcon.colcon_core.package_identification:_identify(src/t3/turtlebot3/turtlebot3/turtlebot3) by extension 'ignore'
[0.413s] Level 1:colcon.colcon_core.package_identification:_identify(src/t3/turtlebot3/turtlebot3/turtlebot3) by extension 'ignore_ament_install'
[0.413s] Level 1:colcon.colcon_core.package_identification:_identify(src/t3/turtlebot3/turtlebot3/turtlebot3) by extensions ['colcon_pkg']
[0.413s] Level 1:colcon.colcon_core.package_identification:_identify(src/t3/turtlebot3/turtlebot3/turtlebot3) by extension 'colcon_pkg'
[0.413s] Level 1:colcon.colcon_core.package_identification:_identify(src/t3/turtlebot3/turtlebot3/turtlebot3) by extensions ['colcon_meta']
[0.413s] Level 1:colcon.colcon_core.package_identification:_identify(src/t3/turtlebot3/turtlebot3/turtlebot3) by extension 'colcon_meta'
[0.413s] Level 1:colcon.colcon_core.package_identification:_identify(src/t3/turtlebot3/turtlebot3/turtlebot3) by extensions ['ros']
[0.413s] Level 1:colcon.colcon_core.package_identification:_identify(src/t3/turtlebot3/turtlebot3/turtlebot3) by extension 'ros'
[0.414s] DEBUG:colcon.colcon_core.package_identification:Package 'src/t3/turtlebot3/turtlebot3/turtlebot3' with type 'ros.ament_cmake' and name 'turtlebot3'
[0.414s] Level 1:colcon.colcon_core.package_identification:_identify(src/t3/turtlebot3/turtlebot3/turtlebot3_bringup) by extensions ['ignore', 'ignore_ament_install']
[0.414s] Level 1:colcon.colcon_core.package_identification:_identify(src/t3/turtlebot3/turtlebot3/turtlebot3_bringup) by extension 'ignore'
[0.414s] Level 1:colcon.colcon_core.package_identification:_identify(src/t3/turtlebot3/turtlebot3/turtlebot3_bringup) by extension 'ignore_ament_install'
[0.414s] Level 1:colcon.colcon_core.package_identification:_identify(src/t3/turtlebot3/turtlebot3/turtlebot3_bringup) by extensions ['colcon_pkg']
[0.414s] Level 1:colcon.colcon_core.package_identification:_identify(src/t3/turtlebot3/turtlebot3/turtlebot3_bringup) by extension 'colcon_pkg'
[0.414s] Level 1:colcon.colcon_core.package_identification:_identify(src/t3/turtlebot3/turtlebot3/turtlebot3_bringup) by extensions ['colcon_meta']
[0.414s] Level 1:colcon.colcon_core.package_identification:_identify(src/t3/turtlebot3/turtlebot3/turtlebot3_bringup) by extension 'colcon_meta'
[0.414s] Level 1:colcon.colcon_core.package_identification:_identify(src/t3/turtlebot3/turtlebot3/turtlebot3_bringup) by extensions ['ros']
[0.414s] Level 1:colcon.colcon_core.package_identification:_identify(src/t3/turtlebot3/turtlebot3/turtlebot3_bringup) by extension 'ros'
[0.415s] DEBUG:colcon.colcon_core.package_identification:Package 'src/t3/turtlebot3/turtlebot3/turtlebot3_bringup' with type 'ros.ament_cmake' and name 'turtlebot3_bringup'
[0.415s] Level 1:colcon.colcon_core.package_identification:_identify(src/t3/turtlebot3/turtlebot3/turtlebot3_cartographer) by extensions ['ignore', 'ignore_ament_install']
[0.415s] Level 1:colcon.colcon_core.package_identification:_identify(src/t3/turtlebot3/turtlebot3/turtlebot3_cartographer) by extension 'ignore'
[0.415s] Level 1:colcon.colcon_core.package_identification:_identify(src/t3/turtlebot3/turtlebot3/turtlebot3_cartographer) by extension 'ignore_ament_install'
[0.415s] Level 1:colcon.colcon_core.package_identification:_identify(src/t3/turtlebot3/turtlebot3/turtlebot3_cartographer) by extensions ['colcon_pkg']
[0.416s] Level 1:colcon.colcon_core.package_identification:_identify(src/t3/turtlebot3/turtlebot3/turtlebot3_cartographer) by extension 'colcon_pkg'
[0.416s] Level 1:colcon.colcon_core.package_identification:_identify(src/t3/turtlebot3/turtlebot3/turtlebot3_cartographer) by extensions ['colcon_meta']
[0.416s] Level 1:colcon.colcon_core.package_identification:_identify(src/t3/turtlebot3/turtlebot3/turtlebot3_cartographer) by extension 'colcon_meta'
[0.416s] Level 1:colcon.colcon_core.package_identification:_identify(src/t3/turtlebot3/turtlebot3/turtlebot3_cartographer) by extensions ['ros']
[0.416s] Level 1:colcon.colcon_core.package_identification:_identify(src/t3/turtlebot3/turtlebot3/turtlebot3_cartographer) by extension 'ros'
[0.416s] DEBUG:colcon.colcon_core.package_identification:Package 'src/t3/turtlebot3/turtlebot3/turtlebot3_cartographer' with type 'ros.ament_cmake' and name 'turtlebot3_cartographer'
[0.417s] Level 1:colcon.colcon_core.package_identification:_identify(src/t3/turtlebot3/turtlebot3/turtlebot3_description) by extensions ['ignore', 'ignore_ament_install']
[0.417s] Level 1:colcon.colcon_core.package_identification:_identify(src/t3/turtlebot3/turtlebot3/turtlebot3_description) by extension 'ignore'
[0.417s] Level 1:colcon.colcon_core.package_identification:_identify(src/t3/turtlebot3/turtlebot3/turtlebot3_description) by extension 'ignore_ament_install'
[0.417s] Level 1:colcon.colcon_core.package_identification:_identify(src/t3/turtlebot3/turtlebot3/turtlebot3_description) by extensions ['colcon_pkg']
[0.417s] Level 1:colcon.colcon_core.package_identification:_identify(src/t3/turtlebot3/turtlebot3/turtlebot3_description) by extension 'colcon_pkg'
[0.417s] Level 1:colcon.colcon_core.package_identification:_identify(src/t3/turtlebot3/turtlebot3/turtlebot3_description) by extensions ['colcon_meta']
[0.417s] Level 1:colcon.colcon_core.package_identification:_identify(src/t3/turtlebot3/turtlebot3/turtlebot3_description) by extension 'colcon_meta'
[0.417s] Level 1:colcon.colcon_core.package_identification:_identify(src/t3/turtlebot3/turtlebot3/turtlebot3_description) by extensions ['ros']
[0.417s] Level 1:colcon.colcon_core.package_identification:_identify(src/t3/turtlebot3/turtlebot3/turtlebot3_description) by extension 'ros'
[0.418s] DEBUG:colcon.colcon_core.package_identification:Package 'src/t3/turtlebot3/turtlebot3/turtlebot3_description' with type 'ros.ament_cmake' and name 'turtlebot3_description'
[0.418s] Level 1:colcon.colcon_core.package_identification:_identify(src/t3/turtlebot3/turtlebot3/turtlebot3_example) by extensions ['ignore', 'ignore_ament_install']
[0.418s] Level 1:colcon.colcon_core.package_identification:_identify(src/t3/turtlebot3/turtlebot3/turtlebot3_example) by extension 'ignore'
[0.418s] Level 1:colcon.colcon_core.package_identification:_identify(src/t3/turtlebot3/turtlebot3/turtlebot3_example) by extension 'ignore_ament_install'
[0.418s] Level 1:colcon.colcon_core.package_identification:_identify(src/t3/turtlebot3/turtlebot3/turtlebot3_example) by extensions ['colcon_pkg']
[0.418s] Level 1:colcon.colcon_core.package_identification:_identify(src/t3/turtlebot3/turtlebot3/turtlebot3_example) by extension 'colcon_pkg'
[0.418s] Level 1:colcon.colcon_core.package_identification:_identify(src/t3/turtlebot3/turtlebot3/turtlebot3_example) by extensions ['colcon_meta']
[0.418s] Level 1:colcon.colcon_core.package_identification:_identify(src/t3/turtlebot3/turtlebot3/turtlebot3_example) by extension 'colcon_meta'
[0.418s] Level 1:colcon.colcon_core.package_identification:_identify(src/t3/turtlebot3/turtlebot3/turtlebot3_example) by extensions ['ros']
[0.418s] Level 1:colcon.colcon_core.package_identification:_identify(src/t3/turtlebot3/turtlebot3/turtlebot3_example) by extension 'ros'
[0.420s] DEBUG:colcon.colcon_core.package_identification:Package 'src/t3/turtlebot3/turtlebot3/turtlebot3_example' with type 'ros.ament_python' and name 'turtlebot3_example'
[0.420s] Level 1:colcon.colcon_core.package_identification:_identify(src/t3/turtlebot3/turtlebot3/turtlebot3_navigation2) by extensions ['ignore', 'ignore_ament_install']
[0.420s] Level 1:colcon.colcon_core.package_identification:_identify(src/t3/turtlebot3/turtlebot3/turtlebot3_navigation2) by extension 'ignore'
[0.420s] Level 1:colcon.colcon_core.package_identification:_identify(src/t3/turtlebot3/turtlebot3/turtlebot3_navigation2) by extension 'ignore_ament_install'
[0.420s] Level 1:colcon.colcon_core.package_identification:_identify(src/t3/turtlebot3/turtlebot3/turtlebot3_navigation2) by extensions ['colcon_pkg']
[0.420s] Level 1:colcon.colcon_core.package_identification:_identify(src/t3/turtlebot3/turtlebot3/turtlebot3_navigation2) by extension 'colcon_pkg'
[0.420s] Level 1:colcon.colcon_core.package_identification:_identify(src/t3/turtlebot3/turtlebot3/turtlebot3_navigation2) by extensions ['colcon_meta']
[0.420s] Level 1:colcon.colcon_core.package_identification:_identify(src/t3/turtlebot3/turtlebot3/turtlebot3_navigation2) by extension 'colcon_meta'
[0.420s] Level 1:colcon.colcon_core.package_identification:_identify(src/t3/turtlebot3/turtlebot3/turtlebot3_navigation2) by extensions ['ros']
[0.420s] Level 1:colcon.colcon_core.package_identification:_identify(src/t3/turtlebot3/turtlebot3/turtlebot3_navigation2) by extension 'ros'
[0.421s] DEBUG:colcon.colcon_core.package_identification:Package 'src/t3/turtlebot3/turtlebot3/turtlebot3_navigation2' with type 'ros.ament_cmake' and name 'turtlebot3_navigation2'
[0.421s] Level 1:colcon.colcon_core.package_identification:_identify(src/t3/turtlebot3/turtlebot3/turtlebot3_node) by extensions ['ignore', 'ignore_ament_install']
[0.421s] Level 1:colcon.colcon_core.package_identification:_identify(src/t3/turtlebot3/turtlebot3/turtlebot3_node) by extension 'ignore'
[0.421s] Level 1:colcon.colcon_core.package_identification:_identify(src/t3/turtlebot3/turtlebot3/turtlebot3_node) ignored
[0.421s] Level 1:colcon.colcon_core.package_identification:_identify(src/t3/turtlebot3/turtlebot3/turtlebot3_teleop) by extensions ['ignore', 'ignore_ament_install']
[0.421s] Level 1:colcon.colcon_core.package_identification:_identify(src/t3/turtlebot3/turtlebot3/turtlebot3_teleop) by extension 'ignore'
[0.421s] Level 1:colcon.colcon_core.package_identification:_identify(src/t3/turtlebot3/turtlebot3/turtlebot3_teleop) by extension 'ignore_ament_install'
[0.421s] Level 1:colcon.colcon_core.package_identification:_identify(src/t3/turtlebot3/turtlebot3/turtlebot3_teleop) by extensions ['colcon_pkg']
[0.422s] Level 1:colcon.colcon_core.package_identification:_identify(src/t3/turtlebot3/turtlebot3/turtlebot3_teleop) by extension 'colcon_pkg'
[0.422s] Level 1:colcon.colcon_core.package_identification:_identify(src/t3/turtlebot3/turtlebot3/turtlebot3_teleop) by extensions ['colcon_meta']
[0.422s] Level 1:colcon.colcon_core.package_identification:_identify(src/t3/turtlebot3/turtlebot3/turtlebot3_teleop) by extension 'colcon_meta'
[0.422s] Level 1:colcon.colcon_core.package_identification:_identify(src/t3/turtlebot3/turtlebot3/turtlebot3_teleop) by extensions ['ros']
[0.422s] Level 1:colcon.colcon_core.package_identification:_identify(src/t3/turtlebot3/turtlebot3/turtlebot3_teleop) by extension 'ros'
[0.422s] DEBUG:colcon.colcon_core.package_identification:Package 'src/t3/turtlebot3/turtlebot3/turtlebot3_teleop' with type 'ros.ament_python' and name 'turtlebot3_teleop'
[0.422s] Level 1:colcon.colcon_core.package_identification:_identify(src/t3/turtlebot3_as) by extensions ['ignore', 'ignore_ament_install']
[0.423s] Level 1:colcon.colcon_core.package_identification:_identify(src/t3/turtlebot3_as) by extension 'ignore'
[0.423s] Level 1:colcon.colcon_core.package_identification:_identify(src/t3/turtlebot3_as) by extension 'ignore_ament_install'
[0.423s] Level 1:colcon.colcon_core.package_identification:_identify(src/t3/turtlebot3_as) by extensions ['colcon_pkg']
[0.423s] Level 1:colcon.colcon_core.package_identification:_identify(src/t3/turtlebot3_as) by extension 'colcon_pkg'
[0.423s] Level 1:colcon.colcon_core.package_identification:_identify(src/t3/turtlebot3_as) by extensions ['colcon_meta']
[0.423s] Level 1:colcon.colcon_core.package_identification:_identify(src/t3/turtlebot3_as) by extension 'colcon_meta'
[0.423s] Level 1:colcon.colcon_core.package_identification:_identify(src/t3/turtlebot3_as) by extensions ['ros']
[0.423s] Level 1:colcon.colcon_core.package_identification:_identify(src/t3/turtlebot3_as) by extension 'ros'
[0.424s] DEBUG:colcon.colcon_core.package_identification:Package 'src/t3/turtlebot3_as' with type 'ros.ament_cmake' and name 'turtlebot3_as'
[0.424s] Level 1:colcon.colcon_core.package_identification:_identify(src/t3/turtlebot3_msgs) by extensions ['ignore', 'ignore_ament_install']
[0.424s] Level 1:colcon.colcon_core.package_identification:_identify(src/t3/turtlebot3_msgs) by extension 'ignore'
[0.424s] Level 1:colcon.colcon_core.package_identification:_identify(src/t3/turtlebot3_msgs) by extension 'ignore_ament_install'
[0.424s] Level 1:colcon.colcon_core.package_identification:_identify(src/t3/turtlebot3_msgs) by extensions ['colcon_pkg']
[0.424s] Level 1:colcon.colcon_core.package_identification:_identify(src/t3/turtlebot3_msgs) by extension 'colcon_pkg'
[0.424s] Level 1:colcon.colcon_core.package_identification:_identify(src/t3/turtlebot3_msgs) by extensions ['colcon_meta']
[0.424s] Level 1:colcon.colcon_core.package_identification:_identify(src/t3/turtlebot3_msgs) by extension 'colcon_meta'
[0.425s] Level 1:colcon.colcon_core.package_identification:_identify(src/t3/turtlebot3_msgs) by extensions ['ros']
[0.425s] Level 1:colcon.colcon_core.package_identification:_identify(src/t3/turtlebot3_msgs) by extension 'ros'
[0.426s] DEBUG:colcon.colcon_core.package_identification:Package 'src/t3/turtlebot3_msgs' with type 'ros.ament_cmake' and name 'turtlebot3_msgs'
[0.426s] Level 1:colcon.colcon_core.package_identification:_identify(src/t3/turtlebot3_simulations) by extensions ['ignore', 'ignore_ament_install']
[0.426s] Level 1:colcon.colcon_core.package_identification:_identify(src/t3/turtlebot3_simulations) by extension 'ignore'
[0.426s] Level 1:colcon.colcon_core.package_identification:_identify(src/t3/turtlebot3_simulations) by extension 'ignore_ament_install'
[0.426s] Level 1:colcon.colcon_core.package_identification:_identify(src/t3/turtlebot3_simulations) by extensions ['colcon_pkg']
[0.426s] Level 1:colcon.colcon_core.package_identification:_identify(src/t3/turtlebot3_simulations) by extension 'colcon_pkg'
[0.426s] Level 1:colcon.colcon_core.package_identification:_identify(src/t3/turtlebot3_simulations) by extensions ['colcon_meta']
[0.426s] Level 1:colcon.colcon_core.package_identification:_identify(src/t3/turtlebot3_simulations) by extension 'colcon_meta'
[0.426s] Level 1:colcon.colcon_core.package_identification:_identify(src/t3/turtlebot3_simulations) by extensions ['ros']
[0.426s] Level 1:colcon.colcon_core.package_identification:_identify(src/t3/turtlebot3_simulations) by extension 'ros'
[0.426s] Level 1:colcon.colcon_core.package_identification:_identify(src/t3/turtlebot3_simulations) by extensions ['cmake', 'python']
[0.426s] Level 1:colcon.colcon_core.package_identification:_identify(src/t3/turtlebot3_simulations) by extension 'cmake'
[0.426s] Level 1:colcon.colcon_core.package_identification:_identify(src/t3/turtlebot3_simulations) by extension 'python'
[0.426s] Level 1:colcon.colcon_core.package_identification:_identify(src/t3/turtlebot3_simulations) by extensions ['python_setup_py']
[0.426s] Level 1:colcon.colcon_core.package_identification:_identify(src/t3/turtlebot3_simulations) by extension 'python_setup_py'
[0.426s] Level 1:colcon.colcon_core.package_identification:_identify(src/t3/turtlebot3_simulations/turtlebot3_gazebo) by extensions ['ignore', 'ignore_ament_install']
[0.427s] Level 1:colcon.colcon_core.package_identification:_identify(src/t3/turtlebot3_simulations/turtlebot3_gazebo) by extension 'ignore'
[0.427s] Level 1:colcon.colcon_core.package_identification:_identify(src/t3/turtlebot3_simulations/turtlebot3_gazebo) by extension 'ignore_ament_install'
[0.427s] Level 1:colcon.colcon_core.package_identification:_identify(src/t3/turtlebot3_simulations/turtlebot3_gazebo) by extensions ['colcon_pkg']
[0.427s] Level 1:colcon.colcon_core.package_identification:_identify(src/t3/turtlebot3_simulations/turtlebot3_gazebo) by extension 'colcon_pkg'
[0.427s] Level 1:colcon.colcon_core.package_identification:_identify(src/t3/turtlebot3_simulations/turtlebot3_gazebo) by extensions ['colcon_meta']
[0.427s] Level 1:colcon.colcon_core.package_identification:_identify(src/t3/turtlebot3_simulations/turtlebot3_gazebo) by extension 'colcon_meta'
[0.427s] Level 1:colcon.colcon_core.package_identification:_identify(src/t3/turtlebot3_simulations/turtlebot3_gazebo) by extensions ['ros']
[0.427s] Level 1:colcon.colcon_core.package_identification:_identify(src/t3/turtlebot3_simulations/turtlebot3_gazebo) by extension 'ros'
[0.428s] DEBUG:colcon.colcon_core.package_identification:Package 'src/t3/turtlebot3_simulations/turtlebot3_gazebo' with type 'ros.ament_cmake' and name 'turtlebot3_gazebo'
[0.428s] Level 1:colcon.colcon_core.package_identification:_identify(src/t3/turtlebot3_simulations/turtlebot3_simulations) by extensions ['ignore', 'ignore_ament_install']
[0.428s] Level 1:colcon.colcon_core.package_identification:_identify(src/t3/turtlebot3_simulations/turtlebot3_simulations) by extension 'ignore'
[0.428s] Level 1:colcon.colcon_core.package_identification:_identify(src/t3/turtlebot3_simulations/turtlebot3_simulations) by extension 'ignore_ament_install'
[0.428s] Level 1:colcon.colcon_core.package_identification:_identify(src/t3/turtlebot3_simulations/turtlebot3_simulations) by extensions ['colcon_pkg']
[0.428s] Level 1:colcon.colcon_core.package_identification:_identify(src/t3/turtlebot3_simulations/turtlebot3_simulations) by extension 'colcon_pkg'
[0.428s] Level 1:colcon.colcon_core.package_identification:_identify(src/t3/turtlebot3_simulations/turtlebot3_simulations) by extensions ['colcon_meta']
[0.428s] Level 1:colcon.colcon_core.package_identification:_identify(src/t3/turtlebot3_simulations/turtlebot3_simulations) by extension 'colcon_meta'
[0.428s] Level 1:colcon.colcon_core.package_identification:_identify(src/t3/turtlebot3_simulations/turtlebot3_simulations) by extensions ['ros']
[0.428s] Level 1:colcon.colcon_core.package_identification:_identify(src/t3/turtlebot3_simulations/turtlebot3_simulations) by extension 'ros'
[0.429s] DEBUG:colcon.colcon_core.package_identification:Package 'src/t3/turtlebot3_simulations/turtlebot3_simulations' with type 'ros.ament_cmake' and name 'turtlebot3_simulations'
[0.429s] Level 1:colcon.colcon_core.package_identification:_identify(src/tiago_demo) by extensions ['ignore', 'ignore_ament_install']
[0.429s] Level 1:colcon.colcon_core.package_identification:_identify(src/tiago_demo) by extension 'ignore'
[0.429s] Level 1:colcon.colcon_core.package_identification:_identify(src/tiago_demo) by extension 'ignore_ament_install'
[0.429s] Level 1:colcon.colcon_core.package_identification:_identify(src/tiago_demo) by extensions ['colcon_pkg']
[0.429s] Level 1:colcon.colcon_core.package_identification:_identify(src/tiago_demo) by extension 'colcon_pkg'
[0.429s] Level 1:colcon.colcon_core.package_identification:_identify(src/tiago_demo) by extensions ['colcon_meta']
[0.429s] Level 1:colcon.colcon_core.package_identification:_identify(src/tiago_demo) by extension 'colcon_meta'
[0.429s] Level 1:colcon.colcon_core.package_identification:_identify(src/tiago_demo) by extensions ['ros']
[0.429s] Level 1:colcon.colcon_core.package_identification:_identify(src/tiago_demo) by extension 'ros'
[0.430s] DEBUG:colcon.colcon_core.package_identification:Package 'src/tiago_demo' with type 'ros.ament_cmake' and name 'tiago_demo'
[0.430s] Level 1:colcon.colcon_core.package_identification:_identify(src/topic_exercise) by extensions ['ignore', 'ignore_ament_install']
[0.430s] Level 1:colcon.colcon_core.package_identification:_identify(src/topic_exercise) by extension 'ignore'
[0.430s] Level 1:colcon.colcon_core.package_identification:_identify(src/topic_exercise) by extension 'ignore_ament_install'
[0.430s] Level 1:colcon.colcon_core.package_identification:_identify(src/topic_exercise) by extensions ['colcon_pkg']
[0.430s] Level 1:colcon.colcon_core.package_identification:_identify(src/topic_exercise) by extension 'colcon_pkg'
[0.430s] Level 1:colcon.colcon_core.package_identification:_identify(src/topic_exercise) by extensions ['colcon_meta']
[0.430s] Level 1:colcon.colcon_core.package_identification:_identify(src/topic_exercise) by extension 'colcon_meta'
[0.430s] Level 1:colcon.colcon_core.package_identification:_identify(src/topic_exercise) by extensions ['ros']
[0.431s] Level 1:colcon.colcon_core.package_identification:_identify(src/topic_exercise) by extension 'ros'
[0.432s] DEBUG:colcon.colcon_core.package_identification:Package 'src/topic_exercise' with type 'ros.ament_python' and name 'topic_exercise'
[0.433s] Level 1:colcon.colcon_core.package_identification:_identify(src/two_wheeled_robot) by extensions ['ignore', 'ignore_ament_install']
[0.433s] Level 1:colcon.colcon_core.package_identification:_identify(src/two_wheeled_robot) by extension 'ignore'
[0.433s] Level 1:colcon.colcon_core.package_identification:_identify(src/two_wheeled_robot) by extension 'ignore_ament_install'
[0.433s] Level 1:colcon.colcon_core.package_identification:_identify(src/two_wheeled_robot) by extensions ['colcon_pkg']
[0.433s] Level 1:colcon.colcon_core.package_identification:_identify(src/two_wheeled_robot) by extension 'colcon_pkg'
[0.433s] Level 1:colcon.colcon_core.package_identification:_identify(src/two_wheeled_robot) by extensions ['colcon_meta']
[0.433s] Level 1:colcon.colcon_core.package_identification:_identify(src/two_wheeled_robot) by extension 'colcon_meta'
[0.433s] Level 1:colcon.colcon_core.package_identification:_identify(src/two_wheeled_robot) by extensions ['ros']
[0.433s] Level 1:colcon.colcon_core.package_identification:_identify(src/two_wheeled_robot) by extension 'ros'
[0.435s] DEBUG:colcon.colcon_core.package_identification:Package 'src/two_wheeled_robot' with type 'ros.ament_cmake' and name 'two_wheeled_robot'
[0.435s] Level 1:colcon.colcon_core.package_identification:_identify(src/yolo_tutorial) by extensions ['ignore', 'ignore_ament_install']
[0.435s] Level 1:colcon.colcon_core.package_identification:_identify(src/yolo_tutorial) by extension 'ignore'
[0.435s] Level 1:colcon.colcon_core.package_identification:_identify(src/yolo_tutorial) by extension 'ignore_ament_install'
[0.435s] Level 1:colcon.colcon_core.package_identification:_identify(src/yolo_tutorial) by extensions ['colcon_pkg']
[0.435s] Level 1:colcon.colcon_core.package_identification:_identify(src/yolo_tutorial) by extension 'colcon_pkg'
[0.435s] Level 1:colcon.colcon_core.package_identification:_identify(src/yolo_tutorial) by extensions ['colcon_meta']
[0.435s] Level 1:colcon.colcon_core.package_identification:_identify(src/yolo_tutorial) by extension 'colcon_meta'
[0.436s] Level 1:colcon.colcon_core.package_identification:_identify(src/yolo_tutorial) by extensions ['ros']
[0.436s] Level 1:colcon.colcon_core.package_identification:_identify(src/yolo_tutorial) by extension 'ros'
[0.436s] Level 1:colcon.colcon_core.package_identification:_identify(src/yolo_tutorial) by extensions ['cmake', 'python']
[0.436s] Level 1:colcon.colcon_core.package_identification:_identify(src/yolo_tutorial) by extension 'cmake'
[0.436s] Level 1:colcon.colcon_core.package_identification:_identify(src/yolo_tutorial) by extension 'python'
[0.436s] Level 1:colcon.colcon_core.package_identification:_identify(src/yolo_tutorial) by extensions ['python_setup_py']
[0.436s] Level 1:colcon.colcon_core.package_identification:_identify(src/yolo_tutorial) by extension 'python_setup_py'
[0.436s] Level 1:colcon.colcon_core.package_identification:_identify(src/yolov8_ros) by extensions ['ignore', 'ignore_ament_install']
[0.436s] Level 1:colcon.colcon_core.package_identification:_identify(src/yolov8_ros) by extension 'ignore'
[0.436s] Level 1:colcon.colcon_core.package_identification:_identify(src/yolov8_ros) by extension 'ignore_ament_install'
[0.436s] Level 1:colcon.colcon_core.package_identification:_identify(src/yolov8_ros) by extensions ['colcon_pkg']
[0.436s] Level 1:colcon.colcon_core.package_identification:_identify(src/yolov8_ros) by extension 'colcon_pkg'
[0.436s] Level 1:colcon.colcon_core.package_identification:_identify(src/yolov8_ros) by extensions ['colcon_meta']
[0.436s] Level 1:colcon.colcon_core.package_identification:_identify(src/yolov8_ros) by extension 'colcon_meta'
[0.436s] Level 1:colcon.colcon_core.package_identification:_identify(src/yolov8_ros) by extensions ['ros']
[0.436s] Level 1:colcon.colcon_core.package_identification:_identify(src/yolov8_ros) by extension 'ros'
[0.436s] Level 1:colcon.colcon_core.package_identification:_identify(src/yolov8_ros) by extensions ['cmake', 'python']
[0.436s] Level 1:colcon.colcon_core.package_identification:_identify(src/yolov8_ros) by extension 'cmake'
[0.436s] Level 1:colcon.colcon_core.package_identification:_identify(src/yolov8_ros) by extension 'python'
[0.437s] Level 1:colcon.colcon_core.package_identification:_identify(src/yolov8_ros) by extensions ['python_setup_py']
[0.437s] Level 1:colcon.colcon_core.package_identification:_identify(src/yolov8_ros) by extension 'python_setup_py'
[0.437s] Level 1:colcon.colcon_core.package_identification:_identify(src/yolov8_ros/docs) by extensions ['ignore', 'ignore_ament_install']
[0.437s] Level 1:colcon.colcon_core.package_identification:_identify(src/yolov8_ros/docs) by extension 'ignore'
[0.437s] Level 1:colcon.colcon_core.package_identification:_identify(src/yolov8_ros/docs) by extension 'ignore_ament_install'
[0.437s] Level 1:colcon.colcon_core.package_identification:_identify(src/yolov8_ros/docs) by extensions ['colcon_pkg']
[0.437s] Level 1:colcon.colcon_core.package_identification:_identify(src/yolov8_ros/docs) by extension 'colcon_pkg'
[0.437s] Level 1:colcon.colcon_core.package_identification:_identify(src/yolov8_ros/docs) by extensions ['colcon_meta']
[0.437s] Level 1:colcon.colcon_core.package_identification:_identify(src/yolov8_ros/docs) by extension 'colcon_meta'
[0.437s] Level 1:colcon.colcon_core.package_identification:_identify(src/yolov8_ros/docs) by extensions ['ros']
[0.437s] Level 1:colcon.colcon_core.package_identification:_identify(src/yolov8_ros/docs) by extension 'ros'
[0.437s] Level 1:colcon.colcon_core.package_identification:_identify(src/yolov8_ros/docs) by extensions ['cmake', 'python']
[0.437s] Level 1:colcon.colcon_core.package_identification:_identify(src/yolov8_ros/docs) by extension 'cmake'
[0.437s] Level 1:colcon.colcon_core.package_identification:_identify(src/yolov8_ros/docs) by extension 'python'
[0.437s] Level 1:colcon.colcon_core.package_identification:_identify(src/yolov8_ros/docs) by extensions ['python_setup_py']
[0.437s] Level 1:colcon.colcon_core.package_identification:_identify(src/yolov8_ros/docs) by extension 'python_setup_py'
[0.437s] Level 1:colcon.colcon_core.package_identification:_identify(src/yolov8_ros/yolov8_bringup) by extensions ['ignore', 'ignore_ament_install']
[0.438s] Level 1:colcon.colcon_core.package_identification:_identify(src/yolov8_ros/yolov8_bringup) by extension 'ignore'
[0.438s] Level 1:colcon.colcon_core.package_identification:_identify(src/yolov8_ros/yolov8_bringup) by extension 'ignore_ament_install'
[0.438s] Level 1:colcon.colcon_core.package_identification:_identify(src/yolov8_ros/yolov8_bringup) by extensions ['colcon_pkg']
[0.438s] Level 1:colcon.colcon_core.package_identification:_identify(src/yolov8_ros/yolov8_bringup) by extension 'colcon_pkg'
[0.438s] Level 1:colcon.colcon_core.package_identification:_identify(src/yolov8_ros/yolov8_bringup) by extensions ['colcon_meta']
[0.438s] Level 1:colcon.colcon_core.package_identification:_identify(src/yolov8_ros/yolov8_bringup) by extension 'colcon_meta'
[0.438s] Level 1:colcon.colcon_core.package_identification:_identify(src/yolov8_ros/yolov8_bringup) by extensions ['ros']
[0.438s] Level 1:colcon.colcon_core.package_identification:_identify(src/yolov8_ros/yolov8_bringup) by extension 'ros'
[0.439s] DEBUG:colcon.colcon_core.package_identification:Package 'src/yolov8_ros/yolov8_bringup' with type 'ros.ament_cmake' and name 'yolov8_bringup'
[0.439s] Level 1:colcon.colcon_core.package_identification:_identify(src/yolov8_ros/yolov8_msgs) by extensions ['ignore', 'ignore_ament_install']
[0.439s] Level 1:colcon.colcon_core.package_identification:_identify(src/yolov8_ros/yolov8_msgs) by extension 'ignore'
[0.439s] Level 1:colcon.colcon_core.package_identification:_identify(src/yolov8_ros/yolov8_msgs) by extension 'ignore_ament_install'
[0.439s] Level 1:colcon.colcon_core.package_identification:_identify(src/yolov8_ros/yolov8_msgs) by extensions ['colcon_pkg']
[0.439s] Level 1:colcon.colcon_core.package_identification:_identify(src/yolov8_ros/yolov8_msgs) by extension 'colcon_pkg'
[0.439s] Level 1:colcon.colcon_core.package_identification:_identify(src/yolov8_ros/yolov8_msgs) by extensions ['colcon_meta']
[0.439s] Level 1:colcon.colcon_core.package_identification:_identify(src/yolov8_ros/yolov8_msgs) by extension 'colcon_meta'
[0.439s] Level 1:colcon.colcon_core.package_identification:_identify(src/yolov8_ros/yolov8_msgs) by extensions ['ros']
[0.439s] Level 1:colcon.colcon_core.package_identification:_identify(src/yolov8_ros/yolov8_msgs) by extension 'ros'
[0.440s] DEBUG:colcon.colcon_core.package_identification:Package 'src/yolov8_ros/yolov8_msgs' with type 'ros.ament_cmake' and name 'yolov8_msgs'
[0.440s] Level 1:colcon.colcon_core.package_identification:_identify(src/yolov8_ros/yolov8_ros) by extensions ['ignore', 'ignore_ament_install']
[0.440s] Level 1:colcon.colcon_core.package_identification:_identify(src/yolov8_ros/yolov8_ros) by extension 'ignore'
[0.440s] Level 1:colcon.colcon_core.package_identification:_identify(src/yolov8_ros/yolov8_ros) by extension 'ignore_ament_install'
[0.440s] Level 1:colcon.colcon_core.package_identification:_identify(src/yolov8_ros/yolov8_ros) by extensions ['colcon_pkg']
[0.440s] Level 1:colcon.colcon_core.package_identification:_identify(src/yolov8_ros/yolov8_ros) by extension 'colcon_pkg'
[0.440s] Level 1:colcon.colcon_core.package_identification:_identify(src/yolov8_ros/yolov8_ros) by extensions ['colcon_meta']
[0.440s] Level 1:colcon.colcon_core.package_identification:_identify(src/yolov8_ros/yolov8_ros) by extension 'colcon_meta'
[0.440s] Level 1:colcon.colcon_core.package_identification:_identify(src/yolov8_ros/yolov8_ros) by extensions ['ros']
[0.440s] Level 1:colcon.colcon_core.package_identification:_identify(src/yolov8_ros/yolov8_ros) by extension 'ros'
[0.452s] DEBUG:colcon.colcon_core.package_identification:Package 'src/yolov8_ros/yolov8_ros' with type 'ros.ament_python' and name 'yolov8_ros'
[0.452s] Level 1:colcon.colcon_core.package_discovery:discover_packages(recursive) using defaults
[0.452s] Level 1:colcon.colcon_core.package_discovery:discover_packages(ignore) discover
[0.453s] Level 1:colcon.colcon_core.package_discovery:discover_packages(ignore) using defaults
[0.453s] Level 1:colcon.colcon_core.package_discovery:discover_packages(path) discover
[0.453s] Level 1:colcon.colcon_core.package_discovery:discover_packages(path) using defaults
[0.494s] Level 1:colcon.colcon_core.package_discovery:discover_packages(prefix_path) check parameters
[0.494s] Level 1:colcon.colcon_core.package_discovery:discover_packages(prefix_path) discover
[0.498s] DEBUG:colcon.colcon_installed_package_information.package_discovery:Found 24 installed packages in /home/ssfa/ros2_ws/install
[0.500s] DEBUG:colcon.colcon_installed_package_information.package_discovery:Found 324 installed packages in /opt/ros/humble
[0.503s] Level 1:colcon.colcon_core.package_discovery:discover_packages(prefix_path) using defaults
[0.558s] Level 5:colcon.colcon_core.verb:set package 'client_pkg' build argument 'cmake_args' from command line to 'None'
[0.558s] Level 5:colcon.colcon_core.verb:set package 'client_pkg' build argument 'cmake_target' from command line to 'None'
[0.558s] Level 5:colcon.colcon_core.verb:set package 'client_pkg' build argument 'cmake_target_skip_unavailable' from command line to 'False'
[0.558s] Level 5:colcon.colcon_core.verb:set package 'client_pkg' build argument 'cmake_clean_cache' from command line to 'False'
[0.558s] Level 5:colcon.colcon_core.verb:set package 'client_pkg' build argument 'cmake_clean_first' from command line to 'False'
[0.558s] Level 5:colcon.colcon_core.verb:set package 'client_pkg' build argument 'cmake_force_configure' from command line to 'False'
[0.558s] Level 5:colcon.colcon_core.verb:set package 'client_pkg' build argument 'ament_cmake_args' from command line to 'None'
[0.558s] Level 5:colcon.colcon_core.verb:set package 'client_pkg' build argument 'catkin_cmake_args' from command line to 'None'
[0.558s] Level 5:colcon.colcon_core.verb:set package 'client_pkg' build argument 'catkin_skip_building_tests' from command line to 'False'
[0.558s] DEBUG:colcon.colcon_core.verb:Building package 'client_pkg' with the following arguments: {'ament_cmake_args': None, 'build_base': '/home/ssfa/ros2_ws/build/client_pkg', 'catkin_cmake_args': None, 'catkin_skip_building_tests': False, 'cmake_args': None, 'cmake_clean_cache': False, 'cmake_clean_first': False, 'cmake_force_configure': False, 'cmake_target': None, 'cmake_target_skip_unavailable': False, 'install_base': '/home/ssfa/ros2_ws/install/client_pkg', 'merge_install': False, 'path': '/home/ssfa/ros2_ws/src/client_pkg', 'symlink_install': False, 'test_result_base': None}
[0.559s] Level 5:colcon.colcon_core.verb:set package 'custom_interfaces' build argument 'cmake_args' from command line to 'None'
[0.559s] Level 5:colcon.colcon_core.verb:set package 'custom_interfaces' build argument 'cmake_target' from command line to 'None'
[0.559s] Level 5:colcon.colcon_core.verb:set package 'custom_interfaces' build argument 'cmake_target_skip_unavailable' from command line to 'False'
[0.559s] Level 5:colcon.colcon_core.verb:set package 'custom_interfaces' build argument 'cmake_clean_cache' from command line to 'False'
[0.559s] Level 5:colcon.colcon_core.verb:set package 'custom_interfaces' build argument 'cmake_clean_first' from command line to 'False'
[0.559s] Level 5:colcon.colcon_core.verb:set package 'custom_interfaces' build argument 'cmake_force_configure' from command line to 'False'
[0.559s] Level 5:colcon.colcon_core.verb:set package 'custom_interfaces' build argument 'ament_cmake_args' from command line to 'None'
[0.559s] Level 5:colcon.colcon_core.verb:set package 'custom_interfaces' build argument 'catkin_cmake_args' from command line to 'None'
[0.559s] Level 5:colcon.colcon_core.verb:set package 'custom_interfaces' build argument 'catkin_skip_building_tests' from command line to 'False'
[0.559s] DEBUG:colcon.colcon_core.verb:Building package 'custom_interfaces' with the following arguments: {'ament_cmake_args': None, 'build_base': '/home/ssfa/ros2_ws/build/custom_interfaces', 'catkin_cmake_args': None, 'catkin_skip_building_tests': False, 'cmake_args': None, 'cmake_clean_cache': False, 'cmake_clean_first': False, 'cmake_force_configure': False, 'cmake_target': None, 'cmake_target_skip_unavailable': False, 'install_base': '/home/ssfa/ros2_ws/install/custom_interfaces', 'merge_install': False, 'path': '/home/ssfa/ros2_ws/src/custom_interfaces', 'symlink_install': False, 'test_result_base': None}
[0.560s] Level 5:colcon.colcon_core.verb:set package 'dynamixel_sdk' build argument 'cmake_args' from command line to 'None'
[0.560s] Level 5:colcon.colcon_core.verb:set package 'dynamixel_sdk' build argument 'cmake_target' from command line to 'None'
[0.560s] Level 5:colcon.colcon_core.verb:set package 'dynamixel_sdk' build argument 'cmake_target_skip_unavailable' from command line to 'False'
[0.560s] Level 5:colcon.colcon_core.verb:set package 'dynamixel_sdk' build argument 'cmake_clean_cache' from command line to 'False'
[0.560s] Level 5:colcon.colcon_core.verb:set package 'dynamixel_sdk' build argument 'cmake_clean_first' from command line to 'False'
[0.560s] Level 5:colcon.colcon_core.verb:set package 'dynamixel_sdk' build argument 'cmake_force_configure' from command line to 'False'
[0.560s] Level 5:colcon.colcon_core.verb:set package 'dynamixel_sdk' build argument 'ament_cmake_args' from command line to 'None'
[0.560s] Level 5:colcon.colcon_core.verb:set package 'dynamixel_sdk' build argument 'catkin_cmake_args' from command line to 'None'
[0.560s] Level 5:colcon.colcon_core.verb:set package 'dynamixel_sdk' build argument 'catkin_skip_building_tests' from command line to 'False'
[0.560s] DEBUG:colcon.colcon_core.verb:Building package 'dynamixel_sdk' with the following arguments: {'ament_cmake_args': None, 'build_base': '/home/ssfa/ros2_ws/build/dynamixel_sdk', 'catkin_cmake_args': None, 'catkin_skip_building_tests': False, 'cmake_args': None, 'cmake_clean_cache': False, 'cmake_clean_first': False, 'cmake_force_configure': False, 'cmake_target': None, 'cmake_target_skip_unavailable': False, 'install_base': '/home/ssfa/ros2_ws/install/dynamixel_sdk', 'merge_install': False, 'path': '/home/ssfa/ros2_ws/src/t3/DynamixelSDK/dynamixel_sdk', 'symlink_install': False, 'test_result_base': None}
[0.560s] Level 5:colcon.colcon_core.verb:set package 'exercise_pkg' build argument 'cmake_args' from command line to 'None'
[0.560s] Level 5:colcon.colcon_core.verb:set package 'exercise_pkg' build argument 'cmake_target' from command line to 'None'
[0.560s] Level 5:colcon.colcon_core.verb:set package 'exercise_pkg' build argument 'cmake_target_skip_unavailable' from command line to 'False'
[0.560s] Level 5:colcon.colcon_core.verb:set package 'exercise_pkg' build argument 'cmake_clean_cache' from command line to 'False'
[0.560s] Level 5:colcon.colcon_core.verb:set package 'exercise_pkg' build argument 'cmake_clean_first' from command line to 'False'
[0.561s] Level 5:colcon.colcon_core.verb:set package 'exercise_pkg' build argument 'cmake_force_configure' from command line to 'False'
[0.561s] Level 5:colcon.colcon_core.verb:set package 'exercise_pkg' build argument 'ament_cmake_args' from command line to 'None'
[0.561s] Level 5:colcon.colcon_core.verb:set package 'exercise_pkg' build argument 'catkin_cmake_args' from command line to 'None'
[0.561s] Level 5:colcon.colcon_core.verb:set package 'exercise_pkg' build argument 'catkin_skip_building_tests' from command line to 'False'
[0.561s] DEBUG:colcon.colcon_core.verb:Building package 'exercise_pkg' with the following arguments: {'ament_cmake_args': None, 'build_base': '/home/ssfa/ros2_ws/build/exercise_pkg', 'catkin_cmake_args': None, 'catkin_skip_building_tests': False, 'cmake_args': None, 'cmake_clean_cache': False, 'cmake_clean_first': False, 'cmake_force_configure': False, 'cmake_target': None, 'cmake_target_skip_unavailable': False, 'install_base': '/home/ssfa/ros2_ws/install/exercise_pkg', 'merge_install': False, 'path': '/home/ssfa/ros2_ws/src/exercise_pkg', 'symlink_install': False, 'test_result_base': None}
[0.561s] Level 5:colcon.colcon_core.verb:set package 'my_package' build argument 'cmake_args' from command line to 'None'
[0.561s] Level 5:colcon.colcon_core.verb:set package 'my_package' build argument 'cmake_target' from command line to 'None'
[0.561s] Level 5:colcon.colcon_core.verb:set package 'my_package' build argument 'cmake_target_skip_unavailable' from command line to 'False'
[0.561s] Level 5:colcon.colcon_core.verb:set package 'my_package' build argument 'cmake_clean_cache' from command line to 'False'
[0.561s] Level 5:colcon.colcon_core.verb:set package 'my_package' build argument 'cmake_clean_first' from command line to 'False'
[0.561s] Level 5:colcon.colcon_core.verb:set package 'my_package' build argument 'cmake_force_configure' from command line to 'False'
[0.561s] Level 5:colcon.colcon_core.verb:set package 'my_package' build argument 'ament_cmake_args' from command line to 'None'
[0.561s] Level 5:colcon.colcon_core.verb:set package 'my_package' build argument 'catkin_cmake_args' from command line to 'None'
[0.561s] Level 5:colcon.colcon_core.verb:set package 'my_package' build argument 'catkin_skip_building_tests' from command line to 'False'
[0.561s] DEBUG:colcon.colcon_core.verb:Building package 'my_package' with the following arguments: {'ament_cmake_args': None, 'build_base': '/home/ssfa/ros2_ws/build/my_package', 'catkin_cmake_args': None, 'catkin_skip_building_tests': False, 'cmake_args': None, 'cmake_clean_cache': False, 'cmake_clean_first': False, 'cmake_force_configure': False, 'cmake_target': None, 'cmake_target_skip_unavailable': False, 'install_base': '/home/ssfa/ros2_ws/install/my_package', 'merge_install': False, 'path': '/home/ssfa/ros2_ws/src/my_package', 'symlink_install': False, 'test_result_base': None}
[0.562s] Level 5:colcon.colcon_core.verb:set package 'publisher_pkg' build argument 'cmake_args' from command line to 'None'
[0.562s] Level 5:colcon.colcon_core.verb:set package 'publisher_pkg' build argument 'cmake_target' from command line to 'None'
[0.562s] Level 5:colcon.colcon_core.verb:set package 'publisher_pkg' build argument 'cmake_target_skip_unavailable' from command line to 'False'
[0.562s] Level 5:colcon.colcon_core.verb:set package 'publisher_pkg' build argument 'cmake_clean_cache' from command line to 'False'
[0.562s] Level 5:colcon.colcon_core.verb:set package 'publisher_pkg' build argument 'cmake_clean_first' from command line to 'False'
[0.562s] Level 5:colcon.colcon_core.verb:set package 'publisher_pkg' build argument 'cmake_force_configure' from command line to 'False'
[0.562s] Level 5:colcon.colcon_core.verb:set package 'publisher_pkg' build argument 'ament_cmake_args' from command line to 'None'
[0.562s] Level 5:colcon.colcon_core.verb:set package 'publisher_pkg' build argument 'catkin_cmake_args' from command line to 'None'
[0.562s] Level 5:colcon.colcon_core.verb:set package 'publisher_pkg' build argument 'catkin_skip_building_tests' from command line to 'False'
[0.562s] DEBUG:colcon.colcon_core.verb:Building package 'publisher_pkg' with the following arguments: {'ament_cmake_args': None, 'build_base': '/home/ssfa/ros2_ws/build/publisher_pkg', 'catkin_cmake_args': None, 'catkin_skip_building_tests': False, 'cmake_args': None, 'cmake_clean_cache': False, 'cmake_clean_first': False, 'cmake_force_configure': False, 'cmake_target': None, 'cmake_target_skip_unavailable': False, 'install_base': '/home/ssfa/ros2_ws/install/publisher_pkg', 'merge_install': False, 'path': '/home/ssfa/ros2_ws/src/publisher_pkg', 'symlink_install': False, 'test_result_base': None}
[0.562s] Level 5:colcon.colcon_core.verb:set package 'services_pkg' build argument 'cmake_args' from command line to 'None'
[0.562s] Level 5:colcon.colcon_core.verb:set package 'services_pkg' build argument 'cmake_target' from command line to 'None'
[0.562s] Level 5:colcon.colcon_core.verb:set package 'services_pkg' build argument 'cmake_target_skip_unavailable' from command line to 'False'
[0.562s] Level 5:colcon.colcon_core.verb:set package 'services_pkg' build argument 'cmake_clean_cache' from command line to 'False'
[0.562s] Level 5:colcon.colcon_core.verb:set package 'services_pkg' build argument 'cmake_clean_first' from command line to 'False'
[0.562s] Level 5:colcon.colcon_core.verb:set package 'services_pkg' build argument 'cmake_force_configure' from command line to 'False'
[0.562s] Level 5:colcon.colcon_core.verb:set package 'services_pkg' build argument 'ament_cmake_args' from command line to 'None'
[0.562s] Level 5:colcon.colcon_core.verb:set package 'services_pkg' build argument 'catkin_cmake_args' from command line to 'None'
[0.562s] Level 5:colcon.colcon_core.verb:set package 'services_pkg' build argument 'catkin_skip_building_tests' from command line to 'False'
[0.563s] DEBUG:colcon.colcon_core.verb:Building package 'services_pkg' with the following arguments: {'ament_cmake_args': None, 'build_base': '/home/ssfa/ros2_ws/build/services_pkg', 'catkin_cmake_args': None, 'catkin_skip_building_tests': False, 'cmake_args': None, 'cmake_clean_cache': False, 'cmake_clean_first': False, 'cmake_force_configure': False, 'cmake_target': None, 'cmake_target_skip_unavailable': False, 'install_base': '/home/ssfa/ros2_ws/install/services_pkg', 'merge_install': False, 'path': '/home/ssfa/ros2_ws/src/t3/services_pkg', 'symlink_install': False, 'test_result_base': None}
[0.563s] Level 5:colcon.colcon_core.verb:set package 'subscriber_pkg' build argument 'cmake_args' from command line to 'None'
[0.563s] Level 5:colcon.colcon_core.verb:set package 'subscriber_pkg' build argument 'cmake_target' from command line to 'None'
[0.563s] Level 5:colcon.colcon_core.verb:set package 'subscriber_pkg' build argument 'cmake_target_skip_unavailable' from command line to 'False'
[0.563s] Level 5:colcon.colcon_core.verb:set package 'subscriber_pkg' build argument 'cmake_clean_cache' from command line to 'False'
[0.563s] Level 5:colcon.colcon_core.verb:set package 'subscriber_pkg' build argument 'cmake_clean_first' from command line to 'False'
[0.563s] Level 5:colcon.colcon_core.verb:set package 'subscriber_pkg' build argument 'cmake_force_configure' from command line to 'False'
[0.563s] Level 5:colcon.colcon_core.verb:set package 'subscriber_pkg' build argument 'ament_cmake_args' from command line to 'None'
[0.563s] Level 5:colcon.colcon_core.verb:set package 'subscriber_pkg' build argument 'catkin_cmake_args' from command line to 'None'
[0.563s] Level 5:colcon.colcon_core.verb:set package 'subscriber_pkg' build argument 'catkin_skip_building_tests' from command line to 'False'
[0.563s] DEBUG:colcon.colcon_core.verb:Building package 'subscriber_pkg' with the following arguments: {'ament_cmake_args': None, 'build_base': '/home/ssfa/ros2_ws/build/subscriber_pkg', 'catkin_cmake_args': None, 'catkin_skip_building_tests': False, 'cmake_args': None, 'cmake_clean_cache': False, 'cmake_clean_first': False, 'cmake_force_configure': False, 'cmake_target': None, 'cmake_target_skip_unavailable': False, 'install_base': '/home/ssfa/ros2_ws/install/subscriber_pkg', 'merge_install': False, 'path': '/home/ssfa/ros2_ws/src/subscriber_pkg', 'symlink_install': False, 'test_result_base': None}
[0.563s] Level 5:colcon.colcon_core.verb:set package 't3_action_msg' build argument 'cmake_args' from command line to 'None'
[0.564s] Level 5:colcon.colcon_core.verb:set package 't3_action_msg' build argument 'cmake_target' from command line to 'None'
[0.564s] Level 5:colcon.colcon_core.verb:set package 't3_action_msg' build argument 'cmake_target_skip_unavailable' from command line to 'False'
[0.564s] Level 5:colcon.colcon_core.verb:set package 't3_action_msg' build argument 'cmake_clean_cache' from command line to 'False'
[0.564s] Level 5:colcon.colcon_core.verb:set package 't3_action_msg' build argument 'cmake_clean_first' from command line to 'False'
[0.564s] Level 5:colcon.colcon_core.verb:set package 't3_action_msg' build argument 'cmake_force_configure' from command line to 'False'
[0.564s] Level 5:colcon.colcon_core.verb:set package 't3_action_msg' build argument 'ament_cmake_args' from command line to 'None'
[0.564s] Level 5:colcon.colcon_core.verb:set package 't3_action_msg' build argument 'catkin_cmake_args' from command line to 'None'
[0.564s] Level 5:colcon.colcon_core.verb:set package 't3_action_msg' build argument 'catkin_skip_building_tests' from command line to 'False'
[0.564s] DEBUG:colcon.colcon_core.verb:Building package 't3_action_msg' with the following arguments: {'ament_cmake_args': None, 'build_base': '/home/ssfa/ros2_ws/build/t3_action_msg', 'catkin_cmake_args': None, 'catkin_skip_building_tests': False, 'cmake_args': None, 'cmake_clean_cache': False, 'cmake_clean_first': False, 'cmake_force_configure': False, 'cmake_target': None, 'cmake_target_skip_unavailable': False, 'install_base': '/home/ssfa/ros2_ws/install/t3_action_msg', 'merge_install': False, 'path': '/home/ssfa/ros2_ws/src/t3/t3_action_msg', 'symlink_install': False, 'test_result_base': None}
[0.564s] Level 5:colcon.colcon_core.verb:set package 'tiago_demo' build argument 'cmake_args' from command line to 'None'
[0.564s] Level 5:colcon.colcon_core.verb:set package 'tiago_demo' build argument 'cmake_target' from command line to 'None'
[0.564s] Level 5:colcon.colcon_core.verb:set package 'tiago_demo' build argument 'cmake_target_skip_unavailable' from command line to 'False'
[0.564s] Level 5:colcon.colcon_core.verb:set package 'tiago_demo' build argument 'cmake_clean_cache' from command line to 'False'
[0.564s] Level 5:colcon.colcon_core.verb:set package 'tiago_demo' build argument 'cmake_clean_first' from command line to 'False'
[0.564s] Level 5:colcon.colcon_core.verb:set package 'tiago_demo' build argument 'cmake_force_configure' from command line to 'False'
[0.564s] Level 5:colcon.colcon_core.verb:set package 'tiago_demo' build argument 'ament_cmake_args' from command line to 'None'
[0.564s] Level 5:colcon.colcon_core.verb:set package 'tiago_demo' build argument 'catkin_cmake_args' from command line to 'None'
[0.564s] Level 5:colcon.colcon_core.verb:set package 'tiago_demo' build argument 'catkin_skip_building_tests' from command line to 'False'
[0.564s] DEBUG:colcon.colcon_core.verb:Building package 'tiago_demo' with the following arguments: {'ament_cmake_args': None, 'build_base': '/home/ssfa/ros2_ws/build/tiago_demo', 'catkin_cmake_args': None, 'catkin_skip_building_tests': False, 'cmake_args': None, 'cmake_clean_cache': False, 'cmake_clean_first': False, 'cmake_force_configure': False, 'cmake_target': None, 'cmake_target_skip_unavailable': False, 'install_base': '/home/ssfa/ros2_ws/install/tiago_demo', 'merge_install': False, 'path': '/home/ssfa/ros2_ws/src/tiago_demo', 'symlink_install': False, 'test_result_base': None}
[0.565s] Level 5:colcon.colcon_core.verb:set package 'topic_exercise' build argument 'cmake_args' from command line to 'None'
[0.565s] Level 5:colcon.colcon_core.verb:set package 'topic_exercise' build argument 'cmake_target' from command line to 'None'
[0.565s] Level 5:colcon.colcon_core.verb:set package 'topic_exercise' build argument 'cmake_target_skip_unavailable' from command line to 'False'
[0.565s] Level 5:colcon.colcon_core.verb:set package 'topic_exercise' build argument 'cmake_clean_cache' from command line to 'False'
[0.565s] Level 5:colcon.colcon_core.verb:set package 'topic_exercise' build argument 'cmake_clean_first' from command line to 'False'
[0.565s] Level 5:colcon.colcon_core.verb:set package 'topic_exercise' build argument 'cmake_force_configure' from command line to 'False'
[0.565s] Level 5:colcon.colcon_core.verb:set package 'topic_exercise' build argument 'ament_cmake_args' from command line to 'None'
[0.565s] Level 5:colcon.colcon_core.verb:set package 'topic_exercise' build argument 'catkin_cmake_args' from command line to 'None'
[0.565s] Level 5:colcon.colcon_core.verb:set package 'topic_exercise' build argument 'catkin_skip_building_tests' from command line to 'False'
[0.565s] DEBUG:colcon.colcon_core.verb:Building package 'topic_exercise' with the following arguments: {'ament_cmake_args': None, 'build_base': '/home/ssfa/ros2_ws/build/topic_exercise', 'catkin_cmake_args': None, 'catkin_skip_building_tests': False, 'cmake_args': None, 'cmake_clean_cache': False, 'cmake_clean_first': False, 'cmake_force_configure': False, 'cmake_target': None, 'cmake_target_skip_unavailable': False, 'install_base': '/home/ssfa/ros2_ws/install/topic_exercise', 'merge_install': False, 'path': '/home/ssfa/ros2_ws/src/topic_exercise', 'symlink_install': False, 'test_result_base': None}
[0.565s] Level 5:colcon.colcon_core.verb:set package 'turtlebot3_cartographer' build argument 'cmake_args' from command line to 'None'
[0.565s] Level 5:colcon.colcon_core.verb:set package 'turtlebot3_cartographer' build argument 'cmake_target' from command line to 'None'
[0.565s] Level 5:colcon.colcon_core.verb:set package 'turtlebot3_cartographer' build argument 'cmake_target_skip_unavailable' from command line to 'False'
[0.565s] Level 5:colcon.colcon_core.verb:set package 'turtlebot3_cartographer' build argument 'cmake_clean_cache' from command line to 'False'
[0.566s] Level 5:colcon.colcon_core.verb:set package 'turtlebot3_cartographer' build argument 'cmake_clean_first' from command line to 'False'
[0.566s] Level 5:colcon.colcon_core.verb:set package 'turtlebot3_cartographer' build argument 'cmake_force_configure' from command line to 'False'
[0.566s] Level 5:colcon.colcon_core.verb:set package 'turtlebot3_cartographer' build argument 'ament_cmake_args' from command line to 'None'
[0.566s] Level 5:colcon.colcon_core.verb:set package 'turtlebot3_cartographer' build argument 'catkin_cmake_args' from command line to 'None'
[0.566s] Level 5:colcon.colcon_core.verb:set package 'turtlebot3_cartographer' build argument 'catkin_skip_building_tests' from command line to 'False'
[0.566s] DEBUG:colcon.colcon_core.verb:Building package 'turtlebot3_cartographer' with the following arguments: {'ament_cmake_args': None, 'build_base': '/home/ssfa/ros2_ws/build/turtlebot3_cartographer', 'catkin_cmake_args': None, 'catkin_skip_building_tests': False, 'cmake_args': None, 'cmake_clean_cache': False, 'cmake_clean_first': False, 'cmake_force_configure': False, 'cmake_target': None, 'cmake_target_skip_unavailable': False, 'install_base': '/home/ssfa/ros2_ws/install/turtlebot3_cartographer', 'merge_install': False, 'path': '/home/ssfa/ros2_ws/src/t3/turtlebot3/turtlebot3/turtlebot3_cartographer', 'symlink_install': False, 'test_result_base': None}
[0.566s] Level 5:colcon.colcon_core.verb:set package 'turtlebot3_description' build argument 'cmake_args' from command line to 'None'
[0.566s] Level 5:colcon.colcon_core.verb:set package 'turtlebot3_description' build argument 'cmake_target' from command line to 'None'
[0.566s] Level 5:colcon.colcon_core.verb:set package 'turtlebot3_description' build argument 'cmake_target_skip_unavailable' from command line to 'False'
[0.566s] Level 5:colcon.colcon_core.verb:set package 'turtlebot3_description' build argument 'cmake_clean_cache' from command line to 'False'
[0.566s] Level 5:colcon.colcon_core.verb:set package 'turtlebot3_description' build argument 'cmake_clean_first' from command line to 'False'
[0.566s] Level 5:colcon.colcon_core.verb:set package 'turtlebot3_description' build argument 'cmake_force_configure' from command line to 'False'
[0.566s] Level 5:colcon.colcon_core.verb:set package 'turtlebot3_description' build argument 'ament_cmake_args' from command line to 'None'
[0.566s] Level 5:colcon.colcon_core.verb:set package 'turtlebot3_description' build argument 'catkin_cmake_args' from command line to 'None'
[0.566s] Level 5:colcon.colcon_core.verb:set package 'turtlebot3_description' build argument 'catkin_skip_building_tests' from command line to 'False'
[0.566s] DEBUG:colcon.colcon_core.verb:Building package 'turtlebot3_description' with the following arguments: {'ament_cmake_args': None, 'build_base': '/home/ssfa/ros2_ws/build/turtlebot3_description', 'catkin_cmake_args': None, 'catkin_skip_building_tests': False, 'cmake_args': None, 'cmake_clean_cache': False, 'cmake_clean_first': False, 'cmake_force_configure': False, 'cmake_target': None, 'cmake_target_skip_unavailable': False, 'install_base': '/home/ssfa/ros2_ws/install/turtlebot3_description', 'merge_install': False, 'path': '/home/ssfa/ros2_ws/src/t3/turtlebot3/turtlebot3/turtlebot3_description', 'symlink_install': False, 'test_result_base': None}
[0.567s] Level 5:colcon.colcon_core.verb:set package 'turtlebot3_msgs' build argument 'cmake_args' from command line to 'None'
[0.567s] Level 5:colcon.colcon_core.verb:set package 'turtlebot3_msgs' build argument 'cmake_target' from command line to 'None'
[0.567s] Level 5:colcon.colcon_core.verb:set package 'turtlebot3_msgs' build argument 'cmake_target_skip_unavailable' from command line to 'False'
[0.567s] Level 5:colcon.colcon_core.verb:set package 'turtlebot3_msgs' build argument 'cmake_clean_cache' from command line to 'False'
[0.567s] Level 5:colcon.colcon_core.verb:set package 'turtlebot3_msgs' build argument 'cmake_clean_first' from command line to 'False'
[0.567s] Level 5:colcon.colcon_core.verb:set package 'turtlebot3_msgs' build argument 'cmake_force_configure' from command line to 'False'
[0.567s] Level 5:colcon.colcon_core.verb:set package 'turtlebot3_msgs' build argument 'ament_cmake_args' from command line to 'None'
[0.567s] Level 5:colcon.colcon_core.verb:set package 'turtlebot3_msgs' build argument 'catkin_cmake_args' from command line to 'None'
[0.567s] Level 5:colcon.colcon_core.verb:set package 'turtlebot3_msgs' build argument 'catkin_skip_building_tests' from command line to 'False'
[0.567s] DEBUG:colcon.colcon_core.verb:Building package 'turtlebot3_msgs' with the following arguments: {'ament_cmake_args': None, 'build_base': '/home/ssfa/ros2_ws/build/turtlebot3_msgs', 'catkin_cmake_args': None, 'catkin_skip_building_tests': False, 'cmake_args': None, 'cmake_clean_cache': False, 'cmake_clean_first': False, 'cmake_force_configure': False, 'cmake_target': None, 'cmake_target_skip_unavailable': False, 'install_base': '/home/ssfa/ros2_ws/install/turtlebot3_msgs', 'merge_install': False, 'path': '/home/ssfa/ros2_ws/src/t3/turtlebot3_msgs', 'symlink_install': False, 'test_result_base': None}
[0.567s] Level 5:colcon.colcon_core.verb:set package 'turtlebot3_navigation2' build argument 'cmake_args' from command line to 'None'
[0.567s] Level 5:colcon.colcon_core.verb:set package 'turtlebot3_navigation2' build argument 'cmake_target' from command line to 'None'
[0.567s] Level 5:colcon.colcon_core.verb:set package 'turtlebot3_navigation2' build argument 'cmake_target_skip_unavailable' from command line to 'False'
[0.567s] Level 5:colcon.colcon_core.verb:set package 'turtlebot3_navigation2' build argument 'cmake_clean_cache' from command line to 'False'
[0.567s] Level 5:colcon.colcon_core.verb:set package 'turtlebot3_navigation2' build argument 'cmake_clean_first' from command line to 'False'
[0.567s] Level 5:colcon.colcon_core.verb:set package 'turtlebot3_navigation2' build argument 'cmake_force_configure' from command line to 'False'
[0.567s] Level 5:colcon.colcon_core.verb:set package 'turtlebot3_navigation2' build argument 'ament_cmake_args' from command line to 'None'
[0.567s] Level 5:colcon.colcon_core.verb:set package 'turtlebot3_navigation2' build argument 'catkin_cmake_args' from command line to 'None'
[0.568s] Level 5:colcon.colcon_core.verb:set package 'turtlebot3_navigation2' build argument 'catkin_skip_building_tests' from command line to 'False'
[0.568s] DEBUG:colcon.colcon_core.verb:Building package 'turtlebot3_navigation2' with the following arguments: {'ament_cmake_args': None, 'build_base': '/home/ssfa/ros2_ws/build/turtlebot3_navigation2', 'catkin_cmake_args': None, 'catkin_skip_building_tests': False, 'cmake_args': None, 'cmake_clean_cache': False, 'cmake_clean_first': False, 'cmake_force_configure': False, 'cmake_target': None, 'cmake_target_skip_unavailable': False, 'install_base': '/home/ssfa/ros2_ws/install/turtlebot3_navigation2', 'merge_install': False, 'path': '/home/ssfa/ros2_ws/src/t3/turtlebot3/turtlebot3/turtlebot3_navigation2', 'symlink_install': False, 'test_result_base': None}
[0.568s] Level 5:colcon.colcon_core.verb:set package 'turtlebot3_teleop' build argument 'cmake_args' from command line to 'None'
[0.568s] Level 5:colcon.colcon_core.verb:set package 'turtlebot3_teleop' build argument 'cmake_target' from command line to 'None'
[0.568s] Level 5:colcon.colcon_core.verb:set package 'turtlebot3_teleop' build argument 'cmake_target_skip_unavailable' from command line to 'False'
[0.568s] Level 5:colcon.colcon_core.verb:set package 'turtlebot3_teleop' build argument 'cmake_clean_cache' from command line to 'False'
[0.568s] Level 5:colcon.colcon_core.verb:set package 'turtlebot3_teleop' build argument 'cmake_clean_first' from command line to 'False'
[0.568s] Level 5:colcon.colcon_core.verb:set package 'turtlebot3_teleop' build argument 'cmake_force_configure' from command line to 'False'
[0.568s] Level 5:colcon.colcon_core.verb:set package 'turtlebot3_teleop' build argument 'ament_cmake_args' from command line to 'None'
[0.568s] Level 5:colcon.colcon_core.verb:set package 'turtlebot3_teleop' build argument 'catkin_cmake_args' from command line to 'None'
[0.568s] Level 5:colcon.colcon_core.verb:set package 'turtlebot3_teleop' build argument 'catkin_skip_building_tests' from command line to 'False'
[0.568s] DEBUG:colcon.colcon_core.verb:Building package 'turtlebot3_teleop' with the following arguments: {'ament_cmake_args': None, 'build_base': '/home/ssfa/ros2_ws/build/turtlebot3_teleop', 'catkin_cmake_args': None, 'catkin_skip_building_tests': False, 'cmake_args': None, 'cmake_clean_cache': False, 'cmake_clean_first': False, 'cmake_force_configure': False, 'cmake_target': None, 'cmake_target_skip_unavailable': False, 'install_base': '/home/ssfa/ros2_ws/install/turtlebot3_teleop', 'merge_install': False, 'path': '/home/ssfa/ros2_ws/src/t3/turtlebot3/turtlebot3/turtlebot3_teleop', 'symlink_install': False, 'test_result_base': None}
[0.569s] Level 5:colcon.colcon_core.verb:set package 'two_wheeled_robot' build argument 'cmake_args' from command line to 'None'
[0.569s] Level 5:colcon.colcon_core.verb:set package 'two_wheeled_robot' build argument 'cmake_target' from command line to 'None'
[0.569s] Level 5:colcon.colcon_core.verb:set package 'two_wheeled_robot' build argument 'cmake_target_skip_unavailable' from command line to 'False'
[0.569s] Level 5:colcon.colcon_core.verb:set package 'two_wheeled_robot' build argument 'cmake_clean_cache' from command line to 'False'
[0.569s] Level 5:colcon.colcon_core.verb:set package 'two_wheeled_robot' build argument 'cmake_clean_first' from command line to 'False'
[0.569s] Level 5:colcon.colcon_core.verb:set package 'two_wheeled_robot' build argument 'cmake_force_configure' from command line to 'False'
[0.569s] Level 5:colcon.colcon_core.verb:set package 'two_wheeled_robot' build argument 'ament_cmake_args' from command line to 'None'
[0.569s] Level 5:colcon.colcon_core.verb:set package 'two_wheeled_robot' build argument 'catkin_cmake_args' from command line to 'None'
[0.569s] Level 5:colcon.colcon_core.verb:set package 'two_wheeled_robot' build argument 'catkin_skip_building_tests' from command line to 'False'
[0.569s] DEBUG:colcon.colcon_core.verb:Building package 'two_wheeled_robot' with the following arguments: {'ament_cmake_args': None, 'build_base': '/home/ssfa/ros2_ws/build/two_wheeled_robot', 'catkin_cmake_args': None, 'catkin_skip_building_tests': False, 'cmake_args': None, 'cmake_clean_cache': False, 'cmake_clean_first': False, 'cmake_force_configure': False, 'cmake_target': None, 'cmake_target_skip_unavailable': False, 'install_base': '/home/ssfa/ros2_ws/install/two_wheeled_robot', 'merge_install': False, 'path': '/home/ssfa/ros2_ws/src/two_wheeled_robot', 'symlink_install': False, 'test_result_base': None}
[0.569s] Level 5:colcon.colcon_core.verb:set package 'yolov8_msgs' build argument 'cmake_args' from command line to 'None'
[0.569s] Level 5:colcon.colcon_core.verb:set package 'yolov8_msgs' build argument 'cmake_target' from command line to 'None'
[0.569s] Level 5:colcon.colcon_core.verb:set package 'yolov8_msgs' build argument 'cmake_target_skip_unavailable' from command line to 'False'
[0.569s] Level 5:colcon.colcon_core.verb:set package 'yolov8_msgs' build argument 'cmake_clean_cache' from command line to 'False'
[0.569s] Level 5:colcon.colcon_core.verb:set package 'yolov8_msgs' build argument 'cmake_clean_first' from command line to 'False'
[0.569s] Level 5:colcon.colcon_core.verb:set package 'yolov8_msgs' build argument 'cmake_force_configure' from command line to 'False'
[0.569s] Level 5:colcon.colcon_core.verb:set package 'yolov8_msgs' build argument 'ament_cmake_args' from command line to 'None'
[0.569s] Level 5:colcon.colcon_core.verb:set package 'yolov8_msgs' build argument 'catkin_cmake_args' from command line to 'None'
[0.569s] Level 5:colcon.colcon_core.verb:set package 'yolov8_msgs' build argument 'catkin_skip_building_tests' from command line to 'False'
[0.569s] DEBUG:colcon.colcon_core.verb:Building package 'yolov8_msgs' with the following arguments: {'ament_cmake_args': None, 'build_base': '/home/ssfa/ros2_ws/build/yolov8_msgs', 'catkin_cmake_args': None, 'catkin_skip_building_tests': False, 'cmake_args': None, 'cmake_clean_cache': False, 'cmake_clean_first': False, 'cmake_force_configure': False, 'cmake_target': None, 'cmake_target_skip_unavailable': False, 'install_base': '/home/ssfa/ros2_ws/install/yolov8_msgs', 'merge_install': False, 'path': '/home/ssfa/ros2_ws/src/yolov8_ros/yolov8_msgs', 'symlink_install': False, 'test_result_base': None}
[0.570s] Level 5:colcon.colcon_core.verb:set package 'custom_interface_example' build argument 'cmake_args' from command line to 'None'
[0.570s] Level 5:colcon.colcon_core.verb:set package 'custom_interface_example' build argument 'cmake_target' from command line to 'None'
[0.570s] Level 5:colcon.colcon_core.verb:set package 'custom_interface_example' build argument 'cmake_target_skip_unavailable' from command line to 'False'
[0.570s] Level 5:colcon.colcon_core.verb:set package 'custom_interface_example' build argument 'cmake_clean_cache' from command line to 'False'
[0.570s] Level 5:colcon.colcon_core.verb:set package 'custom_interface_example' build argument 'cmake_clean_first' from command line to 'False'
[0.570s] Level 5:colcon.colcon_core.verb:set package 'custom_interface_example' build argument 'cmake_force_configure' from command line to 'False'
[0.570s] Level 5:colcon.colcon_core.verb:set package 'custom_interface_example' build argument 'ament_cmake_args' from command line to 'None'
[0.570s] Level 5:colcon.colcon_core.verb:set package 'custom_interface_example' build argument 'catkin_cmake_args' from command line to 'None'
[0.570s] Level 5:colcon.colcon_core.verb:set package 'custom_interface_example' build argument 'catkin_skip_building_tests' from command line to 'False'
[0.570s] DEBUG:colcon.colcon_core.verb:Building package 'custom_interface_example' with the following arguments: {'ament_cmake_args': None, 'build_base': '/home/ssfa/ros2_ws/build/custom_interface_example', 'catkin_cmake_args': None, 'catkin_skip_building_tests': False, 'cmake_args': None, 'cmake_clean_cache': False, 'cmake_clean_first': False, 'cmake_force_configure': False, 'cmake_target': None, 'cmake_target_skip_unavailable': False, 'install_base': '/home/ssfa/ros2_ws/install/custom_interface_example', 'merge_install': False, 'path': '/home/ssfa/ros2_ws/src/custom_interface_example', 'symlink_install': False, 'test_result_base': None}
[0.570s] Level 5:colcon.colcon_core.verb:set package 'movement_pkg' build argument 'cmake_args' from command line to 'None'
[0.570s] Level 5:colcon.colcon_core.verb:set package 'movement_pkg' build argument 'cmake_target' from command line to 'None'
[0.570s] Level 5:colcon.colcon_core.verb:set package 'movement_pkg' build argument 'cmake_target_skip_unavailable' from command line to 'False'
[0.570s] Level 5:colcon.colcon_core.verb:set package 'movement_pkg' build argument 'cmake_clean_cache' from command line to 'False'
[0.571s] Level 5:colcon.colcon_core.verb:set package 'movement_pkg' build argument 'cmake_clean_first' from command line to 'False'
[0.571s] Level 5:colcon.colcon_core.verb:set package 'movement_pkg' build argument 'cmake_force_configure' from command line to 'False'
[0.571s] Level 5:colcon.colcon_core.verb:set package 'movement_pkg' build argument 'ament_cmake_args' from command line to 'None'
[0.571s] Level 5:colcon.colcon_core.verb:set package 'movement_pkg' build argument 'catkin_cmake_args' from command line to 'None'
[0.571s] Level 5:colcon.colcon_core.verb:set package 'movement_pkg' build argument 'catkin_skip_building_tests' from command line to 'False'
[0.571s] DEBUG:colcon.colcon_core.verb:Building package 'movement_pkg' with the following arguments: {'ament_cmake_args': None, 'build_base': '/home/ssfa/ros2_ws/build/movement_pkg', 'catkin_cmake_args': None, 'catkin_skip_building_tests': False, 'cmake_args': None, 'cmake_clean_cache': False, 'cmake_clean_first': False, 'cmake_force_configure': False, 'cmake_target': None, 'cmake_target_skip_unavailable': False, 'install_base': '/home/ssfa/ros2_ws/install/movement_pkg', 'merge_install': False, 'path': '/home/ssfa/ros2_ws/src/movement_pkg', 'symlink_install': False, 'test_result_base': None}
[0.571s] Level 5:colcon.colcon_core.verb:set package 'turtlebot3_as' build argument 'cmake_args' from command line to 'None'
[0.571s] Level 5:colcon.colcon_core.verb:set package 'turtlebot3_as' build argument 'cmake_target' from command line to 'None'
[0.571s] Level 5:colcon.colcon_core.verb:set package 'turtlebot3_as' build argument 'cmake_target_skip_unavailable' from command line to 'False'
[0.571s] Level 5:colcon.colcon_core.verb:set package 'turtlebot3_as' build argument 'cmake_clean_cache' from command line to 'False'
[0.571s] Level 5:colcon.colcon_core.verb:set package 'turtlebot3_as' build argument 'cmake_clean_first' from command line to 'False'
[0.571s] Level 5:colcon.colcon_core.verb:set package 'turtlebot3_as' build argument 'cmake_force_configure' from command line to 'False'
[0.571s] Level 5:colcon.colcon_core.verb:set package 'turtlebot3_as' build argument 'ament_cmake_args' from command line to 'None'
[0.571s] Level 5:colcon.colcon_core.verb:set package 'turtlebot3_as' build argument 'catkin_cmake_args' from command line to 'None'
[0.571s] Level 5:colcon.colcon_core.verb:set package 'turtlebot3_as' build argument 'catkin_skip_building_tests' from command line to 'False'
[0.571s] DEBUG:colcon.colcon_core.verb:Building package 'turtlebot3_as' with the following arguments: {'ament_cmake_args': None, 'build_base': '/home/ssfa/ros2_ws/build/turtlebot3_as', 'catkin_cmake_args': None, 'catkin_skip_building_tests': False, 'cmake_args': None, 'cmake_clean_cache': False, 'cmake_clean_first': False, 'cmake_force_configure': False, 'cmake_target': None, 'cmake_target_skip_unavailable': False, 'install_base': '/home/ssfa/ros2_ws/install/turtlebot3_as', 'merge_install': False, 'path': '/home/ssfa/ros2_ws/src/t3/turtlebot3_as', 'symlink_install': False, 'test_result_base': None}
[0.572s] Level 5:colcon.colcon_core.verb:set package 'turtlebot3_bringup' build argument 'cmake_args' from command line to 'None'
[0.572s] Level 5:colcon.colcon_core.verb:set package 'turtlebot3_bringup' build argument 'cmake_target' from command line to 'None'
[0.572s] Level 5:colcon.colcon_core.verb:set package 'turtlebot3_bringup' build argument 'cmake_target_skip_unavailable' from command line to 'False'
[0.572s] Level 5:colcon.colcon_core.verb:set package 'turtlebot3_bringup' build argument 'cmake_clean_cache' from command line to 'False'
[0.572s] Level 5:colcon.colcon_core.verb:set package 'turtlebot3_bringup' build argument 'cmake_clean_first' from command line to 'False'
[0.572s] Level 5:colcon.colcon_core.verb:set package 'turtlebot3_bringup' build argument 'cmake_force_configure' from command line to 'False'
[0.572s] Level 5:colcon.colcon_core.verb:set package 'turtlebot3_bringup' build argument 'ament_cmake_args' from command line to 'None'
[0.572s] Level 5:colcon.colcon_core.verb:set package 'turtlebot3_bringup' build argument 'catkin_cmake_args' from command line to 'None'
[0.572s] Level 5:colcon.colcon_core.verb:set package 'turtlebot3_bringup' build argument 'catkin_skip_building_tests' from command line to 'False'
[0.572s] DEBUG:colcon.colcon_core.verb:Building package 'turtlebot3_bringup' with the following arguments: {'ament_cmake_args': None, 'build_base': '/home/ssfa/ros2_ws/build/turtlebot3_bringup', 'catkin_cmake_args': None, 'catkin_skip_building_tests': False, 'cmake_args': None, 'cmake_clean_cache': False, 'cmake_clean_first': False, 'cmake_force_configure': False, 'cmake_target': None, 'cmake_target_skip_unavailable': False, 'install_base': '/home/ssfa/ros2_ws/install/turtlebot3_bringup', 'merge_install': False, 'path': '/home/ssfa/ros2_ws/src/t3/turtlebot3/turtlebot3/turtlebot3_bringup', 'symlink_install': False, 'test_result_base': None}
[0.572s] Level 5:colcon.colcon_core.verb:set package 'turtlebot3_example' build argument 'cmake_args' from command line to 'None'
[0.572s] Level 5:colcon.colcon_core.verb:set package 'turtlebot3_example' build argument 'cmake_target' from command line to 'None'
[0.572s] Level 5:colcon.colcon_core.verb:set package 'turtlebot3_example' build argument 'cmake_target_skip_unavailable' from command line to 'False'
[0.572s] Level 5:colcon.colcon_core.verb:set package 'turtlebot3_example' build argument 'cmake_clean_cache' from command line to 'False'
[0.572s] Level 5:colcon.colcon_core.verb:set package 'turtlebot3_example' build argument 'cmake_clean_first' from command line to 'False'
[0.572s] Level 5:colcon.colcon_core.verb:set package 'turtlebot3_example' build argument 'cmake_force_configure' from command line to 'False'
[0.572s] Level 5:colcon.colcon_core.verb:set package 'turtlebot3_example' build argument 'ament_cmake_args' from command line to 'None'
[0.572s] Level 5:colcon.colcon_core.verb:set package 'turtlebot3_example' build argument 'catkin_cmake_args' from command line to 'None'
[0.572s] Level 5:colcon.colcon_core.verb:set package 'turtlebot3_example' build argument 'catkin_skip_building_tests' from command line to 'False'
[0.572s] DEBUG:colcon.colcon_core.verb:Building package 'turtlebot3_example' with the following arguments: {'ament_cmake_args': None, 'build_base': '/home/ssfa/ros2_ws/build/turtlebot3_example', 'catkin_cmake_args': None, 'catkin_skip_building_tests': False, 'cmake_args': None, 'cmake_clean_cache': False, 'cmake_clean_first': False, 'cmake_force_configure': False, 'cmake_target': None, 'cmake_target_skip_unavailable': False, 'install_base': '/home/ssfa/ros2_ws/install/turtlebot3_example', 'merge_install': False, 'path': '/home/ssfa/ros2_ws/src/t3/turtlebot3/turtlebot3/turtlebot3_example', 'symlink_install': False, 'test_result_base': None}
[0.573s] Level 5:colcon.colcon_core.verb:set package 'turtlebot3_gazebo' build argument 'cmake_args' from command line to 'None'
[0.573s] Level 5:colcon.colcon_core.verb:set package 'turtlebot3_gazebo' build argument 'cmake_target' from command line to 'None'
[0.573s] Level 5:colcon.colcon_core.verb:set package 'turtlebot3_gazebo' build argument 'cmake_target_skip_unavailable' from command line to 'False'
[0.573s] Level 5:colcon.colcon_core.verb:set package 'turtlebot3_gazebo' build argument 'cmake_clean_cache' from command line to 'False'
[0.573s] Level 5:colcon.colcon_core.verb:set package 'turtlebot3_gazebo' build argument 'cmake_clean_first' from command line to 'False'
[0.573s] Level 5:colcon.colcon_core.verb:set package 'turtlebot3_gazebo' build argument 'cmake_force_configure' from command line to 'False'
[0.573s] Level 5:colcon.colcon_core.verb:set package 'turtlebot3_gazebo' build argument 'ament_cmake_args' from command line to 'None'
[0.573s] Level 5:colcon.colcon_core.verb:set package 'turtlebot3_gazebo' build argument 'catkin_cmake_args' from command line to 'None'
[0.573s] Level 5:colcon.colcon_core.verb:set package 'turtlebot3_gazebo' build argument 'catkin_skip_building_tests' from command line to 'False'
[0.573s] DEBUG:colcon.colcon_core.verb:Building package 'turtlebot3_gazebo' with the following arguments: {'ament_cmake_args': None, 'build_base': '/home/ssfa/ros2_ws/build/turtlebot3_gazebo', 'catkin_cmake_args': None, 'catkin_skip_building_tests': False, 'cmake_args': None, 'cmake_clean_cache': False, 'cmake_clean_first': False, 'cmake_force_configure': False, 'cmake_target': None, 'cmake_target_skip_unavailable': False, 'install_base': '/home/ssfa/ros2_ws/install/turtlebot3_gazebo', 'merge_install': False, 'path': '/home/ssfa/ros2_ws/src/t3/turtlebot3_simulations/turtlebot3_gazebo', 'symlink_install': False, 'test_result_base': None}
[0.573s] Level 5:colcon.colcon_core.verb:set package 'yolov8_ros' build argument 'cmake_args' from command line to 'None'
[0.574s] Level 5:colcon.colcon_core.verb:set package 'yolov8_ros' build argument 'cmake_target' from command line to 'None'
[0.574s] Level 5:colcon.colcon_core.verb:set package 'yolov8_ros' build argument 'cmake_target_skip_unavailable' from command line to 'False'
[0.574s] Level 5:colcon.colcon_core.verb:set package 'yolov8_ros' build argument 'cmake_clean_cache' from command line to 'False'
[0.574s] Level 5:colcon.colcon_core.verb:set package 'yolov8_ros' build argument 'cmake_clean_first' from command line to 'False'
[0.574s] Level 5:colcon.colcon_core.verb:set package 'yolov8_ros' build argument 'cmake_force_configure' from command line to 'False'
[0.574s] Level 5:colcon.colcon_core.verb:set package 'yolov8_ros' build argument 'ament_cmake_args' from command line to 'None'
[0.574s] Level 5:colcon.colcon_core.verb:set package 'yolov8_ros' build argument 'catkin_cmake_args' from command line to 'None'
[0.574s] Level 5:colcon.colcon_core.verb:set package 'yolov8_ros' build argument 'catkin_skip_building_tests' from command line to 'False'
[0.574s] DEBUG:colcon.colcon_core.verb:Building package 'yolov8_ros' with the following arguments: {'ament_cmake_args': None, 'build_base': '/home/ssfa/ros2_ws/build/yolov8_ros', 'catkin_cmake_args': None, 'catkin_skip_building_tests': False, 'cmake_args': None, 'cmake_clean_cache': False, 'cmake_clean_first': False, 'cmake_force_configure': False, 'cmake_target': None, 'cmake_target_skip_unavailable': False, 'install_base': '/home/ssfa/ros2_ws/install/yolov8_ros', 'merge_install': False, 'path': '/home/ssfa/ros2_ws/src/yolov8_ros/yolov8_ros', 'symlink_install': False, 'test_result_base': None}
[0.574s] Level 5:colcon.colcon_core.verb:set package 'turtlebot3' build argument 'cmake_args' from command line to 'None'
[0.574s] Level 5:colcon.colcon_core.verb:set package 'turtlebot3' build argument 'cmake_target' from command line to 'None'
[0.574s] Level 5:colcon.colcon_core.verb:set package 'turtlebot3' build argument 'cmake_target_skip_unavailable' from command line to 'False'
[0.574s] Level 5:colcon.colcon_core.verb:set package 'turtlebot3' build argument 'cmake_clean_cache' from command line to 'False'
[0.574s] Level 5:colcon.colcon_core.verb:set package 'turtlebot3' build argument 'cmake_clean_first' from command line to 'False'
[0.574s] Level 5:colcon.colcon_core.verb:set package 'turtlebot3' build argument 'cmake_force_configure' from command line to 'False'
[0.574s] Level 5:colcon.colcon_core.verb:set package 'turtlebot3' build argument 'ament_cmake_args' from command line to 'None'
[0.574s] Level 5:colcon.colcon_core.verb:set package 'turtlebot3' build argument 'catkin_cmake_args' from command line to 'None'
[0.574s] Level 5:colcon.colcon_core.verb:set package 'turtlebot3' build argument 'catkin_skip_building_tests' from command line to 'False'
[0.574s] DEBUG:colcon.colcon_core.verb:Building package 'turtlebot3' with the following arguments: {'ament_cmake_args': None, 'build_base': '/home/ssfa/ros2_ws/build/turtlebot3', 'catkin_cmake_args': None, 'catkin_skip_building_tests': False, 'cmake_args': None, 'cmake_clean_cache': False, 'cmake_clean_first': False, 'cmake_force_configure': False, 'cmake_target': None, 'cmake_target_skip_unavailable': False, 'install_base': '/home/ssfa/ros2_ws/install/turtlebot3', 'merge_install': False, 'path': '/home/ssfa/ros2_ws/src/t3/turtlebot3/turtlebot3/turtlebot3', 'symlink_install': False, 'test_result_base': None}
[0.575s] Level 5:colcon.colcon_core.verb:set package 'turtlebot3_simulations' build argument 'cmake_args' from command line to 'None'
[0.575s] Level 5:colcon.colcon_core.verb:set package 'turtlebot3_simulations' build argument 'cmake_target' from command line to 'None'
[0.575s] Level 5:colcon.colcon_core.verb:set package 'turtlebot3_simulations' build argument 'cmake_target_skip_unavailable' from command line to 'False'
[0.575s] Level 5:colcon.colcon_core.verb:set package 'turtlebot3_simulations' build argument 'cmake_clean_cache' from command line to 'False'
[0.575s] Level 5:colcon.colcon_core.verb:set package 'turtlebot3_simulations' build argument 'cmake_clean_first' from command line to 'False'
[0.575s] Level 5:colcon.colcon_core.verb:set package 'turtlebot3_simulations' build argument 'cmake_force_configure' from command line to 'False'
[0.575s] Level 5:colcon.colcon_core.verb:set package 'turtlebot3_simulations' build argument 'ament_cmake_args' from command line to 'None'
[0.575s] Level 5:colcon.colcon_core.verb:set package 'turtlebot3_simulations' build argument 'catkin_cmake_args' from command line to 'None'
[0.575s] Level 5:colcon.colcon_core.verb:set package 'turtlebot3_simulations' build argument 'catkin_skip_building_tests' from command line to 'False'
[0.575s] DEBUG:colcon.colcon_core.verb:Building package 'turtlebot3_simulations' with the following arguments: {'ament_cmake_args': None, 'build_base': '/home/ssfa/ros2_ws/build/turtlebot3_simulations', 'catkin_cmake_args': None, 'catkin_skip_building_tests': False, 'cmake_args': None, 'cmake_clean_cache': False, 'cmake_clean_first': False, 'cmake_force_configure': False, 'cmake_target': None, 'cmake_target_skip_unavailable': False, 'install_base': '/home/ssfa/ros2_ws/install/turtlebot3_simulations', 'merge_install': False, 'path': '/home/ssfa/ros2_ws/src/t3/turtlebot3_simulations/turtlebot3_simulations', 'symlink_install': False, 'test_result_base': None}
[0.575s] Level 5:colcon.colcon_core.verb:set package 'yolov8_bringup' build argument 'cmake_args' from command line to 'None'
[0.575s] Level 5:colcon.colcon_core.verb:set package 'yolov8_bringup' build argument 'cmake_target' from command line to 'None'
[0.575s] Level 5:colcon.colcon_core.verb:set package 'yolov8_bringup' build argument 'cmake_target_skip_unavailable' from command line to 'False'
[0.576s] Level 5:colcon.colcon_core.verb:set package 'yolov8_bringup' build argument 'cmake_clean_cache' from command line to 'False'
[0.576s] Level 5:colcon.colcon_core.verb:set package 'yolov8_bringup' build argument 'cmake_clean_first' from command line to 'False'
[0.576s] Level 5:colcon.colcon_core.verb:set package 'yolov8_bringup' build argument 'cmake_force_configure' from command line to 'False'
[0.576s] Level 5:colcon.colcon_core.verb:set package 'yolov8_bringup' build argument 'ament_cmake_args' from command line to 'None'
[0.576s] Level 5:colcon.colcon_core.verb:set package 'yolov8_bringup' build argument 'catkin_cmake_args' from command line to 'None'
[0.576s] Level 5:colcon.colcon_core.verb:set package 'yolov8_bringup' build argument 'catkin_skip_building_tests' from command line to 'False'
[0.576s] DEBUG:colcon.colcon_core.verb:Building package 'yolov8_bringup' with the following arguments: {'ament_cmake_args': None, 'build_base': '/home/ssfa/ros2_ws/build/yolov8_bringup', 'catkin_cmake_args': None, 'catkin_skip_building_tests': False, 'cmake_args': None, 'cmake_clean_cache': False, 'cmake_clean_first': False, 'cmake_force_configure': False, 'cmake_target': None, 'cmake_target_skip_unavailable': False, 'install_base': '/home/ssfa/ros2_ws/install/yolov8_bringup', 'merge_install': False, 'path': '/home/ssfa/ros2_ws/src/yolov8_ros/yolov8_bringup', 'symlink_install': False, 'test_result_base': None}
[0.576s] INFO:colcon.colcon_core.executor:Executing jobs using 'parallel' executor
[0.577s] DEBUG:colcon.colcon_parallel_executor.executor.parallel:run_until_complete
[0.578s] INFO:colcon.colcon_ros.task.ament_cmake.build:Building ROS package in '/home/ssfa/ros2_ws/src/t3/turtlebot3/turtlebot3/turtlebot3_description' with build type 'ament_cmake'
[0.578s] INFO:colcon.colcon_cmake.task.cmake.build:Building CMake package in '/home/ssfa/ros2_ws/src/t3/turtlebot3/turtlebot3/turtlebot3_description'
[0.582s] INFO:colcon.colcon_core.plugin_system:Skipping extension 'colcon_core.shell.bat': Not used on non-Windows systems
[0.582s] INFO:colcon.colcon_core.shell:Skip shell extension 'powershell' for command environment: Not usable outside of PowerShell
[0.582s] DEBUG:colcon.colcon_core.shell:Skip shell extension 'dsv' for command environment
[0.588s] INFO:colcon.colcon_ros.task.ament_cmake.build:Building ROS package in '/home/ssfa/ros2_ws/src/custom_interfaces' with build type 'ament_cmake'
[0.588s] INFO:colcon.colcon_cmake.task.cmake.build:Building CMake package in '/home/ssfa/ros2_ws/src/custom_interfaces'
[0.588s] INFO:colcon.colcon_core.shell:Skip shell extension 'powershell' for command environment: Not usable outside of PowerShell
[0.588s] DEBUG:colcon.colcon_core.shell:Skip shell extension 'dsv' for command environment
[0.593s] INFO:colcon.colcon_ros.task.ament_cmake.build:Building ROS package in '/home/ssfa/ros2_ws/src/t3/turtlebot3_msgs' with build type 'ament_cmake'
[0.594s] INFO:colcon.colcon_cmake.task.cmake.build:Building CMake package in '/home/ssfa/ros2_ws/src/t3/turtlebot3_msgs'
[0.594s] INFO:colcon.colcon_core.shell:Skip shell extension 'powershell' for command environment: Not usable outside of PowerShell
[0.594s] DEBUG:colcon.colcon_core.shell:Skip shell extension 'dsv' for command environment
[0.599s] INFO:colcon.colcon_ros.task.ament_cmake.build:Building ROS package in '/home/ssfa/ros2_ws/src/yolov8_ros/yolov8_msgs' with build type 'ament_cmake'
[0.600s] INFO:colcon.colcon_cmake.task.cmake.build:Building CMake package in '/home/ssfa/ros2_ws/src/yolov8_ros/yolov8_msgs'
[0.600s] INFO:colcon.colcon_core.shell:Skip shell extension 'powershell' for command environment: Not usable outside of PowerShell
[0.600s] DEBUG:colcon.colcon_core.shell:Skip shell extension 'dsv' for command environment
[0.605s] INFO:colcon.colcon_ros.task.ament_cmake.build:Building ROS package in '/home/ssfa/ros2_ws/src/t3/t3_action_msg' with build type 'ament_cmake'
[0.605s] INFO:colcon.colcon_cmake.task.cmake.build:Building CMake package in '/home/ssfa/ros2_ws/src/t3/t3_action_msg'
[0.605s] INFO:colcon.colcon_core.shell:Skip shell extension 'powershell' for command environment: Not usable outside of PowerShell
[0.606s] DEBUG:colcon.colcon_core.shell:Skip shell extension 'dsv' for command environment
[0.610s] INFO:colcon.colcon_ros.task.ament_cmake.build:Building ROS package in '/home/ssfa/ros2_ws/src/t3/turtlebot3/turtlebot3/turtlebot3_cartographer' with build type 'ament_cmake'
[0.611s] INFO:colcon.colcon_cmake.task.cmake.build:Building CMake package in '/home/ssfa/ros2_ws/src/t3/turtlebot3/turtlebot3/turtlebot3_cartographer'
[0.611s] INFO:colcon.colcon_core.shell:Skip shell extension 'powershell' for command environment: Not usable outside of PowerShell
[0.611s] DEBUG:colcon.colcon_core.shell:Skip shell extension 'dsv' for command environment
[0.616s] INFO:colcon.colcon_ros.task.ament_cmake.build:Building ROS package in '/home/ssfa/ros2_ws/src/t3/turtlebot3/turtlebot3/turtlebot3_navigation2' with build type 'ament_cmake'
[0.616s] INFO:colcon.colcon_cmake.task.cmake.build:Building CMake package in '/home/ssfa/ros2_ws/src/t3/turtlebot3/turtlebot3/turtlebot3_navigation2'
[0.616s] INFO:colcon.colcon_core.shell:Skip shell extension 'powershell' for command environment: Not usable outside of PowerShell
[0.616s] DEBUG:colcon.colcon_core.shell:Skip shell extension 'dsv' for command environment
[0.622s] INFO:colcon.colcon_ros.task.ament_python.build:Building ROS package in '/home/ssfa/ros2_ws/src/t3/turtlebot3/turtlebot3/turtlebot3_teleop' with build type 'ament_python'
[0.622s] Level 1:colcon.colcon_core.shell:create_environment_hook('turtlebot3_teleop', 'ament_prefix_path')
[0.622s] INFO:colcon.colcon_core.shell:Creating environment hook '/home/ssfa/ros2_ws/install/turtlebot3_teleop/share/turtlebot3_teleop/hook/ament_prefix_path.ps1'
[0.623s] INFO:colcon.colcon_core.shell:Creating environment descriptor '/home/ssfa/ros2_ws/install/turtlebot3_teleop/share/turtlebot3_teleop/hook/ament_prefix_path.dsv'
[0.624s] INFO:colcon.colcon_core.shell:Creating environment hook '/home/ssfa/ros2_ws/install/turtlebot3_teleop/share/turtlebot3_teleop/hook/ament_prefix_path.sh'
[0.625s] INFO:colcon.colcon_core.shell:Skip shell extension 'powershell' for command environment: Not usable outside of PowerShell
[0.625s] DEBUG:colcon.colcon_core.shell:Skip shell extension 'dsv' for command environment
[0.629s] INFO:colcon.colcon_ros.task.ament_python.build:Building ROS package in '/home/ssfa/ros2_ws/src/client_pkg' with build type 'ament_python'
[0.630s] Level 1:colcon.colcon_core.shell:create_environment_hook('client_pkg', 'ament_prefix_path')
[0.630s] INFO:colcon.colcon_core.shell:Creating environment hook '/home/ssfa/ros2_ws/install/client_pkg/share/client_pkg/hook/ament_prefix_path.ps1'
[0.631s] INFO:colcon.colcon_core.shell:Creating environment descriptor '/home/ssfa/ros2_ws/install/client_pkg/share/client_pkg/hook/ament_prefix_path.dsv'
[0.632s] INFO:colcon.colcon_core.shell:Creating environment hook '/home/ssfa/ros2_ws/install/client_pkg/share/client_pkg/hook/ament_prefix_path.sh'
[0.632s] INFO:colcon.colcon_core.shell:Skip shell extension 'powershell' for command environment: Not usable outside of PowerShell
[0.632s] DEBUG:colcon.colcon_core.shell:Skip shell extension 'dsv' for command environment
[0.637s] INFO:colcon.colcon_ros.task.ament_cmake.build:Building ROS package in '/home/ssfa/ros2_ws/src/t3/DynamixelSDK/dynamixel_sdk' with build type 'ament_cmake'
[0.637s] INFO:colcon.colcon_cmake.task.cmake.build:Building CMake package in '/home/ssfa/ros2_ws/src/t3/DynamixelSDK/dynamixel_sdk'
[0.637s] INFO:colcon.colcon_core.shell:Skip shell extension 'powershell' for command environment: Not usable outside of PowerShell
[0.637s] DEBUG:colcon.colcon_core.shell:Skip shell extension 'dsv' for command environment
[0.643s] INFO:colcon.colcon_ros.task.ament_python.build:Building ROS package in '/home/ssfa/ros2_ws/src/exercise_pkg' with build type 'ament_python'
[0.643s] Level 1:colcon.colcon_core.shell:create_environment_hook('exercise_pkg', 'ament_prefix_path')
[0.644s] INFO:colcon.colcon_core.shell:Creating environment hook '/home/ssfa/ros2_ws/install/exercise_pkg/share/exercise_pkg/hook/ament_prefix_path.ps1'
[0.645s] INFO:colcon.colcon_core.shell:Creating environment descriptor '/home/ssfa/ros2_ws/install/exercise_pkg/share/exercise_pkg/hook/ament_prefix_path.dsv'
[0.645s] INFO:colcon.colcon_core.shell:Creating environment hook '/home/ssfa/ros2_ws/install/exercise_pkg/share/exercise_pkg/hook/ament_prefix_path.sh'
[0.647s] INFO:colcon.colcon_core.shell:Skip shell extension 'powershell' for command environment: Not usable outside of PowerShell
[0.647s] DEBUG:colcon.colcon_core.shell:Skip shell extension 'dsv' for command environment
[0.652s] INFO:colcon.colcon_ros.task.ament_python.build:Building ROS package in '/home/ssfa/ros2_ws/src/my_package' with build type 'ament_python'
[0.652s] Level 1:colcon.colcon_core.shell:create_environment_hook('my_package', 'ament_prefix_path')
[0.652s] INFO:colcon.colcon_core.shell:Creating environment hook '/home/ssfa/ros2_ws/install/my_package/share/my_package/hook/ament_prefix_path.ps1'
[0.653s] INFO:colcon.colcon_core.shell:Creating environment descriptor '/home/ssfa/ros2_ws/install/my_package/share/my_package/hook/ament_prefix_path.dsv'
[0.653s] INFO:colcon.colcon_core.shell:Creating environment hook '/home/ssfa/ros2_ws/install/my_package/share/my_package/hook/ament_prefix_path.sh'
[0.654s] INFO:colcon.colcon_core.shell:Skip shell extension 'powershell' for command environment: Not usable outside of PowerShell
[0.654s] DEBUG:colcon.colcon_core.shell:Skip shell extension 'dsv' for command environment
[0.665s] DEBUG:colcon.colcon_core.event_handler.log_command:Invoking command in '/home/ssfa/ros2_ws/build/turtlebot3_description': CMAKE_PREFIX_PATH=${CMAKE_PREFIX_PATH}:/home/ssfa/ros2_ws/install/turtlebot3_teleop:/home/ssfa/ros2_ws/install/turtlebot3_example:/home/ssfa/ros2_ws/install/topic_exercise:/home/ssfa/ros2_ws/install/subscriber_pkg:/home/ssfa/ros2_ws/install/services_pkg:/home/ssfa/ros2_ws/install/publisher_pkg:/home/ssfa/ros2_ws/install/my_package:/home/ssfa/ros2_ws/install/movement_pkg:/home/ssfa/ros2_ws/install/exercise_pkg:/home/ssfa/ros2_ws/install/custom_interface_example:/home/ssfa/ros2_ws/install/client_pkg:/opt/ros/humble /usr/bin/cmake /home/ssfa/ros2_ws/src/t3/turtlebot3/turtlebot3/turtlebot3_description -DCMAKE_INSTALL_PREFIX=/home/ssfa/ros2_ws/install/turtlebot3_description
[0.672s] DEBUG:colcon.colcon_core.event_handler.log_command:Invoking command in '/home/ssfa/ros2_ws/build/custom_interfaces': CMAKE_PREFIX_PATH=${CMAKE_PREFIX_PATH}:/home/ssfa/ros2_ws/install/turtlebot3_teleop:/home/ssfa/ros2_ws/install/turtlebot3_example:/home/ssfa/ros2_ws/install/topic_exercise:/home/ssfa/ros2_ws/install/subscriber_pkg:/home/ssfa/ros2_ws/install/services_pkg:/home/ssfa/ros2_ws/install/publisher_pkg:/home/ssfa/ros2_ws/install/my_package:/home/ssfa/ros2_ws/install/movement_pkg:/home/ssfa/ros2_ws/install/exercise_pkg:/home/ssfa/ros2_ws/install/custom_interface_example:/home/ssfa/ros2_ws/install/client_pkg:/opt/ros/humble /usr/bin/cmake /home/ssfa/ros2_ws/src/custom_interfaces -DCMAKE_INSTALL_PREFIX=/home/ssfa/ros2_ws/install/custom_interfaces
[0.677s] DEBUG:colcon.colcon_core.event_handler.log_command:Invoking command in '/home/ssfa/ros2_ws/build/turtlebot3_msgs': CMAKE_PREFIX_PATH=${CMAKE_PREFIX_PATH}:/home/ssfa/ros2_ws/install/turtlebot3_teleop:/home/ssfa/ros2_ws/install/turtlebot3_example:/home/ssfa/ros2_ws/install/topic_exercise:/home/ssfa/ros2_ws/install/subscriber_pkg:/home/ssfa/ros2_ws/install/services_pkg:/home/ssfa/ros2_ws/install/publisher_pkg:/home/ssfa/ros2_ws/install/my_package:/home/ssfa/ros2_ws/install/movement_pkg:/home/ssfa/ros2_ws/install/exercise_pkg:/home/ssfa/ros2_ws/install/custom_interface_example:/home/ssfa/ros2_ws/install/client_pkg:/opt/ros/humble /usr/bin/cmake /home/ssfa/ros2_ws/src/t3/turtlebot3_msgs -DCMAKE_INSTALL_PREFIX=/home/ssfa/ros2_ws/install/turtlebot3_msgs
[0.682s] DEBUG:colcon.colcon_core.event_handler.log_command:Invoking command in '/home/ssfa/ros2_ws/build/yolov8_msgs': CMAKE_PREFIX_PATH=${CMAKE_PREFIX_PATH}:/home/ssfa/ros2_ws/install/turtlebot3_teleop:/home/ssfa/ros2_ws/install/turtlebot3_example:/home/ssfa/ros2_ws/install/topic_exercise:/home/ssfa/ros2_ws/install/subscriber_pkg:/home/ssfa/ros2_ws/install/services_pkg:/home/ssfa/ros2_ws/install/publisher_pkg:/home/ssfa/ros2_ws/install/my_package:/home/ssfa/ros2_ws/install/movement_pkg:/home/ssfa/ros2_ws/install/exercise_pkg:/home/ssfa/ros2_ws/install/custom_interface_example:/home/ssfa/ros2_ws/install/client_pkg:/opt/ros/humble /usr/bin/cmake /home/ssfa/ros2_ws/src/yolov8_ros/yolov8_msgs -DCMAKE_INSTALL_PREFIX=/home/ssfa/ros2_ws/install/yolov8_msgs
[0.686s] DEBUG:colcon.colcon_core.event_handler.log_command:Invoking command in '/home/ssfa/ros2_ws/build/t3_action_msg': CMAKE_PREFIX_PATH=${CMAKE_PREFIX_PATH}:/home/ssfa/ros2_ws/install/turtlebot3_teleop:/home/ssfa/ros2_ws/install/turtlebot3_example:/home/ssfa/ros2_ws/install/topic_exercise:/home/ssfa/ros2_ws/install/subscriber_pkg:/home/ssfa/ros2_ws/install/services_pkg:/home/ssfa/ros2_ws/install/publisher_pkg:/home/ssfa/ros2_ws/install/my_package:/home/ssfa/ros2_ws/install/movement_pkg:/home/ssfa/ros2_ws/install/exercise_pkg:/home/ssfa/ros2_ws/install/custom_interface_example:/home/ssfa/ros2_ws/install/client_pkg:/opt/ros/humble /usr/bin/cmake /home/ssfa/ros2_ws/src/t3/t3_action_msg -DCMAKE_INSTALL_PREFIX=/home/ssfa/ros2_ws/install/t3_action_msg
[0.691s] DEBUG:colcon.colcon_core.event_handler.log_command:Invoking command in '/home/ssfa/ros2_ws/build/turtlebot3_cartographer': CMAKE_PREFIX_PATH=${CMAKE_PREFIX_PATH}:/home/ssfa/ros2_ws/install/turtlebot3_teleop:/home/ssfa/ros2_ws/install/turtlebot3_example:/home/ssfa/ros2_ws/install/topic_exercise:/home/ssfa/ros2_ws/install/subscriber_pkg:/home/ssfa/ros2_ws/install/services_pkg:/home/ssfa/ros2_ws/install/publisher_pkg:/home/ssfa/ros2_ws/install/my_package:/home/ssfa/ros2_ws/install/movement_pkg:/home/ssfa/ros2_ws/install/exercise_pkg:/home/ssfa/ros2_ws/install/custom_interface_example:/home/ssfa/ros2_ws/install/client_pkg:/opt/ros/humble /usr/bin/cmake /home/ssfa/ros2_ws/src/t3/turtlebot3/turtlebot3/turtlebot3_cartographer -DCMAKE_INSTALL_PREFIX=/home/ssfa/ros2_ws/install/turtlebot3_cartographer
[0.696s] DEBUG:colcon.colcon_core.event_handler.log_command:Invoking command in '/home/ssfa/ros2_ws/build/turtlebot3_navigation2': CMAKE_PREFIX_PATH=${CMAKE_PREFIX_PATH}:/home/ssfa/ros2_ws/install/turtlebot3_teleop:/home/ssfa/ros2_ws/install/turtlebot3_example:/home/ssfa/ros2_ws/install/topic_exercise:/home/ssfa/ros2_ws/install/subscriber_pkg:/home/ssfa/ros2_ws/install/services_pkg:/home/ssfa/ros2_ws/install/publisher_pkg:/home/ssfa/ros2_ws/install/my_package:/home/ssfa/ros2_ws/install/movement_pkg:/home/ssfa/ros2_ws/install/exercise_pkg:/home/ssfa/ros2_ws/install/custom_interface_example:/home/ssfa/ros2_ws/install/client_pkg:/opt/ros/humble /usr/bin/cmake /home/ssfa/ros2_ws/src/t3/turtlebot3/turtlebot3/turtlebot3_navigation2 -DCMAKE_INSTALL_PREFIX=/home/ssfa/ros2_ws/install/turtlebot3_navigation2
[1.066s] INFO:colcon.colcon_core.task.python.build:Building Python package in '/home/ssfa/ros2_ws/src/t3/turtlebot3/turtlebot3/turtlebot3_teleop'
[1.066s] INFO:colcon.colcon_core.shell:Skip shell extension 'powershell' for command environment: Not usable outside of PowerShell
[1.066s] DEBUG:colcon.colcon_core.shell:Skip shell extension 'dsv' for command environment
[1.412s] INFO:colcon.colcon_core.task.python.build:Building Python package in '/home/ssfa/ros2_ws/src/client_pkg'
[1.413s] INFO:colcon.colcon_core.shell:Skip shell extension 'powershell' for command environment: Not usable outside of PowerShell
[1.413s] DEBUG:colcon.colcon_core.shell:Skip shell extension 'dsv' for command environment
[1.425s] DEBUG:colcon.colcon_core.event_handler.log_command:Invoking command in '/home/ssfa/ros2_ws/build/dynamixel_sdk': CMAKE_PREFIX_PATH=${CMAKE_PREFIX_PATH}:/home/ssfa/ros2_ws/install/turtlebot3_teleop:/home/ssfa/ros2_ws/install/turtlebot3_example:/home/ssfa/ros2_ws/install/topic_exercise:/home/ssfa/ros2_ws/install/subscriber_pkg:/home/ssfa/ros2_ws/install/services_pkg:/home/ssfa/ros2_ws/install/publisher_pkg:/home/ssfa/ros2_ws/install/my_package:/home/ssfa/ros2_ws/install/movement_pkg:/home/ssfa/ros2_ws/install/exercise_pkg:/home/ssfa/ros2_ws/install/custom_interface_example:/home/ssfa/ros2_ws/install/client_pkg:/opt/ros/humble /usr/bin/cmake /home/ssfa/ros2_ws/src/t3/DynamixelSDK/dynamixel_sdk -DCMAKE_INSTALL_PREFIX=/home/ssfa/ros2_ws/install/dynamixel_sdk
[1.787s] INFO:colcon.colcon_core.task.python.build:Building Python package in '/home/ssfa/ros2_ws/src/exercise_pkg'
[1.788s] INFO:colcon.colcon_core.shell:Skip shell extension 'powershell' for command environment: Not usable outside of PowerShell
[1.788s] DEBUG:colcon.colcon_core.shell:Skip shell extension 'dsv' for command environment
[2.422s] INFO:colcon.colcon_core.task.python.build:Building Python package in '/home/ssfa/ros2_ws/src/my_package'
[2.422s] INFO:colcon.colcon_core.shell:Skip shell extension 'powershell' for command environment: Not usable outside of PowerShell
[2.422s] DEBUG:colcon.colcon_core.shell:Skip shell extension 'dsv' for command environment
[2.450s] DEBUG:colcon.colcon_core.event_handler.log_command:Invoked command in '/home/ssfa/ros2_ws/build/turtlebot3_cartographer' returned '0': CMAKE_PREFIX_PATH=${CMAKE_PREFIX_PATH}:/home/ssfa/ros2_ws/install/turtlebot3_teleop:/home/ssfa/ros2_ws/install/turtlebot3_example:/home/ssfa/ros2_ws/install/topic_exercise:/home/ssfa/ros2_ws/install/subscriber_pkg:/home/ssfa/ros2_ws/install/services_pkg:/home/ssfa/ros2_ws/install/publisher_pkg:/home/ssfa/ros2_ws/install/my_package:/home/ssfa/ros2_ws/install/movement_pkg:/home/ssfa/ros2_ws/install/exercise_pkg:/home/ssfa/ros2_ws/install/custom_interface_example:/home/ssfa/ros2_ws/install/client_pkg:/opt/ros/humble /usr/bin/cmake /home/ssfa/ros2_ws/src/t3/turtlebot3/turtlebot3/turtlebot3_cartographer -DCMAKE_INSTALL_PREFIX=/home/ssfa/ros2_ws/install/turtlebot3_cartographer
[2.452s] DEBUG:colcon.colcon_core.event_handler.log_command:Invoking command in '/home/ssfa/ros2_ws/build/turtlebot3_cartographer': CMAKE_PREFIX_PATH=${CMAKE_PREFIX_PATH}:/home/ssfa/ros2_ws/install/turtlebot3_teleop:/home/ssfa/ros2_ws/install/turtlebot3_example:/home/ssfa/ros2_ws/install/topic_exercise:/home/ssfa/ros2_ws/install/subscriber_pkg:/home/ssfa/ros2_ws/install/services_pkg:/home/ssfa/ros2_ws/install/publisher_pkg:/home/ssfa/ros2_ws/install/my_package:/home/ssfa/ros2_ws/install/movement_pkg:/home/ssfa/ros2_ws/install/exercise_pkg:/home/ssfa/ros2_ws/install/custom_interface_example:/home/ssfa/ros2_ws/install/client_pkg:/opt/ros/humble /usr/bin/cmake --build /home/ssfa/ros2_ws/build/turtlebot3_cartographer -- -j12 -l12
[2.453s] DEBUG:colcon.colcon_core.event_handler.log_command:Invoked command in '/home/ssfa/ros2_ws/build/turtlebot3_description' returned '0': CMAKE_PREFIX_PATH=${CMAKE_PREFIX_PATH}:/home/ssfa/ros2_ws/install/turtlebot3_teleop:/home/ssfa/ros2_ws/install/turtlebot3_example:/home/ssfa/ros2_ws/install/topic_exercise:/home/ssfa/ros2_ws/install/subscriber_pkg:/home/ssfa/ros2_ws/install/services_pkg:/home/ssfa/ros2_ws/install/publisher_pkg:/home/ssfa/ros2_ws/install/my_package:/home/ssfa/ros2_ws/install/movement_pkg:/home/ssfa/ros2_ws/install/exercise_pkg:/home/ssfa/ros2_ws/install/custom_interface_example:/home/ssfa/ros2_ws/install/client_pkg:/opt/ros/humble /usr/bin/cmake /home/ssfa/ros2_ws/src/t3/turtlebot3/turtlebot3/turtlebot3_description -DCMAKE_INSTALL_PREFIX=/home/ssfa/ros2_ws/install/turtlebot3_description
[2.454s] DEBUG:colcon.colcon_core.event_handler.log_command:Invoking command in '/home/ssfa/ros2_ws/build/turtlebot3_description': CMAKE_PREFIX_PATH=${CMAKE_PREFIX_PATH}:/home/ssfa/ros2_ws/install/turtlebot3_teleop:/home/ssfa/ros2_ws/install/turtlebot3_example:/home/ssfa/ros2_ws/install/topic_exercise:/home/ssfa/ros2_ws/install/subscriber_pkg:/home/ssfa/ros2_ws/install/services_pkg:/home/ssfa/ros2_ws/install/publisher_pkg:/home/ssfa/ros2_ws/install/my_package:/home/ssfa/ros2_ws/install/movement_pkg:/home/ssfa/ros2_ws/install/exercise_pkg:/home/ssfa/ros2_ws/install/custom_interface_example:/home/ssfa/ros2_ws/install/client_pkg:/opt/ros/humble /usr/bin/cmake --build /home/ssfa/ros2_ws/build/turtlebot3_description -- -j12 -l12
[2.456s] DEBUG:colcon.colcon_core.event_handler.log_command:Invoked command in '/home/ssfa/ros2_ws/build/turtlebot3_navigation2' returned '0': CMAKE_PREFIX_PATH=${CMAKE_PREFIX_PATH}:/home/ssfa/ros2_ws/install/turtlebot3_teleop:/home/ssfa/ros2_ws/install/turtlebot3_example:/home/ssfa/ros2_ws/install/topic_exercise:/home/ssfa/ros2_ws/install/subscriber_pkg:/home/ssfa/ros2_ws/install/services_pkg:/home/ssfa/ros2_ws/install/publisher_pkg:/home/ssfa/ros2_ws/install/my_package:/home/ssfa/ros2_ws/install/movement_pkg:/home/ssfa/ros2_ws/install/exercise_pkg:/home/ssfa/ros2_ws/install/custom_interface_example:/home/ssfa/ros2_ws/install/client_pkg:/opt/ros/humble /usr/bin/cmake /home/ssfa/ros2_ws/src/t3/turtlebot3/turtlebot3/turtlebot3_navigation2 -DCMAKE_INSTALL_PREFIX=/home/ssfa/ros2_ws/install/turtlebot3_navigation2
[2.458s] DEBUG:colcon.colcon_core.event_handler.log_command:Invoking command in '/home/ssfa/ros2_ws/build/turtlebot3_navigation2': CMAKE_PREFIX_PATH=${CMAKE_PREFIX_PATH}:/home/ssfa/ros2_ws/install/turtlebot3_teleop:/home/ssfa/ros2_ws/install/turtlebot3_example:/home/ssfa/ros2_ws/install/topic_exercise:/home/ssfa/ros2_ws/install/subscriber_pkg:/home/ssfa/ros2_ws/install/services_pkg:/home/ssfa/ros2_ws/install/publisher_pkg:/home/ssfa/ros2_ws/install/my_package:/home/ssfa/ros2_ws/install/movement_pkg:/home/ssfa/ros2_ws/install/exercise_pkg:/home/ssfa/ros2_ws/install/custom_interface_example:/home/ssfa/ros2_ws/install/client_pkg:/opt/ros/humble /usr/bin/cmake --build /home/ssfa/ros2_ws/build/turtlebot3_navigation2 -- -j12 -l12
[2.460s] DEBUG:colcon.colcon_core.event_handler.log_command:Invoked command in '/home/ssfa/ros2_ws/build/dynamixel_sdk' returned '0': CMAKE_PREFIX_PATH=${CMAKE_PREFIX_PATH}:/home/ssfa/ros2_ws/install/turtlebot3_teleop:/home/ssfa/ros2_ws/install/turtlebot3_example:/home/ssfa/ros2_ws/install/topic_exercise:/home/ssfa/ros2_ws/install/subscriber_pkg:/home/ssfa/ros2_ws/install/services_pkg:/home/ssfa/ros2_ws/install/publisher_pkg:/home/ssfa/ros2_ws/install/my_package:/home/ssfa/ros2_ws/install/movement_pkg:/home/ssfa/ros2_ws/install/exercise_pkg:/home/ssfa/ros2_ws/install/custom_interface_example:/home/ssfa/ros2_ws/install/client_pkg:/opt/ros/humble /usr/bin/cmake /home/ssfa/ros2_ws/src/t3/DynamixelSDK/dynamixel_sdk -DCMAKE_INSTALL_PREFIX=/home/ssfa/ros2_ws/install/dynamixel_sdk
[2.462s] DEBUG:colcon.colcon_core.event_handler.log_command:Invoking command in '/home/ssfa/ros2_ws/build/dynamixel_sdk': CMAKE_PREFIX_PATH=${CMAKE_PREFIX_PATH}:/home/ssfa/ros2_ws/install/turtlebot3_teleop:/home/ssfa/ros2_ws/install/turtlebot3_example:/home/ssfa/ros2_ws/install/topic_exercise:/home/ssfa/ros2_ws/install/subscriber_pkg:/home/ssfa/ros2_ws/install/services_pkg:/home/ssfa/ros2_ws/install/publisher_pkg:/home/ssfa/ros2_ws/install/my_package:/home/ssfa/ros2_ws/install/movement_pkg:/home/ssfa/ros2_ws/install/exercise_pkg:/home/ssfa/ros2_ws/install/custom_interface_example:/home/ssfa/ros2_ws/install/client_pkg:/opt/ros/humble /usr/bin/cmake --build /home/ssfa/ros2_ws/build/dynamixel_sdk -- -j12 -l12
[2.516s] DEBUG:colcon.colcon_core.event_handler.log_command:Invoked command in '/home/ssfa/ros2_ws/build/turtlebot3_description' returned '0': CMAKE_PREFIX_PATH=${CMAKE_PREFIX_PATH}:/home/ssfa/ros2_ws/install/turtlebot3_teleop:/home/ssfa/ros2_ws/install/turtlebot3_example:/home/ssfa/ros2_ws/install/topic_exercise:/home/ssfa/ros2_ws/install/subscriber_pkg:/home/ssfa/ros2_ws/install/services_pkg:/home/ssfa/ros2_ws/install/publisher_pkg:/home/ssfa/ros2_ws/install/my_package:/home/ssfa/ros2_ws/install/movement_pkg:/home/ssfa/ros2_ws/install/exercise_pkg:/home/ssfa/ros2_ws/install/custom_interface_example:/home/ssfa/ros2_ws/install/client_pkg:/opt/ros/humble /usr/bin/cmake --build /home/ssfa/ros2_ws/build/turtlebot3_description -- -j12 -l12
[2.520s] DEBUG:colcon.colcon_core.event_handler.log_command:Invoked command in '/home/ssfa/ros2_ws/build/turtlebot3_navigation2' returned '0': CMAKE_PREFIX_PATH=${CMAKE_PREFIX_PATH}:/home/ssfa/ros2_ws/install/turtlebot3_teleop:/home/ssfa/ros2_ws/install/turtlebot3_example:/home/ssfa/ros2_ws/install/topic_exercise:/home/ssfa/ros2_ws/install/subscriber_pkg:/home/ssfa/ros2_ws/install/services_pkg:/home/ssfa/ros2_ws/install/publisher_pkg:/home/ssfa/ros2_ws/install/my_package:/home/ssfa/ros2_ws/install/movement_pkg:/home/ssfa/ros2_ws/install/exercise_pkg:/home/ssfa/ros2_ws/install/custom_interface_example:/home/ssfa/ros2_ws/install/client_pkg:/opt/ros/humble /usr/bin/cmake --build /home/ssfa/ros2_ws/build/turtlebot3_navigation2 -- -j12 -l12
[2.523s] DEBUG:colcon.colcon_core.event_handler.log_command:Invoked command in '/home/ssfa/ros2_ws/build/turtlebot3_cartographer' returned '0': CMAKE_PREFIX_PATH=${CMAKE_PREFIX_PATH}:/home/ssfa/ros2_ws/install/turtlebot3_teleop:/home/ssfa/ros2_ws/install/turtlebot3_example:/home/ssfa/ros2_ws/install/topic_exercise:/home/ssfa/ros2_ws/install/subscriber_pkg:/home/ssfa/ros2_ws/install/services_pkg:/home/ssfa/ros2_ws/install/publisher_pkg:/home/ssfa/ros2_ws/install/my_package:/home/ssfa/ros2_ws/install/movement_pkg:/home/ssfa/ros2_ws/install/exercise_pkg:/home/ssfa/ros2_ws/install/custom_interface_example:/home/ssfa/ros2_ws/install/client_pkg:/opt/ros/humble /usr/bin/cmake --build /home/ssfa/ros2_ws/build/turtlebot3_cartographer -- -j12 -l12
[2.567s] DEBUG:colcon.colcon_core.event_handler.log_command:Invoking command in '/home/ssfa/ros2_ws/build/turtlebot3_description': CMAKE_PREFIX_PATH=${CMAKE_PREFIX_PATH}:/home/ssfa/ros2_ws/install/turtlebot3_teleop:/home/ssfa/ros2_ws/install/turtlebot3_example:/home/ssfa/ros2_ws/install/topic_exercise:/home/ssfa/ros2_ws/install/subscriber_pkg:/home/ssfa/ros2_ws/install/services_pkg:/home/ssfa/ros2_ws/install/publisher_pkg:/home/ssfa/ros2_ws/install/my_package:/home/ssfa/ros2_ws/install/movement_pkg:/home/ssfa/ros2_ws/install/exercise_pkg:/home/ssfa/ros2_ws/install/custom_interface_example:/home/ssfa/ros2_ws/install/client_pkg:/opt/ros/humble /usr/bin/cmake --install /home/ssfa/ros2_ws/build/turtlebot3_description
[2.571s] DEBUG:colcon.colcon_core.event_handler.log_command:Invoking command in '/home/ssfa/ros2_ws/build/turtlebot3_cartographer': CMAKE_PREFIX_PATH=${CMAKE_PREFIX_PATH}:/home/ssfa/ros2_ws/install/turtlebot3_teleop:/home/ssfa/ros2_ws/install/turtlebot3_example:/home/ssfa/ros2_ws/install/topic_exercise:/home/ssfa/ros2_ws/install/subscriber_pkg:/home/ssfa/ros2_ws/install/services_pkg:/home/ssfa/ros2_ws/install/publisher_pkg:/home/ssfa/ros2_ws/install/my_package:/home/ssfa/ros2_ws/install/movement_pkg:/home/ssfa/ros2_ws/install/exercise_pkg:/home/ssfa/ros2_ws/install/custom_interface_example:/home/ssfa/ros2_ws/install/client_pkg:/opt/ros/humble /usr/bin/cmake --install /home/ssfa/ros2_ws/build/turtlebot3_cartographer
[2.580s] DEBUG:colcon.colcon_core.event_handler.log_command:Invoking command in '/home/ssfa/ros2_ws/build/turtlebot3_navigation2': CMAKE_PREFIX_PATH=${CMAKE_PREFIX_PATH}:/home/ssfa/ros2_ws/install/turtlebot3_teleop:/home/ssfa/ros2_ws/install/turtlebot3_example:/home/ssfa/ros2_ws/install/topic_exercise:/home/ssfa/ros2_ws/install/subscriber_pkg:/home/ssfa/ros2_ws/install/services_pkg:/home/ssfa/ros2_ws/install/publisher_pkg:/home/ssfa/ros2_ws/install/my_package:/home/ssfa/ros2_ws/install/movement_pkg:/home/ssfa/ros2_ws/install/exercise_pkg:/home/ssfa/ros2_ws/install/custom_interface_example:/home/ssfa/ros2_ws/install/client_pkg:/opt/ros/humble /usr/bin/cmake --install /home/ssfa/ros2_ws/build/turtlebot3_navigation2
[2.587s] DEBUG:colcon.colcon_core.event_handler.log_command:Invoked command in '/home/ssfa/ros2_ws/build/dynamixel_sdk' returned '0': CMAKE_PREFIX_PATH=${CMAKE_PREFIX_PATH}:/home/ssfa/ros2_ws/install/turtlebot3_teleop:/home/ssfa/ros2_ws/install/turtlebot3_example:/home/ssfa/ros2_ws/install/topic_exercise:/home/ssfa/ros2_ws/install/subscriber_pkg:/home/ssfa/ros2_ws/install/services_pkg:/home/ssfa/ros2_ws/install/publisher_pkg:/home/ssfa/ros2_ws/install/my_package:/home/ssfa/ros2_ws/install/movement_pkg:/home/ssfa/ros2_ws/install/exercise_pkg:/home/ssfa/ros2_ws/install/custom_interface_example:/home/ssfa/ros2_ws/install/client_pkg:/opt/ros/humble /usr/bin/cmake --build /home/ssfa/ros2_ws/build/dynamixel_sdk -- -j12 -l12
[2.620s] Level 1:colcon.colcon_core.environment:create_environment_scripts_only(turtlebot3_cartographer)
[2.621s] DEBUG:colcon.colcon_core.event_handler.log_command:Invoked command in '/home/ssfa/ros2_ws/build/turtlebot3_cartographer' returned '0': CMAKE_PREFIX_PATH=${CMAKE_PREFIX_PATH}:/home/ssfa/ros2_ws/install/turtlebot3_teleop:/home/ssfa/ros2_ws/install/turtlebot3_example:/home/ssfa/ros2_ws/install/topic_exercise:/home/ssfa/ros2_ws/install/subscriber_pkg:/home/ssfa/ros2_ws/install/services_pkg:/home/ssfa/ros2_ws/install/publisher_pkg:/home/ssfa/ros2_ws/install/my_package:/home/ssfa/ros2_ws/install/movement_pkg:/home/ssfa/ros2_ws/install/exercise_pkg:/home/ssfa/ros2_ws/install/custom_interface_example:/home/ssfa/ros2_ws/install/client_pkg:/opt/ros/humble /usr/bin/cmake --install /home/ssfa/ros2_ws/build/turtlebot3_cartographer
[2.655s] Level 1:colcon.colcon_core.environment:checking '/home/ssfa/ros2_ws/install/turtlebot3_cartographer' for CMake module files
[2.656s] Level 1:colcon.colcon_core.environment:checking '/home/ssfa/ros2_ws/install/turtlebot3_cartographer' for CMake config files
[2.656s] Level 1:colcon.colcon_core.shell:create_environment_hook('turtlebot3_cartographer', 'cmake_prefix_path')
[2.657s] INFO:colcon.colcon_core.shell:Creating environment hook '/home/ssfa/ros2_ws/install/turtlebot3_cartographer/share/turtlebot3_cartographer/hook/cmake_prefix_path.ps1'
[2.657s] INFO:colcon.colcon_core.shell:Creating environment descriptor '/home/ssfa/ros2_ws/install/turtlebot3_cartographer/share/turtlebot3_cartographer/hook/cmake_prefix_path.dsv'
[2.658s] INFO:colcon.colcon_core.shell:Creating environment hook '/home/ssfa/ros2_ws/install/turtlebot3_cartographer/share/turtlebot3_cartographer/hook/cmake_prefix_path.sh'
[2.659s] Level 1:colcon.colcon_core.environment:checking '/home/ssfa/ros2_ws/install/turtlebot3_cartographer/bin'
[2.660s] Level 1:colcon.colcon_core.environment:checking '/home/ssfa/ros2_ws/install/turtlebot3_cartographer/lib/pkgconfig/turtlebot3_cartographer.pc'
[2.660s] Level 1:colcon.colcon_core.environment:checking '/home/ssfa/ros2_ws/install/turtlebot3_cartographer/lib/python3.10/site-packages'
[2.661s] Level 1:colcon.colcon_core.environment:checking '/home/ssfa/ros2_ws/install/turtlebot3_cartographer/bin'
[2.661s] INFO:colcon.colcon_core.shell:Creating package script '/home/ssfa/ros2_ws/install/turtlebot3_cartographer/share/turtlebot3_cartographer/package.ps1'
[2.667s] INFO:colcon.colcon_core.shell:Creating package descriptor '/home/ssfa/ros2_ws/install/turtlebot3_cartographer/share/turtlebot3_cartographer/package.dsv'
[2.668s] INFO:colcon.colcon_core.shell:Creating package script '/home/ssfa/ros2_ws/install/turtlebot3_cartographer/share/turtlebot3_cartographer/package.sh'
[2.669s] INFO:colcon.colcon_core.shell:Creating package script '/home/ssfa/ros2_ws/install/turtlebot3_cartographer/share/turtlebot3_cartographer/package.bash'
[2.671s] INFO:colcon.colcon_core.shell:Creating package script '/home/ssfa/ros2_ws/install/turtlebot3_cartographer/share/turtlebot3_cartographer/package.zsh'
[2.673s] Level 1:colcon.colcon_core.environment:create_file_with_runtime_dependencies(/home/ssfa/ros2_ws/install/turtlebot3_cartographer/share/colcon-core/packages/turtlebot3_cartographer)
[2.677s] Level 1:colcon.colcon_core.environment:create_environment_scripts_only(turtlebot3_description)
[2.677s] Level 1:colcon.colcon_core.environment:checking '/home/ssfa/ros2_ws/install/turtlebot3_description' for CMake module files
[2.678s] Level 1:colcon.colcon_core.environment:checking '/home/ssfa/ros2_ws/install/turtlebot3_description' for CMake config files
[2.679s] Level 1:colcon.colcon_core.shell:create_environment_hook('turtlebot3_description', 'cmake_prefix_path')
[2.679s] INFO:colcon.colcon_core.shell:Creating environment hook '/home/ssfa/ros2_ws/install/turtlebot3_description/share/turtlebot3_description/hook/cmake_prefix_path.ps1'
[2.680s] INFO:colcon.colcon_core.shell:Creating environment descriptor '/home/ssfa/ros2_ws/install/turtlebot3_description/share/turtlebot3_description/hook/cmake_prefix_path.dsv'
[2.681s] DEBUG:colcon.colcon_core.event_handler.log_command:Invoked command in '/home/ssfa/ros2_ws/build/turtlebot3_description' returned '0': CMAKE_PREFIX_PATH=${CMAKE_PREFIX_PATH}:/home/ssfa/ros2_ws/install/turtlebot3_teleop:/home/ssfa/ros2_ws/install/turtlebot3_example:/home/ssfa/ros2_ws/install/topic_exercise:/home/ssfa/ros2_ws/install/subscriber_pkg:/home/ssfa/ros2_ws/install/services_pkg:/home/ssfa/ros2_ws/install/publisher_pkg:/home/ssfa/ros2_ws/install/my_package:/home/ssfa/ros2_ws/install/movement_pkg:/home/ssfa/ros2_ws/install/exercise_pkg:/home/ssfa/ros2_ws/install/custom_interface_example:/home/ssfa/ros2_ws/install/client_pkg:/opt/ros/humble /usr/bin/cmake --install /home/ssfa/ros2_ws/build/turtlebot3_description
[2.681s] INFO:colcon.colcon_core.shell:Creating environment hook '/home/ssfa/ros2_ws/install/turtlebot3_description/share/turtlebot3_description/hook/cmake_prefix_path.sh'
[2.682s] Level 1:colcon.colcon_core.environment:checking '/home/ssfa/ros2_ws/install/turtlebot3_description/bin'
[2.683s] Level 1:colcon.colcon_core.environment:checking '/home/ssfa/ros2_ws/install/turtlebot3_description/lib/pkgconfig/turtlebot3_description.pc'
[2.683s] Level 1:colcon.colcon_core.environment:checking '/home/ssfa/ros2_ws/install/turtlebot3_description/lib/python3.10/site-packages'
[2.683s] Level 1:colcon.colcon_core.environment:checking '/home/ssfa/ros2_ws/install/turtlebot3_description/bin'
[2.684s] INFO:colcon.colcon_core.shell:Creating package script '/home/ssfa/ros2_ws/install/turtlebot3_description/share/turtlebot3_description/package.ps1'
[2.685s] INFO:colcon.colcon_core.shell:Creating package descriptor '/home/ssfa/ros2_ws/install/turtlebot3_description/share/turtlebot3_description/package.dsv'
[2.685s] INFO:colcon.colcon_core.shell:Creating package script '/home/ssfa/ros2_ws/install/turtlebot3_description/share/turtlebot3_description/package.sh'
[2.686s] INFO:colcon.colcon_core.shell:Creating package script '/home/ssfa/ros2_ws/install/turtlebot3_description/share/turtlebot3_description/package.bash'
[2.686s] INFO:colcon.colcon_core.shell:Creating package script '/home/ssfa/ros2_ws/install/turtlebot3_description/share/turtlebot3_description/package.zsh'
[2.688s] Level 1:colcon.colcon_core.environment:create_file_with_runtime_dependencies(/home/ssfa/ros2_ws/install/turtlebot3_description/share/colcon-core/packages/turtlebot3_description)
[2.690s] Level 1:colcon.colcon_core.environment:create_environment_scripts_only(turtlebot3_navigation2)
[2.691s] Level 1:colcon.colcon_core.environment:checking '/home/ssfa/ros2_ws/install/turtlebot3_navigation2' for CMake module files
[2.692s] Level 1:colcon.colcon_core.environment:checking '/home/ssfa/ros2_ws/install/turtlebot3_navigation2' for CMake config files
[2.692s] Level 1:colcon.colcon_core.shell:create_environment_hook('turtlebot3_navigation2', 'cmake_prefix_path')
[2.693s] INFO:colcon.colcon_core.shell:Creating environment hook '/home/ssfa/ros2_ws/install/turtlebot3_navigation2/share/turtlebot3_navigation2/hook/cmake_prefix_path.ps1'
[2.694s] INFO:colcon.colcon_core.shell:Creating environment descriptor '/home/ssfa/ros2_ws/install/turtlebot3_navigation2/share/turtlebot3_navigation2/hook/cmake_prefix_path.dsv'
[2.694s] INFO:colcon.colcon_core.shell:Creating environment hook '/home/ssfa/ros2_ws/install/turtlebot3_navigation2/share/turtlebot3_navigation2/hook/cmake_prefix_path.sh'
[2.695s] Level 1:colcon.colcon_core.environment:checking '/home/ssfa/ros2_ws/install/turtlebot3_navigation2/bin'
[2.695s] Level 1:colcon.colcon_core.environment:checking '/home/ssfa/ros2_ws/install/turtlebot3_navigation2/lib/pkgconfig/turtlebot3_navigation2.pc'
[2.695s] Level 1:colcon.colcon_core.environment:checking '/home/ssfa/ros2_ws/install/turtlebot3_navigation2/lib/python3.10/site-packages'
[2.696s] Level 1:colcon.colcon_core.environment:checking '/home/ssfa/ros2_ws/install/turtlebot3_navigation2/bin'
[2.696s] INFO:colcon.colcon_core.shell:Creating package script '/home/ssfa/ros2_ws/install/turtlebot3_navigation2/share/turtlebot3_navigation2/package.ps1'
[2.697s] INFO:colcon.colcon_core.shell:Creating package descriptor '/home/ssfa/ros2_ws/install/turtlebot3_navigation2/share/turtlebot3_navigation2/package.dsv'
[2.698s] DEBUG:colcon.colcon_core.event_handler.log_command:Invoked command in '/home/ssfa/ros2_ws/build/turtlebot3_navigation2' returned '0': CMAKE_PREFIX_PATH=${CMAKE_PREFIX_PATH}:/home/ssfa/ros2_ws/install/turtlebot3_teleop:/home/ssfa/ros2_ws/install/turtlebot3_example:/home/ssfa/ros2_ws/install/topic_exercise:/home/ssfa/ros2_ws/install/subscriber_pkg:/home/ssfa/ros2_ws/install/services_pkg:/home/ssfa/ros2_ws/install/publisher_pkg:/home/ssfa/ros2_ws/install/my_package:/home/ssfa/ros2_ws/install/movement_pkg:/home/ssfa/ros2_ws/install/exercise_pkg:/home/ssfa/ros2_ws/install/custom_interface_example:/home/ssfa/ros2_ws/install/client_pkg:/opt/ros/humble /usr/bin/cmake --install /home/ssfa/ros2_ws/build/turtlebot3_navigation2
[2.699s] INFO:colcon.colcon_core.shell:Creating package script '/home/ssfa/ros2_ws/install/turtlebot3_navigation2/share/turtlebot3_navigation2/package.sh'
[2.699s] INFO:colcon.colcon_core.shell:Creating package script '/home/ssfa/ros2_ws/install/turtlebot3_navigation2/share/turtlebot3_navigation2/package.bash'
[2.700s] INFO:colcon.colcon_core.shell:Creating package script '/home/ssfa/ros2_ws/install/turtlebot3_navigation2/share/turtlebot3_navigation2/package.zsh'
[2.700s] Level 1:colcon.colcon_core.environment:create_file_with_runtime_dependencies(/home/ssfa/ros2_ws/install/turtlebot3_navigation2/share/colcon-core/packages/turtlebot3_navigation2)
[2.705s] DEBUG:colcon.colcon_core.event_handler.log_command:Invoking command in '/home/ssfa/ros2_ws/build/dynamixel_sdk': CMAKE_PREFIX_PATH=${CMAKE_PREFIX_PATH}:/home/ssfa/ros2_ws/install/turtlebot3_teleop:/home/ssfa/ros2_ws/install/turtlebot3_example:/home/ssfa/ros2_ws/install/topic_exercise:/home/ssfa/ros2_ws/install/subscriber_pkg:/home/ssfa/ros2_ws/install/services_pkg:/home/ssfa/ros2_ws/install/publisher_pkg:/home/ssfa/ros2_ws/install/my_package:/home/ssfa/ros2_ws/install/movement_pkg:/home/ssfa/ros2_ws/install/exercise_pkg:/home/ssfa/ros2_ws/install/custom_interface_example:/home/ssfa/ros2_ws/install/client_pkg:/opt/ros/humble /usr/bin/cmake --install /home/ssfa/ros2_ws/build/dynamixel_sdk
[2.736s] Level 1:colcon.colcon_core.environment:create_environment_scripts_only(turtlebot3_cartographer)
[2.737s] Level 1:colcon.colcon_core.environment:checking '/home/ssfa/ros2_ws/install/turtlebot3_cartographer' for CMake module files
[2.737s] Level 1:colcon.colcon_core.environment:checking '/home/ssfa/ros2_ws/install/turtlebot3_cartographer' for CMake config files
[2.737s] Level 1:colcon.colcon_core.shell:create_environment_hook('turtlebot3_cartographer', 'cmake_prefix_path')
[2.738s] INFO:colcon.colcon_core.shell:Creating environment hook '/home/ssfa/ros2_ws/install/turtlebot3_cartographer/share/turtlebot3_cartographer/hook/cmake_prefix_path.ps1'
[2.738s] INFO:colcon.colcon_core.shell:Creating environment descriptor '/home/ssfa/ros2_ws/install/turtlebot3_cartographer/share/turtlebot3_cartographer/hook/cmake_prefix_path.dsv'
[2.739s] INFO:colcon.colcon_core.shell:Creating environment hook '/home/ssfa/ros2_ws/install/turtlebot3_cartographer/share/turtlebot3_cartographer/hook/cmake_prefix_path.sh'
[2.740s] Level 1:colcon.colcon_core.environment:checking '/home/ssfa/ros2_ws/install/turtlebot3_cartographer/bin'
[2.740s] Level 1:colcon.colcon_core.environment:checking '/home/ssfa/ros2_ws/install/turtlebot3_cartographer/lib/pkgconfig/turtlebot3_cartographer.pc'
[2.740s] Level 1:colcon.colcon_core.environment:checking '/home/ssfa/ros2_ws/install/turtlebot3_cartographer/lib/python3.10/site-packages'
[2.740s] Level 1:colcon.colcon_core.environment:checking '/home/ssfa/ros2_ws/install/turtlebot3_cartographer/bin'
[2.741s] INFO:colcon.colcon_core.shell:Creating package script '/home/ssfa/ros2_ws/install/turtlebot3_cartographer/share/turtlebot3_cartographer/package.ps1'
[2.742s] INFO:colcon.colcon_core.shell:Creating package descriptor '/home/ssfa/ros2_ws/install/turtlebot3_cartographer/share/turtlebot3_cartographer/package.dsv'
[2.742s] INFO:colcon.colcon_core.shell:Creating package script '/home/ssfa/ros2_ws/install/turtlebot3_cartographer/share/turtlebot3_cartographer/package.sh'
[2.743s] INFO:colcon.colcon_core.shell:Creating package script '/home/ssfa/ros2_ws/install/turtlebot3_cartographer/share/turtlebot3_cartographer/package.bash'
[2.744s] INFO:colcon.colcon_core.shell:Creating package script '/home/ssfa/ros2_ws/install/turtlebot3_cartographer/share/turtlebot3_cartographer/package.zsh'
[2.744s] Level 1:colcon.colcon_core.environment:create_file_with_runtime_dependencies(/home/ssfa/ros2_ws/install/turtlebot3_cartographer/share/colcon-core/packages/turtlebot3_cartographer)
[2.746s] INFO:colcon.colcon_ros.task.ament_python.build:Building ROS package in '/home/ssfa/ros2_ws/src/publisher_pkg' with build type 'ament_python'
[2.746s] Level 1:colcon.colcon_core.shell:create_environment_hook('publisher_pkg', 'ament_prefix_path')
[2.747s] INFO:colcon.colcon_core.shell:Creating environment hook '/home/ssfa/ros2_ws/install/publisher_pkg/share/publisher_pkg/hook/ament_prefix_path.ps1'
[2.747s] INFO:colcon.colcon_core.shell:Creating environment descriptor '/home/ssfa/ros2_ws/install/publisher_pkg/share/publisher_pkg/hook/ament_prefix_path.dsv'
[2.748s] INFO:colcon.colcon_core.shell:Creating environment hook '/home/ssfa/ros2_ws/install/publisher_pkg/share/publisher_pkg/hook/ament_prefix_path.sh'
[2.749s] INFO:colcon.colcon_core.shell:Skip shell extension 'powershell' for command environment: Not usable outside of PowerShell
[2.749s] DEBUG:colcon.colcon_core.shell:Skip shell extension 'dsv' for command environment
[2.758s] Level 1:colcon.colcon_core.environment:create_environment_scripts_only(turtlebot3_navigation2)
[2.758s] Level 1:colcon.colcon_core.environment:checking '/home/ssfa/ros2_ws/install/turtlebot3_navigation2' for CMake module files
[2.759s] Level 1:colcon.colcon_core.environment:checking '/home/ssfa/ros2_ws/install/turtlebot3_navigation2' for CMake config files
[2.759s] Level 1:colcon.colcon_core.shell:create_environment_hook('turtlebot3_navigation2', 'cmake_prefix_path')
[2.760s] INFO:colcon.colcon_core.shell:Creating environment hook '/home/ssfa/ros2_ws/install/turtlebot3_navigation2/share/turtlebot3_navigation2/hook/cmake_prefix_path.ps1'
[2.760s] INFO:colcon.colcon_core.shell:Creating environment descriptor '/home/ssfa/ros2_ws/install/turtlebot3_navigation2/share/turtlebot3_navigation2/hook/cmake_prefix_path.dsv'
[2.761s] INFO:colcon.colcon_core.shell:Creating environment hook '/home/ssfa/ros2_ws/install/turtlebot3_navigation2/share/turtlebot3_navigation2/hook/cmake_prefix_path.sh'
[2.762s] Level 1:colcon.colcon_core.environment:checking '/home/ssfa/ros2_ws/install/turtlebot3_navigation2/bin'
[2.762s] Level 1:colcon.colcon_core.environment:checking '/home/ssfa/ros2_ws/install/turtlebot3_navigation2/lib/pkgconfig/turtlebot3_navigation2.pc'
[2.762s] Level 1:colcon.colcon_core.environment:checking '/home/ssfa/ros2_ws/install/turtlebot3_navigation2/lib/python3.10/site-packages'
[2.762s] Level 1:colcon.colcon_core.environment:checking '/home/ssfa/ros2_ws/install/turtlebot3_navigation2/bin'
[2.763s] INFO:colcon.colcon_core.shell:Creating package script '/home/ssfa/ros2_ws/install/turtlebot3_navigation2/share/turtlebot3_navigation2/package.ps1'
[2.763s] INFO:colcon.colcon_core.shell:Creating package descriptor '/home/ssfa/ros2_ws/install/turtlebot3_navigation2/share/turtlebot3_navigation2/package.dsv'
[2.764s] INFO:colcon.colcon_core.shell:Creating package script '/home/ssfa/ros2_ws/install/turtlebot3_navigation2/share/turtlebot3_navigation2/package.sh'
[2.764s] INFO:colcon.colcon_core.shell:Creating package script '/home/ssfa/ros2_ws/install/turtlebot3_navigation2/share/turtlebot3_navigation2/package.bash'
[2.764s] INFO:colcon.colcon_core.shell:Creating package script '/home/ssfa/ros2_ws/install/turtlebot3_navigation2/share/turtlebot3_navigation2/package.zsh'
[2.765s] Level 1:colcon.colcon_core.environment:create_file_with_runtime_dependencies(/home/ssfa/ros2_ws/install/turtlebot3_navigation2/share/colcon-core/packages/turtlebot3_navigation2)
[2.766s] Level 1:colcon.colcon_core.environment:create_environment_scripts_only(dynamixel_sdk)
[2.766s] Level 1:colcon.colcon_core.environment:checking '/home/ssfa/ros2_ws/install/dynamixel_sdk' for CMake module files
[2.767s] DEBUG:colcon.colcon_core.event_handler.log_command:Invoked command in '/home/ssfa/ros2_ws/build/dynamixel_sdk' returned '0': CMAKE_PREFIX_PATH=${CMAKE_PREFIX_PATH}:/home/ssfa/ros2_ws/install/turtlebot3_teleop:/home/ssfa/ros2_ws/install/turtlebot3_example:/home/ssfa/ros2_ws/install/topic_exercise:/home/ssfa/ros2_ws/install/subscriber_pkg:/home/ssfa/ros2_ws/install/services_pkg:/home/ssfa/ros2_ws/install/publisher_pkg:/home/ssfa/ros2_ws/install/my_package:/home/ssfa/ros2_ws/install/movement_pkg:/home/ssfa/ros2_ws/install/exercise_pkg:/home/ssfa/ros2_ws/install/custom_interface_example:/home/ssfa/ros2_ws/install/client_pkg:/opt/ros/humble /usr/bin/cmake --install /home/ssfa/ros2_ws/build/dynamixel_sdk
[2.767s] Level 1:colcon.colcon_core.environment:checking '/home/ssfa/ros2_ws/install/dynamixel_sdk' for CMake config files
[2.768s] Level 1:colcon.colcon_core.shell:create_environment_hook('dynamixel_sdk', 'cmake_prefix_path')
[2.768s] INFO:colcon.colcon_core.shell:Creating environment hook '/home/ssfa/ros2_ws/install/dynamixel_sdk/share/dynamixel_sdk/hook/cmake_prefix_path.ps1'
[2.769s] INFO:colcon.colcon_core.shell:Creating environment descriptor '/home/ssfa/ros2_ws/install/dynamixel_sdk/share/dynamixel_sdk/hook/cmake_prefix_path.dsv'
[2.769s] INFO:colcon.colcon_core.shell:Creating environment hook '/home/ssfa/ros2_ws/install/dynamixel_sdk/share/dynamixel_sdk/hook/cmake_prefix_path.sh'
[2.769s] Level 1:colcon.colcon_core.environment:checking '/home/ssfa/ros2_ws/install/dynamixel_sdk/lib'
[2.770s] Level 1:colcon.colcon_core.shell:create_environment_hook('dynamixel_sdk', 'ld_library_path_lib')
[2.770s] INFO:colcon.colcon_core.shell:Creating environment hook '/home/ssfa/ros2_ws/install/dynamixel_sdk/share/dynamixel_sdk/hook/ld_library_path_lib.ps1'
[2.770s] INFO:colcon.colcon_core.shell:Creating environment descriptor '/home/ssfa/ros2_ws/install/dynamixel_sdk/share/dynamixel_sdk/hook/ld_library_path_lib.dsv'
[2.771s] INFO:colcon.colcon_core.shell:Creating environment hook '/home/ssfa/ros2_ws/install/dynamixel_sdk/share/dynamixel_sdk/hook/ld_library_path_lib.sh'
[2.771s] Level 1:colcon.colcon_core.environment:checking '/home/ssfa/ros2_ws/install/dynamixel_sdk/bin'
[2.771s] Level 1:colcon.colcon_core.environment:checking '/home/ssfa/ros2_ws/install/dynamixel_sdk/lib/pkgconfig/dynamixel_sdk.pc'
[2.772s] Level 1:colcon.colcon_core.environment:checking '/home/ssfa/ros2_ws/install/dynamixel_sdk/lib/python3.10/site-packages'
[2.772s] Level 1:colcon.colcon_core.environment:checking '/home/ssfa/ros2_ws/install/dynamixel_sdk/bin'
[2.773s] INFO:colcon.colcon_core.shell:Creating package script '/home/ssfa/ros2_ws/install/dynamixel_sdk/share/dynamixel_sdk/package.ps1'
[2.774s] INFO:colcon.colcon_core.shell:Creating package descriptor '/home/ssfa/ros2_ws/install/dynamixel_sdk/share/dynamixel_sdk/package.dsv'
[2.775s] INFO:colcon.colcon_core.shell:Creating package script '/home/ssfa/ros2_ws/install/dynamixel_sdk/share/dynamixel_sdk/package.sh'
[2.776s] INFO:colcon.colcon_core.shell:Creating package script '/home/ssfa/ros2_ws/install/dynamixel_sdk/share/dynamixel_sdk/package.bash'
[2.777s] INFO:colcon.colcon_core.shell:Creating package script '/home/ssfa/ros2_ws/install/dynamixel_sdk/share/dynamixel_sdk/package.zsh'
[2.777s] Level 1:colcon.colcon_core.environment:create_file_with_runtime_dependencies(/home/ssfa/ros2_ws/install/dynamixel_sdk/share/colcon-core/packages/dynamixel_sdk)
[2.779s] INFO:colcon.colcon_ros.task.ament_python.build:Building ROS package in '/home/ssfa/ros2_ws/src/t3/services_pkg' with build type 'ament_python'
[2.780s] Level 1:colcon.colcon_core.shell:create_environment_hook('services_pkg', 'ament_prefix_path')
[2.780s] INFO:colcon.colcon_core.shell:Creating environment hook '/home/ssfa/ros2_ws/install/services_pkg/share/services_pkg/hook/ament_prefix_path.ps1'
[2.781s] INFO:colcon.colcon_core.shell:Creating environment descriptor '/home/ssfa/ros2_ws/install/services_pkg/share/services_pkg/hook/ament_prefix_path.dsv'
[2.781s] INFO:colcon.colcon_core.shell:Creating environment hook '/home/ssfa/ros2_ws/install/services_pkg/share/services_pkg/hook/ament_prefix_path.sh'
[2.782s] INFO:colcon.colcon_core.shell:Skip shell extension 'powershell' for command environment: Not usable outside of PowerShell
[2.782s] DEBUG:colcon.colcon_core.shell:Skip shell extension 'dsv' for command environment
[2.788s] Level 1:colcon.colcon_core.environment:create_environment_scripts_only(turtlebot3_description)
[2.789s] Level 1:colcon.colcon_core.environment:checking '/home/ssfa/ros2_ws/install/turtlebot3_description' for CMake module files
[2.790s] Level 1:colcon.colcon_core.environment:checking '/home/ssfa/ros2_ws/install/turtlebot3_description' for CMake config files
[2.791s] Level 1:colcon.colcon_core.shell:create_environment_hook('turtlebot3_description', 'cmake_prefix_path')
[2.791s] INFO:colcon.colcon_core.shell:Creating environment hook '/home/ssfa/ros2_ws/install/turtlebot3_description/share/turtlebot3_description/hook/cmake_prefix_path.ps1'
[2.792s] INFO:colcon.colcon_core.shell:Creating environment descriptor '/home/ssfa/ros2_ws/install/turtlebot3_description/share/turtlebot3_description/hook/cmake_prefix_path.dsv'
[2.793s] INFO:colcon.colcon_core.shell:Creating environment hook '/home/ssfa/ros2_ws/install/turtlebot3_description/share/turtlebot3_description/hook/cmake_prefix_path.sh'
[2.794s] Level 1:colcon.colcon_core.environment:checking '/home/ssfa/ros2_ws/install/turtlebot3_description/bin'
[2.795s] Level 1:colcon.colcon_core.environment:checking '/home/ssfa/ros2_ws/install/turtlebot3_description/lib/pkgconfig/turtlebot3_description.pc'
[2.795s] Level 1:colcon.colcon_core.environment:checking '/home/ssfa/ros2_ws/install/turtlebot3_description/lib/python3.10/site-packages'
[2.796s] Level 1:colcon.colcon_core.environment:checking '/home/ssfa/ros2_ws/install/turtlebot3_description/bin'
[2.797s] INFO:colcon.colcon_core.shell:Creating package script '/home/ssfa/ros2_ws/install/turtlebot3_description/share/turtlebot3_description/package.ps1'
[2.798s] INFO:colcon.colcon_core.shell:Creating package descriptor '/home/ssfa/ros2_ws/install/turtlebot3_description/share/turtlebot3_description/package.dsv'
[2.799s] INFO:colcon.colcon_core.shell:Creating package script '/home/ssfa/ros2_ws/install/turtlebot3_description/share/turtlebot3_description/package.sh'
[2.800s] INFO:colcon.colcon_core.shell:Creating package script '/home/ssfa/ros2_ws/install/turtlebot3_description/share/turtlebot3_description/package.bash'
[2.801s] INFO:colcon.colcon_core.shell:Creating package script '/home/ssfa/ros2_ws/install/turtlebot3_description/share/turtlebot3_description/package.zsh'
[2.801s] Level 1:colcon.colcon_core.environment:create_file_with_runtime_dependencies(/home/ssfa/ros2_ws/install/turtlebot3_description/share/colcon-core/packages/turtlebot3_description)
[2.802s] INFO:colcon.colcon_ros.task.ament_cmake.build:Building ROS package in '/home/ssfa/ros2_ws/src/t3/turtlebot3/turtlebot3/turtlebot3_bringup' with build type 'ament_cmake'
[2.803s] INFO:colcon.colcon_cmake.task.cmake.build:Building CMake package in '/home/ssfa/ros2_ws/src/t3/turtlebot3/turtlebot3/turtlebot3_bringup'
[2.803s] INFO:colcon.colcon_core.shell:Skip shell extension 'powershell' for command environment: Not usable outside of PowerShell
[2.803s] DEBUG:colcon.colcon_core.shell:Skip shell extension 'dsv' for command environment
[3.237s] INFO:colcon.colcon_core.task.python.build:Building Python package in '/home/ssfa/ros2_ws/src/publisher_pkg'
[3.237s] INFO:colcon.colcon_core.shell:Skip shell extension 'powershell' for command environment: Not usable outside of PowerShell
[3.237s] DEBUG:colcon.colcon_core.shell:Skip shell extension 'dsv' for command environment
[3.616s] INFO:colcon.colcon_core.task.python.build:Building Python package in '/home/ssfa/ros2_ws/src/t3/services_pkg'
[3.616s] INFO:colcon.colcon_core.shell:Skip shell extension 'powershell' for command environment: Not usable outside of PowerShell
[3.616s] DEBUG:colcon.colcon_core.shell:Skip shell extension 'dsv' for command environment
[3.633s] Level 1:colcon.colcon_core.environment:create_environment_scripts_only(dynamixel_sdk)
[3.633s] Level 1:colcon.colcon_core.environment:checking '/home/ssfa/ros2_ws/install/dynamixel_sdk' for CMake module files
[3.634s] DEBUG:colcon.colcon_core.event_handler.log_command:Invoking command in '/home/ssfa/ros2_ws/build/turtlebot3_bringup': CMAKE_PREFIX_PATH=/home/ssfa/ros2_ws/install/turtlebot3_description:/home/ssfa/ros2_ws/install/two_wheeled_robot:/home/ssfa/ros2_ws/install/turtlebot3:/home/ssfa/ros2_ws/install/turtlebot3_simulations:/home/ssfa/ros2_ws/install/turtlebot3_navigation2:/home/ssfa/ros2_ws/install/turtlebot3_msgs:/home/ssfa/ros2_ws/install/turtlebot3_gazebo:/home/ssfa/ros2_ws/install/turtlebot3_bringup:/home/ssfa/ros2_ws/install/turtlebot3_cartographer:/home/ssfa/ros2_ws/install/turtlebot3_as:/home/ssfa/ros2_ws/install/t3_action_msg:/home/ssfa/ros2_ws/install/dynamixel_sdk:/home/ssfa/ros2_ws/install/custom_interfaces:/home/ssfa/ros2_ws/install/turtlebot3_teleop:/home/ssfa/ros2_ws/install/turtlebot3_example:/home/ssfa/ros2_ws/install/topic_exercise:/home/ssfa/ros2_ws/install/subscriber_pkg:/home/ssfa/ros2_ws/install/services_pkg:/home/ssfa/ros2_ws/install/publisher_pkg:/home/ssfa/ros2_ws/install/my_package:/home/ssfa/ros2_ws/install/movement_pkg:/home/ssfa/ros2_ws/install/exercise_pkg:/home/ssfa/ros2_ws/install/custom_interface_example:/home/ssfa/ros2_ws/install/client_pkg:/opt/ros/humble /usr/bin/cmake /home/ssfa/ros2_ws/src/t3/turtlebot3/turtlebot3/turtlebot3_bringup -DCMAKE_INSTALL_PREFIX=/home/ssfa/ros2_ws/install/turtlebot3_bringup
[3.635s] Level 1:colcon.colcon_core.environment:checking '/home/ssfa/ros2_ws/install/dynamixel_sdk' for CMake config files
[3.635s] Level 1:colcon.colcon_core.shell:create_environment_hook('dynamixel_sdk', 'cmake_prefix_path')
[3.635s] INFO:colcon.colcon_core.shell:Creating environment hook '/home/ssfa/ros2_ws/install/dynamixel_sdk/share/dynamixel_sdk/hook/cmake_prefix_path.ps1'
[3.636s] INFO:colcon.colcon_core.shell:Creating environment descriptor '/home/ssfa/ros2_ws/install/dynamixel_sdk/share/dynamixel_sdk/hook/cmake_prefix_path.dsv'
[3.636s] INFO:colcon.colcon_core.shell:Creating environment hook '/home/ssfa/ros2_ws/install/dynamixel_sdk/share/dynamixel_sdk/hook/cmake_prefix_path.sh'
[3.637s] Level 1:colcon.colcon_core.environment:checking '/home/ssfa/ros2_ws/install/dynamixel_sdk/lib'
[3.637s] Level 1:colcon.colcon_core.shell:create_environment_hook('dynamixel_sdk', 'ld_library_path_lib')
[3.637s] INFO:colcon.colcon_core.shell:Creating environment hook '/home/ssfa/ros2_ws/install/dynamixel_sdk/share/dynamixel_sdk/hook/ld_library_path_lib.ps1'
[3.638s] INFO:colcon.colcon_core.shell:Creating environment descriptor '/home/ssfa/ros2_ws/install/dynamixel_sdk/share/dynamixel_sdk/hook/ld_library_path_lib.dsv'
[3.638s] INFO:colcon.colcon_core.shell:Creating environment hook '/home/ssfa/ros2_ws/install/dynamixel_sdk/share/dynamixel_sdk/hook/ld_library_path_lib.sh'
[3.638s] Level 1:colcon.colcon_core.environment:checking '/home/ssfa/ros2_ws/install/dynamixel_sdk/bin'
[3.638s] Level 1:colcon.colcon_core.environment:checking '/home/ssfa/ros2_ws/install/dynamixel_sdk/lib/pkgconfig/dynamixel_sdk.pc'
[3.639s] Level 1:colcon.colcon_core.environment:checking '/home/ssfa/ros2_ws/install/dynamixel_sdk/lib/python3.10/site-packages'
[3.639s] Level 1:colcon.colcon_core.environment:checking '/home/ssfa/ros2_ws/install/dynamixel_sdk/bin'
[3.639s] INFO:colcon.colcon_core.shell:Creating package script '/home/ssfa/ros2_ws/install/dynamixel_sdk/share/dynamixel_sdk/package.ps1'
[3.640s] INFO:colcon.colcon_core.shell:Creating package descriptor '/home/ssfa/ros2_ws/install/dynamixel_sdk/share/dynamixel_sdk/package.dsv'
[3.641s] INFO:colcon.colcon_core.shell:Creating package script '/home/ssfa/ros2_ws/install/dynamixel_sdk/share/dynamixel_sdk/package.sh'
[3.641s] INFO:colcon.colcon_core.shell:Creating package script '/home/ssfa/ros2_ws/install/dynamixel_sdk/share/dynamixel_sdk/package.bash'
[3.641s] INFO:colcon.colcon_core.shell:Creating package script '/home/ssfa/ros2_ws/install/dynamixel_sdk/share/dynamixel_sdk/package.zsh'
[3.642s] Level 1:colcon.colcon_core.environment:create_file_with_runtime_dependencies(/home/ssfa/ros2_ws/install/dynamixel_sdk/share/colcon-core/packages/dynamixel_sdk)
[3.648s] DEBUG:colcon.colcon_core.event_handler.log_command:Invoking command in '/home/ssfa/ros2_ws/build/turtlebot3_teleop': PYTHONPATH=/home/ssfa/ros2_ws/build/turtlebot3_teleop/prefix_override:/usr/lib/python3/dist-packages/colcon_core/task/python/colcon_distutils_commands:/home/ssfa/ros2_ws/install/turtlebot3_teleop/lib/python3.10/site-packages:${PYTHONPATH} /usr/bin/python3 -W ignore:setup.py install is deprecated setup.py develop --uninstall --editable --build-directory /home/ssfa/ros2_ws/build/turtlebot3_teleop/build
[3.650s] DEBUG:colcon.colcon_core.event_handler.log_command:Invoking command in '/home/ssfa/ros2_ws/build/client_pkg': PYTHONPATH=/home/ssfa/ros2_ws/build/client_pkg/prefix_override:/usr/lib/python3/dist-packages/colcon_core/task/python/colcon_distutils_commands:/home/ssfa/ros2_ws/install/client_pkg/lib/python3.10/site-packages:${PYTHONPATH} /usr/bin/python3 -W ignore:setup.py install is deprecated setup.py develop --uninstall --editable --build-directory /home/ssfa/ros2_ws/build/client_pkg/build
[3.652s] INFO:colcon.colcon_ros.task.ament_cmake.build:Building ROS package in '/home/ssfa/ros2_ws/src/t3/turtlebot3_simulations/turtlebot3_gazebo' with build type 'ament_cmake'
[3.652s] INFO:colcon.colcon_cmake.task.cmake.build:Building CMake package in '/home/ssfa/ros2_ws/src/t3/turtlebot3_simulations/turtlebot3_gazebo'
[3.652s] INFO:colcon.colcon_core.shell:Skip shell extension 'powershell' for command environment: Not usable outside of PowerShell
[3.653s] DEBUG:colcon.colcon_core.shell:Skip shell extension 'dsv' for command environment
[3.664s] DEBUG:colcon.colcon_core.event_handler.log_command:Invoked command in '/home/ssfa/ros2_ws/build/custom_interfaces' returned '0': CMAKE_PREFIX_PATH=${CMAKE_PREFIX_PATH}:/home/ssfa/ros2_ws/install/turtlebot3_teleop:/home/ssfa/ros2_ws/install/turtlebot3_example:/home/ssfa/ros2_ws/install/topic_exercise:/home/ssfa/ros2_ws/install/subscriber_pkg:/home/ssfa/ros2_ws/install/services_pkg:/home/ssfa/ros2_ws/install/publisher_pkg:/home/ssfa/ros2_ws/install/my_package:/home/ssfa/ros2_ws/install/movement_pkg:/home/ssfa/ros2_ws/install/exercise_pkg:/home/ssfa/ros2_ws/install/custom_interface_example:/home/ssfa/ros2_ws/install/client_pkg:/opt/ros/humble /usr/bin/cmake /home/ssfa/ros2_ws/src/custom_interfaces -DCMAKE_INSTALL_PREFIX=/home/ssfa/ros2_ws/install/custom_interfaces
[3.667s] DEBUG:colcon.colcon_core.event_handler.log_command:Invoking command in '/home/ssfa/ros2_ws/build/custom_interfaces': CMAKE_PREFIX_PATH=${CMAKE_PREFIX_PATH}:/home/ssfa/ros2_ws/install/turtlebot3_teleop:/home/ssfa/ros2_ws/install/turtlebot3_example:/home/ssfa/ros2_ws/install/topic_exercise:/home/ssfa/ros2_ws/install/subscriber_pkg:/home/ssfa/ros2_ws/install/services_pkg:/home/ssfa/ros2_ws/install/publisher_pkg:/home/ssfa/ros2_ws/install/my_package:/home/ssfa/ros2_ws/install/movement_pkg:/home/ssfa/ros2_ws/install/exercise_pkg:/home/ssfa/ros2_ws/install/custom_interface_example:/home/ssfa/ros2_ws/install/client_pkg:/opt/ros/humble /usr/bin/cmake --build /home/ssfa/ros2_ws/build/custom_interfaces -- -j12 -l12
[3.667s] DEBUG:colcon.colcon_core.event_handler.log_command:Invoked command in '/home/ssfa/ros2_ws/build/t3_action_msg' returned '0': CMAKE_PREFIX_PATH=${CMAKE_PREFIX_PATH}:/home/ssfa/ros2_ws/install/turtlebot3_teleop:/home/ssfa/ros2_ws/install/turtlebot3_example:/home/ssfa/ros2_ws/install/topic_exercise:/home/ssfa/ros2_ws/install/subscriber_pkg:/home/ssfa/ros2_ws/install/services_pkg:/home/ssfa/ros2_ws/install/publisher_pkg:/home/ssfa/ros2_ws/install/my_package:/home/ssfa/ros2_ws/install/movement_pkg:/home/ssfa/ros2_ws/install/exercise_pkg:/home/ssfa/ros2_ws/install/custom_interface_example:/home/ssfa/ros2_ws/install/client_pkg:/opt/ros/humble /usr/bin/cmake /home/ssfa/ros2_ws/src/t3/t3_action_msg -DCMAKE_INSTALL_PREFIX=/home/ssfa/ros2_ws/install/t3_action_msg
[3.670s] DEBUG:colcon.colcon_core.event_handler.log_command:Invoking command in '/home/ssfa/ros2_ws/build/t3_action_msg': CMAKE_PREFIX_PATH=${CMAKE_PREFIX_PATH}:/home/ssfa/ros2_ws/install/turtlebot3_teleop:/home/ssfa/ros2_ws/install/turtlebot3_example:/home/ssfa/ros2_ws/install/topic_exercise:/home/ssfa/ros2_ws/install/subscriber_pkg:/home/ssfa/ros2_ws/install/services_pkg:/home/ssfa/ros2_ws/install/publisher_pkg:/home/ssfa/ros2_ws/install/my_package:/home/ssfa/ros2_ws/install/movement_pkg:/home/ssfa/ros2_ws/install/exercise_pkg:/home/ssfa/ros2_ws/install/custom_interface_example:/home/ssfa/ros2_ws/install/client_pkg:/opt/ros/humble /usr/bin/cmake --build /home/ssfa/ros2_ws/build/t3_action_msg -- -j12 -l12
[3.675s] DEBUG:colcon.colcon_core.event_handler.log_command:Invoking command in '/home/ssfa/ros2_ws/build/exercise_pkg': PYTHONPATH=/home/ssfa/ros2_ws/build/exercise_pkg/prefix_override:/usr/lib/python3/dist-packages/colcon_core/task/python/colcon_distutils_commands:/home/ssfa/ros2_ws/install/exercise_pkg/lib/python3.10/site-packages:${PYTHONPATH} /usr/bin/python3 -W ignore:setup.py install is deprecated setup.py develop --uninstall --editable --build-directory /home/ssfa/ros2_ws/build/exercise_pkg/build
[3.676s] DEBUG:colcon.colcon_core.event_handler.log_command:Invoked command in '/home/ssfa/ros2_ws/build/turtlebot3_msgs' returned '0': CMAKE_PREFIX_PATH=${CMAKE_PREFIX_PATH}:/home/ssfa/ros2_ws/install/turtlebot3_teleop:/home/ssfa/ros2_ws/install/turtlebot3_example:/home/ssfa/ros2_ws/install/topic_exercise:/home/ssfa/ros2_ws/install/subscriber_pkg:/home/ssfa/ros2_ws/install/services_pkg:/home/ssfa/ros2_ws/install/publisher_pkg:/home/ssfa/ros2_ws/install/my_package:/home/ssfa/ros2_ws/install/movement_pkg:/home/ssfa/ros2_ws/install/exercise_pkg:/home/ssfa/ros2_ws/install/custom_interface_example:/home/ssfa/ros2_ws/install/client_pkg:/opt/ros/humble /usr/bin/cmake /home/ssfa/ros2_ws/src/t3/turtlebot3_msgs -DCMAKE_INSTALL_PREFIX=/home/ssfa/ros2_ws/install/turtlebot3_msgs
[3.700s] DEBUG:colcon.colcon_core.event_handler.log_command:Invoking command in '/home/ssfa/ros2_ws/build/turtlebot3_msgs': CMAKE_PREFIX_PATH=${CMAKE_PREFIX_PATH}:/home/ssfa/ros2_ws/install/turtlebot3_teleop:/home/ssfa/ros2_ws/install/turtlebot3_example:/home/ssfa/ros2_ws/install/topic_exercise:/home/ssfa/ros2_ws/install/subscriber_pkg:/home/ssfa/ros2_ws/install/services_pkg:/home/ssfa/ros2_ws/install/publisher_pkg:/home/ssfa/ros2_ws/install/my_package:/home/ssfa/ros2_ws/install/movement_pkg:/home/ssfa/ros2_ws/install/exercise_pkg:/home/ssfa/ros2_ws/install/custom_interface_example:/home/ssfa/ros2_ws/install/client_pkg:/opt/ros/humble /usr/bin/cmake --build /home/ssfa/ros2_ws/build/turtlebot3_msgs -- -j12 -l12
[3.706s] DEBUG:colcon.colcon_core.event_handler.log_command:Invoking command in '/home/ssfa/ros2_ws/build/my_package': PYTHONPATH=/home/ssfa/ros2_ws/build/my_package/prefix_override:/usr/lib/python3/dist-packages/colcon_core/task/python/colcon_distutils_commands:/home/ssfa/ros2_ws/install/my_package/lib/python3.10/site-packages:${PYTHONPATH} /usr/bin/python3 -W ignore:setup.py install is deprecated setup.py develop --uninstall --editable --build-directory /home/ssfa/ros2_ws/build/my_package/build
[3.732s] DEBUG:colcon.colcon_core.event_handler.log_command:Invoking command in '/home/ssfa/ros2_ws/build/turtlebot3_gazebo': CMAKE_PREFIX_PATH=/home/ssfa/ros2_ws/install/turtlebot3_description:/home/ssfa/ros2_ws/install/two_wheeled_robot:/home/ssfa/ros2_ws/install/turtlebot3:/home/ssfa/ros2_ws/install/turtlebot3_simulations:/home/ssfa/ros2_ws/install/turtlebot3_navigation2:/home/ssfa/ros2_ws/install/turtlebot3_msgs:/home/ssfa/ros2_ws/install/turtlebot3_gazebo:/home/ssfa/ros2_ws/install/turtlebot3_bringup:/home/ssfa/ros2_ws/install/turtlebot3_cartographer:/home/ssfa/ros2_ws/install/turtlebot3_as:/home/ssfa/ros2_ws/install/t3_action_msg:/home/ssfa/ros2_ws/install/dynamixel_sdk:/home/ssfa/ros2_ws/install/custom_interfaces:/home/ssfa/ros2_ws/install/turtlebot3_teleop:/home/ssfa/ros2_ws/install/turtlebot3_example:/home/ssfa/ros2_ws/install/topic_exercise:/home/ssfa/ros2_ws/install/subscriber_pkg:/home/ssfa/ros2_ws/install/services_pkg:/home/ssfa/ros2_ws/install/publisher_pkg:/home/ssfa/ros2_ws/install/my_package:/home/ssfa/ros2_ws/install/movement_pkg:/home/ssfa/ros2_ws/install/exercise_pkg:/home/ssfa/ros2_ws/install/custom_interface_example:/home/ssfa/ros2_ws/install/client_pkg:/opt/ros/humble /usr/bin/cmake /home/ssfa/ros2_ws/src/t3/turtlebot3_simulations/turtlebot3_gazebo -DCMAKE_INSTALL_PREFIX=/home/ssfa/ros2_ws/install/turtlebot3_gazebo
[4.241s] DEBUG:colcon.colcon_core.event_handler.log_command:Invoked command in '/home/ssfa/ros2_ws/build/turtlebot3_bringup' returned '0': CMAKE_PREFIX_PATH=/home/ssfa/ros2_ws/install/turtlebot3_description:/home/ssfa/ros2_ws/install/two_wheeled_robot:/home/ssfa/ros2_ws/install/turtlebot3:/home/ssfa/ros2_ws/install/turtlebot3_simulations:/home/ssfa/ros2_ws/install/turtlebot3_navigation2:/home/ssfa/ros2_ws/install/turtlebot3_msgs:/home/ssfa/ros2_ws/install/turtlebot3_gazebo:/home/ssfa/ros2_ws/install/turtlebot3_bringup:/home/ssfa/ros2_ws/install/turtlebot3_cartographer:/home/ssfa/ros2_ws/install/turtlebot3_as:/home/ssfa/ros2_ws/install/t3_action_msg:/home/ssfa/ros2_ws/install/dynamixel_sdk:/home/ssfa/ros2_ws/install/custom_interfaces:/home/ssfa/ros2_ws/install/turtlebot3_teleop:/home/ssfa/ros2_ws/install/turtlebot3_example:/home/ssfa/ros2_ws/install/topic_exercise:/home/ssfa/ros2_ws/install/subscriber_pkg:/home/ssfa/ros2_ws/install/services_pkg:/home/ssfa/ros2_ws/install/publisher_pkg:/home/ssfa/ros2_ws/install/my_package:/home/ssfa/ros2_ws/install/movement_pkg:/home/ssfa/ros2_ws/install/exercise_pkg:/home/ssfa/ros2_ws/install/custom_interface_example:/home/ssfa/ros2_ws/install/client_pkg:/opt/ros/humble /usr/bin/cmake /home/ssfa/ros2_ws/src/t3/turtlebot3/turtlebot3/turtlebot3_bringup -DCMAKE_INSTALL_PREFIX=/home/ssfa/ros2_ws/install/turtlebot3_bringup
[4.260s] DEBUG:colcon.colcon_core.event_handler.log_command:Invoking command in '/home/ssfa/ros2_ws/build/turtlebot3_bringup': CMAKE_PREFIX_PATH=/home/ssfa/ros2_ws/install/turtlebot3_description:/home/ssfa/ros2_ws/install/two_wheeled_robot:/home/ssfa/ros2_ws/install/turtlebot3:/home/ssfa/ros2_ws/install/turtlebot3_simulations:/home/ssfa/ros2_ws/install/turtlebot3_navigation2:/home/ssfa/ros2_ws/install/turtlebot3_msgs:/home/ssfa/ros2_ws/install/turtlebot3_gazebo:/home/ssfa/ros2_ws/install/turtlebot3_bringup:/home/ssfa/ros2_ws/install/turtlebot3_cartographer:/home/ssfa/ros2_ws/install/turtlebot3_as:/home/ssfa/ros2_ws/install/t3_action_msg:/home/ssfa/ros2_ws/install/dynamixel_sdk:/home/ssfa/ros2_ws/install/custom_interfaces:/home/ssfa/ros2_ws/install/turtlebot3_teleop:/home/ssfa/ros2_ws/install/turtlebot3_example:/home/ssfa/ros2_ws/install/topic_exercise:/home/ssfa/ros2_ws/install/subscriber_pkg:/home/ssfa/ros2_ws/install/services_pkg:/home/ssfa/ros2_ws/install/publisher_pkg:/home/ssfa/ros2_ws/install/my_package:/home/ssfa/ros2_ws/install/movement_pkg:/home/ssfa/ros2_ws/install/exercise_pkg:/home/ssfa/ros2_ws/install/custom_interface_example:/home/ssfa/ros2_ws/install/client_pkg:/opt/ros/humble /usr/bin/cmake --build /home/ssfa/ros2_ws/build/turtlebot3_bringup -- -j12 -l12
[4.378s] DEBUG:colcon.colcon_core.event_handler.log_command:Invoked command in '/home/ssfa/ros2_ws/build/yolov8_msgs' returned '0': CMAKE_PREFIX_PATH=${CMAKE_PREFIX_PATH}:/home/ssfa/ros2_ws/install/turtlebot3_teleop:/home/ssfa/ros2_ws/install/turtlebot3_example:/home/ssfa/ros2_ws/install/topic_exercise:/home/ssfa/ros2_ws/install/subscriber_pkg:/home/ssfa/ros2_ws/install/services_pkg:/home/ssfa/ros2_ws/install/publisher_pkg:/home/ssfa/ros2_ws/install/my_package:/home/ssfa/ros2_ws/install/movement_pkg:/home/ssfa/ros2_ws/install/exercise_pkg:/home/ssfa/ros2_ws/install/custom_interface_example:/home/ssfa/ros2_ws/install/client_pkg:/opt/ros/humble /usr/bin/cmake /home/ssfa/ros2_ws/src/yolov8_ros/yolov8_msgs -DCMAKE_INSTALL_PREFIX=/home/ssfa/ros2_ws/install/yolov8_msgs
[4.379s] DEBUG:colcon.colcon_core.event_handler.log_command:Invoking command in '/home/ssfa/ros2_ws/build/yolov8_msgs': CMAKE_PREFIX_PATH=${CMAKE_PREFIX_PATH}:/home/ssfa/ros2_ws/install/turtlebot3_teleop:/home/ssfa/ros2_ws/install/turtlebot3_example:/home/ssfa/ros2_ws/install/topic_exercise:/home/ssfa/ros2_ws/install/subscriber_pkg:/home/ssfa/ros2_ws/install/services_pkg:/home/ssfa/ros2_ws/install/publisher_pkg:/home/ssfa/ros2_ws/install/my_package:/home/ssfa/ros2_ws/install/movement_pkg:/home/ssfa/ros2_ws/install/exercise_pkg:/home/ssfa/ros2_ws/install/custom_interface_example:/home/ssfa/ros2_ws/install/client_pkg:/opt/ros/humble /usr/bin/cmake --build /home/ssfa/ros2_ws/build/yolov8_msgs -- -j12 -l12
[4.417s] DEBUG:colcon.colcon_core.event_handler.log_command:Invoked command in '/home/ssfa/ros2_ws/build/turtlebot3_gazebo' returned '0': CMAKE_PREFIX_PATH=/home/ssfa/ros2_ws/install/turtlebot3_description:/home/ssfa/ros2_ws/install/two_wheeled_robot:/home/ssfa/ros2_ws/install/turtlebot3:/home/ssfa/ros2_ws/install/turtlebot3_simulations:/home/ssfa/ros2_ws/install/turtlebot3_navigation2:/home/ssfa/ros2_ws/install/turtlebot3_msgs:/home/ssfa/ros2_ws/install/turtlebot3_gazebo:/home/ssfa/ros2_ws/install/turtlebot3_bringup:/home/ssfa/ros2_ws/install/turtlebot3_cartographer:/home/ssfa/ros2_ws/install/turtlebot3_as:/home/ssfa/ros2_ws/install/t3_action_msg:/home/ssfa/ros2_ws/install/dynamixel_sdk:/home/ssfa/ros2_ws/install/custom_interfaces:/home/ssfa/ros2_ws/install/turtlebot3_teleop:/home/ssfa/ros2_ws/install/turtlebot3_example:/home/ssfa/ros2_ws/install/topic_exercise:/home/ssfa/ros2_ws/install/subscriber_pkg:/home/ssfa/ros2_ws/install/services_pkg:/home/ssfa/ros2_ws/install/publisher_pkg:/home/ssfa/ros2_ws/install/my_package:/home/ssfa/ros2_ws/install/movement_pkg:/home/ssfa/ros2_ws/install/exercise_pkg:/home/ssfa/ros2_ws/install/custom_interface_example:/home/ssfa/ros2_ws/install/client_pkg:/opt/ros/humble /usr/bin/cmake /home/ssfa/ros2_ws/src/t3/turtlebot3_simulations/turtlebot3_gazebo -DCMAKE_INSTALL_PREFIX=/home/ssfa/ros2_ws/install/turtlebot3_gazebo
[4.425s] DEBUG:colcon.colcon_core.event_handler.log_command:Invoking command in '/home/ssfa/ros2_ws/build/turtlebot3_gazebo': CMAKE_PREFIX_PATH=/home/ssfa/ros2_ws/install/turtlebot3_description:/home/ssfa/ros2_ws/install/two_wheeled_robot:/home/ssfa/ros2_ws/install/turtlebot3:/home/ssfa/ros2_ws/install/turtlebot3_simulations:/home/ssfa/ros2_ws/install/turtlebot3_navigation2:/home/ssfa/ros2_ws/install/turtlebot3_msgs:/home/ssfa/ros2_ws/install/turtlebot3_gazebo:/home/ssfa/ros2_ws/install/turtlebot3_bringup:/home/ssfa/ros2_ws/install/turtlebot3_cartographer:/home/ssfa/ros2_ws/install/turtlebot3_as:/home/ssfa/ros2_ws/install/t3_action_msg:/home/ssfa/ros2_ws/install/dynamixel_sdk:/home/ssfa/ros2_ws/install/custom_interfaces:/home/ssfa/ros2_ws/install/turtlebot3_teleop:/home/ssfa/ros2_ws/install/turtlebot3_example:/home/ssfa/ros2_ws/install/topic_exercise:/home/ssfa/ros2_ws/install/subscriber_pkg:/home/ssfa/ros2_ws/install/services_pkg:/home/ssfa/ros2_ws/install/publisher_pkg:/home/ssfa/ros2_ws/install/my_package:/home/ssfa/ros2_ws/install/movement_pkg:/home/ssfa/ros2_ws/install/exercise_pkg:/home/ssfa/ros2_ws/install/custom_interface_example:/home/ssfa/ros2_ws/install/client_pkg:/opt/ros/humble /usr/bin/cmake --build /home/ssfa/ros2_ws/build/turtlebot3_gazebo -- -j12 -l12
[4.441s] DEBUG:colcon.colcon_core.event_handler.log_command:Invoked command in '/home/ssfa/ros2_ws/build/turtlebot3_bringup' returned '0': CMAKE_PREFIX_PATH=/home/ssfa/ros2_ws/install/turtlebot3_description:/home/ssfa/ros2_ws/install/two_wheeled_robot:/home/ssfa/ros2_ws/install/turtlebot3:/home/ssfa/ros2_ws/install/turtlebot3_simulations:/home/ssfa/ros2_ws/install/turtlebot3_navigation2:/home/ssfa/ros2_ws/install/turtlebot3_msgs:/home/ssfa/ros2_ws/install/turtlebot3_gazebo:/home/ssfa/ros2_ws/install/turtlebot3_bringup:/home/ssfa/ros2_ws/install/turtlebot3_cartographer:/home/ssfa/ros2_ws/install/turtlebot3_as:/home/ssfa/ros2_ws/install/t3_action_msg:/home/ssfa/ros2_ws/install/dynamixel_sdk:/home/ssfa/ros2_ws/install/custom_interfaces:/home/ssfa/ros2_ws/install/turtlebot3_teleop:/home/ssfa/ros2_ws/install/turtlebot3_example:/home/ssfa/ros2_ws/install/topic_exercise:/home/ssfa/ros2_ws/install/subscriber_pkg:/home/ssfa/ros2_ws/install/services_pkg:/home/ssfa/ros2_ws/install/publisher_pkg:/home/ssfa/ros2_ws/install/my_package:/home/ssfa/ros2_ws/install/movement_pkg:/home/ssfa/ros2_ws/install/exercise_pkg:/home/ssfa/ros2_ws/install/custom_interface_example:/home/ssfa/ros2_ws/install/client_pkg:/opt/ros/humble /usr/bin/cmake --build /home/ssfa/ros2_ws/build/turtlebot3_bringup -- -j12 -l12
[4.539s] DEBUG:colcon.colcon_core.event_handler.log_command:Invoking command in '/home/ssfa/ros2_ws/build/publisher_pkg': PYTHONPATH=/home/ssfa/ros2_ws/build/publisher_pkg/prefix_override:/usr/lib/python3/dist-packages/colcon_core/task/python/colcon_distutils_commands:/home/ssfa/ros2_ws/install/publisher_pkg/lib/python3.10/site-packages:${PYTHONPATH} /usr/bin/python3 -W ignore:setup.py install is deprecated setup.py develop --uninstall --editable --build-directory /home/ssfa/ros2_ws/build/publisher_pkg/build
[4.590s] DEBUG:colcon.colcon_core.event_handler.log_command:Invoking command in '/home/ssfa/ros2_ws/build/services_pkg': PYTHONPATH=/home/ssfa/ros2_ws/build/services_pkg/prefix_override:/usr/lib/python3/dist-packages/colcon_core/task/python/colcon_distutils_commands:/home/ssfa/ros2_ws/install/services_pkg/lib/python3.10/site-packages:${PYTHONPATH} /usr/bin/python3 -W ignore:setup.py install is deprecated setup.py develop --uninstall --editable --build-directory /home/ssfa/ros2_ws/build/services_pkg/build
[4.597s] DEBUG:colcon.colcon_core.event_handler.log_command:Invoking command in '/home/ssfa/ros2_ws/build/turtlebot3_bringup': CMAKE_PREFIX_PATH=/home/ssfa/ros2_ws/install/turtlebot3_description:/home/ssfa/ros2_ws/install/two_wheeled_robot:/home/ssfa/ros2_ws/install/turtlebot3:/home/ssfa/ros2_ws/install/turtlebot3_simulations:/home/ssfa/ros2_ws/install/turtlebot3_navigation2:/home/ssfa/ros2_ws/install/turtlebot3_msgs:/home/ssfa/ros2_ws/install/turtlebot3_gazebo:/home/ssfa/ros2_ws/install/turtlebot3_bringup:/home/ssfa/ros2_ws/install/turtlebot3_cartographer:/home/ssfa/ros2_ws/install/turtlebot3_as:/home/ssfa/ros2_ws/install/t3_action_msg:/home/ssfa/ros2_ws/install/dynamixel_sdk:/home/ssfa/ros2_ws/install/custom_interfaces:/home/ssfa/ros2_ws/install/turtlebot3_teleop:/home/ssfa/ros2_ws/install/turtlebot3_example:/home/ssfa/ros2_ws/install/topic_exercise:/home/ssfa/ros2_ws/install/subscriber_pkg:/home/ssfa/ros2_ws/install/services_pkg:/home/ssfa/ros2_ws/install/publisher_pkg:/home/ssfa/ros2_ws/install/my_package:/home/ssfa/ros2_ws/install/movement_pkg:/home/ssfa/ros2_ws/install/exercise_pkg:/home/ssfa/ros2_ws/install/custom_interface_example:/home/ssfa/ros2_ws/install/client_pkg:/opt/ros/humble /usr/bin/cmake --install /home/ssfa/ros2_ws/build/turtlebot3_bringup
[4.627s] DEBUG:colcon.colcon_core.event_handler.log_command:Invoked command in '/home/ssfa/ros2_ws/build/turtlebot3_msgs' returned '0': CMAKE_PREFIX_PATH=${CMAKE_PREFIX_PATH}:/home/ssfa/ros2_ws/install/turtlebot3_teleop:/home/ssfa/ros2_ws/install/turtlebot3_example:/home/ssfa/ros2_ws/install/topic_exercise:/home/ssfa/ros2_ws/install/subscriber_pkg:/home/ssfa/ros2_ws/install/services_pkg:/home/ssfa/ros2_ws/install/publisher_pkg:/home/ssfa/ros2_ws/install/my_package:/home/ssfa/ros2_ws/install/movement_pkg:/home/ssfa/ros2_ws/install/exercise_pkg:/home/ssfa/ros2_ws/install/custom_interface_example:/home/ssfa/ros2_ws/install/client_pkg:/opt/ros/humble /usr/bin/cmake --build /home/ssfa/ros2_ws/build/turtlebot3_msgs -- -j12 -l12
[4.640s] DEBUG:colcon.colcon_core.event_handler.log_command:Invoked command in '/home/ssfa/ros2_ws/build/turtlebot3_gazebo' returned '0': CMAKE_PREFIX_PATH=/home/ssfa/ros2_ws/install/turtlebot3_description:/home/ssfa/ros2_ws/install/two_wheeled_robot:/home/ssfa/ros2_ws/install/turtlebot3:/home/ssfa/ros2_ws/install/turtlebot3_simulations:/home/ssfa/ros2_ws/install/turtlebot3_navigation2:/home/ssfa/ros2_ws/install/turtlebot3_msgs:/home/ssfa/ros2_ws/install/turtlebot3_gazebo:/home/ssfa/ros2_ws/install/turtlebot3_bringup:/home/ssfa/ros2_ws/install/turtlebot3_cartographer:/home/ssfa/ros2_ws/install/turtlebot3_as:/home/ssfa/ros2_ws/install/t3_action_msg:/home/ssfa/ros2_ws/install/dynamixel_sdk:/home/ssfa/ros2_ws/install/custom_interfaces:/home/ssfa/ros2_ws/install/turtlebot3_teleop:/home/ssfa/ros2_ws/install/turtlebot3_example:/home/ssfa/ros2_ws/install/topic_exercise:/home/ssfa/ros2_ws/install/subscriber_pkg:/home/ssfa/ros2_ws/install/services_pkg:/home/ssfa/ros2_ws/install/publisher_pkg:/home/ssfa/ros2_ws/install/my_package:/home/ssfa/ros2_ws/install/movement_pkg:/home/ssfa/ros2_ws/install/exercise_pkg:/home/ssfa/ros2_ws/install/custom_interface_example:/home/ssfa/ros2_ws/install/client_pkg:/opt/ros/humble /usr/bin/cmake --build /home/ssfa/ros2_ws/build/turtlebot3_gazebo -- -j12 -l12
[4.649s] DEBUG:colcon.colcon_core.event_handler.log_command:Invoked command in '/home/ssfa/ros2_ws/build/custom_interfaces' returned '0': CMAKE_PREFIX_PATH=${CMAKE_PREFIX_PATH}:/home/ssfa/ros2_ws/install/turtlebot3_teleop:/home/ssfa/ros2_ws/install/turtlebot3_example:/home/ssfa/ros2_ws/install/topic_exercise:/home/ssfa/ros2_ws/install/subscriber_pkg:/home/ssfa/ros2_ws/install/services_pkg:/home/ssfa/ros2_ws/install/publisher_pkg:/home/ssfa/ros2_ws/install/my_package:/home/ssfa/ros2_ws/install/movement_pkg:/home/ssfa/ros2_ws/install/exercise_pkg:/home/ssfa/ros2_ws/install/custom_interface_example:/home/ssfa/ros2_ws/install/client_pkg:/opt/ros/humble /usr/bin/cmake --build /home/ssfa/ros2_ws/build/custom_interfaces -- -j12 -l12
[4.737s] DEBUG:colcon.colcon_core.event_handler.log_command:Invoking command in '/home/ssfa/ros2_ws/build/turtlebot3_gazebo': CMAKE_PREFIX_PATH=/home/ssfa/ros2_ws/install/turtlebot3_description:/home/ssfa/ros2_ws/install/two_wheeled_robot:/home/ssfa/ros2_ws/install/turtlebot3:/home/ssfa/ros2_ws/install/turtlebot3_simulations:/home/ssfa/ros2_ws/install/turtlebot3_navigation2:/home/ssfa/ros2_ws/install/turtlebot3_msgs:/home/ssfa/ros2_ws/install/turtlebot3_gazebo:/home/ssfa/ros2_ws/install/turtlebot3_bringup:/home/ssfa/ros2_ws/install/turtlebot3_cartographer:/home/ssfa/ros2_ws/install/turtlebot3_as:/home/ssfa/ros2_ws/install/t3_action_msg:/home/ssfa/ros2_ws/install/dynamixel_sdk:/home/ssfa/ros2_ws/install/custom_interfaces:/home/ssfa/ros2_ws/install/turtlebot3_teleop:/home/ssfa/ros2_ws/install/turtlebot3_example:/home/ssfa/ros2_ws/install/topic_exercise:/home/ssfa/ros2_ws/install/subscriber_pkg:/home/ssfa/ros2_ws/install/services_pkg:/home/ssfa/ros2_ws/install/publisher_pkg:/home/ssfa/ros2_ws/install/my_package:/home/ssfa/ros2_ws/install/movement_pkg:/home/ssfa/ros2_ws/install/exercise_pkg:/home/ssfa/ros2_ws/install/custom_interface_example:/home/ssfa/ros2_ws/install/client_pkg:/opt/ros/humble /usr/bin/cmake --install /home/ssfa/ros2_ws/build/turtlebot3_gazebo
[4.744s] DEBUG:colcon.colcon_core.event_handler.log_command:Invoked command in '/home/ssfa/ros2_ws/build/turtlebot3_teleop' returned '0': PYTHONPATH=/home/ssfa/ros2_ws/build/turtlebot3_teleop/prefix_override:/usr/lib/python3/dist-packages/colcon_core/task/python/colcon_distutils_commands:/home/ssfa/ros2_ws/install/turtlebot3_teleop/lib/python3.10/site-packages:${PYTHONPATH} /usr/bin/python3 -W ignore:setup.py install is deprecated setup.py develop --uninstall --editable --build-directory /home/ssfa/ros2_ws/build/turtlebot3_teleop/build
[4.745s] DEBUG:colcon.colcon_core.event_handler.log_command:Invoking command in '/home/ssfa/ros2_ws/src/t3/turtlebot3/turtlebot3/turtlebot3_teleop': PYTHONPATH=/home/ssfa/ros2_ws/build/turtlebot3_teleop/prefix_override:/usr/lib/python3/dist-packages/colcon_core/task/python/colcon_distutils_commands:/home/ssfa/ros2_ws/install/turtlebot3_teleop/lib/python3.10/site-packages:${PYTHONPATH} /usr/bin/python3 -W ignore:setup.py install is deprecated setup.py egg_info --egg-base ../../../../../build/turtlebot3_teleop build --build-base /home/ssfa/ros2_ws/build/turtlebot3_teleop/build install --record /home/ssfa/ros2_ws/build/turtlebot3_teleop/install.log --install-scripts $base/lib/turtlebot3_teleop --single-version-externally-managed install_data --force
[4.749s] Level 1:colcon.colcon_core.environment:create_environment_scripts_only(turtlebot3_bringup)
[4.750s] Level 1:colcon.colcon_core.environment:checking '/home/ssfa/ros2_ws/install/turtlebot3_bringup' for CMake module files
[4.751s] Level 1:colcon.colcon_core.environment:checking '/home/ssfa/ros2_ws/install/turtlebot3_bringup' for CMake config files
[4.752s] Level 1:colcon.colcon_core.shell:create_environment_hook('turtlebot3_bringup', 'cmake_prefix_path')
[4.752s] INFO:colcon.colcon_core.shell:Creating environment hook '/home/ssfa/ros2_ws/install/turtlebot3_bringup/share/turtlebot3_bringup/hook/cmake_prefix_path.ps1'
[4.753s] INFO:colcon.colcon_core.shell:Creating environment descriptor '/home/ssfa/ros2_ws/install/turtlebot3_bringup/share/turtlebot3_bringup/hook/cmake_prefix_path.dsv'
[4.753s] INFO:colcon.colcon_core.shell:Creating environment hook '/home/ssfa/ros2_ws/install/turtlebot3_bringup/share/turtlebot3_bringup/hook/cmake_prefix_path.sh'
[4.754s] DEBUG:colcon.colcon_core.event_handler.log_command:Invoked command in '/home/ssfa/ros2_ws/build/turtlebot3_bringup' returned '0': CMAKE_PREFIX_PATH=/home/ssfa/ros2_ws/install/turtlebot3_description:/home/ssfa/ros2_ws/install/two_wheeled_robot:/home/ssfa/ros2_ws/install/turtlebot3:/home/ssfa/ros2_ws/install/turtlebot3_simulations:/home/ssfa/ros2_ws/install/turtlebot3_navigation2:/home/ssfa/ros2_ws/install/turtlebot3_msgs:/home/ssfa/ros2_ws/install/turtlebot3_gazebo:/home/ssfa/ros2_ws/install/turtlebot3_bringup:/home/ssfa/ros2_ws/install/turtlebot3_cartographer:/home/ssfa/ros2_ws/install/turtlebot3_as:/home/ssfa/ros2_ws/install/t3_action_msg:/home/ssfa/ros2_ws/install/dynamixel_sdk:/home/ssfa/ros2_ws/install/custom_interfaces:/home/ssfa/ros2_ws/install/turtlebot3_teleop:/home/ssfa/ros2_ws/install/turtlebot3_example:/home/ssfa/ros2_ws/install/topic_exercise:/home/ssfa/ros2_ws/install/subscriber_pkg:/home/ssfa/ros2_ws/install/services_pkg:/home/ssfa/ros2_ws/install/publisher_pkg:/home/ssfa/ros2_ws/install/my_package:/home/ssfa/ros2_ws/install/movement_pkg:/home/ssfa/ros2_ws/install/exercise_pkg:/home/ssfa/ros2_ws/install/custom_interface_example:/home/ssfa/ros2_ws/install/client_pkg:/opt/ros/humble /usr/bin/cmake --install /home/ssfa/ros2_ws/build/turtlebot3_bringup
[4.756s] Level 1:colcon.colcon_core.environment:checking '/home/ssfa/ros2_ws/install/turtlebot3_bringup/bin'
[4.756s] Level 1:colcon.colcon_core.environment:checking '/home/ssfa/ros2_ws/install/turtlebot3_bringup/lib/pkgconfig/turtlebot3_bringup.pc'
[4.756s] Level 1:colcon.colcon_core.environment:checking '/home/ssfa/ros2_ws/install/turtlebot3_bringup/lib/python3.10/site-packages'
[4.757s] Level 1:colcon.colcon_core.environment:checking '/home/ssfa/ros2_ws/install/turtlebot3_bringup/bin'
[4.757s] INFO:colcon.colcon_core.shell:Creating package script '/home/ssfa/ros2_ws/install/turtlebot3_bringup/share/turtlebot3_bringup/package.ps1'
[4.758s] INFO:colcon.colcon_core.shell:Creating package descriptor '/home/ssfa/ros2_ws/install/turtlebot3_bringup/share/turtlebot3_bringup/package.dsv'
[4.759s] INFO:colcon.colcon_core.shell:Creating package script '/home/ssfa/ros2_ws/install/turtlebot3_bringup/share/turtlebot3_bringup/package.sh'
[4.763s] INFO:colcon.colcon_core.shell:Creating package script '/home/ssfa/ros2_ws/install/turtlebot3_bringup/share/turtlebot3_bringup/package.bash'
[4.763s] INFO:colcon.colcon_core.shell:Creating package script '/home/ssfa/ros2_ws/install/turtlebot3_bringup/share/turtlebot3_bringup/package.zsh'
[4.764s] Level 1:colcon.colcon_core.environment:create_file_with_runtime_dependencies(/home/ssfa/ros2_ws/install/turtlebot3_bringup/share/colcon-core/packages/turtlebot3_bringup)
[4.844s] DEBUG:colcon.colcon_core.event_handler.log_command:Invoked command in '/home/ssfa/ros2_ws/build/t3_action_msg' returned '0': CMAKE_PREFIX_PATH=${CMAKE_PREFIX_PATH}:/home/ssfa/ros2_ws/install/turtlebot3_teleop:/home/ssfa/ros2_ws/install/turtlebot3_example:/home/ssfa/ros2_ws/install/topic_exercise:/home/ssfa/ros2_ws/install/subscriber_pkg:/home/ssfa/ros2_ws/install/services_pkg:/home/ssfa/ros2_ws/install/publisher_pkg:/home/ssfa/ros2_ws/install/my_package:/home/ssfa/ros2_ws/install/movement_pkg:/home/ssfa/ros2_ws/install/exercise_pkg:/home/ssfa/ros2_ws/install/custom_interface_example:/home/ssfa/ros2_ws/install/client_pkg:/opt/ros/humble /usr/bin/cmake --build /home/ssfa/ros2_ws/build/t3_action_msg -- -j12 -l12
[4.870s] Level 1:colcon.colcon_core.environment:create_environment_scripts_only(turtlebot3_bringup)
[4.871s] Level 1:colcon.colcon_core.environment:checking '/home/ssfa/ros2_ws/install/turtlebot3_bringup' for CMake module files
[4.872s] Level 1:colcon.colcon_core.environment:checking '/home/ssfa/ros2_ws/install/turtlebot3_bringup' for CMake config files
[4.872s] Level 1:colcon.colcon_core.shell:create_environment_hook('turtlebot3_bringup', 'cmake_prefix_path')
[4.873s] INFO:colcon.colcon_core.shell:Creating environment hook '/home/ssfa/ros2_ws/install/turtlebot3_bringup/share/turtlebot3_bringup/hook/cmake_prefix_path.ps1'
[4.874s] INFO:colcon.colcon_core.shell:Creating environment descriptor '/home/ssfa/ros2_ws/install/turtlebot3_bringup/share/turtlebot3_bringup/hook/cmake_prefix_path.dsv'
[4.874s] INFO:colcon.colcon_core.shell:Creating environment hook '/home/ssfa/ros2_ws/install/turtlebot3_bringup/share/turtlebot3_bringup/hook/cmake_prefix_path.sh'
[4.875s] Level 1:colcon.colcon_core.environment:checking '/home/ssfa/ros2_ws/install/turtlebot3_bringup/bin'
[4.876s] Level 1:colcon.colcon_core.environment:checking '/home/ssfa/ros2_ws/install/turtlebot3_bringup/lib/pkgconfig/turtlebot3_bringup.pc'
[4.876s] Level 1:colcon.colcon_core.environment:checking '/home/ssfa/ros2_ws/install/turtlebot3_bringup/lib/python3.10/site-packages'
[4.876s] Level 1:colcon.colcon_core.environment:checking '/home/ssfa/ros2_ws/install/turtlebot3_bringup/bin'
[4.878s] INFO:colcon.colcon_core.shell:Creating package script '/home/ssfa/ros2_ws/install/turtlebot3_bringup/share/turtlebot3_bringup/package.ps1'
[4.884s] INFO:colcon.colcon_core.shell:Creating package descriptor '/home/ssfa/ros2_ws/install/turtlebot3_bringup/share/turtlebot3_bringup/package.dsv'
[4.885s] INFO:colcon.colcon_core.shell:Creating package script '/home/ssfa/ros2_ws/install/turtlebot3_bringup/share/turtlebot3_bringup/package.sh'
[4.885s] INFO:colcon.colcon_core.shell:Creating package script '/home/ssfa/ros2_ws/install/turtlebot3_bringup/share/turtlebot3_bringup/package.bash'
[4.886s] INFO:colcon.colcon_core.shell:Creating package script '/home/ssfa/ros2_ws/install/turtlebot3_bringup/share/turtlebot3_bringup/package.zsh'
[4.886s] Level 1:colcon.colcon_core.environment:create_file_with_runtime_dependencies(/home/ssfa/ros2_ws/install/turtlebot3_bringup/share/colcon-core/packages/turtlebot3_bringup)
[4.887s] INFO:colcon.colcon_ros.task.ament_python.build:Building ROS package in '/home/ssfa/ros2_ws/src/subscriber_pkg' with build type 'ament_python'
[4.888s] Level 1:colcon.colcon_core.shell:create_environment_hook('subscriber_pkg', 'ament_prefix_path')
[4.888s] INFO:colcon.colcon_core.shell:Creating environment hook '/home/ssfa/ros2_ws/install/subscriber_pkg/share/subscriber_pkg/hook/ament_prefix_path.ps1'
[4.889s] INFO:colcon.colcon_core.shell:Creating environment descriptor '/home/ssfa/ros2_ws/install/subscriber_pkg/share/subscriber_pkg/hook/ament_prefix_path.dsv'
[4.889s] INFO:colcon.colcon_core.shell:Creating environment hook '/home/ssfa/ros2_ws/install/subscriber_pkg/share/subscriber_pkg/hook/ament_prefix_path.sh'
[4.890s] INFO:colcon.colcon_core.shell:Skip shell extension 'powershell' for command environment: Not usable outside of PowerShell
[4.890s] DEBUG:colcon.colcon_core.shell:Skip shell extension 'dsv' for command environment
[4.908s] DEBUG:colcon.colcon_core.event_handler.log_command:Invoked command in '/home/ssfa/ros2_ws/build/client_pkg' returned '0': PYTHONPATH=/home/ssfa/ros2_ws/build/client_pkg/prefix_override:/usr/lib/python3/dist-packages/colcon_core/task/python/colcon_distutils_commands:/home/ssfa/ros2_ws/install/client_pkg/lib/python3.10/site-packages:${PYTHONPATH} /usr/bin/python3 -W ignore:setup.py install is deprecated setup.py develop --uninstall --editable --build-directory /home/ssfa/ros2_ws/build/client_pkg/build
[4.909s] DEBUG:colcon.colcon_core.event_handler.log_command:Invoking command in '/home/ssfa/ros2_ws/src/client_pkg': PYTHONPATH=/home/ssfa/ros2_ws/build/client_pkg/prefix_override:/usr/lib/python3/dist-packages/colcon_core/task/python/colcon_distutils_commands:/home/ssfa/ros2_ws/install/client_pkg/lib/python3.10/site-packages:${PYTHONPATH} /usr/bin/python3 -W ignore:setup.py install is deprecated setup.py egg_info --egg-base ../../build/client_pkg build --build-base /home/ssfa/ros2_ws/build/client_pkg/build install --record /home/ssfa/ros2_ws/build/client_pkg/install.log --single-version-externally-managed install_data --force
[4.929s] Level 1:colcon.colcon_core.environment:create_environment_scripts_only(turtlebot3_gazebo)
[4.930s] Level 1:colcon.colcon_core.environment:checking '/home/ssfa/ros2_ws/install/turtlebot3_gazebo' for CMake module files
[4.931s] DEBUG:colcon.colcon_core.event_handler.log_command:Invoked command in '/home/ssfa/ros2_ws/build/turtlebot3_gazebo' returned '0': CMAKE_PREFIX_PATH=/home/ssfa/ros2_ws/install/turtlebot3_description:/home/ssfa/ros2_ws/install/two_wheeled_robot:/home/ssfa/ros2_ws/install/turtlebot3:/home/ssfa/ros2_ws/install/turtlebot3_simulations:/home/ssfa/ros2_ws/install/turtlebot3_navigation2:/home/ssfa/ros2_ws/install/turtlebot3_msgs:/home/ssfa/ros2_ws/install/turtlebot3_gazebo:/home/ssfa/ros2_ws/install/turtlebot3_bringup:/home/ssfa/ros2_ws/install/turtlebot3_cartographer:/home/ssfa/ros2_ws/install/turtlebot3_as:/home/ssfa/ros2_ws/install/t3_action_msg:/home/ssfa/ros2_ws/install/dynamixel_sdk:/home/ssfa/ros2_ws/install/custom_interfaces:/home/ssfa/ros2_ws/install/turtlebot3_teleop:/home/ssfa/ros2_ws/install/turtlebot3_example:/home/ssfa/ros2_ws/install/topic_exercise:/home/ssfa/ros2_ws/install/subscriber_pkg:/home/ssfa/ros2_ws/install/services_pkg:/home/ssfa/ros2_ws/install/publisher_pkg:/home/ssfa/ros2_ws/install/my_package:/home/ssfa/ros2_ws/install/movement_pkg:/home/ssfa/ros2_ws/install/exercise_pkg:/home/ssfa/ros2_ws/install/custom_interface_example:/home/ssfa/ros2_ws/install/client_pkg:/opt/ros/humble /usr/bin/cmake --install /home/ssfa/ros2_ws/build/turtlebot3_gazebo
[4.932s] Level 1:colcon.colcon_core.environment:checking '/home/ssfa/ros2_ws/install/turtlebot3_gazebo' for CMake config files
[4.937s] Level 1:colcon.colcon_core.shell:create_environment_hook('turtlebot3_gazebo', 'cmake_prefix_path')
[4.938s] INFO:colcon.colcon_core.shell:Creating environment hook '/home/ssfa/ros2_ws/install/turtlebot3_gazebo/share/turtlebot3_gazebo/hook/cmake_prefix_path.ps1'
[4.939s] INFO:colcon.colcon_core.shell:Creating environment descriptor '/home/ssfa/ros2_ws/install/turtlebot3_gazebo/share/turtlebot3_gazebo/hook/cmake_prefix_path.dsv'
[4.939s] INFO:colcon.colcon_core.shell:Creating environment hook '/home/ssfa/ros2_ws/install/turtlebot3_gazebo/share/turtlebot3_gazebo/hook/cmake_prefix_path.sh'
[4.940s] Level 1:colcon.colcon_core.environment:checking '/home/ssfa/ros2_ws/install/turtlebot3_gazebo/bin'
[4.940s] Level 1:colcon.colcon_core.environment:checking '/home/ssfa/ros2_ws/install/turtlebot3_gazebo/lib/pkgconfig/turtlebot3_gazebo.pc'
[4.941s] Level 1:colcon.colcon_core.environment:checking '/home/ssfa/ros2_ws/install/turtlebot3_gazebo/lib/python3.10/site-packages'
[4.941s] Level 1:colcon.colcon_core.environment:checking '/home/ssfa/ros2_ws/install/turtlebot3_gazebo/bin'
[4.942s] INFO:colcon.colcon_core.shell:Creating package script '/home/ssfa/ros2_ws/install/turtlebot3_gazebo/share/turtlebot3_gazebo/package.ps1'
[4.942s] INFO:colcon.colcon_core.shell:Creating package descriptor '/home/ssfa/ros2_ws/install/turtlebot3_gazebo/share/turtlebot3_gazebo/package.dsv'
[4.943s] INFO:colcon.colcon_core.shell:Creating package script '/home/ssfa/ros2_ws/install/turtlebot3_gazebo/share/turtlebot3_gazebo/package.sh'
[4.944s] INFO:colcon.colcon_core.shell:Creating package script '/home/ssfa/ros2_ws/install/turtlebot3_gazebo/share/turtlebot3_gazebo/package.bash'
[4.944s] INFO:colcon.colcon_core.shell:Creating package script '/home/ssfa/ros2_ws/install/turtlebot3_gazebo/share/turtlebot3_gazebo/package.zsh'
[4.945s] Level 1:colcon.colcon_core.environment:create_file_with_runtime_dependencies(/home/ssfa/ros2_ws/install/turtlebot3_gazebo/share/colcon-core/packages/turtlebot3_gazebo)
[5.435s] INFO:colcon.colcon_core.task.python.build:Building Python package in '/home/ssfa/ros2_ws/src/subscriber_pkg'
[5.436s] INFO:colcon.colcon_core.shell:Skip shell extension 'powershell' for command environment: Not usable outside of PowerShell
[5.436s] DEBUG:colcon.colcon_core.shell:Skip shell extension 'dsv' for command environment
[5.448s] DEBUG:colcon.colcon_core.event_handler.log_command:Invoked command in '/home/ssfa/ros2_ws/build/exercise_pkg' returned '0': PYTHONPATH=/home/ssfa/ros2_ws/build/exercise_pkg/prefix_override:/usr/lib/python3/dist-packages/colcon_core/task/python/colcon_distutils_commands:/home/ssfa/ros2_ws/install/exercise_pkg/lib/python3.10/site-packages:${PYTHONPATH} /usr/bin/python3 -W ignore:setup.py install is deprecated setup.py develop --uninstall --editable --build-directory /home/ssfa/ros2_ws/build/exercise_pkg/build
[5.452s] DEBUG:colcon.colcon_core.event_handler.log_command:Invoking command in '/home/ssfa/ros2_ws/src/exercise_pkg': PYTHONPATH=/home/ssfa/ros2_ws/build/exercise_pkg/prefix_override:/usr/lib/python3/dist-packages/colcon_core/task/python/colcon_distutils_commands:/home/ssfa/ros2_ws/install/exercise_pkg/lib/python3.10/site-packages:${PYTHONPATH} /usr/bin/python3 -W ignore:setup.py install is deprecated setup.py egg_info --egg-base ../../build/exercise_pkg build --build-base /home/ssfa/ros2_ws/build/exercise_pkg/build install --record /home/ssfa/ros2_ws/build/exercise_pkg/install.log --single-version-externally-managed install_data --force
[5.454s] DEBUG:colcon.colcon_core.event_handler.log_command:Invoked command in '/home/ssfa/ros2_ws/build/my_package' returned '0': PYTHONPATH=/home/ssfa/ros2_ws/build/my_package/prefix_override:/usr/lib/python3/dist-packages/colcon_core/task/python/colcon_distutils_commands:/home/ssfa/ros2_ws/install/my_package/lib/python3.10/site-packages:${PYTHONPATH} /usr/bin/python3 -W ignore:setup.py install is deprecated setup.py develop --uninstall --editable --build-directory /home/ssfa/ros2_ws/build/my_package/build
[5.457s] DEBUG:colcon.colcon_core.event_handler.log_command:Invoking command in '/home/ssfa/ros2_ws/src/my_package': PYTHONPATH=/home/ssfa/ros2_ws/build/my_package/prefix_override:/usr/lib/python3/dist-packages/colcon_core/task/python/colcon_distutils_commands:/home/ssfa/ros2_ws/install/my_package/lib/python3.10/site-packages:${PYTHONPATH} /usr/bin/python3 -W ignore:setup.py install is deprecated setup.py egg_info --egg-base ../../build/my_package build --build-base /home/ssfa/ros2_ws/build/my_package/build install --record /home/ssfa/ros2_ws/build/my_package/install.log --single-version-externally-managed install_data --force
[5.460s] DEBUG:colcon.colcon_core.event_handler.log_command:Invoking command in '/home/ssfa/ros2_ws/build/t3_action_msg': CMAKE_PREFIX_PATH=${CMAKE_PREFIX_PATH}:/home/ssfa/ros2_ws/install/turtlebot3_teleop:/home/ssfa/ros2_ws/install/turtlebot3_example:/home/ssfa/ros2_ws/install/topic_exercise:/home/ssfa/ros2_ws/install/subscriber_pkg:/home/ssfa/ros2_ws/install/services_pkg:/home/ssfa/ros2_ws/install/publisher_pkg:/home/ssfa/ros2_ws/install/my_package:/home/ssfa/ros2_ws/install/movement_pkg:/home/ssfa/ros2_ws/install/exercise_pkg:/home/ssfa/ros2_ws/install/custom_interface_example:/home/ssfa/ros2_ws/install/client_pkg:/opt/ros/humble /usr/bin/cmake --install /home/ssfa/ros2_ws/build/t3_action_msg
[5.461s] DEBUG:colcon.colcon_core.event_handler.log_command:Invoking command in '/home/ssfa/ros2_ws/build/turtlebot3_msgs': CMAKE_PREFIX_PATH=${CMAKE_PREFIX_PATH}:/home/ssfa/ros2_ws/install/turtlebot3_teleop:/home/ssfa/ros2_ws/install/turtlebot3_example:/home/ssfa/ros2_ws/install/topic_exercise:/home/ssfa/ros2_ws/install/subscriber_pkg:/home/ssfa/ros2_ws/install/services_pkg:/home/ssfa/ros2_ws/install/publisher_pkg:/home/ssfa/ros2_ws/install/my_package:/home/ssfa/ros2_ws/install/movement_pkg:/home/ssfa/ros2_ws/install/exercise_pkg:/home/ssfa/ros2_ws/install/custom_interface_example:/home/ssfa/ros2_ws/install/client_pkg:/opt/ros/humble /usr/bin/cmake --install /home/ssfa/ros2_ws/build/turtlebot3_msgs
[5.464s] DEBUG:colcon.colcon_core.event_handler.log_command:Invoking command in '/home/ssfa/ros2_ws/build/custom_interfaces': CMAKE_PREFIX_PATH=${CMAKE_PREFIX_PATH}:/home/ssfa/ros2_ws/install/turtlebot3_teleop:/home/ssfa/ros2_ws/install/turtlebot3_example:/home/ssfa/ros2_ws/install/topic_exercise:/home/ssfa/ros2_ws/install/subscriber_pkg:/home/ssfa/ros2_ws/install/services_pkg:/home/ssfa/ros2_ws/install/publisher_pkg:/home/ssfa/ros2_ws/install/my_package:/home/ssfa/ros2_ws/install/movement_pkg:/home/ssfa/ros2_ws/install/exercise_pkg:/home/ssfa/ros2_ws/install/custom_interface_example:/home/ssfa/ros2_ws/install/client_pkg:/opt/ros/humble /usr/bin/cmake --install /home/ssfa/ros2_ws/build/custom_interfaces
[5.465s] Level 1:colcon.colcon_core.environment:create_environment_scripts_only(turtlebot3_gazebo)
[5.465s] Level 1:colcon.colcon_core.environment:checking '/home/ssfa/ros2_ws/install/turtlebot3_gazebo' for CMake module files
[5.468s] Level 1:colcon.colcon_core.environment:checking '/home/ssfa/ros2_ws/install/turtlebot3_gazebo' for CMake config files
[5.473s] Level 1:colcon.colcon_core.shell:create_environment_hook('turtlebot3_gazebo', 'cmake_prefix_path')
[5.473s] INFO:colcon.colcon_core.shell:Creating environment hook '/home/ssfa/ros2_ws/install/turtlebot3_gazebo/share/turtlebot3_gazebo/hook/cmake_prefix_path.ps1'
[5.474s] INFO:colcon.colcon_core.shell:Creating environment descriptor '/home/ssfa/ros2_ws/install/turtlebot3_gazebo/share/turtlebot3_gazebo/hook/cmake_prefix_path.dsv'
[5.475s] INFO:colcon.colcon_core.shell:Creating environment hook '/home/ssfa/ros2_ws/install/turtlebot3_gazebo/share/turtlebot3_gazebo/hook/cmake_prefix_path.sh'
[5.478s] Level 1:colcon.colcon_core.environment:checking '/home/ssfa/ros2_ws/install/turtlebot3_gazebo/bin'
[5.478s] Level 1:colcon.colcon_core.environment:checking '/home/ssfa/ros2_ws/install/turtlebot3_gazebo/lib/pkgconfig/turtlebot3_gazebo.pc'
[5.479s] Level 1:colcon.colcon_core.environment:checking '/home/ssfa/ros2_ws/install/turtlebot3_gazebo/lib/python3.10/site-packages'
[5.479s] Level 1:colcon.colcon_core.environment:checking '/home/ssfa/ros2_ws/install/turtlebot3_gazebo/bin'
[5.480s] INFO:colcon.colcon_core.shell:Creating package script '/home/ssfa/ros2_ws/install/turtlebot3_gazebo/share/turtlebot3_gazebo/package.ps1'
[5.481s] INFO:colcon.colcon_core.shell:Creating package descriptor '/home/ssfa/ros2_ws/install/turtlebot3_gazebo/share/turtlebot3_gazebo/package.dsv'
[5.483s] INFO:colcon.colcon_core.shell:Creating package script '/home/ssfa/ros2_ws/install/turtlebot3_gazebo/share/turtlebot3_gazebo/package.sh'
[5.484s] INFO:colcon.colcon_core.shell:Creating package script '/home/ssfa/ros2_ws/install/turtlebot3_gazebo/share/turtlebot3_gazebo/package.bash'
[5.485s] INFO:colcon.colcon_core.shell:Creating package script '/home/ssfa/ros2_ws/install/turtlebot3_gazebo/share/turtlebot3_gazebo/package.zsh'
[5.486s] Level 1:colcon.colcon_core.environment:create_file_with_runtime_dependencies(/home/ssfa/ros2_ws/install/turtlebot3_gazebo/share/colcon-core/packages/turtlebot3_gazebo)
[5.490s] DEBUG:colcon.colcon_core.event_handler.log_command:Invoked command in '/home/ssfa/ros2_ws/build/services_pkg' returned '0': PYTHONPATH=/home/ssfa/ros2_ws/build/services_pkg/prefix_override:/usr/lib/python3/dist-packages/colcon_core/task/python/colcon_distutils_commands:/home/ssfa/ros2_ws/install/services_pkg/lib/python3.10/site-packages:${PYTHONPATH} /usr/bin/python3 -W ignore:setup.py install is deprecated setup.py develop --uninstall --editable --build-directory /home/ssfa/ros2_ws/build/services_pkg/build
[5.491s] Level 1:colcon.colcon_core.environment:checking '/home/ssfa/ros2_ws/install/turtlebot3_teleop' for CMake module files
[5.492s] DEBUG:colcon.colcon_core.event_handler.log_command:Invoking command in '/home/ssfa/ros2_ws/src/t3/services_pkg': PYTHONPATH=/home/ssfa/ros2_ws/build/services_pkg/prefix_override:/usr/lib/python3/dist-packages/colcon_core/task/python/colcon_distutils_commands:/home/ssfa/ros2_ws/install/services_pkg/lib/python3.10/site-packages:${PYTHONPATH} /usr/bin/python3 -W ignore:setup.py install is deprecated setup.py egg_info --egg-base ../../../build/services_pkg build --build-base /home/ssfa/ros2_ws/build/services_pkg/build install --record /home/ssfa/ros2_ws/build/services_pkg/install.log --install-scripts $base/lib/services_pkg --single-version-externally-managed install_data --force
[5.493s] DEBUG:colcon.colcon_core.event_handler.log_command:Invoked command in '/home/ssfa/ros2_ws/src/t3/turtlebot3/turtlebot3/turtlebot3_teleop' returned '0': PYTHONPATH=/home/ssfa/ros2_ws/build/turtlebot3_teleop/prefix_override:/usr/lib/python3/dist-packages/colcon_core/task/python/colcon_distutils_commands:/home/ssfa/ros2_ws/install/turtlebot3_teleop/lib/python3.10/site-packages:${PYTHONPATH} /usr/bin/python3 -W ignore:setup.py install is deprecated setup.py egg_info --egg-base ../../../../../build/turtlebot3_teleop build --build-base /home/ssfa/ros2_ws/build/turtlebot3_teleop/build install --record /home/ssfa/ros2_ws/build/turtlebot3_teleop/install.log --install-scripts $base/lib/turtlebot3_teleop --single-version-externally-managed install_data --force
[5.494s] Level 1:colcon.colcon_core.environment:checking '/home/ssfa/ros2_ws/install/turtlebot3_teleop' for CMake config files
[5.495s] Level 1:colcon.colcon_core.environment:checking '/home/ssfa/ros2_ws/install/turtlebot3_teleop/lib'
[5.495s] Level 1:colcon.colcon_core.environment:checking '/home/ssfa/ros2_ws/install/turtlebot3_teleop/bin'
[5.495s] Level 1:colcon.colcon_core.environment:checking '/home/ssfa/ros2_ws/install/turtlebot3_teleop/lib/pkgconfig/turtlebot3_teleop.pc'
[5.495s] Level 1:colcon.colcon_core.environment:checking '/home/ssfa/ros2_ws/install/turtlebot3_teleop/lib/python3.10/site-packages'
[5.495s] Level 1:colcon.colcon_core.shell:create_environment_hook('turtlebot3_teleop', 'pythonpath')
[5.496s] INFO:colcon.colcon_core.shell:Creating environment hook '/home/ssfa/ros2_ws/install/turtlebot3_teleop/share/turtlebot3_teleop/hook/pythonpath.ps1'
[5.497s] INFO:colcon.colcon_core.shell:Creating environment descriptor '/home/ssfa/ros2_ws/install/turtlebot3_teleop/share/turtlebot3_teleop/hook/pythonpath.dsv'
[5.497s] INFO:colcon.colcon_core.shell:Creating environment hook '/home/ssfa/ros2_ws/install/turtlebot3_teleop/share/turtlebot3_teleop/hook/pythonpath.sh'
[5.498s] Level 1:colcon.colcon_core.environment:checking '/home/ssfa/ros2_ws/install/turtlebot3_teleop/bin'
[5.498s] Level 1:colcon.colcon_core.environment:create_environment_scripts_only(turtlebot3_teleop)
[5.499s] INFO:colcon.colcon_core.shell:Creating package script '/home/ssfa/ros2_ws/install/turtlebot3_teleop/share/turtlebot3_teleop/package.ps1'
[5.500s] INFO:colcon.colcon_core.shell:Creating package descriptor '/home/ssfa/ros2_ws/install/turtlebot3_teleop/share/turtlebot3_teleop/package.dsv'
[5.500s] INFO:colcon.colcon_core.shell:Creating package script '/home/ssfa/ros2_ws/install/turtlebot3_teleop/share/turtlebot3_teleop/package.sh'
[5.501s] INFO:colcon.colcon_core.shell:Creating package script '/home/ssfa/ros2_ws/install/turtlebot3_teleop/share/turtlebot3_teleop/package.bash'
[5.501s] INFO:colcon.colcon_core.shell:Creating package script '/home/ssfa/ros2_ws/install/turtlebot3_teleop/share/turtlebot3_teleop/package.zsh'
[5.502s] Level 1:colcon.colcon_core.environment:create_file_with_runtime_dependencies(/home/ssfa/ros2_ws/install/turtlebot3_teleop/share/colcon-core/packages/turtlebot3_teleop)
[5.503s] INFO:colcon.colcon_ros.task.ament_cmake.build:Building ROS package in '/home/ssfa/ros2_ws/src/tiago_demo' with build type 'ament_cmake'
[5.503s] INFO:colcon.colcon_cmake.task.cmake.build:Building CMake package in '/home/ssfa/ros2_ws/src/tiago_demo'
[5.504s] INFO:colcon.colcon_core.shell:Skip shell extension 'powershell' for command environment: Not usable outside of PowerShell
[5.504s] DEBUG:colcon.colcon_core.shell:Skip shell extension 'dsv' for command environment
[5.535s] INFO:colcon.colcon_ros.task.ament_python.build:Building ROS package in '/home/ssfa/ros2_ws/src/topic_exercise' with build type 'ament_python'
[5.535s] Level 1:colcon.colcon_core.shell:create_environment_hook('topic_exercise', 'ament_prefix_path')
[5.535s] INFO:colcon.colcon_core.shell:Creating environment hook '/home/ssfa/ros2_ws/install/topic_exercise/share/topic_exercise/hook/ament_prefix_path.ps1'
[5.537s] INFO:colcon.colcon_core.shell:Creating environment descriptor '/home/ssfa/ros2_ws/install/topic_exercise/share/topic_exercise/hook/ament_prefix_path.dsv'
[5.537s] INFO:colcon.colcon_core.shell:Creating environment hook '/home/ssfa/ros2_ws/install/topic_exercise/share/topic_exercise/hook/ament_prefix_path.sh'
[5.538s] INFO:colcon.colcon_core.shell:Skip shell extension 'powershell' for command environment: Not usable outside of PowerShell
[5.538s] DEBUG:colcon.colcon_core.shell:Skip shell extension 'dsv' for command environment
[5.604s] DEBUG:colcon.colcon_core.event_handler.log_command:Invoking command in '/home/ssfa/ros2_ws/build/tiago_demo': CMAKE_PREFIX_PATH=${CMAKE_PREFIX_PATH}:/home/ssfa/ros2_ws/install/turtlebot3_teleop:/home/ssfa/ros2_ws/install/turtlebot3_example:/home/ssfa/ros2_ws/install/topic_exercise:/home/ssfa/ros2_ws/install/subscriber_pkg:/home/ssfa/ros2_ws/install/services_pkg:/home/ssfa/ros2_ws/install/publisher_pkg:/home/ssfa/ros2_ws/install/my_package:/home/ssfa/ros2_ws/install/movement_pkg:/home/ssfa/ros2_ws/install/exercise_pkg:/home/ssfa/ros2_ws/install/custom_interface_example:/home/ssfa/ros2_ws/install/client_pkg:/opt/ros/humble /usr/bin/cmake /home/ssfa/ros2_ws/src/tiago_demo -DCMAKE_INSTALL_PREFIX=/home/ssfa/ros2_ws/install/tiago_demo
[6.037s] INFO:colcon.colcon_core.task.python.build:Building Python package in '/home/ssfa/ros2_ws/src/topic_exercise'
[6.037s] INFO:colcon.colcon_core.shell:Skip shell extension 'powershell' for command environment: Not usable outside of PowerShell
[6.037s] DEBUG:colcon.colcon_core.shell:Skip shell extension 'dsv' for command environment
[6.053s] Level 1:colcon.colcon_core.environment:checking '/home/ssfa/ros2_ws/install/client_pkg' for CMake module files
[6.055s] DEBUG:colcon.colcon_core.event_handler.log_command:Invoked command in '/home/ssfa/ros2_ws/src/client_pkg' returned '0': PYTHONPATH=/home/ssfa/ros2_ws/build/client_pkg/prefix_override:/usr/lib/python3/dist-packages/colcon_core/task/python/colcon_distutils_commands:/home/ssfa/ros2_ws/install/client_pkg/lib/python3.10/site-packages:${PYTHONPATH} /usr/bin/python3 -W ignore:setup.py install is deprecated setup.py egg_info --egg-base ../../build/client_pkg build --build-base /home/ssfa/ros2_ws/build/client_pkg/build install --record /home/ssfa/ros2_ws/build/client_pkg/install.log --single-version-externally-managed install_data --force
[6.055s] Level 1:colcon.colcon_core.environment:checking '/home/ssfa/ros2_ws/install/client_pkg' for CMake config files
[6.056s] Level 1:colcon.colcon_core.environment:checking '/home/ssfa/ros2_ws/install/client_pkg/lib'
[6.057s] Level 1:colcon.colcon_core.environment:checking '/home/ssfa/ros2_ws/install/client_pkg/bin'
[6.057s] Level 1:colcon.colcon_core.environment:checking '/home/ssfa/ros2_ws/install/client_pkg/lib/pkgconfig/client_pkg.pc'
[6.057s] Level 1:colcon.colcon_core.environment:checking '/home/ssfa/ros2_ws/install/client_pkg/lib/python3.10/site-packages'
[6.057s] Level 1:colcon.colcon_core.shell:create_environment_hook('client_pkg', 'pythonpath')
[6.058s] INFO:colcon.colcon_core.shell:Creating environment hook '/home/ssfa/ros2_ws/install/client_pkg/share/client_pkg/hook/pythonpath.ps1'
[6.058s] INFO:colcon.colcon_core.shell:Creating environment descriptor '/home/ssfa/ros2_ws/install/client_pkg/share/client_pkg/hook/pythonpath.dsv'
[6.059s] INFO:colcon.colcon_core.shell:Creating environment hook '/home/ssfa/ros2_ws/install/client_pkg/share/client_pkg/hook/pythonpath.sh'
[6.060s] Level 1:colcon.colcon_core.environment:checking '/home/ssfa/ros2_ws/install/client_pkg/bin'
[6.060s] Level 1:colcon.colcon_core.environment:create_environment_scripts_only(client_pkg)
[6.061s] INFO:colcon.colcon_core.shell:Creating package script '/home/ssfa/ros2_ws/install/client_pkg/share/client_pkg/package.ps1'
[6.061s] INFO:colcon.colcon_core.shell:Creating package descriptor '/home/ssfa/ros2_ws/install/client_pkg/share/client_pkg/package.dsv'
[6.062s] INFO:colcon.colcon_core.shell:Creating package script '/home/ssfa/ros2_ws/install/client_pkg/share/client_pkg/package.sh'
[6.063s] INFO:colcon.colcon_core.shell:Creating package script '/home/ssfa/ros2_ws/install/client_pkg/share/client_pkg/package.bash'
[6.063s] INFO:colcon.colcon_core.shell:Creating package script '/home/ssfa/ros2_ws/install/client_pkg/share/client_pkg/package.zsh'
[6.064s] Level 1:colcon.colcon_core.environment:create_file_with_runtime_dependencies(/home/ssfa/ros2_ws/install/client_pkg/share/colcon-core/packages/client_pkg)
[6.067s] Level 1:colcon.colcon_core.environment:create_environment_scripts_only(t3_action_msg)
[6.067s] Level 1:colcon.colcon_core.environment:checking '/home/ssfa/ros2_ws/install/t3_action_msg' for CMake module files
[6.069s] DEBUG:colcon.colcon_core.event_handler.log_command:Invoked command in '/home/ssfa/ros2_ws/build/publisher_pkg' returned '0': PYTHONPATH=/home/ssfa/ros2_ws/build/publisher_pkg/prefix_override:/usr/lib/python3/dist-packages/colcon_core/task/python/colcon_distutils_commands:/home/ssfa/ros2_ws/install/publisher_pkg/lib/python3.10/site-packages:${PYTHONPATH} /usr/bin/python3 -W ignore:setup.py install is deprecated setup.py develop --uninstall --editable --build-directory /home/ssfa/ros2_ws/build/publisher_pkg/build
[6.069s] DEBUG:colcon.colcon_core.event_handler.log_command:Invoking command in '/home/ssfa/ros2_ws/src/publisher_pkg': PYTHONPATH=/home/ssfa/ros2_ws/build/publisher_pkg/prefix_override:/usr/lib/python3/dist-packages/colcon_core/task/python/colcon_distutils_commands:/home/ssfa/ros2_ws/install/publisher_pkg/lib/python3.10/site-packages:${PYTHONPATH} /usr/bin/python3 -W ignore:setup.py install is deprecated setup.py egg_info --egg-base ../../build/publisher_pkg build --build-base /home/ssfa/ros2_ws/build/publisher_pkg/build install --record /home/ssfa/ros2_ws/build/publisher_pkg/install.log --single-version-externally-managed install_data --force
[6.070s] DEBUG:colcon.colcon_core.event_handler.log_command:Invoked command in '/home/ssfa/ros2_ws/build/t3_action_msg' returned '0': CMAKE_PREFIX_PATH=${CMAKE_PREFIX_PATH}:/home/ssfa/ros2_ws/install/turtlebot3_teleop:/home/ssfa/ros2_ws/install/turtlebot3_example:/home/ssfa/ros2_ws/install/topic_exercise:/home/ssfa/ros2_ws/install/subscriber_pkg:/home/ssfa/ros2_ws/install/services_pkg:/home/ssfa/ros2_ws/install/publisher_pkg:/home/ssfa/ros2_ws/install/my_package:/home/ssfa/ros2_ws/install/movement_pkg:/home/ssfa/ros2_ws/install/exercise_pkg:/home/ssfa/ros2_ws/install/custom_interface_example:/home/ssfa/ros2_ws/install/client_pkg:/opt/ros/humble /usr/bin/cmake --install /home/ssfa/ros2_ws/build/t3_action_msg
[6.071s] Level 1:colcon.colcon_core.environment:checking '/home/ssfa/ros2_ws/install/t3_action_msg' for CMake config files
[6.071s] Level 1:colcon.colcon_core.shell:create_environment_hook('t3_action_msg', 'cmake_prefix_path')
[6.072s] INFO:colcon.colcon_core.shell:Creating environment hook '/home/ssfa/ros2_ws/install/t3_action_msg/share/t3_action_msg/hook/cmake_prefix_path.ps1'
[6.072s] INFO:colcon.colcon_core.shell:Creating environment descriptor '/home/ssfa/ros2_ws/install/t3_action_msg/share/t3_action_msg/hook/cmake_prefix_path.dsv'
[6.073s] INFO:colcon.colcon_core.shell:Creating environment hook '/home/ssfa/ros2_ws/install/t3_action_msg/share/t3_action_msg/hook/cmake_prefix_path.sh'
[6.075s] Level 1:colcon.colcon_core.environment:checking '/home/ssfa/ros2_ws/install/t3_action_msg/lib'
[6.075s] Level 1:colcon.colcon_core.shell:create_environment_hook('t3_action_msg', 'ld_library_path_lib')
[6.075s] INFO:colcon.colcon_core.shell:Creating environment hook '/home/ssfa/ros2_ws/install/t3_action_msg/share/t3_action_msg/hook/ld_library_path_lib.ps1'
[6.076s] INFO:colcon.colcon_core.shell:Creating environment descriptor '/home/ssfa/ros2_ws/install/t3_action_msg/share/t3_action_msg/hook/ld_library_path_lib.dsv'
[6.076s] INFO:colcon.colcon_core.shell:Creating environment hook '/home/ssfa/ros2_ws/install/t3_action_msg/share/t3_action_msg/hook/ld_library_path_lib.sh'
[6.077s] Level 1:colcon.colcon_core.environment:checking '/home/ssfa/ros2_ws/install/t3_action_msg/bin'
[6.077s] Level 1:colcon.colcon_core.environment:checking '/home/ssfa/ros2_ws/install/t3_action_msg/lib/pkgconfig/t3_action_msg.pc'
[6.078s] Level 1:colcon.colcon_core.environment:checking '/home/ssfa/ros2_ws/install/t3_action_msg/lib/python3.10/site-packages'
[6.078s] Level 1:colcon.colcon_core.environment:checking '/home/ssfa/ros2_ws/install/t3_action_msg/bin'
[6.079s] INFO:colcon.colcon_core.shell:Creating package script '/home/ssfa/ros2_ws/install/t3_action_msg/share/t3_action_msg/package.ps1'
[6.080s] INFO:colcon.colcon_core.shell:Creating package descriptor '/home/ssfa/ros2_ws/install/t3_action_msg/share/t3_action_msg/package.dsv'
[6.080s] INFO:colcon.colcon_core.shell:Creating package script '/home/ssfa/ros2_ws/install/t3_action_msg/share/t3_action_msg/package.sh'
[6.081s] INFO:colcon.colcon_core.shell:Creating package script '/home/ssfa/ros2_ws/install/t3_action_msg/share/t3_action_msg/package.bash'
[6.081s] INFO:colcon.colcon_core.shell:Creating package script '/home/ssfa/ros2_ws/install/t3_action_msg/share/t3_action_msg/package.zsh'
[6.082s] Level 1:colcon.colcon_core.environment:create_file_with_runtime_dependencies(/home/ssfa/ros2_ws/install/t3_action_msg/share/colcon-core/packages/t3_action_msg)
[6.084s] Level 1:colcon.colcon_core.environment:create_environment_scripts_only(turtlebot3_msgs)
[6.084s] Level 1:colcon.colcon_core.environment:checking '/home/ssfa/ros2_ws/install/turtlebot3_msgs' for CMake module files
[6.085s] DEBUG:colcon.colcon_core.event_handler.log_command:Invoked command in '/home/ssfa/ros2_ws/build/turtlebot3_msgs' returned '0': CMAKE_PREFIX_PATH=${CMAKE_PREFIX_PATH}:/home/ssfa/ros2_ws/install/turtlebot3_teleop:/home/ssfa/ros2_ws/install/turtlebot3_example:/home/ssfa/ros2_ws/install/topic_exercise:/home/ssfa/ros2_ws/install/subscriber_pkg:/home/ssfa/ros2_ws/install/services_pkg:/home/ssfa/ros2_ws/install/publisher_pkg:/home/ssfa/ros2_ws/install/my_package:/home/ssfa/ros2_ws/install/movement_pkg:/home/ssfa/ros2_ws/install/exercise_pkg:/home/ssfa/ros2_ws/install/custom_interface_example:/home/ssfa/ros2_ws/install/client_pkg:/opt/ros/humble /usr/bin/cmake --install /home/ssfa/ros2_ws/build/turtlebot3_msgs
[6.086s] Level 1:colcon.colcon_core.environment:checking '/home/ssfa/ros2_ws/install/turtlebot3_msgs' for CMake config files
[6.087s] Level 1:colcon.colcon_core.shell:create_environment_hook('turtlebot3_msgs', 'cmake_prefix_path')
[6.088s] INFO:colcon.colcon_core.shell:Creating environment hook '/home/ssfa/ros2_ws/install/turtlebot3_msgs/share/turtlebot3_msgs/hook/cmake_prefix_path.ps1'
[6.088s] INFO:colcon.colcon_core.shell:Creating environment descriptor '/home/ssfa/ros2_ws/install/turtlebot3_msgs/share/turtlebot3_msgs/hook/cmake_prefix_path.dsv'
[6.089s] INFO:colcon.colcon_core.shell:Creating environment hook '/home/ssfa/ros2_ws/install/turtlebot3_msgs/share/turtlebot3_msgs/hook/cmake_prefix_path.sh'
[6.090s] Level 1:colcon.colcon_core.environment:checking '/home/ssfa/ros2_ws/install/turtlebot3_msgs/lib'
[6.090s] Level 1:colcon.colcon_core.shell:create_environment_hook('turtlebot3_msgs', 'ld_library_path_lib')
[6.090s] INFO:colcon.colcon_core.shell:Creating environment hook '/home/ssfa/ros2_ws/install/turtlebot3_msgs/share/turtlebot3_msgs/hook/ld_library_path_lib.ps1'
[6.091s] INFO:colcon.colcon_core.shell:Creating environment descriptor '/home/ssfa/ros2_ws/install/turtlebot3_msgs/share/turtlebot3_msgs/hook/ld_library_path_lib.dsv'
[6.091s] INFO:colcon.colcon_core.shell:Creating environment hook '/home/ssfa/ros2_ws/install/turtlebot3_msgs/share/turtlebot3_msgs/hook/ld_library_path_lib.sh'
[6.092s] Level 1:colcon.colcon_core.environment:checking '/home/ssfa/ros2_ws/install/turtlebot3_msgs/bin'
[6.092s] Level 1:colcon.colcon_core.environment:checking '/home/ssfa/ros2_ws/install/turtlebot3_msgs/lib/pkgconfig/turtlebot3_msgs.pc'
[6.093s] Level 1:colcon.colcon_core.environment:checking '/home/ssfa/ros2_ws/install/turtlebot3_msgs/lib/python3.10/site-packages'
[6.093s] Level 1:colcon.colcon_core.environment:checking '/home/ssfa/ros2_ws/install/turtlebot3_msgs/bin'
[6.094s] INFO:colcon.colcon_core.shell:Creating package script '/home/ssfa/ros2_ws/install/turtlebot3_msgs/share/turtlebot3_msgs/package.ps1'
[6.095s] INFO:colcon.colcon_core.shell:Creating package descriptor '/home/ssfa/ros2_ws/install/turtlebot3_msgs/share/turtlebot3_msgs/package.dsv'
[6.096s] INFO:colcon.colcon_core.shell:Creating package script '/home/ssfa/ros2_ws/install/turtlebot3_msgs/share/turtlebot3_msgs/package.sh'
[6.098s] INFO:colcon.colcon_core.shell:Creating package script '/home/ssfa/ros2_ws/install/turtlebot3_msgs/share/turtlebot3_msgs/package.bash'
[6.098s] INFO:colcon.colcon_core.shell:Creating package script '/home/ssfa/ros2_ws/install/turtlebot3_msgs/share/turtlebot3_msgs/package.zsh'
[6.099s] Level 1:colcon.colcon_core.environment:create_file_with_runtime_dependencies(/home/ssfa/ros2_ws/install/turtlebot3_msgs/share/colcon-core/packages/turtlebot3_msgs)
[6.100s] Level 1:colcon.colcon_core.environment:create_environment_scripts_only(custom_interfaces)
[6.101s] Level 1:colcon.colcon_core.environment:checking '/home/ssfa/ros2_ws/install/custom_interfaces' for CMake module files
[6.102s] DEBUG:colcon.colcon_core.event_handler.log_command:Invoked command in '/home/ssfa/ros2_ws/build/custom_interfaces' returned '0': CMAKE_PREFIX_PATH=${CMAKE_PREFIX_PATH}:/home/ssfa/ros2_ws/install/turtlebot3_teleop:/home/ssfa/ros2_ws/install/turtlebot3_example:/home/ssfa/ros2_ws/install/topic_exercise:/home/ssfa/ros2_ws/install/subscriber_pkg:/home/ssfa/ros2_ws/install/services_pkg:/home/ssfa/ros2_ws/install/publisher_pkg:/home/ssfa/ros2_ws/install/my_package:/home/ssfa/ros2_ws/install/movement_pkg:/home/ssfa/ros2_ws/install/exercise_pkg:/home/ssfa/ros2_ws/install/custom_interface_example:/home/ssfa/ros2_ws/install/client_pkg:/opt/ros/humble /usr/bin/cmake --install /home/ssfa/ros2_ws/build/custom_interfaces
[6.104s] Level 1:colcon.colcon_core.environment:checking '/home/ssfa/ros2_ws/install/custom_interfaces' for CMake config files
[6.106s] Level 1:colcon.colcon_core.shell:create_environment_hook('custom_interfaces', 'cmake_prefix_path')
[6.107s] INFO:colcon.colcon_core.shell:Creating environment hook '/home/ssfa/ros2_ws/install/custom_interfaces/share/custom_interfaces/hook/cmake_prefix_path.ps1'
[6.108s] INFO:colcon.colcon_core.shell:Creating environment descriptor '/home/ssfa/ros2_ws/install/custom_interfaces/share/custom_interfaces/hook/cmake_prefix_path.dsv'
[6.109s] INFO:colcon.colcon_core.shell:Creating environment hook '/home/ssfa/ros2_ws/install/custom_interfaces/share/custom_interfaces/hook/cmake_prefix_path.sh'
[6.110s] Level 1:colcon.colcon_core.environment:checking '/home/ssfa/ros2_ws/install/custom_interfaces/lib'
[6.111s] Level 1:colcon.colcon_core.shell:create_environment_hook('custom_interfaces', 'ld_library_path_lib')
[6.111s] INFO:colcon.colcon_core.shell:Creating environment hook '/home/ssfa/ros2_ws/install/custom_interfaces/share/custom_interfaces/hook/ld_library_path_lib.ps1'
[6.112s] INFO:colcon.colcon_core.shell:Creating environment descriptor '/home/ssfa/ros2_ws/install/custom_interfaces/share/custom_interfaces/hook/ld_library_path_lib.dsv'
[6.113s] INFO:colcon.colcon_core.shell:Creating environment hook '/home/ssfa/ros2_ws/install/custom_interfaces/share/custom_interfaces/hook/ld_library_path_lib.sh'
[6.114s] Level 1:colcon.colcon_core.environment:checking '/home/ssfa/ros2_ws/install/custom_interfaces/bin'
[6.114s] Level 1:colcon.colcon_core.environment:checking '/home/ssfa/ros2_ws/install/custom_interfaces/lib/pkgconfig/custom_interfaces.pc'
[6.115s] Level 1:colcon.colcon_core.environment:checking '/home/ssfa/ros2_ws/install/custom_interfaces/lib/python3.10/site-packages'
[6.115s] Level 1:colcon.colcon_core.environment:checking '/home/ssfa/ros2_ws/install/custom_interfaces/bin'
[6.116s] INFO:colcon.colcon_core.shell:Creating package script '/home/ssfa/ros2_ws/install/custom_interfaces/share/custom_interfaces/package.ps1'
[6.118s] INFO:colcon.colcon_core.shell:Creating package descriptor '/home/ssfa/ros2_ws/install/custom_interfaces/share/custom_interfaces/package.dsv'
[6.119s] INFO:colcon.colcon_core.shell:Creating package script '/home/ssfa/ros2_ws/install/custom_interfaces/share/custom_interfaces/package.sh'
[6.119s] INFO:colcon.colcon_core.shell:Creating package script '/home/ssfa/ros2_ws/install/custom_interfaces/share/custom_interfaces/package.bash'
[6.120s] INFO:colcon.colcon_core.shell:Creating package script '/home/ssfa/ros2_ws/install/custom_interfaces/share/custom_interfaces/package.zsh'
[6.120s] Level 1:colcon.colcon_core.environment:create_file_with_runtime_dependencies(/home/ssfa/ros2_ws/install/custom_interfaces/share/colcon-core/packages/custom_interfaces)
[6.122s] Level 1:colcon.colcon_core.environment:checking '/home/ssfa/ros2_ws/install/exercise_pkg' for CMake module files
[6.123s] DEBUG:colcon.colcon_core.event_handler.log_command:Invoked command in '/home/ssfa/ros2_ws/src/exercise_pkg' returned '0': PYTHONPATH=/home/ssfa/ros2_ws/build/exercise_pkg/prefix_override:/usr/lib/python3/dist-packages/colcon_core/task/python/colcon_distutils_commands:/home/ssfa/ros2_ws/install/exercise_pkg/lib/python3.10/site-packages:${PYTHONPATH} /usr/bin/python3 -W ignore:setup.py install is deprecated setup.py egg_info --egg-base ../../build/exercise_pkg build --build-base /home/ssfa/ros2_ws/build/exercise_pkg/build install --record /home/ssfa/ros2_ws/build/exercise_pkg/install.log --single-version-externally-managed install_data --force
[6.124s] Level 1:colcon.colcon_core.environment:checking '/home/ssfa/ros2_ws/install/exercise_pkg' for CMake config files
[6.126s] Level 1:colcon.colcon_core.environment:checking '/home/ssfa/ros2_ws/install/exercise_pkg/lib'
[6.126s] Level 1:colcon.colcon_core.environment:checking '/home/ssfa/ros2_ws/install/exercise_pkg/bin'
[6.126s] Level 1:colcon.colcon_core.environment:checking '/home/ssfa/ros2_ws/install/exercise_pkg/lib/pkgconfig/exercise_pkg.pc'
[6.127s] Level 1:colcon.colcon_core.environment:checking '/home/ssfa/ros2_ws/install/exercise_pkg/lib/python3.10/site-packages'
[6.127s] Level 1:colcon.colcon_core.shell:create_environment_hook('exercise_pkg', 'pythonpath')
[6.128s] INFO:colcon.colcon_core.shell:Creating environment hook '/home/ssfa/ros2_ws/install/exercise_pkg/share/exercise_pkg/hook/pythonpath.ps1'
[6.129s] INFO:colcon.colcon_core.shell:Creating environment descriptor '/home/ssfa/ros2_ws/install/exercise_pkg/share/exercise_pkg/hook/pythonpath.dsv'
[6.129s] INFO:colcon.colcon_core.shell:Creating environment hook '/home/ssfa/ros2_ws/install/exercise_pkg/share/exercise_pkg/hook/pythonpath.sh'
[6.132s] Level 1:colcon.colcon_core.environment:checking '/home/ssfa/ros2_ws/install/exercise_pkg/bin'
[6.132s] Level 1:colcon.colcon_core.environment:create_environment_scripts_only(exercise_pkg)
[6.133s] INFO:colcon.colcon_core.shell:Creating package script '/home/ssfa/ros2_ws/install/exercise_pkg/share/exercise_pkg/package.ps1'
[6.134s] INFO:colcon.colcon_core.shell:Creating package descriptor '/home/ssfa/ros2_ws/install/exercise_pkg/share/exercise_pkg/package.dsv'
[6.135s] INFO:colcon.colcon_core.shell:Creating package script '/home/ssfa/ros2_ws/install/exercise_pkg/share/exercise_pkg/package.sh'
[6.136s] INFO:colcon.colcon_core.shell:Creating package script '/home/ssfa/ros2_ws/install/exercise_pkg/share/exercise_pkg/package.bash'
[6.136s] INFO:colcon.colcon_core.shell:Creating package script '/home/ssfa/ros2_ws/install/exercise_pkg/share/exercise_pkg/package.zsh'
[6.137s] Level 1:colcon.colcon_core.environment:create_file_with_runtime_dependencies(/home/ssfa/ros2_ws/install/exercise_pkg/share/colcon-core/packages/exercise_pkg)
[6.138s] INFO:colcon.colcon_ros.task.ament_cmake.build:Building ROS package in '/home/ssfa/ros2_ws/src/two_wheeled_robot' with build type 'ament_cmake'
[6.138s] INFO:colcon.colcon_cmake.task.cmake.build:Building CMake package in '/home/ssfa/ros2_ws/src/two_wheeled_robot'
[6.139s] INFO:colcon.colcon_core.shell:Skip shell extension 'powershell' for command environment: Not usable outside of PowerShell
[6.139s] DEBUG:colcon.colcon_core.shell:Skip shell extension 'dsv' for command environment
[6.149s] INFO:colcon.colcon_ros.task.ament_cmake.build:Building ROS package in '/home/ssfa/ros2_ws/src/t3/turtlebot3_simulations/turtlebot3_simulations' with build type 'ament_cmake'
[6.150s] INFO:colcon.colcon_cmake.task.cmake.build:Building CMake package in '/home/ssfa/ros2_ws/src/t3/turtlebot3_simulations/turtlebot3_simulations'
[6.151s] INFO:colcon.colcon_core.shell:Skip shell extension 'powershell' for command environment: Not usable outside of PowerShell
[6.151s] DEBUG:colcon.colcon_core.shell:Skip shell extension 'dsv' for command environment
[6.172s] DEBUG:colcon.colcon_core.event_handler.log_command:Invoking command in '/home/ssfa/ros2_ws/build/subscriber_pkg': PYTHONPATH=/home/ssfa/ros2_ws/build/subscriber_pkg/prefix_override:/usr/lib/python3/dist-packages/colcon_core/task/python/colcon_distutils_commands:/home/ssfa/ros2_ws/install/subscriber_pkg/lib/python3.10/site-packages:${PYTHONPATH} /usr/bin/python3 -W ignore:setup.py install is deprecated setup.py develop --uninstall --editable --build-directory /home/ssfa/ros2_ws/build/subscriber_pkg/build
[6.179s] DEBUG:colcon.colcon_core.event_handler.log_command:Invoking command in '/home/ssfa/ros2_ws/build/two_wheeled_robot': CMAKE_PREFIX_PATH=${CMAKE_PREFIX_PATH}:/home/ssfa/ros2_ws/install/turtlebot3_teleop:/home/ssfa/ros2_ws/install/turtlebot3_example:/home/ssfa/ros2_ws/install/topic_exercise:/home/ssfa/ros2_ws/install/subscriber_pkg:/home/ssfa/ros2_ws/install/services_pkg:/home/ssfa/ros2_ws/install/publisher_pkg:/home/ssfa/ros2_ws/install/my_package:/home/ssfa/ros2_ws/install/movement_pkg:/home/ssfa/ros2_ws/install/exercise_pkg:/home/ssfa/ros2_ws/install/custom_interface_example:/home/ssfa/ros2_ws/install/client_pkg:/opt/ros/humble /usr/bin/cmake /home/ssfa/ros2_ws/src/two_wheeled_robot -DCMAKE_INSTALL_PREFIX=/home/ssfa/ros2_ws/install/two_wheeled_robot
[6.206s] DEBUG:colcon.colcon_core.event_handler.log_command:Invoking command in '/home/ssfa/ros2_ws/build/turtlebot3_simulations': CMAKE_PREFIX_PATH=/home/ssfa/ros2_ws/install/turtlebot3_gazebo:/home/ssfa/ros2_ws/install/turtlebot3_description:/home/ssfa/ros2_ws/install/two_wheeled_robot:/home/ssfa/ros2_ws/install/turtlebot3:/home/ssfa/ros2_ws/install/turtlebot3_simulations:/home/ssfa/ros2_ws/install/turtlebot3_navigation2:/home/ssfa/ros2_ws/install/turtlebot3_msgs:/home/ssfa/ros2_ws/install/turtlebot3_bringup:/home/ssfa/ros2_ws/install/turtlebot3_cartographer:/home/ssfa/ros2_ws/install/turtlebot3_as:/home/ssfa/ros2_ws/install/t3_action_msg:/home/ssfa/ros2_ws/install/dynamixel_sdk:/home/ssfa/ros2_ws/install/custom_interfaces:/home/ssfa/ros2_ws/install/turtlebot3_teleop:/home/ssfa/ros2_ws/install/turtlebot3_example:/home/ssfa/ros2_ws/install/topic_exercise:/home/ssfa/ros2_ws/install/subscriber_pkg:/home/ssfa/ros2_ws/install/services_pkg:/home/ssfa/ros2_ws/install/publisher_pkg:/home/ssfa/ros2_ws/install/my_package:/home/ssfa/ros2_ws/install/movement_pkg:/home/ssfa/ros2_ws/install/exercise_pkg:/home/ssfa/ros2_ws/install/custom_interface_example:/home/ssfa/ros2_ws/install/client_pkg:/opt/ros/humble /usr/bin/cmake /home/ssfa/ros2_ws/src/t3/turtlebot3_simulations/turtlebot3_simulations -DCMAKE_INSTALL_PREFIX=/home/ssfa/ros2_ws/install/turtlebot3_simulations
[6.234s] Level 1:colcon.colcon_core.environment:create_environment_scripts_only(t3_action_msg)
[6.235s] Level 1:colcon.colcon_core.environment:checking '/home/ssfa/ros2_ws/install/t3_action_msg' for CMake module files
[6.236s] Level 1:colcon.colcon_core.environment:checking '/home/ssfa/ros2_ws/install/t3_action_msg' for CMake config files
[6.237s] Level 1:colcon.colcon_core.shell:create_environment_hook('t3_action_msg', 'cmake_prefix_path')
[6.237s] INFO:colcon.colcon_core.shell:Creating environment hook '/home/ssfa/ros2_ws/install/t3_action_msg/share/t3_action_msg/hook/cmake_prefix_path.ps1'
[6.238s] INFO:colcon.colcon_core.shell:Creating environment descriptor '/home/ssfa/ros2_ws/install/t3_action_msg/share/t3_action_msg/hook/cmake_prefix_path.dsv'
[6.239s] INFO:colcon.colcon_core.shell:Creating environment hook '/home/ssfa/ros2_ws/install/t3_action_msg/share/t3_action_msg/hook/cmake_prefix_path.sh'
[6.240s] Level 1:colcon.colcon_core.environment:checking '/home/ssfa/ros2_ws/install/t3_action_msg/lib'
[6.240s] Level 1:colcon.colcon_core.shell:create_environment_hook('t3_action_msg', 'ld_library_path_lib')
[6.240s] INFO:colcon.colcon_core.shell:Creating environment hook '/home/ssfa/ros2_ws/install/t3_action_msg/share/t3_action_msg/hook/ld_library_path_lib.ps1'
[6.241s] INFO:colcon.colcon_core.shell:Creating environment descriptor '/home/ssfa/ros2_ws/install/t3_action_msg/share/t3_action_msg/hook/ld_library_path_lib.dsv'
[6.241s] INFO:colcon.colcon_core.shell:Creating environment hook '/home/ssfa/ros2_ws/install/t3_action_msg/share/t3_action_msg/hook/ld_library_path_lib.sh'
[6.242s] Level 1:colcon.colcon_core.environment:checking '/home/ssfa/ros2_ws/install/t3_action_msg/bin'
[6.242s] Level 1:colcon.colcon_core.environment:checking '/home/ssfa/ros2_ws/install/t3_action_msg/lib/pkgconfig/t3_action_msg.pc'
[6.242s] Level 1:colcon.colcon_core.environment:checking '/home/ssfa/ros2_ws/install/t3_action_msg/lib/python3.10/site-packages'
[6.243s] Level 1:colcon.colcon_core.environment:checking '/home/ssfa/ros2_ws/install/t3_action_msg/bin'
[6.244s] INFO:colcon.colcon_core.shell:Creating package script '/home/ssfa/ros2_ws/install/t3_action_msg/share/t3_action_msg/package.ps1'
[6.245s] INFO:colcon.colcon_core.shell:Creating package descriptor '/home/ssfa/ros2_ws/install/t3_action_msg/share/t3_action_msg/package.dsv'
[6.246s] INFO:colcon.colcon_core.shell:Creating package script '/home/ssfa/ros2_ws/install/t3_action_msg/share/t3_action_msg/package.sh'
[6.247s] INFO:colcon.colcon_core.shell:Creating package script '/home/ssfa/ros2_ws/install/t3_action_msg/share/t3_action_msg/package.bash'
[6.248s] INFO:colcon.colcon_core.shell:Creating package script '/home/ssfa/ros2_ws/install/t3_action_msg/share/t3_action_msg/package.zsh'
[6.249s] Level 1:colcon.colcon_core.environment:create_file_with_runtime_dependencies(/home/ssfa/ros2_ws/install/t3_action_msg/share/colcon-core/packages/t3_action_msg)
[6.252s] INFO:colcon.colcon_ros.task.ament_cmake.build:Building ROS package in '/home/ssfa/ros2_ws/src/t3/turtlebot3_as' with build type 'ament_cmake'
[6.253s] INFO:colcon.colcon_cmake.task.cmake.build:Building CMake package in '/home/ssfa/ros2_ws/src/t3/turtlebot3_as'
[6.253s] INFO:colcon.colcon_core.shell:Skip shell extension 'powershell' for command environment: Not usable outside of PowerShell
[6.253s] DEBUG:colcon.colcon_core.shell:Skip shell extension 'dsv' for command environment
[6.267s] Level 1:colcon.colcon_core.environment:checking '/home/ssfa/ros2_ws/install/services_pkg' for CMake module files
[6.268s] Level 1:colcon.colcon_core.environment:checking '/home/ssfa/ros2_ws/install/services_pkg' for CMake config files
[6.269s] DEBUG:colcon.colcon_core.event_handler.log_command:Invoked command in '/home/ssfa/ros2_ws/src/t3/services_pkg' returned '0': PYTHONPATH=/home/ssfa/ros2_ws/build/services_pkg/prefix_override:/usr/lib/python3/dist-packages/colcon_core/task/python/colcon_distutils_commands:/home/ssfa/ros2_ws/install/services_pkg/lib/python3.10/site-packages:${PYTHONPATH} /usr/bin/python3 -W ignore:setup.py install is deprecated setup.py egg_info --egg-base ../../../build/services_pkg build --build-base /home/ssfa/ros2_ws/build/services_pkg/build install --record /home/ssfa/ros2_ws/build/services_pkg/install.log --install-scripts $base/lib/services_pkg --single-version-externally-managed install_data --force
[6.270s] Level 1:colcon.colcon_core.environment:checking '/home/ssfa/ros2_ws/install/services_pkg/lib'
[6.270s] Level 1:colcon.colcon_core.environment:checking '/home/ssfa/ros2_ws/install/services_pkg/bin'
[6.271s] Level 1:colcon.colcon_core.environment:checking '/home/ssfa/ros2_ws/install/services_pkg/lib/pkgconfig/services_pkg.pc'
[6.272s] Level 1:colcon.colcon_core.environment:checking '/home/ssfa/ros2_ws/install/services_pkg/lib/python3.10/site-packages'
[6.272s] Level 1:colcon.colcon_core.shell:create_environment_hook('services_pkg', 'pythonpath')
[6.272s] INFO:colcon.colcon_core.shell:Creating environment hook '/home/ssfa/ros2_ws/install/services_pkg/share/services_pkg/hook/pythonpath.ps1'
[6.273s] INFO:colcon.colcon_core.shell:Creating environment descriptor '/home/ssfa/ros2_ws/install/services_pkg/share/services_pkg/hook/pythonpath.dsv'
[6.274s] INFO:colcon.colcon_core.shell:Creating environment hook '/home/ssfa/ros2_ws/install/services_pkg/share/services_pkg/hook/pythonpath.sh'
[6.275s] Level 1:colcon.colcon_core.environment:checking '/home/ssfa/ros2_ws/install/services_pkg/bin'
[6.275s] Level 1:colcon.colcon_core.environment:create_environment_scripts_only(services_pkg)
[6.276s] INFO:colcon.colcon_core.shell:Creating package script '/home/ssfa/ros2_ws/install/services_pkg/share/services_pkg/package.ps1'
[6.277s] INFO:colcon.colcon_core.shell:Creating package descriptor '/home/ssfa/ros2_ws/install/services_pkg/share/services_pkg/package.dsv'
[6.278s] INFO:colcon.colcon_core.shell:Creating package script '/home/ssfa/ros2_ws/install/services_pkg/share/services_pkg/package.sh'
[6.279s] INFO:colcon.colcon_core.shell:Creating package script '/home/ssfa/ros2_ws/install/services_pkg/share/services_pkg/package.bash'
[6.279s] INFO:colcon.colcon_core.shell:Creating package script '/home/ssfa/ros2_ws/install/services_pkg/share/services_pkg/package.zsh'
[6.280s] Level 1:colcon.colcon_core.environment:create_file_with_runtime_dependencies(/home/ssfa/ros2_ws/install/services_pkg/share/colcon-core/packages/services_pkg)
[6.286s] DEBUG:colcon.colcon_core.event_handler.log_command:Invoking command in '/home/ssfa/ros2_ws/build/turtlebot3_as': CMAKE_PREFIX_PATH=/home/ssfa/ros2_ws/install/t3_action_msg:/home/ssfa/ros2_ws/install/two_wheeled_robot:/home/ssfa/ros2_ws/install/turtlebot3:/home/ssfa/ros2_ws/install/turtlebot3_simulations:/home/ssfa/ros2_ws/install/turtlebot3_navigation2:/home/ssfa/ros2_ws/install/turtlebot3_msgs:/home/ssfa/ros2_ws/install/turtlebot3_gazebo:/home/ssfa/ros2_ws/install/turtlebot3_bringup:/home/ssfa/ros2_ws/install/turtlebot3_description:/home/ssfa/ros2_ws/install/turtlebot3_cartographer:/home/ssfa/ros2_ws/install/turtlebot3_as:/home/ssfa/ros2_ws/install/dynamixel_sdk:/home/ssfa/ros2_ws/install/custom_interfaces:/home/ssfa/ros2_ws/install/turtlebot3_teleop:/home/ssfa/ros2_ws/install/turtlebot3_example:/home/ssfa/ros2_ws/install/topic_exercise:/home/ssfa/ros2_ws/install/subscriber_pkg:/home/ssfa/ros2_ws/install/services_pkg:/home/ssfa/ros2_ws/install/publisher_pkg:/home/ssfa/ros2_ws/install/my_package:/home/ssfa/ros2_ws/install/movement_pkg:/home/ssfa/ros2_ws/install/exercise_pkg:/home/ssfa/ros2_ws/install/custom_interface_example:/home/ssfa/ros2_ws/install/client_pkg:/opt/ros/humble LD_LIBRARY_PATH=/home/ssfa/ros2_ws/install/t3_action_msg/lib:/home/ssfa/ros2_ws/install/turtlebot3_msgs/lib:/home/ssfa/ros2_ws/install/dynamixel_sdk/lib:/home/ssfa/ros2_ws/install/custom_interfaces/lib:/usr/lib/x86_64-linux-gnu/gazebo-11/plugins:/opt/ros/humble/opt/rviz_ogre_vendor/lib:/opt/ros/humble/lib/x86_64-linux-gnu:/opt/ros/humble/lib /usr/bin/cmake /home/ssfa/ros2_ws/src/t3/turtlebot3_as -DCMAKE_INSTALL_PREFIX=/home/ssfa/ros2_ws/install/turtlebot3_as
[6.343s] Level 1:colcon.colcon_core.environment:create_environment_scripts_only(custom_interfaces)
[6.344s] Level 1:colcon.colcon_core.environment:checking '/home/ssfa/ros2_ws/install/custom_interfaces' for CMake module files
[6.345s] Level 1:colcon.colcon_core.environment:checking '/home/ssfa/ros2_ws/install/custom_interfaces' for CMake config files
[6.346s] Level 1:colcon.colcon_core.shell:create_environment_hook('custom_interfaces', 'cmake_prefix_path')
[6.347s] INFO:colcon.colcon_core.shell:Creating environment hook '/home/ssfa/ros2_ws/install/custom_interfaces/share/custom_interfaces/hook/cmake_prefix_path.ps1'
[6.348s] INFO:colcon.colcon_core.shell:Creating environment descriptor '/home/ssfa/ros2_ws/install/custom_interfaces/share/custom_interfaces/hook/cmake_prefix_path.dsv'
[6.348s] INFO:colcon.colcon_core.shell:Creating environment hook '/home/ssfa/ros2_ws/install/custom_interfaces/share/custom_interfaces/hook/cmake_prefix_path.sh'
[6.349s] Level 1:colcon.colcon_core.environment:checking '/home/ssfa/ros2_ws/install/custom_interfaces/lib'
[6.350s] Level 1:colcon.colcon_core.shell:create_environment_hook('custom_interfaces', 'ld_library_path_lib')
[6.350s] INFO:colcon.colcon_core.shell:Creating environment hook '/home/ssfa/ros2_ws/install/custom_interfaces/share/custom_interfaces/hook/ld_library_path_lib.ps1'
[6.351s] INFO:colcon.colcon_core.shell:Creating environment descriptor '/home/ssfa/ros2_ws/install/custom_interfaces/share/custom_interfaces/hook/ld_library_path_lib.dsv'
[6.352s] INFO:colcon.colcon_core.shell:Creating environment hook '/home/ssfa/ros2_ws/install/custom_interfaces/share/custom_interfaces/hook/ld_library_path_lib.sh'
[6.353s] Level 1:colcon.colcon_core.environment:checking '/home/ssfa/ros2_ws/install/custom_interfaces/bin'
[6.353s] Level 1:colcon.colcon_core.environment:checking '/home/ssfa/ros2_ws/install/custom_interfaces/lib/pkgconfig/custom_interfaces.pc'
[6.353s] Level 1:colcon.colcon_core.environment:checking '/home/ssfa/ros2_ws/install/custom_interfaces/lib/python3.10/site-packages'
[6.354s] Level 1:colcon.colcon_core.environment:checking '/home/ssfa/ros2_ws/install/custom_interfaces/bin'
[6.355s] INFO:colcon.colcon_core.shell:Creating package script '/home/ssfa/ros2_ws/install/custom_interfaces/share/custom_interfaces/package.ps1'
[6.356s] INFO:colcon.colcon_core.shell:Creating package descriptor '/home/ssfa/ros2_ws/install/custom_interfaces/share/custom_interfaces/package.dsv'
[6.357s] INFO:colcon.colcon_core.shell:Creating package script '/home/ssfa/ros2_ws/install/custom_interfaces/share/custom_interfaces/package.sh'
[6.358s] INFO:colcon.colcon_core.shell:Creating package script '/home/ssfa/ros2_ws/install/custom_interfaces/share/custom_interfaces/package.bash'
[6.359s] INFO:colcon.colcon_core.shell:Creating package script '/home/ssfa/ros2_ws/install/custom_interfaces/share/custom_interfaces/package.zsh'
[6.359s] Level 1:colcon.colcon_core.environment:create_file_with_runtime_dependencies(/home/ssfa/ros2_ws/install/custom_interfaces/share/colcon-core/packages/custom_interfaces)
[6.361s] INFO:colcon.colcon_ros.task.ament_python.build:Building ROS package in '/home/ssfa/ros2_ws/src/custom_interface_example' with build type 'ament_python'
[6.361s] Level 1:colcon.colcon_core.shell:create_environment_hook('custom_interface_example', 'ament_prefix_path')
[6.362s] INFO:colcon.colcon_core.shell:Creating environment hook '/home/ssfa/ros2_ws/install/custom_interface_example/share/custom_interface_example/hook/ament_prefix_path.ps1'
[6.363s] INFO:colcon.colcon_core.shell:Creating environment descriptor '/home/ssfa/ros2_ws/install/custom_interface_example/share/custom_interface_example/hook/ament_prefix_path.dsv'
[6.363s] INFO:colcon.colcon_core.shell:Creating environment hook '/home/ssfa/ros2_ws/install/custom_interface_example/share/custom_interface_example/hook/ament_prefix_path.sh'
[6.364s] INFO:colcon.colcon_core.shell:Skip shell extension 'powershell' for command environment: Not usable outside of PowerShell
[6.364s] DEBUG:colcon.colcon_core.shell:Skip shell extension 'dsv' for command environment
[6.375s] INFO:colcon.colcon_ros.task.ament_python.build:Building ROS package in '/home/ssfa/ros2_ws/src/movement_pkg' with build type 'ament_python'
[6.375s] Level 1:colcon.colcon_core.shell:create_environment_hook('movement_pkg', 'ament_prefix_path')
[6.375s] INFO:colcon.colcon_core.shell:Creating environment hook '/home/ssfa/ros2_ws/install/movement_pkg/share/movement_pkg/hook/ament_prefix_path.ps1'
[6.376s] INFO:colcon.colcon_core.shell:Creating environment descriptor '/home/ssfa/ros2_ws/install/movement_pkg/share/movement_pkg/hook/ament_prefix_path.dsv'
[6.377s] INFO:colcon.colcon_core.shell:Creating environment hook '/home/ssfa/ros2_ws/install/movement_pkg/share/movement_pkg/hook/ament_prefix_path.sh'
[6.378s] INFO:colcon.colcon_core.shell:Skip shell extension 'powershell' for command environment: Not usable outside of PowerShell
[6.378s] DEBUG:colcon.colcon_core.shell:Skip shell extension 'dsv' for command environment
[7.055s] INFO:colcon.colcon_core.task.python.build:Building Python package in '/home/ssfa/ros2_ws/src/movement_pkg'
[7.056s] INFO:colcon.colcon_core.shell:Skip shell extension 'powershell' for command environment: Not usable outside of PowerShell
[7.056s] DEBUG:colcon.colcon_core.shell:Skip shell extension 'dsv' for command environment
[7.067s] Level 1:colcon.colcon_core.environment:checking '/home/ssfa/ros2_ws/install/my_package' for CMake module files
[7.068s] DEBUG:colcon.colcon_core.event_handler.log_command:Invoked command in '/home/ssfa/ros2_ws/src/my_package' returned '0': PYTHONPATH=/home/ssfa/ros2_ws/build/my_package/prefix_override:/usr/lib/python3/dist-packages/colcon_core/task/python/colcon_distutils_commands:/home/ssfa/ros2_ws/install/my_package/lib/python3.10/site-packages:${PYTHONPATH} /usr/bin/python3 -W ignore:setup.py install is deprecated setup.py egg_info --egg-base ../../build/my_package build --build-base /home/ssfa/ros2_ws/build/my_package/build install --record /home/ssfa/ros2_ws/build/my_package/install.log --single-version-externally-managed install_data --force
[7.069s] Level 1:colcon.colcon_core.environment:checking '/home/ssfa/ros2_ws/install/my_package' for CMake config files
[7.070s] Level 1:colcon.colcon_core.environment:checking '/home/ssfa/ros2_ws/install/my_package/lib'
[7.070s] Level 1:colcon.colcon_core.environment:checking '/home/ssfa/ros2_ws/install/my_package/bin'
[7.070s] Level 1:colcon.colcon_core.environment:checking '/home/ssfa/ros2_ws/install/my_package/lib/pkgconfig/my_package.pc'
[7.071s] Level 1:colcon.colcon_core.environment:checking '/home/ssfa/ros2_ws/install/my_package/lib/python3.10/site-packages'
[7.071s] Level 1:colcon.colcon_core.shell:create_environment_hook('my_package', 'pythonpath')
[7.071s] INFO:colcon.colcon_core.shell:Creating environment hook '/home/ssfa/ros2_ws/install/my_package/share/my_package/hook/pythonpath.ps1'
[7.072s] INFO:colcon.colcon_core.shell:Creating environment descriptor '/home/ssfa/ros2_ws/install/my_package/share/my_package/hook/pythonpath.dsv'
[7.072s] INFO:colcon.colcon_core.shell:Creating environment hook '/home/ssfa/ros2_ws/install/my_package/share/my_package/hook/pythonpath.sh'
[7.073s] Level 1:colcon.colcon_core.environment:checking '/home/ssfa/ros2_ws/install/my_package/bin'
[7.073s] Level 1:colcon.colcon_core.environment:create_environment_scripts_only(my_package)
[7.074s] INFO:colcon.colcon_core.shell:Creating package script '/home/ssfa/ros2_ws/install/my_package/share/my_package/package.ps1'
[7.074s] INFO:colcon.colcon_core.shell:Creating package descriptor '/home/ssfa/ros2_ws/install/my_package/share/my_package/package.dsv'
[7.075s] INFO:colcon.colcon_core.shell:Creating package script '/home/ssfa/ros2_ws/install/my_package/share/my_package/package.sh'
[7.076s] INFO:colcon.colcon_core.shell:Creating package script '/home/ssfa/ros2_ws/install/my_package/share/my_package/package.bash'
[7.076s] INFO:colcon.colcon_core.shell:Creating package script '/home/ssfa/ros2_ws/install/my_package/share/my_package/package.zsh'
[7.076s] Level 1:colcon.colcon_core.environment:create_file_with_runtime_dependencies(/home/ssfa/ros2_ws/install/my_package/share/colcon-core/packages/my_package)
[7.081s] Level 1:colcon.colcon_core.environment:checking '/home/ssfa/ros2_ws/install/publisher_pkg' for CMake module files
[7.082s] DEBUG:colcon.colcon_core.event_handler.log_command:Invoked command in '/home/ssfa/ros2_ws/build/turtlebot3_simulations' returned '0': CMAKE_PREFIX_PATH=/home/ssfa/ros2_ws/install/turtlebot3_gazebo:/home/ssfa/ros2_ws/install/turtlebot3_description:/home/ssfa/ros2_ws/install/two_wheeled_robot:/home/ssfa/ros2_ws/install/turtlebot3:/home/ssfa/ros2_ws/install/turtlebot3_simulations:/home/ssfa/ros2_ws/install/turtlebot3_navigation2:/home/ssfa/ros2_ws/install/turtlebot3_msgs:/home/ssfa/ros2_ws/install/turtlebot3_bringup:/home/ssfa/ros2_ws/install/turtlebot3_cartographer:/home/ssfa/ros2_ws/install/turtlebot3_as:/home/ssfa/ros2_ws/install/t3_action_msg:/home/ssfa/ros2_ws/install/dynamixel_sdk:/home/ssfa/ros2_ws/install/custom_interfaces:/home/ssfa/ros2_ws/install/turtlebot3_teleop:/home/ssfa/ros2_ws/install/turtlebot3_example:/home/ssfa/ros2_ws/install/topic_exercise:/home/ssfa/ros2_ws/install/subscriber_pkg:/home/ssfa/ros2_ws/install/services_pkg:/home/ssfa/ros2_ws/install/publisher_pkg:/home/ssfa/ros2_ws/install/my_package:/home/ssfa/ros2_ws/install/movement_pkg:/home/ssfa/ros2_ws/install/exercise_pkg:/home/ssfa/ros2_ws/install/custom_interface_example:/home/ssfa/ros2_ws/install/client_pkg:/opt/ros/humble /usr/bin/cmake /home/ssfa/ros2_ws/src/t3/turtlebot3_simulations/turtlebot3_simulations -DCMAKE_INSTALL_PREFIX=/home/ssfa/ros2_ws/install/turtlebot3_simulations
[7.083s] DEBUG:colcon.colcon_core.event_handler.log_command:Invoking command in '/home/ssfa/ros2_ws/build/turtlebot3_simulations': CMAKE_PREFIX_PATH=/home/ssfa/ros2_ws/install/turtlebot3_gazebo:/home/ssfa/ros2_ws/install/turtlebot3_description:/home/ssfa/ros2_ws/install/two_wheeled_robot:/home/ssfa/ros2_ws/install/turtlebot3:/home/ssfa/ros2_ws/install/turtlebot3_simulations:/home/ssfa/ros2_ws/install/turtlebot3_navigation2:/home/ssfa/ros2_ws/install/turtlebot3_msgs:/home/ssfa/ros2_ws/install/turtlebot3_bringup:/home/ssfa/ros2_ws/install/turtlebot3_cartographer:/home/ssfa/ros2_ws/install/turtlebot3_as:/home/ssfa/ros2_ws/install/t3_action_msg:/home/ssfa/ros2_ws/install/dynamixel_sdk:/home/ssfa/ros2_ws/install/custom_interfaces:/home/ssfa/ros2_ws/install/turtlebot3_teleop:/home/ssfa/ros2_ws/install/turtlebot3_example:/home/ssfa/ros2_ws/install/topic_exercise:/home/ssfa/ros2_ws/install/subscriber_pkg:/home/ssfa/ros2_ws/install/services_pkg:/home/ssfa/ros2_ws/install/publisher_pkg:/home/ssfa/ros2_ws/install/my_package:/home/ssfa/ros2_ws/install/movement_pkg:/home/ssfa/ros2_ws/install/exercise_pkg:/home/ssfa/ros2_ws/install/custom_interface_example:/home/ssfa/ros2_ws/install/client_pkg:/opt/ros/humble /usr/bin/cmake --build /home/ssfa/ros2_ws/build/turtlebot3_simulations -- -j12 -l12
[7.084s] DEBUG:colcon.colcon_core.event_handler.log_command:Invoked command in '/home/ssfa/ros2_ws/build/tiago_demo' returned '0': CMAKE_PREFIX_PATH=${CMAKE_PREFIX_PATH}:/home/ssfa/ros2_ws/install/turtlebot3_teleop:/home/ssfa/ros2_ws/install/turtlebot3_example:/home/ssfa/ros2_ws/install/topic_exercise:/home/ssfa/ros2_ws/install/subscriber_pkg:/home/ssfa/ros2_ws/install/services_pkg:/home/ssfa/ros2_ws/install/publisher_pkg:/home/ssfa/ros2_ws/install/my_package:/home/ssfa/ros2_ws/install/movement_pkg:/home/ssfa/ros2_ws/install/exercise_pkg:/home/ssfa/ros2_ws/install/custom_interface_example:/home/ssfa/ros2_ws/install/client_pkg:/opt/ros/humble /usr/bin/cmake /home/ssfa/ros2_ws/src/tiago_demo -DCMAKE_INSTALL_PREFIX=/home/ssfa/ros2_ws/install/tiago_demo
[7.084s] DEBUG:colcon.colcon_core.event_handler.log_command:Invoking command in '/home/ssfa/ros2_ws/build/tiago_demo': CMAKE_PREFIX_PATH=${CMAKE_PREFIX_PATH}:/home/ssfa/ros2_ws/install/turtlebot3_teleop:/home/ssfa/ros2_ws/install/turtlebot3_example:/home/ssfa/ros2_ws/install/topic_exercise:/home/ssfa/ros2_ws/install/subscriber_pkg:/home/ssfa/ros2_ws/install/services_pkg:/home/ssfa/ros2_ws/install/publisher_pkg:/home/ssfa/ros2_ws/install/my_package:/home/ssfa/ros2_ws/install/movement_pkg:/home/ssfa/ros2_ws/install/exercise_pkg:/home/ssfa/ros2_ws/install/custom_interface_example:/home/ssfa/ros2_ws/install/client_pkg:/opt/ros/humble /usr/bin/cmake --build /home/ssfa/ros2_ws/build/tiago_demo -- -j12 -l12
[7.085s] DEBUG:colcon.colcon_core.event_handler.log_command:Invoked command in '/home/ssfa/ros2_ws/src/publisher_pkg' returned '0': PYTHONPATH=/home/ssfa/ros2_ws/build/publisher_pkg/prefix_override:/usr/lib/python3/dist-packages/colcon_core/task/python/colcon_distutils_commands:/home/ssfa/ros2_ws/install/publisher_pkg/lib/python3.10/site-packages:${PYTHONPATH} /usr/bin/python3 -W ignore:setup.py install is deprecated setup.py egg_info --egg-base ../../build/publisher_pkg build --build-base /home/ssfa/ros2_ws/build/publisher_pkg/build install --record /home/ssfa/ros2_ws/build/publisher_pkg/install.log --single-version-externally-managed install_data --force
[7.085s] Level 1:colcon.colcon_core.environment:checking '/home/ssfa/ros2_ws/install/publisher_pkg' for CMake config files
[7.087s] Level 1:colcon.colcon_core.environment:checking '/home/ssfa/ros2_ws/install/publisher_pkg/lib'
[7.087s] Level 1:colcon.colcon_core.environment:checking '/home/ssfa/ros2_ws/install/publisher_pkg/bin'
[7.087s] Level 1:colcon.colcon_core.environment:checking '/home/ssfa/ros2_ws/install/publisher_pkg/lib/pkgconfig/publisher_pkg.pc'
[7.087s] Level 1:colcon.colcon_core.environment:checking '/home/ssfa/ros2_ws/install/publisher_pkg/lib/python3.10/site-packages'
[7.088s] Level 1:colcon.colcon_core.shell:create_environment_hook('publisher_pkg', 'pythonpath')
[7.088s] INFO:colcon.colcon_core.shell:Creating environment hook '/home/ssfa/ros2_ws/install/publisher_pkg/share/publisher_pkg/hook/pythonpath.ps1'
[7.091s] INFO:colcon.colcon_core.shell:Creating environment descriptor '/home/ssfa/ros2_ws/install/publisher_pkg/share/publisher_pkg/hook/pythonpath.dsv'
[7.092s] INFO:colcon.colcon_core.shell:Creating environment hook '/home/ssfa/ros2_ws/install/publisher_pkg/share/publisher_pkg/hook/pythonpath.sh'
[7.093s] Level 1:colcon.colcon_core.environment:checking '/home/ssfa/ros2_ws/install/publisher_pkg/bin'
[7.093s] Level 1:colcon.colcon_core.environment:create_environment_scripts_only(publisher_pkg)
[7.094s] INFO:colcon.colcon_core.shell:Creating package script '/home/ssfa/ros2_ws/install/publisher_pkg/share/publisher_pkg/package.ps1'
[7.095s] INFO:colcon.colcon_core.shell:Creating package descriptor '/home/ssfa/ros2_ws/install/publisher_pkg/share/publisher_pkg/package.dsv'
[7.095s] INFO:colcon.colcon_core.shell:Creating package script '/home/ssfa/ros2_ws/install/publisher_pkg/share/publisher_pkg/package.sh'
[7.096s] INFO:colcon.colcon_core.shell:Creating package script '/home/ssfa/ros2_ws/install/publisher_pkg/share/publisher_pkg/package.bash'
[7.097s] INFO:colcon.colcon_core.shell:Creating package script '/home/ssfa/ros2_ws/install/publisher_pkg/share/publisher_pkg/package.zsh'
[7.097s] Level 1:colcon.colcon_core.environment:create_file_with_runtime_dependencies(/home/ssfa/ros2_ws/install/publisher_pkg/share/colcon-core/packages/publisher_pkg)
[7.492s] INFO:colcon.colcon_core.task.python.build:Building Python package in '/home/ssfa/ros2_ws/src/custom_interface_example'
[7.493s] INFO:colcon.colcon_core.shell:Skip shell extension 'powershell' for command environment: Not usable outside of PowerShell
[7.493s] DEBUG:colcon.colcon_core.shell:Skip shell extension 'dsv' for command environment
[7.498s] Level 1:colcon.colcon_core.environment:create_environment_scripts_only(turtlebot3_msgs)
[7.499s] Level 1:colcon.colcon_core.environment:checking '/home/ssfa/ros2_ws/install/turtlebot3_msgs' for CMake module files
[7.500s] Level 1:colcon.colcon_core.environment:checking '/home/ssfa/ros2_ws/install/turtlebot3_msgs' for CMake config files
[7.500s] Level 1:colcon.colcon_core.shell:create_environment_hook('turtlebot3_msgs', 'cmake_prefix_path')
[7.501s] INFO:colcon.colcon_core.shell:Creating environment hook '/home/ssfa/ros2_ws/install/turtlebot3_msgs/share/turtlebot3_msgs/hook/cmake_prefix_path.ps1'
[7.501s] INFO:colcon.colcon_core.shell:Creating environment descriptor '/home/ssfa/ros2_ws/install/turtlebot3_msgs/share/turtlebot3_msgs/hook/cmake_prefix_path.dsv'
[7.501s] INFO:colcon.colcon_core.shell:Creating environment hook '/home/ssfa/ros2_ws/install/turtlebot3_msgs/share/turtlebot3_msgs/hook/cmake_prefix_path.sh'
[7.502s] Level 1:colcon.colcon_core.environment:checking '/home/ssfa/ros2_ws/install/turtlebot3_msgs/lib'
[7.502s] Level 1:colcon.colcon_core.shell:create_environment_hook('turtlebot3_msgs', 'ld_library_path_lib')
[7.503s] INFO:colcon.colcon_core.shell:Creating environment hook '/home/ssfa/ros2_ws/install/turtlebot3_msgs/share/turtlebot3_msgs/hook/ld_library_path_lib.ps1'
[7.503s] INFO:colcon.colcon_core.shell:Creating environment descriptor '/home/ssfa/ros2_ws/install/turtlebot3_msgs/share/turtlebot3_msgs/hook/ld_library_path_lib.dsv'
[7.503s] INFO:colcon.colcon_core.shell:Creating environment hook '/home/ssfa/ros2_ws/install/turtlebot3_msgs/share/turtlebot3_msgs/hook/ld_library_path_lib.sh'
[7.504s] Level 1:colcon.colcon_core.environment:checking '/home/ssfa/ros2_ws/install/turtlebot3_msgs/bin'
[7.504s] Level 1:colcon.colcon_core.environment:checking '/home/ssfa/ros2_ws/install/turtlebot3_msgs/lib/pkgconfig/turtlebot3_msgs.pc'
[7.504s] Level 1:colcon.colcon_core.environment:checking '/home/ssfa/ros2_ws/install/turtlebot3_msgs/lib/python3.10/site-packages'
[7.504s] Level 1:colcon.colcon_core.environment:checking '/home/ssfa/ros2_ws/install/turtlebot3_msgs/bin'
[7.505s] INFO:colcon.colcon_core.shell:Creating package script '/home/ssfa/ros2_ws/install/turtlebot3_msgs/share/turtlebot3_msgs/package.ps1'
[7.505s] INFO:colcon.colcon_core.shell:Creating package descriptor '/home/ssfa/ros2_ws/install/turtlebot3_msgs/share/turtlebot3_msgs/package.dsv'
[7.506s] INFO:colcon.colcon_core.shell:Creating package script '/home/ssfa/ros2_ws/install/turtlebot3_msgs/share/turtlebot3_msgs/package.sh'
[7.506s] INFO:colcon.colcon_core.shell:Creating package script '/home/ssfa/ros2_ws/install/turtlebot3_msgs/share/turtlebot3_msgs/package.bash'
[7.507s] INFO:colcon.colcon_core.shell:Creating package script '/home/ssfa/ros2_ws/install/turtlebot3_msgs/share/turtlebot3_msgs/package.zsh'
[7.507s] Level 1:colcon.colcon_core.environment:create_file_with_runtime_dependencies(/home/ssfa/ros2_ws/install/turtlebot3_msgs/share/colcon-core/packages/turtlebot3_msgs)
[7.510s] INFO:colcon.colcon_ros.task.ament_python.build:Building ROS package in '/home/ssfa/ros2_ws/src/t3/turtlebot3/turtlebot3/turtlebot3_example' with build type 'ament_python'
[7.510s] Level 1:colcon.colcon_core.shell:create_environment_hook('turtlebot3_example', 'ament_prefix_path')
[7.511s] INFO:colcon.colcon_core.shell:Creating environment hook '/home/ssfa/ros2_ws/install/turtlebot3_example/share/turtlebot3_example/hook/ament_prefix_path.ps1'
[7.512s] DEBUG:colcon.colcon_core.event_handler.log_command:Invoking command in '/home/ssfa/ros2_ws/build/topic_exercise': PYTHONPATH=/home/ssfa/ros2_ws/build/topic_exercise/prefix_override:/usr/lib/python3/dist-packages/colcon_core/task/python/colcon_distutils_commands:/home/ssfa/ros2_ws/install/topic_exercise/lib/python3.10/site-packages:${PYTHONPATH} /usr/bin/python3 -W ignore:setup.py install is deprecated setup.py develop --uninstall --editable --build-directory /home/ssfa/ros2_ws/build/topic_exercise/build
[7.512s] INFO:colcon.colcon_core.shell:Creating environment descriptor '/home/ssfa/ros2_ws/install/turtlebot3_example/share/turtlebot3_example/hook/ament_prefix_path.dsv'
[7.513s] INFO:colcon.colcon_core.shell:Creating environment hook '/home/ssfa/ros2_ws/install/turtlebot3_example/share/turtlebot3_example/hook/ament_prefix_path.sh'
[7.514s] INFO:colcon.colcon_core.shell:Skip shell extension 'powershell' for command environment: Not usable outside of PowerShell
[7.514s] DEBUG:colcon.colcon_core.shell:Skip shell extension 'dsv' for command environment
[7.529s] DEBUG:colcon.colcon_core.event_handler.log_command:Invoked command in '/home/ssfa/ros2_ws/build/tiago_demo' returned '0': CMAKE_PREFIX_PATH=${CMAKE_PREFIX_PATH}:/home/ssfa/ros2_ws/install/turtlebot3_teleop:/home/ssfa/ros2_ws/install/turtlebot3_example:/home/ssfa/ros2_ws/install/topic_exercise:/home/ssfa/ros2_ws/install/subscriber_pkg:/home/ssfa/ros2_ws/install/services_pkg:/home/ssfa/ros2_ws/install/publisher_pkg:/home/ssfa/ros2_ws/install/my_package:/home/ssfa/ros2_ws/install/movement_pkg:/home/ssfa/ros2_ws/install/exercise_pkg:/home/ssfa/ros2_ws/install/custom_interface_example:/home/ssfa/ros2_ws/install/client_pkg:/opt/ros/humble /usr/bin/cmake --build /home/ssfa/ros2_ws/build/tiago_demo -- -j12 -l12
[7.543s] DEBUG:colcon.colcon_core.event_handler.log_command:Invoked command in '/home/ssfa/ros2_ws/build/turtlebot3_simulations' returned '0': CMAKE_PREFIX_PATH=/home/ssfa/ros2_ws/install/turtlebot3_gazebo:/home/ssfa/ros2_ws/install/turtlebot3_description:/home/ssfa/ros2_ws/install/two_wheeled_robot:/home/ssfa/ros2_ws/install/turtlebot3:/home/ssfa/ros2_ws/install/turtlebot3_simulations:/home/ssfa/ros2_ws/install/turtlebot3_navigation2:/home/ssfa/ros2_ws/install/turtlebot3_msgs:/home/ssfa/ros2_ws/install/turtlebot3_bringup:/home/ssfa/ros2_ws/install/turtlebot3_cartographer:/home/ssfa/ros2_ws/install/turtlebot3_as:/home/ssfa/ros2_ws/install/t3_action_msg:/home/ssfa/ros2_ws/install/dynamixel_sdk:/home/ssfa/ros2_ws/install/custom_interfaces:/home/ssfa/ros2_ws/install/turtlebot3_teleop:/home/ssfa/ros2_ws/install/turtlebot3_example:/home/ssfa/ros2_ws/install/topic_exercise:/home/ssfa/ros2_ws/install/subscriber_pkg:/home/ssfa/ros2_ws/install/services_pkg:/home/ssfa/ros2_ws/install/publisher_pkg:/home/ssfa/ros2_ws/install/my_package:/home/ssfa/ros2_ws/install/movement_pkg:/home/ssfa/ros2_ws/install/exercise_pkg:/home/ssfa/ros2_ws/install/custom_interface_example:/home/ssfa/ros2_ws/install/client_pkg:/opt/ros/humble /usr/bin/cmake --build /home/ssfa/ros2_ws/build/turtlebot3_simulations -- -j12 -l12
[7.544s] DEBUG:colcon.colcon_core.event_handler.log_command:Invoked command in '/home/ssfa/ros2_ws/build/subscriber_pkg' returned '0': PYTHONPATH=/home/ssfa/ros2_ws/build/subscriber_pkg/prefix_override:/usr/lib/python3/dist-packages/colcon_core/task/python/colcon_distutils_commands:/home/ssfa/ros2_ws/install/subscriber_pkg/lib/python3.10/site-packages:${PYTHONPATH} /usr/bin/python3 -W ignore:setup.py install is deprecated setup.py develop --uninstall --editable --build-directory /home/ssfa/ros2_ws/build/subscriber_pkg/build
[7.548s] DEBUG:colcon.colcon_core.event_handler.log_command:Invoking command in '/home/ssfa/ros2_ws/src/subscriber_pkg': PYTHONPATH=/home/ssfa/ros2_ws/build/subscriber_pkg/prefix_override:/usr/lib/python3/dist-packages/colcon_core/task/python/colcon_distutils_commands:/home/ssfa/ros2_ws/install/subscriber_pkg/lib/python3.10/site-packages:${PYTHONPATH} /usr/bin/python3 -W ignore:setup.py install is deprecated setup.py egg_info --egg-base ../../build/subscriber_pkg build --build-base /home/ssfa/ros2_ws/build/subscriber_pkg/build install --record /home/ssfa/ros2_ws/build/subscriber_pkg/install.log --single-version-externally-managed install_data --force
[8.223s] INFO:colcon.colcon_core.task.python.build:Building Python package in '/home/ssfa/ros2_ws/src/t3/turtlebot3/turtlebot3/turtlebot3_example'
[8.225s] INFO:colcon.colcon_core.shell:Skip shell extension 'powershell' for command environment: Not usable outside of PowerShell
[8.227s] DEBUG:colcon.colcon_core.shell:Skip shell extension 'dsv' for command environment
[8.247s] DEBUG:colcon.colcon_core.event_handler.log_command:Invoking command in '/home/ssfa/ros2_ws/build/turtlebot3_simulations': CMAKE_PREFIX_PATH=/home/ssfa/ros2_ws/install/turtlebot3_gazebo:/home/ssfa/ros2_ws/install/turtlebot3_description:/home/ssfa/ros2_ws/install/two_wheeled_robot:/home/ssfa/ros2_ws/install/turtlebot3:/home/ssfa/ros2_ws/install/turtlebot3_simulations:/home/ssfa/ros2_ws/install/turtlebot3_navigation2:/home/ssfa/ros2_ws/install/turtlebot3_msgs:/home/ssfa/ros2_ws/install/turtlebot3_bringup:/home/ssfa/ros2_ws/install/turtlebot3_cartographer:/home/ssfa/ros2_ws/install/turtlebot3_as:/home/ssfa/ros2_ws/install/t3_action_msg:/home/ssfa/ros2_ws/install/dynamixel_sdk:/home/ssfa/ros2_ws/install/custom_interfaces:/home/ssfa/ros2_ws/install/turtlebot3_teleop:/home/ssfa/ros2_ws/install/turtlebot3_example:/home/ssfa/ros2_ws/install/topic_exercise:/home/ssfa/ros2_ws/install/subscriber_pkg:/home/ssfa/ros2_ws/install/services_pkg:/home/ssfa/ros2_ws/install/publisher_pkg:/home/ssfa/ros2_ws/install/my_package:/home/ssfa/ros2_ws/install/movement_pkg:/home/ssfa/ros2_ws/install/exercise_pkg:/home/ssfa/ros2_ws/install/custom_interface_example:/home/ssfa/ros2_ws/install/client_pkg:/opt/ros/humble /usr/bin/cmake --install /home/ssfa/ros2_ws/build/turtlebot3_simulations
[8.266s] DEBUG:colcon.colcon_core.event_handler.log_command:Invoking command in '/home/ssfa/ros2_ws/build/tiago_demo': CMAKE_PREFIX_PATH=${CMAKE_PREFIX_PATH}:/home/ssfa/ros2_ws/install/turtlebot3_teleop:/home/ssfa/ros2_ws/install/turtlebot3_example:/home/ssfa/ros2_ws/install/topic_exercise:/home/ssfa/ros2_ws/install/subscriber_pkg:/home/ssfa/ros2_ws/install/services_pkg:/home/ssfa/ros2_ws/install/publisher_pkg:/home/ssfa/ros2_ws/install/my_package:/home/ssfa/ros2_ws/install/movement_pkg:/home/ssfa/ros2_ws/install/exercise_pkg:/home/ssfa/ros2_ws/install/custom_interface_example:/home/ssfa/ros2_ws/install/client_pkg:/opt/ros/humble /usr/bin/cmake --install /home/ssfa/ros2_ws/build/tiago_demo
[8.269s] DEBUG:colcon.colcon_core.event_handler.log_command:Invoked command in '/home/ssfa/ros2_ws/build/turtlebot3_as' returned '0': CMAKE_PREFIX_PATH=/home/ssfa/ros2_ws/install/t3_action_msg:/home/ssfa/ros2_ws/install/two_wheeled_robot:/home/ssfa/ros2_ws/install/turtlebot3:/home/ssfa/ros2_ws/install/turtlebot3_simulations:/home/ssfa/ros2_ws/install/turtlebot3_navigation2:/home/ssfa/ros2_ws/install/turtlebot3_msgs:/home/ssfa/ros2_ws/install/turtlebot3_gazebo:/home/ssfa/ros2_ws/install/turtlebot3_bringup:/home/ssfa/ros2_ws/install/turtlebot3_description:/home/ssfa/ros2_ws/install/turtlebot3_cartographer:/home/ssfa/ros2_ws/install/turtlebot3_as:/home/ssfa/ros2_ws/install/dynamixel_sdk:/home/ssfa/ros2_ws/install/custom_interfaces:/home/ssfa/ros2_ws/install/turtlebot3_teleop:/home/ssfa/ros2_ws/install/turtlebot3_example:/home/ssfa/ros2_ws/install/topic_exercise:/home/ssfa/ros2_ws/install/subscriber_pkg:/home/ssfa/ros2_ws/install/services_pkg:/home/ssfa/ros2_ws/install/publisher_pkg:/home/ssfa/ros2_ws/install/my_package:/home/ssfa/ros2_ws/install/movement_pkg:/home/ssfa/ros2_ws/install/exercise_pkg:/home/ssfa/ros2_ws/install/custom_interface_example:/home/ssfa/ros2_ws/install/client_pkg:/opt/ros/humble LD_LIBRARY_PATH=/home/ssfa/ros2_ws/install/t3_action_msg/lib:/home/ssfa/ros2_ws/install/turtlebot3_msgs/lib:/home/ssfa/ros2_ws/install/dynamixel_sdk/lib:/home/ssfa/ros2_ws/install/custom_interfaces/lib:/usr/lib/x86_64-linux-gnu/gazebo-11/plugins:/opt/ros/humble/opt/rviz_ogre_vendor/lib:/opt/ros/humble/lib/x86_64-linux-gnu:/opt/ros/humble/lib /usr/bin/cmake /home/ssfa/ros2_ws/src/t3/turtlebot3_as -DCMAKE_INSTALL_PREFIX=/home/ssfa/ros2_ws/install/turtlebot3_as
[8.283s] DEBUG:colcon.colcon_core.event_handler.log_command:Invoking command in '/home/ssfa/ros2_ws/build/turtlebot3_as': CMAKE_PREFIX_PATH=/home/ssfa/ros2_ws/install/t3_action_msg:/home/ssfa/ros2_ws/install/two_wheeled_robot:/home/ssfa/ros2_ws/install/turtlebot3:/home/ssfa/ros2_ws/install/turtlebot3_simulations:/home/ssfa/ros2_ws/install/turtlebot3_navigation2:/home/ssfa/ros2_ws/install/turtlebot3_msgs:/home/ssfa/ros2_ws/install/turtlebot3_gazebo:/home/ssfa/ros2_ws/install/turtlebot3_bringup:/home/ssfa/ros2_ws/install/turtlebot3_description:/home/ssfa/ros2_ws/install/turtlebot3_cartographer:/home/ssfa/ros2_ws/install/turtlebot3_as:/home/ssfa/ros2_ws/install/dynamixel_sdk:/home/ssfa/ros2_ws/install/custom_interfaces:/home/ssfa/ros2_ws/install/turtlebot3_teleop:/home/ssfa/ros2_ws/install/turtlebot3_example:/home/ssfa/ros2_ws/install/topic_exercise:/home/ssfa/ros2_ws/install/subscriber_pkg:/home/ssfa/ros2_ws/install/services_pkg:/home/ssfa/ros2_ws/install/publisher_pkg:/home/ssfa/ros2_ws/install/my_package:/home/ssfa/ros2_ws/install/movement_pkg:/home/ssfa/ros2_ws/install/exercise_pkg:/home/ssfa/ros2_ws/install/custom_interface_example:/home/ssfa/ros2_ws/install/client_pkg:/opt/ros/humble LD_LIBRARY_PATH=/home/ssfa/ros2_ws/install/t3_action_msg/lib:/home/ssfa/ros2_ws/install/turtlebot3_msgs/lib:/home/ssfa/ros2_ws/install/dynamixel_sdk/lib:/home/ssfa/ros2_ws/install/custom_interfaces/lib:/usr/lib/x86_64-linux-gnu/gazebo-11/plugins:/opt/ros/humble/opt/rviz_ogre_vendor/lib:/opt/ros/humble/lib/x86_64-linux-gnu:/opt/ros/humble/lib /usr/bin/cmake --build /home/ssfa/ros2_ws/build/turtlebot3_as -- -j12 -l12
[8.306s] Level 1:colcon.colcon_core.environment:checking '/home/ssfa/ros2_ws/install/subscriber_pkg' for CMake module files
[8.307s] DEBUG:colcon.colcon_core.event_handler.log_command:Invoked command in '/home/ssfa/ros2_ws/src/subscriber_pkg' returned '0': PYTHONPATH=/home/ssfa/ros2_ws/build/subscriber_pkg/prefix_override:/usr/lib/python3/dist-packages/colcon_core/task/python/colcon_distutils_commands:/home/ssfa/ros2_ws/install/subscriber_pkg/lib/python3.10/site-packages:${PYTHONPATH} /usr/bin/python3 -W ignore:setup.py install is deprecated setup.py egg_info --egg-base ../../build/subscriber_pkg build --build-base /home/ssfa/ros2_ws/build/subscriber_pkg/build install --record /home/ssfa/ros2_ws/build/subscriber_pkg/install.log --single-version-externally-managed install_data --force
[8.308s] Level 1:colcon.colcon_core.environment:checking '/home/ssfa/ros2_ws/install/subscriber_pkg' for CMake config files
[8.309s] Level 1:colcon.colcon_core.environment:checking '/home/ssfa/ros2_ws/install/subscriber_pkg/lib'
[8.309s] Level 1:colcon.colcon_core.environment:checking '/home/ssfa/ros2_ws/install/subscriber_pkg/bin'
[8.310s] Level 1:colcon.colcon_core.environment:checking '/home/ssfa/ros2_ws/install/subscriber_pkg/lib/pkgconfig/subscriber_pkg.pc'
[8.310s] Level 1:colcon.colcon_core.environment:checking '/home/ssfa/ros2_ws/install/subscriber_pkg/lib/python3.10/site-packages'
[8.310s] Level 1:colcon.colcon_core.shell:create_environment_hook('subscriber_pkg', 'pythonpath')
[8.311s] INFO:colcon.colcon_core.shell:Creating environment hook '/home/ssfa/ros2_ws/install/subscriber_pkg/share/subscriber_pkg/hook/pythonpath.ps1'
[8.311s] INFO:colcon.colcon_core.shell:Creating environment descriptor '/home/ssfa/ros2_ws/install/subscriber_pkg/share/subscriber_pkg/hook/pythonpath.dsv'
[8.312s] INFO:colcon.colcon_core.shell:Creating environment hook '/home/ssfa/ros2_ws/install/subscriber_pkg/share/subscriber_pkg/hook/pythonpath.sh'
[8.313s] Level 1:colcon.colcon_core.environment:checking '/home/ssfa/ros2_ws/install/subscriber_pkg/bin'
[8.313s] Level 1:colcon.colcon_core.environment:create_environment_scripts_only(subscriber_pkg)
[8.314s] INFO:colcon.colcon_core.shell:Creating package script '/home/ssfa/ros2_ws/install/subscriber_pkg/share/subscriber_pkg/package.ps1'
[8.315s] INFO:colcon.colcon_core.shell:Creating package descriptor '/home/ssfa/ros2_ws/install/subscriber_pkg/share/subscriber_pkg/package.dsv'
[8.316s] INFO:colcon.colcon_core.shell:Creating package script '/home/ssfa/ros2_ws/install/subscriber_pkg/share/subscriber_pkg/package.sh'
[8.317s] INFO:colcon.colcon_core.shell:Creating package script '/home/ssfa/ros2_ws/install/subscriber_pkg/share/subscriber_pkg/package.bash'
[8.317s] INFO:colcon.colcon_core.shell:Creating package script '/home/ssfa/ros2_ws/install/subscriber_pkg/share/subscriber_pkg/package.zsh'
[8.318s] Level 1:colcon.colcon_core.environment:create_file_with_runtime_dependencies(/home/ssfa/ros2_ws/install/subscriber_pkg/share/colcon-core/packages/subscriber_pkg)
[8.326s] Level 1:colcon.colcon_core.environment:create_environment_scripts_only(turtlebot3_simulations)
[8.328s] Level 1:colcon.colcon_core.environment:checking '/home/ssfa/ros2_ws/install/turtlebot3_simulations' for CMake module files
[8.330s] DEBUG:colcon.colcon_core.event_handler.log_command:Invoked command in '/home/ssfa/ros2_ws/build/turtlebot3_simulations' returned '0': CMAKE_PREFIX_PATH=/home/ssfa/ros2_ws/install/turtlebot3_gazebo:/home/ssfa/ros2_ws/install/turtlebot3_description:/home/ssfa/ros2_ws/install/two_wheeled_robot:/home/ssfa/ros2_ws/install/turtlebot3:/home/ssfa/ros2_ws/install/turtlebot3_simulations:/home/ssfa/ros2_ws/install/turtlebot3_navigation2:/home/ssfa/ros2_ws/install/turtlebot3_msgs:/home/ssfa/ros2_ws/install/turtlebot3_bringup:/home/ssfa/ros2_ws/install/turtlebot3_cartographer:/home/ssfa/ros2_ws/install/turtlebot3_as:/home/ssfa/ros2_ws/install/t3_action_msg:/home/ssfa/ros2_ws/install/dynamixel_sdk:/home/ssfa/ros2_ws/install/custom_interfaces:/home/ssfa/ros2_ws/install/turtlebot3_teleop:/home/ssfa/ros2_ws/install/turtlebot3_example:/home/ssfa/ros2_ws/install/topic_exercise:/home/ssfa/ros2_ws/install/subscriber_pkg:/home/ssfa/ros2_ws/install/services_pkg:/home/ssfa/ros2_ws/install/publisher_pkg:/home/ssfa/ros2_ws/install/my_package:/home/ssfa/ros2_ws/install/movement_pkg:/home/ssfa/ros2_ws/install/exercise_pkg:/home/ssfa/ros2_ws/install/custom_interface_example:/home/ssfa/ros2_ws/install/client_pkg:/opt/ros/humble /usr/bin/cmake --install /home/ssfa/ros2_ws/build/turtlebot3_simulations
[8.331s] Level 1:colcon.colcon_core.environment:checking '/home/ssfa/ros2_ws/install/turtlebot3_simulations' for CMake config files
[8.331s] Level 1:colcon.colcon_core.shell:create_environment_hook('turtlebot3_simulations', 'cmake_prefix_path')
[8.332s] INFO:colcon.colcon_core.shell:Creating environment hook '/home/ssfa/ros2_ws/install/turtlebot3_simulations/share/turtlebot3_simulations/hook/cmake_prefix_path.ps1'
[8.333s] INFO:colcon.colcon_core.shell:Creating environment descriptor '/home/ssfa/ros2_ws/install/turtlebot3_simulations/share/turtlebot3_simulations/hook/cmake_prefix_path.dsv'
[8.333s] INFO:colcon.colcon_core.shell:Creating environment hook '/home/ssfa/ros2_ws/install/turtlebot3_simulations/share/turtlebot3_simulations/hook/cmake_prefix_path.sh'
[8.334s] Level 1:colcon.colcon_core.environment:checking '/home/ssfa/ros2_ws/install/turtlebot3_simulations/bin'
[8.334s] Level 1:colcon.colcon_core.environment:checking '/home/ssfa/ros2_ws/install/turtlebot3_simulations/lib/pkgconfig/turtlebot3_simulations.pc'
[8.335s] Level 1:colcon.colcon_core.environment:checking '/home/ssfa/ros2_ws/install/turtlebot3_simulations/lib/python3.10/site-packages'
[8.335s] Level 1:colcon.colcon_core.environment:checking '/home/ssfa/ros2_ws/install/turtlebot3_simulations/bin'
[8.335s] INFO:colcon.colcon_core.shell:Creating package script '/home/ssfa/ros2_ws/install/turtlebot3_simulations/share/turtlebot3_simulations/package.ps1'
[8.336s] INFO:colcon.colcon_core.shell:Creating package descriptor '/home/ssfa/ros2_ws/install/turtlebot3_simulations/share/turtlebot3_simulations/package.dsv'
[8.337s] INFO:colcon.colcon_core.shell:Creating package script '/home/ssfa/ros2_ws/install/turtlebot3_simulations/share/turtlebot3_simulations/package.sh'
[8.346s] INFO:colcon.colcon_core.shell:Creating package script '/home/ssfa/ros2_ws/install/turtlebot3_simulations/share/turtlebot3_simulations/package.bash'
[8.348s] INFO:colcon.colcon_core.shell:Creating package script '/home/ssfa/ros2_ws/install/turtlebot3_simulations/share/turtlebot3_simulations/package.zsh'
[8.348s] Level 1:colcon.colcon_core.environment:create_file_with_runtime_dependencies(/home/ssfa/ros2_ws/install/turtlebot3_simulations/share/colcon-core/packages/turtlebot3_simulations)
[8.408s] Level 1:colcon.colcon_core.environment:create_environment_scripts_only(tiago_demo)
[8.409s] Level 1:colcon.colcon_core.environment:checking '/home/ssfa/ros2_ws/install/tiago_demo' for CMake module files
[8.410s] Level 1:colcon.colcon_core.environment:checking '/home/ssfa/ros2_ws/install/tiago_demo' for CMake config files
[8.411s] Level 1:colcon.colcon_core.shell:create_environment_hook('tiago_demo', 'cmake_prefix_path')
[8.411s] INFO:colcon.colcon_core.shell:Creating environment hook '/home/ssfa/ros2_ws/install/tiago_demo/share/tiago_demo/hook/cmake_prefix_path.ps1'
[8.412s] INFO:colcon.colcon_core.shell:Creating environment descriptor '/home/ssfa/ros2_ws/install/tiago_demo/share/tiago_demo/hook/cmake_prefix_path.dsv'
[8.412s] INFO:colcon.colcon_core.shell:Creating environment hook '/home/ssfa/ros2_ws/install/tiago_demo/share/tiago_demo/hook/cmake_prefix_path.sh'
[8.413s] Level 1:colcon.colcon_core.environment:checking '/home/ssfa/ros2_ws/install/tiago_demo/bin'
[8.413s] Level 1:colcon.colcon_core.environment:checking '/home/ssfa/ros2_ws/install/tiago_demo/lib/pkgconfig/tiago_demo.pc'
[8.414s] Level 1:colcon.colcon_core.environment:checking '/home/ssfa/ros2_ws/install/tiago_demo/lib/python3.10/site-packages'
[8.414s] Level 1:colcon.colcon_core.environment:checking '/home/ssfa/ros2_ws/install/tiago_demo/bin'
[8.409s] DEBUG:colcon.colcon_core.event_handler.log_command:Invoked command in '/home/ssfa/ros2_ws/build/tiago_demo' returned '0': CMAKE_PREFIX_PATH=${CMAKE_PREFIX_PATH}:/home/ssfa/ros2_ws/install/turtlebot3_teleop:/home/ssfa/ros2_ws/install/turtlebot3_example:/home/ssfa/ros2_ws/install/topic_exercise:/home/ssfa/ros2_ws/install/subscriber_pkg:/home/ssfa/ros2_ws/install/services_pkg:/home/ssfa/ros2_ws/install/publisher_pkg:/home/ssfa/ros2_ws/install/my_package:/home/ssfa/ros2_ws/install/movement_pkg:/home/ssfa/ros2_ws/install/exercise_pkg:/home/ssfa/ros2_ws/install/custom_interface_example:/home/ssfa/ros2_ws/install/client_pkg:/opt/ros/humble /usr/bin/cmake --install /home/ssfa/ros2_ws/build/tiago_demo
[8.415s] INFO:colcon.colcon_core.shell:Creating package script '/home/ssfa/ros2_ws/install/tiago_demo/share/tiago_demo/package.ps1'
[8.418s] INFO:colcon.colcon_core.shell:Creating package descriptor '/home/ssfa/ros2_ws/install/tiago_demo/share/tiago_demo/package.dsv'
[8.418s] INFO:colcon.colcon_core.shell:Creating package script '/home/ssfa/ros2_ws/install/tiago_demo/share/tiago_demo/package.sh'
[8.419s] INFO:colcon.colcon_core.shell:Creating package script '/home/ssfa/ros2_ws/install/tiago_demo/share/tiago_demo/package.bash'
[8.420s] INFO:colcon.colcon_core.shell:Creating package script '/home/ssfa/ros2_ws/install/tiago_demo/share/tiago_demo/package.zsh'
[8.420s] Level 1:colcon.colcon_core.environment:create_file_with_runtime_dependencies(/home/ssfa/ros2_ws/install/tiago_demo/share/colcon-core/packages/tiago_demo)
[8.440s] DEBUG:colcon.colcon_core.event_handler.log_command:Invoking command in '/home/ssfa/ros2_ws/build/movement_pkg': CMAKE_PREFIX_PATH=/home/ssfa/ros2_ws/install/custom_interfaces:/home/ssfa/ros2_ws/install/two_wheeled_robot:/home/ssfa/ros2_ws/install/turtlebot3:/home/ssfa/ros2_ws/install/turtlebot3_simulations:/home/ssfa/ros2_ws/install/turtlebot3_navigation2:/home/ssfa/ros2_ws/install/turtlebot3_msgs:/home/ssfa/ros2_ws/install/turtlebot3_gazebo:/home/ssfa/ros2_ws/install/turtlebot3_bringup:/home/ssfa/ros2_ws/install/turtlebot3_description:/home/ssfa/ros2_ws/install/turtlebot3_cartographer:/home/ssfa/ros2_ws/install/turtlebot3_as:/home/ssfa/ros2_ws/install/t3_action_msg:/home/ssfa/ros2_ws/install/dynamixel_sdk LD_LIBRARY_PATH=/home/ssfa/ros2_ws/install/custom_interfaces/lib:/home/ssfa/ros2_ws/install/turtlebot3_msgs/lib:/home/ssfa/ros2_ws/install/t3_action_msg/lib:/home/ssfa/ros2_ws/install/dynamixel_sdk/lib:/usr/lib/x86_64-linux-gnu/gazebo-11/plugins:/opt/ros/humble/opt/rviz_ogre_vendor/lib:/opt/ros/humble/lib/x86_64-linux-gnu:/opt/ros/humble/lib PYTHONPATH=/home/ssfa/ros2_ws/build/movement_pkg/prefix_override:/usr/lib/python3/dist-packages/colcon_core/task/python/colcon_distutils_commands:/home/ssfa/ros2_ws/install/movement_pkg/lib/python3.10/site-packages:${PYTHONPATH} /usr/bin/python3 -W ignore:setup.py install is deprecated setup.py develop --uninstall --editable --build-directory /home/ssfa/ros2_ws/build/movement_pkg/build
[8.453s] DEBUG:colcon.colcon_core.event_handler.log_command:Invoking command in '/home/ssfa/ros2_ws/build/custom_interface_example': CMAKE_PREFIX_PATH=/home/ssfa/ros2_ws/install/custom_interfaces:/home/ssfa/ros2_ws/install/two_wheeled_robot:/home/ssfa/ros2_ws/install/turtlebot3:/home/ssfa/ros2_ws/install/turtlebot3_simulations:/home/ssfa/ros2_ws/install/turtlebot3_navigation2:/home/ssfa/ros2_ws/install/turtlebot3_msgs:/home/ssfa/ros2_ws/install/turtlebot3_gazebo:/home/ssfa/ros2_ws/install/turtlebot3_bringup:/home/ssfa/ros2_ws/install/turtlebot3_description:/home/ssfa/ros2_ws/install/turtlebot3_cartographer:/home/ssfa/ros2_ws/install/turtlebot3_as:/home/ssfa/ros2_ws/install/t3_action_msg:/home/ssfa/ros2_ws/install/dynamixel_sdk LD_LIBRARY_PATH=/home/ssfa/ros2_ws/install/custom_interfaces/lib:/home/ssfa/ros2_ws/install/turtlebot3_msgs/lib:/home/ssfa/ros2_ws/install/t3_action_msg/lib:/home/ssfa/ros2_ws/install/dynamixel_sdk/lib:/usr/lib/x86_64-linux-gnu/gazebo-11/plugins:/opt/ros/humble/opt/rviz_ogre_vendor/lib:/opt/ros/humble/lib/x86_64-linux-gnu:/opt/ros/humble/lib PYTHONPATH=/home/ssfa/ros2_ws/build/custom_interface_example/prefix_override:/usr/lib/python3/dist-packages/colcon_core/task/python/colcon_distutils_commands:/home/ssfa/ros2_ws/install/custom_interface_example/lib/python3.10/site-packages:${PYTHONPATH} /usr/bin/python3 -W ignore:setup.py install is deprecated setup.py develop --uninstall --editable --build-directory /home/ssfa/ros2_ws/build/custom_interface_example/build
[8.464s] DEBUG:colcon.colcon_core.event_handler.log_command:Invoked command in '/home/ssfa/ros2_ws/build/topic_exercise' returned '0': PYTHONPATH=/home/ssfa/ros2_ws/build/topic_exercise/prefix_override:/usr/lib/python3/dist-packages/colcon_core/task/python/colcon_distutils_commands:/home/ssfa/ros2_ws/install/topic_exercise/lib/python3.10/site-packages:${PYTHONPATH} /usr/bin/python3 -W ignore:setup.py install is deprecated setup.py develop --uninstall --editable --build-directory /home/ssfa/ros2_ws/build/topic_exercise/build
[8.468s] DEBUG:colcon.colcon_core.event_handler.log_command:Invoking command in '/home/ssfa/ros2_ws/src/topic_exercise': PYTHONPATH=/home/ssfa/ros2_ws/build/topic_exercise/prefix_override:/usr/lib/python3/dist-packages/colcon_core/task/python/colcon_distutils_commands:/home/ssfa/ros2_ws/install/topic_exercise/lib/python3.10/site-packages:${PYTHONPATH} /usr/bin/python3 -W ignore:setup.py install is deprecated setup.py egg_info --egg-base ../../build/topic_exercise build --build-base /home/ssfa/ros2_ws/build/topic_exercise/build install --record /home/ssfa/ros2_ws/build/topic_exercise/install.log --single-version-externally-managed install_data --force
[8.493s] Level 1:colcon.colcon_core.environment:create_environment_scripts_only(turtlebot3_simulations)
[8.494s] Level 1:colcon.colcon_core.environment:checking '/home/ssfa/ros2_ws/install/turtlebot3_simulations' for CMake module files
[8.495s] Level 1:colcon.colcon_core.environment:checking '/home/ssfa/ros2_ws/install/turtlebot3_simulations' for CMake config files
[8.495s] Level 1:colcon.colcon_core.shell:create_environment_hook('turtlebot3_simulations', 'cmake_prefix_path')
[8.496s] INFO:colcon.colcon_core.shell:Creating environment hook '/home/ssfa/ros2_ws/install/turtlebot3_simulations/share/turtlebot3_simulations/hook/cmake_prefix_path.ps1'
[8.497s] INFO:colcon.colcon_core.shell:Creating environment descriptor '/home/ssfa/ros2_ws/install/turtlebot3_simulations/share/turtlebot3_simulations/hook/cmake_prefix_path.dsv'
[8.497s] INFO:colcon.colcon_core.shell:Creating environment hook '/home/ssfa/ros2_ws/install/turtlebot3_simulations/share/turtlebot3_simulations/hook/cmake_prefix_path.sh'
[8.498s] Level 1:colcon.colcon_core.environment:checking '/home/ssfa/ros2_ws/install/turtlebot3_simulations/bin'
[8.498s] Level 1:colcon.colcon_core.environment:checking '/home/ssfa/ros2_ws/install/turtlebot3_simulations/lib/pkgconfig/turtlebot3_simulations.pc'
[8.499s] Level 1:colcon.colcon_core.environment:checking '/home/ssfa/ros2_ws/install/turtlebot3_simulations/lib/python3.10/site-packages'
[8.499s] Level 1:colcon.colcon_core.environment:checking '/home/ssfa/ros2_ws/install/turtlebot3_simulations/bin'
[8.500s] INFO:colcon.colcon_core.shell:Creating package script '/home/ssfa/ros2_ws/install/turtlebot3_simulations/share/turtlebot3_simulations/package.ps1'
[8.501s] INFO:colcon.colcon_core.shell:Creating package descriptor '/home/ssfa/ros2_ws/install/turtlebot3_simulations/share/turtlebot3_simulations/package.dsv'
[8.502s] INFO:colcon.colcon_core.shell:Creating package script '/home/ssfa/ros2_ws/install/turtlebot3_simulations/share/turtlebot3_simulations/package.sh'
[8.503s] INFO:colcon.colcon_core.shell:Creating package script '/home/ssfa/ros2_ws/install/turtlebot3_simulations/share/turtlebot3_simulations/package.bash'
[8.504s] INFO:colcon.colcon_core.shell:Creating package script '/home/ssfa/ros2_ws/install/turtlebot3_simulations/share/turtlebot3_simulations/package.zsh'
[8.504s] Level 1:colcon.colcon_core.environment:create_file_with_runtime_dependencies(/home/ssfa/ros2_ws/install/turtlebot3_simulations/share/colcon-core/packages/turtlebot3_simulations)
[8.515s] Level 1:colcon.colcon_core.environment:create_environment_scripts_only(tiago_demo)
[8.515s] Level 1:colcon.colcon_core.environment:checking '/home/ssfa/ros2_ws/install/tiago_demo' for CMake module files
[8.516s] Level 1:colcon.colcon_core.environment:checking '/home/ssfa/ros2_ws/install/tiago_demo' for CMake config files
[8.517s] Level 1:colcon.colcon_core.shell:create_environment_hook('tiago_demo', 'cmake_prefix_path')
[8.517s] INFO:colcon.colcon_core.shell:Creating environment hook '/home/ssfa/ros2_ws/install/tiago_demo/share/tiago_demo/hook/cmake_prefix_path.ps1'
[8.518s] INFO:colcon.colcon_core.shell:Creating environment descriptor '/home/ssfa/ros2_ws/install/tiago_demo/share/tiago_demo/hook/cmake_prefix_path.dsv'
[8.519s] INFO:colcon.colcon_core.shell:Creating environment hook '/home/ssfa/ros2_ws/install/tiago_demo/share/tiago_demo/hook/cmake_prefix_path.sh'
[8.520s] Level 1:colcon.colcon_core.environment:checking '/home/ssfa/ros2_ws/install/tiago_demo/bin'
[8.520s] Level 1:colcon.colcon_core.environment:checking '/home/ssfa/ros2_ws/install/tiago_demo/lib/pkgconfig/tiago_demo.pc'
[8.521s] Level 1:colcon.colcon_core.environment:checking '/home/ssfa/ros2_ws/install/tiago_demo/lib/python3.10/site-packages'
[8.521s] Level 1:colcon.colcon_core.environment:checking '/home/ssfa/ros2_ws/install/tiago_demo/bin'
[8.522s] INFO:colcon.colcon_core.shell:Creating package script '/home/ssfa/ros2_ws/install/tiago_demo/share/tiago_demo/package.ps1'
[8.523s] INFO:colcon.colcon_core.shell:Creating package descriptor '/home/ssfa/ros2_ws/install/tiago_demo/share/tiago_demo/package.dsv'
[8.523s] INFO:colcon.colcon_core.shell:Creating package script '/home/ssfa/ros2_ws/install/tiago_demo/share/tiago_demo/package.sh'
[8.524s] INFO:colcon.colcon_core.shell:Creating package script '/home/ssfa/ros2_ws/install/tiago_demo/share/tiago_demo/package.bash'
[8.525s] INFO:colcon.colcon_core.shell:Creating package script '/home/ssfa/ros2_ws/install/tiago_demo/share/tiago_demo/package.zsh'
[8.525s] Level 1:colcon.colcon_core.environment:create_file_with_runtime_dependencies(/home/ssfa/ros2_ws/install/tiago_demo/share/colcon-core/packages/tiago_demo)
[8.528s] DEBUG:colcon.colcon_core.event_handler.log_command:Invoked command in '/home/ssfa/ros2_ws/build/turtlebot3_as' returned '0': CMAKE_PREFIX_PATH=/home/ssfa/ros2_ws/install/t3_action_msg:/home/ssfa/ros2_ws/install/two_wheeled_robot:/home/ssfa/ros2_ws/install/turtlebot3:/home/ssfa/ros2_ws/install/turtlebot3_simulations:/home/ssfa/ros2_ws/install/turtlebot3_navigation2:/home/ssfa/ros2_ws/install/turtlebot3_msgs:/home/ssfa/ros2_ws/install/turtlebot3_gazebo:/home/ssfa/ros2_ws/install/turtlebot3_bringup:/home/ssfa/ros2_ws/install/turtlebot3_description:/home/ssfa/ros2_ws/install/turtlebot3_cartographer:/home/ssfa/ros2_ws/install/turtlebot3_as:/home/ssfa/ros2_ws/install/dynamixel_sdk:/home/ssfa/ros2_ws/install/custom_interfaces:/home/ssfa/ros2_ws/install/turtlebot3_teleop:/home/ssfa/ros2_ws/install/turtlebot3_example:/home/ssfa/ros2_ws/install/topic_exercise:/home/ssfa/ros2_ws/install/subscriber_pkg:/home/ssfa/ros2_ws/install/services_pkg:/home/ssfa/ros2_ws/install/publisher_pkg:/home/ssfa/ros2_ws/install/my_package:/home/ssfa/ros2_ws/install/movement_pkg:/home/ssfa/ros2_ws/install/exercise_pkg:/home/ssfa/ros2_ws/install/custom_interface_example:/home/ssfa/ros2_ws/install/client_pkg:/opt/ros/humble LD_LIBRARY_PATH=/home/ssfa/ros2_ws/install/t3_action_msg/lib:/home/ssfa/ros2_ws/install/turtlebot3_msgs/lib:/home/ssfa/ros2_ws/install/dynamixel_sdk/lib:/home/ssfa/ros2_ws/install/custom_interfaces/lib:/usr/lib/x86_64-linux-gnu/gazebo-11/plugins:/opt/ros/humble/opt/rviz_ogre_vendor/lib:/opt/ros/humble/lib/x86_64-linux-gnu:/opt/ros/humble/lib /usr/bin/cmake --build /home/ssfa/ros2_ws/build/turtlebot3_as -- -j12 -l12
[8.659s] DEBUG:colcon.colcon_core.event_handler.log_command:Invoking command in '/home/ssfa/ros2_ws/build/turtlebot3_as': CMAKE_PREFIX_PATH=/home/ssfa/ros2_ws/install/t3_action_msg:/home/ssfa/ros2_ws/install/two_wheeled_robot:/home/ssfa/ros2_ws/install/turtlebot3:/home/ssfa/ros2_ws/install/turtlebot3_simulations:/home/ssfa/ros2_ws/install/turtlebot3_navigation2:/home/ssfa/ros2_ws/install/turtlebot3_msgs:/home/ssfa/ros2_ws/install/turtlebot3_gazebo:/home/ssfa/ros2_ws/install/turtlebot3_bringup:/home/ssfa/ros2_ws/install/turtlebot3_description:/home/ssfa/ros2_ws/install/turtlebot3_cartographer:/home/ssfa/ros2_ws/install/turtlebot3_as:/home/ssfa/ros2_ws/install/dynamixel_sdk:/home/ssfa/ros2_ws/install/custom_interfaces:/home/ssfa/ros2_ws/install/turtlebot3_teleop:/home/ssfa/ros2_ws/install/turtlebot3_example:/home/ssfa/ros2_ws/install/topic_exercise:/home/ssfa/ros2_ws/install/subscriber_pkg:/home/ssfa/ros2_ws/install/services_pkg:/home/ssfa/ros2_ws/install/publisher_pkg:/home/ssfa/ros2_ws/install/my_package:/home/ssfa/ros2_ws/install/movement_pkg:/home/ssfa/ros2_ws/install/exercise_pkg:/home/ssfa/ros2_ws/install/custom_interface_example:/home/ssfa/ros2_ws/install/client_pkg:/opt/ros/humble LD_LIBRARY_PATH=/home/ssfa/ros2_ws/install/t3_action_msg/lib:/home/ssfa/ros2_ws/install/turtlebot3_msgs/lib:/home/ssfa/ros2_ws/install/dynamixel_sdk/lib:/home/ssfa/ros2_ws/install/custom_interfaces/lib:/usr/lib/x86_64-linux-gnu/gazebo-11/plugins:/opt/ros/humble/opt/rviz_ogre_vendor/lib:/opt/ros/humble/lib/x86_64-linux-gnu:/opt/ros/humble/lib /usr/bin/cmake --install /home/ssfa/ros2_ws/build/turtlebot3_as
[8.729s] Level 1:colcon.colcon_core.environment:create_environment_scripts_only(turtlebot3_as)
[8.730s] Level 1:colcon.colcon_core.environment:checking '/home/ssfa/ros2_ws/install/turtlebot3_as' for CMake module files
[8.731s] DEBUG:colcon.colcon_core.event_handler.log_command:Invoked command in '/home/ssfa/ros2_ws/build/turtlebot3_as' returned '0': CMAKE_PREFIX_PATH=/home/ssfa/ros2_ws/install/t3_action_msg:/home/ssfa/ros2_ws/install/two_wheeled_robot:/home/ssfa/ros2_ws/install/turtlebot3:/home/ssfa/ros2_ws/install/turtlebot3_simulations:/home/ssfa/ros2_ws/install/turtlebot3_navigation2:/home/ssfa/ros2_ws/install/turtlebot3_msgs:/home/ssfa/ros2_ws/install/turtlebot3_gazebo:/home/ssfa/ros2_ws/install/turtlebot3_bringup:/home/ssfa/ros2_ws/install/turtlebot3_description:/home/ssfa/ros2_ws/install/turtlebot3_cartographer:/home/ssfa/ros2_ws/install/turtlebot3_as:/home/ssfa/ros2_ws/install/dynamixel_sdk:/home/ssfa/ros2_ws/install/custom_interfaces:/home/ssfa/ros2_ws/install/turtlebot3_teleop:/home/ssfa/ros2_ws/install/turtlebot3_example:/home/ssfa/ros2_ws/install/topic_exercise:/home/ssfa/ros2_ws/install/subscriber_pkg:/home/ssfa/ros2_ws/install/services_pkg:/home/ssfa/ros2_ws/install/publisher_pkg:/home/ssfa/ros2_ws/install/my_package:/home/ssfa/ros2_ws/install/movement_pkg:/home/ssfa/ros2_ws/install/exercise_pkg:/home/ssfa/ros2_ws/install/custom_interface_example:/home/ssfa/ros2_ws/install/client_pkg:/opt/ros/humble LD_LIBRARY_PATH=/home/ssfa/ros2_ws/install/t3_action_msg/lib:/home/ssfa/ros2_ws/install/turtlebot3_msgs/lib:/home/ssfa/ros2_ws/install/dynamixel_sdk/lib:/home/ssfa/ros2_ws/install/custom_interfaces/lib:/usr/lib/x86_64-linux-gnu/gazebo-11/plugins:/opt/ros/humble/opt/rviz_ogre_vendor/lib:/opt/ros/humble/lib/x86_64-linux-gnu:/opt/ros/humble/lib /usr/bin/cmake --install /home/ssfa/ros2_ws/build/turtlebot3_as
[8.732s] Level 1:colcon.colcon_core.environment:checking '/home/ssfa/ros2_ws/install/turtlebot3_as' for CMake config files
[8.733s] Level 1:colcon.colcon_core.shell:create_environment_hook('turtlebot3_as', 'cmake_prefix_path')
[8.734s] INFO:colcon.colcon_core.shell:Creating environment hook '/home/ssfa/ros2_ws/install/turtlebot3_as/share/turtlebot3_as/hook/cmake_prefix_path.ps1'
[8.734s] INFO:colcon.colcon_core.shell:Creating environment descriptor '/home/ssfa/ros2_ws/install/turtlebot3_as/share/turtlebot3_as/hook/cmake_prefix_path.dsv'
[8.735s] INFO:colcon.colcon_core.shell:Creating environment hook '/home/ssfa/ros2_ws/install/turtlebot3_as/share/turtlebot3_as/hook/cmake_prefix_path.sh'
[8.736s] Level 1:colcon.colcon_core.environment:checking '/home/ssfa/ros2_ws/install/turtlebot3_as/lib'
[8.736s] Level 1:colcon.colcon_core.environment:checking '/home/ssfa/ros2_ws/install/turtlebot3_as/bin'
[8.736s] Level 1:colcon.colcon_core.environment:checking '/home/ssfa/ros2_ws/install/turtlebot3_as/lib/pkgconfig/turtlebot3_as.pc'
[8.737s] Level 1:colcon.colcon_core.environment:checking '/home/ssfa/ros2_ws/install/turtlebot3_as/lib/python3.10/site-packages'
[8.737s] Level 1:colcon.colcon_core.environment:checking '/home/ssfa/ros2_ws/install/turtlebot3_as/bin'
[8.738s] INFO:colcon.colcon_core.shell:Creating package script '/home/ssfa/ros2_ws/install/turtlebot3_as/share/turtlebot3_as/package.ps1'
[8.739s] INFO:colcon.colcon_core.shell:Creating package descriptor '/home/ssfa/ros2_ws/install/turtlebot3_as/share/turtlebot3_as/package.dsv'
[8.741s] INFO:colcon.colcon_core.shell:Creating package script '/home/ssfa/ros2_ws/install/turtlebot3_as/share/turtlebot3_as/package.sh'
[8.741s] INFO:colcon.colcon_core.shell:Creating package script '/home/ssfa/ros2_ws/install/turtlebot3_as/share/turtlebot3_as/package.bash'
[8.742s] INFO:colcon.colcon_core.shell:Creating package script '/home/ssfa/ros2_ws/install/turtlebot3_as/share/turtlebot3_as/package.zsh'
[8.742s] Level 1:colcon.colcon_core.environment:create_file_with_runtime_dependencies(/home/ssfa/ros2_ws/install/turtlebot3_as/share/colcon-core/packages/turtlebot3_as)
[9.133s] DEBUG:colcon.colcon_core.event_handler.log_command:Invoking command in '/home/ssfa/ros2_ws/build/turtlebot3_example': CMAKE_PREFIX_PATH=/home/ssfa/ros2_ws/install/turtlebot3_msgs:/home/ssfa/ros2_ws/install/two_wheeled_robot:/home/ssfa/ros2_ws/install/turtlebot3:/home/ssfa/ros2_ws/install/turtlebot3_simulations:/home/ssfa/ros2_ws/install/turtlebot3_navigation2:/home/ssfa/ros2_ws/install/turtlebot3_gazebo:/home/ssfa/ros2_ws/install/turtlebot3_bringup:/home/ssfa/ros2_ws/install/turtlebot3_description:/home/ssfa/ros2_ws/install/turtlebot3_cartographer:/home/ssfa/ros2_ws/install/turtlebot3_as:/home/ssfa/ros2_ws/install/t3_action_msg:/home/ssfa/ros2_ws/install/dynamixel_sdk:/home/ssfa/ros2_ws/install/custom_interfaces PYTHONPATH=/home/ssfa/ros2_ws/build/turtlebot3_example/prefix_override:/usr/lib/python3/dist-packages/colcon_core/task/python/colcon_distutils_commands:/home/ssfa/ros2_ws/install/turtlebot3_example/lib/python3.10/site-packages:${PYTHONPATH} /usr/bin/python3 -W ignore:setup.py install is deprecated setup.py develop --uninstall --editable --build-directory /home/ssfa/ros2_ws/build/turtlebot3_example/build
[9.148s] Level 1:colcon.colcon_core.environment:create_environment_scripts_only(turtlebot3_as)
[9.149s] Level 1:colcon.colcon_core.environment:checking '/home/ssfa/ros2_ws/install/turtlebot3_as' for CMake module files
[9.150s] Level 1:colcon.colcon_core.environment:checking '/home/ssfa/ros2_ws/install/turtlebot3_as' for CMake config files
[9.150s] Level 1:colcon.colcon_core.shell:create_environment_hook('turtlebot3_as', 'cmake_prefix_path')
[9.151s] INFO:colcon.colcon_core.shell:Creating environment hook '/home/ssfa/ros2_ws/install/turtlebot3_as/share/turtlebot3_as/hook/cmake_prefix_path.ps1'
[9.152s] INFO:colcon.colcon_core.shell:Creating environment descriptor '/home/ssfa/ros2_ws/install/turtlebot3_as/share/turtlebot3_as/hook/cmake_prefix_path.dsv'
[9.152s] INFO:colcon.colcon_core.shell:Creating environment hook '/home/ssfa/ros2_ws/install/turtlebot3_as/share/turtlebot3_as/hook/cmake_prefix_path.sh'
[9.153s] Level 1:colcon.colcon_core.environment:checking '/home/ssfa/ros2_ws/install/turtlebot3_as/lib'
[9.154s] Level 1:colcon.colcon_core.environment:checking '/home/ssfa/ros2_ws/install/turtlebot3_as/bin'
[9.154s] Level 1:colcon.colcon_core.environment:checking '/home/ssfa/ros2_ws/install/turtlebot3_as/lib/pkgconfig/turtlebot3_as.pc'
[9.154s] Level 1:colcon.colcon_core.environment:checking '/home/ssfa/ros2_ws/install/turtlebot3_as/lib/python3.10/site-packages'
[9.155s] Level 1:colcon.colcon_core.environment:checking '/home/ssfa/ros2_ws/install/turtlebot3_as/bin'
[9.155s] INFO:colcon.colcon_core.shell:Creating package script '/home/ssfa/ros2_ws/install/turtlebot3_as/share/turtlebot3_as/package.ps1'
[9.156s] INFO:colcon.colcon_core.shell:Creating package descriptor '/home/ssfa/ros2_ws/install/turtlebot3_as/share/turtlebot3_as/package.dsv'
[9.157s] INFO:colcon.colcon_core.shell:Creating package script '/home/ssfa/ros2_ws/install/turtlebot3_as/share/turtlebot3_as/package.sh'
[9.158s] INFO:colcon.colcon_core.shell:Creating package script '/home/ssfa/ros2_ws/install/turtlebot3_as/share/turtlebot3_as/package.bash'
[9.159s] INFO:colcon.colcon_core.shell:Creating package script '/home/ssfa/ros2_ws/install/turtlebot3_as/share/turtlebot3_as/package.zsh'
[9.159s] Level 1:colcon.colcon_core.environment:create_file_with_runtime_dependencies(/home/ssfa/ros2_ws/install/turtlebot3_as/share/colcon-core/packages/turtlebot3_as)
[9.459s] Level 1:colcon.colcon_core.environment:checking '/home/ssfa/ros2_ws/install/topic_exercise' for CMake module files
[9.460s] Level 1:colcon.colcon_core.environment:checking '/home/ssfa/ros2_ws/install/topic_exercise' for CMake config files
[9.461s] DEBUG:colcon.colcon_core.event_handler.log_command:Invoked command in '/home/ssfa/ros2_ws/src/topic_exercise' returned '0': PYTHONPATH=/home/ssfa/ros2_ws/build/topic_exercise/prefix_override:/usr/lib/python3/dist-packages/colcon_core/task/python/colcon_distutils_commands:/home/ssfa/ros2_ws/install/topic_exercise/lib/python3.10/site-packages:${PYTHONPATH} /usr/bin/python3 -W ignore:setup.py install is deprecated setup.py egg_info --egg-base ../../build/topic_exercise build --build-base /home/ssfa/ros2_ws/build/topic_exercise/build install --record /home/ssfa/ros2_ws/build/topic_exercise/install.log --single-version-externally-managed install_data --force
[9.462s] Level 1:colcon.colcon_core.environment:checking '/home/ssfa/ros2_ws/install/topic_exercise/lib'
[9.462s] Level 1:colcon.colcon_core.environment:checking '/home/ssfa/ros2_ws/install/topic_exercise/bin'
[9.462s] Level 1:colcon.colcon_core.environment:checking '/home/ssfa/ros2_ws/install/topic_exercise/lib/pkgconfig/topic_exercise.pc'
[9.463s] Level 1:colcon.colcon_core.environment:checking '/home/ssfa/ros2_ws/install/topic_exercise/lib/python3.10/site-packages'
[9.463s] Level 1:colcon.colcon_core.shell:create_environment_hook('topic_exercise', 'pythonpath')
[9.463s] INFO:colcon.colcon_core.shell:Creating environment hook '/home/ssfa/ros2_ws/install/topic_exercise/share/topic_exercise/hook/pythonpath.ps1'
[9.464s] INFO:colcon.colcon_core.shell:Creating environment descriptor '/home/ssfa/ros2_ws/install/topic_exercise/share/topic_exercise/hook/pythonpath.dsv'
[9.465s] INFO:colcon.colcon_core.shell:Creating environment hook '/home/ssfa/ros2_ws/install/topic_exercise/share/topic_exercise/hook/pythonpath.sh'
[9.466s] Level 1:colcon.colcon_core.environment:checking '/home/ssfa/ros2_ws/install/topic_exercise/bin'
[9.466s] Level 1:colcon.colcon_core.environment:create_environment_scripts_only(topic_exercise)
[9.466s] INFO:colcon.colcon_core.shell:Creating package script '/home/ssfa/ros2_ws/install/topic_exercise/share/topic_exercise/package.ps1'
[9.467s] INFO:colcon.colcon_core.shell:Creating package descriptor '/home/ssfa/ros2_ws/install/topic_exercise/share/topic_exercise/package.dsv'
[9.468s] INFO:colcon.colcon_core.shell:Creating package script '/home/ssfa/ros2_ws/install/topic_exercise/share/topic_exercise/package.sh'
[9.469s] INFO:colcon.colcon_core.shell:Creating package script '/home/ssfa/ros2_ws/install/topic_exercise/share/topic_exercise/package.bash'
[9.469s] INFO:colcon.colcon_core.shell:Creating package script '/home/ssfa/ros2_ws/install/topic_exercise/share/topic_exercise/package.zsh'
[9.470s] Level 1:colcon.colcon_core.environment:create_file_with_runtime_dependencies(/home/ssfa/ros2_ws/install/topic_exercise/share/colcon-core/packages/topic_exercise)
[9.595s] DEBUG:colcon.colcon_core.event_handler.log_command:Invoked command in '/home/ssfa/ros2_ws/build/movement_pkg' returned '0': CMAKE_PREFIX_PATH=/home/ssfa/ros2_ws/install/custom_interfaces:/home/ssfa/ros2_ws/install/two_wheeled_robot:/home/ssfa/ros2_ws/install/turtlebot3:/home/ssfa/ros2_ws/install/turtlebot3_simulations:/home/ssfa/ros2_ws/install/turtlebot3_navigation2:/home/ssfa/ros2_ws/install/turtlebot3_msgs:/home/ssfa/ros2_ws/install/turtlebot3_gazebo:/home/ssfa/ros2_ws/install/turtlebot3_bringup:/home/ssfa/ros2_ws/install/turtlebot3_description:/home/ssfa/ros2_ws/install/turtlebot3_cartographer:/home/ssfa/ros2_ws/install/turtlebot3_as:/home/ssfa/ros2_ws/install/t3_action_msg:/home/ssfa/ros2_ws/install/dynamixel_sdk LD_LIBRARY_PATH=/home/ssfa/ros2_ws/install/custom_interfaces/lib:/home/ssfa/ros2_ws/install/turtlebot3_msgs/lib:/home/ssfa/ros2_ws/install/t3_action_msg/lib:/home/ssfa/ros2_ws/install/dynamixel_sdk/lib:/usr/lib/x86_64-linux-gnu/gazebo-11/plugins:/opt/ros/humble/opt/rviz_ogre_vendor/lib:/opt/ros/humble/lib/x86_64-linux-gnu:/opt/ros/humble/lib PYTHONPATH=/home/ssfa/ros2_ws/build/movement_pkg/prefix_override:/usr/lib/python3/dist-packages/colcon_core/task/python/colcon_distutils_commands:/home/ssfa/ros2_ws/install/movement_pkg/lib/python3.10/site-packages:${PYTHONPATH} /usr/bin/python3 -W ignore:setup.py install is deprecated setup.py develop --uninstall --editable --build-directory /home/ssfa/ros2_ws/build/movement_pkg/build
[9.597s] DEBUG:colcon.colcon_core.event_handler.log_command:Invoking command in '/home/ssfa/ros2_ws/src/movement_pkg': CMAKE_PREFIX_PATH=/home/ssfa/ros2_ws/install/custom_interfaces:/home/ssfa/ros2_ws/install/two_wheeled_robot:/home/ssfa/ros2_ws/install/turtlebot3:/home/ssfa/ros2_ws/install/turtlebot3_simulations:/home/ssfa/ros2_ws/install/turtlebot3_navigation2:/home/ssfa/ros2_ws/install/turtlebot3_msgs:/home/ssfa/ros2_ws/install/turtlebot3_gazebo:/home/ssfa/ros2_ws/install/turtlebot3_bringup:/home/ssfa/ros2_ws/install/turtlebot3_description:/home/ssfa/ros2_ws/install/turtlebot3_cartographer:/home/ssfa/ros2_ws/install/turtlebot3_as:/home/ssfa/ros2_ws/install/t3_action_msg:/home/ssfa/ros2_ws/install/dynamixel_sdk LD_LIBRARY_PATH=/home/ssfa/ros2_ws/install/custom_interfaces/lib:/home/ssfa/ros2_ws/install/turtlebot3_msgs/lib:/home/ssfa/ros2_ws/install/t3_action_msg/lib:/home/ssfa/ros2_ws/install/dynamixel_sdk/lib:/usr/lib/x86_64-linux-gnu/gazebo-11/plugins:/opt/ros/humble/opt/rviz_ogre_vendor/lib:/opt/ros/humble/lib/x86_64-linux-gnu:/opt/ros/humble/lib PYTHONPATH=/home/ssfa/ros2_ws/build/movement_pkg/prefix_override:/usr/lib/python3/dist-packages/colcon_core/task/python/colcon_distutils_commands:/home/ssfa/ros2_ws/install/movement_pkg/lib/python3.10/site-packages:${PYTHONPATH} /usr/bin/python3 -W ignore:setup.py install is deprecated setup.py egg_info --egg-base ../../build/movement_pkg build --build-base /home/ssfa/ros2_ws/build/movement_pkg/build install --record /home/ssfa/ros2_ws/build/movement_pkg/install.log --single-version-externally-managed install_data --force
[9.807s] DEBUG:colcon.colcon_core.event_handler.log_command:Invoked command in '/home/ssfa/ros2_ws/build/custom_interface_example' returned '0': CMAKE_PREFIX_PATH=/home/ssfa/ros2_ws/install/custom_interfaces:/home/ssfa/ros2_ws/install/two_wheeled_robot:/home/ssfa/ros2_ws/install/turtlebot3:/home/ssfa/ros2_ws/install/turtlebot3_simulations:/home/ssfa/ros2_ws/install/turtlebot3_navigation2:/home/ssfa/ros2_ws/install/turtlebot3_msgs:/home/ssfa/ros2_ws/install/turtlebot3_gazebo:/home/ssfa/ros2_ws/install/turtlebot3_bringup:/home/ssfa/ros2_ws/install/turtlebot3_description:/home/ssfa/ros2_ws/install/turtlebot3_cartographer:/home/ssfa/ros2_ws/install/turtlebot3_as:/home/ssfa/ros2_ws/install/t3_action_msg:/home/ssfa/ros2_ws/install/dynamixel_sdk LD_LIBRARY_PATH=/home/ssfa/ros2_ws/install/custom_interfaces/lib:/home/ssfa/ros2_ws/install/turtlebot3_msgs/lib:/home/ssfa/ros2_ws/install/t3_action_msg/lib:/home/ssfa/ros2_ws/install/dynamixel_sdk/lib:/usr/lib/x86_64-linux-gnu/gazebo-11/plugins:/opt/ros/humble/opt/rviz_ogre_vendor/lib:/opt/ros/humble/lib/x86_64-linux-gnu:/opt/ros/humble/lib PYTHONPATH=/home/ssfa/ros2_ws/build/custom_interface_example/prefix_override:/usr/lib/python3/dist-packages/colcon_core/task/python/colcon_distutils_commands:/home/ssfa/ros2_ws/install/custom_interface_example/lib/python3.10/site-packages:${PYTHONPATH} /usr/bin/python3 -W ignore:setup.py install is deprecated setup.py develop --uninstall --editable --build-directory /home/ssfa/ros2_ws/build/custom_interface_example/build
[9.817s] DEBUG:colcon.colcon_core.event_handler.log_command:Invoking command in '/home/ssfa/ros2_ws/src/custom_interface_example': CMAKE_PREFIX_PATH=/home/ssfa/ros2_ws/install/custom_interfaces:/home/ssfa/ros2_ws/install/two_wheeled_robot:/home/ssfa/ros2_ws/install/turtlebot3:/home/ssfa/ros2_ws/install/turtlebot3_simulations:/home/ssfa/ros2_ws/install/turtlebot3_navigation2:/home/ssfa/ros2_ws/install/turtlebot3_msgs:/home/ssfa/ros2_ws/install/turtlebot3_gazebo:/home/ssfa/ros2_ws/install/turtlebot3_bringup:/home/ssfa/ros2_ws/install/turtlebot3_description:/home/ssfa/ros2_ws/install/turtlebot3_cartographer:/home/ssfa/ros2_ws/install/turtlebot3_as:/home/ssfa/ros2_ws/install/t3_action_msg:/home/ssfa/ros2_ws/install/dynamixel_sdk LD_LIBRARY_PATH=/home/ssfa/ros2_ws/install/custom_interfaces/lib:/home/ssfa/ros2_ws/install/turtlebot3_msgs/lib:/home/ssfa/ros2_ws/install/t3_action_msg/lib:/home/ssfa/ros2_ws/install/dynamixel_sdk/lib:/usr/lib/x86_64-linux-gnu/gazebo-11/plugins:/opt/ros/humble/opt/rviz_ogre_vendor/lib:/opt/ros/humble/lib/x86_64-linux-gnu:/opt/ros/humble/lib PYTHONPATH=/home/ssfa/ros2_ws/build/custom_interface_example/prefix_override:/usr/lib/python3/dist-packages/colcon_core/task/python/colcon_distutils_commands:/home/ssfa/ros2_ws/install/custom_interface_example/lib/python3.10/site-packages:${PYTHONPATH} /usr/bin/python3 -W ignore:setup.py install is deprecated setup.py egg_info --egg-base ../../build/custom_interface_example build --build-base /home/ssfa/ros2_ws/build/custom_interface_example/build install --record /home/ssfa/ros2_ws/build/custom_interface_example/install.log --single-version-externally-managed install_data --force
[10.833s] Level 1:colcon.colcon_core.environment:checking '/home/ssfa/ros2_ws/install/movement_pkg' for CMake module files
[10.834s] DEBUG:colcon.colcon_core.event_handler.log_command:Invoked command in '/home/ssfa/ros2_ws/src/movement_pkg' returned '0': CMAKE_PREFIX_PATH=/home/ssfa/ros2_ws/install/custom_interfaces:/home/ssfa/ros2_ws/install/two_wheeled_robot:/home/ssfa/ros2_ws/install/turtlebot3:/home/ssfa/ros2_ws/install/turtlebot3_simulations:/home/ssfa/ros2_ws/install/turtlebot3_navigation2:/home/ssfa/ros2_ws/install/turtlebot3_msgs:/home/ssfa/ros2_ws/install/turtlebot3_gazebo:/home/ssfa/ros2_ws/install/turtlebot3_bringup:/home/ssfa/ros2_ws/install/turtlebot3_description:/home/ssfa/ros2_ws/install/turtlebot3_cartographer:/home/ssfa/ros2_ws/install/turtlebot3_as:/home/ssfa/ros2_ws/install/t3_action_msg:/home/ssfa/ros2_ws/install/dynamixel_sdk LD_LIBRARY_PATH=/home/ssfa/ros2_ws/install/custom_interfaces/lib:/home/ssfa/ros2_ws/install/turtlebot3_msgs/lib:/home/ssfa/ros2_ws/install/t3_action_msg/lib:/home/ssfa/ros2_ws/install/dynamixel_sdk/lib:/usr/lib/x86_64-linux-gnu/gazebo-11/plugins:/opt/ros/humble/opt/rviz_ogre_vendor/lib:/opt/ros/humble/lib/x86_64-linux-gnu:/opt/ros/humble/lib PYTHONPATH=/home/ssfa/ros2_ws/build/movement_pkg/prefix_override:/usr/lib/python3/dist-packages/colcon_core/task/python/colcon_distutils_commands:/home/ssfa/ros2_ws/install/movement_pkg/lib/python3.10/site-packages:${PYTHONPATH} /usr/bin/python3 -W ignore:setup.py install is deprecated setup.py egg_info --egg-base ../../build/movement_pkg build --build-base /home/ssfa/ros2_ws/build/movement_pkg/build install --record /home/ssfa/ros2_ws/build/movement_pkg/install.log --single-version-externally-managed install_data --force
[10.834s] Level 1:colcon.colcon_core.environment:checking '/home/ssfa/ros2_ws/install/movement_pkg' for CMake config files
[10.836s] Level 1:colcon.colcon_core.environment:checking '/home/ssfa/ros2_ws/install/movement_pkg/lib'
[10.836s] Level 1:colcon.colcon_core.environment:checking '/home/ssfa/ros2_ws/install/movement_pkg/bin'
[10.836s] Level 1:colcon.colcon_core.environment:checking '/home/ssfa/ros2_ws/install/movement_pkg/lib/pkgconfig/movement_pkg.pc'
[10.837s] Level 1:colcon.colcon_core.environment:checking '/home/ssfa/ros2_ws/install/movement_pkg/lib/python3.10/site-packages'
[10.837s] Level 1:colcon.colcon_core.shell:create_environment_hook('movement_pkg', 'pythonpath')
[10.837s] INFO:colcon.colcon_core.shell:Creating environment hook '/home/ssfa/ros2_ws/install/movement_pkg/share/movement_pkg/hook/pythonpath.ps1'
[10.838s] INFO:colcon.colcon_core.shell:Creating environment descriptor '/home/ssfa/ros2_ws/install/movement_pkg/share/movement_pkg/hook/pythonpath.dsv'
[10.838s] INFO:colcon.colcon_core.shell:Creating environment hook '/home/ssfa/ros2_ws/install/movement_pkg/share/movement_pkg/hook/pythonpath.sh'
[10.839s] Level 1:colcon.colcon_core.environment:checking '/home/ssfa/ros2_ws/install/movement_pkg/bin'
[10.840s] Level 1:colcon.colcon_core.environment:create_environment_scripts_only(movement_pkg)
[10.840s] INFO:colcon.colcon_core.shell:Creating package script '/home/ssfa/ros2_ws/install/movement_pkg/share/movement_pkg/package.ps1'
[10.841s] INFO:colcon.colcon_core.shell:Creating package descriptor '/home/ssfa/ros2_ws/install/movement_pkg/share/movement_pkg/package.dsv'
[10.842s] INFO:colcon.colcon_core.shell:Creating package script '/home/ssfa/ros2_ws/install/movement_pkg/share/movement_pkg/package.sh'
[10.842s] INFO:colcon.colcon_core.shell:Creating package script '/home/ssfa/ros2_ws/install/movement_pkg/share/movement_pkg/package.bash'
[10.843s] INFO:colcon.colcon_core.shell:Creating package script '/home/ssfa/ros2_ws/install/movement_pkg/share/movement_pkg/package.zsh'
[10.844s] Level 1:colcon.colcon_core.environment:create_file_with_runtime_dependencies(/home/ssfa/ros2_ws/install/movement_pkg/share/colcon-core/packages/movement_pkg)
[10.867s] DEBUG:colcon.colcon_core.event_handler.log_command:Invoked command in '/home/ssfa/ros2_ws/build/two_wheeled_robot' returned '0': CMAKE_PREFIX_PATH=${CMAKE_PREFIX_PATH}:/home/ssfa/ros2_ws/install/turtlebot3_teleop:/home/ssfa/ros2_ws/install/turtlebot3_example:/home/ssfa/ros2_ws/install/topic_exercise:/home/ssfa/ros2_ws/install/subscriber_pkg:/home/ssfa/ros2_ws/install/services_pkg:/home/ssfa/ros2_ws/install/publisher_pkg:/home/ssfa/ros2_ws/install/my_package:/home/ssfa/ros2_ws/install/movement_pkg:/home/ssfa/ros2_ws/install/exercise_pkg:/home/ssfa/ros2_ws/install/custom_interface_example:/home/ssfa/ros2_ws/install/client_pkg:/opt/ros/humble /usr/bin/cmake /home/ssfa/ros2_ws/src/two_wheeled_robot -DCMAKE_INSTALL_PREFIX=/home/ssfa/ros2_ws/install/two_wheeled_robot
[10.868s] DEBUG:colcon.colcon_core.event_handler.log_command:Invoking command in '/home/ssfa/ros2_ws/build/two_wheeled_robot': CMAKE_PREFIX_PATH=${CMAKE_PREFIX_PATH}:/home/ssfa/ros2_ws/install/turtlebot3_teleop:/home/ssfa/ros2_ws/install/turtlebot3_example:/home/ssfa/ros2_ws/install/topic_exercise:/home/ssfa/ros2_ws/install/subscriber_pkg:/home/ssfa/ros2_ws/install/services_pkg:/home/ssfa/ros2_ws/install/publisher_pkg:/home/ssfa/ros2_ws/install/my_package:/home/ssfa/ros2_ws/install/movement_pkg:/home/ssfa/ros2_ws/install/exercise_pkg:/home/ssfa/ros2_ws/install/custom_interface_example:/home/ssfa/ros2_ws/install/client_pkg:/opt/ros/humble /usr/bin/cmake --build /home/ssfa/ros2_ws/build/two_wheeled_robot -- -j12 -l12
[11.170s] DEBUG:colcon.colcon_core.event_handler.log_command:Invoked command in '/home/ssfa/ros2_ws/build/turtlebot3_example' returned '0': CMAKE_PREFIX_PATH=/home/ssfa/ros2_ws/install/turtlebot3_msgs:/home/ssfa/ros2_ws/install/two_wheeled_robot:/home/ssfa/ros2_ws/install/turtlebot3:/home/ssfa/ros2_ws/install/turtlebot3_simulations:/home/ssfa/ros2_ws/install/turtlebot3_navigation2:/home/ssfa/ros2_ws/install/turtlebot3_gazebo:/home/ssfa/ros2_ws/install/turtlebot3_bringup:/home/ssfa/ros2_ws/install/turtlebot3_description:/home/ssfa/ros2_ws/install/turtlebot3_cartographer:/home/ssfa/ros2_ws/install/turtlebot3_as:/home/ssfa/ros2_ws/install/t3_action_msg:/home/ssfa/ros2_ws/install/dynamixel_sdk:/home/ssfa/ros2_ws/install/custom_interfaces PYTHONPATH=/home/ssfa/ros2_ws/build/turtlebot3_example/prefix_override:/usr/lib/python3/dist-packages/colcon_core/task/python/colcon_distutils_commands:/home/ssfa/ros2_ws/install/turtlebot3_example/lib/python3.10/site-packages:${PYTHONPATH} /usr/bin/python3 -W ignore:setup.py install is deprecated setup.py develop --uninstall --editable --build-directory /home/ssfa/ros2_ws/build/turtlebot3_example/build
[11.184s] DEBUG:colcon.colcon_core.event_handler.log_command:Invoking command in '/home/ssfa/ros2_ws/src/t3/turtlebot3/turtlebot3/turtlebot3_example': CMAKE_PREFIX_PATH=/home/ssfa/ros2_ws/install/turtlebot3_msgs:/home/ssfa/ros2_ws/install/two_wheeled_robot:/home/ssfa/ros2_ws/install/turtlebot3:/home/ssfa/ros2_ws/install/turtlebot3_simulations:/home/ssfa/ros2_ws/install/turtlebot3_navigation2:/home/ssfa/ros2_ws/install/turtlebot3_gazebo:/home/ssfa/ros2_ws/install/turtlebot3_bringup:/home/ssfa/ros2_ws/install/turtlebot3_description:/home/ssfa/ros2_ws/install/turtlebot3_cartographer:/home/ssfa/ros2_ws/install/turtlebot3_as:/home/ssfa/ros2_ws/install/t3_action_msg:/home/ssfa/ros2_ws/install/dynamixel_sdk:/home/ssfa/ros2_ws/install/custom_interfaces PYTHONPATH=/home/ssfa/ros2_ws/build/turtlebot3_example/prefix_override:/usr/lib/python3/dist-packages/colcon_core/task/python/colcon_distutils_commands:/home/ssfa/ros2_ws/install/turtlebot3_example/lib/python3.10/site-packages:${PYTHONPATH} /usr/bin/python3 -W ignore:setup.py install is deprecated setup.py egg_info --egg-base ../../../../../build/turtlebot3_example build --build-base /home/ssfa/ros2_ws/build/turtlebot3_example/build install --record /home/ssfa/ros2_ws/build/turtlebot3_example/install.log --install-scripts $base/lib/turtlebot3_example --single-version-externally-managed install_data --force
[11.406s] Level 1:colcon.colcon_core.environment:checking '/home/ssfa/ros2_ws/install/custom_interface_example' for CMake module files
[11.407s] Level 1:colcon.colcon_core.environment:checking '/home/ssfa/ros2_ws/install/custom_interface_example' for CMake config files
[11.408s] DEBUG:colcon.colcon_core.event_handler.log_command:Invoked command in '/home/ssfa/ros2_ws/src/custom_interface_example' returned '0': CMAKE_PREFIX_PATH=/home/ssfa/ros2_ws/install/custom_interfaces:/home/ssfa/ros2_ws/install/two_wheeled_robot:/home/ssfa/ros2_ws/install/turtlebot3:/home/ssfa/ros2_ws/install/turtlebot3_simulations:/home/ssfa/ros2_ws/install/turtlebot3_navigation2:/home/ssfa/ros2_ws/install/turtlebot3_msgs:/home/ssfa/ros2_ws/install/turtlebot3_gazebo:/home/ssfa/ros2_ws/install/turtlebot3_bringup:/home/ssfa/ros2_ws/install/turtlebot3_description:/home/ssfa/ros2_ws/install/turtlebot3_cartographer:/home/ssfa/ros2_ws/install/turtlebot3_as:/home/ssfa/ros2_ws/install/t3_action_msg:/home/ssfa/ros2_ws/install/dynamixel_sdk LD_LIBRARY_PATH=/home/ssfa/ros2_ws/install/custom_interfaces/lib:/home/ssfa/ros2_ws/install/turtlebot3_msgs/lib:/home/ssfa/ros2_ws/install/t3_action_msg/lib:/home/ssfa/ros2_ws/install/dynamixel_sdk/lib:/usr/lib/x86_64-linux-gnu/gazebo-11/plugins:/opt/ros/humble/opt/rviz_ogre_vendor/lib:/opt/ros/humble/lib/x86_64-linux-gnu:/opt/ros/humble/lib PYTHONPATH=/home/ssfa/ros2_ws/build/custom_interface_example/prefix_override:/usr/lib/python3/dist-packages/colcon_core/task/python/colcon_distutils_commands:/home/ssfa/ros2_ws/install/custom_interface_example/lib/python3.10/site-packages:${PYTHONPATH} /usr/bin/python3 -W ignore:setup.py install is deprecated setup.py egg_info --egg-base ../../build/custom_interface_example build --build-base /home/ssfa/ros2_ws/build/custom_interface_example/build install --record /home/ssfa/ros2_ws/build/custom_interface_example/install.log --single-version-externally-managed install_data --force
[11.409s] Level 1:colcon.colcon_core.environment:checking '/home/ssfa/ros2_ws/install/custom_interface_example/lib'
[11.409s] Level 1:colcon.colcon_core.environment:checking '/home/ssfa/ros2_ws/install/custom_interface_example/bin'
[11.409s] Level 1:colcon.colcon_core.environment:checking '/home/ssfa/ros2_ws/install/custom_interface_example/lib/pkgconfig/custom_interface_example.pc'
[11.410s] Level 1:colcon.colcon_core.environment:checking '/home/ssfa/ros2_ws/install/custom_interface_example/lib/python3.10/site-packages'
[11.410s] Level 1:colcon.colcon_core.shell:create_environment_hook('custom_interface_example', 'pythonpath')
[11.410s] INFO:colcon.colcon_core.shell:Creating environment hook '/home/ssfa/ros2_ws/install/custom_interface_example/share/custom_interface_example/hook/pythonpath.ps1'
[11.411s] INFO:colcon.colcon_core.shell:Creating environment descriptor '/home/ssfa/ros2_ws/install/custom_interface_example/share/custom_interface_example/hook/pythonpath.dsv'
[11.412s] INFO:colcon.colcon_core.shell:Creating environment hook '/home/ssfa/ros2_ws/install/custom_interface_example/share/custom_interface_example/hook/pythonpath.sh'
[11.413s] Level 1:colcon.colcon_core.environment:checking '/home/ssfa/ros2_ws/install/custom_interface_example/bin'
[11.413s] Level 1:colcon.colcon_core.environment:create_environment_scripts_only(custom_interface_example)
[11.414s] INFO:colcon.colcon_core.shell:Creating package script '/home/ssfa/ros2_ws/install/custom_interface_example/share/custom_interface_example/package.ps1'
[11.415s] INFO:colcon.colcon_core.shell:Creating package descriptor '/home/ssfa/ros2_ws/install/custom_interface_example/share/custom_interface_example/package.dsv'
[11.416s] INFO:colcon.colcon_core.shell:Creating package script '/home/ssfa/ros2_ws/install/custom_interface_example/share/custom_interface_example/package.sh'
[11.416s] INFO:colcon.colcon_core.shell:Creating package script '/home/ssfa/ros2_ws/install/custom_interface_example/share/custom_interface_example/package.bash'
[11.417s] INFO:colcon.colcon_core.shell:Creating package script '/home/ssfa/ros2_ws/install/custom_interface_example/share/custom_interface_example/package.zsh'
[11.418s] Level 1:colcon.colcon_core.environment:create_file_with_runtime_dependencies(/home/ssfa/ros2_ws/install/custom_interface_example/share/colcon-core/packages/custom_interface_example)
[12.003s] Level 1:colcon.colcon_core.environment:checking '/home/ssfa/ros2_ws/install/turtlebot3_example' for CMake module files
[12.004s] Level 1:colcon.colcon_core.environment:checking '/home/ssfa/ros2_ws/install/turtlebot3_example' for CMake config files
[12.005s] Level 1:colcon.colcon_core.environment:checking '/home/ssfa/ros2_ws/install/turtlebot3_example/lib'
[12.005s] Level 1:colcon.colcon_core.environment:checking '/home/ssfa/ros2_ws/install/turtlebot3_example/bin'
[12.005s] Level 1:colcon.colcon_core.environment:checking '/home/ssfa/ros2_ws/install/turtlebot3_example/lib/pkgconfig/turtlebot3_example.pc'
[12.006s] Level 1:colcon.colcon_core.environment:checking '/home/ssfa/ros2_ws/install/turtlebot3_example/lib/python3.10/site-packages'
[12.006s] Level 1:colcon.colcon_core.shell:create_environment_hook('turtlebot3_example', 'pythonpath')
[12.006s] INFO:colcon.colcon_core.shell:Creating environment hook '/home/ssfa/ros2_ws/install/turtlebot3_example/share/turtlebot3_example/hook/pythonpath.ps1'
[12.007s] INFO:colcon.colcon_core.shell:Creating environment descriptor '/home/ssfa/ros2_ws/install/turtlebot3_example/share/turtlebot3_example/hook/pythonpath.dsv'
[12.008s] INFO:colcon.colcon_core.shell:Creating environment hook '/home/ssfa/ros2_ws/install/turtlebot3_example/share/turtlebot3_example/hook/pythonpath.sh'
[12.009s] Level 1:colcon.colcon_core.environment:checking '/home/ssfa/ros2_ws/install/turtlebot3_example/bin'
[12.009s] Level 1:colcon.colcon_core.environment:create_environment_scripts_only(turtlebot3_example)
[12.010s] INFO:colcon.colcon_core.shell:Creating package script '/home/ssfa/ros2_ws/install/turtlebot3_example/share/turtlebot3_example/package.ps1'
[12.011s] DEBUG:colcon.colcon_core.event_handler.log_command:Invoked command in '/home/ssfa/ros2_ws/src/t3/turtlebot3/turtlebot3/turtlebot3_example' returned '0': CMAKE_PREFIX_PATH=/home/ssfa/ros2_ws/install/turtlebot3_msgs:/home/ssfa/ros2_ws/install/two_wheeled_robot:/home/ssfa/ros2_ws/install/turtlebot3:/home/ssfa/ros2_ws/install/turtlebot3_simulations:/home/ssfa/ros2_ws/install/turtlebot3_navigation2:/home/ssfa/ros2_ws/install/turtlebot3_gazebo:/home/ssfa/ros2_ws/install/turtlebot3_bringup:/home/ssfa/ros2_ws/install/turtlebot3_description:/home/ssfa/ros2_ws/install/turtlebot3_cartographer:/home/ssfa/ros2_ws/install/turtlebot3_as:/home/ssfa/ros2_ws/install/t3_action_msg:/home/ssfa/ros2_ws/install/dynamixel_sdk:/home/ssfa/ros2_ws/install/custom_interfaces PYTHONPATH=/home/ssfa/ros2_ws/build/turtlebot3_example/prefix_override:/usr/lib/python3/dist-packages/colcon_core/task/python/colcon_distutils_commands:/home/ssfa/ros2_ws/install/turtlebot3_example/lib/python3.10/site-packages:${PYTHONPATH} /usr/bin/python3 -W ignore:setup.py install is deprecated setup.py egg_info --egg-base ../../../../../build/turtlebot3_example build --build-base /home/ssfa/ros2_ws/build/turtlebot3_example/build install --record /home/ssfa/ros2_ws/build/turtlebot3_example/install.log --install-scripts $base/lib/turtlebot3_example --single-version-externally-managed install_data --force
[12.012s] INFO:colcon.colcon_core.shell:Creating package descriptor '/home/ssfa/ros2_ws/install/turtlebot3_example/share/turtlebot3_example/package.dsv'
[12.013s] INFO:colcon.colcon_core.shell:Creating package script '/home/ssfa/ros2_ws/install/turtlebot3_example/share/turtlebot3_example/package.sh'
[12.013s] INFO:colcon.colcon_core.shell:Creating package script '/home/ssfa/ros2_ws/install/turtlebot3_example/share/turtlebot3_example/package.bash'
[12.014s] INFO:colcon.colcon_core.shell:Creating package script '/home/ssfa/ros2_ws/install/turtlebot3_example/share/turtlebot3_example/package.zsh'
[12.015s] Level 1:colcon.colcon_core.environment:create_file_with_runtime_dependencies(/home/ssfa/ros2_ws/install/turtlebot3_example/share/colcon-core/packages/turtlebot3_example)
[12.021s] INFO:colcon.colcon_ros.task.ament_cmake.build:Building ROS package in '/home/ssfa/ros2_ws/src/t3/turtlebot3/turtlebot3/turtlebot3' with build type 'ament_cmake'
[12.022s] INFO:colcon.colcon_cmake.task.cmake.build:Building CMake package in '/home/ssfa/ros2_ws/src/t3/turtlebot3/turtlebot3/turtlebot3'
[12.022s] INFO:colcon.colcon_core.shell:Skip shell extension 'powershell' for command environment: Not usable outside of PowerShell
[12.022s] DEBUG:colcon.colcon_core.shell:Skip shell extension 'dsv' for command environment
[12.094s] DEBUG:colcon.colcon_core.event_handler.log_command:Invoking command in '/home/ssfa/ros2_ws/build/turtlebot3': AMENT_PREFIX_PATH=/home/ssfa/ros2_ws/install/turtlebot3_example:/home/ssfa/ros2_ws/install/turtlebot3_teleop:/home/ssfa/ros2_ws/install/two_wheeled_robot:/home/ssfa/ros2_ws/install/turtlebot3:/home/ssfa/ros2_ws/install/turtlebot3_simulations:/home/ssfa/ros2_ws/install/turtlebot3_navigation2:/home/ssfa/ros2_ws/install/turtlebot3_msgs:/home/ssfa/ros2_ws/install/turtlebot3_gazebo:/home/ssfa/ros2_ws/install/turtlebot3_bringup:/home/ssfa/ros2_ws/install/turtlebot3_description:/home/ssfa/ros2_ws/install/turtlebot3_cartographer:/home/ssfa/ros2_ws/install/turtlebot3_as:/home/ssfa/ros2_ws/install/topic_exercise:/home/ssfa/ros2_ws/install/t3_action_msg:/home/ssfa/ros2_ws/install/subscriber_pkg:/home/ssfa/ros2_ws/install/services_pkg:/home/ssfa/ros2_ws/install/publisher_pkg:/home/ssfa/ros2_ws/install/my_package:/home/ssfa/ros2_ws/install/movement_pkg:/home/ssfa/ros2_ws/install/exercise_pkg:/home/ssfa/ros2_ws/install/dynamixel_sdk:/home/ssfa/ros2_ws/install/custom_interface_example:/home/ssfa/ros2_ws/install/custom_interfaces:/home/ssfa/ros2_ws/install/client_pkg:/opt/ros/humble CMAKE_PREFIX_PATH=/home/ssfa/ros2_ws/install/turtlebot3_bringup:/home/ssfa/ros2_ws/install/turtlebot3_navigation2:/home/ssfa/ros2_ws/install/turtlebot3_msgs:/home/ssfa/ros2_ws/install/turtlebot3_description:/home/ssfa/ros2_ws/install/turtlebot3_cartographer:/home/ssfa/ros2_ws/install/two_wheeled_robot:/home/ssfa/ros2_ws/install/turtlebot3:/home/ssfa/ros2_ws/install/turtlebot3_simulations:/home/ssfa/ros2_ws/install/turtlebot3_gazebo:/home/ssfa/ros2_ws/install/turtlebot3_as:/home/ssfa/ros2_ws/install/t3_action_msg:/home/ssfa/ros2_ws/install/dynamixel_sdk:/home/ssfa/ros2_ws/install/custom_interfaces:/home/ssfa/ros2_ws/install/turtlebot3_teleop:/home/ssfa/ros2_ws/install/turtlebot3_example:/home/ssfa/ros2_ws/install/topic_exercise:/home/ssfa/ros2_ws/install/subscriber_pkg:/home/ssfa/ros2_ws/install/services_pkg:/home/ssfa/ros2_ws/install/publisher_pkg:/home/ssfa/ros2_ws/install/my_package:/home/ssfa/ros2_ws/install/movement_pkg:/home/ssfa/ros2_ws/install/exercise_pkg:/home/ssfa/ros2_ws/install/custom_interface_example:/home/ssfa/ros2_ws/install/client_pkg:/opt/ros/humble PYTHONPATH=/home/ssfa/ros2_ws/install/turtlebot3_example/lib/python3.10/site-packages:/home/ssfa/ros2_ws/install/turtlebot3_teleop/lib/python3.10/site-packages:/home/ssfa/ros2_ws/install/two_wheeled_robot/local/lib/python3.10/dist-packages:/home/ssfa/ros2_ws/build/turtlebot3_teleop:/home/ssfa/ros2_ws/build/turtlebot3_example:/home/ssfa/ros2_ws/install/turtlebot3_msgs/local/lib/python3.10/dist-packages:/home/ssfa/ros2_ws/build/topic_exercise:/home/ssfa/ros2_ws/install/topic_exercise/lib/python3.10/site-packages:/home/ssfa/ros2_ws/install/t3_action_msg/local/lib/python3.10/dist-packages:/home/ssfa/ros2_ws/build/subscriber_pkg:/home/ssfa/ros2_ws/install/subscriber_pkg/lib/python3.10/site-packages:/home/ssfa/ros2_ws/build/services_pkg:/home/ssfa/ros2_ws/install/services_pkg/lib/python3.10/site-packages:/home/ssfa/ros2_ws/build/publisher_pkg:/home/ssfa/ros2_ws/install/publisher_pkg/lib/python3.10/site-packages:/home/ssfa/ros2_ws/build/my_package:/home/ssfa/ros2_ws/install/my_package/lib/python3.10/site-packages:/home/ssfa/ros2_ws/build/movement_pkg:/home/ssfa/ros2_ws/install/movement_pkg/lib/python3.10/site-packages:/home/ssfa/ros2_ws/build/exercise_pkg:/home/ssfa/ros2_ws/install/exercise_pkg/lib/python3.10/site-packages:/home/ssfa/ros2_ws/build/custom_interface_example:/home/ssfa/ros2_ws/install/custom_interface_example/lib/python3.10/site-packages:/home/ssfa/ros2_ws/install/custom_interfaces/local/lib/python3.10/dist-packages:/home/ssfa/ros2_ws/build/client_pkg:/home/ssfa/ros2_ws/install/client_pkg/lib/python3.10/site-packages:/opt/ros/humble/lib/python3.10/site-packages:/opt/ros/humble/local/lib/python3.10/dist-packages /usr/bin/cmake /home/ssfa/ros2_ws/src/t3/turtlebot3/turtlebot3/turtlebot3 -DCMAKE_INSTALL_PREFIX=/home/ssfa/ros2_ws/install/turtlebot3
[12.296s] DEBUG:colcon.colcon_core.event_handler.log_command:Invoked command in '/home/ssfa/ros2_ws/build/two_wheeled_robot' returned '0': CMAKE_PREFIX_PATH=${CMAKE_PREFIX_PATH}:/home/ssfa/ros2_ws/install/turtlebot3_teleop:/home/ssfa/ros2_ws/install/turtlebot3_example:/home/ssfa/ros2_ws/install/topic_exercise:/home/ssfa/ros2_ws/install/subscriber_pkg:/home/ssfa/ros2_ws/install/services_pkg:/home/ssfa/ros2_ws/install/publisher_pkg:/home/ssfa/ros2_ws/install/my_package:/home/ssfa/ros2_ws/install/movement_pkg:/home/ssfa/ros2_ws/install/exercise_pkg:/home/ssfa/ros2_ws/install/custom_interface_example:/home/ssfa/ros2_ws/install/client_pkg:/opt/ros/humble /usr/bin/cmake --build /home/ssfa/ros2_ws/build/two_wheeled_robot -- -j12 -l12
[12.401s] DEBUG:colcon.colcon_core.event_handler.log_command:Invoking command in '/home/ssfa/ros2_ws/build/two_wheeled_robot': CMAKE_PREFIX_PATH=${CMAKE_PREFIX_PATH}:/home/ssfa/ros2_ws/install/turtlebot3_teleop:/home/ssfa/ros2_ws/install/turtlebot3_example:/home/ssfa/ros2_ws/install/topic_exercise:/home/ssfa/ros2_ws/install/subscriber_pkg:/home/ssfa/ros2_ws/install/services_pkg:/home/ssfa/ros2_ws/install/publisher_pkg:/home/ssfa/ros2_ws/install/my_package:/home/ssfa/ros2_ws/install/movement_pkg:/home/ssfa/ros2_ws/install/exercise_pkg:/home/ssfa/ros2_ws/install/custom_interface_example:/home/ssfa/ros2_ws/install/client_pkg:/opt/ros/humble /usr/bin/cmake --install /home/ssfa/ros2_ws/build/two_wheeled_robot
[12.769s] DEBUG:colcon.colcon_core.event_handler.log_command:Invoked command in '/home/ssfa/ros2_ws/build/turtlebot3' returned '0': AMENT_PREFIX_PATH=/home/ssfa/ros2_ws/install/turtlebot3_example:/home/ssfa/ros2_ws/install/turtlebot3_teleop:/home/ssfa/ros2_ws/install/two_wheeled_robot:/home/ssfa/ros2_ws/install/turtlebot3:/home/ssfa/ros2_ws/install/turtlebot3_simulations:/home/ssfa/ros2_ws/install/turtlebot3_navigation2:/home/ssfa/ros2_ws/install/turtlebot3_msgs:/home/ssfa/ros2_ws/install/turtlebot3_gazebo:/home/ssfa/ros2_ws/install/turtlebot3_bringup:/home/ssfa/ros2_ws/install/turtlebot3_description:/home/ssfa/ros2_ws/install/turtlebot3_cartographer:/home/ssfa/ros2_ws/install/turtlebot3_as:/home/ssfa/ros2_ws/install/topic_exercise:/home/ssfa/ros2_ws/install/t3_action_msg:/home/ssfa/ros2_ws/install/subscriber_pkg:/home/ssfa/ros2_ws/install/services_pkg:/home/ssfa/ros2_ws/install/publisher_pkg:/home/ssfa/ros2_ws/install/my_package:/home/ssfa/ros2_ws/install/movement_pkg:/home/ssfa/ros2_ws/install/exercise_pkg:/home/ssfa/ros2_ws/install/dynamixel_sdk:/home/ssfa/ros2_ws/install/custom_interface_example:/home/ssfa/ros2_ws/install/custom_interfaces:/home/ssfa/ros2_ws/install/client_pkg:/opt/ros/humble CMAKE_PREFIX_PATH=/home/ssfa/ros2_ws/install/turtlebot3_bringup:/home/ssfa/ros2_ws/install/turtlebot3_navigation2:/home/ssfa/ros2_ws/install/turtlebot3_msgs:/home/ssfa/ros2_ws/install/turtlebot3_description:/home/ssfa/ros2_ws/install/turtlebot3_cartographer:/home/ssfa/ros2_ws/install/two_wheeled_robot:/home/ssfa/ros2_ws/install/turtlebot3:/home/ssfa/ros2_ws/install/turtlebot3_simulations:/home/ssfa/ros2_ws/install/turtlebot3_gazebo:/home/ssfa/ros2_ws/install/turtlebot3_as:/home/ssfa/ros2_ws/install/t3_action_msg:/home/ssfa/ros2_ws/install/dynamixel_sdk:/home/ssfa/ros2_ws/install/custom_interfaces:/home/ssfa/ros2_ws/install/turtlebot3_teleop:/home/ssfa/ros2_ws/install/turtlebot3_example:/home/ssfa/ros2_ws/install/topic_exercise:/home/ssfa/ros2_ws/install/subscriber_pkg:/home/ssfa/ros2_ws/install/services_pkg:/home/ssfa/ros2_ws/install/publisher_pkg:/home/ssfa/ros2_ws/install/my_package:/home/ssfa/ros2_ws/install/movement_pkg:/home/ssfa/ros2_ws/install/exercise_pkg:/home/ssfa/ros2_ws/install/custom_interface_example:/home/ssfa/ros2_ws/install/client_pkg:/opt/ros/humble PYTHONPATH=/home/ssfa/ros2_ws/install/turtlebot3_example/lib/python3.10/site-packages:/home/ssfa/ros2_ws/install/turtlebot3_teleop/lib/python3.10/site-packages:/home/ssfa/ros2_ws/install/two_wheeled_robot/local/lib/python3.10/dist-packages:/home/ssfa/ros2_ws/build/turtlebot3_teleop:/home/ssfa/ros2_ws/build/turtlebot3_example:/home/ssfa/ros2_ws/install/turtlebot3_msgs/local/lib/python3.10/dist-packages:/home/ssfa/ros2_ws/build/topic_exercise:/home/ssfa/ros2_ws/install/topic_exercise/lib/python3.10/site-packages:/home/ssfa/ros2_ws/install/t3_action_msg/local/lib/python3.10/dist-packages:/home/ssfa/ros2_ws/build/subscriber_pkg:/home/ssfa/ros2_ws/install/subscriber_pkg/lib/python3.10/site-packages:/home/ssfa/ros2_ws/build/services_pkg:/home/ssfa/ros2_ws/install/services_pkg/lib/python3.10/site-packages:/home/ssfa/ros2_ws/build/publisher_pkg:/home/ssfa/ros2_ws/install/publisher_pkg/lib/python3.10/site-packages:/home/ssfa/ros2_ws/build/my_package:/home/ssfa/ros2_ws/install/my_package/lib/python3.10/site-packages:/home/ssfa/ros2_ws/build/movement_pkg:/home/ssfa/ros2_ws/install/movement_pkg/lib/python3.10/site-packages:/home/ssfa/ros2_ws/build/exercise_pkg:/home/ssfa/ros2_ws/install/exercise_pkg/lib/python3.10/site-packages:/home/ssfa/ros2_ws/build/custom_interface_example:/home/ssfa/ros2_ws/install/custom_interface_example/lib/python3.10/site-packages:/home/ssfa/ros2_ws/install/custom_interfaces/local/lib/python3.10/dist-packages:/home/ssfa/ros2_ws/build/client_pkg:/home/ssfa/ros2_ws/install/client_pkg/lib/python3.10/site-packages:/opt/ros/humble/lib/python3.10/site-packages:/opt/ros/humble/local/lib/python3.10/dist-packages /usr/bin/cmake /home/ssfa/ros2_ws/src/t3/turtlebot3/turtlebot3/turtlebot3 -DCMAKE_INSTALL_PREFIX=/home/ssfa/ros2_ws/install/turtlebot3
[12.776s] DEBUG:colcon.colcon_core.event_handler.log_command:Invoking command in '/home/ssfa/ros2_ws/build/turtlebot3': AMENT_PREFIX_PATH=/home/ssfa/ros2_ws/install/turtlebot3_example:/home/ssfa/ros2_ws/install/turtlebot3_teleop:/home/ssfa/ros2_ws/install/two_wheeled_robot:/home/ssfa/ros2_ws/install/turtlebot3:/home/ssfa/ros2_ws/install/turtlebot3_simulations:/home/ssfa/ros2_ws/install/turtlebot3_navigation2:/home/ssfa/ros2_ws/install/turtlebot3_msgs:/home/ssfa/ros2_ws/install/turtlebot3_gazebo:/home/ssfa/ros2_ws/install/turtlebot3_bringup:/home/ssfa/ros2_ws/install/turtlebot3_description:/home/ssfa/ros2_ws/install/turtlebot3_cartographer:/home/ssfa/ros2_ws/install/turtlebot3_as:/home/ssfa/ros2_ws/install/topic_exercise:/home/ssfa/ros2_ws/install/t3_action_msg:/home/ssfa/ros2_ws/install/subscriber_pkg:/home/ssfa/ros2_ws/install/services_pkg:/home/ssfa/ros2_ws/install/publisher_pkg:/home/ssfa/ros2_ws/install/my_package:/home/ssfa/ros2_ws/install/movement_pkg:/home/ssfa/ros2_ws/install/exercise_pkg:/home/ssfa/ros2_ws/install/dynamixel_sdk:/home/ssfa/ros2_ws/install/custom_interface_example:/home/ssfa/ros2_ws/install/custom_interfaces:/home/ssfa/ros2_ws/install/client_pkg:/opt/ros/humble CMAKE_PREFIX_PATH=/home/ssfa/ros2_ws/install/turtlebot3_bringup:/home/ssfa/ros2_ws/install/turtlebot3_navigation2:/home/ssfa/ros2_ws/install/turtlebot3_msgs:/home/ssfa/ros2_ws/install/turtlebot3_description:/home/ssfa/ros2_ws/install/turtlebot3_cartographer:/home/ssfa/ros2_ws/install/two_wheeled_robot:/home/ssfa/ros2_ws/install/turtlebot3:/home/ssfa/ros2_ws/install/turtlebot3_simulations:/home/ssfa/ros2_ws/install/turtlebot3_gazebo:/home/ssfa/ros2_ws/install/turtlebot3_as:/home/ssfa/ros2_ws/install/t3_action_msg:/home/ssfa/ros2_ws/install/dynamixel_sdk:/home/ssfa/ros2_ws/install/custom_interfaces:/home/ssfa/ros2_ws/install/turtlebot3_teleop:/home/ssfa/ros2_ws/install/turtlebot3_example:/home/ssfa/ros2_ws/install/topic_exercise:/home/ssfa/ros2_ws/install/subscriber_pkg:/home/ssfa/ros2_ws/install/services_pkg:/home/ssfa/ros2_ws/install/publisher_pkg:/home/ssfa/ros2_ws/install/my_package:/home/ssfa/ros2_ws/install/movement_pkg:/home/ssfa/ros2_ws/install/exercise_pkg:/home/ssfa/ros2_ws/install/custom_interface_example:/home/ssfa/ros2_ws/install/client_pkg:/opt/ros/humble PYTHONPATH=/home/ssfa/ros2_ws/install/turtlebot3_example/lib/python3.10/site-packages:/home/ssfa/ros2_ws/install/turtlebot3_teleop/lib/python3.10/site-packages:/home/ssfa/ros2_ws/install/two_wheeled_robot/local/lib/python3.10/dist-packages:/home/ssfa/ros2_ws/build/turtlebot3_teleop:/home/ssfa/ros2_ws/build/turtlebot3_example:/home/ssfa/ros2_ws/install/turtlebot3_msgs/local/lib/python3.10/dist-packages:/home/ssfa/ros2_ws/build/topic_exercise:/home/ssfa/ros2_ws/install/topic_exercise/lib/python3.10/site-packages:/home/ssfa/ros2_ws/install/t3_action_msg/local/lib/python3.10/dist-packages:/home/ssfa/ros2_ws/build/subscriber_pkg:/home/ssfa/ros2_ws/install/subscriber_pkg/lib/python3.10/site-packages:/home/ssfa/ros2_ws/build/services_pkg:/home/ssfa/ros2_ws/install/services_pkg/lib/python3.10/site-packages:/home/ssfa/ros2_ws/build/publisher_pkg:/home/ssfa/ros2_ws/install/publisher_pkg/lib/python3.10/site-packages:/home/ssfa/ros2_ws/build/my_package:/home/ssfa/ros2_ws/install/my_package/lib/python3.10/site-packages:/home/ssfa/ros2_ws/build/movement_pkg:/home/ssfa/ros2_ws/install/movement_pkg/lib/python3.10/site-packages:/home/ssfa/ros2_ws/build/exercise_pkg:/home/ssfa/ros2_ws/install/exercise_pkg/lib/python3.10/site-packages:/home/ssfa/ros2_ws/build/custom_interface_example:/home/ssfa/ros2_ws/install/custom_interface_example/lib/python3.10/site-packages:/home/ssfa/ros2_ws/install/custom_interfaces/local/lib/python3.10/dist-packages:/home/ssfa/ros2_ws/build/client_pkg:/home/ssfa/ros2_ws/install/client_pkg/lib/python3.10/site-packages:/opt/ros/humble/lib/python3.10/site-packages:/opt/ros/humble/local/lib/python3.10/dist-packages /usr/bin/cmake --build /home/ssfa/ros2_ws/build/turtlebot3 -- -j12 -l12
[12.846s] DEBUG:colcon.colcon_core.event_handler.log_command:Invoked command in '/home/ssfa/ros2_ws/build/turtlebot3' returned '0': AMENT_PREFIX_PATH=/home/ssfa/ros2_ws/install/turtlebot3_example:/home/ssfa/ros2_ws/install/turtlebot3_teleop:/home/ssfa/ros2_ws/install/two_wheeled_robot:/home/ssfa/ros2_ws/install/turtlebot3:/home/ssfa/ros2_ws/install/turtlebot3_simulations:/home/ssfa/ros2_ws/install/turtlebot3_navigation2:/home/ssfa/ros2_ws/install/turtlebot3_msgs:/home/ssfa/ros2_ws/install/turtlebot3_gazebo:/home/ssfa/ros2_ws/install/turtlebot3_bringup:/home/ssfa/ros2_ws/install/turtlebot3_description:/home/ssfa/ros2_ws/install/turtlebot3_cartographer:/home/ssfa/ros2_ws/install/turtlebot3_as:/home/ssfa/ros2_ws/install/topic_exercise:/home/ssfa/ros2_ws/install/t3_action_msg:/home/ssfa/ros2_ws/install/subscriber_pkg:/home/ssfa/ros2_ws/install/services_pkg:/home/ssfa/ros2_ws/install/publisher_pkg:/home/ssfa/ros2_ws/install/my_package:/home/ssfa/ros2_ws/install/movement_pkg:/home/ssfa/ros2_ws/install/exercise_pkg:/home/ssfa/ros2_ws/install/dynamixel_sdk:/home/ssfa/ros2_ws/install/custom_interface_example:/home/ssfa/ros2_ws/install/custom_interfaces:/home/ssfa/ros2_ws/install/client_pkg:/opt/ros/humble CMAKE_PREFIX_PATH=/home/ssfa/ros2_ws/install/turtlebot3_bringup:/home/ssfa/ros2_ws/install/turtlebot3_navigation2:/home/ssfa/ros2_ws/install/turtlebot3_msgs:/home/ssfa/ros2_ws/install/turtlebot3_description:/home/ssfa/ros2_ws/install/turtlebot3_cartographer:/home/ssfa/ros2_ws/install/two_wheeled_robot:/home/ssfa/ros2_ws/install/turtlebot3:/home/ssfa/ros2_ws/install/turtlebot3_simulations:/home/ssfa/ros2_ws/install/turtlebot3_gazebo:/home/ssfa/ros2_ws/install/turtlebot3_as:/home/ssfa/ros2_ws/install/t3_action_msg:/home/ssfa/ros2_ws/install/dynamixel_sdk:/home/ssfa/ros2_ws/install/custom_interfaces:/home/ssfa/ros2_ws/install/turtlebot3_teleop:/home/ssfa/ros2_ws/install/turtlebot3_example:/home/ssfa/ros2_ws/install/topic_exercise:/home/ssfa/ros2_ws/install/subscriber_pkg:/home/ssfa/ros2_ws/install/services_pkg:/home/ssfa/ros2_ws/install/publisher_pkg:/home/ssfa/ros2_ws/install/my_package:/home/ssfa/ros2_ws/install/movement_pkg:/home/ssfa/ros2_ws/install/exercise_pkg:/home/ssfa/ros2_ws/install/custom_interface_example:/home/ssfa/ros2_ws/install/client_pkg:/opt/ros/humble PYTHONPATH=/home/ssfa/ros2_ws/install/turtlebot3_example/lib/python3.10/site-packages:/home/ssfa/ros2_ws/install/turtlebot3_teleop/lib/python3.10/site-packages:/home/ssfa/ros2_ws/install/two_wheeled_robot/local/lib/python3.10/dist-packages:/home/ssfa/ros2_ws/build/turtlebot3_teleop:/home/ssfa/ros2_ws/build/turtlebot3_example:/home/ssfa/ros2_ws/install/turtlebot3_msgs/local/lib/python3.10/dist-packages:/home/ssfa/ros2_ws/build/topic_exercise:/home/ssfa/ros2_ws/install/topic_exercise/lib/python3.10/site-packages:/home/ssfa/ros2_ws/install/t3_action_msg/local/lib/python3.10/dist-packages:/home/ssfa/ros2_ws/build/subscriber_pkg:/home/ssfa/ros2_ws/install/subscriber_pkg/lib/python3.10/site-packages:/home/ssfa/ros2_ws/build/services_pkg:/home/ssfa/ros2_ws/install/services_pkg/lib/python3.10/site-packages:/home/ssfa/ros2_ws/build/publisher_pkg:/home/ssfa/ros2_ws/install/publisher_pkg/lib/python3.10/site-packages:/home/ssfa/ros2_ws/build/my_package:/home/ssfa/ros2_ws/install/my_package/lib/python3.10/site-packages:/home/ssfa/ros2_ws/build/movement_pkg:/home/ssfa/ros2_ws/install/movement_pkg/lib/python3.10/site-packages:/home/ssfa/ros2_ws/build/exercise_pkg:/home/ssfa/ros2_ws/install/exercise_pkg/lib/python3.10/site-packages:/home/ssfa/ros2_ws/build/custom_interface_example:/home/ssfa/ros2_ws/install/custom_interface_example/lib/python3.10/site-packages:/home/ssfa/ros2_ws/install/custom_interfaces/local/lib/python3.10/dist-packages:/home/ssfa/ros2_ws/build/client_pkg:/home/ssfa/ros2_ws/install/client_pkg/lib/python3.10/site-packages:/opt/ros/humble/lib/python3.10/site-packages:/opt/ros/humble/local/lib/python3.10/dist-packages /usr/bin/cmake --build /home/ssfa/ros2_ws/build/turtlebot3 -- -j12 -l12
[12.881s] DEBUG:colcon.colcon_core.event_handler.log_command:Invoking command in '/home/ssfa/ros2_ws/build/turtlebot3': AMENT_PREFIX_PATH=/home/ssfa/ros2_ws/install/turtlebot3_example:/home/ssfa/ros2_ws/install/turtlebot3_teleop:/home/ssfa/ros2_ws/install/two_wheeled_robot:/home/ssfa/ros2_ws/install/turtlebot3:/home/ssfa/ros2_ws/install/turtlebot3_simulations:/home/ssfa/ros2_ws/install/turtlebot3_navigation2:/home/ssfa/ros2_ws/install/turtlebot3_msgs:/home/ssfa/ros2_ws/install/turtlebot3_gazebo:/home/ssfa/ros2_ws/install/turtlebot3_bringup:/home/ssfa/ros2_ws/install/turtlebot3_description:/home/ssfa/ros2_ws/install/turtlebot3_cartographer:/home/ssfa/ros2_ws/install/turtlebot3_as:/home/ssfa/ros2_ws/install/topic_exercise:/home/ssfa/ros2_ws/install/t3_action_msg:/home/ssfa/ros2_ws/install/subscriber_pkg:/home/ssfa/ros2_ws/install/services_pkg:/home/ssfa/ros2_ws/install/publisher_pkg:/home/ssfa/ros2_ws/install/my_package:/home/ssfa/ros2_ws/install/movement_pkg:/home/ssfa/ros2_ws/install/exercise_pkg:/home/ssfa/ros2_ws/install/dynamixel_sdk:/home/ssfa/ros2_ws/install/custom_interface_example:/home/ssfa/ros2_ws/install/custom_interfaces:/home/ssfa/ros2_ws/install/client_pkg:/opt/ros/humble CMAKE_PREFIX_PATH=/home/ssfa/ros2_ws/install/turtlebot3_bringup:/home/ssfa/ros2_ws/install/turtlebot3_navigation2:/home/ssfa/ros2_ws/install/turtlebot3_msgs:/home/ssfa/ros2_ws/install/turtlebot3_description:/home/ssfa/ros2_ws/install/turtlebot3_cartographer:/home/ssfa/ros2_ws/install/two_wheeled_robot:/home/ssfa/ros2_ws/install/turtlebot3:/home/ssfa/ros2_ws/install/turtlebot3_simulations:/home/ssfa/ros2_ws/install/turtlebot3_gazebo:/home/ssfa/ros2_ws/install/turtlebot3_as:/home/ssfa/ros2_ws/install/t3_action_msg:/home/ssfa/ros2_ws/install/dynamixel_sdk:/home/ssfa/ros2_ws/install/custom_interfaces:/home/ssfa/ros2_ws/install/turtlebot3_teleop:/home/ssfa/ros2_ws/install/turtlebot3_example:/home/ssfa/ros2_ws/install/topic_exercise:/home/ssfa/ros2_ws/install/subscriber_pkg:/home/ssfa/ros2_ws/install/services_pkg:/home/ssfa/ros2_ws/install/publisher_pkg:/home/ssfa/ros2_ws/install/my_package:/home/ssfa/ros2_ws/install/movement_pkg:/home/ssfa/ros2_ws/install/exercise_pkg:/home/ssfa/ros2_ws/install/custom_interface_example:/home/ssfa/ros2_ws/install/client_pkg:/opt/ros/humble PYTHONPATH=/home/ssfa/ros2_ws/install/turtlebot3_example/lib/python3.10/site-packages:/home/ssfa/ros2_ws/install/turtlebot3_teleop/lib/python3.10/site-packages:/home/ssfa/ros2_ws/install/two_wheeled_robot/local/lib/python3.10/dist-packages:/home/ssfa/ros2_ws/build/turtlebot3_teleop:/home/ssfa/ros2_ws/build/turtlebot3_example:/home/ssfa/ros2_ws/install/turtlebot3_msgs/local/lib/python3.10/dist-packages:/home/ssfa/ros2_ws/build/topic_exercise:/home/ssfa/ros2_ws/install/topic_exercise/lib/python3.10/site-packages:/home/ssfa/ros2_ws/install/t3_action_msg/local/lib/python3.10/dist-packages:/home/ssfa/ros2_ws/build/subscriber_pkg:/home/ssfa/ros2_ws/install/subscriber_pkg/lib/python3.10/site-packages:/home/ssfa/ros2_ws/build/services_pkg:/home/ssfa/ros2_ws/install/services_pkg/lib/python3.10/site-packages:/home/ssfa/ros2_ws/build/publisher_pkg:/home/ssfa/ros2_ws/install/publisher_pkg/lib/python3.10/site-packages:/home/ssfa/ros2_ws/build/my_package:/home/ssfa/ros2_ws/install/my_package/lib/python3.10/site-packages:/home/ssfa/ros2_ws/build/movement_pkg:/home/ssfa/ros2_ws/install/movement_pkg/lib/python3.10/site-packages:/home/ssfa/ros2_ws/build/exercise_pkg:/home/ssfa/ros2_ws/install/exercise_pkg/lib/python3.10/site-packages:/home/ssfa/ros2_ws/build/custom_interface_example:/home/ssfa/ros2_ws/install/custom_interface_example/lib/python3.10/site-packages:/home/ssfa/ros2_ws/install/custom_interfaces/local/lib/python3.10/dist-packages:/home/ssfa/ros2_ws/build/client_pkg:/home/ssfa/ros2_ws/install/client_pkg/lib/python3.10/site-packages:/opt/ros/humble/lib/python3.10/site-packages:/opt/ros/humble/local/lib/python3.10/dist-packages /usr/bin/cmake --install /home/ssfa/ros2_ws/build/turtlebot3
[12.915s] Level 1:colcon.colcon_core.environment:create_environment_scripts_only(turtlebot3)
[12.916s] Level 1:colcon.colcon_core.environment:checking '/home/ssfa/ros2_ws/install/turtlebot3' for CMake module files
[12.917s] DEBUG:colcon.colcon_core.event_handler.log_command:Invoked command in '/home/ssfa/ros2_ws/build/turtlebot3' returned '0': AMENT_PREFIX_PATH=/home/ssfa/ros2_ws/install/turtlebot3_example:/home/ssfa/ros2_ws/install/turtlebot3_teleop:/home/ssfa/ros2_ws/install/two_wheeled_robot:/home/ssfa/ros2_ws/install/turtlebot3:/home/ssfa/ros2_ws/install/turtlebot3_simulations:/home/ssfa/ros2_ws/install/turtlebot3_navigation2:/home/ssfa/ros2_ws/install/turtlebot3_msgs:/home/ssfa/ros2_ws/install/turtlebot3_gazebo:/home/ssfa/ros2_ws/install/turtlebot3_bringup:/home/ssfa/ros2_ws/install/turtlebot3_description:/home/ssfa/ros2_ws/install/turtlebot3_cartographer:/home/ssfa/ros2_ws/install/turtlebot3_as:/home/ssfa/ros2_ws/install/topic_exercise:/home/ssfa/ros2_ws/install/t3_action_msg:/home/ssfa/ros2_ws/install/subscriber_pkg:/home/ssfa/ros2_ws/install/services_pkg:/home/ssfa/ros2_ws/install/publisher_pkg:/home/ssfa/ros2_ws/install/my_package:/home/ssfa/ros2_ws/install/movement_pkg:/home/ssfa/ros2_ws/install/exercise_pkg:/home/ssfa/ros2_ws/install/dynamixel_sdk:/home/ssfa/ros2_ws/install/custom_interface_example:/home/ssfa/ros2_ws/install/custom_interfaces:/home/ssfa/ros2_ws/install/client_pkg:/opt/ros/humble CMAKE_PREFIX_PATH=/home/ssfa/ros2_ws/install/turtlebot3_bringup:/home/ssfa/ros2_ws/install/turtlebot3_navigation2:/home/ssfa/ros2_ws/install/turtlebot3_msgs:/home/ssfa/ros2_ws/install/turtlebot3_description:/home/ssfa/ros2_ws/install/turtlebot3_cartographer:/home/ssfa/ros2_ws/install/two_wheeled_robot:/home/ssfa/ros2_ws/install/turtlebot3:/home/ssfa/ros2_ws/install/turtlebot3_simulations:/home/ssfa/ros2_ws/install/turtlebot3_gazebo:/home/ssfa/ros2_ws/install/turtlebot3_as:/home/ssfa/ros2_ws/install/t3_action_msg:/home/ssfa/ros2_ws/install/dynamixel_sdk:/home/ssfa/ros2_ws/install/custom_interfaces:/home/ssfa/ros2_ws/install/turtlebot3_teleop:/home/ssfa/ros2_ws/install/turtlebot3_example:/home/ssfa/ros2_ws/install/topic_exercise:/home/ssfa/ros2_ws/install/subscriber_pkg:/home/ssfa/ros2_ws/install/services_pkg:/home/ssfa/ros2_ws/install/publisher_pkg:/home/ssfa/ros2_ws/install/my_package:/home/ssfa/ros2_ws/install/movement_pkg:/home/ssfa/ros2_ws/install/exercise_pkg:/home/ssfa/ros2_ws/install/custom_interface_example:/home/ssfa/ros2_ws/install/client_pkg:/opt/ros/humble PYTHONPATH=/home/ssfa/ros2_ws/install/turtlebot3_example/lib/python3.10/site-packages:/home/ssfa/ros2_ws/install/turtlebot3_teleop/lib/python3.10/site-packages:/home/ssfa/ros2_ws/install/two_wheeled_robot/local/lib/python3.10/dist-packages:/home/ssfa/ros2_ws/build/turtlebot3_teleop:/home/ssfa/ros2_ws/build/turtlebot3_example:/home/ssfa/ros2_ws/install/turtlebot3_msgs/local/lib/python3.10/dist-packages:/home/ssfa/ros2_ws/build/topic_exercise:/home/ssfa/ros2_ws/install/topic_exercise/lib/python3.10/site-packages:/home/ssfa/ros2_ws/install/t3_action_msg/local/lib/python3.10/dist-packages:/home/ssfa/ros2_ws/build/subscriber_pkg:/home/ssfa/ros2_ws/install/subscriber_pkg/lib/python3.10/site-packages:/home/ssfa/ros2_ws/build/services_pkg:/home/ssfa/ros2_ws/install/services_pkg/lib/python3.10/site-packages:/home/ssfa/ros2_ws/build/publisher_pkg:/home/ssfa/ros2_ws/install/publisher_pkg/lib/python3.10/site-packages:/home/ssfa/ros2_ws/build/my_package:/home/ssfa/ros2_ws/install/my_package/lib/python3.10/site-packages:/home/ssfa/ros2_ws/build/movement_pkg:/home/ssfa/ros2_ws/install/movement_pkg/lib/python3.10/site-packages:/home/ssfa/ros2_ws/build/exercise_pkg:/home/ssfa/ros2_ws/install/exercise_pkg/lib/python3.10/site-packages:/home/ssfa/ros2_ws/build/custom_interface_example:/home/ssfa/ros2_ws/install/custom_interface_example/lib/python3.10/site-packages:/home/ssfa/ros2_ws/install/custom_interfaces/local/lib/python3.10/dist-packages:/home/ssfa/ros2_ws/build/client_pkg:/home/ssfa/ros2_ws/install/client_pkg/lib/python3.10/site-packages:/opt/ros/humble/lib/python3.10/site-packages:/opt/ros/humble/local/lib/python3.10/dist-packages /usr/bin/cmake --install /home/ssfa/ros2_ws/build/turtlebot3
[12.919s] Level 1:colcon.colcon_core.environment:checking '/home/ssfa/ros2_ws/install/turtlebot3' for CMake config files
[12.923s] Level 1:colcon.colcon_core.shell:create_environment_hook('turtlebot3', 'cmake_prefix_path')
[12.923s] INFO:colcon.colcon_core.shell:Creating environment hook '/home/ssfa/ros2_ws/install/turtlebot3/share/turtlebot3/hook/cmake_prefix_path.ps1'
[12.924s] INFO:colcon.colcon_core.shell:Creating environment descriptor '/home/ssfa/ros2_ws/install/turtlebot3/share/turtlebot3/hook/cmake_prefix_path.dsv'
[12.925s] INFO:colcon.colcon_core.shell:Creating environment hook '/home/ssfa/ros2_ws/install/turtlebot3/share/turtlebot3/hook/cmake_prefix_path.sh'
[12.927s] Level 1:colcon.colcon_core.environment:checking '/home/ssfa/ros2_ws/install/turtlebot3/bin'
[12.927s] Level 1:colcon.colcon_core.environment:checking '/home/ssfa/ros2_ws/install/turtlebot3/lib/pkgconfig/turtlebot3.pc'
[12.927s] Level 1:colcon.colcon_core.environment:checking '/home/ssfa/ros2_ws/install/turtlebot3/lib/python3.10/site-packages'
[12.928s] Level 1:colcon.colcon_core.environment:checking '/home/ssfa/ros2_ws/install/turtlebot3/bin'
[12.928s] INFO:colcon.colcon_core.shell:Creating package script '/home/ssfa/ros2_ws/install/turtlebot3/share/turtlebot3/package.ps1'
[12.929s] INFO:colcon.colcon_core.shell:Creating package descriptor '/home/ssfa/ros2_ws/install/turtlebot3/share/turtlebot3/package.dsv'
[12.931s] INFO:colcon.colcon_core.shell:Creating package script '/home/ssfa/ros2_ws/install/turtlebot3/share/turtlebot3/package.sh'
[12.932s] INFO:colcon.colcon_core.shell:Creating package script '/home/ssfa/ros2_ws/install/turtlebot3/share/turtlebot3/package.bash'
[12.933s] INFO:colcon.colcon_core.shell:Creating package script '/home/ssfa/ros2_ws/install/turtlebot3/share/turtlebot3/package.zsh'
[12.934s] Level 1:colcon.colcon_core.environment:create_file_with_runtime_dependencies(/home/ssfa/ros2_ws/install/turtlebot3/share/colcon-core/packages/turtlebot3)
[12.964s] Level 1:colcon.colcon_core.environment:create_environment_scripts_only(turtlebot3)
[12.965s] Level 1:colcon.colcon_core.environment:checking '/home/ssfa/ros2_ws/install/turtlebot3' for CMake module files
[12.968s] Level 1:colcon.colcon_core.environment:checking '/home/ssfa/ros2_ws/install/turtlebot3' for CMake config files
[12.970s] Level 1:colcon.colcon_core.shell:create_environment_hook('turtlebot3', 'cmake_prefix_path')
[12.971s] INFO:colcon.colcon_core.shell:Creating environment hook '/home/ssfa/ros2_ws/install/turtlebot3/share/turtlebot3/hook/cmake_prefix_path.ps1'
[12.975s] INFO:colcon.colcon_core.shell:Creating environment descriptor '/home/ssfa/ros2_ws/install/turtlebot3/share/turtlebot3/hook/cmake_prefix_path.dsv'
[12.976s] INFO:colcon.colcon_core.shell:Creating environment hook '/home/ssfa/ros2_ws/install/turtlebot3/share/turtlebot3/hook/cmake_prefix_path.sh'
[12.978s] Level 1:colcon.colcon_core.environment:checking '/home/ssfa/ros2_ws/install/turtlebot3/bin'
[12.979s] Level 1:colcon.colcon_core.environment:checking '/home/ssfa/ros2_ws/install/turtlebot3/lib/pkgconfig/turtlebot3.pc'
[12.979s] Level 1:colcon.colcon_core.environment:checking '/home/ssfa/ros2_ws/install/turtlebot3/lib/python3.10/site-packages'
[12.980s] Level 1:colcon.colcon_core.environment:checking '/home/ssfa/ros2_ws/install/turtlebot3/bin'
[12.981s] INFO:colcon.colcon_core.shell:Creating package script '/home/ssfa/ros2_ws/install/turtlebot3/share/turtlebot3/package.ps1'
[12.983s] INFO:colcon.colcon_core.shell:Creating package descriptor '/home/ssfa/ros2_ws/install/turtlebot3/share/turtlebot3/package.dsv'
[12.984s] INFO:colcon.colcon_core.shell:Creating package script '/home/ssfa/ros2_ws/install/turtlebot3/share/turtlebot3/package.sh'
[12.985s] INFO:colcon.colcon_core.shell:Creating package script '/home/ssfa/ros2_ws/install/turtlebot3/share/turtlebot3/package.bash'
[12.987s] INFO:colcon.colcon_core.shell:Creating package script '/home/ssfa/ros2_ws/install/turtlebot3/share/turtlebot3/package.zsh'
[12.990s] Level 1:colcon.colcon_core.environment:create_file_with_runtime_dependencies(/home/ssfa/ros2_ws/install/turtlebot3/share/colcon-core/packages/turtlebot3)
[13.314s] Level 1:colcon.colcon_core.environment:create_environment_scripts_only(two_wheeled_robot)
[13.315s] Level 1:colcon.colcon_core.environment:checking '/home/ssfa/ros2_ws/install/two_wheeled_robot' for CMake module files
[13.315s] DEBUG:colcon.colcon_core.event_handler.log_command:Invoked command in '/home/ssfa/ros2_ws/build/two_wheeled_robot' returned '0': CMAKE_PREFIX_PATH=${CMAKE_PREFIX_PATH}:/home/ssfa/ros2_ws/install/turtlebot3_teleop:/home/ssfa/ros2_ws/install/turtlebot3_example:/home/ssfa/ros2_ws/install/topic_exercise:/home/ssfa/ros2_ws/install/subscriber_pkg:/home/ssfa/ros2_ws/install/services_pkg:/home/ssfa/ros2_ws/install/publisher_pkg:/home/ssfa/ros2_ws/install/my_package:/home/ssfa/ros2_ws/install/movement_pkg:/home/ssfa/ros2_ws/install/exercise_pkg:/home/ssfa/ros2_ws/install/custom_interface_example:/home/ssfa/ros2_ws/install/client_pkg:/opt/ros/humble /usr/bin/cmake --install /home/ssfa/ros2_ws/build/two_wheeled_robot
[13.316s] Level 1:colcon.colcon_core.environment:checking '/home/ssfa/ros2_ws/install/two_wheeled_robot' for CMake config files
[13.347s] Level 1:colcon.colcon_core.shell:create_environment_hook('two_wheeled_robot', 'cmake_prefix_path')
[13.347s] INFO:colcon.colcon_core.shell:Creating environment hook '/home/ssfa/ros2_ws/install/two_wheeled_robot/share/two_wheeled_robot/hook/cmake_prefix_path.ps1'
[13.348s] INFO:colcon.colcon_core.shell:Creating environment descriptor '/home/ssfa/ros2_ws/install/two_wheeled_robot/share/two_wheeled_robot/hook/cmake_prefix_path.dsv'
[13.348s] INFO:colcon.colcon_core.shell:Creating environment hook '/home/ssfa/ros2_ws/install/two_wheeled_robot/share/two_wheeled_robot/hook/cmake_prefix_path.sh'
[13.349s] Level 1:colcon.colcon_core.environment:checking '/home/ssfa/ros2_ws/install/two_wheeled_robot/lib'
[13.349s] Level 1:colcon.colcon_core.environment:checking '/home/ssfa/ros2_ws/install/two_wheeled_robot/bin'
[13.349s] Level 1:colcon.colcon_core.environment:checking '/home/ssfa/ros2_ws/install/two_wheeled_robot/lib/pkgconfig/two_wheeled_robot.pc'
[13.349s] Level 1:colcon.colcon_core.environment:checking '/home/ssfa/ros2_ws/install/two_wheeled_robot/lib/python3.10/site-packages'
[13.350s] Level 1:colcon.colcon_core.environment:checking '/home/ssfa/ros2_ws/install/two_wheeled_robot/bin'
[13.350s] INFO:colcon.colcon_core.shell:Creating package script '/home/ssfa/ros2_ws/install/two_wheeled_robot/share/two_wheeled_robot/package.ps1'
[13.350s] INFO:colcon.colcon_core.shell:Creating package descriptor '/home/ssfa/ros2_ws/install/two_wheeled_robot/share/two_wheeled_robot/package.dsv'
[13.351s] INFO:colcon.colcon_core.shell:Creating package script '/home/ssfa/ros2_ws/install/two_wheeled_robot/share/two_wheeled_robot/package.sh'
[13.351s] INFO:colcon.colcon_core.shell:Creating package script '/home/ssfa/ros2_ws/install/two_wheeled_robot/share/two_wheeled_robot/package.bash'
[13.351s] INFO:colcon.colcon_core.shell:Creating package script '/home/ssfa/ros2_ws/install/two_wheeled_robot/share/two_wheeled_robot/package.zsh'
[13.352s] Level 1:colcon.colcon_core.environment:create_file_with_runtime_dependencies(/home/ssfa/ros2_ws/install/two_wheeled_robot/share/colcon-core/packages/two_wheeled_robot)
[13.382s] Level 1:colcon.colcon_core.environment:create_environment_scripts_only(two_wheeled_robot)
[13.382s] Level 1:colcon.colcon_core.environment:checking '/home/ssfa/ros2_ws/install/two_wheeled_robot' for CMake module files
[13.383s] Level 1:colcon.colcon_core.environment:checking '/home/ssfa/ros2_ws/install/two_wheeled_robot' for CMake config files
[13.413s] Level 1:colcon.colcon_core.shell:create_environment_hook('two_wheeled_robot', 'cmake_prefix_path')
[13.413s] INFO:colcon.colcon_core.shell:Creating environment hook '/home/ssfa/ros2_ws/install/two_wheeled_robot/share/two_wheeled_robot/hook/cmake_prefix_path.ps1'
[13.414s] INFO:colcon.colcon_core.shell:Creating environment descriptor '/home/ssfa/ros2_ws/install/two_wheeled_robot/share/two_wheeled_robot/hook/cmake_prefix_path.dsv'
[13.414s] INFO:colcon.colcon_core.shell:Creating environment hook '/home/ssfa/ros2_ws/install/two_wheeled_robot/share/two_wheeled_robot/hook/cmake_prefix_path.sh'
[13.415s] Level 1:colcon.colcon_core.environment:checking '/home/ssfa/ros2_ws/install/two_wheeled_robot/lib'
[13.415s] Level 1:colcon.colcon_core.environment:checking '/home/ssfa/ros2_ws/install/two_wheeled_robot/bin'
[13.415s] Level 1:colcon.colcon_core.environment:checking '/home/ssfa/ros2_ws/install/two_wheeled_robot/lib/pkgconfig/two_wheeled_robot.pc'
[13.415s] Level 1:colcon.colcon_core.environment:checking '/home/ssfa/ros2_ws/install/two_wheeled_robot/lib/python3.10/site-packages'
[13.415s] Level 1:colcon.colcon_core.environment:checking '/home/ssfa/ros2_ws/install/two_wheeled_robot/bin'
[13.416s] INFO:colcon.colcon_core.shell:Creating package script '/home/ssfa/ros2_ws/install/two_wheeled_robot/share/two_wheeled_robot/package.ps1'
[13.416s] INFO:colcon.colcon_core.shell:Creating package descriptor '/home/ssfa/ros2_ws/install/two_wheeled_robot/share/two_wheeled_robot/package.dsv'
[13.416s] INFO:colcon.colcon_core.shell:Creating package script '/home/ssfa/ros2_ws/install/two_wheeled_robot/share/two_wheeled_robot/package.sh'
[13.417s] INFO:colcon.colcon_core.shell:Creating package script '/home/ssfa/ros2_ws/install/two_wheeled_robot/share/two_wheeled_robot/package.bash'
[13.417s] INFO:colcon.colcon_core.shell:Creating package script '/home/ssfa/ros2_ws/install/two_wheeled_robot/share/two_wheeled_robot/package.zsh'
[13.417s] Level 1:colcon.colcon_core.environment:create_file_with_runtime_dependencies(/home/ssfa/ros2_ws/install/two_wheeled_robot/share/colcon-core/packages/two_wheeled_robot)
[15.731s] DEBUG:colcon.colcon_core.event_handler.log_command:Invoked command in '/home/ssfa/ros2_ws/build/yolov8_msgs' returned '0': CMAKE_PREFIX_PATH=${CMAKE_PREFIX_PATH}:/home/ssfa/ros2_ws/install/turtlebot3_teleop:/home/ssfa/ros2_ws/install/turtlebot3_example:/home/ssfa/ros2_ws/install/topic_exercise:/home/ssfa/ros2_ws/install/subscriber_pkg:/home/ssfa/ros2_ws/install/services_pkg:/home/ssfa/ros2_ws/install/publisher_pkg:/home/ssfa/ros2_ws/install/my_package:/home/ssfa/ros2_ws/install/movement_pkg:/home/ssfa/ros2_ws/install/exercise_pkg:/home/ssfa/ros2_ws/install/custom_interface_example:/home/ssfa/ros2_ws/install/client_pkg:/opt/ros/humble /usr/bin/cmake --build /home/ssfa/ros2_ws/build/yolov8_msgs -- -j12 -l12
[16.059s] DEBUG:colcon.colcon_core.event_handler.log_command:Invoking command in '/home/ssfa/ros2_ws/build/yolov8_msgs': CMAKE_PREFIX_PATH=${CMAKE_PREFIX_PATH}:/home/ssfa/ros2_ws/install/turtlebot3_teleop:/home/ssfa/ros2_ws/install/turtlebot3_example:/home/ssfa/ros2_ws/install/topic_exercise:/home/ssfa/ros2_ws/install/subscriber_pkg:/home/ssfa/ros2_ws/install/services_pkg:/home/ssfa/ros2_ws/install/publisher_pkg:/home/ssfa/ros2_ws/install/my_package:/home/ssfa/ros2_ws/install/movement_pkg:/home/ssfa/ros2_ws/install/exercise_pkg:/home/ssfa/ros2_ws/install/custom_interface_example:/home/ssfa/ros2_ws/install/client_pkg:/opt/ros/humble /usr/bin/cmake --install /home/ssfa/ros2_ws/build/yolov8_msgs
[16.179s] Level 1:colcon.colcon_core.environment:create_environment_scripts_only(yolov8_msgs)
[16.179s] Level 1:colcon.colcon_core.environment:checking '/home/ssfa/ros2_ws/install/yolov8_msgs' for CMake module files
[16.179s] DEBUG:colcon.colcon_core.event_handler.log_command:Invoked command in '/home/ssfa/ros2_ws/build/yolov8_msgs' returned '0': CMAKE_PREFIX_PATH=${CMAKE_PREFIX_PATH}:/home/ssfa/ros2_ws/install/turtlebot3_teleop:/home/ssfa/ros2_ws/install/turtlebot3_example:/home/ssfa/ros2_ws/install/topic_exercise:/home/ssfa/ros2_ws/install/subscriber_pkg:/home/ssfa/ros2_ws/install/services_pkg:/home/ssfa/ros2_ws/install/publisher_pkg:/home/ssfa/ros2_ws/install/my_package:/home/ssfa/ros2_ws/install/movement_pkg:/home/ssfa/ros2_ws/install/exercise_pkg:/home/ssfa/ros2_ws/install/custom_interface_example:/home/ssfa/ros2_ws/install/client_pkg:/opt/ros/humble /usr/bin/cmake --install /home/ssfa/ros2_ws/build/yolov8_msgs
[16.180s] Level 1:colcon.colcon_core.environment:checking '/home/ssfa/ros2_ws/install/yolov8_msgs' for CMake config files
[16.180s] Level 1:colcon.colcon_core.shell:create_environment_hook('yolov8_msgs', 'cmake_prefix_path')
[16.181s] INFO:colcon.colcon_core.shell:Creating environment hook '/home/ssfa/ros2_ws/install/yolov8_msgs/share/yolov8_msgs/hook/cmake_prefix_path.ps1'
[16.181s] INFO:colcon.colcon_core.shell:Creating environment descriptor '/home/ssfa/ros2_ws/install/yolov8_msgs/share/yolov8_msgs/hook/cmake_prefix_path.dsv'
[16.181s] INFO:colcon.colcon_core.shell:Creating environment hook '/home/ssfa/ros2_ws/install/yolov8_msgs/share/yolov8_msgs/hook/cmake_prefix_path.sh'
[16.182s] Level 1:colcon.colcon_core.environment:checking '/home/ssfa/ros2_ws/install/yolov8_msgs/lib'
[16.182s] Level 1:colcon.colcon_core.shell:create_environment_hook('yolov8_msgs', 'ld_library_path_lib')
[16.182s] INFO:colcon.colcon_core.shell:Creating environment hook '/home/ssfa/ros2_ws/install/yolov8_msgs/share/yolov8_msgs/hook/ld_library_path_lib.ps1'
[16.183s] INFO:colcon.colcon_core.shell:Creating environment descriptor '/home/ssfa/ros2_ws/install/yolov8_msgs/share/yolov8_msgs/hook/ld_library_path_lib.dsv'
[16.183s] INFO:colcon.colcon_core.shell:Creating environment hook '/home/ssfa/ros2_ws/install/yolov8_msgs/share/yolov8_msgs/hook/ld_library_path_lib.sh'
[16.183s] Level 1:colcon.colcon_core.environment:checking '/home/ssfa/ros2_ws/install/yolov8_msgs/bin'
[16.183s] Level 1:colcon.colcon_core.environment:checking '/home/ssfa/ros2_ws/install/yolov8_msgs/lib/pkgconfig/yolov8_msgs.pc'
[16.183s] Level 1:colcon.colcon_core.environment:checking '/home/ssfa/ros2_ws/install/yolov8_msgs/lib/python3.10/site-packages'
[16.184s] Level 1:colcon.colcon_core.environment:checking '/home/ssfa/ros2_ws/install/yolov8_msgs/bin'
[16.184s] INFO:colcon.colcon_core.shell:Creating package script '/home/ssfa/ros2_ws/install/yolov8_msgs/share/yolov8_msgs/package.ps1'
[16.184s] INFO:colcon.colcon_core.shell:Creating package descriptor '/home/ssfa/ros2_ws/install/yolov8_msgs/share/yolov8_msgs/package.dsv'
[16.185s] INFO:colcon.colcon_core.shell:Creating package script '/home/ssfa/ros2_ws/install/yolov8_msgs/share/yolov8_msgs/package.sh'
[16.185s] INFO:colcon.colcon_core.shell:Creating package script '/home/ssfa/ros2_ws/install/yolov8_msgs/share/yolov8_msgs/package.bash'
[16.185s] INFO:colcon.colcon_core.shell:Creating package script '/home/ssfa/ros2_ws/install/yolov8_msgs/share/yolov8_msgs/package.zsh'
[16.186s] Level 1:colcon.colcon_core.environment:create_file_with_runtime_dependencies(/home/ssfa/ros2_ws/install/yolov8_msgs/share/colcon-core/packages/yolov8_msgs)
[16.520s] Level 1:colcon.colcon_core.environment:create_environment_scripts_only(yolov8_msgs)
[16.520s] Level 1:colcon.colcon_core.environment:checking '/home/ssfa/ros2_ws/install/yolov8_msgs' for CMake module files
[16.522s] Level 1:colcon.colcon_core.environment:checking '/home/ssfa/ros2_ws/install/yolov8_msgs' for CMake config files
[16.522s] Level 1:colcon.colcon_core.shell:create_environment_hook('yolov8_msgs', 'cmake_prefix_path')
[16.523s] INFO:colcon.colcon_core.shell:Creating environment hook '/home/ssfa/ros2_ws/install/yolov8_msgs/share/yolov8_msgs/hook/cmake_prefix_path.ps1'
[16.524s] INFO:colcon.colcon_core.shell:Creating environment descriptor '/home/ssfa/ros2_ws/install/yolov8_msgs/share/yolov8_msgs/hook/cmake_prefix_path.dsv'
[16.524s] INFO:colcon.colcon_core.shell:Creating environment hook '/home/ssfa/ros2_ws/install/yolov8_msgs/share/yolov8_msgs/hook/cmake_prefix_path.sh'
[16.525s] Level 1:colcon.colcon_core.environment:checking '/home/ssfa/ros2_ws/install/yolov8_msgs/lib'
[16.525s] Level 1:colcon.colcon_core.shell:create_environment_hook('yolov8_msgs', 'ld_library_path_lib')
[16.526s] INFO:colcon.colcon_core.shell:Creating environment hook '/home/ssfa/ros2_ws/install/yolov8_msgs/share/yolov8_msgs/hook/ld_library_path_lib.ps1'
[16.526s] INFO:colcon.colcon_core.shell:Creating environment descriptor '/home/ssfa/ros2_ws/install/yolov8_msgs/share/yolov8_msgs/hook/ld_library_path_lib.dsv'
[16.527s] INFO:colcon.colcon_core.shell:Creating environment hook '/home/ssfa/ros2_ws/install/yolov8_msgs/share/yolov8_msgs/hook/ld_library_path_lib.sh'
[16.528s] Level 1:colcon.colcon_core.environment:checking '/home/ssfa/ros2_ws/install/yolov8_msgs/bin'
[16.528s] Level 1:colcon.colcon_core.environment:checking '/home/ssfa/ros2_ws/install/yolov8_msgs/lib/pkgconfig/yolov8_msgs.pc'
[16.528s] Level 1:colcon.colcon_core.environment:checking '/home/ssfa/ros2_ws/install/yolov8_msgs/lib/python3.10/site-packages'
[16.528s] Level 1:colcon.colcon_core.environment:checking '/home/ssfa/ros2_ws/install/yolov8_msgs/bin'
[16.529s] INFO:colcon.colcon_core.shell:Creating package script '/home/ssfa/ros2_ws/install/yolov8_msgs/share/yolov8_msgs/package.ps1'
[16.537s] INFO:colcon.colcon_core.shell:Creating package descriptor '/home/ssfa/ros2_ws/install/yolov8_msgs/share/yolov8_msgs/package.dsv'
[16.538s] INFO:colcon.colcon_core.shell:Creating package script '/home/ssfa/ros2_ws/install/yolov8_msgs/share/yolov8_msgs/package.sh'
[16.538s] INFO:colcon.colcon_core.shell:Creating package script '/home/ssfa/ros2_ws/install/yolov8_msgs/share/yolov8_msgs/package.bash'
[16.538s] INFO:colcon.colcon_core.shell:Creating package script '/home/ssfa/ros2_ws/install/yolov8_msgs/share/yolov8_msgs/package.zsh'
[16.539s] Level 1:colcon.colcon_core.environment:create_file_with_runtime_dependencies(/home/ssfa/ros2_ws/install/yolov8_msgs/share/colcon-core/packages/yolov8_msgs)
[16.539s] INFO:colcon.colcon_ros.task.ament_python.build:Building ROS package in '/home/ssfa/ros2_ws/src/yolov8_ros/yolov8_ros' with build type 'ament_python'
[16.539s] Level 1:colcon.colcon_core.shell:create_environment_hook('yolov8_ros', 'ament_prefix_path')
[16.540s] INFO:colcon.colcon_core.shell:Creating environment hook '/home/ssfa/ros2_ws/install/yolov8_ros/share/yolov8_ros/hook/ament_prefix_path.ps1'
[16.541s] INFO:colcon.colcon_core.shell:Creating environment descriptor '/home/ssfa/ros2_ws/install/yolov8_ros/share/yolov8_ros/hook/ament_prefix_path.dsv'
[16.541s] INFO:colcon.colcon_core.shell:Creating environment hook '/home/ssfa/ros2_ws/install/yolov8_ros/share/yolov8_ros/hook/ament_prefix_path.sh'
[16.542s] INFO:colcon.colcon_core.shell:Skip shell extension 'powershell' for command environment: Not usable outside of PowerShell
[16.542s] DEBUG:colcon.colcon_core.shell:Skip shell extension 'dsv' for command environment
[16.916s] INFO:colcon.colcon_core.task.python.build:Building Python package in '/home/ssfa/ros2_ws/src/yolov8_ros/yolov8_ros'
[16.916s] INFO:colcon.colcon_core.shell:Skip shell extension 'powershell' for command environment: Not usable outside of PowerShell
[16.916s] DEBUG:colcon.colcon_core.shell:Skip shell extension 'dsv' for command environment
[17.387s] DEBUG:colcon.colcon_core.event_handler.log_command:Invoking command in '/home/ssfa/ros2_ws/src/yolov8_ros/yolov8_ros': AMENT_PREFIX_PATH=/home/ssfa/ros2_ws/install/yolov8_msgs:${AMENT_PREFIX_PATH} CMAKE_PREFIX_PATH=/home/ssfa/ros2_ws/install/yolov8_msgs:${CMAKE_PREFIX_PATH} LD_LIBRARY_PATH=/home/ssfa/ros2_ws/install/yolov8_msgs/lib:${LD_LIBRARY_PATH} PYTHONPATH=/home/ssfa/ros2_ws/build/yolov8_ros/prefix_override:/usr/lib/python3/dist-packages/colcon_core/task/python/colcon_distutils_commands:/home/ssfa/ros2_ws/install/yolov8_ros/lib/python3.10/site-packages:/home/ssfa/ros2_ws/install/yolov8_msgs/local/lib/python3.10/dist-packages:${PYTHONPATH} /usr/bin/python3 -W ignore:setup.py install is deprecated setup.py egg_info --egg-base ../../../build/yolov8_ros build --build-base /home/ssfa/ros2_ws/build/yolov8_ros/build install --record /home/ssfa/ros2_ws/build/yolov8_ros/install.log --single-version-externally-managed install_data
[17.811s] Level 1:colcon.colcon_core.environment:checking '/home/ssfa/ros2_ws/install/yolov8_ros' for CMake module files
[17.812s] DEBUG:colcon.colcon_core.event_handler.log_command:Invoked command in '/home/ssfa/ros2_ws/src/yolov8_ros/yolov8_ros' returned '0': AMENT_PREFIX_PATH=/home/ssfa/ros2_ws/install/yolov8_msgs:${AMENT_PREFIX_PATH} CMAKE_PREFIX_PATH=/home/ssfa/ros2_ws/install/yolov8_msgs:${CMAKE_PREFIX_PATH} LD_LIBRARY_PATH=/home/ssfa/ros2_ws/install/yolov8_msgs/lib:${LD_LIBRARY_PATH} PYTHONPATH=/home/ssfa/ros2_ws/build/yolov8_ros/prefix_override:/usr/lib/python3/dist-packages/colcon_core/task/python/colcon_distutils_commands:/home/ssfa/ros2_ws/install/yolov8_ros/lib/python3.10/site-packages:/home/ssfa/ros2_ws/install/yolov8_msgs/local/lib/python3.10/dist-packages:${PYTHONPATH} /usr/bin/python3 -W ignore:setup.py install is deprecated setup.py egg_info --egg-base ../../../build/yolov8_ros build --build-base /home/ssfa/ros2_ws/build/yolov8_ros/build install --record /home/ssfa/ros2_ws/build/yolov8_ros/install.log --single-version-externally-managed install_data
[17.813s] Level 1:colcon.colcon_core.environment:checking '/home/ssfa/ros2_ws/install/yolov8_ros' for CMake config files
[17.814s] Level 1:colcon.colcon_core.environment:checking '/home/ssfa/ros2_ws/install/yolov8_ros/lib'
[17.814s] Level 1:colcon.colcon_core.environment:checking '/home/ssfa/ros2_ws/install/yolov8_ros/bin'
[17.814s] Level 1:colcon.colcon_core.environment:checking '/home/ssfa/ros2_ws/install/yolov8_ros/lib/pkgconfig/yolov8_ros.pc'
[17.814s] Level 1:colcon.colcon_core.environment:checking '/home/ssfa/ros2_ws/install/yolov8_ros/lib/python3.10/site-packages'
[17.814s] Level 1:colcon.colcon_core.shell:create_environment_hook('yolov8_ros', 'pythonpath')
[17.814s] INFO:colcon.colcon_core.shell:Creating environment hook '/home/ssfa/ros2_ws/install/yolov8_ros/share/yolov8_ros/hook/pythonpath.ps1'
[17.815s] INFO:colcon.colcon_core.shell:Creating environment descriptor '/home/ssfa/ros2_ws/install/yolov8_ros/share/yolov8_ros/hook/pythonpath.dsv'
[17.815s] INFO:colcon.colcon_core.shell:Creating environment hook '/home/ssfa/ros2_ws/install/yolov8_ros/share/yolov8_ros/hook/pythonpath.sh'
[17.816s] Level 1:colcon.colcon_core.environment:checking '/home/ssfa/ros2_ws/install/yolov8_ros/bin'
[17.816s] Level 1:colcon.colcon_core.environment:create_environment_scripts_only(yolov8_ros)
[17.816s] INFO:colcon.colcon_core.shell:Creating package script '/home/ssfa/ros2_ws/install/yolov8_ros/share/yolov8_ros/package.ps1'
[17.817s] INFO:colcon.colcon_core.shell:Creating package descriptor '/home/ssfa/ros2_ws/install/yolov8_ros/share/yolov8_ros/package.dsv'
[17.817s] INFO:colcon.colcon_core.shell:Creating package script '/home/ssfa/ros2_ws/install/yolov8_ros/share/yolov8_ros/package.sh'
[17.818s] INFO:colcon.colcon_core.shell:Creating package script '/home/ssfa/ros2_ws/install/yolov8_ros/share/yolov8_ros/package.bash'
[17.818s] INFO:colcon.colcon_core.shell:Creating package script '/home/ssfa/ros2_ws/install/yolov8_ros/share/yolov8_ros/package.zsh'
[17.818s] Level 1:colcon.colcon_core.environment:create_file_with_runtime_dependencies(/home/ssfa/ros2_ws/install/yolov8_ros/share/colcon-core/packages/yolov8_ros)
[17.819s] INFO:colcon.colcon_ros.task.ament_cmake.build:Building ROS package in '/home/ssfa/ros2_ws/src/yolov8_ros/yolov8_bringup' with build type 'ament_cmake'
[17.819s] INFO:colcon.colcon_cmake.task.cmake.build:Building CMake package in '/home/ssfa/ros2_ws/src/yolov8_ros/yolov8_bringup'
[17.819s] INFO:colcon.colcon_core.shell:Skip shell extension 'powershell' for command environment: Not usable outside of PowerShell
[17.819s] DEBUG:colcon.colcon_core.shell:Skip shell extension 'dsv' for command environment
[17.839s] DEBUG:colcon.colcon_core.event_handler.log_command:Invoking command in '/home/ssfa/ros2_ws/build/yolov8_bringup': AMENT_PREFIX_PATH=/home/ssfa/ros2_ws/install/yolov8_ros:/home/ssfa/ros2_ws/install/yolov8_msgs:${AMENT_PREFIX_PATH} CMAKE_PREFIX_PATH=/home/ssfa/ros2_ws/install/yolov8_msgs:/home/ssfa/ros2_ws/install/two_wheeled_robot:/home/ssfa/ros2_ws/install/turtlebot3:/home/ssfa/ros2_ws/install/turtlebot3_simulations:/home/ssfa/ros2_ws/install/turtlebot3_navigation2:/home/ssfa/ros2_ws/install/turtlebot3_msgs:/home/ssfa/ros2_ws/install/turtlebot3_gazebo:/home/ssfa/ros2_ws/install/turtlebot3_bringup:/home/ssfa/ros2_ws/install/turtlebot3_description:/home/ssfa/ros2_ws/install/turtlebot3_cartographer:/home/ssfa/ros2_ws/install/turtlebot3_as:/home/ssfa/ros2_ws/install/t3_action_msg:/home/ssfa/ros2_ws/install/dynamixel_sdk:/home/ssfa/ros2_ws/install/custom_interfaces:/home/ssfa/ros2_ws/install/turtlebot3_teleop:/home/ssfa/ros2_ws/install/turtlebot3_example:/home/ssfa/ros2_ws/install/topic_exercise:/home/ssfa/ros2_ws/install/subscriber_pkg:/home/ssfa/ros2_ws/install/services_pkg:/home/ssfa/ros2_ws/install/publisher_pkg:/home/ssfa/ros2_ws/install/my_package:/home/ssfa/ros2_ws/install/movement_pkg:/home/ssfa/ros2_ws/install/exercise_pkg:/home/ssfa/ros2_ws/install/custom_interface_example:/home/ssfa/ros2_ws/install/client_pkg:/opt/ros/humble LD_LIBRARY_PATH=/home/ssfa/ros2_ws/install/yolov8_msgs/lib:${LD_LIBRARY_PATH} PYTHONPATH=/home/ssfa/ros2_ws/install/yolov8_ros/lib/python3.10/site-packages:/home/ssfa/ros2_ws/install/yolov8_msgs/local/lib/python3.10/dist-packages:${PYTHONPATH} /usr/bin/cmake /home/ssfa/ros2_ws/src/yolov8_ros/yolov8_bringup -DCMAKE_INSTALL_PREFIX=/home/ssfa/ros2_ws/install/yolov8_bringup
[18.739s] DEBUG:colcon.colcon_core.event_handler.log_command:Invoked command in '/home/ssfa/ros2_ws/build/yolov8_bringup' returned '0': AMENT_PREFIX_PATH=/home/ssfa/ros2_ws/install/yolov8_ros:/home/ssfa/ros2_ws/install/yolov8_msgs:${AMENT_PREFIX_PATH} CMAKE_PREFIX_PATH=/home/ssfa/ros2_ws/install/yolov8_msgs:/home/ssfa/ros2_ws/install/two_wheeled_robot:/home/ssfa/ros2_ws/install/turtlebot3:/home/ssfa/ros2_ws/install/turtlebot3_simulations:/home/ssfa/ros2_ws/install/turtlebot3_navigation2:/home/ssfa/ros2_ws/install/turtlebot3_msgs:/home/ssfa/ros2_ws/install/turtlebot3_gazebo:/home/ssfa/ros2_ws/install/turtlebot3_bringup:/home/ssfa/ros2_ws/install/turtlebot3_description:/home/ssfa/ros2_ws/install/turtlebot3_cartographer:/home/ssfa/ros2_ws/install/turtlebot3_as:/home/ssfa/ros2_ws/install/t3_action_msg:/home/ssfa/ros2_ws/install/dynamixel_sdk:/home/ssfa/ros2_ws/install/custom_interfaces:/home/ssfa/ros2_ws/install/turtlebot3_teleop:/home/ssfa/ros2_ws/install/turtlebot3_example:/home/ssfa/ros2_ws/install/topic_exercise:/home/ssfa/ros2_ws/install/subscriber_pkg:/home/ssfa/ros2_ws/install/services_pkg:/home/ssfa/ros2_ws/install/publisher_pkg:/home/ssfa/ros2_ws/install/my_package:/home/ssfa/ros2_ws/install/movement_pkg:/home/ssfa/ros2_ws/install/exercise_pkg:/home/ssfa/ros2_ws/install/custom_interface_example:/home/ssfa/ros2_ws/install/client_pkg:/opt/ros/humble LD_LIBRARY_PATH=/home/ssfa/ros2_ws/install/yolov8_msgs/lib:${LD_LIBRARY_PATH} PYTHONPATH=/home/ssfa/ros2_ws/install/yolov8_ros/lib/python3.10/site-packages:/home/ssfa/ros2_ws/install/yolov8_msgs/local/lib/python3.10/dist-packages:${PYTHONPATH} /usr/bin/cmake /home/ssfa/ros2_ws/src/yolov8_ros/yolov8_bringup -DCMAKE_INSTALL_PREFIX=/home/ssfa/ros2_ws/install/yolov8_bringup
[18.742s] DEBUG:colcon.colcon_core.event_handler.log_command:Invoking command in '/home/ssfa/ros2_ws/build/yolov8_bringup': AMENT_PREFIX_PATH=/home/ssfa/ros2_ws/install/yolov8_ros:/home/ssfa/ros2_ws/install/yolov8_msgs:${AMENT_PREFIX_PATH} CMAKE_PREFIX_PATH=/home/ssfa/ros2_ws/install/yolov8_msgs:/home/ssfa/ros2_ws/install/two_wheeled_robot:/home/ssfa/ros2_ws/install/turtlebot3:/home/ssfa/ros2_ws/install/turtlebot3_simulations:/home/ssfa/ros2_ws/install/turtlebot3_navigation2:/home/ssfa/ros2_ws/install/turtlebot3_msgs:/home/ssfa/ros2_ws/install/turtlebot3_gazebo:/home/ssfa/ros2_ws/install/turtlebot3_bringup:/home/ssfa/ros2_ws/install/turtlebot3_description:/home/ssfa/ros2_ws/install/turtlebot3_cartographer:/home/ssfa/ros2_ws/install/turtlebot3_as:/home/ssfa/ros2_ws/install/t3_action_msg:/home/ssfa/ros2_ws/install/dynamixel_sdk:/home/ssfa/ros2_ws/install/custom_interfaces:/home/ssfa/ros2_ws/install/turtlebot3_teleop:/home/ssfa/ros2_ws/install/turtlebot3_example:/home/ssfa/ros2_ws/install/topic_exercise:/home/ssfa/ros2_ws/install/subscriber_pkg:/home/ssfa/ros2_ws/install/services_pkg:/home/ssfa/ros2_ws/install/publisher_pkg:/home/ssfa/ros2_ws/install/my_package:/home/ssfa/ros2_ws/install/movement_pkg:/home/ssfa/ros2_ws/install/exercise_pkg:/home/ssfa/ros2_ws/install/custom_interface_example:/home/ssfa/ros2_ws/install/client_pkg:/opt/ros/humble LD_LIBRARY_PATH=/home/ssfa/ros2_ws/install/yolov8_msgs/lib:${LD_LIBRARY_PATH} PYTHONPATH=/home/ssfa/ros2_ws/install/yolov8_ros/lib/python3.10/site-packages:/home/ssfa/ros2_ws/install/yolov8_msgs/local/lib/python3.10/dist-packages:${PYTHONPATH} /usr/bin/cmake --build /home/ssfa/ros2_ws/build/yolov8_bringup -- -j12 -l12
[18.784s] DEBUG:colcon.colcon_core.event_handler.log_command:Invoked command in '/home/ssfa/ros2_ws/build/yolov8_bringup' returned '0': AMENT_PREFIX_PATH=/home/ssfa/ros2_ws/install/yolov8_ros:/home/ssfa/ros2_ws/install/yolov8_msgs:${AMENT_PREFIX_PATH} CMAKE_PREFIX_PATH=/home/ssfa/ros2_ws/install/yolov8_msgs:/home/ssfa/ros2_ws/install/two_wheeled_robot:/home/ssfa/ros2_ws/install/turtlebot3:/home/ssfa/ros2_ws/install/turtlebot3_simulations:/home/ssfa/ros2_ws/install/turtlebot3_navigation2:/home/ssfa/ros2_ws/install/turtlebot3_msgs:/home/ssfa/ros2_ws/install/turtlebot3_gazebo:/home/ssfa/ros2_ws/install/turtlebot3_bringup:/home/ssfa/ros2_ws/install/turtlebot3_description:/home/ssfa/ros2_ws/install/turtlebot3_cartographer:/home/ssfa/ros2_ws/install/turtlebot3_as:/home/ssfa/ros2_ws/install/t3_action_msg:/home/ssfa/ros2_ws/install/dynamixel_sdk:/home/ssfa/ros2_ws/install/custom_interfaces:/home/ssfa/ros2_ws/install/turtlebot3_teleop:/home/ssfa/ros2_ws/install/turtlebot3_example:/home/ssfa/ros2_ws/install/topic_exercise:/home/ssfa/ros2_ws/install/subscriber_pkg:/home/ssfa/ros2_ws/install/services_pkg:/home/ssfa/ros2_ws/install/publisher_pkg:/home/ssfa/ros2_ws/install/my_package:/home/ssfa/ros2_ws/install/movement_pkg:/home/ssfa/ros2_ws/install/exercise_pkg:/home/ssfa/ros2_ws/install/custom_interface_example:/home/ssfa/ros2_ws/install/client_pkg:/opt/ros/humble LD_LIBRARY_PATH=/home/ssfa/ros2_ws/install/yolov8_msgs/lib:${LD_LIBRARY_PATH} PYTHONPATH=/home/ssfa/ros2_ws/install/yolov8_ros/lib/python3.10/site-packages:/home/ssfa/ros2_ws/install/yolov8_msgs/local/lib/python3.10/dist-packages:${PYTHONPATH} /usr/bin/cmake --build /home/ssfa/ros2_ws/build/yolov8_bringup -- -j12 -l12
[18.811s] DEBUG:colcon.colcon_core.event_handler.log_command:Invoking command in '/home/ssfa/ros2_ws/build/yolov8_bringup': AMENT_PREFIX_PATH=/home/ssfa/ros2_ws/install/yolov8_ros:/home/ssfa/ros2_ws/install/yolov8_msgs:${AMENT_PREFIX_PATH} CMAKE_PREFIX_PATH=/home/ssfa/ros2_ws/install/yolov8_msgs:/home/ssfa/ros2_ws/install/two_wheeled_robot:/home/ssfa/ros2_ws/install/turtlebot3:/home/ssfa/ros2_ws/install/turtlebot3_simulations:/home/ssfa/ros2_ws/install/turtlebot3_navigation2:/home/ssfa/ros2_ws/install/turtlebot3_msgs:/home/ssfa/ros2_ws/install/turtlebot3_gazebo:/home/ssfa/ros2_ws/install/turtlebot3_bringup:/home/ssfa/ros2_ws/install/turtlebot3_description:/home/ssfa/ros2_ws/install/turtlebot3_cartographer:/home/ssfa/ros2_ws/install/turtlebot3_as:/home/ssfa/ros2_ws/install/t3_action_msg:/home/ssfa/ros2_ws/install/dynamixel_sdk:/home/ssfa/ros2_ws/install/custom_interfaces:/home/ssfa/ros2_ws/install/turtlebot3_teleop:/home/ssfa/ros2_ws/install/turtlebot3_example:/home/ssfa/ros2_ws/install/topic_exercise:/home/ssfa/ros2_ws/install/subscriber_pkg:/home/ssfa/ros2_ws/install/services_pkg:/home/ssfa/ros2_ws/install/publisher_pkg:/home/ssfa/ros2_ws/install/my_package:/home/ssfa/ros2_ws/install/movement_pkg:/home/ssfa/ros2_ws/install/exercise_pkg:/home/ssfa/ros2_ws/install/custom_interface_example:/home/ssfa/ros2_ws/install/client_pkg:/opt/ros/humble LD_LIBRARY_PATH=/home/ssfa/ros2_ws/install/yolov8_msgs/lib:${LD_LIBRARY_PATH} PYTHONPATH=/home/ssfa/ros2_ws/install/yolov8_ros/lib/python3.10/site-packages:/home/ssfa/ros2_ws/install/yolov8_msgs/local/lib/python3.10/dist-packages:${PYTHONPATH} /usr/bin/cmake --install /home/ssfa/ros2_ws/build/yolov8_bringup
[18.824s] Level 1:colcon.colcon_core.environment:create_environment_scripts_only(yolov8_bringup)
[18.825s] Level 1:colcon.colcon_core.environment:checking '/home/ssfa/ros2_ws/install/yolov8_bringup' for CMake module files
[18.826s] DEBUG:colcon.colcon_core.event_handler.log_command:Invoked command in '/home/ssfa/ros2_ws/build/yolov8_bringup' returned '0': AMENT_PREFIX_PATH=/home/ssfa/ros2_ws/install/yolov8_ros:/home/ssfa/ros2_ws/install/yolov8_msgs:${AMENT_PREFIX_PATH} CMAKE_PREFIX_PATH=/home/ssfa/ros2_ws/install/yolov8_msgs:/home/ssfa/ros2_ws/install/two_wheeled_robot:/home/ssfa/ros2_ws/install/turtlebot3:/home/ssfa/ros2_ws/install/turtlebot3_simulations:/home/ssfa/ros2_ws/install/turtlebot3_navigation2:/home/ssfa/ros2_ws/install/turtlebot3_msgs:/home/ssfa/ros2_ws/install/turtlebot3_gazebo:/home/ssfa/ros2_ws/install/turtlebot3_bringup:/home/ssfa/ros2_ws/install/turtlebot3_description:/home/ssfa/ros2_ws/install/turtlebot3_cartographer:/home/ssfa/ros2_ws/install/turtlebot3_as:/home/ssfa/ros2_ws/install/t3_action_msg:/home/ssfa/ros2_ws/install/dynamixel_sdk:/home/ssfa/ros2_ws/install/custom_interfaces:/home/ssfa/ros2_ws/install/turtlebot3_teleop:/home/ssfa/ros2_ws/install/turtlebot3_example:/home/ssfa/ros2_ws/install/topic_exercise:/home/ssfa/ros2_ws/install/subscriber_pkg:/home/ssfa/ros2_ws/install/services_pkg:/home/ssfa/ros2_ws/install/publisher_pkg:/home/ssfa/ros2_ws/install/my_package:/home/ssfa/ros2_ws/install/movement_pkg:/home/ssfa/ros2_ws/install/exercise_pkg:/home/ssfa/ros2_ws/install/custom_interface_example:/home/ssfa/ros2_ws/install/client_pkg:/opt/ros/humble LD_LIBRARY_PATH=/home/ssfa/ros2_ws/install/yolov8_msgs/lib:${LD_LIBRARY_PATH} PYTHONPATH=/home/ssfa/ros2_ws/install/yolov8_ros/lib/python3.10/site-packages:/home/ssfa/ros2_ws/install/yolov8_msgs/local/lib/python3.10/dist-packages:${PYTHONPATH} /usr/bin/cmake --install /home/ssfa/ros2_ws/build/yolov8_bringup
[18.826s] Level 1:colcon.colcon_core.environment:checking '/home/ssfa/ros2_ws/install/yolov8_bringup' for CMake config files
[18.827s] Level 1:colcon.colcon_core.shell:create_environment_hook('yolov8_bringup', 'cmake_prefix_path')
[18.827s] INFO:colcon.colcon_core.shell:Creating environment hook '/home/ssfa/ros2_ws/install/yolov8_bringup/share/yolov8_bringup/hook/cmake_prefix_path.ps1'
[18.828s] INFO:colcon.colcon_core.shell:Creating environment descriptor '/home/ssfa/ros2_ws/install/yolov8_bringup/share/yolov8_bringup/hook/cmake_prefix_path.dsv'
[18.828s] INFO:colcon.colcon_core.shell:Creating environment hook '/home/ssfa/ros2_ws/install/yolov8_bringup/share/yolov8_bringup/hook/cmake_prefix_path.sh'
[18.829s] Level 1:colcon.colcon_core.environment:checking '/home/ssfa/ros2_ws/install/yolov8_bringup/bin'
[18.829s] Level 1:colcon.colcon_core.environment:checking '/home/ssfa/ros2_ws/install/yolov8_bringup/lib/pkgconfig/yolov8_bringup.pc'
[18.829s] Level 1:colcon.colcon_core.environment:checking '/home/ssfa/ros2_ws/install/yolov8_bringup/lib/python3.10/site-packages'
[18.829s] Level 1:colcon.colcon_core.environment:checking '/home/ssfa/ros2_ws/install/yolov8_bringup/bin'
[18.830s] INFO:colcon.colcon_core.shell:Creating package script '/home/ssfa/ros2_ws/install/yolov8_bringup/share/yolov8_bringup/package.ps1'
[18.830s] INFO:colcon.colcon_core.shell:Creating package descriptor '/home/ssfa/ros2_ws/install/yolov8_bringup/share/yolov8_bringup/package.dsv'
[18.830s] INFO:colcon.colcon_core.shell:Creating package script '/home/ssfa/ros2_ws/install/yolov8_bringup/share/yolov8_bringup/package.sh'
[18.831s] INFO:colcon.colcon_core.shell:Creating package script '/home/ssfa/ros2_ws/install/yolov8_bringup/share/yolov8_bringup/package.bash'
[18.831s] INFO:colcon.colcon_core.shell:Creating package script '/home/ssfa/ros2_ws/install/yolov8_bringup/share/yolov8_bringup/package.zsh'
[18.831s] Level 1:colcon.colcon_core.environment:create_file_with_runtime_dependencies(/home/ssfa/ros2_ws/install/yolov8_bringup/share/colcon-core/packages/yolov8_bringup)
[18.857s] Level 1:colcon.colcon_core.environment:create_environment_scripts_only(yolov8_bringup)
[18.857s] Level 1:colcon.colcon_core.environment:checking '/home/ssfa/ros2_ws/install/yolov8_bringup' for CMake module files
[18.857s] Level 1:colcon.colcon_core.environment:checking '/home/ssfa/ros2_ws/install/yolov8_bringup' for CMake config files
[18.858s] Level 1:colcon.colcon_core.shell:create_environment_hook('yolov8_bringup', 'cmake_prefix_path')
[18.858s] INFO:colcon.colcon_core.shell:Creating environment hook '/home/ssfa/ros2_ws/install/yolov8_bringup/share/yolov8_bringup/hook/cmake_prefix_path.ps1'
[18.858s] INFO:colcon.colcon_core.shell:Creating environment descriptor '/home/ssfa/ros2_ws/install/yolov8_bringup/share/yolov8_bringup/hook/cmake_prefix_path.dsv'
[18.859s] INFO:colcon.colcon_core.shell:Creating environment hook '/home/ssfa/ros2_ws/install/yolov8_bringup/share/yolov8_bringup/hook/cmake_prefix_path.sh'
[18.860s] Level 1:colcon.colcon_core.environment:checking '/home/ssfa/ros2_ws/install/yolov8_bringup/bin'
[18.860s] Level 1:colcon.colcon_core.environment:checking '/home/ssfa/ros2_ws/install/yolov8_bringup/lib/pkgconfig/yolov8_bringup.pc'
[18.860s] Level 1:colcon.colcon_core.environment:checking '/home/ssfa/ros2_ws/install/yolov8_bringup/lib/python3.10/site-packages'
[18.861s] Level 1:colcon.colcon_core.environment:checking '/home/ssfa/ros2_ws/install/yolov8_bringup/bin'
[18.861s] INFO:colcon.colcon_core.shell:Creating package script '/home/ssfa/ros2_ws/install/yolov8_bringup/share/yolov8_bringup/package.ps1'
[18.861s] INFO:colcon.colcon_core.shell:Creating package descriptor '/home/ssfa/ros2_ws/install/yolov8_bringup/share/yolov8_bringup/package.dsv'
[18.862s] INFO:colcon.colcon_core.shell:Creating package script '/home/ssfa/ros2_ws/install/yolov8_bringup/share/yolov8_bringup/package.sh'
[18.862s] INFO:colcon.colcon_core.shell:Creating package script '/home/ssfa/ros2_ws/install/yolov8_bringup/share/yolov8_bringup/package.bash'
[18.862s] INFO:colcon.colcon_core.shell:Creating package script '/home/ssfa/ros2_ws/install/yolov8_bringup/share/yolov8_bringup/package.zsh'
[18.863s] Level 1:colcon.colcon_core.environment:create_file_with_runtime_dependencies(/home/ssfa/ros2_ws/install/yolov8_bringup/share/colcon-core/packages/yolov8_bringup)
[18.863s] DEBUG:colcon.colcon_parallel_executor.executor.parallel:closing loop
[18.864s] DEBUG:colcon.colcon_parallel_executor.executor.parallel:loop closed
[18.864s] DEBUG:colcon.colcon_parallel_executor.executor.parallel:run_until_complete finished with '0'
[18.864s] DEBUG:colcon.colcon_core.event_reactor:joining thread
[18.873s] INFO:colcon.colcon_core.plugin_system:Skipping extension 'colcon_notification.desktop_notification.terminal_notifier': Not used on non-Darwin systems
[18.874s] INFO:colcon.colcon_core.plugin_system:Skipping extension 'colcon_notification.desktop_notification.win32': Not used on non-Windows systems
[18.874s] INFO:colcon.colcon_notification.desktop_notification:Sending desktop notification using 'notify2'
[18.890s] DEBUG:colcon.colcon_core.event_reactor:joined thread
[18.891s] INFO:colcon.colcon_core.shell:Creating prefix script '/home/ssfa/ros2_ws/install/local_setup.ps1'
[18.892s] INFO:colcon.colcon_core.shell:Creating prefix util module '/home/ssfa/ros2_ws/install/_local_setup_util_ps1.py'
[18.893s] INFO:colcon.colcon_core.shell:Creating prefix chain script '/home/ssfa/ros2_ws/install/setup.ps1'
[18.896s] INFO:colcon.colcon_core.shell:Creating prefix script '/home/ssfa/ros2_ws/install/local_setup.sh'
[18.897s] INFO:colcon.colcon_core.shell:Creating prefix util module '/home/ssfa/ros2_ws/install/_local_setup_util_sh.py'
[18.897s] INFO:colcon.colcon_core.shell:Creating prefix chain script '/home/ssfa/ros2_ws/install/setup.sh'
[18.899s] INFO:colcon.colcon_core.shell:Creating prefix script '/home/ssfa/ros2_ws/install/local_setup.bash'
[18.900s] INFO:colcon.colcon_core.shell:Creating prefix chain script '/home/ssfa/ros2_ws/install/setup.bash'
[18.902s] INFO:colcon.colcon_core.shell:Creating prefix script '/home/ssfa/ros2_ws/install/local_setup.zsh'
[18.903s] INFO:colcon.colcon_core.shell:Creating prefix chain script '/home/ssfa/ros2_ws/install/setup.zsh'
